ISO-10303-21;
HEADER;
/* Generated by software containing ST-Developer
 * from STEP Tools, Inc. (www.steptools.com) 
 */

FILE_DESCRIPTION(
/* description */ (''),
/* implementation_level */ '2;1');

FILE_NAME(
/* name */ 'mathpad_enclosure_top v1-7.step',
/* time_stamp */ '2025-09-04T13:08:03+01:00',
/* author */ (''),
/* organization */ (''),
/* preprocessor_version */ 'ST-DEVELOPER v20.1',
/* originating_system */ 'Autodesk Translation Framework v14.10.0.0',
/* authorisation */ '');

FILE_SCHEMA (('AUTOMOTIVE_DESIGN { 1 0 10303 214 3 1 1 }'));
ENDSEC;

DATA;
#10=MECHANICAL_DESIGN_GEOMETRIC_PRESENTATION_REPRESENTATION('',(#5469,#5470,
#5471,#5472,#5473,#5474,#5475,#5476,#5477,#5478,#5479,#5480,#5481,#5482,
#5483,#5484,#5485,#5486,#5487,#5488,#5489,#5490,#5491,#5492,#5493,#5494,
#5495,#5496,#5497,#5498,#5499,#5500,#5501,#5502,#5503,#5504,#5505,#5506,
#5507,#5508,#5509,#5510,#5511,#5512,#5513,#5514,#5515,#5516,#5517,#5518,
#5519,#5520,#5521,#5522,#5523,#5524,#5525,#5526,#5527,#5528,#5529,#5530,
#5531,#5532,#5533,#5534,#5535,#5536,#5537,#5538,#5539,#5540,#5541,#5542,
#5543,#5544,#5545,#5546,#5547,#5548,#5549,#5550,#5551,#5552,#5553,#5554,
#5555,#5556,#5557,#5558,#5559,#5560,#5561,#5562,#5563,#5564,#5565,#5566,
#5567,#5568,#5569,#5570,#5571,#5572,#5573,#5574,#5575,#5576,#5577,#5578,
#5579,#5580,#5581,#5582,#5583,#5584,#5585,#5586,#5587,#5588,#5589,#5590,
#5591,#5592,#5593,#5594,#5595,#5596,#5597,#5598,#5599,#5600,#5601),#9916);
#11=SHAPE_REPRESENTATION_RELATIONSHIP('SRR','None',#9923,#12);
#12=ADVANCED_BREP_SHAPE_REPRESENTATION('',(#13),#9915);
#13=MANIFOLD_SOLID_BREP('Body2',#5927);
#14=FACE_BOUND('',#800,.T.);
#15=FACE_BOUND('',#801,.T.);
#16=FACE_BOUND('',#802,.T.);
#17=FACE_BOUND('',#803,.T.);
#18=FACE_BOUND('',#804,.T.);
#19=FACE_BOUND('',#805,.T.);
#20=FACE_BOUND('',#806,.T.);
#21=FACE_BOUND('',#807,.T.);
#22=FACE_BOUND('',#808,.T.);
#23=FACE_BOUND('',#809,.T.);
#24=FACE_BOUND('',#810,.T.);
#25=FACE_BOUND('',#811,.T.);
#26=FACE_BOUND('',#812,.T.);
#27=FACE_BOUND('',#813,.T.);
#28=FACE_BOUND('',#814,.T.);
#29=FACE_BOUND('',#815,.T.);
#30=FACE_BOUND('',#1009,.T.);
#31=FACE_BOUND('',#1010,.T.);
#32=FACE_BOUND('',#1011,.T.);
#33=FACE_BOUND('',#1012,.T.);
#34=FACE_BOUND('',#1019,.T.);
#35=FACE_BOUND('',#1133,.T.);
#36=FACE_BOUND('',#1134,.T.);
#37=FACE_BOUND('',#1135,.T.);
#38=FACE_BOUND('',#1136,.T.);
#39=FACE_BOUND('',#1137,.T.);
#40=FACE_BOUND('',#1138,.T.);
#41=FACE_BOUND('',#1139,.T.);
#42=FACE_BOUND('',#1140,.T.);
#43=FACE_BOUND('',#1141,.T.);
#44=FACE_BOUND('',#1142,.T.);
#45=FACE_BOUND('',#1143,.T.);
#46=FACE_BOUND('',#1144,.T.);
#47=FACE_BOUND('',#1145,.T.);
#48=FACE_BOUND('',#1146,.T.);
#49=FACE_BOUND('',#1147,.T.);
#50=FACE_BOUND('',#1148,.T.);
#51=CYLINDRICAL_SURFACE('',#5957,0.7);
#52=CYLINDRICAL_SURFACE('',#5960,0.7);
#53=CYLINDRICAL_SURFACE('',#6040,0.7);
#54=CYLINDRICAL_SURFACE('',#6043,0.7);
#55=CYLINDRICAL_SURFACE('',#6058,0.7);
#56=CYLINDRICAL_SURFACE('',#6061,0.7);
#57=CYLINDRICAL_SURFACE('',#6076,0.7);
#58=CYLINDRICAL_SURFACE('',#6079,0.7);
#59=CYLINDRICAL_SURFACE('',#6094,0.7);
#60=CYLINDRICAL_SURFACE('',#6097,0.7);
#61=CYLINDRICAL_SURFACE('',#6112,0.7);
#62=CYLINDRICAL_SURFACE('',#6115,0.7);
#63=CYLINDRICAL_SURFACE('',#6130,0.7);
#64=CYLINDRICAL_SURFACE('',#6133,0.7);
#65=CYLINDRICAL_SURFACE('',#6148,0.7);
#66=CYLINDRICAL_SURFACE('',#6151,0.7);
#67=CYLINDRICAL_SURFACE('',#6166,0.7);
#68=CYLINDRICAL_SURFACE('',#6169,0.7);
#69=CYLINDRICAL_SURFACE('',#6184,0.7);
#70=CYLINDRICAL_SURFACE('',#6187,0.7);
#71=CYLINDRICAL_SURFACE('',#6202,0.7);
#72=CYLINDRICAL_SURFACE('',#6205,0.7);
#73=CYLINDRICAL_SURFACE('',#6220,0.7);
#74=CYLINDRICAL_SURFACE('',#6223,0.7);
#75=CYLINDRICAL_SURFACE('',#6238,0.7);
#76=CYLINDRICAL_SURFACE('',#6241,0.7);
#77=CYLINDRICAL_SURFACE('',#6256,0.7);
#78=CYLINDRICAL_SURFACE('',#6259,0.7);
#79=CYLINDRICAL_SURFACE('',#6274,0.7);
#80=CYLINDRICAL_SURFACE('',#6277,0.7);
#81=CYLINDRICAL_SURFACE('',#6292,0.7);
#82=CYLINDRICAL_SURFACE('',#6295,0.7);
#83=CYLINDRICAL_SURFACE('',#6300,1.10000000000037);
#84=CYLINDRICAL_SURFACE('',#6304,1.0999999999956);
#85=CYLINDRICAL_SURFACE('',#6343,1.03775);
#86=CYLINDRICAL_SURFACE('',#6345,2.5);
#87=CYLINDRICAL_SURFACE('',#6354,0.8115);
#88=CYLINDRICAL_SURFACE('',#6357,0.8115);
#89=CYLINDRICAL_SURFACE('',#6360,0.8115);
#90=CYLINDRICAL_SURFACE('',#6363,0.8115);
#91=CYLINDRICAL_SURFACE('',#6365,4.200028037983);
#92=CYLINDRICAL_SURFACE('',#6368,1.799988571805);
#93=CYLINDRICAL_SURFACE('',#6371,4.200064257683);
#94=CYLINDRICAL_SURFACE('',#6374,4.20014031039);
#95=CYLINDRICAL_SURFACE('',#6377,1.799994481914);
#96=CYLINDRICAL_SURFACE('',#6380,4.20014114816901);
#97=CYLINDRICAL_SURFACE('',#6383,5.199999678834);
#98=CYLINDRICAL_SURFACE('',#6386,5.19999967883401);
#99=CYLINDRICAL_SURFACE('',#6389,4.20011509454201);
#100=CYLINDRICAL_SURFACE('',#6392,1.799996680153);
#101=CYLINDRICAL_SURFACE('',#6395,4.19994275867001);
#102=CYLINDRICAL_SURFACE('',#6398,4.20011509454201);
#103=CYLINDRICAL_SURFACE('',#6401,1.80000799622599);
#104=CYLINDRICAL_SURFACE('',#6404,4.19982156460895);
#105=CYLINDRICAL_SURFACE('',#6407,5.20015370463595);
#106=CYLINDRICAL_SURFACE('',#6410,5.19999976550002);
#107=CYLINDRICAL_SURFACE('',#6412,0.7);
#108=CYLINDRICAL_SURFACE('',#6415,0.7);
#109=CYLINDRICAL_SURFACE('',#6418,0.7);
#110=CYLINDRICAL_SURFACE('',#6421,0.7);
#111=CYLINDRICAL_SURFACE('',#6424,0.7);
#112=CYLINDRICAL_SURFACE('',#6427,0.7);
#113=CYLINDRICAL_SURFACE('',#6430,0.7);
#114=CYLINDRICAL_SURFACE('',#6433,0.7);
#115=CYLINDRICAL_SURFACE('',#6436,0.7);
#116=CYLINDRICAL_SURFACE('',#6439,0.7);
#117=CYLINDRICAL_SURFACE('',#6442,0.7);
#118=CYLINDRICAL_SURFACE('',#6445,0.7);
#119=CYLINDRICAL_SURFACE('',#6448,0.7);
#120=CYLINDRICAL_SURFACE('',#6451,0.7);
#121=CYLINDRICAL_SURFACE('',#6454,0.7);
#122=CYLINDRICAL_SURFACE('',#6457,0.7);
#123=CYLINDRICAL_SURFACE('',#6460,0.7);
#124=CYLINDRICAL_SURFACE('',#6463,0.7);
#125=CYLINDRICAL_SURFACE('',#6466,0.7);
#126=CYLINDRICAL_SURFACE('',#6469,0.7);
#127=CYLINDRICAL_SURFACE('',#6472,0.7);
#128=CYLINDRICAL_SURFACE('',#6475,0.7);
#129=CYLINDRICAL_SURFACE('',#6478,0.7);
#130=CYLINDRICAL_SURFACE('',#6481,0.7);
#131=CYLINDRICAL_SURFACE('',#6484,0.7);
#132=CYLINDRICAL_SURFACE('',#6487,0.7);
#133=CYLINDRICAL_SURFACE('',#6490,0.7);
#134=CYLINDRICAL_SURFACE('',#6493,0.7);
#135=CYLINDRICAL_SURFACE('',#6496,0.7);
#136=CYLINDRICAL_SURFACE('',#6499,0.7);
#137=CYLINDRICAL_SURFACE('',#6502,0.7);
#138=CYLINDRICAL_SURFACE('',#6505,0.7);
#139=CYLINDRICAL_SURFACE('',#6509,9.30000000000001);
#140=CYLINDRICAL_SURFACE('',#6511,9.3);
#141=CYLINDRICAL_SURFACE('',#6513,1.);
#142=CYLINDRICAL_SURFACE('',#6514,0.999999999999996);
#143=CIRCLE('',#5943,0.7);
#144=CIRCLE('',#5944,0.950000000000006);
#145=CIRCLE('',#5947,0.7);
#146=CIRCLE('',#5948,0.950000000000006);
#147=CIRCLE('',#5951,0.7);
#148=CIRCLE('',#5952,0.95);
#149=CIRCLE('',#5955,0.7);
#150=CIRCLE('',#5956,0.95);
#151=CIRCLE('',#5958,0.7);
#152=CIRCLE('',#5961,0.7);
#153=CIRCLE('',#5964,0.999999999999996);
#154=CIRCLE('',#5965,1.);
#155=CIRCLE('',#5966,9.3);
#156=CIRCLE('',#5967,9.30000000000001);
#157=CIRCLE('',#5968,0.95);
#158=CIRCLE('',#5969,0.95);
#159=CIRCLE('',#5970,0.95);
#160=CIRCLE('',#5971,0.95);
#161=CIRCLE('',#5972,0.95);
#162=CIRCLE('',#5973,0.95);
#163=CIRCLE('',#5974,0.95);
#164=CIRCLE('',#5975,0.95);
#165=CIRCLE('',#5976,0.95);
#166=CIRCLE('',#5977,0.95);
#167=CIRCLE('',#5978,0.95);
#168=CIRCLE('',#5979,0.95);
#169=CIRCLE('',#5980,0.950000000000009);
#170=CIRCLE('',#5981,0.950000000000009);
#171=CIRCLE('',#5982,0.95);
#172=CIRCLE('',#5983,0.95);
#173=CIRCLE('',#5984,0.95);
#174=CIRCLE('',#5985,0.95);
#175=CIRCLE('',#5986,0.95);
#176=CIRCLE('',#5987,0.95);
#177=CIRCLE('',#5988,0.949999999999999);
#178=CIRCLE('',#5989,0.95);
#179=CIRCLE('',#5990,0.949999999999999);
#180=CIRCLE('',#5991,0.95);
#181=CIRCLE('',#5992,0.95);
#182=CIRCLE('',#5993,0.950000000000001);
#183=CIRCLE('',#5994,0.950000000000001);
#184=CIRCLE('',#5995,0.95);
#185=CIRCLE('',#5996,0.950000000000008);
#186=CIRCLE('',#5997,0.950000000000009);
#187=CIRCLE('',#5998,0.94999999999999);
#188=CIRCLE('',#5999,0.950000000000007);
#189=CIRCLE('',#6000,0.95);
#190=CIRCLE('',#6001,0.950000000000001);
#191=CIRCLE('',#6002,0.95);
#192=CIRCLE('',#6003,0.950000000000001);
#193=CIRCLE('',#6004,0.95);
#194=CIRCLE('',#6005,0.95);
#195=CIRCLE('',#6006,0.95);
#196=CIRCLE('',#6007,0.95);
#197=CIRCLE('',#6008,0.949999999999999);
#198=CIRCLE('',#6009,0.949999999999999);
#199=CIRCLE('',#6010,0.95);
#200=CIRCLE('',#6011,0.95);
#201=CIRCLE('',#6012,0.95);
#202=CIRCLE('',#6013,0.95);
#203=CIRCLE('',#6014,0.95);
#204=CIRCLE('',#6015,0.95);
#205=CIRCLE('',#6016,0.950000000000009);
#206=CIRCLE('',#6017,0.950000000000006);
#207=CIRCLE('',#6018,0.95);
#208=CIRCLE('',#6019,0.95);
#209=CIRCLE('',#6020,0.95);
#210=CIRCLE('',#6021,0.95);
#211=CIRCLE('',#6022,0.95);
#212=CIRCLE('',#6023,0.95);
#213=CIRCLE('',#6024,0.95);
#214=CIRCLE('',#6025,0.95);
#215=CIRCLE('',#6026,0.950000000000001);
#216=CIRCLE('',#6027,0.95);
#217=CIRCLE('',#6030,0.7);
#218=CIRCLE('',#6033,0.7);
#219=CIRCLE('',#6036,0.7);
#220=CIRCLE('',#6039,0.7);
#221=CIRCLE('',#6041,0.7);
#222=CIRCLE('',#6044,0.7);
#223=CIRCLE('',#6048,0.7);
#224=CIRCLE('',#6051,0.7);
#225=CIRCLE('',#6054,0.7);
#226=CIRCLE('',#6057,0.7);
#227=CIRCLE('',#6059,0.7);
#228=CIRCLE('',#6062,0.7);
#229=CIRCLE('',#6066,0.7);
#230=CIRCLE('',#6069,0.7);
#231=CIRCLE('',#6072,0.7);
#232=CIRCLE('',#6075,0.7);
#233=CIRCLE('',#6077,0.7);
#234=CIRCLE('',#6080,0.7);
#235=CIRCLE('',#6084,0.7);
#236=CIRCLE('',#6087,0.7);
#237=CIRCLE('',#6090,0.7);
#238=CIRCLE('',#6093,0.7);
#239=CIRCLE('',#6095,0.7);
#240=CIRCLE('',#6098,0.7);
#241=CIRCLE('',#6102,0.7);
#242=CIRCLE('',#6105,0.7);
#243=CIRCLE('',#6108,0.7);
#244=CIRCLE('',#6111,0.7);
#245=CIRCLE('',#6113,0.7);
#246=CIRCLE('',#6116,0.7);
#247=CIRCLE('',#6120,0.7);
#248=CIRCLE('',#6123,0.7);
#249=CIRCLE('',#6126,0.7);
#250=CIRCLE('',#6129,0.7);
#251=CIRCLE('',#6131,0.7);
#252=CIRCLE('',#6134,0.7);
#253=CIRCLE('',#6138,0.7);
#254=CIRCLE('',#6141,0.7);
#255=CIRCLE('',#6144,0.7);
#256=CIRCLE('',#6147,0.7);
#257=CIRCLE('',#6149,0.7);
#258=CIRCLE('',#6152,0.7);
#259=CIRCLE('',#6156,0.7);
#260=CIRCLE('',#6159,0.7);
#261=CIRCLE('',#6162,0.7);
#262=CIRCLE('',#6165,0.7);
#263=CIRCLE('',#6167,0.7);
#264=CIRCLE('',#6170,0.7);
#265=CIRCLE('',#6174,0.7);
#266=CIRCLE('',#6177,0.7);
#267=CIRCLE('',#6180,0.7);
#268=CIRCLE('',#6183,0.7);
#269=CIRCLE('',#6185,0.7);
#270=CIRCLE('',#6188,0.7);
#271=CIRCLE('',#6192,0.7);
#272=CIRCLE('',#6195,0.7);
#273=CIRCLE('',#6198,0.7);
#274=CIRCLE('',#6201,0.7);
#275=CIRCLE('',#6203,0.7);
#276=CIRCLE('',#6206,0.7);
#277=CIRCLE('',#6210,0.7);
#278=CIRCLE('',#6213,0.7);
#279=CIRCLE('',#6216,0.7);
#280=CIRCLE('',#6219,0.7);
#281=CIRCLE('',#6221,0.7);
#282=CIRCLE('',#6224,0.7);
#283=CIRCLE('',#6228,0.7);
#284=CIRCLE('',#6231,0.7);
#285=CIRCLE('',#6234,0.7);
#286=CIRCLE('',#6237,0.7);
#287=CIRCLE('',#6239,0.7);
#288=CIRCLE('',#6242,0.7);
#289=CIRCLE('',#6246,0.7);
#290=CIRCLE('',#6249,0.7);
#291=CIRCLE('',#6252,0.7);
#292=CIRCLE('',#6255,0.7);
#293=CIRCLE('',#6257,0.7);
#294=CIRCLE('',#6260,0.7);
#295=CIRCLE('',#6264,0.7);
#296=CIRCLE('',#6267,0.7);
#297=CIRCLE('',#6270,0.7);
#298=CIRCLE('',#6273,0.7);
#299=CIRCLE('',#6275,0.7);
#300=CIRCLE('',#6278,0.7);
#301=CIRCLE('',#6282,0.7);
#302=CIRCLE('',#6285,0.7);
#303=CIRCLE('',#6288,0.7);
#304=CIRCLE('',#6291,0.7);
#305=CIRCLE('',#6293,0.7);
#306=CIRCLE('',#6296,0.7);
#307=CIRCLE('',#6301,1.10000000000037);
#308=CIRCLE('',#6302,1.10000000000037);
#309=CIRCLE('',#6305,1.0999999999956);
#310=CIRCLE('',#6306,1.0999999999956);
#311=CIRCLE('',#6315,5.199999678834);
#312=CIRCLE('',#6316,4.20014114816901);
#313=CIRCLE('',#6317,1.799994481914);
#314=CIRCLE('',#6318,4.20014031039);
#315=CIRCLE('',#6319,4.200064257683);
#316=CIRCLE('',#6320,1.799988571805);
#317=CIRCLE('',#6321,4.200028037983);
#318=CIRCLE('',#6322,5.19999976550002);
#319=CIRCLE('',#6323,5.20015370463595);
#320=CIRCLE('',#6324,4.19982156460895);
#321=CIRCLE('',#6325,1.80000799622599);
#322=CIRCLE('',#6326,4.20011509454201);
#323=CIRCLE('',#6327,4.19994275867001);
#324=CIRCLE('',#6328,1.799996680153);
#325=CIRCLE('',#6329,4.20011509454201);
#326=CIRCLE('',#6330,5.19999967883401);
#327=CIRCLE('',#6331,0.999999999999998);
#328=CIRCLE('',#6332,9.3);
#329=CIRCLE('',#6333,9.3);
#330=CIRCLE('',#6334,1.);
#331=CIRCLE('',#6335,0.8115);
#332=CIRCLE('',#6336,0.8115);
#333=CIRCLE('',#6337,0.8115);
#334=CIRCLE('',#6338,0.8115);
#335=CIRCLE('',#6342,1.03775);
#336=CIRCLE('',#6344,1.03775);
#337=CIRCLE('',#6346,2.5);
#338=CIRCLE('',#6347,2.5);
#339=CIRCLE('',#6348,2.5);
#340=CIRCLE('',#6349,2.5);
#341=CIRCLE('',#6353,0.8115);
#342=CIRCLE('',#6356,0.8115);
#343=CIRCLE('',#6359,0.8115);
#344=CIRCLE('',#6362,0.8115);
#345=CIRCLE('',#6366,4.200028037983);
#346=CIRCLE('',#6369,1.799988571805);
#347=CIRCLE('',#6372,4.200064257683);
#348=CIRCLE('',#6375,4.20014031039);
#349=CIRCLE('',#6378,1.799994481914);
#350=CIRCLE('',#6381,4.20014114816901);
#351=CIRCLE('',#6384,5.199999678834);
#352=CIRCLE('',#6387,5.19999967883401);
#353=CIRCLE('',#6390,4.20011509454201);
#354=CIRCLE('',#6393,1.799996680153);
#355=CIRCLE('',#6396,4.19994275867001);
#356=CIRCLE('',#6399,4.20011509454201);
#357=CIRCLE('',#6402,1.80000799622599);
#358=CIRCLE('',#6405,4.19982156460895);
#359=CIRCLE('',#6408,5.20015370463595);
#360=CIRCLE('',#6411,5.19999976550002);
#361=CIRCLE('',#6413,0.7);
#362=CIRCLE('',#6416,0.7);
#363=CIRCLE('',#6419,0.7);
#364=CIRCLE('',#6422,0.7);
#365=CIRCLE('',#6425,0.7);
#366=CIRCLE('',#6428,0.7);
#367=CIRCLE('',#6431,0.7);
#368=CIRCLE('',#6434,0.7);
#369=CIRCLE('',#6437,0.7);
#370=CIRCLE('',#6440,0.7);
#371=CIRCLE('',#6443,0.7);
#372=CIRCLE('',#6446,0.7);
#373=CIRCLE('',#6449,0.7);
#374=CIRCLE('',#6452,0.7);
#375=CIRCLE('',#6455,0.7);
#376=CIRCLE('',#6458,0.7);
#377=CIRCLE('',#6461,0.7);
#378=CIRCLE('',#6464,0.7);
#379=CIRCLE('',#6467,0.7);
#380=CIRCLE('',#6470,0.7);
#381=CIRCLE('',#6473,0.7);
#382=CIRCLE('',#6476,0.7);
#383=CIRCLE('',#6479,0.7);
#384=CIRCLE('',#6482,0.7);
#385=CIRCLE('',#6485,0.7);
#386=CIRCLE('',#6488,0.7);
#387=CIRCLE('',#6491,0.7);
#388=CIRCLE('',#6494,0.7);
#389=CIRCLE('',#6497,0.7);
#390=CIRCLE('',#6500,0.7);
#391=CIRCLE('',#6503,0.7);
#392=CIRCLE('',#6506,0.7);
#393=CONICAL_SURFACE('',#5942,0.825000000000003,0.78539816339746);
#394=CONICAL_SURFACE('',#5946,0.825000000000003,0.78539816339746);
#395=CONICAL_SURFACE('',#5950,0.825,0.785398163397447);
#396=CONICAL_SURFACE('',#5954,0.825,0.785398163397447);
#397=CONICAL_SURFACE('',#6029,0.825,0.785398163397447);
#398=CONICAL_SURFACE('',#6032,0.825,0.785398163397447);
#399=CONICAL_SURFACE('',#6035,0.825,0.785398163397447);
#400=CONICAL_SURFACE('',#6038,0.825,0.785398163397447);
#401=CONICAL_SURFACE('',#6047,0.825,0.785398163397447);
#402=CONICAL_SURFACE('',#6050,0.825,0.785398163397447);
#403=CONICAL_SURFACE('',#6053,0.825,0.78539816339745);
#404=CONICAL_SURFACE('',#6056,0.825,0.785398163397447);
#405=CONICAL_SURFACE('',#6065,0.825,0.785398163397447);
#406=CONICAL_SURFACE('',#6068,0.825,0.785398163397447);
#407=CONICAL_SURFACE('',#6071,0.825,0.785398163397447);
#408=CONICAL_SURFACE('',#6074,0.825,0.785398163397447);
#409=CONICAL_SURFACE('',#6083,0.825,0.785398163397447);
#410=CONICAL_SURFACE('',#6086,0.825,0.785398163397447);
#411=CONICAL_SURFACE('',#6089,0.825,0.785398163397447);
#412=CONICAL_SURFACE('',#6092,0.825,0.785398163397447);
#413=CONICAL_SURFACE('',#6101,0.825,0.785398163397447);
#414=CONICAL_SURFACE('',#6104,0.825,0.785398163397447);
#415=CONICAL_SURFACE('',#6107,0.825,0.785398163397447);
#416=CONICAL_SURFACE('',#6110,0.825,0.785398163397447);
#417=CONICAL_SURFACE('',#6119,0.825000000000005,0.785398163397466);
#418=CONICAL_SURFACE('',#6122,0.825000000000003,0.78539816339746);
#419=CONICAL_SURFACE('',#6125,0.825,0.785398163397447);
#420=CONICAL_SURFACE('',#6128,0.825,0.785398163397447);
#421=CONICAL_SURFACE('',#6137,0.825000000000005,0.785398163397466);
#422=CONICAL_SURFACE('',#6140,0.825000000000005,0.785398163397466);
#423=CONICAL_SURFACE('',#6143,0.825,0.785398163397447);
#424=CONICAL_SURFACE('',#6146,0.825,0.785398163397447);
#425=CONICAL_SURFACE('',#6155,0.825,0.785398163397447);
#426=CONICAL_SURFACE('',#6158,0.825,0.785398163397447);
#427=CONICAL_SURFACE('',#6161,0.825,0.785398163397447);
#428=CONICAL_SURFACE('',#6164,0.825,0.785398163397447);
#429=CONICAL_SURFACE('',#6173,0.825,0.785398163397447);
#430=CONICAL_SURFACE('',#6176,0.825,0.785398163397447);
#431=CONICAL_SURFACE('',#6179,0.825,0.785398163397447);
#432=CONICAL_SURFACE('',#6182,0.825,0.785398163397447);
#433=CONICAL_SURFACE('',#6191,0.825,0.785398163397447);
#434=CONICAL_SURFACE('',#6194,0.825,0.785398163397447);
#435=CONICAL_SURFACE('',#6197,0.825,0.785398163397447);
#436=CONICAL_SURFACE('',#6200,0.825,0.785398163397447);
#437=CONICAL_SURFACE('',#6209,0.825,0.785398163397447);
#438=CONICAL_SURFACE('',#6212,0.825,0.785398163397447);
#439=CONICAL_SURFACE('',#6215,0.825,0.785398163397446);
#440=CONICAL_SURFACE('',#6218,0.825,0.785398163397448);
#441=CONICAL_SURFACE('',#6227,0.825,0.785398163397448);
#442=CONICAL_SURFACE('',#6230,0.825,0.785398163397447);
#443=CONICAL_SURFACE('',#6233,0.825,0.785398163397447);
#444=CONICAL_SURFACE('',#6236,0.825,0.785398163397447);
#445=CONICAL_SURFACE('',#6245,0.825,0.785398163397448);
#446=CONICAL_SURFACE('',#6248,0.825000000000001,0.78539816339745);
#447=CONICAL_SURFACE('',#6251,0.825000000000001,0.78539816339745);
#448=CONICAL_SURFACE('',#6254,0.825,0.785398163397447);
#449=CONICAL_SURFACE('',#6263,0.825,0.785398163397448);
#450=CONICAL_SURFACE('',#6266,0.825000000000001,0.78539816339745);
#451=CONICAL_SURFACE('',#6269,0.825,0.785398163397447);
#452=CONICAL_SURFACE('',#6272,0.825,0.78539816339745);
#453=CONICAL_SURFACE('',#6281,0.825000000000004,0.785398163397464);
#454=CONICAL_SURFACE('',#6284,0.825000000000005,0.785398163397466);
#455=CONICAL_SURFACE('',#6287,0.824999999999995,0.785398163397428);
#456=CONICAL_SURFACE('',#6290,0.825000000000004,0.785398163397462);
#457=CONICAL_SURFACE('',#6341,0.518933683945348,1.02974425867665);
#458=CONICAL_SURFACE('',#6352,0.40575,1.02974425867665);
#459=CONICAL_SURFACE('',#6355,0.40575,1.02974425867665);
#460=CONICAL_SURFACE('',#6358,0.40575,1.02974425867665);
#461=CONICAL_SURFACE('',#6361,0.40575,1.02974425867665);
#462=FACE_OUTER_BOUND('',#787,.T.);
#463=FACE_OUTER_BOUND('',#788,.T.);
#464=FACE_OUTER_BOUND('',#789,.T.);
#465=FACE_OUTER_BOUND('',#790,.T.);
#466=FACE_OUTER_BOUND('',#791,.T.);
#467=FACE_OUTER_BOUND('',#792,.T.);
#468=FACE_OUTER_BOUND('',#793,.T.);
#469=FACE_OUTER_BOUND('',#794,.T.);
#470=FACE_OUTER_BOUND('',#795,.T.);
#471=FACE_OUTER_BOUND('',#796,.T.);
#472=FACE_OUTER_BOUND('',#797,.T.);
#473=FACE_OUTER_BOUND('',#798,.T.);
#474=FACE_OUTER_BOUND('',#799,.T.);
#475=FACE_OUTER_BOUND('',#816,.T.);
#476=FACE_OUTER_BOUND('',#817,.T.);
#477=FACE_OUTER_BOUND('',#818,.T.);
#478=FACE_OUTER_BOUND('',#819,.T.);
#479=FACE_OUTER_BOUND('',#820,.T.);
#480=FACE_OUTER_BOUND('',#821,.T.);
#481=FACE_OUTER_BOUND('',#822,.T.);
#482=FACE_OUTER_BOUND('',#823,.T.);
#483=FACE_OUTER_BOUND('',#824,.T.);
#484=FACE_OUTER_BOUND('',#825,.T.);
#485=FACE_OUTER_BOUND('',#826,.T.);
#486=FACE_OUTER_BOUND('',#827,.T.);
#487=FACE_OUTER_BOUND('',#828,.T.);
#488=FACE_OUTER_BOUND('',#829,.T.);
#489=FACE_OUTER_BOUND('',#830,.T.);
#490=FACE_OUTER_BOUND('',#831,.T.);
#491=FACE_OUTER_BOUND('',#832,.T.);
#492=FACE_OUTER_BOUND('',#833,.T.);
#493=FACE_OUTER_BOUND('',#834,.T.);
#494=FACE_OUTER_BOUND('',#835,.T.);
#495=FACE_OUTER_BOUND('',#836,.T.);
#496=FACE_OUTER_BOUND('',#837,.T.);
#497=FACE_OUTER_BOUND('',#838,.T.);
#498=FACE_OUTER_BOUND('',#839,.T.);
#499=FACE_OUTER_BOUND('',#840,.T.);
#500=FACE_OUTER_BOUND('',#841,.T.);
#501=FACE_OUTER_BOUND('',#842,.T.);
#502=FACE_OUTER_BOUND('',#843,.T.);
#503=FACE_OUTER_BOUND('',#844,.T.);
#504=FACE_OUTER_BOUND('',#845,.T.);
#505=FACE_OUTER_BOUND('',#846,.T.);
#506=FACE_OUTER_BOUND('',#847,.T.);
#507=FACE_OUTER_BOUND('',#848,.T.);
#508=FACE_OUTER_BOUND('',#849,.T.);
#509=FACE_OUTER_BOUND('',#850,.T.);
#510=FACE_OUTER_BOUND('',#851,.T.);
#511=FACE_OUTER_BOUND('',#852,.T.);
#512=FACE_OUTER_BOUND('',#853,.T.);
#513=FACE_OUTER_BOUND('',#854,.T.);
#514=FACE_OUTER_BOUND('',#855,.T.);
#515=FACE_OUTER_BOUND('',#856,.T.);
#516=FACE_OUTER_BOUND('',#857,.T.);
#517=FACE_OUTER_BOUND('',#858,.T.);
#518=FACE_OUTER_BOUND('',#859,.T.);
#519=FACE_OUTER_BOUND('',#860,.T.);
#520=FACE_OUTER_BOUND('',#861,.T.);
#521=FACE_OUTER_BOUND('',#862,.T.);
#522=FACE_OUTER_BOUND('',#863,.T.);
#523=FACE_OUTER_BOUND('',#864,.T.);
#524=FACE_OUTER_BOUND('',#865,.T.);
#525=FACE_OUTER_BOUND('',#866,.T.);
#526=FACE_OUTER_BOUND('',#867,.T.);
#527=FACE_OUTER_BOUND('',#868,.T.);
#528=FACE_OUTER_BOUND('',#869,.T.);
#529=FACE_OUTER_BOUND('',#870,.T.);
#530=FACE_OUTER_BOUND('',#871,.T.);
#531=FACE_OUTER_BOUND('',#872,.T.);
#532=FACE_OUTER_BOUND('',#873,.T.);
#533=FACE_OUTER_BOUND('',#874,.T.);
#534=FACE_OUTER_BOUND('',#875,.T.);
#535=FACE_OUTER_BOUND('',#876,.T.);
#536=FACE_OUTER_BOUND('',#877,.T.);
#537=FACE_OUTER_BOUND('',#878,.T.);
#538=FACE_OUTER_BOUND('',#879,.T.);
#539=FACE_OUTER_BOUND('',#880,.T.);
#540=FACE_OUTER_BOUND('',#881,.T.);
#541=FACE_OUTER_BOUND('',#882,.T.);
#542=FACE_OUTER_BOUND('',#883,.T.);
#543=FACE_OUTER_BOUND('',#884,.T.);
#544=FACE_OUTER_BOUND('',#885,.T.);
#545=FACE_OUTER_BOUND('',#886,.T.);
#546=FACE_OUTER_BOUND('',#887,.T.);
#547=FACE_OUTER_BOUND('',#888,.T.);
#548=FACE_OUTER_BOUND('',#889,.T.);
#549=FACE_OUTER_BOUND('',#890,.T.);
#550=FACE_OUTER_BOUND('',#891,.T.);
#551=FACE_OUTER_BOUND('',#892,.T.);
#552=FACE_OUTER_BOUND('',#893,.T.);
#553=FACE_OUTER_BOUND('',#894,.T.);
#554=FACE_OUTER_BOUND('',#895,.T.);
#555=FACE_OUTER_BOUND('',#896,.T.);
#556=FACE_OUTER_BOUND('',#897,.T.);
#557=FACE_OUTER_BOUND('',#898,.T.);
#558=FACE_OUTER_BOUND('',#899,.T.);
#559=FACE_OUTER_BOUND('',#900,.T.);
#560=FACE_OUTER_BOUND('',#901,.T.);
#561=FACE_OUTER_BOUND('',#902,.T.);
#562=FACE_OUTER_BOUND('',#903,.T.);
#563=FACE_OUTER_BOUND('',#904,.T.);
#564=FACE_OUTER_BOUND('',#905,.T.);
#565=FACE_OUTER_BOUND('',#906,.T.);
#566=FACE_OUTER_BOUND('',#907,.T.);
#567=FACE_OUTER_BOUND('',#908,.T.);
#568=FACE_OUTER_BOUND('',#909,.T.);
#569=FACE_OUTER_BOUND('',#910,.T.);
#570=FACE_OUTER_BOUND('',#911,.T.);
#571=FACE_OUTER_BOUND('',#912,.T.);
#572=FACE_OUTER_BOUND('',#913,.T.);
#573=FACE_OUTER_BOUND('',#914,.T.);
#574=FACE_OUTER_BOUND('',#915,.T.);
#575=FACE_OUTER_BOUND('',#916,.T.);
#576=FACE_OUTER_BOUND('',#917,.T.);
#577=FACE_OUTER_BOUND('',#918,.T.);
#578=FACE_OUTER_BOUND('',#919,.T.);
#579=FACE_OUTER_BOUND('',#920,.T.);
#580=FACE_OUTER_BOUND('',#921,.T.);
#581=FACE_OUTER_BOUND('',#922,.T.);
#582=FACE_OUTER_BOUND('',#923,.T.);
#583=FACE_OUTER_BOUND('',#924,.T.);
#584=FACE_OUTER_BOUND('',#925,.T.);
#585=FACE_OUTER_BOUND('',#926,.T.);
#586=FACE_OUTER_BOUND('',#927,.T.);
#587=FACE_OUTER_BOUND('',#928,.T.);
#588=FACE_OUTER_BOUND('',#929,.T.);
#589=FACE_OUTER_BOUND('',#930,.T.);
#590=FACE_OUTER_BOUND('',#931,.T.);
#591=FACE_OUTER_BOUND('',#932,.T.);
#592=FACE_OUTER_BOUND('',#933,.T.);
#593=FACE_OUTER_BOUND('',#934,.T.);
#594=FACE_OUTER_BOUND('',#935,.T.);
#595=FACE_OUTER_BOUND('',#936,.T.);
#596=FACE_OUTER_BOUND('',#937,.T.);
#597=FACE_OUTER_BOUND('',#938,.T.);
#598=FACE_OUTER_BOUND('',#939,.T.);
#599=FACE_OUTER_BOUND('',#940,.T.);
#600=FACE_OUTER_BOUND('',#941,.T.);
#601=FACE_OUTER_BOUND('',#942,.T.);
#602=FACE_OUTER_BOUND('',#943,.T.);
#603=FACE_OUTER_BOUND('',#944,.T.);
#604=FACE_OUTER_BOUND('',#945,.T.);
#605=FACE_OUTER_BOUND('',#946,.T.);
#606=FACE_OUTER_BOUND('',#947,.T.);
#607=FACE_OUTER_BOUND('',#948,.T.);
#608=FACE_OUTER_BOUND('',#949,.T.);
#609=FACE_OUTER_BOUND('',#950,.T.);
#610=FACE_OUTER_BOUND('',#951,.T.);
#611=FACE_OUTER_BOUND('',#952,.T.);
#612=FACE_OUTER_BOUND('',#953,.T.);
#613=FACE_OUTER_BOUND('',#954,.T.);
#614=FACE_OUTER_BOUND('',#955,.T.);
#615=FACE_OUTER_BOUND('',#956,.T.);
#616=FACE_OUTER_BOUND('',#957,.T.);
#617=FACE_OUTER_BOUND('',#958,.T.);
#618=FACE_OUTER_BOUND('',#959,.T.);
#619=FACE_OUTER_BOUND('',#960,.T.);
#620=FACE_OUTER_BOUND('',#961,.T.);
#621=FACE_OUTER_BOUND('',#962,.T.);
#622=FACE_OUTER_BOUND('',#963,.T.);
#623=FACE_OUTER_BOUND('',#964,.T.);
#624=FACE_OUTER_BOUND('',#965,.T.);
#625=FACE_OUTER_BOUND('',#966,.T.);
#626=FACE_OUTER_BOUND('',#967,.T.);
#627=FACE_OUTER_BOUND('',#968,.T.);
#628=FACE_OUTER_BOUND('',#969,.T.);
#629=FACE_OUTER_BOUND('',#970,.T.);
#630=FACE_OUTER_BOUND('',#971,.T.);
#631=FACE_OUTER_BOUND('',#972,.T.);
#632=FACE_OUTER_BOUND('',#973,.T.);
#633=FACE_OUTER_BOUND('',#974,.T.);
#634=FACE_OUTER_BOUND('',#975,.T.);
#635=FACE_OUTER_BOUND('',#976,.T.);
#636=FACE_OUTER_BOUND('',#977,.T.);
#637=FACE_OUTER_BOUND('',#978,.T.);
#638=FACE_OUTER_BOUND('',#979,.T.);
#639=FACE_OUTER_BOUND('',#980,.T.);
#640=FACE_OUTER_BOUND('',#981,.T.);
#641=FACE_OUTER_BOUND('',#982,.T.);
#642=FACE_OUTER_BOUND('',#983,.T.);
#643=FACE_OUTER_BOUND('',#984,.T.);
#644=FACE_OUTER_BOUND('',#985,.T.);
#645=FACE_OUTER_BOUND('',#986,.T.);
#646=FACE_OUTER_BOUND('',#987,.T.);
#647=FACE_OUTER_BOUND('',#988,.T.);
#648=FACE_OUTER_BOUND('',#989,.T.);
#649=FACE_OUTER_BOUND('',#990,.T.);
#650=FACE_OUTER_BOUND('',#991,.T.);
#651=FACE_OUTER_BOUND('',#992,.T.);
#652=FACE_OUTER_BOUND('',#993,.T.);
#653=FACE_OUTER_BOUND('',#994,.T.);
#654=FACE_OUTER_BOUND('',#995,.T.);
#655=FACE_OUTER_BOUND('',#996,.T.);
#656=FACE_OUTER_BOUND('',#997,.T.);
#657=FACE_OUTER_BOUND('',#998,.T.);
#658=FACE_OUTER_BOUND('',#999,.T.);
#659=FACE_OUTER_BOUND('',#1000,.T.);
#660=FACE_OUTER_BOUND('',#1001,.T.);
#661=FACE_OUTER_BOUND('',#1002,.T.);
#662=FACE_OUTER_BOUND('',#1003,.T.);
#663=FACE_OUTER_BOUND('',#1004,.T.);
#664=FACE_OUTER_BOUND('',#1005,.T.);
#665=FACE_OUTER_BOUND('',#1006,.T.);
#666=FACE_OUTER_BOUND('',#1007,.T.);
#667=FACE_OUTER_BOUND('',#1008,.T.);
#668=FACE_OUTER_BOUND('',#1013,.T.);
#669=FACE_OUTER_BOUND('',#1014,.T.);
#670=FACE_OUTER_BOUND('',#1015,.T.);
#671=FACE_OUTER_BOUND('',#1016,.T.);
#672=FACE_OUTER_BOUND('',#1017,.T.);
#673=FACE_OUTER_BOUND('',#1018,.T.);
#674=FACE_OUTER_BOUND('',#1020,.T.);
#675=FACE_OUTER_BOUND('',#1021,.T.);
#676=FACE_OUTER_BOUND('',#1022,.T.);
#677=FACE_OUTER_BOUND('',#1023,.T.);
#678=FACE_OUTER_BOUND('',#1024,.T.);
#679=FACE_OUTER_BOUND('',#1025,.T.);
#680=FACE_OUTER_BOUND('',#1026,.T.);
#681=FACE_OUTER_BOUND('',#1027,.T.);
#682=FACE_OUTER_BOUND('',#1028,.T.);
#683=FACE_OUTER_BOUND('',#1029,.T.);
#684=FACE_OUTER_BOUND('',#1030,.T.);
#685=FACE_OUTER_BOUND('',#1031,.T.);
#686=FACE_OUTER_BOUND('',#1032,.T.);
#687=FACE_OUTER_BOUND('',#1033,.T.);
#688=FACE_OUTER_BOUND('',#1034,.T.);
#689=FACE_OUTER_BOUND('',#1035,.T.);
#690=FACE_OUTER_BOUND('',#1036,.T.);
#691=FACE_OUTER_BOUND('',#1037,.T.);
#692=FACE_OUTER_BOUND('',#1038,.T.);
#693=FACE_OUTER_BOUND('',#1039,.T.);
#694=FACE_OUTER_BOUND('',#1040,.T.);
#695=FACE_OUTER_BOUND('',#1041,.T.);
#696=FACE_OUTER_BOUND('',#1042,.T.);
#697=FACE_OUTER_BOUND('',#1043,.T.);
#698=FACE_OUTER_BOUND('',#1044,.T.);
#699=FACE_OUTER_BOUND('',#1045,.T.);
#700=FACE_OUTER_BOUND('',#1046,.T.);
#701=FACE_OUTER_BOUND('',#1047,.T.);
#702=FACE_OUTER_BOUND('',#1048,.T.);
#703=FACE_OUTER_BOUND('',#1049,.T.);
#704=FACE_OUTER_BOUND('',#1050,.T.);
#705=FACE_OUTER_BOUND('',#1051,.T.);
#706=FACE_OUTER_BOUND('',#1052,.T.);
#707=FACE_OUTER_BOUND('',#1053,.T.);
#708=FACE_OUTER_BOUND('',#1054,.T.);
#709=FACE_OUTER_BOUND('',#1055,.T.);
#710=FACE_OUTER_BOUND('',#1056,.T.);
#711=FACE_OUTER_BOUND('',#1057,.T.);
#712=FACE_OUTER_BOUND('',#1058,.T.);
#713=FACE_OUTER_BOUND('',#1059,.T.);
#714=FACE_OUTER_BOUND('',#1060,.T.);
#715=FACE_OUTER_BOUND('',#1061,.T.);
#716=FACE_OUTER_BOUND('',#1062,.T.);
#717=FACE_OUTER_BOUND('',#1063,.T.);
#718=FACE_OUTER_BOUND('',#1064,.T.);
#719=FACE_OUTER_BOUND('',#1065,.T.);
#720=FACE_OUTER_BOUND('',#1066,.T.);
#721=FACE_OUTER_BOUND('',#1067,.T.);
#722=FACE_OUTER_BOUND('',#1068,.T.);
#723=FACE_OUTER_BOUND('',#1069,.T.);
#724=FACE_OUTER_BOUND('',#1070,.T.);
#725=FACE_OUTER_BOUND('',#1071,.T.);
#726=FACE_OUTER_BOUND('',#1072,.T.);
#727=FACE_OUTER_BOUND('',#1073,.T.);
#728=FACE_OUTER_BOUND('',#1074,.T.);
#729=FACE_OUTER_BOUND('',#1075,.T.);
#730=FACE_OUTER_BOUND('',#1076,.T.);
#731=FACE_OUTER_BOUND('',#1077,.T.);
#732=FACE_OUTER_BOUND('',#1078,.T.);
#733=FACE_OUTER_BOUND('',#1079,.T.);
#734=FACE_OUTER_BOUND('',#1080,.T.);
#735=FACE_OUTER_BOUND('',#1081,.T.);
#736=FACE_OUTER_BOUND('',#1082,.T.);
#737=FACE_OUTER_BOUND('',#1083,.T.);
#738=FACE_OUTER_BOUND('',#1084,.T.);
#739=FACE_OUTER_BOUND('',#1085,.T.);
#740=FACE_OUTER_BOUND('',#1086,.T.);
#741=FACE_OUTER_BOUND('',#1087,.T.);
#742=FACE_OUTER_BOUND('',#1088,.T.);
#743=FACE_OUTER_BOUND('',#1089,.T.);
#744=FACE_OUTER_BOUND('',#1090,.T.);
#745=FACE_OUTER_BOUND('',#1091,.T.);
#746=FACE_OUTER_BOUND('',#1092,.T.);
#747=FACE_OUTER_BOUND('',#1093,.T.);
#748=FACE_OUTER_BOUND('',#1094,.T.);
#749=FACE_OUTER_BOUND('',#1095,.T.);
#750=FACE_OUTER_BOUND('',#1096,.T.);
#751=FACE_OUTER_BOUND('',#1097,.T.);
#752=FACE_OUTER_BOUND('',#1098,.T.);
#753=FACE_OUTER_BOUND('',#1099,.T.);
#754=FACE_OUTER_BOUND('',#1100,.T.);
#755=FACE_OUTER_BOUND('',#1101,.T.);
#756=FACE_OUTER_BOUND('',#1102,.T.);
#757=FACE_OUTER_BOUND('',#1103,.T.);
#758=FACE_OUTER_BOUND('',#1104,.T.);
#759=FACE_OUTER_BOUND('',#1105,.T.);
#760=FACE_OUTER_BOUND('',#1106,.T.);
#761=FACE_OUTER_BOUND('',#1107,.T.);
#762=FACE_OUTER_BOUND('',#1108,.T.);
#763=FACE_OUTER_BOUND('',#1109,.T.);
#764=FACE_OUTER_BOUND('',#1110,.T.);
#765=FACE_OUTER_BOUND('',#1111,.T.);
#766=FACE_OUTER_BOUND('',#1112,.T.);
#767=FACE_OUTER_BOUND('',#1113,.T.);
#768=FACE_OUTER_BOUND('',#1114,.T.);
#769=FACE_OUTER_BOUND('',#1115,.T.);
#770=FACE_OUTER_BOUND('',#1116,.T.);
#771=FACE_OUTER_BOUND('',#1117,.T.);
#772=FACE_OUTER_BOUND('',#1118,.T.);
#773=FACE_OUTER_BOUND('',#1119,.T.);
#774=FACE_OUTER_BOUND('',#1120,.T.);
#775=FACE_OUTER_BOUND('',#1121,.T.);
#776=FACE_OUTER_BOUND('',#1122,.T.);
#777=FACE_OUTER_BOUND('',#1123,.T.);
#778=FACE_OUTER_BOUND('',#1124,.T.);
#779=FACE_OUTER_BOUND('',#1125,.T.);
#780=FACE_OUTER_BOUND('',#1126,.T.);
#781=FACE_OUTER_BOUND('',#1127,.T.);
#782=FACE_OUTER_BOUND('',#1128,.T.);
#783=FACE_OUTER_BOUND('',#1129,.T.);
#784=FACE_OUTER_BOUND('',#1130,.T.);
#785=FACE_OUTER_BOUND('',#1131,.T.);
#786=FACE_OUTER_BOUND('',#1132,.T.);
#787=EDGE_LOOP('',(#3647,#3648,#3649,#3650));
#788=EDGE_LOOP('',(#3651,#3652,#3653,#3654));
#789=EDGE_LOOP('',(#3655,#3656,#3657,#3658));
#790=EDGE_LOOP('',(#3659,#3660,#3661,#3662));
#791=EDGE_LOOP('',(#3663,#3664,#3665,#3666));
#792=EDGE_LOOP('',(#3667,#3668,#3669,#3670));
#793=EDGE_LOOP('',(#3671,#3672,#3673,#3674));
#794=EDGE_LOOP('',(#3675,#3676,#3677,#3678));
#795=EDGE_LOOP('',(#3679,#3680,#3681,#3682));
#796=EDGE_LOOP('',(#3683,#3684,#3685,#3686));
#797=EDGE_LOOP('',(#3687,#3688,#3689,#3690));
#798=EDGE_LOOP('',(#3691,#3692,#3693,#3694));
#799=EDGE_LOOP('',(#3695,#3696,#3697,#3698,#3699,#3700,#3701,#3702));
#800=EDGE_LOOP('',(#3703,#3704,#3705,#3706,#3707,#3708,#3709,#3710));
#801=EDGE_LOOP('',(#3711,#3712,#3713,#3714,#3715,#3716,#3717,#3718));
#802=EDGE_LOOP('',(#3719,#3720,#3721,#3722,#3723,#3724,#3725,#3726));
#803=EDGE_LOOP('',(#3727,#3728,#3729,#3730,#3731,#3732,#3733,#3734));
#804=EDGE_LOOP('',(#3735,#3736,#3737,#3738,#3739,#3740,#3741,#3742));
#805=EDGE_LOOP('',(#3743,#3744,#3745,#3746,#3747,#3748,#3749,#3750));
#806=EDGE_LOOP('',(#3751,#3752,#3753,#3754,#3755,#3756,#3757,#3758));
#807=EDGE_LOOP('',(#3759,#3760,#3761,#3762,#3763,#3764,#3765,#3766));
#808=EDGE_LOOP('',(#3767,#3768,#3769,#3770,#3771,#3772,#3773,#3774));
#809=EDGE_LOOP('',(#3775,#3776,#3777,#3778,#3779,#3780,#3781,#3782));
#810=EDGE_LOOP('',(#3783,#3784,#3785,#3786,#3787,#3788,#3789,#3790));
#811=EDGE_LOOP('',(#3791,#3792,#3793,#3794,#3795,#3796,#3797,#3798));
#812=EDGE_LOOP('',(#3799,#3800,#3801,#3802,#3803,#3804,#3805,#3806));
#813=EDGE_LOOP('',(#3807,#3808,#3809,#3810,#3811,#3812,#3813,#3814));
#814=EDGE_LOOP('',(#3815,#3816,#3817,#3818,#3819,#3820,#3821,#3822));
#815=EDGE_LOOP('',(#3823,#3824,#3825,#3826,#3827,#3828,#3829,#3830));
#816=EDGE_LOOP('',(#3831,#3832,#3833,#3834));
#817=EDGE_LOOP('',(#3835,#3836,#3837,#3838));
#818=EDGE_LOOP('',(#3839,#3840,#3841,#3842));
#819=EDGE_LOOP('',(#3843,#3844,#3845,#3846));
#820=EDGE_LOOP('',(#3847,#3848,#3849,#3850));
#821=EDGE_LOOP('',(#3851,#3852,#3853,#3854));
#822=EDGE_LOOP('',(#3855,#3856,#3857,#3858));
#823=EDGE_LOOP('',(#3859,#3860,#3861,#3862));
#824=EDGE_LOOP('',(#3863,#3864,#3865,#3866));
#825=EDGE_LOOP('',(#3867,#3868,#3869,#3870));
#826=EDGE_LOOP('',(#3871,#3872,#3873,#3874));
#827=EDGE_LOOP('',(#3875,#3876,#3877,#3878));
#828=EDGE_LOOP('',(#3879,#3880,#3881,#3882));
#829=EDGE_LOOP('',(#3883,#3884,#3885,#3886));
#830=EDGE_LOOP('',(#3887,#3888,#3889,#3890));
#831=EDGE_LOOP('',(#3891,#3892,#3893,#3894));
#832=EDGE_LOOP('',(#3895,#3896,#3897,#3898));
#833=EDGE_LOOP('',(#3899,#3900,#3901,#3902));
#834=EDGE_LOOP('',(#3903,#3904,#3905,#3906));
#835=EDGE_LOOP('',(#3907,#3908,#3909,#3910));
#836=EDGE_LOOP('',(#3911,#3912,#3913,#3914));
#837=EDGE_LOOP('',(#3915,#3916,#3917,#3918));
#838=EDGE_LOOP('',(#3919,#3920,#3921,#3922));
#839=EDGE_LOOP('',(#3923,#3924,#3925,#3926));
#840=EDGE_LOOP('',(#3927,#3928,#3929,#3930));
#841=EDGE_LOOP('',(#3931,#3932,#3933,#3934));
#842=EDGE_LOOP('',(#3935,#3936,#3937,#3938));
#843=EDGE_LOOP('',(#3939,#3940,#3941,#3942));
#844=EDGE_LOOP('',(#3943,#3944,#3945,#3946));
#845=EDGE_LOOP('',(#3947,#3948,#3949,#3950));
#846=EDGE_LOOP('',(#3951,#3952,#3953,#3954));
#847=EDGE_LOOP('',(#3955,#3956,#3957,#3958));
#848=EDGE_LOOP('',(#3959,#3960,#3961,#3962));
#849=EDGE_LOOP('',(#3963,#3964,#3965,#3966));
#850=EDGE_LOOP('',(#3967,#3968,#3969,#3970));
#851=EDGE_LOOP('',(#3971,#3972,#3973,#3974));
#852=EDGE_LOOP('',(#3975,#3976,#3977,#3978));
#853=EDGE_LOOP('',(#3979,#3980,#3981,#3982));
#854=EDGE_LOOP('',(#3983,#3984,#3985,#3986));
#855=EDGE_LOOP('',(#3987,#3988,#3989,#3990));
#856=EDGE_LOOP('',(#3991,#3992,#3993,#3994));
#857=EDGE_LOOP('',(#3995,#3996,#3997,#3998));
#858=EDGE_LOOP('',(#3999,#4000,#4001,#4002));
#859=EDGE_LOOP('',(#4003,#4004,#4005,#4006));
#860=EDGE_LOOP('',(#4007,#4008,#4009,#4010));
#861=EDGE_LOOP('',(#4011,#4012,#4013,#4014));
#862=EDGE_LOOP('',(#4015,#4016,#4017,#4018));
#863=EDGE_LOOP('',(#4019,#4020,#4021,#4022));
#864=EDGE_LOOP('',(#4023,#4024,#4025,#4026));
#865=EDGE_LOOP('',(#4027,#4028,#4029,#4030));
#866=EDGE_LOOP('',(#4031,#4032,#4033,#4034));
#867=EDGE_LOOP('',(#4035,#4036,#4037,#4038));
#868=EDGE_LOOP('',(#4039,#4040,#4041,#4042));
#869=EDGE_LOOP('',(#4043,#4044,#4045,#4046));
#870=EDGE_LOOP('',(#4047,#4048,#4049,#4050));
#871=EDGE_LOOP('',(#4051,#4052,#4053,#4054));
#872=EDGE_LOOP('',(#4055,#4056,#4057,#4058));
#873=EDGE_LOOP('',(#4059,#4060,#4061,#4062));
#874=EDGE_LOOP('',(#4063,#4064,#4065,#4066));
#875=EDGE_LOOP('',(#4067,#4068,#4069,#4070));
#876=EDGE_LOOP('',(#4071,#4072,#4073,#4074));
#877=EDGE_LOOP('',(#4075,#4076,#4077,#4078));
#878=EDGE_LOOP('',(#4079,#4080,#4081,#4082));
#879=EDGE_LOOP('',(#4083,#4084,#4085,#4086));
#880=EDGE_LOOP('',(#4087,#4088,#4089,#4090));
#881=EDGE_LOOP('',(#4091,#4092,#4093,#4094));
#882=EDGE_LOOP('',(#4095,#4096,#4097,#4098));
#883=EDGE_LOOP('',(#4099,#4100,#4101,#4102));
#884=EDGE_LOOP('',(#4103,#4104,#4105,#4106));
#885=EDGE_LOOP('',(#4107,#4108,#4109,#4110));
#886=EDGE_LOOP('',(#4111,#4112,#4113,#4114));
#887=EDGE_LOOP('',(#4115,#4116,#4117,#4118));
#888=EDGE_LOOP('',(#4119,#4120,#4121,#4122));
#889=EDGE_LOOP('',(#4123,#4124,#4125,#4126));
#890=EDGE_LOOP('',(#4127,#4128,#4129,#4130));
#891=EDGE_LOOP('',(#4131,#4132,#4133,#4134));
#892=EDGE_LOOP('',(#4135,#4136,#4137,#4138));
#893=EDGE_LOOP('',(#4139,#4140,#4141,#4142));
#894=EDGE_LOOP('',(#4143,#4144,#4145,#4146));
#895=EDGE_LOOP('',(#4147,#4148,#4149,#4150));
#896=EDGE_LOOP('',(#4151,#4152,#4153,#4154));
#897=EDGE_LOOP('',(#4155,#4156,#4157,#4158));
#898=EDGE_LOOP('',(#4159,#4160,#4161,#4162));
#899=EDGE_LOOP('',(#4163,#4164,#4165,#4166));
#900=EDGE_LOOP('',(#4167,#4168,#4169,#4170));
#901=EDGE_LOOP('',(#4171,#4172,#4173,#4174));
#902=EDGE_LOOP('',(#4175,#4176,#4177,#4178));
#903=EDGE_LOOP('',(#4179,#4180,#4181,#4182));
#904=EDGE_LOOP('',(#4183,#4184,#4185,#4186));
#905=EDGE_LOOP('',(#4187,#4188,#4189,#4190));
#906=EDGE_LOOP('',(#4191,#4192,#4193,#4194));
#907=EDGE_LOOP('',(#4195,#4196,#4197,#4198));
#908=EDGE_LOOP('',(#4199,#4200,#4201,#4202));
#909=EDGE_LOOP('',(#4203,#4204,#4205,#4206));
#910=EDGE_LOOP('',(#4207,#4208,#4209,#4210));
#911=EDGE_LOOP('',(#4211,#4212,#4213,#4214));
#912=EDGE_LOOP('',(#4215,#4216,#4217,#4218));
#913=EDGE_LOOP('',(#4219,#4220,#4221,#4222));
#914=EDGE_LOOP('',(#4223,#4224,#4225,#4226));
#915=EDGE_LOOP('',(#4227,#4228,#4229,#4230));
#916=EDGE_LOOP('',(#4231,#4232,#4233,#4234));
#917=EDGE_LOOP('',(#4235,#4236,#4237,#4238));
#918=EDGE_LOOP('',(#4239,#4240,#4241,#4242));
#919=EDGE_LOOP('',(#4243,#4244,#4245,#4246));
#920=EDGE_LOOP('',(#4247,#4248,#4249,#4250));
#921=EDGE_LOOP('',(#4251,#4252,#4253,#4254));
#922=EDGE_LOOP('',(#4255,#4256,#4257,#4258));
#923=EDGE_LOOP('',(#4259,#4260,#4261,#4262));
#924=EDGE_LOOP('',(#4263,#4264,#4265,#4266));
#925=EDGE_LOOP('',(#4267,#4268,#4269,#4270));
#926=EDGE_LOOP('',(#4271,#4272,#4273,#4274));
#927=EDGE_LOOP('',(#4275,#4276,#4277,#4278));
#928=EDGE_LOOP('',(#4279,#4280,#4281,#4282));
#929=EDGE_LOOP('',(#4283,#4284,#4285,#4286));
#930=EDGE_LOOP('',(#4287,#4288,#4289,#4290));
#931=EDGE_LOOP('',(#4291,#4292,#4293,#4294));
#932=EDGE_LOOP('',(#4295,#4296,#4297,#4298));
#933=EDGE_LOOP('',(#4299,#4300,#4301,#4302));
#934=EDGE_LOOP('',(#4303,#4304,#4305,#4306));
#935=EDGE_LOOP('',(#4307,#4308,#4309,#4310));
#936=EDGE_LOOP('',(#4311,#4312,#4313,#4314));
#937=EDGE_LOOP('',(#4315,#4316,#4317,#4318));
#938=EDGE_LOOP('',(#4319,#4320,#4321,#4322));
#939=EDGE_LOOP('',(#4323,#4324,#4325,#4326));
#940=EDGE_LOOP('',(#4327,#4328,#4329,#4330));
#941=EDGE_LOOP('',(#4331,#4332,#4333,#4334));
#942=EDGE_LOOP('',(#4335,#4336,#4337,#4338));
#943=EDGE_LOOP('',(#4339,#4340,#4341,#4342));
#944=EDGE_LOOP('',(#4343,#4344,#4345,#4346));
#945=EDGE_LOOP('',(#4347,#4348,#4349,#4350,#4351,#4352));
#946=EDGE_LOOP('',(#4353,#4354,#4355,#4356));
#947=EDGE_LOOP('',(#4357,#4358,#4359,#4360));
#948=EDGE_LOOP('',(#4361,#4362,#4363,#4364));
#949=EDGE_LOOP('',(#4365,#4366,#4367,#4368));
#950=EDGE_LOOP('',(#4369,#4370,#4371,#4372));
#951=EDGE_LOOP('',(#4373,#4374,#4375,#4376));
#952=EDGE_LOOP('',(#4377,#4378,#4379,#4380));
#953=EDGE_LOOP('',(#4381,#4382,#4383,#4384));
#954=EDGE_LOOP('',(#4385,#4386,#4387,#4388));
#955=EDGE_LOOP('',(#4389,#4390,#4391,#4392));
#956=EDGE_LOOP('',(#4393,#4394,#4395,#4396));
#957=EDGE_LOOP('',(#4397,#4398,#4399,#4400));
#958=EDGE_LOOP('',(#4401,#4402,#4403,#4404));
#959=EDGE_LOOP('',(#4405,#4406,#4407,#4408));
#960=EDGE_LOOP('',(#4409,#4410,#4411,#4412));
#961=EDGE_LOOP('',(#4413,#4414,#4415,#4416));
#962=EDGE_LOOP('',(#4417,#4418,#4419,#4420));
#963=EDGE_LOOP('',(#4421,#4422,#4423,#4424));
#964=EDGE_LOOP('',(#4425,#4426,#4427,#4428));
#965=EDGE_LOOP('',(#4429,#4430,#4431,#4432));
#966=EDGE_LOOP('',(#4433,#4434,#4435,#4436));
#967=EDGE_LOOP('',(#4437,#4438,#4439,#4440));
#968=EDGE_LOOP('',(#4441,#4442,#4443,#4444));
#969=EDGE_LOOP('',(#4445,#4446,#4447,#4448));
#970=EDGE_LOOP('',(#4449,#4450,#4451,#4452));
#971=EDGE_LOOP('',(#4453,#4454,#4455,#4456));
#972=EDGE_LOOP('',(#4457,#4458,#4459,#4460));
#973=EDGE_LOOP('',(#4461,#4462,#4463,#4464));
#974=EDGE_LOOP('',(#4465,#4466,#4467,#4468));
#975=EDGE_LOOP('',(#4469,#4470,#4471,#4472));
#976=EDGE_LOOP('',(#4473,#4474,#4475,#4476));
#977=EDGE_LOOP('',(#4477,#4478,#4479,#4480));
#978=EDGE_LOOP('',(#4481,#4482,#4483,#4484));
#979=EDGE_LOOP('',(#4485,#4486,#4487,#4488));
#980=EDGE_LOOP('',(#4489,#4490,#4491,#4492));
#981=EDGE_LOOP('',(#4493,#4494,#4495,#4496));
#982=EDGE_LOOP('',(#4497,#4498,#4499,#4500));
#983=EDGE_LOOP('',(#4501,#4502,#4503,#4504));
#984=EDGE_LOOP('',(#4505,#4506,#4507,#4508));
#985=EDGE_LOOP('',(#4509,#4510,#4511,#4512));
#986=EDGE_LOOP('',(#4513,#4514,#4515,#4516));
#987=EDGE_LOOP('',(#4517,#4518,#4519,#4520));
#988=EDGE_LOOP('',(#4521,#4522,#4523,#4524));
#989=EDGE_LOOP('',(#4525,#4526,#4527,#4528));
#990=EDGE_LOOP('',(#4529,#4530,#4531,#4532));
#991=EDGE_LOOP('',(#4533,#4534,#4535,#4536));
#992=EDGE_LOOP('',(#4537,#4538,#4539,#4540));
#993=EDGE_LOOP('',(#4541,#4542,#4543,#4544));
#994=EDGE_LOOP('',(#4545,#4546,#4547,#4548));
#995=EDGE_LOOP('',(#4549,#4550,#4551,#4552));
#996=EDGE_LOOP('',(#4553,#4554,#4555,#4556));
#997=EDGE_LOOP('',(#4557,#4558,#4559,#4560));
#998=EDGE_LOOP('',(#4561,#4562,#4563,#4564));
#999=EDGE_LOOP('',(#4565,#4566,#4567,#4568));
#1000=EDGE_LOOP('',(#4569,#4570,#4571,#4572));
#1001=EDGE_LOOP('',(#4573,#4574,#4575,#4576));
#1002=EDGE_LOOP('',(#4577,#4578,#4579,#4580));
#1003=EDGE_LOOP('',(#4581,#4582,#4583,#4584));
#1004=EDGE_LOOP('',(#4585,#4586,#4587,#4588));
#1005=EDGE_LOOP('',(#4589,#4590,#4591,#4592));
#1006=EDGE_LOOP('',(#4593,#4594,#4595,#4596));
#1007=EDGE_LOOP('',(#4597,#4598,#4599,#4600));
#1008=EDGE_LOOP('',(#4601,#4602,#4603,#4604,#4605,#4606,#4607,#4608,#4609,
#4610,#4611,#4612,#4613,#4614,#4615,#4616,#4617,#4618,#4619,#4620,#4621,
#4622,#4623,#4624,#4625,#4626,#4627,#4628,#4629,#4630,#4631,#4632,#4633,
#4634,#4635,#4636,#4637,#4638,#4639,#4640,#4641,#4642,#4643,#4644));
#1009=EDGE_LOOP('',(#4645));
#1010=EDGE_LOOP('',(#4646));
#1011=EDGE_LOOP('',(#4647));
#1012=EDGE_LOOP('',(#4648));
#1013=EDGE_LOOP('',(#4649,#4650,#4651,#4652));
#1014=EDGE_LOOP('',(#4653,#4654,#4655,#4656,#4657,#4658,#4659,#4660,#4661,
#4662,#4663,#4664,#4665,#4666,#4667,#4668,#4669,#4670));
#1015=EDGE_LOOP('',(#4671,#4672,#4673));
#1016=EDGE_LOOP('',(#4674,#4675,#4676,#4677));
#1017=EDGE_LOOP('',(#4678,#4679,#4680,#4681,#4682,#4683));
#1018=EDGE_LOOP('',(#4684));
#1019=EDGE_LOOP('',(#4685));
#1020=EDGE_LOOP('',(#4686,#4687,#4688));
#1021=EDGE_LOOP('',(#4689,#4690,#4691));
#1022=EDGE_LOOP('',(#4692,#4693,#4694,#4695));
#1023=EDGE_LOOP('',(#4696,#4697,#4698));
#1024=EDGE_LOOP('',(#4699,#4700,#4701,#4702));
#1025=EDGE_LOOP('',(#4703,#4704,#4705));
#1026=EDGE_LOOP('',(#4706,#4707,#4708,#4709));
#1027=EDGE_LOOP('',(#4710,#4711,#4712));
#1028=EDGE_LOOP('',(#4713,#4714,#4715,#4716));
#1029=EDGE_LOOP('',(#4717,#4718,#4719,#4720));
#1030=EDGE_LOOP('',(#4721,#4722,#4723,#4724));
#1031=EDGE_LOOP('',(#4725,#4726,#4727,#4728));
#1032=EDGE_LOOP('',(#4729,#4730,#4731,#4732));
#1033=EDGE_LOOP('',(#4733,#4734,#4735,#4736));
#1034=EDGE_LOOP('',(#4737,#4738,#4739,#4740));
#1035=EDGE_LOOP('',(#4741,#4742,#4743,#4744));
#1036=EDGE_LOOP('',(#4745,#4746,#4747,#4748));
#1037=EDGE_LOOP('',(#4749,#4750,#4751,#4752));
#1038=EDGE_LOOP('',(#4753,#4754,#4755,#4756));
#1039=EDGE_LOOP('',(#4757,#4758,#4759,#4760));
#1040=EDGE_LOOP('',(#4761,#4762,#4763,#4764));
#1041=EDGE_LOOP('',(#4765,#4766,#4767,#4768));
#1042=EDGE_LOOP('',(#4769,#4770,#4771,#4772));
#1043=EDGE_LOOP('',(#4773,#4774,#4775,#4776,#4777,#4778,#4779,#4780,#4781,
#4782,#4783,#4784,#4785,#4786,#4787,#4788,#4789,#4790));
#1044=EDGE_LOOP('',(#4791,#4792,#4793,#4794));
#1045=EDGE_LOOP('',(#4795,#4796,#4797,#4798));
#1046=EDGE_LOOP('',(#4799,#4800,#4801,#4802));
#1047=EDGE_LOOP('',(#4803,#4804,#4805,#4806));
#1048=EDGE_LOOP('',(#4807,#4808,#4809,#4810));
#1049=EDGE_LOOP('',(#4811,#4812,#4813,#4814));
#1050=EDGE_LOOP('',(#4815,#4816,#4817,#4818));
#1051=EDGE_LOOP('',(#4819,#4820,#4821,#4822));
#1052=EDGE_LOOP('',(#4823,#4824,#4825,#4826));
#1053=EDGE_LOOP('',(#4827,#4828,#4829,#4830));
#1054=EDGE_LOOP('',(#4831,#4832,#4833,#4834));
#1055=EDGE_LOOP('',(#4835,#4836,#4837,#4838));
#1056=EDGE_LOOP('',(#4839,#4840,#4841,#4842));
#1057=EDGE_LOOP('',(#4843,#4844,#4845,#4846));
#1058=EDGE_LOOP('',(#4847,#4848,#4849,#4850));
#1059=EDGE_LOOP('',(#4851,#4852,#4853,#4854));
#1060=EDGE_LOOP('',(#4855,#4856,#4857,#4858));
#1061=EDGE_LOOP('',(#4859,#4860,#4861,#4862));
#1062=EDGE_LOOP('',(#4863,#4864,#4865,#4866));
#1063=EDGE_LOOP('',(#4867,#4868,#4869,#4870));
#1064=EDGE_LOOP('',(#4871,#4872,#4873,#4874));
#1065=EDGE_LOOP('',(#4875,#4876,#4877,#4878));
#1066=EDGE_LOOP('',(#4879,#4880,#4881,#4882));
#1067=EDGE_LOOP('',(#4883,#4884,#4885,#4886));
#1068=EDGE_LOOP('',(#4887,#4888,#4889,#4890));
#1069=EDGE_LOOP('',(#4891,#4892,#4893,#4894));
#1070=EDGE_LOOP('',(#4895,#4896,#4897,#4898));
#1071=EDGE_LOOP('',(#4899,#4900,#4901,#4902));
#1072=EDGE_LOOP('',(#4903,#4904,#4905,#4906));
#1073=EDGE_LOOP('',(#4907,#4908,#4909,#4910));
#1074=EDGE_LOOP('',(#4911,#4912,#4913,#4914));
#1075=EDGE_LOOP('',(#4915,#4916,#4917,#4918));
#1076=EDGE_LOOP('',(#4919,#4920,#4921,#4922));
#1077=EDGE_LOOP('',(#4923,#4924,#4925,#4926));
#1078=EDGE_LOOP('',(#4927,#4928,#4929,#4930));
#1079=EDGE_LOOP('',(#4931,#4932,#4933,#4934));
#1080=EDGE_LOOP('',(#4935,#4936,#4937,#4938));
#1081=EDGE_LOOP('',(#4939,#4940,#4941,#4942));
#1082=EDGE_LOOP('',(#4943,#4944,#4945,#4946));
#1083=EDGE_LOOP('',(#4947,#4948,#4949,#4950));
#1084=EDGE_LOOP('',(#4951,#4952,#4953,#4954));
#1085=EDGE_LOOP('',(#4955,#4956,#4957,#4958));
#1086=EDGE_LOOP('',(#4959,#4960,#4961,#4962));
#1087=EDGE_LOOP('',(#4963,#4964,#4965,#4966));
#1088=EDGE_LOOP('',(#4967,#4968,#4969,#4970));
#1089=EDGE_LOOP('',(#4971,#4972,#4973,#4974));
#1090=EDGE_LOOP('',(#4975,#4976,#4977,#4978));
#1091=EDGE_LOOP('',(#4979,#4980,#4981,#4982));
#1092=EDGE_LOOP('',(#4983,#4984,#4985,#4986));
#1093=EDGE_LOOP('',(#4987,#4988,#4989,#4990));
#1094=EDGE_LOOP('',(#4991,#4992,#4993,#4994));
#1095=EDGE_LOOP('',(#4995,#4996,#4997,#4998));
#1096=EDGE_LOOP('',(#4999,#5000,#5001,#5002));
#1097=EDGE_LOOP('',(#5003,#5004,#5005,#5006));
#1098=EDGE_LOOP('',(#5007,#5008,#5009,#5010));
#1099=EDGE_LOOP('',(#5011,#5012,#5013,#5014));
#1100=EDGE_LOOP('',(#5015,#5016,#5017,#5018));
#1101=EDGE_LOOP('',(#5019,#5020,#5021,#5022));
#1102=EDGE_LOOP('',(#5023,#5024,#5025,#5026));
#1103=EDGE_LOOP('',(#5027,#5028,#5029,#5030));
#1104=EDGE_LOOP('',(#5031,#5032,#5033,#5034));
#1105=EDGE_LOOP('',(#5035,#5036,#5037,#5038));
#1106=EDGE_LOOP('',(#5039,#5040,#5041,#5042));
#1107=EDGE_LOOP('',(#5043,#5044,#5045,#5046));
#1108=EDGE_LOOP('',(#5047,#5048,#5049,#5050));
#1109=EDGE_LOOP('',(#5051,#5052,#5053,#5054));
#1110=EDGE_LOOP('',(#5055,#5056,#5057,#5058));
#1111=EDGE_LOOP('',(#5059,#5060,#5061,#5062));
#1112=EDGE_LOOP('',(#5063,#5064,#5065,#5066));
#1113=EDGE_LOOP('',(#5067,#5068,#5069,#5070));
#1114=EDGE_LOOP('',(#5071,#5072,#5073,#5074));
#1115=EDGE_LOOP('',(#5075,#5076,#5077,#5078));
#1116=EDGE_LOOP('',(#5079,#5080,#5081,#5082));
#1117=EDGE_LOOP('',(#5083,#5084,#5085,#5086));
#1118=EDGE_LOOP('',(#5087,#5088,#5089,#5090));
#1119=EDGE_LOOP('',(#5091,#5092,#5093,#5094));
#1120=EDGE_LOOP('',(#5095,#5096,#5097,#5098));
#1121=EDGE_LOOP('',(#5099,#5100,#5101,#5102));
#1122=EDGE_LOOP('',(#5103,#5104,#5105,#5106));
#1123=EDGE_LOOP('',(#5107,#5108,#5109,#5110));
#1124=EDGE_LOOP('',(#5111,#5112,#5113,#5114));
#1125=EDGE_LOOP('',(#5115,#5116,#5117,#5118));
#1126=EDGE_LOOP('',(#5119,#5120,#5121,#5122));
#1127=EDGE_LOOP('',(#5123,#5124,#5125,#5126));
#1128=EDGE_LOOP('',(#5127,#5128,#5129,#5130));
#1129=EDGE_LOOP('',(#5131,#5132,#5133,#5134));
#1130=EDGE_LOOP('',(#5135,#5136,#5137,#5138));
#1131=EDGE_LOOP('',(#5139,#5140,#5141,#5142));
#1132=EDGE_LOOP('',(#5143,#5144,#5145,#5146,#5147,#5148,#5149,#5150,#5151,
#5152,#5153,#5154,#5155,#5156,#5157,#5158,#5159,#5160,#5161,#5162,#5163,
#5164,#5165,#5166,#5167,#5168,#5169,#5170,#5171,#5172,#5173,#5174));
#1133=EDGE_LOOP('',(#5175,#5176,#5177,#5178,#5179,#5180,#5181,#5182,#5183,
#5184));
#1134=EDGE_LOOP('',(#5185,#5186,#5187,#5188,#5189,#5190,#5191,#5192));
#1135=EDGE_LOOP('',(#5193,#5194,#5195,#5196,#5197,#5198,#5199,#5200));
#1136=EDGE_LOOP('',(#5201,#5202,#5203,#5204,#5205,#5206,#5207,#5208));
#1137=EDGE_LOOP('',(#5209,#5210,#5211,#5212,#5213,#5214,#5215,#5216));
#1138=EDGE_LOOP('',(#5217,#5218,#5219,#5220,#5221,#5222,#5223,#5224));
#1139=EDGE_LOOP('',(#5225,#5226,#5227,#5228,#5229,#5230,#5231,#5232));
#1140=EDGE_LOOP('',(#5233,#5234,#5235,#5236,#5237,#5238,#5239,#5240));
#1141=EDGE_LOOP('',(#5241,#5242,#5243,#5244,#5245,#5246,#5247,#5248));
#1142=EDGE_LOOP('',(#5249,#5250,#5251,#5252,#5253,#5254,#5255,#5256));
#1143=EDGE_LOOP('',(#5257,#5258,#5259,#5260,#5261,#5262,#5263,#5264));
#1144=EDGE_LOOP('',(#5265,#5266,#5267,#5268,#5269,#5270,#5271,#5272));
#1145=EDGE_LOOP('',(#5273,#5274,#5275,#5276,#5277,#5278,#5279,#5280));
#1146=EDGE_LOOP('',(#5281,#5282,#5283,#5284,#5285,#5286,#5287,#5288));
#1147=EDGE_LOOP('',(#5289,#5290,#5291,#5292,#5293,#5294,#5295,#5296));
#1148=EDGE_LOOP('',(#5297,#5298,#5299,#5300,#5301,#5302,#5303,#5304));
#1149=LINE('',#8251,#1728);
#1150=LINE('',#8253,#1729);
#1151=LINE('',#8255,#1730);
#1152=LINE('',#8256,#1731);
#1153=LINE('',#8261,#1732);
#1154=LINE('',#8266,#1733);
#1155=LINE('',#8267,#1734);
#1156=LINE('',#8268,#1735);
#1157=LINE('',#8273,#1736);
#1158=LINE('',#8278,#1737);
#1159=LINE('',#8279,#1738);
#1160=LINE('',#8280,#1739);
#1161=LINE('',#8285,#1740);
#1162=LINE('',#8290,#1741);
#1163=LINE('',#8291,#1742);
#1164=LINE('',#8292,#1743);
#1165=LINE('',#8298,#1744);
#1166=LINE('',#8301,#1745);
#1167=LINE('',#8304,#1746);
#1168=LINE('',#8305,#1747);
#1169=LINE('',#8308,#1748);
#1170=LINE('',#8312,#1749);
#1171=LINE('',#8313,#1750);
#1172=LINE('',#8319,#1751);
#1173=LINE('',#8323,#1752);
#1174=LINE('',#8327,#1753);
#1175=LINE('',#8330,#1754);
#1176=LINE('',#8333,#1755);
#1177=LINE('',#8337,#1756);
#1178=LINE('',#8341,#1757);
#1179=LINE('',#8345,#1758);
#1180=LINE('',#8349,#1759);
#1181=LINE('',#8353,#1760);
#1182=LINE('',#8357,#1761);
#1183=LINE('',#8361,#1762);
#1184=LINE('',#8365,#1763);
#1185=LINE('',#8369,#1764);
#1186=LINE('',#8373,#1765);
#1187=LINE('',#8377,#1766);
#1188=LINE('',#8381,#1767);
#1189=LINE('',#8385,#1768);
#1190=LINE('',#8389,#1769);
#1191=LINE('',#8393,#1770);
#1192=LINE('',#8397,#1771);
#1193=LINE('',#8401,#1772);
#1194=LINE('',#8405,#1773);
#1195=LINE('',#8409,#1774);
#1196=LINE('',#8413,#1775);
#1197=LINE('',#8417,#1776);
#1198=LINE('',#8421,#1777);
#1199=LINE('',#8425,#1778);
#1200=LINE('',#8429,#1779);
#1201=LINE('',#8433,#1780);
#1202=LINE('',#8437,#1781);
#1203=LINE('',#8441,#1782);
#1204=LINE('',#8445,#1783);
#1205=LINE('',#8449,#1784);
#1206=LINE('',#8453,#1785);
#1207=LINE('',#8457,#1786);
#1208=LINE('',#8461,#1787);
#1209=LINE('',#8465,#1788);
#1210=LINE('',#8469,#1789);
#1211=LINE('',#8473,#1790);
#1212=LINE('',#8477,#1791);
#1213=LINE('',#8481,#1792);
#1214=LINE('',#8485,#1793);
#1215=LINE('',#8489,#1794);
#1216=LINE('',#8493,#1795);
#1217=LINE('',#8497,#1796);
#1218=LINE('',#8501,#1797);
#1219=LINE('',#8505,#1798);
#1220=LINE('',#8509,#1799);
#1221=LINE('',#8513,#1800);
#1222=LINE('',#8517,#1801);
#1223=LINE('',#8521,#1802);
#1224=LINE('',#8525,#1803);
#1225=LINE('',#8529,#1804);
#1226=LINE('',#8533,#1805);
#1227=LINE('',#8537,#1806);
#1228=LINE('',#8541,#1807);
#1229=LINE('',#8545,#1808);
#1230=LINE('',#8549,#1809);
#1231=LINE('',#8553,#1810);
#1232=LINE('',#8557,#1811);
#1233=LINE('',#8561,#1812);
#1234=LINE('',#8565,#1813);
#1235=LINE('',#8569,#1814);
#1236=LINE('',#8573,#1815);
#1237=LINE('',#8575,#1816);
#1238=LINE('',#8576,#1817);
#1239=LINE('',#8580,#1818);
#1240=LINE('',#8583,#1819);
#1241=LINE('',#8584,#1820);
#1242=LINE('',#8588,#1821);
#1243=LINE('',#8591,#1822);
#1244=LINE('',#8592,#1823);
#1245=LINE('',#8596,#1824);
#1246=LINE('',#8599,#1825);
#1247=LINE('',#8600,#1826);
#1248=LINE('',#8605,#1827);
#1249=LINE('',#8608,#1828);
#1250=LINE('',#8611,#1829);
#1251=LINE('',#8612,#1830);
#1252=LINE('',#8615,#1831);
#1253=LINE('',#8619,#1832);
#1254=LINE('',#8620,#1833);
#1255=LINE('',#8623,#1834);
#1256=LINE('',#8625,#1835);
#1257=LINE('',#8626,#1836);
#1258=LINE('',#8630,#1837);
#1259=LINE('',#8633,#1838);
#1260=LINE('',#8634,#1839);
#1261=LINE('',#8638,#1840);
#1262=LINE('',#8641,#1841);
#1263=LINE('',#8642,#1842);
#1264=LINE('',#8646,#1843);
#1265=LINE('',#8649,#1844);
#1266=LINE('',#8650,#1845);
#1267=LINE('',#8655,#1846);
#1268=LINE('',#8658,#1847);
#1269=LINE('',#8661,#1848);
#1270=LINE('',#8662,#1849);
#1271=LINE('',#8665,#1850);
#1272=LINE('',#8669,#1851);
#1273=LINE('',#8670,#1852);
#1274=LINE('',#8673,#1853);
#1275=LINE('',#8675,#1854);
#1276=LINE('',#8676,#1855);
#1277=LINE('',#8680,#1856);
#1278=LINE('',#8683,#1857);
#1279=LINE('',#8684,#1858);
#1280=LINE('',#8688,#1859);
#1281=LINE('',#8691,#1860);
#1282=LINE('',#8692,#1861);
#1283=LINE('',#8696,#1862);
#1284=LINE('',#8699,#1863);
#1285=LINE('',#8700,#1864);
#1286=LINE('',#8705,#1865);
#1287=LINE('',#8708,#1866);
#1288=LINE('',#8711,#1867);
#1289=LINE('',#8712,#1868);
#1290=LINE('',#8715,#1869);
#1291=LINE('',#8719,#1870);
#1292=LINE('',#8720,#1871);
#1293=LINE('',#8723,#1872);
#1294=LINE('',#8725,#1873);
#1295=LINE('',#8726,#1874);
#1296=LINE('',#8730,#1875);
#1297=LINE('',#8733,#1876);
#1298=LINE('',#8734,#1877);
#1299=LINE('',#8738,#1878);
#1300=LINE('',#8741,#1879);
#1301=LINE('',#8742,#1880);
#1302=LINE('',#8746,#1881);
#1303=LINE('',#8749,#1882);
#1304=LINE('',#8750,#1883);
#1305=LINE('',#8755,#1884);
#1306=LINE('',#8758,#1885);
#1307=LINE('',#8761,#1886);
#1308=LINE('',#8762,#1887);
#1309=LINE('',#8765,#1888);
#1310=LINE('',#8769,#1889);
#1311=LINE('',#8770,#1890);
#1312=LINE('',#8773,#1891);
#1313=LINE('',#8775,#1892);
#1314=LINE('',#8776,#1893);
#1315=LINE('',#8780,#1894);
#1316=LINE('',#8783,#1895);
#1317=LINE('',#8784,#1896);
#1318=LINE('',#8788,#1897);
#1319=LINE('',#8791,#1898);
#1320=LINE('',#8792,#1899);
#1321=LINE('',#8796,#1900);
#1322=LINE('',#8799,#1901);
#1323=LINE('',#8800,#1902);
#1324=LINE('',#8805,#1903);
#1325=LINE('',#8808,#1904);
#1326=LINE('',#8811,#1905);
#1327=LINE('',#8812,#1906);
#1328=LINE('',#8815,#1907);
#1329=LINE('',#8819,#1908);
#1330=LINE('',#8820,#1909);
#1331=LINE('',#8823,#1910);
#1332=LINE('',#8825,#1911);
#1333=LINE('',#8826,#1912);
#1334=LINE('',#8830,#1913);
#1335=LINE('',#8833,#1914);
#1336=LINE('',#8834,#1915);
#1337=LINE('',#8838,#1916);
#1338=LINE('',#8841,#1917);
#1339=LINE('',#8842,#1918);
#1340=LINE('',#8846,#1919);
#1341=LINE('',#8849,#1920);
#1342=LINE('',#8850,#1921);
#1343=LINE('',#8855,#1922);
#1344=LINE('',#8858,#1923);
#1345=LINE('',#8861,#1924);
#1346=LINE('',#8862,#1925);
#1347=LINE('',#8865,#1926);
#1348=LINE('',#8869,#1927);
#1349=LINE('',#8870,#1928);
#1350=LINE('',#8873,#1929);
#1351=LINE('',#8875,#1930);
#1352=LINE('',#8876,#1931);
#1353=LINE('',#8880,#1932);
#1354=LINE('',#8883,#1933);
#1355=LINE('',#8884,#1934);
#1356=LINE('',#8888,#1935);
#1357=LINE('',#8891,#1936);
#1358=LINE('',#8892,#1937);
#1359=LINE('',#8896,#1938);
#1360=LINE('',#8899,#1939);
#1361=LINE('',#8900,#1940);
#1362=LINE('',#8905,#1941);
#1363=LINE('',#8908,#1942);
#1364=LINE('',#8911,#1943);
#1365=LINE('',#8912,#1944);
#1366=LINE('',#8915,#1945);
#1367=LINE('',#8919,#1946);
#1368=LINE('',#8920,#1947);
#1369=LINE('',#8923,#1948);
#1370=LINE('',#8925,#1949);
#1371=LINE('',#8926,#1950);
#1372=LINE('',#8930,#1951);
#1373=LINE('',#8933,#1952);
#1374=LINE('',#8934,#1953);
#1375=LINE('',#8938,#1954);
#1376=LINE('',#8941,#1955);
#1377=LINE('',#8942,#1956);
#1378=LINE('',#8946,#1957);
#1379=LINE('',#8949,#1958);
#1380=LINE('',#8950,#1959);
#1381=LINE('',#8955,#1960);
#1382=LINE('',#8958,#1961);
#1383=LINE('',#8961,#1962);
#1384=LINE('',#8962,#1963);
#1385=LINE('',#8965,#1964);
#1386=LINE('',#8969,#1965);
#1387=LINE('',#8970,#1966);
#1388=LINE('',#8973,#1967);
#1389=LINE('',#8975,#1968);
#1390=LINE('',#8976,#1969);
#1391=LINE('',#8980,#1970);
#1392=LINE('',#8983,#1971);
#1393=LINE('',#8984,#1972);
#1394=LINE('',#8988,#1973);
#1395=LINE('',#8991,#1974);
#1396=LINE('',#8992,#1975);
#1397=LINE('',#8996,#1976);
#1398=LINE('',#8999,#1977);
#1399=LINE('',#9000,#1978);
#1400=LINE('',#9005,#1979);
#1401=LINE('',#9008,#1980);
#1402=LINE('',#9011,#1981);
#1403=LINE('',#9012,#1982);
#1404=LINE('',#9015,#1983);
#1405=LINE('',#9019,#1984);
#1406=LINE('',#9020,#1985);
#1407=LINE('',#9023,#1986);
#1408=LINE('',#9025,#1987);
#1409=LINE('',#9026,#1988);
#1410=LINE('',#9030,#1989);
#1411=LINE('',#9033,#1990);
#1412=LINE('',#9034,#1991);
#1413=LINE('',#9038,#1992);
#1414=LINE('',#9041,#1993);
#1415=LINE('',#9042,#1994);
#1416=LINE('',#9046,#1995);
#1417=LINE('',#9049,#1996);
#1418=LINE('',#9050,#1997);
#1419=LINE('',#9055,#1998);
#1420=LINE('',#9058,#1999);
#1421=LINE('',#9061,#2000);
#1422=LINE('',#9062,#2001);
#1423=LINE('',#9065,#2002);
#1424=LINE('',#9069,#2003);
#1425=LINE('',#9070,#2004);
#1426=LINE('',#9073,#2005);
#1427=LINE('',#9075,#2006);
#1428=LINE('',#9076,#2007);
#1429=LINE('',#9080,#2008);
#1430=LINE('',#9083,#2009);
#1431=LINE('',#9084,#2010);
#1432=LINE('',#9088,#2011);
#1433=LINE('',#9091,#2012);
#1434=LINE('',#9092,#2013);
#1435=LINE('',#9096,#2014);
#1436=LINE('',#9099,#2015);
#1437=LINE('',#9100,#2016);
#1438=LINE('',#9105,#2017);
#1439=LINE('',#9108,#2018);
#1440=LINE('',#9111,#2019);
#1441=LINE('',#9113,#2020);
#1442=LINE('',#9115,#2021);
#1443=LINE('',#9116,#2022);
#1444=LINE('',#9119,#2023);
#1445=LINE('',#9123,#2024);
#1446=LINE('',#9124,#2025);
#1447=LINE('',#9127,#2026);
#1448=LINE('',#9129,#2027);
#1449=LINE('',#9130,#2028);
#1450=LINE('',#9134,#2029);
#1451=LINE('',#9137,#2030);
#1452=LINE('',#9138,#2031);
#1453=LINE('',#9142,#2032);
#1454=LINE('',#9145,#2033);
#1455=LINE('',#9146,#2034);
#1456=LINE('',#9150,#2035);
#1457=LINE('',#9153,#2036);
#1458=LINE('',#9154,#2037);
#1459=LINE('',#9159,#2038);
#1460=LINE('',#9162,#2039);
#1461=LINE('',#9165,#2040);
#1462=LINE('',#9166,#2041);
#1463=LINE('',#9169,#2042);
#1464=LINE('',#9173,#2043);
#1465=LINE('',#9174,#2044);
#1466=LINE('',#9177,#2045);
#1467=LINE('',#9179,#2046);
#1468=LINE('',#9180,#2047);
#1469=LINE('',#9184,#2048);
#1470=LINE('',#9187,#2049);
#1471=LINE('',#9188,#2050);
#1472=LINE('',#9192,#2051);
#1473=LINE('',#9195,#2052);
#1474=LINE('',#9196,#2053);
#1475=LINE('',#9200,#2054);
#1476=LINE('',#9203,#2055);
#1477=LINE('',#9204,#2056);
#1478=LINE('',#9209,#2057);
#1479=LINE('',#9212,#2058);
#1480=LINE('',#9215,#2059);
#1481=LINE('',#9216,#2060);
#1482=LINE('',#9219,#2061);
#1483=LINE('',#9223,#2062);
#1484=LINE('',#9224,#2063);
#1485=LINE('',#9227,#2064);
#1486=LINE('',#9229,#2065);
#1487=LINE('',#9230,#2066);
#1488=LINE('',#9234,#2067);
#1489=LINE('',#9237,#2068);
#1490=LINE('',#9238,#2069);
#1491=LINE('',#9242,#2070);
#1492=LINE('',#9245,#2071);
#1493=LINE('',#9246,#2072);
#1494=LINE('',#9250,#2073);
#1495=LINE('',#9253,#2074);
#1496=LINE('',#9254,#2075);
#1497=LINE('',#9259,#2076);
#1498=LINE('',#9262,#2077);
#1499=LINE('',#9265,#2078);
#1500=LINE('',#9266,#2079);
#1501=LINE('',#9269,#2080);
#1502=LINE('',#9273,#2081);
#1503=LINE('',#9274,#2082);
#1504=LINE('',#9277,#2083);
#1505=LINE('',#9279,#2084);
#1506=LINE('',#9280,#2085);
#1507=LINE('',#9284,#2086);
#1508=LINE('',#9287,#2087);
#1509=LINE('',#9288,#2088);
#1510=LINE('',#9292,#2089);
#1511=LINE('',#9295,#2090);
#1512=LINE('',#9296,#2091);
#1513=LINE('',#9300,#2092);
#1514=LINE('',#9303,#2093);
#1515=LINE('',#9304,#2094);
#1516=LINE('',#9309,#2095);
#1517=LINE('',#9312,#2096);
#1518=LINE('',#9315,#2097);
#1519=LINE('',#9316,#2098);
#1520=LINE('',#9319,#2099);
#1521=LINE('',#9323,#2100);
#1522=LINE('',#9324,#2101);
#1523=LINE('',#9328,#2102);
#1524=LINE('',#9330,#2103);
#1525=LINE('',#9332,#2104);
#1526=LINE('',#9333,#2105);
#1527=LINE('',#9337,#2106);
#1528=LINE('',#9339,#2107);
#1529=LINE('',#9341,#2108);
#1530=LINE('',#9342,#2109);
#1531=LINE('',#9348,#2110);
#1532=LINE('',#9351,#2111);
#1533=LINE('',#9353,#2112);
#1534=LINE('',#9354,#2113);
#1535=LINE('',#9361,#2114);
#1536=LINE('',#9363,#2115);
#1537=LINE('',#9365,#2116);
#1538=LINE('',#9366,#2117);
#1539=LINE('',#9369,#2118);
#1540=LINE('',#9371,#2119);
#1541=LINE('',#9372,#2120);
#1542=LINE('',#9375,#2121);
#1543=LINE('',#9377,#2122);
#1544=LINE('',#9378,#2123);
#1545=LINE('',#9382,#2124);
#1546=LINE('',#9384,#2125);
#1547=LINE('',#9386,#2126);
#1548=LINE('',#9387,#2127);
#1549=LINE('',#9390,#2128);
#1550=LINE('',#9392,#2129);
#1551=LINE('',#9393,#2130);
#1552=LINE('',#9396,#2131);
#1553=LINE('',#9398,#2132);
#1554=LINE('',#9399,#2133);
#1555=LINE('',#9401,#2134);
#1556=LINE('',#9402,#2135);
#1557=LINE('',#9405,#2136);
#1558=LINE('',#9409,#2137);
#1559=LINE('',#9413,#2138);
#1560=LINE('',#9417,#2139);
#1561=LINE('',#9421,#2140);
#1562=LINE('',#9425,#2141);
#1563=LINE('',#9429,#2142);
#1564=LINE('',#9433,#2143);
#1565=LINE('',#9437,#2144);
#1566=LINE('',#9441,#2145);
#1567=LINE('',#9445,#2146);
#1568=LINE('',#9449,#2147);
#1569=LINE('',#9453,#2148);
#1570=LINE('',#9457,#2149);
#1571=LINE('',#9461,#2150);
#1572=LINE('',#9465,#2151);
#1573=LINE('',#9468,#2152);
#1574=LINE('',#9470,#2153);
#1575=LINE('',#9474,#2154);
#1576=LINE('',#9478,#2155);
#1577=LINE('',#9482,#2156);
#1578=LINE('',#9485,#2157);
#1579=LINE('',#9495,#2158);
#1580=LINE('',#9496,#2159);
#1581=LINE('',#9498,#2160);
#1582=LINE('',#9499,#2161);
#1583=LINE('',#9504,#2162);
#1584=LINE('',#9508,#2163);
#1585=LINE('',#9513,#2164);
#1586=LINE('',#9523,#2165);
#1587=LINE('',#9525,#2166);
#1588=LINE('',#9530,#2167);
#1589=LINE('',#9532,#2168);
#1590=LINE('',#9537,#2169);
#1591=LINE('',#9539,#2170);
#1592=LINE('',#9544,#2171);
#1593=LINE('',#9546,#2172);
#1594=LINE('',#9550,#2173);
#1595=LINE('',#9551,#2174);
#1596=LINE('',#9552,#2175);
#1597=LINE('',#9556,#2176);
#1598=LINE('',#9559,#2177);
#1599=LINE('',#9560,#2178);
#1600=LINE('',#9564,#2179);
#1601=LINE('',#9567,#2180);
#1602=LINE('',#9568,#2181);
#1603=LINE('',#9572,#2182);
#1604=LINE('',#9575,#2183);
#1605=LINE('',#9576,#2184);
#1606=LINE('',#9580,#2185);
#1607=LINE('',#9583,#2186);
#1608=LINE('',#9584,#2187);
#1609=LINE('',#9588,#2188);
#1610=LINE('',#9591,#2189);
#1611=LINE('',#9592,#2190);
#1612=LINE('',#9596,#2191);
#1613=LINE('',#9599,#2192);
#1614=LINE('',#9600,#2193);
#1615=LINE('',#9604,#2194);
#1616=LINE('',#9607,#2195);
#1617=LINE('',#9608,#2196);
#1618=LINE('',#9612,#2197);
#1619=LINE('',#9615,#2198);
#1620=LINE('',#9616,#2199);
#1621=LINE('',#9620,#2200);
#1622=LINE('',#9623,#2201);
#1623=LINE('',#9624,#2202);
#1624=LINE('',#9628,#2203);
#1625=LINE('',#9631,#2204);
#1626=LINE('',#9632,#2205);
#1627=LINE('',#9636,#2206);
#1628=LINE('',#9639,#2207);
#1629=LINE('',#9640,#2208);
#1630=LINE('',#9644,#2209);
#1631=LINE('',#9647,#2210);
#1632=LINE('',#9648,#2211);
#1633=LINE('',#9652,#2212);
#1634=LINE('',#9655,#2213);
#1635=LINE('',#9656,#2214);
#1636=LINE('',#9660,#2215);
#1637=LINE('',#9663,#2216);
#1638=LINE('',#9664,#2217);
#1639=LINE('',#9668,#2218);
#1640=LINE('',#9671,#2219);
#1641=LINE('',#9672,#2220);
#1642=LINE('',#9677,#2221);
#1643=LINE('',#9680,#2222);
#1644=LINE('',#9682,#2223);
#1645=LINE('',#9685,#2224);
#1646=LINE('',#9688,#2225);
#1647=LINE('',#9690,#2226);
#1648=LINE('',#9693,#2227);
#1649=LINE('',#9696,#2228);
#1650=LINE('',#9698,#2229);
#1651=LINE('',#9701,#2230);
#1652=LINE('',#9704,#2231);
#1653=LINE('',#9706,#2232);
#1654=LINE('',#9709,#2233);
#1655=LINE('',#9712,#2234);
#1656=LINE('',#9714,#2235);
#1657=LINE('',#9717,#2236);
#1658=LINE('',#9720,#2237);
#1659=LINE('',#9722,#2238);
#1660=LINE('',#9725,#2239);
#1661=LINE('',#9728,#2240);
#1662=LINE('',#9730,#2241);
#1663=LINE('',#9733,#2242);
#1664=LINE('',#9736,#2243);
#1665=LINE('',#9738,#2244);
#1666=LINE('',#9741,#2245);
#1667=LINE('',#9744,#2246);
#1668=LINE('',#9746,#2247);
#1669=LINE('',#9749,#2248);
#1670=LINE('',#9752,#2249);
#1671=LINE('',#9754,#2250);
#1672=LINE('',#9757,#2251);
#1673=LINE('',#9760,#2252);
#1674=LINE('',#9762,#2253);
#1675=LINE('',#9765,#2254);
#1676=LINE('',#9768,#2255);
#1677=LINE('',#9770,#2256);
#1678=LINE('',#9773,#2257);
#1679=LINE('',#9776,#2258);
#1680=LINE('',#9778,#2259);
#1681=LINE('',#9781,#2260);
#1682=LINE('',#9784,#2261);
#1683=LINE('',#9786,#2262);
#1684=LINE('',#9789,#2263);
#1685=LINE('',#9792,#2264);
#1686=LINE('',#9794,#2265);
#1687=LINE('',#9797,#2266);
#1688=LINE('',#9800,#2267);
#1689=LINE('',#9802,#2268);
#1690=LINE('',#9805,#2269);
#1691=LINE('',#9808,#2270);
#1692=LINE('',#9811,#2271);
#1693=LINE('',#9814,#2272);
#1694=LINE('',#9817,#2273);
#1695=LINE('',#9820,#2274);
#1696=LINE('',#9823,#2275);
#1697=LINE('',#9826,#2276);
#1698=LINE('',#9829,#2277);
#1699=LINE('',#9832,#2278);
#1700=LINE('',#9835,#2279);
#1701=LINE('',#9838,#2280);
#1702=LINE('',#9841,#2281);
#1703=LINE('',#9844,#2282);
#1704=LINE('',#9847,#2283);
#1705=LINE('',#9850,#2284);
#1706=LINE('',#9853,#2285);
#1707=LINE('',#9856,#2286);
#1708=LINE('',#9859,#2287);
#1709=LINE('',#9862,#2288);
#1710=LINE('',#9865,#2289);
#1711=LINE('',#9868,#2290);
#1712=LINE('',#9871,#2291);
#1713=LINE('',#9874,#2292);
#1714=LINE('',#9877,#2293);
#1715=LINE('',#9880,#2294);
#1716=LINE('',#9883,#2295);
#1717=LINE('',#9886,#2296);
#1718=LINE('',#9889,#2297);
#1719=LINE('',#9892,#2298);
#1720=LINE('',#9895,#2299);
#1721=LINE('',#9898,#2300);
#1722=LINE('',#9900,#2301);
#1723=LINE('',#9901,#2302);
#1724=LINE('',#9903,#2303);
#1725=LINE('',#9905,#2304);
#1726=LINE('',#9907,#2305);
#1727=LINE('',#9909,#2306);
#1728=VECTOR('',#6520,10.);
#1729=VECTOR('',#6521,10.);
#1730=VECTOR('',#6522,10.);
#1731=VECTOR('',#6523,10.);
#1732=VECTOR('',#6528,10.);
#1733=VECTOR('',#6533,10.);
#1734=VECTOR('',#6534,10.);
#1735=VECTOR('',#6535,10.);
#1736=VECTOR('',#6540,10.);
#1737=VECTOR('',#6545,10.);
#1738=VECTOR('',#6546,10.);
#1739=VECTOR('',#6547,10.);
#1740=VECTOR('',#6552,10.);
#1741=VECTOR('',#6557,10.);
#1742=VECTOR('',#6558,10.);
#1743=VECTOR('',#6559,10.);
#1744=VECTOR('',#6568,10.);
#1745=VECTOR('',#6571,10.);
#1746=VECTOR('',#6574,10.);
#1747=VECTOR('',#6575,10.);
#1748=VECTOR('',#6578,10.);
#1749=VECTOR('',#6583,10.);
#1750=VECTOR('',#6584,10.);
#1751=VECTOR('',#6589,10.);
#1752=VECTOR('',#6592,10.);
#1753=VECTOR('',#6595,10.);
#1754=VECTOR('',#6598,10.);
#1755=VECTOR('',#6599,10.);
#1756=VECTOR('',#6602,10.);
#1757=VECTOR('',#6605,10.);
#1758=VECTOR('',#6608,10.);
#1759=VECTOR('',#6611,10.);
#1760=VECTOR('',#6614,10.);
#1761=VECTOR('',#6617,10.);
#1762=VECTOR('',#6620,10.);
#1763=VECTOR('',#6623,10.);
#1764=VECTOR('',#6626,10.);
#1765=VECTOR('',#6629,10.);
#1766=VECTOR('',#6632,10.);
#1767=VECTOR('',#6635,10.);
#1768=VECTOR('',#6638,10.);
#1769=VECTOR('',#6641,10.);
#1770=VECTOR('',#6644,10.);
#1771=VECTOR('',#6647,10.);
#1772=VECTOR('',#6650,10.);
#1773=VECTOR('',#6653,10.);
#1774=VECTOR('',#6656,10.);
#1775=VECTOR('',#6659,10.);
#1776=VECTOR('',#6662,10.);
#1777=VECTOR('',#6665,10.);
#1778=VECTOR('',#6668,10.);
#1779=VECTOR('',#6671,10.);
#1780=VECTOR('',#6674,10.);
#1781=VECTOR('',#6677,10.);
#1782=VECTOR('',#6680,10.);
#1783=VECTOR('',#6683,10.);
#1784=VECTOR('',#6686,10.);
#1785=VECTOR('',#6689,10.);
#1786=VECTOR('',#6692,10.);
#1787=VECTOR('',#6695,10.);
#1788=VECTOR('',#6698,10.);
#1789=VECTOR('',#6701,10.);
#1790=VECTOR('',#6704,10.);
#1791=VECTOR('',#6707,10.);
#1792=VECTOR('',#6710,10.);
#1793=VECTOR('',#6713,10.);
#1794=VECTOR('',#6716,10.);
#1795=VECTOR('',#6719,10.);
#1796=VECTOR('',#6722,10.);
#1797=VECTOR('',#6725,10.);
#1798=VECTOR('',#6728,10.);
#1799=VECTOR('',#6731,10.);
#1800=VECTOR('',#6734,10.);
#1801=VECTOR('',#6737,10.);
#1802=VECTOR('',#6740,10.);
#1803=VECTOR('',#6743,10.);
#1804=VECTOR('',#6746,10.);
#1805=VECTOR('',#6749,10.);
#1806=VECTOR('',#6752,10.);
#1807=VECTOR('',#6755,10.);
#1808=VECTOR('',#6758,10.);
#1809=VECTOR('',#6761,10.);
#1810=VECTOR('',#6764,10.);
#1811=VECTOR('',#6767,10.);
#1812=VECTOR('',#6770,10.);
#1813=VECTOR('',#6773,10.);
#1814=VECTOR('',#6776,10.);
#1815=VECTOR('',#6781,10.);
#1816=VECTOR('',#6782,10.);
#1817=VECTOR('',#6783,10.);
#1818=VECTOR('',#6788,10.);
#1819=VECTOR('',#6791,10.);
#1820=VECTOR('',#6792,10.);
#1821=VECTOR('',#6797,10.);
#1822=VECTOR('',#6800,10.);
#1823=VECTOR('',#6801,10.);
#1824=VECTOR('',#6806,10.);
#1825=VECTOR('',#6809,10.);
#1826=VECTOR('',#6810,10.);
#1827=VECTOR('',#6817,10.);
#1828=VECTOR('',#6820,10.);
#1829=VECTOR('',#6823,10.);
#1830=VECTOR('',#6824,10.);
#1831=VECTOR('',#6827,10.);
#1832=VECTOR('',#6832,10.);
#1833=VECTOR('',#6833,10.);
#1834=VECTOR('',#6836,10.);
#1835=VECTOR('',#6837,10.);
#1836=VECTOR('',#6838,10.);
#1837=VECTOR('',#6843,10.);
#1838=VECTOR('',#6846,10.);
#1839=VECTOR('',#6847,10.);
#1840=VECTOR('',#6852,10.);
#1841=VECTOR('',#6855,10.);
#1842=VECTOR('',#6856,10.);
#1843=VECTOR('',#6861,10.);
#1844=VECTOR('',#6864,10.);
#1845=VECTOR('',#6865,10.);
#1846=VECTOR('',#6872,10.);
#1847=VECTOR('',#6875,10.);
#1848=VECTOR('',#6878,10.);
#1849=VECTOR('',#6879,10.);
#1850=VECTOR('',#6882,10.);
#1851=VECTOR('',#6887,10.);
#1852=VECTOR('',#6888,10.);
#1853=VECTOR('',#6891,10.);
#1854=VECTOR('',#6892,10.);
#1855=VECTOR('',#6893,10.);
#1856=VECTOR('',#6898,10.);
#1857=VECTOR('',#6901,10.);
#1858=VECTOR('',#6902,10.);
#1859=VECTOR('',#6907,10.);
#1860=VECTOR('',#6910,10.);
#1861=VECTOR('',#6911,10.);
#1862=VECTOR('',#6916,10.);
#1863=VECTOR('',#6919,10.);
#1864=VECTOR('',#6920,10.);
#1865=VECTOR('',#6927,10.);
#1866=VECTOR('',#6930,10.);
#1867=VECTOR('',#6933,10.);
#1868=VECTOR('',#6934,10.);
#1869=VECTOR('',#6937,10.);
#1870=VECTOR('',#6942,10.);
#1871=VECTOR('',#6943,10.);
#1872=VECTOR('',#6946,10.);
#1873=VECTOR('',#6947,10.);
#1874=VECTOR('',#6948,10.);
#1875=VECTOR('',#6953,10.);
#1876=VECTOR('',#6956,10.);
#1877=VECTOR('',#6957,10.);
#1878=VECTOR('',#6962,10.);
#1879=VECTOR('',#6965,10.);
#1880=VECTOR('',#6966,10.);
#1881=VECTOR('',#6971,10.);
#1882=VECTOR('',#6974,10.);
#1883=VECTOR('',#6975,10.);
#1884=VECTOR('',#6982,10.);
#1885=VECTOR('',#6985,10.);
#1886=VECTOR('',#6988,10.);
#1887=VECTOR('',#6989,10.);
#1888=VECTOR('',#6992,10.);
#1889=VECTOR('',#6997,10.);
#1890=VECTOR('',#6998,10.);
#1891=VECTOR('',#7001,10.);
#1892=VECTOR('',#7002,10.);
#1893=VECTOR('',#7003,10.);
#1894=VECTOR('',#7008,10.);
#1895=VECTOR('',#7011,10.);
#1896=VECTOR('',#7012,10.);
#1897=VECTOR('',#7017,10.);
#1898=VECTOR('',#7020,10.);
#1899=VECTOR('',#7021,10.);
#1900=VECTOR('',#7026,10.);
#1901=VECTOR('',#7029,10.);
#1902=VECTOR('',#7030,10.);
#1903=VECTOR('',#7037,10.);
#1904=VECTOR('',#7040,10.);
#1905=VECTOR('',#7043,10.);
#1906=VECTOR('',#7044,10.);
#1907=VECTOR('',#7047,10.);
#1908=VECTOR('',#7052,10.);
#1909=VECTOR('',#7053,10.);
#1910=VECTOR('',#7056,10.);
#1911=VECTOR('',#7057,10.);
#1912=VECTOR('',#7058,10.);
#1913=VECTOR('',#7063,10.);
#1914=VECTOR('',#7066,10.);
#1915=VECTOR('',#7067,10.);
#1916=VECTOR('',#7072,10.);
#1917=VECTOR('',#7075,10.);
#1918=VECTOR('',#7076,10.);
#1919=VECTOR('',#7081,10.);
#1920=VECTOR('',#7084,10.);
#1921=VECTOR('',#7085,10.);
#1922=VECTOR('',#7092,10.);
#1923=VECTOR('',#7095,10.);
#1924=VECTOR('',#7098,10.);
#1925=VECTOR('',#7099,10.);
#1926=VECTOR('',#7102,10.);
#1927=VECTOR('',#7107,10.);
#1928=VECTOR('',#7108,10.);
#1929=VECTOR('',#7111,10.);
#1930=VECTOR('',#7112,10.);
#1931=VECTOR('',#7113,10.);
#1932=VECTOR('',#7118,10.);
#1933=VECTOR('',#7121,10.);
#1934=VECTOR('',#7122,10.);
#1935=VECTOR('',#7127,10.);
#1936=VECTOR('',#7130,10.);
#1937=VECTOR('',#7131,10.);
#1938=VECTOR('',#7136,10.);
#1939=VECTOR('',#7139,10.);
#1940=VECTOR('',#7140,10.);
#1941=VECTOR('',#7147,10.);
#1942=VECTOR('',#7150,10.);
#1943=VECTOR('',#7153,10.);
#1944=VECTOR('',#7154,10.);
#1945=VECTOR('',#7157,10.);
#1946=VECTOR('',#7162,10.);
#1947=VECTOR('',#7163,10.);
#1948=VECTOR('',#7166,10.);
#1949=VECTOR('',#7167,10.);
#1950=VECTOR('',#7168,10.);
#1951=VECTOR('',#7173,10.);
#1952=VECTOR('',#7176,10.);
#1953=VECTOR('',#7177,10.);
#1954=VECTOR('',#7182,10.);
#1955=VECTOR('',#7185,10.);
#1956=VECTOR('',#7186,10.);
#1957=VECTOR('',#7191,10.);
#1958=VECTOR('',#7194,10.);
#1959=VECTOR('',#7195,10.);
#1960=VECTOR('',#7202,10.);
#1961=VECTOR('',#7205,10.);
#1962=VECTOR('',#7208,10.);
#1963=VECTOR('',#7209,10.);
#1964=VECTOR('',#7212,10.);
#1965=VECTOR('',#7217,10.);
#1966=VECTOR('',#7218,10.);
#1967=VECTOR('',#7221,10.);
#1968=VECTOR('',#7222,10.);
#1969=VECTOR('',#7223,10.);
#1970=VECTOR('',#7228,10.);
#1971=VECTOR('',#7231,10.);
#1972=VECTOR('',#7232,10.);
#1973=VECTOR('',#7237,10.);
#1974=VECTOR('',#7240,10.);
#1975=VECTOR('',#7241,10.);
#1976=VECTOR('',#7246,10.);
#1977=VECTOR('',#7249,10.);
#1978=VECTOR('',#7250,10.);
#1979=VECTOR('',#7257,10.);
#1980=VECTOR('',#7260,10.);
#1981=VECTOR('',#7263,10.);
#1982=VECTOR('',#7264,10.);
#1983=VECTOR('',#7267,10.);
#1984=VECTOR('',#7272,10.);
#1985=VECTOR('',#7273,10.);
#1986=VECTOR('',#7276,10.);
#1987=VECTOR('',#7277,10.);
#1988=VECTOR('',#7278,10.);
#1989=VECTOR('',#7283,10.);
#1990=VECTOR('',#7286,10.);
#1991=VECTOR('',#7287,10.);
#1992=VECTOR('',#7292,10.);
#1993=VECTOR('',#7295,10.);
#1994=VECTOR('',#7296,10.);
#1995=VECTOR('',#7301,10.);
#1996=VECTOR('',#7304,10.);
#1997=VECTOR('',#7305,10.);
#1998=VECTOR('',#7312,10.);
#1999=VECTOR('',#7315,10.);
#2000=VECTOR('',#7318,10.);
#2001=VECTOR('',#7319,10.);
#2002=VECTOR('',#7322,10.);
#2003=VECTOR('',#7327,10.);
#2004=VECTOR('',#7328,10.);
#2005=VECTOR('',#7331,10.);
#2006=VECTOR('',#7332,10.);
#2007=VECTOR('',#7333,10.);
#2008=VECTOR('',#7338,10.);
#2009=VECTOR('',#7341,10.);
#2010=VECTOR('',#7342,10.);
#2011=VECTOR('',#7347,10.);
#2012=VECTOR('',#7350,10.);
#2013=VECTOR('',#7351,10.);
#2014=VECTOR('',#7356,10.);
#2015=VECTOR('',#7359,10.);
#2016=VECTOR('',#7360,10.);
#2017=VECTOR('',#7367,10.);
#2018=VECTOR('',#7370,10.);
#2019=VECTOR('',#7373,10.);
#2020=VECTOR('',#7374,10.);
#2021=VECTOR('',#7375,10.);
#2022=VECTOR('',#7376,10.);
#2023=VECTOR('',#7379,10.);
#2024=VECTOR('',#7384,10.);
#2025=VECTOR('',#7385,10.);
#2026=VECTOR('',#7388,10.);
#2027=VECTOR('',#7389,10.);
#2028=VECTOR('',#7390,10.);
#2029=VECTOR('',#7395,10.);
#2030=VECTOR('',#7398,10.);
#2031=VECTOR('',#7399,10.);
#2032=VECTOR('',#7404,10.);
#2033=VECTOR('',#7407,10.);
#2034=VECTOR('',#7408,10.);
#2035=VECTOR('',#7413,10.);
#2036=VECTOR('',#7416,10.);
#2037=VECTOR('',#7417,10.);
#2038=VECTOR('',#7424,10.);
#2039=VECTOR('',#7427,10.);
#2040=VECTOR('',#7430,10.);
#2041=VECTOR('',#7431,10.);
#2042=VECTOR('',#7434,10.);
#2043=VECTOR('',#7439,10.);
#2044=VECTOR('',#7440,10.);
#2045=VECTOR('',#7443,10.);
#2046=VECTOR('',#7444,10.);
#2047=VECTOR('',#7445,10.);
#2048=VECTOR('',#7450,10.);
#2049=VECTOR('',#7453,10.);
#2050=VECTOR('',#7454,10.);
#2051=VECTOR('',#7459,10.);
#2052=VECTOR('',#7462,10.);
#2053=VECTOR('',#7463,10.);
#2054=VECTOR('',#7468,10.);
#2055=VECTOR('',#7471,10.);
#2056=VECTOR('',#7472,10.);
#2057=VECTOR('',#7479,10.);
#2058=VECTOR('',#7482,10.);
#2059=VECTOR('',#7485,10.);
#2060=VECTOR('',#7486,10.);
#2061=VECTOR('',#7489,10.);
#2062=VECTOR('',#7494,10.);
#2063=VECTOR('',#7495,10.);
#2064=VECTOR('',#7498,10.);
#2065=VECTOR('',#7499,10.);
#2066=VECTOR('',#7500,10.);
#2067=VECTOR('',#7505,10.);
#2068=VECTOR('',#7508,10.);
#2069=VECTOR('',#7509,10.);
#2070=VECTOR('',#7514,10.);
#2071=VECTOR('',#7517,10.);
#2072=VECTOR('',#7518,10.);
#2073=VECTOR('',#7523,10.);
#2074=VECTOR('',#7526,10.);
#2075=VECTOR('',#7527,10.);
#2076=VECTOR('',#7534,10.);
#2077=VECTOR('',#7537,10.);
#2078=VECTOR('',#7540,10.);
#2079=VECTOR('',#7541,10.);
#2080=VECTOR('',#7544,10.);
#2081=VECTOR('',#7549,10.);
#2082=VECTOR('',#7550,10.);
#2083=VECTOR('',#7553,10.);
#2084=VECTOR('',#7554,10.);
#2085=VECTOR('',#7555,10.);
#2086=VECTOR('',#7560,10.);
#2087=VECTOR('',#7563,10.);
#2088=VECTOR('',#7564,10.);
#2089=VECTOR('',#7569,10.);
#2090=VECTOR('',#7572,10.);
#2091=VECTOR('',#7573,10.);
#2092=VECTOR('',#7578,10.);
#2093=VECTOR('',#7581,10.);
#2094=VECTOR('',#7582,10.);
#2095=VECTOR('',#7589,10.);
#2096=VECTOR('',#7592,10.);
#2097=VECTOR('',#7595,10.);
#2098=VECTOR('',#7596,10.);
#2099=VECTOR('',#7599,10.);
#2100=VECTOR('',#7604,10.);
#2101=VECTOR('',#7605,10.);
#2102=VECTOR('',#7608,10.);
#2103=VECTOR('',#7609,10.);
#2104=VECTOR('',#7610,10.);
#2105=VECTOR('',#7611,10.);
#2106=VECTOR('',#7614,10.);
#2107=VECTOR('',#7615,10.);
#2108=VECTOR('',#7616,10.);
#2109=VECTOR('',#7617,10.);
#2110=VECTOR('',#7624,10.);
#2111=VECTOR('',#7627,10.);
#2112=VECTOR('',#7628,10.);
#2113=VECTOR('',#7629,10.);
#2114=VECTOR('',#7638,10.);
#2115=VECTOR('',#7639,10.);
#2116=VECTOR('',#7640,10.);
#2117=VECTOR('',#7641,10.);
#2118=VECTOR('',#7644,10.);
#2119=VECTOR('',#7645,10.);
#2120=VECTOR('',#7646,10.);
#2121=VECTOR('',#7649,10.);
#2122=VECTOR('',#7650,10.);
#2123=VECTOR('',#7651,10.);
#2124=VECTOR('',#7654,10.);
#2125=VECTOR('',#7655,10.);
#2126=VECTOR('',#7656,10.);
#2127=VECTOR('',#7657,10.);
#2128=VECTOR('',#7660,10.);
#2129=VECTOR('',#7661,10.);
#2130=VECTOR('',#7662,10.);
#2131=VECTOR('',#7665,10.);
#2132=VECTOR('',#7666,10.);
#2133=VECTOR('',#7667,10.);
#2134=VECTOR('',#7670,10.);
#2135=VECTOR('',#7671,10.);
#2136=VECTOR('',#7674,10.);
#2137=VECTOR('',#7677,10.);
#2138=VECTOR('',#7680,10.);
#2139=VECTOR('',#7683,10.);
#2140=VECTOR('',#7686,10.);
#2141=VECTOR('',#7689,10.);
#2142=VECTOR('',#7692,10.);
#2143=VECTOR('',#7695,10.);
#2144=VECTOR('',#7698,10.);
#2145=VECTOR('',#7701,10.);
#2146=VECTOR('',#7704,10.);
#2147=VECTOR('',#7707,10.);
#2148=VECTOR('',#7710,10.);
#2149=VECTOR('',#7713,10.);
#2150=VECTOR('',#7716,10.);
#2151=VECTOR('',#7719,10.);
#2152=VECTOR('',#7722,10.);
#2153=VECTOR('',#7723,10.);
#2154=VECTOR('',#7726,10.);
#2155=VECTOR('',#7729,10.);
#2156=VECTOR('',#7732,10.);
#2157=VECTOR('',#7735,10.);
#2158=VECTOR('',#7746,10.);
#2159=VECTOR('',#7747,10.);
#2160=VECTOR('',#7750,10.);
#2161=VECTOR('',#7751,10.);
#2162=VECTOR('',#7756,0.519);
#2163=VECTOR('',#7761,1.038);
#2164=VECTOR('',#7766,2.5);
#2165=VECTOR('',#7781,0.40575);
#2166=VECTOR('',#7784,0.8115);
#2167=VECTOR('',#7789,0.40575);
#2168=VECTOR('',#7792,0.8115);
#2169=VECTOR('',#7797,0.40575);
#2170=VECTOR('',#7800,0.8115);
#2171=VECTOR('',#7805,0.40575);
#2172=VECTOR('',#7808,0.8115);
#2173=VECTOR('',#7811,10.);
#2174=VECTOR('',#7812,10.);
#2175=VECTOR('',#7813,10.);
#2176=VECTOR('',#7818,10.);
#2177=VECTOR('',#7821,10.);
#2178=VECTOR('',#7822,10.);
#2179=VECTOR('',#7827,10.);
#2180=VECTOR('',#7830,10.);
#2181=VECTOR('',#7831,10.);
#2182=VECTOR('',#7836,10.);
#2183=VECTOR('',#7839,10.);
#2184=VECTOR('',#7840,10.);
#2185=VECTOR('',#7845,10.);
#2186=VECTOR('',#7848,10.);
#2187=VECTOR('',#7849,10.);
#2188=VECTOR('',#7854,10.);
#2189=VECTOR('',#7857,10.);
#2190=VECTOR('',#7858,10.);
#2191=VECTOR('',#7863,10.);
#2192=VECTOR('',#7866,10.);
#2193=VECTOR('',#7867,10.);
#2194=VECTOR('',#7872,10.);
#2195=VECTOR('',#7875,10.);
#2196=VECTOR('',#7876,10.);
#2197=VECTOR('',#7881,10.);
#2198=VECTOR('',#7884,10.);
#2199=VECTOR('',#7885,10.);
#2200=VECTOR('',#7890,10.);
#2201=VECTOR('',#7893,10.);
#2202=VECTOR('',#7894,10.);
#2203=VECTOR('',#7899,10.);
#2204=VECTOR('',#7902,10.);
#2205=VECTOR('',#7903,10.);
#2206=VECTOR('',#7908,10.);
#2207=VECTOR('',#7911,10.);
#2208=VECTOR('',#7912,10.);
#2209=VECTOR('',#7917,10.);
#2210=VECTOR('',#7920,10.);
#2211=VECTOR('',#7921,10.);
#2212=VECTOR('',#7926,10.);
#2213=VECTOR('',#7929,10.);
#2214=VECTOR('',#7930,10.);
#2215=VECTOR('',#7935,10.);
#2216=VECTOR('',#7938,10.);
#2217=VECTOR('',#7939,10.);
#2218=VECTOR('',#7944,10.);
#2219=VECTOR('',#7947,10.);
#2220=VECTOR('',#7948,10.);
#2221=VECTOR('',#7955,10.);
#2222=VECTOR('',#7958,10.);
#2223=VECTOR('',#7961,10.);
#2224=VECTOR('',#7964,10.);
#2225=VECTOR('',#7967,10.);
#2226=VECTOR('',#7970,10.);
#2227=VECTOR('',#7973,10.);
#2228=VECTOR('',#7976,10.);
#2229=VECTOR('',#7979,10.);
#2230=VECTOR('',#7982,10.);
#2231=VECTOR('',#7985,10.);
#2232=VECTOR('',#7988,10.);
#2233=VECTOR('',#7991,10.);
#2234=VECTOR('',#7994,10.);
#2235=VECTOR('',#7997,10.);
#2236=VECTOR('',#8000,10.);
#2237=VECTOR('',#8003,10.);
#2238=VECTOR('',#8006,10.);
#2239=VECTOR('',#8009,10.);
#2240=VECTOR('',#8012,10.);
#2241=VECTOR('',#8015,10.);
#2242=VECTOR('',#8018,10.);
#2243=VECTOR('',#8021,10.);
#2244=VECTOR('',#8024,10.);
#2245=VECTOR('',#8027,10.);
#2246=VECTOR('',#8030,10.);
#2247=VECTOR('',#8033,10.);
#2248=VECTOR('',#8036,10.);
#2249=VECTOR('',#8039,10.);
#2250=VECTOR('',#8042,10.);
#2251=VECTOR('',#8045,10.);
#2252=VECTOR('',#8048,10.);
#2253=VECTOR('',#8051,10.);
#2254=VECTOR('',#8054,10.);
#2255=VECTOR('',#8057,10.);
#2256=VECTOR('',#8060,10.);
#2257=VECTOR('',#8063,10.);
#2258=VECTOR('',#8066,10.);
#2259=VECTOR('',#8069,10.);
#2260=VECTOR('',#8072,10.);
#2261=VECTOR('',#8075,10.);
#2262=VECTOR('',#8078,10.);
#2263=VECTOR('',#8081,10.);
#2264=VECTOR('',#8084,10.);
#2265=VECTOR('',#8087,10.);
#2266=VECTOR('',#8090,10.);
#2267=VECTOR('',#8093,10.);
#2268=VECTOR('',#8096,10.);
#2269=VECTOR('',#8099,10.);
#2270=VECTOR('',#8104,10.);
#2271=VECTOR('',#8107,10.);
#2272=VECTOR('',#8112,10.);
#2273=VECTOR('',#8115,10.);
#2274=VECTOR('',#8120,10.);
#2275=VECTOR('',#8123,10.);
#2276=VECTOR('',#8128,10.);
#2277=VECTOR('',#8131,10.);
#2278=VECTOR('',#8136,10.);
#2279=VECTOR('',#8139,10.);
#2280=VECTOR('',#8144,10.);
#2281=VECTOR('',#8147,10.);
#2282=VECTOR('',#8152,10.);
#2283=VECTOR('',#8155,10.);
#2284=VECTOR('',#8160,10.);
#2285=VECTOR('',#8163,10.);
#2286=VECTOR('',#8168,10.);
#2287=VECTOR('',#8171,10.);
#2288=VECTOR('',#8176,10.);
#2289=VECTOR('',#8179,10.);
#2290=VECTOR('',#8184,10.);
#2291=VECTOR('',#8187,10.);
#2292=VECTOR('',#8192,10.);
#2293=VECTOR('',#8195,10.);
#2294=VECTOR('',#8200,10.);
#2295=VECTOR('',#8203,10.);
#2296=VECTOR('',#8208,10.);
#2297=VECTOR('',#8211,10.);
#2298=VECTOR('',#8216,10.);
#2299=VECTOR('',#8219,10.);
#2300=VECTOR('',#8224,10.);
#2301=VECTOR('',#8227,10.);
#2302=VECTOR('',#8228,10.);
#2303=VECTOR('',#8231,10.);
#2304=VECTOR('',#8234,10.);
#2305=VECTOR('',#8237,10.);
#2306=VECTOR('',#8240,10.);
#2307=VERTEX_POINT('',#8249);
#2308=VERTEX_POINT('',#8250);
#2309=VERTEX_POINT('',#8252);
#2310=VERTEX_POINT('',#8254);
#2311=VERTEX_POINT('',#8258);
#2312=VERTEX_POINT('',#8260);
#2313=VERTEX_POINT('',#8264);
#2314=VERTEX_POINT('',#8265);
#2315=VERTEX_POINT('',#8270);
#2316=VERTEX_POINT('',#8272);
#2317=VERTEX_POINT('',#8276);
#2318=VERTEX_POINT('',#8277);
#2319=VERTEX_POINT('',#8282);
#2320=VERTEX_POINT('',#8284);
#2321=VERTEX_POINT('',#8288);
#2322=VERTEX_POINT('',#8289);
#2323=VERTEX_POINT('',#8297);
#2324=VERTEX_POINT('',#8299);
#2325=VERTEX_POINT('',#8303);
#2326=VERTEX_POINT('',#8307);
#2327=VERTEX_POINT('',#8311);
#2328=VERTEX_POINT('',#8315);
#2329=VERTEX_POINT('',#8316);
#2330=VERTEX_POINT('',#8318);
#2331=VERTEX_POINT('',#8320);
#2332=VERTEX_POINT('',#8322);
#2333=VERTEX_POINT('',#8324);
#2334=VERTEX_POINT('',#8326);
#2335=VERTEX_POINT('',#8328);
#2336=VERTEX_POINT('',#8331);
#2337=VERTEX_POINT('',#8332);
#2338=VERTEX_POINT('',#8334);
#2339=VERTEX_POINT('',#8336);
#2340=VERTEX_POINT('',#8338);
#2341=VERTEX_POINT('',#8340);
#2342=VERTEX_POINT('',#8342);
#2343=VERTEX_POINT('',#8344);
#2344=VERTEX_POINT('',#8347);
#2345=VERTEX_POINT('',#8348);
#2346=VERTEX_POINT('',#8350);
#2347=VERTEX_POINT('',#8352);
#2348=VERTEX_POINT('',#8354);
#2349=VERTEX_POINT('',#8356);
#2350=VERTEX_POINT('',#8358);
#2351=VERTEX_POINT('',#8360);
#2352=VERTEX_POINT('',#8363);
#2353=VERTEX_POINT('',#8364);
#2354=VERTEX_POINT('',#8366);
#2355=VERTEX_POINT('',#8368);
#2356=VERTEX_POINT('',#8370);
#2357=VERTEX_POINT('',#8372);
#2358=VERTEX_POINT('',#8374);
#2359=VERTEX_POINT('',#8376);
#2360=VERTEX_POINT('',#8379);
#2361=VERTEX_POINT('',#8380);
#2362=VERTEX_POINT('',#8382);
#2363=VERTEX_POINT('',#8384);
#2364=VERTEX_POINT('',#8386);
#2365=VERTEX_POINT('',#8388);
#2366=VERTEX_POINT('',#8390);
#2367=VERTEX_POINT('',#8392);
#2368=VERTEX_POINT('',#8395);
#2369=VERTEX_POINT('',#8396);
#2370=VERTEX_POINT('',#8398);
#2371=VERTEX_POINT('',#8400);
#2372=VERTEX_POINT('',#8402);
#2373=VERTEX_POINT('',#8404);
#2374=VERTEX_POINT('',#8406);
#2375=VERTEX_POINT('',#8408);
#2376=VERTEX_POINT('',#8411);
#2377=VERTEX_POINT('',#8412);
#2378=VERTEX_POINT('',#8414);
#2379=VERTEX_POINT('',#8416);
#2380=VERTEX_POINT('',#8418);
#2381=VERTEX_POINT('',#8420);
#2382=VERTEX_POINT('',#8422);
#2383=VERTEX_POINT('',#8424);
#2384=VERTEX_POINT('',#8427);
#2385=VERTEX_POINT('',#8428);
#2386=VERTEX_POINT('',#8430);
#2387=VERTEX_POINT('',#8432);
#2388=VERTEX_POINT('',#8434);
#2389=VERTEX_POINT('',#8436);
#2390=VERTEX_POINT('',#8438);
#2391=VERTEX_POINT('',#8440);
#2392=VERTEX_POINT('',#8443);
#2393=VERTEX_POINT('',#8444);
#2394=VERTEX_POINT('',#8446);
#2395=VERTEX_POINT('',#8448);
#2396=VERTEX_POINT('',#8450);
#2397=VERTEX_POINT('',#8452);
#2398=VERTEX_POINT('',#8454);
#2399=VERTEX_POINT('',#8456);
#2400=VERTEX_POINT('',#8459);
#2401=VERTEX_POINT('',#8460);
#2402=VERTEX_POINT('',#8462);
#2403=VERTEX_POINT('',#8464);
#2404=VERTEX_POINT('',#8466);
#2405=VERTEX_POINT('',#8468);
#2406=VERTEX_POINT('',#8470);
#2407=VERTEX_POINT('',#8472);
#2408=VERTEX_POINT('',#8475);
#2409=VERTEX_POINT('',#8476);
#2410=VERTEX_POINT('',#8478);
#2411=VERTEX_POINT('',#8480);
#2412=VERTEX_POINT('',#8482);
#2413=VERTEX_POINT('',#8484);
#2414=VERTEX_POINT('',#8486);
#2415=VERTEX_POINT('',#8488);
#2416=VERTEX_POINT('',#8491);
#2417=VERTEX_POINT('',#8492);
#2418=VERTEX_POINT('',#8494);
#2419=VERTEX_POINT('',#8496);
#2420=VERTEX_POINT('',#8498);
#2421=VERTEX_POINT('',#8500);
#2422=VERTEX_POINT('',#8502);
#2423=VERTEX_POINT('',#8504);
#2424=VERTEX_POINT('',#8507);
#2425=VERTEX_POINT('',#8508);
#2426=VERTEX_POINT('',#8510);
#2427=VERTEX_POINT('',#8512);
#2428=VERTEX_POINT('',#8514);
#2429=VERTEX_POINT('',#8516);
#2430=VERTEX_POINT('',#8518);
#2431=VERTEX_POINT('',#8520);
#2432=VERTEX_POINT('',#8523);
#2433=VERTEX_POINT('',#8524);
#2434=VERTEX_POINT('',#8526);
#2435=VERTEX_POINT('',#8528);
#2436=VERTEX_POINT('',#8530);
#2437=VERTEX_POINT('',#8532);
#2438=VERTEX_POINT('',#8534);
#2439=VERTEX_POINT('',#8536);
#2440=VERTEX_POINT('',#8539);
#2441=VERTEX_POINT('',#8540);
#2442=VERTEX_POINT('',#8542);
#2443=VERTEX_POINT('',#8544);
#2444=VERTEX_POINT('',#8546);
#2445=VERTEX_POINT('',#8548);
#2446=VERTEX_POINT('',#8550);
#2447=VERTEX_POINT('',#8552);
#2448=VERTEX_POINT('',#8555);
#2449=VERTEX_POINT('',#8556);
#2450=VERTEX_POINT('',#8558);
#2451=VERTEX_POINT('',#8560);
#2452=VERTEX_POINT('',#8562);
#2453=VERTEX_POINT('',#8564);
#2454=VERTEX_POINT('',#8566);
#2455=VERTEX_POINT('',#8568);
#2456=VERTEX_POINT('',#8572);
#2457=VERTEX_POINT('',#8574);
#2458=VERTEX_POINT('',#8578);
#2459=VERTEX_POINT('',#8582);
#2460=VERTEX_POINT('',#8586);
#2461=VERTEX_POINT('',#8590);
#2462=VERTEX_POINT('',#8594);
#2463=VERTEX_POINT('',#8598);
#2464=VERTEX_POINT('',#8604);
#2465=VERTEX_POINT('',#8606);
#2466=VERTEX_POINT('',#8610);
#2467=VERTEX_POINT('',#8614);
#2468=VERTEX_POINT('',#8618);
#2469=VERTEX_POINT('',#8622);
#2470=VERTEX_POINT('',#8624);
#2471=VERTEX_POINT('',#8628);
#2472=VERTEX_POINT('',#8632);
#2473=VERTEX_POINT('',#8636);
#2474=VERTEX_POINT('',#8640);
#2475=VERTEX_POINT('',#8644);
#2476=VERTEX_POINT('',#8648);
#2477=VERTEX_POINT('',#8654);
#2478=VERTEX_POINT('',#8656);
#2479=VERTEX_POINT('',#8660);
#2480=VERTEX_POINT('',#8664);
#2481=VERTEX_POINT('',#8668);
#2482=VERTEX_POINT('',#8672);
#2483=VERTEX_POINT('',#8674);
#2484=VERTEX_POINT('',#8678);
#2485=VERTEX_POINT('',#8682);
#2486=VERTEX_POINT('',#8686);
#2487=VERTEX_POINT('',#8690);
#2488=VERTEX_POINT('',#8694);
#2489=VERTEX_POINT('',#8698);
#2490=VERTEX_POINT('',#8704);
#2491=VERTEX_POINT('',#8706);
#2492=VERTEX_POINT('',#8710);
#2493=VERTEX_POINT('',#8714);
#2494=VERTEX_POINT('',#8718);
#2495=VERTEX_POINT('',#8722);
#2496=VERTEX_POINT('',#8724);
#2497=VERTEX_POINT('',#8728);
#2498=VERTEX_POINT('',#8732);
#2499=VERTEX_POINT('',#8736);
#2500=VERTEX_POINT('',#8740);
#2501=VERTEX_POINT('',#8744);
#2502=VERTEX_POINT('',#8748);
#2503=VERTEX_POINT('',#8754);
#2504=VERTEX_POINT('',#8756);
#2505=VERTEX_POINT('',#8760);
#2506=VERTEX_POINT('',#8764);
#2507=VERTEX_POINT('',#8768);
#2508=VERTEX_POINT('',#8772);
#2509=VERTEX_POINT('',#8774);
#2510=VERTEX_POINT('',#8778);
#2511=VERTEX_POINT('',#8782);
#2512=VERTEX_POINT('',#8786);
#2513=VERTEX_POINT('',#8790);
#2514=VERTEX_POINT('',#8794);
#2515=VERTEX_POINT('',#8798);
#2516=VERTEX_POINT('',#8804);
#2517=VERTEX_POINT('',#8806);
#2518=VERTEX_POINT('',#8810);
#2519=VERTEX_POINT('',#8814);
#2520=VERTEX_POINT('',#8818);
#2521=VERTEX_POINT('',#8822);
#2522=VERTEX_POINT('',#8824);
#2523=VERTEX_POINT('',#8828);
#2524=VERTEX_POINT('',#8832);
#2525=VERTEX_POINT('',#8836);
#2526=VERTEX_POINT('',#8840);
#2527=VERTEX_POINT('',#8844);
#2528=VERTEX_POINT('',#8848);
#2529=VERTEX_POINT('',#8854);
#2530=VERTEX_POINT('',#8856);
#2531=VERTEX_POINT('',#8860);
#2532=VERTEX_POINT('',#8864);
#2533=VERTEX_POINT('',#8868);
#2534=VERTEX_POINT('',#8872);
#2535=VERTEX_POINT('',#8874);
#2536=VERTEX_POINT('',#8878);
#2537=VERTEX_POINT('',#8882);
#2538=VERTEX_POINT('',#8886);
#2539=VERTEX_POINT('',#8890);
#2540=VERTEX_POINT('',#8894);
#2541=VERTEX_POINT('',#8898);
#2542=VERTEX_POINT('',#8904);
#2543=VERTEX_POINT('',#8906);
#2544=VERTEX_POINT('',#8910);
#2545=VERTEX_POINT('',#8914);
#2546=VERTEX_POINT('',#8918);
#2547=VERTEX_POINT('',#8922);
#2548=VERTEX_POINT('',#8924);
#2549=VERTEX_POINT('',#8928);
#2550=VERTEX_POINT('',#8932);
#2551=VERTEX_POINT('',#8936);
#2552=VERTEX_POINT('',#8940);
#2553=VERTEX_POINT('',#8944);
#2554=VERTEX_POINT('',#8948);
#2555=VERTEX_POINT('',#8954);
#2556=VERTEX_POINT('',#8956);
#2557=VERTEX_POINT('',#8960);
#2558=VERTEX_POINT('',#8964);
#2559=VERTEX_POINT('',#8968);
#2560=VERTEX_POINT('',#8972);
#2561=VERTEX_POINT('',#8974);
#2562=VERTEX_POINT('',#8978);
#2563=VERTEX_POINT('',#8982);
#2564=VERTEX_POINT('',#8986);
#2565=VERTEX_POINT('',#8990);
#2566=VERTEX_POINT('',#8994);
#2567=VERTEX_POINT('',#8998);
#2568=VERTEX_POINT('',#9004);
#2569=VERTEX_POINT('',#9006);
#2570=VERTEX_POINT('',#9010);
#2571=VERTEX_POINT('',#9014);
#2572=VERTEX_POINT('',#9018);
#2573=VERTEX_POINT('',#9022);
#2574=VERTEX_POINT('',#9024);
#2575=VERTEX_POINT('',#9028);
#2576=VERTEX_POINT('',#9032);
#2577=VERTEX_POINT('',#9036);
#2578=VERTEX_POINT('',#9040);
#2579=VERTEX_POINT('',#9044);
#2580=VERTEX_POINT('',#9048);
#2581=VERTEX_POINT('',#9054);
#2582=VERTEX_POINT('',#9056);
#2583=VERTEX_POINT('',#9060);
#2584=VERTEX_POINT('',#9064);
#2585=VERTEX_POINT('',#9068);
#2586=VERTEX_POINT('',#9072);
#2587=VERTEX_POINT('',#9074);
#2588=VERTEX_POINT('',#9078);
#2589=VERTEX_POINT('',#9082);
#2590=VERTEX_POINT('',#9086);
#2591=VERTEX_POINT('',#9090);
#2592=VERTEX_POINT('',#9094);
#2593=VERTEX_POINT('',#9098);
#2594=VERTEX_POINT('',#9104);
#2595=VERTEX_POINT('',#9106);
#2596=VERTEX_POINT('',#9110);
#2597=VERTEX_POINT('',#9112);
#2598=VERTEX_POINT('',#9114);
#2599=VERTEX_POINT('',#9118);
#2600=VERTEX_POINT('',#9122);
#2601=VERTEX_POINT('',#9126);
#2602=VERTEX_POINT('',#9128);
#2603=VERTEX_POINT('',#9132);
#2604=VERTEX_POINT('',#9136);
#2605=VERTEX_POINT('',#9140);
#2606=VERTEX_POINT('',#9144);
#2607=VERTEX_POINT('',#9148);
#2608=VERTEX_POINT('',#9152);
#2609=VERTEX_POINT('',#9158);
#2610=VERTEX_POINT('',#9160);
#2611=VERTEX_POINT('',#9164);
#2612=VERTEX_POINT('',#9168);
#2613=VERTEX_POINT('',#9172);
#2614=VERTEX_POINT('',#9176);
#2615=VERTEX_POINT('',#9178);
#2616=VERTEX_POINT('',#9182);
#2617=VERTEX_POINT('',#9186);
#2618=VERTEX_POINT('',#9190);
#2619=VERTEX_POINT('',#9194);
#2620=VERTEX_POINT('',#9198);
#2621=VERTEX_POINT('',#9202);
#2622=VERTEX_POINT('',#9208);
#2623=VERTEX_POINT('',#9210);
#2624=VERTEX_POINT('',#9214);
#2625=VERTEX_POINT('',#9218);
#2626=VERTEX_POINT('',#9222);
#2627=VERTEX_POINT('',#9226);
#2628=VERTEX_POINT('',#9228);
#2629=VERTEX_POINT('',#9232);
#2630=VERTEX_POINT('',#9236);
#2631=VERTEX_POINT('',#9240);
#2632=VERTEX_POINT('',#9244);
#2633=VERTEX_POINT('',#9248);
#2634=VERTEX_POINT('',#9252);
#2635=VERTEX_POINT('',#9258);
#2636=VERTEX_POINT('',#9260);
#2637=VERTEX_POINT('',#9264);
#2638=VERTEX_POINT('',#9268);
#2639=VERTEX_POINT('',#9272);
#2640=VERTEX_POINT('',#9276);
#2641=VERTEX_POINT('',#9278);
#2642=VERTEX_POINT('',#9282);
#2643=VERTEX_POINT('',#9286);
#2644=VERTEX_POINT('',#9290);
#2645=VERTEX_POINT('',#9294);
#2646=VERTEX_POINT('',#9298);
#2647=VERTEX_POINT('',#9302);
#2648=VERTEX_POINT('',#9308);
#2649=VERTEX_POINT('',#9310);
#2650=VERTEX_POINT('',#9314);
#2651=VERTEX_POINT('',#9318);
#2652=VERTEX_POINT('',#9322);
#2653=VERTEX_POINT('',#9326);
#2654=VERTEX_POINT('',#9327);
#2655=VERTEX_POINT('',#9329);
#2656=VERTEX_POINT('',#9331);
#2657=VERTEX_POINT('',#9335);
#2658=VERTEX_POINT('',#9336);
#2659=VERTEX_POINT('',#9338);
#2660=VERTEX_POINT('',#9340);
#2661=VERTEX_POINT('',#9344);
#2662=VERTEX_POINT('',#9346);
#2663=VERTEX_POINT('',#9350);
#2664=VERTEX_POINT('',#9352);
#2665=VERTEX_POINT('',#9359);
#2666=VERTEX_POINT('',#9360);
#2667=VERTEX_POINT('',#9362);
#2668=VERTEX_POINT('',#9364);
#2669=VERTEX_POINT('',#9368);
#2670=VERTEX_POINT('',#9370);
#2671=VERTEX_POINT('',#9374);
#2672=VERTEX_POINT('',#9376);
#2673=VERTEX_POINT('',#9380);
#2674=VERTEX_POINT('',#9381);
#2675=VERTEX_POINT('',#9383);
#2676=VERTEX_POINT('',#9385);
#2677=VERTEX_POINT('',#9389);
#2678=VERTEX_POINT('',#9391);
#2679=VERTEX_POINT('',#9395);
#2680=VERTEX_POINT('',#9397);
#2681=VERTEX_POINT('',#9404);
#2682=VERTEX_POINT('',#9406);
#2683=VERTEX_POINT('',#9408);
#2684=VERTEX_POINT('',#9410);
#2685=VERTEX_POINT('',#9412);
#2686=VERTEX_POINT('',#9414);
#2687=VERTEX_POINT('',#9416);
#2688=VERTEX_POINT('',#9418);
#2689=VERTEX_POINT('',#9420);
#2690=VERTEX_POINT('',#9422);
#2691=VERTEX_POINT('',#9424);
#2692=VERTEX_POINT('',#9426);
#2693=VERTEX_POINT('',#9428);
#2694=VERTEX_POINT('',#9430);
#2695=VERTEX_POINT('',#9432);
#2696=VERTEX_POINT('',#9434);
#2697=VERTEX_POINT('',#9436);
#2698=VERTEX_POINT('',#9438);
#2699=VERTEX_POINT('',#9440);
#2700=VERTEX_POINT('',#9442);
#2701=VERTEX_POINT('',#9444);
#2702=VERTEX_POINT('',#9446);
#2703=VERTEX_POINT('',#9448);
#2704=VERTEX_POINT('',#9450);
#2705=VERTEX_POINT('',#9452);
#2706=VERTEX_POINT('',#9454);
#2707=VERTEX_POINT('',#9456);
#2708=VERTEX_POINT('',#9458);
#2709=VERTEX_POINT('',#9460);
#2710=VERTEX_POINT('',#9462);
#2711=VERTEX_POINT('',#9464);
#2712=VERTEX_POINT('',#9466);
#2713=VERTEX_POINT('',#9469);
#2714=VERTEX_POINT('',#9471);
#2715=VERTEX_POINT('',#9473);
#2716=VERTEX_POINT('',#9475);
#2717=VERTEX_POINT('',#9477);
#2718=VERTEX_POINT('',#9479);
#2719=VERTEX_POINT('',#9481);
#2720=VERTEX_POINT('',#9483);
#2721=VERTEX_POINT('',#9486);
#2722=VERTEX_POINT('',#9488);
#2723=VERTEX_POINT('',#9490);
#2724=VERTEX_POINT('',#9492);
#2725=VERTEX_POINT('',#9501);
#2726=VERTEX_POINT('',#9503);
#2727=VERTEX_POINT('',#9506);
#2728=VERTEX_POINT('',#9510);
#2729=VERTEX_POINT('',#9512);
#2730=VERTEX_POINT('',#9520);
#2731=VERTEX_POINT('',#9522);
#2732=VERTEX_POINT('',#9527);
#2733=VERTEX_POINT('',#9529);
#2734=VERTEX_POINT('',#9534);
#2735=VERTEX_POINT('',#9536);
#2736=VERTEX_POINT('',#9541);
#2737=VERTEX_POINT('',#9543);
#2738=VERTEX_POINT('',#9548);
#2739=VERTEX_POINT('',#9549);
#2740=VERTEX_POINT('',#9554);
#2741=VERTEX_POINT('',#9558);
#2742=VERTEX_POINT('',#9562);
#2743=VERTEX_POINT('',#9566);
#2744=VERTEX_POINT('',#9570);
#2745=VERTEX_POINT('',#9574);
#2746=VERTEX_POINT('',#9578);
#2747=VERTEX_POINT('',#9582);
#2748=VERTEX_POINT('',#9586);
#2749=VERTEX_POINT('',#9590);
#2750=VERTEX_POINT('',#9594);
#2751=VERTEX_POINT('',#9598);
#2752=VERTEX_POINT('',#9602);
#2753=VERTEX_POINT('',#9606);
#2754=VERTEX_POINT('',#9610);
#2755=VERTEX_POINT('',#9614);
#2756=VERTEX_POINT('',#9618);
#2757=VERTEX_POINT('',#9622);
#2758=VERTEX_POINT('',#9626);
#2759=VERTEX_POINT('',#9630);
#2760=VERTEX_POINT('',#9634);
#2761=VERTEX_POINT('',#9638);
#2762=VERTEX_POINT('',#9642);
#2763=VERTEX_POINT('',#9646);
#2764=VERTEX_POINT('',#9650);
#2765=VERTEX_POINT('',#9654);
#2766=VERTEX_POINT('',#9658);
#2767=VERTEX_POINT('',#9662);
#2768=VERTEX_POINT('',#9666);
#2769=VERTEX_POINT('',#9670);
#2770=VERTEX_POINT('',#9676);
#2771=VERTEX_POINT('',#9678);
#2772=VERTEX_POINT('',#9684);
#2773=VERTEX_POINT('',#9686);
#2774=VERTEX_POINT('',#9692);
#2775=VERTEX_POINT('',#9694);
#2776=VERTEX_POINT('',#9700);
#2777=VERTEX_POINT('',#9702);
#2778=VERTEX_POINT('',#9708);
#2779=VERTEX_POINT('',#9710);
#2780=VERTEX_POINT('',#9716);
#2781=VERTEX_POINT('',#9718);
#2782=VERTEX_POINT('',#9724);
#2783=VERTEX_POINT('',#9726);
#2784=VERTEX_POINT('',#9732);
#2785=VERTEX_POINT('',#9734);
#2786=VERTEX_POINT('',#9740);
#2787=VERTEX_POINT('',#9742);
#2788=VERTEX_POINT('',#9748);
#2789=VERTEX_POINT('',#9750);
#2790=VERTEX_POINT('',#9756);
#2791=VERTEX_POINT('',#9758);
#2792=VERTEX_POINT('',#9764);
#2793=VERTEX_POINT('',#9766);
#2794=VERTEX_POINT('',#9772);
#2795=VERTEX_POINT('',#9774);
#2796=VERTEX_POINT('',#9780);
#2797=VERTEX_POINT('',#9782);
#2798=VERTEX_POINT('',#9788);
#2799=VERTEX_POINT('',#9790);
#2800=VERTEX_POINT('',#9796);
#2801=VERTEX_POINT('',#9798);
#2802=VERTEX_POINT('',#9804);
#2803=VERTEX_POINT('',#9810);
#2804=VERTEX_POINT('',#9816);
#2805=VERTEX_POINT('',#9822);
#2806=VERTEX_POINT('',#9828);
#2807=VERTEX_POINT('',#9834);
#2808=VERTEX_POINT('',#9840);
#2809=VERTEX_POINT('',#9846);
#2810=VERTEX_POINT('',#9852);
#2811=VERTEX_POINT('',#9858);
#2812=VERTEX_POINT('',#9864);
#2813=VERTEX_POINT('',#9870);
#2814=VERTEX_POINT('',#9876);
#2815=VERTEX_POINT('',#9882);
#2816=VERTEX_POINT('',#9888);
#2817=VERTEX_POINT('',#9894);
#2818=EDGE_CURVE('',#2307,#2308,#1149,.T.);
#2819=EDGE_CURVE('',#2308,#2309,#1150,.T.);
#2820=EDGE_CURVE('',#2309,#2310,#1151,.T.);
#2821=EDGE_CURVE('',#2310,#2307,#1152,.T.);
#2822=EDGE_CURVE('',#2307,#2311,#143,.T.);
#2823=EDGE_CURVE('',#2311,#2312,#1153,.T.);
#2824=EDGE_CURVE('',#2312,#2308,#144,.T.);
#2825=EDGE_CURVE('',#2313,#2314,#1154,.T.);
#2826=EDGE_CURVE('',#2314,#2312,#1155,.T.);
#2827=EDGE_CURVE('',#2311,#2313,#1156,.T.);
#2828=EDGE_CURVE('',#2313,#2315,#145,.T.);
#2829=EDGE_CURVE('',#2315,#2316,#1157,.T.);
#2830=EDGE_CURVE('',#2316,#2314,#146,.T.);
#2831=EDGE_CURVE('',#2317,#2318,#1158,.T.);
#2832=EDGE_CURVE('',#2318,#2316,#1159,.T.);
#2833=EDGE_CURVE('',#2315,#2317,#1160,.T.);
#2834=EDGE_CURVE('',#2317,#2319,#147,.T.);
#2835=EDGE_CURVE('',#2319,#2320,#1161,.T.);
#2836=EDGE_CURVE('',#2320,#2318,#148,.T.);
#2837=EDGE_CURVE('',#2321,#2322,#1162,.T.);
#2838=EDGE_CURVE('',#2322,#2320,#1163,.T.);
#2839=EDGE_CURVE('',#2319,#2321,#1164,.T.);
#2840=EDGE_CURVE('',#2321,#2310,#149,.T.);
#2841=EDGE_CURVE('',#2309,#2322,#150,.T.);
#2842=EDGE_CURVE('',#2313,#2323,#1165,.T.);
#2843=EDGE_CURVE('',#2323,#2324,#151,.T.);
#2844=EDGE_CURVE('',#2324,#2315,#1166,.T.);
#2845=EDGE_CURVE('',#2325,#2311,#1167,.T.);
#2846=EDGE_CURVE('',#2323,#2325,#1168,.T.);
#2847=EDGE_CURVE('',#2307,#2326,#1169,.T.);
#2848=EDGE_CURVE('',#2326,#2325,#152,.T.);
#2849=EDGE_CURVE('',#2327,#2310,#1170,.T.);
#2850=EDGE_CURVE('',#2326,#2327,#1171,.T.);
#2851=EDGE_CURVE('',#2328,#2329,#153,.T.);
#2852=EDGE_CURVE('',#2329,#2330,#1172,.T.);
#2853=EDGE_CURVE('',#2330,#2331,#154,.T.);
#2854=EDGE_CURVE('',#2331,#2332,#1173,.T.);
#2855=EDGE_CURVE('',#2332,#2333,#155,.T.);
#2856=EDGE_CURVE('',#2333,#2334,#1174,.T.);
#2857=EDGE_CURVE('',#2334,#2335,#156,.T.);
#2858=EDGE_CURVE('',#2335,#2328,#1175,.T.);
#2859=EDGE_CURVE('',#2336,#2337,#1176,.T.);
#2860=EDGE_CURVE('',#2338,#2336,#157,.T.);
#2861=EDGE_CURVE('',#2339,#2338,#1177,.T.);
#2862=EDGE_CURVE('',#2340,#2339,#158,.T.);
#2863=EDGE_CURVE('',#2341,#2340,#1178,.T.);
#2864=EDGE_CURVE('',#2342,#2341,#159,.T.);
#2865=EDGE_CURVE('',#2343,#2342,#1179,.T.);
#2866=EDGE_CURVE('',#2337,#2343,#160,.T.);
#2867=EDGE_CURVE('',#2344,#2345,#1180,.T.);
#2868=EDGE_CURVE('',#2346,#2344,#161,.T.);
#2869=EDGE_CURVE('',#2347,#2346,#1181,.T.);
#2870=EDGE_CURVE('',#2348,#2347,#162,.T.);
#2871=EDGE_CURVE('',#2349,#2348,#1182,.T.);
#2872=EDGE_CURVE('',#2350,#2349,#163,.T.);
#2873=EDGE_CURVE('',#2351,#2350,#1183,.T.);
#2874=EDGE_CURVE('',#2345,#2351,#164,.T.);
#2875=EDGE_CURVE('',#2352,#2353,#1184,.T.);
#2876=EDGE_CURVE('',#2354,#2352,#165,.T.);
#2877=EDGE_CURVE('',#2355,#2354,#1185,.T.);
#2878=EDGE_CURVE('',#2356,#2355,#166,.T.);
#2879=EDGE_CURVE('',#2357,#2356,#1186,.T.);
#2880=EDGE_CURVE('',#2358,#2357,#167,.T.);
#2881=EDGE_CURVE('',#2359,#2358,#1187,.T.);
#2882=EDGE_CURVE('',#2353,#2359,#168,.T.);
#2883=EDGE_CURVE('',#2360,#2361,#1188,.T.);
#2884=EDGE_CURVE('',#2362,#2360,#169,.T.);
#2885=EDGE_CURVE('',#2363,#2362,#1189,.T.);
#2886=EDGE_CURVE('',#2364,#2363,#170,.T.);
#2887=EDGE_CURVE('',#2365,#2364,#1190,.T.);
#2888=EDGE_CURVE('',#2366,#2365,#171,.T.);
#2889=EDGE_CURVE('',#2367,#2366,#1191,.T.);
#2890=EDGE_CURVE('',#2361,#2367,#172,.T.);
#2891=EDGE_CURVE('',#2368,#2369,#1192,.T.);
#2892=EDGE_CURVE('',#2370,#2368,#173,.T.);
#2893=EDGE_CURVE('',#2371,#2370,#1193,.T.);
#2894=EDGE_CURVE('',#2372,#2371,#174,.T.);
#2895=EDGE_CURVE('',#2373,#2372,#1194,.T.);
#2896=EDGE_CURVE('',#2374,#2373,#175,.T.);
#2897=EDGE_CURVE('',#2375,#2374,#1195,.T.);
#2898=EDGE_CURVE('',#2369,#2375,#176,.T.);
#2899=EDGE_CURVE('',#2376,#2377,#1196,.T.);
#2900=EDGE_CURVE('',#2378,#2376,#177,.T.);
#2901=EDGE_CURVE('',#2379,#2378,#1197,.T.);
#2902=EDGE_CURVE('',#2380,#2379,#178,.T.);
#2903=EDGE_CURVE('',#2381,#2380,#1198,.T.);
#2904=EDGE_CURVE('',#2382,#2381,#179,.T.);
#2905=EDGE_CURVE('',#2383,#2382,#1199,.T.);
#2906=EDGE_CURVE('',#2377,#2383,#180,.T.);
#2907=EDGE_CURVE('',#2384,#2385,#1200,.T.);
#2908=EDGE_CURVE('',#2386,#2384,#181,.T.);
#2909=EDGE_CURVE('',#2387,#2386,#1201,.T.);
#2910=EDGE_CURVE('',#2388,#2387,#182,.T.);
#2911=EDGE_CURVE('',#2389,#2388,#1202,.T.);
#2912=EDGE_CURVE('',#2390,#2389,#183,.T.);
#2913=EDGE_CURVE('',#2391,#2390,#1203,.T.);
#2914=EDGE_CURVE('',#2385,#2391,#184,.T.);
#2915=EDGE_CURVE('',#2392,#2393,#1204,.T.);
#2916=EDGE_CURVE('',#2394,#2392,#185,.T.);
#2917=EDGE_CURVE('',#2395,#2394,#1205,.T.);
#2918=EDGE_CURVE('',#2396,#2395,#186,.T.);
#2919=EDGE_CURVE('',#2397,#2396,#1206,.T.);
#2920=EDGE_CURVE('',#2398,#2397,#187,.T.);
#2921=EDGE_CURVE('',#2399,#2398,#1207,.T.);
#2922=EDGE_CURVE('',#2393,#2399,#188,.T.);
#2923=EDGE_CURVE('',#2400,#2401,#1208,.T.);
#2924=EDGE_CURVE('',#2402,#2400,#189,.T.);
#2925=EDGE_CURVE('',#2403,#2402,#1209,.T.);
#2926=EDGE_CURVE('',#2404,#2403,#190,.T.);
#2927=EDGE_CURVE('',#2405,#2404,#1210,.T.);
#2928=EDGE_CURVE('',#2406,#2405,#191,.T.);
#2929=EDGE_CURVE('',#2407,#2406,#1211,.T.);
#2930=EDGE_CURVE('',#2401,#2407,#192,.T.);
#2931=EDGE_CURVE('',#2408,#2409,#1212,.T.);
#2932=EDGE_CURVE('',#2410,#2408,#193,.T.);
#2933=EDGE_CURVE('',#2411,#2410,#1213,.T.);
#2934=EDGE_CURVE('',#2412,#2411,#194,.T.);
#2935=EDGE_CURVE('',#2413,#2412,#1214,.T.);
#2936=EDGE_CURVE('',#2414,#2413,#195,.T.);
#2937=EDGE_CURVE('',#2415,#2414,#1215,.T.);
#2938=EDGE_CURVE('',#2409,#2415,#196,.T.);
#2939=EDGE_CURVE('',#2416,#2417,#1216,.T.);
#2940=EDGE_CURVE('',#2418,#2416,#197,.T.);
#2941=EDGE_CURVE('',#2419,#2418,#1217,.T.);
#2942=EDGE_CURVE('',#2420,#2419,#198,.T.);
#2943=EDGE_CURVE('',#2421,#2420,#1218,.T.);
#2944=EDGE_CURVE('',#2422,#2421,#199,.T.);
#2945=EDGE_CURVE('',#2423,#2422,#1219,.T.);
#2946=EDGE_CURVE('',#2417,#2423,#200,.T.);
#2947=EDGE_CURVE('',#2424,#2425,#1220,.T.);
#2948=EDGE_CURVE('',#2426,#2424,#201,.T.);
#2949=EDGE_CURVE('',#2427,#2426,#1221,.T.);
#2950=EDGE_CURVE('',#2428,#2427,#202,.T.);
#2951=EDGE_CURVE('',#2429,#2428,#1222,.T.);
#2952=EDGE_CURVE('',#2430,#2429,#203,.T.);
#2953=EDGE_CURVE('',#2431,#2430,#1223,.T.);
#2954=EDGE_CURVE('',#2425,#2431,#204,.T.);
#2955=EDGE_CURVE('',#2432,#2433,#1224,.T.);
#2956=EDGE_CURVE('',#2434,#2432,#205,.T.);
#2957=EDGE_CURVE('',#2435,#2434,#1225,.T.);
#2958=EDGE_CURVE('',#2436,#2435,#206,.T.);
#2959=EDGE_CURVE('',#2437,#2436,#1226,.T.);
#2960=EDGE_CURVE('',#2438,#2437,#207,.T.);
#2961=EDGE_CURVE('',#2439,#2438,#1227,.T.);
#2962=EDGE_CURVE('',#2433,#2439,#208,.T.);
#2963=EDGE_CURVE('',#2440,#2441,#1228,.T.);
#2964=EDGE_CURVE('',#2442,#2440,#209,.T.);
#2965=EDGE_CURVE('',#2443,#2442,#1229,.T.);
#2966=EDGE_CURVE('',#2444,#2443,#210,.T.);
#2967=EDGE_CURVE('',#2445,#2444,#1230,.T.);
#2968=EDGE_CURVE('',#2446,#2445,#211,.T.);
#2969=EDGE_CURVE('',#2447,#2446,#1231,.T.);
#2970=EDGE_CURVE('',#2441,#2447,#212,.T.);
#2971=EDGE_CURVE('',#2448,#2449,#1232,.T.);
#2972=EDGE_CURVE('',#2450,#2448,#213,.T.);
#2973=EDGE_CURVE('',#2451,#2450,#1233,.T.);
#2974=EDGE_CURVE('',#2452,#2451,#214,.T.);
#2975=EDGE_CURVE('',#2453,#2452,#1234,.T.);
#2976=EDGE_CURVE('',#2454,#2453,#215,.T.);
#2977=EDGE_CURVE('',#2455,#2454,#1235,.T.);
#2978=EDGE_CURVE('',#2449,#2455,#216,.T.);
#2979=EDGE_CURVE('',#2456,#2336,#1236,.T.);
#2980=EDGE_CURVE('',#2337,#2457,#1237,.T.);
#2981=EDGE_CURVE('',#2457,#2456,#1238,.T.);
#2982=EDGE_CURVE('',#2456,#2458,#217,.T.);
#2983=EDGE_CURVE('',#2458,#2338,#1239,.T.);
#2984=EDGE_CURVE('',#2459,#2339,#1240,.T.);
#2985=EDGE_CURVE('',#2458,#2459,#1241,.T.);
#2986=EDGE_CURVE('',#2459,#2460,#218,.T.);
#2987=EDGE_CURVE('',#2460,#2340,#1242,.T.);
#2988=EDGE_CURVE('',#2461,#2341,#1243,.T.);
#2989=EDGE_CURVE('',#2460,#2461,#1244,.T.);
#2990=EDGE_CURVE('',#2461,#2462,#219,.T.);
#2991=EDGE_CURVE('',#2462,#2342,#1245,.T.);
#2992=EDGE_CURVE('',#2463,#2343,#1246,.T.);
#2993=EDGE_CURVE('',#2462,#2463,#1247,.T.);
#2994=EDGE_CURVE('',#2463,#2457,#220,.T.);
#2995=EDGE_CURVE('',#2459,#2464,#1248,.T.);
#2996=EDGE_CURVE('',#2464,#2465,#221,.T.);
#2997=EDGE_CURVE('',#2465,#2460,#1249,.T.);
#2998=EDGE_CURVE('',#2466,#2458,#1250,.T.);
#2999=EDGE_CURVE('',#2464,#2466,#1251,.T.);
#3000=EDGE_CURVE('',#2456,#2467,#1252,.T.);
#3001=EDGE_CURVE('',#2467,#2466,#222,.T.);
#3002=EDGE_CURVE('',#2468,#2457,#1253,.T.);
#3003=EDGE_CURVE('',#2467,#2468,#1254,.T.);
#3004=EDGE_CURVE('',#2469,#2448,#1255,.T.);
#3005=EDGE_CURVE('',#2449,#2470,#1256,.T.);
#3006=EDGE_CURVE('',#2470,#2469,#1257,.T.);
#3007=EDGE_CURVE('',#2469,#2471,#223,.T.);
#3008=EDGE_CURVE('',#2471,#2450,#1258,.T.);
#3009=EDGE_CURVE('',#2472,#2451,#1259,.T.);
#3010=EDGE_CURVE('',#2471,#2472,#1260,.T.);
#3011=EDGE_CURVE('',#2472,#2473,#224,.T.);
#3012=EDGE_CURVE('',#2473,#2452,#1261,.T.);
#3013=EDGE_CURVE('',#2474,#2453,#1262,.T.);
#3014=EDGE_CURVE('',#2473,#2474,#1263,.T.);
#3015=EDGE_CURVE('',#2474,#2475,#225,.T.);
#3016=EDGE_CURVE('',#2475,#2454,#1264,.T.);
#3017=EDGE_CURVE('',#2476,#2455,#1265,.T.);
#3018=EDGE_CURVE('',#2475,#2476,#1266,.T.);
#3019=EDGE_CURVE('',#2476,#2470,#226,.T.);
#3020=EDGE_CURVE('',#2472,#2477,#1267,.T.);
#3021=EDGE_CURVE('',#2477,#2478,#227,.T.);
#3022=EDGE_CURVE('',#2478,#2473,#1268,.T.);
#3023=EDGE_CURVE('',#2479,#2471,#1269,.T.);
#3024=EDGE_CURVE('',#2477,#2479,#1270,.T.);
#3025=EDGE_CURVE('',#2469,#2480,#1271,.T.);
#3026=EDGE_CURVE('',#2480,#2479,#228,.T.);
#3027=EDGE_CURVE('',#2481,#2470,#1272,.T.);
#3028=EDGE_CURVE('',#2480,#2481,#1273,.T.);
#3029=EDGE_CURVE('',#2482,#2344,#1274,.T.);
#3030=EDGE_CURVE('',#2345,#2483,#1275,.T.);
#3031=EDGE_CURVE('',#2483,#2482,#1276,.T.);
#3032=EDGE_CURVE('',#2482,#2484,#229,.T.);
#3033=EDGE_CURVE('',#2484,#2346,#1277,.T.);
#3034=EDGE_CURVE('',#2485,#2347,#1278,.T.);
#3035=EDGE_CURVE('',#2484,#2485,#1279,.T.);
#3036=EDGE_CURVE('',#2485,#2486,#230,.T.);
#3037=EDGE_CURVE('',#2486,#2348,#1280,.T.);
#3038=EDGE_CURVE('',#2487,#2349,#1281,.T.);
#3039=EDGE_CURVE('',#2486,#2487,#1282,.T.);
#3040=EDGE_CURVE('',#2487,#2488,#231,.T.);
#3041=EDGE_CURVE('',#2488,#2350,#1283,.T.);
#3042=EDGE_CURVE('',#2489,#2351,#1284,.T.);
#3043=EDGE_CURVE('',#2488,#2489,#1285,.T.);
#3044=EDGE_CURVE('',#2489,#2483,#232,.T.);
#3045=EDGE_CURVE('',#2485,#2490,#1286,.T.);
#3046=EDGE_CURVE('',#2490,#2491,#233,.T.);
#3047=EDGE_CURVE('',#2491,#2486,#1287,.T.);
#3048=EDGE_CURVE('',#2492,#2484,#1288,.T.);
#3049=EDGE_CURVE('',#2490,#2492,#1289,.T.);
#3050=EDGE_CURVE('',#2482,#2493,#1290,.T.);
#3051=EDGE_CURVE('',#2493,#2492,#234,.T.);
#3052=EDGE_CURVE('',#2494,#2483,#1291,.T.);
#3053=EDGE_CURVE('',#2493,#2494,#1292,.T.);
#3054=EDGE_CURVE('',#2495,#2440,#1293,.T.);
#3055=EDGE_CURVE('',#2441,#2496,#1294,.T.);
#3056=EDGE_CURVE('',#2496,#2495,#1295,.T.);
#3057=EDGE_CURVE('',#2495,#2497,#235,.T.);
#3058=EDGE_CURVE('',#2497,#2442,#1296,.T.);
#3059=EDGE_CURVE('',#2498,#2443,#1297,.T.);
#3060=EDGE_CURVE('',#2497,#2498,#1298,.T.);
#3061=EDGE_CURVE('',#2498,#2499,#236,.T.);
#3062=EDGE_CURVE('',#2499,#2444,#1299,.T.);
#3063=EDGE_CURVE('',#2500,#2445,#1300,.T.);
#3064=EDGE_CURVE('',#2499,#2500,#1301,.T.);
#3065=EDGE_CURVE('',#2500,#2501,#237,.T.);
#3066=EDGE_CURVE('',#2501,#2446,#1302,.T.);
#3067=EDGE_CURVE('',#2502,#2447,#1303,.T.);
#3068=EDGE_CURVE('',#2501,#2502,#1304,.T.);
#3069=EDGE_CURVE('',#2502,#2496,#238,.T.);
#3070=EDGE_CURVE('',#2498,#2503,#1305,.T.);
#3071=EDGE_CURVE('',#2503,#2504,#239,.T.);
#3072=EDGE_CURVE('',#2504,#2499,#1306,.T.);
#3073=EDGE_CURVE('',#2505,#2497,#1307,.T.);
#3074=EDGE_CURVE('',#2503,#2505,#1308,.T.);
#3075=EDGE_CURVE('',#2495,#2506,#1309,.T.);
#3076=EDGE_CURVE('',#2506,#2505,#240,.T.);
#3077=EDGE_CURVE('',#2507,#2496,#1310,.T.);
#3078=EDGE_CURVE('',#2506,#2507,#1311,.T.);
#3079=EDGE_CURVE('',#2508,#2352,#1312,.T.);
#3080=EDGE_CURVE('',#2353,#2509,#1313,.T.);
#3081=EDGE_CURVE('',#2509,#2508,#1314,.T.);
#3082=EDGE_CURVE('',#2508,#2510,#241,.T.);
#3083=EDGE_CURVE('',#2510,#2354,#1315,.T.);
#3084=EDGE_CURVE('',#2511,#2355,#1316,.T.);
#3085=EDGE_CURVE('',#2510,#2511,#1317,.T.);
#3086=EDGE_CURVE('',#2511,#2512,#242,.T.);
#3087=EDGE_CURVE('',#2512,#2356,#1318,.T.);
#3088=EDGE_CURVE('',#2513,#2357,#1319,.T.);
#3089=EDGE_CURVE('',#2512,#2513,#1320,.T.);
#3090=EDGE_CURVE('',#2513,#2514,#243,.T.);
#3091=EDGE_CURVE('',#2514,#2358,#1321,.T.);
#3092=EDGE_CURVE('',#2515,#2359,#1322,.T.);
#3093=EDGE_CURVE('',#2514,#2515,#1323,.T.);
#3094=EDGE_CURVE('',#2515,#2509,#244,.T.);
#3095=EDGE_CURVE('',#2511,#2516,#1324,.T.);
#3096=EDGE_CURVE('',#2516,#2517,#245,.T.);
#3097=EDGE_CURVE('',#2517,#2512,#1325,.T.);
#3098=EDGE_CURVE('',#2518,#2510,#1326,.T.);
#3099=EDGE_CURVE('',#2516,#2518,#1327,.T.);
#3100=EDGE_CURVE('',#2508,#2519,#1328,.T.);
#3101=EDGE_CURVE('',#2519,#2518,#246,.T.);
#3102=EDGE_CURVE('',#2520,#2509,#1329,.T.);
#3103=EDGE_CURVE('',#2519,#2520,#1330,.T.);
#3104=EDGE_CURVE('',#2521,#2432,#1331,.T.);
#3105=EDGE_CURVE('',#2433,#2522,#1332,.T.);
#3106=EDGE_CURVE('',#2522,#2521,#1333,.T.);
#3107=EDGE_CURVE('',#2521,#2523,#247,.T.);
#3108=EDGE_CURVE('',#2523,#2434,#1334,.T.);
#3109=EDGE_CURVE('',#2524,#2435,#1335,.T.);
#3110=EDGE_CURVE('',#2523,#2524,#1336,.T.);
#3111=EDGE_CURVE('',#2524,#2525,#248,.T.);
#3112=EDGE_CURVE('',#2525,#2436,#1337,.T.);
#3113=EDGE_CURVE('',#2526,#2437,#1338,.T.);
#3114=EDGE_CURVE('',#2525,#2526,#1339,.T.);
#3115=EDGE_CURVE('',#2526,#2527,#249,.T.);
#3116=EDGE_CURVE('',#2527,#2438,#1340,.T.);
#3117=EDGE_CURVE('',#2528,#2439,#1341,.T.);
#3118=EDGE_CURVE('',#2527,#2528,#1342,.T.);
#3119=EDGE_CURVE('',#2528,#2522,#250,.T.);
#3120=EDGE_CURVE('',#2524,#2529,#1343,.T.);
#3121=EDGE_CURVE('',#2529,#2530,#251,.T.);
#3122=EDGE_CURVE('',#2530,#2525,#1344,.T.);
#3123=EDGE_CURVE('',#2531,#2523,#1345,.T.);
#3124=EDGE_CURVE('',#2529,#2531,#1346,.T.);
#3125=EDGE_CURVE('',#2521,#2532,#1347,.T.);
#3126=EDGE_CURVE('',#2532,#2531,#252,.T.);
#3127=EDGE_CURVE('',#2533,#2522,#1348,.T.);
#3128=EDGE_CURVE('',#2532,#2533,#1349,.T.);
#3129=EDGE_CURVE('',#2534,#2360,#1350,.T.);
#3130=EDGE_CURVE('',#2361,#2535,#1351,.T.);
#3131=EDGE_CURVE('',#2535,#2534,#1352,.T.);
#3132=EDGE_CURVE('',#2534,#2536,#253,.T.);
#3133=EDGE_CURVE('',#2536,#2362,#1353,.T.);
#3134=EDGE_CURVE('',#2537,#2363,#1354,.T.);
#3135=EDGE_CURVE('',#2536,#2537,#1355,.T.);
#3136=EDGE_CURVE('',#2537,#2538,#254,.T.);
#3137=EDGE_CURVE('',#2538,#2364,#1356,.T.);
#3138=EDGE_CURVE('',#2539,#2365,#1357,.T.);
#3139=EDGE_CURVE('',#2538,#2539,#1358,.T.);
#3140=EDGE_CURVE('',#2539,#2540,#255,.T.);
#3141=EDGE_CURVE('',#2540,#2366,#1359,.T.);
#3142=EDGE_CURVE('',#2541,#2367,#1360,.T.);
#3143=EDGE_CURVE('',#2540,#2541,#1361,.T.);
#3144=EDGE_CURVE('',#2541,#2535,#256,.T.);
#3145=EDGE_CURVE('',#2537,#2542,#1362,.T.);
#3146=EDGE_CURVE('',#2542,#2543,#257,.T.);
#3147=EDGE_CURVE('',#2543,#2538,#1363,.T.);
#3148=EDGE_CURVE('',#2544,#2536,#1364,.T.);
#3149=EDGE_CURVE('',#2542,#2544,#1365,.T.);
#3150=EDGE_CURVE('',#2534,#2545,#1366,.T.);
#3151=EDGE_CURVE('',#2545,#2544,#258,.T.);
#3152=EDGE_CURVE('',#2546,#2535,#1367,.T.);
#3153=EDGE_CURVE('',#2545,#2546,#1368,.T.);
#3154=EDGE_CURVE('',#2547,#2424,#1369,.T.);
#3155=EDGE_CURVE('',#2425,#2548,#1370,.T.);
#3156=EDGE_CURVE('',#2548,#2547,#1371,.T.);
#3157=EDGE_CURVE('',#2547,#2549,#259,.T.);
#3158=EDGE_CURVE('',#2549,#2426,#1372,.T.);
#3159=EDGE_CURVE('',#2550,#2427,#1373,.T.);
#3160=EDGE_CURVE('',#2549,#2550,#1374,.T.);
#3161=EDGE_CURVE('',#2550,#2551,#260,.T.);
#3162=EDGE_CURVE('',#2551,#2428,#1375,.T.);
#3163=EDGE_CURVE('',#2552,#2429,#1376,.T.);
#3164=EDGE_CURVE('',#2551,#2552,#1377,.T.);
#3165=EDGE_CURVE('',#2552,#2553,#261,.T.);
#3166=EDGE_CURVE('',#2553,#2430,#1378,.T.);
#3167=EDGE_CURVE('',#2554,#2431,#1379,.T.);
#3168=EDGE_CURVE('',#2553,#2554,#1380,.T.);
#3169=EDGE_CURVE('',#2554,#2548,#262,.T.);
#3170=EDGE_CURVE('',#2550,#2555,#1381,.T.);
#3171=EDGE_CURVE('',#2555,#2556,#263,.T.);
#3172=EDGE_CURVE('',#2556,#2551,#1382,.T.);
#3173=EDGE_CURVE('',#2557,#2549,#1383,.T.);
#3174=EDGE_CURVE('',#2555,#2557,#1384,.T.);
#3175=EDGE_CURVE('',#2547,#2558,#1385,.T.);
#3176=EDGE_CURVE('',#2558,#2557,#264,.T.);
#3177=EDGE_CURVE('',#2559,#2548,#1386,.T.);
#3178=EDGE_CURVE('',#2558,#2559,#1387,.T.);
#3179=EDGE_CURVE('',#2560,#2368,#1388,.T.);
#3180=EDGE_CURVE('',#2369,#2561,#1389,.T.);
#3181=EDGE_CURVE('',#2561,#2560,#1390,.T.);
#3182=EDGE_CURVE('',#2560,#2562,#265,.T.);
#3183=EDGE_CURVE('',#2562,#2370,#1391,.T.);
#3184=EDGE_CURVE('',#2563,#2371,#1392,.T.);
#3185=EDGE_CURVE('',#2562,#2563,#1393,.T.);
#3186=EDGE_CURVE('',#2563,#2564,#266,.T.);
#3187=EDGE_CURVE('',#2564,#2372,#1394,.T.);
#3188=EDGE_CURVE('',#2565,#2373,#1395,.T.);
#3189=EDGE_CURVE('',#2564,#2565,#1396,.T.);
#3190=EDGE_CURVE('',#2565,#2566,#267,.T.);
#3191=EDGE_CURVE('',#2566,#2374,#1397,.T.);
#3192=EDGE_CURVE('',#2567,#2375,#1398,.T.);
#3193=EDGE_CURVE('',#2566,#2567,#1399,.T.);
#3194=EDGE_CURVE('',#2567,#2561,#268,.T.);
#3195=EDGE_CURVE('',#2563,#2568,#1400,.T.);
#3196=EDGE_CURVE('',#2568,#2569,#269,.T.);
#3197=EDGE_CURVE('',#2569,#2564,#1401,.T.);
#3198=EDGE_CURVE('',#2570,#2562,#1402,.T.);
#3199=EDGE_CURVE('',#2568,#2570,#1403,.T.);
#3200=EDGE_CURVE('',#2560,#2571,#1404,.T.);
#3201=EDGE_CURVE('',#2571,#2570,#270,.T.);
#3202=EDGE_CURVE('',#2572,#2561,#1405,.T.);
#3203=EDGE_CURVE('',#2571,#2572,#1406,.T.);
#3204=EDGE_CURVE('',#2573,#2416,#1407,.T.);
#3205=EDGE_CURVE('',#2417,#2574,#1408,.T.);
#3206=EDGE_CURVE('',#2574,#2573,#1409,.T.);
#3207=EDGE_CURVE('',#2573,#2575,#271,.T.);
#3208=EDGE_CURVE('',#2575,#2418,#1410,.T.);
#3209=EDGE_CURVE('',#2576,#2419,#1411,.T.);
#3210=EDGE_CURVE('',#2575,#2576,#1412,.T.);
#3211=EDGE_CURVE('',#2576,#2577,#272,.T.);
#3212=EDGE_CURVE('',#2577,#2420,#1413,.T.);
#3213=EDGE_CURVE('',#2578,#2421,#1414,.T.);
#3214=EDGE_CURVE('',#2577,#2578,#1415,.T.);
#3215=EDGE_CURVE('',#2578,#2579,#273,.T.);
#3216=EDGE_CURVE('',#2579,#2422,#1416,.T.);
#3217=EDGE_CURVE('',#2580,#2423,#1417,.T.);
#3218=EDGE_CURVE('',#2579,#2580,#1418,.T.);
#3219=EDGE_CURVE('',#2580,#2574,#274,.T.);
#3220=EDGE_CURVE('',#2576,#2581,#1419,.T.);
#3221=EDGE_CURVE('',#2581,#2582,#275,.T.);
#3222=EDGE_CURVE('',#2582,#2577,#1420,.T.);
#3223=EDGE_CURVE('',#2583,#2575,#1421,.T.);
#3224=EDGE_CURVE('',#2581,#2583,#1422,.T.);
#3225=EDGE_CURVE('',#2573,#2584,#1423,.T.);
#3226=EDGE_CURVE('',#2584,#2583,#276,.T.);
#3227=EDGE_CURVE('',#2585,#2574,#1424,.T.);
#3228=EDGE_CURVE('',#2584,#2585,#1425,.T.);
#3229=EDGE_CURVE('',#2586,#2376,#1426,.T.);
#3230=EDGE_CURVE('',#2377,#2587,#1427,.T.);
#3231=EDGE_CURVE('',#2587,#2586,#1428,.T.);
#3232=EDGE_CURVE('',#2586,#2588,#277,.T.);
#3233=EDGE_CURVE('',#2588,#2378,#1429,.T.);
#3234=EDGE_CURVE('',#2589,#2379,#1430,.T.);
#3235=EDGE_CURVE('',#2588,#2589,#1431,.T.);
#3236=EDGE_CURVE('',#2589,#2590,#278,.T.);
#3237=EDGE_CURVE('',#2590,#2380,#1432,.T.);
#3238=EDGE_CURVE('',#2591,#2381,#1433,.T.);
#3239=EDGE_CURVE('',#2590,#2591,#1434,.T.);
#3240=EDGE_CURVE('',#2591,#2592,#279,.T.);
#3241=EDGE_CURVE('',#2592,#2382,#1435,.T.);
#3242=EDGE_CURVE('',#2593,#2383,#1436,.T.);
#3243=EDGE_CURVE('',#2592,#2593,#1437,.T.);
#3244=EDGE_CURVE('',#2593,#2587,#280,.T.);
#3245=EDGE_CURVE('',#2589,#2594,#1438,.T.);
#3246=EDGE_CURVE('',#2594,#2595,#281,.T.);
#3247=EDGE_CURVE('',#2595,#2590,#1439,.T.);
#3248=EDGE_CURVE('',#2596,#2588,#1440,.T.);
#3249=EDGE_CURVE('',#2597,#2596,#1441,.T.);
#3250=EDGE_CURVE('',#2598,#2597,#1442,.T.);
#3251=EDGE_CURVE('',#2594,#2598,#1443,.T.);
#3252=EDGE_CURVE('',#2586,#2599,#1444,.T.);
#3253=EDGE_CURVE('',#2599,#2596,#282,.T.);
#3254=EDGE_CURVE('',#2600,#2587,#1445,.T.);
#3255=EDGE_CURVE('',#2599,#2600,#1446,.T.);
#3256=EDGE_CURVE('',#2601,#2408,#1447,.T.);
#3257=EDGE_CURVE('',#2409,#2602,#1448,.T.);
#3258=EDGE_CURVE('',#2602,#2601,#1449,.T.);
#3259=EDGE_CURVE('',#2601,#2603,#283,.T.);
#3260=EDGE_CURVE('',#2603,#2410,#1450,.T.);
#3261=EDGE_CURVE('',#2604,#2411,#1451,.T.);
#3262=EDGE_CURVE('',#2603,#2604,#1452,.T.);
#3263=EDGE_CURVE('',#2604,#2605,#284,.T.);
#3264=EDGE_CURVE('',#2605,#2412,#1453,.T.);
#3265=EDGE_CURVE('',#2606,#2413,#1454,.T.);
#3266=EDGE_CURVE('',#2605,#2606,#1455,.T.);
#3267=EDGE_CURVE('',#2606,#2607,#285,.T.);
#3268=EDGE_CURVE('',#2607,#2414,#1456,.T.);
#3269=EDGE_CURVE('',#2608,#2415,#1457,.T.);
#3270=EDGE_CURVE('',#2607,#2608,#1458,.T.);
#3271=EDGE_CURVE('',#2608,#2602,#286,.T.);
#3272=EDGE_CURVE('',#2604,#2609,#1459,.T.);
#3273=EDGE_CURVE('',#2609,#2610,#287,.T.);
#3274=EDGE_CURVE('',#2610,#2605,#1460,.T.);
#3275=EDGE_CURVE('',#2611,#2603,#1461,.T.);
#3276=EDGE_CURVE('',#2609,#2611,#1462,.T.);
#3277=EDGE_CURVE('',#2601,#2612,#1463,.T.);
#3278=EDGE_CURVE('',#2612,#2611,#288,.T.);
#3279=EDGE_CURVE('',#2613,#2602,#1464,.T.);
#3280=EDGE_CURVE('',#2612,#2613,#1465,.T.);
#3281=EDGE_CURVE('',#2614,#2384,#1466,.T.);
#3282=EDGE_CURVE('',#2385,#2615,#1467,.T.);
#3283=EDGE_CURVE('',#2615,#2614,#1468,.T.);
#3284=EDGE_CURVE('',#2614,#2616,#289,.T.);
#3285=EDGE_CURVE('',#2616,#2386,#1469,.T.);
#3286=EDGE_CURVE('',#2617,#2387,#1470,.T.);
#3287=EDGE_CURVE('',#2616,#2617,#1471,.T.);
#3288=EDGE_CURVE('',#2617,#2618,#290,.T.);
#3289=EDGE_CURVE('',#2618,#2388,#1472,.T.);
#3290=EDGE_CURVE('',#2619,#2389,#1473,.T.);
#3291=EDGE_CURVE('',#2618,#2619,#1474,.T.);
#3292=EDGE_CURVE('',#2619,#2620,#291,.T.);
#3293=EDGE_CURVE('',#2620,#2390,#1475,.T.);
#3294=EDGE_CURVE('',#2621,#2391,#1476,.T.);
#3295=EDGE_CURVE('',#2620,#2621,#1477,.T.);
#3296=EDGE_CURVE('',#2621,#2615,#292,.T.);
#3297=EDGE_CURVE('',#2617,#2622,#1478,.T.);
#3298=EDGE_CURVE('',#2622,#2623,#293,.T.);
#3299=EDGE_CURVE('',#2623,#2618,#1479,.T.);
#3300=EDGE_CURVE('',#2624,#2616,#1480,.T.);
#3301=EDGE_CURVE('',#2622,#2624,#1481,.T.);
#3302=EDGE_CURVE('',#2614,#2625,#1482,.T.);
#3303=EDGE_CURVE('',#2625,#2624,#294,.T.);
#3304=EDGE_CURVE('',#2626,#2615,#1483,.T.);
#3305=EDGE_CURVE('',#2625,#2626,#1484,.T.);
#3306=EDGE_CURVE('',#2627,#2400,#1485,.T.);
#3307=EDGE_CURVE('',#2401,#2628,#1486,.T.);
#3308=EDGE_CURVE('',#2628,#2627,#1487,.T.);
#3309=EDGE_CURVE('',#2627,#2629,#295,.T.);
#3310=EDGE_CURVE('',#2629,#2402,#1488,.T.);
#3311=EDGE_CURVE('',#2630,#2403,#1489,.T.);
#3312=EDGE_CURVE('',#2629,#2630,#1490,.T.);
#3313=EDGE_CURVE('',#2630,#2631,#296,.T.);
#3314=EDGE_CURVE('',#2631,#2404,#1491,.T.);
#3315=EDGE_CURVE('',#2632,#2405,#1492,.T.);
#3316=EDGE_CURVE('',#2631,#2632,#1493,.T.);
#3317=EDGE_CURVE('',#2632,#2633,#297,.T.);
#3318=EDGE_CURVE('',#2633,#2406,#1494,.T.);
#3319=EDGE_CURVE('',#2634,#2407,#1495,.T.);
#3320=EDGE_CURVE('',#2633,#2634,#1496,.T.);
#3321=EDGE_CURVE('',#2634,#2628,#298,.T.);
#3322=EDGE_CURVE('',#2630,#2635,#1497,.T.);
#3323=EDGE_CURVE('',#2635,#2636,#299,.T.);
#3324=EDGE_CURVE('',#2636,#2631,#1498,.T.);
#3325=EDGE_CURVE('',#2637,#2629,#1499,.T.);
#3326=EDGE_CURVE('',#2635,#2637,#1500,.T.);
#3327=EDGE_CURVE('',#2627,#2638,#1501,.T.);
#3328=EDGE_CURVE('',#2638,#2637,#300,.T.);
#3329=EDGE_CURVE('',#2639,#2628,#1502,.T.);
#3330=EDGE_CURVE('',#2638,#2639,#1503,.T.);
#3331=EDGE_CURVE('',#2640,#2392,#1504,.T.);
#3332=EDGE_CURVE('',#2393,#2641,#1505,.T.);
#3333=EDGE_CURVE('',#2641,#2640,#1506,.T.);
#3334=EDGE_CURVE('',#2640,#2642,#301,.T.);
#3335=EDGE_CURVE('',#2642,#2394,#1507,.T.);
#3336=EDGE_CURVE('',#2643,#2395,#1508,.T.);
#3337=EDGE_CURVE('',#2642,#2643,#1509,.T.);
#3338=EDGE_CURVE('',#2643,#2644,#302,.T.);
#3339=EDGE_CURVE('',#2644,#2396,#1510,.T.);
#3340=EDGE_CURVE('',#2645,#2397,#1511,.T.);
#3341=EDGE_CURVE('',#2644,#2645,#1512,.T.);
#3342=EDGE_CURVE('',#2645,#2646,#303,.T.);
#3343=EDGE_CURVE('',#2646,#2398,#1513,.T.);
#3344=EDGE_CURVE('',#2647,#2399,#1514,.T.);
#3345=EDGE_CURVE('',#2646,#2647,#1515,.T.);
#3346=EDGE_CURVE('',#2647,#2641,#304,.T.);
#3347=EDGE_CURVE('',#2643,#2648,#1516,.T.);
#3348=EDGE_CURVE('',#2648,#2649,#305,.T.);
#3349=EDGE_CURVE('',#2649,#2644,#1517,.T.);
#3350=EDGE_CURVE('',#2650,#2642,#1518,.T.);
#3351=EDGE_CURVE('',#2648,#2650,#1519,.T.);
#3352=EDGE_CURVE('',#2640,#2651,#1520,.T.);
#3353=EDGE_CURVE('',#2651,#2650,#306,.T.);
#3354=EDGE_CURVE('',#2652,#2641,#1521,.T.);
#3355=EDGE_CURVE('',#2651,#2652,#1522,.T.);
#3356=EDGE_CURVE('',#2653,#2654,#1523,.T.);
#3357=EDGE_CURVE('',#2655,#2653,#1524,.T.);
#3358=EDGE_CURVE('',#2656,#2655,#1525,.T.);
#3359=EDGE_CURVE('',#2654,#2656,#1526,.T.);
#3360=EDGE_CURVE('',#2657,#2658,#1527,.T.);
#3361=EDGE_CURVE('',#2659,#2657,#1528,.T.);
#3362=EDGE_CURVE('',#2659,#2660,#1529,.T.);
#3363=EDGE_CURVE('',#2658,#2660,#1530,.T.);
#3364=EDGE_CURVE('',#2660,#2661,#307,.T.);
#3365=EDGE_CURVE('',#2662,#2659,#308,.T.);
#3366=EDGE_CURVE('',#2662,#2661,#1531,.T.);
#3367=EDGE_CURVE('',#2661,#2663,#1532,.T.);
#3368=EDGE_CURVE('',#2664,#2662,#1533,.T.);
#3369=EDGE_CURVE('',#2664,#2663,#1534,.T.);
#3370=EDGE_CURVE('',#2663,#2653,#309,.T.);
#3371=EDGE_CURVE('',#2655,#2664,#310,.T.);
#3372=EDGE_CURVE('',#2665,#2666,#1535,.T.);
#3373=EDGE_CURVE('',#2667,#2665,#1536,.T.);
#3374=EDGE_CURVE('',#2668,#2667,#1537,.T.);
#3375=EDGE_CURVE('',#2668,#2666,#1538,.T.);
#3376=EDGE_CURVE('',#2666,#2669,#1539,.T.);
#3377=EDGE_CURVE('',#2670,#2668,#1540,.T.);
#3378=EDGE_CURVE('',#2669,#2670,#1541,.T.);
#3379=EDGE_CURVE('',#2671,#2665,#1542,.T.);
#3380=EDGE_CURVE('',#2672,#2671,#1543,.T.);
#3381=EDGE_CURVE('',#2667,#2672,#1544,.T.);
#3382=EDGE_CURVE('',#2673,#2674,#1545,.T.);
#3383=EDGE_CURVE('',#2675,#2673,#1546,.T.);
#3384=EDGE_CURVE('',#2676,#2675,#1547,.T.);
#3385=EDGE_CURVE('',#2676,#2674,#1548,.T.);
#3386=EDGE_CURVE('',#2674,#2677,#1549,.T.);
#3387=EDGE_CURVE('',#2678,#2676,#1550,.T.);
#3388=EDGE_CURVE('',#2677,#2678,#1551,.T.);
#3389=EDGE_CURVE('',#2679,#2673,#1552,.T.);
#3390=EDGE_CURVE('',#2680,#2679,#1553,.T.);
#3391=EDGE_CURVE('',#2675,#2680,#1554,.T.);
#3392=EDGE_CURVE('',#2671,#2677,#1555,.F.);
#3393=EDGE_CURVE('',#2678,#2672,#1556,.T.);
#3394=EDGE_CURVE('',#2658,#2681,#1557,.F.);
#3395=EDGE_CURVE('',#2681,#2682,#311,.F.);
#3396=EDGE_CURVE('',#2682,#2683,#1558,.F.);
#3397=EDGE_CURVE('',#2683,#2684,#312,.F.);
#3398=EDGE_CURVE('',#2684,#2685,#1559,.F.);
#3399=EDGE_CURVE('',#2685,#2686,#313,.F.);
#3400=EDGE_CURVE('',#2686,#2687,#1560,.F.);
#3401=EDGE_CURVE('',#2687,#2688,#314,.F.);
#3402=EDGE_CURVE('',#2688,#2689,#1561,.F.);
#3403=EDGE_CURVE('',#2689,#2690,#315,.F.);
#3404=EDGE_CURVE('',#2690,#2691,#1562,.F.);
#3405=EDGE_CURVE('',#2691,#2692,#316,.F.);
#3406=EDGE_CURVE('',#2692,#2693,#1563,.F.);
#3407=EDGE_CURVE('',#2693,#2694,#317,.F.);
#3408=EDGE_CURVE('',#2694,#2695,#1564,.F.);
#3409=EDGE_CURVE('',#2695,#2696,#318,.F.);
#3410=EDGE_CURVE('',#2696,#2697,#1565,.F.);
#3411=EDGE_CURVE('',#2697,#2698,#319,.F.);
#3412=EDGE_CURVE('',#2698,#2699,#1566,.F.);
#3413=EDGE_CURVE('',#2699,#2700,#320,.F.);
#3414=EDGE_CURVE('',#2700,#2701,#1567,.F.);
#3415=EDGE_CURVE('',#2701,#2702,#321,.F.);
#3416=EDGE_CURVE('',#2702,#2703,#1568,.F.);
#3417=EDGE_CURVE('',#2703,#2704,#322,.F.);
#3418=EDGE_CURVE('',#2704,#2705,#1569,.F.);
#3419=EDGE_CURVE('',#2705,#2706,#323,.F.);
#3420=EDGE_CURVE('',#2706,#2707,#1570,.F.);
#3421=EDGE_CURVE('',#2707,#2708,#324,.F.);
#3422=EDGE_CURVE('',#2708,#2709,#1571,.F.);
#3423=EDGE_CURVE('',#2709,#2710,#325,.F.);
#3424=EDGE_CURVE('',#2710,#2711,#1572,.F.);
#3425=EDGE_CURVE('',#2711,#2712,#326,.F.);
#3426=EDGE_CURVE('',#2712,#2669,#1573,.F.);
#3427=EDGE_CURVE('',#2670,#2713,#1574,.T.);
#3428=EDGE_CURVE('',#2713,#2714,#327,.T.);
#3429=EDGE_CURVE('',#2714,#2715,#1575,.T.);
#3430=EDGE_CURVE('',#2715,#2716,#328,.T.);
#3431=EDGE_CURVE('',#2716,#2717,#1576,.T.);
#3432=EDGE_CURVE('',#2717,#2718,#329,.T.);
#3433=EDGE_CURVE('',#2718,#2719,#1577,.T.);
#3434=EDGE_CURVE('',#2719,#2720,#330,.T.);
#3435=EDGE_CURVE('',#2720,#2657,#1578,.T.);
#3436=EDGE_CURVE('',#2721,#2721,#331,.T.);
#3437=EDGE_CURVE('',#2722,#2722,#332,.T.);
#3438=EDGE_CURVE('',#2723,#2723,#333,.T.);
#3439=EDGE_CURVE('',#2724,#2724,#334,.T.);
#3440=EDGE_CURVE('',#2656,#2680,#1579,.T.);
#3441=EDGE_CURVE('',#2679,#2654,#1580,.F.);
#3442=EDGE_CURVE('',#2720,#2330,#1581,.T.);
#3443=EDGE_CURVE('',#2713,#2329,#1582,.T.);
#3444=EDGE_CURVE('',#2725,#2725,#335,.T.);
#3445=EDGE_CURVE('',#2725,#2726,#1583,.T.);
#3446=EDGE_CURVE('',#2727,#2727,#336,.T.);
#3447=EDGE_CURVE('',#2727,#2725,#1584,.T.);
#3448=EDGE_CURVE('',#2728,#2728,#337,.T.);
#3449=EDGE_CURVE('',#2728,#2729,#1585,.T.);
#3450=EDGE_CURVE('',#2729,#2597,#338,.T.);
#3451=EDGE_CURVE('',#2598,#2597,#339,.T.);
#3452=EDGE_CURVE('',#2598,#2729,#340,.T.);
#3453=EDGE_CURVE('',#2730,#2730,#341,.T.);
#3454=EDGE_CURVE('',#2730,#2731,#1586,.T.);
#3455=EDGE_CURVE('',#2721,#2730,#1587,.T.);
#3456=EDGE_CURVE('',#2732,#2732,#342,.T.);
#3457=EDGE_CURVE('',#2732,#2733,#1588,.T.);
#3458=EDGE_CURVE('',#2722,#2732,#1589,.T.);
#3459=EDGE_CURVE('',#2734,#2734,#343,.T.);
#3460=EDGE_CURVE('',#2734,#2735,#1590,.T.);
#3461=EDGE_CURVE('',#2723,#2734,#1591,.T.);
#3462=EDGE_CURVE('',#2736,#2736,#344,.T.);
#3463=EDGE_CURVE('',#2736,#2737,#1592,.T.);
#3464=EDGE_CURVE('',#2724,#2736,#1593,.T.);
#3465=EDGE_CURVE('',#2738,#2739,#1594,.F.);
#3466=EDGE_CURVE('',#2738,#2695,#1595,.T.);
#3467=EDGE_CURVE('',#2739,#2694,#1596,.T.);
#3468=EDGE_CURVE('',#2739,#2740,#345,.F.);
#3469=EDGE_CURVE('',#2740,#2693,#1597,.T.);
#3470=EDGE_CURVE('',#2740,#2741,#1598,.F.);
#3471=EDGE_CURVE('',#2741,#2692,#1599,.T.);
#3472=EDGE_CURVE('',#2741,#2742,#346,.F.);
#3473=EDGE_CURVE('',#2742,#2691,#1600,.T.);
#3474=EDGE_CURVE('',#2742,#2743,#1601,.F.);
#3475=EDGE_CURVE('',#2743,#2690,#1602,.F.);
#3476=EDGE_CURVE('',#2743,#2744,#347,.F.);
#3477=EDGE_CURVE('',#2744,#2689,#1603,.T.);
#3478=EDGE_CURVE('',#2744,#2745,#1604,.F.);
#3479=EDGE_CURVE('',#2745,#2688,#1605,.T.);
#3480=EDGE_CURVE('',#2745,#2746,#348,.F.);
#3481=EDGE_CURVE('',#2746,#2687,#1606,.F.);
#3482=EDGE_CURVE('',#2746,#2747,#1607,.F.);
#3483=EDGE_CURVE('',#2747,#2686,#1608,.T.);
#3484=EDGE_CURVE('',#2747,#2748,#349,.F.);
#3485=EDGE_CURVE('',#2748,#2685,#1609,.T.);
#3486=EDGE_CURVE('',#2748,#2749,#1610,.F.);
#3487=EDGE_CURVE('',#2749,#2684,#1611,.F.);
#3488=EDGE_CURVE('',#2749,#2750,#350,.F.);
#3489=EDGE_CURVE('',#2750,#2683,#1612,.T.);
#3490=EDGE_CURVE('',#2750,#2751,#1613,.F.);
#3491=EDGE_CURVE('',#2751,#2682,#1614,.T.);
#3492=EDGE_CURVE('',#2751,#2752,#351,.F.);
#3493=EDGE_CURVE('',#2752,#2681,#1615,.T.);
#3494=EDGE_CURVE('',#2753,#2712,#1616,.T.);
#3495=EDGE_CURVE('',#2752,#2753,#1617,.F.);
#3496=EDGE_CURVE('',#2753,#2754,#352,.F.);
#3497=EDGE_CURVE('',#2754,#2711,#1618,.T.);
#3498=EDGE_CURVE('',#2754,#2755,#1619,.F.);
#3499=EDGE_CURVE('',#2755,#2710,#1620,.T.);
#3500=EDGE_CURVE('',#2755,#2756,#353,.F.);
#3501=EDGE_CURVE('',#2756,#2709,#1621,.T.);
#3502=EDGE_CURVE('',#2756,#2757,#1622,.F.);
#3503=EDGE_CURVE('',#2757,#2708,#1623,.F.);
#3504=EDGE_CURVE('',#2757,#2758,#354,.F.);
#3505=EDGE_CURVE('',#2758,#2707,#1624,.F.);
#3506=EDGE_CURVE('',#2758,#2759,#1625,.F.);
#3507=EDGE_CURVE('',#2759,#2706,#1626,.T.);
#3508=EDGE_CURVE('',#2759,#2760,#355,.F.);
#3509=EDGE_CURVE('',#2760,#2705,#1627,.T.);
#3510=EDGE_CURVE('',#2760,#2761,#1628,.F.);
#3511=EDGE_CURVE('',#2761,#2704,#1629,.T.);
#3512=EDGE_CURVE('',#2761,#2762,#356,.F.);
#3513=EDGE_CURVE('',#2762,#2703,#1630,.T.);
#3514=EDGE_CURVE('',#2762,#2763,#1631,.F.);
#3515=EDGE_CURVE('',#2763,#2702,#1632,.F.);
#3516=EDGE_CURVE('',#2763,#2764,#357,.F.);
#3517=EDGE_CURVE('',#2764,#2701,#1633,.T.);
#3518=EDGE_CURVE('',#2764,#2765,#1634,.F.);
#3519=EDGE_CURVE('',#2765,#2700,#1635,.T.);
#3520=EDGE_CURVE('',#2765,#2766,#358,.F.);
#3521=EDGE_CURVE('',#2766,#2699,#1636,.T.);
#3522=EDGE_CURVE('',#2766,#2767,#1637,.F.);
#3523=EDGE_CURVE('',#2767,#2698,#1638,.T.);
#3524=EDGE_CURVE('',#2767,#2768,#359,.F.);
#3525=EDGE_CURVE('',#2768,#2697,#1639,.T.);
#3526=EDGE_CURVE('',#2768,#2769,#1640,.F.);
#3527=EDGE_CURVE('',#2769,#2696,#1641,.T.);
#3528=EDGE_CURVE('',#2769,#2738,#360,.F.);
#3529=EDGE_CURVE('',#2317,#2770,#1642,.T.);
#3530=EDGE_CURVE('',#2770,#2771,#361,.T.);
#3531=EDGE_CURVE('',#2771,#2319,#1643,.T.);
#3532=EDGE_CURVE('',#2770,#2324,#1644,.T.);
#3533=EDGE_CURVE('',#2461,#2772,#1645,.T.);
#3534=EDGE_CURVE('',#2772,#2773,#362,.T.);
#3535=EDGE_CURVE('',#2773,#2462,#1646,.T.);
#3536=EDGE_CURVE('',#2772,#2465,#1647,.T.);
#3537=EDGE_CURVE('',#2526,#2774,#1648,.T.);
#3538=EDGE_CURVE('',#2774,#2775,#363,.T.);
#3539=EDGE_CURVE('',#2775,#2527,#1649,.T.);
#3540=EDGE_CURVE('',#2774,#2530,#1650,.T.);
#3541=EDGE_CURVE('',#2513,#2776,#1651,.T.);
#3542=EDGE_CURVE('',#2776,#2777,#364,.T.);
#3543=EDGE_CURVE('',#2777,#2514,#1652,.T.);
#3544=EDGE_CURVE('',#2776,#2517,#1653,.T.);
#3545=EDGE_CURVE('',#2500,#2778,#1654,.T.);
#3546=EDGE_CURVE('',#2778,#2779,#365,.T.);
#3547=EDGE_CURVE('',#2779,#2501,#1655,.T.);
#3548=EDGE_CURVE('',#2778,#2504,#1656,.T.);
#3549=EDGE_CURVE('',#2552,#2780,#1657,.T.);
#3550=EDGE_CURVE('',#2780,#2781,#366,.T.);
#3551=EDGE_CURVE('',#2781,#2553,#1658,.T.);
#3552=EDGE_CURVE('',#2780,#2556,#1659,.T.);
#3553=EDGE_CURVE('',#2539,#2782,#1660,.T.);
#3554=EDGE_CURVE('',#2782,#2783,#367,.T.);
#3555=EDGE_CURVE('',#2783,#2540,#1661,.T.);
#3556=EDGE_CURVE('',#2782,#2543,#1662,.T.);
#3557=EDGE_CURVE('',#2645,#2784,#1663,.T.);
#3558=EDGE_CURVE('',#2784,#2785,#368,.T.);
#3559=EDGE_CURVE('',#2785,#2646,#1664,.T.);
#3560=EDGE_CURVE('',#2784,#2649,#1665,.T.);
#3561=EDGE_CURVE('',#2632,#2786,#1666,.T.);
#3562=EDGE_CURVE('',#2786,#2787,#369,.T.);
#3563=EDGE_CURVE('',#2787,#2633,#1667,.T.);
#3564=EDGE_CURVE('',#2786,#2636,#1668,.T.);
#3565=EDGE_CURVE('',#2619,#2788,#1669,.T.);
#3566=EDGE_CURVE('',#2788,#2789,#370,.T.);
#3567=EDGE_CURVE('',#2789,#2620,#1670,.T.);
#3568=EDGE_CURVE('',#2788,#2623,#1671,.T.);
#3569=EDGE_CURVE('',#2606,#2790,#1672,.T.);
#3570=EDGE_CURVE('',#2790,#2791,#371,.T.);
#3571=EDGE_CURVE('',#2791,#2607,#1673,.T.);
#3572=EDGE_CURVE('',#2790,#2610,#1674,.T.);
#3573=EDGE_CURVE('',#2565,#2792,#1675,.T.);
#3574=EDGE_CURVE('',#2792,#2793,#372,.T.);
#3575=EDGE_CURVE('',#2793,#2566,#1676,.T.);
#3576=EDGE_CURVE('',#2792,#2569,#1677,.T.);
#3577=EDGE_CURVE('',#2487,#2794,#1678,.T.);
#3578=EDGE_CURVE('',#2794,#2795,#373,.T.);
#3579=EDGE_CURVE('',#2795,#2488,#1679,.T.);
#3580=EDGE_CURVE('',#2794,#2491,#1680,.T.);
#3581=EDGE_CURVE('',#2474,#2796,#1681,.T.);
#3582=EDGE_CURVE('',#2796,#2797,#374,.T.);
#3583=EDGE_CURVE('',#2797,#2475,#1682,.T.);
#3584=EDGE_CURVE('',#2796,#2478,#1683,.T.);
#3585=EDGE_CURVE('',#2578,#2798,#1684,.T.);
#3586=EDGE_CURVE('',#2798,#2799,#375,.T.);
#3587=EDGE_CURVE('',#2799,#2579,#1685,.T.);
#3588=EDGE_CURVE('',#2798,#2582,#1686,.T.);
#3589=EDGE_CURVE('',#2591,#2800,#1687,.T.);
#3590=EDGE_CURVE('',#2800,#2801,#376,.T.);
#3591=EDGE_CURVE('',#2801,#2592,#1688,.T.);
#3592=EDGE_CURVE('',#2800,#2595,#1689,.T.);
#3593=EDGE_CURVE('',#2476,#2802,#1690,.T.);
#3594=EDGE_CURVE('',#2802,#2481,#377,.T.);
#3595=EDGE_CURVE('',#2802,#2797,#1691,.T.);
#3596=EDGE_CURVE('',#2489,#2803,#1692,.T.);
#3597=EDGE_CURVE('',#2803,#2494,#378,.T.);
#3598=EDGE_CURVE('',#2803,#2795,#1693,.T.);
#3599=EDGE_CURVE('',#2502,#2804,#1694,.T.);
#3600=EDGE_CURVE('',#2804,#2507,#379,.T.);
#3601=EDGE_CURVE('',#2804,#2779,#1695,.T.);
#3602=EDGE_CURVE('',#2463,#2805,#1696,.T.);
#3603=EDGE_CURVE('',#2805,#2468,#380,.T.);
#3604=EDGE_CURVE('',#2805,#2773,#1697,.T.);
#3605=EDGE_CURVE('',#2321,#2806,#1698,.T.);
#3606=EDGE_CURVE('',#2806,#2327,#381,.T.);
#3607=EDGE_CURVE('',#2806,#2771,#1699,.T.);
#3608=EDGE_CURVE('',#2528,#2807,#1700,.T.);
#3609=EDGE_CURVE('',#2807,#2533,#382,.T.);
#3610=EDGE_CURVE('',#2807,#2775,#1701,.T.);
#3611=EDGE_CURVE('',#2515,#2808,#1702,.T.);
#3612=EDGE_CURVE('',#2808,#2520,#383,.T.);
#3613=EDGE_CURVE('',#2808,#2777,#1703,.T.);
#3614=EDGE_CURVE('',#2541,#2809,#1704,.T.);
#3615=EDGE_CURVE('',#2809,#2546,#384,.T.);
#3616=EDGE_CURVE('',#2809,#2783,#1705,.T.);
#3617=EDGE_CURVE('',#2554,#2810,#1706,.T.);
#3618=EDGE_CURVE('',#2810,#2559,#385,.T.);
#3619=EDGE_CURVE('',#2810,#2781,#1707,.T.);
#3620=EDGE_CURVE('',#2567,#2811,#1708,.T.);
#3621=EDGE_CURVE('',#2811,#2572,#386,.T.);
#3622=EDGE_CURVE('',#2811,#2793,#1709,.T.);
#3623=EDGE_CURVE('',#2580,#2812,#1710,.T.);
#3624=EDGE_CURVE('',#2812,#2585,#387,.T.);
#3625=EDGE_CURVE('',#2812,#2799,#1711,.T.);
#3626=EDGE_CURVE('',#2593,#2813,#1712,.T.);
#3627=EDGE_CURVE('',#2813,#2600,#388,.T.);
#3628=EDGE_CURVE('',#2813,#2801,#1713,.T.);
#3629=EDGE_CURVE('',#2608,#2814,#1714,.T.);
#3630=EDGE_CURVE('',#2814,#2613,#389,.T.);
#3631=EDGE_CURVE('',#2814,#2791,#1715,.T.);
#3632=EDGE_CURVE('',#2621,#2815,#1716,.T.);
#3633=EDGE_CURVE('',#2815,#2626,#390,.T.);
#3634=EDGE_CURVE('',#2815,#2789,#1717,.T.);
#3635=EDGE_CURVE('',#2634,#2816,#1718,.T.);
#3636=EDGE_CURVE('',#2816,#2639,#391,.T.);
#3637=EDGE_CURVE('',#2816,#2787,#1719,.T.);
#3638=EDGE_CURVE('',#2647,#2817,#1720,.T.);
#3639=EDGE_CURVE('',#2817,#2652,#392,.T.);
#3640=EDGE_CURVE('',#2817,#2785,#1721,.T.);
#3641=EDGE_CURVE('',#2328,#2714,#1722,.T.);
#3642=EDGE_CURVE('',#2715,#2335,#1723,.T.);
#3643=EDGE_CURVE('',#2716,#2334,#1724,.T.);
#3644=EDGE_CURVE('',#2717,#2333,#1725,.T.);
#3645=EDGE_CURVE('',#2718,#2332,#1726,.T.);
#3646=EDGE_CURVE('',#2719,#2331,#1727,.T.);
#3647=ORIENTED_EDGE('',*,*,#2818,.T.);
#3648=ORIENTED_EDGE('',*,*,#2819,.T.);
#3649=ORIENTED_EDGE('',*,*,#2820,.T.);
#3650=ORIENTED_EDGE('',*,*,#2821,.T.);
#3651=ORIENTED_EDGE('',*,*,#2818,.F.);
#3652=ORIENTED_EDGE('',*,*,#2822,.T.);
#3653=ORIENTED_EDGE('',*,*,#2823,.T.);
#3654=ORIENTED_EDGE('',*,*,#2824,.T.);
#3655=ORIENTED_EDGE('',*,*,#2825,.T.);
#3656=ORIENTED_EDGE('',*,*,#2826,.T.);
#3657=ORIENTED_EDGE('',*,*,#2823,.F.);
#3658=ORIENTED_EDGE('',*,*,#2827,.T.);
#3659=ORIENTED_EDGE('',*,*,#2825,.F.);
#3660=ORIENTED_EDGE('',*,*,#2828,.T.);
#3661=ORIENTED_EDGE('',*,*,#2829,.T.);
#3662=ORIENTED_EDGE('',*,*,#2830,.T.);
#3663=ORIENTED_EDGE('',*,*,#2831,.T.);
#3664=ORIENTED_EDGE('',*,*,#2832,.T.);
#3665=ORIENTED_EDGE('',*,*,#2829,.F.);
#3666=ORIENTED_EDGE('',*,*,#2833,.T.);
#3667=ORIENTED_EDGE('',*,*,#2831,.F.);
#3668=ORIENTED_EDGE('',*,*,#2834,.T.);
#3669=ORIENTED_EDGE('',*,*,#2835,.T.);
#3670=ORIENTED_EDGE('',*,*,#2836,.T.);
#3671=ORIENTED_EDGE('',*,*,#2837,.T.);
#3672=ORIENTED_EDGE('',*,*,#2838,.T.);
#3673=ORIENTED_EDGE('',*,*,#2835,.F.);
#3674=ORIENTED_EDGE('',*,*,#2839,.T.);
#3675=ORIENTED_EDGE('',*,*,#2837,.F.);
#3676=ORIENTED_EDGE('',*,*,#2840,.T.);
#3677=ORIENTED_EDGE('',*,*,#2820,.F.);
#3678=ORIENTED_EDGE('',*,*,#2841,.T.);
#3679=ORIENTED_EDGE('',*,*,#2828,.F.);
#3680=ORIENTED_EDGE('',*,*,#2842,.T.);
#3681=ORIENTED_EDGE('',*,*,#2843,.T.);
#3682=ORIENTED_EDGE('',*,*,#2844,.T.);
#3683=ORIENTED_EDGE('',*,*,#2827,.F.);
#3684=ORIENTED_EDGE('',*,*,#2845,.F.);
#3685=ORIENTED_EDGE('',*,*,#2846,.F.);
#3686=ORIENTED_EDGE('',*,*,#2842,.F.);
#3687=ORIENTED_EDGE('',*,*,#2822,.F.);
#3688=ORIENTED_EDGE('',*,*,#2847,.T.);
#3689=ORIENTED_EDGE('',*,*,#2848,.T.);
#3690=ORIENTED_EDGE('',*,*,#2845,.T.);
#3691=ORIENTED_EDGE('',*,*,#2821,.F.);
#3692=ORIENTED_EDGE('',*,*,#2849,.F.);
#3693=ORIENTED_EDGE('',*,*,#2850,.F.);
#3694=ORIENTED_EDGE('',*,*,#2847,.F.);
#3695=ORIENTED_EDGE('',*,*,#2851,.T.);
#3696=ORIENTED_EDGE('',*,*,#2852,.T.);
#3697=ORIENTED_EDGE('',*,*,#2853,.T.);
#3698=ORIENTED_EDGE('',*,*,#2854,.T.);
#3699=ORIENTED_EDGE('',*,*,#2855,.T.);
#3700=ORIENTED_EDGE('',*,*,#2856,.T.);
#3701=ORIENTED_EDGE('',*,*,#2857,.T.);
#3702=ORIENTED_EDGE('',*,*,#2858,.T.);
#3703=ORIENTED_EDGE('',*,*,#2859,.F.);
#3704=ORIENTED_EDGE('',*,*,#2860,.F.);
#3705=ORIENTED_EDGE('',*,*,#2861,.F.);
#3706=ORIENTED_EDGE('',*,*,#2862,.F.);
#3707=ORIENTED_EDGE('',*,*,#2863,.F.);
#3708=ORIENTED_EDGE('',*,*,#2864,.F.);
#3709=ORIENTED_EDGE('',*,*,#2865,.F.);
#3710=ORIENTED_EDGE('',*,*,#2866,.F.);
#3711=ORIENTED_EDGE('',*,*,#2867,.F.);
#3712=ORIENTED_EDGE('',*,*,#2868,.F.);
#3713=ORIENTED_EDGE('',*,*,#2869,.F.);
#3714=ORIENTED_EDGE('',*,*,#2870,.F.);
#3715=ORIENTED_EDGE('',*,*,#2871,.F.);
#3716=ORIENTED_EDGE('',*,*,#2872,.F.);
#3717=ORIENTED_EDGE('',*,*,#2873,.F.);
#3718=ORIENTED_EDGE('',*,*,#2874,.F.);
#3719=ORIENTED_EDGE('',*,*,#2875,.F.);
#3720=ORIENTED_EDGE('',*,*,#2876,.F.);
#3721=ORIENTED_EDGE('',*,*,#2877,.F.);
#3722=ORIENTED_EDGE('',*,*,#2878,.F.);
#3723=ORIENTED_EDGE('',*,*,#2879,.F.);
#3724=ORIENTED_EDGE('',*,*,#2880,.F.);
#3725=ORIENTED_EDGE('',*,*,#2881,.F.);
#3726=ORIENTED_EDGE('',*,*,#2882,.F.);
#3727=ORIENTED_EDGE('',*,*,#2883,.F.);
#3728=ORIENTED_EDGE('',*,*,#2884,.F.);
#3729=ORIENTED_EDGE('',*,*,#2885,.F.);
#3730=ORIENTED_EDGE('',*,*,#2886,.F.);
#3731=ORIENTED_EDGE('',*,*,#2887,.F.);
#3732=ORIENTED_EDGE('',*,*,#2888,.F.);
#3733=ORIENTED_EDGE('',*,*,#2889,.F.);
#3734=ORIENTED_EDGE('',*,*,#2890,.F.);
#3735=ORIENTED_EDGE('',*,*,#2891,.F.);
#3736=ORIENTED_EDGE('',*,*,#2892,.F.);
#3737=ORIENTED_EDGE('',*,*,#2893,.F.);
#3738=ORIENTED_EDGE('',*,*,#2894,.F.);
#3739=ORIENTED_EDGE('',*,*,#2895,.F.);
#3740=ORIENTED_EDGE('',*,*,#2896,.F.);
#3741=ORIENTED_EDGE('',*,*,#2897,.F.);
#3742=ORIENTED_EDGE('',*,*,#2898,.F.);
#3743=ORIENTED_EDGE('',*,*,#2899,.F.);
#3744=ORIENTED_EDGE('',*,*,#2900,.F.);
#3745=ORIENTED_EDGE('',*,*,#2901,.F.);
#3746=ORIENTED_EDGE('',*,*,#2902,.F.);
#3747=ORIENTED_EDGE('',*,*,#2903,.F.);
#3748=ORIENTED_EDGE('',*,*,#2904,.F.);
#3749=ORIENTED_EDGE('',*,*,#2905,.F.);
#3750=ORIENTED_EDGE('',*,*,#2906,.F.);
#3751=ORIENTED_EDGE('',*,*,#2907,.F.);
#3752=ORIENTED_EDGE('',*,*,#2908,.F.);
#3753=ORIENTED_EDGE('',*,*,#2909,.F.);
#3754=ORIENTED_EDGE('',*,*,#2910,.F.);
#3755=ORIENTED_EDGE('',*,*,#2911,.F.);
#3756=ORIENTED_EDGE('',*,*,#2912,.F.);
#3757=ORIENTED_EDGE('',*,*,#2913,.F.);
#3758=ORIENTED_EDGE('',*,*,#2914,.F.);
#3759=ORIENTED_EDGE('',*,*,#2915,.F.);
#3760=ORIENTED_EDGE('',*,*,#2916,.F.);
#3761=ORIENTED_EDGE('',*,*,#2917,.F.);
#3762=ORIENTED_EDGE('',*,*,#2918,.F.);
#3763=ORIENTED_EDGE('',*,*,#2919,.F.);
#3764=ORIENTED_EDGE('',*,*,#2920,.F.);
#3765=ORIENTED_EDGE('',*,*,#2921,.F.);
#3766=ORIENTED_EDGE('',*,*,#2922,.F.);
#3767=ORIENTED_EDGE('',*,*,#2923,.F.);
#3768=ORIENTED_EDGE('',*,*,#2924,.F.);
#3769=ORIENTED_EDGE('',*,*,#2925,.F.);
#3770=ORIENTED_EDGE('',*,*,#2926,.F.);
#3771=ORIENTED_EDGE('',*,*,#2927,.F.);
#3772=ORIENTED_EDGE('',*,*,#2928,.F.);
#3773=ORIENTED_EDGE('',*,*,#2929,.F.);
#3774=ORIENTED_EDGE('',*,*,#2930,.F.);
#3775=ORIENTED_EDGE('',*,*,#2931,.F.);
#3776=ORIENTED_EDGE('',*,*,#2932,.F.);
#3777=ORIENTED_EDGE('',*,*,#2933,.F.);
#3778=ORIENTED_EDGE('',*,*,#2934,.F.);
#3779=ORIENTED_EDGE('',*,*,#2935,.F.);
#3780=ORIENTED_EDGE('',*,*,#2936,.F.);
#3781=ORIENTED_EDGE('',*,*,#2937,.F.);
#3782=ORIENTED_EDGE('',*,*,#2938,.F.);
#3783=ORIENTED_EDGE('',*,*,#2939,.F.);
#3784=ORIENTED_EDGE('',*,*,#2940,.F.);
#3785=ORIENTED_EDGE('',*,*,#2941,.F.);
#3786=ORIENTED_EDGE('',*,*,#2942,.F.);
#3787=ORIENTED_EDGE('',*,*,#2943,.F.);
#3788=ORIENTED_EDGE('',*,*,#2944,.F.);
#3789=ORIENTED_EDGE('',*,*,#2945,.F.);
#3790=ORIENTED_EDGE('',*,*,#2946,.F.);
#3791=ORIENTED_EDGE('',*,*,#2947,.F.);
#3792=ORIENTED_EDGE('',*,*,#2948,.F.);
#3793=ORIENTED_EDGE('',*,*,#2949,.F.);
#3794=ORIENTED_EDGE('',*,*,#2950,.F.);
#3795=ORIENTED_EDGE('',*,*,#2951,.F.);
#3796=ORIENTED_EDGE('',*,*,#2952,.F.);
#3797=ORIENTED_EDGE('',*,*,#2953,.F.);
#3798=ORIENTED_EDGE('',*,*,#2954,.F.);
#3799=ORIENTED_EDGE('',*,*,#2955,.F.);
#3800=ORIENTED_EDGE('',*,*,#2956,.F.);
#3801=ORIENTED_EDGE('',*,*,#2957,.F.);
#3802=ORIENTED_EDGE('',*,*,#2958,.F.);
#3803=ORIENTED_EDGE('',*,*,#2959,.F.);
#3804=ORIENTED_EDGE('',*,*,#2960,.F.);
#3805=ORIENTED_EDGE('',*,*,#2961,.F.);
#3806=ORIENTED_EDGE('',*,*,#2962,.F.);
#3807=ORIENTED_EDGE('',*,*,#2963,.F.);
#3808=ORIENTED_EDGE('',*,*,#2964,.F.);
#3809=ORIENTED_EDGE('',*,*,#2965,.F.);
#3810=ORIENTED_EDGE('',*,*,#2966,.F.);
#3811=ORIENTED_EDGE('',*,*,#2967,.F.);
#3812=ORIENTED_EDGE('',*,*,#2968,.F.);
#3813=ORIENTED_EDGE('',*,*,#2969,.F.);
#3814=ORIENTED_EDGE('',*,*,#2970,.F.);
#3815=ORIENTED_EDGE('',*,*,#2971,.F.);
#3816=ORIENTED_EDGE('',*,*,#2972,.F.);
#3817=ORIENTED_EDGE('',*,*,#2973,.F.);
#3818=ORIENTED_EDGE('',*,*,#2974,.F.);
#3819=ORIENTED_EDGE('',*,*,#2975,.F.);
#3820=ORIENTED_EDGE('',*,*,#2976,.F.);
#3821=ORIENTED_EDGE('',*,*,#2977,.F.);
#3822=ORIENTED_EDGE('',*,*,#2978,.F.);
#3823=ORIENTED_EDGE('',*,*,#2819,.F.);
#3824=ORIENTED_EDGE('',*,*,#2824,.F.);
#3825=ORIENTED_EDGE('',*,*,#2826,.F.);
#3826=ORIENTED_EDGE('',*,*,#2830,.F.);
#3827=ORIENTED_EDGE('',*,*,#2832,.F.);
#3828=ORIENTED_EDGE('',*,*,#2836,.F.);
#3829=ORIENTED_EDGE('',*,*,#2838,.F.);
#3830=ORIENTED_EDGE('',*,*,#2841,.F.);
#3831=ORIENTED_EDGE('',*,*,#2979,.T.);
#3832=ORIENTED_EDGE('',*,*,#2859,.T.);
#3833=ORIENTED_EDGE('',*,*,#2980,.T.);
#3834=ORIENTED_EDGE('',*,*,#2981,.T.);
#3835=ORIENTED_EDGE('',*,*,#2979,.F.);
#3836=ORIENTED_EDGE('',*,*,#2982,.T.);
#3837=ORIENTED_EDGE('',*,*,#2983,.T.);
#3838=ORIENTED_EDGE('',*,*,#2860,.T.);
#3839=ORIENTED_EDGE('',*,*,#2984,.T.);
#3840=ORIENTED_EDGE('',*,*,#2861,.T.);
#3841=ORIENTED_EDGE('',*,*,#2983,.F.);
#3842=ORIENTED_EDGE('',*,*,#2985,.T.);
#3843=ORIENTED_EDGE('',*,*,#2984,.F.);
#3844=ORIENTED_EDGE('',*,*,#2986,.T.);
#3845=ORIENTED_EDGE('',*,*,#2987,.T.);
#3846=ORIENTED_EDGE('',*,*,#2862,.T.);
#3847=ORIENTED_EDGE('',*,*,#2988,.T.);
#3848=ORIENTED_EDGE('',*,*,#2863,.T.);
#3849=ORIENTED_EDGE('',*,*,#2987,.F.);
#3850=ORIENTED_EDGE('',*,*,#2989,.T.);
#3851=ORIENTED_EDGE('',*,*,#2988,.F.);
#3852=ORIENTED_EDGE('',*,*,#2990,.T.);
#3853=ORIENTED_EDGE('',*,*,#2991,.T.);
#3854=ORIENTED_EDGE('',*,*,#2864,.T.);
#3855=ORIENTED_EDGE('',*,*,#2992,.T.);
#3856=ORIENTED_EDGE('',*,*,#2865,.T.);
#3857=ORIENTED_EDGE('',*,*,#2991,.F.);
#3858=ORIENTED_EDGE('',*,*,#2993,.T.);
#3859=ORIENTED_EDGE('',*,*,#2992,.F.);
#3860=ORIENTED_EDGE('',*,*,#2994,.T.);
#3861=ORIENTED_EDGE('',*,*,#2980,.F.);
#3862=ORIENTED_EDGE('',*,*,#2866,.T.);
#3863=ORIENTED_EDGE('',*,*,#2986,.F.);
#3864=ORIENTED_EDGE('',*,*,#2995,.T.);
#3865=ORIENTED_EDGE('',*,*,#2996,.T.);
#3866=ORIENTED_EDGE('',*,*,#2997,.T.);
#3867=ORIENTED_EDGE('',*,*,#2985,.F.);
#3868=ORIENTED_EDGE('',*,*,#2998,.F.);
#3869=ORIENTED_EDGE('',*,*,#2999,.F.);
#3870=ORIENTED_EDGE('',*,*,#2995,.F.);
#3871=ORIENTED_EDGE('',*,*,#2982,.F.);
#3872=ORIENTED_EDGE('',*,*,#3000,.T.);
#3873=ORIENTED_EDGE('',*,*,#3001,.T.);
#3874=ORIENTED_EDGE('',*,*,#2998,.T.);
#3875=ORIENTED_EDGE('',*,*,#2981,.F.);
#3876=ORIENTED_EDGE('',*,*,#3002,.F.);
#3877=ORIENTED_EDGE('',*,*,#3003,.F.);
#3878=ORIENTED_EDGE('',*,*,#3000,.F.);
#3879=ORIENTED_EDGE('',*,*,#3004,.T.);
#3880=ORIENTED_EDGE('',*,*,#2971,.T.);
#3881=ORIENTED_EDGE('',*,*,#3005,.T.);
#3882=ORIENTED_EDGE('',*,*,#3006,.T.);
#3883=ORIENTED_EDGE('',*,*,#3004,.F.);
#3884=ORIENTED_EDGE('',*,*,#3007,.T.);
#3885=ORIENTED_EDGE('',*,*,#3008,.T.);
#3886=ORIENTED_EDGE('',*,*,#2972,.T.);
#3887=ORIENTED_EDGE('',*,*,#3009,.T.);
#3888=ORIENTED_EDGE('',*,*,#2973,.T.);
#3889=ORIENTED_EDGE('',*,*,#3008,.F.);
#3890=ORIENTED_EDGE('',*,*,#3010,.T.);
#3891=ORIENTED_EDGE('',*,*,#3009,.F.);
#3892=ORIENTED_EDGE('',*,*,#3011,.T.);
#3893=ORIENTED_EDGE('',*,*,#3012,.T.);
#3894=ORIENTED_EDGE('',*,*,#2974,.T.);
#3895=ORIENTED_EDGE('',*,*,#3013,.T.);
#3896=ORIENTED_EDGE('',*,*,#2975,.T.);
#3897=ORIENTED_EDGE('',*,*,#3012,.F.);
#3898=ORIENTED_EDGE('',*,*,#3014,.T.);
#3899=ORIENTED_EDGE('',*,*,#3013,.F.);
#3900=ORIENTED_EDGE('',*,*,#3015,.T.);
#3901=ORIENTED_EDGE('',*,*,#3016,.T.);
#3902=ORIENTED_EDGE('',*,*,#2976,.T.);
#3903=ORIENTED_EDGE('',*,*,#3017,.T.);
#3904=ORIENTED_EDGE('',*,*,#2977,.T.);
#3905=ORIENTED_EDGE('',*,*,#3016,.F.);
#3906=ORIENTED_EDGE('',*,*,#3018,.T.);
#3907=ORIENTED_EDGE('',*,*,#3017,.F.);
#3908=ORIENTED_EDGE('',*,*,#3019,.T.);
#3909=ORIENTED_EDGE('',*,*,#3005,.F.);
#3910=ORIENTED_EDGE('',*,*,#2978,.T.);
#3911=ORIENTED_EDGE('',*,*,#3011,.F.);
#3912=ORIENTED_EDGE('',*,*,#3020,.T.);
#3913=ORIENTED_EDGE('',*,*,#3021,.T.);
#3914=ORIENTED_EDGE('',*,*,#3022,.T.);
#3915=ORIENTED_EDGE('',*,*,#3010,.F.);
#3916=ORIENTED_EDGE('',*,*,#3023,.F.);
#3917=ORIENTED_EDGE('',*,*,#3024,.F.);
#3918=ORIENTED_EDGE('',*,*,#3020,.F.);
#3919=ORIENTED_EDGE('',*,*,#3007,.F.);
#3920=ORIENTED_EDGE('',*,*,#3025,.T.);
#3921=ORIENTED_EDGE('',*,*,#3026,.T.);
#3922=ORIENTED_EDGE('',*,*,#3023,.T.);
#3923=ORIENTED_EDGE('',*,*,#3006,.F.);
#3924=ORIENTED_EDGE('',*,*,#3027,.F.);
#3925=ORIENTED_EDGE('',*,*,#3028,.F.);
#3926=ORIENTED_EDGE('',*,*,#3025,.F.);
#3927=ORIENTED_EDGE('',*,*,#3029,.T.);
#3928=ORIENTED_EDGE('',*,*,#2867,.T.);
#3929=ORIENTED_EDGE('',*,*,#3030,.T.);
#3930=ORIENTED_EDGE('',*,*,#3031,.T.);
#3931=ORIENTED_EDGE('',*,*,#3029,.F.);
#3932=ORIENTED_EDGE('',*,*,#3032,.T.);
#3933=ORIENTED_EDGE('',*,*,#3033,.T.);
#3934=ORIENTED_EDGE('',*,*,#2868,.T.);
#3935=ORIENTED_EDGE('',*,*,#3034,.T.);
#3936=ORIENTED_EDGE('',*,*,#2869,.T.);
#3937=ORIENTED_EDGE('',*,*,#3033,.F.);
#3938=ORIENTED_EDGE('',*,*,#3035,.T.);
#3939=ORIENTED_EDGE('',*,*,#3034,.F.);
#3940=ORIENTED_EDGE('',*,*,#3036,.T.);
#3941=ORIENTED_EDGE('',*,*,#3037,.T.);
#3942=ORIENTED_EDGE('',*,*,#2870,.T.);
#3943=ORIENTED_EDGE('',*,*,#3038,.T.);
#3944=ORIENTED_EDGE('',*,*,#2871,.T.);
#3945=ORIENTED_EDGE('',*,*,#3037,.F.);
#3946=ORIENTED_EDGE('',*,*,#3039,.T.);
#3947=ORIENTED_EDGE('',*,*,#3038,.F.);
#3948=ORIENTED_EDGE('',*,*,#3040,.T.);
#3949=ORIENTED_EDGE('',*,*,#3041,.T.);
#3950=ORIENTED_EDGE('',*,*,#2872,.T.);
#3951=ORIENTED_EDGE('',*,*,#3042,.T.);
#3952=ORIENTED_EDGE('',*,*,#2873,.T.);
#3953=ORIENTED_EDGE('',*,*,#3041,.F.);
#3954=ORIENTED_EDGE('',*,*,#3043,.T.);
#3955=ORIENTED_EDGE('',*,*,#3042,.F.);
#3956=ORIENTED_EDGE('',*,*,#3044,.T.);
#3957=ORIENTED_EDGE('',*,*,#3030,.F.);
#3958=ORIENTED_EDGE('',*,*,#2874,.T.);
#3959=ORIENTED_EDGE('',*,*,#3036,.F.);
#3960=ORIENTED_EDGE('',*,*,#3045,.T.);
#3961=ORIENTED_EDGE('',*,*,#3046,.T.);
#3962=ORIENTED_EDGE('',*,*,#3047,.T.);
#3963=ORIENTED_EDGE('',*,*,#3035,.F.);
#3964=ORIENTED_EDGE('',*,*,#3048,.F.);
#3965=ORIENTED_EDGE('',*,*,#3049,.F.);
#3966=ORIENTED_EDGE('',*,*,#3045,.F.);
#3967=ORIENTED_EDGE('',*,*,#3032,.F.);
#3968=ORIENTED_EDGE('',*,*,#3050,.T.);
#3969=ORIENTED_EDGE('',*,*,#3051,.T.);
#3970=ORIENTED_EDGE('',*,*,#3048,.T.);
#3971=ORIENTED_EDGE('',*,*,#3031,.F.);
#3972=ORIENTED_EDGE('',*,*,#3052,.F.);
#3973=ORIENTED_EDGE('',*,*,#3053,.F.);
#3974=ORIENTED_EDGE('',*,*,#3050,.F.);
#3975=ORIENTED_EDGE('',*,*,#3054,.T.);
#3976=ORIENTED_EDGE('',*,*,#2963,.T.);
#3977=ORIENTED_EDGE('',*,*,#3055,.T.);
#3978=ORIENTED_EDGE('',*,*,#3056,.T.);
#3979=ORIENTED_EDGE('',*,*,#3054,.F.);
#3980=ORIENTED_EDGE('',*,*,#3057,.T.);
#3981=ORIENTED_EDGE('',*,*,#3058,.T.);
#3982=ORIENTED_EDGE('',*,*,#2964,.T.);
#3983=ORIENTED_EDGE('',*,*,#3059,.T.);
#3984=ORIENTED_EDGE('',*,*,#2965,.T.);
#3985=ORIENTED_EDGE('',*,*,#3058,.F.);
#3986=ORIENTED_EDGE('',*,*,#3060,.T.);
#3987=ORIENTED_EDGE('',*,*,#3059,.F.);
#3988=ORIENTED_EDGE('',*,*,#3061,.T.);
#3989=ORIENTED_EDGE('',*,*,#3062,.T.);
#3990=ORIENTED_EDGE('',*,*,#2966,.T.);
#3991=ORIENTED_EDGE('',*,*,#3063,.T.);
#3992=ORIENTED_EDGE('',*,*,#2967,.T.);
#3993=ORIENTED_EDGE('',*,*,#3062,.F.);
#3994=ORIENTED_EDGE('',*,*,#3064,.T.);
#3995=ORIENTED_EDGE('',*,*,#3063,.F.);
#3996=ORIENTED_EDGE('',*,*,#3065,.T.);
#3997=ORIENTED_EDGE('',*,*,#3066,.T.);
#3998=ORIENTED_EDGE('',*,*,#2968,.T.);
#3999=ORIENTED_EDGE('',*,*,#3067,.T.);
#4000=ORIENTED_EDGE('',*,*,#2969,.T.);
#4001=ORIENTED_EDGE('',*,*,#3066,.F.);
#4002=ORIENTED_EDGE('',*,*,#3068,.T.);
#4003=ORIENTED_EDGE('',*,*,#3067,.F.);
#4004=ORIENTED_EDGE('',*,*,#3069,.T.);
#4005=ORIENTED_EDGE('',*,*,#3055,.F.);
#4006=ORIENTED_EDGE('',*,*,#2970,.T.);
#4007=ORIENTED_EDGE('',*,*,#3061,.F.);
#4008=ORIENTED_EDGE('',*,*,#3070,.T.);
#4009=ORIENTED_EDGE('',*,*,#3071,.T.);
#4010=ORIENTED_EDGE('',*,*,#3072,.T.);
#4011=ORIENTED_EDGE('',*,*,#3060,.F.);
#4012=ORIENTED_EDGE('',*,*,#3073,.F.);
#4013=ORIENTED_EDGE('',*,*,#3074,.F.);
#4014=ORIENTED_EDGE('',*,*,#3070,.F.);
#4015=ORIENTED_EDGE('',*,*,#3057,.F.);
#4016=ORIENTED_EDGE('',*,*,#3075,.T.);
#4017=ORIENTED_EDGE('',*,*,#3076,.T.);
#4018=ORIENTED_EDGE('',*,*,#3073,.T.);
#4019=ORIENTED_EDGE('',*,*,#3056,.F.);
#4020=ORIENTED_EDGE('',*,*,#3077,.F.);
#4021=ORIENTED_EDGE('',*,*,#3078,.F.);
#4022=ORIENTED_EDGE('',*,*,#3075,.F.);
#4023=ORIENTED_EDGE('',*,*,#3079,.T.);
#4024=ORIENTED_EDGE('',*,*,#2875,.T.);
#4025=ORIENTED_EDGE('',*,*,#3080,.T.);
#4026=ORIENTED_EDGE('',*,*,#3081,.T.);
#4027=ORIENTED_EDGE('',*,*,#3079,.F.);
#4028=ORIENTED_EDGE('',*,*,#3082,.T.);
#4029=ORIENTED_EDGE('',*,*,#3083,.T.);
#4030=ORIENTED_EDGE('',*,*,#2876,.T.);
#4031=ORIENTED_EDGE('',*,*,#3084,.T.);
#4032=ORIENTED_EDGE('',*,*,#2877,.T.);
#4033=ORIENTED_EDGE('',*,*,#3083,.F.);
#4034=ORIENTED_EDGE('',*,*,#3085,.T.);
#4035=ORIENTED_EDGE('',*,*,#3084,.F.);
#4036=ORIENTED_EDGE('',*,*,#3086,.T.);
#4037=ORIENTED_EDGE('',*,*,#3087,.T.);
#4038=ORIENTED_EDGE('',*,*,#2878,.T.);
#4039=ORIENTED_EDGE('',*,*,#3088,.T.);
#4040=ORIENTED_EDGE('',*,*,#2879,.T.);
#4041=ORIENTED_EDGE('',*,*,#3087,.F.);
#4042=ORIENTED_EDGE('',*,*,#3089,.T.);
#4043=ORIENTED_EDGE('',*,*,#3088,.F.);
#4044=ORIENTED_EDGE('',*,*,#3090,.T.);
#4045=ORIENTED_EDGE('',*,*,#3091,.T.);
#4046=ORIENTED_EDGE('',*,*,#2880,.T.);
#4047=ORIENTED_EDGE('',*,*,#3092,.T.);
#4048=ORIENTED_EDGE('',*,*,#2881,.T.);
#4049=ORIENTED_EDGE('',*,*,#3091,.F.);
#4050=ORIENTED_EDGE('',*,*,#3093,.T.);
#4051=ORIENTED_EDGE('',*,*,#3092,.F.);
#4052=ORIENTED_EDGE('',*,*,#3094,.T.);
#4053=ORIENTED_EDGE('',*,*,#3080,.F.);
#4054=ORIENTED_EDGE('',*,*,#2882,.T.);
#4055=ORIENTED_EDGE('',*,*,#3086,.F.);
#4056=ORIENTED_EDGE('',*,*,#3095,.T.);
#4057=ORIENTED_EDGE('',*,*,#3096,.T.);
#4058=ORIENTED_EDGE('',*,*,#3097,.T.);
#4059=ORIENTED_EDGE('',*,*,#3085,.F.);
#4060=ORIENTED_EDGE('',*,*,#3098,.F.);
#4061=ORIENTED_EDGE('',*,*,#3099,.F.);
#4062=ORIENTED_EDGE('',*,*,#3095,.F.);
#4063=ORIENTED_EDGE('',*,*,#3082,.F.);
#4064=ORIENTED_EDGE('',*,*,#3100,.T.);
#4065=ORIENTED_EDGE('',*,*,#3101,.T.);
#4066=ORIENTED_EDGE('',*,*,#3098,.T.);
#4067=ORIENTED_EDGE('',*,*,#3081,.F.);
#4068=ORIENTED_EDGE('',*,*,#3102,.F.);
#4069=ORIENTED_EDGE('',*,*,#3103,.F.);
#4070=ORIENTED_EDGE('',*,*,#3100,.F.);
#4071=ORIENTED_EDGE('',*,*,#3104,.T.);
#4072=ORIENTED_EDGE('',*,*,#2955,.T.);
#4073=ORIENTED_EDGE('',*,*,#3105,.T.);
#4074=ORIENTED_EDGE('',*,*,#3106,.T.);
#4075=ORIENTED_EDGE('',*,*,#3104,.F.);
#4076=ORIENTED_EDGE('',*,*,#3107,.T.);
#4077=ORIENTED_EDGE('',*,*,#3108,.T.);
#4078=ORIENTED_EDGE('',*,*,#2956,.T.);
#4079=ORIENTED_EDGE('',*,*,#3109,.T.);
#4080=ORIENTED_EDGE('',*,*,#2957,.T.);
#4081=ORIENTED_EDGE('',*,*,#3108,.F.);
#4082=ORIENTED_EDGE('',*,*,#3110,.T.);
#4083=ORIENTED_EDGE('',*,*,#3109,.F.);
#4084=ORIENTED_EDGE('',*,*,#3111,.T.);
#4085=ORIENTED_EDGE('',*,*,#3112,.T.);
#4086=ORIENTED_EDGE('',*,*,#2958,.T.);
#4087=ORIENTED_EDGE('',*,*,#3113,.T.);
#4088=ORIENTED_EDGE('',*,*,#2959,.T.);
#4089=ORIENTED_EDGE('',*,*,#3112,.F.);
#4090=ORIENTED_EDGE('',*,*,#3114,.T.);
#4091=ORIENTED_EDGE('',*,*,#3113,.F.);
#4092=ORIENTED_EDGE('',*,*,#3115,.T.);
#4093=ORIENTED_EDGE('',*,*,#3116,.T.);
#4094=ORIENTED_EDGE('',*,*,#2960,.T.);
#4095=ORIENTED_EDGE('',*,*,#3117,.T.);
#4096=ORIENTED_EDGE('',*,*,#2961,.T.);
#4097=ORIENTED_EDGE('',*,*,#3116,.F.);
#4098=ORIENTED_EDGE('',*,*,#3118,.T.);
#4099=ORIENTED_EDGE('',*,*,#3117,.F.);
#4100=ORIENTED_EDGE('',*,*,#3119,.T.);
#4101=ORIENTED_EDGE('',*,*,#3105,.F.);
#4102=ORIENTED_EDGE('',*,*,#2962,.T.);
#4103=ORIENTED_EDGE('',*,*,#3111,.F.);
#4104=ORIENTED_EDGE('',*,*,#3120,.T.);
#4105=ORIENTED_EDGE('',*,*,#3121,.T.);
#4106=ORIENTED_EDGE('',*,*,#3122,.T.);
#4107=ORIENTED_EDGE('',*,*,#3110,.F.);
#4108=ORIENTED_EDGE('',*,*,#3123,.F.);
#4109=ORIENTED_EDGE('',*,*,#3124,.F.);
#4110=ORIENTED_EDGE('',*,*,#3120,.F.);
#4111=ORIENTED_EDGE('',*,*,#3107,.F.);
#4112=ORIENTED_EDGE('',*,*,#3125,.T.);
#4113=ORIENTED_EDGE('',*,*,#3126,.T.);
#4114=ORIENTED_EDGE('',*,*,#3123,.T.);
#4115=ORIENTED_EDGE('',*,*,#3106,.F.);
#4116=ORIENTED_EDGE('',*,*,#3127,.F.);
#4117=ORIENTED_EDGE('',*,*,#3128,.F.);
#4118=ORIENTED_EDGE('',*,*,#3125,.F.);
#4119=ORIENTED_EDGE('',*,*,#3129,.T.);
#4120=ORIENTED_EDGE('',*,*,#2883,.T.);
#4121=ORIENTED_EDGE('',*,*,#3130,.T.);
#4122=ORIENTED_EDGE('',*,*,#3131,.T.);
#4123=ORIENTED_EDGE('',*,*,#3129,.F.);
#4124=ORIENTED_EDGE('',*,*,#3132,.T.);
#4125=ORIENTED_EDGE('',*,*,#3133,.T.);
#4126=ORIENTED_EDGE('',*,*,#2884,.T.);
#4127=ORIENTED_EDGE('',*,*,#3134,.T.);
#4128=ORIENTED_EDGE('',*,*,#2885,.T.);
#4129=ORIENTED_EDGE('',*,*,#3133,.F.);
#4130=ORIENTED_EDGE('',*,*,#3135,.T.);
#4131=ORIENTED_EDGE('',*,*,#3134,.F.);
#4132=ORIENTED_EDGE('',*,*,#3136,.T.);
#4133=ORIENTED_EDGE('',*,*,#3137,.T.);
#4134=ORIENTED_EDGE('',*,*,#2886,.T.);
#4135=ORIENTED_EDGE('',*,*,#3138,.T.);
#4136=ORIENTED_EDGE('',*,*,#2887,.T.);
#4137=ORIENTED_EDGE('',*,*,#3137,.F.);
#4138=ORIENTED_EDGE('',*,*,#3139,.T.);
#4139=ORIENTED_EDGE('',*,*,#3138,.F.);
#4140=ORIENTED_EDGE('',*,*,#3140,.T.);
#4141=ORIENTED_EDGE('',*,*,#3141,.T.);
#4142=ORIENTED_EDGE('',*,*,#2888,.T.);
#4143=ORIENTED_EDGE('',*,*,#3142,.T.);
#4144=ORIENTED_EDGE('',*,*,#2889,.T.);
#4145=ORIENTED_EDGE('',*,*,#3141,.F.);
#4146=ORIENTED_EDGE('',*,*,#3143,.T.);
#4147=ORIENTED_EDGE('',*,*,#3142,.F.);
#4148=ORIENTED_EDGE('',*,*,#3144,.T.);
#4149=ORIENTED_EDGE('',*,*,#3130,.F.);
#4150=ORIENTED_EDGE('',*,*,#2890,.T.);
#4151=ORIENTED_EDGE('',*,*,#3136,.F.);
#4152=ORIENTED_EDGE('',*,*,#3145,.T.);
#4153=ORIENTED_EDGE('',*,*,#3146,.T.);
#4154=ORIENTED_EDGE('',*,*,#3147,.T.);
#4155=ORIENTED_EDGE('',*,*,#3135,.F.);
#4156=ORIENTED_EDGE('',*,*,#3148,.F.);
#4157=ORIENTED_EDGE('',*,*,#3149,.F.);
#4158=ORIENTED_EDGE('',*,*,#3145,.F.);
#4159=ORIENTED_EDGE('',*,*,#3132,.F.);
#4160=ORIENTED_EDGE('',*,*,#3150,.T.);
#4161=ORIENTED_EDGE('',*,*,#3151,.T.);
#4162=ORIENTED_EDGE('',*,*,#3148,.T.);
#4163=ORIENTED_EDGE('',*,*,#3131,.F.);
#4164=ORIENTED_EDGE('',*,*,#3152,.F.);
#4165=ORIENTED_EDGE('',*,*,#3153,.F.);
#4166=ORIENTED_EDGE('',*,*,#3150,.F.);
#4167=ORIENTED_EDGE('',*,*,#3154,.T.);
#4168=ORIENTED_EDGE('',*,*,#2947,.T.);
#4169=ORIENTED_EDGE('',*,*,#3155,.T.);
#4170=ORIENTED_EDGE('',*,*,#3156,.T.);
#4171=ORIENTED_EDGE('',*,*,#3154,.F.);
#4172=ORIENTED_EDGE('',*,*,#3157,.T.);
#4173=ORIENTED_EDGE('',*,*,#3158,.T.);
#4174=ORIENTED_EDGE('',*,*,#2948,.T.);
#4175=ORIENTED_EDGE('',*,*,#3159,.T.);
#4176=ORIENTED_EDGE('',*,*,#2949,.T.);
#4177=ORIENTED_EDGE('',*,*,#3158,.F.);
#4178=ORIENTED_EDGE('',*,*,#3160,.T.);
#4179=ORIENTED_EDGE('',*,*,#3159,.F.);
#4180=ORIENTED_EDGE('',*,*,#3161,.T.);
#4181=ORIENTED_EDGE('',*,*,#3162,.T.);
#4182=ORIENTED_EDGE('',*,*,#2950,.T.);
#4183=ORIENTED_EDGE('',*,*,#3163,.T.);
#4184=ORIENTED_EDGE('',*,*,#2951,.T.);
#4185=ORIENTED_EDGE('',*,*,#3162,.F.);
#4186=ORIENTED_EDGE('',*,*,#3164,.T.);
#4187=ORIENTED_EDGE('',*,*,#3163,.F.);
#4188=ORIENTED_EDGE('',*,*,#3165,.T.);
#4189=ORIENTED_EDGE('',*,*,#3166,.T.);
#4190=ORIENTED_EDGE('',*,*,#2952,.T.);
#4191=ORIENTED_EDGE('',*,*,#3167,.T.);
#4192=ORIENTED_EDGE('',*,*,#2953,.T.);
#4193=ORIENTED_EDGE('',*,*,#3166,.F.);
#4194=ORIENTED_EDGE('',*,*,#3168,.T.);
#4195=ORIENTED_EDGE('',*,*,#3167,.F.);
#4196=ORIENTED_EDGE('',*,*,#3169,.T.);
#4197=ORIENTED_EDGE('',*,*,#3155,.F.);
#4198=ORIENTED_EDGE('',*,*,#2954,.T.);
#4199=ORIENTED_EDGE('',*,*,#3161,.F.);
#4200=ORIENTED_EDGE('',*,*,#3170,.T.);
#4201=ORIENTED_EDGE('',*,*,#3171,.T.);
#4202=ORIENTED_EDGE('',*,*,#3172,.T.);
#4203=ORIENTED_EDGE('',*,*,#3160,.F.);
#4204=ORIENTED_EDGE('',*,*,#3173,.F.);
#4205=ORIENTED_EDGE('',*,*,#3174,.F.);
#4206=ORIENTED_EDGE('',*,*,#3170,.F.);
#4207=ORIENTED_EDGE('',*,*,#3157,.F.);
#4208=ORIENTED_EDGE('',*,*,#3175,.T.);
#4209=ORIENTED_EDGE('',*,*,#3176,.T.);
#4210=ORIENTED_EDGE('',*,*,#3173,.T.);
#4211=ORIENTED_EDGE('',*,*,#3156,.F.);
#4212=ORIENTED_EDGE('',*,*,#3177,.F.);
#4213=ORIENTED_EDGE('',*,*,#3178,.F.);
#4214=ORIENTED_EDGE('',*,*,#3175,.F.);
#4215=ORIENTED_EDGE('',*,*,#3179,.T.);
#4216=ORIENTED_EDGE('',*,*,#2891,.T.);
#4217=ORIENTED_EDGE('',*,*,#3180,.T.);
#4218=ORIENTED_EDGE('',*,*,#3181,.T.);
#4219=ORIENTED_EDGE('',*,*,#3179,.F.);
#4220=ORIENTED_EDGE('',*,*,#3182,.T.);
#4221=ORIENTED_EDGE('',*,*,#3183,.T.);
#4222=ORIENTED_EDGE('',*,*,#2892,.T.);
#4223=ORIENTED_EDGE('',*,*,#3184,.T.);
#4224=ORIENTED_EDGE('',*,*,#2893,.T.);
#4225=ORIENTED_EDGE('',*,*,#3183,.F.);
#4226=ORIENTED_EDGE('',*,*,#3185,.T.);
#4227=ORIENTED_EDGE('',*,*,#3184,.F.);
#4228=ORIENTED_EDGE('',*,*,#3186,.T.);
#4229=ORIENTED_EDGE('',*,*,#3187,.T.);
#4230=ORIENTED_EDGE('',*,*,#2894,.T.);
#4231=ORIENTED_EDGE('',*,*,#3188,.T.);
#4232=ORIENTED_EDGE('',*,*,#2895,.T.);
#4233=ORIENTED_EDGE('',*,*,#3187,.F.);
#4234=ORIENTED_EDGE('',*,*,#3189,.T.);
#4235=ORIENTED_EDGE('',*,*,#3188,.F.);
#4236=ORIENTED_EDGE('',*,*,#3190,.T.);
#4237=ORIENTED_EDGE('',*,*,#3191,.T.);
#4238=ORIENTED_EDGE('',*,*,#2896,.T.);
#4239=ORIENTED_EDGE('',*,*,#3192,.T.);
#4240=ORIENTED_EDGE('',*,*,#2897,.T.);
#4241=ORIENTED_EDGE('',*,*,#3191,.F.);
#4242=ORIENTED_EDGE('',*,*,#3193,.T.);
#4243=ORIENTED_EDGE('',*,*,#3192,.F.);
#4244=ORIENTED_EDGE('',*,*,#3194,.T.);
#4245=ORIENTED_EDGE('',*,*,#3180,.F.);
#4246=ORIENTED_EDGE('',*,*,#2898,.T.);
#4247=ORIENTED_EDGE('',*,*,#3186,.F.);
#4248=ORIENTED_EDGE('',*,*,#3195,.T.);
#4249=ORIENTED_EDGE('',*,*,#3196,.T.);
#4250=ORIENTED_EDGE('',*,*,#3197,.T.);
#4251=ORIENTED_EDGE('',*,*,#3185,.F.);
#4252=ORIENTED_EDGE('',*,*,#3198,.F.);
#4253=ORIENTED_EDGE('',*,*,#3199,.F.);
#4254=ORIENTED_EDGE('',*,*,#3195,.F.);
#4255=ORIENTED_EDGE('',*,*,#3182,.F.);
#4256=ORIENTED_EDGE('',*,*,#3200,.T.);
#4257=ORIENTED_EDGE('',*,*,#3201,.T.);
#4258=ORIENTED_EDGE('',*,*,#3198,.T.);
#4259=ORIENTED_EDGE('',*,*,#3181,.F.);
#4260=ORIENTED_EDGE('',*,*,#3202,.F.);
#4261=ORIENTED_EDGE('',*,*,#3203,.F.);
#4262=ORIENTED_EDGE('',*,*,#3200,.F.);
#4263=ORIENTED_EDGE('',*,*,#3204,.T.);
#4264=ORIENTED_EDGE('',*,*,#2939,.T.);
#4265=ORIENTED_EDGE('',*,*,#3205,.T.);
#4266=ORIENTED_EDGE('',*,*,#3206,.T.);
#4267=ORIENTED_EDGE('',*,*,#3204,.F.);
#4268=ORIENTED_EDGE('',*,*,#3207,.T.);
#4269=ORIENTED_EDGE('',*,*,#3208,.T.);
#4270=ORIENTED_EDGE('',*,*,#2940,.T.);
#4271=ORIENTED_EDGE('',*,*,#3209,.T.);
#4272=ORIENTED_EDGE('',*,*,#2941,.T.);
#4273=ORIENTED_EDGE('',*,*,#3208,.F.);
#4274=ORIENTED_EDGE('',*,*,#3210,.T.);
#4275=ORIENTED_EDGE('',*,*,#3209,.F.);
#4276=ORIENTED_EDGE('',*,*,#3211,.T.);
#4277=ORIENTED_EDGE('',*,*,#3212,.T.);
#4278=ORIENTED_EDGE('',*,*,#2942,.T.);
#4279=ORIENTED_EDGE('',*,*,#3213,.T.);
#4280=ORIENTED_EDGE('',*,*,#2943,.T.);
#4281=ORIENTED_EDGE('',*,*,#3212,.F.);
#4282=ORIENTED_EDGE('',*,*,#3214,.T.);
#4283=ORIENTED_EDGE('',*,*,#3213,.F.);
#4284=ORIENTED_EDGE('',*,*,#3215,.T.);
#4285=ORIENTED_EDGE('',*,*,#3216,.T.);
#4286=ORIENTED_EDGE('',*,*,#2944,.T.);
#4287=ORIENTED_EDGE('',*,*,#3217,.T.);
#4288=ORIENTED_EDGE('',*,*,#2945,.T.);
#4289=ORIENTED_EDGE('',*,*,#3216,.F.);
#4290=ORIENTED_EDGE('',*,*,#3218,.T.);
#4291=ORIENTED_EDGE('',*,*,#3217,.F.);
#4292=ORIENTED_EDGE('',*,*,#3219,.T.);
#4293=ORIENTED_EDGE('',*,*,#3205,.F.);
#4294=ORIENTED_EDGE('',*,*,#2946,.T.);
#4295=ORIENTED_EDGE('',*,*,#3211,.F.);
#4296=ORIENTED_EDGE('',*,*,#3220,.T.);
#4297=ORIENTED_EDGE('',*,*,#3221,.T.);
#4298=ORIENTED_EDGE('',*,*,#3222,.T.);
#4299=ORIENTED_EDGE('',*,*,#3210,.F.);
#4300=ORIENTED_EDGE('',*,*,#3223,.F.);
#4301=ORIENTED_EDGE('',*,*,#3224,.F.);
#4302=ORIENTED_EDGE('',*,*,#3220,.F.);
#4303=ORIENTED_EDGE('',*,*,#3207,.F.);
#4304=ORIENTED_EDGE('',*,*,#3225,.T.);
#4305=ORIENTED_EDGE('',*,*,#3226,.T.);
#4306=ORIENTED_EDGE('',*,*,#3223,.T.);
#4307=ORIENTED_EDGE('',*,*,#3206,.F.);
#4308=ORIENTED_EDGE('',*,*,#3227,.F.);
#4309=ORIENTED_EDGE('',*,*,#3228,.F.);
#4310=ORIENTED_EDGE('',*,*,#3225,.F.);
#4311=ORIENTED_EDGE('',*,*,#3229,.T.);
#4312=ORIENTED_EDGE('',*,*,#2899,.T.);
#4313=ORIENTED_EDGE('',*,*,#3230,.T.);
#4314=ORIENTED_EDGE('',*,*,#3231,.T.);
#4315=ORIENTED_EDGE('',*,*,#3229,.F.);
#4316=ORIENTED_EDGE('',*,*,#3232,.T.);
#4317=ORIENTED_EDGE('',*,*,#3233,.T.);
#4318=ORIENTED_EDGE('',*,*,#2900,.T.);
#4319=ORIENTED_EDGE('',*,*,#3234,.T.);
#4320=ORIENTED_EDGE('',*,*,#2901,.T.);
#4321=ORIENTED_EDGE('',*,*,#3233,.F.);
#4322=ORIENTED_EDGE('',*,*,#3235,.T.);
#4323=ORIENTED_EDGE('',*,*,#3234,.F.);
#4324=ORIENTED_EDGE('',*,*,#3236,.T.);
#4325=ORIENTED_EDGE('',*,*,#3237,.T.);
#4326=ORIENTED_EDGE('',*,*,#2902,.T.);
#4327=ORIENTED_EDGE('',*,*,#3238,.T.);
#4328=ORIENTED_EDGE('',*,*,#2903,.T.);
#4329=ORIENTED_EDGE('',*,*,#3237,.F.);
#4330=ORIENTED_EDGE('',*,*,#3239,.T.);
#4331=ORIENTED_EDGE('',*,*,#3238,.F.);
#4332=ORIENTED_EDGE('',*,*,#3240,.T.);
#4333=ORIENTED_EDGE('',*,*,#3241,.T.);
#4334=ORIENTED_EDGE('',*,*,#2904,.T.);
#4335=ORIENTED_EDGE('',*,*,#3242,.T.);
#4336=ORIENTED_EDGE('',*,*,#2905,.T.);
#4337=ORIENTED_EDGE('',*,*,#3241,.F.);
#4338=ORIENTED_EDGE('',*,*,#3243,.T.);
#4339=ORIENTED_EDGE('',*,*,#3242,.F.);
#4340=ORIENTED_EDGE('',*,*,#3244,.T.);
#4341=ORIENTED_EDGE('',*,*,#3230,.F.);
#4342=ORIENTED_EDGE('',*,*,#2906,.T.);
#4343=ORIENTED_EDGE('',*,*,#3236,.F.);
#4344=ORIENTED_EDGE('',*,*,#3245,.T.);
#4345=ORIENTED_EDGE('',*,*,#3246,.T.);
#4346=ORIENTED_EDGE('',*,*,#3247,.T.);
#4347=ORIENTED_EDGE('',*,*,#3235,.F.);
#4348=ORIENTED_EDGE('',*,*,#3248,.F.);
#4349=ORIENTED_EDGE('',*,*,#3249,.F.);
#4350=ORIENTED_EDGE('',*,*,#3250,.F.);
#4351=ORIENTED_EDGE('',*,*,#3251,.F.);
#4352=ORIENTED_EDGE('',*,*,#3245,.F.);
#4353=ORIENTED_EDGE('',*,*,#3232,.F.);
#4354=ORIENTED_EDGE('',*,*,#3252,.T.);
#4355=ORIENTED_EDGE('',*,*,#3253,.T.);
#4356=ORIENTED_EDGE('',*,*,#3248,.T.);
#4357=ORIENTED_EDGE('',*,*,#3231,.F.);
#4358=ORIENTED_EDGE('',*,*,#3254,.F.);
#4359=ORIENTED_EDGE('',*,*,#3255,.F.);
#4360=ORIENTED_EDGE('',*,*,#3252,.F.);
#4361=ORIENTED_EDGE('',*,*,#3256,.T.);
#4362=ORIENTED_EDGE('',*,*,#2931,.T.);
#4363=ORIENTED_EDGE('',*,*,#3257,.T.);
#4364=ORIENTED_EDGE('',*,*,#3258,.T.);
#4365=ORIENTED_EDGE('',*,*,#3256,.F.);
#4366=ORIENTED_EDGE('',*,*,#3259,.T.);
#4367=ORIENTED_EDGE('',*,*,#3260,.T.);
#4368=ORIENTED_EDGE('',*,*,#2932,.T.);
#4369=ORIENTED_EDGE('',*,*,#3261,.T.);
#4370=ORIENTED_EDGE('',*,*,#2933,.T.);
#4371=ORIENTED_EDGE('',*,*,#3260,.F.);
#4372=ORIENTED_EDGE('',*,*,#3262,.T.);
#4373=ORIENTED_EDGE('',*,*,#3261,.F.);
#4374=ORIENTED_EDGE('',*,*,#3263,.T.);
#4375=ORIENTED_EDGE('',*,*,#3264,.T.);
#4376=ORIENTED_EDGE('',*,*,#2934,.T.);
#4377=ORIENTED_EDGE('',*,*,#3265,.T.);
#4378=ORIENTED_EDGE('',*,*,#2935,.T.);
#4379=ORIENTED_EDGE('',*,*,#3264,.F.);
#4380=ORIENTED_EDGE('',*,*,#3266,.T.);
#4381=ORIENTED_EDGE('',*,*,#3265,.F.);
#4382=ORIENTED_EDGE('',*,*,#3267,.T.);
#4383=ORIENTED_EDGE('',*,*,#3268,.T.);
#4384=ORIENTED_EDGE('',*,*,#2936,.T.);
#4385=ORIENTED_EDGE('',*,*,#3269,.T.);
#4386=ORIENTED_EDGE('',*,*,#2937,.T.);
#4387=ORIENTED_EDGE('',*,*,#3268,.F.);
#4388=ORIENTED_EDGE('',*,*,#3270,.T.);
#4389=ORIENTED_EDGE('',*,*,#3269,.F.);
#4390=ORIENTED_EDGE('',*,*,#3271,.T.);
#4391=ORIENTED_EDGE('',*,*,#3257,.F.);
#4392=ORIENTED_EDGE('',*,*,#2938,.T.);
#4393=ORIENTED_EDGE('',*,*,#3263,.F.);
#4394=ORIENTED_EDGE('',*,*,#3272,.T.);
#4395=ORIENTED_EDGE('',*,*,#3273,.T.);
#4396=ORIENTED_EDGE('',*,*,#3274,.T.);
#4397=ORIENTED_EDGE('',*,*,#3262,.F.);
#4398=ORIENTED_EDGE('',*,*,#3275,.F.);
#4399=ORIENTED_EDGE('',*,*,#3276,.F.);
#4400=ORIENTED_EDGE('',*,*,#3272,.F.);
#4401=ORIENTED_EDGE('',*,*,#3259,.F.);
#4402=ORIENTED_EDGE('',*,*,#3277,.T.);
#4403=ORIENTED_EDGE('',*,*,#3278,.T.);
#4404=ORIENTED_EDGE('',*,*,#3275,.T.);
#4405=ORIENTED_EDGE('',*,*,#3258,.F.);
#4406=ORIENTED_EDGE('',*,*,#3279,.F.);
#4407=ORIENTED_EDGE('',*,*,#3280,.F.);
#4408=ORIENTED_EDGE('',*,*,#3277,.F.);
#4409=ORIENTED_EDGE('',*,*,#3281,.T.);
#4410=ORIENTED_EDGE('',*,*,#2907,.T.);
#4411=ORIENTED_EDGE('',*,*,#3282,.T.);
#4412=ORIENTED_EDGE('',*,*,#3283,.T.);
#4413=ORIENTED_EDGE('',*,*,#3281,.F.);
#4414=ORIENTED_EDGE('',*,*,#3284,.T.);
#4415=ORIENTED_EDGE('',*,*,#3285,.T.);
#4416=ORIENTED_EDGE('',*,*,#2908,.T.);
#4417=ORIENTED_EDGE('',*,*,#3286,.T.);
#4418=ORIENTED_EDGE('',*,*,#2909,.T.);
#4419=ORIENTED_EDGE('',*,*,#3285,.F.);
#4420=ORIENTED_EDGE('',*,*,#3287,.T.);
#4421=ORIENTED_EDGE('',*,*,#3286,.F.);
#4422=ORIENTED_EDGE('',*,*,#3288,.T.);
#4423=ORIENTED_EDGE('',*,*,#3289,.T.);
#4424=ORIENTED_EDGE('',*,*,#2910,.T.);
#4425=ORIENTED_EDGE('',*,*,#3290,.T.);
#4426=ORIENTED_EDGE('',*,*,#2911,.T.);
#4427=ORIENTED_EDGE('',*,*,#3289,.F.);
#4428=ORIENTED_EDGE('',*,*,#3291,.T.);
#4429=ORIENTED_EDGE('',*,*,#3290,.F.);
#4430=ORIENTED_EDGE('',*,*,#3292,.T.);
#4431=ORIENTED_EDGE('',*,*,#3293,.T.);
#4432=ORIENTED_EDGE('',*,*,#2912,.T.);
#4433=ORIENTED_EDGE('',*,*,#3294,.T.);
#4434=ORIENTED_EDGE('',*,*,#2913,.T.);
#4435=ORIENTED_EDGE('',*,*,#3293,.F.);
#4436=ORIENTED_EDGE('',*,*,#3295,.T.);
#4437=ORIENTED_EDGE('',*,*,#3294,.F.);
#4438=ORIENTED_EDGE('',*,*,#3296,.T.);
#4439=ORIENTED_EDGE('',*,*,#3282,.F.);
#4440=ORIENTED_EDGE('',*,*,#2914,.T.);
#4441=ORIENTED_EDGE('',*,*,#3288,.F.);
#4442=ORIENTED_EDGE('',*,*,#3297,.T.);
#4443=ORIENTED_EDGE('',*,*,#3298,.T.);
#4444=ORIENTED_EDGE('',*,*,#3299,.T.);
#4445=ORIENTED_EDGE('',*,*,#3287,.F.);
#4446=ORIENTED_EDGE('',*,*,#3300,.F.);
#4447=ORIENTED_EDGE('',*,*,#3301,.F.);
#4448=ORIENTED_EDGE('',*,*,#3297,.F.);
#4449=ORIENTED_EDGE('',*,*,#3284,.F.);
#4450=ORIENTED_EDGE('',*,*,#3302,.T.);
#4451=ORIENTED_EDGE('',*,*,#3303,.T.);
#4452=ORIENTED_EDGE('',*,*,#3300,.T.);
#4453=ORIENTED_EDGE('',*,*,#3283,.F.);
#4454=ORIENTED_EDGE('',*,*,#3304,.F.);
#4455=ORIENTED_EDGE('',*,*,#3305,.F.);
#4456=ORIENTED_EDGE('',*,*,#3302,.F.);
#4457=ORIENTED_EDGE('',*,*,#3306,.T.);
#4458=ORIENTED_EDGE('',*,*,#2923,.T.);
#4459=ORIENTED_EDGE('',*,*,#3307,.T.);
#4460=ORIENTED_EDGE('',*,*,#3308,.T.);
#4461=ORIENTED_EDGE('',*,*,#3306,.F.);
#4462=ORIENTED_EDGE('',*,*,#3309,.T.);
#4463=ORIENTED_EDGE('',*,*,#3310,.T.);
#4464=ORIENTED_EDGE('',*,*,#2924,.T.);
#4465=ORIENTED_EDGE('',*,*,#3311,.T.);
#4466=ORIENTED_EDGE('',*,*,#2925,.T.);
#4467=ORIENTED_EDGE('',*,*,#3310,.F.);
#4468=ORIENTED_EDGE('',*,*,#3312,.T.);
#4469=ORIENTED_EDGE('',*,*,#3311,.F.);
#4470=ORIENTED_EDGE('',*,*,#3313,.T.);
#4471=ORIENTED_EDGE('',*,*,#3314,.T.);
#4472=ORIENTED_EDGE('',*,*,#2926,.T.);
#4473=ORIENTED_EDGE('',*,*,#3315,.T.);
#4474=ORIENTED_EDGE('',*,*,#2927,.T.);
#4475=ORIENTED_EDGE('',*,*,#3314,.F.);
#4476=ORIENTED_EDGE('',*,*,#3316,.T.);
#4477=ORIENTED_EDGE('',*,*,#3315,.F.);
#4478=ORIENTED_EDGE('',*,*,#3317,.T.);
#4479=ORIENTED_EDGE('',*,*,#3318,.T.);
#4480=ORIENTED_EDGE('',*,*,#2928,.T.);
#4481=ORIENTED_EDGE('',*,*,#3319,.T.);
#4482=ORIENTED_EDGE('',*,*,#2929,.T.);
#4483=ORIENTED_EDGE('',*,*,#3318,.F.);
#4484=ORIENTED_EDGE('',*,*,#3320,.T.);
#4485=ORIENTED_EDGE('',*,*,#3319,.F.);
#4486=ORIENTED_EDGE('',*,*,#3321,.T.);
#4487=ORIENTED_EDGE('',*,*,#3307,.F.);
#4488=ORIENTED_EDGE('',*,*,#2930,.T.);
#4489=ORIENTED_EDGE('',*,*,#3313,.F.);
#4490=ORIENTED_EDGE('',*,*,#3322,.T.);
#4491=ORIENTED_EDGE('',*,*,#3323,.T.);
#4492=ORIENTED_EDGE('',*,*,#3324,.T.);
#4493=ORIENTED_EDGE('',*,*,#3312,.F.);
#4494=ORIENTED_EDGE('',*,*,#3325,.F.);
#4495=ORIENTED_EDGE('',*,*,#3326,.F.);
#4496=ORIENTED_EDGE('',*,*,#3322,.F.);
#4497=ORIENTED_EDGE('',*,*,#3309,.F.);
#4498=ORIENTED_EDGE('',*,*,#3327,.T.);
#4499=ORIENTED_EDGE('',*,*,#3328,.T.);
#4500=ORIENTED_EDGE('',*,*,#3325,.T.);
#4501=ORIENTED_EDGE('',*,*,#3308,.F.);
#4502=ORIENTED_EDGE('',*,*,#3329,.F.);
#4503=ORIENTED_EDGE('',*,*,#3330,.F.);
#4504=ORIENTED_EDGE('',*,*,#3327,.F.);
#4505=ORIENTED_EDGE('',*,*,#3331,.T.);
#4506=ORIENTED_EDGE('',*,*,#2915,.T.);
#4507=ORIENTED_EDGE('',*,*,#3332,.T.);
#4508=ORIENTED_EDGE('',*,*,#3333,.T.);
#4509=ORIENTED_EDGE('',*,*,#3331,.F.);
#4510=ORIENTED_EDGE('',*,*,#3334,.T.);
#4511=ORIENTED_EDGE('',*,*,#3335,.T.);
#4512=ORIENTED_EDGE('',*,*,#2916,.T.);
#4513=ORIENTED_EDGE('',*,*,#3336,.T.);
#4514=ORIENTED_EDGE('',*,*,#2917,.T.);
#4515=ORIENTED_EDGE('',*,*,#3335,.F.);
#4516=ORIENTED_EDGE('',*,*,#3337,.T.);
#4517=ORIENTED_EDGE('',*,*,#3336,.F.);
#4518=ORIENTED_EDGE('',*,*,#3338,.T.);
#4519=ORIENTED_EDGE('',*,*,#3339,.T.);
#4520=ORIENTED_EDGE('',*,*,#2918,.T.);
#4521=ORIENTED_EDGE('',*,*,#3340,.T.);
#4522=ORIENTED_EDGE('',*,*,#2919,.T.);
#4523=ORIENTED_EDGE('',*,*,#3339,.F.);
#4524=ORIENTED_EDGE('',*,*,#3341,.T.);
#4525=ORIENTED_EDGE('',*,*,#3340,.F.);
#4526=ORIENTED_EDGE('',*,*,#3342,.T.);
#4527=ORIENTED_EDGE('',*,*,#3343,.T.);
#4528=ORIENTED_EDGE('',*,*,#2920,.T.);
#4529=ORIENTED_EDGE('',*,*,#3344,.T.);
#4530=ORIENTED_EDGE('',*,*,#2921,.T.);
#4531=ORIENTED_EDGE('',*,*,#3343,.F.);
#4532=ORIENTED_EDGE('',*,*,#3345,.T.);
#4533=ORIENTED_EDGE('',*,*,#3344,.F.);
#4534=ORIENTED_EDGE('',*,*,#3346,.T.);
#4535=ORIENTED_EDGE('',*,*,#3332,.F.);
#4536=ORIENTED_EDGE('',*,*,#2922,.T.);
#4537=ORIENTED_EDGE('',*,*,#3338,.F.);
#4538=ORIENTED_EDGE('',*,*,#3347,.T.);
#4539=ORIENTED_EDGE('',*,*,#3348,.T.);
#4540=ORIENTED_EDGE('',*,*,#3349,.T.);
#4541=ORIENTED_EDGE('',*,*,#3337,.F.);
#4542=ORIENTED_EDGE('',*,*,#3350,.F.);
#4543=ORIENTED_EDGE('',*,*,#3351,.F.);
#4544=ORIENTED_EDGE('',*,*,#3347,.F.);
#4545=ORIENTED_EDGE('',*,*,#3334,.F.);
#4546=ORIENTED_EDGE('',*,*,#3352,.T.);
#4547=ORIENTED_EDGE('',*,*,#3353,.T.);
#4548=ORIENTED_EDGE('',*,*,#3350,.T.);
#4549=ORIENTED_EDGE('',*,*,#3333,.F.);
#4550=ORIENTED_EDGE('',*,*,#3354,.F.);
#4551=ORIENTED_EDGE('',*,*,#3355,.F.);
#4552=ORIENTED_EDGE('',*,*,#3352,.F.);
#4553=ORIENTED_EDGE('',*,*,#3356,.F.);
#4554=ORIENTED_EDGE('',*,*,#3357,.F.);
#4555=ORIENTED_EDGE('',*,*,#3358,.F.);
#4556=ORIENTED_EDGE('',*,*,#3359,.F.);
#4557=ORIENTED_EDGE('',*,*,#3360,.F.);
#4558=ORIENTED_EDGE('',*,*,#3361,.F.);
#4559=ORIENTED_EDGE('',*,*,#3362,.T.);
#4560=ORIENTED_EDGE('',*,*,#3363,.F.);
#4561=ORIENTED_EDGE('',*,*,#3364,.F.);
#4562=ORIENTED_EDGE('',*,*,#3362,.F.);
#4563=ORIENTED_EDGE('',*,*,#3365,.F.);
#4564=ORIENTED_EDGE('',*,*,#3366,.T.);
#4565=ORIENTED_EDGE('',*,*,#3367,.F.);
#4566=ORIENTED_EDGE('',*,*,#3366,.F.);
#4567=ORIENTED_EDGE('',*,*,#3368,.F.);
#4568=ORIENTED_EDGE('',*,*,#3369,.T.);
#4569=ORIENTED_EDGE('',*,*,#3370,.F.);
#4570=ORIENTED_EDGE('',*,*,#3369,.F.);
#4571=ORIENTED_EDGE('',*,*,#3371,.F.);
#4572=ORIENTED_EDGE('',*,*,#3357,.T.);
#4573=ORIENTED_EDGE('',*,*,#3372,.F.);
#4574=ORIENTED_EDGE('',*,*,#3373,.F.);
#4575=ORIENTED_EDGE('',*,*,#3374,.F.);
#4576=ORIENTED_EDGE('',*,*,#3375,.T.);
#4577=ORIENTED_EDGE('',*,*,#3376,.F.);
#4578=ORIENTED_EDGE('',*,*,#3375,.F.);
#4579=ORIENTED_EDGE('',*,*,#3377,.F.);
#4580=ORIENTED_EDGE('',*,*,#3378,.F.);
#4581=ORIENTED_EDGE('',*,*,#3379,.F.);
#4582=ORIENTED_EDGE('',*,*,#3380,.F.);
#4583=ORIENTED_EDGE('',*,*,#3381,.F.);
#4584=ORIENTED_EDGE('',*,*,#3373,.T.);
#4585=ORIENTED_EDGE('',*,*,#3382,.F.);
#4586=ORIENTED_EDGE('',*,*,#3383,.F.);
#4587=ORIENTED_EDGE('',*,*,#3384,.F.);
#4588=ORIENTED_EDGE('',*,*,#3385,.T.);
#4589=ORIENTED_EDGE('',*,*,#3386,.F.);
#4590=ORIENTED_EDGE('',*,*,#3385,.F.);
#4591=ORIENTED_EDGE('',*,*,#3387,.F.);
#4592=ORIENTED_EDGE('',*,*,#3388,.F.);
#4593=ORIENTED_EDGE('',*,*,#3389,.F.);
#4594=ORIENTED_EDGE('',*,*,#3390,.F.);
#4595=ORIENTED_EDGE('',*,*,#3391,.F.);
#4596=ORIENTED_EDGE('',*,*,#3383,.T.);
#4597=ORIENTED_EDGE('',*,*,#3380,.T.);
#4598=ORIENTED_EDGE('',*,*,#3392,.T.);
#4599=ORIENTED_EDGE('',*,*,#3388,.T.);
#4600=ORIENTED_EDGE('',*,*,#3393,.T.);
#4601=ORIENTED_EDGE('',*,*,#3360,.T.);
#4602=ORIENTED_EDGE('',*,*,#3394,.T.);
#4603=ORIENTED_EDGE('',*,*,#3395,.T.);
#4604=ORIENTED_EDGE('',*,*,#3396,.T.);
#4605=ORIENTED_EDGE('',*,*,#3397,.T.);
#4606=ORIENTED_EDGE('',*,*,#3398,.T.);
#4607=ORIENTED_EDGE('',*,*,#3399,.T.);
#4608=ORIENTED_EDGE('',*,*,#3400,.T.);
#4609=ORIENTED_EDGE('',*,*,#3401,.T.);
#4610=ORIENTED_EDGE('',*,*,#3402,.T.);
#4611=ORIENTED_EDGE('',*,*,#3403,.T.);
#4612=ORIENTED_EDGE('',*,*,#3404,.T.);
#4613=ORIENTED_EDGE('',*,*,#3405,.T.);
#4614=ORIENTED_EDGE('',*,*,#3406,.T.);
#4615=ORIENTED_EDGE('',*,*,#3407,.T.);
#4616=ORIENTED_EDGE('',*,*,#3408,.T.);
#4617=ORIENTED_EDGE('',*,*,#3409,.T.);
#4618=ORIENTED_EDGE('',*,*,#3410,.T.);
#4619=ORIENTED_EDGE('',*,*,#3411,.T.);
#4620=ORIENTED_EDGE('',*,*,#3412,.T.);
#4621=ORIENTED_EDGE('',*,*,#3413,.T.);
#4622=ORIENTED_EDGE('',*,*,#3414,.T.);
#4623=ORIENTED_EDGE('',*,*,#3415,.T.);
#4624=ORIENTED_EDGE('',*,*,#3416,.T.);
#4625=ORIENTED_EDGE('',*,*,#3417,.T.);
#4626=ORIENTED_EDGE('',*,*,#3418,.T.);
#4627=ORIENTED_EDGE('',*,*,#3419,.T.);
#4628=ORIENTED_EDGE('',*,*,#3420,.T.);
#4629=ORIENTED_EDGE('',*,*,#3421,.T.);
#4630=ORIENTED_EDGE('',*,*,#3422,.T.);
#4631=ORIENTED_EDGE('',*,*,#3423,.T.);
#4632=ORIENTED_EDGE('',*,*,#3424,.T.);
#4633=ORIENTED_EDGE('',*,*,#3425,.T.);
#4634=ORIENTED_EDGE('',*,*,#3426,.T.);
#4635=ORIENTED_EDGE('',*,*,#3378,.T.);
#4636=ORIENTED_EDGE('',*,*,#3427,.T.);
#4637=ORIENTED_EDGE('',*,*,#3428,.T.);
#4638=ORIENTED_EDGE('',*,*,#3429,.T.);
#4639=ORIENTED_EDGE('',*,*,#3430,.T.);
#4640=ORIENTED_EDGE('',*,*,#3431,.T.);
#4641=ORIENTED_EDGE('',*,*,#3432,.T.);
#4642=ORIENTED_EDGE('',*,*,#3433,.T.);
#4643=ORIENTED_EDGE('',*,*,#3434,.T.);
#4644=ORIENTED_EDGE('',*,*,#3435,.T.);
#4645=ORIENTED_EDGE('',*,*,#3436,.T.);
#4646=ORIENTED_EDGE('',*,*,#3437,.T.);
#4647=ORIENTED_EDGE('',*,*,#3438,.T.);
#4648=ORIENTED_EDGE('',*,*,#3439,.T.);
#4649=ORIENTED_EDGE('',*,*,#3359,.T.);
#4650=ORIENTED_EDGE('',*,*,#3440,.T.);
#4651=ORIENTED_EDGE('',*,*,#3390,.T.);
#4652=ORIENTED_EDGE('',*,*,#3441,.T.);
#4653=ORIENTED_EDGE('',*,*,#3358,.T.);
#4654=ORIENTED_EDGE('',*,*,#3371,.T.);
#4655=ORIENTED_EDGE('',*,*,#3368,.T.);
#4656=ORIENTED_EDGE('',*,*,#3365,.T.);
#4657=ORIENTED_EDGE('',*,*,#3361,.T.);
#4658=ORIENTED_EDGE('',*,*,#3435,.F.);
#4659=ORIENTED_EDGE('',*,*,#3442,.T.);
#4660=ORIENTED_EDGE('',*,*,#2852,.F.);
#4661=ORIENTED_EDGE('',*,*,#3443,.F.);
#4662=ORIENTED_EDGE('',*,*,#3427,.F.);
#4663=ORIENTED_EDGE('',*,*,#3377,.T.);
#4664=ORIENTED_EDGE('',*,*,#3374,.T.);
#4665=ORIENTED_EDGE('',*,*,#3381,.T.);
#4666=ORIENTED_EDGE('',*,*,#3393,.F.);
#4667=ORIENTED_EDGE('',*,*,#3387,.T.);
#4668=ORIENTED_EDGE('',*,*,#3384,.T.);
#4669=ORIENTED_EDGE('',*,*,#3391,.T.);
#4670=ORIENTED_EDGE('',*,*,#3440,.F.);
#4671=ORIENTED_EDGE('',*,*,#3444,.F.);
#4672=ORIENTED_EDGE('',*,*,#3445,.T.);
#4673=ORIENTED_EDGE('',*,*,#3445,.F.);
#4674=ORIENTED_EDGE('',*,*,#3446,.F.);
#4675=ORIENTED_EDGE('',*,*,#3447,.T.);
#4676=ORIENTED_EDGE('',*,*,#3444,.T.);
#4677=ORIENTED_EDGE('',*,*,#3447,.F.);
#4678=ORIENTED_EDGE('',*,*,#3448,.F.);
#4679=ORIENTED_EDGE('',*,*,#3449,.T.);
#4680=ORIENTED_EDGE('',*,*,#3450,.T.);
#4681=ORIENTED_EDGE('',*,*,#3451,.F.);
#4682=ORIENTED_EDGE('',*,*,#3452,.T.);
#4683=ORIENTED_EDGE('',*,*,#3449,.F.);
#4684=ORIENTED_EDGE('',*,*,#3448,.T.);
#4685=ORIENTED_EDGE('',*,*,#3446,.T.);
#4686=ORIENTED_EDGE('',*,*,#3250,.T.);
#4687=ORIENTED_EDGE('',*,*,#3450,.F.);
#4688=ORIENTED_EDGE('',*,*,#3452,.F.);
#4689=ORIENTED_EDGE('',*,*,#3453,.F.);
#4690=ORIENTED_EDGE('',*,*,#3454,.T.);
#4691=ORIENTED_EDGE('',*,*,#3454,.F.);
#4692=ORIENTED_EDGE('',*,*,#3436,.F.);
#4693=ORIENTED_EDGE('',*,*,#3455,.T.);
#4694=ORIENTED_EDGE('',*,*,#3453,.T.);
#4695=ORIENTED_EDGE('',*,*,#3455,.F.);
#4696=ORIENTED_EDGE('',*,*,#3456,.F.);
#4697=ORIENTED_EDGE('',*,*,#3457,.T.);
#4698=ORIENTED_EDGE('',*,*,#3457,.F.);
#4699=ORIENTED_EDGE('',*,*,#3437,.F.);
#4700=ORIENTED_EDGE('',*,*,#3458,.T.);
#4701=ORIENTED_EDGE('',*,*,#3456,.T.);
#4702=ORIENTED_EDGE('',*,*,#3458,.F.);
#4703=ORIENTED_EDGE('',*,*,#3459,.F.);
#4704=ORIENTED_EDGE('',*,*,#3460,.T.);
#4705=ORIENTED_EDGE('',*,*,#3460,.F.);
#4706=ORIENTED_EDGE('',*,*,#3438,.F.);
#4707=ORIENTED_EDGE('',*,*,#3461,.T.);
#4708=ORIENTED_EDGE('',*,*,#3459,.T.);
#4709=ORIENTED_EDGE('',*,*,#3461,.F.);
#4710=ORIENTED_EDGE('',*,*,#3462,.F.);
#4711=ORIENTED_EDGE('',*,*,#3463,.T.);
#4712=ORIENTED_EDGE('',*,*,#3463,.F.);
#4713=ORIENTED_EDGE('',*,*,#3439,.F.);
#4714=ORIENTED_EDGE('',*,*,#3464,.T.);
#4715=ORIENTED_EDGE('',*,*,#3462,.T.);
#4716=ORIENTED_EDGE('',*,*,#3464,.F.);
#4717=ORIENTED_EDGE('',*,*,#3465,.F.);
#4718=ORIENTED_EDGE('',*,*,#3466,.T.);
#4719=ORIENTED_EDGE('',*,*,#3408,.F.);
#4720=ORIENTED_EDGE('',*,*,#3467,.F.);
#4721=ORIENTED_EDGE('',*,*,#3468,.F.);
#4722=ORIENTED_EDGE('',*,*,#3467,.T.);
#4723=ORIENTED_EDGE('',*,*,#3407,.F.);
#4724=ORIENTED_EDGE('',*,*,#3469,.F.);
#4725=ORIENTED_EDGE('',*,*,#3470,.F.);
#4726=ORIENTED_EDGE('',*,*,#3469,.T.);
#4727=ORIENTED_EDGE('',*,*,#3406,.F.);
#4728=ORIENTED_EDGE('',*,*,#3471,.F.);
#4729=ORIENTED_EDGE('',*,*,#3472,.F.);
#4730=ORIENTED_EDGE('',*,*,#3471,.T.);
#4731=ORIENTED_EDGE('',*,*,#3405,.F.);
#4732=ORIENTED_EDGE('',*,*,#3473,.F.);
#4733=ORIENTED_EDGE('',*,*,#3474,.F.);
#4734=ORIENTED_EDGE('',*,*,#3473,.T.);
#4735=ORIENTED_EDGE('',*,*,#3404,.F.);
#4736=ORIENTED_EDGE('',*,*,#3475,.F.);
#4737=ORIENTED_EDGE('',*,*,#3476,.F.);
#4738=ORIENTED_EDGE('',*,*,#3475,.T.);
#4739=ORIENTED_EDGE('',*,*,#3403,.F.);
#4740=ORIENTED_EDGE('',*,*,#3477,.F.);
#4741=ORIENTED_EDGE('',*,*,#3478,.F.);
#4742=ORIENTED_EDGE('',*,*,#3477,.T.);
#4743=ORIENTED_EDGE('',*,*,#3402,.F.);
#4744=ORIENTED_EDGE('',*,*,#3479,.F.);
#4745=ORIENTED_EDGE('',*,*,#3480,.F.);
#4746=ORIENTED_EDGE('',*,*,#3479,.T.);
#4747=ORIENTED_EDGE('',*,*,#3401,.F.);
#4748=ORIENTED_EDGE('',*,*,#3481,.F.);
#4749=ORIENTED_EDGE('',*,*,#3482,.F.);
#4750=ORIENTED_EDGE('',*,*,#3481,.T.);
#4751=ORIENTED_EDGE('',*,*,#3400,.F.);
#4752=ORIENTED_EDGE('',*,*,#3483,.F.);
#4753=ORIENTED_EDGE('',*,*,#3484,.F.);
#4754=ORIENTED_EDGE('',*,*,#3483,.T.);
#4755=ORIENTED_EDGE('',*,*,#3399,.F.);
#4756=ORIENTED_EDGE('',*,*,#3485,.F.);
#4757=ORIENTED_EDGE('',*,*,#3486,.F.);
#4758=ORIENTED_EDGE('',*,*,#3485,.T.);
#4759=ORIENTED_EDGE('',*,*,#3398,.F.);
#4760=ORIENTED_EDGE('',*,*,#3487,.F.);
#4761=ORIENTED_EDGE('',*,*,#3488,.F.);
#4762=ORIENTED_EDGE('',*,*,#3487,.T.);
#4763=ORIENTED_EDGE('',*,*,#3397,.F.);
#4764=ORIENTED_EDGE('',*,*,#3489,.F.);
#4765=ORIENTED_EDGE('',*,*,#3490,.F.);
#4766=ORIENTED_EDGE('',*,*,#3489,.T.);
#4767=ORIENTED_EDGE('',*,*,#3396,.F.);
#4768=ORIENTED_EDGE('',*,*,#3491,.F.);
#4769=ORIENTED_EDGE('',*,*,#3492,.F.);
#4770=ORIENTED_EDGE('',*,*,#3491,.T.);
#4771=ORIENTED_EDGE('',*,*,#3395,.F.);
#4772=ORIENTED_EDGE('',*,*,#3493,.F.);
#4773=ORIENTED_EDGE('',*,*,#3356,.T.);
#4774=ORIENTED_EDGE('',*,*,#3441,.F.);
#4775=ORIENTED_EDGE('',*,*,#3389,.T.);
#4776=ORIENTED_EDGE('',*,*,#3382,.T.);
#4777=ORIENTED_EDGE('',*,*,#3386,.T.);
#4778=ORIENTED_EDGE('',*,*,#3392,.F.);
#4779=ORIENTED_EDGE('',*,*,#3379,.T.);
#4780=ORIENTED_EDGE('',*,*,#3372,.T.);
#4781=ORIENTED_EDGE('',*,*,#3376,.T.);
#4782=ORIENTED_EDGE('',*,*,#3426,.F.);
#4783=ORIENTED_EDGE('',*,*,#3494,.F.);
#4784=ORIENTED_EDGE('',*,*,#3495,.F.);
#4785=ORIENTED_EDGE('',*,*,#3493,.T.);
#4786=ORIENTED_EDGE('',*,*,#3394,.F.);
#4787=ORIENTED_EDGE('',*,*,#3363,.T.);
#4788=ORIENTED_EDGE('',*,*,#3364,.T.);
#4789=ORIENTED_EDGE('',*,*,#3367,.T.);
#4790=ORIENTED_EDGE('',*,*,#3370,.T.);
#4791=ORIENTED_EDGE('',*,*,#3496,.F.);
#4792=ORIENTED_EDGE('',*,*,#3494,.T.);
#4793=ORIENTED_EDGE('',*,*,#3425,.F.);
#4794=ORIENTED_EDGE('',*,*,#3497,.F.);
#4795=ORIENTED_EDGE('',*,*,#3498,.F.);
#4796=ORIENTED_EDGE('',*,*,#3497,.T.);
#4797=ORIENTED_EDGE('',*,*,#3424,.F.);
#4798=ORIENTED_EDGE('',*,*,#3499,.F.);
#4799=ORIENTED_EDGE('',*,*,#3500,.F.);
#4800=ORIENTED_EDGE('',*,*,#3499,.T.);
#4801=ORIENTED_EDGE('',*,*,#3423,.F.);
#4802=ORIENTED_EDGE('',*,*,#3501,.F.);
#4803=ORIENTED_EDGE('',*,*,#3502,.F.);
#4804=ORIENTED_EDGE('',*,*,#3501,.T.);
#4805=ORIENTED_EDGE('',*,*,#3422,.F.);
#4806=ORIENTED_EDGE('',*,*,#3503,.F.);
#4807=ORIENTED_EDGE('',*,*,#3504,.F.);
#4808=ORIENTED_EDGE('',*,*,#3503,.T.);
#4809=ORIENTED_EDGE('',*,*,#3421,.F.);
#4810=ORIENTED_EDGE('',*,*,#3505,.F.);
#4811=ORIENTED_EDGE('',*,*,#3506,.F.);
#4812=ORIENTED_EDGE('',*,*,#3505,.T.);
#4813=ORIENTED_EDGE('',*,*,#3420,.F.);
#4814=ORIENTED_EDGE('',*,*,#3507,.F.);
#4815=ORIENTED_EDGE('',*,*,#3508,.F.);
#4816=ORIENTED_EDGE('',*,*,#3507,.T.);
#4817=ORIENTED_EDGE('',*,*,#3419,.F.);
#4818=ORIENTED_EDGE('',*,*,#3509,.F.);
#4819=ORIENTED_EDGE('',*,*,#3510,.F.);
#4820=ORIENTED_EDGE('',*,*,#3509,.T.);
#4821=ORIENTED_EDGE('',*,*,#3418,.F.);
#4822=ORIENTED_EDGE('',*,*,#3511,.F.);
#4823=ORIENTED_EDGE('',*,*,#3512,.F.);
#4824=ORIENTED_EDGE('',*,*,#3511,.T.);
#4825=ORIENTED_EDGE('',*,*,#3417,.F.);
#4826=ORIENTED_EDGE('',*,*,#3513,.F.);
#4827=ORIENTED_EDGE('',*,*,#3514,.F.);
#4828=ORIENTED_EDGE('',*,*,#3513,.T.);
#4829=ORIENTED_EDGE('',*,*,#3416,.F.);
#4830=ORIENTED_EDGE('',*,*,#3515,.F.);
#4831=ORIENTED_EDGE('',*,*,#3516,.F.);
#4832=ORIENTED_EDGE('',*,*,#3515,.T.);
#4833=ORIENTED_EDGE('',*,*,#3415,.F.);
#4834=ORIENTED_EDGE('',*,*,#3517,.F.);
#4835=ORIENTED_EDGE('',*,*,#3518,.F.);
#4836=ORIENTED_EDGE('',*,*,#3517,.T.);
#4837=ORIENTED_EDGE('',*,*,#3414,.F.);
#4838=ORIENTED_EDGE('',*,*,#3519,.F.);
#4839=ORIENTED_EDGE('',*,*,#3520,.F.);
#4840=ORIENTED_EDGE('',*,*,#3519,.T.);
#4841=ORIENTED_EDGE('',*,*,#3413,.F.);
#4842=ORIENTED_EDGE('',*,*,#3521,.F.);
#4843=ORIENTED_EDGE('',*,*,#3522,.F.);
#4844=ORIENTED_EDGE('',*,*,#3521,.T.);
#4845=ORIENTED_EDGE('',*,*,#3412,.F.);
#4846=ORIENTED_EDGE('',*,*,#3523,.F.);
#4847=ORIENTED_EDGE('',*,*,#3524,.F.);
#4848=ORIENTED_EDGE('',*,*,#3523,.T.);
#4849=ORIENTED_EDGE('',*,*,#3411,.F.);
#4850=ORIENTED_EDGE('',*,*,#3525,.F.);
#4851=ORIENTED_EDGE('',*,*,#3526,.F.);
#4852=ORIENTED_EDGE('',*,*,#3525,.T.);
#4853=ORIENTED_EDGE('',*,*,#3410,.F.);
#4854=ORIENTED_EDGE('',*,*,#3527,.F.);
#4855=ORIENTED_EDGE('',*,*,#3528,.F.);
#4856=ORIENTED_EDGE('',*,*,#3527,.T.);
#4857=ORIENTED_EDGE('',*,*,#3409,.F.);
#4858=ORIENTED_EDGE('',*,*,#3466,.F.);
#4859=ORIENTED_EDGE('',*,*,#2834,.F.);
#4860=ORIENTED_EDGE('',*,*,#3529,.T.);
#4861=ORIENTED_EDGE('',*,*,#3530,.T.);
#4862=ORIENTED_EDGE('',*,*,#3531,.T.);
#4863=ORIENTED_EDGE('',*,*,#2833,.F.);
#4864=ORIENTED_EDGE('',*,*,#2844,.F.);
#4865=ORIENTED_EDGE('',*,*,#3532,.F.);
#4866=ORIENTED_EDGE('',*,*,#3529,.F.);
#4867=ORIENTED_EDGE('',*,*,#2990,.F.);
#4868=ORIENTED_EDGE('',*,*,#3533,.T.);
#4869=ORIENTED_EDGE('',*,*,#3534,.T.);
#4870=ORIENTED_EDGE('',*,*,#3535,.T.);
#4871=ORIENTED_EDGE('',*,*,#2989,.F.);
#4872=ORIENTED_EDGE('',*,*,#2997,.F.);
#4873=ORIENTED_EDGE('',*,*,#3536,.F.);
#4874=ORIENTED_EDGE('',*,*,#3533,.F.);
#4875=ORIENTED_EDGE('',*,*,#3115,.F.);
#4876=ORIENTED_EDGE('',*,*,#3537,.T.);
#4877=ORIENTED_EDGE('',*,*,#3538,.T.);
#4878=ORIENTED_EDGE('',*,*,#3539,.T.);
#4879=ORIENTED_EDGE('',*,*,#3114,.F.);
#4880=ORIENTED_EDGE('',*,*,#3122,.F.);
#4881=ORIENTED_EDGE('',*,*,#3540,.F.);
#4882=ORIENTED_EDGE('',*,*,#3537,.F.);
#4883=ORIENTED_EDGE('',*,*,#3090,.F.);
#4884=ORIENTED_EDGE('',*,*,#3541,.T.);
#4885=ORIENTED_EDGE('',*,*,#3542,.T.);
#4886=ORIENTED_EDGE('',*,*,#3543,.T.);
#4887=ORIENTED_EDGE('',*,*,#3089,.F.);
#4888=ORIENTED_EDGE('',*,*,#3097,.F.);
#4889=ORIENTED_EDGE('',*,*,#3544,.F.);
#4890=ORIENTED_EDGE('',*,*,#3541,.F.);
#4891=ORIENTED_EDGE('',*,*,#3065,.F.);
#4892=ORIENTED_EDGE('',*,*,#3545,.T.);
#4893=ORIENTED_EDGE('',*,*,#3546,.T.);
#4894=ORIENTED_EDGE('',*,*,#3547,.T.);
#4895=ORIENTED_EDGE('',*,*,#3064,.F.);
#4896=ORIENTED_EDGE('',*,*,#3072,.F.);
#4897=ORIENTED_EDGE('',*,*,#3548,.F.);
#4898=ORIENTED_EDGE('',*,*,#3545,.F.);
#4899=ORIENTED_EDGE('',*,*,#3165,.F.);
#4900=ORIENTED_EDGE('',*,*,#3549,.T.);
#4901=ORIENTED_EDGE('',*,*,#3550,.T.);
#4902=ORIENTED_EDGE('',*,*,#3551,.T.);
#4903=ORIENTED_EDGE('',*,*,#3164,.F.);
#4904=ORIENTED_EDGE('',*,*,#3172,.F.);
#4905=ORIENTED_EDGE('',*,*,#3552,.F.);
#4906=ORIENTED_EDGE('',*,*,#3549,.F.);
#4907=ORIENTED_EDGE('',*,*,#3140,.F.);
#4908=ORIENTED_EDGE('',*,*,#3553,.T.);
#4909=ORIENTED_EDGE('',*,*,#3554,.T.);
#4910=ORIENTED_EDGE('',*,*,#3555,.T.);
#4911=ORIENTED_EDGE('',*,*,#3139,.F.);
#4912=ORIENTED_EDGE('',*,*,#3147,.F.);
#4913=ORIENTED_EDGE('',*,*,#3556,.F.);
#4914=ORIENTED_EDGE('',*,*,#3553,.F.);
#4915=ORIENTED_EDGE('',*,*,#3342,.F.);
#4916=ORIENTED_EDGE('',*,*,#3557,.T.);
#4917=ORIENTED_EDGE('',*,*,#3558,.T.);
#4918=ORIENTED_EDGE('',*,*,#3559,.T.);
#4919=ORIENTED_EDGE('',*,*,#3341,.F.);
#4920=ORIENTED_EDGE('',*,*,#3349,.F.);
#4921=ORIENTED_EDGE('',*,*,#3560,.F.);
#4922=ORIENTED_EDGE('',*,*,#3557,.F.);
#4923=ORIENTED_EDGE('',*,*,#3317,.F.);
#4924=ORIENTED_EDGE('',*,*,#3561,.T.);
#4925=ORIENTED_EDGE('',*,*,#3562,.T.);
#4926=ORIENTED_EDGE('',*,*,#3563,.T.);
#4927=ORIENTED_EDGE('',*,*,#3316,.F.);
#4928=ORIENTED_EDGE('',*,*,#3324,.F.);
#4929=ORIENTED_EDGE('',*,*,#3564,.F.);
#4930=ORIENTED_EDGE('',*,*,#3561,.F.);
#4931=ORIENTED_EDGE('',*,*,#3292,.F.);
#4932=ORIENTED_EDGE('',*,*,#3565,.T.);
#4933=ORIENTED_EDGE('',*,*,#3566,.T.);
#4934=ORIENTED_EDGE('',*,*,#3567,.T.);
#4935=ORIENTED_EDGE('',*,*,#3291,.F.);
#4936=ORIENTED_EDGE('',*,*,#3299,.F.);
#4937=ORIENTED_EDGE('',*,*,#3568,.F.);
#4938=ORIENTED_EDGE('',*,*,#3565,.F.);
#4939=ORIENTED_EDGE('',*,*,#3267,.F.);
#4940=ORIENTED_EDGE('',*,*,#3569,.T.);
#4941=ORIENTED_EDGE('',*,*,#3570,.T.);
#4942=ORIENTED_EDGE('',*,*,#3571,.T.);
#4943=ORIENTED_EDGE('',*,*,#3266,.F.);
#4944=ORIENTED_EDGE('',*,*,#3274,.F.);
#4945=ORIENTED_EDGE('',*,*,#3572,.F.);
#4946=ORIENTED_EDGE('',*,*,#3569,.F.);
#4947=ORIENTED_EDGE('',*,*,#3190,.F.);
#4948=ORIENTED_EDGE('',*,*,#3573,.T.);
#4949=ORIENTED_EDGE('',*,*,#3574,.T.);
#4950=ORIENTED_EDGE('',*,*,#3575,.T.);
#4951=ORIENTED_EDGE('',*,*,#3189,.F.);
#4952=ORIENTED_EDGE('',*,*,#3197,.F.);
#4953=ORIENTED_EDGE('',*,*,#3576,.F.);
#4954=ORIENTED_EDGE('',*,*,#3573,.F.);
#4955=ORIENTED_EDGE('',*,*,#3040,.F.);
#4956=ORIENTED_EDGE('',*,*,#3577,.T.);
#4957=ORIENTED_EDGE('',*,*,#3578,.T.);
#4958=ORIENTED_EDGE('',*,*,#3579,.T.);
#4959=ORIENTED_EDGE('',*,*,#3039,.F.);
#4960=ORIENTED_EDGE('',*,*,#3047,.F.);
#4961=ORIENTED_EDGE('',*,*,#3580,.F.);
#4962=ORIENTED_EDGE('',*,*,#3577,.F.);
#4963=ORIENTED_EDGE('',*,*,#3015,.F.);
#4964=ORIENTED_EDGE('',*,*,#3581,.T.);
#4965=ORIENTED_EDGE('',*,*,#3582,.T.);
#4966=ORIENTED_EDGE('',*,*,#3583,.T.);
#4967=ORIENTED_EDGE('',*,*,#3014,.F.);
#4968=ORIENTED_EDGE('',*,*,#3022,.F.);
#4969=ORIENTED_EDGE('',*,*,#3584,.F.);
#4970=ORIENTED_EDGE('',*,*,#3581,.F.);
#4971=ORIENTED_EDGE('',*,*,#3215,.F.);
#4972=ORIENTED_EDGE('',*,*,#3585,.T.);
#4973=ORIENTED_EDGE('',*,*,#3586,.T.);
#4974=ORIENTED_EDGE('',*,*,#3587,.T.);
#4975=ORIENTED_EDGE('',*,*,#3214,.F.);
#4976=ORIENTED_EDGE('',*,*,#3222,.F.);
#4977=ORIENTED_EDGE('',*,*,#3588,.F.);
#4978=ORIENTED_EDGE('',*,*,#3585,.F.);
#4979=ORIENTED_EDGE('',*,*,#3240,.F.);
#4980=ORIENTED_EDGE('',*,*,#3589,.T.);
#4981=ORIENTED_EDGE('',*,*,#3590,.T.);
#4982=ORIENTED_EDGE('',*,*,#3591,.T.);
#4983=ORIENTED_EDGE('',*,*,#3239,.F.);
#4984=ORIENTED_EDGE('',*,*,#3247,.F.);
#4985=ORIENTED_EDGE('',*,*,#3592,.F.);
#4986=ORIENTED_EDGE('',*,*,#3589,.F.);
#4987=ORIENTED_EDGE('',*,*,#3019,.F.);
#4988=ORIENTED_EDGE('',*,*,#3593,.T.);
#4989=ORIENTED_EDGE('',*,*,#3594,.T.);
#4990=ORIENTED_EDGE('',*,*,#3027,.T.);
#4991=ORIENTED_EDGE('',*,*,#3018,.F.);
#4992=ORIENTED_EDGE('',*,*,#3583,.F.);
#4993=ORIENTED_EDGE('',*,*,#3595,.F.);
#4994=ORIENTED_EDGE('',*,*,#3593,.F.);
#4995=ORIENTED_EDGE('',*,*,#3044,.F.);
#4996=ORIENTED_EDGE('',*,*,#3596,.T.);
#4997=ORIENTED_EDGE('',*,*,#3597,.T.);
#4998=ORIENTED_EDGE('',*,*,#3052,.T.);
#4999=ORIENTED_EDGE('',*,*,#3043,.F.);
#5000=ORIENTED_EDGE('',*,*,#3579,.F.);
#5001=ORIENTED_EDGE('',*,*,#3598,.F.);
#5002=ORIENTED_EDGE('',*,*,#3596,.F.);
#5003=ORIENTED_EDGE('',*,*,#3069,.F.);
#5004=ORIENTED_EDGE('',*,*,#3599,.T.);
#5005=ORIENTED_EDGE('',*,*,#3600,.T.);
#5006=ORIENTED_EDGE('',*,*,#3077,.T.);
#5007=ORIENTED_EDGE('',*,*,#3068,.F.);
#5008=ORIENTED_EDGE('',*,*,#3547,.F.);
#5009=ORIENTED_EDGE('',*,*,#3601,.F.);
#5010=ORIENTED_EDGE('',*,*,#3599,.F.);
#5011=ORIENTED_EDGE('',*,*,#2994,.F.);
#5012=ORIENTED_EDGE('',*,*,#3602,.T.);
#5013=ORIENTED_EDGE('',*,*,#3603,.T.);
#5014=ORIENTED_EDGE('',*,*,#3002,.T.);
#5015=ORIENTED_EDGE('',*,*,#2993,.F.);
#5016=ORIENTED_EDGE('',*,*,#3535,.F.);
#5017=ORIENTED_EDGE('',*,*,#3604,.F.);
#5018=ORIENTED_EDGE('',*,*,#3602,.F.);
#5019=ORIENTED_EDGE('',*,*,#2840,.F.);
#5020=ORIENTED_EDGE('',*,*,#3605,.T.);
#5021=ORIENTED_EDGE('',*,*,#3606,.T.);
#5022=ORIENTED_EDGE('',*,*,#2849,.T.);
#5023=ORIENTED_EDGE('',*,*,#2839,.F.);
#5024=ORIENTED_EDGE('',*,*,#3531,.F.);
#5025=ORIENTED_EDGE('',*,*,#3607,.F.);
#5026=ORIENTED_EDGE('',*,*,#3605,.F.);
#5027=ORIENTED_EDGE('',*,*,#3119,.F.);
#5028=ORIENTED_EDGE('',*,*,#3608,.T.);
#5029=ORIENTED_EDGE('',*,*,#3609,.T.);
#5030=ORIENTED_EDGE('',*,*,#3127,.T.);
#5031=ORIENTED_EDGE('',*,*,#3118,.F.);
#5032=ORIENTED_EDGE('',*,*,#3539,.F.);
#5033=ORIENTED_EDGE('',*,*,#3610,.F.);
#5034=ORIENTED_EDGE('',*,*,#3608,.F.);
#5035=ORIENTED_EDGE('',*,*,#3094,.F.);
#5036=ORIENTED_EDGE('',*,*,#3611,.T.);
#5037=ORIENTED_EDGE('',*,*,#3612,.T.);
#5038=ORIENTED_EDGE('',*,*,#3102,.T.);
#5039=ORIENTED_EDGE('',*,*,#3093,.F.);
#5040=ORIENTED_EDGE('',*,*,#3543,.F.);
#5041=ORIENTED_EDGE('',*,*,#3613,.F.);
#5042=ORIENTED_EDGE('',*,*,#3611,.F.);
#5043=ORIENTED_EDGE('',*,*,#3144,.F.);
#5044=ORIENTED_EDGE('',*,*,#3614,.T.);
#5045=ORIENTED_EDGE('',*,*,#3615,.T.);
#5046=ORIENTED_EDGE('',*,*,#3152,.T.);
#5047=ORIENTED_EDGE('',*,*,#3143,.F.);
#5048=ORIENTED_EDGE('',*,*,#3555,.F.);
#5049=ORIENTED_EDGE('',*,*,#3616,.F.);
#5050=ORIENTED_EDGE('',*,*,#3614,.F.);
#5051=ORIENTED_EDGE('',*,*,#3169,.F.);
#5052=ORIENTED_EDGE('',*,*,#3617,.T.);
#5053=ORIENTED_EDGE('',*,*,#3618,.T.);
#5054=ORIENTED_EDGE('',*,*,#3177,.T.);
#5055=ORIENTED_EDGE('',*,*,#3168,.F.);
#5056=ORIENTED_EDGE('',*,*,#3551,.F.);
#5057=ORIENTED_EDGE('',*,*,#3619,.F.);
#5058=ORIENTED_EDGE('',*,*,#3617,.F.);
#5059=ORIENTED_EDGE('',*,*,#3194,.F.);
#5060=ORIENTED_EDGE('',*,*,#3620,.T.);
#5061=ORIENTED_EDGE('',*,*,#3621,.T.);
#5062=ORIENTED_EDGE('',*,*,#3202,.T.);
#5063=ORIENTED_EDGE('',*,*,#3193,.F.);
#5064=ORIENTED_EDGE('',*,*,#3575,.F.);
#5065=ORIENTED_EDGE('',*,*,#3622,.F.);
#5066=ORIENTED_EDGE('',*,*,#3620,.F.);
#5067=ORIENTED_EDGE('',*,*,#3219,.F.);
#5068=ORIENTED_EDGE('',*,*,#3623,.T.);
#5069=ORIENTED_EDGE('',*,*,#3624,.T.);
#5070=ORIENTED_EDGE('',*,*,#3227,.T.);
#5071=ORIENTED_EDGE('',*,*,#3218,.F.);
#5072=ORIENTED_EDGE('',*,*,#3587,.F.);
#5073=ORIENTED_EDGE('',*,*,#3625,.F.);
#5074=ORIENTED_EDGE('',*,*,#3623,.F.);
#5075=ORIENTED_EDGE('',*,*,#3244,.F.);
#5076=ORIENTED_EDGE('',*,*,#3626,.T.);
#5077=ORIENTED_EDGE('',*,*,#3627,.T.);
#5078=ORIENTED_EDGE('',*,*,#3254,.T.);
#5079=ORIENTED_EDGE('',*,*,#3243,.F.);
#5080=ORIENTED_EDGE('',*,*,#3591,.F.);
#5081=ORIENTED_EDGE('',*,*,#3628,.F.);
#5082=ORIENTED_EDGE('',*,*,#3626,.F.);
#5083=ORIENTED_EDGE('',*,*,#3271,.F.);
#5084=ORIENTED_EDGE('',*,*,#3629,.T.);
#5085=ORIENTED_EDGE('',*,*,#3630,.T.);
#5086=ORIENTED_EDGE('',*,*,#3279,.T.);
#5087=ORIENTED_EDGE('',*,*,#3270,.F.);
#5088=ORIENTED_EDGE('',*,*,#3571,.F.);
#5089=ORIENTED_EDGE('',*,*,#3631,.F.);
#5090=ORIENTED_EDGE('',*,*,#3629,.F.);
#5091=ORIENTED_EDGE('',*,*,#3296,.F.);
#5092=ORIENTED_EDGE('',*,*,#3632,.T.);
#5093=ORIENTED_EDGE('',*,*,#3633,.T.);
#5094=ORIENTED_EDGE('',*,*,#3304,.T.);
#5095=ORIENTED_EDGE('',*,*,#3295,.F.);
#5096=ORIENTED_EDGE('',*,*,#3567,.F.);
#5097=ORIENTED_EDGE('',*,*,#3634,.F.);
#5098=ORIENTED_EDGE('',*,*,#3632,.F.);
#5099=ORIENTED_EDGE('',*,*,#3321,.F.);
#5100=ORIENTED_EDGE('',*,*,#3635,.T.);
#5101=ORIENTED_EDGE('',*,*,#3636,.T.);
#5102=ORIENTED_EDGE('',*,*,#3329,.T.);
#5103=ORIENTED_EDGE('',*,*,#3320,.F.);
#5104=ORIENTED_EDGE('',*,*,#3563,.F.);
#5105=ORIENTED_EDGE('',*,*,#3637,.F.);
#5106=ORIENTED_EDGE('',*,*,#3635,.F.);
#5107=ORIENTED_EDGE('',*,*,#3346,.F.);
#5108=ORIENTED_EDGE('',*,*,#3638,.T.);
#5109=ORIENTED_EDGE('',*,*,#3639,.T.);
#5110=ORIENTED_EDGE('',*,*,#3354,.T.);
#5111=ORIENTED_EDGE('',*,*,#3345,.F.);
#5112=ORIENTED_EDGE('',*,*,#3559,.F.);
#5113=ORIENTED_EDGE('',*,*,#3640,.F.);
#5114=ORIENTED_EDGE('',*,*,#3638,.F.);
#5115=ORIENTED_EDGE('',*,*,#3641,.F.);
#5116=ORIENTED_EDGE('',*,*,#2858,.F.);
#5117=ORIENTED_EDGE('',*,*,#3642,.F.);
#5118=ORIENTED_EDGE('',*,*,#3429,.F.);
#5119=ORIENTED_EDGE('',*,*,#3642,.T.);
#5120=ORIENTED_EDGE('',*,*,#2857,.F.);
#5121=ORIENTED_EDGE('',*,*,#3643,.F.);
#5122=ORIENTED_EDGE('',*,*,#3430,.F.);
#5123=ORIENTED_EDGE('',*,*,#3643,.T.);
#5124=ORIENTED_EDGE('',*,*,#2856,.F.);
#5125=ORIENTED_EDGE('',*,*,#3644,.F.);
#5126=ORIENTED_EDGE('',*,*,#3431,.F.);
#5127=ORIENTED_EDGE('',*,*,#3644,.T.);
#5128=ORIENTED_EDGE('',*,*,#2855,.F.);
#5129=ORIENTED_EDGE('',*,*,#3645,.F.);
#5130=ORIENTED_EDGE('',*,*,#3432,.F.);
#5131=ORIENTED_EDGE('',*,*,#3645,.T.);
#5132=ORIENTED_EDGE('',*,*,#2854,.F.);
#5133=ORIENTED_EDGE('',*,*,#3646,.F.);
#5134=ORIENTED_EDGE('',*,*,#3433,.F.);
#5135=ORIENTED_EDGE('',*,*,#3646,.T.);
#5136=ORIENTED_EDGE('',*,*,#2853,.F.);
#5137=ORIENTED_EDGE('',*,*,#3442,.F.);
#5138=ORIENTED_EDGE('',*,*,#3434,.F.);
#5139=ORIENTED_EDGE('',*,*,#3443,.T.);
#5140=ORIENTED_EDGE('',*,*,#2851,.F.);
#5141=ORIENTED_EDGE('',*,*,#3641,.T.);
#5142=ORIENTED_EDGE('',*,*,#3428,.F.);
#5143=ORIENTED_EDGE('',*,*,#3465,.T.);
#5144=ORIENTED_EDGE('',*,*,#3468,.T.);
#5145=ORIENTED_EDGE('',*,*,#3470,.T.);
#5146=ORIENTED_EDGE('',*,*,#3472,.T.);
#5147=ORIENTED_EDGE('',*,*,#3474,.T.);
#5148=ORIENTED_EDGE('',*,*,#3476,.T.);
#5149=ORIENTED_EDGE('',*,*,#3478,.T.);
#5150=ORIENTED_EDGE('',*,*,#3480,.T.);
#5151=ORIENTED_EDGE('',*,*,#3482,.T.);
#5152=ORIENTED_EDGE('',*,*,#3484,.T.);
#5153=ORIENTED_EDGE('',*,*,#3486,.T.);
#5154=ORIENTED_EDGE('',*,*,#3488,.T.);
#5155=ORIENTED_EDGE('',*,*,#3490,.T.);
#5156=ORIENTED_EDGE('',*,*,#3492,.T.);
#5157=ORIENTED_EDGE('',*,*,#3495,.T.);
#5158=ORIENTED_EDGE('',*,*,#3496,.T.);
#5159=ORIENTED_EDGE('',*,*,#3498,.T.);
#5160=ORIENTED_EDGE('',*,*,#3500,.T.);
#5161=ORIENTED_EDGE('',*,*,#3502,.T.);
#5162=ORIENTED_EDGE('',*,*,#3504,.T.);
#5163=ORIENTED_EDGE('',*,*,#3506,.T.);
#5164=ORIENTED_EDGE('',*,*,#3508,.T.);
#5165=ORIENTED_EDGE('',*,*,#3510,.T.);
#5166=ORIENTED_EDGE('',*,*,#3512,.T.);
#5167=ORIENTED_EDGE('',*,*,#3514,.T.);
#5168=ORIENTED_EDGE('',*,*,#3516,.T.);
#5169=ORIENTED_EDGE('',*,*,#3518,.T.);
#5170=ORIENTED_EDGE('',*,*,#3520,.T.);
#5171=ORIENTED_EDGE('',*,*,#3522,.T.);
#5172=ORIENTED_EDGE('',*,*,#3524,.T.);
#5173=ORIENTED_EDGE('',*,*,#3526,.T.);
#5174=ORIENTED_EDGE('',*,*,#3528,.T.);
#5175=ORIENTED_EDGE('',*,*,#3451,.T.);
#5176=ORIENTED_EDGE('',*,*,#3249,.T.);
#5177=ORIENTED_EDGE('',*,*,#3253,.F.);
#5178=ORIENTED_EDGE('',*,*,#3255,.T.);
#5179=ORIENTED_EDGE('',*,*,#3627,.F.);
#5180=ORIENTED_EDGE('',*,*,#3628,.T.);
#5181=ORIENTED_EDGE('',*,*,#3590,.F.);
#5182=ORIENTED_EDGE('',*,*,#3592,.T.);
#5183=ORIENTED_EDGE('',*,*,#3246,.F.);
#5184=ORIENTED_EDGE('',*,*,#3251,.T.);
#5185=ORIENTED_EDGE('',*,*,#3604,.T.);
#5186=ORIENTED_EDGE('',*,*,#3534,.F.);
#5187=ORIENTED_EDGE('',*,*,#3536,.T.);
#5188=ORIENTED_EDGE('',*,*,#2996,.F.);
#5189=ORIENTED_EDGE('',*,*,#2999,.T.);
#5190=ORIENTED_EDGE('',*,*,#3001,.F.);
#5191=ORIENTED_EDGE('',*,*,#3003,.T.);
#5192=ORIENTED_EDGE('',*,*,#3603,.F.);
#5193=ORIENTED_EDGE('',*,*,#3601,.T.);
#5194=ORIENTED_EDGE('',*,*,#3546,.F.);
#5195=ORIENTED_EDGE('',*,*,#3548,.T.);
#5196=ORIENTED_EDGE('',*,*,#3071,.F.);
#5197=ORIENTED_EDGE('',*,*,#3074,.T.);
#5198=ORIENTED_EDGE('',*,*,#3076,.F.);
#5199=ORIENTED_EDGE('',*,*,#3078,.T.);
#5200=ORIENTED_EDGE('',*,*,#3600,.F.);
#5201=ORIENTED_EDGE('',*,*,#3622,.T.);
#5202=ORIENTED_EDGE('',*,*,#3574,.F.);
#5203=ORIENTED_EDGE('',*,*,#3576,.T.);
#5204=ORIENTED_EDGE('',*,*,#3196,.F.);
#5205=ORIENTED_EDGE('',*,*,#3199,.T.);
#5206=ORIENTED_EDGE('',*,*,#3201,.F.);
#5207=ORIENTED_EDGE('',*,*,#3203,.T.);
#5208=ORIENTED_EDGE('',*,*,#3621,.F.);
#5209=ORIENTED_EDGE('',*,*,#3631,.T.);
#5210=ORIENTED_EDGE('',*,*,#3570,.F.);
#5211=ORIENTED_EDGE('',*,*,#3572,.T.);
#5212=ORIENTED_EDGE('',*,*,#3273,.F.);
#5213=ORIENTED_EDGE('',*,*,#3276,.T.);
#5214=ORIENTED_EDGE('',*,*,#3278,.F.);
#5215=ORIENTED_EDGE('',*,*,#3280,.T.);
#5216=ORIENTED_EDGE('',*,*,#3630,.F.);
#5217=ORIENTED_EDGE('',*,*,#3634,.T.);
#5218=ORIENTED_EDGE('',*,*,#3566,.F.);
#5219=ORIENTED_EDGE('',*,*,#3568,.T.);
#5220=ORIENTED_EDGE('',*,*,#3298,.F.);
#5221=ORIENTED_EDGE('',*,*,#3301,.T.);
#5222=ORIENTED_EDGE('',*,*,#3303,.F.);
#5223=ORIENTED_EDGE('',*,*,#3305,.T.);
#5224=ORIENTED_EDGE('',*,*,#3633,.F.);
#5225=ORIENTED_EDGE('',*,*,#3625,.T.);
#5226=ORIENTED_EDGE('',*,*,#3586,.F.);
#5227=ORIENTED_EDGE('',*,*,#3588,.T.);
#5228=ORIENTED_EDGE('',*,*,#3221,.F.);
#5229=ORIENTED_EDGE('',*,*,#3224,.T.);
#5230=ORIENTED_EDGE('',*,*,#3226,.F.);
#5231=ORIENTED_EDGE('',*,*,#3228,.T.);
#5232=ORIENTED_EDGE('',*,*,#3624,.F.);
#5233=ORIENTED_EDGE('',*,*,#3613,.T.);
#5234=ORIENTED_EDGE('',*,*,#3542,.F.);
#5235=ORIENTED_EDGE('',*,*,#3544,.T.);
#5236=ORIENTED_EDGE('',*,*,#3096,.F.);
#5237=ORIENTED_EDGE('',*,*,#3099,.T.);
#5238=ORIENTED_EDGE('',*,*,#3101,.F.);
#5239=ORIENTED_EDGE('',*,*,#3103,.T.);
#5240=ORIENTED_EDGE('',*,*,#3612,.F.);
#5241=ORIENTED_EDGE('',*,*,#3637,.T.);
#5242=ORIENTED_EDGE('',*,*,#3562,.F.);
#5243=ORIENTED_EDGE('',*,*,#3564,.T.);
#5244=ORIENTED_EDGE('',*,*,#3323,.F.);
#5245=ORIENTED_EDGE('',*,*,#3326,.T.);
#5246=ORIENTED_EDGE('',*,*,#3328,.F.);
#5247=ORIENTED_EDGE('',*,*,#3330,.T.);
#5248=ORIENTED_EDGE('',*,*,#3636,.F.);
#5249=ORIENTED_EDGE('',*,*,#3532,.T.);
#5250=ORIENTED_EDGE('',*,*,#2843,.F.);
#5251=ORIENTED_EDGE('',*,*,#2846,.T.);
#5252=ORIENTED_EDGE('',*,*,#2848,.F.);
#5253=ORIENTED_EDGE('',*,*,#2850,.T.);
#5254=ORIENTED_EDGE('',*,*,#3606,.F.);
#5255=ORIENTED_EDGE('',*,*,#3607,.T.);
#5256=ORIENTED_EDGE('',*,*,#3530,.F.);
#5257=ORIENTED_EDGE('',*,*,#3598,.T.);
#5258=ORIENTED_EDGE('',*,*,#3578,.F.);
#5259=ORIENTED_EDGE('',*,*,#3580,.T.);
#5260=ORIENTED_EDGE('',*,*,#3046,.F.);
#5261=ORIENTED_EDGE('',*,*,#3049,.T.);
#5262=ORIENTED_EDGE('',*,*,#3051,.F.);
#5263=ORIENTED_EDGE('',*,*,#3053,.T.);
#5264=ORIENTED_EDGE('',*,*,#3597,.F.);
#5265=ORIENTED_EDGE('',*,*,#3619,.T.);
#5266=ORIENTED_EDGE('',*,*,#3550,.F.);
#5267=ORIENTED_EDGE('',*,*,#3552,.T.);
#5268=ORIENTED_EDGE('',*,*,#3171,.F.);
#5269=ORIENTED_EDGE('',*,*,#3174,.T.);
#5270=ORIENTED_EDGE('',*,*,#3176,.F.);
#5271=ORIENTED_EDGE('',*,*,#3178,.T.);
#5272=ORIENTED_EDGE('',*,*,#3618,.F.);
#5273=ORIENTED_EDGE('',*,*,#3616,.T.);
#5274=ORIENTED_EDGE('',*,*,#3554,.F.);
#5275=ORIENTED_EDGE('',*,*,#3556,.T.);
#5276=ORIENTED_EDGE('',*,*,#3146,.F.);
#5277=ORIENTED_EDGE('',*,*,#3149,.T.);
#5278=ORIENTED_EDGE('',*,*,#3151,.F.);
#5279=ORIENTED_EDGE('',*,*,#3153,.T.);
#5280=ORIENTED_EDGE('',*,*,#3615,.F.);
#5281=ORIENTED_EDGE('',*,*,#3595,.T.);
#5282=ORIENTED_EDGE('',*,*,#3582,.F.);
#5283=ORIENTED_EDGE('',*,*,#3584,.T.);
#5284=ORIENTED_EDGE('',*,*,#3021,.F.);
#5285=ORIENTED_EDGE('',*,*,#3024,.T.);
#5286=ORIENTED_EDGE('',*,*,#3026,.F.);
#5287=ORIENTED_EDGE('',*,*,#3028,.T.);
#5288=ORIENTED_EDGE('',*,*,#3594,.F.);
#5289=ORIENTED_EDGE('',*,*,#3610,.T.);
#5290=ORIENTED_EDGE('',*,*,#3538,.F.);
#5291=ORIENTED_EDGE('',*,*,#3540,.T.);
#5292=ORIENTED_EDGE('',*,*,#3121,.F.);
#5293=ORIENTED_EDGE('',*,*,#3124,.T.);
#5294=ORIENTED_EDGE('',*,*,#3126,.F.);
#5295=ORIENTED_EDGE('',*,*,#3128,.T.);
#5296=ORIENTED_EDGE('',*,*,#3609,.F.);
#5297=ORIENTED_EDGE('',*,*,#3560,.T.);
#5298=ORIENTED_EDGE('',*,*,#3348,.F.);
#5299=ORIENTED_EDGE('',*,*,#3351,.T.);
#5300=ORIENTED_EDGE('',*,*,#3353,.F.);
#5301=ORIENTED_EDGE('',*,*,#3355,.T.);
#5302=ORIENTED_EDGE('',*,*,#3639,.F.);
#5303=ORIENTED_EDGE('',*,*,#3640,.T.);
#5304=ORIENTED_EDGE('',*,*,#3558,.F.);
#5305=PLANE('',#5941);
#5306=PLANE('',#5945);
#5307=PLANE('',#5949);
#5308=PLANE('',#5953);
#5309=PLANE('',#5959);
#5310=PLANE('',#5962);
#5311=PLANE('',#5963);
#5312=PLANE('',#6028);
#5313=PLANE('',#6031);
#5314=PLANE('',#6034);
#5315=PLANE('',#6037);
#5316=PLANE('',#6042);
#5317=PLANE('',#6045);
#5318=PLANE('',#6046);
#5319=PLANE('',#6049);
#5320=PLANE('',#6052);
#5321=PLANE('',#6055);
#5322=PLANE('',#6060);
#5323=PLANE('',#6063);
#5324=PLANE('',#6064);
#5325=PLANE('',#6067);
#5326=PLANE('',#6070);
#5327=PLANE('',#6073);
#5328=PLANE('',#6078);
#5329=PLANE('',#6081);
#5330=PLANE('',#6082);
#5331=PLANE('',#6085);
#5332=PLANE('',#6088);
#5333=PLANE('',#6091);
#5334=PLANE('',#6096);
#5335=PLANE('',#6099);
#5336=PLANE('',#6100);
#5337=PLANE('',#6103);
#5338=PLANE('',#6106);
#5339=PLANE('',#6109);
#5340=PLANE('',#6114);
#5341=PLANE('',#6117);
#5342=PLANE('',#6118);
#5343=PLANE('',#6121);
#5344=PLANE('',#6124);
#5345=PLANE('',#6127);
#5346=PLANE('',#6132);
#5347=PLANE('',#6135);
#5348=PLANE('',#6136);
#5349=PLANE('',#6139);
#5350=PLANE('',#6142);
#5351=PLANE('',#6145);
#5352=PLANE('',#6150);
#5353=PLANE('',#6153);
#5354=PLANE('',#6154);
#5355=PLANE('',#6157);
#5356=PLANE('',#6160);
#5357=PLANE('',#6163);
#5358=PLANE('',#6168);
#5359=PLANE('',#6171);
#5360=PLANE('',#6172);
#5361=PLANE('',#6175);
#5362=PLANE('',#6178);
#5363=PLANE('',#6181);
#5364=PLANE('',#6186);
#5365=PLANE('',#6189);
#5366=PLANE('',#6190);
#5367=PLANE('',#6193);
#5368=PLANE('',#6196);
#5369=PLANE('',#6199);
#5370=PLANE('',#6204);
#5371=PLANE('',#6207);
#5372=PLANE('',#6208);
#5373=PLANE('',#6211);
#5374=PLANE('',#6214);
#5375=PLANE('',#6217);
#5376=PLANE('',#6222);
#5377=PLANE('',#6225);
#5378=PLANE('',#6226);
#5379=PLANE('',#6229);
#5380=PLANE('',#6232);
#5381=PLANE('',#6235);
#5382=PLANE('',#6240);
#5383=PLANE('',#6243);
#5384=PLANE('',#6244);
#5385=PLANE('',#6247);
#5386=PLANE('',#6250);
#5387=PLANE('',#6253);
#5388=PLANE('',#6258);
#5389=PLANE('',#6261);
#5390=PLANE('',#6262);
#5391=PLANE('',#6265);
#5392=PLANE('',#6268);
#5393=PLANE('',#6271);
#5394=PLANE('',#6276);
#5395=PLANE('',#6279);
#5396=PLANE('',#6280);
#5397=PLANE('',#6283);
#5398=PLANE('',#6286);
#5399=PLANE('',#6289);
#5400=PLANE('',#6294);
#5401=PLANE('',#6297);
#5402=PLANE('',#6298);
#5403=PLANE('',#6299);
#5404=PLANE('',#6303);
#5405=PLANE('',#6307);
#5406=PLANE('',#6308);
#5407=PLANE('',#6309);
#5408=PLANE('',#6310);
#5409=PLANE('',#6311);
#5410=PLANE('',#6312);
#5411=PLANE('',#6313);
#5412=PLANE('',#6314);
#5413=PLANE('',#6339);
#5414=PLANE('',#6340);
#5415=PLANE('',#6350);
#5416=PLANE('',#6351);
#5417=PLANE('',#6364);
#5418=PLANE('',#6367);
#5419=PLANE('',#6370);
#5420=PLANE('',#6373);
#5421=PLANE('',#6376);
#5422=PLANE('',#6379);
#5423=PLANE('',#6382);
#5424=PLANE('',#6385);
#5425=PLANE('',#6388);
#5426=PLANE('',#6391);
#5427=PLANE('',#6394);
#5428=PLANE('',#6397);
#5429=PLANE('',#6400);
#5430=PLANE('',#6403);
#5431=PLANE('',#6406);
#5432=PLANE('',#6409);
#5433=PLANE('',#6414);
#5434=PLANE('',#6417);
#5435=PLANE('',#6420);
#5436=PLANE('',#6423);
#5437=PLANE('',#6426);
#5438=PLANE('',#6429);
#5439=PLANE('',#6432);
#5440=PLANE('',#6435);
#5441=PLANE('',#6438);
#5442=PLANE('',#6441);
#5443=PLANE('',#6444);
#5444=PLANE('',#6447);
#5445=PLANE('',#6450);
#5446=PLANE('',#6453);
#5447=PLANE('',#6456);
#5448=PLANE('',#6459);
#5449=PLANE('',#6462);
#5450=PLANE('',#6465);
#5451=PLANE('',#6468);
#5452=PLANE('',#6471);
#5453=PLANE('',#6474);
#5454=PLANE('',#6477);
#5455=PLANE('',#6480);
#5456=PLANE('',#6483);
#5457=PLANE('',#6486);
#5458=PLANE('',#6489);
#5459=PLANE('',#6492);
#5460=PLANE('',#6495);
#5461=PLANE('',#6498);
#5462=PLANE('',#6501);
#5463=PLANE('',#6504);
#5464=PLANE('',#6507);
#5465=PLANE('',#6508);
#5466=PLANE('',#6510);
#5467=PLANE('',#6512);
#5468=PLANE('',#6515);
#5469=STYLED_ITEM('',(#9934),#5602);
#5470=STYLED_ITEM('',(#9934),#5603);
#5471=STYLED_ITEM('',(#9934),#5604);
#5472=STYLED_ITEM('',(#9934),#5605);
#5473=STYLED_ITEM('',(#9934),#5606);
#5474=STYLED_ITEM('',(#9934),#5607);
#5475=STYLED_ITEM('',(#9934),#5608);
#5476=STYLED_ITEM('',(#9934),#5609);
#5477=STYLED_ITEM('',(#9934),#5615);
#5478=STYLED_ITEM('',(#9934),#5616);
#5479=STYLED_ITEM('',(#9934),#5617);
#5480=STYLED_ITEM('',(#9934),#5618);
#5481=STYLED_ITEM('',(#9934),#5619);
#5482=STYLED_ITEM('',(#9934),#5620);
#5483=STYLED_ITEM('',(#9934),#5621);
#5484=STYLED_ITEM('',(#9934),#5622);
#5485=STYLED_ITEM('',(#9934),#5627);
#5486=STYLED_ITEM('',(#9934),#5628);
#5487=STYLED_ITEM('',(#9934),#5629);
#5488=STYLED_ITEM('',(#9934),#5630);
#5489=STYLED_ITEM('',(#9934),#5631);
#5490=STYLED_ITEM('',(#9934),#5632);
#5491=STYLED_ITEM('',(#9934),#5633);
#5492=STYLED_ITEM('',(#9934),#5634);
#5493=STYLED_ITEM('',(#9934),#5639);
#5494=STYLED_ITEM('',(#9934),#5640);
#5495=STYLED_ITEM('',(#9934),#5641);
#5496=STYLED_ITEM('',(#9934),#5642);
#5497=STYLED_ITEM('',(#9934),#5643);
#5498=STYLED_ITEM('',(#9934),#5644);
#5499=STYLED_ITEM('',(#9934),#5645);
#5500=STYLED_ITEM('',(#9934),#5646);
#5501=STYLED_ITEM('',(#9934),#5651);
#5502=STYLED_ITEM('',(#9934),#5652);
#5503=STYLED_ITEM('',(#9934),#5653);
#5504=STYLED_ITEM('',(#9934),#5654);
#5505=STYLED_ITEM('',(#9934),#5655);
#5506=STYLED_ITEM('',(#9934),#5656);
#5507=STYLED_ITEM('',(#9934),#5657);
#5508=STYLED_ITEM('',(#9934),#5658);
#5509=STYLED_ITEM('',(#9934),#5663);
#5510=STYLED_ITEM('',(#9934),#5664);
#5511=STYLED_ITEM('',(#9934),#5665);
#5512=STYLED_ITEM('',(#9934),#5666);
#5513=STYLED_ITEM('',(#9934),#5667);
#5514=STYLED_ITEM('',(#9934),#5668);
#5515=STYLED_ITEM('',(#9934),#5669);
#5516=STYLED_ITEM('',(#9934),#5670);
#5517=STYLED_ITEM('',(#9934),#5675);
#5518=STYLED_ITEM('',(#9934),#5676);
#5519=STYLED_ITEM('',(#9934),#5677);
#5520=STYLED_ITEM('',(#9934),#5678);
#5521=STYLED_ITEM('',(#9934),#5679);
#5522=STYLED_ITEM('',(#9934),#5680);
#5523=STYLED_ITEM('',(#9934),#5681);
#5524=STYLED_ITEM('',(#9934),#5682);
#5525=STYLED_ITEM('',(#9934),#5687);
#5526=STYLED_ITEM('',(#9934),#5688);
#5527=STYLED_ITEM('',(#9934),#5689);
#5528=STYLED_ITEM('',(#9934),#5690);
#5529=STYLED_ITEM('',(#9934),#5691);
#5530=STYLED_ITEM('',(#9934),#5692);
#5531=STYLED_ITEM('',(#9934),#5693);
#5532=STYLED_ITEM('',(#9934),#5694);
#5533=STYLED_ITEM('',(#9934),#5699);
#5534=STYLED_ITEM('',(#9934),#5700);
#5535=STYLED_ITEM('',(#9934),#5701);
#5536=STYLED_ITEM('',(#9934),#5702);
#5537=STYLED_ITEM('',(#9934),#5703);
#5538=STYLED_ITEM('',(#9934),#5704);
#5539=STYLED_ITEM('',(#9934),#5705);
#5540=STYLED_ITEM('',(#9934),#5706);
#5541=STYLED_ITEM('',(#9934),#5711);
#5542=STYLED_ITEM('',(#9934),#5712);
#5543=STYLED_ITEM('',(#9934),#5713);
#5544=STYLED_ITEM('',(#9934),#5714);
#5545=STYLED_ITEM('',(#9934),#5715);
#5546=STYLED_ITEM('',(#9934),#5716);
#5547=STYLED_ITEM('',(#9934),#5717);
#5548=STYLED_ITEM('',(#9934),#5718);
#5549=STYLED_ITEM('',(#9934),#5723);
#5550=STYLED_ITEM('',(#9934),#5724);
#5551=STYLED_ITEM('',(#9934),#5725);
#5552=STYLED_ITEM('',(#9934),#5726);
#5553=STYLED_ITEM('',(#9934),#5727);
#5554=STYLED_ITEM('',(#9934),#5728);
#5555=STYLED_ITEM('',(#9934),#5729);
#5556=STYLED_ITEM('',(#9934),#5730);
#5557=STYLED_ITEM('',(#9934),#5735);
#5558=STYLED_ITEM('',(#9934),#5736);
#5559=STYLED_ITEM('',(#9934),#5737);
#5560=STYLED_ITEM('',(#9934),#5738);
#5561=STYLED_ITEM('',(#9934),#5739);
#5562=STYLED_ITEM('',(#9934),#5740);
#5563=STYLED_ITEM('',(#9934),#5741);
#5564=STYLED_ITEM('',(#9934),#5742);
#5565=STYLED_ITEM('',(#9934),#5747);
#5566=STYLED_ITEM('',(#9934),#5748);
#5567=STYLED_ITEM('',(#9934),#5749);
#5568=STYLED_ITEM('',(#9934),#5750);
#5569=STYLED_ITEM('',(#9934),#5751);
#5570=STYLED_ITEM('',(#9934),#5752);
#5571=STYLED_ITEM('',(#9934),#5753);
#5572=STYLED_ITEM('',(#9934),#5754);
#5573=STYLED_ITEM('',(#9934),#5759);
#5574=STYLED_ITEM('',(#9934),#5760);
#5575=STYLED_ITEM('',(#9934),#5761);
#5576=STYLED_ITEM('',(#9934),#5762);
#5577=STYLED_ITEM('',(#9934),#5763);
#5578=STYLED_ITEM('',(#9934),#5764);
#5579=STYLED_ITEM('',(#9934),#5765);
#5580=STYLED_ITEM('',(#9934),#5766);
#5581=STYLED_ITEM('',(#9934),#5771);
#5582=STYLED_ITEM('',(#9934),#5772);
#5583=STYLED_ITEM('',(#9934),#5773);
#5584=STYLED_ITEM('',(#9934),#5774);
#5585=STYLED_ITEM('',(#9934),#5775);
#5586=STYLED_ITEM('',(#9934),#5776);
#5587=STYLED_ITEM('',(#9934),#5777);
#5588=STYLED_ITEM('',(#9934),#5778);
#5589=STYLED_ITEM('',(#9934),#5783);
#5590=STYLED_ITEM('',(#9934),#5784);
#5591=STYLED_ITEM('',(#9934),#5785);
#5592=STYLED_ITEM('',(#9934),#5786);
#5593=STYLED_ITEM('',(#9934),#5787);
#5594=STYLED_ITEM('',(#9934),#5788);
#5595=STYLED_ITEM('',(#9934),#5789);
#5596=STYLED_ITEM('',(#9934),#5790);
#5597=STYLED_ITEM('',(#9934),#5806);
#5598=STYLED_ITEM('',(#9934),#5807);
#5599=STYLED_ITEM('',(#9934),#5808);
#5600=STYLED_ITEM('',(#9934),#5813);
#5601=STYLED_ITEM('',(#9933),#13);
#5602=ADVANCED_FACE('',(#462),#5305,.T.);
#5603=ADVANCED_FACE('',(#463),#393,.F.);
#5604=ADVANCED_FACE('',(#464),#5306,.T.);
#5605=ADVANCED_FACE('',(#465),#394,.F.);
#5606=ADVANCED_FACE('',(#466),#5307,.T.);
#5607=ADVANCED_FACE('',(#467),#395,.F.);
#5608=ADVANCED_FACE('',(#468),#5308,.T.);
#5609=ADVANCED_FACE('',(#469),#396,.F.);
#5610=ADVANCED_FACE('',(#470),#51,.F.);
#5611=ADVANCED_FACE('',(#471),#5309,.F.);
#5612=ADVANCED_FACE('',(#472),#52,.F.);
#5613=ADVANCED_FACE('',(#473),#5310,.F.);
#5614=ADVANCED_FACE('',(#474,#14,#15,#16,#17,#18,#19,#20,#21,#22,#23,#24,
#25,#26,#27,#28,#29),#5311,.T.);
#5615=ADVANCED_FACE('',(#475),#5312,.T.);
#5616=ADVANCED_FACE('',(#476),#397,.F.);
#5617=ADVANCED_FACE('',(#477),#5313,.T.);
#5618=ADVANCED_FACE('',(#478),#398,.F.);
#5619=ADVANCED_FACE('',(#479),#5314,.T.);
#5620=ADVANCED_FACE('',(#480),#399,.F.);
#5621=ADVANCED_FACE('',(#481),#5315,.T.);
#5622=ADVANCED_FACE('',(#482),#400,.F.);
#5623=ADVANCED_FACE('',(#483),#53,.F.);
#5624=ADVANCED_FACE('',(#484),#5316,.F.);
#5625=ADVANCED_FACE('',(#485),#54,.F.);
#5626=ADVANCED_FACE('',(#486),#5317,.F.);
#5627=ADVANCED_FACE('',(#487),#5318,.T.);
#5628=ADVANCED_FACE('',(#488),#401,.F.);
#5629=ADVANCED_FACE('',(#489),#5319,.T.);
#5630=ADVANCED_FACE('',(#490),#402,.F.);
#5631=ADVANCED_FACE('',(#491),#5320,.T.);
#5632=ADVANCED_FACE('',(#492),#403,.F.);
#5633=ADVANCED_FACE('',(#493),#5321,.T.);
#5634=ADVANCED_FACE('',(#494),#404,.F.);
#5635=ADVANCED_FACE('',(#495),#55,.F.);
#5636=ADVANCED_FACE('',(#496),#5322,.F.);
#5637=ADVANCED_FACE('',(#497),#56,.F.);
#5638=ADVANCED_FACE('',(#498),#5323,.F.);
#5639=ADVANCED_FACE('',(#499),#5324,.T.);
#5640=ADVANCED_FACE('',(#500),#405,.F.);
#5641=ADVANCED_FACE('',(#501),#5325,.T.);
#5642=ADVANCED_FACE('',(#502),#406,.F.);
#5643=ADVANCED_FACE('',(#503),#5326,.T.);
#5644=ADVANCED_FACE('',(#504),#407,.F.);
#5645=ADVANCED_FACE('',(#505),#5327,.T.);
#5646=ADVANCED_FACE('',(#506),#408,.F.);
#5647=ADVANCED_FACE('',(#507),#57,.F.);
#5648=ADVANCED_FACE('',(#508),#5328,.F.);
#5649=ADVANCED_FACE('',(#509),#58,.F.);
#5650=ADVANCED_FACE('',(#510),#5329,.F.);
#5651=ADVANCED_FACE('',(#511),#5330,.T.);
#5652=ADVANCED_FACE('',(#512),#409,.F.);
#5653=ADVANCED_FACE('',(#513),#5331,.T.);
#5654=ADVANCED_FACE('',(#514),#410,.F.);
#5655=ADVANCED_FACE('',(#515),#5332,.T.);
#5656=ADVANCED_FACE('',(#516),#411,.F.);
#5657=ADVANCED_FACE('',(#517),#5333,.T.);
#5658=ADVANCED_FACE('',(#518),#412,.F.);
#5659=ADVANCED_FACE('',(#519),#59,.F.);
#5660=ADVANCED_FACE('',(#520),#5334,.F.);
#5661=ADVANCED_FACE('',(#521),#60,.F.);
#5662=ADVANCED_FACE('',(#522),#5335,.F.);
#5663=ADVANCED_FACE('',(#523),#5336,.T.);
#5664=ADVANCED_FACE('',(#524),#413,.F.);
#5665=ADVANCED_FACE('',(#525),#5337,.T.);
#5666=ADVANCED_FACE('',(#526),#414,.F.);
#5667=ADVANCED_FACE('',(#527),#5338,.T.);
#5668=ADVANCED_FACE('',(#528),#415,.F.);
#5669=ADVANCED_FACE('',(#529),#5339,.T.);
#5670=ADVANCED_FACE('',(#530),#416,.F.);
#5671=ADVANCED_FACE('',(#531),#61,.F.);
#5672=ADVANCED_FACE('',(#532),#5340,.F.);
#5673=ADVANCED_FACE('',(#533),#62,.F.);
#5674=ADVANCED_FACE('',(#534),#5341,.F.);
#5675=ADVANCED_FACE('',(#535),#5342,.T.);
#5676=ADVANCED_FACE('',(#536),#417,.F.);
#5677=ADVANCED_FACE('',(#537),#5343,.T.);
#5678=ADVANCED_FACE('',(#538),#418,.F.);
#5679=ADVANCED_FACE('',(#539),#5344,.T.);
#5680=ADVANCED_FACE('',(#540),#419,.F.);
#5681=ADVANCED_FACE('',(#541),#5345,.T.);
#5682=ADVANCED_FACE('',(#542),#420,.F.);
#5683=ADVANCED_FACE('',(#543),#63,.F.);
#5684=ADVANCED_FACE('',(#544),#5346,.F.);
#5685=ADVANCED_FACE('',(#545),#64,.F.);
#5686=ADVANCED_FACE('',(#546),#5347,.F.);
#5687=ADVANCED_FACE('',(#547),#5348,.T.);
#5688=ADVANCED_FACE('',(#548),#421,.F.);
#5689=ADVANCED_FACE('',(#549),#5349,.T.);
#5690=ADVANCED_FACE('',(#550),#422,.F.);
#5691=ADVANCED_FACE('',(#551),#5350,.T.);
#5692=ADVANCED_FACE('',(#552),#423,.F.);
#5693=ADVANCED_FACE('',(#553),#5351,.T.);
#5694=ADVANCED_FACE('',(#554),#424,.F.);
#5695=ADVANCED_FACE('',(#555),#65,.F.);
#5696=ADVANCED_FACE('',(#556),#5352,.F.);
#5697=ADVANCED_FACE('',(#557),#66,.F.);
#5698=ADVANCED_FACE('',(#558),#5353,.F.);
#5699=ADVANCED_FACE('',(#559),#5354,.T.);
#5700=ADVANCED_FACE('',(#560),#425,.F.);
#5701=ADVANCED_FACE('',(#561),#5355,.T.);
#5702=ADVANCED_FACE('',(#562),#426,.F.);
#5703=ADVANCED_FACE('',(#563),#5356,.T.);
#5704=ADVANCED_FACE('',(#564),#427,.F.);
#5705=ADVANCED_FACE('',(#565),#5357,.T.);
#5706=ADVANCED_FACE('',(#566),#428,.F.);
#5707=ADVANCED_FACE('',(#567),#67,.F.);
#5708=ADVANCED_FACE('',(#568),#5358,.F.);
#5709=ADVANCED_FACE('',(#569),#68,.F.);
#5710=ADVANCED_FACE('',(#570),#5359,.F.);
#5711=ADVANCED_FACE('',(#571),#5360,.T.);
#5712=ADVANCED_FACE('',(#572),#429,.F.);
#5713=ADVANCED_FACE('',(#573),#5361,.T.);
#5714=ADVANCED_FACE('',(#574),#430,.F.);
#5715=ADVANCED_FACE('',(#575),#5362,.T.);
#5716=ADVANCED_FACE('',(#576),#431,.F.);
#5717=ADVANCED_FACE('',(#577),#5363,.T.);
#5718=ADVANCED_FACE('',(#578),#432,.F.);
#5719=ADVANCED_FACE('',(#579),#69,.F.);
#5720=ADVANCED_FACE('',(#580),#5364,.F.);
#5721=ADVANCED_FACE('',(#581),#70,.F.);
#5722=ADVANCED_FACE('',(#582),#5365,.F.);
#5723=ADVANCED_FACE('',(#583),#5366,.T.);
#5724=ADVANCED_FACE('',(#584),#433,.F.);
#5725=ADVANCED_FACE('',(#585),#5367,.T.);
#5726=ADVANCED_FACE('',(#586),#434,.F.);
#5727=ADVANCED_FACE('',(#587),#5368,.T.);
#5728=ADVANCED_FACE('',(#588),#435,.F.);
#5729=ADVANCED_FACE('',(#589),#5369,.T.);
#5730=ADVANCED_FACE('',(#590),#436,.F.);
#5731=ADVANCED_FACE('',(#591),#71,.F.);
#5732=ADVANCED_FACE('',(#592),#5370,.F.);
#5733=ADVANCED_FACE('',(#593),#72,.F.);
#5734=ADVANCED_FACE('',(#594),#5371,.F.);
#5735=ADVANCED_FACE('',(#595),#5372,.T.);
#5736=ADVANCED_FACE('',(#596),#437,.F.);
#5737=ADVANCED_FACE('',(#597),#5373,.T.);
#5738=ADVANCED_FACE('',(#598),#438,.F.);
#5739=ADVANCED_FACE('',(#599),#5374,.T.);
#5740=ADVANCED_FACE('',(#600),#439,.F.);
#5741=ADVANCED_FACE('',(#601),#5375,.T.);
#5742=ADVANCED_FACE('',(#602),#440,.F.);
#5743=ADVANCED_FACE('',(#603),#73,.F.);
#5744=ADVANCED_FACE('',(#604),#5376,.F.);
#5745=ADVANCED_FACE('',(#605),#74,.F.);
#5746=ADVANCED_FACE('',(#606),#5377,.F.);
#5747=ADVANCED_FACE('',(#607),#5378,.T.);
#5748=ADVANCED_FACE('',(#608),#441,.F.);
#5749=ADVANCED_FACE('',(#609),#5379,.T.);
#5750=ADVANCED_FACE('',(#610),#442,.F.);
#5751=ADVANCED_FACE('',(#611),#5380,.T.);
#5752=ADVANCED_FACE('',(#612),#443,.F.);
#5753=ADVANCED_FACE('',(#613),#5381,.T.);
#5754=ADVANCED_FACE('',(#614),#444,.F.);
#5755=ADVANCED_FACE('',(#615),#75,.F.);
#5756=ADVANCED_FACE('',(#616),#5382,.F.);
#5757=ADVANCED_FACE('',(#617),#76,.F.);
#5758=ADVANCED_FACE('',(#618),#5383,.F.);
#5759=ADVANCED_FACE('',(#619),#5384,.T.);
#5760=ADVANCED_FACE('',(#620),#445,.F.);
#5761=ADVANCED_FACE('',(#621),#5385,.T.);
#5762=ADVANCED_FACE('',(#622),#446,.F.);
#5763=ADVANCED_FACE('',(#623),#5386,.T.);
#5764=ADVANCED_FACE('',(#624),#447,.F.);
#5765=ADVANCED_FACE('',(#625),#5387,.T.);
#5766=ADVANCED_FACE('',(#626),#448,.F.);
#5767=ADVANCED_FACE('',(#627),#77,.F.);
#5768=ADVANCED_FACE('',(#628),#5388,.F.);
#5769=ADVANCED_FACE('',(#629),#78,.F.);
#5770=ADVANCED_FACE('',(#630),#5389,.F.);
#5771=ADVANCED_FACE('',(#631),#5390,.T.);
#5772=ADVANCED_FACE('',(#632),#449,.F.);
#5773=ADVANCED_FACE('',(#633),#5391,.T.);
#5774=ADVANCED_FACE('',(#634),#450,.F.);
#5775=ADVANCED_FACE('',(#635),#5392,.T.);
#5776=ADVANCED_FACE('',(#636),#451,.F.);
#5777=ADVANCED_FACE('',(#637),#5393,.T.);
#5778=ADVANCED_FACE('',(#638),#452,.F.);
#5779=ADVANCED_FACE('',(#639),#79,.F.);
#5780=ADVANCED_FACE('',(#640),#5394,.F.);
#5781=ADVANCED_FACE('',(#641),#80,.F.);
#5782=ADVANCED_FACE('',(#642),#5395,.F.);
#5783=ADVANCED_FACE('',(#643),#5396,.T.);
#5784=ADVANCED_FACE('',(#644),#453,.F.);
#5785=ADVANCED_FACE('',(#645),#5397,.T.);
#5786=ADVANCED_FACE('',(#646),#454,.F.);
#5787=ADVANCED_FACE('',(#647),#5398,.T.);
#5788=ADVANCED_FACE('',(#648),#455,.F.);
#5789=ADVANCED_FACE('',(#649),#5399,.T.);
#5790=ADVANCED_FACE('',(#650),#456,.F.);
#5791=ADVANCED_FACE('',(#651),#81,.F.);
#5792=ADVANCED_FACE('',(#652),#5400,.F.);
#5793=ADVANCED_FACE('',(#653),#82,.F.);
#5794=ADVANCED_FACE('',(#654),#5401,.F.);
#5795=ADVANCED_FACE('',(#655),#5402,.F.);
#5796=ADVANCED_FACE('',(#656),#5403,.F.);
#5797=ADVANCED_FACE('',(#657),#83,.F.);
#5798=ADVANCED_FACE('',(#658),#5404,.F.);
#5799=ADVANCED_FACE('',(#659),#84,.F.);
#5800=ADVANCED_FACE('',(#660),#5405,.F.);
#5801=ADVANCED_FACE('',(#661),#5406,.F.);
#5802=ADVANCED_FACE('',(#662),#5407,.F.);
#5803=ADVANCED_FACE('',(#663),#5408,.F.);
#5804=ADVANCED_FACE('',(#664),#5409,.F.);
#5805=ADVANCED_FACE('',(#665),#5410,.F.);
#5806=ADVANCED_FACE('',(#666),#5411,.T.);
#5807=ADVANCED_FACE('',(#667,#30,#31,#32,#33),#5412,.T.);
#5808=ADVANCED_FACE('',(#668),#5413,.T.);
#5809=ADVANCED_FACE('',(#669),#5414,.T.);
#5810=ADVANCED_FACE('',(#670),#457,.F.);
#5811=ADVANCED_FACE('',(#671),#85,.F.);
#5812=ADVANCED_FACE('',(#672),#86,.T.);
#5813=ADVANCED_FACE('',(#673,#34),#5415,.T.);
#5814=ADVANCED_FACE('',(#674),#5416,.F.);
#5815=ADVANCED_FACE('',(#675),#458,.F.);
#5816=ADVANCED_FACE('',(#676),#87,.F.);
#5817=ADVANCED_FACE('',(#677),#459,.F.);
#5818=ADVANCED_FACE('',(#678),#88,.F.);
#5819=ADVANCED_FACE('',(#679),#460,.F.);
#5820=ADVANCED_FACE('',(#680),#89,.F.);
#5821=ADVANCED_FACE('',(#681),#461,.F.);
#5822=ADVANCED_FACE('',(#682),#90,.F.);
#5823=ADVANCED_FACE('',(#683),#5417,.T.);
#5824=ADVANCED_FACE('',(#684),#91,.F.);
#5825=ADVANCED_FACE('',(#685),#5418,.T.);
#5826=ADVANCED_FACE('',(#686),#92,.T.);
#5827=ADVANCED_FACE('',(#687),#5419,.T.);
#5828=ADVANCED_FACE('',(#688),#93,.F.);
#5829=ADVANCED_FACE('',(#689),#5420,.T.);
#5830=ADVANCED_FACE('',(#690),#94,.F.);
#5831=ADVANCED_FACE('',(#691),#5421,.T.);
#5832=ADVANCED_FACE('',(#692),#95,.T.);
#5833=ADVANCED_FACE('',(#693),#5422,.T.);
#5834=ADVANCED_FACE('',(#694),#96,.F.);
#5835=ADVANCED_FACE('',(#695),#5423,.T.);
#5836=ADVANCED_FACE('',(#696),#97,.F.);
#5837=ADVANCED_FACE('',(#697),#5424,.T.);
#5838=ADVANCED_FACE('',(#698),#98,.F.);
#5839=ADVANCED_FACE('',(#699),#5425,.T.);
#5840=ADVANCED_FACE('',(#700),#99,.F.);
#5841=ADVANCED_FACE('',(#701),#5426,.T.);
#5842=ADVANCED_FACE('',(#702),#100,.T.);
#5843=ADVANCED_FACE('',(#703),#5427,.T.);
#5844=ADVANCED_FACE('',(#704),#101,.F.);
#5845=ADVANCED_FACE('',(#705),#5428,.T.);
#5846=ADVANCED_FACE('',(#706),#102,.F.);
#5847=ADVANCED_FACE('',(#707),#5429,.T.);
#5848=ADVANCED_FACE('',(#708),#103,.T.);
#5849=ADVANCED_FACE('',(#709),#5430,.T.);
#5850=ADVANCED_FACE('',(#710),#104,.F.);
#5851=ADVANCED_FACE('',(#711),#5431,.T.);
#5852=ADVANCED_FACE('',(#712),#105,.F.);
#5853=ADVANCED_FACE('',(#713),#5432,.T.);
#5854=ADVANCED_FACE('',(#714),#106,.F.);
#5855=ADVANCED_FACE('',(#715),#107,.F.);
#5856=ADVANCED_FACE('',(#716),#5433,.F.);
#5857=ADVANCED_FACE('',(#717),#108,.F.);
#5858=ADVANCED_FACE('',(#718),#5434,.F.);
#5859=ADVANCED_FACE('',(#719),#109,.F.);
#5860=ADVANCED_FACE('',(#720),#5435,.F.);
#5861=ADVANCED_FACE('',(#721),#110,.F.);
#5862=ADVANCED_FACE('',(#722),#5436,.F.);
#5863=ADVANCED_FACE('',(#723),#111,.F.);
#5864=ADVANCED_FACE('',(#724),#5437,.F.);
#5865=ADVANCED_FACE('',(#725),#112,.F.);
#5866=ADVANCED_FACE('',(#726),#5438,.F.);
#5867=ADVANCED_FACE('',(#727),#113,.F.);
#5868=ADVANCED_FACE('',(#728),#5439,.F.);
#5869=ADVANCED_FACE('',(#729),#114,.F.);
#5870=ADVANCED_FACE('',(#730),#5440,.F.);
#5871=ADVANCED_FACE('',(#731),#115,.F.);
#5872=ADVANCED_FACE('',(#732),#5441,.F.);
#5873=ADVANCED_FACE('',(#733),#116,.F.);
#5874=ADVANCED_FACE('',(#734),#5442,.F.);
#5875=ADVANCED_FACE('',(#735),#117,.F.);
#5876=ADVANCED_FACE('',(#736),#5443,.F.);
#5877=ADVANCED_FACE('',(#737),#118,.F.);
#5878=ADVANCED_FACE('',(#738),#5444,.F.);
#5879=ADVANCED_FACE('',(#739),#119,.F.);
#5880=ADVANCED_FACE('',(#740),#5445,.F.);
#5881=ADVANCED_FACE('',(#741),#120,.F.);
#5882=ADVANCED_FACE('',(#742),#5446,.F.);
#5883=ADVANCED_FACE('',(#743),#121,.F.);
#5884=ADVANCED_FACE('',(#744),#5447,.F.);
#5885=ADVANCED_FACE('',(#745),#122,.F.);
#5886=ADVANCED_FACE('',(#746),#5448,.F.);
#5887=ADVANCED_FACE('',(#747),#123,.F.);
#5888=ADVANCED_FACE('',(#748),#5449,.F.);
#5889=ADVANCED_FACE('',(#749),#124,.F.);
#5890=ADVANCED_FACE('',(#750),#5450,.F.);
#5891=ADVANCED_FACE('',(#751),#125,.F.);
#5892=ADVANCED_FACE('',(#752),#5451,.F.);
#5893=ADVANCED_FACE('',(#753),#126,.F.);
#5894=ADVANCED_FACE('',(#754),#5452,.F.);
#5895=ADVANCED_FACE('',(#755),#127,.F.);
#5896=ADVANCED_FACE('',(#756),#5453,.F.);
#5897=ADVANCED_FACE('',(#757),#128,.F.);
#5898=ADVANCED_FACE('',(#758),#5454,.F.);
#5899=ADVANCED_FACE('',(#759),#129,.F.);
#5900=ADVANCED_FACE('',(#760),#5455,.F.);
#5901=ADVANCED_FACE('',(#761),#130,.F.);
#5902=ADVANCED_FACE('',(#762),#5456,.F.);
#5903=ADVANCED_FACE('',(#763),#131,.F.);
#5904=ADVANCED_FACE('',(#764),#5457,.F.);
#5905=ADVANCED_FACE('',(#765),#132,.F.);
#5906=ADVANCED_FACE('',(#766),#5458,.F.);
#5907=ADVANCED_FACE('',(#767),#133,.F.);
#5908=ADVANCED_FACE('',(#768),#5459,.F.);
#5909=ADVANCED_FACE('',(#769),#134,.F.);
#5910=ADVANCED_FACE('',(#770),#5460,.F.);
#5911=ADVANCED_FACE('',(#771),#135,.F.);
#5912=ADVANCED_FACE('',(#772),#5461,.F.);
#5913=ADVANCED_FACE('',(#773),#136,.F.);
#5914=ADVANCED_FACE('',(#774),#5462,.F.);
#5915=ADVANCED_FACE('',(#775),#137,.F.);
#5916=ADVANCED_FACE('',(#776),#5463,.F.);
#5917=ADVANCED_FACE('',(#777),#138,.F.);
#5918=ADVANCED_FACE('',(#778),#5464,.F.);
#5919=ADVANCED_FACE('',(#779),#5465,.T.);
#5920=ADVANCED_FACE('',(#780),#139,.T.);
#5921=ADVANCED_FACE('',(#781),#5466,.T.);
#5922=ADVANCED_FACE('',(#782),#140,.T.);
#5923=ADVANCED_FACE('',(#783),#5467,.T.);
#5924=ADVANCED_FACE('',(#784),#141,.T.);
#5925=ADVANCED_FACE('',(#785),#142,.T.);
#5926=ADVANCED_FACE('',(#786,#35,#36,#37,#38,#39,#40,#41,#42,#43,#44,#45,
#46,#47,#48,#49,#50),#5468,.F.);
#5927=CLOSED_SHELL('',(#5602,#5603,#5604,#5605,#5606,#5607,#5608,#5609,
#5610,#5611,#5612,#5613,#5614,#5615,#5616,#5617,#5618,#5619,#5620,#5621,
#5622,#5623,#5624,#5625,#5626,#5627,#5628,#5629,#5630,#5631,#5632,#5633,
#5634,#5635,#5636,#5637,#5638,#5639,#5640,#5641,#5642,#5643,#5644,#5645,
#5646,#5647,#5648,#5649,#5650,#5651,#5652,#5653,#5654,#5655,#5656,#5657,
#5658,#5659,#5660,#5661,#5662,#5663,#5664,#5665,#5666,#5667,#5668,#5669,
#5670,#5671,#5672,#5673,#5674,#5675,#5676,#5677,#5678,#5679,#5680,#5681,
#5682,#5683,#5684,#5685,#5686,#5687,#5688,#5689,#5690,#5691,#5692,#5693,
#5694,#5695,#5696,#5697,#5698,#5699,#5700,#5701,#5702,#5703,#5704,#5705,
#5706,#5707,#5708,#5709,#5710,#5711,#5712,#5713,#5714,#5715,#5716,#5717,
#5718,#5719,#5720,#5721,#5722,#5723,#5724,#5725,#5726,#5727,#5728,#5729,
#5730,#5731,#5732,#5733,#5734,#5735,#5736,#5737,#5738,#5739,#5740,#5741,
#5742,#5743,#5744,#5745,#5746,#5747,#5748,#5749,#5750,#5751,#5752,#5753,
#5754,#5755,#5756,#5757,#5758,#5759,#5760,#5761,#5762,#5763,#5764,#5765,
#5766,#5767,#5768,#5769,#5770,#5771,#5772,#5773,#5774,#5775,#5776,#5777,
#5778,#5779,#5780,#5781,#5782,#5783,#5784,#5785,#5786,#5787,#5788,#5789,
#5790,#5791,#5792,#5793,#5794,#5795,#5796,#5797,#5798,#5799,#5800,#5801,
#5802,#5803,#5804,#5805,#5806,#5807,#5808,#5809,#5810,#5811,#5812,#5813,
#5814,#5815,#5816,#5817,#5818,#5819,#5820,#5821,#5822,#5823,#5824,#5825,
#5826,#5827,#5828,#5829,#5830,#5831,#5832,#5833,#5834,#5835,#5836,#5837,
#5838,#5839,#5840,#5841,#5842,#5843,#5844,#5845,#5846,#5847,#5848,#5849,
#5850,#5851,#5852,#5853,#5854,#5855,#5856,#5857,#5858,#5859,#5860,#5861,
#5862,#5863,#5864,#5865,#5866,#5867,#5868,#5869,#5870,#5871,#5872,#5873,
#5874,#5875,#5876,#5877,#5878,#5879,#5880,#5881,#5882,#5883,#5884,#5885,
#5886,#5887,#5888,#5889,#5890,#5891,#5892,#5893,#5894,#5895,#5896,#5897,
#5898,#5899,#5900,#5901,#5902,#5903,#5904,#5905,#5906,#5907,#5908,#5909,
#5910,#5911,#5912,#5913,#5914,#5915,#5916,#5917,#5918,#5919,#5920,#5921,
#5922,#5923,#5924,#5925,#5926));
#5928=DERIVED_UNIT_ELEMENT(#5930,1.);
#5929=DERIVED_UNIT_ELEMENT(#9918,-3.);
#5930=(
MASS_UNIT()
NAMED_UNIT(*)
SI_UNIT(.KILO.,.GRAM.)
);
#5931=DERIVED_UNIT((#5928,#5929));
#5932=MEASURE_REPRESENTATION_ITEM('density measure',
POSITIVE_RATIO_MEASURE(7850.),#5931);
#5933=PROPERTY_DEFINITION_REPRESENTATION(#5938,#5935);
#5934=PROPERTY_DEFINITION_REPRESENTATION(#5939,#5936);
#5935=REPRESENTATION('material name',(#5937),#9915);
#5936=REPRESENTATION('density',(#5932),#9915);
#5937=DESCRIPTIVE_REPRESENTATION_ITEM('Steel','Steel');
#5938=PROPERTY_DEFINITION('material property','material name',#9925);
#5939=PROPERTY_DEFINITION('material property','density of part',#9925);
#5940=AXIS2_PLACEMENT_3D('',#8247,#6516,#6517);
#5941=AXIS2_PLACEMENT_3D('',#8248,#6518,#6519);
#5942=AXIS2_PLACEMENT_3D('',#8257,#6524,#6525);
#5943=AXIS2_PLACEMENT_3D('',#8259,#6526,#6527);
#5944=AXIS2_PLACEMENT_3D('',#8262,#6529,#6530);
#5945=AXIS2_PLACEMENT_3D('',#8263,#6531,#6532);
#5946=AXIS2_PLACEMENT_3D('',#8269,#6536,#6537);
#5947=AXIS2_PLACEMENT_3D('',#8271,#6538,#6539);
#5948=AXIS2_PLACEMENT_3D('',#8274,#6541,#6542);
#5949=AXIS2_PLACEMENT_3D('',#8275,#6543,#6544);
#5950=AXIS2_PLACEMENT_3D('',#8281,#6548,#6549);
#5951=AXIS2_PLACEMENT_3D('',#8283,#6550,#6551);
#5952=AXIS2_PLACEMENT_3D('',#8286,#6553,#6554);
#5953=AXIS2_PLACEMENT_3D('',#8287,#6555,#6556);
#5954=AXIS2_PLACEMENT_3D('',#8293,#6560,#6561);
#5955=AXIS2_PLACEMENT_3D('',#8294,#6562,#6563);
#5956=AXIS2_PLACEMENT_3D('',#8295,#6564,#6565);
#5957=AXIS2_PLACEMENT_3D('',#8296,#6566,#6567);
#5958=AXIS2_PLACEMENT_3D('',#8300,#6569,#6570);
#5959=AXIS2_PLACEMENT_3D('',#8302,#6572,#6573);
#5960=AXIS2_PLACEMENT_3D('',#8306,#6576,#6577);
#5961=AXIS2_PLACEMENT_3D('',#8309,#6579,#6580);
#5962=AXIS2_PLACEMENT_3D('',#8310,#6581,#6582);
#5963=AXIS2_PLACEMENT_3D('',#8314,#6585,#6586);
#5964=AXIS2_PLACEMENT_3D('',#8317,#6587,#6588);
#5965=AXIS2_PLACEMENT_3D('',#8321,#6590,#6591);
#5966=AXIS2_PLACEMENT_3D('',#8325,#6593,#6594);
#5967=AXIS2_PLACEMENT_3D('',#8329,#6596,#6597);
#5968=AXIS2_PLACEMENT_3D('',#8335,#6600,#6601);
#5969=AXIS2_PLACEMENT_3D('',#8339,#6603,#6604);
#5970=AXIS2_PLACEMENT_3D('',#8343,#6606,#6607);
#5971=AXIS2_PLACEMENT_3D('',#8346,#6609,#6610);
#5972=AXIS2_PLACEMENT_3D('',#8351,#6612,#6613);
#5973=AXIS2_PLACEMENT_3D('',#8355,#6615,#6616);
#5974=AXIS2_PLACEMENT_3D('',#8359,#6618,#6619);
#5975=AXIS2_PLACEMENT_3D('',#8362,#6621,#6622);
#5976=AXIS2_PLACEMENT_3D('',#8367,#6624,#6625);
#5977=AXIS2_PLACEMENT_3D('',#8371,#6627,#6628);
#5978=AXIS2_PLACEMENT_3D('',#8375,#6630,#6631);
#5979=AXIS2_PLACEMENT_3D('',#8378,#6633,#6634);
#5980=AXIS2_PLACEMENT_3D('',#8383,#6636,#6637);
#5981=AXIS2_PLACEMENT_3D('',#8387,#6639,#6640);
#5982=AXIS2_PLACEMENT_3D('',#8391,#6642,#6643);
#5983=AXIS2_PLACEMENT_3D('',#8394,#6645,#6646);
#5984=AXIS2_PLACEMENT_3D('',#8399,#6648,#6649);
#5985=AXIS2_PLACEMENT_3D('',#8403,#6651,#6652);
#5986=AXIS2_PLACEMENT_3D('',#8407,#6654,#6655);
#5987=AXIS2_PLACEMENT_3D('',#8410,#6657,#6658);
#5988=AXIS2_PLACEMENT_3D('',#8415,#6660,#6661);
#5989=AXIS2_PLACEMENT_3D('',#8419,#6663,#6664);
#5990=AXIS2_PLACEMENT_3D('',#8423,#6666,#6667);
#5991=AXIS2_PLACEMENT_3D('',#8426,#6669,#6670);
#5992=AXIS2_PLACEMENT_3D('',#8431,#6672,#6673);
#5993=AXIS2_PLACEMENT_3D('',#8435,#6675,#6676);
#5994=AXIS2_PLACEMENT_3D('',#8439,#6678,#6679);
#5995=AXIS2_PLACEMENT_3D('',#8442,#6681,#6682);
#5996=AXIS2_PLACEMENT_3D('',#8447,#6684,#6685);
#5997=AXIS2_PLACEMENT_3D('',#8451,#6687,#6688);
#5998=AXIS2_PLACEMENT_3D('',#8455,#6690,#6691);
#5999=AXIS2_PLACEMENT_3D('',#8458,#6693,#6694);
#6000=AXIS2_PLACEMENT_3D('',#8463,#6696,#6697);
#6001=AXIS2_PLACEMENT_3D('',#8467,#6699,#6700);
#6002=AXIS2_PLACEMENT_3D('',#8471,#6702,#6703);
#6003=AXIS2_PLACEMENT_3D('',#8474,#6705,#6706);
#6004=AXIS2_PLACEMENT_3D('',#8479,#6708,#6709);
#6005=AXIS2_PLACEMENT_3D('',#8483,#6711,#6712);
#6006=AXIS2_PLACEMENT_3D('',#8487,#6714,#6715);
#6007=AXIS2_PLACEMENT_3D('',#8490,#6717,#6718);
#6008=AXIS2_PLACEMENT_3D('',#8495,#6720,#6721);
#6009=AXIS2_PLACEMENT_3D('',#8499,#6723,#6724);
#6010=AXIS2_PLACEMENT_3D('',#8503,#6726,#6727);
#6011=AXIS2_PLACEMENT_3D('',#8506,#6729,#6730);
#6012=AXIS2_PLACEMENT_3D('',#8511,#6732,#6733);
#6013=AXIS2_PLACEMENT_3D('',#8515,#6735,#6736);
#6014=AXIS2_PLACEMENT_3D('',#8519,#6738,#6739);
#6015=AXIS2_PLACEMENT_3D('',#8522,#6741,#6742);
#6016=AXIS2_PLACEMENT_3D('',#8527,#6744,#6745);
#6017=AXIS2_PLACEMENT_3D('',#8531,#6747,#6748);
#6018=AXIS2_PLACEMENT_3D('',#8535,#6750,#6751);
#6019=AXIS2_PLACEMENT_3D('',#8538,#6753,#6754);
#6020=AXIS2_PLACEMENT_3D('',#8543,#6756,#6757);
#6021=AXIS2_PLACEMENT_3D('',#8547,#6759,#6760);
#6022=AXIS2_PLACEMENT_3D('',#8551,#6762,#6763);
#6023=AXIS2_PLACEMENT_3D('',#8554,#6765,#6766);
#6024=AXIS2_PLACEMENT_3D('',#8559,#6768,#6769);
#6025=AXIS2_PLACEMENT_3D('',#8563,#6771,#6772);
#6026=AXIS2_PLACEMENT_3D('',#8567,#6774,#6775);
#6027=AXIS2_PLACEMENT_3D('',#8570,#6777,#6778);
#6028=AXIS2_PLACEMENT_3D('',#8571,#6779,#6780);
#6029=AXIS2_PLACEMENT_3D('',#8577,#6784,#6785);
#6030=AXIS2_PLACEMENT_3D('',#8579,#6786,#6787);
#6031=AXIS2_PLACEMENT_3D('',#8581,#6789,#6790);
#6032=AXIS2_PLACEMENT_3D('',#8585,#6793,#6794);
#6033=AXIS2_PLACEMENT_3D('',#8587,#6795,#6796);
#6034=AXIS2_PLACEMENT_3D('',#8589,#6798,#6799);
#6035=AXIS2_PLACEMENT_3D('',#8593,#6802,#6803);
#6036=AXIS2_PLACEMENT_3D('',#8595,#6804,#6805);
#6037=AXIS2_PLACEMENT_3D('',#8597,#6807,#6808);
#6038=AXIS2_PLACEMENT_3D('',#8601,#6811,#6812);
#6039=AXIS2_PLACEMENT_3D('',#8602,#6813,#6814);
#6040=AXIS2_PLACEMENT_3D('',#8603,#6815,#6816);
#6041=AXIS2_PLACEMENT_3D('',#8607,#6818,#6819);
#6042=AXIS2_PLACEMENT_3D('',#8609,#6821,#6822);
#6043=AXIS2_PLACEMENT_3D('',#8613,#6825,#6826);
#6044=AXIS2_PLACEMENT_3D('',#8616,#6828,#6829);
#6045=AXIS2_PLACEMENT_3D('',#8617,#6830,#6831);
#6046=AXIS2_PLACEMENT_3D('',#8621,#6834,#6835);
#6047=AXIS2_PLACEMENT_3D('',#8627,#6839,#6840);
#6048=AXIS2_PLACEMENT_3D('',#8629,#6841,#6842);
#6049=AXIS2_PLACEMENT_3D('',#8631,#6844,#6845);
#6050=AXIS2_PLACEMENT_3D('',#8635,#6848,#6849);
#6051=AXIS2_PLACEMENT_3D('',#8637,#6850,#6851);
#6052=AXIS2_PLACEMENT_3D('',#8639,#6853,#6854);
#6053=AXIS2_PLACEMENT_3D('',#8643,#6857,#6858);
#6054=AXIS2_PLACEMENT_3D('',#8645,#6859,#6860);
#6055=AXIS2_PLACEMENT_3D('',#8647,#6862,#6863);
#6056=AXIS2_PLACEMENT_3D('',#8651,#6866,#6867);
#6057=AXIS2_PLACEMENT_3D('',#8652,#6868,#6869);
#6058=AXIS2_PLACEMENT_3D('',#8653,#6870,#6871);
#6059=AXIS2_PLACEMENT_3D('',#8657,#6873,#6874);
#6060=AXIS2_PLACEMENT_3D('',#8659,#6876,#6877);
#6061=AXIS2_PLACEMENT_3D('',#8663,#6880,#6881);
#6062=AXIS2_PLACEMENT_3D('',#8666,#6883,#6884);
#6063=AXIS2_PLACEMENT_3D('',#8667,#6885,#6886);
#6064=AXIS2_PLACEMENT_3D('',#8671,#6889,#6890);
#6065=AXIS2_PLACEMENT_3D('',#8677,#6894,#6895);
#6066=AXIS2_PLACEMENT_3D('',#8679,#6896,#6897);
#6067=AXIS2_PLACEMENT_3D('',#8681,#6899,#6900);
#6068=AXIS2_PLACEMENT_3D('',#8685,#6903,#6904);
#6069=AXIS2_PLACEMENT_3D('',#8687,#6905,#6906);
#6070=AXIS2_PLACEMENT_3D('',#8689,#6908,#6909);
#6071=AXIS2_PLACEMENT_3D('',#8693,#6912,#6913);
#6072=AXIS2_PLACEMENT_3D('',#8695,#6914,#6915);
#6073=AXIS2_PLACEMENT_3D('',#8697,#6917,#6918);
#6074=AXIS2_PLACEMENT_3D('',#8701,#6921,#6922);
#6075=AXIS2_PLACEMENT_3D('',#8702,#6923,#6924);
#6076=AXIS2_PLACEMENT_3D('',#8703,#6925,#6926);
#6077=AXIS2_PLACEMENT_3D('',#8707,#6928,#6929);
#6078=AXIS2_PLACEMENT_3D('',#8709,#6931,#6932);
#6079=AXIS2_PLACEMENT_3D('',#8713,#6935,#6936);
#6080=AXIS2_PLACEMENT_3D('',#8716,#6938,#6939);
#6081=AXIS2_PLACEMENT_3D('',#8717,#6940,#6941);
#6082=AXIS2_PLACEMENT_3D('',#8721,#6944,#6945);
#6083=AXIS2_PLACEMENT_3D('',#8727,#6949,#6950);
#6084=AXIS2_PLACEMENT_3D('',#8729,#6951,#6952);
#6085=AXIS2_PLACEMENT_3D('',#8731,#6954,#6955);
#6086=AXIS2_PLACEMENT_3D('',#8735,#6958,#6959);
#6087=AXIS2_PLACEMENT_3D('',#8737,#6960,#6961);
#6088=AXIS2_PLACEMENT_3D('',#8739,#6963,#6964);
#6089=AXIS2_PLACEMENT_3D('',#8743,#6967,#6968);
#6090=AXIS2_PLACEMENT_3D('',#8745,#6969,#6970);
#6091=AXIS2_PLACEMENT_3D('',#8747,#6972,#6973);
#6092=AXIS2_PLACEMENT_3D('',#8751,#6976,#6977);
#6093=AXIS2_PLACEMENT_3D('',#8752,#6978,#6979);
#6094=AXIS2_PLACEMENT_3D('',#8753,#6980,#6981);
#6095=AXIS2_PLACEMENT_3D('',#8757,#6983,#6984);
#6096=AXIS2_PLACEMENT_3D('',#8759,#6986,#6987);
#6097=AXIS2_PLACEMENT_3D('',#8763,#6990,#6991);
#6098=AXIS2_PLACEMENT_3D('',#8766,#6993,#6994);
#6099=AXIS2_PLACEMENT_3D('',#8767,#6995,#6996);
#6100=AXIS2_PLACEMENT_3D('',#8771,#6999,#7000);
#6101=AXIS2_PLACEMENT_3D('',#8777,#7004,#7005);
#6102=AXIS2_PLACEMENT_3D('',#8779,#7006,#7007);
#6103=AXIS2_PLACEMENT_3D('',#8781,#7009,#7010);
#6104=AXIS2_PLACEMENT_3D('',#8785,#7013,#7014);
#6105=AXIS2_PLACEMENT_3D('',#8787,#7015,#7016);
#6106=AXIS2_PLACEMENT_3D('',#8789,#7018,#7019);
#6107=AXIS2_PLACEMENT_3D('',#8793,#7022,#7023);
#6108=AXIS2_PLACEMENT_3D('',#8795,#7024,#7025);
#6109=AXIS2_PLACEMENT_3D('',#8797,#7027,#7028);
#6110=AXIS2_PLACEMENT_3D('',#8801,#7031,#7032);
#6111=AXIS2_PLACEMENT_3D('',#8802,#7033,#7034);
#6112=AXIS2_PLACEMENT_3D('',#8803,#7035,#7036);
#6113=AXIS2_PLACEMENT_3D('',#8807,#7038,#7039);
#6114=AXIS2_PLACEMENT_3D('',#8809,#7041,#7042);
#6115=AXIS2_PLACEMENT_3D('',#8813,#7045,#7046);
#6116=AXIS2_PLACEMENT_3D('',#8816,#7048,#7049);
#6117=AXIS2_PLACEMENT_3D('',#8817,#7050,#7051);
#6118=AXIS2_PLACEMENT_3D('',#8821,#7054,#7055);
#6119=AXIS2_PLACEMENT_3D('',#8827,#7059,#7060);
#6120=AXIS2_PLACEMENT_3D('',#8829,#7061,#7062);
#6121=AXIS2_PLACEMENT_3D('',#8831,#7064,#7065);
#6122=AXIS2_PLACEMENT_3D('',#8835,#7068,#7069);
#6123=AXIS2_PLACEMENT_3D('',#8837,#7070,#7071);
#6124=AXIS2_PLACEMENT_3D('',#8839,#7073,#7074);
#6125=AXIS2_PLACEMENT_3D('',#8843,#7077,#7078);
#6126=AXIS2_PLACEMENT_3D('',#8845,#7079,#7080);
#6127=AXIS2_PLACEMENT_3D('',#8847,#7082,#7083);
#6128=AXIS2_PLACEMENT_3D('',#8851,#7086,#7087);
#6129=AXIS2_PLACEMENT_3D('',#8852,#7088,#7089);
#6130=AXIS2_PLACEMENT_3D('',#8853,#7090,#7091);
#6131=AXIS2_PLACEMENT_3D('',#8857,#7093,#7094);
#6132=AXIS2_PLACEMENT_3D('',#8859,#7096,#7097);
#6133=AXIS2_PLACEMENT_3D('',#8863,#7100,#7101);
#6134=AXIS2_PLACEMENT_3D('',#8866,#7103,#7104);
#6135=AXIS2_PLACEMENT_3D('',#8867,#7105,#7106);
#6136=AXIS2_PLACEMENT_3D('',#8871,#7109,#7110);
#6137=AXIS2_PLACEMENT_3D('',#8877,#7114,#7115);
#6138=AXIS2_PLACEMENT_3D('',#8879,#7116,#7117);
#6139=AXIS2_PLACEMENT_3D('',#8881,#7119,#7120);
#6140=AXIS2_PLACEMENT_3D('',#8885,#7123,#7124);
#6141=AXIS2_PLACEMENT_3D('',#8887,#7125,#7126);
#6142=AXIS2_PLACEMENT_3D('',#8889,#7128,#7129);
#6143=AXIS2_PLACEMENT_3D('',#8893,#7132,#7133);
#6144=AXIS2_PLACEMENT_3D('',#8895,#7134,#7135);
#6145=AXIS2_PLACEMENT_3D('',#8897,#7137,#7138);
#6146=AXIS2_PLACEMENT_3D('',#8901,#7141,#7142);
#6147=AXIS2_PLACEMENT_3D('',#8902,#7143,#7144);
#6148=AXIS2_PLACEMENT_3D('',#8903,#7145,#7146);
#6149=AXIS2_PLACEMENT_3D('',#8907,#7148,#7149);
#6150=AXIS2_PLACEMENT_3D('',#8909,#7151,#7152);
#6151=AXIS2_PLACEMENT_3D('',#8913,#7155,#7156);
#6152=AXIS2_PLACEMENT_3D('',#8916,#7158,#7159);
#6153=AXIS2_PLACEMENT_3D('',#8917,#7160,#7161);
#6154=AXIS2_PLACEMENT_3D('',#8921,#7164,#7165);
#6155=AXIS2_PLACEMENT_3D('',#8927,#7169,#7170);
#6156=AXIS2_PLACEMENT_3D('',#8929,#7171,#7172);
#6157=AXIS2_PLACEMENT_3D('',#8931,#7174,#7175);
#6158=AXIS2_PLACEMENT_3D('',#8935,#7178,#7179);
#6159=AXIS2_PLACEMENT_3D('',#8937,#7180,#7181);
#6160=AXIS2_PLACEMENT_3D('',#8939,#7183,#7184);
#6161=AXIS2_PLACEMENT_3D('',#8943,#7187,#7188);
#6162=AXIS2_PLACEMENT_3D('',#8945,#7189,#7190);
#6163=AXIS2_PLACEMENT_3D('',#8947,#7192,#7193);
#6164=AXIS2_PLACEMENT_3D('',#8951,#7196,#7197);
#6165=AXIS2_PLACEMENT_3D('',#8952,#7198,#7199);
#6166=AXIS2_PLACEMENT_3D('',#8953,#7200,#7201);
#6167=AXIS2_PLACEMENT_3D('',#8957,#7203,#7204);
#6168=AXIS2_PLACEMENT_3D('',#8959,#7206,#7207);
#6169=AXIS2_PLACEMENT_3D('',#8963,#7210,#7211);
#6170=AXIS2_PLACEMENT_3D('',#8966,#7213,#7214);
#6171=AXIS2_PLACEMENT_3D('',#8967,#7215,#7216);
#6172=AXIS2_PLACEMENT_3D('',#8971,#7219,#7220);
#6173=AXIS2_PLACEMENT_3D('',#8977,#7224,#7225);
#6174=AXIS2_PLACEMENT_3D('',#8979,#7226,#7227);
#6175=AXIS2_PLACEMENT_3D('',#8981,#7229,#7230);
#6176=AXIS2_PLACEMENT_3D('',#8985,#7233,#7234);
#6177=AXIS2_PLACEMENT_3D('',#8987,#7235,#7236);
#6178=AXIS2_PLACEMENT_3D('',#8989,#7238,#7239);
#6179=AXIS2_PLACEMENT_3D('',#8993,#7242,#7243);
#6180=AXIS2_PLACEMENT_3D('',#8995,#7244,#7245);
#6181=AXIS2_PLACEMENT_3D('',#8997,#7247,#7248);
#6182=AXIS2_PLACEMENT_3D('',#9001,#7251,#7252);
#6183=AXIS2_PLACEMENT_3D('',#9002,#7253,#7254);
#6184=AXIS2_PLACEMENT_3D('',#9003,#7255,#7256);
#6185=AXIS2_PLACEMENT_3D('',#9007,#7258,#7259);
#6186=AXIS2_PLACEMENT_3D('',#9009,#7261,#7262);
#6187=AXIS2_PLACEMENT_3D('',#9013,#7265,#7266);
#6188=AXIS2_PLACEMENT_3D('',#9016,#7268,#7269);
#6189=AXIS2_PLACEMENT_3D('',#9017,#7270,#7271);
#6190=AXIS2_PLACEMENT_3D('',#9021,#7274,#7275);
#6191=AXIS2_PLACEMENT_3D('',#9027,#7279,#7280);
#6192=AXIS2_PLACEMENT_3D('',#9029,#7281,#7282);
#6193=AXIS2_PLACEMENT_3D('',#9031,#7284,#7285);
#6194=AXIS2_PLACEMENT_3D('',#9035,#7288,#7289);
#6195=AXIS2_PLACEMENT_3D('',#9037,#7290,#7291);
#6196=AXIS2_PLACEMENT_3D('',#9039,#7293,#7294);
#6197=AXIS2_PLACEMENT_3D('',#9043,#7297,#7298);
#6198=AXIS2_PLACEMENT_3D('',#9045,#7299,#7300);
#6199=AXIS2_PLACEMENT_3D('',#9047,#7302,#7303);
#6200=AXIS2_PLACEMENT_3D('',#9051,#7306,#7307);
#6201=AXIS2_PLACEMENT_3D('',#9052,#7308,#7309);
#6202=AXIS2_PLACEMENT_3D('',#9053,#7310,#7311);
#6203=AXIS2_PLACEMENT_3D('',#9057,#7313,#7314);
#6204=AXIS2_PLACEMENT_3D('',#9059,#7316,#7317);
#6205=AXIS2_PLACEMENT_3D('',#9063,#7320,#7321);
#6206=AXIS2_PLACEMENT_3D('',#9066,#7323,#7324);
#6207=AXIS2_PLACEMENT_3D('',#9067,#7325,#7326);
#6208=AXIS2_PLACEMENT_3D('',#9071,#7329,#7330);
#6209=AXIS2_PLACEMENT_3D('',#9077,#7334,#7335);
#6210=AXIS2_PLACEMENT_3D('',#9079,#7336,#7337);
#6211=AXIS2_PLACEMENT_3D('',#9081,#7339,#7340);
#6212=AXIS2_PLACEMENT_3D('',#9085,#7343,#7344);
#6213=AXIS2_PLACEMENT_3D('',#9087,#7345,#7346);
#6214=AXIS2_PLACEMENT_3D('',#9089,#7348,#7349);
#6215=AXIS2_PLACEMENT_3D('',#9093,#7352,#7353);
#6216=AXIS2_PLACEMENT_3D('',#9095,#7354,#7355);
#6217=AXIS2_PLACEMENT_3D('',#9097,#7357,#7358);
#6218=AXIS2_PLACEMENT_3D('',#9101,#7361,#7362);
#6219=AXIS2_PLACEMENT_3D('',#9102,#7363,#7364);
#6220=AXIS2_PLACEMENT_3D('',#9103,#7365,#7366);
#6221=AXIS2_PLACEMENT_3D('',#9107,#7368,#7369);
#6222=AXIS2_PLACEMENT_3D('',#9109,#7371,#7372);
#6223=AXIS2_PLACEMENT_3D('',#9117,#7377,#7378);
#6224=AXIS2_PLACEMENT_3D('',#9120,#7380,#7381);
#6225=AXIS2_PLACEMENT_3D('',#9121,#7382,#7383);
#6226=AXIS2_PLACEMENT_3D('',#9125,#7386,#7387);
#6227=AXIS2_PLACEMENT_3D('',#9131,#7391,#7392);
#6228=AXIS2_PLACEMENT_3D('',#9133,#7393,#7394);
#6229=AXIS2_PLACEMENT_3D('',#9135,#7396,#7397);
#6230=AXIS2_PLACEMENT_3D('',#9139,#7400,#7401);
#6231=AXIS2_PLACEMENT_3D('',#9141,#7402,#7403);
#6232=AXIS2_PLACEMENT_3D('',#9143,#7405,#7406);
#6233=AXIS2_PLACEMENT_3D('',#9147,#7409,#7410);
#6234=AXIS2_PLACEMENT_3D('',#9149,#7411,#7412);
#6235=AXIS2_PLACEMENT_3D('',#9151,#7414,#7415);
#6236=AXIS2_PLACEMENT_3D('',#9155,#7418,#7419);
#6237=AXIS2_PLACEMENT_3D('',#9156,#7420,#7421);
#6238=AXIS2_PLACEMENT_3D('',#9157,#7422,#7423);
#6239=AXIS2_PLACEMENT_3D('',#9161,#7425,#7426);
#6240=AXIS2_PLACEMENT_3D('',#9163,#7428,#7429);
#6241=AXIS2_PLACEMENT_3D('',#9167,#7432,#7433);
#6242=AXIS2_PLACEMENT_3D('',#9170,#7435,#7436);
#6243=AXIS2_PLACEMENT_3D('',#9171,#7437,#7438);
#6244=AXIS2_PLACEMENT_3D('',#9175,#7441,#7442);
#6245=AXIS2_PLACEMENT_3D('',#9181,#7446,#7447);
#6246=AXIS2_PLACEMENT_3D('',#9183,#7448,#7449);
#6247=AXIS2_PLACEMENT_3D('',#9185,#7451,#7452);
#6248=AXIS2_PLACEMENT_3D('',#9189,#7455,#7456);
#6249=AXIS2_PLACEMENT_3D('',#9191,#7457,#7458);
#6250=AXIS2_PLACEMENT_3D('',#9193,#7460,#7461);
#6251=AXIS2_PLACEMENT_3D('',#9197,#7464,#7465);
#6252=AXIS2_PLACEMENT_3D('',#9199,#7466,#7467);
#6253=AXIS2_PLACEMENT_3D('',#9201,#7469,#7470);
#6254=AXIS2_PLACEMENT_3D('',#9205,#7473,#7474);
#6255=AXIS2_PLACEMENT_3D('',#9206,#7475,#7476);
#6256=AXIS2_PLACEMENT_3D('',#9207,#7477,#7478);
#6257=AXIS2_PLACEMENT_3D('',#9211,#7480,#7481);
#6258=AXIS2_PLACEMENT_3D('',#9213,#7483,#7484);
#6259=AXIS2_PLACEMENT_3D('',#9217,#7487,#7488);
#6260=AXIS2_PLACEMENT_3D('',#9220,#7490,#7491);
#6261=AXIS2_PLACEMENT_3D('',#9221,#7492,#7493);
#6262=AXIS2_PLACEMENT_3D('',#9225,#7496,#7497);
#6263=AXIS2_PLACEMENT_3D('',#9231,#7501,#7502);
#6264=AXIS2_PLACEMENT_3D('',#9233,#7503,#7504);
#6265=AXIS2_PLACEMENT_3D('',#9235,#7506,#7507);
#6266=AXIS2_PLACEMENT_3D('',#9239,#7510,#7511);
#6267=AXIS2_PLACEMENT_3D('',#9241,#7512,#7513);
#6268=AXIS2_PLACEMENT_3D('',#9243,#7515,#7516);
#6269=AXIS2_PLACEMENT_3D('',#9247,#7519,#7520);
#6270=AXIS2_PLACEMENT_3D('',#9249,#7521,#7522);
#6271=AXIS2_PLACEMENT_3D('',#9251,#7524,#7525);
#6272=AXIS2_PLACEMENT_3D('',#9255,#7528,#7529);
#6273=AXIS2_PLACEMENT_3D('',#9256,#7530,#7531);
#6274=AXIS2_PLACEMENT_3D('',#9257,#7532,#7533);
#6275=AXIS2_PLACEMENT_3D('',#9261,#7535,#7536);
#6276=AXIS2_PLACEMENT_3D('',#9263,#7538,#7539);
#6277=AXIS2_PLACEMENT_3D('',#9267,#7542,#7543);
#6278=AXIS2_PLACEMENT_3D('',#9270,#7545,#7546);
#6279=AXIS2_PLACEMENT_3D('',#9271,#7547,#7548);
#6280=AXIS2_PLACEMENT_3D('',#9275,#7551,#7552);
#6281=AXIS2_PLACEMENT_3D('',#9281,#7556,#7557);
#6282=AXIS2_PLACEMENT_3D('',#9283,#7558,#7559);
#6283=AXIS2_PLACEMENT_3D('',#9285,#7561,#7562);
#6284=AXIS2_PLACEMENT_3D('',#9289,#7565,#7566);
#6285=AXIS2_PLACEMENT_3D('',#9291,#7567,#7568);
#6286=AXIS2_PLACEMENT_3D('',#9293,#7570,#7571);
#6287=AXIS2_PLACEMENT_3D('',#9297,#7574,#7575);
#6288=AXIS2_PLACEMENT_3D('',#9299,#7576,#7577);
#6289=AXIS2_PLACEMENT_3D('',#9301,#7579,#7580);
#6290=AXIS2_PLACEMENT_3D('',#9305,#7583,#7584);
#6291=AXIS2_PLACEMENT_3D('',#9306,#7585,#7586);
#6292=AXIS2_PLACEMENT_3D('',#9307,#7587,#7588);
#6293=AXIS2_PLACEMENT_3D('',#9311,#7590,#7591);
#6294=AXIS2_PLACEMENT_3D('',#9313,#7593,#7594);
#6295=AXIS2_PLACEMENT_3D('',#9317,#7597,#7598);
#6296=AXIS2_PLACEMENT_3D('',#9320,#7600,#7601);
#6297=AXIS2_PLACEMENT_3D('',#9321,#7602,#7603);
#6298=AXIS2_PLACEMENT_3D('',#9325,#7606,#7607);
#6299=AXIS2_PLACEMENT_3D('',#9334,#7612,#7613);
#6300=AXIS2_PLACEMENT_3D('',#9343,#7618,#7619);
#6301=AXIS2_PLACEMENT_3D('',#9345,#7620,#7621);
#6302=AXIS2_PLACEMENT_3D('',#9347,#7622,#7623);
#6303=AXIS2_PLACEMENT_3D('',#9349,#7625,#7626);
#6304=AXIS2_PLACEMENT_3D('',#9355,#7630,#7631);
#6305=AXIS2_PLACEMENT_3D('',#9356,#7632,#7633);
#6306=AXIS2_PLACEMENT_3D('',#9357,#7634,#7635);
#6307=AXIS2_PLACEMENT_3D('',#9358,#7636,#7637);
#6308=AXIS2_PLACEMENT_3D('',#9367,#7642,#7643);
#6309=AXIS2_PLACEMENT_3D('',#9373,#7647,#7648);
#6310=AXIS2_PLACEMENT_3D('',#9379,#7652,#7653);
#6311=AXIS2_PLACEMENT_3D('',#9388,#7658,#7659);
#6312=AXIS2_PLACEMENT_3D('',#9394,#7663,#7664);
#6313=AXIS2_PLACEMENT_3D('',#9400,#7668,#7669);
#6314=AXIS2_PLACEMENT_3D('',#9403,#7672,#7673);
#6315=AXIS2_PLACEMENT_3D('',#9407,#7675,#7676);
#6316=AXIS2_PLACEMENT_3D('',#9411,#7678,#7679);
#6317=AXIS2_PLACEMENT_3D('',#9415,#7681,#7682);
#6318=AXIS2_PLACEMENT_3D('',#9419,#7684,#7685);
#6319=AXIS2_PLACEMENT_3D('',#9423,#7687,#7688);
#6320=AXIS2_PLACEMENT_3D('',#9427,#7690,#7691);
#6321=AXIS2_PLACEMENT_3D('',#9431,#7693,#7694);
#6322=AXIS2_PLACEMENT_3D('',#9435,#7696,#7697);
#6323=AXIS2_PLACEMENT_3D('',#9439,#7699,#7700);
#6324=AXIS2_PLACEMENT_3D('',#9443,#7702,#7703);
#6325=AXIS2_PLACEMENT_3D('',#9447,#7705,#7706);
#6326=AXIS2_PLACEMENT_3D('',#9451,#7708,#7709);
#6327=AXIS2_PLACEMENT_3D('',#9455,#7711,#7712);
#6328=AXIS2_PLACEMENT_3D('',#9459,#7714,#7715);
#6329=AXIS2_PLACEMENT_3D('',#9463,#7717,#7718);
#6330=AXIS2_PLACEMENT_3D('',#9467,#7720,#7721);
#6331=AXIS2_PLACEMENT_3D('',#9472,#7724,#7725);
#6332=AXIS2_PLACEMENT_3D('',#9476,#7727,#7728);
#6333=AXIS2_PLACEMENT_3D('',#9480,#7730,#7731);
#6334=AXIS2_PLACEMENT_3D('',#9484,#7733,#7734);
#6335=AXIS2_PLACEMENT_3D('',#9487,#7736,#7737);
#6336=AXIS2_PLACEMENT_3D('',#9489,#7738,#7739);
#6337=AXIS2_PLACEMENT_3D('',#9491,#7740,#7741);
#6338=AXIS2_PLACEMENT_3D('',#9493,#7742,#7743);
#6339=AXIS2_PLACEMENT_3D('',#9494,#7744,#7745);
#6340=AXIS2_PLACEMENT_3D('',#9497,#7748,#7749);
#6341=AXIS2_PLACEMENT_3D('',#9500,#7752,#7753);
#6342=AXIS2_PLACEMENT_3D('',#9502,#7754,#7755);
#6343=AXIS2_PLACEMENT_3D('',#9505,#7757,#7758);
#6344=AXIS2_PLACEMENT_3D('',#9507,#7759,#7760);
#6345=AXIS2_PLACEMENT_3D('',#9509,#7762,#7763);
#6346=AXIS2_PLACEMENT_3D('',#9511,#7764,#7765);
#6347=AXIS2_PLACEMENT_3D('',#9514,#7767,#7768);
#6348=AXIS2_PLACEMENT_3D('',#9515,#7769,#7770);
#6349=AXIS2_PLACEMENT_3D('',#9516,#7771,#7772);
#6350=AXIS2_PLACEMENT_3D('',#9517,#7773,#7774);
#6351=AXIS2_PLACEMENT_3D('',#9518,#7775,#7776);
#6352=AXIS2_PLACEMENT_3D('',#9519,#7777,#7778);
#6353=AXIS2_PLACEMENT_3D('',#9521,#7779,#7780);
#6354=AXIS2_PLACEMENT_3D('',#9524,#7782,#7783);
#6355=AXIS2_PLACEMENT_3D('',#9526,#7785,#7786);
#6356=AXIS2_PLACEMENT_3D('',#9528,#7787,#7788);
#6357=AXIS2_PLACEMENT_3D('',#9531,#7790,#7791);
#6358=AXIS2_PLACEMENT_3D('',#9533,#7793,#7794);
#6359=AXIS2_PLACEMENT_3D('',#9535,#7795,#7796);
#6360=AXIS2_PLACEMENT_3D('',#9538,#7798,#7799);
#6361=AXIS2_PLACEMENT_3D('',#9540,#7801,#7802);
#6362=AXIS2_PLACEMENT_3D('',#9542,#7803,#7804);
#6363=AXIS2_PLACEMENT_3D('',#9545,#7806,#7807);
#6364=AXIS2_PLACEMENT_3D('',#9547,#7809,#7810);
#6365=AXIS2_PLACEMENT_3D('',#9553,#7814,#7815);
#6366=AXIS2_PLACEMENT_3D('',#9555,#7816,#7817);
#6367=AXIS2_PLACEMENT_3D('',#9557,#7819,#7820);
#6368=AXIS2_PLACEMENT_3D('',#9561,#7823,#7824);
#6369=AXIS2_PLACEMENT_3D('',#9563,#7825,#7826);
#6370=AXIS2_PLACEMENT_3D('',#9565,#7828,#7829);
#6371=AXIS2_PLACEMENT_3D('',#9569,#7832,#7833);
#6372=AXIS2_PLACEMENT_3D('',#9571,#7834,#7835);
#6373=AXIS2_PLACEMENT_3D('',#9573,#7837,#7838);
#6374=AXIS2_PLACEMENT_3D('',#9577,#7841,#7842);
#6375=AXIS2_PLACEMENT_3D('',#9579,#7843,#7844);
#6376=AXIS2_PLACEMENT_3D('',#9581,#7846,#7847);
#6377=AXIS2_PLACEMENT_3D('',#9585,#7850,#7851);
#6378=AXIS2_PLACEMENT_3D('',#9587,#7852,#7853);
#6379=AXIS2_PLACEMENT_3D('',#9589,#7855,#7856);
#6380=AXIS2_PLACEMENT_3D('',#9593,#7859,#7860);
#6381=AXIS2_PLACEMENT_3D('',#9595,#7861,#7862);
#6382=AXIS2_PLACEMENT_3D('',#9597,#7864,#7865);
#6383=AXIS2_PLACEMENT_3D('',#9601,#7868,#7869);
#6384=AXIS2_PLACEMENT_3D('',#9603,#7870,#7871);
#6385=AXIS2_PLACEMENT_3D('',#9605,#7873,#7874);
#6386=AXIS2_PLACEMENT_3D('',#9609,#7877,#7878);
#6387=AXIS2_PLACEMENT_3D('',#9611,#7879,#7880);
#6388=AXIS2_PLACEMENT_3D('',#9613,#7882,#7883);
#6389=AXIS2_PLACEMENT_3D('',#9617,#7886,#7887);
#6390=AXIS2_PLACEMENT_3D('',#9619,#7888,#7889);
#6391=AXIS2_PLACEMENT_3D('',#9621,#7891,#7892);
#6392=AXIS2_PLACEMENT_3D('',#9625,#7895,#7896);
#6393=AXIS2_PLACEMENT_3D('',#9627,#7897,#7898);
#6394=AXIS2_PLACEMENT_3D('',#9629,#7900,#7901);
#6395=AXIS2_PLACEMENT_3D('',#9633,#7904,#7905);
#6396=AXIS2_PLACEMENT_3D('',#9635,#7906,#7907);
#6397=AXIS2_PLACEMENT_3D('',#9637,#7909,#7910);
#6398=AXIS2_PLACEMENT_3D('',#9641,#7913,#7914);
#6399=AXIS2_PLACEMENT_3D('',#9643,#7915,#7916);
#6400=AXIS2_PLACEMENT_3D('',#9645,#7918,#7919);
#6401=AXIS2_PLACEMENT_3D('',#9649,#7922,#7923);
#6402=AXIS2_PLACEMENT_3D('',#9651,#7924,#7925);
#6403=AXIS2_PLACEMENT_3D('',#9653,#7927,#7928);
#6404=AXIS2_PLACEMENT_3D('',#9657,#7931,#7932);
#6405=AXIS2_PLACEMENT_3D('',#9659,#7933,#7934);
#6406=AXIS2_PLACEMENT_3D('',#9661,#7936,#7937);
#6407=AXIS2_PLACEMENT_3D('',#9665,#7940,#7941);
#6408=AXIS2_PLACEMENT_3D('',#9667,#7942,#7943);
#6409=AXIS2_PLACEMENT_3D('',#9669,#7945,#7946);
#6410=AXIS2_PLACEMENT_3D('',#9673,#7949,#7950);
#6411=AXIS2_PLACEMENT_3D('',#9674,#7951,#7952);
#6412=AXIS2_PLACEMENT_3D('',#9675,#7953,#7954);
#6413=AXIS2_PLACEMENT_3D('',#9679,#7956,#7957);
#6414=AXIS2_PLACEMENT_3D('',#9681,#7959,#7960);
#6415=AXIS2_PLACEMENT_3D('',#9683,#7962,#7963);
#6416=AXIS2_PLACEMENT_3D('',#9687,#7965,#7966);
#6417=AXIS2_PLACEMENT_3D('',#9689,#7968,#7969);
#6418=AXIS2_PLACEMENT_3D('',#9691,#7971,#7972);
#6419=AXIS2_PLACEMENT_3D('',#9695,#7974,#7975);
#6420=AXIS2_PLACEMENT_3D('',#9697,#7977,#7978);
#6421=AXIS2_PLACEMENT_3D('',#9699,#7980,#7981);
#6422=AXIS2_PLACEMENT_3D('',#9703,#7983,#7984);
#6423=AXIS2_PLACEMENT_3D('',#9705,#7986,#7987);
#6424=AXIS2_PLACEMENT_3D('',#9707,#7989,#7990);
#6425=AXIS2_PLACEMENT_3D('',#9711,#7992,#7993);
#6426=AXIS2_PLACEMENT_3D('',#9713,#7995,#7996);
#6427=AXIS2_PLACEMENT_3D('',#9715,#7998,#7999);
#6428=AXIS2_PLACEMENT_3D('',#9719,#8001,#8002);
#6429=AXIS2_PLACEMENT_3D('',#9721,#8004,#8005);
#6430=AXIS2_PLACEMENT_3D('',#9723,#8007,#8008);
#6431=AXIS2_PLACEMENT_3D('',#9727,#8010,#8011);
#6432=AXIS2_PLACEMENT_3D('',#9729,#8013,#8014);
#6433=AXIS2_PLACEMENT_3D('',#9731,#8016,#8017);
#6434=AXIS2_PLACEMENT_3D('',#9735,#8019,#8020);
#6435=AXIS2_PLACEMENT_3D('',#9737,#8022,#8023);
#6436=AXIS2_PLACEMENT_3D('',#9739,#8025,#8026);
#6437=AXIS2_PLACEMENT_3D('',#9743,#8028,#8029);
#6438=AXIS2_PLACEMENT_3D('',#9745,#8031,#8032);
#6439=AXIS2_PLACEMENT_3D('',#9747,#8034,#8035);
#6440=AXIS2_PLACEMENT_3D('',#9751,#8037,#8038);
#6441=AXIS2_PLACEMENT_3D('',#9753,#8040,#8041);
#6442=AXIS2_PLACEMENT_3D('',#9755,#8043,#8044);
#6443=AXIS2_PLACEMENT_3D('',#9759,#8046,#8047);
#6444=AXIS2_PLACEMENT_3D('',#9761,#8049,#8050);
#6445=AXIS2_PLACEMENT_3D('',#9763,#8052,#8053);
#6446=AXIS2_PLACEMENT_3D('',#9767,#8055,#8056);
#6447=AXIS2_PLACEMENT_3D('',#9769,#8058,#8059);
#6448=AXIS2_PLACEMENT_3D('',#9771,#8061,#8062);
#6449=AXIS2_PLACEMENT_3D('',#9775,#8064,#8065);
#6450=AXIS2_PLACEMENT_3D('',#9777,#8067,#8068);
#6451=AXIS2_PLACEMENT_3D('',#9779,#8070,#8071);
#6452=AXIS2_PLACEMENT_3D('',#9783,#8073,#8074);
#6453=AXIS2_PLACEMENT_3D('',#9785,#8076,#8077);
#6454=AXIS2_PLACEMENT_3D('',#9787,#8079,#8080);
#6455=AXIS2_PLACEMENT_3D('',#9791,#8082,#8083);
#6456=AXIS2_PLACEMENT_3D('',#9793,#8085,#8086);
#6457=AXIS2_PLACEMENT_3D('',#9795,#8088,#8089);
#6458=AXIS2_PLACEMENT_3D('',#9799,#8091,#8092);
#6459=AXIS2_PLACEMENT_3D('',#9801,#8094,#8095);
#6460=AXIS2_PLACEMENT_3D('',#9803,#8097,#8098);
#6461=AXIS2_PLACEMENT_3D('',#9806,#8100,#8101);
#6462=AXIS2_PLACEMENT_3D('',#9807,#8102,#8103);
#6463=AXIS2_PLACEMENT_3D('',#9809,#8105,#8106);
#6464=AXIS2_PLACEMENT_3D('',#9812,#8108,#8109);
#6465=AXIS2_PLACEMENT_3D('',#9813,#8110,#8111);
#6466=AXIS2_PLACEMENT_3D('',#9815,#8113,#8114);
#6467=AXIS2_PLACEMENT_3D('',#9818,#8116,#8117);
#6468=AXIS2_PLACEMENT_3D('',#9819,#8118,#8119);
#6469=AXIS2_PLACEMENT_3D('',#9821,#8121,#8122);
#6470=AXIS2_PLACEMENT_3D('',#9824,#8124,#8125);
#6471=AXIS2_PLACEMENT_3D('',#9825,#8126,#8127);
#6472=AXIS2_PLACEMENT_3D('',#9827,#8129,#8130);
#6473=AXIS2_PLACEMENT_3D('',#9830,#8132,#8133);
#6474=AXIS2_PLACEMENT_3D('',#9831,#8134,#8135);
#6475=AXIS2_PLACEMENT_3D('',#9833,#8137,#8138);
#6476=AXIS2_PLACEMENT_3D('',#9836,#8140,#8141);
#6477=AXIS2_PLACEMENT_3D('',#9837,#8142,#8143);
#6478=AXIS2_PLACEMENT_3D('',#9839,#8145,#8146);
#6479=AXIS2_PLACEMENT_3D('',#9842,#8148,#8149);
#6480=AXIS2_PLACEMENT_3D('',#9843,#8150,#8151);
#6481=AXIS2_PLACEMENT_3D('',#9845,#8153,#8154);
#6482=AXIS2_PLACEMENT_3D('',#9848,#8156,#8157);
#6483=AXIS2_PLACEMENT_3D('',#9849,#8158,#8159);
#6484=AXIS2_PLACEMENT_3D('',#9851,#8161,#8162);
#6485=AXIS2_PLACEMENT_3D('',#9854,#8164,#8165);
#6486=AXIS2_PLACEMENT_3D('',#9855,#8166,#8167);
#6487=AXIS2_PLACEMENT_3D('',#9857,#8169,#8170);
#6488=AXIS2_PLACEMENT_3D('',#9860,#8172,#8173);
#6489=AXIS2_PLACEMENT_3D('',#9861,#8174,#8175);
#6490=AXIS2_PLACEMENT_3D('',#9863,#8177,#8178);
#6491=AXIS2_PLACEMENT_3D('',#9866,#8180,#8181);
#6492=AXIS2_PLACEMENT_3D('',#9867,#8182,#8183);
#6493=AXIS2_PLACEMENT_3D('',#9869,#8185,#8186);
#6494=AXIS2_PLACEMENT_3D('',#9872,#8188,#8189);
#6495=AXIS2_PLACEMENT_3D('',#9873,#8190,#8191);
#6496=AXIS2_PLACEMENT_3D('',#9875,#8193,#8194);
#6497=AXIS2_PLACEMENT_3D('',#9878,#8196,#8197);
#6498=AXIS2_PLACEMENT_3D('',#9879,#8198,#8199);
#6499=AXIS2_PLACEMENT_3D('',#9881,#8201,#8202);
#6500=AXIS2_PLACEMENT_3D('',#9884,#8204,#8205);
#6501=AXIS2_PLACEMENT_3D('',#9885,#8206,#8207);
#6502=AXIS2_PLACEMENT_3D('',#9887,#8209,#8210);
#6503=AXIS2_PLACEMENT_3D('',#9890,#8212,#8213);
#6504=AXIS2_PLACEMENT_3D('',#9891,#8214,#8215);
#6505=AXIS2_PLACEMENT_3D('',#9893,#8217,#8218);
#6506=AXIS2_PLACEMENT_3D('',#9896,#8220,#8221);
#6507=AXIS2_PLACEMENT_3D('',#9897,#8222,#8223);
#6508=AXIS2_PLACEMENT_3D('',#9899,#8225,#8226);
#6509=AXIS2_PLACEMENT_3D('',#9902,#8229,#8230);
#6510=AXIS2_PLACEMENT_3D('',#9904,#8232,#8233);
#6511=AXIS2_PLACEMENT_3D('',#9906,#8235,#8236);
#6512=AXIS2_PLACEMENT_3D('',#9908,#8238,#8239);
#6513=AXIS2_PLACEMENT_3D('',#9910,#8241,#8242);
#6514=AXIS2_PLACEMENT_3D('',#9911,#8243,#8244);
#6515=AXIS2_PLACEMENT_3D('',#9912,#8245,#8246);
#6516=DIRECTION('axis',(0.,0.,1.));
#6517=DIRECTION('refdir',(1.,0.,0.));
#6518=DIRECTION('center_axis',(-8.97195690676436E-16,-0.707106781186543,
0.707106781186552));
#6519=DIRECTION('ref_axis',(1.,0.,1.2688263138573E-15));
#6520=DIRECTION('',(0.,0.707106781186552,0.707106781186543));
#6521=DIRECTION('',(-1.,1.26882631385732E-15,0.));
#6522=DIRECTION('',(0.,-0.707106781186552,-0.707106781186543));
#6523=DIRECTION('',(1.,-1.26882631385732E-15,0.));
#6524=DIRECTION('center_axis',(0.,0.,1.));
#6525=DIRECTION('ref_axis',(0.707106781186547,0.707106781186547,0.));
#6526=DIRECTION('center_axis',(0.,0.,-1.));
#6527=DIRECTION('ref_axis',(0.707106781186548,0.707106781186548,0.));
#6528=DIRECTION('',(0.707106781186527,0.,0.707106781186568));
#6529=DIRECTION('center_axis',(0.,0.,1.));
#6530=DIRECTION('ref_axis',(0.707106781186547,0.707106781186547,0.));
#6531=DIRECTION('center_axis',(-0.707106781186543,-8.97195690676436E-16,
0.707106781186552));
#6532=DIRECTION('ref_axis',(0.707106781186552,0.,0.707106781186543));
#6533=DIRECTION('',(0.707106781186552,0.,0.707106781186543));
#6534=DIRECTION('',(-1.26882631385732E-15,1.,0.));
#6535=DIRECTION('',(1.26882631385732E-15,-1.,0.));
#6536=DIRECTION('center_axis',(0.,0.,1.));
#6537=DIRECTION('ref_axis',(0.707106781186547,-0.707106781186547,0.));
#6538=DIRECTION('center_axis',(0.,0.,-1.));
#6539=DIRECTION('ref_axis',(0.707106781186548,-0.707106781186548,0.));
#6540=DIRECTION('',(0.,-0.707106781186552,0.707106781186543));
#6541=DIRECTION('center_axis',(0.,0.,1.));
#6542=DIRECTION('ref_axis',(0.707106781186547,-0.707106781186547,0.));
#6543=DIRECTION('center_axis',(1.79439138135283E-15,0.70710678118653,0.707106781186565));
#6544=DIRECTION('ref_axis',(1.,0.,-2.53765262771451E-15));
#6545=DIRECTION('',(0.,-0.707106781186565,0.70710678118653));
#6546=DIRECTION('',(1.,-2.53765262771463E-15,0.));
#6547=DIRECTION('',(-1.,2.53765262771463E-15,0.));
#6548=DIRECTION('center_axis',(0.,0.,1.));
#6549=DIRECTION('ref_axis',(-0.707106781186548,-0.707106781186548,0.));
#6550=DIRECTION('center_axis',(0.,0.,-1.));
#6551=DIRECTION('ref_axis',(-0.707106781186548,-0.707106781186548,0.));
#6552=DIRECTION('',(-0.707106781186552,0.,0.707106781186543));
#6553=DIRECTION('center_axis',(0.,0.,1.));
#6554=DIRECTION('ref_axis',(-0.707106781186548,-0.707106781186548,0.));
#6555=DIRECTION('center_axis',(0.70710678118653,-8.97195690676421E-16,0.707106781186565));
#6556=DIRECTION('ref_axis',(0.707106781186565,0.,-0.70710678118653));
#6557=DIRECTION('',(-0.707106781186565,0.,0.70710678118653));
#6558=DIRECTION('',(-1.26882631385732E-15,-1.,0.));
#6559=DIRECTION('',(1.26882631385732E-15,1.,0.));
#6560=DIRECTION('center_axis',(0.,0.,1.));
#6561=DIRECTION('ref_axis',(-0.707106781186548,0.707106781186548,0.));
#6562=DIRECTION('center_axis',(0.,0.,-1.));
#6563=DIRECTION('ref_axis',(-0.707106781186548,0.707106781186548,0.));
#6564=DIRECTION('center_axis',(0.,0.,1.));
#6565=DIRECTION('ref_axis',(-0.707106781186548,0.707106781186548,0.));
#6566=DIRECTION('center_axis',(0.,0.,-1.));
#6567=DIRECTION('ref_axis',(0.707106781186548,-0.707106781186548,0.));
#6568=DIRECTION('',(0.,0.,-1.));
#6569=DIRECTION('center_axis',(0.,0.,-1.));
#6570=DIRECTION('ref_axis',(0.707106781186548,-0.707106781186548,0.));
#6571=DIRECTION('',(0.,0.,1.));
#6572=DIRECTION('center_axis',(1.,1.26882631385732E-15,0.));
#6573=DIRECTION('ref_axis',(1.26882631385732E-15,-1.,0.));
#6574=DIRECTION('',(0.,0.,1.));
#6575=DIRECTION('',(-1.26882631385732E-15,1.,0.));
#6576=DIRECTION('center_axis',(0.,0.,-1.));
#6577=DIRECTION('ref_axis',(0.707106781186548,0.707106781186548,0.));
#6578=DIRECTION('',(0.,0.,-1.));
#6579=DIRECTION('center_axis',(0.,0.,-1.));
#6580=DIRECTION('ref_axis',(0.707106781186548,0.707106781186548,0.));
#6581=DIRECTION('center_axis',(1.26882631385732E-15,1.,0.));
#6582=DIRECTION('ref_axis',(1.,-1.26882631385732E-15,0.));
#6583=DIRECTION('',(0.,0.,1.));
#6584=DIRECTION('',(-1.,1.26882631385732E-15,0.));
#6585=DIRECTION('center_axis',(0.,0.,1.));
#6586=DIRECTION('ref_axis',(1.,0.,0.));
#6587=DIRECTION('center_axis',(0.,0.,1.));
#6588=DIRECTION('ref_axis',(1.,2.05963378428265E-15,0.));
#6589=DIRECTION('',(-1.,0.,0.));
#6590=DIRECTION('center_axis',(0.,0.,1.));
#6591=DIRECTION('ref_axis',(-3.19189119579733E-15,1.,0.));
#6592=DIRECTION('',(1.33889836430675E-16,-1.,0.));
#6593=DIRECTION('center_axis',(0.,0.,1.));
#6594=DIRECTION('ref_axis',(-1.,0.,0.));
#6595=DIRECTION('',(1.,0.,0.));
#6596=DIRECTION('center_axis',(0.,0.,1.));
#6597=DIRECTION('ref_axis',(0.,-1.,0.));
#6598=DIRECTION('',(0.,1.,0.));
#6599=DIRECTION('',(-1.,0.,0.));
#6600=DIRECTION('center_axis',(0.,0.,1.));
#6601=DIRECTION('ref_axis',(0.707106781186557,0.707106781186539,0.));
#6602=DIRECTION('',(1.90323947078598E-15,1.,0.));
#6603=DIRECTION('center_axis',(0.,0.,1.));
#6604=DIRECTION('ref_axis',(0.707106781186548,-0.707106781186548,0.));
#6605=DIRECTION('',(1.,0.,0.));
#6606=DIRECTION('center_axis',(0.,0.,1.));
#6607=DIRECTION('ref_axis',(-0.707106781186548,-0.707106781186548,0.));
#6608=DIRECTION('',(-1.26882631385732E-15,-1.,0.));
#6609=DIRECTION('center_axis',(0.,0.,1.));
#6610=DIRECTION('ref_axis',(-0.707106781186548,0.707106781186548,0.));
#6611=DIRECTION('',(-1.,6.34413156928661E-16,0.));
#6612=DIRECTION('center_axis',(0.,0.,1.));
#6613=DIRECTION('ref_axis',(0.707106781186548,0.707106781186548,0.));
#6614=DIRECTION('',(-1.26882631385732E-15,1.,0.));
#6615=DIRECTION('center_axis',(0.,0.,1.));
#6616=DIRECTION('ref_axis',(0.707106781186548,-0.707106781186548,0.));
#6617=DIRECTION('',(1.,6.3441315692866E-16,0.));
#6618=DIRECTION('center_axis',(0.,0.,1.));
#6619=DIRECTION('ref_axis',(-0.707106781186548,-0.707106781186548,0.));
#6620=DIRECTION('',(-3.1720657846433E-16,-1.,0.));
#6621=DIRECTION('center_axis',(0.,0.,1.));
#6622=DIRECTION('ref_axis',(-0.707106781186543,0.707106781186552,0.));
#6623=DIRECTION('',(-1.,-1.26882631385732E-15,0.));
#6624=DIRECTION('center_axis',(0.,0.,1.));
#6625=DIRECTION('ref_axis',(0.707106781186548,0.707106781186548,0.));
#6626=DIRECTION('',(0.,1.,0.));
#6627=DIRECTION('center_axis',(0.,0.,1.));
#6628=DIRECTION('ref_axis',(0.707106781186548,-0.707106781186548,0.));
#6629=DIRECTION('',(1.,3.1720657846433E-15,0.));
#6630=DIRECTION('center_axis',(0.,0.,1.));
#6631=DIRECTION('ref_axis',(-0.707106781186548,-0.707106781186548,0.));
#6632=DIRECTION('',(-2.53765262771464E-15,-1.,0.));
#6633=DIRECTION('center_axis',(0.,0.,1.));
#6634=DIRECTION('ref_axis',(-0.707106781186548,0.707106781186548,0.));
#6635=DIRECTION('',(-1.,3.17206578464331E-16,0.));
#6636=DIRECTION('center_axis',(0.,0.,1.));
#6637=DIRECTION('ref_axis',(0.707106781186548,0.707106781186548,0.));
#6638=DIRECTION('',(-2.53765262771464E-15,1.,0.));
#6639=DIRECTION('center_axis',(0.,0.,1.));
#6640=DIRECTION('ref_axis',(0.707106781186548,-0.707106781186548,0.));
#6641=DIRECTION('',(1.,6.3441315692866E-16,0.));
#6642=DIRECTION('center_axis',(0.,0.,1.));
#6643=DIRECTION('ref_axis',(-0.707106781186548,-0.707106781186548,0.));
#6644=DIRECTION('',(0.,-1.,0.));
#6645=DIRECTION('center_axis',(0.,0.,1.));
#6646=DIRECTION('ref_axis',(-0.707106781186552,0.707106781186543,0.));
#6647=DIRECTION('',(-1.,-9.51619735392992E-16,0.));
#6648=DIRECTION('center_axis',(0.,0.,1.));
#6649=DIRECTION('ref_axis',(0.707106781186548,0.707106781186548,0.));
#6650=DIRECTION('',(-3.1720657846433E-15,1.,0.));
#6651=DIRECTION('center_axis',(0.,0.,1.));
#6652=DIRECTION('ref_axis',(0.707106781186548,-0.707106781186548,0.));
#6653=DIRECTION('',(1.,6.34413156928659E-16,0.));
#6654=DIRECTION('center_axis',(0.,0.,1.));
#6655=DIRECTION('ref_axis',(-0.707106781186552,-0.707106781186543,0.));
#6656=DIRECTION('',(0.,-1.,0.));
#6657=DIRECTION('center_axis',(0.,0.,1.));
#6658=DIRECTION('ref_axis',(-0.707106781186548,0.707106781186548,0.));
#6659=DIRECTION('',(-1.,-3.96508223080413E-17,0.));
#6660=DIRECTION('center_axis',(0.,0.,1.));
#6661=DIRECTION('ref_axis',(0.707106781186549,0.707106781186546,0.));
#6662=DIRECTION('',(-6.34413156928661E-16,1.,0.));
#6663=DIRECTION('center_axis',(0.,0.,1.));
#6664=DIRECTION('ref_axis',(0.707106781186548,-0.707106781186548,0.));
#6665=DIRECTION('',(1.,1.58603289232165E-16,0.));
#6666=DIRECTION('center_axis',(0.,0.,1.));
#6667=DIRECTION('ref_axis',(-0.707106781186549,-0.707106781186546,0.));
#6668=DIRECTION('',(3.96508223080413E-17,-1.,0.));
#6669=DIRECTION('center_axis',(0.,0.,1.));
#6670=DIRECTION('ref_axis',(-0.707106781186547,0.707106781186547,0.));
#6671=DIRECTION('',(-1.,0.,0.));
#6672=DIRECTION('center_axis',(0.,0.,1.));
#6673=DIRECTION('ref_axis',(0.70710678118655,0.707106781186545,0.));
#6674=DIRECTION('',(1.90323947078598E-15,1.,0.));
#6675=DIRECTION('center_axis',(0.,0.,1.));
#6676=DIRECTION('ref_axis',(0.707106781186548,-0.707106781186548,0.));
#6677=DIRECTION('',(1.,1.58603289232166E-16,0.));
#6678=DIRECTION('center_axis',(0.,0.,1.));
#6679=DIRECTION('ref_axis',(-0.707106781186548,-0.707106781186548,0.));
#6680=DIRECTION('',(3.1720657846433E-15,-1.,0.));
#6681=DIRECTION('center_axis',(0.,0.,1.));
#6682=DIRECTION('ref_axis',(-0.70710678118655,0.707106781186545,0.));
#6683=DIRECTION('',(-1.,3.96508223080412E-17,0.));
#6684=DIRECTION('center_axis',(0.,0.,1.));
#6685=DIRECTION('ref_axis',(0.707106781186549,0.707106781186546,0.));
#6686=DIRECTION('',(0.,1.,0.));
#6687=DIRECTION('center_axis',(0.,0.,1.));
#6688=DIRECTION('ref_axis',(0.707106781186548,-0.707106781186548,0.));
#6689=DIRECTION('',(1.,-4.75809867696497E-16,0.));
#6690=DIRECTION('center_axis',(0.,0.,1.));
#6691=DIRECTION('ref_axis',(-0.707106781186545,-0.70710678118655,0.));
#6692=DIRECTION('',(5.07530525542929E-15,-1.,0.));
#6693=DIRECTION('center_axis',(0.,0.,1.));
#6694=DIRECTION('ref_axis',(-0.707106781186551,0.707106781186544,0.));
#6695=DIRECTION('',(-1.,1.98254111540206E-17,0.));
#6696=DIRECTION('center_axis',(0.,0.,1.));
#6697=DIRECTION('ref_axis',(0.70710678118655,0.707106781186545,0.));
#6698=DIRECTION('',(1.90323947078598E-15,1.,0.));
#6699=DIRECTION('center_axis',(0.,0.,1.));
#6700=DIRECTION('ref_axis',(0.707106781186548,-0.707106781186548,0.));
#6701=DIRECTION('',(1.,0.,0.));
#6702=DIRECTION('center_axis',(0.,0.,1.));
#6703=DIRECTION('ref_axis',(-0.70710678118655,-0.707106781186545,0.));
#6704=DIRECTION('',(6.34413156928661E-16,-1.,0.));
#6705=DIRECTION('center_axis',(0.,0.,1.));
#6706=DIRECTION('ref_axis',(-0.707106781186549,0.707106781186546,0.));
#6707=DIRECTION('',(-1.,0.,0.));
#6708=DIRECTION('center_axis',(0.,0.,1.));
#6709=DIRECTION('ref_axis',(0.707106781186549,0.707106781186546,0.));
#6710=DIRECTION('',(6.34413156928661E-16,1.,0.));
#6711=DIRECTION('center_axis',(0.,0.,1.));
#6712=DIRECTION('ref_axis',(0.707106781186545,-0.70710678118655,0.));
#6713=DIRECTION('',(1.,-1.58603289232165E-16,0.));
#6714=DIRECTION('center_axis',(0.,0.,1.));
#6715=DIRECTION('ref_axis',(-0.707106781186548,-0.707106781186548,0.));
#6716=DIRECTION('',(3.1720657846433E-16,-1.,0.));
#6717=DIRECTION('center_axis',(0.,0.,1.));
#6718=DIRECTION('ref_axis',(-0.707106781186545,0.70710678118655,0.));
#6719=DIRECTION('',(-1.,0.,0.));
#6720=DIRECTION('center_axis',(0.,0.,1.));
#6721=DIRECTION('ref_axis',(0.707106781186547,0.707106781186547,0.));
#6722=DIRECTION('',(0.,1.,0.));
#6723=DIRECTION('center_axis',(0.,0.,1.));
#6724=DIRECTION('ref_axis',(0.707106781186547,-0.707106781186547,0.));
#6725=DIRECTION('',(1.,-3.1720657846433E-16,0.));
#6726=DIRECTION('center_axis',(0.,0.,1.));
#6727=DIRECTION('ref_axis',(-0.707106781186545,-0.70710678118655,0.));
#6728=DIRECTION('',(1.58603289232165E-16,-1.,0.));
#6729=DIRECTION('center_axis',(0.,0.,1.));
#6730=DIRECTION('ref_axis',(-0.707106781186552,0.707106781186543,0.));
#6731=DIRECTION('',(-1.,-1.26882631385732E-15,0.));
#6732=DIRECTION('center_axis',(0.,0.,1.));
#6733=DIRECTION('ref_axis',(0.707106781186548,0.707106781186548,0.));
#6734=DIRECTION('',(2.53765262771464E-15,1.,0.));
#6735=DIRECTION('center_axis',(0.,0.,1.));
#6736=DIRECTION('ref_axis',(0.707106781186552,-0.707106781186543,0.));
#6737=DIRECTION('',(1.,-3.1720657846433E-16,0.));
#6738=DIRECTION('center_axis',(0.,0.,1.));
#6739=DIRECTION('ref_axis',(-0.707106781186548,-0.707106781186548,0.));
#6740=DIRECTION('',(-2.53765262771464E-15,-1.,0.));
#6741=DIRECTION('center_axis',(0.,0.,1.));
#6742=DIRECTION('ref_axis',(-0.707106781186548,0.707106781186548,0.));
#6743=DIRECTION('',(-1.,1.26882631385732E-15,0.));
#6744=DIRECTION('center_axis',(0.,0.,1.));
#6745=DIRECTION('ref_axis',(0.707106781186548,0.707106781186548,0.));
#6746=DIRECTION('',(-3.80647894157197E-15,1.,0.));
#6747=DIRECTION('center_axis',(0.,0.,1.));
#6748=DIRECTION('ref_axis',(0.707106781186547,-0.707106781186547,0.));
#6749=DIRECTION('',(1.,-6.34413156928659E-16,0.));
#6750=DIRECTION('center_axis',(0.,0.,1.));
#6751=DIRECTION('ref_axis',(-0.707106781186539,-0.707106781186557,0.));
#6752=DIRECTION('',(1.90323947078598E-15,-1.,0.));
#6753=DIRECTION('center_axis',(0.,0.,1.));
#6754=DIRECTION('ref_axis',(-0.707106781186548,0.707106781186548,0.));
#6755=DIRECTION('',(-1.,0.,0.));
#6756=DIRECTION('center_axis',(0.,0.,1.));
#6757=DIRECTION('ref_axis',(0.707106781186552,0.707106781186543,0.));
#6758=DIRECTION('',(1.26882631385732E-15,1.,0.));
#6759=DIRECTION('center_axis',(0.,0.,1.));
#6760=DIRECTION('ref_axis',(0.707106781186548,-0.707106781186548,0.));
#6761=DIRECTION('',(1.,-1.26882631385732E-15,0.));
#6762=DIRECTION('center_axis',(0.,0.,1.));
#6763=DIRECTION('ref_axis',(-0.707106781186548,-0.707106781186548,0.));
#6764=DIRECTION('',(-6.3441315692866E-16,-1.,0.));
#6765=DIRECTION('center_axis',(0.,0.,1.));
#6766=DIRECTION('ref_axis',(-0.707106781186552,0.707106781186543,0.));
#6767=DIRECTION('',(-1.,-1.26882631385732E-15,0.));
#6768=DIRECTION('center_axis',(0.,0.,1.));
#6769=DIRECTION('ref_axis',(0.707106781186545,0.70710678118655,0.));
#6770=DIRECTION('',(0.,1.,0.));
#6771=DIRECTION('center_axis',(0.,0.,1.));
#6772=DIRECTION('ref_axis',(0.707106781186545,-0.70710678118655,0.));
#6773=DIRECTION('',(1.,1.26882631385732E-15,0.));
#6774=DIRECTION('center_axis',(0.,0.,1.));
#6775=DIRECTION('ref_axis',(-0.707106781186545,-0.70710678118655,0.));
#6776=DIRECTION('',(-2.37904933848248E-16,-1.,0.));
#6777=DIRECTION('center_axis',(0.,0.,1.));
#6778=DIRECTION('ref_axis',(-0.707106781186551,0.707106781186544,0.));
#6779=DIRECTION('center_axis',(0.,-0.70710678118653,0.707106781186565));
#6780=DIRECTION('ref_axis',(1.,0.,0.));
#6781=DIRECTION('',(0.,0.707106781186565,0.70710678118653));
#6782=DIRECTION('',(0.,-0.707106781186565,-0.70710678118653));
#6783=DIRECTION('',(1.,0.,0.));
#6784=DIRECTION('center_axis',(0.,0.,1.));
#6785=DIRECTION('ref_axis',(0.707106781186556,0.707106781186538,0.));
#6786=DIRECTION('center_axis',(0.,0.,-1.));
#6787=DIRECTION('ref_axis',(0.707106781186557,0.707106781186539,0.));
#6788=DIRECTION('',(0.707106781186527,0.,0.707106781186568));
#6789=DIRECTION('center_axis',(-0.70710678118653,1.34579353601463E-15,0.707106781186565));
#6790=DIRECTION('ref_axis',(0.707106781186565,0.,0.70710678118653));
#6791=DIRECTION('',(0.707106781186565,0.,0.70710678118653));
#6792=DIRECTION('',(-1.90323947078598E-15,-1.,0.));
#6793=DIRECTION('center_axis',(0.,0.,1.));
#6794=DIRECTION('ref_axis',(0.707106781186548,-0.707106781186548,0.));
#6795=DIRECTION('center_axis',(0.,0.,-1.));
#6796=DIRECTION('ref_axis',(0.707106781186548,-0.707106781186548,0.));
#6797=DIRECTION('',(0.,-0.707106781186552,0.707106781186543));
#6798=DIRECTION('center_axis',(0.,0.70710678118653,0.707106781186565));
#6799=DIRECTION('ref_axis',(1.,0.,0.));
#6800=DIRECTION('',(0.,-0.707106781186565,0.70710678118653));
#6801=DIRECTION('',(-1.,0.,0.));
#6802=DIRECTION('center_axis',(0.,0.,1.));
#6803=DIRECTION('ref_axis',(-0.707106781186548,-0.707106781186548,0.));
#6804=DIRECTION('center_axis',(0.,0.,-1.));
#6805=DIRECTION('ref_axis',(-0.707106781186548,-0.707106781186548,0.));
#6806=DIRECTION('',(-0.707106781186552,0.,0.707106781186543));
#6807=DIRECTION('center_axis',(0.707106781186543,-8.97195690676437E-16,
0.707106781186552));
#6808=DIRECTION('ref_axis',(0.707106781186552,0.,-0.707106781186543));
#6809=DIRECTION('',(-0.707106781186552,0.,0.707106781186543));
#6810=DIRECTION('',(1.26882631385732E-15,1.,0.));
#6811=DIRECTION('center_axis',(0.,0.,1.));
#6812=DIRECTION('ref_axis',(-0.707106781186548,0.707106781186548,0.));
#6813=DIRECTION('center_axis',(0.,0.,-1.));
#6814=DIRECTION('ref_axis',(-0.707106781186548,0.707106781186548,0.));
#6815=DIRECTION('center_axis',(0.,0.,-1.));
#6816=DIRECTION('ref_axis',(0.707106781186548,-0.707106781186548,0.));
#6817=DIRECTION('',(0.,0.,-1.));
#6818=DIRECTION('center_axis',(0.,0.,-1.));
#6819=DIRECTION('ref_axis',(0.707106781186548,-0.707106781186548,0.));
#6820=DIRECTION('',(0.,0.,1.));
#6821=DIRECTION('center_axis',(1.,-1.90323947078598E-15,0.));
#6822=DIRECTION('ref_axis',(-1.90323947078598E-15,-1.,0.));
#6823=DIRECTION('',(0.,0.,1.));
#6824=DIRECTION('',(1.90323947078598E-15,1.,0.));
#6825=DIRECTION('center_axis',(0.,0.,-1.));
#6826=DIRECTION('ref_axis',(0.707106781186556,0.707106781186539,0.));
#6827=DIRECTION('',(0.,0.,-1.));
#6828=DIRECTION('center_axis',(0.,0.,-1.));
#6829=DIRECTION('ref_axis',(0.707106781186556,0.707106781186539,0.));
#6830=DIRECTION('center_axis',(0.,1.,0.));
#6831=DIRECTION('ref_axis',(1.,0.,0.));
#6832=DIRECTION('',(0.,0.,1.));
#6833=DIRECTION('',(-1.,0.,0.));
#6834=DIRECTION('center_axis',(8.97195690676453E-16,-0.707106781186555,
0.70710678118654));
#6835=DIRECTION('ref_axis',(1.,0.,-1.26882631385735E-15));
#6836=DIRECTION('',(0.,0.70710678118654,0.707106781186555));
#6837=DIRECTION('',(-2.35513868802567E-15,-0.707106781186546,-0.707106781186549));
#6838=DIRECTION('',(1.,1.26882631385732E-15,0.));
#6839=DIRECTION('center_axis',(0.,0.,1.));
#6840=DIRECTION('ref_axis',(0.707106781186545,0.70710678118655,0.));
#6841=DIRECTION('center_axis',(0.,0.,-1.));
#6842=DIRECTION('ref_axis',(0.707106781186545,0.70710678118655,0.));
#6843=DIRECTION('',(0.707106781186546,0.,0.707106781186549));
#6844=DIRECTION('center_axis',(-0.707106781186549,0.,0.707106781186546));
#6845=DIRECTION('ref_axis',(0.707106781186546,0.,0.707106781186549));
#6846=DIRECTION('',(0.707106781186546,0.,0.707106781186549));
#6847=DIRECTION('',(0.,-1.,0.));
#6848=DIRECTION('center_axis',(0.,0.,1.));
#6849=DIRECTION('ref_axis',(0.707106781186545,-0.70710678118655,0.));
#6850=DIRECTION('center_axis',(0.,0.,-1.));
#6851=DIRECTION('ref_axis',(0.707106781186545,-0.70710678118655,0.));
#6852=DIRECTION('',(0.,-0.70710678118654,0.707106781186555));
#6853=DIRECTION('center_axis',(-8.97195690676437E-16,0.707106781186543,
0.707106781186552));
#6854=DIRECTION('ref_axis',(1.,0.,1.2688263138573E-15));
#6855=DIRECTION('',(-2.35513868802564E-15,-0.707106781186552,0.707106781186543));
#6856=DIRECTION('',(-1.,-1.26882631385732E-15,0.));
#6857=DIRECTION('center_axis',(0.,0.,1.));
#6858=DIRECTION('ref_axis',(-0.707106781186545,-0.70710678118655,0.));
#6859=DIRECTION('center_axis',(0.,0.,-1.));
#6860=DIRECTION('ref_axis',(-0.707106781186545,-0.70710678118655,0.));
#6861=DIRECTION('',(-0.70710678118655,0.,0.707106781186545));
#6862=DIRECTION('center_axis',(0.707106781186541,-1.68224192001831E-16,
0.707106781186554));
#6863=DIRECTION('ref_axis',(0.707106781186554,0.,-0.707106781186541));
#6864=DIRECTION('',(-0.707106781186554,0.,0.707106781186541));
#6865=DIRECTION('',(2.37904933848248E-16,1.,0.));
#6866=DIRECTION('center_axis',(0.,0.,1.));
#6867=DIRECTION('ref_axis',(-0.707106781186551,0.707106781186544,0.));
#6868=DIRECTION('center_axis',(0.,0.,-1.));
#6869=DIRECTION('ref_axis',(-0.707106781186551,0.707106781186544,0.));
#6870=DIRECTION('center_axis',(0.,0.,-1.));
#6871=DIRECTION('ref_axis',(0.707106781186545,-0.70710678118655,0.));
#6872=DIRECTION('',(0.,0.,-1.));
#6873=DIRECTION('center_axis',(0.,0.,-1.));
#6874=DIRECTION('ref_axis',(0.707106781186545,-0.70710678118655,0.));
#6875=DIRECTION('',(0.,0.,1.));
#6876=DIRECTION('center_axis',(1.,0.,0.));
#6877=DIRECTION('ref_axis',(0.,-1.,0.));
#6878=DIRECTION('',(0.,0.,1.));
#6879=DIRECTION('',(0.,1.,0.));
#6880=DIRECTION('center_axis',(0.,0.,-1.));
#6881=DIRECTION('ref_axis',(0.707106781186545,0.70710678118655,0.));
#6882=DIRECTION('',(0.,0.,-1.));
#6883=DIRECTION('center_axis',(0.,0.,-1.));
#6884=DIRECTION('ref_axis',(0.707106781186545,0.70710678118655,0.));
#6885=DIRECTION('center_axis',(-1.26882631385732E-15,1.,0.));
#6886=DIRECTION('ref_axis',(1.,1.26882631385732E-15,0.));
#6887=DIRECTION('',(0.,0.,1.));
#6888=DIRECTION('',(-1.,-1.26882631385732E-15,0.));
#6889=DIRECTION('center_axis',(-4.48597845338219E-16,-0.707106781186543,
0.707106781186552));
#6890=DIRECTION('ref_axis',(1.,0.,6.34413156928653E-16));
#6891=DIRECTION('',(0.,0.707106781186552,0.707106781186543));
#6892=DIRECTION('',(0.,-0.707106781186552,-0.707106781186543));
#6893=DIRECTION('',(1.,-6.34413156928661E-16,0.));
#6894=DIRECTION('center_axis',(0.,0.,1.));
#6895=DIRECTION('ref_axis',(0.707106781186548,0.707106781186548,0.));
#6896=DIRECTION('center_axis',(0.,0.,-1.));
#6897=DIRECTION('ref_axis',(0.707106781186548,0.707106781186548,0.));
#6898=DIRECTION('',(0.707106781186546,0.,0.707106781186549));
#6899=DIRECTION('center_axis',(-0.707106781186549,-8.97195690676446E-16,
0.707106781186546));
#6900=DIRECTION('ref_axis',(0.707106781186546,0.,0.707106781186549));
#6901=DIRECTION('',(0.707106781186546,0.,0.707106781186549));
#6902=DIRECTION('',(1.26882631385732E-15,-1.,0.));
#6903=DIRECTION('center_axis',(0.,0.,1.));
#6904=DIRECTION('ref_axis',(0.707106781186548,-0.707106781186548,0.));
#6905=DIRECTION('center_axis',(0.,0.,-1.));
#6906=DIRECTION('ref_axis',(0.707106781186548,-0.707106781186548,0.));
#6907=DIRECTION('',(0.,-0.707106781186552,0.707106781186543));
#6908=DIRECTION('center_axis',(-4.48597845338226E-16,0.707106781186555,
0.70710678118654));
#6909=DIRECTION('ref_axis',(1.,0.,6.34413156928674E-16));
#6910=DIRECTION('',(0.,-0.70710678118654,0.707106781186555));
#6911=DIRECTION('',(-1.,-6.3441315692866E-16,0.));
#6912=DIRECTION('center_axis',(0.,0.,1.));
#6913=DIRECTION('ref_axis',(-0.707106781186548,-0.707106781186548,0.));
#6914=DIRECTION('center_axis',(0.,0.,-1.));
#6915=DIRECTION('ref_axis',(-0.707106781186548,-0.707106781186548,0.));
#6916=DIRECTION('',(-0.707106781186546,0.,0.707106781186549));
#6917=DIRECTION('center_axis',(0.707106781186543,-2.24298922669109E-16,
0.707106781186552));
#6918=DIRECTION('ref_axis',(0.707106781186552,0.,-0.707106781186543));
#6919=DIRECTION('',(-0.707106781186552,0.,0.707106781186543));
#6920=DIRECTION('',(3.1720657846433E-16,1.,0.));
#6921=DIRECTION('center_axis',(0.,0.,1.));
#6922=DIRECTION('ref_axis',(-0.707106781186543,0.707106781186552,0.));
#6923=DIRECTION('center_axis',(0.,0.,-1.));
#6924=DIRECTION('ref_axis',(-0.707106781186543,0.707106781186552,0.));
#6925=DIRECTION('center_axis',(0.,0.,-1.));
#6926=DIRECTION('ref_axis',(0.707106781186548,-0.707106781186548,0.));
#6927=DIRECTION('',(0.,0.,-1.));
#6928=DIRECTION('center_axis',(0.,0.,-1.));
#6929=DIRECTION('ref_axis',(0.707106781186548,-0.707106781186548,0.));
#6930=DIRECTION('',(0.,0.,1.));
#6931=DIRECTION('center_axis',(1.,1.26882631385732E-15,0.));
#6932=DIRECTION('ref_axis',(1.26882631385732E-15,-1.,0.));
#6933=DIRECTION('',(0.,0.,1.));
#6934=DIRECTION('',(-1.26882631385732E-15,1.,0.));
#6935=DIRECTION('center_axis',(0.,0.,-1.));
#6936=DIRECTION('ref_axis',(0.707106781186548,0.707106781186548,0.));
#6937=DIRECTION('',(0.,0.,-1.));
#6938=DIRECTION('center_axis',(0.,0.,-1.));
#6939=DIRECTION('ref_axis',(0.707106781186548,0.707106781186548,0.));
#6940=DIRECTION('center_axis',(6.34413156928661E-16,1.,0.));
#6941=DIRECTION('ref_axis',(1.,-6.34413156928661E-16,0.));
#6942=DIRECTION('',(0.,0.,1.));
#6943=DIRECTION('',(-1.,6.34413156928661E-16,0.));
#6944=DIRECTION('center_axis',(0.,-0.707106781186549,0.707106781186546));
#6945=DIRECTION('ref_axis',(1.,0.,0.));
#6946=DIRECTION('',(0.,0.707106781186546,0.707106781186549));
#6947=DIRECTION('',(0.,-0.707106781186546,-0.707106781186549));
#6948=DIRECTION('',(1.,0.,0.));
#6949=DIRECTION('center_axis',(0.,0.,1.));
#6950=DIRECTION('ref_axis',(0.707106781186552,0.707106781186543,0.));
#6951=DIRECTION('center_axis',(0.,0.,-1.));
#6952=DIRECTION('ref_axis',(0.707106781186552,0.707106781186543,0.));
#6953=DIRECTION('',(0.707106781186527,0.,0.707106781186568));
#6954=DIRECTION('center_axis',(-0.707106781186543,8.97195690676435E-16,
0.707106781186552));
#6955=DIRECTION('ref_axis',(0.707106781186552,0.,0.707106781186543));
#6956=DIRECTION('',(0.707106781186552,0.,0.707106781186543));
#6957=DIRECTION('',(-1.26882631385732E-15,-1.,0.));
#6958=DIRECTION('center_axis',(0.,0.,1.));
#6959=DIRECTION('ref_axis',(0.707106781186548,-0.707106781186548,0.));
#6960=DIRECTION('center_axis',(0.,0.,-1.));
#6961=DIRECTION('ref_axis',(0.707106781186548,-0.707106781186548,0.));
#6962=DIRECTION('',(0.,-0.707106781186552,0.707106781186543));
#6963=DIRECTION('center_axis',(8.97195690676438E-16,0.707106781186543,0.707106781186552));
#6964=DIRECTION('ref_axis',(1.,0.,-1.26882631385731E-15));
#6965=DIRECTION('',(0.,-0.707106781186552,0.707106781186543));
#6966=DIRECTION('',(-1.,1.26882631385732E-15,0.));
#6967=DIRECTION('center_axis',(0.,0.,1.));
#6968=DIRECTION('ref_axis',(-0.707106781186548,-0.707106781186548,0.));
#6969=DIRECTION('center_axis',(0.,0.,-1.));
#6970=DIRECTION('ref_axis',(-0.707106781186548,-0.707106781186548,0.));
#6971=DIRECTION('',(-0.70710678118654,0.,0.707106781186555));
#6972=DIRECTION('center_axis',(0.707106781186549,-4.48597845338222E-16,
0.707106781186546));
#6973=DIRECTION('ref_axis',(0.707106781186546,0.,-0.707106781186549));
#6974=DIRECTION('',(-0.707106781186546,0.,0.707106781186549));
#6975=DIRECTION('',(6.3441315692866E-16,1.,0.));
#6976=DIRECTION('center_axis',(0.,0.,1.));
#6977=DIRECTION('ref_axis',(-0.707106781186552,0.707106781186543,0.));
#6978=DIRECTION('center_axis',(0.,0.,-1.));
#6979=DIRECTION('ref_axis',(-0.707106781186552,0.707106781186543,0.));
#6980=DIRECTION('center_axis',(0.,0.,-1.));
#6981=DIRECTION('ref_axis',(0.707106781186548,-0.707106781186548,0.));
#6982=DIRECTION('',(0.,0.,-1.));
#6983=DIRECTION('center_axis',(0.,0.,-1.));
#6984=DIRECTION('ref_axis',(0.707106781186548,-0.707106781186548,0.));
#6985=DIRECTION('',(0.,0.,1.));
#6986=DIRECTION('center_axis',(1.,-1.26882631385732E-15,0.));
#6987=DIRECTION('ref_axis',(-1.26882631385732E-15,-1.,0.));
#6988=DIRECTION('',(0.,0.,1.));
#6989=DIRECTION('',(1.26882631385732E-15,1.,0.));
#6990=DIRECTION('center_axis',(0.,0.,-1.));
#6991=DIRECTION('ref_axis',(0.707106781186552,0.707106781186543,0.));
#6992=DIRECTION('',(0.,0.,-1.));
#6993=DIRECTION('center_axis',(0.,0.,-1.));
#6994=DIRECTION('ref_axis',(0.707106781186552,0.707106781186543,0.));
#6995=DIRECTION('center_axis',(0.,1.,0.));
#6996=DIRECTION('ref_axis',(1.,0.,0.));
#6997=DIRECTION('',(0.,0.,1.));
#6998=DIRECTION('',(-1.,0.,0.));
#6999=DIRECTION('center_axis',(8.97195690676437E-16,-0.707106781186543,
0.707106781186552));
#7000=DIRECTION('ref_axis',(1.,0.,-1.26882631385731E-15));
#7001=DIRECTION('',(0.,0.707106781186552,0.707106781186543));
#7002=DIRECTION('',(0.,-0.707106781186558,-0.707106781186536));
#7003=DIRECTION('',(1.,1.26882631385732E-15,0.));
#7004=DIRECTION('center_axis',(0.,0.,1.));
#7005=DIRECTION('ref_axis',(0.707106781186548,0.707106781186548,0.));
#7006=DIRECTION('center_axis',(0.,0.,-1.));
#7007=DIRECTION('ref_axis',(0.707106781186548,0.707106781186548,0.));
#7008=DIRECTION('',(0.707106781186552,0.,0.707106781186543));
#7009=DIRECTION('center_axis',(-0.707106781186543,0.,0.707106781186552));
#7010=DIRECTION('ref_axis',(0.707106781186552,0.,0.707106781186543));
#7011=DIRECTION('',(0.707106781186552,0.,0.707106781186543));
#7012=DIRECTION('',(0.,-1.,0.));
#7013=DIRECTION('center_axis',(0.,0.,1.));
#7014=DIRECTION('ref_axis',(0.707106781186548,-0.707106781186548,0.));
#7015=DIRECTION('center_axis',(0.,0.,-1.));
#7016=DIRECTION('ref_axis',(0.707106781186548,-0.707106781186548,0.));
#7017=DIRECTION('',(0.,-0.707106781186552,0.707106781186543));
#7018=DIRECTION('center_axis',(-2.24298922669109E-15,0.707106781186543,
0.707106781186552));
#7019=DIRECTION('ref_axis',(1.,0.,3.17206578464326E-15));
#7020=DIRECTION('',(0.,-0.70710678118654,0.707106781186555));
#7021=DIRECTION('',(-1.,-3.1720657846433E-15,0.));
#7022=DIRECTION('center_axis',(0.,0.,1.));
#7023=DIRECTION('ref_axis',(-0.707106781186548,-0.707106781186548,0.));
#7024=DIRECTION('center_axis',(0.,0.,-1.));
#7025=DIRECTION('ref_axis',(-0.707106781186548,-0.707106781186548,0.));
#7026=DIRECTION('',(-0.70710678118654,0.,0.707106781186555));
#7027=DIRECTION('center_axis',(0.707106781186543,-1.79439138135287E-15,
0.707106781186552));
#7028=DIRECTION('ref_axis',(0.707106781186552,0.,-0.707106781186543));
#7029=DIRECTION('',(-0.707106781186565,0.,0.70710678118653));
#7030=DIRECTION('',(2.53765262771464E-15,1.,0.));
#7031=DIRECTION('center_axis',(0.,0.,1.));
#7032=DIRECTION('ref_axis',(-0.707106781186548,0.707106781186548,0.));
#7033=DIRECTION('center_axis',(0.,0.,-1.));
#7034=DIRECTION('ref_axis',(-0.707106781186548,0.707106781186548,0.));
#7035=DIRECTION('center_axis',(0.,0.,-1.));
#7036=DIRECTION('ref_axis',(0.707106781186548,-0.707106781186548,0.));
#7037=DIRECTION('',(0.,0.,-1.));
#7038=DIRECTION('center_axis',(0.,0.,-1.));
#7039=DIRECTION('ref_axis',(0.707106781186548,-0.707106781186548,0.));
#7040=DIRECTION('',(0.,0.,1.));
#7041=DIRECTION('center_axis',(1.,0.,0.));
#7042=DIRECTION('ref_axis',(0.,-1.,0.));
#7043=DIRECTION('',(0.,0.,1.));
#7044=DIRECTION('',(0.,1.,0.));
#7045=DIRECTION('center_axis',(0.,0.,-1.));
#7046=DIRECTION('ref_axis',(0.707106781186548,0.707106781186548,0.));
#7047=DIRECTION('',(0.,0.,-1.));
#7048=DIRECTION('center_axis',(0.,0.,-1.));
#7049=DIRECTION('ref_axis',(0.707106781186548,0.707106781186548,0.));
#7050=DIRECTION('center_axis',(-1.26882631385732E-15,1.,0.));
#7051=DIRECTION('ref_axis',(1.,1.26882631385732E-15,0.));
#7052=DIRECTION('',(0.,0.,1.));
#7053=DIRECTION('',(-1.,-1.26882631385732E-15,0.));
#7054=DIRECTION('center_axis',(-8.97195690676444E-16,-0.707106781186549,
0.707106781186546));
#7055=DIRECTION('ref_axis',(1.,0.,1.26882631385733E-15));
#7056=DIRECTION('',(0.,0.707106781186546,0.707106781186549));
#7057=DIRECTION('',(0.,-0.707106781186546,-0.707106781186549));
#7058=DIRECTION('',(1.,-1.26882631385732E-15,0.));
#7059=DIRECTION('center_axis',(0.,0.,1.));
#7060=DIRECTION('ref_axis',(0.707106781186547,0.707106781186547,0.));
#7061=DIRECTION('center_axis',(0.,0.,-1.));
#7062=DIRECTION('ref_axis',(0.707106781186548,0.707106781186548,0.));
#7063=DIRECTION('',(0.707106781186577,0.,0.707106781186518));
#7064=DIRECTION('center_axis',(-0.707106781186543,-2.69158707202931E-15,
0.707106781186552));
#7065=DIRECTION('ref_axis',(0.707106781186552,0.,0.707106781186543));
#7066=DIRECTION('',(0.707106781186552,0.,0.707106781186543));
#7067=DIRECTION('',(3.80647894157197E-15,-1.,0.));
#7068=DIRECTION('center_axis',(0.,0.,1.));
#7069=DIRECTION('ref_axis',(0.707106781186547,-0.707106781186547,0.));
#7070=DIRECTION('center_axis',(0.,0.,-1.));
#7071=DIRECTION('ref_axis',(0.707106781186548,-0.707106781186548,0.));
#7072=DIRECTION('',(0.,-0.707106781186552,0.707106781186543));
#7073=DIRECTION('center_axis',(4.48597845338209E-16,0.70710678118653,0.707106781186565));
#7074=DIRECTION('ref_axis',(1.,0.,-6.34413156928628E-16));
#7075=DIRECTION('',(0.,-0.707106781186565,0.70710678118653));
#7076=DIRECTION('',(-1.,6.34413156928659E-16,0.));
#7077=DIRECTION('center_axis',(0.,0.,1.));
#7078=DIRECTION('ref_axis',(-0.707106781186538,-0.707106781186556,0.));
#7079=DIRECTION('center_axis',(0.,0.,-1.));
#7080=DIRECTION('ref_axis',(-0.707106781186539,-0.707106781186557,0.));
#7081=DIRECTION('',(-0.707106781186552,0.,0.707106781186543));
#7082=DIRECTION('center_axis',(0.707106781186543,1.34579353601466E-15,0.707106781186552));
#7083=DIRECTION('ref_axis',(0.707106781186552,0.,-0.707106781186543));
#7084=DIRECTION('',(-0.707106781186552,0.,0.707106781186543));
#7085=DIRECTION('',(-1.90323947078598E-15,1.,0.));
#7086=DIRECTION('center_axis',(0.,0.,1.));
#7087=DIRECTION('ref_axis',(-0.707106781186548,0.707106781186548,0.));
#7088=DIRECTION('center_axis',(0.,0.,-1.));
#7089=DIRECTION('ref_axis',(-0.707106781186548,0.707106781186548,0.));
#7090=DIRECTION('center_axis',(0.,0.,-1.));
#7091=DIRECTION('ref_axis',(0.707106781186548,-0.707106781186548,0.));
#7092=DIRECTION('',(0.,0.,-1.));
#7093=DIRECTION('center_axis',(0.,0.,-1.));
#7094=DIRECTION('ref_axis',(0.707106781186548,-0.707106781186548,0.));
#7095=DIRECTION('',(0.,0.,1.));
#7096=DIRECTION('center_axis',(1.,3.80647894157197E-15,0.));
#7097=DIRECTION('ref_axis',(3.80647894157197E-15,-1.,0.));
#7098=DIRECTION('',(0.,0.,1.));
#7099=DIRECTION('',(-3.80647894157197E-15,1.,0.));
#7100=DIRECTION('center_axis',(0.,0.,-1.));
#7101=DIRECTION('ref_axis',(0.707106781186548,0.707106781186548,0.));
#7102=DIRECTION('',(0.,0.,-1.));
#7103=DIRECTION('center_axis',(0.,0.,-1.));
#7104=DIRECTION('ref_axis',(0.707106781186548,0.707106781186548,0.));
#7105=DIRECTION('center_axis',(1.26882631385732E-15,1.,0.));
#7106=DIRECTION('ref_axis',(1.,-1.26882631385732E-15,0.));
#7107=DIRECTION('',(0.,0.,1.));
#7108=DIRECTION('',(-1.,1.26882631385732E-15,0.));
#7109=DIRECTION('center_axis',(-2.24298922669111E-16,-0.707106781186549,
0.707106781186546));
#7110=DIRECTION('ref_axis',(1.,0.,3.17206578464332E-16));
#7111=DIRECTION('',(0.,0.707106781186546,0.707106781186549));
#7112=DIRECTION('',(0.,-0.707106781186546,-0.707106781186549));
#7113=DIRECTION('',(1.,-3.17206578464331E-16,0.));
#7114=DIRECTION('center_axis',(0.,0.,1.));
#7115=DIRECTION('ref_axis',(0.707106781186547,0.707106781186547,0.));
#7116=DIRECTION('center_axis',(0.,0.,-1.));
#7117=DIRECTION('ref_axis',(0.707106781186548,0.707106781186548,0.));
#7118=DIRECTION('',(0.707106781186577,0.,0.707106781186518));
#7119=DIRECTION('center_axis',(-0.707106781186543,-1.79439138135287E-15,
0.707106781186552));
#7120=DIRECTION('ref_axis',(0.707106781186552,0.,0.707106781186543));
#7121=DIRECTION('',(0.707106781186552,0.,0.707106781186543));
#7122=DIRECTION('',(2.53765262771464E-15,-1.,0.));
#7123=DIRECTION('center_axis',(0.,0.,1.));
#7124=DIRECTION('ref_axis',(0.707106781186547,-0.707106781186547,0.));
#7125=DIRECTION('center_axis',(0.,0.,-1.));
#7126=DIRECTION('ref_axis',(0.707106781186548,-0.707106781186548,0.));
#7127=DIRECTION('',(0.,-0.707106781186558,0.707106781186536));
#7128=DIRECTION('center_axis',(-4.48597845338226E-16,0.707106781186555,
0.70710678118654));
#7129=DIRECTION('ref_axis',(1.,0.,6.34413156928674E-16));
#7130=DIRECTION('',(0.,-0.70710678118654,0.707106781186555));
#7131=DIRECTION('',(-1.,-6.3441315692866E-16,0.));
#7132=DIRECTION('center_axis',(0.,0.,1.));
#7133=DIRECTION('ref_axis',(-0.707106781186548,-0.707106781186548,0.));
#7134=DIRECTION('center_axis',(0.,0.,-1.));
#7135=DIRECTION('ref_axis',(-0.707106781186548,-0.707106781186548,0.));
#7136=DIRECTION('',(-0.707106781186552,0.,0.707106781186543));
#7137=DIRECTION('center_axis',(0.707106781186543,0.,0.707106781186552));
#7138=DIRECTION('ref_axis',(0.707106781186552,0.,-0.707106781186543));
#7139=DIRECTION('',(-0.707106781186552,0.,0.707106781186543));
#7140=DIRECTION('',(0.,1.,0.));
#7141=DIRECTION('center_axis',(0.,0.,1.));
#7142=DIRECTION('ref_axis',(-0.707106781186552,0.707106781186543,0.));
#7143=DIRECTION('center_axis',(0.,0.,-1.));
#7144=DIRECTION('ref_axis',(-0.707106781186552,0.707106781186543,0.));
#7145=DIRECTION('center_axis',(0.,0.,-1.));
#7146=DIRECTION('ref_axis',(0.707106781186548,-0.707106781186548,0.));
#7147=DIRECTION('',(0.,0.,-1.));
#7148=DIRECTION('center_axis',(0.,0.,-1.));
#7149=DIRECTION('ref_axis',(0.707106781186548,-0.707106781186548,0.));
#7150=DIRECTION('',(0.,0.,1.));
#7151=DIRECTION('center_axis',(1.,2.53765262771464E-15,0.));
#7152=DIRECTION('ref_axis',(2.53765262771464E-15,-1.,0.));
#7153=DIRECTION('',(0.,0.,1.));
#7154=DIRECTION('',(-2.53765262771464E-15,1.,0.));
#7155=DIRECTION('center_axis',(0.,0.,-1.));
#7156=DIRECTION('ref_axis',(0.707106781186548,0.707106781186548,0.));
#7157=DIRECTION('',(0.,0.,-1.));
#7158=DIRECTION('center_axis',(0.,0.,-1.));
#7159=DIRECTION('ref_axis',(0.707106781186548,0.707106781186548,0.));
#7160=DIRECTION('center_axis',(3.17206578464331E-16,1.,0.));
#7161=DIRECTION('ref_axis',(1.,-3.17206578464331E-16,0.));
#7162=DIRECTION('',(0.,0.,1.));
#7163=DIRECTION('',(-1.,3.17206578464331E-16,0.));
#7164=DIRECTION('center_axis',(8.97195690676445E-16,-0.707106781186549,
0.707106781186546));
#7165=DIRECTION('ref_axis',(1.,0.,-1.26882631385733E-15));
#7166=DIRECTION('',(0.,0.707106781186546,0.707106781186549));
#7167=DIRECTION('',(0.,-0.707106781186552,-0.707106781186543));
#7168=DIRECTION('',(1.,1.26882631385732E-15,0.));
#7169=DIRECTION('center_axis',(0.,0.,1.));
#7170=DIRECTION('ref_axis',(0.707106781186548,0.707106781186548,0.));
#7171=DIRECTION('center_axis',(0.,0.,-1.));
#7172=DIRECTION('ref_axis',(0.707106781186548,0.707106781186548,0.));
#7173=DIRECTION('',(0.707106781186552,0.,0.707106781186543));
#7174=DIRECTION('center_axis',(-0.707106781186543,1.79439138135287E-15,
0.707106781186552));
#7175=DIRECTION('ref_axis',(0.707106781186552,0.,0.707106781186543));
#7176=DIRECTION('',(0.707106781186565,0.,0.70710678118653));
#7177=DIRECTION('',(-2.53765262771464E-15,-1.,0.));
#7178=DIRECTION('center_axis',(0.,0.,1.));
#7179=DIRECTION('ref_axis',(0.707106781186552,-0.707106781186543,0.));
#7180=DIRECTION('center_axis',(0.,0.,-1.));
#7181=DIRECTION('ref_axis',(0.707106781186552,-0.707106781186543,0.));
#7182=DIRECTION('',(0.,-0.707106781186552,0.707106781186543));
#7183=DIRECTION('center_axis',(2.24298922669113E-16,0.707106781186555,0.70710678118654));
#7184=DIRECTION('ref_axis',(1.,0.,-3.17206578464337E-16));
#7185=DIRECTION('',(0.,-0.70710678118654,0.707106781186555));
#7186=DIRECTION('',(-1.,3.1720657846433E-16,0.));
#7187=DIRECTION('center_axis',(0.,0.,1.));
#7188=DIRECTION('ref_axis',(-0.707106781186548,-0.707106781186548,0.));
#7189=DIRECTION('center_axis',(0.,0.,-1.));
#7190=DIRECTION('ref_axis',(-0.707106781186548,-0.707106781186548,0.));
#7191=DIRECTION('',(-0.707106781186552,0.,0.707106781186543));
#7192=DIRECTION('center_axis',(0.707106781186543,-1.79439138135287E-15,
0.707106781186552));
#7193=DIRECTION('ref_axis',(0.707106781186552,0.,-0.707106781186543));
#7194=DIRECTION('',(-0.707106781186552,0.,0.707106781186543));
#7195=DIRECTION('',(2.53765262771464E-15,1.,0.));
#7196=DIRECTION('center_axis',(0.,0.,1.));
#7197=DIRECTION('ref_axis',(-0.707106781186548,0.707106781186548,0.));
#7198=DIRECTION('center_axis',(0.,0.,-1.));
#7199=DIRECTION('ref_axis',(-0.707106781186548,0.707106781186548,0.));
#7200=DIRECTION('center_axis',(0.,0.,-1.));
#7201=DIRECTION('ref_axis',(0.707106781186552,-0.707106781186543,0.));
#7202=DIRECTION('',(0.,0.,-1.));
#7203=DIRECTION('center_axis',(0.,0.,-1.));
#7204=DIRECTION('ref_axis',(0.707106781186552,-0.707106781186543,0.));
#7205=DIRECTION('',(0.,0.,1.));
#7206=DIRECTION('center_axis',(1.,-2.53765262771464E-15,0.));
#7207=DIRECTION('ref_axis',(-2.53765262771464E-15,-1.,0.));
#7208=DIRECTION('',(0.,0.,1.));
#7209=DIRECTION('',(2.53765262771464E-15,1.,0.));
#7210=DIRECTION('center_axis',(0.,0.,-1.));
#7211=DIRECTION('ref_axis',(0.707106781186548,0.707106781186548,0.));
#7212=DIRECTION('',(0.,0.,-1.));
#7213=DIRECTION('center_axis',(0.,0.,-1.));
#7214=DIRECTION('ref_axis',(0.707106781186548,0.707106781186548,0.));
#7215=DIRECTION('center_axis',(-1.26882631385732E-15,1.,0.));
#7216=DIRECTION('ref_axis',(1.,1.26882631385732E-15,0.));
#7217=DIRECTION('',(0.,0.,1.));
#7218=DIRECTION('',(-1.,-1.26882631385732E-15,0.));
#7219=DIRECTION('center_axis',(6.72896768007334E-16,-0.707106781186549,
0.707106781186546));
#7220=DIRECTION('ref_axis',(1.,0.,-9.51619735392996E-16));
#7221=DIRECTION('',(0.,0.707106781186546,0.707106781186549));
#7222=DIRECTION('',(0.,-0.707106781186546,-0.707106781186549));
#7223=DIRECTION('',(1.,9.51619735392992E-16,0.));
#7224=DIRECTION('center_axis',(0.,0.,1.));
#7225=DIRECTION('ref_axis',(0.707106781186548,0.707106781186548,0.));
#7226=DIRECTION('center_axis',(0.,0.,-1.));
#7227=DIRECTION('ref_axis',(0.707106781186548,0.707106781186548,0.));
#7228=DIRECTION('',(0.70710678118654,0.,0.707106781186555));
#7229=DIRECTION('center_axis',(-0.707106781186543,-2.24298922669109E-15,
0.707106781186552));
#7230=DIRECTION('ref_axis',(0.707106781186552,0.,0.707106781186543));
#7231=DIRECTION('',(0.707106781186552,0.,0.707106781186543));
#7232=DIRECTION('',(3.1720657846433E-15,-1.,0.));
#7233=DIRECTION('center_axis',(0.,0.,1.));
#7234=DIRECTION('ref_axis',(0.707106781186548,-0.707106781186548,0.));
#7235=DIRECTION('center_axis',(0.,0.,-1.));
#7236=DIRECTION('ref_axis',(0.707106781186548,-0.707106781186548,0.));
#7237=DIRECTION('',(0.,-0.70710678118654,0.707106781186555));
#7238=DIRECTION('center_axis',(-4.48597845338221E-16,0.707106781186549,
0.707106781186546));
#7239=DIRECTION('ref_axis',(1.,0.,6.34413156928662E-16));
#7240=DIRECTION('',(0.,-0.707106781186546,0.707106781186549));
#7241=DIRECTION('',(-1.,-6.34413156928659E-16,0.));
#7242=DIRECTION('center_axis',(0.,0.,1.));
#7243=DIRECTION('ref_axis',(-0.707106781186552,-0.707106781186543,0.));
#7244=DIRECTION('center_axis',(0.,0.,-1.));
#7245=DIRECTION('ref_axis',(-0.707106781186552,-0.707106781186543,0.));
#7246=DIRECTION('',(-0.707106781186552,0.,0.707106781186543));
#7247=DIRECTION('center_axis',(0.707106781186543,0.,0.707106781186552));
#7248=DIRECTION('ref_axis',(0.707106781186552,0.,-0.707106781186543));
#7249=DIRECTION('',(-0.707106781186552,0.,0.707106781186543));
#7250=DIRECTION('',(0.,1.,0.));
#7251=DIRECTION('center_axis',(0.,0.,1.));
#7252=DIRECTION('ref_axis',(-0.707106781186548,0.707106781186548,0.));
#7253=DIRECTION('center_axis',(0.,0.,-1.));
#7254=DIRECTION('ref_axis',(-0.707106781186548,0.707106781186548,0.));
#7255=DIRECTION('center_axis',(0.,0.,-1.));
#7256=DIRECTION('ref_axis',(0.707106781186548,-0.707106781186548,0.));
#7257=DIRECTION('',(0.,0.,-1.));
#7258=DIRECTION('center_axis',(0.,0.,-1.));
#7259=DIRECTION('ref_axis',(0.707106781186548,-0.707106781186548,0.));
#7260=DIRECTION('',(0.,0.,1.));
#7261=DIRECTION('center_axis',(1.,3.1720657846433E-15,0.));
#7262=DIRECTION('ref_axis',(3.1720657846433E-15,-1.,0.));
#7263=DIRECTION('',(0.,0.,1.));
#7264=DIRECTION('',(-3.1720657846433E-15,1.,0.));
#7265=DIRECTION('center_axis',(0.,0.,-1.));
#7266=DIRECTION('ref_axis',(0.707106781186548,0.707106781186548,0.));
#7267=DIRECTION('',(0.,0.,-1.));
#7268=DIRECTION('center_axis',(0.,0.,-1.));
#7269=DIRECTION('ref_axis',(0.707106781186548,0.707106781186548,0.));
#7270=DIRECTION('center_axis',(-9.51619735392992E-16,1.,0.));
#7271=DIRECTION('ref_axis',(1.,9.51619735392992E-16,0.));
#7272=DIRECTION('',(0.,0.,1.));
#7273=DIRECTION('',(-1.,-9.51619735392992E-16,0.));
#7274=DIRECTION('center_axis',(0.,-0.707106781186549,0.707106781186546));
#7275=DIRECTION('ref_axis',(1.,0.,0.));
#7276=DIRECTION('',(0.,0.707106781186546,0.707106781186549));
#7277=DIRECTION('',(0.,-0.707106781186546,-0.707106781186549));
#7278=DIRECTION('',(1.,0.,0.));
#7279=DIRECTION('center_axis',(0.,0.,1.));
#7280=DIRECTION('ref_axis',(0.707106781186548,0.707106781186548,0.));
#7281=DIRECTION('center_axis',(0.,0.,-1.));
#7282=DIRECTION('ref_axis',(0.707106781186548,0.707106781186548,0.));
#7283=DIRECTION('',(0.707106781186546,0.,0.707106781186549));
#7284=DIRECTION('center_axis',(-0.707106781186549,0.,0.707106781186546));
#7285=DIRECTION('ref_axis',(0.707106781186546,0.,0.707106781186549));
#7286=DIRECTION('',(0.707106781186546,0.,0.707106781186549));
#7287=DIRECTION('',(0.,-1.,0.));
#7288=DIRECTION('center_axis',(0.,0.,1.));
#7289=DIRECTION('ref_axis',(0.707106781186548,-0.707106781186548,0.));
#7290=DIRECTION('center_axis',(0.,0.,-1.));
#7291=DIRECTION('ref_axis',(0.707106781186548,-0.707106781186548,0.));
#7292=DIRECTION('',(0.,-0.707106781186552,0.707106781186543));
#7293=DIRECTION('center_axis',(2.24298922669111E-16,0.707106781186549,0.707106781186546));
#7294=DIRECTION('ref_axis',(1.,0.,-3.17206578464332E-16));
#7295=DIRECTION('',(0.,-0.707106781186546,0.707106781186549));
#7296=DIRECTION('',(-1.,3.1720657846433E-16,0.));
#7297=DIRECTION('center_axis',(0.,0.,1.));
#7298=DIRECTION('ref_axis',(-0.707106781186545,-0.70710678118655,0.));
#7299=DIRECTION('center_axis',(0.,0.,-1.));
#7300=DIRECTION('ref_axis',(-0.707106781186545,-0.70710678118655,0.));
#7301=DIRECTION('',(-0.707106781186549,0.,0.707106781186546));
#7302=DIRECTION('center_axis',(0.707106781186546,1.12149461334555E-16,0.707106781186549));
#7303=DIRECTION('ref_axis',(0.707106781186549,0.,-0.707106781186546));
#7304=DIRECTION('',(-0.707106781186549,0.,0.707106781186546));
#7305=DIRECTION('',(-1.58603289232165E-16,1.,0.));
#7306=DIRECTION('center_axis',(0.,0.,1.));
#7307=DIRECTION('ref_axis',(-0.707106781186552,0.707106781186543,0.));
#7308=DIRECTION('center_axis',(0.,0.,-1.));
#7309=DIRECTION('ref_axis',(-0.707106781186552,0.707106781186543,0.));
#7310=DIRECTION('center_axis',(0.,0.,-1.));
#7311=DIRECTION('ref_axis',(0.707106781186548,-0.707106781186548,0.));
#7312=DIRECTION('',(0.,0.,-1.));
#7313=DIRECTION('center_axis',(0.,0.,-1.));
#7314=DIRECTION('ref_axis',(0.707106781186548,-0.707106781186548,0.));
#7315=DIRECTION('',(0.,0.,1.));
#7316=DIRECTION('center_axis',(1.,0.,0.));
#7317=DIRECTION('ref_axis',(0.,-1.,0.));
#7318=DIRECTION('',(0.,0.,1.));
#7319=DIRECTION('',(0.,1.,0.));
#7320=DIRECTION('center_axis',(0.,0.,-1.));
#7321=DIRECTION('ref_axis',(0.707106781186548,0.707106781186548,0.));
#7322=DIRECTION('',(0.,0.,-1.));
#7323=DIRECTION('center_axis',(0.,0.,-1.));
#7324=DIRECTION('ref_axis',(0.707106781186548,0.707106781186548,0.));
#7325=DIRECTION('center_axis',(0.,1.,0.));
#7326=DIRECTION('ref_axis',(1.,0.,0.));
#7327=DIRECTION('',(0.,0.,1.));
#7328=DIRECTION('',(-1.,0.,0.));
#7329=DIRECTION('center_axis',(2.8037365333639E-17,-0.707106781186551,0.707106781186544));
#7330=DIRECTION('ref_axis',(1.,0.,-3.96508223080417E-17));
#7331=DIRECTION('',(0.,0.707106781186544,0.707106781186551));
#7332=DIRECTION('',(1.57009245868378E-15,-0.707106781186544,-0.707106781186551));
#7333=DIRECTION('',(1.,3.96508223080413E-17,0.));
#7334=DIRECTION('center_axis',(0.,0.,1.));
#7335=DIRECTION('ref_axis',(0.707106781186549,0.707106781186546,0.));
#7336=DIRECTION('center_axis',(0.,0.,-1.));
#7337=DIRECTION('ref_axis',(0.707106781186549,0.707106781186546,0.));
#7338=DIRECTION('',(0.707106781186546,7.85046229341889E-16,0.707106781186549));
#7339=DIRECTION('center_axis',(-0.707106781186546,-4.4859784533822E-16,
0.707106781186549));
#7340=DIRECTION('ref_axis',(0.707106781186549,0.,0.707106781186546));
#7341=DIRECTION('',(0.707106781186549,0.,0.707106781186546));
#7342=DIRECTION('',(6.34413156928661E-16,-1.,0.));
#7343=DIRECTION('center_axis',(0.,0.,1.));
#7344=DIRECTION('ref_axis',(0.707106781186548,-0.707106781186548,0.));
#7345=DIRECTION('center_axis',(0.,0.,-1.));
#7346=DIRECTION('ref_axis',(0.707106781186548,-0.707106781186548,0.));
#7347=DIRECTION('',(0.,-0.707106781186543,0.707106781186552));
#7348=DIRECTION('center_axis',(-1.12149461334555E-16,0.707106781186543,
0.707106781186552));
#7349=DIRECTION('ref_axis',(1.,0.,1.58603289232163E-16));
#7350=DIRECTION('',(6.28036983473505E-15,-0.707106781186552,0.707106781186543));
#7351=DIRECTION('',(-1.,-1.58603289232165E-16,0.));
#7352=DIRECTION('center_axis',(0.,0.,1.));
#7353=DIRECTION('ref_axis',(-0.707106781186549,-0.707106781186546,0.));
#7354=DIRECTION('center_axis',(0.,0.,-1.));
#7355=DIRECTION('ref_axis',(-0.707106781186549,-0.707106781186546,0.));
#7356=DIRECTION('',(-0.707106781186544,0.,0.707106781186551));
#7357=DIRECTION('center_axis',(0.707106781186549,2.80373653336389E-17,0.707106781186546));
#7358=DIRECTION('ref_axis',(0.707106781186546,0.,-0.707106781186549));
#7359=DIRECTION('',(-0.707106781186546,0.,0.707106781186549));
#7360=DIRECTION('',(-3.96508223080413E-17,1.,0.));
#7361=DIRECTION('center_axis',(0.,0.,1.));
#7362=DIRECTION('ref_axis',(-0.707106781186547,0.707106781186547,0.));
#7363=DIRECTION('center_axis',(0.,0.,-1.));
#7364=DIRECTION('ref_axis',(-0.707106781186548,0.707106781186548,0.));
#7365=DIRECTION('center_axis',(0.,0.,-1.));
#7366=DIRECTION('ref_axis',(0.707106781186548,-0.707106781186548,0.));
#7367=DIRECTION('',(0.,0.,-1.));
#7368=DIRECTION('center_axis',(0.,0.,-1.));
#7369=DIRECTION('ref_axis',(0.707106781186548,-0.707106781186548,0.));
#7370=DIRECTION('',(0.,0.,1.));
#7371=DIRECTION('center_axis',(1.,6.34413156928661E-16,0.));
#7372=DIRECTION('ref_axis',(6.34413156928661E-16,-1.,0.));
#7373=DIRECTION('',(0.,0.,1.));
#7374=DIRECTION('',(-6.34413156928661E-16,1.,0.));
#7375=DIRECTION('',(-6.34413156928661E-16,1.,0.));
#7376=DIRECTION('',(-6.34413156928661E-16,1.,0.));
#7377=DIRECTION('center_axis',(0.,0.,-1.));
#7378=DIRECTION('ref_axis',(0.707106781186549,0.707106781186546,0.));
#7379=DIRECTION('',(0.,0.,-1.));
#7380=DIRECTION('center_axis',(0.,0.,-1.));
#7381=DIRECTION('ref_axis',(0.707106781186549,0.707106781186546,0.));
#7382=DIRECTION('center_axis',(-3.96508223080413E-17,1.,0.));
#7383=DIRECTION('ref_axis',(1.,3.96508223080413E-17,0.));
#7384=DIRECTION('',(0.,0.,1.));
#7385=DIRECTION('',(-1.,-3.96508223080413E-17,0.));
#7386=DIRECTION('center_axis',(0.,-0.707106781186551,0.707106781186544));
#7387=DIRECTION('ref_axis',(1.,0.,0.));
#7388=DIRECTION('',(0.,0.707106781186544,0.707106781186551));
#7389=DIRECTION('',(0.,-0.707106781186544,-0.707106781186551));
#7390=DIRECTION('',(1.,0.,0.));
#7391=DIRECTION('center_axis',(0.,0.,1.));
#7392=DIRECTION('ref_axis',(0.707106781186549,0.707106781186546,0.));
#7393=DIRECTION('center_axis',(0.,0.,-1.));
#7394=DIRECTION('ref_axis',(0.707106781186549,0.707106781186546,0.));
#7395=DIRECTION('',(0.707106781186546,0.,0.707106781186549));
#7396=DIRECTION('center_axis',(-0.707106781186537,4.48597845338214E-16,
0.707106781186559));
#7397=DIRECTION('ref_axis',(0.707106781186559,0.,0.707106781186537));
#7398=DIRECTION('',(0.707106781186558,0.,0.707106781186536));
#7399=DIRECTION('',(-6.34413156928661E-16,-1.,0.));
#7400=DIRECTION('center_axis',(0.,0.,1.));
#7401=DIRECTION('ref_axis',(0.707106781186545,-0.70710678118655,0.));
#7402=DIRECTION('center_axis',(0.,0.,-1.));
#7403=DIRECTION('ref_axis',(0.707106781186545,-0.70710678118655,0.));
#7404=DIRECTION('',(0.,-0.707106781186546,0.707106781186549));
#7405=DIRECTION('center_axis',(1.12149461334556E-16,0.707106781186552,0.707106781186543));
#7406=DIRECTION('ref_axis',(1.,0.,-1.58603289232167E-16));
#7407=DIRECTION('',(0.,-0.707106781186543,0.707106781186552));
#7408=DIRECTION('',(-1.,1.58603289232165E-16,0.));
#7409=DIRECTION('center_axis',(0.,0.,1.));
#7410=DIRECTION('ref_axis',(-0.707106781186548,-0.707106781186548,0.));
#7411=DIRECTION('center_axis',(0.,0.,-1.));
#7412=DIRECTION('ref_axis',(-0.707106781186548,-0.707106781186548,0.));
#7413=DIRECTION('',(-0.707106781186546,0.,0.707106781186549));
#7414=DIRECTION('center_axis',(0.707106781186555,2.24298922669113E-16,0.70710678118654));
#7415=DIRECTION('ref_axis',(0.70710678118654,0.,-0.707106781186555));
#7416=DIRECTION('',(-0.70710678118654,7.85046229341896E-16,0.707106781186555));
#7417=DIRECTION('',(-3.1720657846433E-16,1.,0.));
#7418=DIRECTION('center_axis',(0.,0.,1.));
#7419=DIRECTION('ref_axis',(-0.707106781186545,0.70710678118655,0.));
#7420=DIRECTION('center_axis',(0.,0.,-1.));
#7421=DIRECTION('ref_axis',(-0.707106781186545,0.70710678118655,0.));
#7422=DIRECTION('center_axis',(0.,0.,-1.));
#7423=DIRECTION('ref_axis',(0.707106781186545,-0.70710678118655,0.));
#7424=DIRECTION('',(0.,0.,-1.));
#7425=DIRECTION('center_axis',(0.,0.,-1.));
#7426=DIRECTION('ref_axis',(0.707106781186545,-0.70710678118655,0.));
#7427=DIRECTION('',(0.,0.,1.));
#7428=DIRECTION('center_axis',(1.,-6.34413156928661E-16,0.));
#7429=DIRECTION('ref_axis',(-6.34413156928661E-16,-1.,0.));
#7430=DIRECTION('',(0.,0.,1.));
#7431=DIRECTION('',(6.34413156928661E-16,1.,0.));
#7432=DIRECTION('center_axis',(0.,0.,-1.));
#7433=DIRECTION('ref_axis',(0.707106781186549,0.707106781186546,0.));
#7434=DIRECTION('',(0.,0.,-1.));
#7435=DIRECTION('center_axis',(0.,0.,-1.));
#7436=DIRECTION('ref_axis',(0.707106781186549,0.707106781186546,0.));
#7437=DIRECTION('center_axis',(0.,1.,0.));
#7438=DIRECTION('ref_axis',(1.,0.,0.));
#7439=DIRECTION('',(0.,0.,1.));
#7440=DIRECTION('',(-1.,0.,0.));
#7441=DIRECTION('center_axis',(0.,-0.707106781186551,0.707106781186544));
#7442=DIRECTION('ref_axis',(1.,0.,0.));
#7443=DIRECTION('',(0.,0.707106781186544,0.707106781186551));
#7444=DIRECTION('',(0.,-0.707106781186544,-0.707106781186551));
#7445=DIRECTION('',(1.,0.,0.));
#7446=DIRECTION('center_axis',(0.,0.,1.));
#7447=DIRECTION('ref_axis',(0.70710678118655,0.707106781186545,0.));
#7448=DIRECTION('center_axis',(0.,0.,-1.));
#7449=DIRECTION('ref_axis',(0.70710678118655,0.707106781186545,0.));
#7450=DIRECTION('',(0.70710678118654,-1.57009245868379E-15,0.707106781186555));
#7451=DIRECTION('center_axis',(-0.707106781186555,1.34579353601468E-15,
0.70710678118654));
#7452=DIRECTION('ref_axis',(0.70710678118654,0.,0.707106781186555));
#7453=DIRECTION('',(0.70710678118654,0.,0.707106781186555));
#7454=DIRECTION('',(-1.90323947078598E-15,-1.,0.));
#7455=DIRECTION('center_axis',(0.,0.,1.));
#7456=DIRECTION('ref_axis',(0.707106781186548,-0.707106781186548,0.));
#7457=DIRECTION('center_axis',(0.,0.,-1.));
#7458=DIRECTION('ref_axis',(0.707106781186548,-0.707106781186548,0.));
#7459=DIRECTION('',(0.,-0.707106781186549,0.707106781186546));
#7460=DIRECTION('center_axis',(-1.12149461334557E-16,0.707106781186555,
0.70710678118654));
#7461=DIRECTION('ref_axis',(1.,0.,1.58603289232169E-16));
#7462=DIRECTION('',(0.,-0.70710678118654,0.707106781186555));
#7463=DIRECTION('',(-1.,-1.58603289232166E-16,0.));
#7464=DIRECTION('center_axis',(0.,0.,1.));
#7465=DIRECTION('ref_axis',(-0.707106781186548,-0.707106781186548,0.));
#7466=DIRECTION('center_axis',(0.,0.,-1.));
#7467=DIRECTION('ref_axis',(-0.707106781186548,-0.707106781186548,0.));
#7468=DIRECTION('',(-0.707106781186552,0.,0.707106781186543));
#7469=DIRECTION('center_axis',(0.707106781186543,2.24298922669109E-15,0.707106781186552));
#7470=DIRECTION('ref_axis',(0.707106781186552,0.,-0.707106781186543));
#7471=DIRECTION('',(-0.707106781186552,-6.28036983473505E-15,0.707106781186543));
#7472=DIRECTION('',(-3.1720657846433E-15,1.,0.));
#7473=DIRECTION('center_axis',(0.,0.,1.));
#7474=DIRECTION('ref_axis',(-0.70710678118655,0.707106781186545,0.));
#7475=DIRECTION('center_axis',(0.,0.,-1.));
#7476=DIRECTION('ref_axis',(-0.70710678118655,0.707106781186545,0.));
#7477=DIRECTION('center_axis',(0.,0.,-1.));
#7478=DIRECTION('ref_axis',(0.707106781186548,-0.707106781186548,0.));
#7479=DIRECTION('',(0.,0.,-1.));
#7480=DIRECTION('center_axis',(0.,0.,-1.));
#7481=DIRECTION('ref_axis',(0.707106781186548,-0.707106781186548,0.));
#7482=DIRECTION('',(0.,0.,1.));
#7483=DIRECTION('center_axis',(1.,-1.90323947078598E-15,0.));
#7484=DIRECTION('ref_axis',(-1.90323947078598E-15,-1.,0.));
#7485=DIRECTION('',(0.,0.,1.));
#7486=DIRECTION('',(1.90323947078598E-15,1.,0.));
#7487=DIRECTION('center_axis',(0.,0.,-1.));
#7488=DIRECTION('ref_axis',(0.70710678118655,0.707106781186545,0.));
#7489=DIRECTION('',(0.,0.,-1.));
#7490=DIRECTION('center_axis',(0.,0.,-1.));
#7491=DIRECTION('ref_axis',(0.70710678118655,0.707106781186545,0.));
#7492=DIRECTION('center_axis',(0.,1.,0.));
#7493=DIRECTION('ref_axis',(1.,0.,0.));
#7494=DIRECTION('',(0.,0.,1.));
#7495=DIRECTION('',(-1.,0.,0.));
#7496=DIRECTION('center_axis',(-1.40186826668195E-17,-0.707106781186551,
0.707106781186544));
#7497=DIRECTION('ref_axis',(1.,0.,1.98254111540209E-17));
#7498=DIRECTION('',(0.,0.707106781186544,0.707106781186551));
#7499=DIRECTION('',(0.,-0.707106781186544,-0.707106781186551));
#7500=DIRECTION('',(1.,-1.98254111540206E-17,0.));
#7501=DIRECTION('center_axis',(0.,0.,1.));
#7502=DIRECTION('ref_axis',(0.70710678118655,0.707106781186545,0.));
#7503=DIRECTION('center_axis',(0.,0.,-1.));
#7504=DIRECTION('ref_axis',(0.70710678118655,0.707106781186545,0.));
#7505=DIRECTION('',(0.70710678118654,-1.57009245868379E-15,0.707106781186555));
#7506=DIRECTION('center_axis',(-0.707106781186543,1.34579353601466E-15,
0.707106781186552));
#7507=DIRECTION('ref_axis',(0.707106781186552,0.,0.707106781186543));
#7508=DIRECTION('',(0.707106781186552,0.,0.707106781186543));
#7509=DIRECTION('',(-1.90323947078598E-15,-1.,0.));
#7510=DIRECTION('center_axis',(0.,0.,1.));
#7511=DIRECTION('ref_axis',(0.707106781186548,-0.707106781186548,0.));
#7512=DIRECTION('center_axis',(0.,0.,-1.));
#7513=DIRECTION('ref_axis',(0.707106781186548,-0.707106781186548,0.));
#7514=DIRECTION('',(0.,-0.707106781186549,0.707106781186546));
#7515=DIRECTION('center_axis',(0.,0.707106781186549,0.707106781186546));
#7516=DIRECTION('ref_axis',(1.,0.,0.));
#7517=DIRECTION('',(0.,-0.707106781186546,0.707106781186549));
#7518=DIRECTION('',(-1.,0.,0.));
#7519=DIRECTION('center_axis',(0.,0.,1.));
#7520=DIRECTION('ref_axis',(-0.70710678118655,-0.707106781186545,0.));
#7521=DIRECTION('center_axis',(0.,0.,-1.));
#7522=DIRECTION('ref_axis',(-0.70710678118655,-0.707106781186545,0.));
#7523=DIRECTION('',(-0.70710678118654,0.,0.707106781186555));
#7524=DIRECTION('center_axis',(0.707106781186543,4.48597845338219E-16,0.707106781186552));
#7525=DIRECTION('ref_axis',(0.707106781186552,0.,-0.707106781186543));
#7526=DIRECTION('',(-0.707106781186552,1.57009245868376E-15,0.707106781186543));
#7527=DIRECTION('',(-6.34413156928661E-16,1.,0.));
#7528=DIRECTION('center_axis',(0.,0.,1.));
#7529=DIRECTION('ref_axis',(-0.707106781186549,0.707106781186546,0.));
#7530=DIRECTION('center_axis',(0.,0.,-1.));
#7531=DIRECTION('ref_axis',(-0.707106781186549,0.707106781186546,0.));
#7532=DIRECTION('center_axis',(0.,0.,-1.));
#7533=DIRECTION('ref_axis',(0.707106781186548,-0.707106781186548,0.));
#7534=DIRECTION('',(0.,0.,-1.));
#7535=DIRECTION('center_axis',(0.,0.,-1.));
#7536=DIRECTION('ref_axis',(0.707106781186548,-0.707106781186548,0.));
#7537=DIRECTION('',(0.,0.,1.));
#7538=DIRECTION('center_axis',(1.,-1.90323947078598E-15,0.));
#7539=DIRECTION('ref_axis',(-1.90323947078598E-15,-1.,0.));
#7540=DIRECTION('',(0.,0.,1.));
#7541=DIRECTION('',(1.90323947078598E-15,1.,0.));
#7542=DIRECTION('center_axis',(0.,0.,-1.));
#7543=DIRECTION('ref_axis',(0.70710678118655,0.707106781186545,0.));
#7544=DIRECTION('',(0.,0.,-1.));
#7545=DIRECTION('center_axis',(0.,0.,-1.));
#7546=DIRECTION('ref_axis',(0.70710678118655,0.707106781186545,0.));
#7547=DIRECTION('center_axis',(1.98254111540206E-17,1.,0.));
#7548=DIRECTION('ref_axis',(1.,-1.98254111540206E-17,0.));
#7549=DIRECTION('',(0.,0.,1.));
#7550=DIRECTION('',(-1.,1.98254111540206E-17,0.));
#7551=DIRECTION('center_axis',(-2.8037365333639E-17,-0.707106781186551,
0.707106781186544));
#7552=DIRECTION('ref_axis',(1.,0.,3.96508223080417E-17));
#7553=DIRECTION('',(0.,0.707106781186544,0.707106781186551));
#7554=DIRECTION('',(0.,-0.707106781186543,-0.707106781186552));
#7555=DIRECTION('',(1.,-3.96508223080412E-17,0.));
#7556=DIRECTION('center_axis',(0.,0.,1.));
#7557=DIRECTION('ref_axis',(0.707106781186549,0.707106781186546,0.));
#7558=DIRECTION('center_axis',(0.,0.,-1.));
#7559=DIRECTION('ref_axis',(0.707106781186549,0.707106781186546,0.));
#7560=DIRECTION('',(0.707106781186552,0.,0.707106781186543));
#7561=DIRECTION('center_axis',(-0.707106781186543,0.,0.707106781186552));
#7562=DIRECTION('ref_axis',(0.707106781186552,0.,0.707106781186543));
#7563=DIRECTION('',(0.707106781186552,0.,0.707106781186543));
#7564=DIRECTION('',(0.,-1.,0.));
#7565=DIRECTION('center_axis',(0.,0.,1.));
#7566=DIRECTION('ref_axis',(0.707106781186547,-0.707106781186547,0.));
#7567=DIRECTION('center_axis',(0.,0.,-1.));
#7568=DIRECTION('ref_axis',(0.707106781186548,-0.707106781186548,0.));
#7569=DIRECTION('',(0.,-0.707106781186562,0.707106781186533));
#7570=DIRECTION('center_axis',(3.36448384003671E-16,0.707106781186555,0.70710678118654));
#7571=DIRECTION('ref_axis',(1.,0.,-4.75809867696508E-16));
#7572=DIRECTION('',(0.,-0.70710678118654,0.707106781186555));
#7573=DIRECTION('',(-1.,4.75809867696497E-16,0.));
#7574=DIRECTION('center_axis',(0.,0.,1.));
#7575=DIRECTION('ref_axis',(-0.707106781186545,-0.70710678118655,0.));
#7576=DIRECTION('center_axis',(0.,0.,-1.));
#7577=DIRECTION('ref_axis',(-0.707106781186545,-0.70710678118655,0.));
#7578=DIRECTION('',(-0.707106781186527,-6.28036983473528E-15,0.707106781186568));
#7579=DIRECTION('center_axis',(0.707106781186543,3.58878276270575E-15,0.707106781186552));
#7580=DIRECTION('ref_axis',(0.707106781186552,0.,-0.707106781186543));
#7581=DIRECTION('',(-0.707106781186552,-2.35513868802564E-15,0.707106781186543));
#7582=DIRECTION('',(-5.07530525542929E-15,1.,0.));
#7583=DIRECTION('center_axis',(0.,0.,1.));
#7584=DIRECTION('ref_axis',(-0.707106781186551,0.707106781186544,0.));
#7585=DIRECTION('center_axis',(0.,0.,-1.));
#7586=DIRECTION('ref_axis',(-0.707106781186551,0.707106781186544,0.));
#7587=DIRECTION('center_axis',(0.,0.,-1.));
#7588=DIRECTION('ref_axis',(0.707106781186548,-0.707106781186548,0.));
#7589=DIRECTION('',(0.,0.,-1.));
#7590=DIRECTION('center_axis',(0.,0.,-1.));
#7591=DIRECTION('ref_axis',(0.707106781186548,-0.707106781186548,0.));
#7592=DIRECTION('',(0.,0.,1.));
#7593=DIRECTION('center_axis',(1.,0.,0.));
#7594=DIRECTION('ref_axis',(0.,-1.,0.));
#7595=DIRECTION('',(0.,0.,1.));
#7596=DIRECTION('',(0.,1.,0.));
#7597=DIRECTION('center_axis',(0.,0.,-1.));
#7598=DIRECTION('ref_axis',(0.707106781186549,0.707106781186546,0.));
#7599=DIRECTION('',(0.,0.,-1.));
#7600=DIRECTION('center_axis',(0.,0.,-1.));
#7601=DIRECTION('ref_axis',(0.707106781186549,0.707106781186546,0.));
#7602=DIRECTION('center_axis',(3.96508223080412E-17,1.,0.));
#7603=DIRECTION('ref_axis',(1.,-3.96508223080412E-17,0.));
#7604=DIRECTION('',(0.,0.,1.));
#7605=DIRECTION('',(-1.,3.96508223080412E-17,0.));
#7606=DIRECTION('center_axis',(1.,0.,0.));
#7607=DIRECTION('ref_axis',(0.,0.,1.));
#7608=DIRECTION('',(0.,0.,-1.));
#7609=DIRECTION('',(0.,-1.,0.));
#7610=DIRECTION('',(0.,0.,1.));
#7611=DIRECTION('',(0.,1.,0.));
#7612=DIRECTION('center_axis',(-1.,0.,0.));
#7613=DIRECTION('ref_axis',(0.,0.,-1.));
#7614=DIRECTION('',(0.,-1.,0.));
#7615=DIRECTION('',(0.,0.,-1.));
#7616=DIRECTION('',(0.,-1.,0.));
#7617=DIRECTION('',(0.,0.,1.));
#7618=DIRECTION('center_axis',(0.,-1.,0.));
#7619=DIRECTION('ref_axis',(-1.,0.,6.30808536718628E-17));
#7620=DIRECTION('center_axis',(5.90151773887043E-17,1.,0.));
#7621=DIRECTION('ref_axis',(-1.,0.,6.30808536718628E-17));
#7622=DIRECTION('center_axis',(0.,-1.,0.));
#7623=DIRECTION('ref_axis',(-1.,0.,6.30808536718628E-17));
#7624=DIRECTION('',(0.,-1.,0.));
#7625=DIRECTION('center_axis',(0.,0.,1.));
#7626=DIRECTION('ref_axis',(-1.,0.,0.));
#7627=DIRECTION('',(1.,-5.90151773887043E-17,0.));
#7628=DIRECTION('',(-1.,0.,0.));
#7629=DIRECTION('',(0.,-1.,0.));
#7630=DIRECTION('center_axis',(0.,-1.,0.));
#7631=DIRECTION('ref_axis',(0.,0.,1.));
#7632=DIRECTION('center_axis',(5.90151773887043E-17,1.,0.));
#7633=DIRECTION('ref_axis',(0.,0.,1.));
#7634=DIRECTION('center_axis',(0.,-1.,0.));
#7635=DIRECTION('ref_axis',(0.,0.,1.));
#7636=DIRECTION('center_axis',(0.,0.,1.));
#7637=DIRECTION('ref_axis',(-1.,0.,0.));
#7638=DIRECTION('',(1.,-5.90151773887043E-17,0.));
#7639=DIRECTION('',(0.,-1.,0.));
#7640=DIRECTION('',(-1.,0.,0.));
#7641=DIRECTION('',(0.,-1.,0.));
#7642=DIRECTION('center_axis',(1.,0.,0.));
#7643=DIRECTION('ref_axis',(0.,0.,1.));
#7644=DIRECTION('',(0.,0.,-1.));
#7645=DIRECTION('',(0.,0.,1.));
#7646=DIRECTION('',(0.,1.,0.));
#7647=DIRECTION('center_axis',(-1.,0.,0.));
#7648=DIRECTION('ref_axis',(0.,0.,-1.));
#7649=DIRECTION('',(0.,0.,1.));
#7650=DIRECTION('',(0.,-1.,0.));
#7651=DIRECTION('',(0.,0.,-1.));
#7652=DIRECTION('center_axis',(0.,0.,1.));
#7653=DIRECTION('ref_axis',(-1.,0.,0.));
#7654=DIRECTION('',(1.,-5.90151773887043E-17,0.));
#7655=DIRECTION('',(0.,-1.,0.));
#7656=DIRECTION('',(-1.,0.,0.));
#7657=DIRECTION('',(0.,-1.,0.));
#7658=DIRECTION('center_axis',(1.,0.,0.));
#7659=DIRECTION('ref_axis',(0.,0.,1.));
#7660=DIRECTION('',(0.,0.,-1.));
#7661=DIRECTION('',(0.,0.,1.));
#7662=DIRECTION('',(0.,1.,0.));
#7663=DIRECTION('center_axis',(-1.,0.,0.));
#7664=DIRECTION('ref_axis',(0.,0.,-1.));
#7665=DIRECTION('',(0.,0.,1.));
#7666=DIRECTION('',(0.,-1.,0.));
#7667=DIRECTION('',(0.,0.,-1.));
#7668=DIRECTION('center_axis',(0.,0.,-1.));
#7669=DIRECTION('ref_axis',(1.,0.,0.));
#7670=DIRECTION('',(1.,-5.90151773887043E-17,0.));
#7671=DIRECTION('',(1.,-2.17747716649808E-17,0.));
#7672=DIRECTION('center_axis',(0.,0.,-1.));
#7673=DIRECTION('ref_axis',(1.,0.,0.));
#7674=DIRECTION('',(1.,-5.90151773887043E-17,0.));
#7675=DIRECTION('center_axis',(0.,0.,-1.));
#7676=DIRECTION('ref_axis',(-0.999999999999998,-6.42332042180939E-8,0.));
#7677=DIRECTION('',(0.,1.,0.));
#7678=DIRECTION('center_axis',(0.,0.,-1.));
#7679=DIRECTION('ref_axis',(-0.42290586369499,-0.906173620479207,0.));
#7680=DIRECTION('',(-0.909727454456869,0.415205923136249,0.));
#7681=DIRECTION('center_axis',(0.,0.,1.));
#7682=DIRECTION('ref_axis',(0.422880407702285,0.906185500204869,0.));
#7683=DIRECTION('',(0.909727454456869,0.415205923136249,0.));
#7684=DIRECTION('center_axis',(0.,0.,-1.));
#7685=DIRECTION('ref_axis',(-0.999999999753302,2.22125008375757E-5,0.));
#7686=DIRECTION('',(-1.88057732189936E-7,0.999999999999982,0.));
#7687=DIRECTION('center_axis',(0.,0.,-1.));
#7688=DIRECTION('ref_axis',(-0.422894770809317,-0.906178797380592,0.));
#7689=DIRECTION('',(-0.909727454456868,0.415205923136251,0.));
#7690=DIRECTION('center_axis',(0.,0.,1.));
#7691=DIRECTION('ref_axis',(0.422878702272038,0.906186296058772,0.));
#7692=DIRECTION('',(0.,1.,0.));
#7693=DIRECTION('center_axis',(0.,0.,-1.));
#7694=DIRECTION('ref_axis',(-0.707108803015113,-0.707104759352201,0.));
#7695=DIRECTION('',(-0.707106781186124,0.707106781186971,0.));
#7696=DIRECTION('center_axis',(0.,0.,-1.));
#7697=DIRECTION('ref_axis',(5.70536018542164E-8,-0.999999999999998,0.));
#7698=DIRECTION('',(-1.,0.,0.));
#7699=DIRECTION('center_axis',(0.,0.,-1.));
#7700=DIRECTION('ref_axis',(0.707097758806145,-0.70711580345183,0.));
#7701=DIRECTION('',(-0.707106781186524,-0.707106781186571,0.));
#7702=DIRECTION('center_axis',(0.,0.,-1.));
#7703=DIRECTION('ref_axis',(0.999999999830423,1.8416109036299E-5,0.));
#7704=DIRECTION('',(0.,-1.,0.));
#7705=DIRECTION('center_axis',(0.,0.,1.));
#7706=DIRECTION('ref_axis',(-0.999999999990741,4.30338279538286E-6,0.));
#7707=DIRECTION('',(-0.909727454456868,-0.415205923136251,0.));
#7708=DIRECTION('center_axis',(0.,0.,-1.));
#7709=DIRECTION('ref_axis',(0.999999999834416,-1.81980488827081E-5,0.));
#7710=DIRECTION('',(0.,-1.,0.));
#7711=DIRECTION('center_axis',(0.,0.,-1.));
#7712=DIRECTION('ref_axis',(0.422877241139377,0.906186977905967,0.));
#7713=DIRECTION('',(0.909727454456867,-0.415205923136254,0.));
#7714=DIRECTION('center_axis',(0.,0.,1.));
#7715=DIRECTION('ref_axis',(-0.422882542029223,-0.906184504197077,0.));
#7716=DIRECTION('',(-0.909727454456867,-0.415205923136254,0.));
#7717=DIRECTION('center_axis',(0.,0.,-1.));
#7718=DIRECTION('ref_axis',(0.999999999834416,-1.81980488827081E-5,0.));
#7719=DIRECTION('',(-7.01545317145351E-7,-0.999999999999754,0.));
#7720=DIRECTION('center_axis',(0.,0.,-1.));
#7721=DIRECTION('ref_axis',(-6.42332024417368E-8,0.999999999999998,0.));
#7722=DIRECTION('',(1.,-5.90151773887043E-17,0.));
#7723=DIRECTION('',(1.,-2.17747716649808E-17,0.));
#7724=DIRECTION('center_axis',(0.,0.,-1.));
#7725=DIRECTION('ref_axis',(0.,1.,0.));
#7726=DIRECTION('',(0.,-1.,0.));
#7727=DIRECTION('center_axis',(0.,0.,-1.));
#7728=DIRECTION('ref_axis',(1.,1.91006111763468E-15,0.));
#7729=DIRECTION('',(-1.,1.12427648063307E-16,0.));
#7730=DIRECTION('center_axis',(0.,0.,-1.));
#7731=DIRECTION('ref_axis',(1.19378819852167E-16,-1.,0.));
#7732=DIRECTION('',(-1.33889836430675E-16,1.,0.));
#7733=DIRECTION('center_axis',(0.,0.,-1.));
#7734=DIRECTION('ref_axis',(-1.,-4.10612445508325E-16,0.));
#7735=DIRECTION('',(1.,-2.17747716649808E-17,0.));
#7736=DIRECTION('center_axis',(0.,0.,1.));
#7737=DIRECTION('ref_axis',(-1.,0.,0.));
#7738=DIRECTION('center_axis',(0.,0.,1.));
#7739=DIRECTION('ref_axis',(-1.,0.,0.));
#7740=DIRECTION('center_axis',(0.,0.,1.));
#7741=DIRECTION('ref_axis',(-1.,0.,0.));
#7742=DIRECTION('center_axis',(0.,0.,1.));
#7743=DIRECTION('ref_axis',(-1.,0.,0.));
#7744=DIRECTION('center_axis',(0.,0.,-1.));
#7745=DIRECTION('ref_axis',(1.,0.,0.));
#7746=DIRECTION('',(1.,-2.17747716649808E-17,0.));
#7747=DIRECTION('',(1.,-5.90151773887043E-17,0.));
#7748=DIRECTION('center_axis',(0.,1.,0.));
#7749=DIRECTION('ref_axis',(-1.,0.,0.));
#7750=DIRECTION('',(0.,0.,1.));
#7751=DIRECTION('',(0.,0.,1.));
#7752=DIRECTION('center_axis',(0.,0.,-1.));
#7753=DIRECTION('ref_axis',(-1.,0.,0.));
#7754=DIRECTION('center_axis',(0.,0.,1.));
#7755=DIRECTION('ref_axis',(-1.,0.,0.));
#7756=DIRECTION('',(-0.857167300702112,-1.04972719113862E-16,0.515038074910054));
#7757=DIRECTION('center_axis',(0.,0.,1.));
#7758=DIRECTION('ref_axis',(-1.,0.,0.));
#7759=DIRECTION('center_axis',(0.,0.,1.));
#7760=DIRECTION('ref_axis',(-1.,0.,0.));
#7761=DIRECTION('',(0.,0.,1.));
#7762=DIRECTION('center_axis',(0.,0.,-1.));
#7763=DIRECTION('ref_axis',(1.,0.,0.));
#7764=DIRECTION('center_axis',(0.,0.,-1.));
#7765=DIRECTION('ref_axis',(1.,0.,0.));
#7766=DIRECTION('',(0.,0.,1.));
#7767=DIRECTION('center_axis',(0.,0.,-1.));
#7768=DIRECTION('ref_axis',(1.,0.,0.));
#7769=DIRECTION('center_axis',(0.,0.,1.));
#7770=DIRECTION('ref_axis',(1.,0.,0.));
#7771=DIRECTION('center_axis',(0.,0.,-1.));
#7772=DIRECTION('ref_axis',(1.,0.,0.));
#7773=DIRECTION('center_axis',(0.,0.,-1.));
#7774=DIRECTION('ref_axis',(1.,0.,0.));
#7775=DIRECTION('center_axis',(0.,0.,-1.));
#7776=DIRECTION('ref_axis',(1.,0.,0.));
#7777=DIRECTION('center_axis',(0.,0.,-1.));
#7778=DIRECTION('ref_axis',(-1.,0.,0.));
#7779=DIRECTION('center_axis',(0.,0.,1.));
#7780=DIRECTION('ref_axis',(-1.,0.,0.));
#7781=DIRECTION('',(-0.857167300702112,-1.04972719113862E-16,0.515038074910054));
#7782=DIRECTION('center_axis',(0.,0.,1.));
#7783=DIRECTION('ref_axis',(-1.,0.,0.));
#7784=DIRECTION('',(0.,0.,1.));
#7785=DIRECTION('center_axis',(0.,0.,-1.));
#7786=DIRECTION('ref_axis',(-1.,0.,0.));
#7787=DIRECTION('center_axis',(0.,0.,1.));
#7788=DIRECTION('ref_axis',(-1.,0.,0.));
#7789=DIRECTION('',(-0.857167300702112,-1.04972719113862E-16,0.515038074910054));
#7790=DIRECTION('center_axis',(0.,0.,1.));
#7791=DIRECTION('ref_axis',(-1.,0.,0.));
#7792=DIRECTION('',(0.,0.,1.));
#7793=DIRECTION('center_axis',(0.,0.,-1.));
#7794=DIRECTION('ref_axis',(-1.,0.,0.));
#7795=DIRECTION('center_axis',(0.,0.,1.));
#7796=DIRECTION('ref_axis',(-1.,0.,0.));
#7797=DIRECTION('',(-0.857167300702112,-1.04972719113862E-16,0.515038074910054));
#7798=DIRECTION('center_axis',(0.,0.,1.));
#7799=DIRECTION('ref_axis',(-1.,0.,0.));
#7800=DIRECTION('',(0.,0.,1.));
#7801=DIRECTION('center_axis',(0.,0.,-1.));
#7802=DIRECTION('ref_axis',(-1.,0.,0.));
#7803=DIRECTION('center_axis',(0.,0.,1.));
#7804=DIRECTION('ref_axis',(-1.,0.,0.));
#7805=DIRECTION('',(-0.857167300702112,-1.04972719113862E-16,0.515038074910054));
#7806=DIRECTION('center_axis',(0.,0.,1.));
#7807=DIRECTION('ref_axis',(-1.,0.,0.));
#7808=DIRECTION('',(0.,0.,1.));
#7809=DIRECTION('center_axis',(0.707106781186971,0.707106781186124,0.));
#7810=DIRECTION('ref_axis',(0.707106781186124,-0.707106781186971,0.));
#7811=DIRECTION('',(0.707106781186124,-0.707106781186971,0.));
#7812=DIRECTION('',(0.,0.,-1.));
#7813=DIRECTION('',(0.,0.,-1.));
#7814=DIRECTION('center_axis',(0.,0.,-1.));
#7815=DIRECTION('ref_axis',(-0.707108803015113,-0.707104759352201,0.));
#7816=DIRECTION('center_axis',(0.,0.,1.));
#7817=DIRECTION('ref_axis',(-0.707108803015113,-0.707104759352201,0.));
#7818=DIRECTION('',(0.,0.,-1.));
#7819=DIRECTION('center_axis',(1.,0.,0.));
#7820=DIRECTION('ref_axis',(0.,-1.,0.));
#7821=DIRECTION('',(0.,-1.,0.));
#7822=DIRECTION('',(0.,0.,-1.));
#7823=DIRECTION('center_axis',(0.,0.,-1.));
#7824=DIRECTION('ref_axis',(0.422878702272038,0.906186296058772,0.));
#7825=DIRECTION('center_axis',(0.,0.,-1.));
#7826=DIRECTION('ref_axis',(0.422878702272038,0.906186296058772,0.));
#7827=DIRECTION('',(0.,0.,-1.));
#7828=DIRECTION('center_axis',(0.415205923136251,0.909727454456868,0.));
#7829=DIRECTION('ref_axis',(0.909727454456868,-0.415205923136251,0.));
#7830=DIRECTION('',(0.909727454456868,-0.415205923136251,0.));
#7831=DIRECTION('',(0.,0.,1.));
#7832=DIRECTION('center_axis',(0.,0.,-1.));
#7833=DIRECTION('ref_axis',(-0.422894770809317,-0.906178797380592,0.));
#7834=DIRECTION('center_axis',(0.,0.,1.));
#7835=DIRECTION('ref_axis',(-0.422894770809317,-0.906178797380592,0.));
#7836=DIRECTION('',(0.,0.,-1.));
#7837=DIRECTION('center_axis',(0.999999999999982,1.88057732189936E-7,0.));
#7838=DIRECTION('ref_axis',(1.88057732189936E-7,-0.999999999999982,0.));
#7839=DIRECTION('',(1.88057732189936E-7,-0.999999999999982,0.));
#7840=DIRECTION('',(0.,0.,-1.));
#7841=DIRECTION('center_axis',(0.,0.,-1.));
#7842=DIRECTION('ref_axis',(-0.999999999753302,2.22125008375757E-5,0.));
#7843=DIRECTION('center_axis',(0.,0.,1.));
#7844=DIRECTION('ref_axis',(-0.999999999753302,2.22125008375757E-5,0.));
#7845=DIRECTION('',(0.,0.,1.));
#7846=DIRECTION('center_axis',(0.415205923136249,-0.909727454456869,0.));
#7847=DIRECTION('ref_axis',(-0.909727454456869,-0.415205923136249,0.));
#7848=DIRECTION('',(-0.909727454456869,-0.415205923136249,0.));
#7849=DIRECTION('',(0.,0.,-1.));
#7850=DIRECTION('center_axis',(0.,0.,-1.));
#7851=DIRECTION('ref_axis',(0.422880407702285,0.906185500204869,0.));
#7852=DIRECTION('center_axis',(0.,0.,-1.));
#7853=DIRECTION('ref_axis',(0.422880407702285,0.906185500204869,0.));
#7854=DIRECTION('',(0.,0.,-1.));
#7855=DIRECTION('center_axis',(0.415205923136249,0.909727454456869,0.));
#7856=DIRECTION('ref_axis',(0.909727454456869,-0.415205923136249,0.));
#7857=DIRECTION('',(0.909727454456869,-0.415205923136249,0.));
#7858=DIRECTION('',(0.,0.,1.));
#7859=DIRECTION('center_axis',(0.,0.,-1.));
#7860=DIRECTION('ref_axis',(-0.42290586369499,-0.906173620479207,0.));
#7861=DIRECTION('center_axis',(0.,0.,1.));
#7862=DIRECTION('ref_axis',(-0.42290586369499,-0.906173620479207,0.));
#7863=DIRECTION('',(0.,0.,-1.));
#7864=DIRECTION('center_axis',(1.,0.,0.));
#7865=DIRECTION('ref_axis',(0.,-1.,0.));
#7866=DIRECTION('',(0.,-1.,0.));
#7867=DIRECTION('',(0.,0.,-1.));
#7868=DIRECTION('center_axis',(0.,0.,-1.));
#7869=DIRECTION('ref_axis',(-0.999999999999998,-6.42332042180939E-8,0.));
#7870=DIRECTION('center_axis',(0.,0.,1.));
#7871=DIRECTION('ref_axis',(-0.999999999999998,-6.42332042180939E-8,0.));
#7872=DIRECTION('',(0.,0.,-1.));
#7873=DIRECTION('center_axis',(-5.90151773887043E-17,-1.,0.));
#7874=DIRECTION('ref_axis',(-1.,5.90151773887043E-17,0.));
#7875=DIRECTION('',(0.,0.,-1.));
#7876=DIRECTION('',(-1.,5.90151773887043E-17,0.));
#7877=DIRECTION('center_axis',(0.,0.,-1.));
#7878=DIRECTION('ref_axis',(-6.42332024417368E-8,0.999999999999998,0.));
#7879=DIRECTION('center_axis',(0.,0.,1.));
#7880=DIRECTION('ref_axis',(-6.42332024417368E-8,0.999999999999998,0.));
#7881=DIRECTION('',(0.,0.,-1.));
#7882=DIRECTION('center_axis',(-0.999999999999754,7.01545317145351E-7,0.));
#7883=DIRECTION('ref_axis',(7.01545317145351E-7,0.999999999999754,0.));
#7884=DIRECTION('',(7.01545317145351E-7,0.999999999999754,0.));
#7885=DIRECTION('',(0.,0.,-1.));
#7886=DIRECTION('center_axis',(0.,0.,-1.));
#7887=DIRECTION('ref_axis',(0.999999999834416,-1.81980488827081E-5,0.));
#7888=DIRECTION('center_axis',(0.,0.,1.));
#7889=DIRECTION('ref_axis',(0.999999999834416,-1.81980488827081E-5,0.));
#7890=DIRECTION('',(0.,0.,-1.));
#7891=DIRECTION('center_axis',(-0.415205923136254,0.909727454456867,0.));
#7892=DIRECTION('ref_axis',(0.909727454456867,0.415205923136254,0.));
#7893=DIRECTION('',(0.909727454456867,0.415205923136254,0.));
#7894=DIRECTION('',(0.,0.,1.));
#7895=DIRECTION('center_axis',(0.,0.,-1.));
#7896=DIRECTION('ref_axis',(-0.422882542029223,-0.906184504197077,0.));
#7897=DIRECTION('center_axis',(0.,0.,-1.));
#7898=DIRECTION('ref_axis',(-0.422882542029223,-0.906184504197077,0.));
#7899=DIRECTION('',(0.,0.,1.));
#7900=DIRECTION('center_axis',(-0.415205923136254,-0.909727454456867,0.));
#7901=DIRECTION('ref_axis',(-0.909727454456867,0.415205923136254,0.));
#7902=DIRECTION('',(-0.909727454456867,0.415205923136254,0.));
#7903=DIRECTION('',(0.,0.,-1.));
#7904=DIRECTION('center_axis',(0.,0.,-1.));
#7905=DIRECTION('ref_axis',(0.422877241139377,0.906186977905967,0.));
#7906=DIRECTION('center_axis',(0.,0.,1.));
#7907=DIRECTION('ref_axis',(0.422877241139377,0.906186977905967,0.));
#7908=DIRECTION('',(0.,0.,-1.));
#7909=DIRECTION('center_axis',(-1.,0.,0.));
#7910=DIRECTION('ref_axis',(0.,1.,0.));
#7911=DIRECTION('',(0.,1.,0.));
#7912=DIRECTION('',(0.,0.,-1.));
#7913=DIRECTION('center_axis',(0.,0.,-1.));
#7914=DIRECTION('ref_axis',(0.999999999834416,-1.81980488827081E-5,0.));
#7915=DIRECTION('center_axis',(0.,0.,1.));
#7916=DIRECTION('ref_axis',(0.999999999834416,-1.81980488827081E-5,0.));
#7917=DIRECTION('',(0.,0.,-1.));
#7918=DIRECTION('center_axis',(-0.415205923136251,0.909727454456868,0.));
#7919=DIRECTION('ref_axis',(0.909727454456868,0.415205923136251,0.));
#7920=DIRECTION('',(0.909727454456868,0.415205923136251,0.));
#7921=DIRECTION('',(0.,0.,1.));
#7922=DIRECTION('center_axis',(0.,0.,-1.));
#7923=DIRECTION('ref_axis',(-0.999999999990741,4.30338279538286E-6,0.));
#7924=DIRECTION('center_axis',(0.,0.,-1.));
#7925=DIRECTION('ref_axis',(-0.999999999990741,4.30338279538286E-6,0.));
#7926=DIRECTION('',(0.,0.,-1.));
#7927=DIRECTION('center_axis',(-1.,0.,0.));
#7928=DIRECTION('ref_axis',(0.,1.,0.));
#7929=DIRECTION('',(0.,1.,0.));
#7930=DIRECTION('',(0.,0.,-1.));
#7931=DIRECTION('center_axis',(0.,0.,-1.));
#7932=DIRECTION('ref_axis',(0.999999999830423,1.8416109036299E-5,0.));
#7933=DIRECTION('center_axis',(0.,0.,1.));
#7934=DIRECTION('ref_axis',(0.999999999830423,1.8416109036299E-5,0.));
#7935=DIRECTION('',(0.,0.,-1.));
#7936=DIRECTION('center_axis',(-0.707106781186571,0.707106781186524,0.));
#7937=DIRECTION('ref_axis',(0.707106781186524,0.707106781186571,0.));
#7938=DIRECTION('',(0.707106781186524,0.707106781186571,0.));
#7939=DIRECTION('',(0.,0.,-1.));
#7940=DIRECTION('center_axis',(0.,0.,-1.));
#7941=DIRECTION('ref_axis',(0.707097758806145,-0.70711580345183,0.));
#7942=DIRECTION('center_axis',(0.,0.,1.));
#7943=DIRECTION('ref_axis',(0.707097758806145,-0.70711580345183,0.));
#7944=DIRECTION('',(0.,0.,-1.));
#7945=DIRECTION('center_axis',(0.,1.,0.));
#7946=DIRECTION('ref_axis',(1.,0.,0.));
#7947=DIRECTION('',(1.,0.,0.));
#7948=DIRECTION('',(0.,0.,-1.));
#7949=DIRECTION('center_axis',(0.,0.,-1.));
#7950=DIRECTION('ref_axis',(5.70536018542164E-8,-0.999999999999998,0.));
#7951=DIRECTION('center_axis',(0.,0.,1.));
#7952=DIRECTION('ref_axis',(5.70536018542164E-8,-0.999999999999998,0.));
#7953=DIRECTION('center_axis',(0.,0.,-1.));
#7954=DIRECTION('ref_axis',(-0.707106781186548,-0.707106781186548,0.));
#7955=DIRECTION('',(0.,0.,-1.));
#7956=DIRECTION('center_axis',(0.,0.,-1.));
#7957=DIRECTION('ref_axis',(-0.707106781186548,-0.707106781186548,0.));
#7958=DIRECTION('',(0.,0.,1.));
#7959=DIRECTION('center_axis',(-2.53765262771463E-15,-1.,0.));
#7960=DIRECTION('ref_axis',(-1.,2.53765262771463E-15,0.));
#7961=DIRECTION('',(1.,-2.53765262771463E-15,0.));
#7962=DIRECTION('center_axis',(0.,0.,-1.));
#7963=DIRECTION('ref_axis',(-0.707106781186548,-0.707106781186548,0.));
#7964=DIRECTION('',(0.,0.,-1.));
#7965=DIRECTION('center_axis',(0.,0.,-1.));
#7966=DIRECTION('ref_axis',(-0.707106781186548,-0.707106781186548,0.));
#7967=DIRECTION('',(0.,0.,1.));
#7968=DIRECTION('center_axis',(0.,-1.,0.));
#7969=DIRECTION('ref_axis',(-1.,0.,0.));
#7970=DIRECTION('',(1.,0.,0.));
#7971=DIRECTION('center_axis',(0.,0.,-1.));
#7972=DIRECTION('ref_axis',(-0.707106781186539,-0.707106781186557,0.));
#7973=DIRECTION('',(0.,0.,-1.));
#7974=DIRECTION('center_axis',(0.,0.,-1.));
#7975=DIRECTION('ref_axis',(-0.707106781186539,-0.707106781186557,0.));
#7976=DIRECTION('',(0.,0.,1.));
#7977=DIRECTION('center_axis',(-6.34413156928659E-16,-1.,0.));
#7978=DIRECTION('ref_axis',(-1.,6.34413156928659E-16,0.));
#7979=DIRECTION('',(1.,-6.34413156928659E-16,0.));
#7980=DIRECTION('center_axis',(0.,0.,-1.));
#7981=DIRECTION('ref_axis',(-0.707106781186548,-0.707106781186548,0.));
#7982=DIRECTION('',(0.,0.,-1.));
#7983=DIRECTION('center_axis',(0.,0.,-1.));
#7984=DIRECTION('ref_axis',(-0.707106781186548,-0.707106781186548,0.));
#7985=DIRECTION('',(0.,0.,1.));
#7986=DIRECTION('center_axis',(3.1720657846433E-15,-1.,0.));
#7987=DIRECTION('ref_axis',(-1.,-3.1720657846433E-15,0.));
#7988=DIRECTION('',(1.,3.1720657846433E-15,0.));
#7989=DIRECTION('center_axis',(0.,0.,-1.));
#7990=DIRECTION('ref_axis',(-0.707106781186548,-0.707106781186548,0.));
#7991=DIRECTION('',(0.,0.,-1.));
#7992=DIRECTION('center_axis',(0.,0.,-1.));
#7993=DIRECTION('ref_axis',(-0.707106781186548,-0.707106781186548,0.));
#7994=DIRECTION('',(0.,0.,1.));
#7995=DIRECTION('center_axis',(-1.26882631385732E-15,-1.,0.));
#7996=DIRECTION('ref_axis',(-1.,1.26882631385732E-15,0.));
#7997=DIRECTION('',(1.,-1.26882631385732E-15,0.));
#7998=DIRECTION('center_axis',(0.,0.,-1.));
#7999=DIRECTION('ref_axis',(-0.707106781186548,-0.707106781186548,0.));
#8000=DIRECTION('',(0.,0.,-1.));
#8001=DIRECTION('center_axis',(0.,0.,-1.));
#8002=DIRECTION('ref_axis',(-0.707106781186548,-0.707106781186548,0.));
#8003=DIRECTION('',(0.,0.,1.));
#8004=DIRECTION('center_axis',(-3.1720657846433E-16,-1.,0.));
#8005=DIRECTION('ref_axis',(-1.,3.1720657846433E-16,0.));
#8006=DIRECTION('',(1.,-3.1720657846433E-16,0.));
#8007=DIRECTION('center_axis',(0.,0.,-1.));
#8008=DIRECTION('ref_axis',(-0.707106781186548,-0.707106781186548,0.));
#8009=DIRECTION('',(0.,0.,-1.));
#8010=DIRECTION('center_axis',(0.,0.,-1.));
#8011=DIRECTION('ref_axis',(-0.707106781186548,-0.707106781186548,0.));
#8012=DIRECTION('',(0.,0.,1.));
#8013=DIRECTION('center_axis',(6.3441315692866E-16,-1.,0.));
#8014=DIRECTION('ref_axis',(-1.,-6.3441315692866E-16,0.));
#8015=DIRECTION('',(1.,6.3441315692866E-16,0.));
#8016=DIRECTION('center_axis',(0.,0.,-1.));
#8017=DIRECTION('ref_axis',(-0.707106781186545,-0.70710678118655,0.));
#8018=DIRECTION('',(0.,0.,-1.));
#8019=DIRECTION('center_axis',(0.,0.,-1.));
#8020=DIRECTION('ref_axis',(-0.707106781186545,-0.70710678118655,0.));
#8021=DIRECTION('',(0.,0.,1.));
#8022=DIRECTION('center_axis',(-4.75809867696497E-16,-1.,0.));
#8023=DIRECTION('ref_axis',(-1.,4.75809867696497E-16,0.));
#8024=DIRECTION('',(1.,-4.75809867696497E-16,0.));
#8025=DIRECTION('center_axis',(0.,0.,-1.));
#8026=DIRECTION('ref_axis',(-0.70710678118655,-0.707106781186545,0.));
#8027=DIRECTION('',(0.,0.,-1.));
#8028=DIRECTION('center_axis',(0.,0.,-1.));
#8029=DIRECTION('ref_axis',(-0.70710678118655,-0.707106781186545,0.));
#8030=DIRECTION('',(0.,0.,1.));
#8031=DIRECTION('center_axis',(0.,-1.,0.));
#8032=DIRECTION('ref_axis',(-1.,0.,0.));
#8033=DIRECTION('',(1.,0.,0.));
#8034=DIRECTION('center_axis',(0.,0.,-1.));
#8035=DIRECTION('ref_axis',(-0.707106781186548,-0.707106781186548,0.));
#8036=DIRECTION('',(0.,0.,-1.));
#8037=DIRECTION('center_axis',(0.,0.,-1.));
#8038=DIRECTION('ref_axis',(-0.707106781186548,-0.707106781186548,0.));
#8039=DIRECTION('',(0.,0.,1.));
#8040=DIRECTION('center_axis',(1.58603289232166E-16,-1.,0.));
#8041=DIRECTION('ref_axis',(-1.,-1.58603289232166E-16,0.));
#8042=DIRECTION('',(1.,1.58603289232166E-16,0.));
#8043=DIRECTION('center_axis',(0.,0.,-1.));
#8044=DIRECTION('ref_axis',(-0.707106781186548,-0.707106781186548,0.));
#8045=DIRECTION('',(0.,0.,-1.));
#8046=DIRECTION('center_axis',(0.,0.,-1.));
#8047=DIRECTION('ref_axis',(-0.707106781186548,-0.707106781186548,0.));
#8048=DIRECTION('',(0.,0.,1.));
#8049=DIRECTION('center_axis',(-1.58603289232165E-16,-1.,0.));
#8050=DIRECTION('ref_axis',(-1.,1.58603289232165E-16,0.));
#8051=DIRECTION('',(1.,-1.58603289232165E-16,0.));
#8052=DIRECTION('center_axis',(0.,0.,-1.));
#8053=DIRECTION('ref_axis',(-0.707106781186552,-0.707106781186543,0.));
#8054=DIRECTION('',(0.,0.,-1.));
#8055=DIRECTION('center_axis',(0.,0.,-1.));
#8056=DIRECTION('ref_axis',(-0.707106781186552,-0.707106781186543,0.));
#8057=DIRECTION('',(0.,0.,1.));
#8058=DIRECTION('center_axis',(6.34413156928659E-16,-1.,0.));
#8059=DIRECTION('ref_axis',(-1.,-6.34413156928659E-16,0.));
#8060=DIRECTION('',(1.,6.34413156928659E-16,0.));
#8061=DIRECTION('center_axis',(0.,0.,-1.));
#8062=DIRECTION('ref_axis',(-0.707106781186548,-0.707106781186548,0.));
#8063=DIRECTION('',(0.,0.,-1.));
#8064=DIRECTION('center_axis',(0.,0.,-1.));
#8065=DIRECTION('ref_axis',(-0.707106781186548,-0.707106781186548,0.));
#8066=DIRECTION('',(0.,0.,1.));
#8067=DIRECTION('center_axis',(6.3441315692866E-16,-1.,0.));
#8068=DIRECTION('ref_axis',(-1.,-6.3441315692866E-16,0.));
#8069=DIRECTION('',(1.,6.3441315692866E-16,0.));
#8070=DIRECTION('center_axis',(0.,0.,-1.));
#8071=DIRECTION('ref_axis',(-0.707106781186545,-0.70710678118655,0.));
#8072=DIRECTION('',(0.,0.,-1.));
#8073=DIRECTION('center_axis',(0.,0.,-1.));
#8074=DIRECTION('ref_axis',(-0.707106781186545,-0.70710678118655,0.));
#8075=DIRECTION('',(0.,0.,1.));
#8076=DIRECTION('center_axis',(1.26882631385732E-15,-1.,0.));
#8077=DIRECTION('ref_axis',(-1.,-1.26882631385732E-15,0.));
#8078=DIRECTION('',(1.,1.26882631385732E-15,0.));
#8079=DIRECTION('center_axis',(0.,0.,-1.));
#8080=DIRECTION('ref_axis',(-0.707106781186545,-0.70710678118655,0.));
#8081=DIRECTION('',(0.,0.,-1.));
#8082=DIRECTION('center_axis',(0.,0.,-1.));
#8083=DIRECTION('ref_axis',(-0.707106781186545,-0.70710678118655,0.));
#8084=DIRECTION('',(0.,0.,1.));
#8085=DIRECTION('center_axis',(-3.1720657846433E-16,-1.,0.));
#8086=DIRECTION('ref_axis',(-1.,3.1720657846433E-16,0.));
#8087=DIRECTION('',(1.,-3.1720657846433E-16,0.));
#8088=DIRECTION('center_axis',(0.,0.,-1.));
#8089=DIRECTION('ref_axis',(-0.707106781186549,-0.707106781186546,0.));
#8090=DIRECTION('',(0.,0.,-1.));
#8091=DIRECTION('center_axis',(0.,0.,-1.));
#8092=DIRECTION('ref_axis',(-0.707106781186549,-0.707106781186546,0.));
#8093=DIRECTION('',(0.,0.,1.));
#8094=DIRECTION('center_axis',(1.58603289232165E-16,-1.,0.));
#8095=DIRECTION('ref_axis',(-1.,-1.58603289232165E-16,0.));
#8096=DIRECTION('',(1.,1.58603289232165E-16,0.));
#8097=DIRECTION('center_axis',(0.,0.,-1.));
#8098=DIRECTION('ref_axis',(-0.707106781186551,0.707106781186544,0.));
#8099=DIRECTION('',(0.,0.,-1.));
#8100=DIRECTION('center_axis',(0.,0.,-1.));
#8101=DIRECTION('ref_axis',(-0.707106781186551,0.707106781186544,0.));
#8102=DIRECTION('center_axis',(-1.,2.37904933848248E-16,0.));
#8103=DIRECTION('ref_axis',(2.37904933848248E-16,1.,0.));
#8104=DIRECTION('',(-2.37904933848248E-16,-1.,0.));
#8105=DIRECTION('center_axis',(0.,0.,-1.));
#8106=DIRECTION('ref_axis',(-0.707106781186543,0.707106781186552,0.));
#8107=DIRECTION('',(0.,0.,-1.));
#8108=DIRECTION('center_axis',(0.,0.,-1.));
#8109=DIRECTION('ref_axis',(-0.707106781186543,0.707106781186552,0.));
#8110=DIRECTION('center_axis',(-1.,3.1720657846433E-16,0.));
#8111=DIRECTION('ref_axis',(3.1720657846433E-16,1.,0.));
#8112=DIRECTION('',(-3.1720657846433E-16,-1.,0.));
#8113=DIRECTION('center_axis',(0.,0.,-1.));
#8114=DIRECTION('ref_axis',(-0.707106781186552,0.707106781186543,0.));
#8115=DIRECTION('',(0.,0.,-1.));
#8116=DIRECTION('center_axis',(0.,0.,-1.));
#8117=DIRECTION('ref_axis',(-0.707106781186552,0.707106781186543,0.));
#8118=DIRECTION('center_axis',(-1.,6.3441315692866E-16,0.));
#8119=DIRECTION('ref_axis',(6.3441315692866E-16,1.,0.));
#8120=DIRECTION('',(-6.3441315692866E-16,-1.,0.));
#8121=DIRECTION('center_axis',(0.,0.,-1.));
#8122=DIRECTION('ref_axis',(-0.707106781186548,0.707106781186548,0.));
#8123=DIRECTION('',(0.,0.,-1.));
#8124=DIRECTION('center_axis',(0.,0.,-1.));
#8125=DIRECTION('ref_axis',(-0.707106781186548,0.707106781186548,0.));
#8126=DIRECTION('center_axis',(-1.,1.26882631385732E-15,0.));
#8127=DIRECTION('ref_axis',(1.26882631385732E-15,1.,0.));
#8128=DIRECTION('',(-1.26882631385732E-15,-1.,0.));
#8129=DIRECTION('center_axis',(0.,0.,-1.));
#8130=DIRECTION('ref_axis',(-0.707106781186548,0.707106781186548,0.));
#8131=DIRECTION('',(0.,0.,-1.));
#8132=DIRECTION('center_axis',(0.,0.,-1.));
#8133=DIRECTION('ref_axis',(-0.707106781186548,0.707106781186548,0.));
#8134=DIRECTION('center_axis',(-1.,1.26882631385732E-15,0.));
#8135=DIRECTION('ref_axis',(1.26882631385732E-15,1.,0.));
#8136=DIRECTION('',(-1.26882631385732E-15,-1.,0.));
#8137=DIRECTION('center_axis',(0.,0.,-1.));
#8138=DIRECTION('ref_axis',(-0.707106781186548,0.707106781186548,0.));
#8139=DIRECTION('',(0.,0.,-1.));
#8140=DIRECTION('center_axis',(0.,0.,-1.));
#8141=DIRECTION('ref_axis',(-0.707106781186548,0.707106781186548,0.));
#8142=DIRECTION('center_axis',(-1.,-1.90323947078598E-15,0.));
#8143=DIRECTION('ref_axis',(-1.90323947078598E-15,1.,0.));
#8144=DIRECTION('',(1.90323947078598E-15,-1.,0.));
#8145=DIRECTION('center_axis',(0.,0.,-1.));
#8146=DIRECTION('ref_axis',(-0.707106781186548,0.707106781186548,0.));
#8147=DIRECTION('',(0.,0.,-1.));
#8148=DIRECTION('center_axis',(0.,0.,-1.));
#8149=DIRECTION('ref_axis',(-0.707106781186548,0.707106781186548,0.));
#8150=DIRECTION('center_axis',(-1.,2.53765262771464E-15,0.));
#8151=DIRECTION('ref_axis',(2.53765262771464E-15,1.,0.));
#8152=DIRECTION('',(-2.53765262771464E-15,-1.,0.));
#8153=DIRECTION('center_axis',(0.,0.,-1.));
#8154=DIRECTION('ref_axis',(-0.707106781186552,0.707106781186543,0.));
#8155=DIRECTION('',(0.,0.,-1.));
#8156=DIRECTION('center_axis',(0.,0.,-1.));
#8157=DIRECTION('ref_axis',(-0.707106781186552,0.707106781186543,0.));
#8158=DIRECTION('center_axis',(-1.,0.,0.));
#8159=DIRECTION('ref_axis',(0.,1.,0.));
#8160=DIRECTION('',(0.,-1.,0.));
#8161=DIRECTION('center_axis',(0.,0.,-1.));
#8162=DIRECTION('ref_axis',(-0.707106781186548,0.707106781186548,0.));
#8163=DIRECTION('',(0.,0.,-1.));
#8164=DIRECTION('center_axis',(0.,0.,-1.));
#8165=DIRECTION('ref_axis',(-0.707106781186548,0.707106781186548,0.));
#8166=DIRECTION('center_axis',(-1.,2.53765262771464E-15,0.));
#8167=DIRECTION('ref_axis',(2.53765262771464E-15,1.,0.));
#8168=DIRECTION('',(-2.53765262771464E-15,-1.,0.));
#8169=DIRECTION('center_axis',(0.,0.,-1.));
#8170=DIRECTION('ref_axis',(-0.707106781186548,0.707106781186548,0.));
#8171=DIRECTION('',(0.,0.,-1.));
#8172=DIRECTION('center_axis',(0.,0.,-1.));
#8173=DIRECTION('ref_axis',(-0.707106781186548,0.707106781186548,0.));
#8174=DIRECTION('center_axis',(-1.,0.,0.));
#8175=DIRECTION('ref_axis',(0.,1.,0.));
#8176=DIRECTION('',(0.,-1.,0.));
#8177=DIRECTION('center_axis',(0.,0.,-1.));
#8178=DIRECTION('ref_axis',(-0.707106781186552,0.707106781186543,0.));
#8179=DIRECTION('',(0.,0.,-1.));
#8180=DIRECTION('center_axis',(0.,0.,-1.));
#8181=DIRECTION('ref_axis',(-0.707106781186552,0.707106781186543,0.));
#8182=DIRECTION('center_axis',(-1.,-1.58603289232165E-16,0.));
#8183=DIRECTION('ref_axis',(-1.58603289232165E-16,1.,0.));
#8184=DIRECTION('',(1.58603289232165E-16,-1.,0.));
#8185=DIRECTION('center_axis',(0.,0.,-1.));
#8186=DIRECTION('ref_axis',(-0.707106781186548,0.707106781186548,0.));
#8187=DIRECTION('',(0.,0.,-1.));
#8188=DIRECTION('center_axis',(0.,0.,-1.));
#8189=DIRECTION('ref_axis',(-0.707106781186548,0.707106781186548,0.));
#8190=DIRECTION('center_axis',(-1.,-3.96508223080413E-17,0.));
#8191=DIRECTION('ref_axis',(-3.96508223080413E-17,1.,0.));
#8192=DIRECTION('',(3.96508223080413E-17,-1.,0.));
#8193=DIRECTION('center_axis',(0.,0.,-1.));
#8194=DIRECTION('ref_axis',(-0.707106781186545,0.70710678118655,0.));
#8195=DIRECTION('',(0.,0.,-1.));
#8196=DIRECTION('center_axis',(0.,0.,-1.));
#8197=DIRECTION('ref_axis',(-0.707106781186545,0.70710678118655,0.));
#8198=DIRECTION('center_axis',(-1.,-3.1720657846433E-16,0.));
#8199=DIRECTION('ref_axis',(-3.1720657846433E-16,1.,0.));
#8200=DIRECTION('',(3.1720657846433E-16,-1.,0.));
#8201=DIRECTION('center_axis',(0.,0.,-1.));
#8202=DIRECTION('ref_axis',(-0.70710678118655,0.707106781186545,0.));
#8203=DIRECTION('',(0.,0.,-1.));
#8204=DIRECTION('center_axis',(0.,0.,-1.));
#8205=DIRECTION('ref_axis',(-0.70710678118655,0.707106781186545,0.));
#8206=DIRECTION('center_axis',(-1.,-3.1720657846433E-15,0.));
#8207=DIRECTION('ref_axis',(-3.1720657846433E-15,1.,0.));
#8208=DIRECTION('',(3.1720657846433E-15,-1.,0.));
#8209=DIRECTION('center_axis',(0.,0.,-1.));
#8210=DIRECTION('ref_axis',(-0.707106781186549,0.707106781186546,0.));
#8211=DIRECTION('',(0.,0.,-1.));
#8212=DIRECTION('center_axis',(0.,0.,-1.));
#8213=DIRECTION('ref_axis',(-0.707106781186549,0.707106781186546,0.));
#8214=DIRECTION('center_axis',(-1.,-6.34413156928661E-16,0.));
#8215=DIRECTION('ref_axis',(-6.34413156928661E-16,1.,0.));
#8216=DIRECTION('',(6.34413156928661E-16,-1.,0.));
#8217=DIRECTION('center_axis',(0.,0.,-1.));
#8218=DIRECTION('ref_axis',(-0.707106781186551,0.707106781186544,0.));
#8219=DIRECTION('',(0.,0.,-1.));
#8220=DIRECTION('center_axis',(0.,0.,-1.));
#8221=DIRECTION('ref_axis',(-0.707106781186551,0.707106781186544,0.));
#8222=DIRECTION('center_axis',(-1.,-5.07530525542929E-15,0.));
#8223=DIRECTION('ref_axis',(-5.07530525542929E-15,1.,0.));
#8224=DIRECTION('',(5.07530525542929E-15,-1.,0.));
#8225=DIRECTION('center_axis',(1.,0.,0.));
#8226=DIRECTION('ref_axis',(0.,1.,0.));
#8227=DIRECTION('',(0.,0.,-1.));
#8228=DIRECTION('',(0.,0.,1.));
#8229=DIRECTION('center_axis',(0.,0.,1.));
#8230=DIRECTION('ref_axis',(0.,-1.,0.));
#8231=DIRECTION('',(0.,0.,1.));
#8232=DIRECTION('center_axis',(0.,-1.,0.));
#8233=DIRECTION('ref_axis',(1.,0.,0.));
#8234=DIRECTION('',(0.,0.,1.));
#8235=DIRECTION('center_axis',(0.,0.,1.));
#8236=DIRECTION('ref_axis',(-1.,0.,0.));
#8237=DIRECTION('',(0.,0.,1.));
#8238=DIRECTION('center_axis',(-1.,-1.33889836430675E-16,0.));
#8239=DIRECTION('ref_axis',(1.33889836430675E-16,-1.,0.));
#8240=DIRECTION('',(0.,0.,1.));
#8241=DIRECTION('center_axis',(0.,0.,1.));
#8242=DIRECTION('ref_axis',(-3.19189119579733E-15,1.,0.));
#8243=DIRECTION('center_axis',(0.,0.,1.));
#8244=DIRECTION('ref_axis',(1.,2.05963378428265E-15,0.));
#8245=DIRECTION('center_axis',(0.,0.,1.));
#8246=DIRECTION('ref_axis',(1.,0.,0.));
#8247=CARTESIAN_POINT('',(0.,0.,0.));
#8248=CARTESIAN_POINT('Origin',(61.675,-58.175,3.905));
#8249=CARTESIAN_POINT('',(88.8500000000001,-58.3000000000001,3.78));
#8250=CARTESIAN_POINT('',(88.8500000000001,-58.0500000000001,4.03));
#8251=CARTESIAN_POINT('',(88.8500000000001,-58.3000000000001,3.78));
#8252=CARTESIAN_POINT('',(76.25,-58.05,4.03));
#8253=CARTESIAN_POINT('',(61.675,-58.05,4.03));
#8254=CARTESIAN_POINT('',(76.25,-58.3,3.78));
#8255=CARTESIAN_POINT('',(76.25,-58.05,4.03));
#8256=CARTESIAN_POINT('',(61.675,-58.3,3.78));
#8257=CARTESIAN_POINT('Origin',(88.8500000000001,-59.0000000000001,3.905));
#8258=CARTESIAN_POINT('',(89.5500000000001,-59.0000000000001,3.78));
#8259=CARTESIAN_POINT('Origin',(88.8500000000001,-59.0000000000001,3.78));
#8260=CARTESIAN_POINT('',(89.8,-59.0000000000001,4.03));
#8261=CARTESIAN_POINT('',(89.5500000000001,-59.0000000000001,3.78));
#8262=CARTESIAN_POINT('Origin',(88.8500000000001,-59.0000000000001,4.03));
#8263=CARTESIAN_POINT('Origin',(89.675,-47.55,3.905));
#8264=CARTESIAN_POINT('',(89.5500000000001,-71.6000000000001,3.78));
#8265=CARTESIAN_POINT('',(89.8000000000001,-71.6000000000001,4.03));
#8266=CARTESIAN_POINT('',(89.5500000000001,-71.6000000000001,3.78));
#8267=CARTESIAN_POINT('',(89.8,-47.55,4.03));
#8268=CARTESIAN_POINT('',(89.55,-47.55,3.78));
#8269=CARTESIAN_POINT('Origin',(88.8500000000001,-71.6000000000001,3.905));
#8270=CARTESIAN_POINT('',(88.8500000000001,-72.3000000000001,3.78));
#8271=CARTESIAN_POINT('Origin',(88.8500000000001,-71.6000000000001,3.78));
#8272=CARTESIAN_POINT('',(88.8500000000001,-72.5500000000001,4.03));
#8273=CARTESIAN_POINT('',(88.8500000000001,-72.3000000000001,3.78));
#8274=CARTESIAN_POINT('Origin',(88.8500000000001,-71.6000000000001,4.03));
#8275=CARTESIAN_POINT('Origin',(68.675,-72.425,3.905));
#8276=CARTESIAN_POINT('',(76.25,-72.3,3.78));
#8277=CARTESIAN_POINT('',(76.25,-72.55,4.03));
#8278=CARTESIAN_POINT('',(76.25,-72.3,3.78));
#8279=CARTESIAN_POINT('',(68.675,-72.55,4.03));
#8280=CARTESIAN_POINT('',(68.675,-72.3,3.78));
#8281=CARTESIAN_POINT('Origin',(76.25,-71.6,3.905));
#8282=CARTESIAN_POINT('',(75.55,-71.6,3.78));
#8283=CARTESIAN_POINT('Origin',(76.25,-71.6,3.78));
#8284=CARTESIAN_POINT('',(75.3,-71.6,4.03));
#8285=CARTESIAN_POINT('',(75.55,-71.6,3.78));
#8286=CARTESIAN_POINT('Origin',(76.25,-71.6,4.03));
#8287=CARTESIAN_POINT('Origin',(75.425,-54.55,3.905));
#8288=CARTESIAN_POINT('',(75.55,-59.,3.78));
#8289=CARTESIAN_POINT('',(75.3,-59.,4.03));
#8290=CARTESIAN_POINT('',(75.55,-59.,3.78));
#8291=CARTESIAN_POINT('',(75.3,-54.55,4.03));
#8292=CARTESIAN_POINT('',(75.55,-54.55,3.78));
#8293=CARTESIAN_POINT('Origin',(76.25,-59.,3.905));
#8294=CARTESIAN_POINT('Origin',(76.25,-59.,3.78));
#8295=CARTESIAN_POINT('Origin',(76.25,-59.,4.03));
#8296=CARTESIAN_POINT('Origin',(88.8500000000001,-71.6000000000001,4.03));
#8297=CARTESIAN_POINT('',(89.5500000000001,-71.6000000000001,1.65));
#8298=CARTESIAN_POINT('',(89.5500000000001,-71.6000000000001,4.03));
#8299=CARTESIAN_POINT('',(88.8500000000001,-72.3000000000001,1.65));
#8300=CARTESIAN_POINT('Origin',(88.8500000000001,-71.6000000000001,1.65));
#8301=CARTESIAN_POINT('',(88.8500000000001,-72.3000000000001,4.03));
#8302=CARTESIAN_POINT('Origin',(89.5500000000001,-58.3000000000001,4.03));
#8303=CARTESIAN_POINT('',(89.5500000000001,-59.0000000000001,1.65));
#8304=CARTESIAN_POINT('',(89.5500000000001,-59.0000000000001,4.03));
#8305=CARTESIAN_POINT('',(89.5500000000001,-47.55,1.65));
#8306=CARTESIAN_POINT('Origin',(88.8500000000001,-59.0000000000001,4.03));
#8307=CARTESIAN_POINT('',(88.8500000000001,-58.3000000000001,1.65));
#8308=CARTESIAN_POINT('',(88.8500000000001,-58.3000000000001,4.03));
#8309=CARTESIAN_POINT('Origin',(88.8500000000001,-59.0000000000001,1.65));
#8310=CARTESIAN_POINT('Origin',(75.55,-58.3,4.03));
#8311=CARTESIAN_POINT('',(76.25,-58.3,1.65));
#8312=CARTESIAN_POINT('',(76.25,-58.3,4.03));
#8313=CARTESIAN_POINT('',(61.675,-58.3,1.65));
#8314=CARTESIAN_POINT('Origin',(47.8,-36.8,4.03));
#8315=CARTESIAN_POINT('',(96.6,-2.20343868895221E-17,4.03));
#8316=CARTESIAN_POINT('',(95.6,0.999999999999994,4.03));
#8317=CARTESIAN_POINT('Origin',(95.6,-2.08166817117217E-15,4.03));
#8318=CARTESIAN_POINT('',(0.,0.999999999999996,4.03));
#8319=CARTESIAN_POINT('',(95.6,0.999999999999996,4.03));
#8320=CARTESIAN_POINT('',(-0.999999999999996,-3.74128151938379E-15,4.03));
#8321=CARTESIAN_POINT('Origin',(3.19189119579733E-15,-3.05311331771918E-15,
4.03));
#8322=CARTESIAN_POINT('',(-0.999999999999979,-65.3,4.03));
#8323=CARTESIAN_POINT('',(-0.999999999999996,-3.74128151938379E-15,4.03));
#8324=CARTESIAN_POINT('',(8.30000000000002,-74.6,4.03));
#8325=CARTESIAN_POINT('Origin',(8.30000000000001,-65.3,4.03));
#8326=CARTESIAN_POINT('',(87.3,-74.6,4.03));
#8327=CARTESIAN_POINT('',(8.30000000000001,-74.6,4.03));
#8328=CARTESIAN_POINT('',(96.6,-65.3,4.03));
#8329=CARTESIAN_POINT('Origin',(87.3,-65.3,4.03));
#8330=CARTESIAN_POINT('',(96.6,-65.3,4.03));
#8331=CARTESIAN_POINT('',(60.35,-58.05,4.03));
#8332=CARTESIAN_POINT('',(47.75,-58.05,4.03));
#8333=CARTESIAN_POINT('',(47.425,-58.05,4.03));
#8334=CARTESIAN_POINT('',(61.3,-59.,4.03));
#8335=CARTESIAN_POINT('Origin',(60.35,-59.,4.03));
#8336=CARTESIAN_POINT('',(61.3,-71.6,4.03));
#8337=CARTESIAN_POINT('',(61.3000000000001,-47.55,4.03));
#8338=CARTESIAN_POINT('',(60.35,-72.55,4.03));
#8339=CARTESIAN_POINT('Origin',(60.35,-71.6,4.03));
#8340=CARTESIAN_POINT('',(47.75,-72.55,4.03));
#8341=CARTESIAN_POINT('',(54.425,-72.55,4.03));
#8342=CARTESIAN_POINT('',(46.8,-71.6,4.03));
#8343=CARTESIAN_POINT('Origin',(47.75,-71.6,4.03));
#8344=CARTESIAN_POINT('',(46.8,-59.,4.03));
#8345=CARTESIAN_POINT('',(46.8,-54.55,4.03));
#8346=CARTESIAN_POINT('Origin',(47.75,-59.,4.03));
#8347=CARTESIAN_POINT('',(33.6,-39.05,4.03));
#8348=CARTESIAN_POINT('',(21.,-39.05,4.03));
#8349=CARTESIAN_POINT('',(34.05,-39.05,4.03));
#8350=CARTESIAN_POINT('',(34.55,-40.,4.03));
#8351=CARTESIAN_POINT('Origin',(33.6,-40.,4.03));
#8352=CARTESIAN_POINT('',(34.55,-52.6,4.03));
#8353=CARTESIAN_POINT('',(34.55,-38.05,4.03));
#8354=CARTESIAN_POINT('',(33.6,-53.55,4.03));
#8355=CARTESIAN_POINT('Origin',(33.6,-52.6,4.03));
#8356=CARTESIAN_POINT('',(21.,-53.55,4.03));
#8357=CARTESIAN_POINT('',(41.05,-53.55,4.03));
#8358=CARTESIAN_POINT('',(20.05,-52.6,4.03));
#8359=CARTESIAN_POINT('Origin',(21.,-52.6,4.03));
#8360=CARTESIAN_POINT('',(20.05,-40.,4.03));
#8361=CARTESIAN_POINT('',(20.05,-45.05,4.03));
#8362=CARTESIAN_POINT('Origin',(21.,-40.,4.03));
#8363=CARTESIAN_POINT('',(71.6,-39.0499999999999,4.03));
#8364=CARTESIAN_POINT('',(59.,-39.0499999999999,4.03));
#8365=CARTESIAN_POINT('',(53.05,-39.0499999999999,4.03));
#8366=CARTESIAN_POINT('',(72.55,-39.9999999999999,4.03));
#8367=CARTESIAN_POINT('Origin',(71.6,-39.9999999999999,4.03));
#8368=CARTESIAN_POINT('',(72.55,-52.5999999999999,4.03));
#8369=CARTESIAN_POINT('',(72.55,-38.05,4.03));
#8370=CARTESIAN_POINT('',(71.6,-53.5499999999999,4.03));
#8371=CARTESIAN_POINT('Origin',(71.6,-52.5999999999999,4.03));
#8372=CARTESIAN_POINT('',(59.,-53.5499999999999,4.03));
#8373=CARTESIAN_POINT('',(60.05,-53.5499999999999,4.03));
#8374=CARTESIAN_POINT('',(58.05,-52.5999999999999,4.03));
#8375=CARTESIAN_POINT('Origin',(59.,-52.5999999999999,4.03));
#8376=CARTESIAN_POINT('',(58.05,-39.9999999999999,4.03));
#8377=CARTESIAN_POINT('',(58.05,-45.05,4.03));
#8378=CARTESIAN_POINT('Origin',(59.,-39.9999999999999,4.03));
#8379=CARTESIAN_POINT('',(82.6,-20.05,4.03));
#8380=CARTESIAN_POINT('',(70.,-20.05,4.03));
#8381=CARTESIAN_POINT('',(58.55,-20.05,4.03));
#8382=CARTESIAN_POINT('',(83.55,-21.,4.03));
#8383=CARTESIAN_POINT('Origin',(82.6,-21.,4.03));
#8384=CARTESIAN_POINT('',(83.55,-33.6,4.03));
#8385=CARTESIAN_POINT('',(83.55,-28.55,4.03));
#8386=CARTESIAN_POINT('',(82.6,-34.55,4.03));
#8387=CARTESIAN_POINT('Origin',(82.6,-33.6,4.03));
#8388=CARTESIAN_POINT('',(70.,-34.55,4.03));
#8389=CARTESIAN_POINT('',(65.55,-34.55,4.03));
#8390=CARTESIAN_POINT('',(69.05,-33.6,4.03));
#8391=CARTESIAN_POINT('Origin',(70.,-33.6,4.03));
#8392=CARTESIAN_POINT('',(69.05,-21.,4.03));
#8393=CARTESIAN_POINT('',(69.05,-35.55,4.03));
#8394=CARTESIAN_POINT('Origin',(70.,-21.,4.03));
#8395=CARTESIAN_POINT('',(44.6,-20.05,4.03));
#8396=CARTESIAN_POINT('',(32.,-20.05,4.03));
#8397=CARTESIAN_POINT('',(39.55,-20.05,4.03));
#8398=CARTESIAN_POINT('',(45.55,-21.,4.03));
#8399=CARTESIAN_POINT('Origin',(44.6,-21.,4.03));
#8400=CARTESIAN_POINT('',(45.55,-33.6,4.03));
#8401=CARTESIAN_POINT('',(45.55,-28.55,4.03));
#8402=CARTESIAN_POINT('',(44.6,-34.55,4.03));
#8403=CARTESIAN_POINT('Origin',(44.6,-33.6,4.03));
#8404=CARTESIAN_POINT('',(32.,-34.55,4.03));
#8405=CARTESIAN_POINT('',(46.55,-34.55,4.03));
#8406=CARTESIAN_POINT('',(31.05,-33.6,4.03));
#8407=CARTESIAN_POINT('Origin',(32.,-33.6,4.03));
#8408=CARTESIAN_POINT('',(31.05,-21.,4.03));
#8409=CARTESIAN_POINT('',(31.05,-35.55,4.03));
#8410=CARTESIAN_POINT('Origin',(32.,-21.,4.03));
#8411=CARTESIAN_POINT('',(17.6,-1.05,4.03));
#8412=CARTESIAN_POINT('',(5.,-1.05,4.03));
#8413=CARTESIAN_POINT('',(26.05,-1.05,4.03));
#8414=CARTESIAN_POINT('',(18.55,-2.,4.03));
#8415=CARTESIAN_POINT('Origin',(17.6,-2.,4.03));
#8416=CARTESIAN_POINT('',(18.55,-14.6,4.03));
#8417=CARTESIAN_POINT('',(18.55,-19.05,4.03));
#8418=CARTESIAN_POINT('',(17.6,-15.55,4.03));
#8419=CARTESIAN_POINT('Origin',(17.6,-14.6,4.03));
#8420=CARTESIAN_POINT('',(5.,-15.55,4.03));
#8421=CARTESIAN_POINT('',(33.05,-15.55,4.03));
#8422=CARTESIAN_POINT('',(4.05,-14.6,4.03));
#8423=CARTESIAN_POINT('Origin',(5.,-14.6,4.03));
#8424=CARTESIAN_POINT('',(4.05,-2.,4.03));
#8425=CARTESIAN_POINT('',(4.05,-26.05,4.03));
#8426=CARTESIAN_POINT('Origin',(5.,-2.,4.03));
#8427=CARTESIAN_POINT('',(55.6,-1.05,4.03));
#8428=CARTESIAN_POINT('',(43.,-1.05,4.03));
#8429=CARTESIAN_POINT('',(45.05,-1.05,4.03));
#8430=CARTESIAN_POINT('',(56.55,-2.,4.03));
#8431=CARTESIAN_POINT('Origin',(55.6,-2.,4.03));
#8432=CARTESIAN_POINT('',(56.55,-14.6,4.03));
#8433=CARTESIAN_POINT('',(56.55,-19.05,4.03));
#8434=CARTESIAN_POINT('',(55.6,-15.55,4.03));
#8435=CARTESIAN_POINT('Origin',(55.6,-14.6,4.03));
#8436=CARTESIAN_POINT('',(43.,-15.55,4.03));
#8437=CARTESIAN_POINT('',(52.05,-15.55,4.03));
#8438=CARTESIAN_POINT('',(42.05,-14.6,4.03));
#8439=CARTESIAN_POINT('Origin',(43.,-14.6,4.03));
#8440=CARTESIAN_POINT('',(42.05,-2.,4.03));
#8441=CARTESIAN_POINT('',(42.0500000000001,-26.05,4.03));
#8442=CARTESIAN_POINT('Origin',(43.,-2.,4.03));
#8443=CARTESIAN_POINT('',(93.6,-1.05,4.03));
#8444=CARTESIAN_POINT('',(81.,-1.05,4.03));
#8445=CARTESIAN_POINT('',(64.05,-1.05,4.03));
#8446=CARTESIAN_POINT('',(94.55,-2.,4.03));
#8447=CARTESIAN_POINT('Origin',(93.6,-2.,4.03));
#8448=CARTESIAN_POINT('',(94.55,-14.6,4.03));
#8449=CARTESIAN_POINT('',(94.55,-19.05,4.03));
#8450=CARTESIAN_POINT('',(93.6,-15.55,4.03));
#8451=CARTESIAN_POINT('Origin',(93.6,-14.6,4.03));
#8452=CARTESIAN_POINT('',(81.0000000000001,-15.55,4.03));
#8453=CARTESIAN_POINT('',(71.05,-15.55,4.03));
#8454=CARTESIAN_POINT('',(80.0500000000001,-14.6,4.03));
#8455=CARTESIAN_POINT('Origin',(81.0000000000001,-14.6,4.03));
#8456=CARTESIAN_POINT('',(80.05,-2.,4.03));
#8457=CARTESIAN_POINT('',(80.0500000000001,-26.0499999999999,4.03));
#8458=CARTESIAN_POINT('Origin',(81.,-2.,4.03));
#8459=CARTESIAN_POINT('',(74.6,-1.05,4.03));
#8460=CARTESIAN_POINT('',(62.,-1.05,4.03));
#8461=CARTESIAN_POINT('',(54.55,-1.05,4.03));
#8462=CARTESIAN_POINT('',(75.55,-2.,4.03));
#8463=CARTESIAN_POINT('Origin',(74.6,-2.,4.03));
#8464=CARTESIAN_POINT('',(75.55,-14.6,4.03));
#8465=CARTESIAN_POINT('',(75.55,-19.05,4.03));
#8466=CARTESIAN_POINT('',(74.6,-15.55,4.03));
#8467=CARTESIAN_POINT('Origin',(74.6,-14.6,4.03));
#8468=CARTESIAN_POINT('',(62.,-15.55,4.03));
#8469=CARTESIAN_POINT('',(61.55,-15.55,4.03));
#8470=CARTESIAN_POINT('',(61.05,-14.6,4.03));
#8471=CARTESIAN_POINT('Origin',(62.,-14.6,4.03));
#8472=CARTESIAN_POINT('',(61.05,-2.,4.03));
#8473=CARTESIAN_POINT('',(61.05,-26.05,4.03));
#8474=CARTESIAN_POINT('Origin',(62.,-2.,4.03));
#8475=CARTESIAN_POINT('',(36.6,-1.05,4.03));
#8476=CARTESIAN_POINT('',(24.,-1.05,4.03));
#8477=CARTESIAN_POINT('',(35.55,-1.05,4.03));
#8478=CARTESIAN_POINT('',(37.55,-2.,4.03));
#8479=CARTESIAN_POINT('Origin',(36.6,-2.,4.03));
#8480=CARTESIAN_POINT('',(37.55,-14.6,4.03));
#8481=CARTESIAN_POINT('',(37.55,-19.05,4.03));
#8482=CARTESIAN_POINT('',(36.6,-15.55,4.03));
#8483=CARTESIAN_POINT('Origin',(36.6,-14.6,4.03));
#8484=CARTESIAN_POINT('',(24.,-15.55,4.03));
#8485=CARTESIAN_POINT('',(42.55,-15.55,4.03));
#8486=CARTESIAN_POINT('',(23.05,-14.6,4.03));
#8487=CARTESIAN_POINT('Origin',(24.,-14.6,4.03));
#8488=CARTESIAN_POINT('',(23.05,-2.,4.03));
#8489=CARTESIAN_POINT('',(23.05,-26.05,4.03));
#8490=CARTESIAN_POINT('Origin',(24.,-2.,4.03));
#8491=CARTESIAN_POINT('',(25.6,-20.05,4.03));
#8492=CARTESIAN_POINT('',(13.,-20.05,4.03));
#8493=CARTESIAN_POINT('',(30.05,-20.05,4.03));
#8494=CARTESIAN_POINT('',(26.55,-21.,4.03));
#8495=CARTESIAN_POINT('Origin',(25.6,-21.,4.03));
#8496=CARTESIAN_POINT('',(26.55,-33.6,4.03));
#8497=CARTESIAN_POINT('',(26.55,-28.55,4.03));
#8498=CARTESIAN_POINT('',(25.6,-34.55,4.03));
#8499=CARTESIAN_POINT('Origin',(25.6,-33.6,4.03));
#8500=CARTESIAN_POINT('',(13.,-34.55,4.03));
#8501=CARTESIAN_POINT('',(37.05,-34.55,4.03));
#8502=CARTESIAN_POINT('',(12.05,-33.6,4.03));
#8503=CARTESIAN_POINT('Origin',(13.,-33.6,4.03));
#8504=CARTESIAN_POINT('',(12.05,-21.,4.03));
#8505=CARTESIAN_POINT('',(12.05,-35.55,4.03));
#8506=CARTESIAN_POINT('Origin',(13.,-21.,4.03));
#8507=CARTESIAN_POINT('',(63.6,-20.0499999999999,4.03));
#8508=CARTESIAN_POINT('',(51.,-20.05,4.03));
#8509=CARTESIAN_POINT('',(49.05,-20.05,4.03));
#8510=CARTESIAN_POINT('',(64.55,-20.9999999999999,4.03));
#8511=CARTESIAN_POINT('Origin',(63.6,-20.9999999999999,4.03));
#8512=CARTESIAN_POINT('',(64.55,-33.6,4.03));
#8513=CARTESIAN_POINT('',(64.55,-28.55,4.03));
#8514=CARTESIAN_POINT('',(63.6,-34.55,4.03));
#8515=CARTESIAN_POINT('Origin',(63.6,-33.6,4.03));
#8516=CARTESIAN_POINT('',(51.,-34.55,4.03));
#8517=CARTESIAN_POINT('',(56.05,-34.55,4.03));
#8518=CARTESIAN_POINT('',(50.05,-33.6,4.03));
#8519=CARTESIAN_POINT('Origin',(51.,-33.6,4.03));
#8520=CARTESIAN_POINT('',(50.05,-21.,4.03));
#8521=CARTESIAN_POINT('',(50.05,-35.55,4.03));
#8522=CARTESIAN_POINT('Origin',(51.,-21.,4.03));
#8523=CARTESIAN_POINT('',(90.6,-39.0500000000001,4.03));
#8524=CARTESIAN_POINT('',(78.,-39.0500000000001,4.03));
#8525=CARTESIAN_POINT('',(62.55,-39.05,4.03));
#8526=CARTESIAN_POINT('',(91.55,-40.0000000000001,4.03));
#8527=CARTESIAN_POINT('Origin',(90.6,-40.0000000000001,4.03));
#8528=CARTESIAN_POINT('',(91.5500000000001,-52.6000000000001,4.03));
#8529=CARTESIAN_POINT('',(91.55,-38.0499999999999,4.03));
#8530=CARTESIAN_POINT('',(90.6000000000001,-53.5500000000001,4.03));
#8531=CARTESIAN_POINT('Origin',(90.6000000000001,-52.6000000000001,4.03));
#8532=CARTESIAN_POINT('',(78.,-53.5500000000001,4.03));
#8533=CARTESIAN_POINT('',(69.55,-53.5500000000001,4.03));
#8534=CARTESIAN_POINT('',(77.05,-52.6000000000001,4.03));
#8535=CARTESIAN_POINT('Origin',(78.,-52.6000000000001,4.03));
#8536=CARTESIAN_POINT('',(77.05,-40.0000000000001,4.03));
#8537=CARTESIAN_POINT('',(77.05,-45.05,4.03));
#8538=CARTESIAN_POINT('Origin',(78.,-40.0000000000001,4.03));
#8539=CARTESIAN_POINT('',(52.6,-39.05,4.03));
#8540=CARTESIAN_POINT('',(40.,-39.05,4.03));
#8541=CARTESIAN_POINT('',(43.55,-39.05,4.03));
#8542=CARTESIAN_POINT('',(53.55,-40.,4.03));
#8543=CARTESIAN_POINT('Origin',(52.6,-40.,4.03));
#8544=CARTESIAN_POINT('',(53.55,-52.6,4.03));
#8545=CARTESIAN_POINT('',(53.55,-38.05,4.03));
#8546=CARTESIAN_POINT('',(52.6,-53.55,4.03));
#8547=CARTESIAN_POINT('Origin',(52.6,-52.6,4.03));
#8548=CARTESIAN_POINT('',(40.,-53.55,4.03));
#8549=CARTESIAN_POINT('',(50.55,-53.55,4.03));
#8550=CARTESIAN_POINT('',(39.05,-52.6,4.03));
#8551=CARTESIAN_POINT('Origin',(40.,-52.6,4.03));
#8552=CARTESIAN_POINT('',(39.05,-40.,4.03));
#8553=CARTESIAN_POINT('',(39.05,-45.05,4.03));
#8554=CARTESIAN_POINT('Origin',(40.,-40.,4.03));
#8555=CARTESIAN_POINT('',(14.6,-39.05,4.03));
#8556=CARTESIAN_POINT('',(2.,-39.05,4.03));
#8557=CARTESIAN_POINT('',(24.55,-39.05,4.03));
#8558=CARTESIAN_POINT('',(15.55,-40.,4.03));
#8559=CARTESIAN_POINT('Origin',(14.6,-40.,4.03));
#8560=CARTESIAN_POINT('',(15.55,-52.6,4.03));
#8561=CARTESIAN_POINT('',(15.55,-38.05,4.03));
#8562=CARTESIAN_POINT('',(14.6,-53.55,4.03));
#8563=CARTESIAN_POINT('Origin',(14.6,-52.6,4.03));
#8564=CARTESIAN_POINT('',(2.,-53.55,4.03));
#8565=CARTESIAN_POINT('',(31.55,-53.55,4.03));
#8566=CARTESIAN_POINT('',(1.05,-52.6,4.03));
#8567=CARTESIAN_POINT('Origin',(2.,-52.6,4.03));
#8568=CARTESIAN_POINT('',(1.05,-40.,4.03));
#8569=CARTESIAN_POINT('',(1.05,-45.05,4.03));
#8570=CARTESIAN_POINT('Origin',(2.,-40.,4.03));
#8571=CARTESIAN_POINT('Origin',(47.425,-58.175,3.905));
#8572=CARTESIAN_POINT('',(60.35,-58.3,3.78));
#8573=CARTESIAN_POINT('',(60.35,-58.3,3.78));
#8574=CARTESIAN_POINT('',(47.75,-58.3,3.78));
#8575=CARTESIAN_POINT('',(47.75,-58.05,4.03));
#8576=CARTESIAN_POINT('',(47.425,-58.3,3.78));
#8577=CARTESIAN_POINT('Origin',(60.35,-59.,3.905));
#8578=CARTESIAN_POINT('',(61.05,-59.,3.78));
#8579=CARTESIAN_POINT('Origin',(60.35,-59.,3.78));
#8580=CARTESIAN_POINT('',(61.05,-59.,3.78));
#8581=CARTESIAN_POINT('Origin',(61.1750000000001,-47.55,3.905));
#8582=CARTESIAN_POINT('',(61.05,-71.6,3.78));
#8583=CARTESIAN_POINT('',(61.05,-71.6,3.78));
#8584=CARTESIAN_POINT('',(61.0500000000001,-47.55,3.78));
#8585=CARTESIAN_POINT('Origin',(60.35,-71.6,3.905));
#8586=CARTESIAN_POINT('',(60.35,-72.3,3.78));
#8587=CARTESIAN_POINT('Origin',(60.35,-71.6,3.78));
#8588=CARTESIAN_POINT('',(60.35,-72.3,3.78));
#8589=CARTESIAN_POINT('Origin',(54.425,-72.425,3.905));
#8590=CARTESIAN_POINT('',(47.75,-72.3,3.78));
#8591=CARTESIAN_POINT('',(47.75,-72.3,3.78));
#8592=CARTESIAN_POINT('',(54.425,-72.3,3.78));
#8593=CARTESIAN_POINT('Origin',(47.75,-71.6,3.905));
#8594=CARTESIAN_POINT('',(47.05,-71.6,3.78));
#8595=CARTESIAN_POINT('Origin',(47.75,-71.6,3.78));
#8596=CARTESIAN_POINT('',(47.05,-71.6,3.78));
#8597=CARTESIAN_POINT('Origin',(46.925,-54.55,3.905));
#8598=CARTESIAN_POINT('',(47.05,-59.,3.78));
#8599=CARTESIAN_POINT('',(47.05,-59.,3.78));
#8600=CARTESIAN_POINT('',(47.05,-54.55,3.78));
#8601=CARTESIAN_POINT('Origin',(47.75,-59.,3.905));
#8602=CARTESIAN_POINT('Origin',(47.75,-59.,3.78));
#8603=CARTESIAN_POINT('Origin',(60.35,-71.6,4.03));
#8604=CARTESIAN_POINT('',(61.05,-71.6,1.65));
#8605=CARTESIAN_POINT('',(61.05,-71.6,4.03));
#8606=CARTESIAN_POINT('',(60.35,-72.3,1.65));
#8607=CARTESIAN_POINT('Origin',(60.35,-71.6,1.65));
#8608=CARTESIAN_POINT('',(60.35,-72.3,4.03));
#8609=CARTESIAN_POINT('Origin',(61.05,-58.3,4.03));
#8610=CARTESIAN_POINT('',(61.05,-59.,1.65));
#8611=CARTESIAN_POINT('',(61.05,-59.,4.03));
#8612=CARTESIAN_POINT('',(61.0500000000001,-47.55,1.65));
#8613=CARTESIAN_POINT('Origin',(60.35,-59.,4.03));
#8614=CARTESIAN_POINT('',(60.35,-58.3,1.65));
#8615=CARTESIAN_POINT('',(60.35,-58.3,4.03));
#8616=CARTESIAN_POINT('Origin',(60.35,-59.,1.65));
#8617=CARTESIAN_POINT('Origin',(47.05,-58.3,4.03));
#8618=CARTESIAN_POINT('',(47.75,-58.3,1.65));
#8619=CARTESIAN_POINT('',(47.75,-58.3,4.03));
#8620=CARTESIAN_POINT('',(47.425,-58.3,1.65));
#8621=CARTESIAN_POINT('Origin',(24.55,-39.175,3.905));
#8622=CARTESIAN_POINT('',(14.6,-39.3,3.78));
#8623=CARTESIAN_POINT('',(14.6,-39.3,3.78));
#8624=CARTESIAN_POINT('',(2.,-39.3,3.78));
#8625=CARTESIAN_POINT('',(2.,-39.05,4.03));
#8626=CARTESIAN_POINT('',(24.55,-39.3,3.78));
#8627=CARTESIAN_POINT('Origin',(14.6,-40.,3.905));
#8628=CARTESIAN_POINT('',(15.3,-40.,3.78));
#8629=CARTESIAN_POINT('Origin',(14.6,-40.,3.78));
#8630=CARTESIAN_POINT('',(15.3,-40.,3.78));
#8631=CARTESIAN_POINT('Origin',(15.425,-38.05,3.905));
#8632=CARTESIAN_POINT('',(15.3,-52.6,3.78));
#8633=CARTESIAN_POINT('',(15.3,-52.6,3.78));
#8634=CARTESIAN_POINT('',(15.3,-38.05,3.78));
#8635=CARTESIAN_POINT('Origin',(14.6,-52.6,3.905));
#8636=CARTESIAN_POINT('',(14.6,-53.3,3.78));
#8637=CARTESIAN_POINT('Origin',(14.6,-52.6,3.78));
#8638=CARTESIAN_POINT('',(14.6,-53.3,3.78));
#8639=CARTESIAN_POINT('Origin',(31.55,-53.425,3.905));
#8640=CARTESIAN_POINT('',(2.,-53.3,3.78));
#8641=CARTESIAN_POINT('',(2.,-53.3,3.78));
#8642=CARTESIAN_POINT('',(31.55,-53.3,3.78));
#8643=CARTESIAN_POINT('Origin',(2.,-52.6,3.905));
#8644=CARTESIAN_POINT('',(1.3,-52.6,3.78));
#8645=CARTESIAN_POINT('Origin',(2.,-52.6,3.78));
#8646=CARTESIAN_POINT('',(1.3,-52.6,3.78));
#8647=CARTESIAN_POINT('Origin',(1.175,-45.05,3.905));
#8648=CARTESIAN_POINT('',(1.3,-40.,3.78));
#8649=CARTESIAN_POINT('',(1.3,-40.,3.78));
#8650=CARTESIAN_POINT('',(1.3,-45.05,3.78));
#8651=CARTESIAN_POINT('Origin',(2.,-40.,3.905));
#8652=CARTESIAN_POINT('Origin',(2.,-40.,3.78));
#8653=CARTESIAN_POINT('Origin',(14.6,-52.6,4.03));
#8654=CARTESIAN_POINT('',(15.3,-52.6,1.65));
#8655=CARTESIAN_POINT('',(15.3,-52.6,4.03));
#8656=CARTESIAN_POINT('',(14.6,-53.3,1.65));
#8657=CARTESIAN_POINT('Origin',(14.6,-52.6,1.65));
#8658=CARTESIAN_POINT('',(14.6,-53.3,4.03));
#8659=CARTESIAN_POINT('Origin',(15.3,-39.3,4.03));
#8660=CARTESIAN_POINT('',(15.3,-40.,1.65));
#8661=CARTESIAN_POINT('',(15.3,-40.,4.03));
#8662=CARTESIAN_POINT('',(15.3,-38.05,1.65));
#8663=CARTESIAN_POINT('Origin',(14.6,-40.,4.03));
#8664=CARTESIAN_POINT('',(14.6,-39.3,1.65));
#8665=CARTESIAN_POINT('',(14.6,-39.3,4.03));
#8666=CARTESIAN_POINT('Origin',(14.6,-40.,1.65));
#8667=CARTESIAN_POINT('Origin',(1.3,-39.3,4.03));
#8668=CARTESIAN_POINT('',(2.,-39.3,1.65));
#8669=CARTESIAN_POINT('',(2.,-39.3,4.03));
#8670=CARTESIAN_POINT('',(24.55,-39.3,1.65));
#8671=CARTESIAN_POINT('Origin',(34.05,-39.175,3.905));
#8672=CARTESIAN_POINT('',(33.6,-39.3,3.78));
#8673=CARTESIAN_POINT('',(33.6,-39.3,3.78));
#8674=CARTESIAN_POINT('',(21.,-39.3,3.78));
#8675=CARTESIAN_POINT('',(21.,-39.05,4.03));
#8676=CARTESIAN_POINT('',(34.05,-39.3,3.78));
#8677=CARTESIAN_POINT('Origin',(33.6,-40.,3.905));
#8678=CARTESIAN_POINT('',(34.3,-40.,3.78));
#8679=CARTESIAN_POINT('Origin',(33.6,-40.,3.78));
#8680=CARTESIAN_POINT('',(34.3,-40.,3.78));
#8681=CARTESIAN_POINT('Origin',(34.425,-38.05,3.905));
#8682=CARTESIAN_POINT('',(34.3,-52.6,3.78));
#8683=CARTESIAN_POINT('',(34.3,-52.6,3.78));
#8684=CARTESIAN_POINT('',(34.3,-38.05,3.78));
#8685=CARTESIAN_POINT('Origin',(33.6,-52.6,3.905));
#8686=CARTESIAN_POINT('',(33.6,-53.3,3.78));
#8687=CARTESIAN_POINT('Origin',(33.6,-52.6,3.78));
#8688=CARTESIAN_POINT('',(33.6,-53.3,3.78));
#8689=CARTESIAN_POINT('Origin',(41.05,-53.425,3.905));
#8690=CARTESIAN_POINT('',(21.,-53.3,3.78));
#8691=CARTESIAN_POINT('',(21.,-53.3,3.78));
#8692=CARTESIAN_POINT('',(41.05,-53.3,3.78));
#8693=CARTESIAN_POINT('Origin',(21.,-52.6,3.905));
#8694=CARTESIAN_POINT('',(20.3,-52.6,3.78));
#8695=CARTESIAN_POINT('Origin',(21.,-52.6,3.78));
#8696=CARTESIAN_POINT('',(20.3,-52.6,3.78));
#8697=CARTESIAN_POINT('Origin',(20.175,-45.05,3.905));
#8698=CARTESIAN_POINT('',(20.3,-40.,3.78));
#8699=CARTESIAN_POINT('',(20.3,-40.,3.78));
#8700=CARTESIAN_POINT('',(20.3,-45.05,3.78));
#8701=CARTESIAN_POINT('Origin',(21.,-40.,3.905));
#8702=CARTESIAN_POINT('Origin',(21.,-40.,3.78));
#8703=CARTESIAN_POINT('Origin',(33.6,-52.6,4.03));
#8704=CARTESIAN_POINT('',(34.3,-52.6,1.65));
#8705=CARTESIAN_POINT('',(34.3,-52.6,4.03));
#8706=CARTESIAN_POINT('',(33.6,-53.3,1.65));
#8707=CARTESIAN_POINT('Origin',(33.6,-52.6,1.65));
#8708=CARTESIAN_POINT('',(33.6,-53.3,4.03));
#8709=CARTESIAN_POINT('Origin',(34.3,-39.3,4.03));
#8710=CARTESIAN_POINT('',(34.3,-40.,1.65));
#8711=CARTESIAN_POINT('',(34.3,-40.,4.03));
#8712=CARTESIAN_POINT('',(34.3,-38.05,1.65));
#8713=CARTESIAN_POINT('Origin',(33.6,-40.,4.03));
#8714=CARTESIAN_POINT('',(33.6,-39.3,1.65));
#8715=CARTESIAN_POINT('',(33.6,-39.3,4.03));
#8716=CARTESIAN_POINT('Origin',(33.6,-40.,1.65));
#8717=CARTESIAN_POINT('Origin',(20.3,-39.3,4.03));
#8718=CARTESIAN_POINT('',(21.,-39.3,1.65));
#8719=CARTESIAN_POINT('',(21.,-39.3,4.03));
#8720=CARTESIAN_POINT('',(34.05,-39.3,1.65));
#8721=CARTESIAN_POINT('Origin',(43.55,-39.175,3.905));
#8722=CARTESIAN_POINT('',(52.6,-39.3,3.78));
#8723=CARTESIAN_POINT('',(52.6,-39.3,3.78));
#8724=CARTESIAN_POINT('',(40.,-39.3,3.78));
#8725=CARTESIAN_POINT('',(40.,-39.05,4.03));
#8726=CARTESIAN_POINT('',(43.55,-39.3,3.78));
#8727=CARTESIAN_POINT('Origin',(52.6,-40.,3.905));
#8728=CARTESIAN_POINT('',(53.3,-40.,3.78));
#8729=CARTESIAN_POINT('Origin',(52.6,-40.,3.78));
#8730=CARTESIAN_POINT('',(53.3,-40.,3.78));
#8731=CARTESIAN_POINT('Origin',(53.425,-38.05,3.905));
#8732=CARTESIAN_POINT('',(53.3,-52.6,3.78));
#8733=CARTESIAN_POINT('',(53.3,-52.6,3.78));
#8734=CARTESIAN_POINT('',(53.3,-38.05,3.78));
#8735=CARTESIAN_POINT('Origin',(52.6,-52.6,3.905));
#8736=CARTESIAN_POINT('',(52.6,-53.3,3.78));
#8737=CARTESIAN_POINT('Origin',(52.6,-52.6,3.78));
#8738=CARTESIAN_POINT('',(52.6,-53.3,3.78));
#8739=CARTESIAN_POINT('Origin',(50.55,-53.425,3.905));
#8740=CARTESIAN_POINT('',(40.,-53.3,3.78));
#8741=CARTESIAN_POINT('',(40.,-53.3,3.78));
#8742=CARTESIAN_POINT('',(50.55,-53.3,3.78));
#8743=CARTESIAN_POINT('Origin',(40.,-52.6,3.905));
#8744=CARTESIAN_POINT('',(39.3,-52.6,3.78));
#8745=CARTESIAN_POINT('Origin',(40.,-52.6,3.78));
#8746=CARTESIAN_POINT('',(39.3,-52.6,3.78));
#8747=CARTESIAN_POINT('Origin',(39.175,-45.05,3.905));
#8748=CARTESIAN_POINT('',(39.3,-40.,3.78));
#8749=CARTESIAN_POINT('',(39.3,-40.,3.78));
#8750=CARTESIAN_POINT('',(39.3,-45.05,3.78));
#8751=CARTESIAN_POINT('Origin',(40.,-40.,3.905));
#8752=CARTESIAN_POINT('Origin',(40.,-40.,3.78));
#8753=CARTESIAN_POINT('Origin',(52.6,-52.6,4.03));
#8754=CARTESIAN_POINT('',(53.3,-52.6,1.65));
#8755=CARTESIAN_POINT('',(53.3,-52.6,4.03));
#8756=CARTESIAN_POINT('',(52.6,-53.3,1.65));
#8757=CARTESIAN_POINT('Origin',(52.6,-52.6,1.65));
#8758=CARTESIAN_POINT('',(52.6,-53.3,4.03));
#8759=CARTESIAN_POINT('Origin',(53.3,-39.3,4.03));
#8760=CARTESIAN_POINT('',(53.3,-40.,1.65));
#8761=CARTESIAN_POINT('',(53.3,-40.,4.03));
#8762=CARTESIAN_POINT('',(53.3,-38.05,1.65));
#8763=CARTESIAN_POINT('Origin',(52.6,-40.,4.03));
#8764=CARTESIAN_POINT('',(52.6,-39.3,1.65));
#8765=CARTESIAN_POINT('',(52.6,-39.3,4.03));
#8766=CARTESIAN_POINT('Origin',(52.6,-40.,1.65));
#8767=CARTESIAN_POINT('Origin',(39.3,-39.3,4.03));
#8768=CARTESIAN_POINT('',(40.,-39.3,1.65));
#8769=CARTESIAN_POINT('',(40.,-39.3,4.03));
#8770=CARTESIAN_POINT('',(43.55,-39.3,1.65));
#8771=CARTESIAN_POINT('Origin',(53.05,-39.1749999999999,3.905));
#8772=CARTESIAN_POINT('',(71.6,-39.2999999999999,3.78));
#8773=CARTESIAN_POINT('',(71.6,-39.2999999999999,3.78));
#8774=CARTESIAN_POINT('',(59.,-39.2999999999999,3.78));
#8775=CARTESIAN_POINT('',(59.,-39.0499999999999,4.03));
#8776=CARTESIAN_POINT('',(53.05,-39.2999999999999,3.78));
#8777=CARTESIAN_POINT('Origin',(71.6,-39.9999999999999,3.905));
#8778=CARTESIAN_POINT('',(72.3,-39.9999999999999,3.78));
#8779=CARTESIAN_POINT('Origin',(71.6,-39.9999999999999,3.78));
#8780=CARTESIAN_POINT('',(72.3,-39.9999999999999,3.78));
#8781=CARTESIAN_POINT('Origin',(72.425,-38.05,3.905));
#8782=CARTESIAN_POINT('',(72.3,-52.5999999999999,3.78));
#8783=CARTESIAN_POINT('',(72.3,-52.5999999999999,3.78));
#8784=CARTESIAN_POINT('',(72.3,-38.05,3.78));
#8785=CARTESIAN_POINT('Origin',(71.6,-52.5999999999999,3.905));
#8786=CARTESIAN_POINT('',(71.6,-53.2999999999999,3.78));
#8787=CARTESIAN_POINT('Origin',(71.6,-52.5999999999999,3.78));
#8788=CARTESIAN_POINT('',(71.6,-53.2999999999999,3.78));
#8789=CARTESIAN_POINT('Origin',(60.05,-53.4249999999999,3.905));
#8790=CARTESIAN_POINT('',(59.,-53.2999999999999,3.78));
#8791=CARTESIAN_POINT('',(59.,-53.2999999999999,3.78));
#8792=CARTESIAN_POINT('',(60.05,-53.2999999999999,3.78));
#8793=CARTESIAN_POINT('Origin',(59.,-52.5999999999999,3.905));
#8794=CARTESIAN_POINT('',(58.3,-52.5999999999999,3.78));
#8795=CARTESIAN_POINT('Origin',(59.,-52.5999999999999,3.78));
#8796=CARTESIAN_POINT('',(58.3,-52.5999999999999,3.78));
#8797=CARTESIAN_POINT('Origin',(58.175,-45.05,3.905));
#8798=CARTESIAN_POINT('',(58.3,-39.9999999999999,3.78));
#8799=CARTESIAN_POINT('',(58.3,-39.9999999999999,3.78));
#8800=CARTESIAN_POINT('',(58.3,-45.05,3.78));
#8801=CARTESIAN_POINT('Origin',(59.,-39.9999999999999,3.905));
#8802=CARTESIAN_POINT('Origin',(59.,-39.9999999999999,3.78));
#8803=CARTESIAN_POINT('Origin',(71.6,-52.5999999999999,4.03));
#8804=CARTESIAN_POINT('',(72.3,-52.5999999999999,1.65));
#8805=CARTESIAN_POINT('',(72.3,-52.5999999999999,4.03));
#8806=CARTESIAN_POINT('',(71.6,-53.2999999999999,1.65));
#8807=CARTESIAN_POINT('Origin',(71.6,-52.5999999999999,1.65));
#8808=CARTESIAN_POINT('',(71.6,-53.2999999999999,4.03));
#8809=CARTESIAN_POINT('Origin',(72.3,-39.2999999999999,4.03));
#8810=CARTESIAN_POINT('',(72.3,-39.9999999999999,1.65));
#8811=CARTESIAN_POINT('',(72.3,-39.9999999999999,4.03));
#8812=CARTESIAN_POINT('',(72.3,-38.05,1.65));
#8813=CARTESIAN_POINT('Origin',(71.6,-39.9999999999999,4.03));
#8814=CARTESIAN_POINT('',(71.6,-39.2999999999999,1.65));
#8815=CARTESIAN_POINT('',(71.6,-39.2999999999999,4.03));
#8816=CARTESIAN_POINT('Origin',(71.6,-39.9999999999999,1.65));
#8817=CARTESIAN_POINT('Origin',(58.3,-39.2999999999999,4.03));
#8818=CARTESIAN_POINT('',(59.,-39.2999999999999,1.65));
#8819=CARTESIAN_POINT('',(59.,-39.2999999999999,4.03));
#8820=CARTESIAN_POINT('',(53.05,-39.2999999999999,1.65));
#8821=CARTESIAN_POINT('Origin',(62.55,-39.175,3.905));
#8822=CARTESIAN_POINT('',(90.6,-39.3000000000001,3.78));
#8823=CARTESIAN_POINT('',(90.6,-39.3000000000001,3.78));
#8824=CARTESIAN_POINT('',(78.,-39.3000000000001,3.78));
#8825=CARTESIAN_POINT('',(78.,-39.0500000000001,4.03));
#8826=CARTESIAN_POINT('',(62.55,-39.3,3.78));
#8827=CARTESIAN_POINT('Origin',(90.6,-40.0000000000001,3.905));
#8828=CARTESIAN_POINT('',(91.3,-40.0000000000001,3.78));
#8829=CARTESIAN_POINT('Origin',(90.6,-40.0000000000001,3.78));
#8830=CARTESIAN_POINT('',(91.3,-40.0000000000001,3.78));
#8831=CARTESIAN_POINT('Origin',(91.425,-38.0499999999999,3.905));
#8832=CARTESIAN_POINT('',(91.3000000000001,-52.6000000000001,3.78));
#8833=CARTESIAN_POINT('',(91.3000000000001,-52.6000000000001,3.78));
#8834=CARTESIAN_POINT('',(91.3,-38.0499999999999,3.78));
#8835=CARTESIAN_POINT('Origin',(90.6000000000001,-52.6000000000001,3.905));
#8836=CARTESIAN_POINT('',(90.6000000000001,-53.3000000000001,3.78));
#8837=CARTESIAN_POINT('Origin',(90.6000000000001,-52.6000000000001,3.78));
#8838=CARTESIAN_POINT('',(90.6000000000001,-53.3000000000001,3.78));
#8839=CARTESIAN_POINT('Origin',(69.55,-53.425,3.905));
#8840=CARTESIAN_POINT('',(78.,-53.3000000000001,3.78));
#8841=CARTESIAN_POINT('',(78.,-53.3000000000001,3.78));
#8842=CARTESIAN_POINT('',(69.55,-53.3,3.78));
#8843=CARTESIAN_POINT('Origin',(78.,-52.6000000000001,3.905));
#8844=CARTESIAN_POINT('',(77.3,-52.6000000000001,3.78));
#8845=CARTESIAN_POINT('Origin',(78.,-52.6000000000001,3.78));
#8846=CARTESIAN_POINT('',(77.3,-52.6000000000001,3.78));
#8847=CARTESIAN_POINT('Origin',(77.175,-45.05,3.905));
#8848=CARTESIAN_POINT('',(77.3,-40.0000000000001,3.78));
#8849=CARTESIAN_POINT('',(77.3,-40.0000000000001,3.78));
#8850=CARTESIAN_POINT('',(77.3,-45.05,3.78));
#8851=CARTESIAN_POINT('Origin',(78.,-40.0000000000001,3.905));
#8852=CARTESIAN_POINT('Origin',(78.,-40.0000000000001,3.78));
#8853=CARTESIAN_POINT('Origin',(90.6000000000001,-52.6000000000001,4.03));
#8854=CARTESIAN_POINT('',(91.3,-52.6000000000001,1.65));
#8855=CARTESIAN_POINT('',(91.3000000000001,-52.6000000000001,4.03));
#8856=CARTESIAN_POINT('',(90.6000000000001,-53.3000000000001,1.65));
#8857=CARTESIAN_POINT('Origin',(90.6000000000001,-52.6000000000001,1.65));
#8858=CARTESIAN_POINT('',(90.6000000000001,-53.3000000000001,4.03));
#8859=CARTESIAN_POINT('Origin',(91.3,-39.3000000000001,4.03));
#8860=CARTESIAN_POINT('',(91.3,-40.0000000000001,1.65));
#8861=CARTESIAN_POINT('',(91.3,-40.0000000000001,4.03));
#8862=CARTESIAN_POINT('',(91.3,-38.0499999999999,1.65));
#8863=CARTESIAN_POINT('Origin',(90.6,-40.0000000000001,4.03));
#8864=CARTESIAN_POINT('',(90.6,-39.3000000000001,1.65));
#8865=CARTESIAN_POINT('',(90.6,-39.3000000000001,4.03));
#8866=CARTESIAN_POINT('Origin',(90.6,-40.0000000000001,1.65));
#8867=CARTESIAN_POINT('Origin',(77.3,-39.3000000000001,4.03));
#8868=CARTESIAN_POINT('',(78.,-39.3000000000001,1.65));
#8869=CARTESIAN_POINT('',(78.,-39.3000000000001,4.03));
#8870=CARTESIAN_POINT('',(62.55,-39.3,1.65));
#8871=CARTESIAN_POINT('Origin',(58.55,-20.175,3.905));
#8872=CARTESIAN_POINT('',(82.6,-20.3,3.78));
#8873=CARTESIAN_POINT('',(82.6,-20.3,3.78));
#8874=CARTESIAN_POINT('',(70.,-20.3,3.78));
#8875=CARTESIAN_POINT('',(70.,-20.05,4.03));
#8876=CARTESIAN_POINT('',(58.55,-20.3,3.78));
#8877=CARTESIAN_POINT('Origin',(82.6,-21.,3.905));
#8878=CARTESIAN_POINT('',(83.3,-21.,3.78));
#8879=CARTESIAN_POINT('Origin',(82.6,-21.,3.78));
#8880=CARTESIAN_POINT('',(83.3,-21.,3.78));
#8881=CARTESIAN_POINT('Origin',(83.425,-28.55,3.905));
#8882=CARTESIAN_POINT('',(83.3,-33.6,3.78));
#8883=CARTESIAN_POINT('',(83.3,-33.6,3.78));
#8884=CARTESIAN_POINT('',(83.3,-28.55,3.78));
#8885=CARTESIAN_POINT('Origin',(82.6,-33.6,3.905));
#8886=CARTESIAN_POINT('',(82.6,-34.3,3.78));
#8887=CARTESIAN_POINT('Origin',(82.6,-33.6,3.78));
#8888=CARTESIAN_POINT('',(82.6,-34.3,3.78));
#8889=CARTESIAN_POINT('Origin',(65.55,-34.425,3.905));
#8890=CARTESIAN_POINT('',(70.,-34.3,3.78));
#8891=CARTESIAN_POINT('',(70.,-34.3,3.78));
#8892=CARTESIAN_POINT('',(65.55,-34.3,3.78));
#8893=CARTESIAN_POINT('Origin',(70.,-33.6,3.905));
#8894=CARTESIAN_POINT('',(69.3,-33.6,3.78));
#8895=CARTESIAN_POINT('Origin',(70.,-33.6,3.78));
#8896=CARTESIAN_POINT('',(69.3,-33.6,3.78));
#8897=CARTESIAN_POINT('Origin',(69.175,-35.55,3.905));
#8898=CARTESIAN_POINT('',(69.3,-21.,3.78));
#8899=CARTESIAN_POINT('',(69.3,-21.,3.78));
#8900=CARTESIAN_POINT('',(69.3,-35.55,3.78));
#8901=CARTESIAN_POINT('Origin',(70.,-21.,3.905));
#8902=CARTESIAN_POINT('Origin',(70.,-21.,3.78));
#8903=CARTESIAN_POINT('Origin',(82.6,-33.6,4.03));
#8904=CARTESIAN_POINT('',(83.3,-33.6,1.65));
#8905=CARTESIAN_POINT('',(83.3,-33.6,4.03));
#8906=CARTESIAN_POINT('',(82.6,-34.3,1.65));
#8907=CARTESIAN_POINT('Origin',(82.6,-33.6,1.65));
#8908=CARTESIAN_POINT('',(82.6,-34.3,4.03));
#8909=CARTESIAN_POINT('Origin',(83.3,-20.3,4.03));
#8910=CARTESIAN_POINT('',(83.3,-21.,1.65));
#8911=CARTESIAN_POINT('',(83.3,-21.,4.03));
#8912=CARTESIAN_POINT('',(83.3,-28.55,1.65));
#8913=CARTESIAN_POINT('Origin',(82.6,-21.,4.03));
#8914=CARTESIAN_POINT('',(82.6,-20.3,1.65));
#8915=CARTESIAN_POINT('',(82.6,-20.3,4.03));
#8916=CARTESIAN_POINT('Origin',(82.6,-21.,1.65));
#8917=CARTESIAN_POINT('Origin',(69.3,-20.3,4.03));
#8918=CARTESIAN_POINT('',(70.,-20.3,1.65));
#8919=CARTESIAN_POINT('',(70.,-20.3,4.03));
#8920=CARTESIAN_POINT('',(58.55,-20.3,1.65));
#8921=CARTESIAN_POINT('Origin',(49.05,-20.175,3.905));
#8922=CARTESIAN_POINT('',(63.6,-20.2999999999999,3.78));
#8923=CARTESIAN_POINT('',(63.6,-20.2999999999999,3.78));
#8924=CARTESIAN_POINT('',(51.,-20.3,3.78));
#8925=CARTESIAN_POINT('',(51.,-20.05,4.03));
#8926=CARTESIAN_POINT('',(49.05,-20.3,3.78));
#8927=CARTESIAN_POINT('Origin',(63.6,-20.9999999999999,3.905));
#8928=CARTESIAN_POINT('',(64.3,-20.9999999999999,3.78));
#8929=CARTESIAN_POINT('Origin',(63.6,-20.9999999999999,3.78));
#8930=CARTESIAN_POINT('',(64.3,-20.9999999999999,3.78));
#8931=CARTESIAN_POINT('Origin',(64.425,-28.55,3.905));
#8932=CARTESIAN_POINT('',(64.3,-33.6,3.78));
#8933=CARTESIAN_POINT('',(64.3,-33.6,3.78));
#8934=CARTESIAN_POINT('',(64.3,-28.55,3.78));
#8935=CARTESIAN_POINT('Origin',(63.6,-33.6,3.905));
#8936=CARTESIAN_POINT('',(63.6,-34.3,3.78));
#8937=CARTESIAN_POINT('Origin',(63.6,-33.6,3.78));
#8938=CARTESIAN_POINT('',(63.6,-34.3,3.78));
#8939=CARTESIAN_POINT('Origin',(56.05,-34.425,3.905));
#8940=CARTESIAN_POINT('',(51.,-34.3,3.78));
#8941=CARTESIAN_POINT('',(51.,-34.3,3.78));
#8942=CARTESIAN_POINT('',(56.05,-34.3,3.78));
#8943=CARTESIAN_POINT('Origin',(51.,-33.6,3.905));
#8944=CARTESIAN_POINT('',(50.3,-33.6,3.78));
#8945=CARTESIAN_POINT('Origin',(51.,-33.6,3.78));
#8946=CARTESIAN_POINT('',(50.3,-33.6,3.78));
#8947=CARTESIAN_POINT('Origin',(50.175,-35.55,3.905));
#8948=CARTESIAN_POINT('',(50.3,-21.,3.78));
#8949=CARTESIAN_POINT('',(50.3,-21.,3.78));
#8950=CARTESIAN_POINT('',(50.3,-35.55,3.78));
#8951=CARTESIAN_POINT('Origin',(51.,-21.,3.905));
#8952=CARTESIAN_POINT('Origin',(51.,-21.,3.78));
#8953=CARTESIAN_POINT('Origin',(63.6,-33.6,4.03));
#8954=CARTESIAN_POINT('',(64.3,-33.6,1.65));
#8955=CARTESIAN_POINT('',(64.3,-33.6,4.03));
#8956=CARTESIAN_POINT('',(63.6,-34.3,1.65));
#8957=CARTESIAN_POINT('Origin',(63.6,-33.6,1.65));
#8958=CARTESIAN_POINT('',(63.6,-34.3,4.03));
#8959=CARTESIAN_POINT('Origin',(64.3,-20.2999999999999,4.03));
#8960=CARTESIAN_POINT('',(64.3,-20.9999999999999,1.65));
#8961=CARTESIAN_POINT('',(64.3,-20.9999999999999,4.03));
#8962=CARTESIAN_POINT('',(64.3,-28.55,1.65));
#8963=CARTESIAN_POINT('Origin',(63.6,-20.9999999999999,4.03));
#8964=CARTESIAN_POINT('',(63.6,-20.2999999999999,1.65));
#8965=CARTESIAN_POINT('',(63.6,-20.2999999999999,4.03));
#8966=CARTESIAN_POINT('Origin',(63.6,-20.9999999999999,1.65));
#8967=CARTESIAN_POINT('Origin',(50.3,-20.3,4.03));
#8968=CARTESIAN_POINT('',(51.,-20.3,1.65));
#8969=CARTESIAN_POINT('',(51.,-20.3,4.03));
#8970=CARTESIAN_POINT('',(49.05,-20.3,1.65));
#8971=CARTESIAN_POINT('Origin',(39.55,-20.175,3.905));
#8972=CARTESIAN_POINT('',(44.6,-20.3,3.78));
#8973=CARTESIAN_POINT('',(44.6,-20.3,3.78));
#8974=CARTESIAN_POINT('',(32.,-20.3,3.78));
#8975=CARTESIAN_POINT('',(32.,-20.05,4.03));
#8976=CARTESIAN_POINT('',(39.55,-20.3,3.78));
#8977=CARTESIAN_POINT('Origin',(44.6,-21.,3.905));
#8978=CARTESIAN_POINT('',(45.3,-21.,3.78));
#8979=CARTESIAN_POINT('Origin',(44.6,-21.,3.78));
#8980=CARTESIAN_POINT('',(45.3,-21.,3.78));
#8981=CARTESIAN_POINT('Origin',(45.425,-28.55,3.905));
#8982=CARTESIAN_POINT('',(45.3,-33.6,3.78));
#8983=CARTESIAN_POINT('',(45.3,-33.6,3.78));
#8984=CARTESIAN_POINT('',(45.3,-28.55,3.78));
#8985=CARTESIAN_POINT('Origin',(44.6,-33.6,3.905));
#8986=CARTESIAN_POINT('',(44.6,-34.3,3.78));
#8987=CARTESIAN_POINT('Origin',(44.6,-33.6,3.78));
#8988=CARTESIAN_POINT('',(44.6,-34.3,3.78));
#8989=CARTESIAN_POINT('Origin',(46.55,-34.425,3.905));
#8990=CARTESIAN_POINT('',(32.,-34.3,3.78));
#8991=CARTESIAN_POINT('',(32.,-34.3,3.78));
#8992=CARTESIAN_POINT('',(46.55,-34.3,3.78));
#8993=CARTESIAN_POINT('Origin',(32.,-33.6,3.905));
#8994=CARTESIAN_POINT('',(31.3,-33.6,3.78));
#8995=CARTESIAN_POINT('Origin',(32.,-33.6,3.78));
#8996=CARTESIAN_POINT('',(31.3,-33.6,3.78));
#8997=CARTESIAN_POINT('Origin',(31.175,-35.55,3.905));
#8998=CARTESIAN_POINT('',(31.3,-21.,3.78));
#8999=CARTESIAN_POINT('',(31.3,-21.,3.78));
#9000=CARTESIAN_POINT('',(31.3,-35.55,3.78));
#9001=CARTESIAN_POINT('Origin',(32.,-21.,3.905));
#9002=CARTESIAN_POINT('Origin',(32.,-21.,3.78));
#9003=CARTESIAN_POINT('Origin',(44.6,-33.6,4.03));
#9004=CARTESIAN_POINT('',(45.3,-33.6,1.65));
#9005=CARTESIAN_POINT('',(45.3,-33.6,4.03));
#9006=CARTESIAN_POINT('',(44.6,-34.3,1.65));
#9007=CARTESIAN_POINT('Origin',(44.6,-33.6,1.65));
#9008=CARTESIAN_POINT('',(44.6,-34.3,4.03));
#9009=CARTESIAN_POINT('Origin',(45.3,-20.3,4.03));
#9010=CARTESIAN_POINT('',(45.3,-21.,1.65));
#9011=CARTESIAN_POINT('',(45.3,-21.,4.03));
#9012=CARTESIAN_POINT('',(45.3,-28.55,1.65));
#9013=CARTESIAN_POINT('Origin',(44.6,-21.,4.03));
#9014=CARTESIAN_POINT('',(44.6,-20.3,1.65));
#9015=CARTESIAN_POINT('',(44.6,-20.3,4.03));
#9016=CARTESIAN_POINT('Origin',(44.6,-21.,1.65));
#9017=CARTESIAN_POINT('Origin',(31.3,-20.3,4.03));
#9018=CARTESIAN_POINT('',(32.,-20.3,1.65));
#9019=CARTESIAN_POINT('',(32.,-20.3,4.03));
#9020=CARTESIAN_POINT('',(39.55,-20.3,1.65));
#9021=CARTESIAN_POINT('Origin',(30.05,-20.175,3.905));
#9022=CARTESIAN_POINT('',(25.6,-20.3,3.78));
#9023=CARTESIAN_POINT('',(25.6,-20.3,3.78));
#9024=CARTESIAN_POINT('',(13.,-20.3,3.78));
#9025=CARTESIAN_POINT('',(13.,-20.05,4.03));
#9026=CARTESIAN_POINT('',(30.05,-20.3,3.78));
#9027=CARTESIAN_POINT('Origin',(25.6,-21.,3.905));
#9028=CARTESIAN_POINT('',(26.3,-21.,3.78));
#9029=CARTESIAN_POINT('Origin',(25.6,-21.,3.78));
#9030=CARTESIAN_POINT('',(26.3,-21.,3.78));
#9031=CARTESIAN_POINT('Origin',(26.425,-28.55,3.905));
#9032=CARTESIAN_POINT('',(26.3,-33.6,3.78));
#9033=CARTESIAN_POINT('',(26.3,-33.6,3.78));
#9034=CARTESIAN_POINT('',(26.3,-28.55,3.78));
#9035=CARTESIAN_POINT('Origin',(25.6,-33.6,3.905));
#9036=CARTESIAN_POINT('',(25.6,-34.3,3.78));
#9037=CARTESIAN_POINT('Origin',(25.6,-33.6,3.78));
#9038=CARTESIAN_POINT('',(25.6,-34.3,3.78));
#9039=CARTESIAN_POINT('Origin',(37.05,-34.425,3.905));
#9040=CARTESIAN_POINT('',(13.,-34.3,3.78));
#9041=CARTESIAN_POINT('',(13.,-34.3,3.78));
#9042=CARTESIAN_POINT('',(37.05,-34.3,3.78));
#9043=CARTESIAN_POINT('Origin',(13.,-33.6,3.905));
#9044=CARTESIAN_POINT('',(12.3,-33.6,3.78));
#9045=CARTESIAN_POINT('Origin',(13.,-33.6,3.78));
#9046=CARTESIAN_POINT('',(12.3,-33.6,3.78));
#9047=CARTESIAN_POINT('Origin',(12.175,-35.55,3.905));
#9048=CARTESIAN_POINT('',(12.3,-21.,3.78));
#9049=CARTESIAN_POINT('',(12.3,-21.,3.78));
#9050=CARTESIAN_POINT('',(12.3,-35.55,3.78));
#9051=CARTESIAN_POINT('Origin',(13.,-21.,3.905));
#9052=CARTESIAN_POINT('Origin',(13.,-21.,3.78));
#9053=CARTESIAN_POINT('Origin',(25.6,-33.6,4.03));
#9054=CARTESIAN_POINT('',(26.3,-33.6,1.65));
#9055=CARTESIAN_POINT('',(26.3,-33.6,4.03));
#9056=CARTESIAN_POINT('',(25.6,-34.3,1.65));
#9057=CARTESIAN_POINT('Origin',(25.6,-33.6,1.65));
#9058=CARTESIAN_POINT('',(25.6,-34.3,4.03));
#9059=CARTESIAN_POINT('Origin',(26.3,-20.3,4.03));
#9060=CARTESIAN_POINT('',(26.3,-21.,1.65));
#9061=CARTESIAN_POINT('',(26.3,-21.,4.03));
#9062=CARTESIAN_POINT('',(26.3,-28.55,1.65));
#9063=CARTESIAN_POINT('Origin',(25.6,-21.,4.03));
#9064=CARTESIAN_POINT('',(25.6,-20.3,1.65));
#9065=CARTESIAN_POINT('',(25.6,-20.3,4.03));
#9066=CARTESIAN_POINT('Origin',(25.6,-21.,1.65));
#9067=CARTESIAN_POINT('Origin',(12.3,-20.3,4.03));
#9068=CARTESIAN_POINT('',(13.,-20.3,1.65));
#9069=CARTESIAN_POINT('',(13.,-20.3,4.03));
#9070=CARTESIAN_POINT('',(30.05,-20.3,1.65));
#9071=CARTESIAN_POINT('Origin',(26.05,-1.175,3.905));
#9072=CARTESIAN_POINT('',(17.6,-1.3,3.78));
#9073=CARTESIAN_POINT('',(17.6,-1.3,3.78));
#9074=CARTESIAN_POINT('',(5.,-1.3,3.78));
#9075=CARTESIAN_POINT('',(5.,-1.05,4.03));
#9076=CARTESIAN_POINT('',(26.05,-1.3,3.78));
#9077=CARTESIAN_POINT('Origin',(17.6,-2.,3.905));
#9078=CARTESIAN_POINT('',(18.3,-2.,3.78));
#9079=CARTESIAN_POINT('Origin',(17.6,-2.,3.78));
#9080=CARTESIAN_POINT('',(18.3,-2.,3.78));
#9081=CARTESIAN_POINT('Origin',(18.425,-19.05,3.905));
#9082=CARTESIAN_POINT('',(18.3,-14.6,3.78));
#9083=CARTESIAN_POINT('',(18.3,-14.6,3.78));
#9084=CARTESIAN_POINT('',(18.3,-19.05,3.78));
#9085=CARTESIAN_POINT('Origin',(17.6,-14.6,3.905));
#9086=CARTESIAN_POINT('',(17.6,-15.3,3.78));
#9087=CARTESIAN_POINT('Origin',(17.6,-14.6,3.78));
#9088=CARTESIAN_POINT('',(17.6,-15.3,3.78));
#9089=CARTESIAN_POINT('Origin',(33.05,-15.425,3.905));
#9090=CARTESIAN_POINT('',(5.,-15.3,3.78));
#9091=CARTESIAN_POINT('',(5.,-15.3,3.78));
#9092=CARTESIAN_POINT('',(33.05,-15.3,3.78));
#9093=CARTESIAN_POINT('Origin',(5.,-14.6,3.905));
#9094=CARTESIAN_POINT('',(4.3,-14.6,3.78));
#9095=CARTESIAN_POINT('Origin',(5.,-14.6,3.78));
#9096=CARTESIAN_POINT('',(4.3,-14.6,3.78));
#9097=CARTESIAN_POINT('Origin',(4.175,-26.05,3.905));
#9098=CARTESIAN_POINT('',(4.3,-2.,3.78));
#9099=CARTESIAN_POINT('',(4.3,-2.,3.78));
#9100=CARTESIAN_POINT('',(4.3,-26.05,3.78));
#9101=CARTESIAN_POINT('Origin',(5.,-2.,3.905));
#9102=CARTESIAN_POINT('Origin',(5.,-2.,3.78));
#9103=CARTESIAN_POINT('Origin',(17.6,-14.6,4.03));
#9104=CARTESIAN_POINT('',(18.3,-14.6,1.65));
#9105=CARTESIAN_POINT('',(18.3,-14.6,4.03));
#9106=CARTESIAN_POINT('',(17.6,-15.3,1.65));
#9107=CARTESIAN_POINT('Origin',(17.6,-14.6,1.65));
#9108=CARTESIAN_POINT('',(17.6,-15.3,4.03));
#9109=CARTESIAN_POINT('Origin',(18.3,-1.3,4.03));
#9110=CARTESIAN_POINT('',(18.3,-2.,1.65));
#9111=CARTESIAN_POINT('',(18.3,-2.,4.03));
#9112=CARTESIAN_POINT('',(18.3,-4.99067110149179,1.65));
#9113=CARTESIAN_POINT('',(18.3,-19.05,1.65));
#9114=CARTESIAN_POINT('',(18.3,-5.00932889850822,1.65));
#9115=CARTESIAN_POINT('',(18.3,-19.05,1.65));
#9116=CARTESIAN_POINT('',(18.3,-19.05,1.65));
#9117=CARTESIAN_POINT('Origin',(17.6,-2.,4.03));
#9118=CARTESIAN_POINT('',(17.6,-1.3,1.65));
#9119=CARTESIAN_POINT('',(17.6,-1.3,4.03));
#9120=CARTESIAN_POINT('Origin',(17.6,-2.,1.65));
#9121=CARTESIAN_POINT('Origin',(4.3,-1.3,4.03));
#9122=CARTESIAN_POINT('',(5.,-1.3,1.65));
#9123=CARTESIAN_POINT('',(5.,-1.3,4.03));
#9124=CARTESIAN_POINT('',(26.05,-1.3,1.65));
#9125=CARTESIAN_POINT('Origin',(35.55,-1.175,3.905));
#9126=CARTESIAN_POINT('',(36.6,-1.3,3.78));
#9127=CARTESIAN_POINT('',(36.6,-1.3,3.78));
#9128=CARTESIAN_POINT('',(24.,-1.3,3.78));
#9129=CARTESIAN_POINT('',(24.,-1.05,4.03));
#9130=CARTESIAN_POINT('',(35.55,-1.3,3.78));
#9131=CARTESIAN_POINT('Origin',(36.6,-2.,3.905));
#9132=CARTESIAN_POINT('',(37.3,-2.,3.78));
#9133=CARTESIAN_POINT('Origin',(36.6,-2.,3.78));
#9134=CARTESIAN_POINT('',(37.3,-2.,3.78));
#9135=CARTESIAN_POINT('Origin',(37.425,-19.05,3.905));
#9136=CARTESIAN_POINT('',(37.3,-14.6,3.78));
#9137=CARTESIAN_POINT('',(37.3,-14.6,3.78));
#9138=CARTESIAN_POINT('',(37.3,-19.05,3.78));
#9139=CARTESIAN_POINT('Origin',(36.6,-14.6,3.905));
#9140=CARTESIAN_POINT('',(36.6,-15.3,3.78));
#9141=CARTESIAN_POINT('Origin',(36.6,-14.6,3.78));
#9142=CARTESIAN_POINT('',(36.6,-15.3,3.78));
#9143=CARTESIAN_POINT('Origin',(42.55,-15.425,3.905));
#9144=CARTESIAN_POINT('',(24.,-15.3,3.78));
#9145=CARTESIAN_POINT('',(24.,-15.3,3.78));
#9146=CARTESIAN_POINT('',(42.55,-15.3,3.78));
#9147=CARTESIAN_POINT('Origin',(24.,-14.6,3.905));
#9148=CARTESIAN_POINT('',(23.3,-14.6,3.78));
#9149=CARTESIAN_POINT('Origin',(24.,-14.6,3.78));
#9150=CARTESIAN_POINT('',(23.3,-14.6,3.78));
#9151=CARTESIAN_POINT('Origin',(23.175,-26.05,3.905));
#9152=CARTESIAN_POINT('',(23.3,-2.,3.78));
#9153=CARTESIAN_POINT('',(23.3,-2.,3.78));
#9154=CARTESIAN_POINT('',(23.3,-26.05,3.78));
#9155=CARTESIAN_POINT('Origin',(24.,-2.,3.905));
#9156=CARTESIAN_POINT('Origin',(24.,-2.,3.78));
#9157=CARTESIAN_POINT('Origin',(36.6,-14.6,4.03));
#9158=CARTESIAN_POINT('',(37.3,-14.6,1.65));
#9159=CARTESIAN_POINT('',(37.3,-14.6,4.03));
#9160=CARTESIAN_POINT('',(36.6,-15.3,1.65));
#9161=CARTESIAN_POINT('Origin',(36.6,-14.6,1.65));
#9162=CARTESIAN_POINT('',(36.6,-15.3,4.03));
#9163=CARTESIAN_POINT('Origin',(37.3,-1.3,4.03));
#9164=CARTESIAN_POINT('',(37.3,-2.,1.65));
#9165=CARTESIAN_POINT('',(37.3,-2.,4.03));
#9166=CARTESIAN_POINT('',(37.3,-19.05,1.65));
#9167=CARTESIAN_POINT('Origin',(36.6,-2.,4.03));
#9168=CARTESIAN_POINT('',(36.6,-1.3,1.65));
#9169=CARTESIAN_POINT('',(36.6,-1.3,4.03));
#9170=CARTESIAN_POINT('Origin',(36.6,-2.,1.65));
#9171=CARTESIAN_POINT('Origin',(23.3,-1.3,4.03));
#9172=CARTESIAN_POINT('',(24.,-1.3,1.65));
#9173=CARTESIAN_POINT('',(24.,-1.3,4.03));
#9174=CARTESIAN_POINT('',(35.55,-1.3,1.65));
#9175=CARTESIAN_POINT('Origin',(45.05,-1.175,3.905));
#9176=CARTESIAN_POINT('',(55.6,-1.3,3.78));
#9177=CARTESIAN_POINT('',(55.6,-1.3,3.78));
#9178=CARTESIAN_POINT('',(43.,-1.3,3.78));
#9179=CARTESIAN_POINT('',(43.,-1.05,4.03));
#9180=CARTESIAN_POINT('',(45.05,-1.3,3.78));
#9181=CARTESIAN_POINT('Origin',(55.6,-2.,3.905));
#9182=CARTESIAN_POINT('',(56.3,-2.,3.78));
#9183=CARTESIAN_POINT('Origin',(55.6,-2.,3.78));
#9184=CARTESIAN_POINT('',(56.3,-2.,3.78));
#9185=CARTESIAN_POINT('Origin',(56.425,-19.05,3.905));
#9186=CARTESIAN_POINT('',(56.3,-14.6,3.78));
#9187=CARTESIAN_POINT('',(56.3,-14.6,3.78));
#9188=CARTESIAN_POINT('',(56.3,-19.05,3.78));
#9189=CARTESIAN_POINT('Origin',(55.6,-14.6,3.905));
#9190=CARTESIAN_POINT('',(55.6,-15.3,3.78));
#9191=CARTESIAN_POINT('Origin',(55.6,-14.6,3.78));
#9192=CARTESIAN_POINT('',(55.6,-15.3,3.78));
#9193=CARTESIAN_POINT('Origin',(52.05,-15.425,3.905));
#9194=CARTESIAN_POINT('',(43.,-15.3,3.78));
#9195=CARTESIAN_POINT('',(43.,-15.3,3.78));
#9196=CARTESIAN_POINT('',(52.05,-15.3,3.78));
#9197=CARTESIAN_POINT('Origin',(43.,-14.6,3.905));
#9198=CARTESIAN_POINT('',(42.3,-14.6,3.78));
#9199=CARTESIAN_POINT('Origin',(43.,-14.6,3.78));
#9200=CARTESIAN_POINT('',(42.3,-14.6,3.78));
#9201=CARTESIAN_POINT('Origin',(42.1750000000001,-26.05,3.905));
#9202=CARTESIAN_POINT('',(42.3,-2.,3.78));
#9203=CARTESIAN_POINT('',(42.3,-2.,3.78));
#9204=CARTESIAN_POINT('',(42.3000000000001,-26.05,3.78));
#9205=CARTESIAN_POINT('Origin',(43.,-2.,3.905));
#9206=CARTESIAN_POINT('Origin',(43.,-2.,3.78));
#9207=CARTESIAN_POINT('Origin',(55.6,-14.6,4.03));
#9208=CARTESIAN_POINT('',(56.3,-14.6,1.65));
#9209=CARTESIAN_POINT('',(56.3,-14.6,4.03));
#9210=CARTESIAN_POINT('',(55.6,-15.3,1.65));
#9211=CARTESIAN_POINT('Origin',(55.6,-14.6,1.65));
#9212=CARTESIAN_POINT('',(55.6,-15.3,4.03));
#9213=CARTESIAN_POINT('Origin',(56.3,-1.3,4.03));
#9214=CARTESIAN_POINT('',(56.3,-2.,1.65));
#9215=CARTESIAN_POINT('',(56.3,-2.,4.03));
#9216=CARTESIAN_POINT('',(56.3,-19.05,1.65));
#9217=CARTESIAN_POINT('Origin',(55.6,-2.,4.03));
#9218=CARTESIAN_POINT('',(55.6,-1.3,1.65));
#9219=CARTESIAN_POINT('',(55.6,-1.3,4.03));
#9220=CARTESIAN_POINT('Origin',(55.6,-2.,1.65));
#9221=CARTESIAN_POINT('Origin',(42.3,-1.3,4.03));
#9222=CARTESIAN_POINT('',(43.,-1.3,1.65));
#9223=CARTESIAN_POINT('',(43.,-1.3,4.03));
#9224=CARTESIAN_POINT('',(45.05,-1.3,1.65));
#9225=CARTESIAN_POINT('Origin',(54.55,-1.175,3.905));
#9226=CARTESIAN_POINT('',(74.6,-1.3,3.78));
#9227=CARTESIAN_POINT('',(74.6,-1.3,3.78));
#9228=CARTESIAN_POINT('',(62.,-1.3,3.78));
#9229=CARTESIAN_POINT('',(62.,-1.05,4.03));
#9230=CARTESIAN_POINT('',(54.55,-1.3,3.78));
#9231=CARTESIAN_POINT('Origin',(74.6,-2.,3.905));
#9232=CARTESIAN_POINT('',(75.3,-2.,3.78));
#9233=CARTESIAN_POINT('Origin',(74.6,-2.,3.78));
#9234=CARTESIAN_POINT('',(75.3,-2.,3.78));
#9235=CARTESIAN_POINT('Origin',(75.425,-19.05,3.905));
#9236=CARTESIAN_POINT('',(75.3,-14.6,3.78));
#9237=CARTESIAN_POINT('',(75.3,-14.6,3.78));
#9238=CARTESIAN_POINT('',(75.3,-19.05,3.78));
#9239=CARTESIAN_POINT('Origin',(74.6,-14.6,3.905));
#9240=CARTESIAN_POINT('',(74.6,-15.3,3.78));
#9241=CARTESIAN_POINT('Origin',(74.6,-14.6,3.78));
#9242=CARTESIAN_POINT('',(74.6,-15.3,3.78));
#9243=CARTESIAN_POINT('Origin',(61.55,-15.425,3.905));
#9244=CARTESIAN_POINT('',(62.,-15.3,3.78));
#9245=CARTESIAN_POINT('',(62.,-15.3,3.78));
#9246=CARTESIAN_POINT('',(61.55,-15.3,3.78));
#9247=CARTESIAN_POINT('Origin',(62.,-14.6,3.905));
#9248=CARTESIAN_POINT('',(61.3,-14.6,3.78));
#9249=CARTESIAN_POINT('Origin',(62.,-14.6,3.78));
#9250=CARTESIAN_POINT('',(61.3,-14.6,3.78));
#9251=CARTESIAN_POINT('Origin',(61.175,-26.05,3.905));
#9252=CARTESIAN_POINT('',(61.3,-2.,3.78));
#9253=CARTESIAN_POINT('',(61.3,-2.,3.78));
#9254=CARTESIAN_POINT('',(61.3,-26.05,3.78));
#9255=CARTESIAN_POINT('Origin',(62.,-2.,3.905));
#9256=CARTESIAN_POINT('Origin',(62.,-2.,3.78));
#9257=CARTESIAN_POINT('Origin',(74.6,-14.6,4.03));
#9258=CARTESIAN_POINT('',(75.3,-14.6,1.65));
#9259=CARTESIAN_POINT('',(75.3,-14.6,4.03));
#9260=CARTESIAN_POINT('',(74.6,-15.3,1.65));
#9261=CARTESIAN_POINT('Origin',(74.6,-14.6,1.65));
#9262=CARTESIAN_POINT('',(74.6,-15.3,4.03));
#9263=CARTESIAN_POINT('Origin',(75.3,-1.3,4.03));
#9264=CARTESIAN_POINT('',(75.3,-2.,1.65));
#9265=CARTESIAN_POINT('',(75.3,-2.,4.03));
#9266=CARTESIAN_POINT('',(75.3,-19.05,1.65));
#9267=CARTESIAN_POINT('Origin',(74.6,-2.,4.03));
#9268=CARTESIAN_POINT('',(74.6,-1.3,1.65));
#9269=CARTESIAN_POINT('',(74.6,-1.3,4.03));
#9270=CARTESIAN_POINT('Origin',(74.6,-2.,1.65));
#9271=CARTESIAN_POINT('Origin',(61.3,-1.3,4.03));
#9272=CARTESIAN_POINT('',(62.,-1.3,1.65));
#9273=CARTESIAN_POINT('',(62.,-1.3,4.03));
#9274=CARTESIAN_POINT('',(54.55,-1.3,1.65));
#9275=CARTESIAN_POINT('Origin',(64.05,-1.175,3.905));
#9276=CARTESIAN_POINT('',(93.6,-1.3,3.78));
#9277=CARTESIAN_POINT('',(93.6,-1.3,3.78));
#9278=CARTESIAN_POINT('',(81.,-1.3,3.78));
#9279=CARTESIAN_POINT('',(81.,-1.05,4.03));
#9280=CARTESIAN_POINT('',(64.05,-1.3,3.78));
#9281=CARTESIAN_POINT('Origin',(93.6,-2.,3.905));
#9282=CARTESIAN_POINT('',(94.3,-2.,3.78));
#9283=CARTESIAN_POINT('Origin',(93.6,-2.,3.78));
#9284=CARTESIAN_POINT('',(94.3,-2.,3.78));
#9285=CARTESIAN_POINT('Origin',(94.425,-19.05,3.905));
#9286=CARTESIAN_POINT('',(94.3,-14.6,3.78));
#9287=CARTESIAN_POINT('',(94.3,-14.6,3.78));
#9288=CARTESIAN_POINT('',(94.3,-19.05,3.78));
#9289=CARTESIAN_POINT('Origin',(93.6,-14.6,3.905));
#9290=CARTESIAN_POINT('',(93.6,-15.3,3.78));
#9291=CARTESIAN_POINT('Origin',(93.6,-14.6,3.78));
#9292=CARTESIAN_POINT('',(93.6,-15.3,3.78));
#9293=CARTESIAN_POINT('Origin',(71.05,-15.425,3.905));
#9294=CARTESIAN_POINT('',(81.0000000000001,-15.3,3.78));
#9295=CARTESIAN_POINT('',(81.0000000000001,-15.3,3.78));
#9296=CARTESIAN_POINT('',(71.05,-15.3,3.78));
#9297=CARTESIAN_POINT('Origin',(81.0000000000001,-14.6,3.905));
#9298=CARTESIAN_POINT('',(80.3,-14.6,3.78));
#9299=CARTESIAN_POINT('Origin',(81.0000000000001,-14.6,3.78));
#9300=CARTESIAN_POINT('',(80.3,-14.6,3.78));
#9301=CARTESIAN_POINT('Origin',(80.1750000000001,-26.0499999999999,3.905));
#9302=CARTESIAN_POINT('',(80.3,-2.,3.78));
#9303=CARTESIAN_POINT('',(80.3,-2.,3.78));
#9304=CARTESIAN_POINT('',(80.3000000000001,-26.0499999999999,3.78));
#9305=CARTESIAN_POINT('Origin',(81.,-2.,3.905));
#9306=CARTESIAN_POINT('Origin',(81.,-2.,3.78));
#9307=CARTESIAN_POINT('Origin',(93.6,-14.6,4.03));
#9308=CARTESIAN_POINT('',(94.3,-14.6,1.65));
#9309=CARTESIAN_POINT('',(94.3,-14.6,4.03));
#9310=CARTESIAN_POINT('',(93.6,-15.3,1.65));
#9311=CARTESIAN_POINT('Origin',(93.6,-14.6,1.65));
#9312=CARTESIAN_POINT('',(93.6,-15.3,4.03));
#9313=CARTESIAN_POINT('Origin',(94.3,-1.3,4.03));
#9314=CARTESIAN_POINT('',(94.3,-2.,1.65));
#9315=CARTESIAN_POINT('',(94.3,-2.,4.03));
#9316=CARTESIAN_POINT('',(94.3,-19.05,1.65));
#9317=CARTESIAN_POINT('Origin',(93.6,-2.,4.03));
#9318=CARTESIAN_POINT('',(93.6,-1.3,1.65));
#9319=CARTESIAN_POINT('',(93.6,-1.3,4.03));
#9320=CARTESIAN_POINT('Origin',(93.6,-2.,1.65));
#9321=CARTESIAN_POINT('Origin',(80.3,-1.3,4.03));
#9322=CARTESIAN_POINT('',(81.,-1.3,1.65));
#9323=CARTESIAN_POINT('',(81.,-1.3,4.03));
#9324=CARTESIAN_POINT('',(64.05,-1.3,1.65));
#9325=CARTESIAN_POINT('Origin',(44.0707853944915,0.999999999999996,-9.67741244749014));
#9326=CARTESIAN_POINT('',(44.0707853944915,0.2,0.322587552510074));
#9327=CARTESIAN_POINT('',(44.0707853944915,0.199999999999999,0.0499999999999995));
#9328=CARTESIAN_POINT('',(44.0707853944915,0.2,-4.01370622374507));
#9329=CARTESIAN_POINT('',(44.0707853944915,0.999999999999996,0.322587552510074));
#9330=CARTESIAN_POINT('',(44.0707853944915,0.999999999999996,0.322587552510074));
#9331=CARTESIAN_POINT('',(44.0707853944915,0.999999999999996,0.0499999999999995));
#9332=CARTESIAN_POINT('',(44.0707853944915,0.999999999999996,-4.01370622374507));
#9333=CARTESIAN_POINT('',(44.0707853944915,-17.9,0.0499999999999995));
#9334=CARTESIAN_POINT('Origin',(35.5307853944956,0.999999999999996,0.322587552505675));
#9335=CARTESIAN_POINT('',(35.5307853944956,0.999999999999996,0.0499999999999995));
#9336=CARTESIAN_POINT('',(35.5307853944956,0.2,0.0499999999999995));
#9337=CARTESIAN_POINT('',(35.5307853944956,-17.9,0.0499999999999995));
#9338=CARTESIAN_POINT('',(35.5307853944956,0.999999999999996,0.322587552505675));
#9339=CARTESIAN_POINT('',(35.5307853944956,0.999999999999996,0.986293776252838));
#9340=CARTESIAN_POINT('',(35.5307853944956,0.2,0.322587552505675));
#9341=CARTESIAN_POINT('',(35.5307853944956,0.999999999999996,0.322587552505675));
#9342=CARTESIAN_POINT('',(35.5307853944956,0.2,0.986293776252838));
#9343=CARTESIAN_POINT('Origin',(36.6307853944959,0.999999999999996,0.322587552505675));
#9344=CARTESIAN_POINT('',(36.6307853944959,0.2,1.42258755250568));
#9345=CARTESIAN_POINT('Origin',(36.6307853944959,0.199999999999997,0.322587552505675));
#9346=CARTESIAN_POINT('',(36.6307853944959,0.999999999999996,1.42258755250568));
#9347=CARTESIAN_POINT('Origin',(36.6307853944959,0.999999999999996,0.322587552505675));
#9348=CARTESIAN_POINT('',(36.6307853944959,0.999999999999996,1.42258755250568));
#9349=CARTESIAN_POINT('Origin',(42.9707853944959,0.999999999999996,1.42258755250568));
#9350=CARTESIAN_POINT('',(42.9707853944959,0.2,1.42258755250568));
#9351=CARTESIAN_POINT('',(66.785383994383,0.199999999999998,1.42258755250568));
#9352=CARTESIAN_POINT('',(42.9707853944959,0.999999999999996,1.42258755250568));
#9353=CARTESIAN_POINT('',(69.285392697248,0.999999999999996,1.42258755250568));
#9354=CARTESIAN_POINT('',(42.9707853944959,0.999999999999996,1.42258755250568));
#9355=CARTESIAN_POINT('Origin',(42.9707853944959,0.999999999999996,0.322587552510077));
#9356=CARTESIAN_POINT('Origin',(42.9707853944959,0.199999999999997,0.322587552510077));
#9357=CARTESIAN_POINT('Origin',(42.9707853944959,0.999999999999996,0.322587552510077));
#9358=CARTESIAN_POINT('Origin',(61.4999825942689,0.999999999999996,0.56540000000045));
#9359=CARTESIAN_POINT('',(55.6999825942689,0.199999999999999,0.56540000000045));
#9360=CARTESIAN_POINT('',(61.4999825942689,0.199999999999999,0.56540000000045));
#9361=CARTESIAN_POINT('',(76.0499825942695,0.199999999999998,0.56540000000045));
#9362=CARTESIAN_POINT('',(55.6999825942689,0.999999999999996,0.56540000000045));
#9363=CARTESIAN_POINT('',(55.6999825942689,0.999999999999996,0.56540000000045));
#9364=CARTESIAN_POINT('',(61.4999825942689,0.999999999999996,0.56540000000045));
#9365=CARTESIAN_POINT('',(78.5499912971345,0.999999999999996,0.56540000000045));
#9366=CARTESIAN_POINT('',(61.4999825942689,0.999999999999996,0.56540000000045));
#9367=CARTESIAN_POINT('Origin',(61.4999825942689,0.999999999999996,0.0499999999999995));
#9368=CARTESIAN_POINT('',(61.4999825942689,0.199999999999999,0.0499999999999995));
#9369=CARTESIAN_POINT('',(61.499982594269,0.199999999999999,0.85));
#9370=CARTESIAN_POINT('',(61.4999825942689,0.999999999999996,0.0499999999999995));
#9371=CARTESIAN_POINT('',(61.499982594269,0.999999999999996,0.85));
#9372=CARTESIAN_POINT('',(61.4999825942689,-17.9,0.0499999999999995));
#9373=CARTESIAN_POINT('Origin',(55.6999825942689,0.999999999999996,0.56540000000045));
#9374=CARTESIAN_POINT('',(55.6999825942689,0.199999999999999,0.0499999999999995));
#9375=CARTESIAN_POINT('',(55.6999825942689,0.199999999999999,1.10770000000023));
#9376=CARTESIAN_POINT('',(55.6999825942689,0.999999999999996,0.0499999999999995));
#9377=CARTESIAN_POINT('',(55.6999825942689,-17.9,0.0499999999999995));
#9378=CARTESIAN_POINT('',(55.6999825942689,0.999999999999996,1.10770000000023));
#9379=CARTESIAN_POINT('Origin',(50.1999988779426,0.999999999999996,0.663521917422051));
#9380=CARTESIAN_POINT('',(49.0486531528044,0.199999999999999,0.663521917422051));
#9381=CARTESIAN_POINT('',(50.1999988779426,0.199999999999999,0.663521917422051));
#9382=CARTESIAN_POINT('',(70.3999907361063,0.199999999999998,0.663521917422051));
#9383=CARTESIAN_POINT('',(49.0486531528044,0.999999999999996,0.663521917422051));
#9384=CARTESIAN_POINT('',(49.0486531528044,0.999999999999996,0.663521917422051));
#9385=CARTESIAN_POINT('',(50.1999988779426,0.999999999999996,0.663521917422051));
#9386=CARTESIAN_POINT('',(72.8999994389713,0.999999999999996,0.663521917422051));
#9387=CARTESIAN_POINT('',(50.1999988779426,0.999999999999996,0.663521917422051));
#9388=CARTESIAN_POINT('Origin',(50.1999988779426,0.999999999999996,0.0499999999999995));
#9389=CARTESIAN_POINT('',(50.1999988779426,0.199999999999999,0.0499999999999995));
#9390=CARTESIAN_POINT('',(50.1999988779426,0.199999999999999,0.85));
#9391=CARTESIAN_POINT('',(50.1999988779426,0.999999999999996,0.0499999999999995));
#9392=CARTESIAN_POINT('',(50.1999988779426,0.999999999999996,0.85));
#9393=CARTESIAN_POINT('',(50.1999988779426,-17.9,0.0499999999999995));
#9394=CARTESIAN_POINT('Origin',(49.0486531528044,0.999999999999996,0.663521917422051));
#9395=CARTESIAN_POINT('',(49.0486531528044,0.199999999999999,0.0499999999999995));
#9396=CARTESIAN_POINT('',(49.0486531528044,0.199999999999999,1.15676095871103));
#9397=CARTESIAN_POINT('',(49.0486531528044,0.999999999999996,0.0499999999999995));
#9398=CARTESIAN_POINT('',(49.0486531528044,-17.9,0.0499999999999995));
#9399=CARTESIAN_POINT('',(49.0486531528044,0.999999999999996,1.15676095871103));
#9400=CARTESIAN_POINT('Origin',(47.8,-36.8,0.0499999999999995));
#9401=CARTESIAN_POINT('',(69.199991297135,0.199999999999998,0.0499999999999995));
#9402=CARTESIAN_POINT('',(95.6,0.999999999999994,0.0499999999999995));
#9403=CARTESIAN_POINT('Origin',(47.8,-36.8,0.0499999999999995));
#9404=CARTESIAN_POINT('',(4.99998259426992,0.200000000000001,0.0499999999999995));
#9405=CARTESIAN_POINT('',(69.199991297135,0.199999999999998,0.0499999999999995));
#9406=CARTESIAN_POINT('',(-0.200017405730064,-5.,0.0499999999999995));
#9407=CARTESIAN_POINT('Origin',(4.99998227310394,-4.999999678834,0.0499999999999995));
#9408=CARTESIAN_POINT('',(-0.200017405730064,-13.552548,0.0499999999999995));
#9409=CARTESIAN_POINT('',(-0.200017405730062,-20.9,0.0499999999999995));
#9410=CARTESIAN_POINT('',(2.22463731915753,-17.3588786675055,0.0499999999999995));
#9411=CARTESIAN_POINT('Origin',(4.00012374144094,-13.55245861333,0.0499999999999995));
#9412=CARTESIAN_POINT('',(3.56191021441793,-17.9692192967143,0.0499999999999995));
#9413=CARTESIAN_POINT('',(24.7558868045172,-27.6422972849717,0.0499999999999994));
#9414=CARTESIAN_POINT('',(3.56191021441852,-21.2307807032854,0.0499999999999995));
#9415=CARTESIAN_POINT('Origin',(2.79998211235593,-19.6,0.0499999999999995));
#9416=CARTESIAN_POINT('',(2.22463733038697,-21.8411213273693,0.0499999999999995));
#9417=CARTESIAN_POINT('',(18.9276800909985,-14.217736703076,0.0499999999999994));
#9418=CARTESIAN_POINT('',(-0.20001740573024,-25.6474520376116,0.0499999999999995));
#9419=CARTESIAN_POINT('Origin',(4.00012290367293,-25.64754085312,0.0499999999999995));
#9420=CARTESIAN_POINT('',(-0.200011405730063,-57.5525480376116,0.0499999999999995));
#9421=CARTESIAN_POINT('',(-0.20001635706778,-31.2237305321928,0.0499999999999995));
#9422=CARTESIAN_POINT('',(2.22464441963631,-61.3588791697717,0.0499999999999995));
#9423=CARTESIAN_POINT('Origin',(4.00005285174894,-57.55250758152,0.0499999999999995));
#9424=CARTESIAN_POINT('',(3.5619163904854,-61.9692193770727,0.0499999999999995));
#9425=CARTESIAN_POINT('',(16.4459573160416,-67.8495850624357,0.0499999999999995));
#9426=CARTESIAN_POINT('',(4.59998259426938,-63.6,0.0499999999999995));
#9427=CARTESIAN_POINT('Origin',(2.79999402246792,-63.59999623604,0.0499999999999995));
#9428=CARTESIAN_POINT('',(4.59998259426994,-69.043146,0.0499999999999995));
#9429=CARTESIAN_POINT('',(4.59998259426993,-50.2,0.0499999999999995));
#9430=CARTESIAN_POINT('',(5.8301342380325,-72.0129943562373,0.0499999999999995));
#9431=CARTESIAN_POINT('Origin',(8.80001063223494,-69.0431341368,0.0499999999999995));
#9432=CARTESIAN_POINT('',(6.09409523803236,-72.2769553562374,0.0499999999999995));
#9433=CARTESIAN_POINT('',(7.51935208945248,-73.7022122076593,0.0499999999999995));
#9434=CARTESIAN_POINT('',(9.77105059426995,-73.8,0.0499999999999995));
#9435=CARTESIAN_POINT('Origin',(9.77105030900195,-68.6000002345,0.0499999999999995));
#9436=CARTESIAN_POINT('',(85.82891459427,-73.8,0.0499999999999995));
#9437=CARTESIAN_POINT('',(28.785525297135,-73.8,0.0499999999999995));
#9438=CARTESIAN_POINT('',(89.5058699505036,-72.2769553562337,0.0499999999999995));
#9439=CARTESIAN_POINT('Origin',(85.828851116032,-68.5998462957601,0.0499999999999995));
#9440=CARTESIAN_POINT('',(89.7698309505073,-72.0129943562373,0.0499999999999995));
#9441=CARTESIAN_POINT('',(87.9486413019405,-73.8341840048042,0.0499999999999995));
#9442=CARTESIAN_POINT('',(90.9999825942697,-69.043146,0.0499999999999995));
#9443=CARTESIAN_POINT('Origin',(86.800161030339,-69.04321966115,0.0499999999999995));
#9444=CARTESIAN_POINT('',(90.99998259427,-63.6,0.0499999999999995));
#9445=CARTESIAN_POINT('',(90.99998259427,-52.921573,0.0499999999999995));
#9446=CARTESIAN_POINT('',(92.038049375136,-61.9692191136887,0.0499999999999995));
#9447=CARTESIAN_POINT('Origin',(92.799990590477,-63.6000086068,0.0499999999999995));
#9448=CARTESIAN_POINT('',(93.3753214971959,-61.358878837374,0.0499999999999995));
#9449=CARTESIAN_POINT('',(78.4853722775509,-68.1547549878698,0.0499999999999995));
#9450=CARTESIAN_POINT('',(95.7999765942706,-57.552548,0.0499999999999995));
#9451=CARTESIAN_POINT('Origin',(91.599861500391,-57.55247520571,0.0499999999999995));
#9452=CARTESIAN_POINT('',(95.7999765942699,-25.647452,0.0499999999999995));
#9453=CARTESIAN_POINT('',(95.7999765942699,-47.176274,0.0499999999999995));
#9454=CARTESIAN_POINT('',(93.3753190319067,-21.8411200374509,0.0499999999999995));
#9455=CARTESIAN_POINT('Origin',(91.6000338357709,-25.64741504027,0.0499999999999995));
#9456=CARTESIAN_POINT('',(92.0380491940081,-21.2307808036432,0.0499999999999995));
#9457=CARTESIAN_POINT('',(77.3409459854062,-14.5229209108146,0.0499999999999994));
#9458=CARTESIAN_POINT('',(92.0380491940095,-17.9692191963561,0.0499999999999995));
#9459=CARTESIAN_POINT('Origin',(92.7999822744229,-19.6,0.0499999999999995));
#9460=CARTESIAN_POINT('',(93.3753214971951,-17.3588788373744,0.0499999999999995));
#9461=CARTESIAN_POINT('',(70.1754392718875,-27.9474660772332,0.0499999999999994));
#9462=CARTESIAN_POINT('',(95.7999765942706,-13.5525481403091,0.0499999999999995));
#9463=CARTESIAN_POINT('Origin',(91.599861500391,-13.55247520571,0.0499999999999995));
#9464=CARTESIAN_POINT('',(95.7999825942699,-5.00000014030906,0.0499999999999995));
#9465=CARTESIAN_POINT('',(95.7999684396876,-25.1762909072282,0.0499999999999995));
#9466=CARTESIAN_POINT('',(90.59998259427,0.19999999999999,0.0499999999999995));
#9467=CARTESIAN_POINT('Origin',(90.5999829154359,-4.99999967883401,0.0499999999999995));
#9468=CARTESIAN_POINT('',(69.199991297135,0.199999999999998,0.0499999999999995));
#9469=CARTESIAN_POINT('',(95.6,0.999999999999996,0.0499999999999995));
#9470=CARTESIAN_POINT('',(95.6,0.999999999999994,0.0499999999999995));
#9471=CARTESIAN_POINT('',(96.6,0.,0.0499999999999995));
#9472=CARTESIAN_POINT('Origin',(95.6,-3.46944695195361E-15,0.0499999999999995));
#9473=CARTESIAN_POINT('',(96.6,-65.3,0.0499999999999995));
#9474=CARTESIAN_POINT('',(96.6,-65.3,0.0499999999999995));
#9475=CARTESIAN_POINT('',(87.3,-74.6,0.0499999999999995));
#9476=CARTESIAN_POINT('Origin',(87.3,-65.3,0.0499999999999995));
#9477=CARTESIAN_POINT('',(8.30000000000001,-74.6,0.0499999999999995));
#9478=CARTESIAN_POINT('',(8.30000000000001,-74.6,0.0499999999999995));
#9479=CARTESIAN_POINT('',(-0.999999999999985,-65.3,0.0499999999999995));
#9480=CARTESIAN_POINT('Origin',(8.30000000000001,-65.3,0.0499999999999995));
#9481=CARTESIAN_POINT('',(-0.999999999999996,0.,0.0499999999999995));
#9482=CARTESIAN_POINT('',(-0.999999999999996,-3.74128151938379E-15,0.0499999999999995));
#9483=CARTESIAN_POINT('',(0.,0.999999999999996,0.0499999999999995));
#9484=CARTESIAN_POINT('Origin',(3.46944695195361E-15,-3.33066907387547E-15,
0.0499999999999995));
#9485=CARTESIAN_POINT('',(95.6,0.999999999999994,0.0499999999999995));
#9486=CARTESIAN_POINT('',(93.6114822744229,-19.6,0.0499999999999995));
#9487=CARTESIAN_POINT('Origin',(92.7999822744229,-19.6,0.0499999999999995));
#9488=CARTESIAN_POINT('',(3.61149402246792,-63.59999623604,0.0499999999999995));
#9489=CARTESIAN_POINT('Origin',(2.79999402246792,-63.59999623604,0.0499999999999995));
#9490=CARTESIAN_POINT('',(3.61148211235593,-19.6,0.0499999999999995));
#9491=CARTESIAN_POINT('Origin',(2.79998211235593,-19.6,0.0499999999999995));
#9492=CARTESIAN_POINT('',(93.611490590477,-63.6000086068,0.0499999999999995));
#9493=CARTESIAN_POINT('Origin',(92.799990590477,-63.6000086068,0.0499999999999995));
#9494=CARTESIAN_POINT('Origin',(47.8,-36.8,0.0499999999999995));
#9495=CARTESIAN_POINT('',(95.6,0.999999999999994,0.0499999999999995));
#9496=CARTESIAN_POINT('',(69.199991297135,0.199999999999998,0.0499999999999995));
#9497=CARTESIAN_POINT('Origin',(95.6,0.999999999999996,1.65));
#9498=CARTESIAN_POINT('',(0.,0.999999999999996,1.65));
#9499=CARTESIAN_POINT('',(95.6,0.999999999999994,1.65));
#9500=CARTESIAN_POINT('Origin',(20.7999825942699,-5.,3.5117362928262));
#9501=CARTESIAN_POINT('',(21.8377325942699,-5.,3.2));
#9502=CARTESIAN_POINT('Origin',(20.7999825942699,-5.,3.2));
#9503=CARTESIAN_POINT('',(20.7999825942699,-5.,3.82354310739585));
#9504=CARTESIAN_POINT('',(21.3189162782153,-5.,3.5117362928262));
#9505=CARTESIAN_POINT('Origin',(20.7999825942699,-5.,2.375));
#9506=CARTESIAN_POINT('',(21.8377325942699,-5.,1.55));
#9507=CARTESIAN_POINT('Origin',(20.7999825942699,-5.,1.55));
#9508=CARTESIAN_POINT('',(21.8377325942699,-5.,2.375));
#9509=CARTESIAN_POINT('Origin',(20.7999825942699,-5.,1.65));
#9510=CARTESIAN_POINT('',(18.2999825942699,-5.,1.55));
#9511=CARTESIAN_POINT('Origin',(20.7999825942699,-5.,1.55));
#9512=CARTESIAN_POINT('',(18.2999825942699,-5.,1.65));
#9513=CARTESIAN_POINT('',(18.2999825942699,-5.,1.65));
#9514=CARTESIAN_POINT('Origin',(20.7999825942699,-5.,1.65));
#9515=CARTESIAN_POINT('Origin',(20.7999825942699,-5.,1.65));
#9516=CARTESIAN_POINT('Origin',(20.7999825942699,-5.,1.65));
#9517=CARTESIAN_POINT('Origin',(20.7999825942699,-5.,1.55));
#9518=CARTESIAN_POINT('Origin',(20.7999825942699,-5.,1.65));
#9519=CARTESIAN_POINT('Origin',(92.7999822744229,-19.6,2.79379919617043));
#9520=CARTESIAN_POINT('',(93.611482274423,-19.6,2.55));
#9521=CARTESIAN_POINT('Origin',(92.7999822744229,-19.6,2.55));
#9522=CARTESIAN_POINT('',(92.7999822744229,-19.6,3.03759839234087));
#9523=CARTESIAN_POINT('',(93.205732274423,-19.6,2.79379919617043));
#9524=CARTESIAN_POINT('Origin',(92.7999822744229,-19.6,1.3));
#9525=CARTESIAN_POINT('',(93.6114822744229,-19.6,1.3));
#9526=CARTESIAN_POINT('Origin',(2.79999402246792,-63.59999623604,2.79379919617043));
#9527=CARTESIAN_POINT('',(3.61149402246793,-63.59999623604,2.55));
#9528=CARTESIAN_POINT('Origin',(2.79999402246792,-63.59999623604,2.55));
#9529=CARTESIAN_POINT('',(2.79999402246792,-63.59999623604,3.03759839234087));
#9530=CARTESIAN_POINT('',(3.20574402246792,-63.59999623604,2.79379919617043));
#9531=CARTESIAN_POINT('Origin',(2.79999402246792,-63.59999623604,1.3));
#9532=CARTESIAN_POINT('',(3.61149402246792,-63.59999623604,1.3));
#9533=CARTESIAN_POINT('Origin',(2.79998211235593,-19.6,2.79379919617043));
#9534=CARTESIAN_POINT('',(3.61148211235593,-19.6,2.55));
#9535=CARTESIAN_POINT('Origin',(2.79998211235593,-19.6,2.55));
#9536=CARTESIAN_POINT('',(2.79998211235593,-19.6,3.03759839234087));
#9537=CARTESIAN_POINT('',(3.20573211235593,-19.6,2.79379919617043));
#9538=CARTESIAN_POINT('Origin',(2.79998211235593,-19.6,1.3));
#9539=CARTESIAN_POINT('',(3.61148211235593,-19.6,1.3));
#9540=CARTESIAN_POINT('Origin',(92.799990590477,-63.6000086068,2.79379919617043));
#9541=CARTESIAN_POINT('',(93.611490590477,-63.6000086068,2.55));
#9542=CARTESIAN_POINT('Origin',(92.799990590477,-63.6000086068,2.55));
#9543=CARTESIAN_POINT('',(92.799990590477,-63.6000086068,3.03759839234087));
#9544=CARTESIAN_POINT('',(93.205740590477,-63.6000086068,2.79379919617043));
#9545=CARTESIAN_POINT('Origin',(92.799990590477,-63.6000086068,1.3));
#9546=CARTESIAN_POINT('',(93.611490590477,-63.6000086068,1.3));
#9547=CARTESIAN_POINT('Origin',(5.8301342380325,-72.0129943562373,1.65));
#9548=CARTESIAN_POINT('',(6.09409523803236,-72.2769553562374,1.65));
#9549=CARTESIAN_POINT('',(5.8301342380325,-72.0129943562373,1.65));
#9550=CARTESIAN_POINT('',(7.51935208945248,-73.7022122076593,1.65));
#9551=CARTESIAN_POINT('',(6.09409523803235,-72.2769553562374,1.65));
#9552=CARTESIAN_POINT('',(5.8301342380325,-72.0129943562373,1.65));
#9553=CARTESIAN_POINT('Origin',(8.80001063223494,-69.0431341368,1.65));
#9554=CARTESIAN_POINT('',(4.59998259426994,-69.043146,1.65));
#9555=CARTESIAN_POINT('Origin',(8.80001063223494,-69.0431341368,1.65));
#9556=CARTESIAN_POINT('',(4.59998259426994,-69.043146,1.65));
#9557=CARTESIAN_POINT('Origin',(4.59998259426994,-63.6,1.65));
#9558=CARTESIAN_POINT('',(4.59998259426938,-63.6,1.65));
#9559=CARTESIAN_POINT('',(4.59998259426993,-50.2,1.65));
#9560=CARTESIAN_POINT('',(4.59998259426939,-63.6,1.65));
#9561=CARTESIAN_POINT('Origin',(2.79999402246792,-63.59999623604,1.65));
#9562=CARTESIAN_POINT('',(3.5619163904854,-61.9692193770727,1.65));
#9563=CARTESIAN_POINT('Origin',(2.79999402246792,-63.59999623604,1.65));
#9564=CARTESIAN_POINT('',(3.5619163904854,-61.9692193770727,1.65));
#9565=CARTESIAN_POINT('Origin',(2.22540540964275,-61.3592264908914,1.65));
#9566=CARTESIAN_POINT('',(2.22464441963631,-61.3588791697717,1.65));
#9567=CARTESIAN_POINT('',(16.4459573160416,-67.8495850624357,1.65));
#9568=CARTESIAN_POINT('',(2.22464441963631,-61.3588791697717,1.65));
#9569=CARTESIAN_POINT('Origin',(4.00005285174894,-57.55250758152,1.65));
#9570=CARTESIAN_POINT('',(-0.200011405730063,-57.5525480376116,1.65));
#9571=CARTESIAN_POINT('Origin',(4.00005285174894,-57.55250758152,1.65));
#9572=CARTESIAN_POINT('',(-0.200011405730064,-57.5525480376116,1.65));
#9573=CARTESIAN_POINT('Origin',(-0.200017405730063,-25.6474520376116,1.65));
#9574=CARTESIAN_POINT('',(-0.20001740573024,-25.6474520376116,1.65));
#9575=CARTESIAN_POINT('',(-0.20001635706778,-31.2237305321928,1.65));
#9576=CARTESIAN_POINT('',(-0.200017405730241,-25.6474520376116,1.65));
#9577=CARTESIAN_POINT('Origin',(4.00012290367293,-25.64754085312,1.65));
#9578=CARTESIAN_POINT('',(2.22463733038697,-21.8411213273693,1.65));
#9579=CARTESIAN_POINT('Origin',(4.00012290367293,-25.64754085312,1.65));
#9580=CARTESIAN_POINT('',(2.22463733038697,-21.8411213273693,1.65));
#9581=CARTESIAN_POINT('Origin',(3.56269940964269,-21.2304205091086,1.65));
#9582=CARTESIAN_POINT('',(3.56191021441852,-21.2307807032854,1.65));
#9583=CARTESIAN_POINT('',(18.9276800909985,-14.217736703076,1.65));
#9584=CARTESIAN_POINT('',(3.56191021441852,-21.2307807032854,1.65));
#9585=CARTESIAN_POINT('Origin',(2.79998211235593,-19.6,1.65));
#9586=CARTESIAN_POINT('',(3.56191021441793,-17.9692192967143,1.65));
#9587=CARTESIAN_POINT('Origin',(2.79998211235593,-19.6,1.65));
#9588=CARTESIAN_POINT('',(3.56191021441793,-17.9692192967143,1.65));
#9589=CARTESIAN_POINT('Origin',(2.22539940964273,-17.3592264908914,1.65));
#9590=CARTESIAN_POINT('',(2.22463731915753,-17.3588786675055,1.65));
#9591=CARTESIAN_POINT('',(24.7558868045172,-27.6422972849717,1.65));
#9592=CARTESIAN_POINT('',(2.22463731915753,-17.3588786675055,1.65));
#9593=CARTESIAN_POINT('Origin',(4.00012374144094,-13.55245861333,1.65));
#9594=CARTESIAN_POINT('',(-0.200017405730064,-13.552548,1.65));
#9595=CARTESIAN_POINT('Origin',(4.00012374144094,-13.55245861333,1.65));
#9596=CARTESIAN_POINT('',(-0.200017405730066,-13.552548,1.65));
#9597=CARTESIAN_POINT('Origin',(-0.200017405730066,-5.,1.65));
#9598=CARTESIAN_POINT('',(-0.200017405730064,-5.,1.65));
#9599=CARTESIAN_POINT('',(-0.200017405730062,-20.9,1.65));
#9600=CARTESIAN_POINT('',(-0.200017405730066,-5.,1.65));
#9601=CARTESIAN_POINT('Origin',(4.99998227310394,-4.999999678834,1.65));
#9602=CARTESIAN_POINT('',(4.99998259426992,0.200000000000001,1.65));
#9603=CARTESIAN_POINT('Origin',(4.99998227310394,-4.999999678834,1.65));
#9604=CARTESIAN_POINT('',(4.99998259426992,0.200000000000002,1.65));
#9605=CARTESIAN_POINT('Origin',(90.59998259427,0.199999999999997,1.65));
#9606=CARTESIAN_POINT('',(90.59998259427,0.19999999999999,1.65));
#9607=CARTESIAN_POINT('',(90.59998259427,0.199999999999989,1.65));
#9608=CARTESIAN_POINT('',(69.199991297135,0.199999999999998,1.65));
#9609=CARTESIAN_POINT('Origin',(90.5999829154359,-4.99999967883401,1.65));
#9610=CARTESIAN_POINT('',(95.7999825942699,-5.00000014030906,1.65));
#9611=CARTESIAN_POINT('Origin',(90.5999829154359,-4.99999967883401,1.65));
#9612=CARTESIAN_POINT('',(95.7999825942699,-5.00000014030906,1.65));
#9613=CARTESIAN_POINT('Origin',(95.7999765942699,-13.5525481403091,1.65));
#9614=CARTESIAN_POINT('',(95.7999765942706,-13.5525481403091,1.65));
#9615=CARTESIAN_POINT('',(95.7999684396876,-25.1762909072282,1.65));
#9616=CARTESIAN_POINT('',(95.7999765942706,-13.5525481403091,1.65));
#9617=CARTESIAN_POINT('Origin',(91.599861500391,-13.55247520571,1.65));
#9618=CARTESIAN_POINT('',(93.3753214971951,-17.3588788373744,1.65));
#9619=CARTESIAN_POINT('Origin',(91.599861500391,-13.55247520571,1.65));
#9620=CARTESIAN_POINT('',(93.3753214971951,-17.3588788373744,1.65));
#9621=CARTESIAN_POINT('Origin',(92.0372597788972,-17.9695794908914,1.65));
#9622=CARTESIAN_POINT('',(92.0380491940095,-17.9692191963561,1.65));
#9623=CARTESIAN_POINT('',(70.1754392718875,-27.9474660772332,1.65));
#9624=CARTESIAN_POINT('',(92.0380491940095,-17.9692191963561,1.65));
#9625=CARTESIAN_POINT('Origin',(92.7999822744229,-19.6,1.65));
#9626=CARTESIAN_POINT('',(92.0380491940081,-21.2307808036432,1.65));
#9627=CARTESIAN_POINT('Origin',(92.7999822744229,-19.6,1.65));
#9628=CARTESIAN_POINT('',(92.0380491940081,-21.2307808036432,1.65));
#9629=CARTESIAN_POINT('Origin',(93.3745597788972,-21.8407735091086,1.65));
#9630=CARTESIAN_POINT('',(93.3753190319067,-21.8411200374509,1.65));
#9631=CARTESIAN_POINT('',(77.3409459854062,-14.5229209108146,1.65));
#9632=CARTESIAN_POINT('',(93.3753190319067,-21.8411200374509,1.65));
#9633=CARTESIAN_POINT('Origin',(91.6000338357709,-25.64741504027,1.65));
#9634=CARTESIAN_POINT('',(95.7999765942699,-25.647452,1.65));
#9635=CARTESIAN_POINT('Origin',(91.6000338357709,-25.64741504027,1.65));
#9636=CARTESIAN_POINT('',(95.7999765942699,-25.647452,1.65));
#9637=CARTESIAN_POINT('Origin',(95.7999765942699,-57.552548,1.65));
#9638=CARTESIAN_POINT('',(95.7999765942706,-57.552548,1.65));
#9639=CARTESIAN_POINT('',(95.7999765942699,-47.176274,1.65));
#9640=CARTESIAN_POINT('',(95.7999765942706,-57.552548,1.65));
#9641=CARTESIAN_POINT('Origin',(91.599861500391,-57.55247520571,1.65));
#9642=CARTESIAN_POINT('',(93.3753214971959,-61.358878837374,1.65));
#9643=CARTESIAN_POINT('Origin',(91.599861500391,-57.55247520571,1.65));
#9644=CARTESIAN_POINT('',(93.3753214971959,-61.358878837374,1.65));
#9645=CARTESIAN_POINT('Origin',(92.0372597788972,-61.9695794908914,1.65));
#9646=CARTESIAN_POINT('',(92.038049375136,-61.9692191136887,1.65));
#9647=CARTESIAN_POINT('',(78.4853722775509,-68.1547549878698,1.65));
#9648=CARTESIAN_POINT('',(92.038049375136,-61.9692191136887,1.65));
#9649=CARTESIAN_POINT('Origin',(92.799990590477,-63.6000086068,1.65));
#9650=CARTESIAN_POINT('',(90.99998259427,-63.6,1.65));
#9651=CARTESIAN_POINT('Origin',(92.799990590477,-63.6000086068,1.65));
#9652=CARTESIAN_POINT('',(90.99998259427,-63.6,1.65));
#9653=CARTESIAN_POINT('Origin',(90.99998259427,-69.043146,1.65));
#9654=CARTESIAN_POINT('',(90.9999825942697,-69.043146,1.65));
#9655=CARTESIAN_POINT('',(90.99998259427,-52.921573,1.65));
#9656=CARTESIAN_POINT('',(90.9999825942697,-69.043146,1.65));
#9657=CARTESIAN_POINT('Origin',(86.800161030339,-69.04321966115,1.65));
#9658=CARTESIAN_POINT('',(89.7698309505073,-72.0129943562373,1.65));
#9659=CARTESIAN_POINT('Origin',(86.800161030339,-69.04321966115,1.65));
#9660=CARTESIAN_POINT('',(89.7698309505073,-72.0129943562373,1.65));
#9661=CARTESIAN_POINT('Origin',(89.5058699505073,-72.2769553562373,1.65));
#9662=CARTESIAN_POINT('',(89.5058699505036,-72.2769553562337,1.65));
#9663=CARTESIAN_POINT('',(87.9486413019405,-73.8341840048042,1.65));
#9664=CARTESIAN_POINT('',(89.5058699505036,-72.2769553562337,1.65));
#9665=CARTESIAN_POINT('Origin',(85.828851116032,-68.5998462957601,1.65));
#9666=CARTESIAN_POINT('',(85.82891459427,-73.8,1.65));
#9667=CARTESIAN_POINT('Origin',(85.828851116032,-68.5998462957601,1.65));
#9668=CARTESIAN_POINT('',(85.82891459427,-73.8,1.65));
#9669=CARTESIAN_POINT('Origin',(9.77105059426995,-73.8,1.65));
#9670=CARTESIAN_POINT('',(9.77105059426995,-73.8,1.65));
#9671=CARTESIAN_POINT('',(28.785525297135,-73.8,1.65));
#9672=CARTESIAN_POINT('',(9.77105059426995,-73.8,1.65));
#9673=CARTESIAN_POINT('Origin',(9.77105030900195,-68.6000002345,1.65));
#9674=CARTESIAN_POINT('Origin',(9.77105030900195,-68.6000002345,1.65));
#9675=CARTESIAN_POINT('Origin',(76.25,-71.6,4.03));
#9676=CARTESIAN_POINT('',(76.25,-72.3,1.65));
#9677=CARTESIAN_POINT('',(76.25,-72.3,4.03));
#9678=CARTESIAN_POINT('',(75.55,-71.6,1.65));
#9679=CARTESIAN_POINT('Origin',(76.25,-71.6,1.65));
#9680=CARTESIAN_POINT('',(75.55,-71.6,4.03));
#9681=CARTESIAN_POINT('Origin',(89.5500000000001,-72.3000000000001,4.03));
#9682=CARTESIAN_POINT('',(68.675,-72.3,1.65));
#9683=CARTESIAN_POINT('Origin',(47.75,-71.6,4.03));
#9684=CARTESIAN_POINT('',(47.75,-72.3,1.65));
#9685=CARTESIAN_POINT('',(47.75,-72.3,4.03));
#9686=CARTESIAN_POINT('',(47.05,-71.6,1.65));
#9687=CARTESIAN_POINT('Origin',(47.75,-71.6,1.65));
#9688=CARTESIAN_POINT('',(47.05,-71.6,4.03));
#9689=CARTESIAN_POINT('Origin',(61.05,-72.3,4.03));
#9690=CARTESIAN_POINT('',(54.425,-72.3,1.65));
#9691=CARTESIAN_POINT('Origin',(78.,-52.6000000000001,4.03));
#9692=CARTESIAN_POINT('',(78.,-53.3000000000001,1.65));
#9693=CARTESIAN_POINT('',(78.,-53.3000000000001,4.03));
#9694=CARTESIAN_POINT('',(77.3,-52.6000000000001,1.65));
#9695=CARTESIAN_POINT('Origin',(78.,-52.6000000000001,1.65));
#9696=CARTESIAN_POINT('',(77.3,-52.6000000000001,4.03));
#9697=CARTESIAN_POINT('Origin',(91.3000000000001,-53.3000000000001,4.03));
#9698=CARTESIAN_POINT('',(69.55,-53.3,1.65));
#9699=CARTESIAN_POINT('Origin',(59.,-52.5999999999999,4.03));
#9700=CARTESIAN_POINT('',(59.,-53.2999999999999,1.65));
#9701=CARTESIAN_POINT('',(59.,-53.2999999999999,4.03));
#9702=CARTESIAN_POINT('',(58.3,-52.5999999999999,1.65));
#9703=CARTESIAN_POINT('Origin',(59.,-52.5999999999999,1.65));
#9704=CARTESIAN_POINT('',(58.3,-52.5999999999999,4.03));
#9705=CARTESIAN_POINT('Origin',(72.3,-53.2999999999999,4.03));
#9706=CARTESIAN_POINT('',(60.05,-53.2999999999999,1.65));
#9707=CARTESIAN_POINT('Origin',(40.,-52.6,4.03));
#9708=CARTESIAN_POINT('',(40.,-53.3,1.65));
#9709=CARTESIAN_POINT('',(40.,-53.3,4.03));
#9710=CARTESIAN_POINT('',(39.3,-52.6,1.65));
#9711=CARTESIAN_POINT('Origin',(40.,-52.6,1.65));
#9712=CARTESIAN_POINT('',(39.3,-52.6,4.03));
#9713=CARTESIAN_POINT('Origin',(53.3,-53.3,4.03));
#9714=CARTESIAN_POINT('',(50.55,-53.3,1.65));
#9715=CARTESIAN_POINT('Origin',(51.,-33.6,4.03));
#9716=CARTESIAN_POINT('',(51.,-34.3,1.65));
#9717=CARTESIAN_POINT('',(51.,-34.3,4.03));
#9718=CARTESIAN_POINT('',(50.3,-33.6,1.65));
#9719=CARTESIAN_POINT('Origin',(51.,-33.6,1.65));
#9720=CARTESIAN_POINT('',(50.3,-33.6,4.03));
#9721=CARTESIAN_POINT('Origin',(64.3,-34.3,4.03));
#9722=CARTESIAN_POINT('',(56.05,-34.3,1.65));
#9723=CARTESIAN_POINT('Origin',(70.,-33.6,4.03));
#9724=CARTESIAN_POINT('',(70.,-34.3,1.65));
#9725=CARTESIAN_POINT('',(70.,-34.3,4.03));
#9726=CARTESIAN_POINT('',(69.3,-33.6,1.65));
#9727=CARTESIAN_POINT('Origin',(70.,-33.6,1.65));
#9728=CARTESIAN_POINT('',(69.3,-33.6,4.03));
#9729=CARTESIAN_POINT('Origin',(83.3,-34.3,4.03));
#9730=CARTESIAN_POINT('',(65.55,-34.3,1.65));
#9731=CARTESIAN_POINT('Origin',(81.0000000000001,-14.6,4.03));
#9732=CARTESIAN_POINT('',(81.0000000000001,-15.3,1.65));
#9733=CARTESIAN_POINT('',(81.0000000000001,-15.3,4.03));
#9734=CARTESIAN_POINT('',(80.3,-14.6,1.65));
#9735=CARTESIAN_POINT('Origin',(81.0000000000001,-14.6,1.65));
#9736=CARTESIAN_POINT('',(80.3,-14.6,4.03));
#9737=CARTESIAN_POINT('Origin',(94.3,-15.3,4.03));
#9738=CARTESIAN_POINT('',(71.05,-15.3,1.65));
#9739=CARTESIAN_POINT('Origin',(62.,-14.6,4.03));
#9740=CARTESIAN_POINT('',(62.,-15.3,1.65));
#9741=CARTESIAN_POINT('',(62.,-15.3,4.03));
#9742=CARTESIAN_POINT('',(61.3,-14.6,1.65));
#9743=CARTESIAN_POINT('Origin',(62.,-14.6,1.65));
#9744=CARTESIAN_POINT('',(61.3,-14.6,4.03));
#9745=CARTESIAN_POINT('Origin',(75.3,-15.3,4.03));
#9746=CARTESIAN_POINT('',(61.55,-15.3,1.65));
#9747=CARTESIAN_POINT('Origin',(43.,-14.6,4.03));
#9748=CARTESIAN_POINT('',(43.,-15.3,1.65));
#9749=CARTESIAN_POINT('',(43.,-15.3,4.03));
#9750=CARTESIAN_POINT('',(42.3,-14.6,1.65));
#9751=CARTESIAN_POINT('Origin',(43.,-14.6,1.65));
#9752=CARTESIAN_POINT('',(42.3,-14.6,4.03));
#9753=CARTESIAN_POINT('Origin',(56.3,-15.3,4.03));
#9754=CARTESIAN_POINT('',(52.05,-15.3,1.65));
#9755=CARTESIAN_POINT('Origin',(24.,-14.6,4.03));
#9756=CARTESIAN_POINT('',(24.,-15.3,1.65));
#9757=CARTESIAN_POINT('',(24.,-15.3,4.03));
#9758=CARTESIAN_POINT('',(23.3,-14.6,1.65));
#9759=CARTESIAN_POINT('Origin',(24.,-14.6,1.65));
#9760=CARTESIAN_POINT('',(23.3,-14.6,4.03));
#9761=CARTESIAN_POINT('Origin',(37.3,-15.3,4.03));
#9762=CARTESIAN_POINT('',(42.55,-15.3,1.65));
#9763=CARTESIAN_POINT('Origin',(32.,-33.6,4.03));
#9764=CARTESIAN_POINT('',(32.,-34.3,1.65));
#9765=CARTESIAN_POINT('',(32.,-34.3,4.03));
#9766=CARTESIAN_POINT('',(31.3,-33.6,1.65));
#9767=CARTESIAN_POINT('Origin',(32.,-33.6,1.65));
#9768=CARTESIAN_POINT('',(31.3,-33.6,4.03));
#9769=CARTESIAN_POINT('Origin',(45.3,-34.3,4.03));
#9770=CARTESIAN_POINT('',(46.55,-34.3,1.65));
#9771=CARTESIAN_POINT('Origin',(21.,-52.6,4.03));
#9772=CARTESIAN_POINT('',(21.,-53.3,1.65));
#9773=CARTESIAN_POINT('',(21.,-53.3,4.03));
#9774=CARTESIAN_POINT('',(20.3,-52.6,1.65));
#9775=CARTESIAN_POINT('Origin',(21.,-52.6,1.65));
#9776=CARTESIAN_POINT('',(20.3,-52.6,4.03));
#9777=CARTESIAN_POINT('Origin',(34.3,-53.3,4.03));
#9778=CARTESIAN_POINT('',(41.05,-53.3,1.65));
#9779=CARTESIAN_POINT('Origin',(2.,-52.6,4.03));
#9780=CARTESIAN_POINT('',(2.,-53.3,1.65));
#9781=CARTESIAN_POINT('',(2.,-53.3,4.03));
#9782=CARTESIAN_POINT('',(1.3,-52.6,1.65));
#9783=CARTESIAN_POINT('Origin',(2.,-52.6,1.65));
#9784=CARTESIAN_POINT('',(1.3,-52.6,4.03));
#9785=CARTESIAN_POINT('Origin',(15.3,-53.3,4.03));
#9786=CARTESIAN_POINT('',(31.55,-53.3,1.65));
#9787=CARTESIAN_POINT('Origin',(13.,-33.6,4.03));
#9788=CARTESIAN_POINT('',(13.,-34.3,1.65));
#9789=CARTESIAN_POINT('',(13.,-34.3,4.03));
#9790=CARTESIAN_POINT('',(12.3,-33.6,1.65));
#9791=CARTESIAN_POINT('Origin',(13.,-33.6,1.65));
#9792=CARTESIAN_POINT('',(12.3,-33.6,4.03));
#9793=CARTESIAN_POINT('Origin',(26.3,-34.3,4.03));
#9794=CARTESIAN_POINT('',(37.05,-34.3,1.65));
#9795=CARTESIAN_POINT('Origin',(5.,-14.6,4.03));
#9796=CARTESIAN_POINT('',(5.,-15.3,1.65));
#9797=CARTESIAN_POINT('',(5.,-15.3,4.03));
#9798=CARTESIAN_POINT('',(4.3,-14.6,1.65));
#9799=CARTESIAN_POINT('Origin',(5.,-14.6,1.65));
#9800=CARTESIAN_POINT('',(4.3,-14.6,4.03));
#9801=CARTESIAN_POINT('Origin',(18.3,-15.3,4.03));
#9802=CARTESIAN_POINT('',(33.05,-15.3,1.65));
#9803=CARTESIAN_POINT('Origin',(2.,-40.,4.03));
#9804=CARTESIAN_POINT('',(1.3,-40.,1.65));
#9805=CARTESIAN_POINT('',(1.3,-40.,4.03));
#9806=CARTESIAN_POINT('Origin',(2.,-40.,1.65));
#9807=CARTESIAN_POINT('Origin',(1.3,-53.3,4.03));
#9808=CARTESIAN_POINT('',(1.3,-45.05,1.65));
#9809=CARTESIAN_POINT('Origin',(21.,-40.,4.03));
#9810=CARTESIAN_POINT('',(20.3,-40.,1.65));
#9811=CARTESIAN_POINT('',(20.3,-40.,4.03));
#9812=CARTESIAN_POINT('Origin',(21.,-40.,1.65));
#9813=CARTESIAN_POINT('Origin',(20.3,-53.3,4.03));
#9814=CARTESIAN_POINT('',(20.3,-45.05,1.65));
#9815=CARTESIAN_POINT('Origin',(40.,-40.,4.03));
#9816=CARTESIAN_POINT('',(39.3,-40.,1.65));
#9817=CARTESIAN_POINT('',(39.3,-40.,4.03));
#9818=CARTESIAN_POINT('Origin',(40.,-40.,1.65));
#9819=CARTESIAN_POINT('Origin',(39.3,-53.3,4.03));
#9820=CARTESIAN_POINT('',(39.3,-45.05,1.65));
#9821=CARTESIAN_POINT('Origin',(47.75,-59.,4.03));
#9822=CARTESIAN_POINT('',(47.05,-59.,1.65));
#9823=CARTESIAN_POINT('',(47.05,-59.,4.03));
#9824=CARTESIAN_POINT('Origin',(47.75,-59.,1.65));
#9825=CARTESIAN_POINT('Origin',(47.05,-72.3,4.03));
#9826=CARTESIAN_POINT('',(47.05,-54.55,1.65));
#9827=CARTESIAN_POINT('Origin',(76.25,-59.,4.03));
#9828=CARTESIAN_POINT('',(75.55,-59.,1.65));
#9829=CARTESIAN_POINT('',(75.55,-59.,4.03));
#9830=CARTESIAN_POINT('Origin',(76.25,-59.,1.65));
#9831=CARTESIAN_POINT('Origin',(75.55,-72.3,4.03));
#9832=CARTESIAN_POINT('',(75.55,-54.55,1.65));
#9833=CARTESIAN_POINT('Origin',(78.,-40.0000000000001,4.03));
#9834=CARTESIAN_POINT('',(77.3,-40.0000000000001,1.65));
#9835=CARTESIAN_POINT('',(77.3,-40.0000000000001,4.03));
#9836=CARTESIAN_POINT('Origin',(78.,-40.0000000000001,1.65));
#9837=CARTESIAN_POINT('Origin',(77.3,-53.3000000000001,4.03));
#9838=CARTESIAN_POINT('',(77.3,-45.05,1.65));
#9839=CARTESIAN_POINT('Origin',(59.,-39.9999999999999,4.03));
#9840=CARTESIAN_POINT('',(58.3,-39.9999999999999,1.65));
#9841=CARTESIAN_POINT('',(58.3,-39.9999999999999,4.03));
#9842=CARTESIAN_POINT('Origin',(59.,-39.9999999999999,1.65));
#9843=CARTESIAN_POINT('Origin',(58.3,-53.2999999999999,4.03));
#9844=CARTESIAN_POINT('',(58.3,-45.05,1.65));
#9845=CARTESIAN_POINT('Origin',(70.,-21.,4.03));
#9846=CARTESIAN_POINT('',(69.3,-21.,1.65));
#9847=CARTESIAN_POINT('',(69.3,-21.,4.03));
#9848=CARTESIAN_POINT('Origin',(70.,-21.,1.65));
#9849=CARTESIAN_POINT('Origin',(69.3,-34.3,4.03));
#9850=CARTESIAN_POINT('',(69.3,-35.55,1.65));
#9851=CARTESIAN_POINT('Origin',(51.,-21.,4.03));
#9852=CARTESIAN_POINT('',(50.3,-21.,1.65));
#9853=CARTESIAN_POINT('',(50.3,-21.,4.03));
#9854=CARTESIAN_POINT('Origin',(51.,-21.,1.65));
#9855=CARTESIAN_POINT('Origin',(50.3,-34.3,4.03));
#9856=CARTESIAN_POINT('',(50.3,-35.55,1.65));
#9857=CARTESIAN_POINT('Origin',(32.,-21.,4.03));
#9858=CARTESIAN_POINT('',(31.3,-21.,1.65));
#9859=CARTESIAN_POINT('',(31.3,-21.,4.03));
#9860=CARTESIAN_POINT('Origin',(32.,-21.,1.65));
#9861=CARTESIAN_POINT('Origin',(31.3,-34.3,4.03));
#9862=CARTESIAN_POINT('',(31.3,-35.55,1.65));
#9863=CARTESIAN_POINT('Origin',(13.,-21.,4.03));
#9864=CARTESIAN_POINT('',(12.3,-21.,1.65));
#9865=CARTESIAN_POINT('',(12.3,-21.,4.03));
#9866=CARTESIAN_POINT('Origin',(13.,-21.,1.65));
#9867=CARTESIAN_POINT('Origin',(12.3,-34.3,4.03));
#9868=CARTESIAN_POINT('',(12.3,-35.55,1.65));
#9869=CARTESIAN_POINT('Origin',(5.,-2.,4.03));
#9870=CARTESIAN_POINT('',(4.3,-2.,1.65));
#9871=CARTESIAN_POINT('',(4.3,-2.,4.03));
#9872=CARTESIAN_POINT('Origin',(5.,-2.,1.65));
#9873=CARTESIAN_POINT('Origin',(4.3,-15.3,4.03));
#9874=CARTESIAN_POINT('',(4.3,-26.05,1.65));
#9875=CARTESIAN_POINT('Origin',(24.,-2.,4.03));
#9876=CARTESIAN_POINT('',(23.3,-2.,1.65));
#9877=CARTESIAN_POINT('',(23.3,-2.,4.03));
#9878=CARTESIAN_POINT('Origin',(24.,-2.,1.65));
#9879=CARTESIAN_POINT('Origin',(23.3,-15.3,4.03));
#9880=CARTESIAN_POINT('',(23.3,-26.05,1.65));
#9881=CARTESIAN_POINT('Origin',(43.,-2.,4.03));
#9882=CARTESIAN_POINT('',(42.3,-2.,1.65));
#9883=CARTESIAN_POINT('',(42.3,-2.,4.03));
#9884=CARTESIAN_POINT('Origin',(43.,-2.,1.65));
#9885=CARTESIAN_POINT('Origin',(42.3,-15.3,4.03));
#9886=CARTESIAN_POINT('',(42.3000000000001,-26.05,1.65));
#9887=CARTESIAN_POINT('Origin',(62.,-2.,4.03));
#9888=CARTESIAN_POINT('',(61.3,-2.,1.65));
#9889=CARTESIAN_POINT('',(61.3,-2.,4.03));
#9890=CARTESIAN_POINT('Origin',(62.,-2.,1.65));
#9891=CARTESIAN_POINT('Origin',(61.3,-15.3,4.03));
#9892=CARTESIAN_POINT('',(61.3,-26.05,1.65));
#9893=CARTESIAN_POINT('Origin',(81.,-2.,4.03));
#9894=CARTESIAN_POINT('',(80.3,-2.,1.65));
#9895=CARTESIAN_POINT('',(80.3,-2.,4.03));
#9896=CARTESIAN_POINT('Origin',(81.,-2.,1.65));
#9897=CARTESIAN_POINT('Origin',(80.3,-15.3,4.03));
#9898=CARTESIAN_POINT('',(80.3000000000001,-26.0499999999999,1.65));
#9899=CARTESIAN_POINT('Origin',(96.6,-65.3,1.65));
#9900=CARTESIAN_POINT('',(96.6,-7.75455381207842E-17,1.65));
#9901=CARTESIAN_POINT('',(96.6,-65.3,1.65));
#9902=CARTESIAN_POINT('Origin',(87.3,-65.3,1.65));
#9903=CARTESIAN_POINT('',(87.3,-74.6,1.65));
#9904=CARTESIAN_POINT('Origin',(8.30000000000001,-74.6,1.65));
#9905=CARTESIAN_POINT('',(8.30000000000001,-74.6,1.65));
#9906=CARTESIAN_POINT('Origin',(8.30000000000001,-65.3,1.65));
#9907=CARTESIAN_POINT('',(-0.999999999999988,-65.3,1.65));
#9908=CARTESIAN_POINT('Origin',(-0.999999999999996,-3.74128151938379E-15,
1.65));
#9909=CARTESIAN_POINT('',(-0.999999999999996,-3.74128151938379E-15,1.65));
#9910=CARTESIAN_POINT('Origin',(3.19189119579733E-15,-3.05311331771918E-15,
1.65));
#9911=CARTESIAN_POINT('Origin',(95.6,-2.08166817117217E-15,1.65));
#9912=CARTESIAN_POINT('Origin',(47.8,-36.8,1.65));
#9913=UNCERTAINTY_MEASURE_WITH_UNIT(LENGTH_MEASURE(0.01),#9917,
'DISTANCE_ACCURACY_VALUE',
'Maximum model space distance between geometric entities at asserted c
onnectivities');
#9914=UNCERTAINTY_MEASURE_WITH_UNIT(LENGTH_MEASURE(0.01),#9917,
'DISTANCE_ACCURACY_VALUE',
'Maximum model space distance between geometric entities at asserted c
onnectivities');
#9915=(
GEOMETRIC_REPRESENTATION_CONTEXT(3)
GLOBAL_UNCERTAINTY_ASSIGNED_CONTEXT((#9913))
GLOBAL_UNIT_ASSIGNED_CONTEXT((#9917,#9919,#9920))
REPRESENTATION_CONTEXT('','3D')
);
#9916=(
GEOMETRIC_REPRESENTATION_CONTEXT(3)
GLOBAL_UNCERTAINTY_ASSIGNED_CONTEXT((#9914))
GLOBAL_UNIT_ASSIGNED_CONTEXT((#9917,#9919,#9920))
REPRESENTATION_CONTEXT('','3D')
);
#9917=(
LENGTH_UNIT()
NAMED_UNIT(*)
SI_UNIT(.MILLI.,.METRE.)
);
#9918=(
LENGTH_UNIT()
NAMED_UNIT(*)
SI_UNIT($,.METRE.)
);
#9919=(
NAMED_UNIT(*)
PLANE_ANGLE_UNIT()
SI_UNIT($,.RADIAN.)
);
#9920=(
NAMED_UNIT(*)
SI_UNIT($,.STERADIAN.)
SOLID_ANGLE_UNIT()
);
#9921=SHAPE_DEFINITION_REPRESENTATION(#9922,#9923);
#9922=PRODUCT_DEFINITION_SHAPE('',$,#9925);
#9923=SHAPE_REPRESENTATION('',(#5940),#9915);
#9924=PRODUCT_DEFINITION_CONTEXT('part definition',#9929,'design');
#9925=PRODUCT_DEFINITION('Top case','Top case',#9926,#9924);
#9926=PRODUCT_DEFINITION_FORMATION('',$,#9931);
#9927=PRODUCT_RELATED_PRODUCT_CATEGORY('Top case','Top case',(#9931));
#9928=APPLICATION_PROTOCOL_DEFINITION('international standard',
'automotive_design',2009,#9929);
#9929=APPLICATION_CONTEXT(
'Core Data for Automotive Mechanical Design Process');
#9930=PRODUCT_CONTEXT('part definition',#9929,'mechanical');
#9931=PRODUCT('Top case','Top case',$,(#9930));
#9932=PRESENTATION_STYLE_ASSIGNMENT((#9935));
#9933=PRESENTATION_STYLE_ASSIGNMENT((#9936));
#9934=PRESENTATION_STYLE_ASSIGNMENT((#9937));
#9935=SURFACE_STYLE_USAGE(.BOTH.,#9938);
#9936=SURFACE_STYLE_USAGE(.BOTH.,#9939);
#9937=SURFACE_STYLE_USAGE(.BOTH.,#9940);
#9938=SURFACE_SIDE_STYLE('',(#9941));
#9939=SURFACE_SIDE_STYLE('',(#9942));
#9940=SURFACE_SIDE_STYLE('',(#9943));
#9941=SURFACE_STYLE_FILL_AREA(#9944);
#9942=SURFACE_STYLE_FILL_AREA(#9945);
#9943=SURFACE_STYLE_FILL_AREA(#9946);
#9944=FILL_AREA_STYLE('Plastic - Translucent Glossy (Yellow)',(#9947));
#9945=FILL_AREA_STYLE('PEEK',(#9948));
#9946=FILL_AREA_STYLE('ABS (White)',(#9949));
#9947=FILL_AREA_STYLE_COLOUR('Plastic - Translucent Glossy (Yellow)',#9950);
#9948=FILL_AREA_STYLE_COLOUR('PEEK',#9951);
#9949=FILL_AREA_STYLE_COLOUR('ABS (White)',#9952);
#9950=COLOUR_RGB('Plastic - Translucent Glossy (Yellow)',0.898039215686275,
0.725490196078431,0.329411764705882);
#9951=COLOUR_RGB('PEEK',0.6,0.509803921568627,0.368627450980392);
#9952=COLOUR_RGB('ABS (White)',0.964705882352941,0.964705882352941,0.952941176470588);
ENDSEC;
END-ISO-10303-21;
