ISO-10303-21;
HEADER;
/* Generated by software containing ST-Developer
 * from STEP Tools, Inc. (www.steptools.com) 
 */

FILE_DESCRIPTION(
/* description */ (''),
/* implementation_level */ '2;1');

FILE_NAME(
/* name */ 'mathpad_enclosure_top.step',
/* time_stamp */ '2025-05-07T17:24:25+01:00',
/* author */ (''),
/* organization */ (''),
/* preprocessor_version */ 'ST-DEVELOPER v20.1',
/* originating_system */ 'Autodesk Translation Framework v14.4.0.0',
/* authorisation */ '');

FILE_SCHEMA (('AUTOMOTIVE_DESIGN { 1 0 10303 214 3 1 1 }'));
ENDSEC;

DATA;
#10=MECHANICAL_DESIGN_GEOMETRIC_PRESENTATION_REPRESENTATION('',(#9913,#9914,
#9915,#9916,#9917,#9918,#9919,#9920,#9921,#9922,#9923,#9924,#9925,#9926,
#9927,#9928,#9929,#9930,#9931,#9932,#9933,#9934,#9935,#9936,#9937,#9938,
#9939,#9940,#9941,#9942,#9943,#9944,#9945,#9946,#9947,#9948,#9949,#9950,
#9951,#9952,#9953,#9954,#9955,#9956,#9957,#9958,#9959,#9960,#9961,#9962,
#9963,#9964,#9965,#9966,#9967,#9968,#9969,#9970,#9971,#9972,#9973,#9974,
#9975,#9976,#9977,#9978,#9979,#9980,#9981,#9982,#9983,#9984,#9985,#9986,
#9987,#9988,#9989,#9990,#9991,#9992,#9993,#9994,#9995,#9996,#9997,#9998,
#9999,#10000,#10001,#10002,#10003,#10004,#10005,#10006,#10007,#10008,#10009,
#10010,#10011,#10012,#10013,#10014,#10015,#10016,#10017,#10018,#10019,#10020,
#10021,#10022,#10023,#10024,#10025,#10026,#10027,#10028,#10029,#10030,#10031,
#10032,#10033,#10034,#10035,#10036,#10037,#10038,#10039,#10040,#10041,#10042,
#10043,#10044,#10045,#10046,#10047,#10048,#10049,#10050,#10051,#10052,#10053,
#10054,#10055,#10056,#10057,#10058,#10059,#10060,#10061,#10062,#10063,#10064,
#10065,#10066,#10067,#10068,#10069,#10070,#10071,#10072,#10073,#10074,#10075,
#10076,#10077,#10078,#10079,#10080,#10081,#10082,#10083,#10084,#10085,#10086,
#10087,#10088,#10089,#10090,#10091,#10092,#10093,#10094,#10095,#10096,#10097,
#10098,#10099,#10100,#10101,#10102,#10103,#10104,#10105,#10106,#10107,#10108,
#10109,#10110,#10111,#10112,#10113,#10114,#10115,#10116,#10117,#10118,#10119,
#10120,#10121,#10122,#10123,#10124,#10125,#10126,#10127,#10128,#10129,#10130,
#10131,#10132,#10133,#10134,#10135,#10136,#10137,#10138,#10139,#10140,#10141,
#10142,#10143,#10144,#10145,#10146,#10147,#10148,#10149,#10150,#10151,#10152,
#10153,#10154,#10155,#10156,#10157,#10158,#10159,#10160,#10161,#10162,#10163,
#10164,#10165,#10166,#10167,#10168,#10169,#10170,#10171,#10172),#18392);
#11=CONTEXT_DEPENDENT_OVER_RIDING_STYLED_ITEM('',(#18418),#18403,#10172,
(#15));
#12=MAPPED_ITEM('',#13,#11861);
#13=REPRESENTATION_MAP(#11861,#18402);
#14=ITEM_DEFINED_TRANSFORMATION($,$,#10787,#11860);
#15=(
REPRESENTATION_RELATIONSHIP($,$,#18403,#18402)
REPRESENTATION_RELATIONSHIP_WITH_TRANSFORMATION(#14)
SHAPE_REPRESENTATION_RELATIONSHIP()
);
#16=CONTEXT_DEPENDENT_SHAPE_REPRESENTATION(#15,#18401);
#17=NEXT_ASSEMBLY_USAGE_OCCURRENCE('Top case:1','Top case:1',
'Top case:1',#18405,#18406,'Top case:1');
#18=SHAPE_REPRESENTATION_RELATIONSHIP('SRR','None',#18403,#19);
#19=ADVANCED_BREP_SHAPE_REPRESENTATION('',(#20),#18391);
#20=MANIFOLD_SOLID_BREP('Body2',#10773);
#21=FACE_BOUND('',#1149,.T.);
#22=FACE_BOUND('',#1150,.T.);
#23=FACE_BOUND('',#1151,.T.);
#24=FACE_BOUND('',#1152,.T.);
#25=FACE_BOUND('',#1153,.T.);
#26=FACE_BOUND('',#1154,.T.);
#27=FACE_BOUND('',#1155,.T.);
#28=FACE_BOUND('',#1156,.T.);
#29=FACE_BOUND('',#1157,.T.);
#30=FACE_BOUND('',#1158,.T.);
#31=FACE_BOUND('',#1159,.T.);
#32=FACE_BOUND('',#1160,.T.);
#33=FACE_BOUND('',#1161,.T.);
#34=FACE_BOUND('',#1162,.T.);
#35=FACE_BOUND('',#1163,.T.);
#36=FACE_BOUND('',#1164,.T.);
#37=FACE_BOUND('',#1530,.T.);
#38=FACE_BOUND('',#1531,.T.);
#39=FACE_BOUND('',#1532,.T.);
#40=FACE_BOUND('',#1533,.T.);
#41=FACE_BOUND('',#1539,.T.);
#42=FACE_BOUND('',#1541,.T.);
#43=FACE_BOUND('',#1542,.T.);
#44=FACE_BOUND('',#1543,.T.);
#45=FACE_BOUND('',#1544,.T.);
#46=FACE_BOUND('',#1545,.T.);
#47=FACE_BOUND('',#1546,.T.);
#48=FACE_BOUND('',#1547,.T.);
#49=FACE_BOUND('',#1548,.T.);
#50=FACE_BOUND('',#1549,.T.);
#51=FACE_BOUND('',#1550,.T.);
#52=FACE_BOUND('',#1551,.T.);
#53=FACE_BOUND('',#1552,.T.);
#54=FACE_BOUND('',#1553,.T.);
#55=FACE_BOUND('',#1554,.T.);
#56=FACE_BOUND('',#1555,.T.);
#57=CYLINDRICAL_SURFACE('',#10820,0.699999999999999);
#58=CYLINDRICAL_SURFACE('',#10823,0.699999999999998);
#59=CYLINDRICAL_SURFACE('',#10826,0.7);
#60=CYLINDRICAL_SURFACE('',#10829,0.7);
#61=CYLINDRICAL_SURFACE('',#10982,0.7);
#62=CYLINDRICAL_SURFACE('',#10985,0.7);
#63=CYLINDRICAL_SURFACE('',#10988,0.7);
#64=CYLINDRICAL_SURFACE('',#10991,0.7);
#65=CYLINDRICAL_SURFACE('',#11017,0.7);
#66=CYLINDRICAL_SURFACE('',#11020,0.7);
#67=CYLINDRICAL_SURFACE('',#11023,0.7);
#68=CYLINDRICAL_SURFACE('',#11026,0.7);
#69=CYLINDRICAL_SURFACE('',#11054,0.7);
#70=CYLINDRICAL_SURFACE('',#11057,0.7);
#71=CYLINDRICAL_SURFACE('',#11060,0.7);
#72=CYLINDRICAL_SURFACE('',#11063,0.7);
#73=CYLINDRICAL_SURFACE('',#11090,0.7);
#74=CYLINDRICAL_SURFACE('',#11093,0.7);
#75=CYLINDRICAL_SURFACE('',#11096,0.7);
#76=CYLINDRICAL_SURFACE('',#11099,0.7);
#77=CYLINDRICAL_SURFACE('',#11125,0.7);
#78=CYLINDRICAL_SURFACE('',#11128,0.699999999999999);
#79=CYLINDRICAL_SURFACE('',#11131,0.7);
#80=CYLINDRICAL_SURFACE('',#11134,0.7);
#81=CYLINDRICAL_SURFACE('',#11162,0.699999999999999);
#82=CYLINDRICAL_SURFACE('',#11165,0.7);
#83=CYLINDRICAL_SURFACE('',#11168,0.7);
#84=CYLINDRICAL_SURFACE('',#11171,0.699999999999999);
#85=CYLINDRICAL_SURFACE('',#11198,0.7);
#86=CYLINDRICAL_SURFACE('',#11201,0.7);
#87=CYLINDRICAL_SURFACE('',#11204,0.7);
#88=CYLINDRICAL_SURFACE('',#11207,0.7);
#89=CYLINDRICAL_SURFACE('',#11234,0.699999999999999);
#90=CYLINDRICAL_SURFACE('',#11237,0.7);
#91=CYLINDRICAL_SURFACE('',#11240,0.7);
#92=CYLINDRICAL_SURFACE('',#11243,0.699999999999999);
#93=CYLINDRICAL_SURFACE('',#11270,0.7);
#94=CYLINDRICAL_SURFACE('',#11273,0.7);
#95=CYLINDRICAL_SURFACE('',#11276,0.7);
#96=CYLINDRICAL_SURFACE('',#11279,0.699999999999999);
#97=CYLINDRICAL_SURFACE('',#11306,0.699999999999999);
#98=CYLINDRICAL_SURFACE('',#11309,0.7);
#99=CYLINDRICAL_SURFACE('',#11312,0.7);
#100=CYLINDRICAL_SURFACE('',#11315,0.700000000000002);
#101=CYLINDRICAL_SURFACE('',#11341,0.699999999999999);
#102=CYLINDRICAL_SURFACE('',#11344,0.699999999999999);
#103=CYLINDRICAL_SURFACE('',#11347,0.7);
#104=CYLINDRICAL_SURFACE('',#11350,0.7);
#105=CYLINDRICAL_SURFACE('',#11378,0.700000000000001);
#106=CYLINDRICAL_SURFACE('',#11381,0.7);
#107=CYLINDRICAL_SURFACE('',#11384,0.7);
#108=CYLINDRICAL_SURFACE('',#11387,0.700000000000001);
#109=CYLINDRICAL_SURFACE('',#11413,0.699999999999997);
#110=CYLINDRICAL_SURFACE('',#11416,0.700000000000001);
#111=CYLINDRICAL_SURFACE('',#11419,0.7);
#112=CYLINDRICAL_SURFACE('',#11422,0.7);
#113=CYLINDRICAL_SURFACE('',#11449,0.700000000000001);
#114=CYLINDRICAL_SURFACE('',#11452,0.700000000000001);
#115=CYLINDRICAL_SURFACE('',#11455,0.7);
#116=CYLINDRICAL_SURFACE('',#11458,0.7);
#117=CYLINDRICAL_SURFACE('',#11485,0.700000000000001);
#118=CYLINDRICAL_SURFACE('',#11488,0.699999999999999);
#119=CYLINDRICAL_SURFACE('',#11491,0.7);
#120=CYLINDRICAL_SURFACE('',#11494,0.7);
#121=CYLINDRICAL_SURFACE('',#11497,1.1);
#122=CYLINDRICAL_SURFACE('',#11501,1.0999999999956);
#123=CYLINDRICAL_SURFACE('',#11544,1.03775);
#124=CYLINDRICAL_SURFACE('',#11546,2.5);
#125=CYLINDRICAL_SURFACE('',#11549,2.5);
#126=CYLINDRICAL_SURFACE('',#11636,0.8115);
#127=CYLINDRICAL_SURFACE('',#11639,0.8115);
#128=CYLINDRICAL_SURFACE('',#11642,0.8115);
#129=CYLINDRICAL_SURFACE('',#11645,0.8115);
#130=CYLINDRICAL_SURFACE('',#11646,0.75);
#131=CYLINDRICAL_SURFACE('',#11648,5.19982156460889);
#132=CYLINDRICAL_SURFACE('',#11650,0.75);
#133=CYLINDRICAL_SURFACE('',#11653,0.75);
#134=CYLINDRICAL_SURFACE('',#11655,6.199999678834);
#135=CYLINDRICAL_SURFACE('',#11660,0.75);
#136=CYLINDRICAL_SURFACE('',#11661,0.75);
#137=CYLINDRICAL_SURFACE('',#11667,6.199999678834);
#138=CYLINDRICAL_SURFACE('',#11668,0.75);
#139=CYLINDRICAL_SURFACE('',#11670,0.75);
#140=CYLINDRICAL_SURFACE('',#11677,0.75);
#141=CYLINDRICAL_SURFACE('',#11680,5.19999967883398);
#142=CYLINDRICAL_SURFACE('',#11685,4.1998215646088);
#143=CYLINDRICAL_SURFACE('',#11692,5.19982156460889);
#144=CYLINDRICAL_SURFACE('',#11694,4.200028037983);
#145=CYLINDRICAL_SURFACE('',#11696,1.799988571805);
#146=CYLINDRICAL_SURFACE('',#11698,4.200064257683);
#147=CYLINDRICAL_SURFACE('',#11700,4.20014031039);
#148=CYLINDRICAL_SURFACE('',#11702,1.799994481914);
#149=CYLINDRICAL_SURFACE('',#11704,4.20014114816901);
#150=CYLINDRICAL_SURFACE('',#11706,5.199999678834);
#151=CYLINDRICAL_SURFACE('',#11708,5.19999967883401);
#152=CYLINDRICAL_SURFACE('',#11710,4.20011509454201);
#153=CYLINDRICAL_SURFACE('',#11712,1.799996680153);
#154=CYLINDRICAL_SURFACE('',#11714,4.19994275867001);
#155=CYLINDRICAL_SURFACE('',#11716,4.20011509454201);
#156=CYLINDRICAL_SURFACE('',#11718,1.80000799622599);
#157=CYLINDRICAL_SURFACE('',#11720,4.19982156460895);
#158=CYLINDRICAL_SURFACE('',#11722,5.20015370463595);
#159=CYLINDRICAL_SURFACE('',#11724,5.19999976550002);
#160=CYLINDRICAL_SURFACE('',#11725,0.699999999999999);
#161=CYLINDRICAL_SURFACE('',#11726,0.7);
#162=CYLINDRICAL_SURFACE('',#11728,0.7);
#163=CYLINDRICAL_SURFACE('',#11730,0.699999999999997);
#164=CYLINDRICAL_SURFACE('',#11731,0.700000000000001);
#165=CYLINDRICAL_SURFACE('',#11732,0.7);
#166=CYLINDRICAL_SURFACE('',#11734,0.7);
#167=CYLINDRICAL_SURFACE('',#11736,0.699999999999999);
#168=CYLINDRICAL_SURFACE('',#11737,0.699999999999999);
#169=CYLINDRICAL_SURFACE('',#11738,0.699999999999999);
#170=CYLINDRICAL_SURFACE('',#11739,0.700000000000001);
#171=CYLINDRICAL_SURFACE('',#11740,0.7);
#172=CYLINDRICAL_SURFACE('',#11742,0.7);
#173=CYLINDRICAL_SURFACE('',#11743,0.7);
#174=CYLINDRICAL_SURFACE('',#11745,0.7);
#175=CYLINDRICAL_SURFACE('',#11746,0.7);
#176=CYLINDRICAL_SURFACE('',#11748,0.7);
#177=CYLINDRICAL_SURFACE('',#11749,0.7);
#178=CYLINDRICAL_SURFACE('',#11751,0.699999999999999);
#179=CYLINDRICAL_SURFACE('',#11752,0.699999999999999);
#180=CYLINDRICAL_SURFACE('',#11753,0.7);
#181=CYLINDRICAL_SURFACE('',#11755,0.7);
#182=CYLINDRICAL_SURFACE('',#11757,0.7);
#183=CYLINDRICAL_SURFACE('',#11759,0.7);
#184=CYLINDRICAL_SURFACE('',#11761,0.7);
#185=CYLINDRICAL_SURFACE('',#11763,0.7);
#186=CYLINDRICAL_SURFACE('',#11765,0.699999999999999);
#187=CYLINDRICAL_SURFACE('',#11766,0.7);
#188=CYLINDRICAL_SURFACE('',#11768,0.699999999999999);
#189=CYLINDRICAL_SURFACE('',#11769,0.7);
#190=CYLINDRICAL_SURFACE('',#11771,0.699999999999999);
#191=CYLINDRICAL_SURFACE('',#11772,0.7);
#192=CYLINDRICAL_SURFACE('',#11774,0.700000000000001);
#193=CYLINDRICAL_SURFACE('',#11775,0.7);
#194=CYLINDRICAL_SURFACE('',#11777,0.7);
#195=CYLINDRICAL_SURFACE('',#11778,0.7);
#196=CYLINDRICAL_SURFACE('',#11779,0.7);
#197=CYLINDRICAL_SURFACE('',#11781,0.7);
#198=CYLINDRICAL_SURFACE('',#11782,0.7);
#199=CYLINDRICAL_SURFACE('',#11784,0.700000000000001);
#200=CYLINDRICAL_SURFACE('',#11785,0.699999999999999);
#201=CYLINDRICAL_SURFACE('',#11786,0.7);
#202=CYLINDRICAL_SURFACE('',#11788,0.700000000000001);
#203=CYLINDRICAL_SURFACE('',#11789,0.7);
#204=CYLINDRICAL_SURFACE('',#11791,0.699999999999996);
#205=CYLINDRICAL_SURFACE('',#11792,0.7);
#206=CYLINDRICAL_SURFACE('',#11794,0.700000000000001);
#207=CYLINDRICAL_SURFACE('',#11795,0.7);
#208=CYLINDRICAL_SURFACE('',#11797,0.699999999999997);
#209=CYLINDRICAL_SURFACE('',#11798,0.7);
#210=CYLINDRICAL_SURFACE('',#11800,0.700000000000004);
#211=CYLINDRICAL_SURFACE('',#11801,0.7);
#212=CYLINDRICAL_SURFACE('',#11803,0.700000000000001);
#213=CYLINDRICAL_SURFACE('',#11804,0.7);
#214=CYLINDRICAL_SURFACE('',#11806,0.699999999999999);
#215=CYLINDRICAL_SURFACE('',#11807,0.7);
#216=CYLINDRICAL_SURFACE('',#11808,0.7);
#217=CYLINDRICAL_SURFACE('',#11810,0.7);
#218=CYLINDRICAL_SURFACE('',#11812,0.7);
#219=CYLINDRICAL_SURFACE('',#11814,0.7);
#220=CYLINDRICAL_SURFACE('',#11816,0.7);
#221=CYLINDRICAL_SURFACE('',#11818,0.7);
#222=CYLINDRICAL_SURFACE('',#11819,0.699999999999999);
#223=CYLINDRICAL_SURFACE('',#11820,0.700000000000001);
#224=CYLINDRICAL_SURFACE('',#11854,9.30000000000001);
#225=CYLINDRICAL_SURFACE('',#11856,9.3);
#226=CYLINDRICAL_SURFACE('',#11858,1.);
#227=CYLINDRICAL_SURFACE('',#11859,0.999999999999996);
#228=PLANE('',#10791);
#229=PLANE('',#10795);
#230=PLANE('',#10799);
#231=PLANE('',#10803);
#232=PLANE('',#10804);
#233=PLANE('',#10808);
#234=PLANE('',#10812);
#235=PLANE('',#10816);
#236=PLANE('',#10822);
#237=PLANE('',#10825);
#238=PLANE('',#10828);
#239=PLANE('',#10831);
#240=PLANE('',#10832);
#241=PLANE('',#10957);
#242=PLANE('',#10960);
#243=PLANE('',#10965);
#244=PLANE('',#10968);
#245=PLANE('',#10971);
#246=PLANE('',#10972);
#247=PLANE('',#10977);
#248=PLANE('',#10980);
#249=PLANE('',#10981);
#250=PLANE('',#10984);
#251=PLANE('',#10987);
#252=PLANE('',#10990);
#253=PLANE('',#10995);
#254=PLANE('',#10998);
#255=PLANE('',#11003);
#256=PLANE('',#11006);
#257=PLANE('',#11007);
#258=PLANE('',#11010);
#259=PLANE('',#11013);
#260=PLANE('',#11014);
#261=PLANE('',#11019);
#262=PLANE('',#11022);
#263=PLANE('',#11025);
#264=PLANE('',#11028);
#265=PLANE('',#11029);
#266=PLANE('',#11032);
#267=PLANE('',#11037);
#268=PLANE('',#11040);
#269=PLANE('',#11043);
#270=PLANE('',#11044);
#271=PLANE('',#11049);
#272=PLANE('',#11052);
#273=PLANE('',#11053);
#274=PLANE('',#11056);
#275=PLANE('',#11059);
#276=PLANE('',#11062);
#277=PLANE('',#11065);
#278=PLANE('',#11068);
#279=PLANE('',#11073);
#280=PLANE('',#11076);
#281=PLANE('',#11079);
#282=PLANE('',#11080);
#283=PLANE('',#11085);
#284=PLANE('',#11088);
#285=PLANE('',#11089);
#286=PLANE('',#11092);
#287=PLANE('',#11095);
#288=PLANE('',#11098);
#289=PLANE('',#11103);
#290=PLANE('',#11106);
#291=PLANE('',#11109);
#292=PLANE('',#11112);
#293=PLANE('',#11115);
#294=PLANE('',#11118);
#295=PLANE('',#11121);
#296=PLANE('',#11124);
#297=PLANE('',#11127);
#298=PLANE('',#11130);
#299=PLANE('',#11133);
#300=PLANE('',#11136);
#301=PLANE('',#11141);
#302=PLANE('',#11144);
#303=PLANE('',#11147);
#304=PLANE('',#11150);
#305=PLANE('',#11151);
#306=PLANE('',#11154);
#307=PLANE('',#11157);
#308=PLANE('',#11158);
#309=PLANE('',#11161);
#310=PLANE('',#11164);
#311=PLANE('',#11167);
#312=PLANE('',#11170);
#313=PLANE('',#11177);
#314=PLANE('',#11180);
#315=PLANE('',#11183);
#316=PLANE('',#11186);
#317=PLANE('',#11187);
#318=PLANE('',#11190);
#319=PLANE('',#11193);
#320=PLANE('',#11194);
#321=PLANE('',#11197);
#322=PLANE('',#11200);
#323=PLANE('',#11203);
#324=PLANE('',#11206);
#325=PLANE('',#11211);
#326=PLANE('',#11216);
#327=PLANE('',#11219);
#328=PLANE('',#11222);
#329=PLANE('',#11223);
#330=PLANE('',#11226);
#331=PLANE('',#11229);
#332=PLANE('',#11232);
#333=PLANE('',#11233);
#334=PLANE('',#11236);
#335=PLANE('',#11239);
#336=PLANE('',#11242);
#337=PLANE('',#11247);
#338=PLANE('',#11252);
#339=PLANE('',#11255);
#340=PLANE('',#11258);
#341=PLANE('',#11259);
#342=PLANE('',#11262);
#343=PLANE('',#11265);
#344=PLANE('',#11268);
#345=PLANE('',#11269);
#346=PLANE('',#11272);
#347=PLANE('',#11275);
#348=PLANE('',#11278);
#349=PLANE('',#11283);
#350=PLANE('',#11288);
#351=PLANE('',#11291);
#352=PLANE('',#11294);
#353=PLANE('',#11295);
#354=PLANE('',#11298);
#355=PLANE('',#11301);
#356=PLANE('',#11304);
#357=PLANE('',#11305);
#358=PLANE('',#11308);
#359=PLANE('',#11311);
#360=PLANE('',#11314);
#361=PLANE('',#11319);
#362=PLANE('',#11322);
#363=PLANE('',#11327);
#364=PLANE('',#11330);
#365=PLANE('',#11331);
#366=PLANE('',#11334);
#367=PLANE('',#11337);
#368=PLANE('',#11338);
#369=PLANE('',#11343);
#370=PLANE('',#11346);
#371=PLANE('',#11349);
#372=PLANE('',#11352);
#373=PLANE('',#11357);
#374=PLANE('',#11360);
#375=PLANE('',#11363);
#376=PLANE('',#11366);
#377=PLANE('',#11367);
#378=PLANE('',#11370);
#379=PLANE('',#11373);
#380=PLANE('',#11374);
#381=PLANE('',#11377);
#382=PLANE('',#11380);
#383=PLANE('',#11383);
#384=PLANE('',#11386);
#385=PLANE('',#11391);
#386=PLANE('',#11394);
#387=PLANE('',#11397);
#388=PLANE('',#11400);
#389=PLANE('',#11401);
#390=PLANE('',#11404);
#391=PLANE('',#11407);
#392=PLANE('',#11410);
#393=PLANE('',#11415);
#394=PLANE('',#11418);
#395=PLANE('',#11421);
#396=PLANE('',#11424);
#397=PLANE('',#11427);
#398=PLANE('',#11430);
#399=PLANE('',#11433);
#400=PLANE('',#11436);
#401=PLANE('',#11437);
#402=PLANE('',#11440);
#403=PLANE('',#11443);
#404=PLANE('',#11446);
#405=PLANE('',#11451);
#406=PLANE('',#11454);
#407=PLANE('',#11457);
#408=PLANE('',#11460);
#409=PLANE('',#11463);
#410=PLANE('',#11466);
#411=PLANE('',#11469);
#412=PLANE('',#11472);
#413=PLANE('',#11473);
#414=PLANE('',#11476);
#415=PLANE('',#11479);
#416=PLANE('',#11482);
#417=PLANE('',#11487);
#418=PLANE('',#11490);
#419=PLANE('',#11493);
#420=PLANE('',#11496);
#421=PLANE('',#11500);
#422=PLANE('',#11504);
#423=PLANE('',#11505);
#424=PLANE('',#11552);
#425=PLANE('',#11553);
#426=PLANE('',#11652);
#427=PLANE('',#11657);
#428=PLANE('',#11663);
#429=PLANE('',#11669);
#430=PLANE('',#11672);
#431=PLANE('',#11673);
#432=PLANE('',#11678);
#433=PLANE('',#11679);
#434=PLANE('',#11682);
#435=PLANE('',#11683);
#436=PLANE('',#11684);
#437=PLANE('',#11688);
#438=PLANE('',#11689);
#439=PLANE('',#11690);
#440=PLANE('',#11691);
#441=PLANE('',#11693);
#442=PLANE('',#11695);
#443=PLANE('',#11697);
#444=PLANE('',#11699);
#445=PLANE('',#11701);
#446=PLANE('',#11703);
#447=PLANE('',#11705);
#448=PLANE('',#11707);
#449=PLANE('',#11709);
#450=PLANE('',#11711);
#451=PLANE('',#11713);
#452=PLANE('',#11715);
#453=PLANE('',#11717);
#454=PLANE('',#11719);
#455=PLANE('',#11721);
#456=PLANE('',#11723);
#457=PLANE('',#11727);
#458=PLANE('',#11729);
#459=PLANE('',#11733);
#460=PLANE('',#11735);
#461=PLANE('',#11741);
#462=PLANE('',#11744);
#463=PLANE('',#11747);
#464=PLANE('',#11750);
#465=PLANE('',#11754);
#466=PLANE('',#11756);
#467=PLANE('',#11758);
#468=PLANE('',#11760);
#469=PLANE('',#11762);
#470=PLANE('',#11764);
#471=PLANE('',#11767);
#472=PLANE('',#11770);
#473=PLANE('',#11773);
#474=PLANE('',#11776);
#475=PLANE('',#11780);
#476=PLANE('',#11783);
#477=PLANE('',#11787);
#478=PLANE('',#11790);
#479=PLANE('',#11793);
#480=PLANE('',#11796);
#481=PLANE('',#11799);
#482=PLANE('',#11802);
#483=PLANE('',#11805);
#484=PLANE('',#11809);
#485=PLANE('',#11811);
#486=PLANE('',#11813);
#487=PLANE('',#11815);
#488=PLANE('',#11817);
#489=PLANE('',#11821);
#490=PLANE('',#11822);
#491=PLANE('',#11823);
#492=PLANE('',#11824);
#493=PLANE('',#11825);
#494=PLANE('',#11826);
#495=PLANE('',#11827);
#496=PLANE('',#11828);
#497=PLANE('',#11829);
#498=PLANE('',#11830);
#499=PLANE('',#11831);
#500=PLANE('',#11832);
#501=PLANE('',#11833);
#502=PLANE('',#11834);
#503=PLANE('',#11835);
#504=PLANE('',#11836);
#505=PLANE('',#11837);
#506=PLANE('',#11838);
#507=PLANE('',#11839);
#508=PLANE('',#11840);
#509=PLANE('',#11841);
#510=PLANE('',#11842);
#511=PLANE('',#11843);
#512=PLANE('',#11844);
#513=PLANE('',#11845);
#514=PLANE('',#11846);
#515=PLANE('',#11847);
#516=PLANE('',#11848);
#517=PLANE('',#11849);
#518=PLANE('',#11850);
#519=PLANE('',#11851);
#520=PLANE('',#11852);
#521=PLANE('',#11853);
#522=PLANE('',#11855);
#523=PLANE('',#11857);
#524=FACE_OUTER_BOUND('',#1124,.T.);
#525=FACE_OUTER_BOUND('',#1125,.T.);
#526=FACE_OUTER_BOUND('',#1126,.T.);
#527=FACE_OUTER_BOUND('',#1127,.T.);
#528=FACE_OUTER_BOUND('',#1128,.T.);
#529=FACE_OUTER_BOUND('',#1129,.T.);
#530=FACE_OUTER_BOUND('',#1130,.T.);
#531=FACE_OUTER_BOUND('',#1131,.T.);
#532=FACE_OUTER_BOUND('',#1132,.T.);
#533=FACE_OUTER_BOUND('',#1133,.T.);
#534=FACE_OUTER_BOUND('',#1134,.T.);
#535=FACE_OUTER_BOUND('',#1135,.T.);
#536=FACE_OUTER_BOUND('',#1136,.T.);
#537=FACE_OUTER_BOUND('',#1137,.T.);
#538=FACE_OUTER_BOUND('',#1138,.T.);
#539=FACE_OUTER_BOUND('',#1139,.T.);
#540=FACE_OUTER_BOUND('',#1140,.T.);
#541=FACE_OUTER_BOUND('',#1141,.T.);
#542=FACE_OUTER_BOUND('',#1142,.T.);
#543=FACE_OUTER_BOUND('',#1143,.T.);
#544=FACE_OUTER_BOUND('',#1144,.T.);
#545=FACE_OUTER_BOUND('',#1145,.T.);
#546=FACE_OUTER_BOUND('',#1146,.T.);
#547=FACE_OUTER_BOUND('',#1147,.T.);
#548=FACE_OUTER_BOUND('',#1148,.T.);
#549=FACE_OUTER_BOUND('',#1165,.T.);
#550=FACE_OUTER_BOUND('',#1166,.T.);
#551=FACE_OUTER_BOUND('',#1167,.T.);
#552=FACE_OUTER_BOUND('',#1168,.T.);
#553=FACE_OUTER_BOUND('',#1169,.T.);
#554=FACE_OUTER_BOUND('',#1170,.T.);
#555=FACE_OUTER_BOUND('',#1171,.T.);
#556=FACE_OUTER_BOUND('',#1172,.T.);
#557=FACE_OUTER_BOUND('',#1173,.T.);
#558=FACE_OUTER_BOUND('',#1174,.T.);
#559=FACE_OUTER_BOUND('',#1175,.T.);
#560=FACE_OUTER_BOUND('',#1176,.T.);
#561=FACE_OUTER_BOUND('',#1177,.T.);
#562=FACE_OUTER_BOUND('',#1178,.T.);
#563=FACE_OUTER_BOUND('',#1179,.T.);
#564=FACE_OUTER_BOUND('',#1180,.T.);
#565=FACE_OUTER_BOUND('',#1181,.T.);
#566=FACE_OUTER_BOUND('',#1182,.T.);
#567=FACE_OUTER_BOUND('',#1183,.T.);
#568=FACE_OUTER_BOUND('',#1184,.T.);
#569=FACE_OUTER_BOUND('',#1185,.T.);
#570=FACE_OUTER_BOUND('',#1186,.T.);
#571=FACE_OUTER_BOUND('',#1187,.T.);
#572=FACE_OUTER_BOUND('',#1188,.T.);
#573=FACE_OUTER_BOUND('',#1189,.T.);
#574=FACE_OUTER_BOUND('',#1190,.T.);
#575=FACE_OUTER_BOUND('',#1191,.T.);
#576=FACE_OUTER_BOUND('',#1192,.T.);
#577=FACE_OUTER_BOUND('',#1193,.T.);
#578=FACE_OUTER_BOUND('',#1194,.T.);
#579=FACE_OUTER_BOUND('',#1195,.T.);
#580=FACE_OUTER_BOUND('',#1196,.T.);
#581=FACE_OUTER_BOUND('',#1197,.T.);
#582=FACE_OUTER_BOUND('',#1198,.T.);
#583=FACE_OUTER_BOUND('',#1199,.T.);
#584=FACE_OUTER_BOUND('',#1200,.T.);
#585=FACE_OUTER_BOUND('',#1201,.T.);
#586=FACE_OUTER_BOUND('',#1202,.T.);
#587=FACE_OUTER_BOUND('',#1203,.T.);
#588=FACE_OUTER_BOUND('',#1204,.T.);
#589=FACE_OUTER_BOUND('',#1205,.T.);
#590=FACE_OUTER_BOUND('',#1206,.T.);
#591=FACE_OUTER_BOUND('',#1207,.T.);
#592=FACE_OUTER_BOUND('',#1208,.T.);
#593=FACE_OUTER_BOUND('',#1209,.T.);
#594=FACE_OUTER_BOUND('',#1210,.T.);
#595=FACE_OUTER_BOUND('',#1211,.T.);
#596=FACE_OUTER_BOUND('',#1212,.T.);
#597=FACE_OUTER_BOUND('',#1213,.T.);
#598=FACE_OUTER_BOUND('',#1214,.T.);
#599=FACE_OUTER_BOUND('',#1215,.T.);
#600=FACE_OUTER_BOUND('',#1216,.T.);
#601=FACE_OUTER_BOUND('',#1217,.T.);
#602=FACE_OUTER_BOUND('',#1218,.T.);
#603=FACE_OUTER_BOUND('',#1219,.T.);
#604=FACE_OUTER_BOUND('',#1220,.T.);
#605=FACE_OUTER_BOUND('',#1221,.T.);
#606=FACE_OUTER_BOUND('',#1222,.T.);
#607=FACE_OUTER_BOUND('',#1223,.T.);
#608=FACE_OUTER_BOUND('',#1224,.T.);
#609=FACE_OUTER_BOUND('',#1225,.T.);
#610=FACE_OUTER_BOUND('',#1226,.T.);
#611=FACE_OUTER_BOUND('',#1227,.T.);
#612=FACE_OUTER_BOUND('',#1228,.T.);
#613=FACE_OUTER_BOUND('',#1229,.T.);
#614=FACE_OUTER_BOUND('',#1230,.T.);
#615=FACE_OUTER_BOUND('',#1231,.T.);
#616=FACE_OUTER_BOUND('',#1232,.T.);
#617=FACE_OUTER_BOUND('',#1233,.T.);
#618=FACE_OUTER_BOUND('',#1234,.T.);
#619=FACE_OUTER_BOUND('',#1235,.T.);
#620=FACE_OUTER_BOUND('',#1236,.T.);
#621=FACE_OUTER_BOUND('',#1237,.T.);
#622=FACE_OUTER_BOUND('',#1238,.T.);
#623=FACE_OUTER_BOUND('',#1239,.T.);
#624=FACE_OUTER_BOUND('',#1240,.T.);
#625=FACE_OUTER_BOUND('',#1241,.T.);
#626=FACE_OUTER_BOUND('',#1242,.T.);
#627=FACE_OUTER_BOUND('',#1243,.T.);
#628=FACE_OUTER_BOUND('',#1244,.T.);
#629=FACE_OUTER_BOUND('',#1245,.T.);
#630=FACE_OUTER_BOUND('',#1246,.T.);
#631=FACE_OUTER_BOUND('',#1247,.T.);
#632=FACE_OUTER_BOUND('',#1248,.T.);
#633=FACE_OUTER_BOUND('',#1249,.T.);
#634=FACE_OUTER_BOUND('',#1250,.T.);
#635=FACE_OUTER_BOUND('',#1251,.T.);
#636=FACE_OUTER_BOUND('',#1252,.T.);
#637=FACE_OUTER_BOUND('',#1253,.T.);
#638=FACE_OUTER_BOUND('',#1254,.T.);
#639=FACE_OUTER_BOUND('',#1255,.T.);
#640=FACE_OUTER_BOUND('',#1256,.T.);
#641=FACE_OUTER_BOUND('',#1257,.T.);
#642=FACE_OUTER_BOUND('',#1258,.T.);
#643=FACE_OUTER_BOUND('',#1259,.T.);
#644=FACE_OUTER_BOUND('',#1260,.T.);
#645=FACE_OUTER_BOUND('',#1261,.T.);
#646=FACE_OUTER_BOUND('',#1262,.T.);
#647=FACE_OUTER_BOUND('',#1263,.T.);
#648=FACE_OUTER_BOUND('',#1264,.T.);
#649=FACE_OUTER_BOUND('',#1265,.T.);
#650=FACE_OUTER_BOUND('',#1266,.T.);
#651=FACE_OUTER_BOUND('',#1267,.T.);
#652=FACE_OUTER_BOUND('',#1268,.T.);
#653=FACE_OUTER_BOUND('',#1269,.T.);
#654=FACE_OUTER_BOUND('',#1270,.T.);
#655=FACE_OUTER_BOUND('',#1271,.T.);
#656=FACE_OUTER_BOUND('',#1272,.T.);
#657=FACE_OUTER_BOUND('',#1273,.T.);
#658=FACE_OUTER_BOUND('',#1274,.T.);
#659=FACE_OUTER_BOUND('',#1275,.T.);
#660=FACE_OUTER_BOUND('',#1276,.T.);
#661=FACE_OUTER_BOUND('',#1277,.T.);
#662=FACE_OUTER_BOUND('',#1278,.T.);
#663=FACE_OUTER_BOUND('',#1279,.T.);
#664=FACE_OUTER_BOUND('',#1280,.T.);
#665=FACE_OUTER_BOUND('',#1281,.T.);
#666=FACE_OUTER_BOUND('',#1282,.T.);
#667=FACE_OUTER_BOUND('',#1283,.T.);
#668=FACE_OUTER_BOUND('',#1284,.T.);
#669=FACE_OUTER_BOUND('',#1285,.T.);
#670=FACE_OUTER_BOUND('',#1286,.T.);
#671=FACE_OUTER_BOUND('',#1287,.T.);
#672=FACE_OUTER_BOUND('',#1288,.T.);
#673=FACE_OUTER_BOUND('',#1289,.T.);
#674=FACE_OUTER_BOUND('',#1290,.T.);
#675=FACE_OUTER_BOUND('',#1291,.T.);
#676=FACE_OUTER_BOUND('',#1292,.T.);
#677=FACE_OUTER_BOUND('',#1293,.T.);
#678=FACE_OUTER_BOUND('',#1294,.T.);
#679=FACE_OUTER_BOUND('',#1295,.T.);
#680=FACE_OUTER_BOUND('',#1296,.T.);
#681=FACE_OUTER_BOUND('',#1297,.T.);
#682=FACE_OUTER_BOUND('',#1298,.T.);
#683=FACE_OUTER_BOUND('',#1299,.T.);
#684=FACE_OUTER_BOUND('',#1300,.T.);
#685=FACE_OUTER_BOUND('',#1301,.T.);
#686=FACE_OUTER_BOUND('',#1302,.T.);
#687=FACE_OUTER_BOUND('',#1303,.T.);
#688=FACE_OUTER_BOUND('',#1304,.T.);
#689=FACE_OUTER_BOUND('',#1305,.T.);
#690=FACE_OUTER_BOUND('',#1306,.T.);
#691=FACE_OUTER_BOUND('',#1307,.T.);
#692=FACE_OUTER_BOUND('',#1308,.T.);
#693=FACE_OUTER_BOUND('',#1309,.T.);
#694=FACE_OUTER_BOUND('',#1310,.T.);
#695=FACE_OUTER_BOUND('',#1311,.T.);
#696=FACE_OUTER_BOUND('',#1312,.T.);
#697=FACE_OUTER_BOUND('',#1313,.T.);
#698=FACE_OUTER_BOUND('',#1314,.T.);
#699=FACE_OUTER_BOUND('',#1315,.T.);
#700=FACE_OUTER_BOUND('',#1316,.T.);
#701=FACE_OUTER_BOUND('',#1317,.T.);
#702=FACE_OUTER_BOUND('',#1318,.T.);
#703=FACE_OUTER_BOUND('',#1319,.T.);
#704=FACE_OUTER_BOUND('',#1320,.T.);
#705=FACE_OUTER_BOUND('',#1321,.T.);
#706=FACE_OUTER_BOUND('',#1322,.T.);
#707=FACE_OUTER_BOUND('',#1323,.T.);
#708=FACE_OUTER_BOUND('',#1324,.T.);
#709=FACE_OUTER_BOUND('',#1325,.T.);
#710=FACE_OUTER_BOUND('',#1326,.T.);
#711=FACE_OUTER_BOUND('',#1327,.T.);
#712=FACE_OUTER_BOUND('',#1328,.T.);
#713=FACE_OUTER_BOUND('',#1329,.T.);
#714=FACE_OUTER_BOUND('',#1330,.T.);
#715=FACE_OUTER_BOUND('',#1331,.T.);
#716=FACE_OUTER_BOUND('',#1332,.T.);
#717=FACE_OUTER_BOUND('',#1333,.T.);
#718=FACE_OUTER_BOUND('',#1334,.T.);
#719=FACE_OUTER_BOUND('',#1335,.T.);
#720=FACE_OUTER_BOUND('',#1336,.T.);
#721=FACE_OUTER_BOUND('',#1337,.T.);
#722=FACE_OUTER_BOUND('',#1338,.T.);
#723=FACE_OUTER_BOUND('',#1339,.T.);
#724=FACE_OUTER_BOUND('',#1340,.T.);
#725=FACE_OUTER_BOUND('',#1341,.T.);
#726=FACE_OUTER_BOUND('',#1342,.T.);
#727=FACE_OUTER_BOUND('',#1343,.T.);
#728=FACE_OUTER_BOUND('',#1344,.T.);
#729=FACE_OUTER_BOUND('',#1345,.T.);
#730=FACE_OUTER_BOUND('',#1346,.T.);
#731=FACE_OUTER_BOUND('',#1347,.T.);
#732=FACE_OUTER_BOUND('',#1348,.T.);
#733=FACE_OUTER_BOUND('',#1349,.T.);
#734=FACE_OUTER_BOUND('',#1350,.T.);
#735=FACE_OUTER_BOUND('',#1351,.T.);
#736=FACE_OUTER_BOUND('',#1352,.T.);
#737=FACE_OUTER_BOUND('',#1353,.T.);
#738=FACE_OUTER_BOUND('',#1354,.T.);
#739=FACE_OUTER_BOUND('',#1355,.T.);
#740=FACE_OUTER_BOUND('',#1356,.T.);
#741=FACE_OUTER_BOUND('',#1357,.T.);
#742=FACE_OUTER_BOUND('',#1358,.T.);
#743=FACE_OUTER_BOUND('',#1359,.T.);
#744=FACE_OUTER_BOUND('',#1360,.T.);
#745=FACE_OUTER_BOUND('',#1361,.T.);
#746=FACE_OUTER_BOUND('',#1362,.T.);
#747=FACE_OUTER_BOUND('',#1363,.T.);
#748=FACE_OUTER_BOUND('',#1364,.T.);
#749=FACE_OUTER_BOUND('',#1365,.T.);
#750=FACE_OUTER_BOUND('',#1366,.T.);
#751=FACE_OUTER_BOUND('',#1367,.T.);
#752=FACE_OUTER_BOUND('',#1368,.T.);
#753=FACE_OUTER_BOUND('',#1369,.T.);
#754=FACE_OUTER_BOUND('',#1370,.T.);
#755=FACE_OUTER_BOUND('',#1371,.T.);
#756=FACE_OUTER_BOUND('',#1372,.T.);
#757=FACE_OUTER_BOUND('',#1373,.T.);
#758=FACE_OUTER_BOUND('',#1374,.T.);
#759=FACE_OUTER_BOUND('',#1375,.T.);
#760=FACE_OUTER_BOUND('',#1376,.T.);
#761=FACE_OUTER_BOUND('',#1377,.T.);
#762=FACE_OUTER_BOUND('',#1378,.T.);
#763=FACE_OUTER_BOUND('',#1379,.T.);
#764=FACE_OUTER_BOUND('',#1380,.T.);
#765=FACE_OUTER_BOUND('',#1381,.T.);
#766=FACE_OUTER_BOUND('',#1382,.T.);
#767=FACE_OUTER_BOUND('',#1383,.T.);
#768=FACE_OUTER_BOUND('',#1384,.T.);
#769=FACE_OUTER_BOUND('',#1385,.T.);
#770=FACE_OUTER_BOUND('',#1386,.T.);
#771=FACE_OUTER_BOUND('',#1387,.T.);
#772=FACE_OUTER_BOUND('',#1388,.T.);
#773=FACE_OUTER_BOUND('',#1389,.T.);
#774=FACE_OUTER_BOUND('',#1390,.T.);
#775=FACE_OUTER_BOUND('',#1391,.T.);
#776=FACE_OUTER_BOUND('',#1392,.T.);
#777=FACE_OUTER_BOUND('',#1393,.T.);
#778=FACE_OUTER_BOUND('',#1394,.T.);
#779=FACE_OUTER_BOUND('',#1395,.T.);
#780=FACE_OUTER_BOUND('',#1396,.T.);
#781=FACE_OUTER_BOUND('',#1397,.T.);
#782=FACE_OUTER_BOUND('',#1398,.T.);
#783=FACE_OUTER_BOUND('',#1399,.T.);
#784=FACE_OUTER_BOUND('',#1400,.T.);
#785=FACE_OUTER_BOUND('',#1401,.T.);
#786=FACE_OUTER_BOUND('',#1402,.T.);
#787=FACE_OUTER_BOUND('',#1403,.T.);
#788=FACE_OUTER_BOUND('',#1404,.T.);
#789=FACE_OUTER_BOUND('',#1405,.T.);
#790=FACE_OUTER_BOUND('',#1406,.T.);
#791=FACE_OUTER_BOUND('',#1407,.T.);
#792=FACE_OUTER_BOUND('',#1408,.T.);
#793=FACE_OUTER_BOUND('',#1409,.T.);
#794=FACE_OUTER_BOUND('',#1410,.T.);
#795=FACE_OUTER_BOUND('',#1411,.T.);
#796=FACE_OUTER_BOUND('',#1412,.T.);
#797=FACE_OUTER_BOUND('',#1413,.T.);
#798=FACE_OUTER_BOUND('',#1414,.T.);
#799=FACE_OUTER_BOUND('',#1415,.T.);
#800=FACE_OUTER_BOUND('',#1416,.T.);
#801=FACE_OUTER_BOUND('',#1417,.T.);
#802=FACE_OUTER_BOUND('',#1418,.T.);
#803=FACE_OUTER_BOUND('',#1419,.T.);
#804=FACE_OUTER_BOUND('',#1420,.T.);
#805=FACE_OUTER_BOUND('',#1421,.T.);
#806=FACE_OUTER_BOUND('',#1422,.T.);
#807=FACE_OUTER_BOUND('',#1423,.T.);
#808=FACE_OUTER_BOUND('',#1424,.T.);
#809=FACE_OUTER_BOUND('',#1425,.T.);
#810=FACE_OUTER_BOUND('',#1426,.T.);
#811=FACE_OUTER_BOUND('',#1427,.T.);
#812=FACE_OUTER_BOUND('',#1428,.T.);
#813=FACE_OUTER_BOUND('',#1429,.T.);
#814=FACE_OUTER_BOUND('',#1430,.T.);
#815=FACE_OUTER_BOUND('',#1431,.T.);
#816=FACE_OUTER_BOUND('',#1432,.T.);
#817=FACE_OUTER_BOUND('',#1433,.T.);
#818=FACE_OUTER_BOUND('',#1434,.T.);
#819=FACE_OUTER_BOUND('',#1435,.T.);
#820=FACE_OUTER_BOUND('',#1436,.T.);
#821=FACE_OUTER_BOUND('',#1437,.T.);
#822=FACE_OUTER_BOUND('',#1438,.T.);
#823=FACE_OUTER_BOUND('',#1439,.T.);
#824=FACE_OUTER_BOUND('',#1440,.T.);
#825=FACE_OUTER_BOUND('',#1441,.T.);
#826=FACE_OUTER_BOUND('',#1442,.T.);
#827=FACE_OUTER_BOUND('',#1443,.T.);
#828=FACE_OUTER_BOUND('',#1444,.T.);
#829=FACE_OUTER_BOUND('',#1445,.T.);
#830=FACE_OUTER_BOUND('',#1446,.T.);
#831=FACE_OUTER_BOUND('',#1447,.T.);
#832=FACE_OUTER_BOUND('',#1448,.T.);
#833=FACE_OUTER_BOUND('',#1449,.T.);
#834=FACE_OUTER_BOUND('',#1450,.T.);
#835=FACE_OUTER_BOUND('',#1451,.T.);
#836=FACE_OUTER_BOUND('',#1452,.T.);
#837=FACE_OUTER_BOUND('',#1453,.T.);
#838=FACE_OUTER_BOUND('',#1454,.T.);
#839=FACE_OUTER_BOUND('',#1455,.T.);
#840=FACE_OUTER_BOUND('',#1456,.T.);
#841=FACE_OUTER_BOUND('',#1457,.T.);
#842=FACE_OUTER_BOUND('',#1458,.T.);
#843=FACE_OUTER_BOUND('',#1459,.T.);
#844=FACE_OUTER_BOUND('',#1460,.T.);
#845=FACE_OUTER_BOUND('',#1461,.T.);
#846=FACE_OUTER_BOUND('',#1462,.T.);
#847=FACE_OUTER_BOUND('',#1463,.T.);
#848=FACE_OUTER_BOUND('',#1464,.T.);
#849=FACE_OUTER_BOUND('',#1465,.T.);
#850=FACE_OUTER_BOUND('',#1466,.T.);
#851=FACE_OUTER_BOUND('',#1467,.T.);
#852=FACE_OUTER_BOUND('',#1468,.T.);
#853=FACE_OUTER_BOUND('',#1469,.T.);
#854=FACE_OUTER_BOUND('',#1470,.T.);
#855=FACE_OUTER_BOUND('',#1471,.T.);
#856=FACE_OUTER_BOUND('',#1472,.T.);
#857=FACE_OUTER_BOUND('',#1473,.T.);
#858=FACE_OUTER_BOUND('',#1474,.T.);
#859=FACE_OUTER_BOUND('',#1475,.T.);
#860=FACE_OUTER_BOUND('',#1476,.T.);
#861=FACE_OUTER_BOUND('',#1477,.T.);
#862=FACE_OUTER_BOUND('',#1478,.T.);
#863=FACE_OUTER_BOUND('',#1479,.T.);
#864=FACE_OUTER_BOUND('',#1480,.T.);
#865=FACE_OUTER_BOUND('',#1481,.T.);
#866=FACE_OUTER_BOUND('',#1482,.T.);
#867=FACE_OUTER_BOUND('',#1483,.T.);
#868=FACE_OUTER_BOUND('',#1484,.T.);
#869=FACE_OUTER_BOUND('',#1485,.T.);
#870=FACE_OUTER_BOUND('',#1486,.T.);
#871=FACE_OUTER_BOUND('',#1487,.T.);
#872=FACE_OUTER_BOUND('',#1488,.T.);
#873=FACE_OUTER_BOUND('',#1489,.T.);
#874=FACE_OUTER_BOUND('',#1490,.T.);
#875=FACE_OUTER_BOUND('',#1491,.T.);
#876=FACE_OUTER_BOUND('',#1492,.T.);
#877=FACE_OUTER_BOUND('',#1493,.T.);
#878=FACE_OUTER_BOUND('',#1494,.T.);
#879=FACE_OUTER_BOUND('',#1495,.T.);
#880=FACE_OUTER_BOUND('',#1496,.T.);
#881=FACE_OUTER_BOUND('',#1497,.T.);
#882=FACE_OUTER_BOUND('',#1498,.T.);
#883=FACE_OUTER_BOUND('',#1499,.T.);
#884=FACE_OUTER_BOUND('',#1500,.T.);
#885=FACE_OUTER_BOUND('',#1501,.T.);
#886=FACE_OUTER_BOUND('',#1502,.T.);
#887=FACE_OUTER_BOUND('',#1503,.T.);
#888=FACE_OUTER_BOUND('',#1504,.T.);
#889=FACE_OUTER_BOUND('',#1505,.T.);
#890=FACE_OUTER_BOUND('',#1506,.T.);
#891=FACE_OUTER_BOUND('',#1507,.T.);
#892=FACE_OUTER_BOUND('',#1508,.T.);
#893=FACE_OUTER_BOUND('',#1509,.T.);
#894=FACE_OUTER_BOUND('',#1510,.T.);
#895=FACE_OUTER_BOUND('',#1511,.T.);
#896=FACE_OUTER_BOUND('',#1512,.T.);
#897=FACE_OUTER_BOUND('',#1513,.T.);
#898=FACE_OUTER_BOUND('',#1514,.T.);
#899=FACE_OUTER_BOUND('',#1515,.T.);
#900=FACE_OUTER_BOUND('',#1516,.T.);
#901=FACE_OUTER_BOUND('',#1517,.T.);
#902=FACE_OUTER_BOUND('',#1518,.T.);
#903=FACE_OUTER_BOUND('',#1519,.T.);
#904=FACE_OUTER_BOUND('',#1520,.T.);
#905=FACE_OUTER_BOUND('',#1521,.T.);
#906=FACE_OUTER_BOUND('',#1522,.T.);
#907=FACE_OUTER_BOUND('',#1523,.T.);
#908=FACE_OUTER_BOUND('',#1524,.T.);
#909=FACE_OUTER_BOUND('',#1525,.T.);
#910=FACE_OUTER_BOUND('',#1526,.T.);
#911=FACE_OUTER_BOUND('',#1527,.T.);
#912=FACE_OUTER_BOUND('',#1528,.T.);
#913=FACE_OUTER_BOUND('',#1529,.T.);
#914=FACE_OUTER_BOUND('',#1534,.T.);
#915=FACE_OUTER_BOUND('',#1535,.T.);
#916=FACE_OUTER_BOUND('',#1536,.T.);
#917=FACE_OUTER_BOUND('',#1537,.T.);
#918=FACE_OUTER_BOUND('',#1538,.T.);
#919=FACE_OUTER_BOUND('',#1540,.T.);
#920=FACE_OUTER_BOUND('',#1556,.T.);
#921=FACE_OUTER_BOUND('',#1557,.T.);
#922=FACE_OUTER_BOUND('',#1558,.T.);
#923=FACE_OUTER_BOUND('',#1559,.T.);
#924=FACE_OUTER_BOUND('',#1560,.T.);
#925=FACE_OUTER_BOUND('',#1561,.T.);
#926=FACE_OUTER_BOUND('',#1562,.T.);
#927=FACE_OUTER_BOUND('',#1563,.T.);
#928=FACE_OUTER_BOUND('',#1564,.T.);
#929=FACE_OUTER_BOUND('',#1565,.T.);
#930=FACE_OUTER_BOUND('',#1566,.T.);
#931=FACE_OUTER_BOUND('',#1567,.T.);
#932=FACE_OUTER_BOUND('',#1568,.T.);
#933=FACE_OUTER_BOUND('',#1569,.T.);
#934=FACE_OUTER_BOUND('',#1570,.T.);
#935=FACE_OUTER_BOUND('',#1571,.T.);
#936=FACE_OUTER_BOUND('',#1572,.T.);
#937=FACE_OUTER_BOUND('',#1573,.T.);
#938=FACE_OUTER_BOUND('',#1574,.T.);
#939=FACE_OUTER_BOUND('',#1575,.T.);
#940=FACE_OUTER_BOUND('',#1576,.T.);
#941=FACE_OUTER_BOUND('',#1577,.T.);
#942=FACE_OUTER_BOUND('',#1578,.T.);
#943=FACE_OUTER_BOUND('',#1579,.T.);
#944=FACE_OUTER_BOUND('',#1580,.T.);
#945=FACE_OUTER_BOUND('',#1581,.T.);
#946=FACE_OUTER_BOUND('',#1582,.T.);
#947=FACE_OUTER_BOUND('',#1583,.T.);
#948=FACE_OUTER_BOUND('',#1584,.T.);
#949=FACE_OUTER_BOUND('',#1585,.T.);
#950=FACE_OUTER_BOUND('',#1586,.T.);
#951=FACE_OUTER_BOUND('',#1587,.T.);
#952=FACE_OUTER_BOUND('',#1588,.T.);
#953=FACE_OUTER_BOUND('',#1589,.T.);
#954=FACE_OUTER_BOUND('',#1590,.T.);
#955=FACE_OUTER_BOUND('',#1591,.T.);
#956=FACE_OUTER_BOUND('',#1592,.T.);
#957=FACE_OUTER_BOUND('',#1593,.T.);
#958=FACE_OUTER_BOUND('',#1594,.T.);
#959=FACE_OUTER_BOUND('',#1595,.T.);
#960=FACE_OUTER_BOUND('',#1596,.T.);
#961=FACE_OUTER_BOUND('',#1597,.T.);
#962=FACE_OUTER_BOUND('',#1598,.T.);
#963=FACE_OUTER_BOUND('',#1599,.T.);
#964=FACE_OUTER_BOUND('',#1600,.T.);
#965=FACE_OUTER_BOUND('',#1601,.T.);
#966=FACE_OUTER_BOUND('',#1602,.T.);
#967=FACE_OUTER_BOUND('',#1603,.T.);
#968=FACE_OUTER_BOUND('',#1604,.T.);
#969=FACE_OUTER_BOUND('',#1605,.T.);
#970=FACE_OUTER_BOUND('',#1606,.T.);
#971=FACE_OUTER_BOUND('',#1607,.T.);
#972=FACE_OUTER_BOUND('',#1608,.T.);
#973=FACE_OUTER_BOUND('',#1609,.T.);
#974=FACE_OUTER_BOUND('',#1610,.T.);
#975=FACE_OUTER_BOUND('',#1611,.T.);
#976=FACE_OUTER_BOUND('',#1612,.T.);
#977=FACE_OUTER_BOUND('',#1613,.T.);
#978=FACE_OUTER_BOUND('',#1614,.T.);
#979=FACE_OUTER_BOUND('',#1615,.T.);
#980=FACE_OUTER_BOUND('',#1616,.T.);
#981=FACE_OUTER_BOUND('',#1617,.T.);
#982=FACE_OUTER_BOUND('',#1618,.T.);
#983=FACE_OUTER_BOUND('',#1619,.T.);
#984=FACE_OUTER_BOUND('',#1620,.T.);
#985=FACE_OUTER_BOUND('',#1621,.T.);
#986=FACE_OUTER_BOUND('',#1622,.T.);
#987=FACE_OUTER_BOUND('',#1623,.T.);
#988=FACE_OUTER_BOUND('',#1624,.T.);
#989=FACE_OUTER_BOUND('',#1625,.T.);
#990=FACE_OUTER_BOUND('',#1626,.T.);
#991=FACE_OUTER_BOUND('',#1627,.T.);
#992=FACE_OUTER_BOUND('',#1628,.T.);
#993=FACE_OUTER_BOUND('',#1629,.T.);
#994=FACE_OUTER_BOUND('',#1630,.T.);
#995=FACE_OUTER_BOUND('',#1631,.T.);
#996=FACE_OUTER_BOUND('',#1632,.T.);
#997=FACE_OUTER_BOUND('',#1633,.T.);
#998=FACE_OUTER_BOUND('',#1634,.T.);
#999=FACE_OUTER_BOUND('',#1635,.T.);
#1000=FACE_OUTER_BOUND('',#1636,.T.);
#1001=FACE_OUTER_BOUND('',#1637,.T.);
#1002=FACE_OUTER_BOUND('',#1638,.T.);
#1003=FACE_OUTER_BOUND('',#1639,.T.);
#1004=FACE_OUTER_BOUND('',#1640,.T.);
#1005=FACE_OUTER_BOUND('',#1641,.T.);
#1006=FACE_OUTER_BOUND('',#1642,.T.);
#1007=FACE_OUTER_BOUND('',#1643,.T.);
#1008=FACE_OUTER_BOUND('',#1644,.T.);
#1009=FACE_OUTER_BOUND('',#1645,.T.);
#1010=FACE_OUTER_BOUND('',#1646,.T.);
#1011=FACE_OUTER_BOUND('',#1647,.T.);
#1012=FACE_OUTER_BOUND('',#1648,.T.);
#1013=FACE_OUTER_BOUND('',#1649,.T.);
#1014=FACE_OUTER_BOUND('',#1650,.T.);
#1015=FACE_OUTER_BOUND('',#1651,.T.);
#1016=FACE_OUTER_BOUND('',#1652,.T.);
#1017=FACE_OUTER_BOUND('',#1653,.T.);
#1018=FACE_OUTER_BOUND('',#1654,.T.);
#1019=FACE_OUTER_BOUND('',#1655,.T.);
#1020=FACE_OUTER_BOUND('',#1656,.T.);
#1021=FACE_OUTER_BOUND('',#1657,.T.);
#1022=FACE_OUTER_BOUND('',#1658,.T.);
#1023=FACE_OUTER_BOUND('',#1659,.T.);
#1024=FACE_OUTER_BOUND('',#1660,.T.);
#1025=FACE_OUTER_BOUND('',#1661,.T.);
#1026=FACE_OUTER_BOUND('',#1662,.T.);
#1027=FACE_OUTER_BOUND('',#1663,.T.);
#1028=FACE_OUTER_BOUND('',#1664,.T.);
#1029=FACE_OUTER_BOUND('',#1665,.T.);
#1030=FACE_OUTER_BOUND('',#1666,.T.);
#1031=FACE_OUTER_BOUND('',#1667,.T.);
#1032=FACE_OUTER_BOUND('',#1668,.T.);
#1033=FACE_OUTER_BOUND('',#1669,.T.);
#1034=FACE_OUTER_BOUND('',#1670,.T.);
#1035=FACE_OUTER_BOUND('',#1671,.T.);
#1036=FACE_OUTER_BOUND('',#1672,.T.);
#1037=FACE_OUTER_BOUND('',#1673,.T.);
#1038=FACE_OUTER_BOUND('',#1674,.T.);
#1039=FACE_OUTER_BOUND('',#1675,.T.);
#1040=FACE_OUTER_BOUND('',#1676,.T.);
#1041=FACE_OUTER_BOUND('',#1677,.T.);
#1042=FACE_OUTER_BOUND('',#1678,.T.);
#1043=FACE_OUTER_BOUND('',#1679,.T.);
#1044=FACE_OUTER_BOUND('',#1680,.T.);
#1045=FACE_OUTER_BOUND('',#1681,.T.);
#1046=FACE_OUTER_BOUND('',#1682,.T.);
#1047=FACE_OUTER_BOUND('',#1683,.T.);
#1048=FACE_OUTER_BOUND('',#1684,.T.);
#1049=FACE_OUTER_BOUND('',#1685,.T.);
#1050=FACE_OUTER_BOUND('',#1686,.T.);
#1051=FACE_OUTER_BOUND('',#1687,.T.);
#1052=FACE_OUTER_BOUND('',#1688,.T.);
#1053=FACE_OUTER_BOUND('',#1689,.T.);
#1054=FACE_OUTER_BOUND('',#1690,.T.);
#1055=FACE_OUTER_BOUND('',#1691,.T.);
#1056=FACE_OUTER_BOUND('',#1692,.T.);
#1057=FACE_OUTER_BOUND('',#1693,.T.);
#1058=FACE_OUTER_BOUND('',#1694,.T.);
#1059=FACE_OUTER_BOUND('',#1695,.T.);
#1060=FACE_OUTER_BOUND('',#1696,.T.);
#1061=FACE_OUTER_BOUND('',#1697,.T.);
#1062=FACE_OUTER_BOUND('',#1698,.T.);
#1063=FACE_OUTER_BOUND('',#1699,.T.);
#1064=FACE_OUTER_BOUND('',#1700,.T.);
#1065=FACE_OUTER_BOUND('',#1701,.T.);
#1066=FACE_OUTER_BOUND('',#1702,.T.);
#1067=FACE_OUTER_BOUND('',#1703,.T.);
#1068=FACE_OUTER_BOUND('',#1704,.T.);
#1069=FACE_OUTER_BOUND('',#1705,.T.);
#1070=FACE_OUTER_BOUND('',#1706,.T.);
#1071=FACE_OUTER_BOUND('',#1707,.T.);
#1072=FACE_OUTER_BOUND('',#1708,.T.);
#1073=FACE_OUTER_BOUND('',#1709,.T.);
#1074=FACE_OUTER_BOUND('',#1710,.T.);
#1075=FACE_OUTER_BOUND('',#1711,.T.);
#1076=FACE_OUTER_BOUND('',#1712,.T.);
#1077=FACE_OUTER_BOUND('',#1713,.T.);
#1078=FACE_OUTER_BOUND('',#1714,.T.);
#1079=FACE_OUTER_BOUND('',#1715,.T.);
#1080=FACE_OUTER_BOUND('',#1716,.T.);
#1081=FACE_OUTER_BOUND('',#1717,.T.);
#1082=FACE_OUTER_BOUND('',#1718,.T.);
#1083=FACE_OUTER_BOUND('',#1719,.T.);
#1084=FACE_OUTER_BOUND('',#1720,.T.);
#1085=FACE_OUTER_BOUND('',#1721,.T.);
#1086=FACE_OUTER_BOUND('',#1722,.T.);
#1087=FACE_OUTER_BOUND('',#1723,.T.);
#1088=FACE_OUTER_BOUND('',#1724,.T.);
#1089=FACE_OUTER_BOUND('',#1725,.T.);
#1090=FACE_OUTER_BOUND('',#1726,.T.);
#1091=FACE_OUTER_BOUND('',#1727,.T.);
#1092=FACE_OUTER_BOUND('',#1728,.T.);
#1093=FACE_OUTER_BOUND('',#1729,.T.);
#1094=FACE_OUTER_BOUND('',#1730,.T.);
#1095=FACE_OUTER_BOUND('',#1731,.T.);
#1096=FACE_OUTER_BOUND('',#1732,.T.);
#1097=FACE_OUTER_BOUND('',#1733,.T.);
#1098=FACE_OUTER_BOUND('',#1734,.T.);
#1099=FACE_OUTER_BOUND('',#1735,.T.);
#1100=FACE_OUTER_BOUND('',#1736,.T.);
#1101=FACE_OUTER_BOUND('',#1737,.T.);
#1102=FACE_OUTER_BOUND('',#1738,.T.);
#1103=FACE_OUTER_BOUND('',#1739,.T.);
#1104=FACE_OUTER_BOUND('',#1740,.T.);
#1105=FACE_OUTER_BOUND('',#1741,.T.);
#1106=FACE_OUTER_BOUND('',#1742,.T.);
#1107=FACE_OUTER_BOUND('',#1743,.T.);
#1108=FACE_OUTER_BOUND('',#1744,.T.);
#1109=FACE_OUTER_BOUND('',#1745,.T.);
#1110=FACE_OUTER_BOUND('',#1746,.T.);
#1111=FACE_OUTER_BOUND('',#1747,.T.);
#1112=FACE_OUTER_BOUND('',#1748,.T.);
#1113=FACE_OUTER_BOUND('',#1749,.T.);
#1114=FACE_OUTER_BOUND('',#1750,.T.);
#1115=FACE_OUTER_BOUND('',#1751,.T.);
#1116=FACE_OUTER_BOUND('',#1752,.T.);
#1117=FACE_OUTER_BOUND('',#1753,.T.);
#1118=FACE_OUTER_BOUND('',#1754,.T.);
#1119=FACE_OUTER_BOUND('',#1755,.T.);
#1120=FACE_OUTER_BOUND('',#1756,.T.);
#1121=FACE_OUTER_BOUND('',#1757,.T.);
#1122=FACE_OUTER_BOUND('',#1758,.T.);
#1123=FACE_OUTER_BOUND('',#1759,.T.);
#1124=EDGE_LOOP('',(#6730,#6731,#6732,#6733));
#1125=EDGE_LOOP('',(#6734,#6735,#6736,#6737));
#1126=EDGE_LOOP('',(#6738,#6739,#6740,#6741));
#1127=EDGE_LOOP('',(#6742,#6743,#6744,#6745));
#1128=EDGE_LOOP('',(#6746,#6747,#6748,#6749));
#1129=EDGE_LOOP('',(#6750,#6751,#6752,#6753));
#1130=EDGE_LOOP('',(#6754,#6755,#6756,#6757));
#1131=EDGE_LOOP('',(#6758,#6759,#6760,#6761));
#1132=EDGE_LOOP('',(#6762,#6763,#6764,#6765));
#1133=EDGE_LOOP('',(#6766,#6767,#6768,#6769));
#1134=EDGE_LOOP('',(#6770,#6771,#6772,#6773));
#1135=EDGE_LOOP('',(#6774,#6775,#6776,#6777));
#1136=EDGE_LOOP('',(#6778,#6779,#6780,#6781));
#1137=EDGE_LOOP('',(#6782,#6783,#6784,#6785));
#1138=EDGE_LOOP('',(#6786,#6787,#6788,#6789));
#1139=EDGE_LOOP('',(#6790,#6791,#6792,#6793));
#1140=EDGE_LOOP('',(#6794,#6795,#6796,#6797));
#1141=EDGE_LOOP('',(#6798,#6799,#6800,#6801));
#1142=EDGE_LOOP('',(#6802,#6803,#6804,#6805));
#1143=EDGE_LOOP('',(#6806,#6807,#6808,#6809));
#1144=EDGE_LOOP('',(#6810,#6811,#6812,#6813));
#1145=EDGE_LOOP('',(#6814,#6815,#6816,#6817));
#1146=EDGE_LOOP('',(#6818,#6819,#6820,#6821));
#1147=EDGE_LOOP('',(#6822,#6823,#6824,#6825));
#1148=EDGE_LOOP('',(#6826,#6827,#6828,#6829,#6830,#6831,#6832,#6833));
#1149=EDGE_LOOP('',(#6834,#6835,#6836,#6837,#6838,#6839,#6840,#6841,#6842,
#6843,#6844,#6845,#6846,#6847,#6848,#6849));
#1150=EDGE_LOOP('',(#6850,#6851,#6852,#6853,#6854,#6855,#6856,#6857,#6858,
#6859,#6860,#6861,#6862,#6863,#6864,#6865));
#1151=EDGE_LOOP('',(#6866,#6867,#6868,#6869,#6870,#6871,#6872,#6873,#6874,
#6875,#6876,#6877,#6878,#6879,#6880,#6881));
#1152=EDGE_LOOP('',(#6882,#6883,#6884,#6885,#6886,#6887,#6888,#6889,#6890,
#6891,#6892,#6893,#6894,#6895,#6896,#6897));
#1153=EDGE_LOOP('',(#6898,#6899,#6900,#6901,#6902,#6903,#6904,#6905,#6906,
#6907,#6908,#6909,#6910,#6911,#6912,#6913));
#1154=EDGE_LOOP('',(#6914,#6915,#6916,#6917,#6918,#6919,#6920,#6921,#6922,
#6923,#6924,#6925,#6926,#6927,#6928,#6929));
#1155=EDGE_LOOP('',(#6930,#6931,#6932,#6933,#6934,#6935,#6936,#6937,#6938,
#6939,#6940,#6941,#6942,#6943,#6944,#6945));
#1156=EDGE_LOOP('',(#6946,#6947,#6948,#6949,#6950,#6951,#6952,#6953,#6954,
#6955,#6956,#6957,#6958,#6959,#6960,#6961));
#1157=EDGE_LOOP('',(#6962,#6963,#6964,#6965,#6966,#6967,#6968,#6969,#6970,
#6971,#6972,#6973,#6974,#6975,#6976,#6977));
#1158=EDGE_LOOP('',(#6978,#6979,#6980,#6981,#6982,#6983,#6984,#6985,#6986,
#6987,#6988,#6989,#6990,#6991,#6992,#6993));
#1159=EDGE_LOOP('',(#6994,#6995,#6996,#6997,#6998,#6999,#7000,#7001,#7002,
#7003,#7004,#7005,#7006,#7007,#7008,#7009));
#1160=EDGE_LOOP('',(#7010,#7011,#7012,#7013,#7014,#7015,#7016,#7017,#7018,
#7019,#7020,#7021,#7022,#7023,#7024,#7025));
#1161=EDGE_LOOP('',(#7026,#7027,#7028,#7029,#7030,#7031,#7032,#7033,#7034,
#7035,#7036,#7037,#7038,#7039,#7040,#7041));
#1162=EDGE_LOOP('',(#7042,#7043,#7044,#7045,#7046,#7047,#7048,#7049,#7050,
#7051,#7052,#7053,#7054,#7055,#7056,#7057));
#1163=EDGE_LOOP('',(#7058,#7059,#7060,#7061,#7062,#7063,#7064,#7065,#7066,
#7067,#7068,#7069,#7070,#7071,#7072,#7073));
#1164=EDGE_LOOP('',(#7074,#7075,#7076,#7077,#7078,#7079,#7080,#7081,#7082,
#7083,#7084,#7085,#7086,#7087,#7088,#7089));
#1165=EDGE_LOOP('',(#7090,#7091,#7092,#7093));
#1166=EDGE_LOOP('',(#7094,#7095,#7096,#7097));
#1167=EDGE_LOOP('',(#7098,#7099,#7100,#7101));
#1168=EDGE_LOOP('',(#7102,#7103,#7104,#7105));
#1169=EDGE_LOOP('',(#7106,#7107,#7108,#7109));
#1170=EDGE_LOOP('',(#7110,#7111,#7112,#7113));
#1171=EDGE_LOOP('',(#7114,#7115,#7116,#7117));
#1172=EDGE_LOOP('',(#7118,#7119,#7120,#7121));
#1173=EDGE_LOOP('',(#7122,#7123,#7124,#7125));
#1174=EDGE_LOOP('',(#7126,#7127,#7128,#7129));
#1175=EDGE_LOOP('',(#7130,#7131,#7132,#7133));
#1176=EDGE_LOOP('',(#7134,#7135,#7136,#7137));
#1177=EDGE_LOOP('',(#7138,#7139,#7140,#7141));
#1178=EDGE_LOOP('',(#7142,#7143,#7144,#7145));
#1179=EDGE_LOOP('',(#7146,#7147,#7148,#7149));
#1180=EDGE_LOOP('',(#7150,#7151,#7152,#7153));
#1181=EDGE_LOOP('',(#7154,#7155,#7156,#7157));
#1182=EDGE_LOOP('',(#7158,#7159,#7160,#7161));
#1183=EDGE_LOOP('',(#7162,#7163,#7164,#7165));
#1184=EDGE_LOOP('',(#7166,#7167,#7168,#7169));
#1185=EDGE_LOOP('',(#7170,#7171,#7172,#7173));
#1186=EDGE_LOOP('',(#7174,#7175,#7176,#7177));
#1187=EDGE_LOOP('',(#7178,#7179,#7180,#7181));
#1188=EDGE_LOOP('',(#7182,#7183,#7184,#7185));
#1189=EDGE_LOOP('',(#7186,#7187,#7188,#7189));
#1190=EDGE_LOOP('',(#7190,#7191,#7192,#7193));
#1191=EDGE_LOOP('',(#7194,#7195,#7196,#7197));
#1192=EDGE_LOOP('',(#7198,#7199,#7200,#7201));
#1193=EDGE_LOOP('',(#7202,#7203,#7204,#7205));
#1194=EDGE_LOOP('',(#7206,#7207,#7208,#7209));
#1195=EDGE_LOOP('',(#7210,#7211,#7212,#7213));
#1196=EDGE_LOOP('',(#7214,#7215,#7216,#7217));
#1197=EDGE_LOOP('',(#7218,#7219,#7220,#7221));
#1198=EDGE_LOOP('',(#7222,#7223,#7224,#7225));
#1199=EDGE_LOOP('',(#7226,#7227,#7228,#7229));
#1200=EDGE_LOOP('',(#7230,#7231,#7232,#7233));
#1201=EDGE_LOOP('',(#7234,#7235,#7236,#7237));
#1202=EDGE_LOOP('',(#7238,#7239,#7240,#7241));
#1203=EDGE_LOOP('',(#7242,#7243,#7244,#7245));
#1204=EDGE_LOOP('',(#7246,#7247,#7248,#7249));
#1205=EDGE_LOOP('',(#7250,#7251,#7252,#7253));
#1206=EDGE_LOOP('',(#7254,#7255,#7256,#7257));
#1207=EDGE_LOOP('',(#7258,#7259,#7260,#7261));
#1208=EDGE_LOOP('',(#7262,#7263,#7264,#7265));
#1209=EDGE_LOOP('',(#7266,#7267,#7268,#7269));
#1210=EDGE_LOOP('',(#7270,#7271,#7272,#7273));
#1211=EDGE_LOOP('',(#7274,#7275,#7276,#7277));
#1212=EDGE_LOOP('',(#7278,#7279,#7280,#7281));
#1213=EDGE_LOOP('',(#7282,#7283,#7284,#7285));
#1214=EDGE_LOOP('',(#7286,#7287,#7288,#7289));
#1215=EDGE_LOOP('',(#7290,#7291,#7292,#7293));
#1216=EDGE_LOOP('',(#7294,#7295,#7296,#7297));
#1217=EDGE_LOOP('',(#7298,#7299,#7300,#7301));
#1218=EDGE_LOOP('',(#7302,#7303,#7304,#7305));
#1219=EDGE_LOOP('',(#7306,#7307,#7308,#7309));
#1220=EDGE_LOOP('',(#7310,#7311,#7312,#7313));
#1221=EDGE_LOOP('',(#7314,#7315,#7316,#7317));
#1222=EDGE_LOOP('',(#7318,#7319,#7320,#7321));
#1223=EDGE_LOOP('',(#7322,#7323,#7324,#7325));
#1224=EDGE_LOOP('',(#7326,#7327,#7328,#7329));
#1225=EDGE_LOOP('',(#7330,#7331,#7332,#7333));
#1226=EDGE_LOOP('',(#7334,#7335,#7336,#7337));
#1227=EDGE_LOOP('',(#7338,#7339,#7340,#7341));
#1228=EDGE_LOOP('',(#7342,#7343,#7344,#7345));
#1229=EDGE_LOOP('',(#7346,#7347,#7348,#7349));
#1230=EDGE_LOOP('',(#7350,#7351,#7352,#7353));
#1231=EDGE_LOOP('',(#7354,#7355,#7356,#7357));
#1232=EDGE_LOOP('',(#7358,#7359,#7360,#7361));
#1233=EDGE_LOOP('',(#7362,#7363,#7364,#7365));
#1234=EDGE_LOOP('',(#7366,#7367,#7368,#7369));
#1235=EDGE_LOOP('',(#7370,#7371,#7372,#7373));
#1236=EDGE_LOOP('',(#7374,#7375,#7376,#7377));
#1237=EDGE_LOOP('',(#7378,#7379,#7380,#7381));
#1238=EDGE_LOOP('',(#7382,#7383,#7384,#7385));
#1239=EDGE_LOOP('',(#7386,#7387,#7388,#7389));
#1240=EDGE_LOOP('',(#7390,#7391,#7392,#7393));
#1241=EDGE_LOOP('',(#7394,#7395,#7396,#7397));
#1242=EDGE_LOOP('',(#7398,#7399,#7400,#7401));
#1243=EDGE_LOOP('',(#7402,#7403,#7404,#7405));
#1244=EDGE_LOOP('',(#7406,#7407,#7408,#7409));
#1245=EDGE_LOOP('',(#7410,#7411,#7412,#7413));
#1246=EDGE_LOOP('',(#7414,#7415,#7416,#7417));
#1247=EDGE_LOOP('',(#7418,#7419,#7420,#7421));
#1248=EDGE_LOOP('',(#7422,#7423,#7424,#7425));
#1249=EDGE_LOOP('',(#7426,#7427,#7428,#7429));
#1250=EDGE_LOOP('',(#7430,#7431,#7432,#7433));
#1251=EDGE_LOOP('',(#7434,#7435,#7436,#7437));
#1252=EDGE_LOOP('',(#7438,#7439,#7440,#7441));
#1253=EDGE_LOOP('',(#7442,#7443,#7444,#7445));
#1254=EDGE_LOOP('',(#7446,#7447,#7448,#7449));
#1255=EDGE_LOOP('',(#7450,#7451,#7452,#7453));
#1256=EDGE_LOOP('',(#7454,#7455,#7456,#7457));
#1257=EDGE_LOOP('',(#7458,#7459,#7460,#7461));
#1258=EDGE_LOOP('',(#7462,#7463,#7464,#7465));
#1259=EDGE_LOOP('',(#7466,#7467,#7468,#7469));
#1260=EDGE_LOOP('',(#7470,#7471,#7472,#7473));
#1261=EDGE_LOOP('',(#7474,#7475,#7476,#7477));
#1262=EDGE_LOOP('',(#7478,#7479,#7480,#7481));
#1263=EDGE_LOOP('',(#7482,#7483,#7484,#7485));
#1264=EDGE_LOOP('',(#7486,#7487,#7488,#7489));
#1265=EDGE_LOOP('',(#7490,#7491,#7492,#7493));
#1266=EDGE_LOOP('',(#7494,#7495,#7496,#7497));
#1267=EDGE_LOOP('',(#7498,#7499,#7500,#7501));
#1268=EDGE_LOOP('',(#7502,#7503,#7504,#7505));
#1269=EDGE_LOOP('',(#7506,#7507,#7508,#7509));
#1270=EDGE_LOOP('',(#7510,#7511,#7512,#7513));
#1271=EDGE_LOOP('',(#7514,#7515,#7516,#7517));
#1272=EDGE_LOOP('',(#7518,#7519,#7520,#7521));
#1273=EDGE_LOOP('',(#7522,#7523,#7524,#7525));
#1274=EDGE_LOOP('',(#7526,#7527,#7528,#7529));
#1275=EDGE_LOOP('',(#7530,#7531,#7532,#7533));
#1276=EDGE_LOOP('',(#7534,#7535,#7536,#7537));
#1277=EDGE_LOOP('',(#7538,#7539,#7540,#7541));
#1278=EDGE_LOOP('',(#7542,#7543,#7544,#7545));
#1279=EDGE_LOOP('',(#7546,#7547,#7548,#7549));
#1280=EDGE_LOOP('',(#7550,#7551,#7552,#7553));
#1281=EDGE_LOOP('',(#7554,#7555,#7556,#7557));
#1282=EDGE_LOOP('',(#7558,#7559,#7560,#7561));
#1283=EDGE_LOOP('',(#7562,#7563,#7564,#7565));
#1284=EDGE_LOOP('',(#7566,#7567,#7568,#7569));
#1285=EDGE_LOOP('',(#7570,#7571,#7572,#7573));
#1286=EDGE_LOOP('',(#7574,#7575,#7576,#7577));
#1287=EDGE_LOOP('',(#7578,#7579,#7580,#7581));
#1288=EDGE_LOOP('',(#7582,#7583,#7584,#7585));
#1289=EDGE_LOOP('',(#7586,#7587,#7588,#7589));
#1290=EDGE_LOOP('',(#7590,#7591,#7592,#7593));
#1291=EDGE_LOOP('',(#7594,#7595,#7596,#7597));
#1292=EDGE_LOOP('',(#7598,#7599,#7600,#7601));
#1293=EDGE_LOOP('',(#7602,#7603,#7604,#7605));
#1294=EDGE_LOOP('',(#7606,#7607,#7608,#7609));
#1295=EDGE_LOOP('',(#7610,#7611,#7612,#7613));
#1296=EDGE_LOOP('',(#7614,#7615,#7616,#7617));
#1297=EDGE_LOOP('',(#7618,#7619,#7620,#7621));
#1298=EDGE_LOOP('',(#7622,#7623,#7624,#7625));
#1299=EDGE_LOOP('',(#7626,#7627,#7628,#7629));
#1300=EDGE_LOOP('',(#7630,#7631,#7632,#7633));
#1301=EDGE_LOOP('',(#7634,#7635,#7636,#7637));
#1302=EDGE_LOOP('',(#7638,#7639,#7640,#7641));
#1303=EDGE_LOOP('',(#7642,#7643,#7644,#7645));
#1304=EDGE_LOOP('',(#7646,#7647,#7648,#7649));
#1305=EDGE_LOOP('',(#7650,#7651,#7652,#7653));
#1306=EDGE_LOOP('',(#7654,#7655,#7656,#7657));
#1307=EDGE_LOOP('',(#7658,#7659,#7660,#7661));
#1308=EDGE_LOOP('',(#7662,#7663,#7664,#7665));
#1309=EDGE_LOOP('',(#7666,#7667,#7668,#7669));
#1310=EDGE_LOOP('',(#7670,#7671,#7672,#7673));
#1311=EDGE_LOOP('',(#7674,#7675,#7676,#7677));
#1312=EDGE_LOOP('',(#7678,#7679,#7680,#7681));
#1313=EDGE_LOOP('',(#7682,#7683,#7684,#7685));
#1314=EDGE_LOOP('',(#7686,#7687,#7688,#7689));
#1315=EDGE_LOOP('',(#7690,#7691,#7692,#7693));
#1316=EDGE_LOOP('',(#7694,#7695,#7696,#7697));
#1317=EDGE_LOOP('',(#7698,#7699,#7700,#7701));
#1318=EDGE_LOOP('',(#7702,#7703,#7704,#7705));
#1319=EDGE_LOOP('',(#7706,#7707,#7708,#7709));
#1320=EDGE_LOOP('',(#7710,#7711,#7712,#7713));
#1321=EDGE_LOOP('',(#7714,#7715,#7716,#7717));
#1322=EDGE_LOOP('',(#7718,#7719,#7720,#7721));
#1323=EDGE_LOOP('',(#7722,#7723,#7724,#7725));
#1324=EDGE_LOOP('',(#7726,#7727,#7728,#7729));
#1325=EDGE_LOOP('',(#7730,#7731,#7732,#7733));
#1326=EDGE_LOOP('',(#7734,#7735,#7736,#7737));
#1327=EDGE_LOOP('',(#7738,#7739,#7740,#7741));
#1328=EDGE_LOOP('',(#7742,#7743,#7744,#7745));
#1329=EDGE_LOOP('',(#7746,#7747,#7748,#7749));
#1330=EDGE_LOOP('',(#7750,#7751,#7752,#7753));
#1331=EDGE_LOOP('',(#7754,#7755,#7756,#7757));
#1332=EDGE_LOOP('',(#7758,#7759,#7760,#7761));
#1333=EDGE_LOOP('',(#7762,#7763,#7764,#7765));
#1334=EDGE_LOOP('',(#7766,#7767,#7768,#7769));
#1335=EDGE_LOOP('',(#7770,#7771,#7772,#7773));
#1336=EDGE_LOOP('',(#7774,#7775,#7776,#7777));
#1337=EDGE_LOOP('',(#7778,#7779,#7780,#7781));
#1338=EDGE_LOOP('',(#7782,#7783,#7784,#7785));
#1339=EDGE_LOOP('',(#7786,#7787,#7788,#7789));
#1340=EDGE_LOOP('',(#7790,#7791,#7792,#7793));
#1341=EDGE_LOOP('',(#7794,#7795,#7796,#7797));
#1342=EDGE_LOOP('',(#7798,#7799,#7800,#7801));
#1343=EDGE_LOOP('',(#7802,#7803,#7804,#7805));
#1344=EDGE_LOOP('',(#7806,#7807,#7808,#7809));
#1345=EDGE_LOOP('',(#7810,#7811,#7812,#7813));
#1346=EDGE_LOOP('',(#7814,#7815,#7816,#7817));
#1347=EDGE_LOOP('',(#7818,#7819,#7820,#7821));
#1348=EDGE_LOOP('',(#7822,#7823,#7824,#7825));
#1349=EDGE_LOOP('',(#7826,#7827,#7828,#7829));
#1350=EDGE_LOOP('',(#7830,#7831,#7832,#7833));
#1351=EDGE_LOOP('',(#7834,#7835,#7836,#7837));
#1352=EDGE_LOOP('',(#7838,#7839,#7840,#7841));
#1353=EDGE_LOOP('',(#7842,#7843,#7844,#7845));
#1354=EDGE_LOOP('',(#7846,#7847,#7848,#7849));
#1355=EDGE_LOOP('',(#7850,#7851,#7852,#7853));
#1356=EDGE_LOOP('',(#7854,#7855,#7856,#7857));
#1357=EDGE_LOOP('',(#7858,#7859,#7860,#7861));
#1358=EDGE_LOOP('',(#7862,#7863,#7864,#7865));
#1359=EDGE_LOOP('',(#7866,#7867,#7868,#7869));
#1360=EDGE_LOOP('',(#7870,#7871,#7872,#7873));
#1361=EDGE_LOOP('',(#7874,#7875,#7876,#7877));
#1362=EDGE_LOOP('',(#7878,#7879,#7880,#7881));
#1363=EDGE_LOOP('',(#7882,#7883,#7884,#7885));
#1364=EDGE_LOOP('',(#7886,#7887,#7888,#7889));
#1365=EDGE_LOOP('',(#7890,#7891,#7892,#7893));
#1366=EDGE_LOOP('',(#7894,#7895,#7896,#7897));
#1367=EDGE_LOOP('',(#7898,#7899,#7900,#7901));
#1368=EDGE_LOOP('',(#7902,#7903,#7904,#7905));
#1369=EDGE_LOOP('',(#7906,#7907,#7908,#7909));
#1370=EDGE_LOOP('',(#7910,#7911,#7912,#7913));
#1371=EDGE_LOOP('',(#7914,#7915,#7916,#7917));
#1372=EDGE_LOOP('',(#7918,#7919,#7920,#7921));
#1373=EDGE_LOOP('',(#7922,#7923,#7924,#7925));
#1374=EDGE_LOOP('',(#7926,#7927,#7928,#7929));
#1375=EDGE_LOOP('',(#7930,#7931,#7932,#7933));
#1376=EDGE_LOOP('',(#7934,#7935,#7936,#7937));
#1377=EDGE_LOOP('',(#7938,#7939,#7940,#7941));
#1378=EDGE_LOOP('',(#7942,#7943,#7944,#7945));
#1379=EDGE_LOOP('',(#7946,#7947,#7948,#7949));
#1380=EDGE_LOOP('',(#7950,#7951,#7952,#7953));
#1381=EDGE_LOOP('',(#7954,#7955,#7956,#7957));
#1382=EDGE_LOOP('',(#7958,#7959,#7960,#7961));
#1383=EDGE_LOOP('',(#7962,#7963,#7964,#7965));
#1384=EDGE_LOOP('',(#7966,#7967,#7968,#7969));
#1385=EDGE_LOOP('',(#7970,#7971,#7972,#7973));
#1386=EDGE_LOOP('',(#7974,#7975,#7976,#7977));
#1387=EDGE_LOOP('',(#7978,#7979,#7980,#7981));
#1388=EDGE_LOOP('',(#7982,#7983,#7984,#7985));
#1389=EDGE_LOOP('',(#7986,#7987,#7988,#7989));
#1390=EDGE_LOOP('',(#7990,#7991,#7992,#7993));
#1391=EDGE_LOOP('',(#7994,#7995,#7996,#7997));
#1392=EDGE_LOOP('',(#7998,#7999,#8000,#8001));
#1393=EDGE_LOOP('',(#8002,#8003,#8004,#8005));
#1394=EDGE_LOOP('',(#8006,#8007,#8008,#8009));
#1395=EDGE_LOOP('',(#8010,#8011,#8012,#8013));
#1396=EDGE_LOOP('',(#8014,#8015,#8016,#8017));
#1397=EDGE_LOOP('',(#8018,#8019,#8020,#8021));
#1398=EDGE_LOOP('',(#8022,#8023,#8024,#8025));
#1399=EDGE_LOOP('',(#8026,#8027,#8028,#8029));
#1400=EDGE_LOOP('',(#8030,#8031,#8032,#8033));
#1401=EDGE_LOOP('',(#8034,#8035,#8036,#8037));
#1402=EDGE_LOOP('',(#8038,#8039,#8040,#8041));
#1403=EDGE_LOOP('',(#8042,#8043,#8044,#8045));
#1404=EDGE_LOOP('',(#8046,#8047,#8048,#8049));
#1405=EDGE_LOOP('',(#8050,#8051,#8052,#8053));
#1406=EDGE_LOOP('',(#8054,#8055,#8056,#8057));
#1407=EDGE_LOOP('',(#8058,#8059,#8060,#8061));
#1408=EDGE_LOOP('',(#8062,#8063,#8064,#8065));
#1409=EDGE_LOOP('',(#8066,#8067,#8068,#8069));
#1410=EDGE_LOOP('',(#8070,#8071,#8072,#8073));
#1411=EDGE_LOOP('',(#8074,#8075,#8076,#8077));
#1412=EDGE_LOOP('',(#8078,#8079,#8080,#8081));
#1413=EDGE_LOOP('',(#8082,#8083,#8084,#8085));
#1414=EDGE_LOOP('',(#8086,#8087,#8088,#8089));
#1415=EDGE_LOOP('',(#8090,#8091,#8092,#8093));
#1416=EDGE_LOOP('',(#8094,#8095,#8096,#8097));
#1417=EDGE_LOOP('',(#8098,#8099,#8100,#8101));
#1418=EDGE_LOOP('',(#8102,#8103,#8104,#8105));
#1419=EDGE_LOOP('',(#8106,#8107,#8108,#8109));
#1420=EDGE_LOOP('',(#8110,#8111,#8112,#8113));
#1421=EDGE_LOOP('',(#8114,#8115,#8116,#8117));
#1422=EDGE_LOOP('',(#8118,#8119,#8120,#8121));
#1423=EDGE_LOOP('',(#8122,#8123,#8124,#8125));
#1424=EDGE_LOOP('',(#8126,#8127,#8128,#8129));
#1425=EDGE_LOOP('',(#8130,#8131,#8132,#8133));
#1426=EDGE_LOOP('',(#8134,#8135,#8136,#8137));
#1427=EDGE_LOOP('',(#8138,#8139,#8140,#8141));
#1428=EDGE_LOOP('',(#8142,#8143,#8144,#8145));
#1429=EDGE_LOOP('',(#8146,#8147,#8148,#8149));
#1430=EDGE_LOOP('',(#8150,#8151,#8152,#8153));
#1431=EDGE_LOOP('',(#8154,#8155,#8156,#8157));
#1432=EDGE_LOOP('',(#8158,#8159,#8160,#8161));
#1433=EDGE_LOOP('',(#8162,#8163,#8164,#8165));
#1434=EDGE_LOOP('',(#8166,#8167,#8168,#8169));
#1435=EDGE_LOOP('',(#8170,#8171,#8172,#8173));
#1436=EDGE_LOOP('',(#8174,#8175,#8176,#8177));
#1437=EDGE_LOOP('',(#8178,#8179,#8180,#8181));
#1438=EDGE_LOOP('',(#8182,#8183,#8184,#8185));
#1439=EDGE_LOOP('',(#8186,#8187,#8188,#8189));
#1440=EDGE_LOOP('',(#8190,#8191,#8192,#8193));
#1441=EDGE_LOOP('',(#8194,#8195,#8196,#8197));
#1442=EDGE_LOOP('',(#8198,#8199,#8200,#8201));
#1443=EDGE_LOOP('',(#8202,#8203,#8204,#8205));
#1444=EDGE_LOOP('',(#8206,#8207,#8208,#8209));
#1445=EDGE_LOOP('',(#8210,#8211,#8212,#8213));
#1446=EDGE_LOOP('',(#8214,#8215,#8216,#8217));
#1447=EDGE_LOOP('',(#8218,#8219,#8220,#8221));
#1448=EDGE_LOOP('',(#8222,#8223,#8224,#8225));
#1449=EDGE_LOOP('',(#8226,#8227,#8228,#8229));
#1450=EDGE_LOOP('',(#8230,#8231,#8232,#8233));
#1451=EDGE_LOOP('',(#8234,#8235,#8236,#8237));
#1452=EDGE_LOOP('',(#8238,#8239,#8240,#8241));
#1453=EDGE_LOOP('',(#8242,#8243,#8244,#8245));
#1454=EDGE_LOOP('',(#8246,#8247,#8248,#8249));
#1455=EDGE_LOOP('',(#8250,#8251,#8252,#8253));
#1456=EDGE_LOOP('',(#8254,#8255,#8256,#8257));
#1457=EDGE_LOOP('',(#8258,#8259,#8260,#8261));
#1458=EDGE_LOOP('',(#8262,#8263,#8264,#8265));
#1459=EDGE_LOOP('',(#8266,#8267,#8268,#8269));
#1460=EDGE_LOOP('',(#8270,#8271,#8272,#8273));
#1461=EDGE_LOOP('',(#8274,#8275,#8276,#8277));
#1462=EDGE_LOOP('',(#8278,#8279,#8280,#8281));
#1463=EDGE_LOOP('',(#8282,#8283,#8284,#8285));
#1464=EDGE_LOOP('',(#8286,#8287,#8288,#8289));
#1465=EDGE_LOOP('',(#8290,#8291,#8292,#8293));
#1466=EDGE_LOOP('',(#8294,#8295,#8296,#8297));
#1467=EDGE_LOOP('',(#8298,#8299,#8300,#8301));
#1468=EDGE_LOOP('',(#8302,#8303,#8304,#8305));
#1469=EDGE_LOOP('',(#8306,#8307,#8308,#8309));
#1470=EDGE_LOOP('',(#8310,#8311,#8312,#8313));
#1471=EDGE_LOOP('',(#8314,#8315,#8316,#8317));
#1472=EDGE_LOOP('',(#8318,#8319,#8320,#8321));
#1473=EDGE_LOOP('',(#8322,#8323,#8324,#8325));
#1474=EDGE_LOOP('',(#8326,#8327,#8328,#8329));
#1475=EDGE_LOOP('',(#8330,#8331,#8332,#8333));
#1476=EDGE_LOOP('',(#8334,#8335,#8336,#8337));
#1477=EDGE_LOOP('',(#8338,#8339,#8340,#8341));
#1478=EDGE_LOOP('',(#8342,#8343,#8344,#8345));
#1479=EDGE_LOOP('',(#8346,#8347,#8348,#8349));
#1480=EDGE_LOOP('',(#8350,#8351,#8352,#8353));
#1481=EDGE_LOOP('',(#8354,#8355,#8356,#8357));
#1482=EDGE_LOOP('',(#8358,#8359,#8360,#8361));
#1483=EDGE_LOOP('',(#8362,#8363,#8364,#8365));
#1484=EDGE_LOOP('',(#8366,#8367,#8368,#8369));
#1485=EDGE_LOOP('',(#8370,#8371,#8372,#8373));
#1486=EDGE_LOOP('',(#8374,#8375,#8376,#8377));
#1487=EDGE_LOOP('',(#8378,#8379,#8380,#8381));
#1488=EDGE_LOOP('',(#8382,#8383,#8384,#8385));
#1489=EDGE_LOOP('',(#8386,#8387,#8388,#8389));
#1490=EDGE_LOOP('',(#8390,#8391,#8392,#8393));
#1491=EDGE_LOOP('',(#8394,#8395,#8396,#8397));
#1492=EDGE_LOOP('',(#8398,#8399,#8400,#8401));
#1493=EDGE_LOOP('',(#8402,#8403,#8404,#8405));
#1494=EDGE_LOOP('',(#8406,#8407,#8408,#8409));
#1495=EDGE_LOOP('',(#8410,#8411,#8412,#8413));
#1496=EDGE_LOOP('',(#8414,#8415,#8416,#8417));
#1497=EDGE_LOOP('',(#8418,#8419,#8420,#8421));
#1498=EDGE_LOOP('',(#8422,#8423,#8424,#8425));
#1499=EDGE_LOOP('',(#8426,#8427,#8428,#8429));
#1500=EDGE_LOOP('',(#8430,#8431,#8432,#8433));
#1501=EDGE_LOOP('',(#8434,#8435,#8436,#8437));
#1502=EDGE_LOOP('',(#8438,#8439,#8440,#8441));
#1503=EDGE_LOOP('',(#8442,#8443,#8444,#8445));
#1504=EDGE_LOOP('',(#8446,#8447,#8448,#8449));
#1505=EDGE_LOOP('',(#8450,#8451,#8452,#8453));
#1506=EDGE_LOOP('',(#8454,#8455,#8456,#8457));
#1507=EDGE_LOOP('',(#8458,#8459,#8460,#8461));
#1508=EDGE_LOOP('',(#8462,#8463,#8464,#8465));
#1509=EDGE_LOOP('',(#8466,#8467,#8468,#8469));
#1510=EDGE_LOOP('',(#8470,#8471,#8472,#8473));
#1511=EDGE_LOOP('',(#8474,#8475,#8476,#8477));
#1512=EDGE_LOOP('',(#8478,#8479,#8480,#8481));
#1513=EDGE_LOOP('',(#8482,#8483,#8484,#8485));
#1514=EDGE_LOOP('',(#8486,#8487,#8488,#8489));
#1515=EDGE_LOOP('',(#8490,#8491,#8492,#8493));
#1516=EDGE_LOOP('',(#8494,#8495,#8496,#8497));
#1517=EDGE_LOOP('',(#8498,#8499,#8500,#8501));
#1518=EDGE_LOOP('',(#8502,#8503,#8504,#8505));
#1519=EDGE_LOOP('',(#8506,#8507,#8508,#8509));
#1520=EDGE_LOOP('',(#8510,#8511,#8512,#8513));
#1521=EDGE_LOOP('',(#8514,#8515,#8516,#8517));
#1522=EDGE_LOOP('',(#8518,#8519,#8520,#8521));
#1523=EDGE_LOOP('',(#8522,#8523,#8524,#8525));
#1524=EDGE_LOOP('',(#8526,#8527,#8528,#8529));
#1525=EDGE_LOOP('',(#8530,#8531,#8532,#8533));
#1526=EDGE_LOOP('',(#8534,#8535,#8536,#8537));
#1527=EDGE_LOOP('',(#8538,#8539,#8540,#8541));
#1528=EDGE_LOOP('',(#8542,#8543,#8544,#8545,#8546,#8547,#8548,#8549));
#1529=EDGE_LOOP('',(#8550,#8551,#8552,#8553,#8554,#8555,#8556,#8557,#8558,
#8559,#8560,#8561,#8562,#8563,#8564,#8565,#8566,#8567,#8568,#8569,#8570,
#8571,#8572,#8573,#8574,#8575,#8576,#8577,#8578,#8579,#8580,#8581,#8582,
#8583,#8584,#8585,#8586,#8587,#8588,#8589,#8590,#8591,#8592,#8593,#8594,
#8595,#8596,#8597,#8598,#8599,#8600,#8601,#8602,#8603,#8604,#8605,#8606,
#8607,#8608,#8609,#8610,#8611,#8612,#8613,#8614,#8615));
#1530=EDGE_LOOP('',(#8616));
#1531=EDGE_LOOP('',(#8617));
#1532=EDGE_LOOP('',(#8618));
#1533=EDGE_LOOP('',(#8619));
#1534=EDGE_LOOP('',(#8620,#8621,#8622));
#1535=EDGE_LOOP('',(#8623,#8624,#8625,#8626));
#1536=EDGE_LOOP('',(#8627,#8628,#8629,#8630));
#1537=EDGE_LOOP('',(#8631,#8632,#8633,#8634));
#1538=EDGE_LOOP('',(#8635,#8636,#8637,#8638));
#1539=EDGE_LOOP('',(#8639));
#1540=EDGE_LOOP('',(#8640,#8641,#8642,#8643,#8644,#8645,#8646,#8647,#8648,
#8649,#8650,#8651,#8652,#8653,#8654,#8655,#8656,#8657,#8658,#8659,#8660,
#8661,#8662,#8663,#8664,#8665,#8666,#8667,#8668,#8669,#8670,#8671));
#1541=EDGE_LOOP('',(#8672,#8673,#8674,#8675,#8676,#8677,#8678,#8679,#8680,
#8681,#8682,#8683,#8684,#8685,#8686,#8687));
#1542=EDGE_LOOP('',(#8688,#8689,#8690,#8691,#8692,#8693,#8694,#8695,#8696,
#8697,#8698,#8699,#8700,#8701,#8702,#8703));
#1543=EDGE_LOOP('',(#8704,#8705,#8706,#8707,#8708,#8709,#8710,#8711,#8712,
#8713,#8714,#8715,#8716,#8717,#8718,#8719));
#1544=EDGE_LOOP('',(#8720,#8721,#8722,#8723,#8724,#8725,#8726,#8727,#8728,
#8729,#8730,#8731,#8732,#8733,#8734,#8735));
#1545=EDGE_LOOP('',(#8736,#8737,#8738,#8739,#8740,#8741,#8742,#8743,#8744,
#8745,#8746,#8747,#8748,#8749,#8750,#8751));
#1546=EDGE_LOOP('',(#8752,#8753,#8754,#8755,#8756,#8757,#8758,#8759,#8760,
#8761,#8762,#8763,#8764,#8765,#8766,#8767));
#1547=EDGE_LOOP('',(#8768,#8769,#8770,#8771,#8772,#8773,#8774,#8775,#8776,
#8777,#8778,#8779,#8780,#8781,#8782,#8783));
#1548=EDGE_LOOP('',(#8784,#8785,#8786,#8787,#8788,#8789,#8790,#8791,#8792,
#8793,#8794,#8795,#8796,#8797,#8798,#8799));
#1549=EDGE_LOOP('',(#8800,#8801,#8802,#8803,#8804,#8805,#8806,#8807,#8808,
#8809,#8810,#8811,#8812,#8813,#8814,#8815,#8816,#8817,#8818,#8819,#8820,
#8821,#8822,#8823,#8824,#8825,#8826,#8827,#8828,#8829,#8830,#8831,#8832,
#8833,#8834,#8835));
#1550=EDGE_LOOP('',(#8836,#8837,#8838,#8839,#8840,#8841,#8842,#8843,#8844,
#8845,#8846,#8847,#8848,#8849,#8850,#8851));
#1551=EDGE_LOOP('',(#8852,#8853,#8854,#8855,#8856,#8857,#8858,#8859,#8860,
#8861,#8862,#8863,#8864,#8865,#8866,#8867));
#1552=EDGE_LOOP('',(#8868,#8869,#8870,#8871,#8872,#8873,#8874,#8875,#8876,
#8877,#8878,#8879,#8880,#8881,#8882,#8883));
#1553=EDGE_LOOP('',(#8884,#8885,#8886,#8887,#8888,#8889,#8890,#8891,#8892,
#8893,#8894,#8895,#8896,#8897,#8898,#8899));
#1554=EDGE_LOOP('',(#8900,#8901,#8902,#8903,#8904,#8905,#8906,#8907,#8908,
#8909,#8910,#8911,#8912,#8913,#8914,#8915));
#1555=EDGE_LOOP('',(#8916,#8917,#8918,#8919,#8920,#8921,#8922,#8923,#8924,
#8925,#8926,#8927,#8928,#8929,#8930,#8931));
#1556=EDGE_LOOP('',(#8932,#8933,#8934));
#1557=EDGE_LOOP('',(#8935,#8936,#8937,#8938));
#1558=EDGE_LOOP('',(#8939,#8940,#8941));
#1559=EDGE_LOOP('',(#8942,#8943,#8944,#8945));
#1560=EDGE_LOOP('',(#8946,#8947,#8948));
#1561=EDGE_LOOP('',(#8949,#8950,#8951,#8952));
#1562=EDGE_LOOP('',(#8953,#8954,#8955));
#1563=EDGE_LOOP('',(#8956,#8957,#8958,#8959));
#1564=EDGE_LOOP('',(#8960,#8961,#8962,#8963));
#1565=EDGE_LOOP('',(#8964,#8965,#8966,#8967));
#1566=EDGE_LOOP('',(#8968,#8969,#8970,#8971));
#1567=EDGE_LOOP('',(#8972,#8973,#8974,#8975));
#1568=EDGE_LOOP('',(#8976,#8977,#8978,#8979));
#1569=EDGE_LOOP('',(#8980,#8981,#8982,#8983));
#1570=EDGE_LOOP('',(#8984,#8985,#8986,#8987,#8988,#8989));
#1571=EDGE_LOOP('',(#8990,#8991,#8992,#8993));
#1572=EDGE_LOOP('',(#8994,#8995,#8996,#8997));
#1573=EDGE_LOOP('',(#8998,#8999,#9000,#9001,#9002,#9003));
#1574=EDGE_LOOP('',(#9004,#9005,#9006,#9007));
#1575=EDGE_LOOP('',(#9008,#9009,#9010,#9011));
#1576=EDGE_LOOP('',(#9012,#9013,#9014,#9015));
#1577=EDGE_LOOP('',(#9016,#9017,#9018,#9019));
#1578=EDGE_LOOP('',(#9020,#9021,#9022,#9023));
#1579=EDGE_LOOP('',(#9024,#9025,#9026,#9027,#9028,#9029,#9030,#9031));
#1580=EDGE_LOOP('',(#9032,#9033,#9034,#9035));
#1581=EDGE_LOOP('',(#9036,#9037,#9038,#9039));
#1582=EDGE_LOOP('',(#9040,#9041,#9042,#9043));
#1583=EDGE_LOOP('',(#9044,#9045,#9046,#9047));
#1584=EDGE_LOOP('',(#9048,#9049,#9050,#9051));
#1585=EDGE_LOOP('',(#9052,#9053,#9054,#9055));
#1586=EDGE_LOOP('',(#9056,#9057,#9058,#9059));
#1587=EDGE_LOOP('',(#9060,#9061,#9062,#9063));
#1588=EDGE_LOOP('',(#9064,#9065,#9066,#9067));
#1589=EDGE_LOOP('',(#9068,#9069,#9070,#9071,#9072,#9073,#9074,#9075));
#1590=EDGE_LOOP('',(#9076,#9077,#9078,#9079));
#1591=EDGE_LOOP('',(#9080,#9081,#9082,#9083));
#1592=EDGE_LOOP('',(#9084,#9085,#9086,#9087));
#1593=EDGE_LOOP('',(#9088,#9089,#9090,#9091));
#1594=EDGE_LOOP('',(#9092,#9093,#9094,#9095));
#1595=EDGE_LOOP('',(#9096,#9097,#9098,#9099,#9100));
#1596=EDGE_LOOP('',(#9101,#9102,#9103,#9104));
#1597=EDGE_LOOP('',(#9105,#9106,#9107,#9108));
#1598=EDGE_LOOP('',(#9109,#9110,#9111,#9112));
#1599=EDGE_LOOP('',(#9113,#9114,#9115,#9116));
#1600=EDGE_LOOP('',(#9117,#9118,#9119,#9120));
#1601=EDGE_LOOP('',(#9121,#9122,#9123,#9124));
#1602=EDGE_LOOP('',(#9125,#9126,#9127,#9128));
#1603=EDGE_LOOP('',(#9129,#9130,#9131,#9132));
#1604=EDGE_LOOP('',(#9133,#9134,#9135,#9136));
#1605=EDGE_LOOP('',(#9137,#9138,#9139,#9140));
#1606=EDGE_LOOP('',(#9141,#9142,#9143,#9144,#9145,#9146));
#1607=EDGE_LOOP('',(#9147,#9148,#9149,#9150,#9151,#9152,#9153,#9154));
#1608=EDGE_LOOP('',(#9155,#9156,#9157,#9158,#9159,#9160,#9161,#9162));
#1609=EDGE_LOOP('',(#9163,#9164,#9165,#9166));
#1610=EDGE_LOOP('',(#9167,#9168,#9169,#9170));
#1611=EDGE_LOOP('',(#9171,#9172,#9173,#9174));
#1612=EDGE_LOOP('',(#9175,#9176,#9177,#9178));
#1613=EDGE_LOOP('',(#9179,#9180,#9181,#9182));
#1614=EDGE_LOOP('',(#9183,#9184,#9185,#9186));
#1615=EDGE_LOOP('',(#9187,#9188,#9189,#9190));
#1616=EDGE_LOOP('',(#9191,#9192,#9193,#9194));
#1617=EDGE_LOOP('',(#9195,#9196,#9197,#9198));
#1618=EDGE_LOOP('',(#9199,#9200,#9201,#9202));
#1619=EDGE_LOOP('',(#9203,#9204,#9205,#9206,#9207,#9208,#9209));
#1620=EDGE_LOOP('',(#9210,#9211,#9212,#9213,#9214,#9215));
#1621=EDGE_LOOP('',(#9216,#9217,#9218,#9219));
#1622=EDGE_LOOP('',(#9220,#9221,#9222,#9223));
#1623=EDGE_LOOP('',(#9224,#9225,#9226,#9227));
#1624=EDGE_LOOP('',(#9228,#9229,#9230,#9231));
#1625=EDGE_LOOP('',(#9232,#9233,#9234,#9235));
#1626=EDGE_LOOP('',(#9236,#9237,#9238,#9239));
#1627=EDGE_LOOP('',(#9240,#9241,#9242,#9243));
#1628=EDGE_LOOP('',(#9244,#9245,#9246,#9247));
#1629=EDGE_LOOP('',(#9248,#9249,#9250,#9251));
#1630=EDGE_LOOP('',(#9252,#9253,#9254,#9255));
#1631=EDGE_LOOP('',(#9256,#9257,#9258,#9259));
#1632=EDGE_LOOP('',(#9260,#9261,#9262,#9263));
#1633=EDGE_LOOP('',(#9264,#9265,#9266,#9267));
#1634=EDGE_LOOP('',(#9268,#9269,#9270,#9271));
#1635=EDGE_LOOP('',(#9272,#9273,#9274,#9275));
#1636=EDGE_LOOP('',(#9276,#9277,#9278,#9279));
#1637=EDGE_LOOP('',(#9280,#9281,#9282,#9283));
#1638=EDGE_LOOP('',(#9284,#9285,#9286,#9287));
#1639=EDGE_LOOP('',(#9288,#9289,#9290,#9291));
#1640=EDGE_LOOP('',(#9292,#9293,#9294,#9295));
#1641=EDGE_LOOP('',(#9296,#9297,#9298,#9299));
#1642=EDGE_LOOP('',(#9300,#9301,#9302,#9303));
#1643=EDGE_LOOP('',(#9304,#9305,#9306,#9307));
#1644=EDGE_LOOP('',(#9308,#9309,#9310,#9311));
#1645=EDGE_LOOP('',(#9312,#9313,#9314,#9315));
#1646=EDGE_LOOP('',(#9316,#9317,#9318,#9319));
#1647=EDGE_LOOP('',(#9320,#9321,#9322,#9323));
#1648=EDGE_LOOP('',(#9324,#9325,#9326,#9327));
#1649=EDGE_LOOP('',(#9328,#9329,#9330,#9331));
#1650=EDGE_LOOP('',(#9332,#9333,#9334,#9335));
#1651=EDGE_LOOP('',(#9336,#9337,#9338,#9339));
#1652=EDGE_LOOP('',(#9340,#9341,#9342,#9343));
#1653=EDGE_LOOP('',(#9344,#9345,#9346,#9347));
#1654=EDGE_LOOP('',(#9348,#9349,#9350,#9351));
#1655=EDGE_LOOP('',(#9352,#9353,#9354,#9355));
#1656=EDGE_LOOP('',(#9356,#9357,#9358,#9359));
#1657=EDGE_LOOP('',(#9360,#9361,#9362,#9363));
#1658=EDGE_LOOP('',(#9364,#9365,#9366,#9367));
#1659=EDGE_LOOP('',(#9368,#9369,#9370,#9371));
#1660=EDGE_LOOP('',(#9372,#9373,#9374,#9375));
#1661=EDGE_LOOP('',(#9376,#9377,#9378,#9379));
#1662=EDGE_LOOP('',(#9380,#9381,#9382,#9383));
#1663=EDGE_LOOP('',(#9384,#9385,#9386,#9387));
#1664=EDGE_LOOP('',(#9388,#9389,#9390,#9391));
#1665=EDGE_LOOP('',(#9392,#9393,#9394,#9395));
#1666=EDGE_LOOP('',(#9396,#9397,#9398,#9399));
#1667=EDGE_LOOP('',(#9400,#9401,#9402,#9403));
#1668=EDGE_LOOP('',(#9404,#9405,#9406,#9407));
#1669=EDGE_LOOP('',(#9408,#9409,#9410,#9411));
#1670=EDGE_LOOP('',(#9412,#9413,#9414,#9415));
#1671=EDGE_LOOP('',(#9416,#9417,#9418,#9419));
#1672=EDGE_LOOP('',(#9420,#9421,#9422,#9423));
#1673=EDGE_LOOP('',(#9424,#9425,#9426,#9427));
#1674=EDGE_LOOP('',(#9428,#9429,#9430,#9431));
#1675=EDGE_LOOP('',(#9432,#9433,#9434,#9435));
#1676=EDGE_LOOP('',(#9436,#9437,#9438,#9439));
#1677=EDGE_LOOP('',(#9440,#9441,#9442,#9443));
#1678=EDGE_LOOP('',(#9444,#9445,#9446,#9447));
#1679=EDGE_LOOP('',(#9448,#9449,#9450,#9451));
#1680=EDGE_LOOP('',(#9452,#9453,#9454,#9455));
#1681=EDGE_LOOP('',(#9456,#9457,#9458,#9459));
#1682=EDGE_LOOP('',(#9460,#9461,#9462,#9463));
#1683=EDGE_LOOP('',(#9464,#9465,#9466,#9467));
#1684=EDGE_LOOP('',(#9468,#9469,#9470,#9471));
#1685=EDGE_LOOP('',(#9472,#9473,#9474,#9475));
#1686=EDGE_LOOP('',(#9476,#9477,#9478,#9479));
#1687=EDGE_LOOP('',(#9480,#9481,#9482,#9483));
#1688=EDGE_LOOP('',(#9484,#9485,#9486,#9487));
#1689=EDGE_LOOP('',(#9488,#9489,#9490,#9491));
#1690=EDGE_LOOP('',(#9492,#9493,#9494,#9495));
#1691=EDGE_LOOP('',(#9496,#9497,#9498,#9499));
#1692=EDGE_LOOP('',(#9500,#9501,#9502,#9503));
#1693=EDGE_LOOP('',(#9504,#9505,#9506,#9507));
#1694=EDGE_LOOP('',(#9508,#9509,#9510,#9511));
#1695=EDGE_LOOP('',(#9512,#9513,#9514,#9515));
#1696=EDGE_LOOP('',(#9516,#9517,#9518,#9519));
#1697=EDGE_LOOP('',(#9520,#9521,#9522,#9523));
#1698=EDGE_LOOP('',(#9524,#9525,#9526,#9527));
#1699=EDGE_LOOP('',(#9528,#9529,#9530,#9531));
#1700=EDGE_LOOP('',(#9532,#9533,#9534,#9535));
#1701=EDGE_LOOP('',(#9536,#9537,#9538,#9539));
#1702=EDGE_LOOP('',(#9540,#9541,#9542,#9543));
#1703=EDGE_LOOP('',(#9544,#9545,#9546,#9547));
#1704=EDGE_LOOP('',(#9548,#9549,#9550,#9551));
#1705=EDGE_LOOP('',(#9552,#9553,#9554,#9555));
#1706=EDGE_LOOP('',(#9556,#9557,#9558,#9559));
#1707=EDGE_LOOP('',(#9560,#9561,#9562,#9563));
#1708=EDGE_LOOP('',(#9564,#9565,#9566,#9567));
#1709=EDGE_LOOP('',(#9568,#9569,#9570,#9571));
#1710=EDGE_LOOP('',(#9572,#9573,#9574,#9575));
#1711=EDGE_LOOP('',(#9576,#9577,#9578,#9579));
#1712=EDGE_LOOP('',(#9580,#9581,#9582,#9583));
#1713=EDGE_LOOP('',(#9584,#9585,#9586,#9587));
#1714=EDGE_LOOP('',(#9588,#9589,#9590,#9591));
#1715=EDGE_LOOP('',(#9592,#9593,#9594,#9595));
#1716=EDGE_LOOP('',(#9596,#9597,#9598,#9599));
#1717=EDGE_LOOP('',(#9600,#9601,#9602,#9603));
#1718=EDGE_LOOP('',(#9604,#9605,#9606,#9607));
#1719=EDGE_LOOP('',(#9608,#9609,#9610,#9611));
#1720=EDGE_LOOP('',(#9612,#9613,#9614,#9615));
#1721=EDGE_LOOP('',(#9616,#9617,#9618,#9619));
#1722=EDGE_LOOP('',(#9620,#9621,#9622,#9623));
#1723=EDGE_LOOP('',(#9624,#9625,#9626,#9627));
#1724=EDGE_LOOP('',(#9628,#9629,#9630,#9631));
#1725=EDGE_LOOP('',(#9632,#9633,#9634,#9635));
#1726=EDGE_LOOP('',(#9636,#9637,#9638,#9639));
#1727=EDGE_LOOP('',(#9640,#9641,#9642,#9643));
#1728=EDGE_LOOP('',(#9644,#9645,#9646,#9647));
#1729=EDGE_LOOP('',(#9648,#9649,#9650,#9651,#9652,#9653,#9654,#9655));
#1730=EDGE_LOOP('',(#9656,#9657,#9658,#9659));
#1731=EDGE_LOOP('',(#9660,#9661,#9662,#9663));
#1732=EDGE_LOOP('',(#9664,#9665,#9666,#9667));
#1733=EDGE_LOOP('',(#9668,#9669,#9670,#9671));
#1734=EDGE_LOOP('',(#9672,#9673,#9674,#9675));
#1735=EDGE_LOOP('',(#9676,#9677,#9678,#9679,#9680,#9681,#9682,#9683));
#1736=EDGE_LOOP('',(#9684,#9685,#9686,#9687));
#1737=EDGE_LOOP('',(#9688,#9689,#9690,#9691));
#1738=EDGE_LOOP('',(#9692,#9693,#9694,#9695));
#1739=EDGE_LOOP('',(#9696,#9697,#9698,#9699));
#1740=EDGE_LOOP('',(#9700,#9701,#9702,#9703));
#1741=EDGE_LOOP('',(#9704,#9705,#9706,#9707));
#1742=EDGE_LOOP('',(#9708,#9709,#9710,#9711));
#1743=EDGE_LOOP('',(#9712,#9713,#9714,#9715));
#1744=EDGE_LOOP('',(#9716,#9717,#9718,#9719));
#1745=EDGE_LOOP('',(#9720,#9721,#9722,#9723));
#1746=EDGE_LOOP('',(#9724,#9725,#9726,#9727));
#1747=EDGE_LOOP('',(#9728,#9729,#9730,#9731));
#1748=EDGE_LOOP('',(#9732,#9733,#9734,#9735));
#1749=EDGE_LOOP('',(#9736,#9737,#9738,#9739));
#1750=EDGE_LOOP('',(#9740,#9741,#9742,#9743));
#1751=EDGE_LOOP('',(#9744,#9745,#9746,#9747));
#1752=EDGE_LOOP('',(#9748,#9749,#9750,#9751));
#1753=EDGE_LOOP('',(#9752,#9753,#9754,#9755));
#1754=EDGE_LOOP('',(#9756,#9757,#9758,#9759));
#1755=EDGE_LOOP('',(#9760,#9761,#9762,#9763));
#1756=EDGE_LOOP('',(#9764,#9765,#9766,#9767));
#1757=EDGE_LOOP('',(#9768,#9769,#9770,#9771));
#1758=EDGE_LOOP('',(#9772,#9773,#9774,#9775));
#1759=EDGE_LOOP('',(#9776,#9777,#9778,#9779));
#1760=LINE('',#15021,#2749);
#1761=LINE('',#15025,#2750);
#1762=LINE('',#15027,#2751);
#1763=LINE('',#15028,#2752);
#1764=LINE('',#15040,#2753);
#1765=LINE('',#15042,#2754);
#1766=LINE('',#15043,#2755);
#1767=LINE('',#15048,#2756);
#1768=LINE('',#15053,#2757);
#1769=LINE('',#15054,#2758);
#1770=LINE('',#15055,#2759);
#1771=LINE('',#15060,#2760);
#1772=LINE('',#15064,#2761);
#1773=LINE('',#15066,#2762);
#1774=LINE('',#15074,#2763);
#1775=LINE('',#15076,#2764);
#1776=LINE('',#15078,#2765);
#1777=LINE('',#15087,#2766);
#1778=LINE('',#15092,#2767);
#1779=LINE('',#15093,#2768);
#1780=LINE('',#15094,#2769);
#1781=LINE('',#15099,#2770);
#1782=LINE('',#15102,#2771);
#1783=LINE('',#15103,#2772);
#1784=LINE('',#15108,#2773);
#1785=LINE('',#15112,#2774);
#1786=LINE('',#15114,#2775);
#1787=LINE('',#15115,#2776);
#1788=LINE('',#15121,#2777);
#1789=LINE('',#15124,#2778);
#1790=LINE('',#15127,#2779);
#1791=LINE('',#15128,#2780);
#1792=LINE('',#15131,#2781);
#1793=LINE('',#15135,#2782);
#1794=LINE('',#15136,#2783);
#1795=LINE('',#15139,#2784);
#1796=LINE('',#15143,#2785);
#1797=LINE('',#15144,#2786);
#1798=LINE('',#15147,#2787);
#1799=LINE('',#15151,#2788);
#1800=LINE('',#15152,#2789);
#1801=LINE('',#15158,#2790);
#1802=LINE('',#15162,#2791);
#1803=LINE('',#15166,#2792);
#1804=LINE('',#15169,#2793);
#1805=LINE('',#15174,#2794);
#1806=LINE('',#15178,#2795);
#1807=LINE('',#15182,#2796);
#1808=LINE('',#15186,#2797);
#1809=LINE('',#15190,#2798);
#1810=LINE('',#15194,#2799);
#1811=LINE('',#15198,#2800);
#1812=LINE('',#15201,#2801);
#1813=LINE('',#15206,#2802);
#1814=LINE('',#15210,#2803);
#1815=LINE('',#15214,#2804);
#1816=LINE('',#15218,#2805);
#1817=LINE('',#15222,#2806);
#1818=LINE('',#15226,#2807);
#1819=LINE('',#15230,#2808);
#1820=LINE('',#15233,#2809);
#1821=LINE('',#15236,#2810);
#1822=LINE('',#15240,#2811);
#1823=LINE('',#15244,#2812);
#1824=LINE('',#15248,#2813);
#1825=LINE('',#15252,#2814);
#1826=LINE('',#15256,#2815);
#1827=LINE('',#15260,#2816);
#1828=LINE('',#15264,#2817);
#1829=LINE('',#15270,#2818);
#1830=LINE('',#15274,#2819);
#1831=LINE('',#15278,#2820);
#1832=LINE('',#15282,#2821);
#1833=LINE('',#15286,#2822);
#1834=LINE('',#15290,#2823);
#1835=LINE('',#15294,#2824);
#1836=LINE('',#15297,#2825);
#1837=LINE('',#15302,#2826);
#1838=LINE('',#15306,#2827);
#1839=LINE('',#15310,#2828);
#1840=LINE('',#15314,#2829);
#1841=LINE('',#15318,#2830);
#1842=LINE('',#15322,#2831);
#1843=LINE('',#15326,#2832);
#1844=LINE('',#15329,#2833);
#1845=LINE('',#15332,#2834);
#1846=LINE('',#15336,#2835);
#1847=LINE('',#15340,#2836);
#1848=LINE('',#15344,#2837);
#1849=LINE('',#15348,#2838);
#1850=LINE('',#15352,#2839);
#1851=LINE('',#15356,#2840);
#1852=LINE('',#15360,#2841);
#1853=LINE('',#15364,#2842);
#1854=LINE('',#15368,#2843);
#1855=LINE('',#15372,#2844);
#1856=LINE('',#15376,#2845);
#1857=LINE('',#15380,#2846);
#1858=LINE('',#15384,#2847);
#1859=LINE('',#15388,#2848);
#1860=LINE('',#15392,#2849);
#1861=LINE('',#15396,#2850);
#1862=LINE('',#15400,#2851);
#1863=LINE('',#15404,#2852);
#1864=LINE('',#15408,#2853);
#1865=LINE('',#15412,#2854);
#1866=LINE('',#15416,#2855);
#1867=LINE('',#15420,#2856);
#1868=LINE('',#15424,#2857);
#1869=LINE('',#15428,#2858);
#1870=LINE('',#15432,#2859);
#1871=LINE('',#15436,#2860);
#1872=LINE('',#15440,#2861);
#1873=LINE('',#15444,#2862);
#1874=LINE('',#15448,#2863);
#1875=LINE('',#15452,#2864);
#1876=LINE('',#15456,#2865);
#1877=LINE('',#15462,#2866);
#1878=LINE('',#15466,#2867);
#1879=LINE('',#15470,#2868);
#1880=LINE('',#15474,#2869);
#1881=LINE('',#15478,#2870);
#1882=LINE('',#15482,#2871);
#1883=LINE('',#15486,#2872);
#1884=LINE('',#15489,#2873);
#1885=LINE('',#15494,#2874);
#1886=LINE('',#15498,#2875);
#1887=LINE('',#15502,#2876);
#1888=LINE('',#15506,#2877);
#1889=LINE('',#15510,#2878);
#1890=LINE('',#15514,#2879);
#1891=LINE('',#15518,#2880);
#1892=LINE('',#15521,#2881);
#1893=LINE('',#15526,#2882);
#1894=LINE('',#15530,#2883);
#1895=LINE('',#15534,#2884);
#1896=LINE('',#15538,#2885);
#1897=LINE('',#15542,#2886);
#1898=LINE('',#15546,#2887);
#1899=LINE('',#15550,#2888);
#1900=LINE('',#15553,#2889);
#1901=LINE('',#15558,#2890);
#1902=LINE('',#15562,#2891);
#1903=LINE('',#15566,#2892);
#1904=LINE('',#15570,#2893);
#1905=LINE('',#15574,#2894);
#1906=LINE('',#15578,#2895);
#1907=LINE('',#15582,#2896);
#1908=LINE('',#15585,#2897);
#1909=LINE('',#15590,#2898);
#1910=LINE('',#15594,#2899);
#1911=LINE('',#15598,#2900);
#1912=LINE('',#15602,#2901);
#1913=LINE('',#15606,#2902);
#1914=LINE('',#15610,#2903);
#1915=LINE('',#15614,#2904);
#1916=LINE('',#15617,#2905);
#1917=LINE('',#15620,#2906);
#1918=LINE('',#15624,#2907);
#1919=LINE('',#15628,#2908);
#1920=LINE('',#15632,#2909);
#1921=LINE('',#15636,#2910);
#1922=LINE('',#15640,#2911);
#1923=LINE('',#15644,#2912);
#1924=LINE('',#15648,#2913);
#1925=LINE('',#15653,#2914);
#1926=LINE('',#15654,#2915);
#1927=LINE('',#15661,#2916);
#1928=LINE('',#15665,#2917);
#1929=LINE('',#15666,#2918);
#1930=LINE('',#15687,#2919);
#1931=LINE('',#15691,#2920);
#1932=LINE('',#15692,#2921);
#1933=LINE('',#15696,#2922);
#1934=LINE('',#15699,#2923);
#1935=LINE('',#15700,#2924);
#1936=LINE('',#15704,#2925);
#1937=LINE('',#15706,#2926);
#1938=LINE('',#15709,#2927);
#1939=LINE('',#15710,#2928);
#1940=LINE('',#15721,#2929);
#1941=LINE('',#15724,#2930);
#1942=LINE('',#15725,#2931);
#1943=LINE('',#15729,#2932);
#1944=LINE('',#15731,#2933);
#1945=LINE('',#15734,#2934);
#1946=LINE('',#15736,#2935);
#1947=LINE('',#15737,#2936);
#1948=LINE('',#15740,#2937);
#1949=LINE('',#15744,#2938);
#1950=LINE('',#15745,#2939);
#1951=LINE('',#15748,#2940);
#1952=LINE('',#15752,#2941);
#1953=LINE('',#15753,#2942);
#1954=LINE('',#15756,#2943);
#1955=LINE('',#15760,#2944);
#1956=LINE('',#15761,#2945);
#1957=LINE('',#15764,#2946);
#1958=LINE('',#15779,#2947);
#1959=LINE('',#15784,#2948);
#1960=LINE('',#15785,#2949);
#1961=LINE('',#15792,#2950);
#1962=LINE('',#15796,#2951);
#1963=LINE('',#15797,#2952);
#1964=LINE('',#15808,#2953);
#1965=LINE('',#15811,#2954);
#1966=LINE('',#15812,#2955);
#1967=LINE('',#15816,#2956);
#1968=LINE('',#15819,#2957);
#1969=LINE('',#15826,#2958);
#1970=LINE('',#15827,#2959);
#1971=LINE('',#15831,#2960);
#1972=LINE('',#15834,#2961);
#1973=LINE('',#15835,#2962);
#1974=LINE('',#15839,#2963);
#1975=LINE('',#15841,#2964);
#1976=LINE('',#15844,#2965);
#1977=LINE('',#15845,#2966);
#1978=LINE('',#15850,#2967);
#1979=LINE('',#15853,#2968);
#1980=LINE('',#15856,#2969);
#1981=LINE('',#15857,#2970);
#1982=LINE('',#15860,#2971);
#1983=LINE('',#15864,#2972);
#1984=LINE('',#15865,#2973);
#1985=LINE('',#15868,#2974);
#1986=LINE('',#15872,#2975);
#1987=LINE('',#15873,#2976);
#1988=LINE('',#15876,#2977);
#1989=LINE('',#15880,#2978);
#1990=LINE('',#15881,#2979);
#1991=LINE('',#15885,#2980);
#1992=LINE('',#15886,#2981);
#1993=LINE('',#15893,#2982);
#1994=LINE('',#15897,#2983);
#1995=LINE('',#15898,#2984);
#1996=LINE('',#15919,#2985);
#1997=LINE('',#15923,#2986);
#1998=LINE('',#15924,#2987);
#1999=LINE('',#15928,#2988);
#2000=LINE('',#15931,#2989);
#2001=LINE('',#15932,#2990);
#2002=LINE('',#15936,#2991);
#2003=LINE('',#15938,#2992);
#2004=LINE('',#15941,#2993);
#2005=LINE('',#15942,#2994);
#2006=LINE('',#15953,#2995);
#2007=LINE('',#15956,#2996);
#2008=LINE('',#15957,#2997);
#2009=LINE('',#15961,#2998);
#2010=LINE('',#15963,#2999);
#2011=LINE('',#15966,#3000);
#2012=LINE('',#15968,#3001);
#2013=LINE('',#15969,#3002);
#2014=LINE('',#15972,#3003);
#2015=LINE('',#15976,#3004);
#2016=LINE('',#15977,#3005);
#2017=LINE('',#15980,#3006);
#2018=LINE('',#15984,#3007);
#2019=LINE('',#15985,#3008);
#2020=LINE('',#15988,#3009);
#2021=LINE('',#15992,#3010);
#2022=LINE('',#15993,#3011);
#2023=LINE('',#15996,#3012);
#2024=LINE('',#16001,#3013);
#2025=LINE('',#16002,#3014);
#2026=LINE('',#16009,#3015);
#2027=LINE('',#16013,#3016);
#2028=LINE('',#16014,#3017);
#2029=LINE('',#16035,#3018);
#2030=LINE('',#16039,#3019);
#2031=LINE('',#16040,#3020);
#2032=LINE('',#16044,#3021);
#2033=LINE('',#16047,#3022);
#2034=LINE('',#16048,#3023);
#2035=LINE('',#16052,#3024);
#2036=LINE('',#16054,#3025);
#2037=LINE('',#16057,#3026);
#2038=LINE('',#16058,#3027);
#2039=LINE('',#16069,#3028);
#2040=LINE('',#16072,#3029);
#2041=LINE('',#16073,#3030);
#2042=LINE('',#16077,#3031);
#2043=LINE('',#16079,#3032);
#2044=LINE('',#16082,#3033);
#2045=LINE('',#16084,#3034);
#2046=LINE('',#16085,#3035);
#2047=LINE('',#16088,#3036);
#2048=LINE('',#16092,#3037);
#2049=LINE('',#16093,#3038);
#2050=LINE('',#16096,#3039);
#2051=LINE('',#16100,#3040);
#2052=LINE('',#16101,#3041);
#2053=LINE('',#16104,#3042);
#2054=LINE('',#16108,#3043);
#2055=LINE('',#16109,#3044);
#2056=LINE('',#16112,#3045);
#2057=LINE('',#16127,#3046);
#2058=LINE('',#16131,#3047);
#2059=LINE('',#16132,#3048);
#2060=LINE('',#16143,#3049);
#2061=LINE('',#16144,#3050);
#2062=LINE('',#16152,#3051);
#2063=LINE('',#16155,#3052);
#2064=LINE('',#16156,#3053);
#2065=LINE('',#16160,#3054);
#2066=LINE('',#16162,#3055);
#2067=LINE('',#16165,#3056);
#2068=LINE('',#16169,#3057);
#2069=LINE('',#16170,#3058);
#2070=LINE('',#16180,#3059);
#2071=LINE('',#16181,#3060);
#2072=LINE('',#16185,#3061);
#2073=LINE('',#16188,#3062);
#2074=LINE('',#16189,#3063);
#2075=LINE('',#16193,#3064);
#2076=LINE('',#16195,#3065);
#2077=LINE('',#16198,#3066);
#2078=LINE('',#16201,#3067);
#2079=LINE('',#16204,#3068);
#2080=LINE('',#16205,#3069);
#2081=LINE('',#16208,#3070);
#2082=LINE('',#16212,#3071);
#2083=LINE('',#16213,#3072);
#2084=LINE('',#16216,#3073);
#2085=LINE('',#16220,#3074);
#2086=LINE('',#16221,#3075);
#2087=LINE('',#16224,#3076);
#2088=LINE('',#16228,#3077);
#2089=LINE('',#16229,#3078);
#2090=LINE('',#16243,#3079);
#2091=LINE('',#16258,#3080);
#2092=LINE('',#16262,#3081);
#2093=LINE('',#16263,#3082);
#2094=LINE('',#16273,#3083);
#2095=LINE('',#16274,#3084);
#2096=LINE('',#16278,#3085);
#2097=LINE('',#16281,#3086);
#2098=LINE('',#16282,#3087);
#2099=LINE('',#16286,#3088);
#2100=LINE('',#16289,#3089);
#2101=LINE('',#16296,#3090);
#2102=LINE('',#16297,#3091);
#2103=LINE('',#16301,#3092);
#2104=LINE('',#16304,#3093);
#2105=LINE('',#16305,#3094);
#2106=LINE('',#16309,#3095);
#2107=LINE('',#16311,#3096);
#2108=LINE('',#16314,#3097);
#2109=LINE('',#16315,#3098);
#2110=LINE('',#16320,#3099);
#2111=LINE('',#16322,#3100);
#2112=LINE('',#16323,#3101);
#2113=LINE('',#16326,#3102);
#2114=LINE('',#16330,#3103);
#2115=LINE('',#16331,#3104);
#2116=LINE('',#16334,#3105);
#2117=LINE('',#16338,#3106);
#2118=LINE('',#16339,#3107);
#2119=LINE('',#16342,#3108);
#2120=LINE('',#16346,#3109);
#2121=LINE('',#16347,#3110);
#2122=LINE('',#16350,#3111);
#2123=LINE('',#16365,#3112);
#2124=LINE('',#16380,#3113);
#2125=LINE('',#16384,#3114);
#2126=LINE('',#16385,#3115);
#2127=LINE('',#16395,#3116);
#2128=LINE('',#16396,#3117);
#2129=LINE('',#16400,#3118);
#2130=LINE('',#16403,#3119);
#2131=LINE('',#16404,#3120);
#2132=LINE('',#16408,#3121);
#2133=LINE('',#16411,#3122);
#2134=LINE('',#16418,#3123);
#2135=LINE('',#16419,#3124);
#2136=LINE('',#16423,#3125);
#2137=LINE('',#16426,#3126);
#2138=LINE('',#16427,#3127);
#2139=LINE('',#16431,#3128);
#2140=LINE('',#16433,#3129);
#2141=LINE('',#16436,#3130);
#2142=LINE('',#16437,#3131);
#2143=LINE('',#16442,#3132);
#2144=LINE('',#16444,#3133);
#2145=LINE('',#16445,#3134);
#2146=LINE('',#16448,#3135);
#2147=LINE('',#16452,#3136);
#2148=LINE('',#16453,#3137);
#2149=LINE('',#16456,#3138);
#2150=LINE('',#16460,#3139);
#2151=LINE('',#16461,#3140);
#2152=LINE('',#16464,#3141);
#2153=LINE('',#16468,#3142);
#2154=LINE('',#16469,#3143);
#2155=LINE('',#16472,#3144);
#2156=LINE('',#16487,#3145);
#2157=LINE('',#16491,#3146);
#2158=LINE('',#16492,#3147);
#2159=LINE('',#16513,#3148);
#2160=LINE('',#16517,#3149);
#2161=LINE('',#16518,#3150);
#2162=LINE('',#16522,#3151);
#2163=LINE('',#16525,#3152);
#2164=LINE('',#16526,#3153);
#2165=LINE('',#16530,#3154);
#2166=LINE('',#16532,#3155);
#2167=LINE('',#16535,#3156);
#2168=LINE('',#16536,#3157);
#2169=LINE('',#16546,#3158);
#2170=LINE('',#16547,#3159);
#2171=LINE('',#16551,#3160);
#2172=LINE('',#16554,#3161);
#2173=LINE('',#16555,#3162);
#2174=LINE('',#16559,#3163);
#2175=LINE('',#16561,#3164);
#2176=LINE('',#16564,#3165);
#2177=LINE('',#16566,#3166);
#2178=LINE('',#16567,#3167);
#2179=LINE('',#16570,#3168);
#2180=LINE('',#16574,#3169);
#2181=LINE('',#16575,#3170);
#2182=LINE('',#16578,#3171);
#2183=LINE('',#16582,#3172);
#2184=LINE('',#16583,#3173);
#2185=LINE('',#16586,#3174);
#2186=LINE('',#16590,#3175);
#2187=LINE('',#16591,#3176);
#2188=LINE('',#16594,#3177);
#2189=LINE('',#16609,#3178);
#2190=LINE('',#16613,#3179);
#2191=LINE('',#16614,#3180);
#2192=LINE('',#16635,#3181);
#2193=LINE('',#16639,#3182);
#2194=LINE('',#16640,#3183);
#2195=LINE('',#16644,#3184);
#2196=LINE('',#16647,#3185);
#2197=LINE('',#16648,#3186);
#2198=LINE('',#16652,#3187);
#2199=LINE('',#16654,#3188);
#2200=LINE('',#16657,#3189);
#2201=LINE('',#16658,#3190);
#2202=LINE('',#16668,#3191);
#2203=LINE('',#16669,#3192);
#2204=LINE('',#16673,#3193);
#2205=LINE('',#16676,#3194);
#2206=LINE('',#16677,#3195);
#2207=LINE('',#16681,#3196);
#2208=LINE('',#16683,#3197);
#2209=LINE('',#16686,#3198);
#2210=LINE('',#16688,#3199);
#2211=LINE('',#16689,#3200);
#2212=LINE('',#16692,#3201);
#2213=LINE('',#16696,#3202);
#2214=LINE('',#16697,#3203);
#2215=LINE('',#16700,#3204);
#2216=LINE('',#16704,#3205);
#2217=LINE('',#16705,#3206);
#2218=LINE('',#16708,#3207);
#2219=LINE('',#16712,#3208);
#2220=LINE('',#16713,#3209);
#2221=LINE('',#16716,#3210);
#2222=LINE('',#16731,#3211);
#2223=LINE('',#16735,#3212);
#2224=LINE('',#16736,#3213);
#2225=LINE('',#16757,#3214);
#2226=LINE('',#16761,#3215);
#2227=LINE('',#16762,#3216);
#2228=LINE('',#16766,#3217);
#2229=LINE('',#16769,#3218);
#2230=LINE('',#16770,#3219);
#2231=LINE('',#16774,#3220);
#2232=LINE('',#16776,#3221);
#2233=LINE('',#16779,#3222);
#2234=LINE('',#16780,#3223);
#2235=LINE('',#16790,#3224);
#2236=LINE('',#16791,#3225);
#2237=LINE('',#16795,#3226);
#2238=LINE('',#16798,#3227);
#2239=LINE('',#16799,#3228);
#2240=LINE('',#16803,#3229);
#2241=LINE('',#16805,#3230);
#2242=LINE('',#16808,#3231);
#2243=LINE('',#16810,#3232);
#2244=LINE('',#16811,#3233);
#2245=LINE('',#16814,#3234);
#2246=LINE('',#16818,#3235);
#2247=LINE('',#16819,#3236);
#2248=LINE('',#16822,#3237);
#2249=LINE('',#16826,#3238);
#2250=LINE('',#16827,#3239);
#2251=LINE('',#16830,#3240);
#2252=LINE('',#16834,#3241);
#2253=LINE('',#16835,#3242);
#2254=LINE('',#16838,#3243);
#2255=LINE('',#16853,#3244);
#2256=LINE('',#16858,#3245);
#2257=LINE('',#16859,#3246);
#2258=LINE('',#16866,#3247);
#2259=LINE('',#16870,#3248);
#2260=LINE('',#16871,#3249);
#2261=LINE('',#16882,#3250);
#2262=LINE('',#16885,#3251);
#2263=LINE('',#16886,#3252);
#2264=LINE('',#16890,#3253);
#2265=LINE('',#16893,#3254);
#2266=LINE('',#16900,#3255);
#2267=LINE('',#16901,#3256);
#2268=LINE('',#16905,#3257);
#2269=LINE('',#16908,#3258);
#2270=LINE('',#16909,#3259);
#2271=LINE('',#16913,#3260);
#2272=LINE('',#16915,#3261);
#2273=LINE('',#16918,#3262);
#2274=LINE('',#16919,#3263);
#2275=LINE('',#16924,#3264);
#2276=LINE('',#16927,#3265);
#2277=LINE('',#16930,#3266);
#2278=LINE('',#16931,#3267);
#2279=LINE('',#16934,#3268);
#2280=LINE('',#16938,#3269);
#2281=LINE('',#16939,#3270);
#2282=LINE('',#16942,#3271);
#2283=LINE('',#16946,#3272);
#2284=LINE('',#16947,#3273);
#2285=LINE('',#16950,#3274);
#2286=LINE('',#16954,#3275);
#2287=LINE('',#16955,#3276);
#2288=LINE('',#16969,#3277);
#2289=LINE('',#16984,#3278);
#2290=LINE('',#16988,#3279);
#2291=LINE('',#16989,#3280);
#2292=LINE('',#16999,#3281);
#2293=LINE('',#17000,#3282);
#2294=LINE('',#17004,#3283);
#2295=LINE('',#17007,#3284);
#2296=LINE('',#17008,#3285);
#2297=LINE('',#17012,#3286);
#2298=LINE('',#17015,#3287);
#2299=LINE('',#17022,#3288);
#2300=LINE('',#17023,#3289);
#2301=LINE('',#17027,#3290);
#2302=LINE('',#17030,#3291);
#2303=LINE('',#17031,#3292);
#2304=LINE('',#17035,#3293);
#2305=LINE('',#17037,#3294);
#2306=LINE('',#17040,#3295);
#2307=LINE('',#17041,#3296);
#2308=LINE('',#17046,#3297);
#2309=LINE('',#17048,#3298);
#2310=LINE('',#17049,#3299);
#2311=LINE('',#17052,#3300);
#2312=LINE('',#17056,#3301);
#2313=LINE('',#17057,#3302);
#2314=LINE('',#17060,#3303);
#2315=LINE('',#17064,#3304);
#2316=LINE('',#17065,#3305);
#2317=LINE('',#17068,#3306);
#2318=LINE('',#17072,#3307);
#2319=LINE('',#17073,#3308);
#2320=LINE('',#17076,#3309);
#2321=LINE('',#17091,#3310);
#2322=LINE('',#17095,#3311);
#2323=LINE('',#17096,#3312);
#2324=LINE('',#17106,#3313);
#2325=LINE('',#17107,#3314);
#2326=LINE('',#17111,#3315);
#2327=LINE('',#17114,#3316);
#2328=LINE('',#17115,#3317);
#2329=LINE('',#17119,#3318);
#2330=LINE('',#17122,#3319);
#2331=LINE('',#17130,#3320);
#2332=LINE('',#17131,#3321);
#2333=LINE('',#17139,#3322);
#2334=LINE('',#17142,#3323);
#2335=LINE('',#17143,#3324);
#2336=LINE('',#17147,#3325);
#2337=LINE('',#17149,#3326);
#2338=LINE('',#17152,#3327);
#2339=LINE('',#17156,#3328);
#2340=LINE('',#17157,#3329);
#2341=LINE('',#17162,#3330);
#2342=LINE('',#17165,#3331);
#2343=LINE('',#17168,#3332);
#2344=LINE('',#17169,#3333);
#2345=LINE('',#17172,#3334);
#2346=LINE('',#17176,#3335);
#2347=LINE('',#17177,#3336);
#2348=LINE('',#17180,#3337);
#2349=LINE('',#17184,#3338);
#2350=LINE('',#17185,#3339);
#2351=LINE('',#17188,#3340);
#2352=LINE('',#17192,#3341);
#2353=LINE('',#17193,#3342);
#2354=LINE('',#17207,#3343);
#2355=LINE('',#17211,#3344);
#2356=LINE('',#17212,#3345);
#2357=LINE('',#17222,#3346);
#2358=LINE('',#17223,#3347);
#2359=LINE('',#17227,#3348);
#2360=LINE('',#17230,#3349);
#2361=LINE('',#17231,#3350);
#2362=LINE('',#17235,#3351);
#2363=LINE('',#17238,#3352);
#2364=LINE('',#17246,#3353);
#2365=LINE('',#17247,#3354);
#2366=LINE('',#17255,#3355);
#2367=LINE('',#17258,#3356);
#2368=LINE('',#17259,#3357);
#2369=LINE('',#17263,#3358);
#2370=LINE('',#17265,#3359);
#2371=LINE('',#17268,#3360);
#2372=LINE('',#17272,#3361);
#2373=LINE('',#17273,#3362);
#2374=LINE('',#17278,#3363);
#2375=LINE('',#17281,#3364);
#2376=LINE('',#17284,#3365);
#2377=LINE('',#17285,#3366);
#2378=LINE('',#17288,#3367);
#2379=LINE('',#17292,#3368);
#2380=LINE('',#17293,#3369);
#2381=LINE('',#17296,#3370);
#2382=LINE('',#17300,#3371);
#2383=LINE('',#17301,#3372);
#2384=LINE('',#17304,#3373);
#2385=LINE('',#17308,#3374);
#2386=LINE('',#17309,#3375);
#2387=LINE('',#17323,#3376);
#2388=LINE('',#17327,#3377);
#2389=LINE('',#17328,#3378);
#2390=LINE('',#17338,#3379);
#2391=LINE('',#17339,#3380);
#2392=LINE('',#17343,#3381);
#2393=LINE('',#17346,#3382);
#2394=LINE('',#17347,#3383);
#2395=LINE('',#17351,#3384);
#2396=LINE('',#17354,#3385);
#2397=LINE('',#17362,#3386);
#2398=LINE('',#17363,#3387);
#2399=LINE('',#17371,#3388);
#2400=LINE('',#17374,#3389);
#2401=LINE('',#17375,#3390);
#2402=LINE('',#17379,#3391);
#2403=LINE('',#17381,#3392);
#2404=LINE('',#17384,#3393);
#2405=LINE('',#17388,#3394);
#2406=LINE('',#17389,#3395);
#2407=LINE('',#17394,#3396);
#2408=LINE('',#17397,#3397);
#2409=LINE('',#17400,#3398);
#2410=LINE('',#17401,#3399);
#2411=LINE('',#17404,#3400);
#2412=LINE('',#17408,#3401);
#2413=LINE('',#17409,#3402);
#2414=LINE('',#17412,#3403);
#2415=LINE('',#17416,#3404);
#2416=LINE('',#17417,#3405);
#2417=LINE('',#17420,#3406);
#2418=LINE('',#17424,#3407);
#2419=LINE('',#17425,#3408);
#2420=LINE('',#17431,#3409);
#2421=LINE('',#17434,#3410);
#2422=LINE('',#17437,#3411);
#2423=LINE('',#17439,#3412);
#2424=LINE('',#17440,#3413);
#2425=LINE('',#17446,#3414);
#2426=LINE('',#17449,#3415);
#2427=LINE('',#17450,#3416);
#2428=LINE('',#17452,#3417);
#2429=LINE('',#17453,#3418);
#2430=LINE('',#17458,#3419);
#2431=LINE('',#17462,#3420);
#2432=LINE('',#17466,#3421);
#2433=LINE('',#17469,#3422);
#2434=LINE('',#17473,#3423);
#2435=LINE('',#17481,#3424);
#2436=LINE('',#17485,#3425);
#2437=LINE('',#17489,#3426);
#2438=LINE('',#17493,#3427);
#2439=LINE('',#17497,#3428);
#2440=LINE('',#17501,#3429);
#2441=LINE('',#17505,#3430);
#2442=LINE('',#17507,#3431);
#2443=LINE('',#17511,#3432);
#2444=LINE('',#17517,#3433);
#2445=LINE('',#17519,#3434);
#2446=LINE('',#17523,#3435);
#2447=LINE('',#17527,#3436);
#2448=LINE('',#17529,#3437);
#2449=LINE('',#17535,#3438);
#2450=LINE('',#17539,#3439);
#2451=LINE('',#17541,#3440);
#2452=LINE('',#17545,#3441);
#2453=LINE('',#17549,#3442);
#2454=LINE('',#17553,#3443);
#2455=LINE('',#17557,#3444);
#2456=LINE('',#17561,#3445);
#2457=LINE('',#17565,#3446);
#2458=LINE('',#17573,#3447);
#2459=LINE('',#17576,#3448);
#2460=LINE('',#17589,#3449);
#2461=LINE('',#17593,#3450);
#2462=LINE('',#17599,#3451);
#2463=LINE('',#17602,#3452);
#2464=LINE('',#17608,#3453);
#2465=LINE('',#17611,#3454);
#2466=LINE('',#17613,#3455);
#2467=LINE('',#17614,#3456);
#2468=LINE('',#17618,#3457);
#2469=LINE('',#17622,#3458);
#2470=LINE('',#17626,#3459);
#2471=LINE('',#17630,#3460);
#2472=LINE('',#17634,#3461);
#2473=LINE('',#17638,#3462);
#2474=LINE('',#17642,#3463);
#2475=LINE('',#17646,#3464);
#2476=LINE('',#17650,#3465);
#2477=LINE('',#17654,#3466);
#2478=LINE('',#17658,#3467);
#2479=LINE('',#17662,#3468);
#2480=LINE('',#17666,#3469);
#2481=LINE('',#17670,#3470);
#2482=LINE('',#17674,#3471);
#2483=LINE('',#17678,#3472);
#2484=LINE('',#17682,#3473);
#2485=LINE('',#17686,#3474);
#2486=LINE('',#17690,#3475);
#2487=LINE('',#17693,#3476);
#2488=LINE('',#17696,#3477);
#2489=LINE('',#17700,#3478);
#2490=LINE('',#17704,#3479);
#2491=LINE('',#17708,#3480);
#2492=LINE('',#17713,#3481);
#2493=LINE('',#17717,#3482);
#2494=LINE('',#17721,#3483);
#2495=LINE('',#17724,#3484);
#2496=LINE('',#17728,#3485);
#2497=LINE('',#17732,#3486);
#2498=LINE('',#17736,#3487);
#2499=LINE('',#17739,#3488);
#2500=LINE('',#17743,#3489);
#2501=LINE('',#17747,#3490);
#2502=LINE('',#17751,#3491);
#2503=LINE('',#17754,#3492);
#2504=LINE('',#17758,#3493);
#2505=LINE('',#17762,#3494);
#2506=LINE('',#17766,#3495);
#2507=LINE('',#17769,#3496);
#2508=LINE('',#17771,#3497);
#2509=LINE('',#17775,#3498);
#2510=LINE('',#17779,#3499);
#2511=LINE('',#17783,#3500);
#2512=LINE('',#17788,#3501);
#2513=LINE('',#17792,#3502);
#2514=LINE('',#17796,#3503);
#2515=LINE('',#17799,#3504);
#2516=LINE('',#17801,#3505);
#2517=LINE('',#17805,#3506);
#2518=LINE('',#17809,#3507);
#2519=LINE('',#17813,#3508);
#2520=LINE('',#17815,#3509);
#2521=LINE('',#17817,#3510);
#2522=LINE('',#17821,#3511);
#2523=LINE('',#17825,#3512);
#2524=LINE('',#17828,#3513);
#2525=LINE('',#17831,#3514);
#2526=LINE('',#17834,#3515);
#2527=LINE('',#17838,#3516);
#2528=LINE('',#17842,#3517);
#2529=LINE('',#17845,#3518);
#2530=LINE('',#17849,#3519);
#2531=LINE('',#17853,#3520);
#2532=LINE('',#17857,#3521);
#2533=LINE('',#17860,#3522);
#2534=LINE('',#17864,#3523);
#2535=LINE('',#17868,#3524);
#2536=LINE('',#17871,#3525);
#2537=LINE('',#17875,#3526);
#2538=LINE('',#17879,#3527);
#2539=LINE('',#17883,#3528);
#2540=LINE('',#17887,#3529);
#2541=LINE('',#17890,#3530);
#2542=LINE('',#17894,#3531);
#2543=LINE('',#17898,#3532);
#2544=LINE('',#17902,#3533);
#2545=LINE('',#17905,#3534);
#2546=LINE('',#17909,#3535);
#2547=LINE('',#17913,#3536);
#2548=LINE('',#17917,#3537);
#2549=LINE('',#17920,#3538);
#2550=LINE('',#17926,#3539);
#2551=LINE('',#17928,#3540);
#2552=LINE('',#17933,#3541);
#2553=LINE('',#17935,#3542);
#2554=LINE('',#17940,#3543);
#2555=LINE('',#17942,#3544);
#2556=LINE('',#17947,#3545);
#2557=LINE('',#17949,#3546);
#2558=LINE('',#17954,#3547);
#2559=LINE('',#17955,#3548);
#2560=LINE('',#17958,#3549);
#2561=LINE('',#17964,#3550);
#2562=LINE('',#17965,#3551);
#2563=LINE('',#17968,#3552);
#2564=LINE('',#17969,#3553);
#2565=LINE('',#17974,#3554);
#2566=LINE('',#17975,#3555);
#2567=LINE('',#17979,#3556);
#2568=LINE('',#17982,#3557);
#2569=LINE('',#17986,#3558);
#2570=LINE('',#17989,#3559);
#2571=LINE('',#17994,#3560);
#2572=LINE('',#17995,#3561);
#2573=LINE('',#18002,#3562);
#2574=LINE('',#18005,#3563);
#2575=LINE('',#18007,#3564);
#2576=LINE('',#18009,#3565);
#2577=LINE('',#18011,#3566);
#2578=LINE('',#18016,#3567);
#2579=LINE('',#18017,#3568);
#2580=LINE('',#18020,#3569);
#2581=LINE('',#18021,#3570);
#2582=LINE('',#18024,#3571);
#2583=LINE('',#18030,#3572);
#2584=LINE('',#18033,#3573);
#2585=LINE('',#18035,#3574);
#2586=LINE('',#18036,#3575);
#2587=LINE('',#18038,#3576);
#2588=LINE('',#18040,#3577);
#2589=LINE('',#18043,#3578);
#2590=LINE('',#18046,#3579);
#2591=LINE('',#18049,#3580);
#2592=LINE('',#18051,#3581);
#2593=LINE('',#18052,#3582);
#2594=LINE('',#18056,#3583);
#2595=LINE('',#18059,#3584);
#2596=LINE('',#18062,#3585);
#2597=LINE('',#18064,#3586);
#2598=LINE('',#18067,#3587);
#2599=LINE('',#18068,#3588);
#2600=LINE('',#18070,#3589);
#2601=LINE('',#18072,#3590);
#2602=LINE('',#18074,#3591);
#2603=LINE('',#18076,#3592);
#2604=LINE('',#18078,#3593);
#2605=LINE('',#18080,#3594);
#2606=LINE('',#18082,#3595);
#2607=LINE('',#18084,#3596);
#2608=LINE('',#18086,#3597);
#2609=LINE('',#18088,#3598);
#2610=LINE('',#18090,#3599);
#2611=LINE('',#18092,#3600);
#2612=LINE('',#18094,#3601);
#2613=LINE('',#18096,#3602);
#2614=LINE('',#18098,#3603);
#2615=LINE('',#18100,#3604);
#2616=LINE('',#18102,#3605);
#2617=LINE('',#18104,#3606);
#2618=LINE('',#18106,#3607);
#2619=LINE('',#18108,#3608);
#2620=LINE('',#18110,#3609);
#2621=LINE('',#18112,#3610);
#2622=LINE('',#18114,#3611);
#2623=LINE('',#18116,#3612);
#2624=LINE('',#18118,#3613);
#2625=LINE('',#18121,#3614);
#2626=LINE('',#18122,#3615);
#2627=LINE('',#18124,#3616);
#2628=LINE('',#18126,#3617);
#2629=LINE('',#18128,#3618);
#2630=LINE('',#18130,#3619);
#2631=LINE('',#18133,#3620);
#2632=LINE('',#18135,#3621);
#2633=LINE('',#18136,#3622);
#2634=LINE('',#18139,#3623);
#2635=LINE('',#18140,#3624);
#2636=LINE('',#18143,#3625);
#2637=LINE('',#18145,#3626);
#2638=LINE('',#18147,#3627);
#2639=LINE('',#18148,#3628);
#2640=LINE('',#18151,#3629);
#2641=LINE('',#18152,#3630);
#2642=LINE('',#18155,#3631);
#2643=LINE('',#18157,#3632);
#2644=LINE('',#18159,#3633);
#2645=LINE('',#18161,#3634);
#2646=LINE('',#18163,#3635);
#2647=LINE('',#18164,#3636);
#2648=LINE('',#18167,#3637);
#2649=LINE('',#18168,#3638);
#2650=LINE('',#18170,#3639);
#2651=LINE('',#18171,#3640);
#2652=LINE('',#18174,#3641);
#2653=LINE('',#18175,#3642);
#2654=LINE('',#18177,#3643);
#2655=LINE('',#18178,#3644);
#2656=LINE('',#18181,#3645);
#2657=LINE('',#18182,#3646);
#2658=LINE('',#18184,#3647);
#2659=LINE('',#18185,#3648);
#2660=LINE('',#18188,#3649);
#2661=LINE('',#18189,#3650);
#2662=LINE('',#18191,#3651);
#2663=LINE('',#18193,#3652);
#2664=LINE('',#18194,#3653);
#2665=LINE('',#18197,#3654);
#2666=LINE('',#18198,#3655);
#2667=LINE('',#18201,#3656);
#2668=LINE('',#18202,#3657);
#2669=LINE('',#18205,#3658);
#2670=LINE('',#18206,#3659);
#2671=LINE('',#18209,#3660);
#2672=LINE('',#18210,#3661);
#2673=LINE('',#18213,#3662);
#2674=LINE('',#18214,#3663);
#2675=LINE('',#18217,#3664);
#2676=LINE('',#18219,#3665);
#2677=LINE('',#18220,#3666);
#2678=LINE('',#18223,#3667);
#2679=LINE('',#18225,#3668);
#2680=LINE('',#18226,#3669);
#2681=LINE('',#18229,#3670);
#2682=LINE('',#18231,#3671);
#2683=LINE('',#18232,#3672);
#2684=LINE('',#18235,#3673);
#2685=LINE('',#18237,#3674);
#2686=LINE('',#18238,#3675);
#2687=LINE('',#18241,#3676);
#2688=LINE('',#18243,#3677);
#2689=LINE('',#18245,#3678);
#2690=LINE('',#18246,#3679);
#2691=LINE('',#18249,#3680);
#2692=LINE('',#18251,#3681);
#2693=LINE('',#18252,#3682);
#2694=LINE('',#18255,#3683);
#2695=LINE('',#18257,#3684);
#2696=LINE('',#18258,#3685);
#2697=LINE('',#18260,#3686);
#2698=LINE('',#18261,#3687);
#2699=LINE('',#18264,#3688);
#2700=LINE('',#18265,#3689);
#2701=LINE('',#18267,#3690);
#2702=LINE('',#18268,#3691);
#2703=LINE('',#18271,#3692);
#2704=LINE('',#18272,#3693);
#2705=LINE('',#18274,#3694);
#2706=LINE('',#18275,#3695);
#2707=LINE('',#18278,#3696);
#2708=LINE('',#18279,#3697);
#2709=LINE('',#18281,#3698);
#2710=LINE('',#18282,#3699);
#2711=LINE('',#18285,#3700);
#2712=LINE('',#18286,#3701);
#2713=LINE('',#18288,#3702);
#2714=LINE('',#18289,#3703);
#2715=LINE('',#18292,#3704);
#2716=LINE('',#18293,#3705);
#2717=LINE('',#18295,#3706);
#2718=LINE('',#18296,#3707);
#2719=LINE('',#18299,#3708);
#2720=LINE('',#18300,#3709);
#2721=LINE('',#18302,#3710);
#2722=LINE('',#18303,#3711);
#2723=LINE('',#18306,#3712);
#2724=LINE('',#18307,#3713);
#2725=LINE('',#18309,#3714);
#2726=LINE('',#18310,#3715);
#2727=LINE('',#18312,#3716);
#2728=LINE('',#18313,#3717);
#2729=LINE('',#18316,#3718);
#2730=LINE('',#18317,#3719);
#2731=LINE('',#18320,#3720);
#2732=LINE('',#18321,#3721);
#2733=LINE('',#18324,#3722);
#2734=LINE('',#18325,#3723);
#2735=LINE('',#18328,#3724);
#2736=LINE('',#18329,#3725);
#2737=LINE('',#18332,#3726);
#2738=LINE('',#18333,#3727);
#2739=LINE('',#18335,#3728);
#2740=LINE('',#18336,#3729);
#2741=LINE('',#18338,#3730);
#2742=LINE('',#18339,#3731);
#2743=LINE('',#18373,#3732);
#2744=LINE('',#18374,#3733);
#2745=LINE('',#18376,#3734);
#2746=LINE('',#18378,#3735);
#2747=LINE('',#18380,#3736);
#2748=LINE('',#18382,#3737);
#2749=VECTOR('',#11870,10.);
#2750=VECTOR('',#11875,10.);
#2751=VECTOR('',#11876,10.);
#2752=VECTOR('',#11877,10.);
#2753=VECTOR('',#11886,10.);
#2754=VECTOR('',#11887,10.);
#2755=VECTOR('',#11888,10.);
#2756=VECTOR('',#11893,10.);
#2757=VECTOR('',#11898,10.);
#2758=VECTOR('',#11899,10.);
#2759=VECTOR('',#11900,10.);
#2760=VECTOR('',#11905,10.);
#2761=VECTOR('',#11910,10.);
#2762=VECTOR('',#11911,10.);
#2763=VECTOR('',#11914,10.);
#2764=VECTOR('',#11915,10.);
#2765=VECTOR('',#11916,10.);
#2766=VECTOR('',#11921,10.);
#2767=VECTOR('',#11926,10.);
#2768=VECTOR('',#11927,10.);
#2769=VECTOR('',#11928,10.);
#2770=VECTOR('',#11933,10.);
#2771=VECTOR('',#11938,10.);
#2772=VECTOR('',#11939,10.);
#2773=VECTOR('',#11944,10.);
#2774=VECTOR('',#11949,10.);
#2775=VECTOR('',#11950,10.);
#2776=VECTOR('',#11951,10.);
#2777=VECTOR('',#11960,0.7);
#2778=VECTOR('',#11963,10.);
#2779=VECTOR('',#11966,0.7);
#2780=VECTOR('',#11967,10.);
#2781=VECTOR('',#11970,10.);
#2782=VECTOR('',#11975,10.);
#2783=VECTOR('',#11976,10.);
#2784=VECTOR('',#11979,10.);
#2785=VECTOR('',#11984,10.);
#2786=VECTOR('',#11985,10.);
#2787=VECTOR('',#11988,10.);
#2788=VECTOR('',#11993,10.);
#2789=VECTOR('',#11994,10.);
#2790=VECTOR('',#11999,10.);
#2791=VECTOR('',#12002,10.);
#2792=VECTOR('',#12005,10.);
#2793=VECTOR('',#12008,10.);
#2794=VECTOR('',#12011,10.);
#2795=VECTOR('',#12014,10.);
#2796=VECTOR('',#12017,10.);
#2797=VECTOR('',#12020,10.);
#2798=VECTOR('',#12023,10.);
#2799=VECTOR('',#12026,10.);
#2800=VECTOR('',#12029,10.);
#2801=VECTOR('',#12032,10.);
#2802=VECTOR('',#12035,10.);
#2803=VECTOR('',#12038,10.);
#2804=VECTOR('',#12041,10.);
#2805=VECTOR('',#12044,10.);
#2806=VECTOR('',#12047,10.);
#2807=VECTOR('',#12050,10.);
#2808=VECTOR('',#12053,10.);
#2809=VECTOR('',#12056,10.);
#2810=VECTOR('',#12057,10.);
#2811=VECTOR('',#12060,10.);
#2812=VECTOR('',#12063,10.);
#2813=VECTOR('',#12066,10.);
#2814=VECTOR('',#12069,10.);
#2815=VECTOR('',#12072,10.);
#2816=VECTOR('',#12075,10.);
#2817=VECTOR('',#12078,10.);
#2818=VECTOR('',#12083,10.);
#2819=VECTOR('',#12086,10.);
#2820=VECTOR('',#12089,10.);
#2821=VECTOR('',#12092,10.);
#2822=VECTOR('',#12095,10.);
#2823=VECTOR('',#12098,10.);
#2824=VECTOR('',#12101,10.);
#2825=VECTOR('',#12104,10.);
#2826=VECTOR('',#12107,10.);
#2827=VECTOR('',#12110,10.);
#2828=VECTOR('',#12113,10.);
#2829=VECTOR('',#12116,10.);
#2830=VECTOR('',#12119,10.);
#2831=VECTOR('',#12122,10.);
#2832=VECTOR('',#12125,10.);
#2833=VECTOR('',#12128,10.);
#2834=VECTOR('',#12129,10.);
#2835=VECTOR('',#12132,10.);
#2836=VECTOR('',#12135,10.);
#2837=VECTOR('',#12138,10.);
#2838=VECTOR('',#12141,10.);
#2839=VECTOR('',#12144,10.);
#2840=VECTOR('',#12147,10.);
#2841=VECTOR('',#12150,10.);
#2842=VECTOR('',#12153,10.);
#2843=VECTOR('',#12156,10.);
#2844=VECTOR('',#12159,10.);
#2845=VECTOR('',#12162,10.);
#2846=VECTOR('',#12165,10.);
#2847=VECTOR('',#12168,10.);
#2848=VECTOR('',#12171,10.);
#2849=VECTOR('',#12174,10.);
#2850=VECTOR('',#12177,10.);
#2851=VECTOR('',#12180,10.);
#2852=VECTOR('',#12183,10.);
#2853=VECTOR('',#12186,10.);
#2854=VECTOR('',#12189,10.);
#2855=VECTOR('',#12192,10.);
#2856=VECTOR('',#12195,10.);
#2857=VECTOR('',#12198,10.);
#2858=VECTOR('',#12201,10.);
#2859=VECTOR('',#12204,10.);
#2860=VECTOR('',#12207,10.);
#2861=VECTOR('',#12210,10.);
#2862=VECTOR('',#12213,10.);
#2863=VECTOR('',#12216,10.);
#2864=VECTOR('',#12219,10.);
#2865=VECTOR('',#12222,10.);
#2866=VECTOR('',#12227,10.);
#2867=VECTOR('',#12230,10.);
#2868=VECTOR('',#12233,10.);
#2869=VECTOR('',#12236,10.);
#2870=VECTOR('',#12239,10.);
#2871=VECTOR('',#12242,10.);
#2872=VECTOR('',#12245,10.);
#2873=VECTOR('',#12248,10.);
#2874=VECTOR('',#12251,10.);
#2875=VECTOR('',#12254,10.);
#2876=VECTOR('',#12257,10.);
#2877=VECTOR('',#12260,10.);
#2878=VECTOR('',#12263,10.);
#2879=VECTOR('',#12266,10.);
#2880=VECTOR('',#12269,10.);
#2881=VECTOR('',#12272,10.);
#2882=VECTOR('',#12275,10.);
#2883=VECTOR('',#12278,10.);
#2884=VECTOR('',#12281,10.);
#2885=VECTOR('',#12284,10.);
#2886=VECTOR('',#12287,10.);
#2887=VECTOR('',#12290,10.);
#2888=VECTOR('',#12293,10.);
#2889=VECTOR('',#12296,10.);
#2890=VECTOR('',#12299,10.);
#2891=VECTOR('',#12302,10.);
#2892=VECTOR('',#12305,10.);
#2893=VECTOR('',#12308,10.);
#2894=VECTOR('',#12311,10.);
#2895=VECTOR('',#12314,10.);
#2896=VECTOR('',#12317,10.);
#2897=VECTOR('',#12320,10.);
#2898=VECTOR('',#12323,10.);
#2899=VECTOR('',#12326,10.);
#2900=VECTOR('',#12329,10.);
#2901=VECTOR('',#12332,10.);
#2902=VECTOR('',#12335,10.);
#2903=VECTOR('',#12338,10.);
#2904=VECTOR('',#12341,10.);
#2905=VECTOR('',#12344,10.);
#2906=VECTOR('',#12345,10.);
#2907=VECTOR('',#12348,10.);
#2908=VECTOR('',#12351,10.);
#2909=VECTOR('',#12354,10.);
#2910=VECTOR('',#12357,10.);
#2911=VECTOR('',#12360,10.);
#2912=VECTOR('',#12363,10.);
#2913=VECTOR('',#12366,10.);
#2914=VECTOR('',#12371,10.);
#2915=VECTOR('',#12372,10.);
#2916=VECTOR('',#12375,10.);
#2917=VECTOR('',#12380,10.);
#2918=VECTOR('',#12381,10.);
#2919=VECTOR('',#12388,10.);
#2920=VECTOR('',#12393,10.);
#2921=VECTOR('',#12394,10.);
#2922=VECTOR('',#12399,10.);
#2923=VECTOR('',#12402,10.);
#2924=VECTOR('',#12403,10.);
#2925=VECTOR('',#12408,10.);
#2926=VECTOR('',#12411,10.);
#2927=VECTOR('',#12414,10.);
#2928=VECTOR('',#12415,10.);
#2929=VECTOR('',#12424,10.);
#2930=VECTOR('',#12427,10.);
#2931=VECTOR('',#12428,10.);
#2932=VECTOR('',#12433,10.);
#2933=VECTOR('',#12436,10.);
#2934=VECTOR('',#12439,0.7);
#2935=VECTOR('',#12440,10.);
#2936=VECTOR('',#12441,0.7);
#2937=VECTOR('',#12444,10.);
#2938=VECTOR('',#12449,10.);
#2939=VECTOR('',#12450,10.);
#2940=VECTOR('',#12453,10.);
#2941=VECTOR('',#12458,10.);
#2942=VECTOR('',#12459,10.);
#2943=VECTOR('',#12462,10.);
#2944=VECTOR('',#12467,10.);
#2945=VECTOR('',#12468,10.);
#2946=VECTOR('',#12471,0.7);
#2947=VECTOR('',#12476,10.);
#2948=VECTOR('',#12481,10.);
#2949=VECTOR('',#12482,10.);
#2950=VECTOR('',#12485,10.);
#2951=VECTOR('',#12490,10.);
#2952=VECTOR('',#12491,10.);
#2953=VECTOR('',#12500,10.);
#2954=VECTOR('',#12503,10.);
#2955=VECTOR('',#12504,10.);
#2956=VECTOR('',#12509,10.);
#2957=VECTOR('',#12512,10.);
#2958=VECTOR('',#12515,10.);
#2959=VECTOR('',#12516,10.);
#2960=VECTOR('',#12521,10.);
#2961=VECTOR('',#12524,10.);
#2962=VECTOR('',#12525,10.);
#2963=VECTOR('',#12530,10.);
#2964=VECTOR('',#12533,10.);
#2965=VECTOR('',#12536,10.);
#2966=VECTOR('',#12537,10.);
#2967=VECTOR('',#12544,0.7);
#2968=VECTOR('',#12547,10.);
#2969=VECTOR('',#12550,0.7);
#2970=VECTOR('',#12551,10.);
#2971=VECTOR('',#12554,10.);
#2972=VECTOR('',#12559,10.);
#2973=VECTOR('',#12560,10.);
#2974=VECTOR('',#12563,10.);
#2975=VECTOR('',#12568,10.);
#2976=VECTOR('',#12569,10.);
#2977=VECTOR('',#12572,10.);
#2978=VECTOR('',#12577,10.);
#2979=VECTOR('',#12578,10.);
#2980=VECTOR('',#12581,10.);
#2981=VECTOR('',#12582,10.);
#2982=VECTOR('',#12585,10.);
#2983=VECTOR('',#12590,10.);
#2984=VECTOR('',#12591,10.);
#2985=VECTOR('',#12598,10.);
#2986=VECTOR('',#12603,10.);
#2987=VECTOR('',#12604,10.);
#2988=VECTOR('',#12609,10.);
#2989=VECTOR('',#12612,10.);
#2990=VECTOR('',#12613,10.);
#2991=VECTOR('',#12618,10.);
#2992=VECTOR('',#12621,10.);
#2993=VECTOR('',#12624,10.);
#2994=VECTOR('',#12625,10.);
#2995=VECTOR('',#12634,10.);
#2996=VECTOR('',#12637,10.);
#2997=VECTOR('',#12638,10.);
#2998=VECTOR('',#12643,10.);
#2999=VECTOR('',#12646,10.);
#3000=VECTOR('',#12649,0.7);
#3001=VECTOR('',#12650,10.);
#3002=VECTOR('',#12651,0.7);
#3003=VECTOR('',#12654,10.);
#3004=VECTOR('',#12659,10.);
#3005=VECTOR('',#12660,10.);
#3006=VECTOR('',#12663,10.);
#3007=VECTOR('',#12668,10.);
#3008=VECTOR('',#12669,10.);
#3009=VECTOR('',#12672,10.);
#3010=VECTOR('',#12677,10.);
#3011=VECTOR('',#12678,10.);
#3012=VECTOR('',#12681,0.7);
#3013=VECTOR('',#12686,10.);
#3014=VECTOR('',#12687,10.);
#3015=VECTOR('',#12690,10.);
#3016=VECTOR('',#12695,10.);
#3017=VECTOR('',#12696,10.);
#3018=VECTOR('',#12703,10.);
#3019=VECTOR('',#12708,10.);
#3020=VECTOR('',#12709,10.);
#3021=VECTOR('',#12714,10.);
#3022=VECTOR('',#12717,10.);
#3023=VECTOR('',#12718,10.);
#3024=VECTOR('',#12723,10.);
#3025=VECTOR('',#12726,10.);
#3026=VECTOR('',#12729,10.);
#3027=VECTOR('',#12730,10.);
#3028=VECTOR('',#12739,10.);
#3029=VECTOR('',#12742,10.);
#3030=VECTOR('',#12743,10.);
#3031=VECTOR('',#12748,10.);
#3032=VECTOR('',#12751,10.);
#3033=VECTOR('',#12754,0.7);
#3034=VECTOR('',#12755,10.);
#3035=VECTOR('',#12756,0.7);
#3036=VECTOR('',#12759,10.);
#3037=VECTOR('',#12764,10.);
#3038=VECTOR('',#12765,10.);
#3039=VECTOR('',#12768,10.);
#3040=VECTOR('',#12773,10.);
#3041=VECTOR('',#12774,10.);
#3042=VECTOR('',#12777,10.);
#3043=VECTOR('',#12782,10.);
#3044=VECTOR('',#12783,10.);
#3045=VECTOR('',#12786,0.7);
#3046=VECTOR('',#12791,10.);
#3047=VECTOR('',#12796,10.);
#3048=VECTOR('',#12797,10.);
#3049=VECTOR('',#12804,10.);
#3050=VECTOR('',#12805,10.);
#3051=VECTOR('',#12810,10.);
#3052=VECTOR('',#12813,10.);
#3053=VECTOR('',#12814,10.);
#3054=VECTOR('',#12819,10.);
#3055=VECTOR('',#12822,10.);
#3056=VECTOR('',#12825,10.);
#3057=VECTOR('',#12830,10.);
#3058=VECTOR('',#12831,10.);
#3059=VECTOR('',#12838,10.);
#3060=VECTOR('',#12839,10.);
#3061=VECTOR('',#12844,10.);
#3062=VECTOR('',#12847,10.);
#3063=VECTOR('',#12848,10.);
#3064=VECTOR('',#12853,10.);
#3065=VECTOR('',#12856,10.);
#3066=VECTOR('',#12859,0.7);
#3067=VECTOR('',#12862,10.);
#3068=VECTOR('',#12865,0.7);
#3069=VECTOR('',#12866,10.);
#3070=VECTOR('',#12869,10.);
#3071=VECTOR('',#12874,10.);
#3072=VECTOR('',#12875,10.);
#3073=VECTOR('',#12878,10.);
#3074=VECTOR('',#12883,10.);
#3075=VECTOR('',#12884,10.);
#3076=VECTOR('',#12887,10.);
#3077=VECTOR('',#12892,10.);
#3078=VECTOR('',#12893,10.);
#3079=VECTOR('',#12896,10.);
#3080=VECTOR('',#12901,10.);
#3081=VECTOR('',#12906,10.);
#3082=VECTOR('',#12907,10.);
#3083=VECTOR('',#12914,10.);
#3084=VECTOR('',#12915,10.);
#3085=VECTOR('',#12920,10.);
#3086=VECTOR('',#12923,10.);
#3087=VECTOR('',#12924,10.);
#3088=VECTOR('',#12929,10.);
#3089=VECTOR('',#12932,10.);
#3090=VECTOR('',#12935,10.);
#3091=VECTOR('',#12936,10.);
#3092=VECTOR('',#12941,10.);
#3093=VECTOR('',#12944,10.);
#3094=VECTOR('',#12945,10.);
#3095=VECTOR('',#12950,10.);
#3096=VECTOR('',#12953,10.);
#3097=VECTOR('',#12956,10.);
#3098=VECTOR('',#12957,10.);
#3099=VECTOR('',#12964,0.7);
#3100=VECTOR('',#12965,10.);
#3101=VECTOR('',#12966,0.7);
#3102=VECTOR('',#12969,10.);
#3103=VECTOR('',#12974,10.);
#3104=VECTOR('',#12975,10.);
#3105=VECTOR('',#12978,10.);
#3106=VECTOR('',#12983,10.);
#3107=VECTOR('',#12984,10.);
#3108=VECTOR('',#12987,10.);
#3109=VECTOR('',#12992,10.);
#3110=VECTOR('',#12993,10.);
#3111=VECTOR('',#12996,0.7);
#3112=VECTOR('',#13001,10.);
#3113=VECTOR('',#13006,10.);
#3114=VECTOR('',#13011,10.);
#3115=VECTOR('',#13012,10.);
#3116=VECTOR('',#13019,10.);
#3117=VECTOR('',#13020,10.);
#3118=VECTOR('',#13025,10.);
#3119=VECTOR('',#13028,10.);
#3120=VECTOR('',#13029,10.);
#3121=VECTOR('',#13034,10.);
#3122=VECTOR('',#13037,10.);
#3123=VECTOR('',#13040,10.);
#3124=VECTOR('',#13041,10.);
#3125=VECTOR('',#13046,10.);
#3126=VECTOR('',#13049,10.);
#3127=VECTOR('',#13050,10.);
#3128=VECTOR('',#13055,10.);
#3129=VECTOR('',#13058,10.);
#3130=VECTOR('',#13061,10.);
#3131=VECTOR('',#13062,10.);
#3132=VECTOR('',#13069,0.7);
#3133=VECTOR('',#13070,10.);
#3134=VECTOR('',#13071,0.7);
#3135=VECTOR('',#13074,10.);
#3136=VECTOR('',#13079,10.);
#3137=VECTOR('',#13080,10.);
#3138=VECTOR('',#13083,10.);
#3139=VECTOR('',#13088,10.);
#3140=VECTOR('',#13089,10.);
#3141=VECTOR('',#13092,10.);
#3142=VECTOR('',#13097,10.);
#3143=VECTOR('',#13098,10.);
#3144=VECTOR('',#13101,0.7);
#3145=VECTOR('',#13106,10.);
#3146=VECTOR('',#13111,10.);
#3147=VECTOR('',#13112,10.);
#3148=VECTOR('',#13119,10.);
#3149=VECTOR('',#13124,10.);
#3150=VECTOR('',#13125,10.);
#3151=VECTOR('',#13130,10.);
#3152=VECTOR('',#13133,10.);
#3153=VECTOR('',#13134,10.);
#3154=VECTOR('',#13139,10.);
#3155=VECTOR('',#13142,10.);
#3156=VECTOR('',#13145,10.);
#3157=VECTOR('',#13146,10.);
#3158=VECTOR('',#13153,10.);
#3159=VECTOR('',#13154,10.);
#3160=VECTOR('',#13159,10.);
#3161=VECTOR('',#13162,10.);
#3162=VECTOR('',#13163,10.);
#3163=VECTOR('',#13168,10.);
#3164=VECTOR('',#13171,10.);
#3165=VECTOR('',#13174,0.7);
#3166=VECTOR('',#13175,10.);
#3167=VECTOR('',#13176,0.7);
#3168=VECTOR('',#13179,10.);
#3169=VECTOR('',#13184,10.);
#3170=VECTOR('',#13185,10.);
#3171=VECTOR('',#13188,10.);
#3172=VECTOR('',#13193,10.);
#3173=VECTOR('',#13194,10.);
#3174=VECTOR('',#13197,10.);
#3175=VECTOR('',#13202,10.);
#3176=VECTOR('',#13203,10.);
#3177=VECTOR('',#13206,0.7);
#3178=VECTOR('',#13211,10.);
#3179=VECTOR('',#13216,10.);
#3180=VECTOR('',#13217,10.);
#3181=VECTOR('',#13224,10.);
#3182=VECTOR('',#13229,10.);
#3183=VECTOR('',#13230,10.);
#3184=VECTOR('',#13235,10.);
#3185=VECTOR('',#13238,10.);
#3186=VECTOR('',#13239,10.);
#3187=VECTOR('',#13244,10.);
#3188=VECTOR('',#13247,10.);
#3189=VECTOR('',#13250,10.);
#3190=VECTOR('',#13251,10.);
#3191=VECTOR('',#13258,10.);
#3192=VECTOR('',#13259,10.);
#3193=VECTOR('',#13264,10.);
#3194=VECTOR('',#13267,10.);
#3195=VECTOR('',#13268,10.);
#3196=VECTOR('',#13273,10.);
#3197=VECTOR('',#13276,10.);
#3198=VECTOR('',#13279,0.7);
#3199=VECTOR('',#13280,10.);
#3200=VECTOR('',#13281,0.7);
#3201=VECTOR('',#13284,10.);
#3202=VECTOR('',#13289,10.);
#3203=VECTOR('',#13290,10.);
#3204=VECTOR('',#13293,10.);
#3205=VECTOR('',#13298,10.);
#3206=VECTOR('',#13299,10.);
#3207=VECTOR('',#13302,10.);
#3208=VECTOR('',#13307,10.);
#3209=VECTOR('',#13308,10.);
#3210=VECTOR('',#13311,0.7);
#3211=VECTOR('',#13316,10.);
#3212=VECTOR('',#13321,10.);
#3213=VECTOR('',#13322,10.);
#3214=VECTOR('',#13329,10.);
#3215=VECTOR('',#13334,10.);
#3216=VECTOR('',#13335,10.);
#3217=VECTOR('',#13340,10.);
#3218=VECTOR('',#13343,10.);
#3219=VECTOR('',#13344,10.);
#3220=VECTOR('',#13349,10.);
#3221=VECTOR('',#13352,10.);
#3222=VECTOR('',#13355,10.);
#3223=VECTOR('',#13356,10.);
#3224=VECTOR('',#13363,10.);
#3225=VECTOR('',#13364,10.);
#3226=VECTOR('',#13369,10.);
#3227=VECTOR('',#13372,10.);
#3228=VECTOR('',#13373,10.);
#3229=VECTOR('',#13378,10.);
#3230=VECTOR('',#13381,10.);
#3231=VECTOR('',#13384,0.7);
#3232=VECTOR('',#13385,10.);
#3233=VECTOR('',#13386,0.7);
#3234=VECTOR('',#13389,10.);
#3235=VECTOR('',#13394,10.);
#3236=VECTOR('',#13395,10.);
#3237=VECTOR('',#13398,10.);
#3238=VECTOR('',#13403,10.);
#3239=VECTOR('',#13404,10.);
#3240=VECTOR('',#13407,10.);
#3241=VECTOR('',#13412,10.);
#3242=VECTOR('',#13413,10.);
#3243=VECTOR('',#13416,0.7);
#3244=VECTOR('',#13421,10.);
#3245=VECTOR('',#13426,10.);
#3246=VECTOR('',#13427,10.);
#3247=VECTOR('',#13430,10.);
#3248=VECTOR('',#13435,10.);
#3249=VECTOR('',#13436,10.);
#3250=VECTOR('',#13445,10.);
#3251=VECTOR('',#13448,10.);
#3252=VECTOR('',#13449,10.);
#3253=VECTOR('',#13454,10.);
#3254=VECTOR('',#13457,10.);
#3255=VECTOR('',#13460,10.);
#3256=VECTOR('',#13461,10.);
#3257=VECTOR('',#13466,10.);
#3258=VECTOR('',#13469,10.);
#3259=VECTOR('',#13470,10.);
#3260=VECTOR('',#13475,10.);
#3261=VECTOR('',#13478,10.);
#3262=VECTOR('',#13481,10.);
#3263=VECTOR('',#13482,10.);
#3264=VECTOR('',#13489,0.7);
#3265=VECTOR('',#13492,10.);
#3266=VECTOR('',#13495,0.7);
#3267=VECTOR('',#13496,10.);
#3268=VECTOR('',#13499,10.);
#3269=VECTOR('',#13504,10.);
#3270=VECTOR('',#13505,10.);
#3271=VECTOR('',#13508,10.);
#3272=VECTOR('',#13513,10.);
#3273=VECTOR('',#13514,10.);
#3274=VECTOR('',#13517,10.);
#3275=VECTOR('',#13522,10.);
#3276=VECTOR('',#13523,10.);
#3277=VECTOR('',#13526,10.);
#3278=VECTOR('',#13531,10.);
#3279=VECTOR('',#13536,10.);
#3280=VECTOR('',#13537,10.);
#3281=VECTOR('',#13544,10.);
#3282=VECTOR('',#13545,10.);
#3283=VECTOR('',#13550,10.);
#3284=VECTOR('',#13553,10.);
#3285=VECTOR('',#13554,10.);
#3286=VECTOR('',#13559,10.);
#3287=VECTOR('',#13562,10.);
#3288=VECTOR('',#13565,10.);
#3289=VECTOR('',#13566,10.);
#3290=VECTOR('',#13571,10.);
#3291=VECTOR('',#13574,10.);
#3292=VECTOR('',#13575,10.);
#3293=VECTOR('',#13580,10.);
#3294=VECTOR('',#13583,10.);
#3295=VECTOR('',#13586,10.);
#3296=VECTOR('',#13587,10.);
#3297=VECTOR('',#13594,0.7);
#3298=VECTOR('',#13595,10.);
#3299=VECTOR('',#13596,0.7);
#3300=VECTOR('',#13599,10.);
#3301=VECTOR('',#13604,10.);
#3302=VECTOR('',#13605,10.);
#3303=VECTOR('',#13608,10.);
#3304=VECTOR('',#13613,10.);
#3305=VECTOR('',#13614,10.);
#3306=VECTOR('',#13617,10.);
#3307=VECTOR('',#13622,10.);
#3308=VECTOR('',#13623,10.);
#3309=VECTOR('',#13626,0.7);
#3310=VECTOR('',#13631,10.);
#3311=VECTOR('',#13636,10.);
#3312=VECTOR('',#13637,10.);
#3313=VECTOR('',#13644,10.);
#3314=VECTOR('',#13645,10.);
#3315=VECTOR('',#13650,10.);
#3316=VECTOR('',#13653,10.);
#3317=VECTOR('',#13654,10.);
#3318=VECTOR('',#13659,10.);
#3319=VECTOR('',#13662,10.);
#3320=VECTOR('',#13665,10.);
#3321=VECTOR('',#13666,10.);
#3322=VECTOR('',#13671,10.);
#3323=VECTOR('',#13674,10.);
#3324=VECTOR('',#13675,10.);
#3325=VECTOR('',#13680,10.);
#3326=VECTOR('',#13683,10.);
#3327=VECTOR('',#13686,10.);
#3328=VECTOR('',#13691,10.);
#3329=VECTOR('',#13692,10.);
#3330=VECTOR('',#13699,0.7);
#3331=VECTOR('',#13702,10.);
#3332=VECTOR('',#13705,0.7);
#3333=VECTOR('',#13706,10.);
#3334=VECTOR('',#13709,10.);
#3335=VECTOR('',#13714,10.);
#3336=VECTOR('',#13715,10.);
#3337=VECTOR('',#13718,10.);
#3338=VECTOR('',#13723,10.);
#3339=VECTOR('',#13724,10.);
#3340=VECTOR('',#13727,10.);
#3341=VECTOR('',#13732,10.);
#3342=VECTOR('',#13733,10.);
#3343=VECTOR('',#13736,10.);
#3344=VECTOR('',#13741,10.);
#3345=VECTOR('',#13742,10.);
#3346=VECTOR('',#13749,10.);
#3347=VECTOR('',#13750,10.);
#3348=VECTOR('',#13755,10.);
#3349=VECTOR('',#13758,10.);
#3350=VECTOR('',#13759,10.);
#3351=VECTOR('',#13764,10.);
#3352=VECTOR('',#13767,10.);
#3353=VECTOR('',#13770,10.);
#3354=VECTOR('',#13771,10.);
#3355=VECTOR('',#13776,10.);
#3356=VECTOR('',#13779,10.);
#3357=VECTOR('',#13780,10.);
#3358=VECTOR('',#13785,10.);
#3359=VECTOR('',#13788,10.);
#3360=VECTOR('',#13791,10.);
#3361=VECTOR('',#13796,10.);
#3362=VECTOR('',#13797,10.);
#3363=VECTOR('',#13804,0.7);
#3364=VECTOR('',#13807,10.);
#3365=VECTOR('',#13810,0.7);
#3366=VECTOR('',#13811,10.);
#3367=VECTOR('',#13814,10.);
#3368=VECTOR('',#13819,10.);
#3369=VECTOR('',#13820,10.);
#3370=VECTOR('',#13823,10.);
#3371=VECTOR('',#13828,10.);
#3372=VECTOR('',#13829,10.);
#3373=VECTOR('',#13832,10.);
#3374=VECTOR('',#13837,10.);
#3375=VECTOR('',#13838,10.);
#3376=VECTOR('',#13841,10.);
#3377=VECTOR('',#13846,10.);
#3378=VECTOR('',#13847,10.);
#3379=VECTOR('',#13854,10.);
#3380=VECTOR('',#13855,10.);
#3381=VECTOR('',#13860,10.);
#3382=VECTOR('',#13863,10.);
#3383=VECTOR('',#13864,10.);
#3384=VECTOR('',#13869,10.);
#3385=VECTOR('',#13872,10.);
#3386=VECTOR('',#13875,10.);
#3387=VECTOR('',#13876,10.);
#3388=VECTOR('',#13881,10.);
#3389=VECTOR('',#13884,10.);
#3390=VECTOR('',#13885,10.);
#3391=VECTOR('',#13890,10.);
#3392=VECTOR('',#13893,10.);
#3393=VECTOR('',#13896,10.);
#3394=VECTOR('',#13901,10.);
#3395=VECTOR('',#13902,10.);
#3396=VECTOR('',#13909,0.7);
#3397=VECTOR('',#13912,10.);
#3398=VECTOR('',#13915,0.7);
#3399=VECTOR('',#13916,10.);
#3400=VECTOR('',#13919,10.);
#3401=VECTOR('',#13924,10.);
#3402=VECTOR('',#13925,10.);
#3403=VECTOR('',#13928,10.);
#3404=VECTOR('',#13933,10.);
#3405=VECTOR('',#13934,10.);
#3406=VECTOR('',#13937,10.);
#3407=VECTOR('',#13942,10.);
#3408=VECTOR('',#13943,10.);
#3409=VECTOR('',#13948,10.);
#3410=VECTOR('',#13951,10.);
#3411=VECTOR('',#13954,10.);
#3412=VECTOR('',#13955,10.);
#3413=VECTOR('',#13956,10.);
#3414=VECTOR('',#13963,10.);
#3415=VECTOR('',#13966,10.);
#3416=VECTOR('',#13967,10.);
#3417=VECTOR('',#13968,10.);
#3418=VECTOR('',#13969,10.);
#3419=VECTOR('',#13974,10.);
#3420=VECTOR('',#13977,10.);
#3421=VECTOR('',#13980,10.);
#3422=VECTOR('',#13983,10.);
#3423=VECTOR('',#13986,10.);
#3424=VECTOR('',#13993,10.);
#3425=VECTOR('',#13996,10.);
#3426=VECTOR('',#13999,10.);
#3427=VECTOR('',#14002,10.);
#3428=VECTOR('',#14005,10.);
#3429=VECTOR('',#14008,10.);
#3430=VECTOR('',#14011,10.);
#3431=VECTOR('',#14012,10.);
#3432=VECTOR('',#14015,10.);
#3433=VECTOR('',#14020,10.);
#3434=VECTOR('',#14021,10.);
#3435=VECTOR('',#14024,10.);
#3436=VECTOR('',#14027,10.);
#3437=VECTOR('',#14028,10.);
#3438=VECTOR('',#14033,10.);
#3439=VECTOR('',#14036,10.);
#3440=VECTOR('',#14037,10.);
#3441=VECTOR('',#14040,10.);
#3442=VECTOR('',#14043,10.);
#3443=VECTOR('',#14046,10.);
#3444=VECTOR('',#14049,10.);
#3445=VECTOR('',#14052,10.);
#3446=VECTOR('',#14055,10.);
#3447=VECTOR('',#14062,10.);
#3448=VECTOR('',#14065,10.);
#3449=VECTOR('',#14078,0.519);
#3450=VECTOR('',#14083,1.038);
#3451=VECTOR('',#14088,10.);
#3452=VECTOR('',#14091,10.);
#3453=VECTOR('',#14096,10.);
#3454=VECTOR('',#14099,10.);
#3455=VECTOR('',#14102,10.);
#3456=VECTOR('',#14103,10.);
#3457=VECTOR('',#14106,10.);
#3458=VECTOR('',#14109,10.);
#3459=VECTOR('',#14112,10.);
#3460=VECTOR('',#14115,10.);
#3461=VECTOR('',#14118,10.);
#3462=VECTOR('',#14121,10.);
#3463=VECTOR('',#14124,10.);
#3464=VECTOR('',#14127,10.);
#3465=VECTOR('',#14130,10.);
#3466=VECTOR('',#14133,10.);
#3467=VECTOR('',#14136,10.);
#3468=VECTOR('',#14139,10.);
#3469=VECTOR('',#14142,10.);
#3470=VECTOR('',#14145,10.);
#3471=VECTOR('',#14148,10.);
#3472=VECTOR('',#14151,10.);
#3473=VECTOR('',#14154,10.);
#3474=VECTOR('',#14157,10.);
#3475=VECTOR('',#14160,10.);
#3476=VECTOR('',#14163,10.);
#3477=VECTOR('',#14166,10.);
#3478=VECTOR('',#14169,10.);
#3479=VECTOR('',#14172,10.);
#3480=VECTOR('',#14175,10.);
#3481=VECTOR('',#14180,10.);
#3482=VECTOR('',#14183,10.);
#3483=VECTOR('',#14186,10.);
#3484=VECTOR('',#14189,10.);
#3485=VECTOR('',#14192,10.);
#3486=VECTOR('',#14195,10.);
#3487=VECTOR('',#14198,10.);
#3488=VECTOR('',#14201,10.);
#3489=VECTOR('',#14204,10.);
#3490=VECTOR('',#14207,10.);
#3491=VECTOR('',#14210,10.);
#3492=VECTOR('',#14213,10.);
#3493=VECTOR('',#14216,10.);
#3494=VECTOR('',#14219,10.);
#3495=VECTOR('',#14222,10.);
#3496=VECTOR('',#14225,10.);
#3497=VECTOR('',#14226,10.);
#3498=VECTOR('',#14229,10.);
#3499=VECTOR('',#14232,10.);
#3500=VECTOR('',#14235,10.);
#3501=VECTOR('',#14240,10.);
#3502=VECTOR('',#14243,10.);
#3503=VECTOR('',#14246,10.);
#3504=VECTOR('',#14249,10.);
#3505=VECTOR('',#14250,10.);
#3506=VECTOR('',#14253,10.);
#3507=VECTOR('',#14256,10.);
#3508=VECTOR('',#14259,10.);
#3509=VECTOR('',#14262,10.);
#3510=VECTOR('',#14263,10.);
#3511=VECTOR('',#14266,10.);
#3512=VECTOR('',#14269,10.);
#3513=VECTOR('',#14272,10.);
#3514=VECTOR('',#14275,10.);
#3515=VECTOR('',#14276,10.);
#3516=VECTOR('',#14279,10.);
#3517=VECTOR('',#14282,10.);
#3518=VECTOR('',#14285,10.);
#3519=VECTOR('',#14288,10.);
#3520=VECTOR('',#14291,10.);
#3521=VECTOR('',#14294,10.);
#3522=VECTOR('',#14297,10.);
#3523=VECTOR('',#14300,10.);
#3524=VECTOR('',#14303,10.);
#3525=VECTOR('',#14306,10.);
#3526=VECTOR('',#14309,10.);
#3527=VECTOR('',#14312,10.);
#3528=VECTOR('',#14315,10.);
#3529=VECTOR('',#14318,10.);
#3530=VECTOR('',#14321,10.);
#3531=VECTOR('',#14324,10.);
#3532=VECTOR('',#14327,10.);
#3533=VECTOR('',#14330,10.);
#3534=VECTOR('',#14333,10.);
#3535=VECTOR('',#14336,10.);
#3536=VECTOR('',#14339,10.);
#3537=VECTOR('',#14342,10.);
#3538=VECTOR('',#14345,10.);
#3539=VECTOR('',#14352,0.40575);
#3540=VECTOR('',#14355,0.8115);
#3541=VECTOR('',#14360,0.40575);
#3542=VECTOR('',#14363,0.8115);
#3543=VECTOR('',#14368,0.40575);
#3544=VECTOR('',#14371,0.8115);
#3545=VECTOR('',#14376,0.40575);
#3546=VECTOR('',#14379,0.8115);
#3547=VECTOR('',#14384,10.);
#3548=VECTOR('',#14385,10.);
#3549=VECTOR('',#14388,10.);
#3550=VECTOR('',#14395,10.);
#3551=VECTOR('',#14396,10.);
#3552=VECTOR('',#14399,10.);
#3553=VECTOR('',#14400,10.);
#3554=VECTOR('',#14405,10.);
#3555=VECTOR('',#14406,10.);
#3556=VECTOR('',#14411,10.);
#3557=VECTOR('',#14414,10.);
#3558=VECTOR('',#14417,10.);
#3559=VECTOR('',#14422,10.);
#3560=VECTOR('',#14427,10.);
#3561=VECTOR('',#14428,10.);
#3562=VECTOR('',#14435,10.);
#3563=VECTOR('',#14438,10.);
#3564=VECTOR('',#14441,10.);
#3565=VECTOR('',#14444,10.);
#3566=VECTOR('',#14447,10.);
#3567=VECTOR('',#14452,10.);
#3568=VECTOR('',#14453,10.);
#3569=VECTOR('',#14456,10.);
#3570=VECTOR('',#14457,10.);
#3571=VECTOR('',#14460,10.);
#3572=VECTOR('',#14465,10.);
#3573=VECTOR('',#14468,10.);
#3574=VECTOR('',#14471,10.);
#3575=VECTOR('',#14472,10.);
#3576=VECTOR('',#14475,10.);
#3577=VECTOR('',#14478,10.);
#3578=VECTOR('',#14483,10.);
#3579=VECTOR('',#14488,10.);
#3580=VECTOR('',#14491,10.);
#3581=VECTOR('',#14492,10.);
#3582=VECTOR('',#14493,10.);
#3583=VECTOR('',#14498,10.);
#3584=VECTOR('',#14503,10.);
#3585=VECTOR('',#14508,10.);
#3586=VECTOR('',#14511,10.);
#3587=VECTOR('',#14516,10.);
#3588=VECTOR('',#14517,10.);
#3589=VECTOR('',#14520,10.);
#3590=VECTOR('',#14523,10.);
#3591=VECTOR('',#14526,10.);
#3592=VECTOR('',#14529,10.);
#3593=VECTOR('',#14532,10.);
#3594=VECTOR('',#14535,10.);
#3595=VECTOR('',#14538,10.);
#3596=VECTOR('',#14541,10.);
#3597=VECTOR('',#14544,10.);
#3598=VECTOR('',#14547,10.);
#3599=VECTOR('',#14550,10.);
#3600=VECTOR('',#14553,10.);
#3601=VECTOR('',#14556,10.);
#3602=VECTOR('',#14559,10.);
#3603=VECTOR('',#14562,10.);
#3604=VECTOR('',#14565,10.);
#3605=VECTOR('',#14568,10.);
#3606=VECTOR('',#14571,10.);
#3607=VECTOR('',#14574,10.);
#3608=VECTOR('',#14577,10.);
#3609=VECTOR('',#14580,10.);
#3610=VECTOR('',#14583,10.);
#3611=VECTOR('',#14586,10.);
#3612=VECTOR('',#14589,10.);
#3613=VECTOR('',#14592,10.);
#3614=VECTOR('',#14595,10.);
#3615=VECTOR('',#14596,10.);
#3616=VECTOR('',#14599,10.);
#3617=VECTOR('',#14602,10.);
#3618=VECTOR('',#14605,10.);
#3619=VECTOR('',#14608,10.);
#3620=VECTOR('',#14613,10.);
#3621=VECTOR('',#14616,10.);
#3622=VECTOR('',#14617,10.);
#3623=VECTOR('',#14622,10.);
#3624=VECTOR('',#14623,10.);
#3625=VECTOR('',#14628,0.7);
#3626=VECTOR('',#14631,10.);
#3627=VECTOR('',#14634,10.);
#3628=VECTOR('',#14635,10.);
#3629=VECTOR('',#14640,10.);
#3630=VECTOR('',#14641,10.);
#3631=VECTOR('',#14646,0.7);
#3632=VECTOR('',#14649,0.7);
#3633=VECTOR('',#14652,0.7);
#3634=VECTOR('',#14655,0.7);
#3635=VECTOR('',#14658,10.);
#3636=VECTOR('',#14659,10.);
#3637=VECTOR('',#14664,10.);
#3638=VECTOR('',#14665,0.7);
#3639=VECTOR('',#14668,10.);
#3640=VECTOR('',#14669,10.);
#3641=VECTOR('',#14674,10.);
#3642=VECTOR('',#14675,0.7);
#3643=VECTOR('',#14678,10.);
#3644=VECTOR('',#14679,10.);
#3645=VECTOR('',#14684,10.);
#3646=VECTOR('',#14685,0.7);
#3647=VECTOR('',#14688,10.);
#3648=VECTOR('',#14689,10.);
#3649=VECTOR('',#14694,10.);
#3650=VECTOR('',#14695,0.7);
#3651=VECTOR('',#14698,10.);
#3652=VECTOR('',#14701,10.);
#3653=VECTOR('',#14702,10.);
#3654=VECTOR('',#14707,10.);
#3655=VECTOR('',#14708,10.);
#3656=VECTOR('',#14713,10.);
#3657=VECTOR('',#14714,10.);
#3658=VECTOR('',#14719,10.);
#3659=VECTOR('',#14720,10.);
#3660=VECTOR('',#14725,10.);
#3661=VECTOR('',#14726,10.);
#3662=VECTOR('',#14731,10.);
#3663=VECTOR('',#14732,10.);
#3664=VECTOR('',#14737,10.);
#3665=VECTOR('',#14740,10.);
#3666=VECTOR('',#14741,10.);
#3667=VECTOR('',#14746,10.);
#3668=VECTOR('',#14749,10.);
#3669=VECTOR('',#14750,10.);
#3670=VECTOR('',#14755,10.);
#3671=VECTOR('',#14758,10.);
#3672=VECTOR('',#14759,10.);
#3673=VECTOR('',#14764,10.);
#3674=VECTOR('',#14767,10.);
#3675=VECTOR('',#14768,10.);
#3676=VECTOR('',#14773,0.7);
#3677=VECTOR('',#14776,10.);
#3678=VECTOR('',#14779,10.);
#3679=VECTOR('',#14780,10.);
#3680=VECTOR('',#14785,10.);
#3681=VECTOR('',#14788,10.);
#3682=VECTOR('',#14789,10.);
#3683=VECTOR('',#14794,0.7);
#3684=VECTOR('',#14797,10.);
#3685=VECTOR('',#14798,0.7);
#3686=VECTOR('',#14801,10.);
#3687=VECTOR('',#14802,10.);
#3688=VECTOR('',#14807,10.);
#3689=VECTOR('',#14808,0.7);
#3690=VECTOR('',#14811,10.);
#3691=VECTOR('',#14812,10.);
#3692=VECTOR('',#14817,10.);
#3693=VECTOR('',#14818,0.7);
#3694=VECTOR('',#14821,10.);
#3695=VECTOR('',#14822,10.);
#3696=VECTOR('',#14827,10.);
#3697=VECTOR('',#14828,0.7);
#3698=VECTOR('',#14831,10.);
#3699=VECTOR('',#14832,10.);
#3700=VECTOR('',#14837,10.);
#3701=VECTOR('',#14838,0.7);
#3702=VECTOR('',#14841,10.);
#3703=VECTOR('',#14842,10.);
#3704=VECTOR('',#14847,10.);
#3705=VECTOR('',#14848,0.7);
#3706=VECTOR('',#14851,10.);
#3707=VECTOR('',#14852,10.);
#3708=VECTOR('',#14857,10.);
#3709=VECTOR('',#14858,0.7);
#3710=VECTOR('',#14861,10.);
#3711=VECTOR('',#14862,10.);
#3712=VECTOR('',#14867,10.);
#3713=VECTOR('',#14868,0.7);
#3714=VECTOR('',#14871,10.);
#3715=VECTOR('',#14872,0.7);
#3716=VECTOR('',#14875,10.);
#3717=VECTOR('',#14876,10.);
#3718=VECTOR('',#14881,10.);
#3719=VECTOR('',#14882,10.);
#3720=VECTOR('',#14887,10.);
#3721=VECTOR('',#14888,10.);
#3722=VECTOR('',#14893,10.);
#3723=VECTOR('',#14894,10.);
#3724=VECTOR('',#14899,10.);
#3725=VECTOR('',#14900,10.);
#3726=VECTOR('',#14905,10.);
#3727=VECTOR('',#14906,0.7);
#3728=VECTOR('',#14909,10.);
#3729=VECTOR('',#14910,0.7);
#3730=VECTOR('',#14913,10.);
#3731=VECTOR('',#14914,0.7);
#3732=VECTOR('',#14981,10.);
#3733=VECTOR('',#14982,10.);
#3734=VECTOR('',#14985,10.);
#3735=VECTOR('',#14988,10.);
#3736=VECTOR('',#14991,10.);
#3737=VECTOR('',#14994,10.);
#3738=CIRCLE('',#10789,1.2);
#3739=CIRCLE('',#10790,0.699999999999999);
#3740=CIRCLE('',#10793,0.699999999999998);
#3741=CIRCLE('',#10794,1.19999999999999);
#3742=CIRCLE('',#10797,0.7);
#3743=CIRCLE('',#10798,1.2);
#3744=CIRCLE('',#10801,0.7);
#3745=CIRCLE('',#10802,1.2);
#3746=CIRCLE('',#10806,0.7);
#3747=CIRCLE('',#10807,1.2);
#3748=CIRCLE('',#10810,0.7);
#3749=CIRCLE('',#10811,1.2);
#3750=CIRCLE('',#10814,1.2);
#3751=CIRCLE('',#10815,0.699999999999997);
#3752=CIRCLE('',#10818,0.699999999999996);
#3753=CIRCLE('',#10819,1.2);
#3754=CIRCLE('',#10821,0.699999999999999);
#3755=CIRCLE('',#10824,0.699999999999998);
#3756=CIRCLE('',#10827,0.7);
#3757=CIRCLE('',#10830,0.7);
#3758=CIRCLE('',#10833,0.999999999999996);
#3759=CIRCLE('',#10834,1.);
#3760=CIRCLE('',#10835,9.3);
#3761=CIRCLE('',#10836,9.30000000000001);
#3762=CIRCLE('',#10837,1.20000000000001);
#3763=CIRCLE('',#10838,1.2);
#3764=CIRCLE('',#10839,1.2);
#3765=CIRCLE('',#10840,1.20000000000001);
#3766=CIRCLE('',#10841,1.20000000000001);
#3767=CIRCLE('',#10842,1.2);
#3768=CIRCLE('',#10843,1.2);
#3769=CIRCLE('',#10844,1.2);
#3770=CIRCLE('',#10845,1.20000000000001);
#3771=CIRCLE('',#10846,1.2);
#3772=CIRCLE('',#10847,1.2);
#3773=CIRCLE('',#10848,1.2);
#3774=CIRCLE('',#10849,1.2);
#3775=CIRCLE('',#10850,1.2);
#3776=CIRCLE('',#10851,1.2);
#3777=CIRCLE('',#10852,1.2);
#3778=CIRCLE('',#10853,1.2);
#3779=CIRCLE('',#10854,1.2);
#3780=CIRCLE('',#10855,1.2);
#3781=CIRCLE('',#10856,1.2);
#3782=CIRCLE('',#10857,1.2);
#3783=CIRCLE('',#10858,1.2);
#3784=CIRCLE('',#10859,1.2);
#3785=CIRCLE('',#10860,1.2);
#3786=CIRCLE('',#10861,1.2);
#3787=CIRCLE('',#10862,1.2);
#3788=CIRCLE('',#10863,1.2);
#3789=CIRCLE('',#10864,1.2);
#3790=CIRCLE('',#10865,1.2);
#3791=CIRCLE('',#10866,1.2);
#3792=CIRCLE('',#10867,1.2);
#3793=CIRCLE('',#10868,1.2);
#3794=CIRCLE('',#10869,1.2);
#3795=CIRCLE('',#10870,1.2);
#3796=CIRCLE('',#10871,1.2);
#3797=CIRCLE('',#10872,1.20000000000001);
#3798=CIRCLE('',#10873,1.19999999999999);
#3799=CIRCLE('',#10874,1.2);
#3800=CIRCLE('',#10875,1.2);
#3801=CIRCLE('',#10876,1.2);
#3802=CIRCLE('',#10877,1.2);
#3803=CIRCLE('',#10878,1.2);
#3804=CIRCLE('',#10879,1.2);
#3805=CIRCLE('',#10880,1.2);
#3806=CIRCLE('',#10881,1.2);
#3807=CIRCLE('',#10882,1.2);
#3808=CIRCLE('',#10883,1.2);
#3809=CIRCLE('',#10884,1.19999999999999);
#3810=CIRCLE('',#10885,1.2);
#3811=CIRCLE('',#10886,1.2);
#3812=CIRCLE('',#10887,1.19999999999999);
#3813=CIRCLE('',#10888,1.19999999999998);
#3814=CIRCLE('',#10889,1.2);
#3815=CIRCLE('',#10890,1.2);
#3816=CIRCLE('',#10891,1.20000000000001);
#3817=CIRCLE('',#10892,1.2);
#3818=CIRCLE('',#10893,1.2);
#3819=CIRCLE('',#10894,1.2);
#3820=CIRCLE('',#10895,1.2);
#3821=CIRCLE('',#10896,1.19999999999999);
#3822=CIRCLE('',#10897,1.2);
#3823=CIRCLE('',#10898,1.2);
#3824=CIRCLE('',#10899,1.19999999999999);
#3825=CIRCLE('',#10900,1.2);
#3826=CIRCLE('',#10901,1.2);
#3827=CIRCLE('',#10902,1.2);
#3828=CIRCLE('',#10903,1.19999999999999);
#3829=CIRCLE('',#10904,1.19999999999999);
#3830=CIRCLE('',#10905,1.2);
#3831=CIRCLE('',#10906,1.2);
#3832=CIRCLE('',#10907,1.19999999999999);
#3833=CIRCLE('',#10908,1.2);
#3834=CIRCLE('',#10909,1.19999999999999);
#3835=CIRCLE('',#10910,1.2);
#3836=CIRCLE('',#10911,1.2);
#3837=CIRCLE('',#10912,1.19999999999999);
#3838=CIRCLE('',#10913,1.2);
#3839=CIRCLE('',#10914,1.2);
#3840=CIRCLE('',#10915,1.2);
#3841=CIRCLE('',#10916,1.2);
#3842=CIRCLE('',#10917,1.2);
#3843=CIRCLE('',#10918,1.2);
#3844=CIRCLE('',#10919,1.2);
#3845=CIRCLE('',#10920,1.2);
#3846=CIRCLE('',#10921,1.2);
#3847=CIRCLE('',#10922,1.2);
#3848=CIRCLE('',#10923,1.2);
#3849=CIRCLE('',#10924,1.20000000000001);
#3850=CIRCLE('',#10925,1.2);
#3851=CIRCLE('',#10926,1.2);
#3852=CIRCLE('',#10927,1.2);
#3853=CIRCLE('',#10928,1.20000000000001);
#3854=CIRCLE('',#10929,1.2);
#3855=CIRCLE('',#10930,1.2);
#3856=CIRCLE('',#10931,1.2);
#3857=CIRCLE('',#10932,1.2);
#3858=CIRCLE('',#10933,1.2);
#3859=CIRCLE('',#10934,1.2);
#3860=CIRCLE('',#10935,1.2);
#3861=CIRCLE('',#10936,1.2);
#3862=CIRCLE('',#10937,1.2);
#3863=CIRCLE('',#10938,1.2);
#3864=CIRCLE('',#10939,1.2);
#3865=CIRCLE('',#10940,1.2);
#3866=CIRCLE('',#10941,1.2);
#3867=CIRCLE('',#10942,1.2);
#3868=CIRCLE('',#10943,1.2);
#3869=CIRCLE('',#10944,1.2);
#3870=CIRCLE('',#10945,1.2);
#3871=CIRCLE('',#10946,1.2);
#3872=CIRCLE('',#10947,1.2);
#3873=CIRCLE('',#10948,1.2);
#3874=CIRCLE('',#10949,1.2);
#3875=CIRCLE('',#10950,1.2);
#3876=CIRCLE('',#10951,1.2);
#3877=CIRCLE('',#10952,1.2);
#3878=CIRCLE('',#10953,1.2);
#3879=CIRCLE('',#10954,1.2);
#3880=CIRCLE('',#10955,1.20000000000001);
#3881=CIRCLE('',#10956,1.2);
#3882=CIRCLE('',#10959,0.700000000000001);
#3883=CIRCLE('',#10962,0.7);
#3884=CIRCLE('',#10964,0.7);
#3885=CIRCLE('',#10967,0.7);
#3886=CIRCLE('',#10970,0.7);
#3887=CIRCLE('',#10974,0.700000000000001);
#3888=CIRCLE('',#10976,0.7);
#3889=CIRCLE('',#10979,0.7);
#3890=CIRCLE('',#10983,0.7);
#3891=CIRCLE('',#10986,0.7);
#3892=CIRCLE('',#10989,0.7);
#3893=CIRCLE('',#10992,0.7);
#3894=CIRCLE('',#10994,0.7);
#3895=CIRCLE('',#10997,0.7);
#3896=CIRCLE('',#11000,0.7);
#3897=CIRCLE('',#11002,0.7);
#3898=CIRCLE('',#11005,0.7);
#3899=CIRCLE('',#11009,0.7);
#3900=CIRCLE('',#11012,0.7);
#3901=CIRCLE('',#11016,0.7);
#3902=CIRCLE('',#11018,0.7);
#3903=CIRCLE('',#11021,0.7);
#3904=CIRCLE('',#11024,0.7);
#3905=CIRCLE('',#11027,0.7);
#3906=CIRCLE('',#11031,0.7);
#3907=CIRCLE('',#11034,0.7);
#3908=CIRCLE('',#11036,0.7);
#3909=CIRCLE('',#11039,0.7);
#3910=CIRCLE('',#11042,0.7);
#3911=CIRCLE('',#11046,0.7);
#3912=CIRCLE('',#11048,0.7);
#3913=CIRCLE('',#11051,0.7);
#3914=CIRCLE('',#11055,0.7);
#3915=CIRCLE('',#11058,0.7);
#3916=CIRCLE('',#11061,0.7);
#3917=CIRCLE('',#11064,0.7);
#3918=CIRCLE('',#11067,0.7);
#3919=CIRCLE('',#11070,0.7);
#3920=CIRCLE('',#11072,0.7);
#3921=CIRCLE('',#11075,0.7);
#3922=CIRCLE('',#11078,0.7);
#3923=CIRCLE('',#11082,0.700000000000001);
#3924=CIRCLE('',#11084,0.7);
#3925=CIRCLE('',#11087,0.7);
#3926=CIRCLE('',#11091,0.7);
#3927=CIRCLE('',#11094,0.7);
#3928=CIRCLE('',#11097,0.7);
#3929=CIRCLE('',#11100,0.7);
#3930=CIRCLE('',#11102,0.7);
#3931=CIRCLE('',#11105,0.699999999999999);
#3932=CIRCLE('',#11108,0.7);
#3933=CIRCLE('',#11111,0.7);
#3934=CIRCLE('',#11114,0.700000000000001);
#3935=CIRCLE('',#11117,0.7);
#3936=CIRCLE('',#11120,0.7);
#3937=CIRCLE('',#11123,0.7);
#3938=CIRCLE('',#11126,0.7);
#3939=CIRCLE('',#11129,0.699999999999999);
#3940=CIRCLE('',#11132,0.7);
#3941=CIRCLE('',#11135,0.7);
#3942=CIRCLE('',#11138,0.700000000000001);
#3943=CIRCLE('',#11140,0.699999999999999);
#3944=CIRCLE('',#11143,0.699999999999999);
#3945=CIRCLE('',#11146,0.7);
#3946=CIRCLE('',#11149,0.7);
#3947=CIRCLE('',#11153,0.7);
#3948=CIRCLE('',#11156,0.7);
#3949=CIRCLE('',#11160,0.699999999999999);
#3950=CIRCLE('',#11163,0.699999999999999);
#3951=CIRCLE('',#11166,0.7);
#3952=CIRCLE('',#11169,0.7);
#3953=CIRCLE('',#11172,0.699999999999999);
#3954=CIRCLE('',#11174,0.699999999999999);
#3955=CIRCLE('',#11176,0.7);
#3956=CIRCLE('',#11179,0.700000000000001);
#3957=CIRCLE('',#11182,0.7);
#3958=CIRCLE('',#11185,0.7);
#3959=CIRCLE('',#11189,0.7);
#3960=CIRCLE('',#11192,0.7);
#3961=CIRCLE('',#11196,0.700000000000001);
#3962=CIRCLE('',#11199,0.7);
#3963=CIRCLE('',#11202,0.7);
#3964=CIRCLE('',#11205,0.7);
#3965=CIRCLE('',#11208,0.7);
#3966=CIRCLE('',#11210,0.7);
#3967=CIRCLE('',#11213,0.699999999999999);
#3968=CIRCLE('',#11215,0.699999999999999);
#3969=CIRCLE('',#11218,0.7);
#3970=CIRCLE('',#11221,0.7);
#3971=CIRCLE('',#11225,0.7);
#3972=CIRCLE('',#11228,0.7);
#3973=CIRCLE('',#11231,0.7);
#3974=CIRCLE('',#11235,0.699999999999999);
#3975=CIRCLE('',#11238,0.7);
#3976=CIRCLE('',#11241,0.7);
#3977=CIRCLE('',#11244,0.699999999999999);
#3978=CIRCLE('',#11246,0.699999999999999);
#3979=CIRCLE('',#11249,0.7);
#3980=CIRCLE('',#11251,0.699999999999999);
#3981=CIRCLE('',#11254,0.7);
#3982=CIRCLE('',#11257,0.7);
#3983=CIRCLE('',#11261,0.699999999999999);
#3984=CIRCLE('',#11264,0.7);
#3985=CIRCLE('',#11267,0.7);
#3986=CIRCLE('',#11271,0.7);
#3987=CIRCLE('',#11274,0.7);
#3988=CIRCLE('',#11277,0.7);
#3989=CIRCLE('',#11280,0.699999999999999);
#3990=CIRCLE('',#11282,0.699999999999999);
#3991=CIRCLE('',#11285,0.699999999999999);
#3992=CIRCLE('',#11287,0.700000000000002);
#3993=CIRCLE('',#11290,0.7);
#3994=CIRCLE('',#11293,0.7);
#3995=CIRCLE('',#11297,0.700000000000004);
#3996=CIRCLE('',#11300,0.7);
#3997=CIRCLE('',#11303,0.7);
#3998=CIRCLE('',#11307,0.699999999999999);
#3999=CIRCLE('',#11310,0.7);
#4000=CIRCLE('',#11313,0.7);
#4001=CIRCLE('',#11316,0.700000000000002);
#4002=CIRCLE('',#11318,0.699999999999999);
#4003=CIRCLE('',#11321,0.700000000000001);
#4004=CIRCLE('',#11324,0.699999999999999);
#4005=CIRCLE('',#11326,0.7);
#4006=CIRCLE('',#11329,0.7);
#4007=CIRCLE('',#11333,0.7);
#4008=CIRCLE('',#11336,0.7);
#4009=CIRCLE('',#11340,0.699999999999999);
#4010=CIRCLE('',#11342,0.699999999999999);
#4011=CIRCLE('',#11345,0.699999999999999);
#4012=CIRCLE('',#11348,0.7);
#4013=CIRCLE('',#11351,0.7);
#4014=CIRCLE('',#11354,0.699999999999999);
#4015=CIRCLE('',#11356,0.700000000000001);
#4016=CIRCLE('',#11359,0.700000000000001);
#4017=CIRCLE('',#11362,0.7);
#4018=CIRCLE('',#11365,0.7);
#4019=CIRCLE('',#11369,0.7);
#4020=CIRCLE('',#11372,0.7);
#4021=CIRCLE('',#11376,0.700000000000001);
#4022=CIRCLE('',#11379,0.700000000000001);
#4023=CIRCLE('',#11382,0.7);
#4024=CIRCLE('',#11385,0.7);
#4025=CIRCLE('',#11388,0.700000000000001);
#4026=CIRCLE('',#11390,0.699999999999997);
#4027=CIRCLE('',#11393,0.700000000000001);
#4028=CIRCLE('',#11396,0.7);
#4029=CIRCLE('',#11399,0.7);
#4030=CIRCLE('',#11403,0.7);
#4031=CIRCLE('',#11406,0.7);
#4032=CIRCLE('',#11409,0.7);
#4033=CIRCLE('',#11412,0.700000000000001);
#4034=CIRCLE('',#11414,0.699999999999997);
#4035=CIRCLE('',#11417,0.700000000000001);
#4036=CIRCLE('',#11420,0.7);
#4037=CIRCLE('',#11423,0.7);
#4038=CIRCLE('',#11426,0.700000000000001);
#4039=CIRCLE('',#11429,0.700000000000001);
#4040=CIRCLE('',#11432,0.7);
#4041=CIRCLE('',#11435,0.7);
#4042=CIRCLE('',#11439,0.7);
#4043=CIRCLE('',#11442,0.7);
#4044=CIRCLE('',#11445,0.699999999999999);
#4045=CIRCLE('',#11448,0.699999999999997);
#4046=CIRCLE('',#11450,0.700000000000001);
#4047=CIRCLE('',#11453,0.700000000000001);
#4048=CIRCLE('',#11456,0.7);
#4049=CIRCLE('',#11459,0.7);
#4050=CIRCLE('',#11462,0.700000000000001);
#4051=CIRCLE('',#11465,0.699999999999999);
#4052=CIRCLE('',#11468,0.7);
#4053=CIRCLE('',#11471,0.7);
#4054=CIRCLE('',#11475,0.7);
#4055=CIRCLE('',#11478,0.7);
#4056=CIRCLE('',#11481,0.699999999999999);
#4057=CIRCLE('',#11484,0.700000000000001);
#4058=CIRCLE('',#11486,0.700000000000001);
#4059=CIRCLE('',#11489,0.699999999999999);
#4060=CIRCLE('',#11492,0.7);
#4061=CIRCLE('',#11495,0.7);
#4062=CIRCLE('',#11498,1.1);
#4063=CIRCLE('',#11499,1.1);
#4064=CIRCLE('',#11502,1.0999999999956);
#4065=CIRCLE('',#11503,1.0999999999956);
#4066=CIRCLE('',#11506,0.999999999999998);
#4067=CIRCLE('',#11507,9.3);
#4068=CIRCLE('',#11508,9.3);
#4069=CIRCLE('',#11509,1.);
#4070=CIRCLE('',#11510,5.199999678834);
#4071=CIRCLE('',#11511,0.75);
#4072=CIRCLE('',#11512,6.199999678834);
#4073=CIRCLE('',#11513,0.75);
#4074=CIRCLE('',#11514,5.199999678834);
#4075=CIRCLE('',#11515,4.20014114816901);
#4076=CIRCLE('',#11516,1.799994481914);
#4077=CIRCLE('',#11517,4.20014031039);
#4078=CIRCLE('',#11518,4.200064257683);
#4079=CIRCLE('',#11519,1.799988571805);
#4080=CIRCLE('',#11520,0.75);
#4081=CIRCLE('',#11521,5.19982156460889);
#4082=CIRCLE('',#11522,0.75);
#4083=CIRCLE('',#11523,5.19999976550002);
#4084=CIRCLE('',#11524,5.20015370463595);
#4085=CIRCLE('',#11525,0.75);
#4086=CIRCLE('',#11526,5.19982156460889);
#4087=CIRCLE('',#11527,0.75);
#4088=CIRCLE('',#11528,1.80000799622599);
#4089=CIRCLE('',#11529,4.20011509454201);
#4090=CIRCLE('',#11530,4.19994275867001);
#4091=CIRCLE('',#11531,1.799996680153);
#4092=CIRCLE('',#11532,4.20011509454201);
#4093=CIRCLE('',#11533,5.19999967883401);
#4094=CIRCLE('',#11534,0.75);
#4095=CIRCLE('',#11535,6.199999678834);
#4096=CIRCLE('',#11536,0.75);
#4097=CIRCLE('',#11537,5.19999967883401);
#4098=CIRCLE('',#11538,0.8115);
#4099=CIRCLE('',#11539,0.8115);
#4100=CIRCLE('',#11540,0.8115);
#4101=CIRCLE('',#11541,0.8115);
#4102=CIRCLE('',#11543,1.03775);
#4103=CIRCLE('',#11545,1.03775);
#4104=CIRCLE('',#11547,2.5);
#4105=CIRCLE('',#11548,2.5);
#4106=CIRCLE('',#11550,2.5);
#4107=CIRCLE('',#11551,2.5);
#4108=CIRCLE('',#11554,4.200028037983);
#4109=CIRCLE('',#11555,1.799988571805);
#4110=CIRCLE('',#11556,4.200064257683);
#4111=CIRCLE('',#11557,4.20014031039);
#4112=CIRCLE('',#11558,1.799994481914);
#4113=CIRCLE('',#11559,4.20014114816901);
#4114=CIRCLE('',#11560,5.199999678834);
#4115=CIRCLE('',#11561,5.19999967883401);
#4116=CIRCLE('',#11562,4.20011509454201);
#4117=CIRCLE('',#11563,1.799996680153);
#4118=CIRCLE('',#11564,4.19994275867001);
#4119=CIRCLE('',#11565,4.20011509454201);
#4120=CIRCLE('',#11566,1.80000799622599);
#4121=CIRCLE('',#11567,4.19982156460895);
#4122=CIRCLE('',#11568,5.20015370463595);
#4123=CIRCLE('',#11569,5.19999976550002);
#4124=CIRCLE('',#11570,0.7);
#4125=CIRCLE('',#11571,0.7);
#4126=CIRCLE('',#11572,0.7);
#4127=CIRCLE('',#11573,0.699999999999999);
#4128=CIRCLE('',#11574,0.7);
#4129=CIRCLE('',#11575,0.7);
#4130=CIRCLE('',#11576,0.7);
#4131=CIRCLE('',#11577,0.699999999999999);
#4132=CIRCLE('',#11578,0.700000000000001);
#4133=CIRCLE('',#11579,0.699999999999999);
#4134=CIRCLE('',#11580,0.7);
#4135=CIRCLE('',#11581,0.7);
#4136=CIRCLE('',#11582,0.699999999999999);
#4137=CIRCLE('',#11583,0.700000000000001);
#4138=CIRCLE('',#11584,0.7);
#4139=CIRCLE('',#11585,0.7);
#4140=CIRCLE('',#11586,0.699999999999999);
#4141=CIRCLE('',#11587,0.699999999999997);
#4142=CIRCLE('',#11588,0.7);
#4143=CIRCLE('',#11589,0.7);
#4144=CIRCLE('',#11590,0.699999999999999);
#4145=CIRCLE('',#11591,0.700000000000001);
#4146=CIRCLE('',#11592,0.7);
#4147=CIRCLE('',#11593,0.7);
#4148=CIRCLE('',#11594,0.699999999999999);
#4149=CIRCLE('',#11595,0.7);
#4150=CIRCLE('',#11596,0.7);
#4151=CIRCLE('',#11597,0.700000000000001);
#4152=CIRCLE('',#11598,0.7);
#4153=CIRCLE('',#11599,0.7);
#4154=CIRCLE('',#11600,0.7);
#4155=CIRCLE('',#11601,0.7);
#4156=CIRCLE('',#11602,0.7);
#4157=CIRCLE('',#11603,0.7);
#4158=CIRCLE('',#11604,0.7);
#4159=CIRCLE('',#11605,0.7);
#4160=CIRCLE('',#11606,0.7);
#4161=CIRCLE('',#11607,0.7);
#4162=CIRCLE('',#11608,0.7);
#4163=CIRCLE('',#11609,0.700000000000001);
#4164=CIRCLE('',#11610,0.7);
#4165=CIRCLE('',#11611,0.7);
#4166=CIRCLE('',#11612,0.699999999999999);
#4167=CIRCLE('',#11613,0.7);
#4168=CIRCLE('',#11614,0.7);
#4169=CIRCLE('',#11615,0.7);
#4170=CIRCLE('',#11616,0.699999999999999);
#4171=CIRCLE('',#11617,0.700000000000004);
#4172=CIRCLE('',#11618,0.7);
#4173=CIRCLE('',#11619,0.7);
#4174=CIRCLE('',#11620,0.699999999999997);
#4175=CIRCLE('',#11621,0.699999999999996);
#4176=CIRCLE('',#11622,0.7);
#4177=CIRCLE('',#11623,0.7);
#4178=CIRCLE('',#11624,0.699999999999999);
#4179=CIRCLE('',#11625,0.700000000000001);
#4180=CIRCLE('',#11626,0.7);
#4181=CIRCLE('',#11627,0.7);
#4182=CIRCLE('',#11628,0.699999999999999);
#4183=CIRCLE('',#11629,0.699999999999999);
#4184=CIRCLE('',#11630,0.7);
#4185=CIRCLE('',#11631,0.7);
#4186=CIRCLE('',#11632,0.700000000000001);
#4187=CIRCLE('',#11633,0.700000000000001);
#4188=CIRCLE('',#11635,0.8115);
#4189=CIRCLE('',#11638,0.8115);
#4190=CIRCLE('',#11641,0.8115);
#4191=CIRCLE('',#11644,0.8115);
#4192=CIRCLE('',#11647,0.75);
#4193=CIRCLE('',#11649,5.19982156460889);
#4194=CIRCLE('',#11651,0.75);
#4195=CIRCLE('',#11654,0.75);
#4196=CIRCLE('',#11656,6.199999678834);
#4197=CIRCLE('',#11658,5.19999967883398);
#4198=CIRCLE('',#11659,0.75);
#4199=CIRCLE('',#11662,0.75);
#4200=CIRCLE('',#11664,6.199999678834);
#4201=CIRCLE('',#11665,0.75);
#4202=CIRCLE('',#11666,5.19999967883398);
#4203=CIRCLE('',#11671,0.75);
#4204=CIRCLE('',#11674,5.19982156460889);
#4205=CIRCLE('',#11675,0.75);
#4206=CIRCLE('',#11676,4.1998215646088);
#4207=CIRCLE('',#11681,5.199999678834);
#4208=CIRCLE('',#11686,4.200028037983);
#4209=CIRCLE('',#11687,4.1998215646088);
#4210=B_SPLINE_CURVE_WITH_KNOTS('',3,(#15008,#15009,#15010,#15011,#15012,
#15013,#15014,#15015,#15016,#15017),.UNSPECIFIED.,.F.,.F.,(4,2,2,2,4),(0.,
0.192193562792518,0.384387125585035,0.576580688377553,0.76877425117007),
 .UNSPECIFIED.);
#4211=B_SPLINE_CURVE_WITH_KNOTS('',3,(#15034,#15035,#15036,#15037),
 .UNSPECIFIED.,.F.,.F.,(4,4),(0.,0.0723170704300536),.UNSPECIFIED.);
#4212=B_SPLINE_CURVE_WITH_KNOTS('',3,(#15067,#15068,#15069,#15070),
 .UNSPECIFIED.,.F.,.F.,(4,4),(0.,0.0723170704300769),.UNSPECIFIED.);
#4213=B_SPLINE_CURVE_WITH_KNOTS('',3,(#15079,#15080,#15081,#15082),
 .UNSPECIFIED.,.F.,.F.,(4,4),(0.,0.072317070430073),.UNSPECIFIED.);
#4214=B_SPLINE_CURVE_WITH_KNOTS('',3,(#15655,#15656,#15657,#15658),
 .UNSPECIFIED.,.F.,.F.,(4,4),(0.,0.0723170704300285),.UNSPECIFIED.);
#4215=B_SPLINE_CURVE_WITH_KNOTS('',3,(#15670,#15671,#15672,#15673),
 .UNSPECIFIED.,.F.,.F.,(4,4),(0.,0.0723170704300521),.UNSPECIFIED.);
#4216=B_SPLINE_CURVE_WITH_KNOTS('',3,(#15676,#15677,#15678,#15679,#15680,
#15681,#15682,#15683,#15684,#15685),.UNSPECIFIED.,.F.,.F.,(4,2,2,2,4),(0.,
0.192193562792517,0.384387125585033,0.57658068837755,0.768774251170066),
 .UNSPECIFIED.);
#4217=B_SPLINE_CURVE_WITH_KNOTS('',3,(#15714,#15715,#15716,#15717),
 .UNSPECIFIED.,.F.,.F.,(4,4),(0.,0.0723170704300495),.UNSPECIFIED.);
#4218=B_SPLINE_CURVE_WITH_KNOTS('',3,(#15768,#15769,#15770,#15771,#15772,
#15773,#15774,#15775,#15776,#15777),.UNSPECIFIED.,.F.,.F.,(4,2,2,2,4),(0.,
0.192193562792517,0.384387125585035,0.576580688377552,0.768774251170069),
 .UNSPECIFIED.);
#4219=B_SPLINE_CURVE_WITH_KNOTS('',3,(#15786,#15787,#15788,#15789),
 .UNSPECIFIED.,.F.,.F.,(4,4),(0.,0.0723170704300882),.UNSPECIFIED.);
#4220=B_SPLINE_CURVE_WITH_KNOTS('',3,(#15801,#15802,#15803,#15804),
 .UNSPECIFIED.,.F.,.F.,(4,4),(0.,0.0723170704300745),.UNSPECIFIED.);
#4221=B_SPLINE_CURVE_WITH_KNOTS('',3,(#15820,#15821,#15822,#15823),
 .UNSPECIFIED.,.F.,.F.,(4,4),(0.,0.0723170704300358),.UNSPECIFIED.);
#4222=B_SPLINE_CURVE_WITH_KNOTS('',3,(#15887,#15888,#15889,#15890),
 .UNSPECIFIED.,.F.,.F.,(4,4),(0.,0.0723170704300497),.UNSPECIFIED.);
#4223=B_SPLINE_CURVE_WITH_KNOTS('',3,(#15902,#15903,#15904,#15905),
 .UNSPECIFIED.,.F.,.F.,(4,4),(0.,0.0723170704300148),.UNSPECIFIED.);
#4224=B_SPLINE_CURVE_WITH_KNOTS('',3,(#15908,#15909,#15910,#15911,#15912,
#15913,#15914,#15915,#15916,#15917),.UNSPECIFIED.,.F.,.F.,(4,2,2,2,4),(0.,
0.192193562792518,0.384387125585035,0.576580688377553,0.76877425117007),
 .UNSPECIFIED.);
#4225=B_SPLINE_CURVE_WITH_KNOTS('',3,(#15946,#15947,#15948,#15949),
 .UNSPECIFIED.,.F.,.F.,(4,4),(0.,0.0723170704300431),.UNSPECIFIED.);
#4226=B_SPLINE_CURVE_WITH_KNOTS('',3,(#16003,#16004,#16005,#16006),
 .UNSPECIFIED.,.F.,.F.,(4,4),(0.,0.0723170704300571),.UNSPECIFIED.);
#4227=B_SPLINE_CURVE_WITH_KNOTS('',3,(#16018,#16019,#16020,#16021),
 .UNSPECIFIED.,.F.,.F.,(4,4),(0.,0.0723170704300758),.UNSPECIFIED.);
#4228=B_SPLINE_CURVE_WITH_KNOTS('',3,(#16024,#16025,#16026,#16027,#16028,
#16029,#16030,#16031,#16032,#16033),.UNSPECIFIED.,.F.,.F.,(4,2,2,2,4),(0.,
0.192193562792518,0.384387125585036,0.576580688377553,0.768774251170071),
 .UNSPECIFIED.);
#4229=B_SPLINE_CURVE_WITH_KNOTS('',3,(#16062,#16063,#16064,#16065),
 .UNSPECIFIED.,.F.,.F.,(4,4),(0.,0.0723170704300729),.UNSPECIFIED.);
#4230=B_SPLINE_CURVE_WITH_KNOTS('',3,(#16116,#16117,#16118,#16119,#16120,
#16121,#16122,#16123,#16124,#16125),.UNSPECIFIED.,.F.,.F.,(4,2,2,2,4),(0.,
0.192193562792518,0.384387125585035,0.576580688377553,0.768774251170071),
 .UNSPECIFIED.);
#4231=B_SPLINE_CURVE_WITH_KNOTS('',3,(#16136,#16137,#16138,#16139),
 .UNSPECIFIED.,.F.,.F.,(4,4),(0.,0.0723170704300716),.UNSPECIFIED.);
#4232=B_SPLINE_CURVE_WITH_KNOTS('',3,(#16145,#16146,#16147,#16148),
 .UNSPECIFIED.,.F.,.F.,(4,4),(0.,0.0723170704300595),.UNSPECIFIED.);
#4233=B_SPLINE_CURVE_WITH_KNOTS('',3,(#16174,#16175,#16176,#16177),
 .UNSPECIFIED.,.F.,.F.,(4,4),(0.,0.0723170704300649),.UNSPECIFIED.);
#4234=B_SPLINE_CURVE_WITH_KNOTS('',3,(#16232,#16233,#16234,#16235,#16236,
#16237,#16238,#16239,#16240,#16241),.UNSPECIFIED.,.F.,.F.,(4,2,2,2,4),(0.,
0.192193562792517,0.384387125585035,0.576580688377552,0.76877425117007),
 .UNSPECIFIED.);
#4235=B_SPLINE_CURVE_WITH_KNOTS('',3,(#16247,#16248,#16249,#16250,#16251,
#16252,#16253,#16254,#16255,#16256),.UNSPECIFIED.,.F.,.F.,(4,2,2,2,4),(0.,
0.192193562792518,0.384387125585035,0.576580688377553,0.768774251170071),
 .UNSPECIFIED.);
#4236=B_SPLINE_CURVE_WITH_KNOTS('',3,(#16267,#16268,#16269,#16270),
 .UNSPECIFIED.,.F.,.F.,(4,4),(0.,0.0723170704300815),.UNSPECIFIED.);
#4237=B_SPLINE_CURVE_WITH_KNOTS('',3,(#16290,#16291,#16292,#16293),
 .UNSPECIFIED.,.F.,.F.,(4,4),(0.,0.0723170704300647),.UNSPECIFIED.);
#4238=B_SPLINE_CURVE_WITH_KNOTS('',3,(#16354,#16355,#16356,#16357,#16358,
#16359,#16360,#16361,#16362,#16363),.UNSPECIFIED.,.F.,.F.,(4,2,2,2,4),(0.,
0.192193562792518,0.384387125585035,0.576580688377553,0.768774251170071),
 .UNSPECIFIED.);
#4239=B_SPLINE_CURVE_WITH_KNOTS('',3,(#16369,#16370,#16371,#16372,#16373,
#16374,#16375,#16376,#16377,#16378),.UNSPECIFIED.,.F.,.F.,(4,2,2,2,4),(0.,
0.192193562792517,0.384387125585034,0.576580688377551,0.768774251170068),
 .UNSPECIFIED.);
#4240=B_SPLINE_CURVE_WITH_KNOTS('',3,(#16389,#16390,#16391,#16392),
 .UNSPECIFIED.,.F.,.F.,(4,4),(0.,0.0723170704300399),.UNSPECIFIED.);
#4241=B_SPLINE_CURVE_WITH_KNOTS('',3,(#16412,#16413,#16414,#16415),
 .UNSPECIFIED.,.F.,.F.,(4,4),(0.,0.0723170704300673),.UNSPECIFIED.);
#4242=B_SPLINE_CURVE_WITH_KNOTS('',3,(#16476,#16477,#16478,#16479,#16480,
#16481,#16482,#16483,#16484,#16485),.UNSPECIFIED.,.F.,.F.,(4,2,2,2,4),(0.,
0.192193562792519,0.384387125585038,0.576580688377557,0.768774251170076),
 .UNSPECIFIED.);
#4243=B_SPLINE_CURVE_WITH_KNOTS('',3,(#16496,#16497,#16498,#16499),
 .UNSPECIFIED.,.F.,.F.,(4,4),(0.,0.072317070430053),.UNSPECIFIED.);
#4244=B_SPLINE_CURVE_WITH_KNOTS('',3,(#16502,#16503,#16504,#16505,#16506,
#16507,#16508,#16509,#16510,#16511),.UNSPECIFIED.,.F.,.F.,(4,2,2,2,4),(0.,
0.192193562792518,0.384387125585035,0.576580688377553,0.768774251170071),
 .UNSPECIFIED.);
#4245=B_SPLINE_CURVE_WITH_KNOTS('',3,(#16540,#16541,#16542,#16543),
 .UNSPECIFIED.,.F.,.F.,(4,4),(0.,0.0723170704300781),.UNSPECIFIED.);
#4246=B_SPLINE_CURVE_WITH_KNOTS('',3,(#16598,#16599,#16600,#16601,#16602,
#16603,#16604,#16605,#16606,#16607),.UNSPECIFIED.,.F.,.F.,(4,2,2,2,4),(0.,
0.192193562792516,0.384387125585033,0.576580688377549,0.768774251170065),
 .UNSPECIFIED.);
#4247=B_SPLINE_CURVE_WITH_KNOTS('',3,(#16618,#16619,#16620,#16621),
 .UNSPECIFIED.,.F.,.F.,(4,4),(0.,0.0723170704300302),.UNSPECIFIED.);
#4248=B_SPLINE_CURVE_WITH_KNOTS('',3,(#16624,#16625,#16626,#16627,#16628,
#16629,#16630,#16631,#16632,#16633),.UNSPECIFIED.,.F.,.F.,(4,2,2,2,4),(0.,
0.192193562792518,0.384387125585035,0.576580688377553,0.768774251170071),
 .UNSPECIFIED.);
#4249=B_SPLINE_CURVE_WITH_KNOTS('',3,(#16662,#16663,#16664,#16665),
 .UNSPECIFIED.,.F.,.F.,(4,4),(0.,0.0723170704300425),.UNSPECIFIED.);
#4250=B_SPLINE_CURVE_WITH_KNOTS('',3,(#16720,#16721,#16722,#16723,#16724,
#16725,#16726,#16727,#16728,#16729),.UNSPECIFIED.,.F.,.F.,(4,2,2,2,4),(0.,
0.192193562792515,0.38438712558503,0.576580688377545,0.768774251170059),
 .UNSPECIFIED.);
#4251=B_SPLINE_CURVE_WITH_KNOTS('',3,(#16740,#16741,#16742,#16743),
 .UNSPECIFIED.,.F.,.F.,(4,4),(0.,0.0723170704300185),.UNSPECIFIED.);
#4252=B_SPLINE_CURVE_WITH_KNOTS('',3,(#16746,#16747,#16748,#16749,#16750,
#16751,#16752,#16753,#16754,#16755),.UNSPECIFIED.,.F.,.F.,(4,2,2,2,4),(0.,
0.192193562792515,0.384387125585031,0.576580688377546,0.768774251170061),
 .UNSPECIFIED.);
#4253=B_SPLINE_CURVE_WITH_KNOTS('',3,(#16784,#16785,#16786,#16787),
 .UNSPECIFIED.,.F.,.F.,(4,4),(0.,0.0723170704300956),.UNSPECIFIED.);
#4254=B_SPLINE_CURVE_WITH_KNOTS('',3,(#16842,#16843,#16844,#16845,#16846,
#16847,#16848,#16849,#16850,#16851),.UNSPECIFIED.,.F.,.F.,(4,2,2,2,4),(0.,
0.192193562792515,0.38438712558503,0.576580688377545,0.768774251170059),
 .UNSPECIFIED.);
#4255=B_SPLINE_CURVE_WITH_KNOTS('',3,(#16860,#16861,#16862,#16863),
 .UNSPECIFIED.,.F.,.F.,(4,4),(0.,0.0723170704300685),.UNSPECIFIED.);
#4256=B_SPLINE_CURVE_WITH_KNOTS('',3,(#16875,#16876,#16877,#16878),
 .UNSPECIFIED.,.F.,.F.,(4,4),(0.,0.072317070430083),.UNSPECIFIED.);
#4257=B_SPLINE_CURVE_WITH_KNOTS('',3,(#16894,#16895,#16896,#16897),
 .UNSPECIFIED.,.F.,.F.,(4,4),(0.,0.0723170704301252),.UNSPECIFIED.);
#4258=B_SPLINE_CURVE_WITH_KNOTS('',3,(#16958,#16959,#16960,#16961,#16962,
#16963,#16964,#16965,#16966,#16967),.UNSPECIFIED.,.F.,.F.,(4,2,2,2,4),(0.,
0.192193562792517,0.384387125585034,0.576580688377551,0.768774251170068),
 .UNSPECIFIED.);
#4259=B_SPLINE_CURVE_WITH_KNOTS('',3,(#16973,#16974,#16975,#16976,#16977,
#16978,#16979,#16980,#16981,#16982),.UNSPECIFIED.,.F.,.F.,(4,2,2,2,4),(0.,
0.192193562792517,0.384387125585033,0.57658068837755,0.768774251170066),
 .UNSPECIFIED.);
#4260=B_SPLINE_CURVE_WITH_KNOTS('',3,(#16993,#16994,#16995,#16996),
 .UNSPECIFIED.,.F.,.F.,(4,4),(0.,0.0723170704301672),.UNSPECIFIED.);
#4261=B_SPLINE_CURVE_WITH_KNOTS('',3,(#17016,#17017,#17018,#17019),
 .UNSPECIFIED.,.F.,.F.,(4,4),(0.,0.0723170704300688),.UNSPECIFIED.);
#4262=B_SPLINE_CURVE_WITH_KNOTS('',3,(#17080,#17081,#17082,#17083,#17084,
#17085,#17086,#17087,#17088,#17089),.UNSPECIFIED.,.F.,.F.,(4,2,2,2,4),(0.,
0.192193562792517,0.384387125585033,0.57658068837755,0.768774251170066),
 .UNSPECIFIED.);
#4263=B_SPLINE_CURVE_WITH_KNOTS('',3,(#17100,#17101,#17102,#17103),
 .UNSPECIFIED.,.F.,.F.,(4,4),(0.,0.0723170704300742),.UNSPECIFIED.);
#4264=B_SPLINE_CURVE_WITH_KNOTS('',3,(#17123,#17124,#17125,#17126),
 .UNSPECIFIED.,.F.,.F.,(4,4),(0.,0.0723170704301172),.UNSPECIFIED.);
#4265=B_SPLINE_CURVE_WITH_KNOTS('',3,(#17132,#17133,#17134,#17135),
 .UNSPECIFIED.,.F.,.F.,(4,4),(0.,0.0723170704300807),.UNSPECIFIED.);
#4266=B_SPLINE_CURVE_WITH_KNOTS('',3,(#17196,#17197,#17198,#17199,#17200,
#17201,#17202,#17203,#17204,#17205),.UNSPECIFIED.,.F.,.F.,(4,2,2,2,4),(0.,
0.192193562792517,0.384387125585033,0.57658068837755,0.768774251170066),
 .UNSPECIFIED.);
#4267=B_SPLINE_CURVE_WITH_KNOTS('',3,(#17216,#17217,#17218,#17219),
 .UNSPECIFIED.,.F.,.F.,(4,4),(0.,0.0723170704300687),.UNSPECIFIED.);
#4268=B_SPLINE_CURVE_WITH_KNOTS('',3,(#17239,#17240,#17241,#17242),
 .UNSPECIFIED.,.F.,.F.,(4,4),(0.,0.072317070430068),.UNSPECIFIED.);
#4269=B_SPLINE_CURVE_WITH_KNOTS('',3,(#17248,#17249,#17250,#17251),
 .UNSPECIFIED.,.F.,.F.,(4,4),(0.,0.0723170704300611),.UNSPECIFIED.);
#4270=B_SPLINE_CURVE_WITH_KNOTS('',3,(#17312,#17313,#17314,#17315,#17316,
#17317,#17318,#17319,#17320,#17321),.UNSPECIFIED.,.F.,.F.,(4,2,2,2,4),(0.,
0.192193562792518,0.384387125585035,0.576580688377553,0.768774251170071),
 .UNSPECIFIED.);
#4271=B_SPLINE_CURVE_WITH_KNOTS('',3,(#17332,#17333,#17334,#17335),
 .UNSPECIFIED.,.F.,.F.,(4,4),(0.,0.0723170704300471),.UNSPECIFIED.);
#4272=B_SPLINE_CURVE_WITH_KNOTS('',3,(#17355,#17356,#17357,#17358),
 .UNSPECIFIED.,.F.,.F.,(4,4),(0.,0.072317070430049),.UNSPECIFIED.);
#4273=B_SPLINE_CURVE_WITH_KNOTS('',3,(#17364,#17365,#17366,#17367),
 .UNSPECIFIED.,.F.,.F.,(4,4),(0.,0.0723170704300594),.UNSPECIFIED.);
#4274=VERTEX_POINT('',#15006);
#4275=VERTEX_POINT('',#15007);
#4276=VERTEX_POINT('',#15018);
#4277=VERTEX_POINT('',#15020);
#4278=VERTEX_POINT('',#15024);
#4279=VERTEX_POINT('',#15026);
#4280=VERTEX_POINT('',#15030);
#4281=VERTEX_POINT('',#15032);
#4282=VERTEX_POINT('',#15039);
#4283=VERTEX_POINT('',#15041);
#4284=VERTEX_POINT('',#15045);
#4285=VERTEX_POINT('',#15047);
#4286=VERTEX_POINT('',#15051);
#4287=VERTEX_POINT('',#15052);
#4288=VERTEX_POINT('',#15057);
#4289=VERTEX_POINT('',#15059);
#4290=VERTEX_POINT('',#15063);
#4291=VERTEX_POINT('',#15065);
#4292=VERTEX_POINT('',#15072);
#4293=VERTEX_POINT('',#15073);
#4294=VERTEX_POINT('',#15075);
#4295=VERTEX_POINT('',#15077);
#4296=VERTEX_POINT('',#15084);
#4297=VERTEX_POINT('',#15086);
#4298=VERTEX_POINT('',#15090);
#4299=VERTEX_POINT('',#15091);
#4300=VERTEX_POINT('',#15096);
#4301=VERTEX_POINT('',#15098);
#4302=VERTEX_POINT('',#15105);
#4303=VERTEX_POINT('',#15107);
#4304=VERTEX_POINT('',#15111);
#4305=VERTEX_POINT('',#15113);
#4306=VERTEX_POINT('',#15120);
#4307=VERTEX_POINT('',#15122);
#4308=VERTEX_POINT('',#15126);
#4309=VERTEX_POINT('',#15130);
#4310=VERTEX_POINT('',#15134);
#4311=VERTEX_POINT('',#15138);
#4312=VERTEX_POINT('',#15142);
#4313=VERTEX_POINT('',#15146);
#4314=VERTEX_POINT('',#15150);
#4315=VERTEX_POINT('',#15154);
#4316=VERTEX_POINT('',#15155);
#4317=VERTEX_POINT('',#15157);
#4318=VERTEX_POINT('',#15159);
#4319=VERTEX_POINT('',#15161);
#4320=VERTEX_POINT('',#15163);
#4321=VERTEX_POINT('',#15165);
#4322=VERTEX_POINT('',#15167);
#4323=VERTEX_POINT('',#15170);
#4324=VERTEX_POINT('',#15171);
#4325=VERTEX_POINT('',#15173);
#4326=VERTEX_POINT('',#15175);
#4327=VERTEX_POINT('',#15177);
#4328=VERTEX_POINT('',#15179);
#4329=VERTEX_POINT('',#15181);
#4330=VERTEX_POINT('',#15183);
#4331=VERTEX_POINT('',#15185);
#4332=VERTEX_POINT('',#15187);
#4333=VERTEX_POINT('',#15189);
#4334=VERTEX_POINT('',#15191);
#4335=VERTEX_POINT('',#15193);
#4336=VERTEX_POINT('',#15195);
#4337=VERTEX_POINT('',#15197);
#4338=VERTEX_POINT('',#15199);
#4339=VERTEX_POINT('',#15202);
#4340=VERTEX_POINT('',#15203);
#4341=VERTEX_POINT('',#15205);
#4342=VERTEX_POINT('',#15207);
#4343=VERTEX_POINT('',#15209);
#4344=VERTEX_POINT('',#15211);
#4345=VERTEX_POINT('',#15213);
#4346=VERTEX_POINT('',#15215);
#4347=VERTEX_POINT('',#15217);
#4348=VERTEX_POINT('',#15219);
#4349=VERTEX_POINT('',#15221);
#4350=VERTEX_POINT('',#15223);
#4351=VERTEX_POINT('',#15225);
#4352=VERTEX_POINT('',#15227);
#4353=VERTEX_POINT('',#15229);
#4354=VERTEX_POINT('',#15231);
#4355=VERTEX_POINT('',#15234);
#4356=VERTEX_POINT('',#15235);
#4357=VERTEX_POINT('',#15237);
#4358=VERTEX_POINT('',#15239);
#4359=VERTEX_POINT('',#15241);
#4360=VERTEX_POINT('',#15243);
#4361=VERTEX_POINT('',#15245);
#4362=VERTEX_POINT('',#15247);
#4363=VERTEX_POINT('',#15249);
#4364=VERTEX_POINT('',#15251);
#4365=VERTEX_POINT('',#15253);
#4366=VERTEX_POINT('',#15255);
#4367=VERTEX_POINT('',#15257);
#4368=VERTEX_POINT('',#15259);
#4369=VERTEX_POINT('',#15261);
#4370=VERTEX_POINT('',#15263);
#4371=VERTEX_POINT('',#15266);
#4372=VERTEX_POINT('',#15267);
#4373=VERTEX_POINT('',#15269);
#4374=VERTEX_POINT('',#15271);
#4375=VERTEX_POINT('',#15273);
#4376=VERTEX_POINT('',#15275);
#4377=VERTEX_POINT('',#15277);
#4378=VERTEX_POINT('',#15279);
#4379=VERTEX_POINT('',#15281);
#4380=VERTEX_POINT('',#15283);
#4381=VERTEX_POINT('',#15285);
#4382=VERTEX_POINT('',#15287);
#4383=VERTEX_POINT('',#15289);
#4384=VERTEX_POINT('',#15291);
#4385=VERTEX_POINT('',#15293);
#4386=VERTEX_POINT('',#15295);
#4387=VERTEX_POINT('',#15298);
#4388=VERTEX_POINT('',#15299);
#4389=VERTEX_POINT('',#15301);
#4390=VERTEX_POINT('',#15303);
#4391=VERTEX_POINT('',#15305);
#4392=VERTEX_POINT('',#15307);
#4393=VERTEX_POINT('',#15309);
#4394=VERTEX_POINT('',#15311);
#4395=VERTEX_POINT('',#15313);
#4396=VERTEX_POINT('',#15315);
#4397=VERTEX_POINT('',#15317);
#4398=VERTEX_POINT('',#15319);
#4399=VERTEX_POINT('',#15321);
#4400=VERTEX_POINT('',#15323);
#4401=VERTEX_POINT('',#15325);
#4402=VERTEX_POINT('',#15327);
#4403=VERTEX_POINT('',#15330);
#4404=VERTEX_POINT('',#15331);
#4405=VERTEX_POINT('',#15333);
#4406=VERTEX_POINT('',#15335);
#4407=VERTEX_POINT('',#15337);
#4408=VERTEX_POINT('',#15339);
#4409=VERTEX_POINT('',#15341);
#4410=VERTEX_POINT('',#15343);
#4411=VERTEX_POINT('',#15345);
#4412=VERTEX_POINT('',#15347);
#4413=VERTEX_POINT('',#15349);
#4414=VERTEX_POINT('',#15351);
#4415=VERTEX_POINT('',#15353);
#4416=VERTEX_POINT('',#15355);
#4417=VERTEX_POINT('',#15357);
#4418=VERTEX_POINT('',#15359);
#4419=VERTEX_POINT('',#15362);
#4420=VERTEX_POINT('',#15363);
#4421=VERTEX_POINT('',#15365);
#4422=VERTEX_POINT('',#15367);
#4423=VERTEX_POINT('',#15369);
#4424=VERTEX_POINT('',#15371);
#4425=VERTEX_POINT('',#15373);
#4426=VERTEX_POINT('',#15375);
#4427=VERTEX_POINT('',#15377);
#4428=VERTEX_POINT('',#15379);
#4429=VERTEX_POINT('',#15381);
#4430=VERTEX_POINT('',#15383);
#4431=VERTEX_POINT('',#15385);
#4432=VERTEX_POINT('',#15387);
#4433=VERTEX_POINT('',#15389);
#4434=VERTEX_POINT('',#15391);
#4435=VERTEX_POINT('',#15394);
#4436=VERTEX_POINT('',#15395);
#4437=VERTEX_POINT('',#15397);
#4438=VERTEX_POINT('',#15399);
#4439=VERTEX_POINT('',#15401);
#4440=VERTEX_POINT('',#15403);
#4441=VERTEX_POINT('',#15405);
#4442=VERTEX_POINT('',#15407);
#4443=VERTEX_POINT('',#15409);
#4444=VERTEX_POINT('',#15411);
#4445=VERTEX_POINT('',#15413);
#4446=VERTEX_POINT('',#15415);
#4447=VERTEX_POINT('',#15417);
#4448=VERTEX_POINT('',#15419);
#4449=VERTEX_POINT('',#15421);
#4450=VERTEX_POINT('',#15423);
#4451=VERTEX_POINT('',#15426);
#4452=VERTEX_POINT('',#15427);
#4453=VERTEX_POINT('',#15429);
#4454=VERTEX_POINT('',#15431);
#4455=VERTEX_POINT('',#15433);
#4456=VERTEX_POINT('',#15435);
#4457=VERTEX_POINT('',#15437);
#4458=VERTEX_POINT('',#15439);
#4459=VERTEX_POINT('',#15441);
#4460=VERTEX_POINT('',#15443);
#4461=VERTEX_POINT('',#15445);
#4462=VERTEX_POINT('',#15447);
#4463=VERTEX_POINT('',#15449);
#4464=VERTEX_POINT('',#15451);
#4465=VERTEX_POINT('',#15453);
#4466=VERTEX_POINT('',#15455);
#4467=VERTEX_POINT('',#15458);
#4468=VERTEX_POINT('',#15459);
#4469=VERTEX_POINT('',#15461);
#4470=VERTEX_POINT('',#15463);
#4471=VERTEX_POINT('',#15465);
#4472=VERTEX_POINT('',#15467);
#4473=VERTEX_POINT('',#15469);
#4474=VERTEX_POINT('',#15471);
#4475=VERTEX_POINT('',#15473);
#4476=VERTEX_POINT('',#15475);
#4477=VERTEX_POINT('',#15477);
#4478=VERTEX_POINT('',#15479);
#4479=VERTEX_POINT('',#15481);
#4480=VERTEX_POINT('',#15483);
#4481=VERTEX_POINT('',#15485);
#4482=VERTEX_POINT('',#15487);
#4483=VERTEX_POINT('',#15490);
#4484=VERTEX_POINT('',#15491);
#4485=VERTEX_POINT('',#15493);
#4486=VERTEX_POINT('',#15495);
#4487=VERTEX_POINT('',#15497);
#4488=VERTEX_POINT('',#15499);
#4489=VERTEX_POINT('',#15501);
#4490=VERTEX_POINT('',#15503);
#4491=VERTEX_POINT('',#15505);
#4492=VERTEX_POINT('',#15507);
#4493=VERTEX_POINT('',#15509);
#4494=VERTEX_POINT('',#15511);
#4495=VERTEX_POINT('',#15513);
#4496=VERTEX_POINT('',#15515);
#4497=VERTEX_POINT('',#15517);
#4498=VERTEX_POINT('',#15519);
#4499=VERTEX_POINT('',#15522);
#4500=VERTEX_POINT('',#15523);
#4501=VERTEX_POINT('',#15525);
#4502=VERTEX_POINT('',#15527);
#4503=VERTEX_POINT('',#15529);
#4504=VERTEX_POINT('',#15531);
#4505=VERTEX_POINT('',#15533);
#4506=VERTEX_POINT('',#15535);
#4507=VERTEX_POINT('',#15537);
#4508=VERTEX_POINT('',#15539);
#4509=VERTEX_POINT('',#15541);
#4510=VERTEX_POINT('',#15543);
#4511=VERTEX_POINT('',#15545);
#4512=VERTEX_POINT('',#15547);
#4513=VERTEX_POINT('',#15549);
#4514=VERTEX_POINT('',#15551);
#4515=VERTEX_POINT('',#15554);
#4516=VERTEX_POINT('',#15555);
#4517=VERTEX_POINT('',#15557);
#4518=VERTEX_POINT('',#15559);
#4519=VERTEX_POINT('',#15561);
#4520=VERTEX_POINT('',#15563);
#4521=VERTEX_POINT('',#15565);
#4522=VERTEX_POINT('',#15567);
#4523=VERTEX_POINT('',#15569);
#4524=VERTEX_POINT('',#15571);
#4525=VERTEX_POINT('',#15573);
#4526=VERTEX_POINT('',#15575);
#4527=VERTEX_POINT('',#15577);
#4528=VERTEX_POINT('',#15579);
#4529=VERTEX_POINT('',#15581);
#4530=VERTEX_POINT('',#15583);
#4531=VERTEX_POINT('',#15586);
#4532=VERTEX_POINT('',#15587);
#4533=VERTEX_POINT('',#15589);
#4534=VERTEX_POINT('',#15591);
#4535=VERTEX_POINT('',#15593);
#4536=VERTEX_POINT('',#15595);
#4537=VERTEX_POINT('',#15597);
#4538=VERTEX_POINT('',#15599);
#4539=VERTEX_POINT('',#15601);
#4540=VERTEX_POINT('',#15603);
#4541=VERTEX_POINT('',#15605);
#4542=VERTEX_POINT('',#15607);
#4543=VERTEX_POINT('',#15609);
#4544=VERTEX_POINT('',#15611);
#4545=VERTEX_POINT('',#15613);
#4546=VERTEX_POINT('',#15615);
#4547=VERTEX_POINT('',#15618);
#4548=VERTEX_POINT('',#15619);
#4549=VERTEX_POINT('',#15621);
#4550=VERTEX_POINT('',#15623);
#4551=VERTEX_POINT('',#15625);
#4552=VERTEX_POINT('',#15627);
#4553=VERTEX_POINT('',#15629);
#4554=VERTEX_POINT('',#15631);
#4555=VERTEX_POINT('',#15633);
#4556=VERTEX_POINT('',#15635);
#4557=VERTEX_POINT('',#15637);
#4558=VERTEX_POINT('',#15639);
#4559=VERTEX_POINT('',#15641);
#4560=VERTEX_POINT('',#15643);
#4561=VERTEX_POINT('',#15645);
#4562=VERTEX_POINT('',#15647);
#4563=VERTEX_POINT('',#15651);
#4564=VERTEX_POINT('',#15652);
#4565=VERTEX_POINT('',#15660);
#4566=VERTEX_POINT('',#15664);
#4567=VERTEX_POINT('',#15668);
#4568=VERTEX_POINT('',#15675);
#4569=VERTEX_POINT('',#15686);
#4570=VERTEX_POINT('',#15690);
#4571=VERTEX_POINT('',#15694);
#4572=VERTEX_POINT('',#15698);
#4573=VERTEX_POINT('',#15702);
#4574=VERTEX_POINT('',#15708);
#4575=VERTEX_POINT('',#15712);
#4576=VERTEX_POINT('',#15719);
#4577=VERTEX_POINT('',#15723);
#4578=VERTEX_POINT('',#15727);
#4579=VERTEX_POINT('',#15733);
#4580=VERTEX_POINT('',#15735);
#4581=VERTEX_POINT('',#15739);
#4582=VERTEX_POINT('',#15743);
#4583=VERTEX_POINT('',#15747);
#4584=VERTEX_POINT('',#15751);
#4585=VERTEX_POINT('',#15755);
#4586=VERTEX_POINT('',#15759);
#4587=VERTEX_POINT('',#15763);
#4588=VERTEX_POINT('',#15767);
#4589=VERTEX_POINT('',#15778);
#4590=VERTEX_POINT('',#15782);
#4591=VERTEX_POINT('',#15783);
#4592=VERTEX_POINT('',#15791);
#4593=VERTEX_POINT('',#15795);
#4594=VERTEX_POINT('',#15799);
#4595=VERTEX_POINT('',#15806);
#4596=VERTEX_POINT('',#15810);
#4597=VERTEX_POINT('',#15814);
#4598=VERTEX_POINT('',#15818);
#4599=VERTEX_POINT('',#15825);
#4600=VERTEX_POINT('',#15829);
#4601=VERTEX_POINT('',#15833);
#4602=VERTEX_POINT('',#15837);
#4603=VERTEX_POINT('',#15843);
#4604=VERTEX_POINT('',#15849);
#4605=VERTEX_POINT('',#15851);
#4606=VERTEX_POINT('',#15855);
#4607=VERTEX_POINT('',#15859);
#4608=VERTEX_POINT('',#15863);
#4609=VERTEX_POINT('',#15867);
#4610=VERTEX_POINT('',#15871);
#4611=VERTEX_POINT('',#15875);
#4612=VERTEX_POINT('',#15879);
#4613=VERTEX_POINT('',#15883);
#4614=VERTEX_POINT('',#15884);
#4615=VERTEX_POINT('',#15892);
#4616=VERTEX_POINT('',#15896);
#4617=VERTEX_POINT('',#15900);
#4618=VERTEX_POINT('',#15907);
#4619=VERTEX_POINT('',#15918);
#4620=VERTEX_POINT('',#15922);
#4621=VERTEX_POINT('',#15926);
#4622=VERTEX_POINT('',#15930);
#4623=VERTEX_POINT('',#15934);
#4624=VERTEX_POINT('',#15940);
#4625=VERTEX_POINT('',#15944);
#4626=VERTEX_POINT('',#15951);
#4627=VERTEX_POINT('',#15955);
#4628=VERTEX_POINT('',#15959);
#4629=VERTEX_POINT('',#15965);
#4630=VERTEX_POINT('',#15967);
#4631=VERTEX_POINT('',#15971);
#4632=VERTEX_POINT('',#15975);
#4633=VERTEX_POINT('',#15979);
#4634=VERTEX_POINT('',#15983);
#4635=VERTEX_POINT('',#15987);
#4636=VERTEX_POINT('',#15991);
#4637=VERTEX_POINT('',#15995);
#4638=VERTEX_POINT('',#15999);
#4639=VERTEX_POINT('',#16000);
#4640=VERTEX_POINT('',#16008);
#4641=VERTEX_POINT('',#16012);
#4642=VERTEX_POINT('',#16016);
#4643=VERTEX_POINT('',#16023);
#4644=VERTEX_POINT('',#16034);
#4645=VERTEX_POINT('',#16038);
#4646=VERTEX_POINT('',#16042);
#4647=VERTEX_POINT('',#16046);
#4648=VERTEX_POINT('',#16050);
#4649=VERTEX_POINT('',#16056);
#4650=VERTEX_POINT('',#16060);
#4651=VERTEX_POINT('',#16067);
#4652=VERTEX_POINT('',#16071);
#4653=VERTEX_POINT('',#16075);
#4654=VERTEX_POINT('',#16081);
#4655=VERTEX_POINT('',#16083);
#4656=VERTEX_POINT('',#16087);
#4657=VERTEX_POINT('',#16091);
#4658=VERTEX_POINT('',#16095);
#4659=VERTEX_POINT('',#16099);
#4660=VERTEX_POINT('',#16103);
#4661=VERTEX_POINT('',#16107);
#4662=VERTEX_POINT('',#16111);
#4663=VERTEX_POINT('',#16115);
#4664=VERTEX_POINT('',#16126);
#4665=VERTEX_POINT('',#16130);
#4666=VERTEX_POINT('',#16134);
#4667=VERTEX_POINT('',#16141);
#4668=VERTEX_POINT('',#16142);
#4669=VERTEX_POINT('',#16150);
#4670=VERTEX_POINT('',#16154);
#4671=VERTEX_POINT('',#16158);
#4672=VERTEX_POINT('',#16164);
#4673=VERTEX_POINT('',#16168);
#4674=VERTEX_POINT('',#16172);
#4675=VERTEX_POINT('',#16179);
#4676=VERTEX_POINT('',#16183);
#4677=VERTEX_POINT('',#16187);
#4678=VERTEX_POINT('',#16191);
#4679=VERTEX_POINT('',#16197);
#4680=VERTEX_POINT('',#16199);
#4681=VERTEX_POINT('',#16203);
#4682=VERTEX_POINT('',#16207);
#4683=VERTEX_POINT('',#16211);
#4684=VERTEX_POINT('',#16215);
#4685=VERTEX_POINT('',#16219);
#4686=VERTEX_POINT('',#16223);
#4687=VERTEX_POINT('',#16227);
#4688=VERTEX_POINT('',#16231);
#4689=VERTEX_POINT('',#16242);
#4690=VERTEX_POINT('',#16246);
#4691=VERTEX_POINT('',#16257);
#4692=VERTEX_POINT('',#16261);
#4693=VERTEX_POINT('',#16265);
#4694=VERTEX_POINT('',#16272);
#4695=VERTEX_POINT('',#16276);
#4696=VERTEX_POINT('',#16280);
#4697=VERTEX_POINT('',#16284);
#4698=VERTEX_POINT('',#16288);
#4699=VERTEX_POINT('',#16295);
#4700=VERTEX_POINT('',#16299);
#4701=VERTEX_POINT('',#16303);
#4702=VERTEX_POINT('',#16307);
#4703=VERTEX_POINT('',#16313);
#4704=VERTEX_POINT('',#16319);
#4705=VERTEX_POINT('',#16321);
#4706=VERTEX_POINT('',#16325);
#4707=VERTEX_POINT('',#16329);
#4708=VERTEX_POINT('',#16333);
#4709=VERTEX_POINT('',#16337);
#4710=VERTEX_POINT('',#16341);
#4711=VERTEX_POINT('',#16345);
#4712=VERTEX_POINT('',#16349);
#4713=VERTEX_POINT('',#16353);
#4714=VERTEX_POINT('',#16364);
#4715=VERTEX_POINT('',#16368);
#4716=VERTEX_POINT('',#16379);
#4717=VERTEX_POINT('',#16383);
#4718=VERTEX_POINT('',#16387);
#4719=VERTEX_POINT('',#16394);
#4720=VERTEX_POINT('',#16398);
#4721=VERTEX_POINT('',#16402);
#4722=VERTEX_POINT('',#16406);
#4723=VERTEX_POINT('',#16410);
#4724=VERTEX_POINT('',#16417);
#4725=VERTEX_POINT('',#16421);
#4726=VERTEX_POINT('',#16425);
#4727=VERTEX_POINT('',#16429);
#4728=VERTEX_POINT('',#16435);
#4729=VERTEX_POINT('',#16441);
#4730=VERTEX_POINT('',#16443);
#4731=VERTEX_POINT('',#16447);
#4732=VERTEX_POINT('',#16451);
#4733=VERTEX_POINT('',#16455);
#4734=VERTEX_POINT('',#16459);
#4735=VERTEX_POINT('',#16463);
#4736=VERTEX_POINT('',#16467);
#4737=VERTEX_POINT('',#16471);
#4738=VERTEX_POINT('',#16475);
#4739=VERTEX_POINT('',#16486);
#4740=VERTEX_POINT('',#16490);
#4741=VERTEX_POINT('',#16494);
#4742=VERTEX_POINT('',#16501);
#4743=VERTEX_POINT('',#16512);
#4744=VERTEX_POINT('',#16516);
#4745=VERTEX_POINT('',#16520);
#4746=VERTEX_POINT('',#16524);
#4747=VERTEX_POINT('',#16528);
#4748=VERTEX_POINT('',#16534);
#4749=VERTEX_POINT('',#16538);
#4750=VERTEX_POINT('',#16545);
#4751=VERTEX_POINT('',#16549);
#4752=VERTEX_POINT('',#16553);
#4753=VERTEX_POINT('',#16557);
#4754=VERTEX_POINT('',#16563);
#4755=VERTEX_POINT('',#16565);
#4756=VERTEX_POINT('',#16569);
#4757=VERTEX_POINT('',#16573);
#4758=VERTEX_POINT('',#16577);
#4759=VERTEX_POINT('',#16581);
#4760=VERTEX_POINT('',#16585);
#4761=VERTEX_POINT('',#16589);
#4762=VERTEX_POINT('',#16593);
#4763=VERTEX_POINT('',#16597);
#4764=VERTEX_POINT('',#16608);
#4765=VERTEX_POINT('',#16612);
#4766=VERTEX_POINT('',#16616);
#4767=VERTEX_POINT('',#16623);
#4768=VERTEX_POINT('',#16634);
#4769=VERTEX_POINT('',#16638);
#4770=VERTEX_POINT('',#16642);
#4771=VERTEX_POINT('',#16646);
#4772=VERTEX_POINT('',#16650);
#4773=VERTEX_POINT('',#16656);
#4774=VERTEX_POINT('',#16660);
#4775=VERTEX_POINT('',#16667);
#4776=VERTEX_POINT('',#16671);
#4777=VERTEX_POINT('',#16675);
#4778=VERTEX_POINT('',#16679);
#4779=VERTEX_POINT('',#16685);
#4780=VERTEX_POINT('',#16687);
#4781=VERTEX_POINT('',#16691);
#4782=VERTEX_POINT('',#16695);
#4783=VERTEX_POINT('',#16699);
#4784=VERTEX_POINT('',#16703);
#4785=VERTEX_POINT('',#16707);
#4786=VERTEX_POINT('',#16711);
#4787=VERTEX_POINT('',#16715);
#4788=VERTEX_POINT('',#16719);
#4789=VERTEX_POINT('',#16730);
#4790=VERTEX_POINT('',#16734);
#4791=VERTEX_POINT('',#16738);
#4792=VERTEX_POINT('',#16745);
#4793=VERTEX_POINT('',#16756);
#4794=VERTEX_POINT('',#16760);
#4795=VERTEX_POINT('',#16764);
#4796=VERTEX_POINT('',#16768);
#4797=VERTEX_POINT('',#16772);
#4798=VERTEX_POINT('',#16778);
#4799=VERTEX_POINT('',#16782);
#4800=VERTEX_POINT('',#16789);
#4801=VERTEX_POINT('',#16793);
#4802=VERTEX_POINT('',#16797);
#4803=VERTEX_POINT('',#16801);
#4804=VERTEX_POINT('',#16807);
#4805=VERTEX_POINT('',#16809);
#4806=VERTEX_POINT('',#16813);
#4807=VERTEX_POINT('',#16817);
#4808=VERTEX_POINT('',#16821);
#4809=VERTEX_POINT('',#16825);
#4810=VERTEX_POINT('',#16829);
#4811=VERTEX_POINT('',#16833);
#4812=VERTEX_POINT('',#16837);
#4813=VERTEX_POINT('',#16841);
#4814=VERTEX_POINT('',#16852);
#4815=VERTEX_POINT('',#16856);
#4816=VERTEX_POINT('',#16857);
#4817=VERTEX_POINT('',#16865);
#4818=VERTEX_POINT('',#16869);
#4819=VERTEX_POINT('',#16873);
#4820=VERTEX_POINT('',#16880);
#4821=VERTEX_POINT('',#16884);
#4822=VERTEX_POINT('',#16888);
#4823=VERTEX_POINT('',#16892);
#4824=VERTEX_POINT('',#16899);
#4825=VERTEX_POINT('',#16903);
#4826=VERTEX_POINT('',#16907);
#4827=VERTEX_POINT('',#16911);
#4828=VERTEX_POINT('',#16917);
#4829=VERTEX_POINT('',#16923);
#4830=VERTEX_POINT('',#16925);
#4831=VERTEX_POINT('',#16929);
#4832=VERTEX_POINT('',#16933);
#4833=VERTEX_POINT('',#16937);
#4834=VERTEX_POINT('',#16941);
#4835=VERTEX_POINT('',#16945);
#4836=VERTEX_POINT('',#16949);
#4837=VERTEX_POINT('',#16953);
#4838=VERTEX_POINT('',#16957);
#4839=VERTEX_POINT('',#16968);
#4840=VERTEX_POINT('',#16972);
#4841=VERTEX_POINT('',#16983);
#4842=VERTEX_POINT('',#16987);
#4843=VERTEX_POINT('',#16991);
#4844=VERTEX_POINT('',#16998);
#4845=VERTEX_POINT('',#17002);
#4846=VERTEX_POINT('',#17006);
#4847=VERTEX_POINT('',#17010);
#4848=VERTEX_POINT('',#17014);
#4849=VERTEX_POINT('',#17021);
#4850=VERTEX_POINT('',#17025);
#4851=VERTEX_POINT('',#17029);
#4852=VERTEX_POINT('',#17033);
#4853=VERTEX_POINT('',#17039);
#4854=VERTEX_POINT('',#17045);
#4855=VERTEX_POINT('',#17047);
#4856=VERTEX_POINT('',#17051);
#4857=VERTEX_POINT('',#17055);
#4858=VERTEX_POINT('',#17059);
#4859=VERTEX_POINT('',#17063);
#4860=VERTEX_POINT('',#17067);
#4861=VERTEX_POINT('',#17071);
#4862=VERTEX_POINT('',#17075);
#4863=VERTEX_POINT('',#17079);
#4864=VERTEX_POINT('',#17090);
#4865=VERTEX_POINT('',#17094);
#4866=VERTEX_POINT('',#17098);
#4867=VERTEX_POINT('',#17105);
#4868=VERTEX_POINT('',#17109);
#4869=VERTEX_POINT('',#17113);
#4870=VERTEX_POINT('',#17117);
#4871=VERTEX_POINT('',#17121);
#4872=VERTEX_POINT('',#17128);
#4873=VERTEX_POINT('',#17129);
#4874=VERTEX_POINT('',#17137);
#4875=VERTEX_POINT('',#17141);
#4876=VERTEX_POINT('',#17145);
#4877=VERTEX_POINT('',#17151);
#4878=VERTEX_POINT('',#17155);
#4879=VERTEX_POINT('',#17161);
#4880=VERTEX_POINT('',#17163);
#4881=VERTEX_POINT('',#17167);
#4882=VERTEX_POINT('',#17171);
#4883=VERTEX_POINT('',#17175);
#4884=VERTEX_POINT('',#17179);
#4885=VERTEX_POINT('',#17183);
#4886=VERTEX_POINT('',#17187);
#4887=VERTEX_POINT('',#17191);
#4888=VERTEX_POINT('',#17195);
#4889=VERTEX_POINT('',#17206);
#4890=VERTEX_POINT('',#17210);
#4891=VERTEX_POINT('',#17214);
#4892=VERTEX_POINT('',#17221);
#4893=VERTEX_POINT('',#17225);
#4894=VERTEX_POINT('',#17229);
#4895=VERTEX_POINT('',#17233);
#4896=VERTEX_POINT('',#17237);
#4897=VERTEX_POINT('',#17244);
#4898=VERTEX_POINT('',#17245);
#4899=VERTEX_POINT('',#17253);
#4900=VERTEX_POINT('',#17257);
#4901=VERTEX_POINT('',#17261);
#4902=VERTEX_POINT('',#17267);
#4903=VERTEX_POINT('',#17271);
#4904=VERTEX_POINT('',#17277);
#4905=VERTEX_POINT('',#17279);
#4906=VERTEX_POINT('',#17283);
#4907=VERTEX_POINT('',#17287);
#4908=VERTEX_POINT('',#17291);
#4909=VERTEX_POINT('',#17295);
#4910=VERTEX_POINT('',#17299);
#4911=VERTEX_POINT('',#17303);
#4912=VERTEX_POINT('',#17307);
#4913=VERTEX_POINT('',#17311);
#4914=VERTEX_POINT('',#17322);
#4915=VERTEX_POINT('',#17326);
#4916=VERTEX_POINT('',#17330);
#4917=VERTEX_POINT('',#17337);
#4918=VERTEX_POINT('',#17341);
#4919=VERTEX_POINT('',#17345);
#4920=VERTEX_POINT('',#17349);
#4921=VERTEX_POINT('',#17353);
#4922=VERTEX_POINT('',#17360);
#4923=VERTEX_POINT('',#17361);
#4924=VERTEX_POINT('',#17369);
#4925=VERTEX_POINT('',#17373);
#4926=VERTEX_POINT('',#17377);
#4927=VERTEX_POINT('',#17383);
#4928=VERTEX_POINT('',#17387);
#4929=VERTEX_POINT('',#17393);
#4930=VERTEX_POINT('',#17395);
#4931=VERTEX_POINT('',#17399);
#4932=VERTEX_POINT('',#17403);
#4933=VERTEX_POINT('',#17407);
#4934=VERTEX_POINT('',#17411);
#4935=VERTEX_POINT('',#17415);
#4936=VERTEX_POINT('',#17419);
#4937=VERTEX_POINT('',#17423);
#4938=VERTEX_POINT('',#17427);
#4939=VERTEX_POINT('',#17428);
#4940=VERTEX_POINT('',#17430);
#4941=VERTEX_POINT('',#17432);
#4942=VERTEX_POINT('',#17436);
#4943=VERTEX_POINT('',#17438);
#4944=VERTEX_POINT('',#17442);
#4945=VERTEX_POINT('',#17444);
#4946=VERTEX_POINT('',#17448);
#4947=VERTEX_POINT('',#17451);
#4948=VERTEX_POINT('',#17455);
#4949=VERTEX_POINT('',#17457);
#4950=VERTEX_POINT('',#17459);
#4951=VERTEX_POINT('',#17461);
#4952=VERTEX_POINT('',#17463);
#4953=VERTEX_POINT('',#17465);
#4954=VERTEX_POINT('',#17468);
#4955=VERTEX_POINT('',#17470);
#4956=VERTEX_POINT('',#17472);
#4957=VERTEX_POINT('',#17474);
#4958=VERTEX_POINT('',#17476);
#4959=VERTEX_POINT('',#17478);
#4960=VERTEX_POINT('',#17480);
#4961=VERTEX_POINT('',#17482);
#4962=VERTEX_POINT('',#17484);
#4963=VERTEX_POINT('',#17486);
#4964=VERTEX_POINT('',#17488);
#4965=VERTEX_POINT('',#17490);
#4966=VERTEX_POINT('',#17492);
#4967=VERTEX_POINT('',#17494);
#4968=VERTEX_POINT('',#17496);
#4969=VERTEX_POINT('',#17498);
#4970=VERTEX_POINT('',#17500);
#4971=VERTEX_POINT('',#17502);
#4972=VERTEX_POINT('',#17504);
#4973=VERTEX_POINT('',#17506);
#4974=VERTEX_POINT('',#17508);
#4975=VERTEX_POINT('',#17510);
#4976=VERTEX_POINT('',#17512);
#4977=VERTEX_POINT('',#17514);
#4978=VERTEX_POINT('',#17516);
#4979=VERTEX_POINT('',#17518);
#4980=VERTEX_POINT('',#17520);
#4981=VERTEX_POINT('',#17522);
#4982=VERTEX_POINT('',#17524);
#4983=VERTEX_POINT('',#17526);
#4984=VERTEX_POINT('',#17528);
#4985=VERTEX_POINT('',#17530);
#4986=VERTEX_POINT('',#17532);
#4987=VERTEX_POINT('',#17534);
#4988=VERTEX_POINT('',#17536);
#4989=VERTEX_POINT('',#17538);
#4990=VERTEX_POINT('',#17540);
#4991=VERTEX_POINT('',#17542);
#4992=VERTEX_POINT('',#17544);
#4993=VERTEX_POINT('',#17546);
#4994=VERTEX_POINT('',#17548);
#4995=VERTEX_POINT('',#17550);
#4996=VERTEX_POINT('',#17552);
#4997=VERTEX_POINT('',#17554);
#4998=VERTEX_POINT('',#17556);
#4999=VERTEX_POINT('',#17558);
#5000=VERTEX_POINT('',#17560);
#5001=VERTEX_POINT('',#17562);
#5002=VERTEX_POINT('',#17564);
#5003=VERTEX_POINT('',#17566);
#5004=VERTEX_POINT('',#17568);
#5005=VERTEX_POINT('',#17570);
#5006=VERTEX_POINT('',#17572);
#5007=VERTEX_POINT('',#17574);
#5008=VERTEX_POINT('',#17577);
#5009=VERTEX_POINT('',#17579);
#5010=VERTEX_POINT('',#17581);
#5011=VERTEX_POINT('',#17583);
#5012=VERTEX_POINT('',#17586);
#5013=VERTEX_POINT('',#17588);
#5014=VERTEX_POINT('',#17591);
#5015=VERTEX_POINT('',#17595);
#5016=VERTEX_POINT('',#17596);
#5017=VERTEX_POINT('',#17598);
#5018=VERTEX_POINT('',#17600);
#5019=VERTEX_POINT('',#17604);
#5020=VERTEX_POINT('',#17605);
#5021=VERTEX_POINT('',#17607);
#5022=VERTEX_POINT('',#17609);
#5023=VERTEX_POINT('',#17616);
#5024=VERTEX_POINT('',#17617);
#5025=VERTEX_POINT('',#17619);
#5026=VERTEX_POINT('',#17621);
#5027=VERTEX_POINT('',#17623);
#5028=VERTEX_POINT('',#17625);
#5029=VERTEX_POINT('',#17627);
#5030=VERTEX_POINT('',#17629);
#5031=VERTEX_POINT('',#17631);
#5032=VERTEX_POINT('',#17633);
#5033=VERTEX_POINT('',#17635);
#5034=VERTEX_POINT('',#17637);
#5035=VERTEX_POINT('',#17639);
#5036=VERTEX_POINT('',#17641);
#5037=VERTEX_POINT('',#17643);
#5038=VERTEX_POINT('',#17645);
#5039=VERTEX_POINT('',#17647);
#5040=VERTEX_POINT('',#17649);
#5041=VERTEX_POINT('',#17651);
#5042=VERTEX_POINT('',#17653);
#5043=VERTEX_POINT('',#17655);
#5044=VERTEX_POINT('',#17657);
#5045=VERTEX_POINT('',#17659);
#5046=VERTEX_POINT('',#17661);
#5047=VERTEX_POINT('',#17663);
#5048=VERTEX_POINT('',#17665);
#5049=VERTEX_POINT('',#17667);
#5050=VERTEX_POINT('',#17669);
#5051=VERTEX_POINT('',#17671);
#5052=VERTEX_POINT('',#17673);
#5053=VERTEX_POINT('',#17675);
#5054=VERTEX_POINT('',#17677);
#5055=VERTEX_POINT('',#17680);
#5056=VERTEX_POINT('',#17681);
#5057=VERTEX_POINT('',#17683);
#5058=VERTEX_POINT('',#17685);
#5059=VERTEX_POINT('',#17687);
#5060=VERTEX_POINT('',#17689);
#5061=VERTEX_POINT('',#17692);
#5062=VERTEX_POINT('',#17695);
#5063=VERTEX_POINT('',#17697);
#5064=VERTEX_POINT('',#17699);
#5065=VERTEX_POINT('',#17701);
#5066=VERTEX_POINT('',#17703);
#5067=VERTEX_POINT('',#17705);
#5068=VERTEX_POINT('',#17707);
#5069=VERTEX_POINT('',#17710);
#5070=VERTEX_POINT('',#17712);
#5071=VERTEX_POINT('',#17714);
#5072=VERTEX_POINT('',#17716);
#5073=VERTEX_POINT('',#17718);
#5074=VERTEX_POINT('',#17720);
#5075=VERTEX_POINT('',#17722);
#5076=VERTEX_POINT('',#17725);
#5077=VERTEX_POINT('',#17727);
#5078=VERTEX_POINT('',#17729);
#5079=VERTEX_POINT('',#17731);
#5080=VERTEX_POINT('',#17733);
#5081=VERTEX_POINT('',#17735);
#5082=VERTEX_POINT('',#17737);
#5083=VERTEX_POINT('',#17740);
#5084=VERTEX_POINT('',#17742);
#5085=VERTEX_POINT('',#17744);
#5086=VERTEX_POINT('',#17746);
#5087=VERTEX_POINT('',#17748);
#5088=VERTEX_POINT('',#17750);
#5089=VERTEX_POINT('',#17752);
#5090=VERTEX_POINT('',#17755);
#5091=VERTEX_POINT('',#17757);
#5092=VERTEX_POINT('',#17759);
#5093=VERTEX_POINT('',#17761);
#5094=VERTEX_POINT('',#17763);
#5095=VERTEX_POINT('',#17765);
#5096=VERTEX_POINT('',#17767);
#5097=VERTEX_POINT('',#17770);
#5098=VERTEX_POINT('',#17772);
#5099=VERTEX_POINT('',#17774);
#5100=VERTEX_POINT('',#17776);
#5101=VERTEX_POINT('',#17778);
#5102=VERTEX_POINT('',#17780);
#5103=VERTEX_POINT('',#17782);
#5104=VERTEX_POINT('',#17785);
#5105=VERTEX_POINT('',#17787);
#5106=VERTEX_POINT('',#17789);
#5107=VERTEX_POINT('',#17791);
#5108=VERTEX_POINT('',#17793);
#5109=VERTEX_POINT('',#17795);
#5110=VERTEX_POINT('',#17797);
#5111=VERTEX_POINT('',#17800);
#5112=VERTEX_POINT('',#17802);
#5113=VERTEX_POINT('',#17804);
#5114=VERTEX_POINT('',#17806);
#5115=VERTEX_POINT('',#17808);
#5116=VERTEX_POINT('',#17810);
#5117=VERTEX_POINT('',#17812);
#5118=VERTEX_POINT('',#17816);
#5119=VERTEX_POINT('',#17818);
#5120=VERTEX_POINT('',#17820);
#5121=VERTEX_POINT('',#17822);
#5122=VERTEX_POINT('',#17824);
#5123=VERTEX_POINT('',#17826);
#5124=VERTEX_POINT('',#17829);
#5125=VERTEX_POINT('',#17832);
#5126=VERTEX_POINT('',#17833);
#5127=VERTEX_POINT('',#17835);
#5128=VERTEX_POINT('',#17837);
#5129=VERTEX_POINT('',#17839);
#5130=VERTEX_POINT('',#17841);
#5131=VERTEX_POINT('',#17844);
#5132=VERTEX_POINT('',#17847);
#5133=VERTEX_POINT('',#17848);
#5134=VERTEX_POINT('',#17850);
#5135=VERTEX_POINT('',#17852);
#5136=VERTEX_POINT('',#17854);
#5137=VERTEX_POINT('',#17856);
#5138=VERTEX_POINT('',#17859);
#5139=VERTEX_POINT('',#17862);
#5140=VERTEX_POINT('',#17863);
#5141=VERTEX_POINT('',#17865);
#5142=VERTEX_POINT('',#17867);
#5143=VERTEX_POINT('',#17869);
#5144=VERTEX_POINT('',#17872);
#5145=VERTEX_POINT('',#17874);
#5146=VERTEX_POINT('',#17877);
#5147=VERTEX_POINT('',#17878);
#5148=VERTEX_POINT('',#17880);
#5149=VERTEX_POINT('',#17882);
#5150=VERTEX_POINT('',#17884);
#5151=VERTEX_POINT('',#17886);
#5152=VERTEX_POINT('',#17889);
#5153=VERTEX_POINT('',#17892);
#5154=VERTEX_POINT('',#17893);
#5155=VERTEX_POINT('',#17895);
#5156=VERTEX_POINT('',#17897);
#5157=VERTEX_POINT('',#17899);
#5158=VERTEX_POINT('',#17901);
#5159=VERTEX_POINT('',#17904);
#5160=VERTEX_POINT('',#17907);
#5161=VERTEX_POINT('',#17908);
#5162=VERTEX_POINT('',#17910);
#5163=VERTEX_POINT('',#17912);
#5164=VERTEX_POINT('',#17914);
#5165=VERTEX_POINT('',#17916);
#5166=VERTEX_POINT('',#17919);
#5167=VERTEX_POINT('',#17923);
#5168=VERTEX_POINT('',#17925);
#5169=VERTEX_POINT('',#17930);
#5170=VERTEX_POINT('',#17932);
#5171=VERTEX_POINT('',#17937);
#5172=VERTEX_POINT('',#17939);
#5173=VERTEX_POINT('',#17944);
#5174=VERTEX_POINT('',#17946);
#5175=VERTEX_POINT('',#17951);
#5176=VERTEX_POINT('',#17952);
#5177=VERTEX_POINT('',#17957);
#5178=VERTEX_POINT('',#17961);
#5179=VERTEX_POINT('',#17962);
#5180=VERTEX_POINT('',#17967);
#5181=VERTEX_POINT('',#17971);
#5182=VERTEX_POINT('',#17972);
#5183=VERTEX_POINT('',#17977);
#5184=VERTEX_POINT('',#17981);
#5185=VERTEX_POINT('',#17983);
#5186=VERTEX_POINT('',#17985);
#5187=VERTEX_POINT('',#17991);
#5188=VERTEX_POINT('',#17992);
#5189=VERTEX_POINT('',#17997);
#5190=VERTEX_POINT('',#17999);
#5191=VERTEX_POINT('',#18001);
#5192=VERTEX_POINT('',#18003);
#5193=VERTEX_POINT('',#18013);
#5194=VERTEX_POINT('',#18014);
#5195=VERTEX_POINT('',#18019);
#5196=VERTEX_POINT('',#18023);
#5197=VERTEX_POINT('',#18025);
#5198=VERTEX_POINT('',#18027);
#5199=VERTEX_POINT('',#18029);
#5200=VERTEX_POINT('',#18031);
#5201=VERTEX_POINT('',#18048);
#5202=VERTEX_POINT('',#18050);
#5203=VERTEX_POINT('',#18055);
#5204=VERTEX_POINT('',#18120);
#5205=EDGE_CURVE('',#4274,#4275,#4210,.T.);
#5206=EDGE_CURVE('',#4275,#4276,#3738,.T.);
#5207=EDGE_CURVE('',#4276,#4277,#1760,.T.);
#5208=EDGE_CURVE('',#4277,#4274,#3739,.T.);
#5209=EDGE_CURVE('',#4276,#4278,#1761,.T.);
#5210=EDGE_CURVE('',#4278,#4279,#1762,.T.);
#5211=EDGE_CURVE('',#4279,#4277,#1763,.T.);
#5212=EDGE_CURVE('',#4280,#4279,#3740,.T.);
#5213=EDGE_CURVE('',#4278,#4281,#3741,.T.);
#5214=EDGE_CURVE('',#4281,#4280,#4211,.T.);
#5215=EDGE_CURVE('',#4274,#4282,#1764,.T.);
#5216=EDGE_CURVE('',#4282,#4283,#1765,.T.);
#5217=EDGE_CURVE('',#4283,#4275,#1766,.T.);
#5218=EDGE_CURVE('',#4282,#4284,#3742,.T.);
#5219=EDGE_CURVE('',#4284,#4285,#1767,.T.);
#5220=EDGE_CURVE('',#4285,#4283,#3743,.T.);
#5221=EDGE_CURVE('',#4286,#4287,#1768,.T.);
#5222=EDGE_CURVE('',#4287,#4285,#1769,.T.);
#5223=EDGE_CURVE('',#4284,#4286,#1770,.T.);
#5224=EDGE_CURVE('',#4286,#4288,#3744,.T.);
#5225=EDGE_CURVE('',#4288,#4289,#1771,.T.);
#5226=EDGE_CURVE('',#4289,#4287,#3745,.T.);
#5227=EDGE_CURVE('',#4290,#4289,#1772,.T.);
#5228=EDGE_CURVE('',#4288,#4291,#1773,.T.);
#5229=EDGE_CURVE('',#4290,#4291,#4212,.T.);
#5230=EDGE_CURVE('',#4292,#4293,#1774,.T.);
#5231=EDGE_CURVE('',#4293,#4294,#1775,.T.);
#5232=EDGE_CURVE('',#4294,#4295,#1776,.T.);
#5233=EDGE_CURVE('',#4295,#4292,#4213,.T.);
#5234=EDGE_CURVE('',#4293,#4296,#3746,.T.);
#5235=EDGE_CURVE('',#4296,#4297,#1777,.T.);
#5236=EDGE_CURVE('',#4297,#4294,#3747,.T.);
#5237=EDGE_CURVE('',#4298,#4299,#1778,.T.);
#5238=EDGE_CURVE('',#4299,#4297,#1779,.T.);
#5239=EDGE_CURVE('',#4296,#4298,#1780,.T.);
#5240=EDGE_CURVE('',#4298,#4300,#3748,.T.);
#5241=EDGE_CURVE('',#4300,#4301,#1781,.T.);
#5242=EDGE_CURVE('',#4301,#4299,#3749,.T.);
#5243=EDGE_CURVE('',#4281,#4301,#1782,.T.);
#5244=EDGE_CURVE('',#4300,#4280,#1783,.T.);
#5245=EDGE_CURVE('',#4295,#4302,#3750,.T.);
#5246=EDGE_CURVE('',#4302,#4303,#1784,.T.);
#5247=EDGE_CURVE('',#4303,#4292,#3751,.T.);
#5248=EDGE_CURVE('',#4302,#4304,#1785,.T.);
#5249=EDGE_CURVE('',#4304,#4305,#1786,.T.);
#5250=EDGE_CURVE('',#4305,#4303,#1787,.T.);
#5251=EDGE_CURVE('',#4291,#4305,#3752,.T.);
#5252=EDGE_CURVE('',#4304,#4290,#3753,.T.);
#5253=EDGE_CURVE('',#4277,#4306,#1788,.T.);
#5254=EDGE_CURVE('',#4307,#4306,#3754,.F.);
#5255=EDGE_CURVE('',#4274,#4307,#1789,.T.);
#5256=EDGE_CURVE('',#4308,#4279,#1790,.T.);
#5257=EDGE_CURVE('',#4306,#4308,#1791,.T.);
#5258=EDGE_CURVE('',#4309,#4280,#1792,.T.);
#5259=EDGE_CURVE('',#4308,#4309,#3755,.F.);
#5260=EDGE_CURVE('',#4310,#4300,#1793,.T.);
#5261=EDGE_CURVE('',#4309,#4310,#1794,.T.);
#5262=EDGE_CURVE('',#4298,#4311,#1795,.T.);
#5263=EDGE_CURVE('',#4311,#4310,#3756,.T.);
#5264=EDGE_CURVE('',#4312,#4296,#1796,.T.);
#5265=EDGE_CURVE('',#4311,#4312,#1797,.T.);
#5266=EDGE_CURVE('',#4293,#4313,#1798,.T.);
#5267=EDGE_CURVE('',#4313,#4312,#3757,.T.);
#5268=EDGE_CURVE('',#4292,#4314,#1799,.T.);
#5269=EDGE_CURVE('',#4313,#4314,#1800,.T.);
#5270=EDGE_CURVE('',#4315,#4316,#3758,.T.);
#5271=EDGE_CURVE('',#4316,#4317,#1801,.T.);
#5272=EDGE_CURVE('',#4317,#4318,#3759,.T.);
#5273=EDGE_CURVE('',#4318,#4319,#1802,.T.);
#5274=EDGE_CURVE('',#4319,#4320,#3760,.T.);
#5275=EDGE_CURVE('',#4320,#4321,#1803,.T.);
#5276=EDGE_CURVE('',#4321,#4322,#3761,.T.);
#5277=EDGE_CURVE('',#4322,#4315,#1804,.T.);
#5278=EDGE_CURVE('',#4323,#4324,#3762,.T.);
#5279=EDGE_CURVE('',#4325,#4323,#1805,.T.);
#5280=EDGE_CURVE('',#4326,#4325,#3763,.T.);
#5281=EDGE_CURVE('',#4327,#4326,#1806,.T.);
#5282=EDGE_CURVE('',#4328,#4327,#3764,.T.);
#5283=EDGE_CURVE('',#4329,#4328,#1807,.T.);
#5284=EDGE_CURVE('',#4330,#4329,#3765,.T.);
#5285=EDGE_CURVE('',#4331,#4330,#1808,.T.);
#5286=EDGE_CURVE('',#4332,#4331,#3766,.T.);
#5287=EDGE_CURVE('',#4333,#4332,#1809,.T.);
#5288=EDGE_CURVE('',#4334,#4333,#3767,.T.);
#5289=EDGE_CURVE('',#4335,#4334,#1810,.T.);
#5290=EDGE_CURVE('',#4336,#4335,#3768,.T.);
#5291=EDGE_CURVE('',#4337,#4336,#1811,.T.);
#5292=EDGE_CURVE('',#4338,#4337,#3769,.T.);
#5293=EDGE_CURVE('',#4324,#4338,#1812,.T.);
#5294=EDGE_CURVE('',#4339,#4340,#3770,.T.);
#5295=EDGE_CURVE('',#4341,#4339,#1813,.T.);
#5296=EDGE_CURVE('',#4342,#4341,#3771,.T.);
#5297=EDGE_CURVE('',#4343,#4342,#1814,.T.);
#5298=EDGE_CURVE('',#4344,#4343,#3772,.T.);
#5299=EDGE_CURVE('',#4345,#4344,#1815,.T.);
#5300=EDGE_CURVE('',#4346,#4345,#3773,.T.);
#5301=EDGE_CURVE('',#4347,#4346,#1816,.T.);
#5302=EDGE_CURVE('',#4348,#4347,#3774,.T.);
#5303=EDGE_CURVE('',#4349,#4348,#1817,.T.);
#5304=EDGE_CURVE('',#4350,#4349,#3775,.T.);
#5305=EDGE_CURVE('',#4351,#4350,#1818,.T.);
#5306=EDGE_CURVE('',#4352,#4351,#3776,.T.);
#5307=EDGE_CURVE('',#4353,#4352,#1819,.T.);
#5308=EDGE_CURVE('',#4354,#4353,#3777,.T.);
#5309=EDGE_CURVE('',#4340,#4354,#1820,.T.);
#5310=EDGE_CURVE('',#4355,#4356,#1821,.T.);
#5311=EDGE_CURVE('',#4357,#4355,#3778,.T.);
#5312=EDGE_CURVE('',#4358,#4357,#1822,.T.);
#5313=EDGE_CURVE('',#4359,#4358,#3779,.T.);
#5314=EDGE_CURVE('',#4360,#4359,#1823,.T.);
#5315=EDGE_CURVE('',#4361,#4360,#3780,.T.);
#5316=EDGE_CURVE('',#4362,#4361,#1824,.T.);
#5317=EDGE_CURVE('',#4363,#4362,#3781,.T.);
#5318=EDGE_CURVE('',#4364,#4363,#1825,.T.);
#5319=EDGE_CURVE('',#4365,#4364,#3782,.T.);
#5320=EDGE_CURVE('',#4366,#4365,#1826,.T.);
#5321=EDGE_CURVE('',#4367,#4366,#3783,.T.);
#5322=EDGE_CURVE('',#4368,#4367,#1827,.T.);
#5323=EDGE_CURVE('',#4369,#4368,#3784,.T.);
#5324=EDGE_CURVE('',#4370,#4369,#1828,.T.);
#5325=EDGE_CURVE('',#4356,#4370,#3785,.T.);
#5326=EDGE_CURVE('',#4371,#4372,#3786,.T.);
#5327=EDGE_CURVE('',#4373,#4371,#1829,.T.);
#5328=EDGE_CURVE('',#4374,#4373,#3787,.T.);
#5329=EDGE_CURVE('',#4375,#4374,#1830,.T.);
#5330=EDGE_CURVE('',#4376,#4375,#3788,.T.);
#5331=EDGE_CURVE('',#4377,#4376,#1831,.T.);
#5332=EDGE_CURVE('',#4378,#4377,#3789,.T.);
#5333=EDGE_CURVE('',#4379,#4378,#1832,.T.);
#5334=EDGE_CURVE('',#4380,#4379,#3790,.T.);
#5335=EDGE_CURVE('',#4381,#4380,#1833,.T.);
#5336=EDGE_CURVE('',#4382,#4381,#3791,.T.);
#5337=EDGE_CURVE('',#4383,#4382,#1834,.T.);
#5338=EDGE_CURVE('',#4384,#4383,#3792,.T.);
#5339=EDGE_CURVE('',#4385,#4384,#1835,.T.);
#5340=EDGE_CURVE('',#4386,#4385,#3793,.T.);
#5341=EDGE_CURVE('',#4372,#4386,#1836,.T.);
#5342=EDGE_CURVE('',#4387,#4388,#3794,.T.);
#5343=EDGE_CURVE('',#4389,#4387,#1837,.T.);
#5344=EDGE_CURVE('',#4390,#4389,#3795,.T.);
#5345=EDGE_CURVE('',#4391,#4390,#1838,.T.);
#5346=EDGE_CURVE('',#4392,#4391,#3796,.T.);
#5347=EDGE_CURVE('',#4393,#4392,#1839,.T.);
#5348=EDGE_CURVE('',#4394,#4393,#3797,.T.);
#5349=EDGE_CURVE('',#4395,#4394,#1840,.T.);
#5350=EDGE_CURVE('',#4396,#4395,#3798,.T.);
#5351=EDGE_CURVE('',#4397,#4396,#1841,.T.);
#5352=EDGE_CURVE('',#4398,#4397,#3799,.T.);
#5353=EDGE_CURVE('',#4399,#4398,#1842,.T.);
#5354=EDGE_CURVE('',#4400,#4399,#3800,.T.);
#5355=EDGE_CURVE('',#4401,#4400,#1843,.T.);
#5356=EDGE_CURVE('',#4402,#4401,#3801,.T.);
#5357=EDGE_CURVE('',#4388,#4402,#1844,.T.);
#5358=EDGE_CURVE('',#4403,#4404,#1845,.T.);
#5359=EDGE_CURVE('',#4405,#4403,#3802,.T.);
#5360=EDGE_CURVE('',#4406,#4405,#1846,.T.);
#5361=EDGE_CURVE('',#4407,#4406,#3803,.T.);
#5362=EDGE_CURVE('',#4408,#4407,#1847,.T.);
#5363=EDGE_CURVE('',#4409,#4408,#3804,.T.);
#5364=EDGE_CURVE('',#4410,#4409,#1848,.T.);
#5365=EDGE_CURVE('',#4411,#4410,#3805,.T.);
#5366=EDGE_CURVE('',#4412,#4411,#1849,.T.);
#5367=EDGE_CURVE('',#4413,#4412,#3806,.T.);
#5368=EDGE_CURVE('',#4414,#4413,#1850,.T.);
#5369=EDGE_CURVE('',#4415,#4414,#3807,.T.);
#5370=EDGE_CURVE('',#4416,#4415,#1851,.T.);
#5371=EDGE_CURVE('',#4417,#4416,#3808,.T.);
#5372=EDGE_CURVE('',#4418,#4417,#1852,.T.);
#5373=EDGE_CURVE('',#4404,#4418,#3809,.T.);
#5374=EDGE_CURVE('',#4419,#4420,#1853,.T.);
#5375=EDGE_CURVE('',#4421,#4419,#3810,.T.);
#5376=EDGE_CURVE('',#4422,#4421,#1854,.T.);
#5377=EDGE_CURVE('',#4423,#4422,#3811,.T.);
#5378=EDGE_CURVE('',#4424,#4423,#1855,.T.);
#5379=EDGE_CURVE('',#4425,#4424,#3812,.T.);
#5380=EDGE_CURVE('',#4426,#4425,#1856,.T.);
#5381=EDGE_CURVE('',#4427,#4426,#3813,.T.);
#5382=EDGE_CURVE('',#4428,#4427,#1857,.T.);
#5383=EDGE_CURVE('',#4429,#4428,#3814,.T.);
#5384=EDGE_CURVE('',#4430,#4429,#1858,.T.);
#5385=EDGE_CURVE('',#4431,#4430,#3815,.T.);
#5386=EDGE_CURVE('',#4432,#4431,#1859,.T.);
#5387=EDGE_CURVE('',#4433,#4432,#3816,.T.);
#5388=EDGE_CURVE('',#4434,#4433,#1860,.T.);
#5389=EDGE_CURVE('',#4420,#4434,#3817,.T.);
#5390=EDGE_CURVE('',#4435,#4436,#1861,.T.);
#5391=EDGE_CURVE('',#4437,#4435,#3818,.T.);
#5392=EDGE_CURVE('',#4438,#4437,#1862,.T.);
#5393=EDGE_CURVE('',#4439,#4438,#3819,.T.);
#5394=EDGE_CURVE('',#4440,#4439,#1863,.T.);
#5395=EDGE_CURVE('',#4441,#4440,#3820,.T.);
#5396=EDGE_CURVE('',#4442,#4441,#1864,.T.);
#5397=EDGE_CURVE('',#4443,#4442,#3821,.T.);
#5398=EDGE_CURVE('',#4444,#4443,#1865,.T.);
#5399=EDGE_CURVE('',#4445,#4444,#3822,.T.);
#5400=EDGE_CURVE('',#4446,#4445,#1866,.T.);
#5401=EDGE_CURVE('',#4447,#4446,#3823,.T.);
#5402=EDGE_CURVE('',#4448,#4447,#1867,.T.);
#5403=EDGE_CURVE('',#4449,#4448,#3824,.T.);
#5404=EDGE_CURVE('',#4450,#4449,#1868,.T.);
#5405=EDGE_CURVE('',#4436,#4450,#3825,.T.);
#5406=EDGE_CURVE('',#4451,#4452,#1869,.T.);
#5407=EDGE_CURVE('',#4453,#4451,#3826,.T.);
#5408=EDGE_CURVE('',#4454,#4453,#1870,.T.);
#5409=EDGE_CURVE('',#4455,#4454,#3827,.T.);
#5410=EDGE_CURVE('',#4456,#4455,#1871,.T.);
#5411=EDGE_CURVE('',#4457,#4456,#3828,.T.);
#5412=EDGE_CURVE('',#4458,#4457,#1872,.T.);
#5413=EDGE_CURVE('',#4459,#4458,#3829,.T.);
#5414=EDGE_CURVE('',#4460,#4459,#1873,.T.);
#5415=EDGE_CURVE('',#4461,#4460,#3830,.T.);
#5416=EDGE_CURVE('',#4462,#4461,#1874,.T.);
#5417=EDGE_CURVE('',#4463,#4462,#3831,.T.);
#5418=EDGE_CURVE('',#4464,#4463,#1875,.T.);
#5419=EDGE_CURVE('',#4465,#4464,#3832,.T.);
#5420=EDGE_CURVE('',#4466,#4465,#1876,.T.);
#5421=EDGE_CURVE('',#4452,#4466,#3833,.T.);
#5422=EDGE_CURVE('',#4467,#4468,#3834,.T.);
#5423=EDGE_CURVE('',#4469,#4467,#1877,.T.);
#5424=EDGE_CURVE('',#4470,#4469,#3835,.T.);
#5425=EDGE_CURVE('',#4471,#4470,#1878,.T.);
#5426=EDGE_CURVE('',#4472,#4471,#3836,.T.);
#5427=EDGE_CURVE('',#4473,#4472,#1879,.T.);
#5428=EDGE_CURVE('',#4474,#4473,#3837,.T.);
#5429=EDGE_CURVE('',#4475,#4474,#1880,.T.);
#5430=EDGE_CURVE('',#4476,#4475,#3838,.T.);
#5431=EDGE_CURVE('',#4477,#4476,#1881,.T.);
#5432=EDGE_CURVE('',#4478,#4477,#3839,.T.);
#5433=EDGE_CURVE('',#4479,#4478,#1882,.T.);
#5434=EDGE_CURVE('',#4480,#4479,#3840,.T.);
#5435=EDGE_CURVE('',#4481,#4480,#1883,.T.);
#5436=EDGE_CURVE('',#4482,#4481,#3841,.T.);
#5437=EDGE_CURVE('',#4468,#4482,#1884,.T.);
#5438=EDGE_CURVE('',#4483,#4484,#3842,.T.);
#5439=EDGE_CURVE('',#4485,#4483,#1885,.T.);
#5440=EDGE_CURVE('',#4486,#4485,#3843,.T.);
#5441=EDGE_CURVE('',#4487,#4486,#1886,.T.);
#5442=EDGE_CURVE('',#4488,#4487,#3844,.T.);
#5443=EDGE_CURVE('',#4489,#4488,#1887,.T.);
#5444=EDGE_CURVE('',#4490,#4489,#3845,.T.);
#5445=EDGE_CURVE('',#4491,#4490,#1888,.T.);
#5446=EDGE_CURVE('',#4492,#4491,#3846,.T.);
#5447=EDGE_CURVE('',#4493,#4492,#1889,.T.);
#5448=EDGE_CURVE('',#4494,#4493,#3847,.T.);
#5449=EDGE_CURVE('',#4495,#4494,#1890,.T.);
#5450=EDGE_CURVE('',#4496,#4495,#3848,.T.);
#5451=EDGE_CURVE('',#4497,#4496,#1891,.T.);
#5452=EDGE_CURVE('',#4498,#4497,#3849,.T.);
#5453=EDGE_CURVE('',#4484,#4498,#1892,.T.);
#5454=EDGE_CURVE('',#4499,#4500,#3850,.T.);
#5455=EDGE_CURVE('',#4501,#4499,#1893,.T.);
#5456=EDGE_CURVE('',#4502,#4501,#3851,.T.);
#5457=EDGE_CURVE('',#4503,#4502,#1894,.T.);
#5458=EDGE_CURVE('',#4504,#4503,#3852,.T.);
#5459=EDGE_CURVE('',#4505,#4504,#1895,.T.);
#5460=EDGE_CURVE('',#4506,#4505,#3853,.T.);
#5461=EDGE_CURVE('',#4507,#4506,#1896,.T.);
#5462=EDGE_CURVE('',#4508,#4507,#3854,.T.);
#5463=EDGE_CURVE('',#4509,#4508,#1897,.T.);
#5464=EDGE_CURVE('',#4510,#4509,#3855,.T.);
#5465=EDGE_CURVE('',#4511,#4510,#1898,.T.);
#5466=EDGE_CURVE('',#4512,#4511,#3856,.T.);
#5467=EDGE_CURVE('',#4513,#4512,#1899,.T.);
#5468=EDGE_CURVE('',#4514,#4513,#3857,.T.);
#5469=EDGE_CURVE('',#4500,#4514,#1900,.T.);
#5470=EDGE_CURVE('',#4515,#4516,#3858,.T.);
#5471=EDGE_CURVE('',#4517,#4515,#1901,.T.);
#5472=EDGE_CURVE('',#4518,#4517,#3859,.T.);
#5473=EDGE_CURVE('',#4519,#4518,#1902,.T.);
#5474=EDGE_CURVE('',#4520,#4519,#3860,.T.);
#5475=EDGE_CURVE('',#4521,#4520,#1903,.T.);
#5476=EDGE_CURVE('',#4522,#4521,#3861,.T.);
#5477=EDGE_CURVE('',#4523,#4522,#1904,.T.);
#5478=EDGE_CURVE('',#4524,#4523,#3862,.T.);
#5479=EDGE_CURVE('',#4525,#4524,#1905,.T.);
#5480=EDGE_CURVE('',#4526,#4525,#3863,.T.);
#5481=EDGE_CURVE('',#4527,#4526,#1906,.T.);
#5482=EDGE_CURVE('',#4528,#4527,#3864,.T.);
#5483=EDGE_CURVE('',#4529,#4528,#1907,.T.);
#5484=EDGE_CURVE('',#4530,#4529,#3865,.T.);
#5485=EDGE_CURVE('',#4516,#4530,#1908,.T.);
#5486=EDGE_CURVE('',#4531,#4532,#3866,.T.);
#5487=EDGE_CURVE('',#4533,#4531,#1909,.T.);
#5488=EDGE_CURVE('',#4534,#4533,#3867,.T.);
#5489=EDGE_CURVE('',#4535,#4534,#1910,.T.);
#5490=EDGE_CURVE('',#4536,#4535,#3868,.T.);
#5491=EDGE_CURVE('',#4537,#4536,#1911,.T.);
#5492=EDGE_CURVE('',#4538,#4537,#3869,.T.);
#5493=EDGE_CURVE('',#4539,#4538,#1912,.T.);
#5494=EDGE_CURVE('',#4540,#4539,#3870,.T.);
#5495=EDGE_CURVE('',#4541,#4540,#1913,.T.);
#5496=EDGE_CURVE('',#4542,#4541,#3871,.T.);
#5497=EDGE_CURVE('',#4543,#4542,#1914,.T.);
#5498=EDGE_CURVE('',#4544,#4543,#3872,.T.);
#5499=EDGE_CURVE('',#4545,#4544,#1915,.T.);
#5500=EDGE_CURVE('',#4546,#4545,#3873,.T.);
#5501=EDGE_CURVE('',#4532,#4546,#1916,.T.);
#5502=EDGE_CURVE('',#4547,#4548,#1917,.T.);
#5503=EDGE_CURVE('',#4549,#4547,#3874,.T.);
#5504=EDGE_CURVE('',#4550,#4549,#1918,.T.);
#5505=EDGE_CURVE('',#4551,#4550,#3875,.T.);
#5506=EDGE_CURVE('',#4552,#4551,#1919,.T.);
#5507=EDGE_CURVE('',#4553,#4552,#3876,.T.);
#5508=EDGE_CURVE('',#4554,#4553,#1920,.T.);
#5509=EDGE_CURVE('',#4555,#4554,#3877,.T.);
#5510=EDGE_CURVE('',#4556,#4555,#1921,.T.);
#5511=EDGE_CURVE('',#4557,#4556,#3878,.T.);
#5512=EDGE_CURVE('',#4558,#4557,#1922,.T.);
#5513=EDGE_CURVE('',#4559,#4558,#3879,.T.);
#5514=EDGE_CURVE('',#4560,#4559,#1923,.T.);
#5515=EDGE_CURVE('',#4561,#4560,#3880,.T.);
#5516=EDGE_CURVE('',#4562,#4561,#1924,.T.);
#5517=EDGE_CURVE('',#4548,#4562,#3881,.T.);
#5518=EDGE_CURVE('',#4563,#4564,#1925,.T.);
#5519=EDGE_CURVE('',#4564,#4333,#1926,.T.);
#5520=EDGE_CURVE('',#4332,#4563,#4214,.T.);
#5521=EDGE_CURVE('',#4331,#4565,#1927,.T.);
#5522=EDGE_CURVE('',#4565,#4563,#3882,.T.);
#5523=EDGE_CURVE('',#4330,#4566,#1928,.T.);
#5524=EDGE_CURVE('',#4566,#4565,#1929,.T.);
#5525=EDGE_CURVE('',#4567,#4566,#3883,.T.);
#5526=EDGE_CURVE('',#4329,#4567,#4215,.T.);
#5527=EDGE_CURVE('',#4568,#4323,#4216,.T.);
#5528=EDGE_CURVE('',#4324,#4569,#1930,.T.);
#5529=EDGE_CURVE('',#4569,#4568,#3884,.T.);
#5530=EDGE_CURVE('',#4568,#4570,#1931,.T.);
#5531=EDGE_CURVE('',#4570,#4325,#1932,.T.);
#5532=EDGE_CURVE('',#4570,#4571,#3885,.T.);
#5533=EDGE_CURVE('',#4571,#4326,#1933,.T.);
#5534=EDGE_CURVE('',#4572,#4327,#1934,.T.);
#5535=EDGE_CURVE('',#4571,#4572,#1935,.T.);
#5536=EDGE_CURVE('',#4572,#4573,#3886,.T.);
#5537=EDGE_CURVE('',#4573,#4328,#1936,.T.);
#5538=EDGE_CURVE('',#4573,#4567,#1937,.T.);
#5539=EDGE_CURVE('',#4338,#4574,#1938,.T.);
#5540=EDGE_CURVE('',#4574,#4569,#1939,.T.);
#5541=EDGE_CURVE('',#4575,#4574,#3887,.T.);
#5542=EDGE_CURVE('',#4337,#4575,#4217,.T.);
#5543=EDGE_CURVE('',#4564,#4576,#3888,.T.);
#5544=EDGE_CURVE('',#4576,#4334,#1940,.T.);
#5545=EDGE_CURVE('',#4577,#4335,#1941,.T.);
#5546=EDGE_CURVE('',#4576,#4577,#1942,.T.);
#5547=EDGE_CURVE('',#4577,#4578,#3889,.T.);
#5548=EDGE_CURVE('',#4578,#4336,#1943,.T.);
#5549=EDGE_CURVE('',#4578,#4575,#1944,.T.);
#5550=EDGE_CURVE('',#4579,#4566,#1945,.T.);
#5551=EDGE_CURVE('',#4580,#4579,#1946,.T.);
#5552=EDGE_CURVE('',#4565,#4580,#1947,.T.);
#5553=EDGE_CURVE('',#4581,#4567,#1948,.T.);
#5554=EDGE_CURVE('',#4579,#4581,#3890,.F.);
#5555=EDGE_CURVE('',#4582,#4573,#1949,.T.);
#5556=EDGE_CURVE('',#4581,#4582,#1950,.T.);
#5557=EDGE_CURVE('',#4572,#4583,#1951,.T.);
#5558=EDGE_CURVE('',#4583,#4582,#3891,.T.);
#5559=EDGE_CURVE('',#4584,#4571,#1952,.T.);
#5560=EDGE_CURVE('',#4583,#4584,#1953,.T.);
#5561=EDGE_CURVE('',#4570,#4585,#1954,.T.);
#5562=EDGE_CURVE('',#4585,#4584,#3892,.T.);
#5563=EDGE_CURVE('',#4568,#4586,#1955,.T.);
#5564=EDGE_CURVE('',#4585,#4586,#1956,.T.);
#5565=EDGE_CURVE('',#4569,#4587,#1957,.T.);
#5566=EDGE_CURVE('',#4586,#4587,#3893,.F.);
#5567=EDGE_CURVE('',#4588,#4555,#4218,.T.);
#5568=EDGE_CURVE('',#4554,#4589,#1958,.T.);
#5569=EDGE_CURVE('',#4589,#4588,#3894,.T.);
#5570=EDGE_CURVE('',#4590,#4591,#1959,.T.);
#5571=EDGE_CURVE('',#4591,#4547,#1960,.T.);
#5572=EDGE_CURVE('',#4548,#4590,#4219,.T.);
#5573=EDGE_CURVE('',#4562,#4592,#1961,.T.);
#5574=EDGE_CURVE('',#4592,#4590,#3895,.T.);
#5575=EDGE_CURVE('',#4561,#4593,#1962,.T.);
#5576=EDGE_CURVE('',#4593,#4592,#1963,.T.);
#5577=EDGE_CURVE('',#4594,#4593,#3896,.T.);
#5578=EDGE_CURVE('',#4560,#4594,#4220,.T.);
#5579=EDGE_CURVE('',#4591,#4595,#3897,.T.);
#5580=EDGE_CURVE('',#4595,#4549,#1964,.T.);
#5581=EDGE_CURVE('',#4596,#4550,#1965,.T.);
#5582=EDGE_CURVE('',#4595,#4596,#1966,.T.);
#5583=EDGE_CURVE('',#4596,#4597,#3898,.T.);
#5584=EDGE_CURVE('',#4597,#4551,#1967,.T.);
#5585=EDGE_CURVE('',#4597,#4598,#1968,.T.);
#5586=EDGE_CURVE('',#4552,#4598,#4221,.T.);
#5587=EDGE_CURVE('',#4588,#4599,#1969,.T.);
#5588=EDGE_CURVE('',#4599,#4556,#1970,.T.);
#5589=EDGE_CURVE('',#4599,#4600,#3899,.T.);
#5590=EDGE_CURVE('',#4600,#4557,#1971,.T.);
#5591=EDGE_CURVE('',#4601,#4558,#1972,.T.);
#5592=EDGE_CURVE('',#4600,#4601,#1973,.T.);
#5593=EDGE_CURVE('',#4601,#4602,#3900,.T.);
#5594=EDGE_CURVE('',#4602,#4559,#1974,.T.);
#5595=EDGE_CURVE('',#4602,#4594,#1975,.T.);
#5596=EDGE_CURVE('',#4553,#4603,#1976,.T.);
#5597=EDGE_CURVE('',#4603,#4589,#1977,.T.);
#5598=EDGE_CURVE('',#4598,#4603,#3901,.T.);
#5599=EDGE_CURVE('',#4589,#4604,#1978,.T.);
#5600=EDGE_CURVE('',#4605,#4604,#3902,.F.);
#5601=EDGE_CURVE('',#4588,#4605,#1979,.T.);
#5602=EDGE_CURVE('',#4606,#4603,#1980,.T.);
#5603=EDGE_CURVE('',#4604,#4606,#1981,.T.);
#5604=EDGE_CURVE('',#4607,#4598,#1982,.T.);
#5605=EDGE_CURVE('',#4606,#4607,#3903,.F.);
#5606=EDGE_CURVE('',#4608,#4597,#1983,.T.);
#5607=EDGE_CURVE('',#4607,#4608,#1984,.T.);
#5608=EDGE_CURVE('',#4596,#4609,#1985,.T.);
#5609=EDGE_CURVE('',#4609,#4608,#3904,.T.);
#5610=EDGE_CURVE('',#4610,#4595,#1986,.T.);
#5611=EDGE_CURVE('',#4609,#4610,#1987,.T.);
#5612=EDGE_CURVE('',#4591,#4611,#1988,.T.);
#5613=EDGE_CURVE('',#4611,#4610,#3905,.T.);
#5614=EDGE_CURVE('',#4590,#4612,#1989,.T.);
#5615=EDGE_CURVE('',#4611,#4612,#1990,.T.);
#5616=EDGE_CURVE('',#4613,#4614,#1991,.T.);
#5617=EDGE_CURVE('',#4614,#4349,#1992,.T.);
#5618=EDGE_CURVE('',#4348,#4613,#4222,.T.);
#5619=EDGE_CURVE('',#4347,#4615,#1993,.T.);
#5620=EDGE_CURVE('',#4615,#4613,#3906,.T.);
#5621=EDGE_CURVE('',#4346,#4616,#1994,.T.);
#5622=EDGE_CURVE('',#4616,#4615,#1995,.T.);
#5623=EDGE_CURVE('',#4617,#4616,#3907,.T.);
#5624=EDGE_CURVE('',#4345,#4617,#4223,.T.);
#5625=EDGE_CURVE('',#4618,#4339,#4224,.T.);
#5626=EDGE_CURVE('',#4340,#4619,#1996,.T.);
#5627=EDGE_CURVE('',#4619,#4618,#3908,.T.);
#5628=EDGE_CURVE('',#4618,#4620,#1997,.T.);
#5629=EDGE_CURVE('',#4620,#4341,#1998,.T.);
#5630=EDGE_CURVE('',#4620,#4621,#3909,.T.);
#5631=EDGE_CURVE('',#4621,#4342,#1999,.T.);
#5632=EDGE_CURVE('',#4622,#4343,#2000,.T.);
#5633=EDGE_CURVE('',#4621,#4622,#2001,.T.);
#5634=EDGE_CURVE('',#4622,#4623,#3910,.T.);
#5635=EDGE_CURVE('',#4623,#4344,#2002,.T.);
#5636=EDGE_CURVE('',#4623,#4617,#2003,.T.);
#5637=EDGE_CURVE('',#4354,#4624,#2004,.T.);
#5638=EDGE_CURVE('',#4624,#4619,#2005,.T.);
#5639=EDGE_CURVE('',#4625,#4624,#3911,.T.);
#5640=EDGE_CURVE('',#4353,#4625,#4225,.T.);
#5641=EDGE_CURVE('',#4614,#4626,#3912,.T.);
#5642=EDGE_CURVE('',#4626,#4350,#2006,.T.);
#5643=EDGE_CURVE('',#4627,#4351,#2007,.T.);
#5644=EDGE_CURVE('',#4626,#4627,#2008,.T.);
#5645=EDGE_CURVE('',#4627,#4628,#3913,.T.);
#5646=EDGE_CURVE('',#4628,#4352,#2009,.T.);
#5647=EDGE_CURVE('',#4628,#4625,#2010,.T.);
#5648=EDGE_CURVE('',#4629,#4616,#2011,.T.);
#5649=EDGE_CURVE('',#4630,#4629,#2012,.T.);
#5650=EDGE_CURVE('',#4615,#4630,#2013,.T.);
#5651=EDGE_CURVE('',#4631,#4617,#2014,.T.);
#5652=EDGE_CURVE('',#4629,#4631,#3914,.F.);
#5653=EDGE_CURVE('',#4632,#4623,#2015,.T.);
#5654=EDGE_CURVE('',#4631,#4632,#2016,.T.);
#5655=EDGE_CURVE('',#4622,#4633,#2017,.T.);
#5656=EDGE_CURVE('',#4633,#4632,#3915,.T.);
#5657=EDGE_CURVE('',#4634,#4621,#2018,.T.);
#5658=EDGE_CURVE('',#4633,#4634,#2019,.T.);
#5659=EDGE_CURVE('',#4620,#4635,#2020,.T.);
#5660=EDGE_CURVE('',#4635,#4634,#3916,.T.);
#5661=EDGE_CURVE('',#4618,#4636,#2021,.T.);
#5662=EDGE_CURVE('',#4635,#4636,#2022,.T.);
#5663=EDGE_CURVE('',#4619,#4637,#2023,.T.);
#5664=EDGE_CURVE('',#4636,#4637,#3917,.F.);
#5665=EDGE_CURVE('',#4638,#4639,#2024,.T.);
#5666=EDGE_CURVE('',#4639,#4541,#2025,.T.);
#5667=EDGE_CURVE('',#4540,#4638,#4226,.T.);
#5668=EDGE_CURVE('',#4539,#4640,#2026,.T.);
#5669=EDGE_CURVE('',#4640,#4638,#3918,.T.);
#5670=EDGE_CURVE('',#4538,#4641,#2027,.T.);
#5671=EDGE_CURVE('',#4641,#4640,#2028,.T.);
#5672=EDGE_CURVE('',#4642,#4641,#3919,.T.);
#5673=EDGE_CURVE('',#4537,#4642,#4227,.T.);
#5674=EDGE_CURVE('',#4643,#4531,#4228,.T.);
#5675=EDGE_CURVE('',#4532,#4644,#2029,.T.);
#5676=EDGE_CURVE('',#4644,#4643,#3920,.T.);
#5677=EDGE_CURVE('',#4643,#4645,#2030,.T.);
#5678=EDGE_CURVE('',#4645,#4533,#2031,.T.);
#5679=EDGE_CURVE('',#4645,#4646,#3921,.T.);
#5680=EDGE_CURVE('',#4646,#4534,#2032,.T.);
#5681=EDGE_CURVE('',#4647,#4535,#2033,.T.);
#5682=EDGE_CURVE('',#4646,#4647,#2034,.T.);
#5683=EDGE_CURVE('',#4647,#4648,#3922,.T.);
#5684=EDGE_CURVE('',#4648,#4536,#2035,.T.);
#5685=EDGE_CURVE('',#4648,#4642,#2036,.T.);
#5686=EDGE_CURVE('',#4546,#4649,#2037,.T.);
#5687=EDGE_CURVE('',#4649,#4644,#2038,.T.);
#5688=EDGE_CURVE('',#4650,#4649,#3923,.T.);
#5689=EDGE_CURVE('',#4545,#4650,#4229,.T.);
#5690=EDGE_CURVE('',#4639,#4651,#3924,.T.);
#5691=EDGE_CURVE('',#4651,#4542,#2039,.T.);
#5692=EDGE_CURVE('',#4652,#4543,#2040,.T.);
#5693=EDGE_CURVE('',#4651,#4652,#2041,.T.);
#5694=EDGE_CURVE('',#4652,#4653,#3925,.T.);
#5695=EDGE_CURVE('',#4653,#4544,#2042,.T.);
#5696=EDGE_CURVE('',#4653,#4650,#2043,.T.);
#5697=EDGE_CURVE('',#4654,#4641,#2044,.T.);
#5698=EDGE_CURVE('',#4655,#4654,#2045,.T.);
#5699=EDGE_CURVE('',#4640,#4655,#2046,.T.);
#5700=EDGE_CURVE('',#4656,#4642,#2047,.T.);
#5701=EDGE_CURVE('',#4654,#4656,#3926,.F.);
#5702=EDGE_CURVE('',#4657,#4648,#2048,.T.);
#5703=EDGE_CURVE('',#4656,#4657,#2049,.T.);
#5704=EDGE_CURVE('',#4647,#4658,#2050,.T.);
#5705=EDGE_CURVE('',#4658,#4657,#3927,.T.);
#5706=EDGE_CURVE('',#4659,#4646,#2051,.T.);
#5707=EDGE_CURVE('',#4658,#4659,#2052,.T.);
#5708=EDGE_CURVE('',#4645,#4660,#2053,.T.);
#5709=EDGE_CURVE('',#4660,#4659,#3928,.T.);
#5710=EDGE_CURVE('',#4643,#4661,#2054,.T.);
#5711=EDGE_CURVE('',#4660,#4661,#2055,.T.);
#5712=EDGE_CURVE('',#4644,#4662,#2056,.T.);
#5713=EDGE_CURVE('',#4661,#4662,#3929,.F.);
#5714=EDGE_CURVE('',#4663,#4363,#4230,.T.);
#5715=EDGE_CURVE('',#4362,#4664,#2057,.T.);
#5716=EDGE_CURVE('',#4664,#4663,#3930,.T.);
#5717=EDGE_CURVE('',#4361,#4665,#2058,.T.);
#5718=EDGE_CURVE('',#4665,#4664,#2059,.T.);
#5719=EDGE_CURVE('',#4666,#4665,#3931,.T.);
#5720=EDGE_CURVE('',#4360,#4666,#4231,.T.);
#5721=EDGE_CURVE('',#4667,#4668,#2060,.T.);
#5722=EDGE_CURVE('',#4668,#4355,#2061,.T.);
#5723=EDGE_CURVE('',#4356,#4667,#4232,.T.);
#5724=EDGE_CURVE('',#4668,#4669,#3932,.T.);
#5725=EDGE_CURVE('',#4669,#4357,#2062,.T.);
#5726=EDGE_CURVE('',#4670,#4358,#2063,.T.);
#5727=EDGE_CURVE('',#4669,#4670,#2064,.T.);
#5728=EDGE_CURVE('',#4670,#4671,#3933,.T.);
#5729=EDGE_CURVE('',#4671,#4359,#2065,.T.);
#5730=EDGE_CURVE('',#4671,#4666,#2066,.T.);
#5731=EDGE_CURVE('',#4370,#4672,#2067,.T.);
#5732=EDGE_CURVE('',#4672,#4667,#3934,.T.);
#5733=EDGE_CURVE('',#4369,#4673,#2068,.T.);
#5734=EDGE_CURVE('',#4673,#4672,#2069,.T.);
#5735=EDGE_CURVE('',#4674,#4673,#3935,.T.);
#5736=EDGE_CURVE('',#4368,#4674,#4233,.T.);
#5737=EDGE_CURVE('',#4663,#4675,#2070,.T.);
#5738=EDGE_CURVE('',#4675,#4364,#2071,.T.);
#5739=EDGE_CURVE('',#4675,#4676,#3936,.T.);
#5740=EDGE_CURVE('',#4676,#4365,#2072,.T.);
#5741=EDGE_CURVE('',#4677,#4366,#2073,.T.);
#5742=EDGE_CURVE('',#4676,#4677,#2074,.T.);
#5743=EDGE_CURVE('',#4677,#4678,#3937,.T.);
#5744=EDGE_CURVE('',#4678,#4367,#2075,.T.);
#5745=EDGE_CURVE('',#4678,#4674,#2076,.T.);
#5746=EDGE_CURVE('',#4664,#4679,#2077,.T.);
#5747=EDGE_CURVE('',#4680,#4679,#3938,.F.);
#5748=EDGE_CURVE('',#4663,#4680,#2078,.T.);
#5749=EDGE_CURVE('',#4681,#4665,#2079,.T.);
#5750=EDGE_CURVE('',#4679,#4681,#2080,.T.);
#5751=EDGE_CURVE('',#4682,#4666,#2081,.T.);
#5752=EDGE_CURVE('',#4681,#4682,#3939,.F.);
#5753=EDGE_CURVE('',#4683,#4671,#2082,.T.);
#5754=EDGE_CURVE('',#4682,#4683,#2083,.T.);
#5755=EDGE_CURVE('',#4670,#4684,#2084,.T.);
#5756=EDGE_CURVE('',#4684,#4683,#3940,.T.);
#5757=EDGE_CURVE('',#4685,#4669,#2085,.T.);
#5758=EDGE_CURVE('',#4684,#4685,#2086,.T.);
#5759=EDGE_CURVE('',#4668,#4686,#2087,.T.);
#5760=EDGE_CURVE('',#4686,#4685,#3941,.T.);
#5761=EDGE_CURVE('',#4667,#4687,#2088,.T.);
#5762=EDGE_CURVE('',#4686,#4687,#2089,.T.);
#5763=EDGE_CURVE('',#4688,#4524,#4234,.T.);
#5764=EDGE_CURVE('',#4523,#4689,#2090,.T.);
#5765=EDGE_CURVE('',#4689,#4688,#3942,.T.);
#5766=EDGE_CURVE('',#4690,#4515,#4235,.T.);
#5767=EDGE_CURVE('',#4516,#4691,#2091,.T.);
#5768=EDGE_CURVE('',#4691,#4690,#3943,.T.);
#5769=EDGE_CURVE('',#4530,#4692,#2092,.T.);
#5770=EDGE_CURVE('',#4692,#4691,#2093,.T.);
#5771=EDGE_CURVE('',#4693,#4692,#3944,.T.);
#5772=EDGE_CURVE('',#4529,#4693,#4236,.T.);
#5773=EDGE_CURVE('',#4690,#4694,#2094,.T.);
#5774=EDGE_CURVE('',#4694,#4517,#2095,.T.);
#5775=EDGE_CURVE('',#4694,#4695,#3945,.T.);
#5776=EDGE_CURVE('',#4695,#4518,#2096,.T.);
#5777=EDGE_CURVE('',#4696,#4519,#2097,.T.);
#5778=EDGE_CURVE('',#4695,#4696,#2098,.T.);
#5779=EDGE_CURVE('',#4696,#4697,#3946,.T.);
#5780=EDGE_CURVE('',#4697,#4520,#2099,.T.);
#5781=EDGE_CURVE('',#4697,#4698,#2100,.T.);
#5782=EDGE_CURVE('',#4521,#4698,#4237,.T.);
#5783=EDGE_CURVE('',#4688,#4699,#2101,.T.);
#5784=EDGE_CURVE('',#4699,#4525,#2102,.T.);
#5785=EDGE_CURVE('',#4699,#4700,#3947,.T.);
#5786=EDGE_CURVE('',#4700,#4526,#2103,.T.);
#5787=EDGE_CURVE('',#4701,#4527,#2104,.T.);
#5788=EDGE_CURVE('',#4700,#4701,#2105,.T.);
#5789=EDGE_CURVE('',#4701,#4702,#3948,.T.);
#5790=EDGE_CURVE('',#4702,#4528,#2106,.T.);
#5791=EDGE_CURVE('',#4702,#4693,#2107,.T.);
#5792=EDGE_CURVE('',#4522,#4703,#2108,.T.);
#5793=EDGE_CURVE('',#4703,#4689,#2109,.T.);
#5794=EDGE_CURVE('',#4698,#4703,#3949,.T.);
#5795=EDGE_CURVE('',#4704,#4703,#2110,.T.);
#5796=EDGE_CURVE('',#4705,#4704,#2111,.T.);
#5797=EDGE_CURVE('',#4689,#4705,#2112,.T.);
#5798=EDGE_CURVE('',#4706,#4698,#2113,.T.);
#5799=EDGE_CURVE('',#4704,#4706,#3950,.F.);
#5800=EDGE_CURVE('',#4707,#4697,#2114,.T.);
#5801=EDGE_CURVE('',#4706,#4707,#2115,.T.);
#5802=EDGE_CURVE('',#4696,#4708,#2116,.T.);
#5803=EDGE_CURVE('',#4708,#4707,#3951,.T.);
#5804=EDGE_CURVE('',#4709,#4695,#2117,.T.);
#5805=EDGE_CURVE('',#4708,#4709,#2118,.T.);
#5806=EDGE_CURVE('',#4694,#4710,#2119,.T.);
#5807=EDGE_CURVE('',#4710,#4709,#3952,.T.);
#5808=EDGE_CURVE('',#4690,#4711,#2120,.T.);
#5809=EDGE_CURVE('',#4710,#4711,#2121,.T.);
#5810=EDGE_CURVE('',#4691,#4712,#2122,.T.);
#5811=EDGE_CURVE('',#4711,#4712,#3953,.F.);
#5812=EDGE_CURVE('',#4713,#4380,#4238,.T.);
#5813=EDGE_CURVE('',#4379,#4714,#2123,.T.);
#5814=EDGE_CURVE('',#4714,#4713,#3954,.T.);
#5815=EDGE_CURVE('',#4715,#4371,#4239,.T.);
#5816=EDGE_CURVE('',#4372,#4716,#2124,.T.);
#5817=EDGE_CURVE('',#4716,#4715,#3955,.T.);
#5818=EDGE_CURVE('',#4386,#4717,#2125,.T.);
#5819=EDGE_CURVE('',#4717,#4716,#2126,.T.);
#5820=EDGE_CURVE('',#4718,#4717,#3956,.T.);
#5821=EDGE_CURVE('',#4385,#4718,#4240,.T.);
#5822=EDGE_CURVE('',#4715,#4719,#2127,.T.);
#5823=EDGE_CURVE('',#4719,#4373,#2128,.T.);
#5824=EDGE_CURVE('',#4719,#4720,#3957,.T.);
#5825=EDGE_CURVE('',#4720,#4374,#2129,.T.);
#5826=EDGE_CURVE('',#4721,#4375,#2130,.T.);
#5827=EDGE_CURVE('',#4720,#4721,#2131,.T.);
#5828=EDGE_CURVE('',#4721,#4722,#3958,.T.);
#5829=EDGE_CURVE('',#4722,#4376,#2132,.T.);
#5830=EDGE_CURVE('',#4722,#4723,#2133,.T.);
#5831=EDGE_CURVE('',#4377,#4723,#4241,.T.);
#5832=EDGE_CURVE('',#4713,#4724,#2134,.T.);
#5833=EDGE_CURVE('',#4724,#4381,#2135,.T.);
#5834=EDGE_CURVE('',#4724,#4725,#3959,.T.);
#5835=EDGE_CURVE('',#4725,#4382,#2136,.T.);
#5836=EDGE_CURVE('',#4726,#4383,#2137,.T.);
#5837=EDGE_CURVE('',#4725,#4726,#2138,.T.);
#5838=EDGE_CURVE('',#4726,#4727,#3960,.T.);
#5839=EDGE_CURVE('',#4727,#4384,#2139,.T.);
#5840=EDGE_CURVE('',#4727,#4718,#2140,.T.);
#5841=EDGE_CURVE('',#4378,#4728,#2141,.T.);
#5842=EDGE_CURVE('',#4728,#4714,#2142,.T.);
#5843=EDGE_CURVE('',#4723,#4728,#3961,.T.);
#5844=EDGE_CURVE('',#4729,#4728,#2143,.T.);
#5845=EDGE_CURVE('',#4730,#4729,#2144,.T.);
#5846=EDGE_CURVE('',#4714,#4730,#2145,.T.);
#5847=EDGE_CURVE('',#4731,#4723,#2146,.T.);
#5848=EDGE_CURVE('',#4729,#4731,#3962,.F.);
#5849=EDGE_CURVE('',#4732,#4722,#2147,.T.);
#5850=EDGE_CURVE('',#4731,#4732,#2148,.T.);
#5851=EDGE_CURVE('',#4721,#4733,#2149,.T.);
#5852=EDGE_CURVE('',#4733,#4732,#3963,.T.);
#5853=EDGE_CURVE('',#4734,#4720,#2150,.T.);
#5854=EDGE_CURVE('',#4733,#4734,#2151,.T.);
#5855=EDGE_CURVE('',#4719,#4735,#2152,.T.);
#5856=EDGE_CURVE('',#4735,#4734,#3964,.T.);
#5857=EDGE_CURVE('',#4715,#4736,#2153,.T.);
#5858=EDGE_CURVE('',#4735,#4736,#2154,.T.);
#5859=EDGE_CURVE('',#4716,#4737,#2155,.T.);
#5860=EDGE_CURVE('',#4736,#4737,#3965,.F.);
#5861=EDGE_CURVE('',#4738,#4508,#4242,.T.);
#5862=EDGE_CURVE('',#4507,#4739,#2156,.T.);
#5863=EDGE_CURVE('',#4739,#4738,#3966,.T.);
#5864=EDGE_CURVE('',#4506,#4740,#2157,.T.);
#5865=EDGE_CURVE('',#4740,#4739,#2158,.T.);
#5866=EDGE_CURVE('',#4741,#4740,#3967,.T.);
#5867=EDGE_CURVE('',#4505,#4741,#4243,.T.);
#5868=EDGE_CURVE('',#4742,#4499,#4244,.T.);
#5869=EDGE_CURVE('',#4500,#4743,#2159,.T.);
#5870=EDGE_CURVE('',#4743,#4742,#3968,.T.);
#5871=EDGE_CURVE('',#4742,#4744,#2160,.T.);
#5872=EDGE_CURVE('',#4744,#4501,#2161,.T.);
#5873=EDGE_CURVE('',#4744,#4745,#3969,.T.);
#5874=EDGE_CURVE('',#4745,#4502,#2162,.T.);
#5875=EDGE_CURVE('',#4746,#4503,#2163,.T.);
#5876=EDGE_CURVE('',#4745,#4746,#2164,.T.);
#5877=EDGE_CURVE('',#4746,#4747,#3970,.T.);
#5878=EDGE_CURVE('',#4747,#4504,#2165,.T.);
#5879=EDGE_CURVE('',#4747,#4741,#2166,.T.);
#5880=EDGE_CURVE('',#4514,#4748,#2167,.T.);
#5881=EDGE_CURVE('',#4748,#4743,#2168,.T.);
#5882=EDGE_CURVE('',#4749,#4748,#3971,.T.);
#5883=EDGE_CURVE('',#4513,#4749,#4245,.T.);
#5884=EDGE_CURVE('',#4738,#4750,#2169,.T.);
#5885=EDGE_CURVE('',#4750,#4509,#2170,.T.);
#5886=EDGE_CURVE('',#4750,#4751,#3972,.T.);
#5887=EDGE_CURVE('',#4751,#4510,#2171,.T.);
#5888=EDGE_CURVE('',#4752,#4511,#2172,.T.);
#5889=EDGE_CURVE('',#4751,#4752,#2173,.T.);
#5890=EDGE_CURVE('',#4752,#4753,#3973,.T.);
#5891=EDGE_CURVE('',#4753,#4512,#2174,.T.);
#5892=EDGE_CURVE('',#4753,#4749,#2175,.T.);
#5893=EDGE_CURVE('',#4754,#4740,#2176,.T.);
#5894=EDGE_CURVE('',#4755,#4754,#2177,.T.);
#5895=EDGE_CURVE('',#4739,#4755,#2178,.T.);
#5896=EDGE_CURVE('',#4756,#4741,#2179,.T.);
#5897=EDGE_CURVE('',#4754,#4756,#3974,.F.);
#5898=EDGE_CURVE('',#4757,#4747,#2180,.T.);
#5899=EDGE_CURVE('',#4756,#4757,#2181,.T.);
#5900=EDGE_CURVE('',#4746,#4758,#2182,.T.);
#5901=EDGE_CURVE('',#4758,#4757,#3975,.T.);
#5902=EDGE_CURVE('',#4759,#4745,#2183,.T.);
#5903=EDGE_CURVE('',#4758,#4759,#2184,.T.);
#5904=EDGE_CURVE('',#4744,#4760,#2185,.T.);
#5905=EDGE_CURVE('',#4760,#4759,#3976,.T.);
#5906=EDGE_CURVE('',#4742,#4761,#2186,.T.);
#5907=EDGE_CURVE('',#4760,#4761,#2187,.T.);
#5908=EDGE_CURVE('',#4743,#4762,#2188,.T.);
#5909=EDGE_CURVE('',#4761,#4762,#3977,.F.);
#5910=EDGE_CURVE('',#4763,#4396,#4246,.T.);
#5911=EDGE_CURVE('',#4395,#4764,#2189,.T.);
#5912=EDGE_CURVE('',#4764,#4763,#3978,.T.);
#5913=EDGE_CURVE('',#4394,#4765,#2190,.T.);
#5914=EDGE_CURVE('',#4765,#4764,#2191,.T.);
#5915=EDGE_CURVE('',#4766,#4765,#3979,.T.);
#5916=EDGE_CURVE('',#4393,#4766,#4247,.T.);
#5917=EDGE_CURVE('',#4767,#4387,#4248,.T.);
#5918=EDGE_CURVE('',#4388,#4768,#2192,.T.);
#5919=EDGE_CURVE('',#4768,#4767,#3980,.T.);
#5920=EDGE_CURVE('',#4767,#4769,#2193,.T.);
#5921=EDGE_CURVE('',#4769,#4389,#2194,.T.);
#5922=EDGE_CURVE('',#4769,#4770,#3981,.T.);
#5923=EDGE_CURVE('',#4770,#4390,#2195,.T.);
#5924=EDGE_CURVE('',#4771,#4391,#2196,.T.);
#5925=EDGE_CURVE('',#4770,#4771,#2197,.T.);
#5926=EDGE_CURVE('',#4771,#4772,#3982,.T.);
#5927=EDGE_CURVE('',#4772,#4392,#2198,.T.);
#5928=EDGE_CURVE('',#4772,#4766,#2199,.T.);
#5929=EDGE_CURVE('',#4402,#4773,#2200,.T.);
#5930=EDGE_CURVE('',#4773,#4768,#2201,.T.);
#5931=EDGE_CURVE('',#4774,#4773,#3983,.T.);
#5932=EDGE_CURVE('',#4401,#4774,#4249,.T.);
#5933=EDGE_CURVE('',#4763,#4775,#2202,.T.);
#5934=EDGE_CURVE('',#4775,#4397,#2203,.T.);
#5935=EDGE_CURVE('',#4775,#4776,#3984,.T.);
#5936=EDGE_CURVE('',#4776,#4398,#2204,.T.);
#5937=EDGE_CURVE('',#4777,#4399,#2205,.T.);
#5938=EDGE_CURVE('',#4776,#4777,#2206,.T.);
#5939=EDGE_CURVE('',#4777,#4778,#3985,.T.);
#5940=EDGE_CURVE('',#4778,#4400,#2207,.T.);
#5941=EDGE_CURVE('',#4778,#4774,#2208,.T.);
#5942=EDGE_CURVE('',#4779,#4765,#2209,.T.);
#5943=EDGE_CURVE('',#4780,#4779,#2210,.T.);
#5944=EDGE_CURVE('',#4764,#4780,#2211,.T.);
#5945=EDGE_CURVE('',#4781,#4766,#2212,.T.);
#5946=EDGE_CURVE('',#4779,#4781,#3986,.F.);
#5947=EDGE_CURVE('',#4782,#4772,#2213,.T.);
#5948=EDGE_CURVE('',#4781,#4782,#2214,.T.);
#5949=EDGE_CURVE('',#4771,#4783,#2215,.T.);
#5950=EDGE_CURVE('',#4783,#4782,#3987,.T.);
#5951=EDGE_CURVE('',#4784,#4770,#2216,.T.);
#5952=EDGE_CURVE('',#4783,#4784,#2217,.T.);
#5953=EDGE_CURVE('',#4769,#4785,#2218,.T.);
#5954=EDGE_CURVE('',#4785,#4784,#3988,.T.);
#5955=EDGE_CURVE('',#4767,#4786,#2219,.T.);
#5956=EDGE_CURVE('',#4785,#4786,#2220,.T.);
#5957=EDGE_CURVE('',#4768,#4787,#2221,.T.);
#5958=EDGE_CURVE('',#4786,#4787,#3989,.F.);
#5959=EDGE_CURVE('',#4788,#4492,#4250,.T.);
#5960=EDGE_CURVE('',#4491,#4789,#2222,.T.);
#5961=EDGE_CURVE('',#4789,#4788,#3990,.T.);
#5962=EDGE_CURVE('',#4490,#4790,#2223,.T.);
#5963=EDGE_CURVE('',#4790,#4789,#2224,.T.);
#5964=EDGE_CURVE('',#4791,#4790,#3991,.T.);
#5965=EDGE_CURVE('',#4489,#4791,#4251,.T.);
#5966=EDGE_CURVE('',#4792,#4483,#4252,.T.);
#5967=EDGE_CURVE('',#4484,#4793,#2225,.T.);
#5968=EDGE_CURVE('',#4793,#4792,#3992,.T.);
#5969=EDGE_CURVE('',#4792,#4794,#2226,.T.);
#5970=EDGE_CURVE('',#4794,#4485,#2227,.T.);
#5971=EDGE_CURVE('',#4794,#4795,#3993,.T.);
#5972=EDGE_CURVE('',#4795,#4486,#2228,.T.);
#5973=EDGE_CURVE('',#4796,#4487,#2229,.T.);
#5974=EDGE_CURVE('',#4795,#4796,#2230,.T.);
#5975=EDGE_CURVE('',#4796,#4797,#3994,.T.);
#5976=EDGE_CURVE('',#4797,#4488,#2231,.T.);
#5977=EDGE_CURVE('',#4797,#4791,#2232,.T.);
#5978=EDGE_CURVE('',#4498,#4798,#2233,.T.);
#5979=EDGE_CURVE('',#4798,#4793,#2234,.T.);
#5980=EDGE_CURVE('',#4799,#4798,#3995,.T.);
#5981=EDGE_CURVE('',#4497,#4799,#4253,.T.);
#5982=EDGE_CURVE('',#4788,#4800,#2235,.T.);
#5983=EDGE_CURVE('',#4800,#4493,#2236,.T.);
#5984=EDGE_CURVE('',#4800,#4801,#3996,.T.);
#5985=EDGE_CURVE('',#4801,#4494,#2237,.T.);
#5986=EDGE_CURVE('',#4802,#4495,#2238,.T.);
#5987=EDGE_CURVE('',#4801,#4802,#2239,.T.);
#5988=EDGE_CURVE('',#4802,#4803,#3997,.T.);
#5989=EDGE_CURVE('',#4803,#4496,#2240,.T.);
#5990=EDGE_CURVE('',#4803,#4799,#2241,.T.);
#5991=EDGE_CURVE('',#4804,#4790,#2242,.T.);
#5992=EDGE_CURVE('',#4805,#4804,#2243,.T.);
#5993=EDGE_CURVE('',#4789,#4805,#2244,.T.);
#5994=EDGE_CURVE('',#4806,#4791,#2245,.T.);
#5995=EDGE_CURVE('',#4804,#4806,#3998,.F.);
#5996=EDGE_CURVE('',#4807,#4797,#2246,.T.);
#5997=EDGE_CURVE('',#4806,#4807,#2247,.T.);
#5998=EDGE_CURVE('',#4796,#4808,#2248,.T.);
#5999=EDGE_CURVE('',#4808,#4807,#3999,.T.);
#6000=EDGE_CURVE('',#4809,#4795,#2249,.T.);
#6001=EDGE_CURVE('',#4808,#4809,#2250,.T.);
#6002=EDGE_CURVE('',#4794,#4810,#2251,.T.);
#6003=EDGE_CURVE('',#4810,#4809,#4000,.T.);
#6004=EDGE_CURVE('',#4792,#4811,#2252,.T.);
#6005=EDGE_CURVE('',#4810,#4811,#2253,.T.);
#6006=EDGE_CURVE('',#4793,#4812,#2254,.T.);
#6007=EDGE_CURVE('',#4811,#4812,#4001,.F.);
#6008=EDGE_CURVE('',#4813,#4411,#4254,.T.);
#6009=EDGE_CURVE('',#4410,#4814,#2255,.T.);
#6010=EDGE_CURVE('',#4814,#4813,#4002,.T.);
#6011=EDGE_CURVE('',#4815,#4816,#2256,.T.);
#6012=EDGE_CURVE('',#4816,#4403,#2257,.T.);
#6013=EDGE_CURVE('',#4404,#4815,#4255,.T.);
#6014=EDGE_CURVE('',#4418,#4817,#2258,.T.);
#6015=EDGE_CURVE('',#4817,#4815,#4003,.T.);
#6016=EDGE_CURVE('',#4417,#4818,#2259,.T.);
#6017=EDGE_CURVE('',#4818,#4817,#2260,.T.);
#6018=EDGE_CURVE('',#4819,#4818,#4004,.T.);
#6019=EDGE_CURVE('',#4416,#4819,#4256,.T.);
#6020=EDGE_CURVE('',#4816,#4820,#4005,.T.);
#6021=EDGE_CURVE('',#4820,#4405,#2261,.T.);
#6022=EDGE_CURVE('',#4821,#4406,#2262,.T.);
#6023=EDGE_CURVE('',#4820,#4821,#2263,.T.);
#6024=EDGE_CURVE('',#4821,#4822,#4006,.T.);
#6025=EDGE_CURVE('',#4822,#4407,#2264,.T.);
#6026=EDGE_CURVE('',#4822,#4823,#2265,.T.);
#6027=EDGE_CURVE('',#4408,#4823,#4257,.T.);
#6028=EDGE_CURVE('',#4813,#4824,#2266,.T.);
#6029=EDGE_CURVE('',#4824,#4412,#2267,.T.);
#6030=EDGE_CURVE('',#4824,#4825,#4007,.T.);
#6031=EDGE_CURVE('',#4825,#4413,#2268,.T.);
#6032=EDGE_CURVE('',#4826,#4414,#2269,.T.);
#6033=EDGE_CURVE('',#4825,#4826,#2270,.T.);
#6034=EDGE_CURVE('',#4826,#4827,#4008,.T.);
#6035=EDGE_CURVE('',#4827,#4415,#2271,.T.);
#6036=EDGE_CURVE('',#4827,#4819,#2272,.T.);
#6037=EDGE_CURVE('',#4409,#4828,#2273,.T.);
#6038=EDGE_CURVE('',#4828,#4814,#2274,.T.);
#6039=EDGE_CURVE('',#4823,#4828,#4009,.T.);
#6040=EDGE_CURVE('',#4814,#4829,#2275,.T.);
#6041=EDGE_CURVE('',#4830,#4829,#4010,.F.);
#6042=EDGE_CURVE('',#4813,#4830,#2276,.T.);
#6043=EDGE_CURVE('',#4831,#4828,#2277,.T.);
#6044=EDGE_CURVE('',#4829,#4831,#2278,.T.);
#6045=EDGE_CURVE('',#4832,#4823,#2279,.T.);
#6046=EDGE_CURVE('',#4831,#4832,#4011,.F.);
#6047=EDGE_CURVE('',#4833,#4822,#2280,.T.);
#6048=EDGE_CURVE('',#4832,#4833,#2281,.T.);
#6049=EDGE_CURVE('',#4821,#4834,#2282,.T.);
#6050=EDGE_CURVE('',#4834,#4833,#4012,.T.);
#6051=EDGE_CURVE('',#4835,#4820,#2283,.T.);
#6052=EDGE_CURVE('',#4834,#4835,#2284,.T.);
#6053=EDGE_CURVE('',#4816,#4836,#2285,.T.);
#6054=EDGE_CURVE('',#4836,#4835,#4013,.T.);
#6055=EDGE_CURVE('',#4815,#4837,#2286,.T.);
#6056=EDGE_CURVE('',#4836,#4837,#2287,.T.);
#6057=EDGE_CURVE('',#4838,#4476,#4258,.T.);
#6058=EDGE_CURVE('',#4475,#4839,#2288,.T.);
#6059=EDGE_CURVE('',#4839,#4838,#4014,.T.);
#6060=EDGE_CURVE('',#4840,#4467,#4259,.T.);
#6061=EDGE_CURVE('',#4468,#4841,#2289,.T.);
#6062=EDGE_CURVE('',#4841,#4840,#4015,.T.);
#6063=EDGE_CURVE('',#4482,#4842,#2290,.T.);
#6064=EDGE_CURVE('',#4842,#4841,#2291,.T.);
#6065=EDGE_CURVE('',#4843,#4842,#4016,.T.);
#6066=EDGE_CURVE('',#4481,#4843,#4260,.T.);
#6067=EDGE_CURVE('',#4840,#4844,#2292,.T.);
#6068=EDGE_CURVE('',#4844,#4469,#2293,.T.);
#6069=EDGE_CURVE('',#4844,#4845,#4017,.T.);
#6070=EDGE_CURVE('',#4845,#4470,#2294,.T.);
#6071=EDGE_CURVE('',#4846,#4471,#2295,.T.);
#6072=EDGE_CURVE('',#4845,#4846,#2296,.T.);
#6073=EDGE_CURVE('',#4846,#4847,#4018,.T.);
#6074=EDGE_CURVE('',#4847,#4472,#2297,.T.);
#6075=EDGE_CURVE('',#4847,#4848,#2298,.T.);
#6076=EDGE_CURVE('',#4473,#4848,#4261,.T.);
#6077=EDGE_CURVE('',#4838,#4849,#2299,.T.);
#6078=EDGE_CURVE('',#4849,#4477,#2300,.T.);
#6079=EDGE_CURVE('',#4849,#4850,#4019,.T.);
#6080=EDGE_CURVE('',#4850,#4478,#2301,.T.);
#6081=EDGE_CURVE('',#4851,#4479,#2302,.T.);
#6082=EDGE_CURVE('',#4850,#4851,#2303,.T.);
#6083=EDGE_CURVE('',#4851,#4852,#4020,.T.);
#6084=EDGE_CURVE('',#4852,#4480,#2304,.T.);
#6085=EDGE_CURVE('',#4852,#4843,#2305,.T.);
#6086=EDGE_CURVE('',#4474,#4853,#2306,.T.);
#6087=EDGE_CURVE('',#4853,#4839,#2307,.T.);
#6088=EDGE_CURVE('',#4848,#4853,#4021,.T.);
#6089=EDGE_CURVE('',#4854,#4853,#2308,.T.);
#6090=EDGE_CURVE('',#4855,#4854,#2309,.T.);
#6091=EDGE_CURVE('',#4839,#4855,#2310,.T.);
#6092=EDGE_CURVE('',#4856,#4848,#2311,.T.);
#6093=EDGE_CURVE('',#4854,#4856,#4022,.F.);
#6094=EDGE_CURVE('',#4857,#4847,#2312,.T.);
#6095=EDGE_CURVE('',#4856,#4857,#2313,.T.);
#6096=EDGE_CURVE('',#4846,#4858,#2314,.T.);
#6097=EDGE_CURVE('',#4858,#4857,#4023,.T.);
#6098=EDGE_CURVE('',#4859,#4845,#2315,.T.);
#6099=EDGE_CURVE('',#4858,#4859,#2316,.T.);
#6100=EDGE_CURVE('',#4844,#4860,#2317,.T.);
#6101=EDGE_CURVE('',#4860,#4859,#4024,.T.);
#6102=EDGE_CURVE('',#4840,#4861,#2318,.T.);
#6103=EDGE_CURVE('',#4860,#4861,#2319,.T.);
#6104=EDGE_CURVE('',#4841,#4862,#2320,.T.);
#6105=EDGE_CURVE('',#4861,#4862,#4025,.F.);
#6106=EDGE_CURVE('',#4863,#4427,#4262,.T.);
#6107=EDGE_CURVE('',#4426,#4864,#2321,.T.);
#6108=EDGE_CURVE('',#4864,#4863,#4026,.T.);
#6109=EDGE_CURVE('',#4425,#4865,#2322,.T.);
#6110=EDGE_CURVE('',#4865,#4864,#2323,.T.);
#6111=EDGE_CURVE('',#4866,#4865,#4027,.T.);
#6112=EDGE_CURVE('',#4424,#4866,#4263,.T.);
#6113=EDGE_CURVE('',#4863,#4867,#2324,.T.);
#6114=EDGE_CURVE('',#4867,#4428,#2325,.T.);
#6115=EDGE_CURVE('',#4867,#4868,#4028,.T.);
#6116=EDGE_CURVE('',#4868,#4429,#2326,.T.);
#6117=EDGE_CURVE('',#4869,#4430,#2327,.T.);
#6118=EDGE_CURVE('',#4868,#4869,#2328,.T.);
#6119=EDGE_CURVE('',#4869,#4870,#4029,.T.);
#6120=EDGE_CURVE('',#4870,#4431,#2329,.T.);
#6121=EDGE_CURVE('',#4870,#4871,#2330,.T.);
#6122=EDGE_CURVE('',#4432,#4871,#4264,.T.);
#6123=EDGE_CURVE('',#4872,#4873,#2331,.T.);
#6124=EDGE_CURVE('',#4873,#4419,#2332,.T.);
#6125=EDGE_CURVE('',#4420,#4872,#4265,.T.);
#6126=EDGE_CURVE('',#4873,#4874,#4030,.T.);
#6127=EDGE_CURVE('',#4874,#4421,#2333,.T.);
#6128=EDGE_CURVE('',#4875,#4422,#2334,.T.);
#6129=EDGE_CURVE('',#4874,#4875,#2335,.T.);
#6130=EDGE_CURVE('',#4875,#4876,#4031,.T.);
#6131=EDGE_CURVE('',#4876,#4423,#2336,.T.);
#6132=EDGE_CURVE('',#4876,#4866,#2337,.T.);
#6133=EDGE_CURVE('',#4434,#4877,#2338,.T.);
#6134=EDGE_CURVE('',#4877,#4872,#4032,.T.);
#6135=EDGE_CURVE('',#4433,#4878,#2339,.T.);
#6136=EDGE_CURVE('',#4878,#4877,#2340,.T.);
#6137=EDGE_CURVE('',#4871,#4878,#4033,.T.);
#6138=EDGE_CURVE('',#4864,#4879,#2341,.T.);
#6139=EDGE_CURVE('',#4880,#4879,#4034,.F.);
#6140=EDGE_CURVE('',#4863,#4880,#2342,.T.);
#6141=EDGE_CURVE('',#4881,#4865,#2343,.T.);
#6142=EDGE_CURVE('',#4879,#4881,#2344,.T.);
#6143=EDGE_CURVE('',#4882,#4866,#2345,.T.);
#6144=EDGE_CURVE('',#4881,#4882,#4035,.F.);
#6145=EDGE_CURVE('',#4883,#4876,#2346,.T.);
#6146=EDGE_CURVE('',#4882,#4883,#2347,.T.);
#6147=EDGE_CURVE('',#4875,#4884,#2348,.T.);
#6148=EDGE_CURVE('',#4884,#4883,#4036,.T.);
#6149=EDGE_CURVE('',#4885,#4874,#2349,.T.);
#6150=EDGE_CURVE('',#4884,#4885,#2350,.T.);
#6151=EDGE_CURVE('',#4873,#4886,#2351,.T.);
#6152=EDGE_CURVE('',#4886,#4885,#4037,.T.);
#6153=EDGE_CURVE('',#4872,#4887,#2352,.T.);
#6154=EDGE_CURVE('',#4886,#4887,#2353,.T.);
#6155=EDGE_CURVE('',#4888,#4459,#4266,.T.);
#6156=EDGE_CURVE('',#4458,#4889,#2354,.T.);
#6157=EDGE_CURVE('',#4889,#4888,#4038,.T.);
#6158=EDGE_CURVE('',#4457,#4890,#2355,.T.);
#6159=EDGE_CURVE('',#4890,#4889,#2356,.T.);
#6160=EDGE_CURVE('',#4891,#4890,#4039,.T.);
#6161=EDGE_CURVE('',#4456,#4891,#4267,.T.);
#6162=EDGE_CURVE('',#4888,#4892,#2357,.T.);
#6163=EDGE_CURVE('',#4892,#4460,#2358,.T.);
#6164=EDGE_CURVE('',#4892,#4893,#4040,.T.);
#6165=EDGE_CURVE('',#4893,#4461,#2359,.T.);
#6166=EDGE_CURVE('',#4894,#4462,#2360,.T.);
#6167=EDGE_CURVE('',#4893,#4894,#2361,.T.);
#6168=EDGE_CURVE('',#4894,#4895,#4041,.T.);
#6169=EDGE_CURVE('',#4895,#4463,#2362,.T.);
#6170=EDGE_CURVE('',#4895,#4896,#2363,.T.);
#6171=EDGE_CURVE('',#4464,#4896,#4268,.T.);
#6172=EDGE_CURVE('',#4897,#4898,#2364,.T.);
#6173=EDGE_CURVE('',#4898,#4451,#2365,.T.);
#6174=EDGE_CURVE('',#4452,#4897,#4269,.T.);
#6175=EDGE_CURVE('',#4898,#4899,#4042,.T.);
#6176=EDGE_CURVE('',#4899,#4453,#2366,.T.);
#6177=EDGE_CURVE('',#4900,#4454,#2367,.T.);
#6178=EDGE_CURVE('',#4899,#4900,#2368,.T.);
#6179=EDGE_CURVE('',#4900,#4901,#4043,.T.);
#6180=EDGE_CURVE('',#4901,#4455,#2369,.T.);
#6181=EDGE_CURVE('',#4901,#4891,#2370,.T.);
#6182=EDGE_CURVE('',#4466,#4902,#2371,.T.);
#6183=EDGE_CURVE('',#4902,#4897,#4044,.T.);
#6184=EDGE_CURVE('',#4465,#4903,#2372,.T.);
#6185=EDGE_CURVE('',#4903,#4902,#2373,.T.);
#6186=EDGE_CURVE('',#4896,#4903,#4045,.T.);
#6187=EDGE_CURVE('',#4889,#4904,#2374,.T.);
#6188=EDGE_CURVE('',#4905,#4904,#4046,.F.);
#6189=EDGE_CURVE('',#4888,#4905,#2375,.T.);
#6190=EDGE_CURVE('',#4906,#4890,#2376,.T.);
#6191=EDGE_CURVE('',#4904,#4906,#2377,.T.);
#6192=EDGE_CURVE('',#4907,#4891,#2378,.T.);
#6193=EDGE_CURVE('',#4906,#4907,#4047,.F.);
#6194=EDGE_CURVE('',#4908,#4901,#2379,.T.);
#6195=EDGE_CURVE('',#4907,#4908,#2380,.T.);
#6196=EDGE_CURVE('',#4900,#4909,#2381,.T.);
#6197=EDGE_CURVE('',#4909,#4908,#4048,.T.);
#6198=EDGE_CURVE('',#4910,#4899,#2382,.T.);
#6199=EDGE_CURVE('',#4909,#4910,#2383,.T.);
#6200=EDGE_CURVE('',#4898,#4911,#2384,.T.);
#6201=EDGE_CURVE('',#4911,#4910,#4049,.T.);
#6202=EDGE_CURVE('',#4897,#4912,#2385,.T.);
#6203=EDGE_CURVE('',#4911,#4912,#2386,.T.);
#6204=EDGE_CURVE('',#4913,#4443,#4270,.T.);
#6205=EDGE_CURVE('',#4442,#4914,#2387,.T.);
#6206=EDGE_CURVE('',#4914,#4913,#4050,.T.);
#6207=EDGE_CURVE('',#4441,#4915,#2388,.T.);
#6208=EDGE_CURVE('',#4915,#4914,#2389,.T.);
#6209=EDGE_CURVE('',#4916,#4915,#4051,.T.);
#6210=EDGE_CURVE('',#4440,#4916,#4271,.T.);
#6211=EDGE_CURVE('',#4913,#4917,#2390,.T.);
#6212=EDGE_CURVE('',#4917,#4444,#2391,.T.);
#6213=EDGE_CURVE('',#4917,#4918,#4052,.T.);
#6214=EDGE_CURVE('',#4918,#4445,#2392,.T.);
#6215=EDGE_CURVE('',#4919,#4446,#2393,.T.);
#6216=EDGE_CURVE('',#4918,#4919,#2394,.T.);
#6217=EDGE_CURVE('',#4919,#4920,#4053,.T.);
#6218=EDGE_CURVE('',#4920,#4447,#2395,.T.);
#6219=EDGE_CURVE('',#4920,#4921,#2396,.T.);
#6220=EDGE_CURVE('',#4448,#4921,#4272,.T.);
#6221=EDGE_CURVE('',#4922,#4923,#2397,.T.);
#6222=EDGE_CURVE('',#4923,#4435,#2398,.T.);
#6223=EDGE_CURVE('',#4436,#4922,#4273,.T.);
#6224=EDGE_CURVE('',#4923,#4924,#4054,.T.);
#6225=EDGE_CURVE('',#4924,#4437,#2399,.T.);
#6226=EDGE_CURVE('',#4925,#4438,#2400,.T.);
#6227=EDGE_CURVE('',#4924,#4925,#2401,.T.);
#6228=EDGE_CURVE('',#4925,#4926,#4055,.T.);
#6229=EDGE_CURVE('',#4926,#4439,#2402,.T.);
#6230=EDGE_CURVE('',#4926,#4916,#2403,.T.);
#6231=EDGE_CURVE('',#4450,#4927,#2404,.T.);
#6232=EDGE_CURVE('',#4927,#4922,#4056,.T.);
#6233=EDGE_CURVE('',#4449,#4928,#2405,.T.);
#6234=EDGE_CURVE('',#4928,#4927,#2406,.T.);
#6235=EDGE_CURVE('',#4921,#4928,#4057,.T.);
#6236=EDGE_CURVE('',#4914,#4929,#2407,.T.);
#6237=EDGE_CURVE('',#4930,#4929,#4058,.F.);
#6238=EDGE_CURVE('',#4913,#4930,#2408,.T.);
#6239=EDGE_CURVE('',#4931,#4915,#2409,.T.);
#6240=EDGE_CURVE('',#4929,#4931,#2410,.T.);
#6241=EDGE_CURVE('',#4932,#4916,#2411,.T.);
#6242=EDGE_CURVE('',#4931,#4932,#4059,.F.);
#6243=EDGE_CURVE('',#4933,#4926,#2412,.T.);
#6244=EDGE_CURVE('',#4932,#4933,#2413,.T.);
#6245=EDGE_CURVE('',#4925,#4934,#2414,.T.);
#6246=EDGE_CURVE('',#4934,#4933,#4060,.T.);
#6247=EDGE_CURVE('',#4935,#4924,#2415,.T.);
#6248=EDGE_CURVE('',#4934,#4935,#2416,.T.);
#6249=EDGE_CURVE('',#4923,#4936,#2417,.T.);
#6250=EDGE_CURVE('',#4936,#4935,#4061,.T.);
#6251=EDGE_CURVE('',#4922,#4937,#2418,.T.);
#6252=EDGE_CURVE('',#4936,#4937,#2419,.T.);
#6253=EDGE_CURVE('',#4938,#4939,#4062,.T.);
#6254=EDGE_CURVE('',#4940,#4938,#2420,.T.);
#6255=EDGE_CURVE('',#4941,#4940,#4063,.T.);
#6256=EDGE_CURVE('',#4941,#4939,#2421,.T.);
#6257=EDGE_CURVE('',#4939,#4942,#2422,.T.);
#6258=EDGE_CURVE('',#4943,#4941,#2423,.T.);
#6259=EDGE_CURVE('',#4943,#4942,#2424,.T.);
#6260=EDGE_CURVE('',#4942,#4944,#4064,.T.);
#6261=EDGE_CURVE('',#4945,#4943,#4065,.T.);
#6262=EDGE_CURVE('',#4944,#4945,#2425,.T.);
#6263=EDGE_CURVE('',#4946,#4940,#2426,.T.);
#6264=EDGE_CURVE('',#4946,#4317,#2427,.T.);
#6265=EDGE_CURVE('',#4947,#4316,#2428,.T.);
#6266=EDGE_CURVE('',#4945,#4947,#2429,.T.);
#6267=EDGE_CURVE('',#4947,#4948,#4066,.T.);
#6268=EDGE_CURVE('',#4948,#4949,#2430,.T.);
#6269=EDGE_CURVE('',#4949,#4950,#4067,.T.);
#6270=EDGE_CURVE('',#4950,#4951,#2431,.T.);
#6271=EDGE_CURVE('',#4951,#4952,#4068,.T.);
#6272=EDGE_CURVE('',#4952,#4953,#2432,.T.);
#6273=EDGE_CURVE('',#4953,#4946,#4069,.T.);
#6274=EDGE_CURVE('',#4938,#4954,#2433,.F.);
#6275=EDGE_CURVE('',#4954,#4955,#4070,.F.);
#6276=EDGE_CURVE('',#4955,#4956,#2434,.T.);
#6277=EDGE_CURVE('',#4957,#4956,#4071,.F.);
#6278=EDGE_CURVE('',#4957,#4958,#4072,.T.);
#6279=EDGE_CURVE('',#4959,#4958,#4073,.F.);
#6280=EDGE_CURVE('',#4959,#4960,#2435,.T.);
#6281=EDGE_CURVE('',#4960,#4961,#4074,.F.);
#6282=EDGE_CURVE('',#4961,#4962,#2436,.F.);
#6283=EDGE_CURVE('',#4962,#4963,#4075,.F.);
#6284=EDGE_CURVE('',#4963,#4964,#2437,.F.);
#6285=EDGE_CURVE('',#4964,#4965,#4076,.F.);
#6286=EDGE_CURVE('',#4965,#4966,#2438,.F.);
#6287=EDGE_CURVE('',#4966,#4967,#4077,.F.);
#6288=EDGE_CURVE('',#4967,#4968,#2439,.F.);
#6289=EDGE_CURVE('',#4968,#4969,#4078,.F.);
#6290=EDGE_CURVE('',#4969,#4970,#2440,.F.);
#6291=EDGE_CURVE('',#4970,#4971,#4079,.F.);
#6292=EDGE_CURVE('',#4971,#4972,#2441,.F.);
#6293=EDGE_CURVE('',#4972,#4973,#2442,.T.);
#6294=EDGE_CURVE('',#4974,#4973,#4080,.F.);
#6295=EDGE_CURVE('',#4974,#4975,#2443,.T.);
#6296=EDGE_CURVE('',#4975,#4976,#4081,.T.);
#6297=EDGE_CURVE('',#4977,#4976,#4082,.F.);
#6298=EDGE_CURVE('',#4977,#4978,#2444,.T.);
#6299=EDGE_CURVE('',#4978,#4979,#2445,.F.);
#6300=EDGE_CURVE('',#4979,#4980,#4083,.F.);
#6301=EDGE_CURVE('',#4980,#4981,#2446,.F.);
#6302=EDGE_CURVE('',#4981,#4982,#4084,.F.);
#6303=EDGE_CURVE('',#4982,#4983,#2447,.F.);
#6304=EDGE_CURVE('',#4983,#4984,#2448,.T.);
#6305=EDGE_CURVE('',#4985,#4984,#4085,.F.);
#6306=EDGE_CURVE('',#4985,#4986,#4086,.T.);
#6307=EDGE_CURVE('',#4986,#4987,#2449,.T.);
#6308=EDGE_CURVE('',#4988,#4987,#4087,.F.);
#6309=EDGE_CURVE('',#4988,#4989,#2450,.T.);
#6310=EDGE_CURVE('',#4989,#4990,#2451,.F.);
#6311=EDGE_CURVE('',#4990,#4991,#4088,.F.);
#6312=EDGE_CURVE('',#4991,#4992,#2452,.F.);
#6313=EDGE_CURVE('',#4992,#4993,#4089,.F.);
#6314=EDGE_CURVE('',#4993,#4994,#2453,.F.);
#6315=EDGE_CURVE('',#4994,#4995,#4090,.F.);
#6316=EDGE_CURVE('',#4995,#4996,#2454,.F.);
#6317=EDGE_CURVE('',#4996,#4997,#4091,.F.);
#6318=EDGE_CURVE('',#4997,#4998,#2455,.F.);
#6319=EDGE_CURVE('',#4998,#4999,#4092,.F.);
#6320=EDGE_CURVE('',#4999,#5000,#2456,.F.);
#6321=EDGE_CURVE('',#5000,#5001,#4093,.F.);
#6322=EDGE_CURVE('',#5001,#5002,#2457,.T.);
#6323=EDGE_CURVE('',#5003,#5002,#4094,.F.);
#6324=EDGE_CURVE('',#5003,#5004,#4095,.T.);
#6325=EDGE_CURVE('',#5005,#5004,#4096,.F.);
#6326=EDGE_CURVE('',#5005,#5006,#2458,.T.);
#6327=EDGE_CURVE('',#5006,#5007,#4097,.F.);
#6328=EDGE_CURVE('',#5007,#4944,#2459,.F.);
#6329=EDGE_CURVE('',#5008,#5008,#4098,.T.);
#6330=EDGE_CURVE('',#5009,#5009,#4099,.T.);
#6331=EDGE_CURVE('',#5010,#5010,#4100,.T.);
#6332=EDGE_CURVE('',#5011,#5011,#4101,.T.);
#6333=EDGE_CURVE('',#5012,#5012,#4102,.T.);
#6334=EDGE_CURVE('',#5012,#5013,#2460,.T.);
#6335=EDGE_CURVE('',#5014,#5014,#4103,.T.);
#6336=EDGE_CURVE('',#5014,#5012,#2461,.T.);
#6337=EDGE_CURVE('',#5015,#5016,#4104,.T.);
#6338=EDGE_CURVE('',#5015,#5017,#2462,.T.);
#6339=EDGE_CURVE('',#5018,#5017,#4105,.T.);
#6340=EDGE_CURVE('',#5016,#5018,#2463,.T.);
#6341=EDGE_CURVE('',#5019,#5020,#4106,.T.);
#6342=EDGE_CURVE('',#5019,#5021,#2464,.T.);
#6343=EDGE_CURVE('',#5022,#5021,#4107,.T.);
#6344=EDGE_CURVE('',#5020,#5022,#2465,.T.);
#6345=EDGE_CURVE('',#5017,#5022,#2466,.T.);
#6346=EDGE_CURVE('',#5021,#5018,#2467,.T.);
#6347=EDGE_CURVE('',#5023,#5024,#2468,.F.);
#6348=EDGE_CURVE('',#5024,#5025,#4108,.F.);
#6349=EDGE_CURVE('',#5025,#5026,#2469,.F.);
#6350=EDGE_CURVE('',#5026,#5027,#4109,.F.);
#6351=EDGE_CURVE('',#5027,#5028,#2470,.F.);
#6352=EDGE_CURVE('',#5028,#5029,#4110,.F.);
#6353=EDGE_CURVE('',#5029,#5030,#2471,.F.);
#6354=EDGE_CURVE('',#5030,#5031,#4111,.F.);
#6355=EDGE_CURVE('',#5031,#5032,#2472,.F.);
#6356=EDGE_CURVE('',#5032,#5033,#4112,.F.);
#6357=EDGE_CURVE('',#5033,#5034,#2473,.F.);
#6358=EDGE_CURVE('',#5034,#5035,#4113,.F.);
#6359=EDGE_CURVE('',#5035,#5036,#2474,.F.);
#6360=EDGE_CURVE('',#5036,#5037,#4114,.F.);
#6361=EDGE_CURVE('',#5037,#5038,#2475,.F.);
#6362=EDGE_CURVE('',#5038,#5039,#4115,.F.);
#6363=EDGE_CURVE('',#5039,#5040,#2476,.F.);
#6364=EDGE_CURVE('',#5040,#5041,#4116,.F.);
#6365=EDGE_CURVE('',#5041,#5042,#2477,.F.);
#6366=EDGE_CURVE('',#5042,#5043,#4117,.F.);
#6367=EDGE_CURVE('',#5043,#5044,#2478,.F.);
#6368=EDGE_CURVE('',#5044,#5045,#4118,.F.);
#6369=EDGE_CURVE('',#5045,#5046,#2479,.F.);
#6370=EDGE_CURVE('',#5046,#5047,#4119,.F.);
#6371=EDGE_CURVE('',#5047,#5048,#2480,.F.);
#6372=EDGE_CURVE('',#5048,#5049,#4120,.F.);
#6373=EDGE_CURVE('',#5049,#5050,#2481,.F.);
#6374=EDGE_CURVE('',#5050,#5051,#4121,.F.);
#6375=EDGE_CURVE('',#5051,#5052,#2482,.F.);
#6376=EDGE_CURVE('',#5052,#5053,#4122,.F.);
#6377=EDGE_CURVE('',#5053,#5054,#2483,.F.);
#6378=EDGE_CURVE('',#5054,#5023,#4123,.F.);
#6379=EDGE_CURVE('',#5055,#5056,#2484,.T.);
#6380=EDGE_CURVE('',#5057,#5056,#4124,.T.);
#6381=EDGE_CURVE('',#5057,#5058,#2485,.T.);
#6382=EDGE_CURVE('',#5059,#5058,#4125,.T.);
#6383=EDGE_CURVE('',#5059,#5060,#2486,.T.);
#6384=EDGE_CURVE('',#5060,#4630,#4126,.F.);
#6385=EDGE_CURVE('',#4637,#5061,#2487,.T.);
#6386=EDGE_CURVE('',#5061,#5055,#4127,.F.);
#6387=EDGE_CURVE('',#4737,#5062,#2488,.T.);
#6388=EDGE_CURVE('',#5062,#5063,#4128,.F.);
#6389=EDGE_CURVE('',#5063,#5064,#2489,.T.);
#6390=EDGE_CURVE('',#5065,#5064,#4129,.T.);
#6391=EDGE_CURVE('',#5065,#5066,#2490,.T.);
#6392=EDGE_CURVE('',#5067,#5066,#4130,.T.);
#6393=EDGE_CURVE('',#5067,#5068,#2491,.T.);
#6394=EDGE_CURVE('',#5068,#4730,#4131,.F.);
#6395=EDGE_CURVE('',#4837,#5069,#4132,.F.);
#6396=EDGE_CURVE('',#5069,#5070,#2492,.T.);
#6397=EDGE_CURVE('',#5070,#5071,#4133,.F.);
#6398=EDGE_CURVE('',#5071,#5072,#2493,.T.);
#6399=EDGE_CURVE('',#5073,#5072,#4134,.T.);
#6400=EDGE_CURVE('',#5073,#5074,#2494,.T.);
#6401=EDGE_CURVE('',#5075,#5074,#4135,.T.);
#6402=EDGE_CURVE('',#5075,#4830,#2495,.T.);
#6403=EDGE_CURVE('',#4937,#5076,#4136,.F.);
#6404=EDGE_CURVE('',#5076,#5077,#2496,.T.);
#6405=EDGE_CURVE('',#5077,#5078,#4137,.F.);
#6406=EDGE_CURVE('',#5078,#5079,#2497,.T.);
#6407=EDGE_CURVE('',#5080,#5079,#4138,.T.);
#6408=EDGE_CURVE('',#5080,#5081,#2498,.T.);
#6409=EDGE_CURVE('',#5082,#5081,#4139,.T.);
#6410=EDGE_CURVE('',#5082,#4930,#2499,.T.);
#6411=EDGE_CURVE('',#4912,#5083,#4140,.F.);
#6412=EDGE_CURVE('',#5083,#5084,#2500,.T.);
#6413=EDGE_CURVE('',#5084,#5085,#4141,.F.);
#6414=EDGE_CURVE('',#5085,#5086,#2501,.T.);
#6415=EDGE_CURVE('',#5087,#5086,#4142,.T.);
#6416=EDGE_CURVE('',#5087,#5088,#2502,.T.);
#6417=EDGE_CURVE('',#5089,#5088,#4143,.T.);
#6418=EDGE_CURVE('',#5089,#4905,#2503,.T.);
#6419=EDGE_CURVE('',#4887,#5090,#4144,.F.);
#6420=EDGE_CURVE('',#5090,#5091,#2504,.T.);
#6421=EDGE_CURVE('',#5091,#5092,#4145,.F.);
#6422=EDGE_CURVE('',#5092,#5093,#2505,.T.);
#6423=EDGE_CURVE('',#5094,#5093,#4146,.T.);
#6424=EDGE_CURVE('',#5094,#5095,#2506,.T.);
#6425=EDGE_CURVE('',#5096,#5095,#4147,.T.);
#6426=EDGE_CURVE('',#5096,#4880,#2507,.T.);
#6427=EDGE_CURVE('',#4712,#5097,#2508,.T.);
#6428=EDGE_CURVE('',#5097,#5098,#4148,.F.);
#6429=EDGE_CURVE('',#5098,#5099,#2509,.T.);
#6430=EDGE_CURVE('',#5100,#5099,#4149,.T.);
#6431=EDGE_CURVE('',#5100,#5101,#2510,.T.);
#6432=EDGE_CURVE('',#5102,#5101,#4150,.T.);
#6433=EDGE_CURVE('',#5102,#5103,#2511,.T.);
#6434=EDGE_CURVE('',#5103,#4705,#4151,.F.);
#6435=EDGE_CURVE('',#4612,#5104,#4152,.F.);
#6436=EDGE_CURVE('',#5104,#5105,#2512,.T.);
#6437=EDGE_CURVE('',#5105,#5106,#4153,.F.);
#6438=EDGE_CURVE('',#5106,#5107,#2513,.T.);
#6439=EDGE_CURVE('',#5108,#5107,#4154,.T.);
#6440=EDGE_CURVE('',#5108,#5109,#2514,.T.);
#6441=EDGE_CURVE('',#5110,#5109,#4155,.T.);
#6442=EDGE_CURVE('',#5110,#4605,#2515,.T.);
#6443=EDGE_CURVE('',#5020,#5111,#2516,.T.);
#6444=EDGE_CURVE('',#5111,#5112,#4156,.F.);
#6445=EDGE_CURVE('',#5112,#5113,#2517,.T.);
#6446=EDGE_CURVE('',#5114,#5113,#4157,.T.);
#6447=EDGE_CURVE('',#5114,#5115,#2518,.T.);
#6448=EDGE_CURVE('',#5116,#5115,#4158,.T.);
#6449=EDGE_CURVE('',#5116,#5117,#2519,.T.);
#6450=EDGE_CURVE('',#5117,#4655,#4159,.F.);
#6451=EDGE_CURVE('',#4662,#5015,#2520,.T.);
#6452=EDGE_CURVE('',#5016,#5118,#2521,.T.);
#6453=EDGE_CURVE('',#5118,#5119,#4160,.F.);
#6454=EDGE_CURVE('',#5119,#5120,#2522,.T.);
#6455=EDGE_CURVE('',#5121,#5120,#4161,.T.);
#6456=EDGE_CURVE('',#5121,#5122,#2523,.T.);
#6457=EDGE_CURVE('',#5123,#5122,#4162,.T.);
#6458=EDGE_CURVE('',#5123,#4680,#2524,.T.);
#6459=EDGE_CURVE('',#4687,#5124,#4163,.F.);
#6460=EDGE_CURVE('',#5124,#5019,#2525,.T.);
#6461=EDGE_CURVE('',#5125,#5126,#2526,.T.);
#6462=EDGE_CURVE('',#5127,#5126,#4164,.T.);
#6463=EDGE_CURVE('',#5127,#5128,#2527,.T.);
#6464=EDGE_CURVE('',#5129,#5128,#4165,.T.);
#6465=EDGE_CURVE('',#5129,#5130,#2528,.T.);
#6466=EDGE_CURVE('',#5130,#4755,#4166,.F.);
#6467=EDGE_CURVE('',#4762,#5131,#2529,.T.);
#6468=EDGE_CURVE('',#5131,#5125,#4167,.F.);
#6469=EDGE_CURVE('',#5132,#5133,#2530,.T.);
#6470=EDGE_CURVE('',#5134,#5133,#4168,.T.);
#6471=EDGE_CURVE('',#5134,#5135,#2531,.T.);
#6472=EDGE_CURVE('',#5136,#5135,#4169,.T.);
#6473=EDGE_CURVE('',#5136,#5137,#2532,.T.);
#6474=EDGE_CURVE('',#5137,#4805,#4170,.F.);
#6475=EDGE_CURVE('',#4812,#5138,#2533,.T.);
#6476=EDGE_CURVE('',#5138,#5132,#4171,.F.);
#6477=EDGE_CURVE('',#5139,#5140,#2534,.T.);
#6478=EDGE_CURVE('',#5141,#5140,#4172,.T.);
#6479=EDGE_CURVE('',#5141,#5142,#2535,.T.);
#6480=EDGE_CURVE('',#5143,#5142,#4173,.T.);
#6481=EDGE_CURVE('',#5143,#4307,#2536,.T.);
#6482=EDGE_CURVE('',#4314,#5144,#4174,.F.);
#6483=EDGE_CURVE('',#5144,#5145,#2537,.T.);
#6484=EDGE_CURVE('',#5145,#5139,#4175,.F.);
#6485=EDGE_CURVE('',#5146,#5147,#2538,.T.);
#6486=EDGE_CURVE('',#5148,#5147,#4176,.T.);
#6487=EDGE_CURVE('',#5148,#5149,#2539,.T.);
#6488=EDGE_CURVE('',#5150,#5149,#4177,.T.);
#6489=EDGE_CURVE('',#5150,#5151,#2540,.T.);
#6490=EDGE_CURVE('',#5151,#4855,#4178,.F.);
#6491=EDGE_CURVE('',#4862,#5152,#2541,.T.);
#6492=EDGE_CURVE('',#5152,#5146,#4179,.F.);
#6493=EDGE_CURVE('',#5153,#5154,#2542,.T.);
#6494=EDGE_CURVE('',#5155,#5154,#4180,.T.);
#6495=EDGE_CURVE('',#5155,#5156,#2543,.T.);
#6496=EDGE_CURVE('',#5157,#5156,#4181,.T.);
#6497=EDGE_CURVE('',#5157,#5158,#2544,.T.);
#6498=EDGE_CURVE('',#5158,#4780,#4182,.F.);
#6499=EDGE_CURVE('',#4787,#5159,#2545,.T.);
#6500=EDGE_CURVE('',#5159,#5153,#4183,.F.);
#6501=EDGE_CURVE('',#5160,#5161,#2546,.T.);
#6502=EDGE_CURVE('',#5162,#5161,#4184,.T.);
#6503=EDGE_CURVE('',#5162,#5163,#2547,.T.);
#6504=EDGE_CURVE('',#5164,#5163,#4185,.T.);
#6505=EDGE_CURVE('',#5164,#5165,#2548,.T.);
#6506=EDGE_CURVE('',#5165,#4580,#4186,.F.);
#6507=EDGE_CURVE('',#4587,#5166,#2549,.T.);
#6508=EDGE_CURVE('',#5166,#5160,#4187,.F.);
#6509=EDGE_CURVE('',#5167,#5167,#4188,.T.);
#6510=EDGE_CURVE('',#5167,#5168,#2550,.T.);
#6511=EDGE_CURVE('',#5011,#5167,#2551,.T.);
#6512=EDGE_CURVE('',#5169,#5169,#4189,.T.);
#6513=EDGE_CURVE('',#5169,#5170,#2552,.T.);
#6514=EDGE_CURVE('',#5010,#5169,#2553,.T.);
#6515=EDGE_CURVE('',#5171,#5171,#4190,.T.);
#6516=EDGE_CURVE('',#5171,#5172,#2554,.T.);
#6517=EDGE_CURVE('',#5009,#5171,#2555,.T.);
#6518=EDGE_CURVE('',#5173,#5173,#4191,.T.);
#6519=EDGE_CURVE('',#5173,#5174,#2556,.T.);
#6520=EDGE_CURVE('',#5008,#5173,#2557,.T.);
#6521=EDGE_CURVE('',#5175,#5176,#4192,.T.);
#6522=EDGE_CURVE('',#5176,#4977,#2558,.T.);
#6523=EDGE_CURVE('',#4976,#5175,#2559,.T.);
#6524=EDGE_CURVE('',#4975,#5177,#2560,.T.);
#6525=EDGE_CURVE('',#5177,#5175,#4193,.T.);
#6526=EDGE_CURVE('',#5178,#5179,#4194,.T.);
#6527=EDGE_CURVE('',#5179,#4974,#2561,.T.);
#6528=EDGE_CURVE('',#4973,#5178,#2562,.T.);
#6529=EDGE_CURVE('',#4972,#5180,#2563,.T.);
#6530=EDGE_CURVE('',#5180,#5178,#2564,.T.);
#6531=EDGE_CURVE('',#5181,#5182,#4195,.T.);
#6532=EDGE_CURVE('',#5182,#4957,#2565,.T.);
#6533=EDGE_CURVE('',#4956,#5181,#2566,.T.);
#6534=EDGE_CURVE('',#5182,#5183,#4196,.T.);
#6535=EDGE_CURVE('',#4958,#5183,#2567,.T.);
#6536=EDGE_CURVE('',#5184,#5181,#2568,.T.);
#6537=EDGE_CURVE('',#5185,#5184,#4197,.T.);
#6538=EDGE_CURVE('',#5186,#5185,#2569,.T.);
#6539=EDGE_CURVE('',#5183,#5186,#4198,.T.);
#6540=EDGE_CURVE('',#5186,#4959,#2570,.T.);
#6541=EDGE_CURVE('',#5187,#5188,#4199,.T.);
#6542=EDGE_CURVE('',#5188,#5005,#2571,.T.);
#6543=EDGE_CURVE('',#5004,#5187,#2572,.T.);
#6544=EDGE_CURVE('',#5187,#5189,#4200,.T.);
#6545=EDGE_CURVE('',#5190,#5189,#4201,.T.);
#6546=EDGE_CURVE('',#5190,#5191,#2573,.T.);
#6547=EDGE_CURVE('',#5191,#5192,#4202,.T.);
#6548=EDGE_CURVE('',#5192,#5188,#2574,.T.);
#6549=EDGE_CURVE('',#5189,#5003,#2575,.T.);
#6550=EDGE_CURVE('',#5002,#5190,#2576,.T.);
#6551=EDGE_CURVE('',#5001,#5191,#2577,.T.);
#6552=EDGE_CURVE('',#5193,#5194,#4203,.T.);
#6553=EDGE_CURVE('',#5194,#4988,#2578,.T.);
#6554=EDGE_CURVE('',#4987,#5193,#2579,.T.);
#6555=EDGE_CURVE('',#5195,#5194,#2580,.T.);
#6556=EDGE_CURVE('',#4989,#5195,#2581,.T.);
#6557=EDGE_CURVE('',#5193,#5196,#2582,.T.);
#6558=EDGE_CURVE('',#5196,#5197,#4204,.T.);
#6559=EDGE_CURVE('',#5198,#5197,#4205,.T.);
#6560=EDGE_CURVE('',#5198,#5199,#2583,.T.);
#6561=EDGE_CURVE('',#5199,#5200,#4206,.T.);
#6562=EDGE_CURVE('',#5200,#5195,#2584,.T.);
#6563=EDGE_CURVE('',#5197,#4985,#2585,.T.);
#6564=EDGE_CURVE('',#4984,#5198,#2586,.T.);
#6565=EDGE_CURVE('',#4983,#5199,#2587,.T.);
#6566=EDGE_CURVE('',#4955,#5184,#2588,.T.);
#6567=EDGE_CURVE('',#4955,#4960,#4207,.F.);
#6568=EDGE_CURVE('',#4960,#5185,#2589,.T.);
#6569=EDGE_CURVE('',#5179,#5177,#2590,.T.);
#6570=EDGE_CURVE('',#4972,#5201,#2591,.F.);
#6571=EDGE_CURVE('',#5201,#5202,#2592,.T.);
#6572=EDGE_CURVE('',#5202,#5180,#2593,.T.);
#6573=EDGE_CURVE('',#5201,#4978,#4208,.F.);
#6574=EDGE_CURVE('',#4978,#5203,#2594,.T.);
#6575=EDGE_CURVE('',#5203,#5202,#4209,.T.);
#6576=EDGE_CURVE('',#5176,#5203,#2595,.T.);
#6577=EDGE_CURVE('',#5006,#5192,#2596,.T.);
#6578=EDGE_CURVE('',#4986,#5196,#2597,.T.);
#6579=EDGE_CURVE('',#5024,#4978,#2598,.T.);
#6580=EDGE_CURVE('',#5023,#4979,#2599,.T.);
#6581=EDGE_CURVE('',#5025,#5201,#2600,.T.);
#6582=EDGE_CURVE('',#5026,#4971,#2601,.T.);
#6583=EDGE_CURVE('',#5027,#4970,#2602,.T.);
#6584=EDGE_CURVE('',#5028,#4969,#2603,.F.);
#6585=EDGE_CURVE('',#5029,#4968,#2604,.T.);
#6586=EDGE_CURVE('',#5030,#4967,#2605,.T.);
#6587=EDGE_CURVE('',#5031,#4966,#2606,.F.);
#6588=EDGE_CURVE('',#5032,#4965,#2607,.T.);
#6589=EDGE_CURVE('',#5033,#4964,#2608,.T.);
#6590=EDGE_CURVE('',#5034,#4963,#2609,.F.);
#6591=EDGE_CURVE('',#5035,#4962,#2610,.T.);
#6592=EDGE_CURVE('',#5036,#4961,#2611,.T.);
#6593=EDGE_CURVE('',#5037,#4954,#2612,.T.);
#6594=EDGE_CURVE('',#5038,#5007,#2613,.T.);
#6595=EDGE_CURVE('',#5039,#5000,#2614,.T.);
#6596=EDGE_CURVE('',#5040,#4999,#2615,.T.);
#6597=EDGE_CURVE('',#5041,#4998,#2616,.T.);
#6598=EDGE_CURVE('',#5042,#4997,#2617,.F.);
#6599=EDGE_CURVE('',#5043,#4996,#2618,.F.);
#6600=EDGE_CURVE('',#5044,#4995,#2619,.T.);
#6601=EDGE_CURVE('',#5045,#4994,#2620,.T.);
#6602=EDGE_CURVE('',#5046,#4993,#2621,.T.);
#6603=EDGE_CURVE('',#5047,#4992,#2622,.T.);
#6604=EDGE_CURVE('',#5048,#4991,#2623,.F.);
#6605=EDGE_CURVE('',#5049,#4990,#2624,.T.);
#6606=EDGE_CURVE('',#5204,#5200,#2625,.T.);
#6607=EDGE_CURVE('',#5050,#5204,#2626,.T.);
#6608=EDGE_CURVE('',#5051,#4983,#2627,.T.);
#6609=EDGE_CURVE('',#5052,#4982,#2628,.T.);
#6610=EDGE_CURVE('',#5053,#4981,#2629,.T.);
#6611=EDGE_CURVE('',#5054,#4980,#2630,.T.);
#6612=EDGE_CURVE('',#4713,#5068,#2631,.T.);
#6613=EDGE_CURVE('',#4724,#5067,#2632,.T.);
#6614=EDGE_CURVE('',#5066,#4725,#2633,.T.);
#6615=EDGE_CURVE('',#4675,#5123,#2634,.T.);
#6616=EDGE_CURVE('',#5122,#4676,#2635,.T.);
#6617=EDGE_CURVE('',#4303,#5144,#2636,.T.);
#6618=EDGE_CURVE('',#4688,#5103,#2637,.T.);
#6619=EDGE_CURVE('',#4699,#5102,#2638,.T.);
#6620=EDGE_CURVE('',#5101,#4700,#2639,.T.);
#6621=EDGE_CURVE('',#4599,#5110,#2640,.T.);
#6622=EDGE_CURVE('',#5109,#4600,#2641,.T.);
#6623=EDGE_CURVE('',#4927,#5076,#2642,.T.);
#6624=EDGE_CURVE('',#4902,#5083,#2643,.T.);
#6625=EDGE_CURVE('',#4877,#5090,#2644,.T.);
#6626=EDGE_CURVE('',#4817,#5069,#2645,.T.);
#6627=EDGE_CURVE('',#4601,#5108,#2646,.T.);
#6628=EDGE_CURVE('',#5107,#4602,#2647,.T.);
#6629=EDGE_CURVE('',#5106,#4594,#2648,.T.);
#6630=EDGE_CURVE('',#5105,#4593,#2649,.T.);
#6631=EDGE_CURVE('',#4726,#5065,#2650,.T.);
#6632=EDGE_CURVE('',#5064,#4727,#2651,.T.);
#6633=EDGE_CURVE('',#5063,#4718,#2652,.T.);
#6634=EDGE_CURVE('',#5062,#4717,#2653,.T.);
#6635=EDGE_CURVE('',#4677,#5121,#2654,.T.);
#6636=EDGE_CURVE('',#5120,#4678,#2655,.T.);
#6637=EDGE_CURVE('',#5119,#4674,#2656,.T.);
#6638=EDGE_CURVE('',#5118,#4673,#2657,.T.);
#6639=EDGE_CURVE('',#4701,#5100,#2658,.T.);
#6640=EDGE_CURVE('',#5099,#4702,#2659,.T.);
#6641=EDGE_CURVE('',#5098,#4693,#2660,.T.);
#6642=EDGE_CURVE('',#5097,#4692,#2661,.T.);
#6643=EDGE_CURVE('',#4738,#5130,#2662,.T.);
#6644=EDGE_CURVE('',#4750,#5129,#2663,.T.);
#6645=EDGE_CURVE('',#5128,#4751,#2664,.T.);
#6646=EDGE_CURVE('',#4824,#5075,#2665,.T.);
#6647=EDGE_CURVE('',#5074,#4825,#2666,.T.);
#6648=EDGE_CURVE('',#4867,#5096,#2667,.T.);
#6649=EDGE_CURVE('',#5095,#4868,#2668,.T.);
#6650=EDGE_CURVE('',#4282,#5143,#2669,.T.);
#6651=EDGE_CURVE('',#5142,#4284,#2670,.T.);
#6652=EDGE_CURVE('',#4917,#5082,#2671,.T.);
#6653=EDGE_CURVE('',#5081,#4918,#2672,.T.);
#6654=EDGE_CURVE('',#4892,#5089,#2673,.T.);
#6655=EDGE_CURVE('',#5088,#4893,#2674,.T.);
#6656=EDGE_CURVE('',#4788,#5137,#2675,.T.);
#6657=EDGE_CURVE('',#4800,#5136,#2676,.T.);
#6658=EDGE_CURVE('',#5135,#4801,#2677,.T.);
#6659=EDGE_CURVE('',#4838,#5151,#2678,.T.);
#6660=EDGE_CURVE('',#4849,#5150,#2679,.T.);
#6661=EDGE_CURVE('',#5149,#4850,#2680,.T.);
#6662=EDGE_CURVE('',#4763,#5158,#2681,.T.);
#6663=EDGE_CURVE('',#4775,#5157,#2682,.T.);
#6664=EDGE_CURVE('',#5156,#4776,#2683,.T.);
#6665=EDGE_CURVE('',#4563,#5165,#2684,.T.);
#6666=EDGE_CURVE('',#4564,#5164,#2685,.T.);
#6667=EDGE_CURVE('',#5163,#4576,#2686,.T.);
#6668=EDGE_CURVE('',#4592,#5104,#2687,.T.);
#6669=EDGE_CURVE('',#4613,#5060,#2688,.T.);
#6670=EDGE_CURVE('',#4614,#5059,#2689,.T.);
#6671=EDGE_CURVE('',#5058,#4626,#2690,.T.);
#6672=EDGE_CURVE('',#4638,#5117,#2691,.T.);
#6673=EDGE_CURVE('',#4639,#5116,#2692,.T.);
#6674=EDGE_CURVE('',#5115,#4651,#2693,.T.);
#6675=EDGE_CURVE('',#4672,#5124,#2694,.T.);
#6676=EDGE_CURVE('',#5071,#4819,#2695,.T.);
#6677=EDGE_CURVE('',#5070,#4818,#2696,.T.);
#6678=EDGE_CURVE('',#4826,#5073,#2697,.T.);
#6679=EDGE_CURVE('',#5072,#4827,#2698,.T.);
#6680=EDGE_CURVE('',#5092,#4871,#2699,.T.);
#6681=EDGE_CURVE('',#5091,#4878,#2700,.T.);
#6682=EDGE_CURVE('',#4869,#5094,#2701,.T.);
#6683=EDGE_CURVE('',#5093,#4870,#2702,.T.);
#6684=EDGE_CURVE('',#5139,#4291,#2703,.T.);
#6685=EDGE_CURVE('',#5145,#4305,#2704,.T.);
#6686=EDGE_CURVE('',#4286,#5141,#2705,.T.);
#6687=EDGE_CURVE('',#5140,#4288,#2706,.T.);
#6688=EDGE_CURVE('',#5078,#4921,#2707,.T.);
#6689=EDGE_CURVE('',#5077,#4928,#2708,.T.);
#6690=EDGE_CURVE('',#4919,#5080,#2709,.T.);
#6691=EDGE_CURVE('',#5079,#4920,#2710,.T.);
#6692=EDGE_CURVE('',#5085,#4896,#2711,.T.);
#6693=EDGE_CURVE('',#5084,#4903,#2712,.T.);
#6694=EDGE_CURVE('',#4894,#5087,#2713,.T.);
#6695=EDGE_CURVE('',#5086,#4895,#2714,.T.);
#6696=EDGE_CURVE('',#5132,#4799,#2715,.T.);
#6697=EDGE_CURVE('',#5138,#4798,#2716,.T.);
#6698=EDGE_CURVE('',#4802,#5134,#2717,.T.);
#6699=EDGE_CURVE('',#5133,#4803,#2718,.T.);
#6700=EDGE_CURVE('',#5146,#4843,#2719,.T.);
#6701=EDGE_CURVE('',#5152,#4842,#2720,.T.);
#6702=EDGE_CURVE('',#4851,#5148,#2721,.T.);
#6703=EDGE_CURVE('',#5147,#4852,#2722,.T.);
#6704=EDGE_CURVE('',#5153,#4774,#2723,.T.);
#6705=EDGE_CURVE('',#5159,#4773,#2724,.T.);
#6706=EDGE_CURVE('',#5125,#4749,#2725,.T.);
#6707=EDGE_CURVE('',#5131,#4748,#2726,.T.);
#6708=EDGE_CURVE('',#4752,#5127,#2727,.T.);
#6709=EDGE_CURVE('',#5126,#4753,#2728,.T.);
#6710=EDGE_CURVE('',#4777,#5155,#2729,.T.);
#6711=EDGE_CURVE('',#5154,#4778,#2730,.T.);
#6712=EDGE_CURVE('',#4577,#5162,#2731,.T.);
#6713=EDGE_CURVE('',#5161,#4578,#2732,.T.);
#6714=EDGE_CURVE('',#4627,#5057,#2733,.T.);
#6715=EDGE_CURVE('',#5056,#4628,#2734,.T.);
#6716=EDGE_CURVE('',#4652,#5114,#2735,.T.);
#6717=EDGE_CURVE('',#5113,#4653,#2736,.T.);
#6718=EDGE_CURVE('',#5112,#4650,#2737,.T.);
#6719=EDGE_CURVE('',#5111,#4649,#2738,.T.);
#6720=EDGE_CURVE('',#5055,#4625,#2739,.T.);
#6721=EDGE_CURVE('',#5061,#4624,#2740,.T.);
#6722=EDGE_CURVE('',#5160,#4575,#2741,.T.);
#6723=EDGE_CURVE('',#5166,#4574,#2742,.T.);
#6724=EDGE_CURVE('',#4315,#4948,#2743,.T.);
#6725=EDGE_CURVE('',#4949,#4322,#2744,.T.);
#6726=EDGE_CURVE('',#4950,#4321,#2745,.T.);
#6727=EDGE_CURVE('',#4951,#4320,#2746,.T.);
#6728=EDGE_CURVE('',#4952,#4319,#2747,.T.);
#6729=EDGE_CURVE('',#4953,#4318,#2748,.T.);
#6730=ORIENTED_EDGE('',*,*,#5205,.T.);
#6731=ORIENTED_EDGE('',*,*,#5206,.T.);
#6732=ORIENTED_EDGE('',*,*,#5207,.T.);
#6733=ORIENTED_EDGE('',*,*,#5208,.T.);
#6734=ORIENTED_EDGE('',*,*,#5207,.F.);
#6735=ORIENTED_EDGE('',*,*,#5209,.T.);
#6736=ORIENTED_EDGE('',*,*,#5210,.T.);
#6737=ORIENTED_EDGE('',*,*,#5211,.T.);
#6738=ORIENTED_EDGE('',*,*,#5212,.T.);
#6739=ORIENTED_EDGE('',*,*,#5210,.F.);
#6740=ORIENTED_EDGE('',*,*,#5213,.T.);
#6741=ORIENTED_EDGE('',*,*,#5214,.T.);
#6742=ORIENTED_EDGE('',*,*,#5205,.F.);
#6743=ORIENTED_EDGE('',*,*,#5215,.T.);
#6744=ORIENTED_EDGE('',*,*,#5216,.T.);
#6745=ORIENTED_EDGE('',*,*,#5217,.T.);
#6746=ORIENTED_EDGE('',*,*,#5216,.F.);
#6747=ORIENTED_EDGE('',*,*,#5218,.T.);
#6748=ORIENTED_EDGE('',*,*,#5219,.T.);
#6749=ORIENTED_EDGE('',*,*,#5220,.T.);
#6750=ORIENTED_EDGE('',*,*,#5221,.T.);
#6751=ORIENTED_EDGE('',*,*,#5222,.T.);
#6752=ORIENTED_EDGE('',*,*,#5219,.F.);
#6753=ORIENTED_EDGE('',*,*,#5223,.T.);
#6754=ORIENTED_EDGE('',*,*,#5221,.F.);
#6755=ORIENTED_EDGE('',*,*,#5224,.T.);
#6756=ORIENTED_EDGE('',*,*,#5225,.T.);
#6757=ORIENTED_EDGE('',*,*,#5226,.T.);
#6758=ORIENTED_EDGE('',*,*,#5227,.T.);
#6759=ORIENTED_EDGE('',*,*,#5225,.F.);
#6760=ORIENTED_EDGE('',*,*,#5228,.T.);
#6761=ORIENTED_EDGE('',*,*,#5229,.F.);
#6762=ORIENTED_EDGE('',*,*,#5230,.T.);
#6763=ORIENTED_EDGE('',*,*,#5231,.T.);
#6764=ORIENTED_EDGE('',*,*,#5232,.T.);
#6765=ORIENTED_EDGE('',*,*,#5233,.T.);
#6766=ORIENTED_EDGE('',*,*,#5231,.F.);
#6767=ORIENTED_EDGE('',*,*,#5234,.T.);
#6768=ORIENTED_EDGE('',*,*,#5235,.T.);
#6769=ORIENTED_EDGE('',*,*,#5236,.T.);
#6770=ORIENTED_EDGE('',*,*,#5237,.T.);
#6771=ORIENTED_EDGE('',*,*,#5238,.T.);
#6772=ORIENTED_EDGE('',*,*,#5235,.F.);
#6773=ORIENTED_EDGE('',*,*,#5239,.T.);
#6774=ORIENTED_EDGE('',*,*,#5237,.F.);
#6775=ORIENTED_EDGE('',*,*,#5240,.T.);
#6776=ORIENTED_EDGE('',*,*,#5241,.T.);
#6777=ORIENTED_EDGE('',*,*,#5242,.T.);
#6778=ORIENTED_EDGE('',*,*,#5243,.T.);
#6779=ORIENTED_EDGE('',*,*,#5241,.F.);
#6780=ORIENTED_EDGE('',*,*,#5244,.T.);
#6781=ORIENTED_EDGE('',*,*,#5214,.F.);
#6782=ORIENTED_EDGE('',*,*,#5245,.T.);
#6783=ORIENTED_EDGE('',*,*,#5246,.T.);
#6784=ORIENTED_EDGE('',*,*,#5247,.T.);
#6785=ORIENTED_EDGE('',*,*,#5233,.F.);
#6786=ORIENTED_EDGE('',*,*,#5246,.F.);
#6787=ORIENTED_EDGE('',*,*,#5248,.T.);
#6788=ORIENTED_EDGE('',*,*,#5249,.T.);
#6789=ORIENTED_EDGE('',*,*,#5250,.T.);
#6790=ORIENTED_EDGE('',*,*,#5251,.T.);
#6791=ORIENTED_EDGE('',*,*,#5249,.F.);
#6792=ORIENTED_EDGE('',*,*,#5252,.T.);
#6793=ORIENTED_EDGE('',*,*,#5229,.T.);
#6794=ORIENTED_EDGE('',*,*,#5208,.F.);
#6795=ORIENTED_EDGE('',*,*,#5253,.T.);
#6796=ORIENTED_EDGE('',*,*,#5254,.F.);
#6797=ORIENTED_EDGE('',*,*,#5255,.F.);
#6798=ORIENTED_EDGE('',*,*,#5211,.F.);
#6799=ORIENTED_EDGE('',*,*,#5256,.F.);
#6800=ORIENTED_EDGE('',*,*,#5257,.F.);
#6801=ORIENTED_EDGE('',*,*,#5253,.F.);
#6802=ORIENTED_EDGE('',*,*,#5212,.F.);
#6803=ORIENTED_EDGE('',*,*,#5258,.F.);
#6804=ORIENTED_EDGE('',*,*,#5259,.F.);
#6805=ORIENTED_EDGE('',*,*,#5256,.T.);
#6806=ORIENTED_EDGE('',*,*,#5244,.F.);
#6807=ORIENTED_EDGE('',*,*,#5260,.F.);
#6808=ORIENTED_EDGE('',*,*,#5261,.F.);
#6809=ORIENTED_EDGE('',*,*,#5258,.T.);
#6810=ORIENTED_EDGE('',*,*,#5240,.F.);
#6811=ORIENTED_EDGE('',*,*,#5262,.T.);
#6812=ORIENTED_EDGE('',*,*,#5263,.T.);
#6813=ORIENTED_EDGE('',*,*,#5260,.T.);
#6814=ORIENTED_EDGE('',*,*,#5239,.F.);
#6815=ORIENTED_EDGE('',*,*,#5264,.F.);
#6816=ORIENTED_EDGE('',*,*,#5265,.F.);
#6817=ORIENTED_EDGE('',*,*,#5262,.F.);
#6818=ORIENTED_EDGE('',*,*,#5234,.F.);
#6819=ORIENTED_EDGE('',*,*,#5266,.T.);
#6820=ORIENTED_EDGE('',*,*,#5267,.T.);
#6821=ORIENTED_EDGE('',*,*,#5264,.T.);
#6822=ORIENTED_EDGE('',*,*,#5230,.F.);
#6823=ORIENTED_EDGE('',*,*,#5268,.T.);
#6824=ORIENTED_EDGE('',*,*,#5269,.F.);
#6825=ORIENTED_EDGE('',*,*,#5266,.F.);
#6826=ORIENTED_EDGE('',*,*,#5270,.T.);
#6827=ORIENTED_EDGE('',*,*,#5271,.T.);
#6828=ORIENTED_EDGE('',*,*,#5272,.T.);
#6829=ORIENTED_EDGE('',*,*,#5273,.T.);
#6830=ORIENTED_EDGE('',*,*,#5274,.T.);
#6831=ORIENTED_EDGE('',*,*,#5275,.T.);
#6832=ORIENTED_EDGE('',*,*,#5276,.T.);
#6833=ORIENTED_EDGE('',*,*,#5277,.T.);
#6834=ORIENTED_EDGE('',*,*,#5278,.F.);
#6835=ORIENTED_EDGE('',*,*,#5279,.F.);
#6836=ORIENTED_EDGE('',*,*,#5280,.F.);
#6837=ORIENTED_EDGE('',*,*,#5281,.F.);
#6838=ORIENTED_EDGE('',*,*,#5282,.F.);
#6839=ORIENTED_EDGE('',*,*,#5283,.F.);
#6840=ORIENTED_EDGE('',*,*,#5284,.F.);
#6841=ORIENTED_EDGE('',*,*,#5285,.F.);
#6842=ORIENTED_EDGE('',*,*,#5286,.F.);
#6843=ORIENTED_EDGE('',*,*,#5287,.F.);
#6844=ORIENTED_EDGE('',*,*,#5288,.F.);
#6845=ORIENTED_EDGE('',*,*,#5289,.F.);
#6846=ORIENTED_EDGE('',*,*,#5290,.F.);
#6847=ORIENTED_EDGE('',*,*,#5291,.F.);
#6848=ORIENTED_EDGE('',*,*,#5292,.F.);
#6849=ORIENTED_EDGE('',*,*,#5293,.F.);
#6850=ORIENTED_EDGE('',*,*,#5294,.F.);
#6851=ORIENTED_EDGE('',*,*,#5295,.F.);
#6852=ORIENTED_EDGE('',*,*,#5296,.F.);
#6853=ORIENTED_EDGE('',*,*,#5297,.F.);
#6854=ORIENTED_EDGE('',*,*,#5298,.F.);
#6855=ORIENTED_EDGE('',*,*,#5299,.F.);
#6856=ORIENTED_EDGE('',*,*,#5300,.F.);
#6857=ORIENTED_EDGE('',*,*,#5301,.F.);
#6858=ORIENTED_EDGE('',*,*,#5302,.F.);
#6859=ORIENTED_EDGE('',*,*,#5303,.F.);
#6860=ORIENTED_EDGE('',*,*,#5304,.F.);
#6861=ORIENTED_EDGE('',*,*,#5305,.F.);
#6862=ORIENTED_EDGE('',*,*,#5306,.F.);
#6863=ORIENTED_EDGE('',*,*,#5307,.F.);
#6864=ORIENTED_EDGE('',*,*,#5308,.F.);
#6865=ORIENTED_EDGE('',*,*,#5309,.F.);
#6866=ORIENTED_EDGE('',*,*,#5310,.F.);
#6867=ORIENTED_EDGE('',*,*,#5311,.F.);
#6868=ORIENTED_EDGE('',*,*,#5312,.F.);
#6869=ORIENTED_EDGE('',*,*,#5313,.F.);
#6870=ORIENTED_EDGE('',*,*,#5314,.F.);
#6871=ORIENTED_EDGE('',*,*,#5315,.F.);
#6872=ORIENTED_EDGE('',*,*,#5316,.F.);
#6873=ORIENTED_EDGE('',*,*,#5317,.F.);
#6874=ORIENTED_EDGE('',*,*,#5318,.F.);
#6875=ORIENTED_EDGE('',*,*,#5319,.F.);
#6876=ORIENTED_EDGE('',*,*,#5320,.F.);
#6877=ORIENTED_EDGE('',*,*,#5321,.F.);
#6878=ORIENTED_EDGE('',*,*,#5322,.F.);
#6879=ORIENTED_EDGE('',*,*,#5323,.F.);
#6880=ORIENTED_EDGE('',*,*,#5324,.F.);
#6881=ORIENTED_EDGE('',*,*,#5325,.F.);
#6882=ORIENTED_EDGE('',*,*,#5326,.F.);
#6883=ORIENTED_EDGE('',*,*,#5327,.F.);
#6884=ORIENTED_EDGE('',*,*,#5328,.F.);
#6885=ORIENTED_EDGE('',*,*,#5329,.F.);
#6886=ORIENTED_EDGE('',*,*,#5330,.F.);
#6887=ORIENTED_EDGE('',*,*,#5331,.F.);
#6888=ORIENTED_EDGE('',*,*,#5332,.F.);
#6889=ORIENTED_EDGE('',*,*,#5333,.F.);
#6890=ORIENTED_EDGE('',*,*,#5334,.F.);
#6891=ORIENTED_EDGE('',*,*,#5335,.F.);
#6892=ORIENTED_EDGE('',*,*,#5336,.F.);
#6893=ORIENTED_EDGE('',*,*,#5337,.F.);
#6894=ORIENTED_EDGE('',*,*,#5338,.F.);
#6895=ORIENTED_EDGE('',*,*,#5339,.F.);
#6896=ORIENTED_EDGE('',*,*,#5340,.F.);
#6897=ORIENTED_EDGE('',*,*,#5341,.F.);
#6898=ORIENTED_EDGE('',*,*,#5342,.F.);
#6899=ORIENTED_EDGE('',*,*,#5343,.F.);
#6900=ORIENTED_EDGE('',*,*,#5344,.F.);
#6901=ORIENTED_EDGE('',*,*,#5345,.F.);
#6902=ORIENTED_EDGE('',*,*,#5346,.F.);
#6903=ORIENTED_EDGE('',*,*,#5347,.F.);
#6904=ORIENTED_EDGE('',*,*,#5348,.F.);
#6905=ORIENTED_EDGE('',*,*,#5349,.F.);
#6906=ORIENTED_EDGE('',*,*,#5350,.F.);
#6907=ORIENTED_EDGE('',*,*,#5351,.F.);
#6908=ORIENTED_EDGE('',*,*,#5352,.F.);
#6909=ORIENTED_EDGE('',*,*,#5353,.F.);
#6910=ORIENTED_EDGE('',*,*,#5354,.F.);
#6911=ORIENTED_EDGE('',*,*,#5355,.F.);
#6912=ORIENTED_EDGE('',*,*,#5356,.F.);
#6913=ORIENTED_EDGE('',*,*,#5357,.F.);
#6914=ORIENTED_EDGE('',*,*,#5358,.F.);
#6915=ORIENTED_EDGE('',*,*,#5359,.F.);
#6916=ORIENTED_EDGE('',*,*,#5360,.F.);
#6917=ORIENTED_EDGE('',*,*,#5361,.F.);
#6918=ORIENTED_EDGE('',*,*,#5362,.F.);
#6919=ORIENTED_EDGE('',*,*,#5363,.F.);
#6920=ORIENTED_EDGE('',*,*,#5364,.F.);
#6921=ORIENTED_EDGE('',*,*,#5365,.F.);
#6922=ORIENTED_EDGE('',*,*,#5366,.F.);
#6923=ORIENTED_EDGE('',*,*,#5367,.F.);
#6924=ORIENTED_EDGE('',*,*,#5368,.F.);
#6925=ORIENTED_EDGE('',*,*,#5369,.F.);
#6926=ORIENTED_EDGE('',*,*,#5370,.F.);
#6927=ORIENTED_EDGE('',*,*,#5371,.F.);
#6928=ORIENTED_EDGE('',*,*,#5372,.F.);
#6929=ORIENTED_EDGE('',*,*,#5373,.F.);
#6930=ORIENTED_EDGE('',*,*,#5374,.F.);
#6931=ORIENTED_EDGE('',*,*,#5375,.F.);
#6932=ORIENTED_EDGE('',*,*,#5376,.F.);
#6933=ORIENTED_EDGE('',*,*,#5377,.F.);
#6934=ORIENTED_EDGE('',*,*,#5378,.F.);
#6935=ORIENTED_EDGE('',*,*,#5379,.F.);
#6936=ORIENTED_EDGE('',*,*,#5380,.F.);
#6937=ORIENTED_EDGE('',*,*,#5381,.F.);
#6938=ORIENTED_EDGE('',*,*,#5382,.F.);
#6939=ORIENTED_EDGE('',*,*,#5383,.F.);
#6940=ORIENTED_EDGE('',*,*,#5384,.F.);
#6941=ORIENTED_EDGE('',*,*,#5385,.F.);
#6942=ORIENTED_EDGE('',*,*,#5386,.F.);
#6943=ORIENTED_EDGE('',*,*,#5387,.F.);
#6944=ORIENTED_EDGE('',*,*,#5388,.F.);
#6945=ORIENTED_EDGE('',*,*,#5389,.F.);
#6946=ORIENTED_EDGE('',*,*,#5390,.F.);
#6947=ORIENTED_EDGE('',*,*,#5391,.F.);
#6948=ORIENTED_EDGE('',*,*,#5392,.F.);
#6949=ORIENTED_EDGE('',*,*,#5393,.F.);
#6950=ORIENTED_EDGE('',*,*,#5394,.F.);
#6951=ORIENTED_EDGE('',*,*,#5395,.F.);
#6952=ORIENTED_EDGE('',*,*,#5396,.F.);
#6953=ORIENTED_EDGE('',*,*,#5397,.F.);
#6954=ORIENTED_EDGE('',*,*,#5398,.F.);
#6955=ORIENTED_EDGE('',*,*,#5399,.F.);
#6956=ORIENTED_EDGE('',*,*,#5400,.F.);
#6957=ORIENTED_EDGE('',*,*,#5401,.F.);
#6958=ORIENTED_EDGE('',*,*,#5402,.F.);
#6959=ORIENTED_EDGE('',*,*,#5403,.F.);
#6960=ORIENTED_EDGE('',*,*,#5404,.F.);
#6961=ORIENTED_EDGE('',*,*,#5405,.F.);
#6962=ORIENTED_EDGE('',*,*,#5406,.F.);
#6963=ORIENTED_EDGE('',*,*,#5407,.F.);
#6964=ORIENTED_EDGE('',*,*,#5408,.F.);
#6965=ORIENTED_EDGE('',*,*,#5409,.F.);
#6966=ORIENTED_EDGE('',*,*,#5410,.F.);
#6967=ORIENTED_EDGE('',*,*,#5411,.F.);
#6968=ORIENTED_EDGE('',*,*,#5412,.F.);
#6969=ORIENTED_EDGE('',*,*,#5413,.F.);
#6970=ORIENTED_EDGE('',*,*,#5414,.F.);
#6971=ORIENTED_EDGE('',*,*,#5415,.F.);
#6972=ORIENTED_EDGE('',*,*,#5416,.F.);
#6973=ORIENTED_EDGE('',*,*,#5417,.F.);
#6974=ORIENTED_EDGE('',*,*,#5418,.F.);
#6975=ORIENTED_EDGE('',*,*,#5419,.F.);
#6976=ORIENTED_EDGE('',*,*,#5420,.F.);
#6977=ORIENTED_EDGE('',*,*,#5421,.F.);
#6978=ORIENTED_EDGE('',*,*,#5422,.F.);
#6979=ORIENTED_EDGE('',*,*,#5423,.F.);
#6980=ORIENTED_EDGE('',*,*,#5424,.F.);
#6981=ORIENTED_EDGE('',*,*,#5425,.F.);
#6982=ORIENTED_EDGE('',*,*,#5426,.F.);
#6983=ORIENTED_EDGE('',*,*,#5427,.F.);
#6984=ORIENTED_EDGE('',*,*,#5428,.F.);
#6985=ORIENTED_EDGE('',*,*,#5429,.F.);
#6986=ORIENTED_EDGE('',*,*,#5430,.F.);
#6987=ORIENTED_EDGE('',*,*,#5431,.F.);
#6988=ORIENTED_EDGE('',*,*,#5432,.F.);
#6989=ORIENTED_EDGE('',*,*,#5433,.F.);
#6990=ORIENTED_EDGE('',*,*,#5434,.F.);
#6991=ORIENTED_EDGE('',*,*,#5435,.F.);
#6992=ORIENTED_EDGE('',*,*,#5436,.F.);
#6993=ORIENTED_EDGE('',*,*,#5437,.F.);
#6994=ORIENTED_EDGE('',*,*,#5438,.F.);
#6995=ORIENTED_EDGE('',*,*,#5439,.F.);
#6996=ORIENTED_EDGE('',*,*,#5440,.F.);
#6997=ORIENTED_EDGE('',*,*,#5441,.F.);
#6998=ORIENTED_EDGE('',*,*,#5442,.F.);
#6999=ORIENTED_EDGE('',*,*,#5443,.F.);
#7000=ORIENTED_EDGE('',*,*,#5444,.F.);
#7001=ORIENTED_EDGE('',*,*,#5445,.F.);
#7002=ORIENTED_EDGE('',*,*,#5446,.F.);
#7003=ORIENTED_EDGE('',*,*,#5447,.F.);
#7004=ORIENTED_EDGE('',*,*,#5448,.F.);
#7005=ORIENTED_EDGE('',*,*,#5449,.F.);
#7006=ORIENTED_EDGE('',*,*,#5450,.F.);
#7007=ORIENTED_EDGE('',*,*,#5451,.F.);
#7008=ORIENTED_EDGE('',*,*,#5452,.F.);
#7009=ORIENTED_EDGE('',*,*,#5453,.F.);
#7010=ORIENTED_EDGE('',*,*,#5454,.F.);
#7011=ORIENTED_EDGE('',*,*,#5455,.F.);
#7012=ORIENTED_EDGE('',*,*,#5456,.F.);
#7013=ORIENTED_EDGE('',*,*,#5457,.F.);
#7014=ORIENTED_EDGE('',*,*,#5458,.F.);
#7015=ORIENTED_EDGE('',*,*,#5459,.F.);
#7016=ORIENTED_EDGE('',*,*,#5460,.F.);
#7017=ORIENTED_EDGE('',*,*,#5461,.F.);
#7018=ORIENTED_EDGE('',*,*,#5462,.F.);
#7019=ORIENTED_EDGE('',*,*,#5463,.F.);
#7020=ORIENTED_EDGE('',*,*,#5464,.F.);
#7021=ORIENTED_EDGE('',*,*,#5465,.F.);
#7022=ORIENTED_EDGE('',*,*,#5466,.F.);
#7023=ORIENTED_EDGE('',*,*,#5467,.F.);
#7024=ORIENTED_EDGE('',*,*,#5468,.F.);
#7025=ORIENTED_EDGE('',*,*,#5469,.F.);
#7026=ORIENTED_EDGE('',*,*,#5470,.F.);
#7027=ORIENTED_EDGE('',*,*,#5471,.F.);
#7028=ORIENTED_EDGE('',*,*,#5472,.F.);
#7029=ORIENTED_EDGE('',*,*,#5473,.F.);
#7030=ORIENTED_EDGE('',*,*,#5474,.F.);
#7031=ORIENTED_EDGE('',*,*,#5475,.F.);
#7032=ORIENTED_EDGE('',*,*,#5476,.F.);
#7033=ORIENTED_EDGE('',*,*,#5477,.F.);
#7034=ORIENTED_EDGE('',*,*,#5478,.F.);
#7035=ORIENTED_EDGE('',*,*,#5479,.F.);
#7036=ORIENTED_EDGE('',*,*,#5480,.F.);
#7037=ORIENTED_EDGE('',*,*,#5481,.F.);
#7038=ORIENTED_EDGE('',*,*,#5482,.F.);
#7039=ORIENTED_EDGE('',*,*,#5483,.F.);
#7040=ORIENTED_EDGE('',*,*,#5484,.F.);
#7041=ORIENTED_EDGE('',*,*,#5485,.F.);
#7042=ORIENTED_EDGE('',*,*,#5486,.F.);
#7043=ORIENTED_EDGE('',*,*,#5487,.F.);
#7044=ORIENTED_EDGE('',*,*,#5488,.F.);
#7045=ORIENTED_EDGE('',*,*,#5489,.F.);
#7046=ORIENTED_EDGE('',*,*,#5490,.F.);
#7047=ORIENTED_EDGE('',*,*,#5491,.F.);
#7048=ORIENTED_EDGE('',*,*,#5492,.F.);
#7049=ORIENTED_EDGE('',*,*,#5493,.F.);
#7050=ORIENTED_EDGE('',*,*,#5494,.F.);
#7051=ORIENTED_EDGE('',*,*,#5495,.F.);
#7052=ORIENTED_EDGE('',*,*,#5496,.F.);
#7053=ORIENTED_EDGE('',*,*,#5497,.F.);
#7054=ORIENTED_EDGE('',*,*,#5498,.F.);
#7055=ORIENTED_EDGE('',*,*,#5499,.F.);
#7056=ORIENTED_EDGE('',*,*,#5500,.F.);
#7057=ORIENTED_EDGE('',*,*,#5501,.F.);
#7058=ORIENTED_EDGE('',*,*,#5502,.F.);
#7059=ORIENTED_EDGE('',*,*,#5503,.F.);
#7060=ORIENTED_EDGE('',*,*,#5504,.F.);
#7061=ORIENTED_EDGE('',*,*,#5505,.F.);
#7062=ORIENTED_EDGE('',*,*,#5506,.F.);
#7063=ORIENTED_EDGE('',*,*,#5507,.F.);
#7064=ORIENTED_EDGE('',*,*,#5508,.F.);
#7065=ORIENTED_EDGE('',*,*,#5509,.F.);
#7066=ORIENTED_EDGE('',*,*,#5510,.F.);
#7067=ORIENTED_EDGE('',*,*,#5511,.F.);
#7068=ORIENTED_EDGE('',*,*,#5512,.F.);
#7069=ORIENTED_EDGE('',*,*,#5513,.F.);
#7070=ORIENTED_EDGE('',*,*,#5514,.F.);
#7071=ORIENTED_EDGE('',*,*,#5515,.F.);
#7072=ORIENTED_EDGE('',*,*,#5516,.F.);
#7073=ORIENTED_EDGE('',*,*,#5517,.F.);
#7074=ORIENTED_EDGE('',*,*,#5232,.F.);
#7075=ORIENTED_EDGE('',*,*,#5236,.F.);
#7076=ORIENTED_EDGE('',*,*,#5238,.F.);
#7077=ORIENTED_EDGE('',*,*,#5242,.F.);
#7078=ORIENTED_EDGE('',*,*,#5243,.F.);
#7079=ORIENTED_EDGE('',*,*,#5213,.F.);
#7080=ORIENTED_EDGE('',*,*,#5209,.F.);
#7081=ORIENTED_EDGE('',*,*,#5206,.F.);
#7082=ORIENTED_EDGE('',*,*,#5217,.F.);
#7083=ORIENTED_EDGE('',*,*,#5220,.F.);
#7084=ORIENTED_EDGE('',*,*,#5222,.F.);
#7085=ORIENTED_EDGE('',*,*,#5226,.F.);
#7086=ORIENTED_EDGE('',*,*,#5227,.F.);
#7087=ORIENTED_EDGE('',*,*,#5252,.F.);
#7088=ORIENTED_EDGE('',*,*,#5248,.F.);
#7089=ORIENTED_EDGE('',*,*,#5245,.F.);
#7090=ORIENTED_EDGE('',*,*,#5518,.T.);
#7091=ORIENTED_EDGE('',*,*,#5519,.T.);
#7092=ORIENTED_EDGE('',*,*,#5287,.T.);
#7093=ORIENTED_EDGE('',*,*,#5520,.T.);
#7094=ORIENTED_EDGE('',*,*,#5286,.T.);
#7095=ORIENTED_EDGE('',*,*,#5521,.T.);
#7096=ORIENTED_EDGE('',*,*,#5522,.T.);
#7097=ORIENTED_EDGE('',*,*,#5520,.F.);
#7098=ORIENTED_EDGE('',*,*,#5521,.F.);
#7099=ORIENTED_EDGE('',*,*,#5285,.T.);
#7100=ORIENTED_EDGE('',*,*,#5523,.T.);
#7101=ORIENTED_EDGE('',*,*,#5524,.T.);
#7102=ORIENTED_EDGE('',*,*,#5525,.T.);
#7103=ORIENTED_EDGE('',*,*,#5523,.F.);
#7104=ORIENTED_EDGE('',*,*,#5284,.T.);
#7105=ORIENTED_EDGE('',*,*,#5526,.T.);
#7106=ORIENTED_EDGE('',*,*,#5527,.T.);
#7107=ORIENTED_EDGE('',*,*,#5278,.T.);
#7108=ORIENTED_EDGE('',*,*,#5528,.T.);
#7109=ORIENTED_EDGE('',*,*,#5529,.T.);
#7110=ORIENTED_EDGE('',*,*,#5527,.F.);
#7111=ORIENTED_EDGE('',*,*,#5530,.T.);
#7112=ORIENTED_EDGE('',*,*,#5531,.T.);
#7113=ORIENTED_EDGE('',*,*,#5279,.T.);
#7114=ORIENTED_EDGE('',*,*,#5531,.F.);
#7115=ORIENTED_EDGE('',*,*,#5532,.T.);
#7116=ORIENTED_EDGE('',*,*,#5533,.T.);
#7117=ORIENTED_EDGE('',*,*,#5280,.T.);
#7118=ORIENTED_EDGE('',*,*,#5534,.T.);
#7119=ORIENTED_EDGE('',*,*,#5281,.T.);
#7120=ORIENTED_EDGE('',*,*,#5533,.F.);
#7121=ORIENTED_EDGE('',*,*,#5535,.T.);
#7122=ORIENTED_EDGE('',*,*,#5534,.F.);
#7123=ORIENTED_EDGE('',*,*,#5536,.T.);
#7124=ORIENTED_EDGE('',*,*,#5537,.T.);
#7125=ORIENTED_EDGE('',*,*,#5282,.T.);
#7126=ORIENTED_EDGE('',*,*,#5283,.T.);
#7127=ORIENTED_EDGE('',*,*,#5537,.F.);
#7128=ORIENTED_EDGE('',*,*,#5538,.T.);
#7129=ORIENTED_EDGE('',*,*,#5526,.F.);
#7130=ORIENTED_EDGE('',*,*,#5528,.F.);
#7131=ORIENTED_EDGE('',*,*,#5293,.T.);
#7132=ORIENTED_EDGE('',*,*,#5539,.T.);
#7133=ORIENTED_EDGE('',*,*,#5540,.T.);
#7134=ORIENTED_EDGE('',*,*,#5541,.T.);
#7135=ORIENTED_EDGE('',*,*,#5539,.F.);
#7136=ORIENTED_EDGE('',*,*,#5292,.T.);
#7137=ORIENTED_EDGE('',*,*,#5542,.T.);
#7138=ORIENTED_EDGE('',*,*,#5519,.F.);
#7139=ORIENTED_EDGE('',*,*,#5543,.T.);
#7140=ORIENTED_EDGE('',*,*,#5544,.T.);
#7141=ORIENTED_EDGE('',*,*,#5288,.T.);
#7142=ORIENTED_EDGE('',*,*,#5545,.T.);
#7143=ORIENTED_EDGE('',*,*,#5289,.T.);
#7144=ORIENTED_EDGE('',*,*,#5544,.F.);
#7145=ORIENTED_EDGE('',*,*,#5546,.T.);
#7146=ORIENTED_EDGE('',*,*,#5545,.F.);
#7147=ORIENTED_EDGE('',*,*,#5547,.T.);
#7148=ORIENTED_EDGE('',*,*,#5548,.T.);
#7149=ORIENTED_EDGE('',*,*,#5290,.T.);
#7150=ORIENTED_EDGE('',*,*,#5291,.T.);
#7151=ORIENTED_EDGE('',*,*,#5548,.F.);
#7152=ORIENTED_EDGE('',*,*,#5549,.T.);
#7153=ORIENTED_EDGE('',*,*,#5542,.F.);
#7154=ORIENTED_EDGE('',*,*,#5524,.F.);
#7155=ORIENTED_EDGE('',*,*,#5550,.F.);
#7156=ORIENTED_EDGE('',*,*,#5551,.F.);
#7157=ORIENTED_EDGE('',*,*,#5552,.F.);
#7158=ORIENTED_EDGE('',*,*,#5525,.F.);
#7159=ORIENTED_EDGE('',*,*,#5553,.F.);
#7160=ORIENTED_EDGE('',*,*,#5554,.F.);
#7161=ORIENTED_EDGE('',*,*,#5550,.T.);
#7162=ORIENTED_EDGE('',*,*,#5538,.F.);
#7163=ORIENTED_EDGE('',*,*,#5555,.F.);
#7164=ORIENTED_EDGE('',*,*,#5556,.F.);
#7165=ORIENTED_EDGE('',*,*,#5553,.T.);
#7166=ORIENTED_EDGE('',*,*,#5536,.F.);
#7167=ORIENTED_EDGE('',*,*,#5557,.T.);
#7168=ORIENTED_EDGE('',*,*,#5558,.T.);
#7169=ORIENTED_EDGE('',*,*,#5555,.T.);
#7170=ORIENTED_EDGE('',*,*,#5535,.F.);
#7171=ORIENTED_EDGE('',*,*,#5559,.F.);
#7172=ORIENTED_EDGE('',*,*,#5560,.F.);
#7173=ORIENTED_EDGE('',*,*,#5557,.F.);
#7174=ORIENTED_EDGE('',*,*,#5532,.F.);
#7175=ORIENTED_EDGE('',*,*,#5561,.T.);
#7176=ORIENTED_EDGE('',*,*,#5562,.T.);
#7177=ORIENTED_EDGE('',*,*,#5559,.T.);
#7178=ORIENTED_EDGE('',*,*,#5530,.F.);
#7179=ORIENTED_EDGE('',*,*,#5563,.T.);
#7180=ORIENTED_EDGE('',*,*,#5564,.F.);
#7181=ORIENTED_EDGE('',*,*,#5561,.F.);
#7182=ORIENTED_EDGE('',*,*,#5529,.F.);
#7183=ORIENTED_EDGE('',*,*,#5565,.T.);
#7184=ORIENTED_EDGE('',*,*,#5566,.F.);
#7185=ORIENTED_EDGE('',*,*,#5563,.F.);
#7186=ORIENTED_EDGE('',*,*,#5567,.T.);
#7187=ORIENTED_EDGE('',*,*,#5509,.T.);
#7188=ORIENTED_EDGE('',*,*,#5568,.T.);
#7189=ORIENTED_EDGE('',*,*,#5569,.T.);
#7190=ORIENTED_EDGE('',*,*,#5570,.T.);
#7191=ORIENTED_EDGE('',*,*,#5571,.T.);
#7192=ORIENTED_EDGE('',*,*,#5502,.T.);
#7193=ORIENTED_EDGE('',*,*,#5572,.T.);
#7194=ORIENTED_EDGE('',*,*,#5517,.T.);
#7195=ORIENTED_EDGE('',*,*,#5573,.T.);
#7196=ORIENTED_EDGE('',*,*,#5574,.T.);
#7197=ORIENTED_EDGE('',*,*,#5572,.F.);
#7198=ORIENTED_EDGE('',*,*,#5573,.F.);
#7199=ORIENTED_EDGE('',*,*,#5516,.T.);
#7200=ORIENTED_EDGE('',*,*,#5575,.T.);
#7201=ORIENTED_EDGE('',*,*,#5576,.T.);
#7202=ORIENTED_EDGE('',*,*,#5577,.T.);
#7203=ORIENTED_EDGE('',*,*,#5575,.F.);
#7204=ORIENTED_EDGE('',*,*,#5515,.T.);
#7205=ORIENTED_EDGE('',*,*,#5578,.T.);
#7206=ORIENTED_EDGE('',*,*,#5571,.F.);
#7207=ORIENTED_EDGE('',*,*,#5579,.T.);
#7208=ORIENTED_EDGE('',*,*,#5580,.T.);
#7209=ORIENTED_EDGE('',*,*,#5503,.T.);
#7210=ORIENTED_EDGE('',*,*,#5581,.T.);
#7211=ORIENTED_EDGE('',*,*,#5504,.T.);
#7212=ORIENTED_EDGE('',*,*,#5580,.F.);
#7213=ORIENTED_EDGE('',*,*,#5582,.T.);
#7214=ORIENTED_EDGE('',*,*,#5581,.F.);
#7215=ORIENTED_EDGE('',*,*,#5583,.T.);
#7216=ORIENTED_EDGE('',*,*,#5584,.T.);
#7217=ORIENTED_EDGE('',*,*,#5505,.T.);
#7218=ORIENTED_EDGE('',*,*,#5506,.T.);
#7219=ORIENTED_EDGE('',*,*,#5584,.F.);
#7220=ORIENTED_EDGE('',*,*,#5585,.T.);
#7221=ORIENTED_EDGE('',*,*,#5586,.F.);
#7222=ORIENTED_EDGE('',*,*,#5567,.F.);
#7223=ORIENTED_EDGE('',*,*,#5587,.T.);
#7224=ORIENTED_EDGE('',*,*,#5588,.T.);
#7225=ORIENTED_EDGE('',*,*,#5510,.T.);
#7226=ORIENTED_EDGE('',*,*,#5588,.F.);
#7227=ORIENTED_EDGE('',*,*,#5589,.T.);
#7228=ORIENTED_EDGE('',*,*,#5590,.T.);
#7229=ORIENTED_EDGE('',*,*,#5511,.T.);
#7230=ORIENTED_EDGE('',*,*,#5591,.T.);
#7231=ORIENTED_EDGE('',*,*,#5512,.T.);
#7232=ORIENTED_EDGE('',*,*,#5590,.F.);
#7233=ORIENTED_EDGE('',*,*,#5592,.T.);
#7234=ORIENTED_EDGE('',*,*,#5591,.F.);
#7235=ORIENTED_EDGE('',*,*,#5593,.T.);
#7236=ORIENTED_EDGE('',*,*,#5594,.T.);
#7237=ORIENTED_EDGE('',*,*,#5513,.T.);
#7238=ORIENTED_EDGE('',*,*,#5514,.T.);
#7239=ORIENTED_EDGE('',*,*,#5594,.F.);
#7240=ORIENTED_EDGE('',*,*,#5595,.T.);
#7241=ORIENTED_EDGE('',*,*,#5578,.F.);
#7242=ORIENTED_EDGE('',*,*,#5568,.F.);
#7243=ORIENTED_EDGE('',*,*,#5508,.T.);
#7244=ORIENTED_EDGE('',*,*,#5596,.T.);
#7245=ORIENTED_EDGE('',*,*,#5597,.T.);
#7246=ORIENTED_EDGE('',*,*,#5598,.T.);
#7247=ORIENTED_EDGE('',*,*,#5596,.F.);
#7248=ORIENTED_EDGE('',*,*,#5507,.T.);
#7249=ORIENTED_EDGE('',*,*,#5586,.T.);
#7250=ORIENTED_EDGE('',*,*,#5569,.F.);
#7251=ORIENTED_EDGE('',*,*,#5599,.T.);
#7252=ORIENTED_EDGE('',*,*,#5600,.F.);
#7253=ORIENTED_EDGE('',*,*,#5601,.F.);
#7254=ORIENTED_EDGE('',*,*,#5597,.F.);
#7255=ORIENTED_EDGE('',*,*,#5602,.F.);
#7256=ORIENTED_EDGE('',*,*,#5603,.F.);
#7257=ORIENTED_EDGE('',*,*,#5599,.F.);
#7258=ORIENTED_EDGE('',*,*,#5598,.F.);
#7259=ORIENTED_EDGE('',*,*,#5604,.F.);
#7260=ORIENTED_EDGE('',*,*,#5605,.F.);
#7261=ORIENTED_EDGE('',*,*,#5602,.T.);
#7262=ORIENTED_EDGE('',*,*,#5585,.F.);
#7263=ORIENTED_EDGE('',*,*,#5606,.F.);
#7264=ORIENTED_EDGE('',*,*,#5607,.F.);
#7265=ORIENTED_EDGE('',*,*,#5604,.T.);
#7266=ORIENTED_EDGE('',*,*,#5583,.F.);
#7267=ORIENTED_EDGE('',*,*,#5608,.T.);
#7268=ORIENTED_EDGE('',*,*,#5609,.T.);
#7269=ORIENTED_EDGE('',*,*,#5606,.T.);
#7270=ORIENTED_EDGE('',*,*,#5582,.F.);
#7271=ORIENTED_EDGE('',*,*,#5610,.F.);
#7272=ORIENTED_EDGE('',*,*,#5611,.F.);
#7273=ORIENTED_EDGE('',*,*,#5608,.F.);
#7274=ORIENTED_EDGE('',*,*,#5579,.F.);
#7275=ORIENTED_EDGE('',*,*,#5612,.T.);
#7276=ORIENTED_EDGE('',*,*,#5613,.T.);
#7277=ORIENTED_EDGE('',*,*,#5610,.T.);
#7278=ORIENTED_EDGE('',*,*,#5570,.F.);
#7279=ORIENTED_EDGE('',*,*,#5614,.T.);
#7280=ORIENTED_EDGE('',*,*,#5615,.F.);
#7281=ORIENTED_EDGE('',*,*,#5612,.F.);
#7282=ORIENTED_EDGE('',*,*,#5616,.T.);
#7283=ORIENTED_EDGE('',*,*,#5617,.T.);
#7284=ORIENTED_EDGE('',*,*,#5303,.T.);
#7285=ORIENTED_EDGE('',*,*,#5618,.T.);
#7286=ORIENTED_EDGE('',*,*,#5302,.T.);
#7287=ORIENTED_EDGE('',*,*,#5619,.T.);
#7288=ORIENTED_EDGE('',*,*,#5620,.T.);
#7289=ORIENTED_EDGE('',*,*,#5618,.F.);
#7290=ORIENTED_EDGE('',*,*,#5619,.F.);
#7291=ORIENTED_EDGE('',*,*,#5301,.T.);
#7292=ORIENTED_EDGE('',*,*,#5621,.T.);
#7293=ORIENTED_EDGE('',*,*,#5622,.T.);
#7294=ORIENTED_EDGE('',*,*,#5623,.T.);
#7295=ORIENTED_EDGE('',*,*,#5621,.F.);
#7296=ORIENTED_EDGE('',*,*,#5300,.T.);
#7297=ORIENTED_EDGE('',*,*,#5624,.T.);
#7298=ORIENTED_EDGE('',*,*,#5625,.T.);
#7299=ORIENTED_EDGE('',*,*,#5294,.T.);
#7300=ORIENTED_EDGE('',*,*,#5626,.T.);
#7301=ORIENTED_EDGE('',*,*,#5627,.T.);
#7302=ORIENTED_EDGE('',*,*,#5625,.F.);
#7303=ORIENTED_EDGE('',*,*,#5628,.T.);
#7304=ORIENTED_EDGE('',*,*,#5629,.T.);
#7305=ORIENTED_EDGE('',*,*,#5295,.T.);
#7306=ORIENTED_EDGE('',*,*,#5629,.F.);
#7307=ORIENTED_EDGE('',*,*,#5630,.T.);
#7308=ORIENTED_EDGE('',*,*,#5631,.T.);
#7309=ORIENTED_EDGE('',*,*,#5296,.T.);
#7310=ORIENTED_EDGE('',*,*,#5632,.T.);
#7311=ORIENTED_EDGE('',*,*,#5297,.T.);
#7312=ORIENTED_EDGE('',*,*,#5631,.F.);
#7313=ORIENTED_EDGE('',*,*,#5633,.T.);
#7314=ORIENTED_EDGE('',*,*,#5632,.F.);
#7315=ORIENTED_EDGE('',*,*,#5634,.T.);
#7316=ORIENTED_EDGE('',*,*,#5635,.T.);
#7317=ORIENTED_EDGE('',*,*,#5298,.T.);
#7318=ORIENTED_EDGE('',*,*,#5299,.T.);
#7319=ORIENTED_EDGE('',*,*,#5635,.F.);
#7320=ORIENTED_EDGE('',*,*,#5636,.T.);
#7321=ORIENTED_EDGE('',*,*,#5624,.F.);
#7322=ORIENTED_EDGE('',*,*,#5626,.F.);
#7323=ORIENTED_EDGE('',*,*,#5309,.T.);
#7324=ORIENTED_EDGE('',*,*,#5637,.T.);
#7325=ORIENTED_EDGE('',*,*,#5638,.T.);
#7326=ORIENTED_EDGE('',*,*,#5639,.T.);
#7327=ORIENTED_EDGE('',*,*,#5637,.F.);
#7328=ORIENTED_EDGE('',*,*,#5308,.T.);
#7329=ORIENTED_EDGE('',*,*,#5640,.T.);
#7330=ORIENTED_EDGE('',*,*,#5617,.F.);
#7331=ORIENTED_EDGE('',*,*,#5641,.T.);
#7332=ORIENTED_EDGE('',*,*,#5642,.T.);
#7333=ORIENTED_EDGE('',*,*,#5304,.T.);
#7334=ORIENTED_EDGE('',*,*,#5643,.T.);
#7335=ORIENTED_EDGE('',*,*,#5305,.T.);
#7336=ORIENTED_EDGE('',*,*,#5642,.F.);
#7337=ORIENTED_EDGE('',*,*,#5644,.T.);
#7338=ORIENTED_EDGE('',*,*,#5643,.F.);
#7339=ORIENTED_EDGE('',*,*,#5645,.T.);
#7340=ORIENTED_EDGE('',*,*,#5646,.T.);
#7341=ORIENTED_EDGE('',*,*,#5306,.T.);
#7342=ORIENTED_EDGE('',*,*,#5307,.T.);
#7343=ORIENTED_EDGE('',*,*,#5646,.F.);
#7344=ORIENTED_EDGE('',*,*,#5647,.T.);
#7345=ORIENTED_EDGE('',*,*,#5640,.F.);
#7346=ORIENTED_EDGE('',*,*,#5622,.F.);
#7347=ORIENTED_EDGE('',*,*,#5648,.F.);
#7348=ORIENTED_EDGE('',*,*,#5649,.F.);
#7349=ORIENTED_EDGE('',*,*,#5650,.F.);
#7350=ORIENTED_EDGE('',*,*,#5623,.F.);
#7351=ORIENTED_EDGE('',*,*,#5651,.F.);
#7352=ORIENTED_EDGE('',*,*,#5652,.F.);
#7353=ORIENTED_EDGE('',*,*,#5648,.T.);
#7354=ORIENTED_EDGE('',*,*,#5636,.F.);
#7355=ORIENTED_EDGE('',*,*,#5653,.F.);
#7356=ORIENTED_EDGE('',*,*,#5654,.F.);
#7357=ORIENTED_EDGE('',*,*,#5651,.T.);
#7358=ORIENTED_EDGE('',*,*,#5634,.F.);
#7359=ORIENTED_EDGE('',*,*,#5655,.T.);
#7360=ORIENTED_EDGE('',*,*,#5656,.T.);
#7361=ORIENTED_EDGE('',*,*,#5653,.T.);
#7362=ORIENTED_EDGE('',*,*,#5633,.F.);
#7363=ORIENTED_EDGE('',*,*,#5657,.F.);
#7364=ORIENTED_EDGE('',*,*,#5658,.F.);
#7365=ORIENTED_EDGE('',*,*,#5655,.F.);
#7366=ORIENTED_EDGE('',*,*,#5630,.F.);
#7367=ORIENTED_EDGE('',*,*,#5659,.T.);
#7368=ORIENTED_EDGE('',*,*,#5660,.T.);
#7369=ORIENTED_EDGE('',*,*,#5657,.T.);
#7370=ORIENTED_EDGE('',*,*,#5628,.F.);
#7371=ORIENTED_EDGE('',*,*,#5661,.T.);
#7372=ORIENTED_EDGE('',*,*,#5662,.F.);
#7373=ORIENTED_EDGE('',*,*,#5659,.F.);
#7374=ORIENTED_EDGE('',*,*,#5627,.F.);
#7375=ORIENTED_EDGE('',*,*,#5663,.T.);
#7376=ORIENTED_EDGE('',*,*,#5664,.F.);
#7377=ORIENTED_EDGE('',*,*,#5661,.F.);
#7378=ORIENTED_EDGE('',*,*,#5665,.T.);
#7379=ORIENTED_EDGE('',*,*,#5666,.T.);
#7380=ORIENTED_EDGE('',*,*,#5495,.T.);
#7381=ORIENTED_EDGE('',*,*,#5667,.T.);
#7382=ORIENTED_EDGE('',*,*,#5494,.T.);
#7383=ORIENTED_EDGE('',*,*,#5668,.T.);
#7384=ORIENTED_EDGE('',*,*,#5669,.T.);
#7385=ORIENTED_EDGE('',*,*,#5667,.F.);
#7386=ORIENTED_EDGE('',*,*,#5668,.F.);
#7387=ORIENTED_EDGE('',*,*,#5493,.T.);
#7388=ORIENTED_EDGE('',*,*,#5670,.T.);
#7389=ORIENTED_EDGE('',*,*,#5671,.T.);
#7390=ORIENTED_EDGE('',*,*,#5672,.T.);
#7391=ORIENTED_EDGE('',*,*,#5670,.F.);
#7392=ORIENTED_EDGE('',*,*,#5492,.T.);
#7393=ORIENTED_EDGE('',*,*,#5673,.T.);
#7394=ORIENTED_EDGE('',*,*,#5674,.T.);
#7395=ORIENTED_EDGE('',*,*,#5486,.T.);
#7396=ORIENTED_EDGE('',*,*,#5675,.T.);
#7397=ORIENTED_EDGE('',*,*,#5676,.T.);
#7398=ORIENTED_EDGE('',*,*,#5674,.F.);
#7399=ORIENTED_EDGE('',*,*,#5677,.T.);
#7400=ORIENTED_EDGE('',*,*,#5678,.T.);
#7401=ORIENTED_EDGE('',*,*,#5487,.T.);
#7402=ORIENTED_EDGE('',*,*,#5678,.F.);
#7403=ORIENTED_EDGE('',*,*,#5679,.T.);
#7404=ORIENTED_EDGE('',*,*,#5680,.T.);
#7405=ORIENTED_EDGE('',*,*,#5488,.T.);
#7406=ORIENTED_EDGE('',*,*,#5681,.T.);
#7407=ORIENTED_EDGE('',*,*,#5489,.T.);
#7408=ORIENTED_EDGE('',*,*,#5680,.F.);
#7409=ORIENTED_EDGE('',*,*,#5682,.T.);
#7410=ORIENTED_EDGE('',*,*,#5681,.F.);
#7411=ORIENTED_EDGE('',*,*,#5683,.T.);
#7412=ORIENTED_EDGE('',*,*,#5684,.T.);
#7413=ORIENTED_EDGE('',*,*,#5490,.T.);
#7414=ORIENTED_EDGE('',*,*,#5491,.T.);
#7415=ORIENTED_EDGE('',*,*,#5684,.F.);
#7416=ORIENTED_EDGE('',*,*,#5685,.T.);
#7417=ORIENTED_EDGE('',*,*,#5673,.F.);
#7418=ORIENTED_EDGE('',*,*,#5675,.F.);
#7419=ORIENTED_EDGE('',*,*,#5501,.T.);
#7420=ORIENTED_EDGE('',*,*,#5686,.T.);
#7421=ORIENTED_EDGE('',*,*,#5687,.T.);
#7422=ORIENTED_EDGE('',*,*,#5688,.T.);
#7423=ORIENTED_EDGE('',*,*,#5686,.F.);
#7424=ORIENTED_EDGE('',*,*,#5500,.T.);
#7425=ORIENTED_EDGE('',*,*,#5689,.T.);
#7426=ORIENTED_EDGE('',*,*,#5666,.F.);
#7427=ORIENTED_EDGE('',*,*,#5690,.T.);
#7428=ORIENTED_EDGE('',*,*,#5691,.T.);
#7429=ORIENTED_EDGE('',*,*,#5496,.T.);
#7430=ORIENTED_EDGE('',*,*,#5692,.T.);
#7431=ORIENTED_EDGE('',*,*,#5497,.T.);
#7432=ORIENTED_EDGE('',*,*,#5691,.F.);
#7433=ORIENTED_EDGE('',*,*,#5693,.T.);
#7434=ORIENTED_EDGE('',*,*,#5692,.F.);
#7435=ORIENTED_EDGE('',*,*,#5694,.T.);
#7436=ORIENTED_EDGE('',*,*,#5695,.T.);
#7437=ORIENTED_EDGE('',*,*,#5498,.T.);
#7438=ORIENTED_EDGE('',*,*,#5499,.T.);
#7439=ORIENTED_EDGE('',*,*,#5695,.F.);
#7440=ORIENTED_EDGE('',*,*,#5696,.T.);
#7441=ORIENTED_EDGE('',*,*,#5689,.F.);
#7442=ORIENTED_EDGE('',*,*,#5671,.F.);
#7443=ORIENTED_EDGE('',*,*,#5697,.F.);
#7444=ORIENTED_EDGE('',*,*,#5698,.F.);
#7445=ORIENTED_EDGE('',*,*,#5699,.F.);
#7446=ORIENTED_EDGE('',*,*,#5672,.F.);
#7447=ORIENTED_EDGE('',*,*,#5700,.F.);
#7448=ORIENTED_EDGE('',*,*,#5701,.F.);
#7449=ORIENTED_EDGE('',*,*,#5697,.T.);
#7450=ORIENTED_EDGE('',*,*,#5685,.F.);
#7451=ORIENTED_EDGE('',*,*,#5702,.F.);
#7452=ORIENTED_EDGE('',*,*,#5703,.F.);
#7453=ORIENTED_EDGE('',*,*,#5700,.T.);
#7454=ORIENTED_EDGE('',*,*,#5683,.F.);
#7455=ORIENTED_EDGE('',*,*,#5704,.T.);
#7456=ORIENTED_EDGE('',*,*,#5705,.T.);
#7457=ORIENTED_EDGE('',*,*,#5702,.T.);
#7458=ORIENTED_EDGE('',*,*,#5682,.F.);
#7459=ORIENTED_EDGE('',*,*,#5706,.F.);
#7460=ORIENTED_EDGE('',*,*,#5707,.F.);
#7461=ORIENTED_EDGE('',*,*,#5704,.F.);
#7462=ORIENTED_EDGE('',*,*,#5679,.F.);
#7463=ORIENTED_EDGE('',*,*,#5708,.T.);
#7464=ORIENTED_EDGE('',*,*,#5709,.T.);
#7465=ORIENTED_EDGE('',*,*,#5706,.T.);
#7466=ORIENTED_EDGE('',*,*,#5677,.F.);
#7467=ORIENTED_EDGE('',*,*,#5710,.T.);
#7468=ORIENTED_EDGE('',*,*,#5711,.F.);
#7469=ORIENTED_EDGE('',*,*,#5708,.F.);
#7470=ORIENTED_EDGE('',*,*,#5676,.F.);
#7471=ORIENTED_EDGE('',*,*,#5712,.T.);
#7472=ORIENTED_EDGE('',*,*,#5713,.F.);
#7473=ORIENTED_EDGE('',*,*,#5710,.F.);
#7474=ORIENTED_EDGE('',*,*,#5714,.T.);
#7475=ORIENTED_EDGE('',*,*,#5317,.T.);
#7476=ORIENTED_EDGE('',*,*,#5715,.T.);
#7477=ORIENTED_EDGE('',*,*,#5716,.T.);
#7478=ORIENTED_EDGE('',*,*,#5715,.F.);
#7479=ORIENTED_EDGE('',*,*,#5316,.T.);
#7480=ORIENTED_EDGE('',*,*,#5717,.T.);
#7481=ORIENTED_EDGE('',*,*,#5718,.T.);
#7482=ORIENTED_EDGE('',*,*,#5719,.T.);
#7483=ORIENTED_EDGE('',*,*,#5717,.F.);
#7484=ORIENTED_EDGE('',*,*,#5315,.T.);
#7485=ORIENTED_EDGE('',*,*,#5720,.T.);
#7486=ORIENTED_EDGE('',*,*,#5721,.T.);
#7487=ORIENTED_EDGE('',*,*,#5722,.T.);
#7488=ORIENTED_EDGE('',*,*,#5310,.T.);
#7489=ORIENTED_EDGE('',*,*,#5723,.T.);
#7490=ORIENTED_EDGE('',*,*,#5722,.F.);
#7491=ORIENTED_EDGE('',*,*,#5724,.T.);
#7492=ORIENTED_EDGE('',*,*,#5725,.T.);
#7493=ORIENTED_EDGE('',*,*,#5311,.T.);
#7494=ORIENTED_EDGE('',*,*,#5726,.T.);
#7495=ORIENTED_EDGE('',*,*,#5312,.T.);
#7496=ORIENTED_EDGE('',*,*,#5725,.F.);
#7497=ORIENTED_EDGE('',*,*,#5727,.T.);
#7498=ORIENTED_EDGE('',*,*,#5726,.F.);
#7499=ORIENTED_EDGE('',*,*,#5728,.T.);
#7500=ORIENTED_EDGE('',*,*,#5729,.T.);
#7501=ORIENTED_EDGE('',*,*,#5313,.T.);
#7502=ORIENTED_EDGE('',*,*,#5314,.T.);
#7503=ORIENTED_EDGE('',*,*,#5729,.F.);
#7504=ORIENTED_EDGE('',*,*,#5730,.T.);
#7505=ORIENTED_EDGE('',*,*,#5720,.F.);
#7506=ORIENTED_EDGE('',*,*,#5325,.T.);
#7507=ORIENTED_EDGE('',*,*,#5731,.T.);
#7508=ORIENTED_EDGE('',*,*,#5732,.T.);
#7509=ORIENTED_EDGE('',*,*,#5723,.F.);
#7510=ORIENTED_EDGE('',*,*,#5731,.F.);
#7511=ORIENTED_EDGE('',*,*,#5324,.T.);
#7512=ORIENTED_EDGE('',*,*,#5733,.T.);
#7513=ORIENTED_EDGE('',*,*,#5734,.T.);
#7514=ORIENTED_EDGE('',*,*,#5735,.T.);
#7515=ORIENTED_EDGE('',*,*,#5733,.F.);
#7516=ORIENTED_EDGE('',*,*,#5323,.T.);
#7517=ORIENTED_EDGE('',*,*,#5736,.T.);
#7518=ORIENTED_EDGE('',*,*,#5714,.F.);
#7519=ORIENTED_EDGE('',*,*,#5737,.T.);
#7520=ORIENTED_EDGE('',*,*,#5738,.T.);
#7521=ORIENTED_EDGE('',*,*,#5318,.T.);
#7522=ORIENTED_EDGE('',*,*,#5738,.F.);
#7523=ORIENTED_EDGE('',*,*,#5739,.T.);
#7524=ORIENTED_EDGE('',*,*,#5740,.T.);
#7525=ORIENTED_EDGE('',*,*,#5319,.T.);
#7526=ORIENTED_EDGE('',*,*,#5741,.T.);
#7527=ORIENTED_EDGE('',*,*,#5320,.T.);
#7528=ORIENTED_EDGE('',*,*,#5740,.F.);
#7529=ORIENTED_EDGE('',*,*,#5742,.T.);
#7530=ORIENTED_EDGE('',*,*,#5741,.F.);
#7531=ORIENTED_EDGE('',*,*,#5743,.T.);
#7532=ORIENTED_EDGE('',*,*,#5744,.T.);
#7533=ORIENTED_EDGE('',*,*,#5321,.T.);
#7534=ORIENTED_EDGE('',*,*,#5322,.T.);
#7535=ORIENTED_EDGE('',*,*,#5744,.F.);
#7536=ORIENTED_EDGE('',*,*,#5745,.T.);
#7537=ORIENTED_EDGE('',*,*,#5736,.F.);
#7538=ORIENTED_EDGE('',*,*,#5716,.F.);
#7539=ORIENTED_EDGE('',*,*,#5746,.T.);
#7540=ORIENTED_EDGE('',*,*,#5747,.F.);
#7541=ORIENTED_EDGE('',*,*,#5748,.F.);
#7542=ORIENTED_EDGE('',*,*,#5718,.F.);
#7543=ORIENTED_EDGE('',*,*,#5749,.F.);
#7544=ORIENTED_EDGE('',*,*,#5750,.F.);
#7545=ORIENTED_EDGE('',*,*,#5746,.F.);
#7546=ORIENTED_EDGE('',*,*,#5719,.F.);
#7547=ORIENTED_EDGE('',*,*,#5751,.F.);
#7548=ORIENTED_EDGE('',*,*,#5752,.F.);
#7549=ORIENTED_EDGE('',*,*,#5749,.T.);
#7550=ORIENTED_EDGE('',*,*,#5730,.F.);
#7551=ORIENTED_EDGE('',*,*,#5753,.F.);
#7552=ORIENTED_EDGE('',*,*,#5754,.F.);
#7553=ORIENTED_EDGE('',*,*,#5751,.T.);
#7554=ORIENTED_EDGE('',*,*,#5728,.F.);
#7555=ORIENTED_EDGE('',*,*,#5755,.T.);
#7556=ORIENTED_EDGE('',*,*,#5756,.T.);
#7557=ORIENTED_EDGE('',*,*,#5753,.T.);
#7558=ORIENTED_EDGE('',*,*,#5727,.F.);
#7559=ORIENTED_EDGE('',*,*,#5757,.F.);
#7560=ORIENTED_EDGE('',*,*,#5758,.F.);
#7561=ORIENTED_EDGE('',*,*,#5755,.F.);
#7562=ORIENTED_EDGE('',*,*,#5724,.F.);
#7563=ORIENTED_EDGE('',*,*,#5759,.T.);
#7564=ORIENTED_EDGE('',*,*,#5760,.T.);
#7565=ORIENTED_EDGE('',*,*,#5757,.T.);
#7566=ORIENTED_EDGE('',*,*,#5721,.F.);
#7567=ORIENTED_EDGE('',*,*,#5761,.T.);
#7568=ORIENTED_EDGE('',*,*,#5762,.F.);
#7569=ORIENTED_EDGE('',*,*,#5759,.F.);
#7570=ORIENTED_EDGE('',*,*,#5763,.T.);
#7571=ORIENTED_EDGE('',*,*,#5478,.T.);
#7572=ORIENTED_EDGE('',*,*,#5764,.T.);
#7573=ORIENTED_EDGE('',*,*,#5765,.T.);
#7574=ORIENTED_EDGE('',*,*,#5766,.T.);
#7575=ORIENTED_EDGE('',*,*,#5470,.T.);
#7576=ORIENTED_EDGE('',*,*,#5767,.T.);
#7577=ORIENTED_EDGE('',*,*,#5768,.T.);
#7578=ORIENTED_EDGE('',*,*,#5767,.F.);
#7579=ORIENTED_EDGE('',*,*,#5485,.T.);
#7580=ORIENTED_EDGE('',*,*,#5769,.T.);
#7581=ORIENTED_EDGE('',*,*,#5770,.T.);
#7582=ORIENTED_EDGE('',*,*,#5771,.T.);
#7583=ORIENTED_EDGE('',*,*,#5769,.F.);
#7584=ORIENTED_EDGE('',*,*,#5484,.T.);
#7585=ORIENTED_EDGE('',*,*,#5772,.T.);
#7586=ORIENTED_EDGE('',*,*,#5766,.F.);
#7587=ORIENTED_EDGE('',*,*,#5773,.T.);
#7588=ORIENTED_EDGE('',*,*,#5774,.T.);
#7589=ORIENTED_EDGE('',*,*,#5471,.T.);
#7590=ORIENTED_EDGE('',*,*,#5774,.F.);
#7591=ORIENTED_EDGE('',*,*,#5775,.T.);
#7592=ORIENTED_EDGE('',*,*,#5776,.T.);
#7593=ORIENTED_EDGE('',*,*,#5472,.T.);
#7594=ORIENTED_EDGE('',*,*,#5777,.T.);
#7595=ORIENTED_EDGE('',*,*,#5473,.T.);
#7596=ORIENTED_EDGE('',*,*,#5776,.F.);
#7597=ORIENTED_EDGE('',*,*,#5778,.T.);
#7598=ORIENTED_EDGE('',*,*,#5777,.F.);
#7599=ORIENTED_EDGE('',*,*,#5779,.T.);
#7600=ORIENTED_EDGE('',*,*,#5780,.T.);
#7601=ORIENTED_EDGE('',*,*,#5474,.T.);
#7602=ORIENTED_EDGE('',*,*,#5475,.T.);
#7603=ORIENTED_EDGE('',*,*,#5780,.F.);
#7604=ORIENTED_EDGE('',*,*,#5781,.T.);
#7605=ORIENTED_EDGE('',*,*,#5782,.F.);
#7606=ORIENTED_EDGE('',*,*,#5763,.F.);
#7607=ORIENTED_EDGE('',*,*,#5783,.T.);
#7608=ORIENTED_EDGE('',*,*,#5784,.T.);
#7609=ORIENTED_EDGE('',*,*,#5479,.T.);
#7610=ORIENTED_EDGE('',*,*,#5784,.F.);
#7611=ORIENTED_EDGE('',*,*,#5785,.T.);
#7612=ORIENTED_EDGE('',*,*,#5786,.T.);
#7613=ORIENTED_EDGE('',*,*,#5480,.T.);
#7614=ORIENTED_EDGE('',*,*,#5787,.T.);
#7615=ORIENTED_EDGE('',*,*,#5481,.T.);
#7616=ORIENTED_EDGE('',*,*,#5786,.F.);
#7617=ORIENTED_EDGE('',*,*,#5788,.T.);
#7618=ORIENTED_EDGE('',*,*,#5787,.F.);
#7619=ORIENTED_EDGE('',*,*,#5789,.T.);
#7620=ORIENTED_EDGE('',*,*,#5790,.T.);
#7621=ORIENTED_EDGE('',*,*,#5482,.T.);
#7622=ORIENTED_EDGE('',*,*,#5483,.T.);
#7623=ORIENTED_EDGE('',*,*,#5790,.F.);
#7624=ORIENTED_EDGE('',*,*,#5791,.T.);
#7625=ORIENTED_EDGE('',*,*,#5772,.F.);
#7626=ORIENTED_EDGE('',*,*,#5764,.F.);
#7627=ORIENTED_EDGE('',*,*,#5477,.T.);
#7628=ORIENTED_EDGE('',*,*,#5792,.T.);
#7629=ORIENTED_EDGE('',*,*,#5793,.T.);
#7630=ORIENTED_EDGE('',*,*,#5794,.T.);
#7631=ORIENTED_EDGE('',*,*,#5792,.F.);
#7632=ORIENTED_EDGE('',*,*,#5476,.T.);
#7633=ORIENTED_EDGE('',*,*,#5782,.T.);
#7634=ORIENTED_EDGE('',*,*,#5793,.F.);
#7635=ORIENTED_EDGE('',*,*,#5795,.F.);
#7636=ORIENTED_EDGE('',*,*,#5796,.F.);
#7637=ORIENTED_EDGE('',*,*,#5797,.F.);
#7638=ORIENTED_EDGE('',*,*,#5794,.F.);
#7639=ORIENTED_EDGE('',*,*,#5798,.F.);
#7640=ORIENTED_EDGE('',*,*,#5799,.F.);
#7641=ORIENTED_EDGE('',*,*,#5795,.T.);
#7642=ORIENTED_EDGE('',*,*,#5781,.F.);
#7643=ORIENTED_EDGE('',*,*,#5800,.F.);
#7644=ORIENTED_EDGE('',*,*,#5801,.F.);
#7645=ORIENTED_EDGE('',*,*,#5798,.T.);
#7646=ORIENTED_EDGE('',*,*,#5779,.F.);
#7647=ORIENTED_EDGE('',*,*,#5802,.T.);
#7648=ORIENTED_EDGE('',*,*,#5803,.T.);
#7649=ORIENTED_EDGE('',*,*,#5800,.T.);
#7650=ORIENTED_EDGE('',*,*,#5778,.F.);
#7651=ORIENTED_EDGE('',*,*,#5804,.F.);
#7652=ORIENTED_EDGE('',*,*,#5805,.F.);
#7653=ORIENTED_EDGE('',*,*,#5802,.F.);
#7654=ORIENTED_EDGE('',*,*,#5775,.F.);
#7655=ORIENTED_EDGE('',*,*,#5806,.T.);
#7656=ORIENTED_EDGE('',*,*,#5807,.T.);
#7657=ORIENTED_EDGE('',*,*,#5804,.T.);
#7658=ORIENTED_EDGE('',*,*,#5773,.F.);
#7659=ORIENTED_EDGE('',*,*,#5808,.T.);
#7660=ORIENTED_EDGE('',*,*,#5809,.F.);
#7661=ORIENTED_EDGE('',*,*,#5806,.F.);
#7662=ORIENTED_EDGE('',*,*,#5768,.F.);
#7663=ORIENTED_EDGE('',*,*,#5810,.T.);
#7664=ORIENTED_EDGE('',*,*,#5811,.F.);
#7665=ORIENTED_EDGE('',*,*,#5808,.F.);
#7666=ORIENTED_EDGE('',*,*,#5812,.T.);
#7667=ORIENTED_EDGE('',*,*,#5334,.T.);
#7668=ORIENTED_EDGE('',*,*,#5813,.T.);
#7669=ORIENTED_EDGE('',*,*,#5814,.T.);
#7670=ORIENTED_EDGE('',*,*,#5815,.T.);
#7671=ORIENTED_EDGE('',*,*,#5326,.T.);
#7672=ORIENTED_EDGE('',*,*,#5816,.T.);
#7673=ORIENTED_EDGE('',*,*,#5817,.T.);
#7674=ORIENTED_EDGE('',*,*,#5816,.F.);
#7675=ORIENTED_EDGE('',*,*,#5341,.T.);
#7676=ORIENTED_EDGE('',*,*,#5818,.T.);
#7677=ORIENTED_EDGE('',*,*,#5819,.T.);
#7678=ORIENTED_EDGE('',*,*,#5820,.T.);
#7679=ORIENTED_EDGE('',*,*,#5818,.F.);
#7680=ORIENTED_EDGE('',*,*,#5340,.T.);
#7681=ORIENTED_EDGE('',*,*,#5821,.T.);
#7682=ORIENTED_EDGE('',*,*,#5815,.F.);
#7683=ORIENTED_EDGE('',*,*,#5822,.T.);
#7684=ORIENTED_EDGE('',*,*,#5823,.T.);
#7685=ORIENTED_EDGE('',*,*,#5327,.T.);
#7686=ORIENTED_EDGE('',*,*,#5823,.F.);
#7687=ORIENTED_EDGE('',*,*,#5824,.T.);
#7688=ORIENTED_EDGE('',*,*,#5825,.T.);
#7689=ORIENTED_EDGE('',*,*,#5328,.T.);
#7690=ORIENTED_EDGE('',*,*,#5826,.T.);
#7691=ORIENTED_EDGE('',*,*,#5329,.T.);
#7692=ORIENTED_EDGE('',*,*,#5825,.F.);
#7693=ORIENTED_EDGE('',*,*,#5827,.T.);
#7694=ORIENTED_EDGE('',*,*,#5826,.F.);
#7695=ORIENTED_EDGE('',*,*,#5828,.T.);
#7696=ORIENTED_EDGE('',*,*,#5829,.T.);
#7697=ORIENTED_EDGE('',*,*,#5330,.T.);
#7698=ORIENTED_EDGE('',*,*,#5331,.T.);
#7699=ORIENTED_EDGE('',*,*,#5829,.F.);
#7700=ORIENTED_EDGE('',*,*,#5830,.T.);
#7701=ORIENTED_EDGE('',*,*,#5831,.F.);
#7702=ORIENTED_EDGE('',*,*,#5812,.F.);
#7703=ORIENTED_EDGE('',*,*,#5832,.T.);
#7704=ORIENTED_EDGE('',*,*,#5833,.T.);
#7705=ORIENTED_EDGE('',*,*,#5335,.T.);
#7706=ORIENTED_EDGE('',*,*,#5833,.F.);
#7707=ORIENTED_EDGE('',*,*,#5834,.T.);
#7708=ORIENTED_EDGE('',*,*,#5835,.T.);
#7709=ORIENTED_EDGE('',*,*,#5336,.T.);
#7710=ORIENTED_EDGE('',*,*,#5836,.T.);
#7711=ORIENTED_EDGE('',*,*,#5337,.T.);
#7712=ORIENTED_EDGE('',*,*,#5835,.F.);
#7713=ORIENTED_EDGE('',*,*,#5837,.T.);
#7714=ORIENTED_EDGE('',*,*,#5836,.F.);
#7715=ORIENTED_EDGE('',*,*,#5838,.T.);
#7716=ORIENTED_EDGE('',*,*,#5839,.T.);
#7717=ORIENTED_EDGE('',*,*,#5338,.T.);
#7718=ORIENTED_EDGE('',*,*,#5339,.T.);
#7719=ORIENTED_EDGE('',*,*,#5839,.F.);
#7720=ORIENTED_EDGE('',*,*,#5840,.T.);
#7721=ORIENTED_EDGE('',*,*,#5821,.F.);
#7722=ORIENTED_EDGE('',*,*,#5813,.F.);
#7723=ORIENTED_EDGE('',*,*,#5333,.T.);
#7724=ORIENTED_EDGE('',*,*,#5841,.T.);
#7725=ORIENTED_EDGE('',*,*,#5842,.T.);
#7726=ORIENTED_EDGE('',*,*,#5843,.T.);
#7727=ORIENTED_EDGE('',*,*,#5841,.F.);
#7728=ORIENTED_EDGE('',*,*,#5332,.T.);
#7729=ORIENTED_EDGE('',*,*,#5831,.T.);
#7730=ORIENTED_EDGE('',*,*,#5842,.F.);
#7731=ORIENTED_EDGE('',*,*,#5844,.F.);
#7732=ORIENTED_EDGE('',*,*,#5845,.F.);
#7733=ORIENTED_EDGE('',*,*,#5846,.F.);
#7734=ORIENTED_EDGE('',*,*,#5843,.F.);
#7735=ORIENTED_EDGE('',*,*,#5847,.F.);
#7736=ORIENTED_EDGE('',*,*,#5848,.F.);
#7737=ORIENTED_EDGE('',*,*,#5844,.T.);
#7738=ORIENTED_EDGE('',*,*,#5830,.F.);
#7739=ORIENTED_EDGE('',*,*,#5849,.F.);
#7740=ORIENTED_EDGE('',*,*,#5850,.F.);
#7741=ORIENTED_EDGE('',*,*,#5847,.T.);
#7742=ORIENTED_EDGE('',*,*,#5828,.F.);
#7743=ORIENTED_EDGE('',*,*,#5851,.T.);
#7744=ORIENTED_EDGE('',*,*,#5852,.T.);
#7745=ORIENTED_EDGE('',*,*,#5849,.T.);
#7746=ORIENTED_EDGE('',*,*,#5827,.F.);
#7747=ORIENTED_EDGE('',*,*,#5853,.F.);
#7748=ORIENTED_EDGE('',*,*,#5854,.F.);
#7749=ORIENTED_EDGE('',*,*,#5851,.F.);
#7750=ORIENTED_EDGE('',*,*,#5824,.F.);
#7751=ORIENTED_EDGE('',*,*,#5855,.T.);
#7752=ORIENTED_EDGE('',*,*,#5856,.T.);
#7753=ORIENTED_EDGE('',*,*,#5853,.T.);
#7754=ORIENTED_EDGE('',*,*,#5822,.F.);
#7755=ORIENTED_EDGE('',*,*,#5857,.T.);
#7756=ORIENTED_EDGE('',*,*,#5858,.F.);
#7757=ORIENTED_EDGE('',*,*,#5855,.F.);
#7758=ORIENTED_EDGE('',*,*,#5817,.F.);
#7759=ORIENTED_EDGE('',*,*,#5859,.T.);
#7760=ORIENTED_EDGE('',*,*,#5860,.F.);
#7761=ORIENTED_EDGE('',*,*,#5857,.F.);
#7762=ORIENTED_EDGE('',*,*,#5861,.T.);
#7763=ORIENTED_EDGE('',*,*,#5462,.T.);
#7764=ORIENTED_EDGE('',*,*,#5862,.T.);
#7765=ORIENTED_EDGE('',*,*,#5863,.T.);
#7766=ORIENTED_EDGE('',*,*,#5862,.F.);
#7767=ORIENTED_EDGE('',*,*,#5461,.T.);
#7768=ORIENTED_EDGE('',*,*,#5864,.T.);
#7769=ORIENTED_EDGE('',*,*,#5865,.T.);
#7770=ORIENTED_EDGE('',*,*,#5866,.T.);
#7771=ORIENTED_EDGE('',*,*,#5864,.F.);
#7772=ORIENTED_EDGE('',*,*,#5460,.T.);
#7773=ORIENTED_EDGE('',*,*,#5867,.T.);
#7774=ORIENTED_EDGE('',*,*,#5868,.T.);
#7775=ORIENTED_EDGE('',*,*,#5454,.T.);
#7776=ORIENTED_EDGE('',*,*,#5869,.T.);
#7777=ORIENTED_EDGE('',*,*,#5870,.T.);
#7778=ORIENTED_EDGE('',*,*,#5868,.F.);
#7779=ORIENTED_EDGE('',*,*,#5871,.T.);
#7780=ORIENTED_EDGE('',*,*,#5872,.T.);
#7781=ORIENTED_EDGE('',*,*,#5455,.T.);
#7782=ORIENTED_EDGE('',*,*,#5872,.F.);
#7783=ORIENTED_EDGE('',*,*,#5873,.T.);
#7784=ORIENTED_EDGE('',*,*,#5874,.T.);
#7785=ORIENTED_EDGE('',*,*,#5456,.T.);
#7786=ORIENTED_EDGE('',*,*,#5875,.T.);
#7787=ORIENTED_EDGE('',*,*,#5457,.T.);
#7788=ORIENTED_EDGE('',*,*,#5874,.F.);
#7789=ORIENTED_EDGE('',*,*,#5876,.T.);
#7790=ORIENTED_EDGE('',*,*,#5875,.F.);
#7791=ORIENTED_EDGE('',*,*,#5877,.T.);
#7792=ORIENTED_EDGE('',*,*,#5878,.T.);
#7793=ORIENTED_EDGE('',*,*,#5458,.T.);
#7794=ORIENTED_EDGE('',*,*,#5459,.T.);
#7795=ORIENTED_EDGE('',*,*,#5878,.F.);
#7796=ORIENTED_EDGE('',*,*,#5879,.T.);
#7797=ORIENTED_EDGE('',*,*,#5867,.F.);
#7798=ORIENTED_EDGE('',*,*,#5869,.F.);
#7799=ORIENTED_EDGE('',*,*,#5469,.T.);
#7800=ORIENTED_EDGE('',*,*,#5880,.T.);
#7801=ORIENTED_EDGE('',*,*,#5881,.T.);
#7802=ORIENTED_EDGE('',*,*,#5882,.T.);
#7803=ORIENTED_EDGE('',*,*,#5880,.F.);
#7804=ORIENTED_EDGE('',*,*,#5468,.T.);
#7805=ORIENTED_EDGE('',*,*,#5883,.T.);
#7806=ORIENTED_EDGE('',*,*,#5861,.F.);
#7807=ORIENTED_EDGE('',*,*,#5884,.T.);
#7808=ORIENTED_EDGE('',*,*,#5885,.T.);
#7809=ORIENTED_EDGE('',*,*,#5463,.T.);
#7810=ORIENTED_EDGE('',*,*,#5885,.F.);
#7811=ORIENTED_EDGE('',*,*,#5886,.T.);
#7812=ORIENTED_EDGE('',*,*,#5887,.T.);
#7813=ORIENTED_EDGE('',*,*,#5464,.T.);
#7814=ORIENTED_EDGE('',*,*,#5888,.T.);
#7815=ORIENTED_EDGE('',*,*,#5465,.T.);
#7816=ORIENTED_EDGE('',*,*,#5887,.F.);
#7817=ORIENTED_EDGE('',*,*,#5889,.T.);
#7818=ORIENTED_EDGE('',*,*,#5888,.F.);
#7819=ORIENTED_EDGE('',*,*,#5890,.T.);
#7820=ORIENTED_EDGE('',*,*,#5891,.T.);
#7821=ORIENTED_EDGE('',*,*,#5466,.T.);
#7822=ORIENTED_EDGE('',*,*,#5467,.T.);
#7823=ORIENTED_EDGE('',*,*,#5891,.F.);
#7824=ORIENTED_EDGE('',*,*,#5892,.T.);
#7825=ORIENTED_EDGE('',*,*,#5883,.F.);
#7826=ORIENTED_EDGE('',*,*,#5865,.F.);
#7827=ORIENTED_EDGE('',*,*,#5893,.F.);
#7828=ORIENTED_EDGE('',*,*,#5894,.F.);
#7829=ORIENTED_EDGE('',*,*,#5895,.F.);
#7830=ORIENTED_EDGE('',*,*,#5866,.F.);
#7831=ORIENTED_EDGE('',*,*,#5896,.F.);
#7832=ORIENTED_EDGE('',*,*,#5897,.F.);
#7833=ORIENTED_EDGE('',*,*,#5893,.T.);
#7834=ORIENTED_EDGE('',*,*,#5879,.F.);
#7835=ORIENTED_EDGE('',*,*,#5898,.F.);
#7836=ORIENTED_EDGE('',*,*,#5899,.F.);
#7837=ORIENTED_EDGE('',*,*,#5896,.T.);
#7838=ORIENTED_EDGE('',*,*,#5877,.F.);
#7839=ORIENTED_EDGE('',*,*,#5900,.T.);
#7840=ORIENTED_EDGE('',*,*,#5901,.T.);
#7841=ORIENTED_EDGE('',*,*,#5898,.T.);
#7842=ORIENTED_EDGE('',*,*,#5876,.F.);
#7843=ORIENTED_EDGE('',*,*,#5902,.F.);
#7844=ORIENTED_EDGE('',*,*,#5903,.F.);
#7845=ORIENTED_EDGE('',*,*,#5900,.F.);
#7846=ORIENTED_EDGE('',*,*,#5873,.F.);
#7847=ORIENTED_EDGE('',*,*,#5904,.T.);
#7848=ORIENTED_EDGE('',*,*,#5905,.T.);
#7849=ORIENTED_EDGE('',*,*,#5902,.T.);
#7850=ORIENTED_EDGE('',*,*,#5871,.F.);
#7851=ORIENTED_EDGE('',*,*,#5906,.T.);
#7852=ORIENTED_EDGE('',*,*,#5907,.F.);
#7853=ORIENTED_EDGE('',*,*,#5904,.F.);
#7854=ORIENTED_EDGE('',*,*,#5870,.F.);
#7855=ORIENTED_EDGE('',*,*,#5908,.T.);
#7856=ORIENTED_EDGE('',*,*,#5909,.F.);
#7857=ORIENTED_EDGE('',*,*,#5906,.F.);
#7858=ORIENTED_EDGE('',*,*,#5910,.T.);
#7859=ORIENTED_EDGE('',*,*,#5350,.T.);
#7860=ORIENTED_EDGE('',*,*,#5911,.T.);
#7861=ORIENTED_EDGE('',*,*,#5912,.T.);
#7862=ORIENTED_EDGE('',*,*,#5911,.F.);
#7863=ORIENTED_EDGE('',*,*,#5349,.T.);
#7864=ORIENTED_EDGE('',*,*,#5913,.T.);
#7865=ORIENTED_EDGE('',*,*,#5914,.T.);
#7866=ORIENTED_EDGE('',*,*,#5915,.T.);
#7867=ORIENTED_EDGE('',*,*,#5913,.F.);
#7868=ORIENTED_EDGE('',*,*,#5348,.T.);
#7869=ORIENTED_EDGE('',*,*,#5916,.T.);
#7870=ORIENTED_EDGE('',*,*,#5917,.T.);
#7871=ORIENTED_EDGE('',*,*,#5342,.T.);
#7872=ORIENTED_EDGE('',*,*,#5918,.T.);
#7873=ORIENTED_EDGE('',*,*,#5919,.T.);
#7874=ORIENTED_EDGE('',*,*,#5917,.F.);
#7875=ORIENTED_EDGE('',*,*,#5920,.T.);
#7876=ORIENTED_EDGE('',*,*,#5921,.T.);
#7877=ORIENTED_EDGE('',*,*,#5343,.T.);
#7878=ORIENTED_EDGE('',*,*,#5921,.F.);
#7879=ORIENTED_EDGE('',*,*,#5922,.T.);
#7880=ORIENTED_EDGE('',*,*,#5923,.T.);
#7881=ORIENTED_EDGE('',*,*,#5344,.T.);
#7882=ORIENTED_EDGE('',*,*,#5924,.T.);
#7883=ORIENTED_EDGE('',*,*,#5345,.T.);
#7884=ORIENTED_EDGE('',*,*,#5923,.F.);
#7885=ORIENTED_EDGE('',*,*,#5925,.T.);
#7886=ORIENTED_EDGE('',*,*,#5924,.F.);
#7887=ORIENTED_EDGE('',*,*,#5926,.T.);
#7888=ORIENTED_EDGE('',*,*,#5927,.T.);
#7889=ORIENTED_EDGE('',*,*,#5346,.T.);
#7890=ORIENTED_EDGE('',*,*,#5347,.T.);
#7891=ORIENTED_EDGE('',*,*,#5927,.F.);
#7892=ORIENTED_EDGE('',*,*,#5928,.T.);
#7893=ORIENTED_EDGE('',*,*,#5916,.F.);
#7894=ORIENTED_EDGE('',*,*,#5918,.F.);
#7895=ORIENTED_EDGE('',*,*,#5357,.T.);
#7896=ORIENTED_EDGE('',*,*,#5929,.T.);
#7897=ORIENTED_EDGE('',*,*,#5930,.T.);
#7898=ORIENTED_EDGE('',*,*,#5931,.T.);
#7899=ORIENTED_EDGE('',*,*,#5929,.F.);
#7900=ORIENTED_EDGE('',*,*,#5356,.T.);
#7901=ORIENTED_EDGE('',*,*,#5932,.T.);
#7902=ORIENTED_EDGE('',*,*,#5910,.F.);
#7903=ORIENTED_EDGE('',*,*,#5933,.T.);
#7904=ORIENTED_EDGE('',*,*,#5934,.T.);
#7905=ORIENTED_EDGE('',*,*,#5351,.T.);
#7906=ORIENTED_EDGE('',*,*,#5934,.F.);
#7907=ORIENTED_EDGE('',*,*,#5935,.T.);
#7908=ORIENTED_EDGE('',*,*,#5936,.T.);
#7909=ORIENTED_EDGE('',*,*,#5352,.T.);
#7910=ORIENTED_EDGE('',*,*,#5937,.T.);
#7911=ORIENTED_EDGE('',*,*,#5353,.T.);
#7912=ORIENTED_EDGE('',*,*,#5936,.F.);
#7913=ORIENTED_EDGE('',*,*,#5938,.T.);
#7914=ORIENTED_EDGE('',*,*,#5937,.F.);
#7915=ORIENTED_EDGE('',*,*,#5939,.T.);
#7916=ORIENTED_EDGE('',*,*,#5940,.T.);
#7917=ORIENTED_EDGE('',*,*,#5354,.T.);
#7918=ORIENTED_EDGE('',*,*,#5355,.T.);
#7919=ORIENTED_EDGE('',*,*,#5940,.F.);
#7920=ORIENTED_EDGE('',*,*,#5941,.T.);
#7921=ORIENTED_EDGE('',*,*,#5932,.F.);
#7922=ORIENTED_EDGE('',*,*,#5914,.F.);
#7923=ORIENTED_EDGE('',*,*,#5942,.F.);
#7924=ORIENTED_EDGE('',*,*,#5943,.F.);
#7925=ORIENTED_EDGE('',*,*,#5944,.F.);
#7926=ORIENTED_EDGE('',*,*,#5915,.F.);
#7927=ORIENTED_EDGE('',*,*,#5945,.F.);
#7928=ORIENTED_EDGE('',*,*,#5946,.F.);
#7929=ORIENTED_EDGE('',*,*,#5942,.T.);
#7930=ORIENTED_EDGE('',*,*,#5928,.F.);
#7931=ORIENTED_EDGE('',*,*,#5947,.F.);
#7932=ORIENTED_EDGE('',*,*,#5948,.F.);
#7933=ORIENTED_EDGE('',*,*,#5945,.T.);
#7934=ORIENTED_EDGE('',*,*,#5926,.F.);
#7935=ORIENTED_EDGE('',*,*,#5949,.T.);
#7936=ORIENTED_EDGE('',*,*,#5950,.T.);
#7937=ORIENTED_EDGE('',*,*,#5947,.T.);
#7938=ORIENTED_EDGE('',*,*,#5925,.F.);
#7939=ORIENTED_EDGE('',*,*,#5951,.F.);
#7940=ORIENTED_EDGE('',*,*,#5952,.F.);
#7941=ORIENTED_EDGE('',*,*,#5949,.F.);
#7942=ORIENTED_EDGE('',*,*,#5922,.F.);
#7943=ORIENTED_EDGE('',*,*,#5953,.T.);
#7944=ORIENTED_EDGE('',*,*,#5954,.T.);
#7945=ORIENTED_EDGE('',*,*,#5951,.T.);
#7946=ORIENTED_EDGE('',*,*,#5920,.F.);
#7947=ORIENTED_EDGE('',*,*,#5955,.T.);
#7948=ORIENTED_EDGE('',*,*,#5956,.F.);
#7949=ORIENTED_EDGE('',*,*,#5953,.F.);
#7950=ORIENTED_EDGE('',*,*,#5919,.F.);
#7951=ORIENTED_EDGE('',*,*,#5957,.T.);
#7952=ORIENTED_EDGE('',*,*,#5958,.F.);
#7953=ORIENTED_EDGE('',*,*,#5955,.F.);
#7954=ORIENTED_EDGE('',*,*,#5959,.T.);
#7955=ORIENTED_EDGE('',*,*,#5446,.T.);
#7956=ORIENTED_EDGE('',*,*,#5960,.T.);
#7957=ORIENTED_EDGE('',*,*,#5961,.T.);
#7958=ORIENTED_EDGE('',*,*,#5960,.F.);
#7959=ORIENTED_EDGE('',*,*,#5445,.T.);
#7960=ORIENTED_EDGE('',*,*,#5962,.T.);
#7961=ORIENTED_EDGE('',*,*,#5963,.T.);
#7962=ORIENTED_EDGE('',*,*,#5964,.T.);
#7963=ORIENTED_EDGE('',*,*,#5962,.F.);
#7964=ORIENTED_EDGE('',*,*,#5444,.T.);
#7965=ORIENTED_EDGE('',*,*,#5965,.T.);
#7966=ORIENTED_EDGE('',*,*,#5966,.T.);
#7967=ORIENTED_EDGE('',*,*,#5438,.T.);
#7968=ORIENTED_EDGE('',*,*,#5967,.T.);
#7969=ORIENTED_EDGE('',*,*,#5968,.T.);
#7970=ORIENTED_EDGE('',*,*,#5966,.F.);
#7971=ORIENTED_EDGE('',*,*,#5969,.T.);
#7972=ORIENTED_EDGE('',*,*,#5970,.T.);
#7973=ORIENTED_EDGE('',*,*,#5439,.T.);
#7974=ORIENTED_EDGE('',*,*,#5970,.F.);
#7975=ORIENTED_EDGE('',*,*,#5971,.T.);
#7976=ORIENTED_EDGE('',*,*,#5972,.T.);
#7977=ORIENTED_EDGE('',*,*,#5440,.T.);
#7978=ORIENTED_EDGE('',*,*,#5973,.T.);
#7979=ORIENTED_EDGE('',*,*,#5441,.T.);
#7980=ORIENTED_EDGE('',*,*,#5972,.F.);
#7981=ORIENTED_EDGE('',*,*,#5974,.T.);
#7982=ORIENTED_EDGE('',*,*,#5973,.F.);
#7983=ORIENTED_EDGE('',*,*,#5975,.T.);
#7984=ORIENTED_EDGE('',*,*,#5976,.T.);
#7985=ORIENTED_EDGE('',*,*,#5442,.T.);
#7986=ORIENTED_EDGE('',*,*,#5443,.T.);
#7987=ORIENTED_EDGE('',*,*,#5976,.F.);
#7988=ORIENTED_EDGE('',*,*,#5977,.T.);
#7989=ORIENTED_EDGE('',*,*,#5965,.F.);
#7990=ORIENTED_EDGE('',*,*,#5967,.F.);
#7991=ORIENTED_EDGE('',*,*,#5453,.T.);
#7992=ORIENTED_EDGE('',*,*,#5978,.T.);
#7993=ORIENTED_EDGE('',*,*,#5979,.T.);
#7994=ORIENTED_EDGE('',*,*,#5980,.T.);
#7995=ORIENTED_EDGE('',*,*,#5978,.F.);
#7996=ORIENTED_EDGE('',*,*,#5452,.T.);
#7997=ORIENTED_EDGE('',*,*,#5981,.T.);
#7998=ORIENTED_EDGE('',*,*,#5959,.F.);
#7999=ORIENTED_EDGE('',*,*,#5982,.T.);
#8000=ORIENTED_EDGE('',*,*,#5983,.T.);
#8001=ORIENTED_EDGE('',*,*,#5447,.T.);
#8002=ORIENTED_EDGE('',*,*,#5983,.F.);
#8003=ORIENTED_EDGE('',*,*,#5984,.T.);
#8004=ORIENTED_EDGE('',*,*,#5985,.T.);
#8005=ORIENTED_EDGE('',*,*,#5448,.T.);
#8006=ORIENTED_EDGE('',*,*,#5986,.T.);
#8007=ORIENTED_EDGE('',*,*,#5449,.T.);
#8008=ORIENTED_EDGE('',*,*,#5985,.F.);
#8009=ORIENTED_EDGE('',*,*,#5987,.T.);
#8010=ORIENTED_EDGE('',*,*,#5986,.F.);
#8011=ORIENTED_EDGE('',*,*,#5988,.T.);
#8012=ORIENTED_EDGE('',*,*,#5989,.T.);
#8013=ORIENTED_EDGE('',*,*,#5450,.T.);
#8014=ORIENTED_EDGE('',*,*,#5451,.T.);
#8015=ORIENTED_EDGE('',*,*,#5989,.F.);
#8016=ORIENTED_EDGE('',*,*,#5990,.T.);
#8017=ORIENTED_EDGE('',*,*,#5981,.F.);
#8018=ORIENTED_EDGE('',*,*,#5963,.F.);
#8019=ORIENTED_EDGE('',*,*,#5991,.F.);
#8020=ORIENTED_EDGE('',*,*,#5992,.F.);
#8021=ORIENTED_EDGE('',*,*,#5993,.F.);
#8022=ORIENTED_EDGE('',*,*,#5964,.F.);
#8023=ORIENTED_EDGE('',*,*,#5994,.F.);
#8024=ORIENTED_EDGE('',*,*,#5995,.F.);
#8025=ORIENTED_EDGE('',*,*,#5991,.T.);
#8026=ORIENTED_EDGE('',*,*,#5977,.F.);
#8027=ORIENTED_EDGE('',*,*,#5996,.F.);
#8028=ORIENTED_EDGE('',*,*,#5997,.F.);
#8029=ORIENTED_EDGE('',*,*,#5994,.T.);
#8030=ORIENTED_EDGE('',*,*,#5975,.F.);
#8031=ORIENTED_EDGE('',*,*,#5998,.T.);
#8032=ORIENTED_EDGE('',*,*,#5999,.T.);
#8033=ORIENTED_EDGE('',*,*,#5996,.T.);
#8034=ORIENTED_EDGE('',*,*,#5974,.F.);
#8035=ORIENTED_EDGE('',*,*,#6000,.F.);
#8036=ORIENTED_EDGE('',*,*,#6001,.F.);
#8037=ORIENTED_EDGE('',*,*,#5998,.F.);
#8038=ORIENTED_EDGE('',*,*,#5971,.F.);
#8039=ORIENTED_EDGE('',*,*,#6002,.T.);
#8040=ORIENTED_EDGE('',*,*,#6003,.T.);
#8041=ORIENTED_EDGE('',*,*,#6000,.T.);
#8042=ORIENTED_EDGE('',*,*,#5969,.F.);
#8043=ORIENTED_EDGE('',*,*,#6004,.T.);
#8044=ORIENTED_EDGE('',*,*,#6005,.F.);
#8045=ORIENTED_EDGE('',*,*,#6002,.F.);
#8046=ORIENTED_EDGE('',*,*,#5968,.F.);
#8047=ORIENTED_EDGE('',*,*,#6006,.T.);
#8048=ORIENTED_EDGE('',*,*,#6007,.F.);
#8049=ORIENTED_EDGE('',*,*,#6004,.F.);
#8050=ORIENTED_EDGE('',*,*,#6008,.T.);
#8051=ORIENTED_EDGE('',*,*,#5365,.T.);
#8052=ORIENTED_EDGE('',*,*,#6009,.T.);
#8053=ORIENTED_EDGE('',*,*,#6010,.T.);
#8054=ORIENTED_EDGE('',*,*,#6011,.T.);
#8055=ORIENTED_EDGE('',*,*,#6012,.T.);
#8056=ORIENTED_EDGE('',*,*,#5358,.T.);
#8057=ORIENTED_EDGE('',*,*,#6013,.T.);
#8058=ORIENTED_EDGE('',*,*,#5373,.T.);
#8059=ORIENTED_EDGE('',*,*,#6014,.T.);
#8060=ORIENTED_EDGE('',*,*,#6015,.T.);
#8061=ORIENTED_EDGE('',*,*,#6013,.F.);
#8062=ORIENTED_EDGE('',*,*,#6014,.F.);
#8063=ORIENTED_EDGE('',*,*,#5372,.T.);
#8064=ORIENTED_EDGE('',*,*,#6016,.T.);
#8065=ORIENTED_EDGE('',*,*,#6017,.T.);
#8066=ORIENTED_EDGE('',*,*,#6018,.T.);
#8067=ORIENTED_EDGE('',*,*,#6016,.F.);
#8068=ORIENTED_EDGE('',*,*,#5371,.T.);
#8069=ORIENTED_EDGE('',*,*,#6019,.T.);
#8070=ORIENTED_EDGE('',*,*,#6012,.F.);
#8071=ORIENTED_EDGE('',*,*,#6020,.T.);
#8072=ORIENTED_EDGE('',*,*,#6021,.T.);
#8073=ORIENTED_EDGE('',*,*,#5359,.T.);
#8074=ORIENTED_EDGE('',*,*,#6022,.T.);
#8075=ORIENTED_EDGE('',*,*,#5360,.T.);
#8076=ORIENTED_EDGE('',*,*,#6021,.F.);
#8077=ORIENTED_EDGE('',*,*,#6023,.T.);
#8078=ORIENTED_EDGE('',*,*,#6022,.F.);
#8079=ORIENTED_EDGE('',*,*,#6024,.T.);
#8080=ORIENTED_EDGE('',*,*,#6025,.T.);
#8081=ORIENTED_EDGE('',*,*,#5361,.T.);
#8082=ORIENTED_EDGE('',*,*,#5362,.T.);
#8083=ORIENTED_EDGE('',*,*,#6025,.F.);
#8084=ORIENTED_EDGE('',*,*,#6026,.T.);
#8085=ORIENTED_EDGE('',*,*,#6027,.F.);
#8086=ORIENTED_EDGE('',*,*,#6008,.F.);
#8087=ORIENTED_EDGE('',*,*,#6028,.T.);
#8088=ORIENTED_EDGE('',*,*,#6029,.T.);
#8089=ORIENTED_EDGE('',*,*,#5366,.T.);
#8090=ORIENTED_EDGE('',*,*,#6029,.F.);
#8091=ORIENTED_EDGE('',*,*,#6030,.T.);
#8092=ORIENTED_EDGE('',*,*,#6031,.T.);
#8093=ORIENTED_EDGE('',*,*,#5367,.T.);
#8094=ORIENTED_EDGE('',*,*,#6032,.T.);
#8095=ORIENTED_EDGE('',*,*,#5368,.T.);
#8096=ORIENTED_EDGE('',*,*,#6031,.F.);
#8097=ORIENTED_EDGE('',*,*,#6033,.T.);
#8098=ORIENTED_EDGE('',*,*,#6032,.F.);
#8099=ORIENTED_EDGE('',*,*,#6034,.T.);
#8100=ORIENTED_EDGE('',*,*,#6035,.T.);
#8101=ORIENTED_EDGE('',*,*,#5369,.T.);
#8102=ORIENTED_EDGE('',*,*,#5370,.T.);
#8103=ORIENTED_EDGE('',*,*,#6035,.F.);
#8104=ORIENTED_EDGE('',*,*,#6036,.T.);
#8105=ORIENTED_EDGE('',*,*,#6019,.F.);
#8106=ORIENTED_EDGE('',*,*,#6009,.F.);
#8107=ORIENTED_EDGE('',*,*,#5364,.T.);
#8108=ORIENTED_EDGE('',*,*,#6037,.T.);
#8109=ORIENTED_EDGE('',*,*,#6038,.T.);
#8110=ORIENTED_EDGE('',*,*,#6039,.T.);
#8111=ORIENTED_EDGE('',*,*,#6037,.F.);
#8112=ORIENTED_EDGE('',*,*,#5363,.T.);
#8113=ORIENTED_EDGE('',*,*,#6027,.T.);
#8114=ORIENTED_EDGE('',*,*,#6010,.F.);
#8115=ORIENTED_EDGE('',*,*,#6040,.T.);
#8116=ORIENTED_EDGE('',*,*,#6041,.F.);
#8117=ORIENTED_EDGE('',*,*,#6042,.F.);
#8118=ORIENTED_EDGE('',*,*,#6038,.F.);
#8119=ORIENTED_EDGE('',*,*,#6043,.F.);
#8120=ORIENTED_EDGE('',*,*,#6044,.F.);
#8121=ORIENTED_EDGE('',*,*,#6040,.F.);
#8122=ORIENTED_EDGE('',*,*,#6039,.F.);
#8123=ORIENTED_EDGE('',*,*,#6045,.F.);
#8124=ORIENTED_EDGE('',*,*,#6046,.F.);
#8125=ORIENTED_EDGE('',*,*,#6043,.T.);
#8126=ORIENTED_EDGE('',*,*,#6026,.F.);
#8127=ORIENTED_EDGE('',*,*,#6047,.F.);
#8128=ORIENTED_EDGE('',*,*,#6048,.F.);
#8129=ORIENTED_EDGE('',*,*,#6045,.T.);
#8130=ORIENTED_EDGE('',*,*,#6024,.F.);
#8131=ORIENTED_EDGE('',*,*,#6049,.T.);
#8132=ORIENTED_EDGE('',*,*,#6050,.T.);
#8133=ORIENTED_EDGE('',*,*,#6047,.T.);
#8134=ORIENTED_EDGE('',*,*,#6023,.F.);
#8135=ORIENTED_EDGE('',*,*,#6051,.F.);
#8136=ORIENTED_EDGE('',*,*,#6052,.F.);
#8137=ORIENTED_EDGE('',*,*,#6049,.F.);
#8138=ORIENTED_EDGE('',*,*,#6020,.F.);
#8139=ORIENTED_EDGE('',*,*,#6053,.T.);
#8140=ORIENTED_EDGE('',*,*,#6054,.T.);
#8141=ORIENTED_EDGE('',*,*,#6051,.T.);
#8142=ORIENTED_EDGE('',*,*,#6011,.F.);
#8143=ORIENTED_EDGE('',*,*,#6055,.T.);
#8144=ORIENTED_EDGE('',*,*,#6056,.F.);
#8145=ORIENTED_EDGE('',*,*,#6053,.F.);
#8146=ORIENTED_EDGE('',*,*,#6057,.T.);
#8147=ORIENTED_EDGE('',*,*,#5430,.T.);
#8148=ORIENTED_EDGE('',*,*,#6058,.T.);
#8149=ORIENTED_EDGE('',*,*,#6059,.T.);
#8150=ORIENTED_EDGE('',*,*,#6060,.T.);
#8151=ORIENTED_EDGE('',*,*,#5422,.T.);
#8152=ORIENTED_EDGE('',*,*,#6061,.T.);
#8153=ORIENTED_EDGE('',*,*,#6062,.T.);
#8154=ORIENTED_EDGE('',*,*,#6061,.F.);
#8155=ORIENTED_EDGE('',*,*,#5437,.T.);
#8156=ORIENTED_EDGE('',*,*,#6063,.T.);
#8157=ORIENTED_EDGE('',*,*,#6064,.T.);
#8158=ORIENTED_EDGE('',*,*,#6065,.T.);
#8159=ORIENTED_EDGE('',*,*,#6063,.F.);
#8160=ORIENTED_EDGE('',*,*,#5436,.T.);
#8161=ORIENTED_EDGE('',*,*,#6066,.T.);
#8162=ORIENTED_EDGE('',*,*,#6060,.F.);
#8163=ORIENTED_EDGE('',*,*,#6067,.T.);
#8164=ORIENTED_EDGE('',*,*,#6068,.T.);
#8165=ORIENTED_EDGE('',*,*,#5423,.T.);
#8166=ORIENTED_EDGE('',*,*,#6068,.F.);
#8167=ORIENTED_EDGE('',*,*,#6069,.T.);
#8168=ORIENTED_EDGE('',*,*,#6070,.T.);
#8169=ORIENTED_EDGE('',*,*,#5424,.T.);
#8170=ORIENTED_EDGE('',*,*,#6071,.T.);
#8171=ORIENTED_EDGE('',*,*,#5425,.T.);
#8172=ORIENTED_EDGE('',*,*,#6070,.F.);
#8173=ORIENTED_EDGE('',*,*,#6072,.T.);
#8174=ORIENTED_EDGE('',*,*,#6071,.F.);
#8175=ORIENTED_EDGE('',*,*,#6073,.T.);
#8176=ORIENTED_EDGE('',*,*,#6074,.T.);
#8177=ORIENTED_EDGE('',*,*,#5426,.T.);
#8178=ORIENTED_EDGE('',*,*,#5427,.T.);
#8179=ORIENTED_EDGE('',*,*,#6074,.F.);
#8180=ORIENTED_EDGE('',*,*,#6075,.T.);
#8181=ORIENTED_EDGE('',*,*,#6076,.F.);
#8182=ORIENTED_EDGE('',*,*,#6057,.F.);
#8183=ORIENTED_EDGE('',*,*,#6077,.T.);
#8184=ORIENTED_EDGE('',*,*,#6078,.T.);
#8185=ORIENTED_EDGE('',*,*,#5431,.T.);
#8186=ORIENTED_EDGE('',*,*,#6078,.F.);
#8187=ORIENTED_EDGE('',*,*,#6079,.T.);
#8188=ORIENTED_EDGE('',*,*,#6080,.T.);
#8189=ORIENTED_EDGE('',*,*,#5432,.T.);
#8190=ORIENTED_EDGE('',*,*,#6081,.T.);
#8191=ORIENTED_EDGE('',*,*,#5433,.T.);
#8192=ORIENTED_EDGE('',*,*,#6080,.F.);
#8193=ORIENTED_EDGE('',*,*,#6082,.T.);
#8194=ORIENTED_EDGE('',*,*,#6081,.F.);
#8195=ORIENTED_EDGE('',*,*,#6083,.T.);
#8196=ORIENTED_EDGE('',*,*,#6084,.T.);
#8197=ORIENTED_EDGE('',*,*,#5434,.T.);
#8198=ORIENTED_EDGE('',*,*,#5435,.T.);
#8199=ORIENTED_EDGE('',*,*,#6084,.F.);
#8200=ORIENTED_EDGE('',*,*,#6085,.T.);
#8201=ORIENTED_EDGE('',*,*,#6066,.F.);
#8202=ORIENTED_EDGE('',*,*,#6058,.F.);
#8203=ORIENTED_EDGE('',*,*,#5429,.T.);
#8204=ORIENTED_EDGE('',*,*,#6086,.T.);
#8205=ORIENTED_EDGE('',*,*,#6087,.T.);
#8206=ORIENTED_EDGE('',*,*,#6088,.T.);
#8207=ORIENTED_EDGE('',*,*,#6086,.F.);
#8208=ORIENTED_EDGE('',*,*,#5428,.T.);
#8209=ORIENTED_EDGE('',*,*,#6076,.T.);
#8210=ORIENTED_EDGE('',*,*,#6087,.F.);
#8211=ORIENTED_EDGE('',*,*,#6089,.F.);
#8212=ORIENTED_EDGE('',*,*,#6090,.F.);
#8213=ORIENTED_EDGE('',*,*,#6091,.F.);
#8214=ORIENTED_EDGE('',*,*,#6088,.F.);
#8215=ORIENTED_EDGE('',*,*,#6092,.F.);
#8216=ORIENTED_EDGE('',*,*,#6093,.F.);
#8217=ORIENTED_EDGE('',*,*,#6089,.T.);
#8218=ORIENTED_EDGE('',*,*,#6075,.F.);
#8219=ORIENTED_EDGE('',*,*,#6094,.F.);
#8220=ORIENTED_EDGE('',*,*,#6095,.F.);
#8221=ORIENTED_EDGE('',*,*,#6092,.T.);
#8222=ORIENTED_EDGE('',*,*,#6073,.F.);
#8223=ORIENTED_EDGE('',*,*,#6096,.T.);
#8224=ORIENTED_EDGE('',*,*,#6097,.T.);
#8225=ORIENTED_EDGE('',*,*,#6094,.T.);
#8226=ORIENTED_EDGE('',*,*,#6072,.F.);
#8227=ORIENTED_EDGE('',*,*,#6098,.F.);
#8228=ORIENTED_EDGE('',*,*,#6099,.F.);
#8229=ORIENTED_EDGE('',*,*,#6096,.F.);
#8230=ORIENTED_EDGE('',*,*,#6069,.F.);
#8231=ORIENTED_EDGE('',*,*,#6100,.T.);
#8232=ORIENTED_EDGE('',*,*,#6101,.T.);
#8233=ORIENTED_EDGE('',*,*,#6098,.T.);
#8234=ORIENTED_EDGE('',*,*,#6067,.F.);
#8235=ORIENTED_EDGE('',*,*,#6102,.T.);
#8236=ORIENTED_EDGE('',*,*,#6103,.F.);
#8237=ORIENTED_EDGE('',*,*,#6100,.F.);
#8238=ORIENTED_EDGE('',*,*,#6062,.F.);
#8239=ORIENTED_EDGE('',*,*,#6104,.T.);
#8240=ORIENTED_EDGE('',*,*,#6105,.F.);
#8241=ORIENTED_EDGE('',*,*,#6102,.F.);
#8242=ORIENTED_EDGE('',*,*,#6106,.T.);
#8243=ORIENTED_EDGE('',*,*,#5381,.T.);
#8244=ORIENTED_EDGE('',*,*,#6107,.T.);
#8245=ORIENTED_EDGE('',*,*,#6108,.T.);
#8246=ORIENTED_EDGE('',*,*,#6107,.F.);
#8247=ORIENTED_EDGE('',*,*,#5380,.T.);
#8248=ORIENTED_EDGE('',*,*,#6109,.T.);
#8249=ORIENTED_EDGE('',*,*,#6110,.T.);
#8250=ORIENTED_EDGE('',*,*,#6111,.T.);
#8251=ORIENTED_EDGE('',*,*,#6109,.F.);
#8252=ORIENTED_EDGE('',*,*,#5379,.T.);
#8253=ORIENTED_EDGE('',*,*,#6112,.T.);
#8254=ORIENTED_EDGE('',*,*,#6106,.F.);
#8255=ORIENTED_EDGE('',*,*,#6113,.T.);
#8256=ORIENTED_EDGE('',*,*,#6114,.T.);
#8257=ORIENTED_EDGE('',*,*,#5382,.T.);
#8258=ORIENTED_EDGE('',*,*,#6114,.F.);
#8259=ORIENTED_EDGE('',*,*,#6115,.T.);
#8260=ORIENTED_EDGE('',*,*,#6116,.T.);
#8261=ORIENTED_EDGE('',*,*,#5383,.T.);
#8262=ORIENTED_EDGE('',*,*,#6117,.T.);
#8263=ORIENTED_EDGE('',*,*,#5384,.T.);
#8264=ORIENTED_EDGE('',*,*,#6116,.F.);
#8265=ORIENTED_EDGE('',*,*,#6118,.T.);
#8266=ORIENTED_EDGE('',*,*,#6117,.F.);
#8267=ORIENTED_EDGE('',*,*,#6119,.T.);
#8268=ORIENTED_EDGE('',*,*,#6120,.T.);
#8269=ORIENTED_EDGE('',*,*,#5385,.T.);
#8270=ORIENTED_EDGE('',*,*,#5386,.T.);
#8271=ORIENTED_EDGE('',*,*,#6120,.F.);
#8272=ORIENTED_EDGE('',*,*,#6121,.T.);
#8273=ORIENTED_EDGE('',*,*,#6122,.F.);
#8274=ORIENTED_EDGE('',*,*,#6123,.T.);
#8275=ORIENTED_EDGE('',*,*,#6124,.T.);
#8276=ORIENTED_EDGE('',*,*,#5374,.T.);
#8277=ORIENTED_EDGE('',*,*,#6125,.T.);
#8278=ORIENTED_EDGE('',*,*,#6124,.F.);
#8279=ORIENTED_EDGE('',*,*,#6126,.T.);
#8280=ORIENTED_EDGE('',*,*,#6127,.T.);
#8281=ORIENTED_EDGE('',*,*,#5375,.T.);
#8282=ORIENTED_EDGE('',*,*,#6128,.T.);
#8283=ORIENTED_EDGE('',*,*,#5376,.T.);
#8284=ORIENTED_EDGE('',*,*,#6127,.F.);
#8285=ORIENTED_EDGE('',*,*,#6129,.T.);
#8286=ORIENTED_EDGE('',*,*,#6128,.F.);
#8287=ORIENTED_EDGE('',*,*,#6130,.T.);
#8288=ORIENTED_EDGE('',*,*,#6131,.T.);
#8289=ORIENTED_EDGE('',*,*,#5377,.T.);
#8290=ORIENTED_EDGE('',*,*,#5378,.T.);
#8291=ORIENTED_EDGE('',*,*,#6131,.F.);
#8292=ORIENTED_EDGE('',*,*,#6132,.T.);
#8293=ORIENTED_EDGE('',*,*,#6112,.F.);
#8294=ORIENTED_EDGE('',*,*,#5389,.T.);
#8295=ORIENTED_EDGE('',*,*,#6133,.T.);
#8296=ORIENTED_EDGE('',*,*,#6134,.T.);
#8297=ORIENTED_EDGE('',*,*,#6125,.F.);
#8298=ORIENTED_EDGE('',*,*,#6133,.F.);
#8299=ORIENTED_EDGE('',*,*,#5388,.T.);
#8300=ORIENTED_EDGE('',*,*,#6135,.T.);
#8301=ORIENTED_EDGE('',*,*,#6136,.T.);
#8302=ORIENTED_EDGE('',*,*,#6137,.T.);
#8303=ORIENTED_EDGE('',*,*,#6135,.F.);
#8304=ORIENTED_EDGE('',*,*,#5387,.T.);
#8305=ORIENTED_EDGE('',*,*,#6122,.T.);
#8306=ORIENTED_EDGE('',*,*,#6108,.F.);
#8307=ORIENTED_EDGE('',*,*,#6138,.T.);
#8308=ORIENTED_EDGE('',*,*,#6139,.F.);
#8309=ORIENTED_EDGE('',*,*,#6140,.F.);
#8310=ORIENTED_EDGE('',*,*,#6110,.F.);
#8311=ORIENTED_EDGE('',*,*,#6141,.F.);
#8312=ORIENTED_EDGE('',*,*,#6142,.F.);
#8313=ORIENTED_EDGE('',*,*,#6138,.F.);
#8314=ORIENTED_EDGE('',*,*,#6111,.F.);
#8315=ORIENTED_EDGE('',*,*,#6143,.F.);
#8316=ORIENTED_EDGE('',*,*,#6144,.F.);
#8317=ORIENTED_EDGE('',*,*,#6141,.T.);
#8318=ORIENTED_EDGE('',*,*,#6132,.F.);
#8319=ORIENTED_EDGE('',*,*,#6145,.F.);
#8320=ORIENTED_EDGE('',*,*,#6146,.F.);
#8321=ORIENTED_EDGE('',*,*,#6143,.T.);
#8322=ORIENTED_EDGE('',*,*,#6130,.F.);
#8323=ORIENTED_EDGE('',*,*,#6147,.T.);
#8324=ORIENTED_EDGE('',*,*,#6148,.T.);
#8325=ORIENTED_EDGE('',*,*,#6145,.T.);
#8326=ORIENTED_EDGE('',*,*,#6129,.F.);
#8327=ORIENTED_EDGE('',*,*,#6149,.F.);
#8328=ORIENTED_EDGE('',*,*,#6150,.F.);
#8329=ORIENTED_EDGE('',*,*,#6147,.F.);
#8330=ORIENTED_EDGE('',*,*,#6126,.F.);
#8331=ORIENTED_EDGE('',*,*,#6151,.T.);
#8332=ORIENTED_EDGE('',*,*,#6152,.T.);
#8333=ORIENTED_EDGE('',*,*,#6149,.T.);
#8334=ORIENTED_EDGE('',*,*,#6123,.F.);
#8335=ORIENTED_EDGE('',*,*,#6153,.T.);
#8336=ORIENTED_EDGE('',*,*,#6154,.F.);
#8337=ORIENTED_EDGE('',*,*,#6151,.F.);
#8338=ORIENTED_EDGE('',*,*,#6155,.T.);
#8339=ORIENTED_EDGE('',*,*,#5413,.T.);
#8340=ORIENTED_EDGE('',*,*,#6156,.T.);
#8341=ORIENTED_EDGE('',*,*,#6157,.T.);
#8342=ORIENTED_EDGE('',*,*,#6156,.F.);
#8343=ORIENTED_EDGE('',*,*,#5412,.T.);
#8344=ORIENTED_EDGE('',*,*,#6158,.T.);
#8345=ORIENTED_EDGE('',*,*,#6159,.T.);
#8346=ORIENTED_EDGE('',*,*,#6160,.T.);
#8347=ORIENTED_EDGE('',*,*,#6158,.F.);
#8348=ORIENTED_EDGE('',*,*,#5411,.T.);
#8349=ORIENTED_EDGE('',*,*,#6161,.T.);
#8350=ORIENTED_EDGE('',*,*,#6155,.F.);
#8351=ORIENTED_EDGE('',*,*,#6162,.T.);
#8352=ORIENTED_EDGE('',*,*,#6163,.T.);
#8353=ORIENTED_EDGE('',*,*,#5414,.T.);
#8354=ORIENTED_EDGE('',*,*,#6163,.F.);
#8355=ORIENTED_EDGE('',*,*,#6164,.T.);
#8356=ORIENTED_EDGE('',*,*,#6165,.T.);
#8357=ORIENTED_EDGE('',*,*,#5415,.T.);
#8358=ORIENTED_EDGE('',*,*,#6166,.T.);
#8359=ORIENTED_EDGE('',*,*,#5416,.T.);
#8360=ORIENTED_EDGE('',*,*,#6165,.F.);
#8361=ORIENTED_EDGE('',*,*,#6167,.T.);
#8362=ORIENTED_EDGE('',*,*,#6166,.F.);
#8363=ORIENTED_EDGE('',*,*,#6168,.T.);
#8364=ORIENTED_EDGE('',*,*,#6169,.T.);
#8365=ORIENTED_EDGE('',*,*,#5417,.T.);
#8366=ORIENTED_EDGE('',*,*,#5418,.T.);
#8367=ORIENTED_EDGE('',*,*,#6169,.F.);
#8368=ORIENTED_EDGE('',*,*,#6170,.T.);
#8369=ORIENTED_EDGE('',*,*,#6171,.F.);
#8370=ORIENTED_EDGE('',*,*,#6172,.T.);
#8371=ORIENTED_EDGE('',*,*,#6173,.T.);
#8372=ORIENTED_EDGE('',*,*,#5406,.T.);
#8373=ORIENTED_EDGE('',*,*,#6174,.T.);
#8374=ORIENTED_EDGE('',*,*,#6173,.F.);
#8375=ORIENTED_EDGE('',*,*,#6175,.T.);
#8376=ORIENTED_EDGE('',*,*,#6176,.T.);
#8377=ORIENTED_EDGE('',*,*,#5407,.T.);
#8378=ORIENTED_EDGE('',*,*,#6177,.T.);
#8379=ORIENTED_EDGE('',*,*,#5408,.T.);
#8380=ORIENTED_EDGE('',*,*,#6176,.F.);
#8381=ORIENTED_EDGE('',*,*,#6178,.T.);
#8382=ORIENTED_EDGE('',*,*,#6177,.F.);
#8383=ORIENTED_EDGE('',*,*,#6179,.T.);
#8384=ORIENTED_EDGE('',*,*,#6180,.T.);
#8385=ORIENTED_EDGE('',*,*,#5409,.T.);
#8386=ORIENTED_EDGE('',*,*,#5410,.T.);
#8387=ORIENTED_EDGE('',*,*,#6180,.F.);
#8388=ORIENTED_EDGE('',*,*,#6181,.T.);
#8389=ORIENTED_EDGE('',*,*,#6161,.F.);
#8390=ORIENTED_EDGE('',*,*,#5421,.T.);
#8391=ORIENTED_EDGE('',*,*,#6182,.T.);
#8392=ORIENTED_EDGE('',*,*,#6183,.T.);
#8393=ORIENTED_EDGE('',*,*,#6174,.F.);
#8394=ORIENTED_EDGE('',*,*,#6182,.F.);
#8395=ORIENTED_EDGE('',*,*,#5420,.T.);
#8396=ORIENTED_EDGE('',*,*,#6184,.T.);
#8397=ORIENTED_EDGE('',*,*,#6185,.T.);
#8398=ORIENTED_EDGE('',*,*,#6186,.T.);
#8399=ORIENTED_EDGE('',*,*,#6184,.F.);
#8400=ORIENTED_EDGE('',*,*,#5419,.T.);
#8401=ORIENTED_EDGE('',*,*,#6171,.T.);
#8402=ORIENTED_EDGE('',*,*,#6157,.F.);
#8403=ORIENTED_EDGE('',*,*,#6187,.T.);
#8404=ORIENTED_EDGE('',*,*,#6188,.F.);
#8405=ORIENTED_EDGE('',*,*,#6189,.F.);
#8406=ORIENTED_EDGE('',*,*,#6159,.F.);
#8407=ORIENTED_EDGE('',*,*,#6190,.F.);
#8408=ORIENTED_EDGE('',*,*,#6191,.F.);
#8409=ORIENTED_EDGE('',*,*,#6187,.F.);
#8410=ORIENTED_EDGE('',*,*,#6160,.F.);
#8411=ORIENTED_EDGE('',*,*,#6192,.F.);
#8412=ORIENTED_EDGE('',*,*,#6193,.F.);
#8413=ORIENTED_EDGE('',*,*,#6190,.T.);
#8414=ORIENTED_EDGE('',*,*,#6181,.F.);
#8415=ORIENTED_EDGE('',*,*,#6194,.F.);
#8416=ORIENTED_EDGE('',*,*,#6195,.F.);
#8417=ORIENTED_EDGE('',*,*,#6192,.T.);
#8418=ORIENTED_EDGE('',*,*,#6179,.F.);
#8419=ORIENTED_EDGE('',*,*,#6196,.T.);
#8420=ORIENTED_EDGE('',*,*,#6197,.T.);
#8421=ORIENTED_EDGE('',*,*,#6194,.T.);
#8422=ORIENTED_EDGE('',*,*,#6178,.F.);
#8423=ORIENTED_EDGE('',*,*,#6198,.F.);
#8424=ORIENTED_EDGE('',*,*,#6199,.F.);
#8425=ORIENTED_EDGE('',*,*,#6196,.F.);
#8426=ORIENTED_EDGE('',*,*,#6175,.F.);
#8427=ORIENTED_EDGE('',*,*,#6200,.T.);
#8428=ORIENTED_EDGE('',*,*,#6201,.T.);
#8429=ORIENTED_EDGE('',*,*,#6198,.T.);
#8430=ORIENTED_EDGE('',*,*,#6172,.F.);
#8431=ORIENTED_EDGE('',*,*,#6202,.T.);
#8432=ORIENTED_EDGE('',*,*,#6203,.F.);
#8433=ORIENTED_EDGE('',*,*,#6200,.F.);
#8434=ORIENTED_EDGE('',*,*,#6204,.T.);
#8435=ORIENTED_EDGE('',*,*,#5397,.T.);
#8436=ORIENTED_EDGE('',*,*,#6205,.T.);
#8437=ORIENTED_EDGE('',*,*,#6206,.T.);
#8438=ORIENTED_EDGE('',*,*,#6205,.F.);
#8439=ORIENTED_EDGE('',*,*,#5396,.T.);
#8440=ORIENTED_EDGE('',*,*,#6207,.T.);
#8441=ORIENTED_EDGE('',*,*,#6208,.T.);
#8442=ORIENTED_EDGE('',*,*,#6209,.T.);
#8443=ORIENTED_EDGE('',*,*,#6207,.F.);
#8444=ORIENTED_EDGE('',*,*,#5395,.T.);
#8445=ORIENTED_EDGE('',*,*,#6210,.T.);
#8446=ORIENTED_EDGE('',*,*,#6204,.F.);
#8447=ORIENTED_EDGE('',*,*,#6211,.T.);
#8448=ORIENTED_EDGE('',*,*,#6212,.T.);
#8449=ORIENTED_EDGE('',*,*,#5398,.T.);
#8450=ORIENTED_EDGE('',*,*,#6212,.F.);
#8451=ORIENTED_EDGE('',*,*,#6213,.T.);
#8452=ORIENTED_EDGE('',*,*,#6214,.T.);
#8453=ORIENTED_EDGE('',*,*,#5399,.T.);
#8454=ORIENTED_EDGE('',*,*,#6215,.T.);
#8455=ORIENTED_EDGE('',*,*,#5400,.T.);
#8456=ORIENTED_EDGE('',*,*,#6214,.F.);
#8457=ORIENTED_EDGE('',*,*,#6216,.T.);
#8458=ORIENTED_EDGE('',*,*,#6215,.F.);
#8459=ORIENTED_EDGE('',*,*,#6217,.T.);
#8460=ORIENTED_EDGE('',*,*,#6218,.T.);
#8461=ORIENTED_EDGE('',*,*,#5401,.T.);
#8462=ORIENTED_EDGE('',*,*,#5402,.T.);
#8463=ORIENTED_EDGE('',*,*,#6218,.F.);
#8464=ORIENTED_EDGE('',*,*,#6219,.T.);
#8465=ORIENTED_EDGE('',*,*,#6220,.F.);
#8466=ORIENTED_EDGE('',*,*,#6221,.T.);
#8467=ORIENTED_EDGE('',*,*,#6222,.T.);
#8468=ORIENTED_EDGE('',*,*,#5390,.T.);
#8469=ORIENTED_EDGE('',*,*,#6223,.T.);
#8470=ORIENTED_EDGE('',*,*,#6222,.F.);
#8471=ORIENTED_EDGE('',*,*,#6224,.T.);
#8472=ORIENTED_EDGE('',*,*,#6225,.T.);
#8473=ORIENTED_EDGE('',*,*,#5391,.T.);
#8474=ORIENTED_EDGE('',*,*,#6226,.T.);
#8475=ORIENTED_EDGE('',*,*,#5392,.T.);
#8476=ORIENTED_EDGE('',*,*,#6225,.F.);
#8477=ORIENTED_EDGE('',*,*,#6227,.T.);
#8478=ORIENTED_EDGE('',*,*,#6226,.F.);
#8479=ORIENTED_EDGE('',*,*,#6228,.T.);
#8480=ORIENTED_EDGE('',*,*,#6229,.T.);
#8481=ORIENTED_EDGE('',*,*,#5393,.T.);
#8482=ORIENTED_EDGE('',*,*,#5394,.T.);
#8483=ORIENTED_EDGE('',*,*,#6229,.F.);
#8484=ORIENTED_EDGE('',*,*,#6230,.T.);
#8485=ORIENTED_EDGE('',*,*,#6210,.F.);
#8486=ORIENTED_EDGE('',*,*,#5405,.T.);
#8487=ORIENTED_EDGE('',*,*,#6231,.T.);
#8488=ORIENTED_EDGE('',*,*,#6232,.T.);
#8489=ORIENTED_EDGE('',*,*,#6223,.F.);
#8490=ORIENTED_EDGE('',*,*,#6231,.F.);
#8491=ORIENTED_EDGE('',*,*,#5404,.T.);
#8492=ORIENTED_EDGE('',*,*,#6233,.T.);
#8493=ORIENTED_EDGE('',*,*,#6234,.T.);
#8494=ORIENTED_EDGE('',*,*,#6235,.T.);
#8495=ORIENTED_EDGE('',*,*,#6233,.F.);
#8496=ORIENTED_EDGE('',*,*,#5403,.T.);
#8497=ORIENTED_EDGE('',*,*,#6220,.T.);
#8498=ORIENTED_EDGE('',*,*,#6206,.F.);
#8499=ORIENTED_EDGE('',*,*,#6236,.T.);
#8500=ORIENTED_EDGE('',*,*,#6237,.F.);
#8501=ORIENTED_EDGE('',*,*,#6238,.F.);
#8502=ORIENTED_EDGE('',*,*,#6208,.F.);
#8503=ORIENTED_EDGE('',*,*,#6239,.F.);
#8504=ORIENTED_EDGE('',*,*,#6240,.F.);
#8505=ORIENTED_EDGE('',*,*,#6236,.F.);
#8506=ORIENTED_EDGE('',*,*,#6209,.F.);
#8507=ORIENTED_EDGE('',*,*,#6241,.F.);
#8508=ORIENTED_EDGE('',*,*,#6242,.F.);
#8509=ORIENTED_EDGE('',*,*,#6239,.T.);
#8510=ORIENTED_EDGE('',*,*,#6230,.F.);
#8511=ORIENTED_EDGE('',*,*,#6243,.F.);
#8512=ORIENTED_EDGE('',*,*,#6244,.F.);
#8513=ORIENTED_EDGE('',*,*,#6241,.T.);
#8514=ORIENTED_EDGE('',*,*,#6228,.F.);
#8515=ORIENTED_EDGE('',*,*,#6245,.T.);
#8516=ORIENTED_EDGE('',*,*,#6246,.T.);
#8517=ORIENTED_EDGE('',*,*,#6243,.T.);
#8518=ORIENTED_EDGE('',*,*,#6227,.F.);
#8519=ORIENTED_EDGE('',*,*,#6247,.F.);
#8520=ORIENTED_EDGE('',*,*,#6248,.F.);
#8521=ORIENTED_EDGE('',*,*,#6245,.F.);
#8522=ORIENTED_EDGE('',*,*,#6224,.F.);
#8523=ORIENTED_EDGE('',*,*,#6249,.T.);
#8524=ORIENTED_EDGE('',*,*,#6250,.T.);
#8525=ORIENTED_EDGE('',*,*,#6247,.T.);
#8526=ORIENTED_EDGE('',*,*,#6221,.F.);
#8527=ORIENTED_EDGE('',*,*,#6251,.T.);
#8528=ORIENTED_EDGE('',*,*,#6252,.F.);
#8529=ORIENTED_EDGE('',*,*,#6249,.F.);
#8530=ORIENTED_EDGE('',*,*,#6253,.F.);
#8531=ORIENTED_EDGE('',*,*,#6254,.F.);
#8532=ORIENTED_EDGE('',*,*,#6255,.F.);
#8533=ORIENTED_EDGE('',*,*,#6256,.T.);
#8534=ORIENTED_EDGE('',*,*,#6257,.F.);
#8535=ORIENTED_EDGE('',*,*,#6256,.F.);
#8536=ORIENTED_EDGE('',*,*,#6258,.F.);
#8537=ORIENTED_EDGE('',*,*,#6259,.T.);
#8538=ORIENTED_EDGE('',*,*,#6260,.F.);
#8539=ORIENTED_EDGE('',*,*,#6259,.F.);
#8540=ORIENTED_EDGE('',*,*,#6261,.F.);
#8541=ORIENTED_EDGE('',*,*,#6262,.F.);
#8542=ORIENTED_EDGE('',*,*,#6261,.T.);
#8543=ORIENTED_EDGE('',*,*,#6258,.T.);
#8544=ORIENTED_EDGE('',*,*,#6255,.T.);
#8545=ORIENTED_EDGE('',*,*,#6263,.F.);
#8546=ORIENTED_EDGE('',*,*,#6264,.T.);
#8547=ORIENTED_EDGE('',*,*,#5271,.F.);
#8548=ORIENTED_EDGE('',*,*,#6265,.F.);
#8549=ORIENTED_EDGE('',*,*,#6266,.F.);
#8550=ORIENTED_EDGE('',*,*,#6262,.T.);
#8551=ORIENTED_EDGE('',*,*,#6266,.T.);
#8552=ORIENTED_EDGE('',*,*,#6267,.T.);
#8553=ORIENTED_EDGE('',*,*,#6268,.T.);
#8554=ORIENTED_EDGE('',*,*,#6269,.T.);
#8555=ORIENTED_EDGE('',*,*,#6270,.T.);
#8556=ORIENTED_EDGE('',*,*,#6271,.T.);
#8557=ORIENTED_EDGE('',*,*,#6272,.T.);
#8558=ORIENTED_EDGE('',*,*,#6273,.T.);
#8559=ORIENTED_EDGE('',*,*,#6263,.T.);
#8560=ORIENTED_EDGE('',*,*,#6254,.T.);
#8561=ORIENTED_EDGE('',*,*,#6274,.T.);
#8562=ORIENTED_EDGE('',*,*,#6275,.T.);
#8563=ORIENTED_EDGE('',*,*,#6276,.T.);
#8564=ORIENTED_EDGE('',*,*,#6277,.F.);
#8565=ORIENTED_EDGE('',*,*,#6278,.T.);
#8566=ORIENTED_EDGE('',*,*,#6279,.F.);
#8567=ORIENTED_EDGE('',*,*,#6280,.T.);
#8568=ORIENTED_EDGE('',*,*,#6281,.T.);
#8569=ORIENTED_EDGE('',*,*,#6282,.T.);
#8570=ORIENTED_EDGE('',*,*,#6283,.T.);
#8571=ORIENTED_EDGE('',*,*,#6284,.T.);
#8572=ORIENTED_EDGE('',*,*,#6285,.T.);
#8573=ORIENTED_EDGE('',*,*,#6286,.T.);
#8574=ORIENTED_EDGE('',*,*,#6287,.T.);
#8575=ORIENTED_EDGE('',*,*,#6288,.T.);
#8576=ORIENTED_EDGE('',*,*,#6289,.T.);
#8577=ORIENTED_EDGE('',*,*,#6290,.T.);
#8578=ORIENTED_EDGE('',*,*,#6291,.T.);
#8579=ORIENTED_EDGE('',*,*,#6292,.T.);
#8580=ORIENTED_EDGE('',*,*,#6293,.T.);
#8581=ORIENTED_EDGE('',*,*,#6294,.F.);
#8582=ORIENTED_EDGE('',*,*,#6295,.T.);
#8583=ORIENTED_EDGE('',*,*,#6296,.T.);
#8584=ORIENTED_EDGE('',*,*,#6297,.F.);
#8585=ORIENTED_EDGE('',*,*,#6298,.T.);
#8586=ORIENTED_EDGE('',*,*,#6299,.T.);
#8587=ORIENTED_EDGE('',*,*,#6300,.T.);
#8588=ORIENTED_EDGE('',*,*,#6301,.T.);
#8589=ORIENTED_EDGE('',*,*,#6302,.T.);
#8590=ORIENTED_EDGE('',*,*,#6303,.T.);
#8591=ORIENTED_EDGE('',*,*,#6304,.T.);
#8592=ORIENTED_EDGE('',*,*,#6305,.F.);
#8593=ORIENTED_EDGE('',*,*,#6306,.T.);
#8594=ORIENTED_EDGE('',*,*,#6307,.T.);
#8595=ORIENTED_EDGE('',*,*,#6308,.F.);
#8596=ORIENTED_EDGE('',*,*,#6309,.T.);
#8597=ORIENTED_EDGE('',*,*,#6310,.T.);
#8598=ORIENTED_EDGE('',*,*,#6311,.T.);
#8599=ORIENTED_EDGE('',*,*,#6312,.T.);
#8600=ORIENTED_EDGE('',*,*,#6313,.T.);
#8601=ORIENTED_EDGE('',*,*,#6314,.T.);
#8602=ORIENTED_EDGE('',*,*,#6315,.T.);
#8603=ORIENTED_EDGE('',*,*,#6316,.T.);
#8604=ORIENTED_EDGE('',*,*,#6317,.T.);
#8605=ORIENTED_EDGE('',*,*,#6318,.T.);
#8606=ORIENTED_EDGE('',*,*,#6319,.T.);
#8607=ORIENTED_EDGE('',*,*,#6320,.T.);
#8608=ORIENTED_EDGE('',*,*,#6321,.T.);
#8609=ORIENTED_EDGE('',*,*,#6322,.T.);
#8610=ORIENTED_EDGE('',*,*,#6323,.F.);
#8611=ORIENTED_EDGE('',*,*,#6324,.T.);
#8612=ORIENTED_EDGE('',*,*,#6325,.F.);
#8613=ORIENTED_EDGE('',*,*,#6326,.T.);
#8614=ORIENTED_EDGE('',*,*,#6327,.T.);
#8615=ORIENTED_EDGE('',*,*,#6328,.T.);
#8616=ORIENTED_EDGE('',*,*,#6329,.T.);
#8617=ORIENTED_EDGE('',*,*,#6330,.T.);
#8618=ORIENTED_EDGE('',*,*,#6331,.T.);
#8619=ORIENTED_EDGE('',*,*,#6332,.T.);
#8620=ORIENTED_EDGE('',*,*,#6333,.F.);
#8621=ORIENTED_EDGE('',*,*,#6334,.T.);
#8622=ORIENTED_EDGE('',*,*,#6334,.F.);
#8623=ORIENTED_EDGE('',*,*,#6335,.F.);
#8624=ORIENTED_EDGE('',*,*,#6336,.T.);
#8625=ORIENTED_EDGE('',*,*,#6333,.T.);
#8626=ORIENTED_EDGE('',*,*,#6336,.F.);
#8627=ORIENTED_EDGE('',*,*,#6337,.F.);
#8628=ORIENTED_EDGE('',*,*,#6338,.T.);
#8629=ORIENTED_EDGE('',*,*,#6339,.F.);
#8630=ORIENTED_EDGE('',*,*,#6340,.F.);
#8631=ORIENTED_EDGE('',*,*,#6341,.F.);
#8632=ORIENTED_EDGE('',*,*,#6342,.T.);
#8633=ORIENTED_EDGE('',*,*,#6343,.F.);
#8634=ORIENTED_EDGE('',*,*,#6344,.F.);
#8635=ORIENTED_EDGE('',*,*,#6345,.T.);
#8636=ORIENTED_EDGE('',*,*,#6343,.T.);
#8637=ORIENTED_EDGE('',*,*,#6346,.T.);
#8638=ORIENTED_EDGE('',*,*,#6339,.T.);
#8639=ORIENTED_EDGE('',*,*,#6335,.T.);
#8640=ORIENTED_EDGE('',*,*,#6347,.T.);
#8641=ORIENTED_EDGE('',*,*,#6348,.T.);
#8642=ORIENTED_EDGE('',*,*,#6349,.T.);
#8643=ORIENTED_EDGE('',*,*,#6350,.T.);
#8644=ORIENTED_EDGE('',*,*,#6351,.T.);
#8645=ORIENTED_EDGE('',*,*,#6352,.T.);
#8646=ORIENTED_EDGE('',*,*,#6353,.T.);
#8647=ORIENTED_EDGE('',*,*,#6354,.T.);
#8648=ORIENTED_EDGE('',*,*,#6355,.T.);
#8649=ORIENTED_EDGE('',*,*,#6356,.T.);
#8650=ORIENTED_EDGE('',*,*,#6357,.T.);
#8651=ORIENTED_EDGE('',*,*,#6358,.T.);
#8652=ORIENTED_EDGE('',*,*,#6359,.T.);
#8653=ORIENTED_EDGE('',*,*,#6360,.T.);
#8654=ORIENTED_EDGE('',*,*,#6361,.T.);
#8655=ORIENTED_EDGE('',*,*,#6362,.T.);
#8656=ORIENTED_EDGE('',*,*,#6363,.T.);
#8657=ORIENTED_EDGE('',*,*,#6364,.T.);
#8658=ORIENTED_EDGE('',*,*,#6365,.T.);
#8659=ORIENTED_EDGE('',*,*,#6366,.T.);
#8660=ORIENTED_EDGE('',*,*,#6367,.T.);
#8661=ORIENTED_EDGE('',*,*,#6368,.T.);
#8662=ORIENTED_EDGE('',*,*,#6369,.T.);
#8663=ORIENTED_EDGE('',*,*,#6370,.T.);
#8664=ORIENTED_EDGE('',*,*,#6371,.T.);
#8665=ORIENTED_EDGE('',*,*,#6372,.T.);
#8666=ORIENTED_EDGE('',*,*,#6373,.T.);
#8667=ORIENTED_EDGE('',*,*,#6374,.T.);
#8668=ORIENTED_EDGE('',*,*,#6375,.T.);
#8669=ORIENTED_EDGE('',*,*,#6376,.T.);
#8670=ORIENTED_EDGE('',*,*,#6377,.T.);
#8671=ORIENTED_EDGE('',*,*,#6378,.T.);
#8672=ORIENTED_EDGE('',*,*,#6379,.T.);
#8673=ORIENTED_EDGE('',*,*,#6380,.F.);
#8674=ORIENTED_EDGE('',*,*,#6381,.T.);
#8675=ORIENTED_EDGE('',*,*,#6382,.F.);
#8676=ORIENTED_EDGE('',*,*,#6383,.T.);
#8677=ORIENTED_EDGE('',*,*,#6384,.T.);
#8678=ORIENTED_EDGE('',*,*,#5649,.T.);
#8679=ORIENTED_EDGE('',*,*,#5652,.T.);
#8680=ORIENTED_EDGE('',*,*,#5654,.T.);
#8681=ORIENTED_EDGE('',*,*,#5656,.F.);
#8682=ORIENTED_EDGE('',*,*,#5658,.T.);
#8683=ORIENTED_EDGE('',*,*,#5660,.F.);
#8684=ORIENTED_EDGE('',*,*,#5662,.T.);
#8685=ORIENTED_EDGE('',*,*,#5664,.T.);
#8686=ORIENTED_EDGE('',*,*,#6385,.T.);
#8687=ORIENTED_EDGE('',*,*,#6386,.T.);
#8688=ORIENTED_EDGE('',*,*,#5850,.T.);
#8689=ORIENTED_EDGE('',*,*,#5852,.F.);
#8690=ORIENTED_EDGE('',*,*,#5854,.T.);
#8691=ORIENTED_EDGE('',*,*,#5856,.F.);
#8692=ORIENTED_EDGE('',*,*,#5858,.T.);
#8693=ORIENTED_EDGE('',*,*,#5860,.T.);
#8694=ORIENTED_EDGE('',*,*,#6387,.T.);
#8695=ORIENTED_EDGE('',*,*,#6388,.T.);
#8696=ORIENTED_EDGE('',*,*,#6389,.T.);
#8697=ORIENTED_EDGE('',*,*,#6390,.F.);
#8698=ORIENTED_EDGE('',*,*,#6391,.T.);
#8699=ORIENTED_EDGE('',*,*,#6392,.F.);
#8700=ORIENTED_EDGE('',*,*,#6393,.T.);
#8701=ORIENTED_EDGE('',*,*,#6394,.T.);
#8702=ORIENTED_EDGE('',*,*,#5845,.T.);
#8703=ORIENTED_EDGE('',*,*,#5848,.T.);
#8704=ORIENTED_EDGE('',*,*,#6048,.T.);
#8705=ORIENTED_EDGE('',*,*,#6050,.F.);
#8706=ORIENTED_EDGE('',*,*,#6052,.T.);
#8707=ORIENTED_EDGE('',*,*,#6054,.F.);
#8708=ORIENTED_EDGE('',*,*,#6056,.T.);
#8709=ORIENTED_EDGE('',*,*,#6395,.T.);
#8710=ORIENTED_EDGE('',*,*,#6396,.T.);
#8711=ORIENTED_EDGE('',*,*,#6397,.T.);
#8712=ORIENTED_EDGE('',*,*,#6398,.T.);
#8713=ORIENTED_EDGE('',*,*,#6399,.F.);
#8714=ORIENTED_EDGE('',*,*,#6400,.T.);
#8715=ORIENTED_EDGE('',*,*,#6401,.F.);
#8716=ORIENTED_EDGE('',*,*,#6402,.T.);
#8717=ORIENTED_EDGE('',*,*,#6041,.T.);
#8718=ORIENTED_EDGE('',*,*,#6044,.T.);
#8719=ORIENTED_EDGE('',*,*,#6046,.T.);
#8720=ORIENTED_EDGE('',*,*,#6237,.T.);
#8721=ORIENTED_EDGE('',*,*,#6240,.T.);
#8722=ORIENTED_EDGE('',*,*,#6242,.T.);
#8723=ORIENTED_EDGE('',*,*,#6244,.T.);
#8724=ORIENTED_EDGE('',*,*,#6246,.F.);
#8725=ORIENTED_EDGE('',*,*,#6248,.T.);
#8726=ORIENTED_EDGE('',*,*,#6250,.F.);
#8727=ORIENTED_EDGE('',*,*,#6252,.T.);
#8728=ORIENTED_EDGE('',*,*,#6403,.T.);
#8729=ORIENTED_EDGE('',*,*,#6404,.T.);
#8730=ORIENTED_EDGE('',*,*,#6405,.T.);
#8731=ORIENTED_EDGE('',*,*,#6406,.T.);
#8732=ORIENTED_EDGE('',*,*,#6407,.F.);
#8733=ORIENTED_EDGE('',*,*,#6408,.T.);
#8734=ORIENTED_EDGE('',*,*,#6409,.F.);
#8735=ORIENTED_EDGE('',*,*,#6410,.T.);
#8736=ORIENTED_EDGE('',*,*,#6188,.T.);
#8737=ORIENTED_EDGE('',*,*,#6191,.T.);
#8738=ORIENTED_EDGE('',*,*,#6193,.T.);
#8739=ORIENTED_EDGE('',*,*,#6195,.T.);
#8740=ORIENTED_EDGE('',*,*,#6197,.F.);
#8741=ORIENTED_EDGE('',*,*,#6199,.T.);
#8742=ORIENTED_EDGE('',*,*,#6201,.F.);
#8743=ORIENTED_EDGE('',*,*,#6203,.T.);
#8744=ORIENTED_EDGE('',*,*,#6411,.T.);
#8745=ORIENTED_EDGE('',*,*,#6412,.T.);
#8746=ORIENTED_EDGE('',*,*,#6413,.T.);
#8747=ORIENTED_EDGE('',*,*,#6414,.T.);
#8748=ORIENTED_EDGE('',*,*,#6415,.F.);
#8749=ORIENTED_EDGE('',*,*,#6416,.T.);
#8750=ORIENTED_EDGE('',*,*,#6417,.F.);
#8751=ORIENTED_EDGE('',*,*,#6418,.T.);
#8752=ORIENTED_EDGE('',*,*,#6139,.T.);
#8753=ORIENTED_EDGE('',*,*,#6142,.T.);
#8754=ORIENTED_EDGE('',*,*,#6144,.T.);
#8755=ORIENTED_EDGE('',*,*,#6146,.T.);
#8756=ORIENTED_EDGE('',*,*,#6148,.F.);
#8757=ORIENTED_EDGE('',*,*,#6150,.T.);
#8758=ORIENTED_EDGE('',*,*,#6152,.F.);
#8759=ORIENTED_EDGE('',*,*,#6154,.T.);
#8760=ORIENTED_EDGE('',*,*,#6419,.T.);
#8761=ORIENTED_EDGE('',*,*,#6420,.T.);
#8762=ORIENTED_EDGE('',*,*,#6421,.T.);
#8763=ORIENTED_EDGE('',*,*,#6422,.T.);
#8764=ORIENTED_EDGE('',*,*,#6423,.F.);
#8765=ORIENTED_EDGE('',*,*,#6424,.T.);
#8766=ORIENTED_EDGE('',*,*,#6425,.F.);
#8767=ORIENTED_EDGE('',*,*,#6426,.T.);
#8768=ORIENTED_EDGE('',*,*,#5811,.T.);
#8769=ORIENTED_EDGE('',*,*,#6427,.T.);
#8770=ORIENTED_EDGE('',*,*,#6428,.T.);
#8771=ORIENTED_EDGE('',*,*,#6429,.T.);
#8772=ORIENTED_EDGE('',*,*,#6430,.F.);
#8773=ORIENTED_EDGE('',*,*,#6431,.T.);
#8774=ORIENTED_EDGE('',*,*,#6432,.F.);
#8775=ORIENTED_EDGE('',*,*,#6433,.T.);
#8776=ORIENTED_EDGE('',*,*,#6434,.T.);
#8777=ORIENTED_EDGE('',*,*,#5796,.T.);
#8778=ORIENTED_EDGE('',*,*,#5799,.T.);
#8779=ORIENTED_EDGE('',*,*,#5801,.T.);
#8780=ORIENTED_EDGE('',*,*,#5803,.F.);
#8781=ORIENTED_EDGE('',*,*,#5805,.T.);
#8782=ORIENTED_EDGE('',*,*,#5807,.F.);
#8783=ORIENTED_EDGE('',*,*,#5809,.T.);
#8784=ORIENTED_EDGE('',*,*,#5600,.T.);
#8785=ORIENTED_EDGE('',*,*,#5603,.T.);
#8786=ORIENTED_EDGE('',*,*,#5605,.T.);
#8787=ORIENTED_EDGE('',*,*,#5607,.T.);
#8788=ORIENTED_EDGE('',*,*,#5609,.F.);
#8789=ORIENTED_EDGE('',*,*,#5611,.T.);
#8790=ORIENTED_EDGE('',*,*,#5613,.F.);
#8791=ORIENTED_EDGE('',*,*,#5615,.T.);
#8792=ORIENTED_EDGE('',*,*,#6435,.T.);
#8793=ORIENTED_EDGE('',*,*,#6436,.T.);
#8794=ORIENTED_EDGE('',*,*,#6437,.T.);
#8795=ORIENTED_EDGE('',*,*,#6438,.T.);
#8796=ORIENTED_EDGE('',*,*,#6439,.F.);
#8797=ORIENTED_EDGE('',*,*,#6440,.T.);
#8798=ORIENTED_EDGE('',*,*,#6441,.F.);
#8799=ORIENTED_EDGE('',*,*,#6442,.T.);
#8800=ORIENTED_EDGE('',*,*,#6341,.T.);
#8801=ORIENTED_EDGE('',*,*,#6443,.T.);
#8802=ORIENTED_EDGE('',*,*,#6444,.T.);
#8803=ORIENTED_EDGE('',*,*,#6445,.T.);
#8804=ORIENTED_EDGE('',*,*,#6446,.F.);
#8805=ORIENTED_EDGE('',*,*,#6447,.T.);
#8806=ORIENTED_EDGE('',*,*,#6448,.F.);
#8807=ORIENTED_EDGE('',*,*,#6449,.T.);
#8808=ORIENTED_EDGE('',*,*,#6450,.T.);
#8809=ORIENTED_EDGE('',*,*,#5698,.T.);
#8810=ORIENTED_EDGE('',*,*,#5701,.T.);
#8811=ORIENTED_EDGE('',*,*,#5703,.T.);
#8812=ORIENTED_EDGE('',*,*,#5705,.F.);
#8813=ORIENTED_EDGE('',*,*,#5707,.T.);
#8814=ORIENTED_EDGE('',*,*,#5709,.F.);
#8815=ORIENTED_EDGE('',*,*,#5711,.T.);
#8816=ORIENTED_EDGE('',*,*,#5713,.T.);
#8817=ORIENTED_EDGE('',*,*,#6451,.T.);
#8818=ORIENTED_EDGE('',*,*,#6337,.T.);
#8819=ORIENTED_EDGE('',*,*,#6452,.T.);
#8820=ORIENTED_EDGE('',*,*,#6453,.T.);
#8821=ORIENTED_EDGE('',*,*,#6454,.T.);
#8822=ORIENTED_EDGE('',*,*,#6455,.F.);
#8823=ORIENTED_EDGE('',*,*,#6456,.T.);
#8824=ORIENTED_EDGE('',*,*,#6457,.F.);
#8825=ORIENTED_EDGE('',*,*,#6458,.T.);
#8826=ORIENTED_EDGE('',*,*,#5747,.T.);
#8827=ORIENTED_EDGE('',*,*,#5750,.T.);
#8828=ORIENTED_EDGE('',*,*,#5752,.T.);
#8829=ORIENTED_EDGE('',*,*,#5754,.T.);
#8830=ORIENTED_EDGE('',*,*,#5756,.F.);
#8831=ORIENTED_EDGE('',*,*,#5758,.T.);
#8832=ORIENTED_EDGE('',*,*,#5760,.F.);
#8833=ORIENTED_EDGE('',*,*,#5762,.T.);
#8834=ORIENTED_EDGE('',*,*,#6459,.T.);
#8835=ORIENTED_EDGE('',*,*,#6460,.T.);
#8836=ORIENTED_EDGE('',*,*,#6461,.T.);
#8837=ORIENTED_EDGE('',*,*,#6462,.F.);
#8838=ORIENTED_EDGE('',*,*,#6463,.T.);
#8839=ORIENTED_EDGE('',*,*,#6464,.F.);
#8840=ORIENTED_EDGE('',*,*,#6465,.T.);
#8841=ORIENTED_EDGE('',*,*,#6466,.T.);
#8842=ORIENTED_EDGE('',*,*,#5894,.T.);
#8843=ORIENTED_EDGE('',*,*,#5897,.T.);
#8844=ORIENTED_EDGE('',*,*,#5899,.T.);
#8845=ORIENTED_EDGE('',*,*,#5901,.F.);
#8846=ORIENTED_EDGE('',*,*,#5903,.T.);
#8847=ORIENTED_EDGE('',*,*,#5905,.F.);
#8848=ORIENTED_EDGE('',*,*,#5907,.T.);
#8849=ORIENTED_EDGE('',*,*,#5909,.T.);
#8850=ORIENTED_EDGE('',*,*,#6467,.T.);
#8851=ORIENTED_EDGE('',*,*,#6468,.T.);
#8852=ORIENTED_EDGE('',*,*,#6469,.T.);
#8853=ORIENTED_EDGE('',*,*,#6470,.F.);
#8854=ORIENTED_EDGE('',*,*,#6471,.T.);
#8855=ORIENTED_EDGE('',*,*,#6472,.F.);
#8856=ORIENTED_EDGE('',*,*,#6473,.T.);
#8857=ORIENTED_EDGE('',*,*,#6474,.T.);
#8858=ORIENTED_EDGE('',*,*,#5992,.T.);
#8859=ORIENTED_EDGE('',*,*,#5995,.T.);
#8860=ORIENTED_EDGE('',*,*,#5997,.T.);
#8861=ORIENTED_EDGE('',*,*,#5999,.F.);
#8862=ORIENTED_EDGE('',*,*,#6001,.T.);
#8863=ORIENTED_EDGE('',*,*,#6003,.F.);
#8864=ORIENTED_EDGE('',*,*,#6005,.T.);
#8865=ORIENTED_EDGE('',*,*,#6007,.T.);
#8866=ORIENTED_EDGE('',*,*,#6475,.T.);
#8867=ORIENTED_EDGE('',*,*,#6476,.T.);
#8868=ORIENTED_EDGE('',*,*,#6477,.T.);
#8869=ORIENTED_EDGE('',*,*,#6478,.F.);
#8870=ORIENTED_EDGE('',*,*,#6479,.T.);
#8871=ORIENTED_EDGE('',*,*,#6480,.F.);
#8872=ORIENTED_EDGE('',*,*,#6481,.T.);
#8873=ORIENTED_EDGE('',*,*,#5254,.T.);
#8874=ORIENTED_EDGE('',*,*,#5257,.T.);
#8875=ORIENTED_EDGE('',*,*,#5259,.T.);
#8876=ORIENTED_EDGE('',*,*,#5261,.T.);
#8877=ORIENTED_EDGE('',*,*,#5263,.F.);
#8878=ORIENTED_EDGE('',*,*,#5265,.T.);
#8879=ORIENTED_EDGE('',*,*,#5267,.F.);
#8880=ORIENTED_EDGE('',*,*,#5269,.T.);
#8881=ORIENTED_EDGE('',*,*,#6482,.T.);
#8882=ORIENTED_EDGE('',*,*,#6483,.T.);
#8883=ORIENTED_EDGE('',*,*,#6484,.T.);
#8884=ORIENTED_EDGE('',*,*,#6485,.T.);
#8885=ORIENTED_EDGE('',*,*,#6486,.F.);
#8886=ORIENTED_EDGE('',*,*,#6487,.T.);
#8887=ORIENTED_EDGE('',*,*,#6488,.F.);
#8888=ORIENTED_EDGE('',*,*,#6489,.T.);
#8889=ORIENTED_EDGE('',*,*,#6490,.T.);
#8890=ORIENTED_EDGE('',*,*,#6090,.T.);
#8891=ORIENTED_EDGE('',*,*,#6093,.T.);
#8892=ORIENTED_EDGE('',*,*,#6095,.T.);
#8893=ORIENTED_EDGE('',*,*,#6097,.F.);
#8894=ORIENTED_EDGE('',*,*,#6099,.T.);
#8895=ORIENTED_EDGE('',*,*,#6101,.F.);
#8896=ORIENTED_EDGE('',*,*,#6103,.T.);
#8897=ORIENTED_EDGE('',*,*,#6105,.T.);
#8898=ORIENTED_EDGE('',*,*,#6491,.T.);
#8899=ORIENTED_EDGE('',*,*,#6492,.T.);
#8900=ORIENTED_EDGE('',*,*,#6493,.T.);
#8901=ORIENTED_EDGE('',*,*,#6494,.F.);
#8902=ORIENTED_EDGE('',*,*,#6495,.T.);
#8903=ORIENTED_EDGE('',*,*,#6496,.F.);
#8904=ORIENTED_EDGE('',*,*,#6497,.T.);
#8905=ORIENTED_EDGE('',*,*,#6498,.T.);
#8906=ORIENTED_EDGE('',*,*,#5943,.T.);
#8907=ORIENTED_EDGE('',*,*,#5946,.T.);
#8908=ORIENTED_EDGE('',*,*,#5948,.T.);
#8909=ORIENTED_EDGE('',*,*,#5950,.F.);
#8910=ORIENTED_EDGE('',*,*,#5952,.T.);
#8911=ORIENTED_EDGE('',*,*,#5954,.F.);
#8912=ORIENTED_EDGE('',*,*,#5956,.T.);
#8913=ORIENTED_EDGE('',*,*,#5958,.T.);
#8914=ORIENTED_EDGE('',*,*,#6499,.T.);
#8915=ORIENTED_EDGE('',*,*,#6500,.T.);
#8916=ORIENTED_EDGE('',*,*,#6501,.T.);
#8917=ORIENTED_EDGE('',*,*,#6502,.F.);
#8918=ORIENTED_EDGE('',*,*,#6503,.T.);
#8919=ORIENTED_EDGE('',*,*,#6504,.F.);
#8920=ORIENTED_EDGE('',*,*,#6505,.T.);
#8921=ORIENTED_EDGE('',*,*,#6506,.T.);
#8922=ORIENTED_EDGE('',*,*,#5551,.T.);
#8923=ORIENTED_EDGE('',*,*,#5554,.T.);
#8924=ORIENTED_EDGE('',*,*,#5556,.T.);
#8925=ORIENTED_EDGE('',*,*,#5558,.F.);
#8926=ORIENTED_EDGE('',*,*,#5560,.T.);
#8927=ORIENTED_EDGE('',*,*,#5562,.F.);
#8928=ORIENTED_EDGE('',*,*,#5564,.T.);
#8929=ORIENTED_EDGE('',*,*,#5566,.T.);
#8930=ORIENTED_EDGE('',*,*,#6507,.T.);
#8931=ORIENTED_EDGE('',*,*,#6508,.T.);
#8932=ORIENTED_EDGE('',*,*,#6509,.F.);
#8933=ORIENTED_EDGE('',*,*,#6510,.T.);
#8934=ORIENTED_EDGE('',*,*,#6510,.F.);
#8935=ORIENTED_EDGE('',*,*,#6332,.F.);
#8936=ORIENTED_EDGE('',*,*,#6511,.T.);
#8937=ORIENTED_EDGE('',*,*,#6509,.T.);
#8938=ORIENTED_EDGE('',*,*,#6511,.F.);
#8939=ORIENTED_EDGE('',*,*,#6512,.F.);
#8940=ORIENTED_EDGE('',*,*,#6513,.T.);
#8941=ORIENTED_EDGE('',*,*,#6513,.F.);
#8942=ORIENTED_EDGE('',*,*,#6331,.F.);
#8943=ORIENTED_EDGE('',*,*,#6514,.T.);
#8944=ORIENTED_EDGE('',*,*,#6512,.T.);
#8945=ORIENTED_EDGE('',*,*,#6514,.F.);
#8946=ORIENTED_EDGE('',*,*,#6515,.F.);
#8947=ORIENTED_EDGE('',*,*,#6516,.T.);
#8948=ORIENTED_EDGE('',*,*,#6516,.F.);
#8949=ORIENTED_EDGE('',*,*,#6330,.F.);
#8950=ORIENTED_EDGE('',*,*,#6517,.T.);
#8951=ORIENTED_EDGE('',*,*,#6515,.T.);
#8952=ORIENTED_EDGE('',*,*,#6517,.F.);
#8953=ORIENTED_EDGE('',*,*,#6518,.F.);
#8954=ORIENTED_EDGE('',*,*,#6519,.T.);
#8955=ORIENTED_EDGE('',*,*,#6519,.F.);
#8956=ORIENTED_EDGE('',*,*,#6329,.F.);
#8957=ORIENTED_EDGE('',*,*,#6520,.T.);
#8958=ORIENTED_EDGE('',*,*,#6518,.T.);
#8959=ORIENTED_EDGE('',*,*,#6520,.F.);
#8960=ORIENTED_EDGE('',*,*,#6521,.T.);
#8961=ORIENTED_EDGE('',*,*,#6522,.T.);
#8962=ORIENTED_EDGE('',*,*,#6297,.T.);
#8963=ORIENTED_EDGE('',*,*,#6523,.T.);
#8964=ORIENTED_EDGE('',*,*,#6523,.F.);
#8965=ORIENTED_EDGE('',*,*,#6296,.F.);
#8966=ORIENTED_EDGE('',*,*,#6524,.T.);
#8967=ORIENTED_EDGE('',*,*,#6525,.T.);
#8968=ORIENTED_EDGE('',*,*,#6526,.T.);
#8969=ORIENTED_EDGE('',*,*,#6527,.T.);
#8970=ORIENTED_EDGE('',*,*,#6294,.T.);
#8971=ORIENTED_EDGE('',*,*,#6528,.T.);
#8972=ORIENTED_EDGE('',*,*,#6529,.T.);
#8973=ORIENTED_EDGE('',*,*,#6530,.T.);
#8974=ORIENTED_EDGE('',*,*,#6528,.F.);
#8975=ORIENTED_EDGE('',*,*,#6293,.F.);
#8976=ORIENTED_EDGE('',*,*,#6531,.T.);
#8977=ORIENTED_EDGE('',*,*,#6532,.T.);
#8978=ORIENTED_EDGE('',*,*,#6277,.T.);
#8979=ORIENTED_EDGE('',*,*,#6533,.T.);
#8980=ORIENTED_EDGE('',*,*,#6532,.F.);
#8981=ORIENTED_EDGE('',*,*,#6534,.T.);
#8982=ORIENTED_EDGE('',*,*,#6535,.F.);
#8983=ORIENTED_EDGE('',*,*,#6278,.F.);
#8984=ORIENTED_EDGE('',*,*,#6531,.F.);
#8985=ORIENTED_EDGE('',*,*,#6536,.F.);
#8986=ORIENTED_EDGE('',*,*,#6537,.F.);
#8987=ORIENTED_EDGE('',*,*,#6538,.F.);
#8988=ORIENTED_EDGE('',*,*,#6539,.F.);
#8989=ORIENTED_EDGE('',*,*,#6534,.F.);
#8990=ORIENTED_EDGE('',*,*,#6539,.T.);
#8991=ORIENTED_EDGE('',*,*,#6540,.T.);
#8992=ORIENTED_EDGE('',*,*,#6279,.T.);
#8993=ORIENTED_EDGE('',*,*,#6535,.T.);
#8994=ORIENTED_EDGE('',*,*,#6541,.T.);
#8995=ORIENTED_EDGE('',*,*,#6542,.T.);
#8996=ORIENTED_EDGE('',*,*,#6325,.T.);
#8997=ORIENTED_EDGE('',*,*,#6543,.T.);
#8998=ORIENTED_EDGE('',*,*,#6541,.F.);
#8999=ORIENTED_EDGE('',*,*,#6544,.T.);
#9000=ORIENTED_EDGE('',*,*,#6545,.F.);
#9001=ORIENTED_EDGE('',*,*,#6546,.T.);
#9002=ORIENTED_EDGE('',*,*,#6547,.T.);
#9003=ORIENTED_EDGE('',*,*,#6548,.T.);
#9004=ORIENTED_EDGE('',*,*,#6543,.F.);
#9005=ORIENTED_EDGE('',*,*,#6324,.F.);
#9006=ORIENTED_EDGE('',*,*,#6549,.F.);
#9007=ORIENTED_EDGE('',*,*,#6544,.F.);
#9008=ORIENTED_EDGE('',*,*,#6545,.T.);
#9009=ORIENTED_EDGE('',*,*,#6549,.T.);
#9010=ORIENTED_EDGE('',*,*,#6323,.T.);
#9011=ORIENTED_EDGE('',*,*,#6550,.T.);
#9012=ORIENTED_EDGE('',*,*,#6550,.F.);
#9013=ORIENTED_EDGE('',*,*,#6322,.F.);
#9014=ORIENTED_EDGE('',*,*,#6551,.T.);
#9015=ORIENTED_EDGE('',*,*,#6546,.F.);
#9016=ORIENTED_EDGE('',*,*,#6552,.T.);
#9017=ORIENTED_EDGE('',*,*,#6553,.T.);
#9018=ORIENTED_EDGE('',*,*,#6308,.T.);
#9019=ORIENTED_EDGE('',*,*,#6554,.T.);
#9020=ORIENTED_EDGE('',*,*,#6553,.F.);
#9021=ORIENTED_EDGE('',*,*,#6555,.F.);
#9022=ORIENTED_EDGE('',*,*,#6556,.F.);
#9023=ORIENTED_EDGE('',*,*,#6309,.F.);
#9024=ORIENTED_EDGE('',*,*,#6552,.F.);
#9025=ORIENTED_EDGE('',*,*,#6557,.T.);
#9026=ORIENTED_EDGE('',*,*,#6558,.T.);
#9027=ORIENTED_EDGE('',*,*,#6559,.F.);
#9028=ORIENTED_EDGE('',*,*,#6560,.T.);
#9029=ORIENTED_EDGE('',*,*,#6561,.T.);
#9030=ORIENTED_EDGE('',*,*,#6562,.T.);
#9031=ORIENTED_EDGE('',*,*,#6555,.T.);
#9032=ORIENTED_EDGE('',*,*,#6559,.T.);
#9033=ORIENTED_EDGE('',*,*,#6563,.T.);
#9034=ORIENTED_EDGE('',*,*,#6305,.T.);
#9035=ORIENTED_EDGE('',*,*,#6564,.T.);
#9036=ORIENTED_EDGE('',*,*,#6564,.F.);
#9037=ORIENTED_EDGE('',*,*,#6304,.F.);
#9038=ORIENTED_EDGE('',*,*,#6565,.T.);
#9039=ORIENTED_EDGE('',*,*,#6560,.F.);
#9040=ORIENTED_EDGE('',*,*,#6566,.T.);
#9041=ORIENTED_EDGE('',*,*,#6536,.T.);
#9042=ORIENTED_EDGE('',*,*,#6533,.F.);
#9043=ORIENTED_EDGE('',*,*,#6276,.F.);
#9044=ORIENTED_EDGE('',*,*,#6567,.T.);
#9045=ORIENTED_EDGE('',*,*,#6568,.T.);
#9046=ORIENTED_EDGE('',*,*,#6537,.T.);
#9047=ORIENTED_EDGE('',*,*,#6566,.F.);
#9048=ORIENTED_EDGE('',*,*,#6280,.F.);
#9049=ORIENTED_EDGE('',*,*,#6540,.F.);
#9050=ORIENTED_EDGE('',*,*,#6538,.T.);
#9051=ORIENTED_EDGE('',*,*,#6568,.F.);
#9052=ORIENTED_EDGE('',*,*,#6527,.F.);
#9053=ORIENTED_EDGE('',*,*,#6569,.T.);
#9054=ORIENTED_EDGE('',*,*,#6524,.F.);
#9055=ORIENTED_EDGE('',*,*,#6295,.F.);
#9056=ORIENTED_EDGE('',*,*,#6570,.T.);
#9057=ORIENTED_EDGE('',*,*,#6571,.T.);
#9058=ORIENTED_EDGE('',*,*,#6572,.T.);
#9059=ORIENTED_EDGE('',*,*,#6529,.F.);
#9060=ORIENTED_EDGE('',*,*,#6573,.T.);
#9061=ORIENTED_EDGE('',*,*,#6574,.T.);
#9062=ORIENTED_EDGE('',*,*,#6575,.T.);
#9063=ORIENTED_EDGE('',*,*,#6571,.F.);
#9064=ORIENTED_EDGE('',*,*,#6298,.F.);
#9065=ORIENTED_EDGE('',*,*,#6522,.F.);
#9066=ORIENTED_EDGE('',*,*,#6576,.T.);
#9067=ORIENTED_EDGE('',*,*,#6574,.F.);
#9068=ORIENTED_EDGE('',*,*,#6521,.F.);
#9069=ORIENTED_EDGE('',*,*,#6525,.F.);
#9070=ORIENTED_EDGE('',*,*,#6569,.F.);
#9071=ORIENTED_EDGE('',*,*,#6526,.F.);
#9072=ORIENTED_EDGE('',*,*,#6530,.F.);
#9073=ORIENTED_EDGE('',*,*,#6572,.F.);
#9074=ORIENTED_EDGE('',*,*,#6575,.F.);
#9075=ORIENTED_EDGE('',*,*,#6576,.F.);
#9076=ORIENTED_EDGE('',*,*,#6542,.F.);
#9077=ORIENTED_EDGE('',*,*,#6548,.F.);
#9078=ORIENTED_EDGE('',*,*,#6577,.F.);
#9079=ORIENTED_EDGE('',*,*,#6326,.F.);
#9080=ORIENTED_EDGE('',*,*,#6554,.F.);
#9081=ORIENTED_EDGE('',*,*,#6307,.F.);
#9082=ORIENTED_EDGE('',*,*,#6578,.T.);
#9083=ORIENTED_EDGE('',*,*,#6557,.F.);
#9084=ORIENTED_EDGE('',*,*,#6563,.F.);
#9085=ORIENTED_EDGE('',*,*,#6558,.F.);
#9086=ORIENTED_EDGE('',*,*,#6578,.F.);
#9087=ORIENTED_EDGE('',*,*,#6306,.F.);
#9088=ORIENTED_EDGE('',*,*,#6579,.F.);
#9089=ORIENTED_EDGE('',*,*,#6347,.F.);
#9090=ORIENTED_EDGE('',*,*,#6580,.T.);
#9091=ORIENTED_EDGE('',*,*,#6299,.F.);
#9092=ORIENTED_EDGE('',*,*,#6348,.F.);
#9093=ORIENTED_EDGE('',*,*,#6579,.T.);
#9094=ORIENTED_EDGE('',*,*,#6573,.F.);
#9095=ORIENTED_EDGE('',*,*,#6581,.F.);
#9096=ORIENTED_EDGE('',*,*,#6349,.F.);
#9097=ORIENTED_EDGE('',*,*,#6581,.T.);
#9098=ORIENTED_EDGE('',*,*,#6570,.F.);
#9099=ORIENTED_EDGE('',*,*,#6292,.F.);
#9100=ORIENTED_EDGE('',*,*,#6582,.F.);
#9101=ORIENTED_EDGE('',*,*,#6350,.F.);
#9102=ORIENTED_EDGE('',*,*,#6582,.T.);
#9103=ORIENTED_EDGE('',*,*,#6291,.F.);
#9104=ORIENTED_EDGE('',*,*,#6583,.F.);
#9105=ORIENTED_EDGE('',*,*,#6351,.F.);
#9106=ORIENTED_EDGE('',*,*,#6583,.T.);
#9107=ORIENTED_EDGE('',*,*,#6290,.F.);
#9108=ORIENTED_EDGE('',*,*,#6584,.F.);
#9109=ORIENTED_EDGE('',*,*,#6352,.F.);
#9110=ORIENTED_EDGE('',*,*,#6584,.T.);
#9111=ORIENTED_EDGE('',*,*,#6289,.F.);
#9112=ORIENTED_EDGE('',*,*,#6585,.F.);
#9113=ORIENTED_EDGE('',*,*,#6353,.F.);
#9114=ORIENTED_EDGE('',*,*,#6585,.T.);
#9115=ORIENTED_EDGE('',*,*,#6288,.F.);
#9116=ORIENTED_EDGE('',*,*,#6586,.F.);
#9117=ORIENTED_EDGE('',*,*,#6354,.F.);
#9118=ORIENTED_EDGE('',*,*,#6586,.T.);
#9119=ORIENTED_EDGE('',*,*,#6287,.F.);
#9120=ORIENTED_EDGE('',*,*,#6587,.F.);
#9121=ORIENTED_EDGE('',*,*,#6355,.F.);
#9122=ORIENTED_EDGE('',*,*,#6587,.T.);
#9123=ORIENTED_EDGE('',*,*,#6286,.F.);
#9124=ORIENTED_EDGE('',*,*,#6588,.F.);
#9125=ORIENTED_EDGE('',*,*,#6356,.F.);
#9126=ORIENTED_EDGE('',*,*,#6588,.T.);
#9127=ORIENTED_EDGE('',*,*,#6285,.F.);
#9128=ORIENTED_EDGE('',*,*,#6589,.F.);
#9129=ORIENTED_EDGE('',*,*,#6357,.F.);
#9130=ORIENTED_EDGE('',*,*,#6589,.T.);
#9131=ORIENTED_EDGE('',*,*,#6284,.F.);
#9132=ORIENTED_EDGE('',*,*,#6590,.F.);
#9133=ORIENTED_EDGE('',*,*,#6358,.F.);
#9134=ORIENTED_EDGE('',*,*,#6590,.T.);
#9135=ORIENTED_EDGE('',*,*,#6283,.F.);
#9136=ORIENTED_EDGE('',*,*,#6591,.F.);
#9137=ORIENTED_EDGE('',*,*,#6359,.F.);
#9138=ORIENTED_EDGE('',*,*,#6591,.T.);
#9139=ORIENTED_EDGE('',*,*,#6282,.F.);
#9140=ORIENTED_EDGE('',*,*,#6592,.F.);
#9141=ORIENTED_EDGE('',*,*,#6360,.F.);
#9142=ORIENTED_EDGE('',*,*,#6592,.T.);
#9143=ORIENTED_EDGE('',*,*,#6281,.F.);
#9144=ORIENTED_EDGE('',*,*,#6567,.F.);
#9145=ORIENTED_EDGE('',*,*,#6275,.F.);
#9146=ORIENTED_EDGE('',*,*,#6593,.F.);
#9147=ORIENTED_EDGE('',*,*,#6260,.T.);
#9148=ORIENTED_EDGE('',*,*,#6328,.F.);
#9149=ORIENTED_EDGE('',*,*,#6594,.F.);
#9150=ORIENTED_EDGE('',*,*,#6361,.F.);
#9151=ORIENTED_EDGE('',*,*,#6593,.T.);
#9152=ORIENTED_EDGE('',*,*,#6274,.F.);
#9153=ORIENTED_EDGE('',*,*,#6253,.T.);
#9154=ORIENTED_EDGE('',*,*,#6257,.T.);
#9155=ORIENTED_EDGE('',*,*,#6362,.F.);
#9156=ORIENTED_EDGE('',*,*,#6594,.T.);
#9157=ORIENTED_EDGE('',*,*,#6327,.F.);
#9158=ORIENTED_EDGE('',*,*,#6577,.T.);
#9159=ORIENTED_EDGE('',*,*,#6547,.F.);
#9160=ORIENTED_EDGE('',*,*,#6551,.F.);
#9161=ORIENTED_EDGE('',*,*,#6321,.F.);
#9162=ORIENTED_EDGE('',*,*,#6595,.F.);
#9163=ORIENTED_EDGE('',*,*,#6363,.F.);
#9164=ORIENTED_EDGE('',*,*,#6595,.T.);
#9165=ORIENTED_EDGE('',*,*,#6320,.F.);
#9166=ORIENTED_EDGE('',*,*,#6596,.F.);
#9167=ORIENTED_EDGE('',*,*,#6364,.F.);
#9168=ORIENTED_EDGE('',*,*,#6596,.T.);
#9169=ORIENTED_EDGE('',*,*,#6319,.F.);
#9170=ORIENTED_EDGE('',*,*,#6597,.F.);
#9171=ORIENTED_EDGE('',*,*,#6365,.F.);
#9172=ORIENTED_EDGE('',*,*,#6597,.T.);
#9173=ORIENTED_EDGE('',*,*,#6318,.F.);
#9174=ORIENTED_EDGE('',*,*,#6598,.F.);
#9175=ORIENTED_EDGE('',*,*,#6366,.F.);
#9176=ORIENTED_EDGE('',*,*,#6598,.T.);
#9177=ORIENTED_EDGE('',*,*,#6317,.F.);
#9178=ORIENTED_EDGE('',*,*,#6599,.F.);
#9179=ORIENTED_EDGE('',*,*,#6367,.F.);
#9180=ORIENTED_EDGE('',*,*,#6599,.T.);
#9181=ORIENTED_EDGE('',*,*,#6316,.F.);
#9182=ORIENTED_EDGE('',*,*,#6600,.F.);
#9183=ORIENTED_EDGE('',*,*,#6368,.F.);
#9184=ORIENTED_EDGE('',*,*,#6600,.T.);
#9185=ORIENTED_EDGE('',*,*,#6315,.F.);
#9186=ORIENTED_EDGE('',*,*,#6601,.F.);
#9187=ORIENTED_EDGE('',*,*,#6369,.F.);
#9188=ORIENTED_EDGE('',*,*,#6601,.T.);
#9189=ORIENTED_EDGE('',*,*,#6314,.F.);
#9190=ORIENTED_EDGE('',*,*,#6602,.F.);
#9191=ORIENTED_EDGE('',*,*,#6370,.F.);
#9192=ORIENTED_EDGE('',*,*,#6602,.T.);
#9193=ORIENTED_EDGE('',*,*,#6313,.F.);
#9194=ORIENTED_EDGE('',*,*,#6603,.F.);
#9195=ORIENTED_EDGE('',*,*,#6371,.F.);
#9196=ORIENTED_EDGE('',*,*,#6603,.T.);
#9197=ORIENTED_EDGE('',*,*,#6312,.F.);
#9198=ORIENTED_EDGE('',*,*,#6604,.F.);
#9199=ORIENTED_EDGE('',*,*,#6372,.F.);
#9200=ORIENTED_EDGE('',*,*,#6604,.T.);
#9201=ORIENTED_EDGE('',*,*,#6311,.F.);
#9202=ORIENTED_EDGE('',*,*,#6605,.F.);
#9203=ORIENTED_EDGE('',*,*,#6373,.F.);
#9204=ORIENTED_EDGE('',*,*,#6605,.T.);
#9205=ORIENTED_EDGE('',*,*,#6310,.F.);
#9206=ORIENTED_EDGE('',*,*,#6556,.T.);
#9207=ORIENTED_EDGE('',*,*,#6562,.F.);
#9208=ORIENTED_EDGE('',*,*,#6606,.F.);
#9209=ORIENTED_EDGE('',*,*,#6607,.F.);
#9210=ORIENTED_EDGE('',*,*,#6374,.F.);
#9211=ORIENTED_EDGE('',*,*,#6607,.T.);
#9212=ORIENTED_EDGE('',*,*,#6606,.T.);
#9213=ORIENTED_EDGE('',*,*,#6561,.F.);
#9214=ORIENTED_EDGE('',*,*,#6565,.F.);
#9215=ORIENTED_EDGE('',*,*,#6608,.F.);
#9216=ORIENTED_EDGE('',*,*,#6375,.F.);
#9217=ORIENTED_EDGE('',*,*,#6608,.T.);
#9218=ORIENTED_EDGE('',*,*,#6303,.F.);
#9219=ORIENTED_EDGE('',*,*,#6609,.F.);
#9220=ORIENTED_EDGE('',*,*,#6376,.F.);
#9221=ORIENTED_EDGE('',*,*,#6609,.T.);
#9222=ORIENTED_EDGE('',*,*,#6302,.F.);
#9223=ORIENTED_EDGE('',*,*,#6610,.F.);
#9224=ORIENTED_EDGE('',*,*,#6377,.F.);
#9225=ORIENTED_EDGE('',*,*,#6610,.T.);
#9226=ORIENTED_EDGE('',*,*,#6301,.F.);
#9227=ORIENTED_EDGE('',*,*,#6611,.F.);
#9228=ORIENTED_EDGE('',*,*,#6378,.F.);
#9229=ORIENTED_EDGE('',*,*,#6611,.T.);
#9230=ORIENTED_EDGE('',*,*,#6300,.F.);
#9231=ORIENTED_EDGE('',*,*,#6580,.F.);
#9232=ORIENTED_EDGE('',*,*,#5814,.F.);
#9233=ORIENTED_EDGE('',*,*,#5846,.T.);
#9234=ORIENTED_EDGE('',*,*,#6394,.F.);
#9235=ORIENTED_EDGE('',*,*,#6612,.F.);
#9236=ORIENTED_EDGE('',*,*,#5834,.F.);
#9237=ORIENTED_EDGE('',*,*,#6613,.T.);
#9238=ORIENTED_EDGE('',*,*,#6392,.T.);
#9239=ORIENTED_EDGE('',*,*,#6614,.T.);
#9240=ORIENTED_EDGE('',*,*,#5832,.F.);
#9241=ORIENTED_EDGE('',*,*,#6612,.T.);
#9242=ORIENTED_EDGE('',*,*,#6393,.F.);
#9243=ORIENTED_EDGE('',*,*,#6613,.F.);
#9244=ORIENTED_EDGE('',*,*,#5739,.F.);
#9245=ORIENTED_EDGE('',*,*,#6615,.T.);
#9246=ORIENTED_EDGE('',*,*,#6457,.T.);
#9247=ORIENTED_EDGE('',*,*,#6616,.T.);
#9248=ORIENTED_EDGE('',*,*,#5737,.F.);
#9249=ORIENTED_EDGE('',*,*,#5748,.T.);
#9250=ORIENTED_EDGE('',*,*,#6458,.F.);
#9251=ORIENTED_EDGE('',*,*,#6615,.F.);
#9252=ORIENTED_EDGE('',*,*,#5247,.F.);
#9253=ORIENTED_EDGE('',*,*,#6617,.T.);
#9254=ORIENTED_EDGE('',*,*,#6482,.F.);
#9255=ORIENTED_EDGE('',*,*,#5268,.F.);
#9256=ORIENTED_EDGE('',*,*,#5765,.F.);
#9257=ORIENTED_EDGE('',*,*,#5797,.T.);
#9258=ORIENTED_EDGE('',*,*,#6434,.F.);
#9259=ORIENTED_EDGE('',*,*,#6618,.F.);
#9260=ORIENTED_EDGE('',*,*,#5785,.F.);
#9261=ORIENTED_EDGE('',*,*,#6619,.T.);
#9262=ORIENTED_EDGE('',*,*,#6432,.T.);
#9263=ORIENTED_EDGE('',*,*,#6620,.T.);
#9264=ORIENTED_EDGE('',*,*,#5783,.F.);
#9265=ORIENTED_EDGE('',*,*,#6618,.T.);
#9266=ORIENTED_EDGE('',*,*,#6433,.F.);
#9267=ORIENTED_EDGE('',*,*,#6619,.F.);
#9268=ORIENTED_EDGE('',*,*,#5589,.F.);
#9269=ORIENTED_EDGE('',*,*,#6621,.T.);
#9270=ORIENTED_EDGE('',*,*,#6441,.T.);
#9271=ORIENTED_EDGE('',*,*,#6622,.T.);
#9272=ORIENTED_EDGE('',*,*,#5587,.F.);
#9273=ORIENTED_EDGE('',*,*,#5601,.T.);
#9274=ORIENTED_EDGE('',*,*,#6442,.F.);
#9275=ORIENTED_EDGE('',*,*,#6621,.F.);
#9276=ORIENTED_EDGE('',*,*,#6232,.F.);
#9277=ORIENTED_EDGE('',*,*,#6623,.T.);
#9278=ORIENTED_EDGE('',*,*,#6403,.F.);
#9279=ORIENTED_EDGE('',*,*,#6251,.F.);
#9280=ORIENTED_EDGE('',*,*,#6183,.F.);
#9281=ORIENTED_EDGE('',*,*,#6624,.T.);
#9282=ORIENTED_EDGE('',*,*,#6411,.F.);
#9283=ORIENTED_EDGE('',*,*,#6202,.F.);
#9284=ORIENTED_EDGE('',*,*,#6134,.F.);
#9285=ORIENTED_EDGE('',*,*,#6625,.T.);
#9286=ORIENTED_EDGE('',*,*,#6419,.F.);
#9287=ORIENTED_EDGE('',*,*,#6153,.F.);
#9288=ORIENTED_EDGE('',*,*,#6015,.F.);
#9289=ORIENTED_EDGE('',*,*,#6626,.T.);
#9290=ORIENTED_EDGE('',*,*,#6395,.F.);
#9291=ORIENTED_EDGE('',*,*,#6055,.F.);
#9292=ORIENTED_EDGE('',*,*,#5593,.F.);
#9293=ORIENTED_EDGE('',*,*,#6627,.T.);
#9294=ORIENTED_EDGE('',*,*,#6439,.T.);
#9295=ORIENTED_EDGE('',*,*,#6628,.T.);
#9296=ORIENTED_EDGE('',*,*,#5592,.F.);
#9297=ORIENTED_EDGE('',*,*,#6622,.F.);
#9298=ORIENTED_EDGE('',*,*,#6440,.F.);
#9299=ORIENTED_EDGE('',*,*,#6627,.F.);
#9300=ORIENTED_EDGE('',*,*,#5577,.F.);
#9301=ORIENTED_EDGE('',*,*,#6629,.F.);
#9302=ORIENTED_EDGE('',*,*,#6437,.F.);
#9303=ORIENTED_EDGE('',*,*,#6630,.T.);
#9304=ORIENTED_EDGE('',*,*,#5838,.F.);
#9305=ORIENTED_EDGE('',*,*,#6631,.T.);
#9306=ORIENTED_EDGE('',*,*,#6390,.T.);
#9307=ORIENTED_EDGE('',*,*,#6632,.T.);
#9308=ORIENTED_EDGE('',*,*,#5837,.F.);
#9309=ORIENTED_EDGE('',*,*,#6614,.F.);
#9310=ORIENTED_EDGE('',*,*,#6391,.F.);
#9311=ORIENTED_EDGE('',*,*,#6631,.F.);
#9312=ORIENTED_EDGE('',*,*,#5820,.F.);
#9313=ORIENTED_EDGE('',*,*,#6633,.F.);
#9314=ORIENTED_EDGE('',*,*,#6388,.F.);
#9315=ORIENTED_EDGE('',*,*,#6634,.T.);
#9316=ORIENTED_EDGE('',*,*,#5743,.F.);
#9317=ORIENTED_EDGE('',*,*,#6635,.T.);
#9318=ORIENTED_EDGE('',*,*,#6455,.T.);
#9319=ORIENTED_EDGE('',*,*,#6636,.T.);
#9320=ORIENTED_EDGE('',*,*,#5742,.F.);
#9321=ORIENTED_EDGE('',*,*,#6616,.F.);
#9322=ORIENTED_EDGE('',*,*,#6456,.F.);
#9323=ORIENTED_EDGE('',*,*,#6635,.F.);
#9324=ORIENTED_EDGE('',*,*,#5735,.F.);
#9325=ORIENTED_EDGE('',*,*,#6637,.F.);
#9326=ORIENTED_EDGE('',*,*,#6453,.F.);
#9327=ORIENTED_EDGE('',*,*,#6638,.T.);
#9328=ORIENTED_EDGE('',*,*,#5789,.F.);
#9329=ORIENTED_EDGE('',*,*,#6639,.T.);
#9330=ORIENTED_EDGE('',*,*,#6430,.T.);
#9331=ORIENTED_EDGE('',*,*,#6640,.T.);
#9332=ORIENTED_EDGE('',*,*,#5788,.F.);
#9333=ORIENTED_EDGE('',*,*,#6620,.F.);
#9334=ORIENTED_EDGE('',*,*,#6431,.F.);
#9335=ORIENTED_EDGE('',*,*,#6639,.F.);
#9336=ORIENTED_EDGE('',*,*,#5771,.F.);
#9337=ORIENTED_EDGE('',*,*,#6641,.F.);
#9338=ORIENTED_EDGE('',*,*,#6428,.F.);
#9339=ORIENTED_EDGE('',*,*,#6642,.T.);
#9340=ORIENTED_EDGE('',*,*,#5863,.F.);
#9341=ORIENTED_EDGE('',*,*,#5895,.T.);
#9342=ORIENTED_EDGE('',*,*,#6466,.F.);
#9343=ORIENTED_EDGE('',*,*,#6643,.F.);
#9344=ORIENTED_EDGE('',*,*,#5886,.F.);
#9345=ORIENTED_EDGE('',*,*,#6644,.T.);
#9346=ORIENTED_EDGE('',*,*,#6464,.T.);
#9347=ORIENTED_EDGE('',*,*,#6645,.T.);
#9348=ORIENTED_EDGE('',*,*,#5884,.F.);
#9349=ORIENTED_EDGE('',*,*,#6643,.T.);
#9350=ORIENTED_EDGE('',*,*,#6465,.F.);
#9351=ORIENTED_EDGE('',*,*,#6644,.F.);
#9352=ORIENTED_EDGE('',*,*,#6030,.F.);
#9353=ORIENTED_EDGE('',*,*,#6646,.T.);
#9354=ORIENTED_EDGE('',*,*,#6401,.T.);
#9355=ORIENTED_EDGE('',*,*,#6647,.T.);
#9356=ORIENTED_EDGE('',*,*,#6028,.F.);
#9357=ORIENTED_EDGE('',*,*,#6042,.T.);
#9358=ORIENTED_EDGE('',*,*,#6402,.F.);
#9359=ORIENTED_EDGE('',*,*,#6646,.F.);
#9360=ORIENTED_EDGE('',*,*,#6115,.F.);
#9361=ORIENTED_EDGE('',*,*,#6648,.T.);
#9362=ORIENTED_EDGE('',*,*,#6425,.T.);
#9363=ORIENTED_EDGE('',*,*,#6649,.T.);
#9364=ORIENTED_EDGE('',*,*,#6113,.F.);
#9365=ORIENTED_EDGE('',*,*,#6140,.T.);
#9366=ORIENTED_EDGE('',*,*,#6426,.F.);
#9367=ORIENTED_EDGE('',*,*,#6648,.F.);
#9368=ORIENTED_EDGE('',*,*,#5218,.F.);
#9369=ORIENTED_EDGE('',*,*,#6650,.T.);
#9370=ORIENTED_EDGE('',*,*,#6480,.T.);
#9371=ORIENTED_EDGE('',*,*,#6651,.T.);
#9372=ORIENTED_EDGE('',*,*,#5215,.F.);
#9373=ORIENTED_EDGE('',*,*,#5255,.T.);
#9374=ORIENTED_EDGE('',*,*,#6481,.F.);
#9375=ORIENTED_EDGE('',*,*,#6650,.F.);
#9376=ORIENTED_EDGE('',*,*,#6213,.F.);
#9377=ORIENTED_EDGE('',*,*,#6652,.T.);
#9378=ORIENTED_EDGE('',*,*,#6409,.T.);
#9379=ORIENTED_EDGE('',*,*,#6653,.T.);
#9380=ORIENTED_EDGE('',*,*,#6211,.F.);
#9381=ORIENTED_EDGE('',*,*,#6238,.T.);
#9382=ORIENTED_EDGE('',*,*,#6410,.F.);
#9383=ORIENTED_EDGE('',*,*,#6652,.F.);
#9384=ORIENTED_EDGE('',*,*,#6164,.F.);
#9385=ORIENTED_EDGE('',*,*,#6654,.T.);
#9386=ORIENTED_EDGE('',*,*,#6417,.T.);
#9387=ORIENTED_EDGE('',*,*,#6655,.T.);
#9388=ORIENTED_EDGE('',*,*,#6162,.F.);
#9389=ORIENTED_EDGE('',*,*,#6189,.T.);
#9390=ORIENTED_EDGE('',*,*,#6418,.F.);
#9391=ORIENTED_EDGE('',*,*,#6654,.F.);
#9392=ORIENTED_EDGE('',*,*,#5961,.F.);
#9393=ORIENTED_EDGE('',*,*,#5993,.T.);
#9394=ORIENTED_EDGE('',*,*,#6474,.F.);
#9395=ORIENTED_EDGE('',*,*,#6656,.F.);
#9396=ORIENTED_EDGE('',*,*,#5984,.F.);
#9397=ORIENTED_EDGE('',*,*,#6657,.T.);
#9398=ORIENTED_EDGE('',*,*,#6472,.T.);
#9399=ORIENTED_EDGE('',*,*,#6658,.T.);
#9400=ORIENTED_EDGE('',*,*,#5982,.F.);
#9401=ORIENTED_EDGE('',*,*,#6656,.T.);
#9402=ORIENTED_EDGE('',*,*,#6473,.F.);
#9403=ORIENTED_EDGE('',*,*,#6657,.F.);
#9404=ORIENTED_EDGE('',*,*,#6059,.F.);
#9405=ORIENTED_EDGE('',*,*,#6091,.T.);
#9406=ORIENTED_EDGE('',*,*,#6490,.F.);
#9407=ORIENTED_EDGE('',*,*,#6659,.F.);
#9408=ORIENTED_EDGE('',*,*,#6079,.F.);
#9409=ORIENTED_EDGE('',*,*,#6660,.T.);
#9410=ORIENTED_EDGE('',*,*,#6488,.T.);
#9411=ORIENTED_EDGE('',*,*,#6661,.T.);
#9412=ORIENTED_EDGE('',*,*,#6077,.F.);
#9413=ORIENTED_EDGE('',*,*,#6659,.T.);
#9414=ORIENTED_EDGE('',*,*,#6489,.F.);
#9415=ORIENTED_EDGE('',*,*,#6660,.F.);
#9416=ORIENTED_EDGE('',*,*,#5912,.F.);
#9417=ORIENTED_EDGE('',*,*,#5944,.T.);
#9418=ORIENTED_EDGE('',*,*,#6498,.F.);
#9419=ORIENTED_EDGE('',*,*,#6662,.F.);
#9420=ORIENTED_EDGE('',*,*,#5935,.F.);
#9421=ORIENTED_EDGE('',*,*,#6663,.T.);
#9422=ORIENTED_EDGE('',*,*,#6496,.T.);
#9423=ORIENTED_EDGE('',*,*,#6664,.T.);
#9424=ORIENTED_EDGE('',*,*,#5933,.F.);
#9425=ORIENTED_EDGE('',*,*,#6662,.T.);
#9426=ORIENTED_EDGE('',*,*,#6497,.F.);
#9427=ORIENTED_EDGE('',*,*,#6663,.F.);
#9428=ORIENTED_EDGE('',*,*,#5522,.F.);
#9429=ORIENTED_EDGE('',*,*,#5552,.T.);
#9430=ORIENTED_EDGE('',*,*,#6506,.F.);
#9431=ORIENTED_EDGE('',*,*,#6665,.F.);
#9432=ORIENTED_EDGE('',*,*,#5543,.F.);
#9433=ORIENTED_EDGE('',*,*,#6666,.T.);
#9434=ORIENTED_EDGE('',*,*,#6504,.T.);
#9435=ORIENTED_EDGE('',*,*,#6667,.T.);
#9436=ORIENTED_EDGE('',*,*,#5518,.F.);
#9437=ORIENTED_EDGE('',*,*,#6665,.T.);
#9438=ORIENTED_EDGE('',*,*,#6505,.F.);
#9439=ORIENTED_EDGE('',*,*,#6666,.F.);
#9440=ORIENTED_EDGE('',*,*,#5574,.F.);
#9441=ORIENTED_EDGE('',*,*,#6668,.T.);
#9442=ORIENTED_EDGE('',*,*,#6435,.F.);
#9443=ORIENTED_EDGE('',*,*,#5614,.F.);
#9444=ORIENTED_EDGE('',*,*,#5620,.F.);
#9445=ORIENTED_EDGE('',*,*,#5650,.T.);
#9446=ORIENTED_EDGE('',*,*,#6384,.F.);
#9447=ORIENTED_EDGE('',*,*,#6669,.F.);
#9448=ORIENTED_EDGE('',*,*,#5641,.F.);
#9449=ORIENTED_EDGE('',*,*,#6670,.T.);
#9450=ORIENTED_EDGE('',*,*,#6382,.T.);
#9451=ORIENTED_EDGE('',*,*,#6671,.T.);
#9452=ORIENTED_EDGE('',*,*,#5616,.F.);
#9453=ORIENTED_EDGE('',*,*,#6669,.T.);
#9454=ORIENTED_EDGE('',*,*,#6383,.F.);
#9455=ORIENTED_EDGE('',*,*,#6670,.F.);
#9456=ORIENTED_EDGE('',*,*,#5669,.F.);
#9457=ORIENTED_EDGE('',*,*,#5699,.T.);
#9458=ORIENTED_EDGE('',*,*,#6450,.F.);
#9459=ORIENTED_EDGE('',*,*,#6672,.F.);
#9460=ORIENTED_EDGE('',*,*,#5690,.F.);
#9461=ORIENTED_EDGE('',*,*,#6673,.T.);
#9462=ORIENTED_EDGE('',*,*,#6448,.T.);
#9463=ORIENTED_EDGE('',*,*,#6674,.T.);
#9464=ORIENTED_EDGE('',*,*,#5665,.F.);
#9465=ORIENTED_EDGE('',*,*,#6672,.T.);
#9466=ORIENTED_EDGE('',*,*,#6449,.F.);
#9467=ORIENTED_EDGE('',*,*,#6673,.F.);
#9468=ORIENTED_EDGE('',*,*,#5732,.F.);
#9469=ORIENTED_EDGE('',*,*,#6675,.T.);
#9470=ORIENTED_EDGE('',*,*,#6459,.F.);
#9471=ORIENTED_EDGE('',*,*,#5761,.F.);
#9472=ORIENTED_EDGE('',*,*,#6018,.F.);
#9473=ORIENTED_EDGE('',*,*,#6676,.F.);
#9474=ORIENTED_EDGE('',*,*,#6397,.F.);
#9475=ORIENTED_EDGE('',*,*,#6677,.T.);
#9476=ORIENTED_EDGE('',*,*,#6034,.F.);
#9477=ORIENTED_EDGE('',*,*,#6678,.T.);
#9478=ORIENTED_EDGE('',*,*,#6399,.T.);
#9479=ORIENTED_EDGE('',*,*,#6679,.T.);
#9480=ORIENTED_EDGE('',*,*,#6033,.F.);
#9481=ORIENTED_EDGE('',*,*,#6647,.F.);
#9482=ORIENTED_EDGE('',*,*,#6400,.F.);
#9483=ORIENTED_EDGE('',*,*,#6678,.F.);
#9484=ORIENTED_EDGE('',*,*,#6137,.F.);
#9485=ORIENTED_EDGE('',*,*,#6680,.F.);
#9486=ORIENTED_EDGE('',*,*,#6421,.F.);
#9487=ORIENTED_EDGE('',*,*,#6681,.T.);
#9488=ORIENTED_EDGE('',*,*,#6119,.F.);
#9489=ORIENTED_EDGE('',*,*,#6682,.T.);
#9490=ORIENTED_EDGE('',*,*,#6423,.T.);
#9491=ORIENTED_EDGE('',*,*,#6683,.T.);
#9492=ORIENTED_EDGE('',*,*,#6118,.F.);
#9493=ORIENTED_EDGE('',*,*,#6649,.F.);
#9494=ORIENTED_EDGE('',*,*,#6424,.F.);
#9495=ORIENTED_EDGE('',*,*,#6682,.F.);
#9496=ORIENTED_EDGE('',*,*,#5251,.F.);
#9497=ORIENTED_EDGE('',*,*,#6684,.F.);
#9498=ORIENTED_EDGE('',*,*,#6484,.F.);
#9499=ORIENTED_EDGE('',*,*,#6685,.T.);
#9500=ORIENTED_EDGE('',*,*,#5224,.F.);
#9501=ORIENTED_EDGE('',*,*,#6686,.T.);
#9502=ORIENTED_EDGE('',*,*,#6478,.T.);
#9503=ORIENTED_EDGE('',*,*,#6687,.T.);
#9504=ORIENTED_EDGE('',*,*,#5223,.F.);
#9505=ORIENTED_EDGE('',*,*,#6651,.F.);
#9506=ORIENTED_EDGE('',*,*,#6479,.F.);
#9507=ORIENTED_EDGE('',*,*,#6686,.F.);
#9508=ORIENTED_EDGE('',*,*,#6235,.F.);
#9509=ORIENTED_EDGE('',*,*,#6688,.F.);
#9510=ORIENTED_EDGE('',*,*,#6405,.F.);
#9511=ORIENTED_EDGE('',*,*,#6689,.T.);
#9512=ORIENTED_EDGE('',*,*,#6217,.F.);
#9513=ORIENTED_EDGE('',*,*,#6690,.T.);
#9514=ORIENTED_EDGE('',*,*,#6407,.T.);
#9515=ORIENTED_EDGE('',*,*,#6691,.T.);
#9516=ORIENTED_EDGE('',*,*,#6216,.F.);
#9517=ORIENTED_EDGE('',*,*,#6653,.F.);
#9518=ORIENTED_EDGE('',*,*,#6408,.F.);
#9519=ORIENTED_EDGE('',*,*,#6690,.F.);
#9520=ORIENTED_EDGE('',*,*,#6186,.F.);
#9521=ORIENTED_EDGE('',*,*,#6692,.F.);
#9522=ORIENTED_EDGE('',*,*,#6413,.F.);
#9523=ORIENTED_EDGE('',*,*,#6693,.T.);
#9524=ORIENTED_EDGE('',*,*,#6168,.F.);
#9525=ORIENTED_EDGE('',*,*,#6694,.T.);
#9526=ORIENTED_EDGE('',*,*,#6415,.T.);
#9527=ORIENTED_EDGE('',*,*,#6695,.T.);
#9528=ORIENTED_EDGE('',*,*,#6167,.F.);
#9529=ORIENTED_EDGE('',*,*,#6655,.F.);
#9530=ORIENTED_EDGE('',*,*,#6416,.F.);
#9531=ORIENTED_EDGE('',*,*,#6694,.F.);
#9532=ORIENTED_EDGE('',*,*,#5980,.F.);
#9533=ORIENTED_EDGE('',*,*,#6696,.F.);
#9534=ORIENTED_EDGE('',*,*,#6476,.F.);
#9535=ORIENTED_EDGE('',*,*,#6697,.T.);
#9536=ORIENTED_EDGE('',*,*,#5988,.F.);
#9537=ORIENTED_EDGE('',*,*,#6698,.T.);
#9538=ORIENTED_EDGE('',*,*,#6470,.T.);
#9539=ORIENTED_EDGE('',*,*,#6699,.T.);
#9540=ORIENTED_EDGE('',*,*,#5987,.F.);
#9541=ORIENTED_EDGE('',*,*,#6658,.F.);
#9542=ORIENTED_EDGE('',*,*,#6471,.F.);
#9543=ORIENTED_EDGE('',*,*,#6698,.F.);
#9544=ORIENTED_EDGE('',*,*,#6065,.F.);
#9545=ORIENTED_EDGE('',*,*,#6700,.F.);
#9546=ORIENTED_EDGE('',*,*,#6492,.F.);
#9547=ORIENTED_EDGE('',*,*,#6701,.T.);
#9548=ORIENTED_EDGE('',*,*,#6083,.F.);
#9549=ORIENTED_EDGE('',*,*,#6702,.T.);
#9550=ORIENTED_EDGE('',*,*,#6486,.T.);
#9551=ORIENTED_EDGE('',*,*,#6703,.T.);
#9552=ORIENTED_EDGE('',*,*,#6082,.F.);
#9553=ORIENTED_EDGE('',*,*,#6661,.F.);
#9554=ORIENTED_EDGE('',*,*,#6487,.F.);
#9555=ORIENTED_EDGE('',*,*,#6702,.F.);
#9556=ORIENTED_EDGE('',*,*,#5931,.F.);
#9557=ORIENTED_EDGE('',*,*,#6704,.F.);
#9558=ORIENTED_EDGE('',*,*,#6500,.F.);
#9559=ORIENTED_EDGE('',*,*,#6705,.T.);
#9560=ORIENTED_EDGE('',*,*,#5882,.F.);
#9561=ORIENTED_EDGE('',*,*,#6706,.F.);
#9562=ORIENTED_EDGE('',*,*,#6468,.F.);
#9563=ORIENTED_EDGE('',*,*,#6707,.T.);
#9564=ORIENTED_EDGE('',*,*,#5890,.F.);
#9565=ORIENTED_EDGE('',*,*,#6708,.T.);
#9566=ORIENTED_EDGE('',*,*,#6462,.T.);
#9567=ORIENTED_EDGE('',*,*,#6709,.T.);
#9568=ORIENTED_EDGE('',*,*,#5889,.F.);
#9569=ORIENTED_EDGE('',*,*,#6645,.F.);
#9570=ORIENTED_EDGE('',*,*,#6463,.F.);
#9571=ORIENTED_EDGE('',*,*,#6708,.F.);
#9572=ORIENTED_EDGE('',*,*,#5939,.F.);
#9573=ORIENTED_EDGE('',*,*,#6710,.T.);
#9574=ORIENTED_EDGE('',*,*,#6494,.T.);
#9575=ORIENTED_EDGE('',*,*,#6711,.T.);
#9576=ORIENTED_EDGE('',*,*,#5938,.F.);
#9577=ORIENTED_EDGE('',*,*,#6664,.F.);
#9578=ORIENTED_EDGE('',*,*,#6495,.F.);
#9579=ORIENTED_EDGE('',*,*,#6710,.F.);
#9580=ORIENTED_EDGE('',*,*,#5547,.F.);
#9581=ORIENTED_EDGE('',*,*,#6712,.T.);
#9582=ORIENTED_EDGE('',*,*,#6502,.T.);
#9583=ORIENTED_EDGE('',*,*,#6713,.T.);
#9584=ORIENTED_EDGE('',*,*,#5546,.F.);
#9585=ORIENTED_EDGE('',*,*,#6667,.F.);
#9586=ORIENTED_EDGE('',*,*,#6503,.F.);
#9587=ORIENTED_EDGE('',*,*,#6712,.F.);
#9588=ORIENTED_EDGE('',*,*,#5645,.F.);
#9589=ORIENTED_EDGE('',*,*,#6714,.T.);
#9590=ORIENTED_EDGE('',*,*,#6380,.T.);
#9591=ORIENTED_EDGE('',*,*,#6715,.T.);
#9592=ORIENTED_EDGE('',*,*,#5644,.F.);
#9593=ORIENTED_EDGE('',*,*,#6671,.F.);
#9594=ORIENTED_EDGE('',*,*,#6381,.F.);
#9595=ORIENTED_EDGE('',*,*,#6714,.F.);
#9596=ORIENTED_EDGE('',*,*,#5694,.F.);
#9597=ORIENTED_EDGE('',*,*,#6716,.T.);
#9598=ORIENTED_EDGE('',*,*,#6446,.T.);
#9599=ORIENTED_EDGE('',*,*,#6717,.T.);
#9600=ORIENTED_EDGE('',*,*,#5693,.F.);
#9601=ORIENTED_EDGE('',*,*,#6674,.F.);
#9602=ORIENTED_EDGE('',*,*,#6447,.F.);
#9603=ORIENTED_EDGE('',*,*,#6716,.F.);
#9604=ORIENTED_EDGE('',*,*,#5688,.F.);
#9605=ORIENTED_EDGE('',*,*,#6718,.F.);
#9606=ORIENTED_EDGE('',*,*,#6444,.F.);
#9607=ORIENTED_EDGE('',*,*,#6719,.T.);
#9608=ORIENTED_EDGE('',*,*,#5639,.F.);
#9609=ORIENTED_EDGE('',*,*,#6720,.F.);
#9610=ORIENTED_EDGE('',*,*,#6386,.F.);
#9611=ORIENTED_EDGE('',*,*,#6721,.T.);
#9612=ORIENTED_EDGE('',*,*,#5541,.F.);
#9613=ORIENTED_EDGE('',*,*,#6722,.F.);
#9614=ORIENTED_EDGE('',*,*,#6508,.F.);
#9615=ORIENTED_EDGE('',*,*,#6723,.T.);
#9616=ORIENTED_EDGE('',*,*,#5638,.F.);
#9617=ORIENTED_EDGE('',*,*,#6721,.F.);
#9618=ORIENTED_EDGE('',*,*,#6385,.F.);
#9619=ORIENTED_EDGE('',*,*,#5663,.F.);
#9620=ORIENTED_EDGE('',*,*,#5819,.F.);
#9621=ORIENTED_EDGE('',*,*,#6634,.F.);
#9622=ORIENTED_EDGE('',*,*,#6387,.F.);
#9623=ORIENTED_EDGE('',*,*,#5859,.F.);
#9624=ORIENTED_EDGE('',*,*,#6017,.F.);
#9625=ORIENTED_EDGE('',*,*,#6677,.F.);
#9626=ORIENTED_EDGE('',*,*,#6396,.F.);
#9627=ORIENTED_EDGE('',*,*,#6626,.F.);
#9628=ORIENTED_EDGE('',*,*,#6234,.F.);
#9629=ORIENTED_EDGE('',*,*,#6689,.F.);
#9630=ORIENTED_EDGE('',*,*,#6404,.F.);
#9631=ORIENTED_EDGE('',*,*,#6623,.F.);
#9632=ORIENTED_EDGE('',*,*,#6185,.F.);
#9633=ORIENTED_EDGE('',*,*,#6693,.F.);
#9634=ORIENTED_EDGE('',*,*,#6412,.F.);
#9635=ORIENTED_EDGE('',*,*,#6624,.F.);
#9636=ORIENTED_EDGE('',*,*,#6136,.F.);
#9637=ORIENTED_EDGE('',*,*,#6681,.F.);
#9638=ORIENTED_EDGE('',*,*,#6420,.F.);
#9639=ORIENTED_EDGE('',*,*,#6625,.F.);
#9640=ORIENTED_EDGE('',*,*,#5770,.F.);
#9641=ORIENTED_EDGE('',*,*,#6642,.F.);
#9642=ORIENTED_EDGE('',*,*,#6427,.F.);
#9643=ORIENTED_EDGE('',*,*,#5810,.F.);
#9644=ORIENTED_EDGE('',*,*,#5576,.F.);
#9645=ORIENTED_EDGE('',*,*,#6630,.F.);
#9646=ORIENTED_EDGE('',*,*,#6436,.F.);
#9647=ORIENTED_EDGE('',*,*,#6668,.F.);
#9648=ORIENTED_EDGE('',*,*,#5687,.F.);
#9649=ORIENTED_EDGE('',*,*,#6719,.F.);
#9650=ORIENTED_EDGE('',*,*,#6443,.F.);
#9651=ORIENTED_EDGE('',*,*,#6344,.T.);
#9652=ORIENTED_EDGE('',*,*,#6345,.F.);
#9653=ORIENTED_EDGE('',*,*,#6338,.F.);
#9654=ORIENTED_EDGE('',*,*,#6451,.F.);
#9655=ORIENTED_EDGE('',*,*,#5712,.F.);
#9656=ORIENTED_EDGE('',*,*,#5881,.F.);
#9657=ORIENTED_EDGE('',*,*,#6707,.F.);
#9658=ORIENTED_EDGE('',*,*,#6467,.F.);
#9659=ORIENTED_EDGE('',*,*,#5908,.F.);
#9660=ORIENTED_EDGE('',*,*,#5979,.F.);
#9661=ORIENTED_EDGE('',*,*,#6697,.F.);
#9662=ORIENTED_EDGE('',*,*,#6475,.F.);
#9663=ORIENTED_EDGE('',*,*,#6006,.F.);
#9664=ORIENTED_EDGE('',*,*,#5250,.F.);
#9665=ORIENTED_EDGE('',*,*,#6685,.F.);
#9666=ORIENTED_EDGE('',*,*,#6483,.F.);
#9667=ORIENTED_EDGE('',*,*,#6617,.F.);
#9668=ORIENTED_EDGE('',*,*,#6064,.F.);
#9669=ORIENTED_EDGE('',*,*,#6701,.F.);
#9670=ORIENTED_EDGE('',*,*,#6491,.F.);
#9671=ORIENTED_EDGE('',*,*,#6104,.F.);
#9672=ORIENTED_EDGE('',*,*,#5930,.F.);
#9673=ORIENTED_EDGE('',*,*,#6705,.F.);
#9674=ORIENTED_EDGE('',*,*,#6499,.F.);
#9675=ORIENTED_EDGE('',*,*,#5957,.F.);
#9676=ORIENTED_EDGE('',*,*,#5734,.F.);
#9677=ORIENTED_EDGE('',*,*,#6638,.F.);
#9678=ORIENTED_EDGE('',*,*,#6452,.F.);
#9679=ORIENTED_EDGE('',*,*,#6340,.T.);
#9680=ORIENTED_EDGE('',*,*,#6346,.F.);
#9681=ORIENTED_EDGE('',*,*,#6342,.F.);
#9682=ORIENTED_EDGE('',*,*,#6460,.F.);
#9683=ORIENTED_EDGE('',*,*,#6675,.F.);
#9684=ORIENTED_EDGE('',*,*,#5540,.F.);
#9685=ORIENTED_EDGE('',*,*,#6723,.F.);
#9686=ORIENTED_EDGE('',*,*,#6507,.F.);
#9687=ORIENTED_EDGE('',*,*,#5565,.F.);
#9688=ORIENTED_EDGE('',*,*,#5791,.F.);
#9689=ORIENTED_EDGE('',*,*,#6640,.F.);
#9690=ORIENTED_EDGE('',*,*,#6429,.F.);
#9691=ORIENTED_EDGE('',*,*,#6641,.T.);
#9692=ORIENTED_EDGE('',*,*,#5745,.F.);
#9693=ORIENTED_EDGE('',*,*,#6636,.F.);
#9694=ORIENTED_EDGE('',*,*,#6454,.F.);
#9695=ORIENTED_EDGE('',*,*,#6637,.T.);
#9696=ORIENTED_EDGE('',*,*,#6121,.F.);
#9697=ORIENTED_EDGE('',*,*,#6683,.F.);
#9698=ORIENTED_EDGE('',*,*,#6422,.F.);
#9699=ORIENTED_EDGE('',*,*,#6680,.T.);
#9700=ORIENTED_EDGE('',*,*,#6170,.F.);
#9701=ORIENTED_EDGE('',*,*,#6695,.F.);
#9702=ORIENTED_EDGE('',*,*,#6414,.F.);
#9703=ORIENTED_EDGE('',*,*,#6692,.T.);
#9704=ORIENTED_EDGE('',*,*,#5840,.F.);
#9705=ORIENTED_EDGE('',*,*,#6632,.F.);
#9706=ORIENTED_EDGE('',*,*,#6389,.F.);
#9707=ORIENTED_EDGE('',*,*,#6633,.T.);
#9708=ORIENTED_EDGE('',*,*,#5696,.F.);
#9709=ORIENTED_EDGE('',*,*,#6717,.F.);
#9710=ORIENTED_EDGE('',*,*,#6445,.F.);
#9711=ORIENTED_EDGE('',*,*,#6718,.T.);
#9712=ORIENTED_EDGE('',*,*,#5647,.F.);
#9713=ORIENTED_EDGE('',*,*,#6715,.F.);
#9714=ORIENTED_EDGE('',*,*,#6379,.F.);
#9715=ORIENTED_EDGE('',*,*,#6720,.T.);
#9716=ORIENTED_EDGE('',*,*,#6085,.F.);
#9717=ORIENTED_EDGE('',*,*,#6703,.F.);
#9718=ORIENTED_EDGE('',*,*,#6485,.F.);
#9719=ORIENTED_EDGE('',*,*,#6700,.T.);
#9720=ORIENTED_EDGE('',*,*,#5595,.F.);
#9721=ORIENTED_EDGE('',*,*,#6628,.F.);
#9722=ORIENTED_EDGE('',*,*,#6438,.F.);
#9723=ORIENTED_EDGE('',*,*,#6629,.T.);
#9724=ORIENTED_EDGE('',*,*,#6036,.F.);
#9725=ORIENTED_EDGE('',*,*,#6679,.F.);
#9726=ORIENTED_EDGE('',*,*,#6398,.F.);
#9727=ORIENTED_EDGE('',*,*,#6676,.T.);
#9728=ORIENTED_EDGE('',*,*,#6219,.F.);
#9729=ORIENTED_EDGE('',*,*,#6691,.F.);
#9730=ORIENTED_EDGE('',*,*,#6406,.F.);
#9731=ORIENTED_EDGE('',*,*,#6688,.T.);
#9732=ORIENTED_EDGE('',*,*,#5892,.F.);
#9733=ORIENTED_EDGE('',*,*,#6709,.F.);
#9734=ORIENTED_EDGE('',*,*,#6461,.F.);
#9735=ORIENTED_EDGE('',*,*,#6706,.T.);
#9736=ORIENTED_EDGE('',*,*,#5941,.F.);
#9737=ORIENTED_EDGE('',*,*,#6711,.F.);
#9738=ORIENTED_EDGE('',*,*,#6493,.F.);
#9739=ORIENTED_EDGE('',*,*,#6704,.T.);
#9740=ORIENTED_EDGE('',*,*,#5228,.F.);
#9741=ORIENTED_EDGE('',*,*,#6687,.F.);
#9742=ORIENTED_EDGE('',*,*,#6477,.F.);
#9743=ORIENTED_EDGE('',*,*,#6684,.T.);
#9744=ORIENTED_EDGE('',*,*,#5990,.F.);
#9745=ORIENTED_EDGE('',*,*,#6699,.F.);
#9746=ORIENTED_EDGE('',*,*,#6469,.F.);
#9747=ORIENTED_EDGE('',*,*,#6696,.T.);
#9748=ORIENTED_EDGE('',*,*,#5549,.F.);
#9749=ORIENTED_EDGE('',*,*,#6713,.F.);
#9750=ORIENTED_EDGE('',*,*,#6501,.F.);
#9751=ORIENTED_EDGE('',*,*,#6722,.T.);
#9752=ORIENTED_EDGE('',*,*,#6724,.F.);
#9753=ORIENTED_EDGE('',*,*,#5277,.F.);
#9754=ORIENTED_EDGE('',*,*,#6725,.F.);
#9755=ORIENTED_EDGE('',*,*,#6268,.F.);
#9756=ORIENTED_EDGE('',*,*,#6725,.T.);
#9757=ORIENTED_EDGE('',*,*,#5276,.F.);
#9758=ORIENTED_EDGE('',*,*,#6726,.F.);
#9759=ORIENTED_EDGE('',*,*,#6269,.F.);
#9760=ORIENTED_EDGE('',*,*,#6726,.T.);
#9761=ORIENTED_EDGE('',*,*,#5275,.F.);
#9762=ORIENTED_EDGE('',*,*,#6727,.F.);
#9763=ORIENTED_EDGE('',*,*,#6270,.F.);
#9764=ORIENTED_EDGE('',*,*,#6727,.T.);
#9765=ORIENTED_EDGE('',*,*,#5274,.F.);
#9766=ORIENTED_EDGE('',*,*,#6728,.F.);
#9767=ORIENTED_EDGE('',*,*,#6271,.F.);
#9768=ORIENTED_EDGE('',*,*,#6728,.T.);
#9769=ORIENTED_EDGE('',*,*,#5273,.F.);
#9770=ORIENTED_EDGE('',*,*,#6729,.F.);
#9771=ORIENTED_EDGE('',*,*,#6272,.F.);
#9772=ORIENTED_EDGE('',*,*,#6729,.T.);
#9773=ORIENTED_EDGE('',*,*,#5272,.F.);
#9774=ORIENTED_EDGE('',*,*,#6264,.F.);
#9775=ORIENTED_EDGE('',*,*,#6273,.F.);
#9776=ORIENTED_EDGE('',*,*,#6265,.T.);
#9777=ORIENTED_EDGE('',*,*,#5270,.F.);
#9778=ORIENTED_EDGE('',*,*,#6724,.T.);
#9779=ORIENTED_EDGE('',*,*,#6267,.F.);
#9780=CONICAL_SURFACE('',#10788,0.949999999999997,0.785398163397445);
#9781=CONICAL_SURFACE('',#10792,0.949999999999996,0.785398163397445);
#9782=CONICAL_SURFACE('',#10796,0.95,0.785398163397448);
#9783=CONICAL_SURFACE('',#10800,0.95,0.785398163397448);
#9784=CONICAL_SURFACE('',#10805,0.95,0.785398163397448);
#9785=CONICAL_SURFACE('',#10809,0.95,0.785398163397448);
#9786=CONICAL_SURFACE('',#10813,0.949999999999998,0.78539816339745);
#9787=CONICAL_SURFACE('',#10817,0.949999999999997,0.785398163397449);
#9788=CONICAL_SURFACE('',#10958,0.950000000000003,0.785398163397454);
#9789=CONICAL_SURFACE('',#10961,0.950000000000003,0.785398163397454);
#9790=CONICAL_SURFACE('',#10963,0.950000000000003,0.785398163397454);
#9791=CONICAL_SURFACE('',#10966,0.95,0.785398163397447);
#9792=CONICAL_SURFACE('',#10969,0.949999999999999,0.785398163397446);
#9793=CONICAL_SURFACE('',#10973,0.949999999999998,0.785398163397444);
#9794=CONICAL_SURFACE('',#10975,0.95,0.785398163397448);
#9795=CONICAL_SURFACE('',#10978,0.95,0.785398163397448);
#9796=CONICAL_SURFACE('',#10993,0.949999999999999,0.785398163397446);
#9797=CONICAL_SURFACE('',#10996,0.950000000000001,0.785398163397449);
#9798=CONICAL_SURFACE('',#10999,0.950000000000004,0.785398163397457);
#9799=CONICAL_SURFACE('',#11001,0.95,0.785398163397448);
#9800=CONICAL_SURFACE('',#11004,0.95,0.785398163397448);
#9801=CONICAL_SURFACE('',#11008,0.95,0.785398163397449);
#9802=CONICAL_SURFACE('',#11011,0.95,0.785398163397449);
#9803=CONICAL_SURFACE('',#11015,0.949999999999998,0.785398163397446);
#9804=CONICAL_SURFACE('',#11030,0.949999999999998,0.785398163397446);
#9805=CONICAL_SURFACE('',#11033,0.949999999999999,0.785398163397446);
#9806=CONICAL_SURFACE('',#11035,0.950000000000004,0.785398163397457);
#9807=CONICAL_SURFACE('',#11038,0.95,0.785398163397448);
#9808=CONICAL_SURFACE('',#11041,0.95,0.785398163397449);
#9809=CONICAL_SURFACE('',#11045,0.950000000000001,0.785398163397451);
#9810=CONICAL_SURFACE('',#11047,0.95,0.785398163397448);
#9811=CONICAL_SURFACE('',#11050,0.950000000000001,0.785398163397451);
#9812=CONICAL_SURFACE('',#11066,0.95,0.785398163397448);
#9813=CONICAL_SURFACE('',#11069,0.95,0.785398163397448);
#9814=CONICAL_SURFACE('',#11071,0.95,0.785398163397447);
#9815=CONICAL_SURFACE('',#11074,0.95,0.785398163397449);
#9816=CONICAL_SURFACE('',#11077,0.949999999999999,0.785398163397448);
#9817=CONICAL_SURFACE('',#11081,0.95,0.785398163397448);
#9818=CONICAL_SURFACE('',#11083,0.95,0.785398163397448);
#9819=CONICAL_SURFACE('',#11086,0.95,0.785398163397448);
#9820=CONICAL_SURFACE('',#11101,0.95,0.785398163397449);
#9821=CONICAL_SURFACE('',#11104,0.949999999999999,0.785398163397449);
#9822=CONICAL_SURFACE('',#11107,0.95,0.785398163397448);
#9823=CONICAL_SURFACE('',#11110,0.95,0.785398163397448);
#9824=CONICAL_SURFACE('',#11113,0.950000000000001,0.785398163397449);
#9825=CONICAL_SURFACE('',#11116,0.95,0.785398163397449);
#9826=CONICAL_SURFACE('',#11119,0.95,0.785398163397448);
#9827=CONICAL_SURFACE('',#11122,0.95,0.785398163397448);
#9828=CONICAL_SURFACE('',#11137,0.950000000000002,0.785398163397449);
#9829=CONICAL_SURFACE('',#11139,0.949999999999999,0.785398163397447);
#9830=CONICAL_SURFACE('',#11142,0.949999999999999,0.785398163397447);
#9831=CONICAL_SURFACE('',#11145,0.95,0.785398163397447);
#9832=CONICAL_SURFACE('',#11148,0.95,0.785398163397448);
#9833=CONICAL_SURFACE('',#11152,0.95,0.785398163397448);
#9834=CONICAL_SURFACE('',#11155,0.95,0.785398163397448);
#9835=CONICAL_SURFACE('',#11159,0.95,0.785398163397449);
#9836=CONICAL_SURFACE('',#11173,0.949999999999999,0.785398163397447);
#9837=CONICAL_SURFACE('',#11175,0.950000000000002,0.785398163397453);
#9838=CONICAL_SURFACE('',#11178,0.95,0.785398163397448);
#9839=CONICAL_SURFACE('',#11181,0.949999999999999,0.785398163397447);
#9840=CONICAL_SURFACE('',#11184,0.95,0.785398163397448);
#9841=CONICAL_SURFACE('',#11188,0.95,0.785398163397448);
#9842=CONICAL_SURFACE('',#11191,0.95,0.785398163397448);
#9843=CONICAL_SURFACE('',#11195,0.95,0.785398163397448);
#9844=CONICAL_SURFACE('',#11209,0.950000000000001,0.785398163397452);
#9845=CONICAL_SURFACE('',#11212,0.950000000000002,0.785398163397455);
#9846=CONICAL_SURFACE('',#11214,0.950000000000001,0.785398163397453);
#9847=CONICAL_SURFACE('',#11217,0.949999999999999,0.785398163397447);
#9848=CONICAL_SURFACE('',#11220,0.95,0.785398163397447);
#9849=CONICAL_SURFACE('',#11224,0.950000000000001,0.785398163397451);
#9850=CONICAL_SURFACE('',#11227,0.95,0.785398163397448);
#9851=CONICAL_SURFACE('',#11230,0.949999999999998,0.785398163397444);
#9852=CONICAL_SURFACE('',#11245,0.949999999999993,0.785398163397437);
#9853=CONICAL_SURFACE('',#11248,0.950000000000005,0.785398163397457);
#9854=CONICAL_SURFACE('',#11250,0.950000000000001,0.785398163397453);
#9855=CONICAL_SURFACE('',#11253,0.950000000000001,0.785398163397451);
#9856=CONICAL_SURFACE('',#11256,0.949999999999999,0.785398163397447);
#9857=CONICAL_SURFACE('',#11260,0.950000000000001,0.785398163397453);
#9858=CONICAL_SURFACE('',#11263,0.949999999999998,0.785398163397444);
#9859=CONICAL_SURFACE('',#11266,0.949999999999999,0.785398163397447);
#9860=CONICAL_SURFACE('',#11281,0.950000000000001,0.785398163397453);
#9861=CONICAL_SURFACE('',#11284,0.950000000000001,0.785398163397453);
#9862=CONICAL_SURFACE('',#11286,0.950000000000001,0.785398163397446);
#9863=CONICAL_SURFACE('',#11289,0.95,0.785398163397448);
#9864=CONICAL_SURFACE('',#11292,0.949999999999999,0.785398163397447);
#9865=CONICAL_SURFACE('',#11296,0.950000000000005,0.78539816339745);
#9866=CONICAL_SURFACE('',#11299,0.95,0.785398163397448);
#9867=CONICAL_SURFACE('',#11302,0.95,0.785398163397448);
#9868=CONICAL_SURFACE('',#11317,0.950000000000001,0.785398163397453);
#9869=CONICAL_SURFACE('',#11320,0.949999999999996,0.785398163397438);
#9870=CONICAL_SURFACE('',#11323,0.949999999999997,0.785398163397445);
#9871=CONICAL_SURFACE('',#11325,0.95,0.785398163397448);
#9872=CONICAL_SURFACE('',#11328,0.95,0.785398163397448);
#9873=CONICAL_SURFACE('',#11332,0.95,0.785398163397448);
#9874=CONICAL_SURFACE('',#11335,0.95,0.785398163397448);
#9875=CONICAL_SURFACE('',#11339,0.950000000000001,0.785398163397453);
#9876=CONICAL_SURFACE('',#11353,0.949999999999997,0.785398163397445);
#9877=CONICAL_SURFACE('',#11355,0.949999999999996,0.785398163397438);
#9878=CONICAL_SURFACE('',#11358,0.950000000000001,0.785398163397449);
#9879=CONICAL_SURFACE('',#11361,0.95,0.785398163397448);
#9880=CONICAL_SURFACE('',#11364,0.95,0.785398163397448);
#9881=CONICAL_SURFACE('',#11368,0.95,0.785398163397448);
#9882=CONICAL_SURFACE('',#11371,0.95,0.785398163397448);
#9883=CONICAL_SURFACE('',#11375,0.949999999999996,0.785398163397438);
#9884=CONICAL_SURFACE('',#11389,0.94999999999999,0.785398163397434);
#9885=CONICAL_SURFACE('',#11392,0.949999999999996,0.785398163397438);
#9886=CONICAL_SURFACE('',#11395,0.95,0.785398163397448);
#9887=CONICAL_SURFACE('',#11398,0.95,0.785398163397448);
#9888=CONICAL_SURFACE('',#11402,0.95,0.785398163397448);
#9889=CONICAL_SURFACE('',#11405,0.95,0.785398163397448);
#9890=CONICAL_SURFACE('',#11408,0.95,0.785398163397449);
#9891=CONICAL_SURFACE('',#11411,0.950000000000006,0.785398163397457);
#9892=CONICAL_SURFACE('',#11425,0.949999999999996,0.785398163397438);
#9893=CONICAL_SURFACE('',#11428,0.949999999999996,0.785398163397438);
#9894=CONICAL_SURFACE('',#11431,0.95,0.785398163397448);
#9895=CONICAL_SURFACE('',#11434,0.95,0.785398163397448);
#9896=CONICAL_SURFACE('',#11438,0.95,0.785398163397448);
#9897=CONICAL_SURFACE('',#11441,0.949999999999999,0.785398163397447);
#9898=CONICAL_SURFACE('',#11444,0.950000000000001,0.785398163397453);
#9899=CONICAL_SURFACE('',#11447,0.949999999999995,0.785398163397445);
#9900=CONICAL_SURFACE('',#11461,0.949999999999998,0.785398163397442);
#9901=CONICAL_SURFACE('',#11464,0.949999999999997,0.785398163397445);
#9902=CONICAL_SURFACE('',#11467,0.95,0.785398163397448);
#9903=CONICAL_SURFACE('',#11470,0.949999999999999,0.785398163397447);
#9904=CONICAL_SURFACE('',#11474,0.95,0.785398163397447);
#9905=CONICAL_SURFACE('',#11477,0.95,0.785398163397447);
#9906=CONICAL_SURFACE('',#11480,0.949999999999997,0.785398163397445);
#9907=CONICAL_SURFACE('',#11483,0.949999999999998,0.785398163397442);
#9908=CONICAL_SURFACE('',#11542,0.518933683945348,1.02974425867665);
#9909=CONICAL_SURFACE('',#11634,0.40575,1.02974425867665);
#9910=CONICAL_SURFACE('',#11637,0.40575,1.02974425867665);
#9911=CONICAL_SURFACE('',#11640,0.40575,1.02974425867665);
#9912=CONICAL_SURFACE('',#11643,0.40575,1.02974425867665);
#9913=STYLED_ITEM('',(#18419),#10173);
#9914=STYLED_ITEM('',(#18419),#10174);
#9915=STYLED_ITEM('',(#18419),#10175);
#9916=STYLED_ITEM('',(#18419),#10176);
#9917=STYLED_ITEM('',(#18419),#10177);
#9918=STYLED_ITEM('',(#18419),#10178);
#9919=STYLED_ITEM('',(#18419),#10179);
#9920=STYLED_ITEM('',(#18419),#10180);
#9921=STYLED_ITEM('',(#18419),#10181);
#9922=STYLED_ITEM('',(#18419),#10182);
#9923=STYLED_ITEM('',(#18419),#10183);
#9924=STYLED_ITEM('',(#18419),#10184);
#9925=STYLED_ITEM('',(#18419),#10185);
#9926=STYLED_ITEM('',(#18419),#10186);
#9927=STYLED_ITEM('',(#18419),#10187);
#9928=STYLED_ITEM('',(#18419),#10188);
#9929=STYLED_ITEM('',(#18419),#10198);
#9930=STYLED_ITEM('',(#18419),#10199);
#9931=STYLED_ITEM('',(#18419),#10200);
#9932=STYLED_ITEM('',(#18419),#10201);
#9933=STYLED_ITEM('',(#18419),#10202);
#9934=STYLED_ITEM('',(#18419),#10203);
#9935=STYLED_ITEM('',(#18419),#10204);
#9936=STYLED_ITEM('',(#18419),#10205);
#9937=STYLED_ITEM('',(#18419),#10206);
#9938=STYLED_ITEM('',(#18419),#10207);
#9939=STYLED_ITEM('',(#18419),#10208);
#9940=STYLED_ITEM('',(#18419),#10209);
#9941=STYLED_ITEM('',(#18419),#10210);
#9942=STYLED_ITEM('',(#18419),#10211);
#9943=STYLED_ITEM('',(#18419),#10212);
#9944=STYLED_ITEM('',(#18419),#10213);
#9945=STYLED_ITEM('',(#18419),#10222);
#9946=STYLED_ITEM('',(#18419),#10223);
#9947=STYLED_ITEM('',(#18419),#10224);
#9948=STYLED_ITEM('',(#18419),#10225);
#9949=STYLED_ITEM('',(#18419),#10226);
#9950=STYLED_ITEM('',(#18419),#10227);
#9951=STYLED_ITEM('',(#18419),#10228);
#9952=STYLED_ITEM('',(#18419),#10229);
#9953=STYLED_ITEM('',(#18419),#10230);
#9954=STYLED_ITEM('',(#18419),#10231);
#9955=STYLED_ITEM('',(#18419),#10232);
#9956=STYLED_ITEM('',(#18419),#10233);
#9957=STYLED_ITEM('',(#18419),#10234);
#9958=STYLED_ITEM('',(#18419),#10235);
#9959=STYLED_ITEM('',(#18419),#10236);
#9960=STYLED_ITEM('',(#18419),#10237);
#9961=STYLED_ITEM('',(#18419),#10246);
#9962=STYLED_ITEM('',(#18419),#10247);
#9963=STYLED_ITEM('',(#18419),#10248);
#9964=STYLED_ITEM('',(#18419),#10249);
#9965=STYLED_ITEM('',(#18419),#10250);
#9966=STYLED_ITEM('',(#18419),#10251);
#9967=STYLED_ITEM('',(#18419),#10252);
#9968=STYLED_ITEM('',(#18419),#10253);
#9969=STYLED_ITEM('',(#18419),#10254);
#9970=STYLED_ITEM('',(#18419),#10255);
#9971=STYLED_ITEM('',(#18419),#10256);
#9972=STYLED_ITEM('',(#18419),#10257);
#9973=STYLED_ITEM('',(#18419),#10258);
#9974=STYLED_ITEM('',(#18419),#10259);
#9975=STYLED_ITEM('',(#18419),#10260);
#9976=STYLED_ITEM('',(#18419),#10261);
#9977=STYLED_ITEM('',(#18419),#10270);
#9978=STYLED_ITEM('',(#18419),#10271);
#9979=STYLED_ITEM('',(#18419),#10272);
#9980=STYLED_ITEM('',(#18419),#10273);
#9981=STYLED_ITEM('',(#18419),#10274);
#9982=STYLED_ITEM('',(#18419),#10275);
#9983=STYLED_ITEM('',(#18419),#10276);
#9984=STYLED_ITEM('',(#18419),#10277);
#9985=STYLED_ITEM('',(#18419),#10278);
#9986=STYLED_ITEM('',(#18419),#10279);
#9987=STYLED_ITEM('',(#18419),#10280);
#9988=STYLED_ITEM('',(#18419),#10281);
#9989=STYLED_ITEM('',(#18419),#10282);
#9990=STYLED_ITEM('',(#18419),#10283);
#9991=STYLED_ITEM('',(#18419),#10284);
#9992=STYLED_ITEM('',(#18419),#10285);
#9993=STYLED_ITEM('',(#18419),#10294);
#9994=STYLED_ITEM('',(#18419),#10295);
#9995=STYLED_ITEM('',(#18419),#10296);
#9996=STYLED_ITEM('',(#18419),#10297);
#9997=STYLED_ITEM('',(#18419),#10298);
#9998=STYLED_ITEM('',(#18419),#10299);
#9999=STYLED_ITEM('',(#18419),#10300);
#10000=STYLED_ITEM('',(#18419),#10301);
#10001=STYLED_ITEM('',(#18419),#10302);
#10002=STYLED_ITEM('',(#18419),#10303);
#10003=STYLED_ITEM('',(#18419),#10304);
#10004=STYLED_ITEM('',(#18419),#10305);
#10005=STYLED_ITEM('',(#18419),#10306);
#10006=STYLED_ITEM('',(#18419),#10307);
#10007=STYLED_ITEM('',(#18419),#10308);
#10008=STYLED_ITEM('',(#18419),#10309);
#10009=STYLED_ITEM('',(#18419),#10318);
#10010=STYLED_ITEM('',(#18419),#10319);
#10011=STYLED_ITEM('',(#18419),#10320);
#10012=STYLED_ITEM('',(#18419),#10321);
#10013=STYLED_ITEM('',(#18419),#10322);
#10014=STYLED_ITEM('',(#18419),#10323);
#10015=STYLED_ITEM('',(#18419),#10324);
#10016=STYLED_ITEM('',(#18419),#10325);
#10017=STYLED_ITEM('',(#18419),#10326);
#10018=STYLED_ITEM('',(#18419),#10327);
#10019=STYLED_ITEM('',(#18419),#10328);
#10020=STYLED_ITEM('',(#18419),#10329);
#10021=STYLED_ITEM('',(#18419),#10330);
#10022=STYLED_ITEM('',(#18419),#10331);
#10023=STYLED_ITEM('',(#18419),#10332);
#10024=STYLED_ITEM('',(#18419),#10333);
#10025=STYLED_ITEM('',(#18419),#10342);
#10026=STYLED_ITEM('',(#18419),#10343);
#10027=STYLED_ITEM('',(#18419),#10344);
#10028=STYLED_ITEM('',(#18419),#10345);
#10029=STYLED_ITEM('',(#18419),#10346);
#10030=STYLED_ITEM('',(#18419),#10347);
#10031=STYLED_ITEM('',(#18419),#10348);
#10032=STYLED_ITEM('',(#18419),#10349);
#10033=STYLED_ITEM('',(#18419),#10350);
#10034=STYLED_ITEM('',(#18419),#10351);
#10035=STYLED_ITEM('',(#18419),#10352);
#10036=STYLED_ITEM('',(#18419),#10353);
#10037=STYLED_ITEM('',(#18419),#10354);
#10038=STYLED_ITEM('',(#18419),#10355);
#10039=STYLED_ITEM('',(#18419),#10356);
#10040=STYLED_ITEM('',(#18419),#10357);
#10041=STYLED_ITEM('',(#18419),#10366);
#10042=STYLED_ITEM('',(#18419),#10367);
#10043=STYLED_ITEM('',(#18419),#10368);
#10044=STYLED_ITEM('',(#18419),#10369);
#10045=STYLED_ITEM('',(#18419),#10370);
#10046=STYLED_ITEM('',(#18419),#10371);
#10047=STYLED_ITEM('',(#18419),#10372);
#10048=STYLED_ITEM('',(#18419),#10373);
#10049=STYLED_ITEM('',(#18419),#10374);
#10050=STYLED_ITEM('',(#18419),#10375);
#10051=STYLED_ITEM('',(#18419),#10376);
#10052=STYLED_ITEM('',(#18419),#10377);
#10053=STYLED_ITEM('',(#18419),#10378);
#10054=STYLED_ITEM('',(#18419),#10379);
#10055=STYLED_ITEM('',(#18419),#10380);
#10056=STYLED_ITEM('',(#18419),#10381);
#10057=STYLED_ITEM('',(#18419),#10390);
#10058=STYLED_ITEM('',(#18419),#10391);
#10059=STYLED_ITEM('',(#18419),#10392);
#10060=STYLED_ITEM('',(#18419),#10393);
#10061=STYLED_ITEM('',(#18419),#10394);
#10062=STYLED_ITEM('',(#18419),#10395);
#10063=STYLED_ITEM('',(#18419),#10396);
#10064=STYLED_ITEM('',(#18419),#10397);
#10065=STYLED_ITEM('',(#18419),#10398);
#10066=STYLED_ITEM('',(#18419),#10399);
#10067=STYLED_ITEM('',(#18419),#10400);
#10068=STYLED_ITEM('',(#18419),#10401);
#10069=STYLED_ITEM('',(#18419),#10402);
#10070=STYLED_ITEM('',(#18419),#10403);
#10071=STYLED_ITEM('',(#18419),#10404);
#10072=STYLED_ITEM('',(#18419),#10405);
#10073=STYLED_ITEM('',(#18419),#10414);
#10074=STYLED_ITEM('',(#18419),#10415);
#10075=STYLED_ITEM('',(#18419),#10416);
#10076=STYLED_ITEM('',(#18419),#10417);
#10077=STYLED_ITEM('',(#18419),#10418);
#10078=STYLED_ITEM('',(#18419),#10419);
#10079=STYLED_ITEM('',(#18419),#10420);
#10080=STYLED_ITEM('',(#18419),#10421);
#10081=STYLED_ITEM('',(#18419),#10422);
#10082=STYLED_ITEM('',(#18419),#10423);
#10083=STYLED_ITEM('',(#18419),#10424);
#10084=STYLED_ITEM('',(#18419),#10425);
#10085=STYLED_ITEM('',(#18419),#10426);
#10086=STYLED_ITEM('',(#18419),#10427);
#10087=STYLED_ITEM('',(#18419),#10428);
#10088=STYLED_ITEM('',(#18419),#10429);
#10089=STYLED_ITEM('',(#18419),#10438);
#10090=STYLED_ITEM('',(#18419),#10439);
#10091=STYLED_ITEM('',(#18419),#10440);
#10092=STYLED_ITEM('',(#18419),#10441);
#10093=STYLED_ITEM('',(#18419),#10442);
#10094=STYLED_ITEM('',(#18419),#10443);
#10095=STYLED_ITEM('',(#18419),#10444);
#10096=STYLED_ITEM('',(#18419),#10445);
#10097=STYLED_ITEM('',(#18419),#10446);
#10098=STYLED_ITEM('',(#18419),#10447);
#10099=STYLED_ITEM('',(#18419),#10448);
#10100=STYLED_ITEM('',(#18419),#10449);
#10101=STYLED_ITEM('',(#18419),#10450);
#10102=STYLED_ITEM('',(#18419),#10451);
#10103=STYLED_ITEM('',(#18419),#10452);
#10104=STYLED_ITEM('',(#18419),#10453);
#10105=STYLED_ITEM('',(#18419),#10462);
#10106=STYLED_ITEM('',(#18419),#10463);
#10107=STYLED_ITEM('',(#18419),#10464);
#10108=STYLED_ITEM('',(#18419),#10465);
#10109=STYLED_ITEM('',(#18419),#10466);
#10110=STYLED_ITEM('',(#18419),#10467);
#10111=STYLED_ITEM('',(#18419),#10468);
#10112=STYLED_ITEM('',(#18419),#10469);
#10113=STYLED_ITEM('',(#18419),#10470);
#10114=STYLED_ITEM('',(#18419),#10471);
#10115=STYLED_ITEM('',(#18419),#10472);
#10116=STYLED_ITEM('',(#18419),#10473);
#10117=STYLED_ITEM('',(#18419),#10474);
#10118=STYLED_ITEM('',(#18419),#10475);
#10119=STYLED_ITEM('',(#18419),#10476);
#10120=STYLED_ITEM('',(#18419),#10477);
#10121=STYLED_ITEM('',(#18419),#10486);
#10122=STYLED_ITEM('',(#18419),#10487);
#10123=STYLED_ITEM('',(#18419),#10488);
#10124=STYLED_ITEM('',(#18419),#10489);
#10125=STYLED_ITEM('',(#18419),#10490);
#10126=STYLED_ITEM('',(#18419),#10491);
#10127=STYLED_ITEM('',(#18419),#10492);
#10128=STYLED_ITEM('',(#18419),#10493);
#10129=STYLED_ITEM('',(#18419),#10494);
#10130=STYLED_ITEM('',(#18419),#10495);
#10131=STYLED_ITEM('',(#18419),#10496);
#10132=STYLED_ITEM('',(#18419),#10497);
#10133=STYLED_ITEM('',(#18419),#10498);
#10134=STYLED_ITEM('',(#18419),#10499);
#10135=STYLED_ITEM('',(#18419),#10500);
#10136=STYLED_ITEM('',(#18419),#10501);
#10137=STYLED_ITEM('',(#18419),#10510);
#10138=STYLED_ITEM('',(#18419),#10511);
#10139=STYLED_ITEM('',(#18419),#10512);
#10140=STYLED_ITEM('',(#18419),#10513);
#10141=STYLED_ITEM('',(#18419),#10514);
#10142=STYLED_ITEM('',(#18419),#10515);
#10143=STYLED_ITEM('',(#18419),#10516);
#10144=STYLED_ITEM('',(#18419),#10517);
#10145=STYLED_ITEM('',(#18419),#10518);
#10146=STYLED_ITEM('',(#18419),#10519);
#10147=STYLED_ITEM('',(#18419),#10520);
#10148=STYLED_ITEM('',(#18419),#10521);
#10149=STYLED_ITEM('',(#18419),#10522);
#10150=STYLED_ITEM('',(#18419),#10523);
#10151=STYLED_ITEM('',(#18419),#10524);
#10152=STYLED_ITEM('',(#18419),#10525);
#10153=STYLED_ITEM('',(#18419),#10534);
#10154=STYLED_ITEM('',(#18419),#10535);
#10155=STYLED_ITEM('',(#18419),#10536);
#10156=STYLED_ITEM('',(#18419),#10537);
#10157=STYLED_ITEM('',(#18419),#10538);
#10158=STYLED_ITEM('',(#18419),#10539);
#10159=STYLED_ITEM('',(#18419),#10540);
#10160=STYLED_ITEM('',(#18419),#10541);
#10161=STYLED_ITEM('',(#18419),#10542);
#10162=STYLED_ITEM('',(#18419),#10543);
#10163=STYLED_ITEM('',(#18419),#10544);
#10164=STYLED_ITEM('',(#18419),#10545);
#10165=STYLED_ITEM('',(#18419),#10546);
#10166=STYLED_ITEM('',(#18419),#10547);
#10167=STYLED_ITEM('',(#18419),#10548);
#10168=STYLED_ITEM('',(#18419),#10549);
#10169=STYLED_ITEM('',(#18419),#10562);
#10170=STYLED_ITEM('',(#18419),#10567);
#10171=STYLED_ITEM('',(#18416),#20);
#10172=STYLED_ITEM('',(#18424),#12);
#10173=ADVANCED_FACE('',(#524),#9780,.F.);
#10174=ADVANCED_FACE('',(#525),#228,.T.);
#10175=ADVANCED_FACE('',(#526),#9781,.F.);
#10176=ADVANCED_FACE('',(#527),#229,.T.);
#10177=ADVANCED_FACE('',(#528),#9782,.F.);
#10178=ADVANCED_FACE('',(#529),#230,.T.);
#10179=ADVANCED_FACE('',(#530),#9783,.F.);
#10180=ADVANCED_FACE('',(#531),#231,.T.);
#10181=ADVANCED_FACE('',(#532),#232,.T.);
#10182=ADVANCED_FACE('',(#533),#9784,.F.);
#10183=ADVANCED_FACE('',(#534),#233,.T.);
#10184=ADVANCED_FACE('',(#535),#9785,.F.);
#10185=ADVANCED_FACE('',(#536),#234,.T.);
#10186=ADVANCED_FACE('',(#537),#9786,.F.);
#10187=ADVANCED_FACE('',(#538),#235,.T.);
#10188=ADVANCED_FACE('',(#539),#9787,.F.);
#10189=ADVANCED_FACE('',(#540),#57,.F.);
#10190=ADVANCED_FACE('',(#541),#236,.F.);
#10191=ADVANCED_FACE('',(#542),#58,.F.);
#10192=ADVANCED_FACE('',(#543),#237,.F.);
#10193=ADVANCED_FACE('',(#544),#59,.F.);
#10194=ADVANCED_FACE('',(#545),#238,.F.);
#10195=ADVANCED_FACE('',(#546),#60,.F.);
#10196=ADVANCED_FACE('',(#547),#239,.F.);
#10197=ADVANCED_FACE('',(#548,#21,#22,#23,#24,#25,#26,#27,#28,#29,#30,#31,
#32,#33,#34,#35,#36),#240,.T.);
#10198=ADVANCED_FACE('',(#549),#241,.T.);
#10199=ADVANCED_FACE('',(#550),#9788,.F.);
#10200=ADVANCED_FACE('',(#551),#242,.T.);
#10201=ADVANCED_FACE('',(#552),#9789,.F.);
#10202=ADVANCED_FACE('',(#553),#9790,.F.);
#10203=ADVANCED_FACE('',(#554),#243,.T.);
#10204=ADVANCED_FACE('',(#555),#9791,.F.);
#10205=ADVANCED_FACE('',(#556),#244,.T.);
#10206=ADVANCED_FACE('',(#557),#9792,.F.);
#10207=ADVANCED_FACE('',(#558),#245,.T.);
#10208=ADVANCED_FACE('',(#559),#246,.T.);
#10209=ADVANCED_FACE('',(#560),#9793,.F.);
#10210=ADVANCED_FACE('',(#561),#9794,.F.);
#10211=ADVANCED_FACE('',(#562),#247,.T.);
#10212=ADVANCED_FACE('',(#563),#9795,.F.);
#10213=ADVANCED_FACE('',(#564),#248,.T.);
#10214=ADVANCED_FACE('',(#565),#249,.F.);
#10215=ADVANCED_FACE('',(#566),#61,.F.);
#10216=ADVANCED_FACE('',(#567),#250,.F.);
#10217=ADVANCED_FACE('',(#568),#62,.F.);
#10218=ADVANCED_FACE('',(#569),#251,.F.);
#10219=ADVANCED_FACE('',(#570),#63,.F.);
#10220=ADVANCED_FACE('',(#571),#252,.F.);
#10221=ADVANCED_FACE('',(#572),#64,.F.);
#10222=ADVANCED_FACE('',(#573),#9796,.F.);
#10223=ADVANCED_FACE('',(#574),#253,.T.);
#10224=ADVANCED_FACE('',(#575),#9797,.F.);
#10225=ADVANCED_FACE('',(#576),#254,.T.);
#10226=ADVANCED_FACE('',(#577),#9798,.F.);
#10227=ADVANCED_FACE('',(#578),#9799,.F.);
#10228=ADVANCED_FACE('',(#579),#255,.T.);
#10229=ADVANCED_FACE('',(#580),#9800,.F.);
#10230=ADVANCED_FACE('',(#581),#256,.T.);
#10231=ADVANCED_FACE('',(#582),#257,.T.);
#10232=ADVANCED_FACE('',(#583),#9801,.F.);
#10233=ADVANCED_FACE('',(#584),#258,.T.);
#10234=ADVANCED_FACE('',(#585),#9802,.F.);
#10235=ADVANCED_FACE('',(#586),#259,.T.);
#10236=ADVANCED_FACE('',(#587),#260,.T.);
#10237=ADVANCED_FACE('',(#588),#9803,.F.);
#10238=ADVANCED_FACE('',(#589),#65,.F.);
#10239=ADVANCED_FACE('',(#590),#261,.F.);
#10240=ADVANCED_FACE('',(#591),#66,.F.);
#10241=ADVANCED_FACE('',(#592),#262,.F.);
#10242=ADVANCED_FACE('',(#593),#67,.F.);
#10243=ADVANCED_FACE('',(#594),#263,.F.);
#10244=ADVANCED_FACE('',(#595),#68,.F.);
#10245=ADVANCED_FACE('',(#596),#264,.F.);
#10246=ADVANCED_FACE('',(#597),#265,.T.);
#10247=ADVANCED_FACE('',(#598),#9804,.F.);
#10248=ADVANCED_FACE('',(#599),#266,.T.);
#10249=ADVANCED_FACE('',(#600),#9805,.F.);
#10250=ADVANCED_FACE('',(#601),#9806,.F.);
#10251=ADVANCED_FACE('',(#602),#267,.T.);
#10252=ADVANCED_FACE('',(#603),#9807,.F.);
#10253=ADVANCED_FACE('',(#604),#268,.T.);
#10254=ADVANCED_FACE('',(#605),#9808,.F.);
#10255=ADVANCED_FACE('',(#606),#269,.T.);
#10256=ADVANCED_FACE('',(#607),#270,.T.);
#10257=ADVANCED_FACE('',(#608),#9809,.F.);
#10258=ADVANCED_FACE('',(#609),#9810,.F.);
#10259=ADVANCED_FACE('',(#610),#271,.T.);
#10260=ADVANCED_FACE('',(#611),#9811,.F.);
#10261=ADVANCED_FACE('',(#612),#272,.T.);
#10262=ADVANCED_FACE('',(#613),#273,.F.);
#10263=ADVANCED_FACE('',(#614),#69,.F.);
#10264=ADVANCED_FACE('',(#615),#274,.F.);
#10265=ADVANCED_FACE('',(#616),#70,.F.);
#10266=ADVANCED_FACE('',(#617),#275,.F.);
#10267=ADVANCED_FACE('',(#618),#71,.F.);
#10268=ADVANCED_FACE('',(#619),#276,.F.);
#10269=ADVANCED_FACE('',(#620),#72,.F.);
#10270=ADVANCED_FACE('',(#621),#277,.T.);
#10271=ADVANCED_FACE('',(#622),#9812,.F.);
#10272=ADVANCED_FACE('',(#623),#278,.T.);
#10273=ADVANCED_FACE('',(#624),#9813,.F.);
#10274=ADVANCED_FACE('',(#625),#9814,.F.);
#10275=ADVANCED_FACE('',(#626),#279,.T.);
#10276=ADVANCED_FACE('',(#627),#9815,.F.);
#10277=ADVANCED_FACE('',(#628),#280,.T.);
#10278=ADVANCED_FACE('',(#629),#9816,.F.);
#10279=ADVANCED_FACE('',(#630),#281,.T.);
#10280=ADVANCED_FACE('',(#631),#282,.T.);
#10281=ADVANCED_FACE('',(#632),#9817,.F.);
#10282=ADVANCED_FACE('',(#633),#9818,.F.);
#10283=ADVANCED_FACE('',(#634),#283,.T.);
#10284=ADVANCED_FACE('',(#635),#9819,.F.);
#10285=ADVANCED_FACE('',(#636),#284,.T.);
#10286=ADVANCED_FACE('',(#637),#285,.F.);
#10287=ADVANCED_FACE('',(#638),#73,.F.);
#10288=ADVANCED_FACE('',(#639),#286,.F.);
#10289=ADVANCED_FACE('',(#640),#74,.F.);
#10290=ADVANCED_FACE('',(#641),#287,.F.);
#10291=ADVANCED_FACE('',(#642),#75,.F.);
#10292=ADVANCED_FACE('',(#643),#288,.F.);
#10293=ADVANCED_FACE('',(#644),#76,.F.);
#10294=ADVANCED_FACE('',(#645),#9820,.F.);
#10295=ADVANCED_FACE('',(#646),#289,.T.);
#10296=ADVANCED_FACE('',(#647),#9821,.F.);
#10297=ADVANCED_FACE('',(#648),#290,.T.);
#10298=ADVANCED_FACE('',(#649),#9822,.F.);
#10299=ADVANCED_FACE('',(#650),#291,.T.);
#10300=ADVANCED_FACE('',(#651),#9823,.F.);
#10301=ADVANCED_FACE('',(#652),#292,.T.);
#10302=ADVANCED_FACE('',(#653),#9824,.F.);
#10303=ADVANCED_FACE('',(#654),#293,.T.);
#10304=ADVANCED_FACE('',(#655),#9825,.F.);
#10305=ADVANCED_FACE('',(#656),#294,.T.);
#10306=ADVANCED_FACE('',(#657),#9826,.F.);
#10307=ADVANCED_FACE('',(#658),#295,.T.);
#10308=ADVANCED_FACE('',(#659),#9827,.F.);
#10309=ADVANCED_FACE('',(#660),#296,.T.);
#10310=ADVANCED_FACE('',(#661),#77,.F.);
#10311=ADVANCED_FACE('',(#662),#297,.F.);
#10312=ADVANCED_FACE('',(#663),#78,.F.);
#10313=ADVANCED_FACE('',(#664),#298,.F.);
#10314=ADVANCED_FACE('',(#665),#79,.F.);
#10315=ADVANCED_FACE('',(#666),#299,.F.);
#10316=ADVANCED_FACE('',(#667),#80,.F.);
#10317=ADVANCED_FACE('',(#668),#300,.F.);
#10318=ADVANCED_FACE('',(#669),#9828,.F.);
#10319=ADVANCED_FACE('',(#670),#9829,.F.);
#10320=ADVANCED_FACE('',(#671),#301,.T.);
#10321=ADVANCED_FACE('',(#672),#9830,.F.);
#10322=ADVANCED_FACE('',(#673),#302,.T.);
#10323=ADVANCED_FACE('',(#674),#9831,.F.);
#10324=ADVANCED_FACE('',(#675),#303,.T.);
#10325=ADVANCED_FACE('',(#676),#9832,.F.);
#10326=ADVANCED_FACE('',(#677),#304,.T.);
#10327=ADVANCED_FACE('',(#678),#305,.T.);
#10328=ADVANCED_FACE('',(#679),#9833,.F.);
#10329=ADVANCED_FACE('',(#680),#306,.T.);
#10330=ADVANCED_FACE('',(#681),#9834,.F.);
#10331=ADVANCED_FACE('',(#682),#307,.T.);
#10332=ADVANCED_FACE('',(#683),#308,.T.);
#10333=ADVANCED_FACE('',(#684),#9835,.F.);
#10334=ADVANCED_FACE('',(#685),#309,.F.);
#10335=ADVANCED_FACE('',(#686),#81,.F.);
#10336=ADVANCED_FACE('',(#687),#310,.F.);
#10337=ADVANCED_FACE('',(#688),#82,.F.);
#10338=ADVANCED_FACE('',(#689),#311,.F.);
#10339=ADVANCED_FACE('',(#690),#83,.F.);
#10340=ADVANCED_FACE('',(#691),#312,.F.);
#10341=ADVANCED_FACE('',(#692),#84,.F.);
#10342=ADVANCED_FACE('',(#693),#9836,.F.);
#10343=ADVANCED_FACE('',(#694),#9837,.F.);
#10344=ADVANCED_FACE('',(#695),#313,.T.);
#10345=ADVANCED_FACE('',(#696),#9838,.F.);
#10346=ADVANCED_FACE('',(#697),#314,.T.);
#10347=ADVANCED_FACE('',(#698),#9839,.F.);
#10348=ADVANCED_FACE('',(#699),#315,.T.);
#10349=ADVANCED_FACE('',(#700),#9840,.F.);
#10350=ADVANCED_FACE('',(#701),#316,.T.);
#10351=ADVANCED_FACE('',(#702),#317,.T.);
#10352=ADVANCED_FACE('',(#703),#9841,.F.);
#10353=ADVANCED_FACE('',(#704),#318,.T.);
#10354=ADVANCED_FACE('',(#705),#9842,.F.);
#10355=ADVANCED_FACE('',(#706),#319,.T.);
#10356=ADVANCED_FACE('',(#707),#320,.T.);
#10357=ADVANCED_FACE('',(#708),#9843,.F.);
#10358=ADVANCED_FACE('',(#709),#321,.F.);
#10359=ADVANCED_FACE('',(#710),#85,.F.);
#10360=ADVANCED_FACE('',(#711),#322,.F.);
#10361=ADVANCED_FACE('',(#712),#86,.F.);
#10362=ADVANCED_FACE('',(#713),#323,.F.);
#10363=ADVANCED_FACE('',(#714),#87,.F.);
#10364=ADVANCED_FACE('',(#715),#324,.F.);
#10365=ADVANCED_FACE('',(#716),#88,.F.);
#10366=ADVANCED_FACE('',(#717),#9844,.F.);
#10367=ADVANCED_FACE('',(#718),#325,.T.);
#10368=ADVANCED_FACE('',(#719),#9845,.F.);
#10369=ADVANCED_FACE('',(#720),#9846,.F.);
#10370=ADVANCED_FACE('',(#721),#326,.T.);
#10371=ADVANCED_FACE('',(#722),#9847,.F.);
#10372=ADVANCED_FACE('',(#723),#327,.T.);
#10373=ADVANCED_FACE('',(#724),#9848,.F.);
#10374=ADVANCED_FACE('',(#725),#328,.T.);
#10375=ADVANCED_FACE('',(#726),#329,.T.);
#10376=ADVANCED_FACE('',(#727),#9849,.F.);
#10377=ADVANCED_FACE('',(#728),#330,.T.);
#10378=ADVANCED_FACE('',(#729),#9850,.F.);
#10379=ADVANCED_FACE('',(#730),#331,.T.);
#10380=ADVANCED_FACE('',(#731),#9851,.F.);
#10381=ADVANCED_FACE('',(#732),#332,.T.);
#10382=ADVANCED_FACE('',(#733),#333,.F.);
#10383=ADVANCED_FACE('',(#734),#89,.F.);
#10384=ADVANCED_FACE('',(#735),#334,.F.);
#10385=ADVANCED_FACE('',(#736),#90,.F.);
#10386=ADVANCED_FACE('',(#737),#335,.F.);
#10387=ADVANCED_FACE('',(#738),#91,.F.);
#10388=ADVANCED_FACE('',(#739),#336,.F.);
#10389=ADVANCED_FACE('',(#740),#92,.F.);
#10390=ADVANCED_FACE('',(#741),#9852,.F.);
#10391=ADVANCED_FACE('',(#742),#337,.T.);
#10392=ADVANCED_FACE('',(#743),#9853,.F.);
#10393=ADVANCED_FACE('',(#744),#9854,.F.);
#10394=ADVANCED_FACE('',(#745),#338,.T.);
#10395=ADVANCED_FACE('',(#746),#9855,.F.);
#10396=ADVANCED_FACE('',(#747),#339,.T.);
#10397=ADVANCED_FACE('',(#748),#9856,.F.);
#10398=ADVANCED_FACE('',(#749),#340,.T.);
#10399=ADVANCED_FACE('',(#750),#341,.T.);
#10400=ADVANCED_FACE('',(#751),#9857,.F.);
#10401=ADVANCED_FACE('',(#752),#342,.T.);
#10402=ADVANCED_FACE('',(#753),#9858,.F.);
#10403=ADVANCED_FACE('',(#754),#343,.T.);
#10404=ADVANCED_FACE('',(#755),#9859,.F.);
#10405=ADVANCED_FACE('',(#756),#344,.T.);
#10406=ADVANCED_FACE('',(#757),#345,.F.);
#10407=ADVANCED_FACE('',(#758),#93,.F.);
#10408=ADVANCED_FACE('',(#759),#346,.F.);
#10409=ADVANCED_FACE('',(#760),#94,.F.);
#10410=ADVANCED_FACE('',(#761),#347,.F.);
#10411=ADVANCED_FACE('',(#762),#95,.F.);
#10412=ADVANCED_FACE('',(#763),#348,.F.);
#10413=ADVANCED_FACE('',(#764),#96,.F.);
#10414=ADVANCED_FACE('',(#765),#9860,.F.);
#10415=ADVANCED_FACE('',(#766),#349,.T.);
#10416=ADVANCED_FACE('',(#767),#9861,.F.);
#10417=ADVANCED_FACE('',(#768),#9862,.F.);
#10418=ADVANCED_FACE('',(#769),#350,.T.);
#10419=ADVANCED_FACE('',(#770),#9863,.F.);
#10420=ADVANCED_FACE('',(#771),#351,.T.);
#10421=ADVANCED_FACE('',(#772),#9864,.F.);
#10422=ADVANCED_FACE('',(#773),#352,.T.);
#10423=ADVANCED_FACE('',(#774),#353,.T.);
#10424=ADVANCED_FACE('',(#775),#9865,.F.);
#10425=ADVANCED_FACE('',(#776),#354,.T.);
#10426=ADVANCED_FACE('',(#777),#9866,.F.);
#10427=ADVANCED_FACE('',(#778),#355,.T.);
#10428=ADVANCED_FACE('',(#779),#9867,.F.);
#10429=ADVANCED_FACE('',(#780),#356,.T.);
#10430=ADVANCED_FACE('',(#781),#357,.F.);
#10431=ADVANCED_FACE('',(#782),#97,.F.);
#10432=ADVANCED_FACE('',(#783),#358,.F.);
#10433=ADVANCED_FACE('',(#784),#98,.F.);
#10434=ADVANCED_FACE('',(#785),#359,.F.);
#10435=ADVANCED_FACE('',(#786),#99,.F.);
#10436=ADVANCED_FACE('',(#787),#360,.F.);
#10437=ADVANCED_FACE('',(#788),#100,.F.);
#10438=ADVANCED_FACE('',(#789),#9868,.F.);
#10439=ADVANCED_FACE('',(#790),#361,.T.);
#10440=ADVANCED_FACE('',(#791),#9869,.F.);
#10441=ADVANCED_FACE('',(#792),#362,.T.);
#10442=ADVANCED_FACE('',(#793),#9870,.F.);
#10443=ADVANCED_FACE('',(#794),#9871,.F.);
#10444=ADVANCED_FACE('',(#795),#363,.T.);
#10445=ADVANCED_FACE('',(#796),#9872,.F.);
#10446=ADVANCED_FACE('',(#797),#364,.T.);
#10447=ADVANCED_FACE('',(#798),#365,.T.);
#10448=ADVANCED_FACE('',(#799),#9873,.F.);
#10449=ADVANCED_FACE('',(#800),#366,.T.);
#10450=ADVANCED_FACE('',(#801),#9874,.F.);
#10451=ADVANCED_FACE('',(#802),#367,.T.);
#10452=ADVANCED_FACE('',(#803),#368,.T.);
#10453=ADVANCED_FACE('',(#804),#9875,.F.);
#10454=ADVANCED_FACE('',(#805),#101,.F.);
#10455=ADVANCED_FACE('',(#806),#369,.F.);
#10456=ADVANCED_FACE('',(#807),#102,.F.);
#10457=ADVANCED_FACE('',(#808),#370,.F.);
#10458=ADVANCED_FACE('',(#809),#103,.F.);
#10459=ADVANCED_FACE('',(#810),#371,.F.);
#10460=ADVANCED_FACE('',(#811),#104,.F.);
#10461=ADVANCED_FACE('',(#812),#372,.F.);
#10462=ADVANCED_FACE('',(#813),#9876,.F.);
#10463=ADVANCED_FACE('',(#814),#9877,.F.);
#10464=ADVANCED_FACE('',(#815),#373,.T.);
#10465=ADVANCED_FACE('',(#816),#9878,.F.);
#10466=ADVANCED_FACE('',(#817),#374,.T.);
#10467=ADVANCED_FACE('',(#818),#9879,.F.);
#10468=ADVANCED_FACE('',(#819),#375,.T.);
#10469=ADVANCED_FACE('',(#820),#9880,.F.);
#10470=ADVANCED_FACE('',(#821),#376,.T.);
#10471=ADVANCED_FACE('',(#822),#377,.T.);
#10472=ADVANCED_FACE('',(#823),#9881,.F.);
#10473=ADVANCED_FACE('',(#824),#378,.T.);
#10474=ADVANCED_FACE('',(#825),#9882,.F.);
#10475=ADVANCED_FACE('',(#826),#379,.T.);
#10476=ADVANCED_FACE('',(#827),#380,.T.);
#10477=ADVANCED_FACE('',(#828),#9883,.F.);
#10478=ADVANCED_FACE('',(#829),#381,.F.);
#10479=ADVANCED_FACE('',(#830),#105,.F.);
#10480=ADVANCED_FACE('',(#831),#382,.F.);
#10481=ADVANCED_FACE('',(#832),#106,.F.);
#10482=ADVANCED_FACE('',(#833),#383,.F.);
#10483=ADVANCED_FACE('',(#834),#107,.F.);
#10484=ADVANCED_FACE('',(#835),#384,.F.);
#10485=ADVANCED_FACE('',(#836),#108,.F.);
#10486=ADVANCED_FACE('',(#837),#9884,.F.);
#10487=ADVANCED_FACE('',(#838),#385,.T.);
#10488=ADVANCED_FACE('',(#839),#9885,.F.);
#10489=ADVANCED_FACE('',(#840),#386,.T.);
#10490=ADVANCED_FACE('',(#841),#9886,.F.);
#10491=ADVANCED_FACE('',(#842),#387,.T.);
#10492=ADVANCED_FACE('',(#843),#9887,.F.);
#10493=ADVANCED_FACE('',(#844),#388,.T.);
#10494=ADVANCED_FACE('',(#845),#389,.T.);
#10495=ADVANCED_FACE('',(#846),#9888,.F.);
#10496=ADVANCED_FACE('',(#847),#390,.T.);
#10497=ADVANCED_FACE('',(#848),#9889,.F.);
#10498=ADVANCED_FACE('',(#849),#391,.T.);
#10499=ADVANCED_FACE('',(#850),#9890,.F.);
#10500=ADVANCED_FACE('',(#851),#392,.T.);
#10501=ADVANCED_FACE('',(#852),#9891,.F.);
#10502=ADVANCED_FACE('',(#853),#109,.F.);
#10503=ADVANCED_FACE('',(#854),#393,.F.);
#10504=ADVANCED_FACE('',(#855),#110,.F.);
#10505=ADVANCED_FACE('',(#856),#394,.F.);
#10506=ADVANCED_FACE('',(#857),#111,.F.);
#10507=ADVANCED_FACE('',(#858),#395,.F.);
#10508=ADVANCED_FACE('',(#859),#112,.F.);
#10509=ADVANCED_FACE('',(#860),#396,.F.);
#10510=ADVANCED_FACE('',(#861),#9892,.F.);
#10511=ADVANCED_FACE('',(#862),#397,.T.);
#10512=ADVANCED_FACE('',(#863),#9893,.F.);
#10513=ADVANCED_FACE('',(#864),#398,.T.);
#10514=ADVANCED_FACE('',(#865),#9894,.F.);
#10515=ADVANCED_FACE('',(#866),#399,.T.);
#10516=ADVANCED_FACE('',(#867),#9895,.F.);
#10517=ADVANCED_FACE('',(#868),#400,.T.);
#10518=ADVANCED_FACE('',(#869),#401,.T.);
#10519=ADVANCED_FACE('',(#870),#9896,.F.);
#10520=ADVANCED_FACE('',(#871),#402,.T.);
#10521=ADVANCED_FACE('',(#872),#9897,.F.);
#10522=ADVANCED_FACE('',(#873),#403,.T.);
#10523=ADVANCED_FACE('',(#874),#9898,.F.);
#10524=ADVANCED_FACE('',(#875),#404,.T.);
#10525=ADVANCED_FACE('',(#876),#9899,.F.);
#10526=ADVANCED_FACE('',(#877),#113,.F.);
#10527=ADVANCED_FACE('',(#878),#405,.F.);
#10528=ADVANCED_FACE('',(#879),#114,.F.);
#10529=ADVANCED_FACE('',(#880),#406,.F.);
#10530=ADVANCED_FACE('',(#881),#115,.F.);
#10531=ADVANCED_FACE('',(#882),#407,.F.);
#10532=ADVANCED_FACE('',(#883),#116,.F.);
#10533=ADVANCED_FACE('',(#884),#408,.F.);
#10534=ADVANCED_FACE('',(#885),#9900,.F.);
#10535=ADVANCED_FACE('',(#886),#409,.T.);
#10536=ADVANCED_FACE('',(#887),#9901,.F.);
#10537=ADVANCED_FACE('',(#888),#410,.T.);
#10538=ADVANCED_FACE('',(#889),#9902,.F.);
#10539=ADVANCED_FACE('',(#890),#411,.T.);
#10540=ADVANCED_FACE('',(#891),#9903,.F.);
#10541=ADVANCED_FACE('',(#892),#412,.T.);
#10542=ADVANCED_FACE('',(#893),#413,.T.);
#10543=ADVANCED_FACE('',(#894),#9904,.F.);
#10544=ADVANCED_FACE('',(#895),#414,.T.);
#10545=ADVANCED_FACE('',(#896),#9905,.F.);
#10546=ADVANCED_FACE('',(#897),#415,.T.);
#10547=ADVANCED_FACE('',(#898),#9906,.F.);
#10548=ADVANCED_FACE('',(#899),#416,.T.);
#10549=ADVANCED_FACE('',(#900),#9907,.F.);
#10550=ADVANCED_FACE('',(#901),#117,.F.);
#10551=ADVANCED_FACE('',(#902),#417,.F.);
#10552=ADVANCED_FACE('',(#903),#118,.F.);
#10553=ADVANCED_FACE('',(#904),#418,.F.);
#10554=ADVANCED_FACE('',(#905),#119,.F.);
#10555=ADVANCED_FACE('',(#906),#419,.F.);
#10556=ADVANCED_FACE('',(#907),#120,.F.);
#10557=ADVANCED_FACE('',(#908),#420,.F.);
#10558=ADVANCED_FACE('',(#909),#121,.F.);
#10559=ADVANCED_FACE('',(#910),#421,.F.);
#10560=ADVANCED_FACE('',(#911),#122,.F.);
#10561=ADVANCED_FACE('',(#912),#422,.T.);
#10562=ADVANCED_FACE('',(#913,#37,#38,#39,#40),#423,.T.);
#10563=ADVANCED_FACE('',(#914),#9908,.F.);
#10564=ADVANCED_FACE('',(#915),#123,.F.);
#10565=ADVANCED_FACE('',(#916),#124,.T.);
#10566=ADVANCED_FACE('',(#917),#125,.T.);
#10567=ADVANCED_FACE('',(#918,#41),#424,.T.);
#10568=ADVANCED_FACE('',(#919,#42,#43,#44,#45,#46,#47,#48,#49,#50,#51,#52,
#53,#54,#55,#56),#425,.F.);
#10569=ADVANCED_FACE('',(#920),#9909,.F.);
#10570=ADVANCED_FACE('',(#921),#126,.F.);
#10571=ADVANCED_FACE('',(#922),#9910,.F.);
#10572=ADVANCED_FACE('',(#923),#127,.F.);
#10573=ADVANCED_FACE('',(#924),#9911,.F.);
#10574=ADVANCED_FACE('',(#925),#128,.F.);
#10575=ADVANCED_FACE('',(#926),#9912,.F.);
#10576=ADVANCED_FACE('',(#927),#129,.F.);
#10577=ADVANCED_FACE('',(#928),#130,.T.);
#10578=ADVANCED_FACE('',(#929),#131,.T.);
#10579=ADVANCED_FACE('',(#930),#132,.T.);
#10580=ADVANCED_FACE('',(#931),#426,.F.);
#10581=ADVANCED_FACE('',(#932),#133,.T.);
#10582=ADVANCED_FACE('',(#933),#134,.T.);
#10583=ADVANCED_FACE('',(#934),#427,.F.);
#10584=ADVANCED_FACE('',(#935),#135,.T.);
#10585=ADVANCED_FACE('',(#936),#136,.T.);
#10586=ADVANCED_FACE('',(#937),#428,.T.);
#10587=ADVANCED_FACE('',(#938),#137,.T.);
#10588=ADVANCED_FACE('',(#939),#138,.T.);
#10589=ADVANCED_FACE('',(#940),#429,.T.);
#10590=ADVANCED_FACE('',(#941),#139,.T.);
#10591=ADVANCED_FACE('',(#942),#430,.T.);
#10592=ADVANCED_FACE('',(#943),#431,.T.);
#10593=ADVANCED_FACE('',(#944),#140,.T.);
#10594=ADVANCED_FACE('',(#945),#432,.T.);
#10595=ADVANCED_FACE('',(#946),#433,.F.);
#10596=ADVANCED_FACE('',(#947),#141,.F.);
#10597=ADVANCED_FACE('',(#948),#434,.F.);
#10598=ADVANCED_FACE('',(#949),#435,.F.);
#10599=ADVANCED_FACE('',(#950),#436,.F.);
#10600=ADVANCED_FACE('',(#951),#142,.F.);
#10601=ADVANCED_FACE('',(#952),#437,.F.);
#10602=ADVANCED_FACE('',(#953),#438,.F.);
#10603=ADVANCED_FACE('',(#954),#439,.T.);
#10604=ADVANCED_FACE('',(#955),#440,.T.);
#10605=ADVANCED_FACE('',(#956),#143,.T.);
#10606=ADVANCED_FACE('',(#957),#441,.T.);
#10607=ADVANCED_FACE('',(#958),#144,.F.);
#10608=ADVANCED_FACE('',(#959),#442,.T.);
#10609=ADVANCED_FACE('',(#960),#145,.T.);
#10610=ADVANCED_FACE('',(#961),#443,.T.);
#10611=ADVANCED_FACE('',(#962),#146,.F.);
#10612=ADVANCED_FACE('',(#963),#444,.T.);
#10613=ADVANCED_FACE('',(#964),#147,.F.);
#10614=ADVANCED_FACE('',(#965),#445,.T.);
#10615=ADVANCED_FACE('',(#966),#148,.T.);
#10616=ADVANCED_FACE('',(#967),#446,.T.);
#10617=ADVANCED_FACE('',(#968),#149,.F.);
#10618=ADVANCED_FACE('',(#969),#447,.T.);
#10619=ADVANCED_FACE('',(#970),#150,.F.);
#10620=ADVANCED_FACE('',(#971),#448,.T.);
#10621=ADVANCED_FACE('',(#972),#151,.F.);
#10622=ADVANCED_FACE('',(#973),#449,.T.);
#10623=ADVANCED_FACE('',(#974),#152,.F.);
#10624=ADVANCED_FACE('',(#975),#450,.T.);
#10625=ADVANCED_FACE('',(#976),#153,.T.);
#10626=ADVANCED_FACE('',(#977),#451,.T.);
#10627=ADVANCED_FACE('',(#978),#154,.F.);
#10628=ADVANCED_FACE('',(#979),#452,.T.);
#10629=ADVANCED_FACE('',(#980),#155,.F.);
#10630=ADVANCED_FACE('',(#981),#453,.T.);
#10631=ADVANCED_FACE('',(#982),#156,.T.);
#10632=ADVANCED_FACE('',(#983),#454,.T.);
#10633=ADVANCED_FACE('',(#984),#157,.F.);
#10634=ADVANCED_FACE('',(#985),#455,.T.);
#10635=ADVANCED_FACE('',(#986),#158,.F.);
#10636=ADVANCED_FACE('',(#987),#456,.T.);
#10637=ADVANCED_FACE('',(#988),#159,.F.);
#10638=ADVANCED_FACE('',(#989),#160,.F.);
#10639=ADVANCED_FACE('',(#990),#161,.F.);
#10640=ADVANCED_FACE('',(#991),#457,.F.);
#10641=ADVANCED_FACE('',(#992),#162,.F.);
#10642=ADVANCED_FACE('',(#993),#458,.F.);
#10643=ADVANCED_FACE('',(#994),#163,.F.);
#10644=ADVANCED_FACE('',(#995),#164,.F.);
#10645=ADVANCED_FACE('',(#996),#165,.F.);
#10646=ADVANCED_FACE('',(#997),#459,.F.);
#10647=ADVANCED_FACE('',(#998),#166,.F.);
#10648=ADVANCED_FACE('',(#999),#460,.F.);
#10649=ADVANCED_FACE('',(#1000),#167,.F.);
#10650=ADVANCED_FACE('',(#1001),#168,.F.);
#10651=ADVANCED_FACE('',(#1002),#169,.F.);
#10652=ADVANCED_FACE('',(#1003),#170,.F.);
#10653=ADVANCED_FACE('',(#1004),#171,.F.);
#10654=ADVANCED_FACE('',(#1005),#461,.F.);
#10655=ADVANCED_FACE('',(#1006),#172,.F.);
#10656=ADVANCED_FACE('',(#1007),#173,.F.);
#10657=ADVANCED_FACE('',(#1008),#462,.F.);
#10658=ADVANCED_FACE('',(#1009),#174,.F.);
#10659=ADVANCED_FACE('',(#1010),#175,.F.);
#10660=ADVANCED_FACE('',(#1011),#463,.F.);
#10661=ADVANCED_FACE('',(#1012),#176,.F.);
#10662=ADVANCED_FACE('',(#1013),#177,.F.);
#10663=ADVANCED_FACE('',(#1014),#464,.F.);
#10664=ADVANCED_FACE('',(#1015),#178,.F.);
#10665=ADVANCED_FACE('',(#1016),#179,.F.);
#10666=ADVANCED_FACE('',(#1017),#180,.F.);
#10667=ADVANCED_FACE('',(#1018),#465,.F.);
#10668=ADVANCED_FACE('',(#1019),#181,.F.);
#10669=ADVANCED_FACE('',(#1020),#466,.F.);
#10670=ADVANCED_FACE('',(#1021),#182,.F.);
#10671=ADVANCED_FACE('',(#1022),#467,.F.);
#10672=ADVANCED_FACE('',(#1023),#183,.F.);
#10673=ADVANCED_FACE('',(#1024),#468,.F.);
#10674=ADVANCED_FACE('',(#1025),#184,.F.);
#10675=ADVANCED_FACE('',(#1026),#469,.F.);
#10676=ADVANCED_FACE('',(#1027),#185,.F.);
#10677=ADVANCED_FACE('',(#1028),#470,.F.);
#10678=ADVANCED_FACE('',(#1029),#186,.F.);
#10679=ADVANCED_FACE('',(#1030),#187,.F.);
#10680=ADVANCED_FACE('',(#1031),#471,.F.);
#10681=ADVANCED_FACE('',(#1032),#188,.F.);
#10682=ADVANCED_FACE('',(#1033),#189,.F.);
#10683=ADVANCED_FACE('',(#1034),#472,.F.);
#10684=ADVANCED_FACE('',(#1035),#190,.F.);
#10685=ADVANCED_FACE('',(#1036),#191,.F.);
#10686=ADVANCED_FACE('',(#1037),#473,.F.);
#10687=ADVANCED_FACE('',(#1038),#192,.F.);
#10688=ADVANCED_FACE('',(#1039),#193,.F.);
#10689=ADVANCED_FACE('',(#1040),#474,.F.);
#10690=ADVANCED_FACE('',(#1041),#194,.F.);
#10691=ADVANCED_FACE('',(#1042),#195,.F.);
#10692=ADVANCED_FACE('',(#1043),#196,.F.);
#10693=ADVANCED_FACE('',(#1044),#475,.F.);
#10694=ADVANCED_FACE('',(#1045),#197,.F.);
#10695=ADVANCED_FACE('',(#1046),#198,.F.);
#10696=ADVANCED_FACE('',(#1047),#476,.F.);
#10697=ADVANCED_FACE('',(#1048),#199,.F.);
#10698=ADVANCED_FACE('',(#1049),#200,.F.);
#10699=ADVANCED_FACE('',(#1050),#201,.F.);
#10700=ADVANCED_FACE('',(#1051),#477,.F.);
#10701=ADVANCED_FACE('',(#1052),#202,.F.);
#10702=ADVANCED_FACE('',(#1053),#203,.F.);
#10703=ADVANCED_FACE('',(#1054),#478,.F.);
#10704=ADVANCED_FACE('',(#1055),#204,.F.);
#10705=ADVANCED_FACE('',(#1056),#205,.F.);
#10706=ADVANCED_FACE('',(#1057),#479,.F.);
#10707=ADVANCED_FACE('',(#1058),#206,.F.);
#10708=ADVANCED_FACE('',(#1059),#207,.F.);
#10709=ADVANCED_FACE('',(#1060),#480,.F.);
#10710=ADVANCED_FACE('',(#1061),#208,.F.);
#10711=ADVANCED_FACE('',(#1062),#209,.F.);
#10712=ADVANCED_FACE('',(#1063),#481,.F.);
#10713=ADVANCED_FACE('',(#1064),#210,.F.);
#10714=ADVANCED_FACE('',(#1065),#211,.F.);
#10715=ADVANCED_FACE('',(#1066),#482,.F.);
#10716=ADVANCED_FACE('',(#1067),#212,.F.);
#10717=ADVANCED_FACE('',(#1068),#213,.F.);
#10718=ADVANCED_FACE('',(#1069),#483,.F.);
#10719=ADVANCED_FACE('',(#1070),#214,.F.);
#10720=ADVANCED_FACE('',(#1071),#215,.F.);
#10721=ADVANCED_FACE('',(#1072),#216,.F.);
#10722=ADVANCED_FACE('',(#1073),#484,.F.);
#10723=ADVANCED_FACE('',(#1074),#217,.F.);
#10724=ADVANCED_FACE('',(#1075),#485,.F.);
#10725=ADVANCED_FACE('',(#1076),#218,.F.);
#10726=ADVANCED_FACE('',(#1077),#486,.F.);
#10727=ADVANCED_FACE('',(#1078),#219,.F.);
#10728=ADVANCED_FACE('',(#1079),#487,.F.);
#10729=ADVANCED_FACE('',(#1080),#220,.F.);
#10730=ADVANCED_FACE('',(#1081),#488,.F.);
#10731=ADVANCED_FACE('',(#1082),#221,.F.);
#10732=ADVANCED_FACE('',(#1083),#222,.F.);
#10733=ADVANCED_FACE('',(#1084),#223,.F.);
#10734=ADVANCED_FACE('',(#1085),#489,.F.);
#10735=ADVANCED_FACE('',(#1086),#490,.F.);
#10736=ADVANCED_FACE('',(#1087),#491,.F.);
#10737=ADVANCED_FACE('',(#1088),#492,.F.);
#10738=ADVANCED_FACE('',(#1089),#493,.F.);
#10739=ADVANCED_FACE('',(#1090),#494,.F.);
#10740=ADVANCED_FACE('',(#1091),#495,.F.);
#10741=ADVANCED_FACE('',(#1092),#496,.F.);
#10742=ADVANCED_FACE('',(#1093),#497,.F.);
#10743=ADVANCED_FACE('',(#1094),#498,.F.);
#10744=ADVANCED_FACE('',(#1095),#499,.F.);
#10745=ADVANCED_FACE('',(#1096),#500,.F.);
#10746=ADVANCED_FACE('',(#1097),#501,.F.);
#10747=ADVANCED_FACE('',(#1098),#502,.F.);
#10748=ADVANCED_FACE('',(#1099),#503,.F.);
#10749=ADVANCED_FACE('',(#1100),#504,.F.);
#10750=ADVANCED_FACE('',(#1101),#505,.F.);
#10751=ADVANCED_FACE('',(#1102),#506,.F.);
#10752=ADVANCED_FACE('',(#1103),#507,.F.);
#10753=ADVANCED_FACE('',(#1104),#508,.F.);
#10754=ADVANCED_FACE('',(#1105),#509,.F.);
#10755=ADVANCED_FACE('',(#1106),#510,.F.);
#10756=ADVANCED_FACE('',(#1107),#511,.F.);
#10757=ADVANCED_FACE('',(#1108),#512,.F.);
#10758=ADVANCED_FACE('',(#1109),#513,.F.);
#10759=ADVANCED_FACE('',(#1110),#514,.F.);
#10760=ADVANCED_FACE('',(#1111),#515,.F.);
#10761=ADVANCED_FACE('',(#1112),#516,.F.);
#10762=ADVANCED_FACE('',(#1113),#517,.F.);
#10763=ADVANCED_FACE('',(#1114),#518,.F.);
#10764=ADVANCED_FACE('',(#1115),#519,.F.);
#10765=ADVANCED_FACE('',(#1116),#520,.F.);
#10766=ADVANCED_FACE('',(#1117),#521,.T.);
#10767=ADVANCED_FACE('',(#1118),#224,.T.);
#10768=ADVANCED_FACE('',(#1119),#522,.T.);
#10769=ADVANCED_FACE('',(#1120),#225,.T.);
#10770=ADVANCED_FACE('',(#1121),#523,.T.);
#10771=ADVANCED_FACE('',(#1122),#226,.T.);
#10772=ADVANCED_FACE('',(#1123),#227,.T.);
#10773=CLOSED_SHELL('',(#10173,#10174,#10175,#10176,#10177,#10178,#10179,
#10180,#10181,#10182,#10183,#10184,#10185,#10186,#10187,#10188,#10189,#10190,
#10191,#10192,#10193,#10194,#10195,#10196,#10197,#10198,#10199,#10200,#10201,
#10202,#10203,#10204,#10205,#10206,#10207,#10208,#10209,#10210,#10211,#10212,
#10213,#10214,#10215,#10216,#10217,#10218,#10219,#10220,#10221,#10222,#10223,
#10224,#10225,#10226,#10227,#10228,#10229,#10230,#10231,#10232,#10233,#10234,
#10235,#10236,#10237,#10238,#10239,#10240,#10241,#10242,#10243,#10244,#10245,
#10246,#10247,#10248,#10249,#10250,#10251,#10252,#10253,#10254,#10255,#10256,
#10257,#10258,#10259,#10260,#10261,#10262,#10263,#10264,#10265,#10266,#10267,
#10268,#10269,#10270,#10271,#10272,#10273,#10274,#10275,#10276,#10277,#10278,
#10279,#10280,#10281,#10282,#10283,#10284,#10285,#10286,#10287,#10288,#10289,
#10290,#10291,#10292,#10293,#10294,#10295,#10296,#10297,#10298,#10299,#10300,
#10301,#10302,#10303,#10304,#10305,#10306,#10307,#10308,#10309,#10310,#10311,
#10312,#10313,#10314,#10315,#10316,#10317,#10318,#10319,#10320,#10321,#10322,
#10323,#10324,#10325,#10326,#10327,#10328,#10329,#10330,#10331,#10332,#10333,
#10334,#10335,#10336,#10337,#10338,#10339,#10340,#10341,#10342,#10343,#10344,
#10345,#10346,#10347,#10348,#10349,#10350,#10351,#10352,#10353,#10354,#10355,
#10356,#10357,#10358,#10359,#10360,#10361,#10362,#10363,#10364,#10365,#10366,
#10367,#10368,#10369,#10370,#10371,#10372,#10373,#10374,#10375,#10376,#10377,
#10378,#10379,#10380,#10381,#10382,#10383,#10384,#10385,#10386,#10387,#10388,
#10389,#10390,#10391,#10392,#10393,#10394,#10395,#10396,#10397,#10398,#10399,
#10400,#10401,#10402,#10403,#10404,#10405,#10406,#10407,#10408,#10409,#10410,
#10411,#10412,#10413,#10414,#10415,#10416,#10417,#10418,#10419,#10420,#10421,
#10422,#10423,#10424,#10425,#10426,#10427,#10428,#10429,#10430,#10431,#10432,
#10433,#10434,#10435,#10436,#10437,#10438,#10439,#10440,#10441,#10442,#10443,
#10444,#10445,#10446,#10447,#10448,#10449,#10450,#10451,#10452,#10453,#10454,
#10455,#10456,#10457,#10458,#10459,#10460,#10461,#10462,#10463,#10464,#10465,
#10466,#10467,#10468,#10469,#10470,#10471,#10472,#10473,#10474,#10475,#10476,
#10477,#10478,#10479,#10480,#10481,#10482,#10483,#10484,#10485,#10486,#10487,
#10488,#10489,#10490,#10491,#10492,#10493,#10494,#10495,#10496,#10497,#10498,
#10499,#10500,#10501,#10502,#10503,#10504,#10505,#10506,#10507,#10508,#10509,
#10510,#10511,#10512,#10513,#10514,#10515,#10516,#10517,#10518,#10519,#10520,
#10521,#10522,#10523,#10524,#10525,#10526,#10527,#10528,#10529,#10530,#10531,
#10532,#10533,#10534,#10535,#10536,#10537,#10538,#10539,#10540,#10541,#10542,
#10543,#10544,#10545,#10546,#10547,#10548,#10549,#10550,#10551,#10552,#10553,
#10554,#10555,#10556,#10557,#10558,#10559,#10560,#10561,#10562,#10563,#10564,
#10565,#10566,#10567,#10568,#10569,#10570,#10571,#10572,#10573,#10574,#10575,
#10576,#10577,#10578,#10579,#10580,#10581,#10582,#10583,#10584,#10585,#10586,
#10587,#10588,#10589,#10590,#10591,#10592,#10593,#10594,#10595,#10596,#10597,
#10598,#10599,#10600,#10601,#10602,#10603,#10604,#10605,#10606,#10607,#10608,
#10609,#10610,#10611,#10612,#10613,#10614,#10615,#10616,#10617,#10618,#10619,
#10620,#10621,#10622,#10623,#10624,#10625,#10626,#10627,#10628,#10629,#10630,
#10631,#10632,#10633,#10634,#10635,#10636,#10637,#10638,#10639,#10640,#10641,
#10642,#10643,#10644,#10645,#10646,#10647,#10648,#10649,#10650,#10651,#10652,
#10653,#10654,#10655,#10656,#10657,#10658,#10659,#10660,#10661,#10662,#10663,
#10664,#10665,#10666,#10667,#10668,#10669,#10670,#10671,#10672,#10673,#10674,
#10675,#10676,#10677,#10678,#10679,#10680,#10681,#10682,#10683,#10684,#10685,
#10686,#10687,#10688,#10689,#10690,#10691,#10692,#10693,#10694,#10695,#10696,
#10697,#10698,#10699,#10700,#10701,#10702,#10703,#10704,#10705,#10706,#10707,
#10708,#10709,#10710,#10711,#10712,#10713,#10714,#10715,#10716,#10717,#10718,
#10719,#10720,#10721,#10722,#10723,#10724,#10725,#10726,#10727,#10728,#10729,
#10730,#10731,#10732,#10733,#10734,#10735,#10736,#10737,#10738,#10739,#10740,
#10741,#10742,#10743,#10744,#10745,#10746,#10747,#10748,#10749,#10750,#10751,
#10752,#10753,#10754,#10755,#10756,#10757,#10758,#10759,#10760,#10761,#10762,
#10763,#10764,#10765,#10766,#10767,#10768,#10769,#10770,#10771,#10772));
#10774=DERIVED_UNIT_ELEMENT(#10776,1.);
#10775=DERIVED_UNIT_ELEMENT(#18394,-3.);
#10776=(
MASS_UNIT()
NAMED_UNIT(*)
SI_UNIT(.KILO.,.GRAM.)
);
#10777=DERIVED_UNIT((#10774,#10775));
#10778=MEASURE_REPRESENTATION_ITEM('density measure',
POSITIVE_RATIO_MEASURE(7850.),#10777);
#10779=PROPERTY_DEFINITION_REPRESENTATION(#10784,#10781);
#10780=PROPERTY_DEFINITION_REPRESENTATION(#10785,#10782);
#10781=REPRESENTATION('material name',(#10783),#18391);
#10782=REPRESENTATION('density',(#10778),#18391);
#10783=DESCRIPTIVE_REPRESENTATION_ITEM('Steel','Steel');
#10784=PROPERTY_DEFINITION('material property','material name',#18406);
#10785=PROPERTY_DEFINITION('material property','density of part',#18406);
#10786=AXIS2_PLACEMENT_3D('',#15003,#11862,#11863);
#10787=AXIS2_PLACEMENT_3D('',#15004,#11864,#11865);
#10788=AXIS2_PLACEMENT_3D('',#15005,#11866,#11867);
#10789=AXIS2_PLACEMENT_3D('',#15019,#11868,#11869);
#10790=AXIS2_PLACEMENT_3D('',#15022,#11871,#11872);
#10791=AXIS2_PLACEMENT_3D('',#15023,#11873,#11874);
#10792=AXIS2_PLACEMENT_3D('',#15029,#11878,#11879);
#10793=AXIS2_PLACEMENT_3D('',#15031,#11880,#11881);
#10794=AXIS2_PLACEMENT_3D('',#15033,#11882,#11883);
#10795=AXIS2_PLACEMENT_3D('',#15038,#11884,#11885);
#10796=AXIS2_PLACEMENT_3D('',#15044,#11889,#11890);
#10797=AXIS2_PLACEMENT_3D('',#15046,#11891,#11892);
#10798=AXIS2_PLACEMENT_3D('',#15049,#11894,#11895);
#10799=AXIS2_PLACEMENT_3D('',#15050,#11896,#11897);
#10800=AXIS2_PLACEMENT_3D('',#15056,#11901,#11902);
#10801=AXIS2_PLACEMENT_3D('',#15058,#11903,#11904);
#10802=AXIS2_PLACEMENT_3D('',#15061,#11906,#11907);
#10803=AXIS2_PLACEMENT_3D('',#15062,#11908,#11909);
#10804=AXIS2_PLACEMENT_3D('',#15071,#11912,#11913);
#10805=AXIS2_PLACEMENT_3D('',#15083,#11917,#11918);
#10806=AXIS2_PLACEMENT_3D('',#15085,#11919,#11920);
#10807=AXIS2_PLACEMENT_3D('',#15088,#11922,#11923);
#10808=AXIS2_PLACEMENT_3D('',#15089,#11924,#11925);
#10809=AXIS2_PLACEMENT_3D('',#15095,#11929,#11930);
#10810=AXIS2_PLACEMENT_3D('',#15097,#11931,#11932);
#10811=AXIS2_PLACEMENT_3D('',#15100,#11934,#11935);
#10812=AXIS2_PLACEMENT_3D('',#15101,#11936,#11937);
#10813=AXIS2_PLACEMENT_3D('',#15104,#11940,#11941);
#10814=AXIS2_PLACEMENT_3D('',#15106,#11942,#11943);
#10815=AXIS2_PLACEMENT_3D('',#15109,#11945,#11946);
#10816=AXIS2_PLACEMENT_3D('',#15110,#11947,#11948);
#10817=AXIS2_PLACEMENT_3D('',#15116,#11952,#11953);
#10818=AXIS2_PLACEMENT_3D('',#15117,#11954,#11955);
#10819=AXIS2_PLACEMENT_3D('',#15118,#11956,#11957);
#10820=AXIS2_PLACEMENT_3D('',#15119,#11958,#11959);
#10821=AXIS2_PLACEMENT_3D('',#15123,#11961,#11962);
#10822=AXIS2_PLACEMENT_3D('',#15125,#11964,#11965);
#10823=AXIS2_PLACEMENT_3D('',#15129,#11968,#11969);
#10824=AXIS2_PLACEMENT_3D('',#15132,#11971,#11972);
#10825=AXIS2_PLACEMENT_3D('',#15133,#11973,#11974);
#10826=AXIS2_PLACEMENT_3D('',#15137,#11977,#11978);
#10827=AXIS2_PLACEMENT_3D('',#15140,#11980,#11981);
#10828=AXIS2_PLACEMENT_3D('',#15141,#11982,#11983);
#10829=AXIS2_PLACEMENT_3D('',#15145,#11986,#11987);
#10830=AXIS2_PLACEMENT_3D('',#15148,#11989,#11990);
#10831=AXIS2_PLACEMENT_3D('',#15149,#11991,#11992);
#10832=AXIS2_PLACEMENT_3D('',#15153,#11995,#11996);
#10833=AXIS2_PLACEMENT_3D('',#15156,#11997,#11998);
#10834=AXIS2_PLACEMENT_3D('',#15160,#12000,#12001);
#10835=AXIS2_PLACEMENT_3D('',#15164,#12003,#12004);
#10836=AXIS2_PLACEMENT_3D('',#15168,#12006,#12007);
#10837=AXIS2_PLACEMENT_3D('',#15172,#12009,#12010);
#10838=AXIS2_PLACEMENT_3D('',#15176,#12012,#12013);
#10839=AXIS2_PLACEMENT_3D('',#15180,#12015,#12016);
#10840=AXIS2_PLACEMENT_3D('',#15184,#12018,#12019);
#10841=AXIS2_PLACEMENT_3D('',#15188,#12021,#12022);
#10842=AXIS2_PLACEMENT_3D('',#15192,#12024,#12025);
#10843=AXIS2_PLACEMENT_3D('',#15196,#12027,#12028);
#10844=AXIS2_PLACEMENT_3D('',#15200,#12030,#12031);
#10845=AXIS2_PLACEMENT_3D('',#15204,#12033,#12034);
#10846=AXIS2_PLACEMENT_3D('',#15208,#12036,#12037);
#10847=AXIS2_PLACEMENT_3D('',#15212,#12039,#12040);
#10848=AXIS2_PLACEMENT_3D('',#15216,#12042,#12043);
#10849=AXIS2_PLACEMENT_3D('',#15220,#12045,#12046);
#10850=AXIS2_PLACEMENT_3D('',#15224,#12048,#12049);
#10851=AXIS2_PLACEMENT_3D('',#15228,#12051,#12052);
#10852=AXIS2_PLACEMENT_3D('',#15232,#12054,#12055);
#10853=AXIS2_PLACEMENT_3D('',#15238,#12058,#12059);
#10854=AXIS2_PLACEMENT_3D('',#15242,#12061,#12062);
#10855=AXIS2_PLACEMENT_3D('',#15246,#12064,#12065);
#10856=AXIS2_PLACEMENT_3D('',#15250,#12067,#12068);
#10857=AXIS2_PLACEMENT_3D('',#15254,#12070,#12071);
#10858=AXIS2_PLACEMENT_3D('',#15258,#12073,#12074);
#10859=AXIS2_PLACEMENT_3D('',#15262,#12076,#12077);
#10860=AXIS2_PLACEMENT_3D('',#15265,#12079,#12080);
#10861=AXIS2_PLACEMENT_3D('',#15268,#12081,#12082);
#10862=AXIS2_PLACEMENT_3D('',#15272,#12084,#12085);
#10863=AXIS2_PLACEMENT_3D('',#15276,#12087,#12088);
#10864=AXIS2_PLACEMENT_3D('',#15280,#12090,#12091);
#10865=AXIS2_PLACEMENT_3D('',#15284,#12093,#12094);
#10866=AXIS2_PLACEMENT_3D('',#15288,#12096,#12097);
#10867=AXIS2_PLACEMENT_3D('',#15292,#12099,#12100);
#10868=AXIS2_PLACEMENT_3D('',#15296,#12102,#12103);
#10869=AXIS2_PLACEMENT_3D('',#15300,#12105,#12106);
#10870=AXIS2_PLACEMENT_3D('',#15304,#12108,#12109);
#10871=AXIS2_PLACEMENT_3D('',#15308,#12111,#12112);
#10872=AXIS2_PLACEMENT_3D('',#15312,#12114,#12115);
#10873=AXIS2_PLACEMENT_3D('',#15316,#12117,#12118);
#10874=AXIS2_PLACEMENT_3D('',#15320,#12120,#12121);
#10875=AXIS2_PLACEMENT_3D('',#15324,#12123,#12124);
#10876=AXIS2_PLACEMENT_3D('',#15328,#12126,#12127);
#10877=AXIS2_PLACEMENT_3D('',#15334,#12130,#12131);
#10878=AXIS2_PLACEMENT_3D('',#15338,#12133,#12134);
#10879=AXIS2_PLACEMENT_3D('',#15342,#12136,#12137);
#10880=AXIS2_PLACEMENT_3D('',#15346,#12139,#12140);
#10881=AXIS2_PLACEMENT_3D('',#15350,#12142,#12143);
#10882=AXIS2_PLACEMENT_3D('',#15354,#12145,#12146);
#10883=AXIS2_PLACEMENT_3D('',#15358,#12148,#12149);
#10884=AXIS2_PLACEMENT_3D('',#15361,#12151,#12152);
#10885=AXIS2_PLACEMENT_3D('',#15366,#12154,#12155);
#10886=AXIS2_PLACEMENT_3D('',#15370,#12157,#12158);
#10887=AXIS2_PLACEMENT_3D('',#15374,#12160,#12161);
#10888=AXIS2_PLACEMENT_3D('',#15378,#12163,#12164);
#10889=AXIS2_PLACEMENT_3D('',#15382,#12166,#12167);
#10890=AXIS2_PLACEMENT_3D('',#15386,#12169,#12170);
#10891=AXIS2_PLACEMENT_3D('',#15390,#12172,#12173);
#10892=AXIS2_PLACEMENT_3D('',#15393,#12175,#12176);
#10893=AXIS2_PLACEMENT_3D('',#15398,#12178,#12179);
#10894=AXIS2_PLACEMENT_3D('',#15402,#12181,#12182);
#10895=AXIS2_PLACEMENT_3D('',#15406,#12184,#12185);
#10896=AXIS2_PLACEMENT_3D('',#15410,#12187,#12188);
#10897=AXIS2_PLACEMENT_3D('',#15414,#12190,#12191);
#10898=AXIS2_PLACEMENT_3D('',#15418,#12193,#12194);
#10899=AXIS2_PLACEMENT_3D('',#15422,#12196,#12197);
#10900=AXIS2_PLACEMENT_3D('',#15425,#12199,#12200);
#10901=AXIS2_PLACEMENT_3D('',#15430,#12202,#12203);
#10902=AXIS2_PLACEMENT_3D('',#15434,#12205,#12206);
#10903=AXIS2_PLACEMENT_3D('',#15438,#12208,#12209);
#10904=AXIS2_PLACEMENT_3D('',#15442,#12211,#12212);
#10905=AXIS2_PLACEMENT_3D('',#15446,#12214,#12215);
#10906=AXIS2_PLACEMENT_3D('',#15450,#12217,#12218);
#10907=AXIS2_PLACEMENT_3D('',#15454,#12220,#12221);
#10908=AXIS2_PLACEMENT_3D('',#15457,#12223,#12224);
#10909=AXIS2_PLACEMENT_3D('',#15460,#12225,#12226);
#10910=AXIS2_PLACEMENT_3D('',#15464,#12228,#12229);
#10911=AXIS2_PLACEMENT_3D('',#15468,#12231,#12232);
#10912=AXIS2_PLACEMENT_3D('',#15472,#12234,#12235);
#10913=AXIS2_PLACEMENT_3D('',#15476,#12237,#12238);
#10914=AXIS2_PLACEMENT_3D('',#15480,#12240,#12241);
#10915=AXIS2_PLACEMENT_3D('',#15484,#12243,#12244);
#10916=AXIS2_PLACEMENT_3D('',#15488,#12246,#12247);
#10917=AXIS2_PLACEMENT_3D('',#15492,#12249,#12250);
#10918=AXIS2_PLACEMENT_3D('',#15496,#12252,#12253);
#10919=AXIS2_PLACEMENT_3D('',#15500,#12255,#12256);
#10920=AXIS2_PLACEMENT_3D('',#15504,#12258,#12259);
#10921=AXIS2_PLACEMENT_3D('',#15508,#12261,#12262);
#10922=AXIS2_PLACEMENT_3D('',#15512,#12264,#12265);
#10923=AXIS2_PLACEMENT_3D('',#15516,#12267,#12268);
#10924=AXIS2_PLACEMENT_3D('',#15520,#12270,#12271);
#10925=AXIS2_PLACEMENT_3D('',#15524,#12273,#12274);
#10926=AXIS2_PLACEMENT_3D('',#15528,#12276,#12277);
#10927=AXIS2_PLACEMENT_3D('',#15532,#12279,#12280);
#10928=AXIS2_PLACEMENT_3D('',#15536,#12282,#12283);
#10929=AXIS2_PLACEMENT_3D('',#15540,#12285,#12286);
#10930=AXIS2_PLACEMENT_3D('',#15544,#12288,#12289);
#10931=AXIS2_PLACEMENT_3D('',#15548,#12291,#12292);
#10932=AXIS2_PLACEMENT_3D('',#15552,#12294,#12295);
#10933=AXIS2_PLACEMENT_3D('',#15556,#12297,#12298);
#10934=AXIS2_PLACEMENT_3D('',#15560,#12300,#12301);
#10935=AXIS2_PLACEMENT_3D('',#15564,#12303,#12304);
#10936=AXIS2_PLACEMENT_3D('',#15568,#12306,#12307);
#10937=AXIS2_PLACEMENT_3D('',#15572,#12309,#12310);
#10938=AXIS2_PLACEMENT_3D('',#15576,#12312,#12313);
#10939=AXIS2_PLACEMENT_3D('',#15580,#12315,#12316);
#10940=AXIS2_PLACEMENT_3D('',#15584,#12318,#12319);
#10941=AXIS2_PLACEMENT_3D('',#15588,#12321,#12322);
#10942=AXIS2_PLACEMENT_3D('',#15592,#12324,#12325);
#10943=AXIS2_PLACEMENT_3D('',#15596,#12327,#12328);
#10944=AXIS2_PLACEMENT_3D('',#15600,#12330,#12331);
#10945=AXIS2_PLACEMENT_3D('',#15604,#12333,#12334);
#10946=AXIS2_PLACEMENT_3D('',#15608,#12336,#12337);
#10947=AXIS2_PLACEMENT_3D('',#15612,#12339,#12340);
#10948=AXIS2_PLACEMENT_3D('',#15616,#12342,#12343);
#10949=AXIS2_PLACEMENT_3D('',#15622,#12346,#12347);
#10950=AXIS2_PLACEMENT_3D('',#15626,#12349,#12350);
#10951=AXIS2_PLACEMENT_3D('',#15630,#12352,#12353);
#10952=AXIS2_PLACEMENT_3D('',#15634,#12355,#12356);
#10953=AXIS2_PLACEMENT_3D('',#15638,#12358,#12359);
#10954=AXIS2_PLACEMENT_3D('',#15642,#12361,#12362);
#10955=AXIS2_PLACEMENT_3D('',#15646,#12364,#12365);
#10956=AXIS2_PLACEMENT_3D('',#15649,#12367,#12368);
#10957=AXIS2_PLACEMENT_3D('',#15650,#12369,#12370);
#10958=AXIS2_PLACEMENT_3D('',#15659,#12373,#12374);
#10959=AXIS2_PLACEMENT_3D('',#15662,#12376,#12377);
#10960=AXIS2_PLACEMENT_3D('',#15663,#12378,#12379);
#10961=AXIS2_PLACEMENT_3D('',#15667,#12382,#12383);
#10962=AXIS2_PLACEMENT_3D('',#15669,#12384,#12385);
#10963=AXIS2_PLACEMENT_3D('',#15674,#12386,#12387);
#10964=AXIS2_PLACEMENT_3D('',#15688,#12389,#12390);
#10965=AXIS2_PLACEMENT_3D('',#15689,#12391,#12392);
#10966=AXIS2_PLACEMENT_3D('',#15693,#12395,#12396);
#10967=AXIS2_PLACEMENT_3D('',#15695,#12397,#12398);
#10968=AXIS2_PLACEMENT_3D('',#15697,#12400,#12401);
#10969=AXIS2_PLACEMENT_3D('',#15701,#12404,#12405);
#10970=AXIS2_PLACEMENT_3D('',#15703,#12406,#12407);
#10971=AXIS2_PLACEMENT_3D('',#15705,#12409,#12410);
#10972=AXIS2_PLACEMENT_3D('',#15707,#12412,#12413);
#10973=AXIS2_PLACEMENT_3D('',#15711,#12416,#12417);
#10974=AXIS2_PLACEMENT_3D('',#15713,#12418,#12419);
#10975=AXIS2_PLACEMENT_3D('',#15718,#12420,#12421);
#10976=AXIS2_PLACEMENT_3D('',#15720,#12422,#12423);
#10977=AXIS2_PLACEMENT_3D('',#15722,#12425,#12426);
#10978=AXIS2_PLACEMENT_3D('',#15726,#12429,#12430);
#10979=AXIS2_PLACEMENT_3D('',#15728,#12431,#12432);
#10980=AXIS2_PLACEMENT_3D('',#15730,#12434,#12435);
#10981=AXIS2_PLACEMENT_3D('',#15732,#12437,#12438);
#10982=AXIS2_PLACEMENT_3D('',#15738,#12442,#12443);
#10983=AXIS2_PLACEMENT_3D('',#15741,#12445,#12446);
#10984=AXIS2_PLACEMENT_3D('',#15742,#12447,#12448);
#10985=AXIS2_PLACEMENT_3D('',#15746,#12451,#12452);
#10986=AXIS2_PLACEMENT_3D('',#15749,#12454,#12455);
#10987=AXIS2_PLACEMENT_3D('',#15750,#12456,#12457);
#10988=AXIS2_PLACEMENT_3D('',#15754,#12460,#12461);
#10989=AXIS2_PLACEMENT_3D('',#15757,#12463,#12464);
#10990=AXIS2_PLACEMENT_3D('',#15758,#12465,#12466);
#10991=AXIS2_PLACEMENT_3D('',#15762,#12469,#12470);
#10992=AXIS2_PLACEMENT_3D('',#15765,#12472,#12473);
#10993=AXIS2_PLACEMENT_3D('',#15766,#12474,#12475);
#10994=AXIS2_PLACEMENT_3D('',#15780,#12477,#12478);
#10995=AXIS2_PLACEMENT_3D('',#15781,#12479,#12480);
#10996=AXIS2_PLACEMENT_3D('',#15790,#12483,#12484);
#10997=AXIS2_PLACEMENT_3D('',#15793,#12486,#12487);
#10998=AXIS2_PLACEMENT_3D('',#15794,#12488,#12489);
#10999=AXIS2_PLACEMENT_3D('',#15798,#12492,#12493);
#11000=AXIS2_PLACEMENT_3D('',#15800,#12494,#12495);
#11001=AXIS2_PLACEMENT_3D('',#15805,#12496,#12497);
#11002=AXIS2_PLACEMENT_3D('',#15807,#12498,#12499);
#11003=AXIS2_PLACEMENT_3D('',#15809,#12501,#12502);
#11004=AXIS2_PLACEMENT_3D('',#15813,#12505,#12506);
#11005=AXIS2_PLACEMENT_3D('',#15815,#12507,#12508);
#11006=AXIS2_PLACEMENT_3D('',#15817,#12510,#12511);
#11007=AXIS2_PLACEMENT_3D('',#15824,#12513,#12514);
#11008=AXIS2_PLACEMENT_3D('',#15828,#12517,#12518);
#11009=AXIS2_PLACEMENT_3D('',#15830,#12519,#12520);
#11010=AXIS2_PLACEMENT_3D('',#15832,#12522,#12523);
#11011=AXIS2_PLACEMENT_3D('',#15836,#12526,#12527);
#11012=AXIS2_PLACEMENT_3D('',#15838,#12528,#12529);
#11013=AXIS2_PLACEMENT_3D('',#15840,#12531,#12532);
#11014=AXIS2_PLACEMENT_3D('',#15842,#12534,#12535);
#11015=AXIS2_PLACEMENT_3D('',#15846,#12538,#12539);
#11016=AXIS2_PLACEMENT_3D('',#15847,#12540,#12541);
#11017=AXIS2_PLACEMENT_3D('',#15848,#12542,#12543);
#11018=AXIS2_PLACEMENT_3D('',#15852,#12545,#12546);
#11019=AXIS2_PLACEMENT_3D('',#15854,#12548,#12549);
#11020=AXIS2_PLACEMENT_3D('',#15858,#12552,#12553);
#11021=AXIS2_PLACEMENT_3D('',#15861,#12555,#12556);
#11022=AXIS2_PLACEMENT_3D('',#15862,#12557,#12558);
#11023=AXIS2_PLACEMENT_3D('',#15866,#12561,#12562);
#11024=AXIS2_PLACEMENT_3D('',#15869,#12564,#12565);
#11025=AXIS2_PLACEMENT_3D('',#15870,#12566,#12567);
#11026=AXIS2_PLACEMENT_3D('',#15874,#12570,#12571);
#11027=AXIS2_PLACEMENT_3D('',#15877,#12573,#12574);
#11028=AXIS2_PLACEMENT_3D('',#15878,#12575,#12576);
#11029=AXIS2_PLACEMENT_3D('',#15882,#12579,#12580);
#11030=AXIS2_PLACEMENT_3D('',#15891,#12583,#12584);
#11031=AXIS2_PLACEMENT_3D('',#15894,#12586,#12587);
#11032=AXIS2_PLACEMENT_3D('',#15895,#12588,#12589);
#11033=AXIS2_PLACEMENT_3D('',#15899,#12592,#12593);
#11034=AXIS2_PLACEMENT_3D('',#15901,#12594,#12595);
#11035=AXIS2_PLACEMENT_3D('',#15906,#12596,#12597);
#11036=AXIS2_PLACEMENT_3D('',#15920,#12599,#12600);
#11037=AXIS2_PLACEMENT_3D('',#15921,#12601,#12602);
#11038=AXIS2_PLACEMENT_3D('',#15925,#12605,#12606);
#11039=AXIS2_PLACEMENT_3D('',#15927,#12607,#12608);
#11040=AXIS2_PLACEMENT_3D('',#15929,#12610,#12611);
#11041=AXIS2_PLACEMENT_3D('',#15933,#12614,#12615);
#11042=AXIS2_PLACEMENT_3D('',#15935,#12616,#12617);
#11043=AXIS2_PLACEMENT_3D('',#15937,#12619,#12620);
#11044=AXIS2_PLACEMENT_3D('',#15939,#12622,#12623);
#11045=AXIS2_PLACEMENT_3D('',#15943,#12626,#12627);
#11046=AXIS2_PLACEMENT_3D('',#15945,#12628,#12629);
#11047=AXIS2_PLACEMENT_3D('',#15950,#12630,#12631);
#11048=AXIS2_PLACEMENT_3D('',#15952,#12632,#12633);
#11049=AXIS2_PLACEMENT_3D('',#15954,#12635,#12636);
#11050=AXIS2_PLACEMENT_3D('',#15958,#12639,#12640);
#11051=AXIS2_PLACEMENT_3D('',#15960,#12641,#12642);
#11052=AXIS2_PLACEMENT_3D('',#15962,#12644,#12645);
#11053=AXIS2_PLACEMENT_3D('',#15964,#12647,#12648);
#11054=AXIS2_PLACEMENT_3D('',#15970,#12652,#12653);
#11055=AXIS2_PLACEMENT_3D('',#15973,#12655,#12656);
#11056=AXIS2_PLACEMENT_3D('',#15974,#12657,#12658);
#11057=AXIS2_PLACEMENT_3D('',#15978,#12661,#12662);
#11058=AXIS2_PLACEMENT_3D('',#15981,#12664,#12665);
#11059=AXIS2_PLACEMENT_3D('',#15982,#12666,#12667);
#11060=AXIS2_PLACEMENT_3D('',#15986,#12670,#12671);
#11061=AXIS2_PLACEMENT_3D('',#15989,#12673,#12674);
#11062=AXIS2_PLACEMENT_3D('',#15990,#12675,#12676);
#11063=AXIS2_PLACEMENT_3D('',#15994,#12679,#12680);
#11064=AXIS2_PLACEMENT_3D('',#15997,#12682,#12683);
#11065=AXIS2_PLACEMENT_3D('',#15998,#12684,#12685);
#11066=AXIS2_PLACEMENT_3D('',#16007,#12688,#12689);
#11067=AXIS2_PLACEMENT_3D('',#16010,#12691,#12692);
#11068=AXIS2_PLACEMENT_3D('',#16011,#12693,#12694);
#11069=AXIS2_PLACEMENT_3D('',#16015,#12697,#12698);
#11070=AXIS2_PLACEMENT_3D('',#16017,#12699,#12700);
#11071=AXIS2_PLACEMENT_3D('',#16022,#12701,#12702);
#11072=AXIS2_PLACEMENT_3D('',#16036,#12704,#12705);
#11073=AXIS2_PLACEMENT_3D('',#16037,#12706,#12707);
#11074=AXIS2_PLACEMENT_3D('',#16041,#12710,#12711);
#11075=AXIS2_PLACEMENT_3D('',#16043,#12712,#12713);
#11076=AXIS2_PLACEMENT_3D('',#16045,#12715,#12716);
#11077=AXIS2_PLACEMENT_3D('',#16049,#12719,#12720);
#11078=AXIS2_PLACEMENT_3D('',#16051,#12721,#12722);
#11079=AXIS2_PLACEMENT_3D('',#16053,#12724,#12725);
#11080=AXIS2_PLACEMENT_3D('',#16055,#12727,#12728);
#11081=AXIS2_PLACEMENT_3D('',#16059,#12731,#12732);
#11082=AXIS2_PLACEMENT_3D('',#16061,#12733,#12734);
#11083=AXIS2_PLACEMENT_3D('',#16066,#12735,#12736);
#11084=AXIS2_PLACEMENT_3D('',#16068,#12737,#12738);
#11085=AXIS2_PLACEMENT_3D('',#16070,#12740,#12741);
#11086=AXIS2_PLACEMENT_3D('',#16074,#12744,#12745);
#11087=AXIS2_PLACEMENT_3D('',#16076,#12746,#12747);
#11088=AXIS2_PLACEMENT_3D('',#16078,#12749,#12750);
#11089=AXIS2_PLACEMENT_3D('',#16080,#12752,#12753);
#11090=AXIS2_PLACEMENT_3D('',#16086,#12757,#12758);
#11091=AXIS2_PLACEMENT_3D('',#16089,#12760,#12761);
#11092=AXIS2_PLACEMENT_3D('',#16090,#12762,#12763);
#11093=AXIS2_PLACEMENT_3D('',#16094,#12766,#12767);
#11094=AXIS2_PLACEMENT_3D('',#16097,#12769,#12770);
#11095=AXIS2_PLACEMENT_3D('',#16098,#12771,#12772);
#11096=AXIS2_PLACEMENT_3D('',#16102,#12775,#12776);
#11097=AXIS2_PLACEMENT_3D('',#16105,#12778,#12779);
#11098=AXIS2_PLACEMENT_3D('',#16106,#12780,#12781);
#11099=AXIS2_PLACEMENT_3D('',#16110,#12784,#12785);
#11100=AXIS2_PLACEMENT_3D('',#16113,#12787,#12788);
#11101=AXIS2_PLACEMENT_3D('',#16114,#12789,#12790);
#11102=AXIS2_PLACEMENT_3D('',#16128,#12792,#12793);
#11103=AXIS2_PLACEMENT_3D('',#16129,#12794,#12795);
#11104=AXIS2_PLACEMENT_3D('',#16133,#12798,#12799);
#11105=AXIS2_PLACEMENT_3D('',#16135,#12800,#12801);
#11106=AXIS2_PLACEMENT_3D('',#16140,#12802,#12803);
#11107=AXIS2_PLACEMENT_3D('',#16149,#12806,#12807);
#11108=AXIS2_PLACEMENT_3D('',#16151,#12808,#12809);
#11109=AXIS2_PLACEMENT_3D('',#16153,#12811,#12812);
#11110=AXIS2_PLACEMENT_3D('',#16157,#12815,#12816);
#11111=AXIS2_PLACEMENT_3D('',#16159,#12817,#12818);
#11112=AXIS2_PLACEMENT_3D('',#16161,#12820,#12821);
#11113=AXIS2_PLACEMENT_3D('',#16163,#12823,#12824);
#11114=AXIS2_PLACEMENT_3D('',#16166,#12826,#12827);
#11115=AXIS2_PLACEMENT_3D('',#16167,#12828,#12829);
#11116=AXIS2_PLACEMENT_3D('',#16171,#12832,#12833);
#11117=AXIS2_PLACEMENT_3D('',#16173,#12834,#12835);
#11118=AXIS2_PLACEMENT_3D('',#16178,#12836,#12837);
#11119=AXIS2_PLACEMENT_3D('',#16182,#12840,#12841);
#11120=AXIS2_PLACEMENT_3D('',#16184,#12842,#12843);
#11121=AXIS2_PLACEMENT_3D('',#16186,#12845,#12846);
#11122=AXIS2_PLACEMENT_3D('',#16190,#12849,#12850);
#11123=AXIS2_PLACEMENT_3D('',#16192,#12851,#12852);
#11124=AXIS2_PLACEMENT_3D('',#16194,#12854,#12855);
#11125=AXIS2_PLACEMENT_3D('',#16196,#12857,#12858);
#11126=AXIS2_PLACEMENT_3D('',#16200,#12860,#12861);
#11127=AXIS2_PLACEMENT_3D('',#16202,#12863,#12864);
#11128=AXIS2_PLACEMENT_3D('',#16206,#12867,#12868);
#11129=AXIS2_PLACEMENT_3D('',#16209,#12870,#12871);
#11130=AXIS2_PLACEMENT_3D('',#16210,#12872,#12873);
#11131=AXIS2_PLACEMENT_3D('',#16214,#12876,#12877);
#11132=AXIS2_PLACEMENT_3D('',#16217,#12879,#12880);
#11133=AXIS2_PLACEMENT_3D('',#16218,#12881,#12882);
#11134=AXIS2_PLACEMENT_3D('',#16222,#12885,#12886);
#11135=AXIS2_PLACEMENT_3D('',#16225,#12888,#12889);
#11136=AXIS2_PLACEMENT_3D('',#16226,#12890,#12891);
#11137=AXIS2_PLACEMENT_3D('',#16230,#12894,#12895);
#11138=AXIS2_PLACEMENT_3D('',#16244,#12897,#12898);
#11139=AXIS2_PLACEMENT_3D('',#16245,#12899,#12900);
#11140=AXIS2_PLACEMENT_3D('',#16259,#12902,#12903);
#11141=AXIS2_PLACEMENT_3D('',#16260,#12904,#12905);
#11142=AXIS2_PLACEMENT_3D('',#16264,#12908,#12909);
#11143=AXIS2_PLACEMENT_3D('',#16266,#12910,#12911);
#11144=AXIS2_PLACEMENT_3D('',#16271,#12912,#12913);
#11145=AXIS2_PLACEMENT_3D('',#16275,#12916,#12917);
#11146=AXIS2_PLACEMENT_3D('',#16277,#12918,#12919);
#11147=AXIS2_PLACEMENT_3D('',#16279,#12921,#12922);
#11148=AXIS2_PLACEMENT_3D('',#16283,#12925,#12926);
#11149=AXIS2_PLACEMENT_3D('',#16285,#12927,#12928);
#11150=AXIS2_PLACEMENT_3D('',#16287,#12930,#12931);
#11151=AXIS2_PLACEMENT_3D('',#16294,#12933,#12934);
#11152=AXIS2_PLACEMENT_3D('',#16298,#12937,#12938);
#11153=AXIS2_PLACEMENT_3D('',#16300,#12939,#12940);
#11154=AXIS2_PLACEMENT_3D('',#16302,#12942,#12943);
#11155=AXIS2_PLACEMENT_3D('',#16306,#12946,#12947);
#11156=AXIS2_PLACEMENT_3D('',#16308,#12948,#12949);
#11157=AXIS2_PLACEMENT_3D('',#16310,#12951,#12952);
#11158=AXIS2_PLACEMENT_3D('',#16312,#12954,#12955);
#11159=AXIS2_PLACEMENT_3D('',#16316,#12958,#12959);
#11160=AXIS2_PLACEMENT_3D('',#16317,#12960,#12961);
#11161=AXIS2_PLACEMENT_3D('',#16318,#12962,#12963);
#11162=AXIS2_PLACEMENT_3D('',#16324,#12967,#12968);
#11163=AXIS2_PLACEMENT_3D('',#16327,#12970,#12971);
#11164=AXIS2_PLACEMENT_3D('',#16328,#12972,#12973);
#11165=AXIS2_PLACEMENT_3D('',#16332,#12976,#12977);
#11166=AXIS2_PLACEMENT_3D('',#16335,#12979,#12980);
#11167=AXIS2_PLACEMENT_3D('',#16336,#12981,#12982);
#11168=AXIS2_PLACEMENT_3D('',#16340,#12985,#12986);
#11169=AXIS2_PLACEMENT_3D('',#16343,#12988,#12989);
#11170=AXIS2_PLACEMENT_3D('',#16344,#12990,#12991);
#11171=AXIS2_PLACEMENT_3D('',#16348,#12994,#12995);
#11172=AXIS2_PLACEMENT_3D('',#16351,#12997,#12998);
#11173=AXIS2_PLACEMENT_3D('',#16352,#12999,#13000);
#11174=AXIS2_PLACEMENT_3D('',#16366,#13002,#13003);
#11175=AXIS2_PLACEMENT_3D('',#16367,#13004,#13005);
#11176=AXIS2_PLACEMENT_3D('',#16381,#13007,#13008);
#11177=AXIS2_PLACEMENT_3D('',#16382,#13009,#13010);
#11178=AXIS2_PLACEMENT_3D('',#16386,#13013,#13014);
#11179=AXIS2_PLACEMENT_3D('',#16388,#13015,#13016);
#11180=AXIS2_PLACEMENT_3D('',#16393,#13017,#13018);
#11181=AXIS2_PLACEMENT_3D('',#16397,#13021,#13022);
#11182=AXIS2_PLACEMENT_3D('',#16399,#13023,#13024);
#11183=AXIS2_PLACEMENT_3D('',#16401,#13026,#13027);
#11184=AXIS2_PLACEMENT_3D('',#16405,#13030,#13031);
#11185=AXIS2_PLACEMENT_3D('',#16407,#13032,#13033);
#11186=AXIS2_PLACEMENT_3D('',#16409,#13035,#13036);
#11187=AXIS2_PLACEMENT_3D('',#16416,#13038,#13039);
#11188=AXIS2_PLACEMENT_3D('',#16420,#13042,#13043);
#11189=AXIS2_PLACEMENT_3D('',#16422,#13044,#13045);
#11190=AXIS2_PLACEMENT_3D('',#16424,#13047,#13048);
#11191=AXIS2_PLACEMENT_3D('',#16428,#13051,#13052);
#11192=AXIS2_PLACEMENT_3D('',#16430,#13053,#13054);
#11193=AXIS2_PLACEMENT_3D('',#16432,#13056,#13057);
#11194=AXIS2_PLACEMENT_3D('',#16434,#13059,#13060);
#11195=AXIS2_PLACEMENT_3D('',#16438,#13063,#13064);
#11196=AXIS2_PLACEMENT_3D('',#16439,#13065,#13066);
#11197=AXIS2_PLACEMENT_3D('',#16440,#13067,#13068);
#11198=AXIS2_PLACEMENT_3D('',#16446,#13072,#13073);
#11199=AXIS2_PLACEMENT_3D('',#16449,#13075,#13076);
#11200=AXIS2_PLACEMENT_3D('',#16450,#13077,#13078);
#11201=AXIS2_PLACEMENT_3D('',#16454,#13081,#13082);
#11202=AXIS2_PLACEMENT_3D('',#16457,#13084,#13085);
#11203=AXIS2_PLACEMENT_3D('',#16458,#13086,#13087);
#11204=AXIS2_PLACEMENT_3D('',#16462,#13090,#13091);
#11205=AXIS2_PLACEMENT_3D('',#16465,#13093,#13094);
#11206=AXIS2_PLACEMENT_3D('',#16466,#13095,#13096);
#11207=AXIS2_PLACEMENT_3D('',#16470,#13099,#13100);
#11208=AXIS2_PLACEMENT_3D('',#16473,#13102,#13103);
#11209=AXIS2_PLACEMENT_3D('',#16474,#13104,#13105);
#11210=AXIS2_PLACEMENT_3D('',#16488,#13107,#13108);
#11211=AXIS2_PLACEMENT_3D('',#16489,#13109,#13110);
#11212=AXIS2_PLACEMENT_3D('',#16493,#13113,#13114);
#11213=AXIS2_PLACEMENT_3D('',#16495,#13115,#13116);
#11214=AXIS2_PLACEMENT_3D('',#16500,#13117,#13118);
#11215=AXIS2_PLACEMENT_3D('',#16514,#13120,#13121);
#11216=AXIS2_PLACEMENT_3D('',#16515,#13122,#13123);
#11217=AXIS2_PLACEMENT_3D('',#16519,#13126,#13127);
#11218=AXIS2_PLACEMENT_3D('',#16521,#13128,#13129);
#11219=AXIS2_PLACEMENT_3D('',#16523,#13131,#13132);
#11220=AXIS2_PLACEMENT_3D('',#16527,#13135,#13136);
#11221=AXIS2_PLACEMENT_3D('',#16529,#13137,#13138);
#11222=AXIS2_PLACEMENT_3D('',#16531,#13140,#13141);
#11223=AXIS2_PLACEMENT_3D('',#16533,#13143,#13144);
#11224=AXIS2_PLACEMENT_3D('',#16537,#13147,#13148);
#11225=AXIS2_PLACEMENT_3D('',#16539,#13149,#13150);
#11226=AXIS2_PLACEMENT_3D('',#16544,#13151,#13152);
#11227=AXIS2_PLACEMENT_3D('',#16548,#13155,#13156);
#11228=AXIS2_PLACEMENT_3D('',#16550,#13157,#13158);
#11229=AXIS2_PLACEMENT_3D('',#16552,#13160,#13161);
#11230=AXIS2_PLACEMENT_3D('',#16556,#13164,#13165);
#11231=AXIS2_PLACEMENT_3D('',#16558,#13166,#13167);
#11232=AXIS2_PLACEMENT_3D('',#16560,#13169,#13170);
#11233=AXIS2_PLACEMENT_3D('',#16562,#13172,#13173);
#11234=AXIS2_PLACEMENT_3D('',#16568,#13177,#13178);
#11235=AXIS2_PLACEMENT_3D('',#16571,#13180,#13181);
#11236=AXIS2_PLACEMENT_3D('',#16572,#13182,#13183);
#11237=AXIS2_PLACEMENT_3D('',#16576,#13186,#13187);
#11238=AXIS2_PLACEMENT_3D('',#16579,#13189,#13190);
#11239=AXIS2_PLACEMENT_3D('',#16580,#13191,#13192);
#11240=AXIS2_PLACEMENT_3D('',#16584,#13195,#13196);
#11241=AXIS2_PLACEMENT_3D('',#16587,#13198,#13199);
#11242=AXIS2_PLACEMENT_3D('',#16588,#13200,#13201);
#11243=AXIS2_PLACEMENT_3D('',#16592,#13204,#13205);
#11244=AXIS2_PLACEMENT_3D('',#16595,#13207,#13208);
#11245=AXIS2_PLACEMENT_3D('',#16596,#13209,#13210);
#11246=AXIS2_PLACEMENT_3D('',#16610,#13212,#13213);
#11247=AXIS2_PLACEMENT_3D('',#16611,#13214,#13215);
#11248=AXIS2_PLACEMENT_3D('',#16615,#13218,#13219);
#11249=AXIS2_PLACEMENT_3D('',#16617,#13220,#13221);
#11250=AXIS2_PLACEMENT_3D('',#16622,#13222,#13223);
#11251=AXIS2_PLACEMENT_3D('',#16636,#13225,#13226);
#11252=AXIS2_PLACEMENT_3D('',#16637,#13227,#13228);
#11253=AXIS2_PLACEMENT_3D('',#16641,#13231,#13232);
#11254=AXIS2_PLACEMENT_3D('',#16643,#13233,#13234);
#11255=AXIS2_PLACEMENT_3D('',#16645,#13236,#13237);
#11256=AXIS2_PLACEMENT_3D('',#16649,#13240,#13241);
#11257=AXIS2_PLACEMENT_3D('',#16651,#13242,#13243);
#11258=AXIS2_PLACEMENT_3D('',#16653,#13245,#13246);
#11259=AXIS2_PLACEMENT_3D('',#16655,#13248,#13249);
#11260=AXIS2_PLACEMENT_3D('',#16659,#13252,#13253);
#11261=AXIS2_PLACEMENT_3D('',#16661,#13254,#13255);
#11262=AXIS2_PLACEMENT_3D('',#16666,#13256,#13257);
#11263=AXIS2_PLACEMENT_3D('',#16670,#13260,#13261);
#11264=AXIS2_PLACEMENT_3D('',#16672,#13262,#13263);
#11265=AXIS2_PLACEMENT_3D('',#16674,#13265,#13266);
#11266=AXIS2_PLACEMENT_3D('',#16678,#13269,#13270);
#11267=AXIS2_PLACEMENT_3D('',#16680,#13271,#13272);
#11268=AXIS2_PLACEMENT_3D('',#16682,#13274,#13275);
#11269=AXIS2_PLACEMENT_3D('',#16684,#13277,#13278);
#11270=AXIS2_PLACEMENT_3D('',#16690,#13282,#13283);
#11271=AXIS2_PLACEMENT_3D('',#16693,#13285,#13286);
#11272=AXIS2_PLACEMENT_3D('',#16694,#13287,#13288);
#11273=AXIS2_PLACEMENT_3D('',#16698,#13291,#13292);
#11274=AXIS2_PLACEMENT_3D('',#16701,#13294,#13295);
#11275=AXIS2_PLACEMENT_3D('',#16702,#13296,#13297);
#11276=AXIS2_PLACEMENT_3D('',#16706,#13300,#13301);
#11277=AXIS2_PLACEMENT_3D('',#16709,#13303,#13304);
#11278=AXIS2_PLACEMENT_3D('',#16710,#13305,#13306);
#11279=AXIS2_PLACEMENT_3D('',#16714,#13309,#13310);
#11280=AXIS2_PLACEMENT_3D('',#16717,#13312,#13313);
#11281=AXIS2_PLACEMENT_3D('',#16718,#13314,#13315);
#11282=AXIS2_PLACEMENT_3D('',#16732,#13317,#13318);
#11283=AXIS2_PLACEMENT_3D('',#16733,#13319,#13320);
#11284=AXIS2_PLACEMENT_3D('',#16737,#13323,#13324);
#11285=AXIS2_PLACEMENT_3D('',#16739,#13325,#13326);
#11286=AXIS2_PLACEMENT_3D('',#16744,#13327,#13328);
#11287=AXIS2_PLACEMENT_3D('',#16758,#13330,#13331);
#11288=AXIS2_PLACEMENT_3D('',#16759,#13332,#13333);
#11289=AXIS2_PLACEMENT_3D('',#16763,#13336,#13337);
#11290=AXIS2_PLACEMENT_3D('',#16765,#13338,#13339);
#11291=AXIS2_PLACEMENT_3D('',#16767,#13341,#13342);
#11292=AXIS2_PLACEMENT_3D('',#16771,#13345,#13346);
#11293=AXIS2_PLACEMENT_3D('',#16773,#13347,#13348);
#11294=AXIS2_PLACEMENT_3D('',#16775,#13350,#13351);
#11295=AXIS2_PLACEMENT_3D('',#16777,#13353,#13354);
#11296=AXIS2_PLACEMENT_3D('',#16781,#13357,#13358);
#11297=AXIS2_PLACEMENT_3D('',#16783,#13359,#13360);
#11298=AXIS2_PLACEMENT_3D('',#16788,#13361,#13362);
#11299=AXIS2_PLACEMENT_3D('',#16792,#13365,#13366);
#11300=AXIS2_PLACEMENT_3D('',#16794,#13367,#13368);
#11301=AXIS2_PLACEMENT_3D('',#16796,#13370,#13371);
#11302=AXIS2_PLACEMENT_3D('',#16800,#13374,#13375);
#11303=AXIS2_PLACEMENT_3D('',#16802,#13376,#13377);
#11304=AXIS2_PLACEMENT_3D('',#16804,#13379,#13380);
#11305=AXIS2_PLACEMENT_3D('',#16806,#13382,#13383);
#11306=AXIS2_PLACEMENT_3D('',#16812,#13387,#13388);
#11307=AXIS2_PLACEMENT_3D('',#16815,#13390,#13391);
#11308=AXIS2_PLACEMENT_3D('',#16816,#13392,#13393);
#11309=AXIS2_PLACEMENT_3D('',#16820,#13396,#13397);
#11310=AXIS2_PLACEMENT_3D('',#16823,#13399,#13400);
#11311=AXIS2_PLACEMENT_3D('',#16824,#13401,#13402);
#11312=AXIS2_PLACEMENT_3D('',#16828,#13405,#13406);
#11313=AXIS2_PLACEMENT_3D('',#16831,#13408,#13409);
#11314=AXIS2_PLACEMENT_3D('',#16832,#13410,#13411);
#11315=AXIS2_PLACEMENT_3D('',#16836,#13414,#13415);
#11316=AXIS2_PLACEMENT_3D('',#16839,#13417,#13418);
#11317=AXIS2_PLACEMENT_3D('',#16840,#13419,#13420);
#11318=AXIS2_PLACEMENT_3D('',#16854,#13422,#13423);
#11319=AXIS2_PLACEMENT_3D('',#16855,#13424,#13425);
#11320=AXIS2_PLACEMENT_3D('',#16864,#13428,#13429);
#11321=AXIS2_PLACEMENT_3D('',#16867,#13431,#13432);
#11322=AXIS2_PLACEMENT_3D('',#16868,#13433,#13434);
#11323=AXIS2_PLACEMENT_3D('',#16872,#13437,#13438);
#11324=AXIS2_PLACEMENT_3D('',#16874,#13439,#13440);
#11325=AXIS2_PLACEMENT_3D('',#16879,#13441,#13442);
#11326=AXIS2_PLACEMENT_3D('',#16881,#13443,#13444);
#11327=AXIS2_PLACEMENT_3D('',#16883,#13446,#13447);
#11328=AXIS2_PLACEMENT_3D('',#16887,#13450,#13451);
#11329=AXIS2_PLACEMENT_3D('',#16889,#13452,#13453);
#11330=AXIS2_PLACEMENT_3D('',#16891,#13455,#13456);
#11331=AXIS2_PLACEMENT_3D('',#16898,#13458,#13459);
#11332=AXIS2_PLACEMENT_3D('',#16902,#13462,#13463);
#11333=AXIS2_PLACEMENT_3D('',#16904,#13464,#13465);
#11334=AXIS2_PLACEMENT_3D('',#16906,#13467,#13468);
#11335=AXIS2_PLACEMENT_3D('',#16910,#13471,#13472);
#11336=AXIS2_PLACEMENT_3D('',#16912,#13473,#13474);
#11337=AXIS2_PLACEMENT_3D('',#16914,#13476,#13477);
#11338=AXIS2_PLACEMENT_3D('',#16916,#13479,#13480);
#11339=AXIS2_PLACEMENT_3D('',#16920,#13483,#13484);
#11340=AXIS2_PLACEMENT_3D('',#16921,#13485,#13486);
#11341=AXIS2_PLACEMENT_3D('',#16922,#13487,#13488);
#11342=AXIS2_PLACEMENT_3D('',#16926,#13490,#13491);
#11343=AXIS2_PLACEMENT_3D('',#16928,#13493,#13494);
#11344=AXIS2_PLACEMENT_3D('',#16932,#13497,#13498);
#11345=AXIS2_PLACEMENT_3D('',#16935,#13500,#13501);
#11346=AXIS2_PLACEMENT_3D('',#16936,#13502,#13503);
#11347=AXIS2_PLACEMENT_3D('',#16940,#13506,#13507);
#11348=AXIS2_PLACEMENT_3D('',#16943,#13509,#13510);
#11349=AXIS2_PLACEMENT_3D('',#16944,#13511,#13512);
#11350=AXIS2_PLACEMENT_3D('',#16948,#13515,#13516);
#11351=AXIS2_PLACEMENT_3D('',#16951,#13518,#13519);
#11352=AXIS2_PLACEMENT_3D('',#16952,#13520,#13521);
#11353=AXIS2_PLACEMENT_3D('',#16956,#13524,#13525);
#11354=AXIS2_PLACEMENT_3D('',#16970,#13527,#13528);
#11355=AXIS2_PLACEMENT_3D('',#16971,#13529,#13530);
#11356=AXIS2_PLACEMENT_3D('',#16985,#13532,#13533);
#11357=AXIS2_PLACEMENT_3D('',#16986,#13534,#13535);
#11358=AXIS2_PLACEMENT_3D('',#16990,#13538,#13539);
#11359=AXIS2_PLACEMENT_3D('',#16992,#13540,#13541);
#11360=AXIS2_PLACEMENT_3D('',#16997,#13542,#13543);
#11361=AXIS2_PLACEMENT_3D('',#17001,#13546,#13547);
#11362=AXIS2_PLACEMENT_3D('',#17003,#13548,#13549);
#11363=AXIS2_PLACEMENT_3D('',#17005,#13551,#13552);
#11364=AXIS2_PLACEMENT_3D('',#17009,#13555,#13556);
#11365=AXIS2_PLACEMENT_3D('',#17011,#13557,#13558);
#11366=AXIS2_PLACEMENT_3D('',#17013,#13560,#13561);
#11367=AXIS2_PLACEMENT_3D('',#17020,#13563,#13564);
#11368=AXIS2_PLACEMENT_3D('',#17024,#13567,#13568);
#11369=AXIS2_PLACEMENT_3D('',#17026,#13569,#13570);
#11370=AXIS2_PLACEMENT_3D('',#17028,#13572,#13573);
#11371=AXIS2_PLACEMENT_3D('',#17032,#13576,#13577);
#11372=AXIS2_PLACEMENT_3D('',#17034,#13578,#13579);
#11373=AXIS2_PLACEMENT_3D('',#17036,#13581,#13582);
#11374=AXIS2_PLACEMENT_3D('',#17038,#13584,#13585);
#11375=AXIS2_PLACEMENT_3D('',#17042,#13588,#13589);
#11376=AXIS2_PLACEMENT_3D('',#17043,#13590,#13591);
#11377=AXIS2_PLACEMENT_3D('',#17044,#13592,#13593);
#11378=AXIS2_PLACEMENT_3D('',#17050,#13597,#13598);
#11379=AXIS2_PLACEMENT_3D('',#17053,#13600,#13601);
#11380=AXIS2_PLACEMENT_3D('',#17054,#13602,#13603);
#11381=AXIS2_PLACEMENT_3D('',#17058,#13606,#13607);
#11382=AXIS2_PLACEMENT_3D('',#17061,#13609,#13610);
#11383=AXIS2_PLACEMENT_3D('',#17062,#13611,#13612);
#11384=AXIS2_PLACEMENT_3D('',#17066,#13615,#13616);
#11385=AXIS2_PLACEMENT_3D('',#17069,#13618,#13619);
#11386=AXIS2_PLACEMENT_3D('',#17070,#13620,#13621);
#11387=AXIS2_PLACEMENT_3D('',#17074,#13624,#13625);
#11388=AXIS2_PLACEMENT_3D('',#17077,#13627,#13628);
#11389=AXIS2_PLACEMENT_3D('',#17078,#13629,#13630);
#11390=AXIS2_PLACEMENT_3D('',#17092,#13632,#13633);
#11391=AXIS2_PLACEMENT_3D('',#17093,#13634,#13635);
#11392=AXIS2_PLACEMENT_3D('',#17097,#13638,#13639);
#11393=AXIS2_PLACEMENT_3D('',#17099,#13640,#13641);
#11394=AXIS2_PLACEMENT_3D('',#17104,#13642,#13643);
#11395=AXIS2_PLACEMENT_3D('',#17108,#13646,#13647);
#11396=AXIS2_PLACEMENT_3D('',#17110,#13648,#13649);
#11397=AXIS2_PLACEMENT_3D('',#17112,#13651,#13652);
#11398=AXIS2_PLACEMENT_3D('',#17116,#13655,#13656);
#11399=AXIS2_PLACEMENT_3D('',#17118,#13657,#13658);
#11400=AXIS2_PLACEMENT_3D('',#17120,#13660,#13661);
#11401=AXIS2_PLACEMENT_3D('',#17127,#13663,#13664);
#11402=AXIS2_PLACEMENT_3D('',#17136,#13667,#13668);
#11403=AXIS2_PLACEMENT_3D('',#17138,#13669,#13670);
#11404=AXIS2_PLACEMENT_3D('',#17140,#13672,#13673);
#11405=AXIS2_PLACEMENT_3D('',#17144,#13676,#13677);
#11406=AXIS2_PLACEMENT_3D('',#17146,#13678,#13679);
#11407=AXIS2_PLACEMENT_3D('',#17148,#13681,#13682);
#11408=AXIS2_PLACEMENT_3D('',#17150,#13684,#13685);
#11409=AXIS2_PLACEMENT_3D('',#17153,#13687,#13688);
#11410=AXIS2_PLACEMENT_3D('',#17154,#13689,#13690);
#11411=AXIS2_PLACEMENT_3D('',#17158,#13693,#13694);
#11412=AXIS2_PLACEMENT_3D('',#17159,#13695,#13696);
#11413=AXIS2_PLACEMENT_3D('',#17160,#13697,#13698);
#11414=AXIS2_PLACEMENT_3D('',#17164,#13700,#13701);
#11415=AXIS2_PLACEMENT_3D('',#17166,#13703,#13704);
#11416=AXIS2_PLACEMENT_3D('',#17170,#13707,#13708);
#11417=AXIS2_PLACEMENT_3D('',#17173,#13710,#13711);
#11418=AXIS2_PLACEMENT_3D('',#17174,#13712,#13713);
#11419=AXIS2_PLACEMENT_3D('',#17178,#13716,#13717);
#11420=AXIS2_PLACEMENT_3D('',#17181,#13719,#13720);
#11421=AXIS2_PLACEMENT_3D('',#17182,#13721,#13722);
#11422=AXIS2_PLACEMENT_3D('',#17186,#13725,#13726);
#11423=AXIS2_PLACEMENT_3D('',#17189,#13728,#13729);
#11424=AXIS2_PLACEMENT_3D('',#17190,#13730,#13731);
#11425=AXIS2_PLACEMENT_3D('',#17194,#13734,#13735);
#11426=AXIS2_PLACEMENT_3D('',#17208,#13737,#13738);
#11427=AXIS2_PLACEMENT_3D('',#17209,#13739,#13740);
#11428=AXIS2_PLACEMENT_3D('',#17213,#13743,#13744);
#11429=AXIS2_PLACEMENT_3D('',#17215,#13745,#13746);
#11430=AXIS2_PLACEMENT_3D('',#17220,#13747,#13748);
#11431=AXIS2_PLACEMENT_3D('',#17224,#13751,#13752);
#11432=AXIS2_PLACEMENT_3D('',#17226,#13753,#13754);
#11433=AXIS2_PLACEMENT_3D('',#17228,#13756,#13757);
#11434=AXIS2_PLACEMENT_3D('',#17232,#13760,#13761);
#11435=AXIS2_PLACEMENT_3D('',#17234,#13762,#13763);
#11436=AXIS2_PLACEMENT_3D('',#17236,#13765,#13766);
#11437=AXIS2_PLACEMENT_3D('',#17243,#13768,#13769);
#11438=AXIS2_PLACEMENT_3D('',#17252,#13772,#13773);
#11439=AXIS2_PLACEMENT_3D('',#17254,#13774,#13775);
#11440=AXIS2_PLACEMENT_3D('',#17256,#13777,#13778);
#11441=AXIS2_PLACEMENT_3D('',#17260,#13781,#13782);
#11442=AXIS2_PLACEMENT_3D('',#17262,#13783,#13784);
#11443=AXIS2_PLACEMENT_3D('',#17264,#13786,#13787);
#11444=AXIS2_PLACEMENT_3D('',#17266,#13789,#13790);
#11445=AXIS2_PLACEMENT_3D('',#17269,#13792,#13793);
#11446=AXIS2_PLACEMENT_3D('',#17270,#13794,#13795);
#11447=AXIS2_PLACEMENT_3D('',#17274,#13798,#13799);
#11448=AXIS2_PLACEMENT_3D('',#17275,#13800,#13801);
#11449=AXIS2_PLACEMENT_3D('',#17276,#13802,#13803);
#11450=AXIS2_PLACEMENT_3D('',#17280,#13805,#13806);
#11451=AXIS2_PLACEMENT_3D('',#17282,#13808,#13809);
#11452=AXIS2_PLACEMENT_3D('',#17286,#13812,#13813);
#11453=AXIS2_PLACEMENT_3D('',#17289,#13815,#13816);
#11454=AXIS2_PLACEMENT_3D('',#17290,#13817,#13818);
#11455=AXIS2_PLACEMENT_3D('',#17294,#13821,#13822);
#11456=AXIS2_PLACEMENT_3D('',#17297,#13824,#13825);
#11457=AXIS2_PLACEMENT_3D('',#17298,#13826,#13827);
#11458=AXIS2_PLACEMENT_3D('',#17302,#13830,#13831);
#11459=AXIS2_PLACEMENT_3D('',#17305,#13833,#13834);
#11460=AXIS2_PLACEMENT_3D('',#17306,#13835,#13836);
#11461=AXIS2_PLACEMENT_3D('',#17310,#13839,#13840);
#11462=AXIS2_PLACEMENT_3D('',#17324,#13842,#13843);
#11463=AXIS2_PLACEMENT_3D('',#17325,#13844,#13845);
#11464=AXIS2_PLACEMENT_3D('',#17329,#13848,#13849);
#11465=AXIS2_PLACEMENT_3D('',#17331,#13850,#13851);
#11466=AXIS2_PLACEMENT_3D('',#17336,#13852,#13853);
#11467=AXIS2_PLACEMENT_3D('',#17340,#13856,#13857);
#11468=AXIS2_PLACEMENT_3D('',#17342,#13858,#13859);
#11469=AXIS2_PLACEMENT_3D('',#17344,#13861,#13862);
#11470=AXIS2_PLACEMENT_3D('',#17348,#13865,#13866);
#11471=AXIS2_PLACEMENT_3D('',#17350,#13867,#13868);
#11472=AXIS2_PLACEMENT_3D('',#17352,#13870,#13871);
#11473=AXIS2_PLACEMENT_3D('',#17359,#13873,#13874);
#11474=AXIS2_PLACEMENT_3D('',#17368,#13877,#13878);
#11475=AXIS2_PLACEMENT_3D('',#17370,#13879,#13880);
#11476=AXIS2_PLACEMENT_3D('',#17372,#13882,#13883);
#11477=AXIS2_PLACEMENT_3D('',#17376,#13886,#13887);
#11478=AXIS2_PLACEMENT_3D('',#17378,#13888,#13889);
#11479=AXIS2_PLACEMENT_3D('',#17380,#13891,#13892);
#11480=AXIS2_PLACEMENT_3D('',#17382,#13894,#13895);
#11481=AXIS2_PLACEMENT_3D('',#17385,#13897,#13898);
#11482=AXIS2_PLACEMENT_3D('',#17386,#13899,#13900);
#11483=AXIS2_PLACEMENT_3D('',#17390,#13903,#13904);
#11484=AXIS2_PLACEMENT_3D('',#17391,#13905,#13906);
#11485=AXIS2_PLACEMENT_3D('',#17392,#13907,#13908);
#11486=AXIS2_PLACEMENT_3D('',#17396,#13910,#13911);
#11487=AXIS2_PLACEMENT_3D('',#17398,#13913,#13914);
#11488=AXIS2_PLACEMENT_3D('',#17402,#13917,#13918);
#11489=AXIS2_PLACEMENT_3D('',#17405,#13920,#13921);
#11490=AXIS2_PLACEMENT_3D('',#17406,#13922,#13923);
#11491=AXIS2_PLACEMENT_3D('',#17410,#13926,#13927);
#11492=AXIS2_PLACEMENT_3D('',#17413,#13929,#13930);
#11493=AXIS2_PLACEMENT_3D('',#17414,#13931,#13932);
#11494=AXIS2_PLACEMENT_3D('',#17418,#13935,#13936);
#11495=AXIS2_PLACEMENT_3D('',#17421,#13938,#13939);
#11496=AXIS2_PLACEMENT_3D('',#17422,#13940,#13941);
#11497=AXIS2_PLACEMENT_3D('',#17426,#13944,#13945);
#11498=AXIS2_PLACEMENT_3D('',#17429,#13946,#13947);
#11499=AXIS2_PLACEMENT_3D('',#17433,#13949,#13950);
#11500=AXIS2_PLACEMENT_3D('',#17435,#13952,#13953);
#11501=AXIS2_PLACEMENT_3D('',#17441,#13957,#13958);
#11502=AXIS2_PLACEMENT_3D('',#17443,#13959,#13960);
#11503=AXIS2_PLACEMENT_3D('',#17445,#13961,#13962);
#11504=AXIS2_PLACEMENT_3D('',#17447,#13964,#13965);
#11505=AXIS2_PLACEMENT_3D('',#17454,#13970,#13971);
#11506=AXIS2_PLACEMENT_3D('',#17456,#13972,#13973);
#11507=AXIS2_PLACEMENT_3D('',#17460,#13975,#13976);
#11508=AXIS2_PLACEMENT_3D('',#17464,#13978,#13979);
#11509=AXIS2_PLACEMENT_3D('',#17467,#13981,#13982);
#11510=AXIS2_PLACEMENT_3D('',#17471,#13984,#13985);
#11511=AXIS2_PLACEMENT_3D('',#17475,#13987,#13988);
#11512=AXIS2_PLACEMENT_3D('',#17477,#13989,#13990);
#11513=AXIS2_PLACEMENT_3D('',#17479,#13991,#13992);
#11514=AXIS2_PLACEMENT_3D('',#17483,#13994,#13995);
#11515=AXIS2_PLACEMENT_3D('',#17487,#13997,#13998);
#11516=AXIS2_PLACEMENT_3D('',#17491,#14000,#14001);
#11517=AXIS2_PLACEMENT_3D('',#17495,#14003,#14004);
#11518=AXIS2_PLACEMENT_3D('',#17499,#14006,#14007);
#11519=AXIS2_PLACEMENT_3D('',#17503,#14009,#14010);
#11520=AXIS2_PLACEMENT_3D('',#17509,#14013,#14014);
#11521=AXIS2_PLACEMENT_3D('',#17513,#14016,#14017);
#11522=AXIS2_PLACEMENT_3D('',#17515,#14018,#14019);
#11523=AXIS2_PLACEMENT_3D('',#17521,#14022,#14023);
#11524=AXIS2_PLACEMENT_3D('',#17525,#14025,#14026);
#11525=AXIS2_PLACEMENT_3D('',#17531,#14029,#14030);
#11526=AXIS2_PLACEMENT_3D('',#17533,#14031,#14032);
#11527=AXIS2_PLACEMENT_3D('',#17537,#14034,#14035);
#11528=AXIS2_PLACEMENT_3D('',#17543,#14038,#14039);
#11529=AXIS2_PLACEMENT_3D('',#17547,#14041,#14042);
#11530=AXIS2_PLACEMENT_3D('',#17551,#14044,#14045);
#11531=AXIS2_PLACEMENT_3D('',#17555,#14047,#14048);
#11532=AXIS2_PLACEMENT_3D('',#17559,#14050,#14051);
#11533=AXIS2_PLACEMENT_3D('',#17563,#14053,#14054);
#11534=AXIS2_PLACEMENT_3D('',#17567,#14056,#14057);
#11535=AXIS2_PLACEMENT_3D('',#17569,#14058,#14059);
#11536=AXIS2_PLACEMENT_3D('',#17571,#14060,#14061);
#11537=AXIS2_PLACEMENT_3D('',#17575,#14063,#14064);
#11538=AXIS2_PLACEMENT_3D('',#17578,#14066,#14067);
#11539=AXIS2_PLACEMENT_3D('',#17580,#14068,#14069);
#11540=AXIS2_PLACEMENT_3D('',#17582,#14070,#14071);
#11541=AXIS2_PLACEMENT_3D('',#17584,#14072,#14073);
#11542=AXIS2_PLACEMENT_3D('',#17585,#14074,#14075);
#11543=AXIS2_PLACEMENT_3D('',#17587,#14076,#14077);
#11544=AXIS2_PLACEMENT_3D('',#17590,#14079,#14080);
#11545=AXIS2_PLACEMENT_3D('',#17592,#14081,#14082);
#11546=AXIS2_PLACEMENT_3D('',#17594,#14084,#14085);
#11547=AXIS2_PLACEMENT_3D('',#17597,#14086,#14087);
#11548=AXIS2_PLACEMENT_3D('',#17601,#14089,#14090);
#11549=AXIS2_PLACEMENT_3D('',#17603,#14092,#14093);
#11550=AXIS2_PLACEMENT_3D('',#17606,#14094,#14095);
#11551=AXIS2_PLACEMENT_3D('',#17610,#14097,#14098);
#11552=AXIS2_PLACEMENT_3D('',#17612,#14100,#14101);
#11553=AXIS2_PLACEMENT_3D('',#17615,#14104,#14105);
#11554=AXIS2_PLACEMENT_3D('',#17620,#14107,#14108);
#11555=AXIS2_PLACEMENT_3D('',#17624,#14110,#14111);
#11556=AXIS2_PLACEMENT_3D('',#17628,#14113,#14114);
#11557=AXIS2_PLACEMENT_3D('',#17632,#14116,#14117);
#11558=AXIS2_PLACEMENT_3D('',#17636,#14119,#14120);
#11559=AXIS2_PLACEMENT_3D('',#17640,#14122,#14123);
#11560=AXIS2_PLACEMENT_3D('',#17644,#14125,#14126);
#11561=AXIS2_PLACEMENT_3D('',#17648,#14128,#14129);
#11562=AXIS2_PLACEMENT_3D('',#17652,#14131,#14132);
#11563=AXIS2_PLACEMENT_3D('',#17656,#14134,#14135);
#11564=AXIS2_PLACEMENT_3D('',#17660,#14137,#14138);
#11565=AXIS2_PLACEMENT_3D('',#17664,#14140,#14141);
#11566=AXIS2_PLACEMENT_3D('',#17668,#14143,#14144);
#11567=AXIS2_PLACEMENT_3D('',#17672,#14146,#14147);
#11568=AXIS2_PLACEMENT_3D('',#17676,#14149,#14150);
#11569=AXIS2_PLACEMENT_3D('',#17679,#14152,#14153);
#11570=AXIS2_PLACEMENT_3D('',#17684,#14155,#14156);
#11571=AXIS2_PLACEMENT_3D('',#17688,#14158,#14159);
#11572=AXIS2_PLACEMENT_3D('',#17691,#14161,#14162);
#11573=AXIS2_PLACEMENT_3D('',#17694,#14164,#14165);
#11574=AXIS2_PLACEMENT_3D('',#17698,#14167,#14168);
#11575=AXIS2_PLACEMENT_3D('',#17702,#14170,#14171);
#11576=AXIS2_PLACEMENT_3D('',#17706,#14173,#14174);
#11577=AXIS2_PLACEMENT_3D('',#17709,#14176,#14177);
#11578=AXIS2_PLACEMENT_3D('',#17711,#14178,#14179);
#11579=AXIS2_PLACEMENT_3D('',#17715,#14181,#14182);
#11580=AXIS2_PLACEMENT_3D('',#17719,#14184,#14185);
#11581=AXIS2_PLACEMENT_3D('',#17723,#14187,#14188);
#11582=AXIS2_PLACEMENT_3D('',#17726,#14190,#14191);
#11583=AXIS2_PLACEMENT_3D('',#17730,#14193,#14194);
#11584=AXIS2_PLACEMENT_3D('',#17734,#14196,#14197);
#11585=AXIS2_PLACEMENT_3D('',#17738,#14199,#14200);
#11586=AXIS2_PLACEMENT_3D('',#17741,#14202,#14203);
#11587=AXIS2_PLACEMENT_3D('',#17745,#14205,#14206);
#11588=AXIS2_PLACEMENT_3D('',#17749,#14208,#14209);
#11589=AXIS2_PLACEMENT_3D('',#17753,#14211,#14212);
#11590=AXIS2_PLACEMENT_3D('',#17756,#14214,#14215);
#11591=AXIS2_PLACEMENT_3D('',#17760,#14217,#14218);
#11592=AXIS2_PLACEMENT_3D('',#17764,#14220,#14221);
#11593=AXIS2_PLACEMENT_3D('',#17768,#14223,#14224);
#11594=AXIS2_PLACEMENT_3D('',#17773,#14227,#14228);
#11595=AXIS2_PLACEMENT_3D('',#17777,#14230,#14231);
#11596=AXIS2_PLACEMENT_3D('',#17781,#14233,#14234);
#11597=AXIS2_PLACEMENT_3D('',#17784,#14236,#14237);
#11598=AXIS2_PLACEMENT_3D('',#17786,#14238,#14239);
#11599=AXIS2_PLACEMENT_3D('',#17790,#14241,#14242);
#11600=AXIS2_PLACEMENT_3D('',#17794,#14244,#14245);
#11601=AXIS2_PLACEMENT_3D('',#17798,#14247,#14248);
#11602=AXIS2_PLACEMENT_3D('',#17803,#14251,#14252);
#11603=AXIS2_PLACEMENT_3D('',#17807,#14254,#14255);
#11604=AXIS2_PLACEMENT_3D('',#17811,#14257,#14258);
#11605=AXIS2_PLACEMENT_3D('',#17814,#14260,#14261);
#11606=AXIS2_PLACEMENT_3D('',#17819,#14264,#14265);
#11607=AXIS2_PLACEMENT_3D('',#17823,#14267,#14268);
#11608=AXIS2_PLACEMENT_3D('',#17827,#14270,#14271);
#11609=AXIS2_PLACEMENT_3D('',#17830,#14273,#14274);
#11610=AXIS2_PLACEMENT_3D('',#17836,#14277,#14278);
#11611=AXIS2_PLACEMENT_3D('',#17840,#14280,#14281);
#11612=AXIS2_PLACEMENT_3D('',#17843,#14283,#14284);
#11613=AXIS2_PLACEMENT_3D('',#17846,#14286,#14287);
#11614=AXIS2_PLACEMENT_3D('',#17851,#14289,#14290);
#11615=AXIS2_PLACEMENT_3D('',#17855,#14292,#14293);
#11616=AXIS2_PLACEMENT_3D('',#17858,#14295,#14296);
#11617=AXIS2_PLACEMENT_3D('',#17861,#14298,#14299);
#11618=AXIS2_PLACEMENT_3D('',#17866,#14301,#14302);
#11619=AXIS2_PLACEMENT_3D('',#17870,#14304,#14305);
#11620=AXIS2_PLACEMENT_3D('',#17873,#14307,#14308);
#11621=AXIS2_PLACEMENT_3D('',#17876,#14310,#14311);
#11622=AXIS2_PLACEMENT_3D('',#17881,#14313,#14314);
#11623=AXIS2_PLACEMENT_3D('',#17885,#14316,#14317);
#11624=AXIS2_PLACEMENT_3D('',#17888,#14319,#14320);
#11625=AXIS2_PLACEMENT_3D('',#17891,#14322,#14323);
#11626=AXIS2_PLACEMENT_3D('',#17896,#14325,#14326);
#11627=AXIS2_PLACEMENT_3D('',#17900,#14328,#14329);
#11628=AXIS2_PLACEMENT_3D('',#17903,#14331,#14332);
#11629=AXIS2_PLACEMENT_3D('',#17906,#14334,#14335);
#11630=AXIS2_PLACEMENT_3D('',#17911,#14337,#14338);
#11631=AXIS2_PLACEMENT_3D('',#17915,#14340,#14341);
#11632=AXIS2_PLACEMENT_3D('',#17918,#14343,#14344);
#11633=AXIS2_PLACEMENT_3D('',#17921,#14346,#14347);
#11634=AXIS2_PLACEMENT_3D('',#17922,#14348,#14349);
#11635=AXIS2_PLACEMENT_3D('',#17924,#14350,#14351);
#11636=AXIS2_PLACEMENT_3D('',#17927,#14353,#14354);
#11637=AXIS2_PLACEMENT_3D('',#17929,#14356,#14357);
#11638=AXIS2_PLACEMENT_3D('',#17931,#14358,#14359);
#11639=AXIS2_PLACEMENT_3D('',#17934,#14361,#14362);
#11640=AXIS2_PLACEMENT_3D('',#17936,#14364,#14365);
#11641=AXIS2_PLACEMENT_3D('',#17938,#14366,#14367);
#11642=AXIS2_PLACEMENT_3D('',#17941,#14369,#14370);
#11643=AXIS2_PLACEMENT_3D('',#17943,#14372,#14373);
#11644=AXIS2_PLACEMENT_3D('',#17945,#14374,#14375);
#11645=AXIS2_PLACEMENT_3D('',#17948,#14377,#14378);
#11646=AXIS2_PLACEMENT_3D('',#17950,#14380,#14381);
#11647=AXIS2_PLACEMENT_3D('',#17953,#14382,#14383);
#11648=AXIS2_PLACEMENT_3D('',#17956,#14386,#14387);
#11649=AXIS2_PLACEMENT_3D('',#17959,#14389,#14390);
#11650=AXIS2_PLACEMENT_3D('',#17960,#14391,#14392);
#11651=AXIS2_PLACEMENT_3D('',#17963,#14393,#14394);
#11652=AXIS2_PLACEMENT_3D('',#17966,#14397,#14398);
#11653=AXIS2_PLACEMENT_3D('',#17970,#14401,#14402);
#11654=AXIS2_PLACEMENT_3D('',#17973,#14403,#14404);
#11655=AXIS2_PLACEMENT_3D('',#17976,#14407,#14408);
#11656=AXIS2_PLACEMENT_3D('',#17978,#14409,#14410);
#11657=AXIS2_PLACEMENT_3D('',#17980,#14412,#14413);
#11658=AXIS2_PLACEMENT_3D('',#17984,#14415,#14416);
#11659=AXIS2_PLACEMENT_3D('',#17987,#14418,#14419);
#11660=AXIS2_PLACEMENT_3D('',#17988,#14420,#14421);
#11661=AXIS2_PLACEMENT_3D('',#17990,#14423,#14424);
#11662=AXIS2_PLACEMENT_3D('',#17993,#14425,#14426);
#11663=AXIS2_PLACEMENT_3D('',#17996,#14429,#14430);
#11664=AXIS2_PLACEMENT_3D('',#17998,#14431,#14432);
#11665=AXIS2_PLACEMENT_3D('',#18000,#14433,#14434);
#11666=AXIS2_PLACEMENT_3D('',#18004,#14436,#14437);
#11667=AXIS2_PLACEMENT_3D('',#18006,#14439,#14440);
#11668=AXIS2_PLACEMENT_3D('',#18008,#14442,#14443);
#11669=AXIS2_PLACEMENT_3D('',#18010,#14445,#14446);
#11670=AXIS2_PLACEMENT_3D('',#18012,#14448,#14449);
#11671=AXIS2_PLACEMENT_3D('',#18015,#14450,#14451);
#11672=AXIS2_PLACEMENT_3D('',#18018,#14454,#14455);
#11673=AXIS2_PLACEMENT_3D('',#18022,#14458,#14459);
#11674=AXIS2_PLACEMENT_3D('',#18026,#14461,#14462);
#11675=AXIS2_PLACEMENT_3D('',#18028,#14463,#14464);
#11676=AXIS2_PLACEMENT_3D('',#18032,#14466,#14467);
#11677=AXIS2_PLACEMENT_3D('',#18034,#14469,#14470);
#11678=AXIS2_PLACEMENT_3D('',#18037,#14473,#14474);
#11679=AXIS2_PLACEMENT_3D('',#18039,#14476,#14477);
#11680=AXIS2_PLACEMENT_3D('',#18041,#14479,#14480);
#11681=AXIS2_PLACEMENT_3D('',#18042,#14481,#14482);
#11682=AXIS2_PLACEMENT_3D('',#18044,#14484,#14485);
#11683=AXIS2_PLACEMENT_3D('',#18045,#14486,#14487);
#11684=AXIS2_PLACEMENT_3D('',#18047,#14489,#14490);
#11685=AXIS2_PLACEMENT_3D('',#18053,#14494,#14495);
#11686=AXIS2_PLACEMENT_3D('',#18054,#14496,#14497);
#11687=AXIS2_PLACEMENT_3D('',#18057,#14499,#14500);
#11688=AXIS2_PLACEMENT_3D('',#18058,#14501,#14502);
#11689=AXIS2_PLACEMENT_3D('',#18060,#14504,#14505);
#11690=AXIS2_PLACEMENT_3D('',#18061,#14506,#14507);
#11691=AXIS2_PLACEMENT_3D('',#18063,#14509,#14510);
#11692=AXIS2_PLACEMENT_3D('',#18065,#14512,#14513);
#11693=AXIS2_PLACEMENT_3D('',#18066,#14514,#14515);
#11694=AXIS2_PLACEMENT_3D('',#18069,#14518,#14519);
#11695=AXIS2_PLACEMENT_3D('',#18071,#14521,#14522);
#11696=AXIS2_PLACEMENT_3D('',#18073,#14524,#14525);
#11697=AXIS2_PLACEMENT_3D('',#18075,#14527,#14528);
#11698=AXIS2_PLACEMENT_3D('',#18077,#14530,#14531);
#11699=AXIS2_PLACEMENT_3D('',#18079,#14533,#14534);
#11700=AXIS2_PLACEMENT_3D('',#18081,#14536,#14537);
#11701=AXIS2_PLACEMENT_3D('',#18083,#14539,#14540);
#11702=AXIS2_PLACEMENT_3D('',#18085,#14542,#14543);
#11703=AXIS2_PLACEMENT_3D('',#18087,#14545,#14546);
#11704=AXIS2_PLACEMENT_3D('',#18089,#14548,#14549);
#11705=AXIS2_PLACEMENT_3D('',#18091,#14551,#14552);
#11706=AXIS2_PLACEMENT_3D('',#18093,#14554,#14555);
#11707=AXIS2_PLACEMENT_3D('',#18095,#14557,#14558);
#11708=AXIS2_PLACEMENT_3D('',#18097,#14560,#14561);
#11709=AXIS2_PLACEMENT_3D('',#18099,#14563,#14564);
#11710=AXIS2_PLACEMENT_3D('',#18101,#14566,#14567);
#11711=AXIS2_PLACEMENT_3D('',#18103,#14569,#14570);
#11712=AXIS2_PLACEMENT_3D('',#18105,#14572,#14573);
#11713=AXIS2_PLACEMENT_3D('',#18107,#14575,#14576);
#11714=AXIS2_PLACEMENT_3D('',#18109,#14578,#14579);
#11715=AXIS2_PLACEMENT_3D('',#18111,#14581,#14582);
#11716=AXIS2_PLACEMENT_3D('',#18113,#14584,#14585);
#11717=AXIS2_PLACEMENT_3D('',#18115,#14587,#14588);
#11718=AXIS2_PLACEMENT_3D('',#18117,#14590,#14591);
#11719=AXIS2_PLACEMENT_3D('',#18119,#14593,#14594);
#11720=AXIS2_PLACEMENT_3D('',#18123,#14597,#14598);
#11721=AXIS2_PLACEMENT_3D('',#18125,#14600,#14601);
#11722=AXIS2_PLACEMENT_3D('',#18127,#14603,#14604);
#11723=AXIS2_PLACEMENT_3D('',#18129,#14606,#14607);
#11724=AXIS2_PLACEMENT_3D('',#18131,#14609,#14610);
#11725=AXIS2_PLACEMENT_3D('',#18132,#14611,#14612);
#11726=AXIS2_PLACEMENT_3D('',#18134,#14614,#14615);
#11727=AXIS2_PLACEMENT_3D('',#18137,#14618,#14619);
#11728=AXIS2_PLACEMENT_3D('',#18138,#14620,#14621);
#11729=AXIS2_PLACEMENT_3D('',#18141,#14624,#14625);
#11730=AXIS2_PLACEMENT_3D('',#18142,#14626,#14627);
#11731=AXIS2_PLACEMENT_3D('',#18144,#14629,#14630);
#11732=AXIS2_PLACEMENT_3D('',#18146,#14632,#14633);
#11733=AXIS2_PLACEMENT_3D('',#18149,#14636,#14637);
#11734=AXIS2_PLACEMENT_3D('',#18150,#14638,#14639);
#11735=AXIS2_PLACEMENT_3D('',#18153,#14642,#14643);
#11736=AXIS2_PLACEMENT_3D('',#18154,#14644,#14645);
#11737=AXIS2_PLACEMENT_3D('',#18156,#14647,#14648);
#11738=AXIS2_PLACEMENT_3D('',#18158,#14650,#14651);
#11739=AXIS2_PLACEMENT_3D('',#18160,#14653,#14654);
#11740=AXIS2_PLACEMENT_3D('',#18162,#14656,#14657);
#11741=AXIS2_PLACEMENT_3D('',#18165,#14660,#14661);
#11742=AXIS2_PLACEMENT_3D('',#18166,#14662,#14663);
#11743=AXIS2_PLACEMENT_3D('',#18169,#14666,#14667);
#11744=AXIS2_PLACEMENT_3D('',#18172,#14670,#14671);
#11745=AXIS2_PLACEMENT_3D('',#18173,#14672,#14673);
#11746=AXIS2_PLACEMENT_3D('',#18176,#14676,#14677);
#11747=AXIS2_PLACEMENT_3D('',#18179,#14680,#14681);
#11748=AXIS2_PLACEMENT_3D('',#18180,#14682,#14683);
#11749=AXIS2_PLACEMENT_3D('',#18183,#14686,#14687);
#11750=AXIS2_PLACEMENT_3D('',#18186,#14690,#14691);
#11751=AXIS2_PLACEMENT_3D('',#18187,#14692,#14693);
#11752=AXIS2_PLACEMENT_3D('',#18190,#14696,#14697);
#11753=AXIS2_PLACEMENT_3D('',#18192,#14699,#14700);
#11754=AXIS2_PLACEMENT_3D('',#18195,#14703,#14704);
#11755=AXIS2_PLACEMENT_3D('',#18196,#14705,#14706);
#11756=AXIS2_PLACEMENT_3D('',#18199,#14709,#14710);
#11757=AXIS2_PLACEMENT_3D('',#18200,#14711,#14712);
#11758=AXIS2_PLACEMENT_3D('',#18203,#14715,#14716);
#11759=AXIS2_PLACEMENT_3D('',#18204,#14717,#14718);
#11760=AXIS2_PLACEMENT_3D('',#18207,#14721,#14722);
#11761=AXIS2_PLACEMENT_3D('',#18208,#14723,#14724);
#11762=AXIS2_PLACEMENT_3D('',#18211,#14727,#14728);
#11763=AXIS2_PLACEMENT_3D('',#18212,#14729,#14730);
#11764=AXIS2_PLACEMENT_3D('',#18215,#14733,#14734);
#11765=AXIS2_PLACEMENT_3D('',#18216,#14735,#14736);
#11766=AXIS2_PLACEMENT_3D('',#18218,#14738,#14739);
#11767=AXIS2_PLACEMENT_3D('',#18221,#14742,#14743);
#11768=AXIS2_PLACEMENT_3D('',#18222,#14744,#14745);
#11769=AXIS2_PLACEMENT_3D('',#18224,#14747,#14748);
#11770=AXIS2_PLACEMENT_3D('',#18227,#14751,#14752);
#11771=AXIS2_PLACEMENT_3D('',#18228,#14753,#14754);
#11772=AXIS2_PLACEMENT_3D('',#18230,#14756,#14757);
#11773=AXIS2_PLACEMENT_3D('',#18233,#14760,#14761);
#11774=AXIS2_PLACEMENT_3D('',#18234,#14762,#14763);
#11775=AXIS2_PLACEMENT_3D('',#18236,#14765,#14766);
#11776=AXIS2_PLACEMENT_3D('',#18239,#14769,#14770);
#11777=AXIS2_PLACEMENT_3D('',#18240,#14771,#14772);
#11778=AXIS2_PLACEMENT_3D('',#18242,#14774,#14775);
#11779=AXIS2_PLACEMENT_3D('',#18244,#14777,#14778);
#11780=AXIS2_PLACEMENT_3D('',#18247,#14781,#14782);
#11781=AXIS2_PLACEMENT_3D('',#18248,#14783,#14784);
#11782=AXIS2_PLACEMENT_3D('',#18250,#14786,#14787);
#11783=AXIS2_PLACEMENT_3D('',#18253,#14790,#14791);
#11784=AXIS2_PLACEMENT_3D('',#18254,#14792,#14793);
#11785=AXIS2_PLACEMENT_3D('',#18256,#14795,#14796);
#11786=AXIS2_PLACEMENT_3D('',#18259,#14799,#14800);
#11787=AXIS2_PLACEMENT_3D('',#18262,#14803,#14804);
#11788=AXIS2_PLACEMENT_3D('',#18263,#14805,#14806);
#11789=AXIS2_PLACEMENT_3D('',#18266,#14809,#14810);
#11790=AXIS2_PLACEMENT_3D('',#18269,#14813,#14814);
#11791=AXIS2_PLACEMENT_3D('',#18270,#14815,#14816);
#11792=AXIS2_PLACEMENT_3D('',#18273,#14819,#14820);
#11793=AXIS2_PLACEMENT_3D('',#18276,#14823,#14824);
#11794=AXIS2_PLACEMENT_3D('',#18277,#14825,#14826);
#11795=AXIS2_PLACEMENT_3D('',#18280,#14829,#14830);
#11796=AXIS2_PLACEMENT_3D('',#18283,#14833,#14834);
#11797=AXIS2_PLACEMENT_3D('',#18284,#14835,#14836);
#11798=AXIS2_PLACEMENT_3D('',#18287,#14839,#14840);
#11799=AXIS2_PLACEMENT_3D('',#18290,#14843,#14844);
#11800=AXIS2_PLACEMENT_3D('',#18291,#14845,#14846);
#11801=AXIS2_PLACEMENT_3D('',#18294,#14849,#14850);
#11802=AXIS2_PLACEMENT_3D('',#18297,#14853,#14854);
#11803=AXIS2_PLACEMENT_3D('',#18298,#14855,#14856);
#11804=AXIS2_PLACEMENT_3D('',#18301,#14859,#14860);
#11805=AXIS2_PLACEMENT_3D('',#18304,#14863,#14864);
#11806=AXIS2_PLACEMENT_3D('',#18305,#14865,#14866);
#11807=AXIS2_PLACEMENT_3D('',#18308,#14869,#14870);
#11808=AXIS2_PLACEMENT_3D('',#18311,#14873,#14874);
#11809=AXIS2_PLACEMENT_3D('',#18314,#14877,#14878);
#11810=AXIS2_PLACEMENT_3D('',#18315,#14879,#14880);
#11811=AXIS2_PLACEMENT_3D('',#18318,#14883,#14884);
#11812=AXIS2_PLACEMENT_3D('',#18319,#14885,#14886);
#11813=AXIS2_PLACEMENT_3D('',#18322,#14889,#14890);
#11814=AXIS2_PLACEMENT_3D('',#18323,#14891,#14892);
#11815=AXIS2_PLACEMENT_3D('',#18326,#14895,#14896);
#11816=AXIS2_PLACEMENT_3D('',#18327,#14897,#14898);
#11817=AXIS2_PLACEMENT_3D('',#18330,#14901,#14902);
#11818=AXIS2_PLACEMENT_3D('',#18331,#14903,#14904);
#11819=AXIS2_PLACEMENT_3D('',#18334,#14907,#14908);
#11820=AXIS2_PLACEMENT_3D('',#18337,#14911,#14912);
#11821=AXIS2_PLACEMENT_3D('',#18340,#14915,#14916);
#11822=AXIS2_PLACEMENT_3D('',#18341,#14917,#14918);
#11823=AXIS2_PLACEMENT_3D('',#18342,#14919,#14920);
#11824=AXIS2_PLACEMENT_3D('',#18343,#14921,#14922);
#11825=AXIS2_PLACEMENT_3D('',#18344,#14923,#14924);
#11826=AXIS2_PLACEMENT_3D('',#18345,#14925,#14926);
#11827=AXIS2_PLACEMENT_3D('',#18346,#14927,#14928);
#11828=AXIS2_PLACEMENT_3D('',#18347,#14929,#14930);
#11829=AXIS2_PLACEMENT_3D('',#18348,#14931,#14932);
#11830=AXIS2_PLACEMENT_3D('',#18349,#14933,#14934);
#11831=AXIS2_PLACEMENT_3D('',#18350,#14935,#14936);
#11832=AXIS2_PLACEMENT_3D('',#18351,#14937,#14938);
#11833=AXIS2_PLACEMENT_3D('',#18352,#14939,#14940);
#11834=AXIS2_PLACEMENT_3D('',#18353,#14941,#14942);
#11835=AXIS2_PLACEMENT_3D('',#18354,#14943,#14944);
#11836=AXIS2_PLACEMENT_3D('',#18355,#14945,#14946);
#11837=AXIS2_PLACEMENT_3D('',#18356,#14947,#14948);
#11838=AXIS2_PLACEMENT_3D('',#18357,#14949,#14950);
#11839=AXIS2_PLACEMENT_3D('',#18358,#14951,#14952);
#11840=AXIS2_PLACEMENT_3D('',#18359,#14953,#14954);
#11841=AXIS2_PLACEMENT_3D('',#18360,#14955,#14956);
#11842=AXIS2_PLACEMENT_3D('',#18361,#14957,#14958);
#11843=AXIS2_PLACEMENT_3D('',#18362,#14959,#14960);
#11844=AXIS2_PLACEMENT_3D('',#18363,#14961,#14962);
#11845=AXIS2_PLACEMENT_3D('',#18364,#14963,#14964);
#11846=AXIS2_PLACEMENT_3D('',#18365,#14965,#14966);
#11847=AXIS2_PLACEMENT_3D('',#18366,#14967,#14968);
#11848=AXIS2_PLACEMENT_3D('',#18367,#14969,#14970);
#11849=AXIS2_PLACEMENT_3D('',#18368,#14971,#14972);
#11850=AXIS2_PLACEMENT_3D('',#18369,#14973,#14974);
#11851=AXIS2_PLACEMENT_3D('',#18370,#14975,#14976);
#11852=AXIS2_PLACEMENT_3D('',#18371,#14977,#14978);
#11853=AXIS2_PLACEMENT_3D('',#18372,#14979,#14980);
#11854=AXIS2_PLACEMENT_3D('',#18375,#14983,#14984);
#11855=AXIS2_PLACEMENT_3D('',#18377,#14986,#14987);
#11856=AXIS2_PLACEMENT_3D('',#18379,#14989,#14990);
#11857=AXIS2_PLACEMENT_3D('',#18381,#14992,#14993);
#11858=AXIS2_PLACEMENT_3D('',#18383,#14995,#14996);
#11859=AXIS2_PLACEMENT_3D('',#18384,#14997,#14998);
#11860=AXIS2_PLACEMENT_3D('',#18385,#14999,#15000);
#11861=AXIS2_PLACEMENT_3D('',#18386,#15001,#15002);
#11862=DIRECTION('axis',(0.,0.,1.));
#11863=DIRECTION('refdir',(1.,0.,0.));
#11864=DIRECTION('axis',(0.,0.,1.));
#11865=DIRECTION('refdir',(1.,0.,0.));
#11866=DIRECTION('center_axis',(0.,0.,1.));
#11867=DIRECTION('ref_axis',(0.535714285714288,-0.844399315538348,0.));
#11868=DIRECTION('center_axis',(0.,0.,1.));
#11869=DIRECTION('ref_axis',(0.535714285714288,-0.844399315538348,0.));
#11870=DIRECTION('',(-0.707106781186545,0.,-0.70710678118655));
#11871=DIRECTION('center_axis',(0.,0.,-1.));
#11872=DIRECTION('ref_axis',(0.535714285714288,-0.844399315538348,0.));
#11873=DIRECTION('center_axis',(-0.707106781186547,-1.57798237053646E-16,
0.707106781186548));
#11874=DIRECTION('ref_axis',(0.707106781186548,0.,0.707106781186547));
#11875=DIRECTION('',(-2.23160406959831E-16,1.,0.));
#11876=DIRECTION('',(-0.707106781186548,0.,-0.707106781186547));
#11877=DIRECTION('',(2.23160406959831E-16,-1.,0.));
#11878=DIRECTION('center_axis',(0.,0.,1.));
#11879=DIRECTION('ref_axis',(0.535714285714285,0.844399315538349,0.));
#11880=DIRECTION('center_axis',(0.,0.,-1.));
#11881=DIRECTION('ref_axis',(0.535714285714285,0.844399315538349,0.));
#11882=DIRECTION('center_axis',(0.,0.,1.));
#11883=DIRECTION('ref_axis',(0.535714285714285,0.844399315538349,0.));
#11884=DIRECTION('center_axis',(-0.707106781186547,-2.23500705862459E-16,
0.707106781186548));
#11885=DIRECTION('ref_axis',(0.707106781186548,0.,0.707106781186547));
#11886=DIRECTION('',(3.1607772943065E-16,-1.,0.));
#11887=DIRECTION('',(0.707106781186548,0.,0.707106781186547));
#11888=DIRECTION('',(-3.1607772943065E-16,1.,0.));
#11889=DIRECTION('center_axis',(0.,0.,1.));
#11890=DIRECTION('ref_axis',(0.707106781186545,-0.70710678118655,0.));
#11891=DIRECTION('center_axis',(0.,0.,-1.));
#11892=DIRECTION('ref_axis',(0.707106781186545,-0.70710678118655,0.));
#11893=DIRECTION('',(0.,-0.707106781186546,0.707106781186549));
#11894=DIRECTION('center_axis',(0.,0.,1.));
#11895=DIRECTION('ref_axis',(0.707106781186545,-0.70710678118655,0.));
#11896=DIRECTION('center_axis',(-4.47001411724919E-16,0.707106781186549,
0.707106781186546));
#11897=DIRECTION('ref_axis',(1.,0.,6.32155458861301E-16));
#11898=DIRECTION('',(2.35513868802567E-15,-0.707106781186546,0.707106781186549));
#11899=DIRECTION('',(1.,6.32155458861299E-16,0.));
#11900=DIRECTION('',(-1.,-6.32155458861299E-16,0.));
#11901=DIRECTION('center_axis',(0.,0.,1.));
#11902=DIRECTION('ref_axis',(-0.707106781186546,-0.707106781186549,0.));
#11903=DIRECTION('center_axis',(0.,0.,-1.));
#11904=DIRECTION('ref_axis',(-0.707106781186546,-0.707106781186549,0.));
#11905=DIRECTION('',(-0.707106781186547,0.,0.707106781186548));
#11906=DIRECTION('center_axis',(0.,0.,1.));
#11907=DIRECTION('ref_axis',(-0.707106781186546,-0.707106781186549,0.));
#11908=DIRECTION('center_axis',(0.707106781186552,9.77815588148266E-17,
0.707106781186543));
#11909=DIRECTION('ref_axis',(0.707106781186543,0.,-0.707106781186552));
#11910=DIRECTION('',(1.38284006625909E-16,-1.,0.));
#11911=DIRECTION('',(-1.38284006625909E-16,1.,0.));
#11912=DIRECTION('center_axis',(0.707106781186552,9.77815588148266E-17,
0.707106781186543));
#11913=DIRECTION('ref_axis',(0.707106781186543,0.,-0.707106781186552));
#11914=DIRECTION('',(-1.38284006625909E-16,1.,0.));
#11915=DIRECTION('',(-0.707106781186543,0.,0.707106781186552));
#11916=DIRECTION('',(1.38284006625909E-16,-1.,0.));
#11917=DIRECTION('center_axis',(0.,0.,1.));
#11918=DIRECTION('ref_axis',(-0.707106781186546,0.707106781186549,0.));
#11919=DIRECTION('center_axis',(0.,0.,-1.));
#11920=DIRECTION('ref_axis',(-0.707106781186546,0.707106781186549,0.));
#11921=DIRECTION('',(-3.92523114670946E-16,0.707106781186543,0.707106781186552));
#11922=DIRECTION('center_axis',(0.,0.,1.));
#11923=DIRECTION('ref_axis',(-0.707106781186546,0.707106781186549,0.));
#11924=DIRECTION('center_axis',(2.23500705862458E-16,-0.707106781186546,
0.707106781186549));
#11925=DIRECTION('ref_axis',(1.,0.,-3.16077729430648E-16));
#11926=DIRECTION('',(0.,0.707106781186549,0.707106781186546));
#11927=DIRECTION('',(-1.,-3.1607772943065E-16,0.));
#11928=DIRECTION('',(1.,3.1607772943065E-16,0.));
#11929=DIRECTION('center_axis',(0.,0.,1.));
#11930=DIRECTION('ref_axis',(0.707106781186545,0.70710678118655,0.));
#11931=DIRECTION('center_axis',(0.,0.,-1.));
#11932=DIRECTION('ref_axis',(0.707106781186545,0.70710678118655,0.));
#11933=DIRECTION('',(0.707106781186546,0.,0.707106781186549));
#11934=DIRECTION('center_axis',(0.,0.,1.));
#11935=DIRECTION('ref_axis',(0.707106781186545,0.70710678118655,0.));
#11936=DIRECTION('center_axis',(-0.707106781186547,-2.23500705862459E-16,
0.707106781186548));
#11937=DIRECTION('ref_axis',(0.707106781186548,0.,0.707106781186547));
#11938=DIRECTION('',(-3.1607772943065E-16,1.,0.));
#11939=DIRECTION('',(3.1607772943065E-16,-1.,0.));
#11940=DIRECTION('center_axis',(0.,0.,1.));
#11941=DIRECTION('ref_axis',(-0.535714285714284,0.84439931553835,0.));
#11942=DIRECTION('center_axis',(0.,0.,1.));
#11943=DIRECTION('ref_axis',(-0.535714285714284,0.84439931553835,0.));
#11944=DIRECTION('',(0.707106781186547,0.,-0.707106781186548));
#11945=DIRECTION('center_axis',(0.,0.,-1.));
#11946=DIRECTION('ref_axis',(-0.535714285714284,0.84439931553835,0.));
#11947=DIRECTION('center_axis',(0.70710678118655,0.,0.707106781186545));
#11948=DIRECTION('ref_axis',(0.707106781186545,0.,-0.70710678118655));
#11949=DIRECTION('',(0.,-1.,0.));
#11950=DIRECTION('',(0.707106781186545,0.,-0.70710678118655));
#11951=DIRECTION('',(0.,1.,0.));
#11952=DIRECTION('center_axis',(0.,0.,1.));
#11953=DIRECTION('ref_axis',(-0.535714285714282,-0.844399315538351,0.));
#11954=DIRECTION('center_axis',(0.,0.,-1.));
#11955=DIRECTION('ref_axis',(-0.535714285714282,-0.844399315538351,0.));
#11956=DIRECTION('center_axis',(0.,0.,1.));
#11957=DIRECTION('ref_axis',(-0.535714285714282,-0.844399315538351,0.));
#11958=DIRECTION('center_axis',(0.,0.,1.));
#11959=DIRECTION('ref_axis',(0.535714285714288,-0.844399315538348,0.));
#11960=DIRECTION('',(0.,0.,-1.));
#11961=DIRECTION('center_axis',(0.,0.,-1.));
#11962=DIRECTION('ref_axis',(0.535714285714288,-0.844399315538348,0.));
#11963=DIRECTION('',(0.,0.,-1.));
#11964=DIRECTION('center_axis',(1.,2.23160406959831E-16,0.));
#11965=DIRECTION('ref_axis',(-2.23160406959831E-16,1.,0.));
#11966=DIRECTION('',(0.,0.,1.));
#11967=DIRECTION('',(-2.23160406959831E-16,1.,0.));
#11968=DIRECTION('center_axis',(0.,0.,-1.));
#11969=DIRECTION('ref_axis',(0.535714285714286,0.844399315538349,0.));
#11970=DIRECTION('',(0.,0.,1.));
#11971=DIRECTION('center_axis',(0.,0.,-1.));
#11972=DIRECTION('ref_axis',(0.535714285714286,0.844399315538349,0.));
#11973=DIRECTION('center_axis',(1.,3.1607772943065E-16,0.));
#11974=DIRECTION('ref_axis',(3.1607772943065E-16,-1.,0.));
#11975=DIRECTION('',(0.,0.,1.));
#11976=DIRECTION('',(-3.1607772943065E-16,1.,0.));
#11977=DIRECTION('center_axis',(0.,0.,-1.));
#11978=DIRECTION('ref_axis',(0.707106781186545,0.70710678118655,0.));
#11979=DIRECTION('',(0.,0.,-1.));
#11980=DIRECTION('center_axis',(0.,0.,-1.));
#11981=DIRECTION('ref_axis',(0.707106781186545,0.70710678118655,0.));
#11982=DIRECTION('center_axis',(-3.1607772943065E-16,1.,0.));
#11983=DIRECTION('ref_axis',(1.,3.1607772943065E-16,0.));
#11984=DIRECTION('',(0.,0.,1.));
#11985=DIRECTION('',(-1.,-3.1607772943065E-16,0.));
#11986=DIRECTION('center_axis',(0.,0.,-1.));
#11987=DIRECTION('ref_axis',(-0.707106781186546,0.707106781186549,0.));
#11988=DIRECTION('',(0.,0.,-1.));
#11989=DIRECTION('center_axis',(0.,0.,-1.));
#11990=DIRECTION('ref_axis',(-0.707106781186546,0.707106781186549,0.));
#11991=DIRECTION('center_axis',(-1.,-1.38284006625909E-16,0.));
#11992=DIRECTION('ref_axis',(-1.38284006625909E-16,1.,0.));
#11993=DIRECTION('',(0.,0.,-1.));
#11994=DIRECTION('',(1.38284006625909E-16,-1.,0.));
#11995=DIRECTION('center_axis',(0.,0.,1.));
#11996=DIRECTION('ref_axis',(1.,0.,0.));
#11997=DIRECTION('center_axis',(0.,0.,1.));
#11998=DIRECTION('ref_axis',(1.,2.05963378428265E-15,0.));
#11999=DIRECTION('',(-1.,0.,0.));
#12000=DIRECTION('center_axis',(0.,0.,1.));
#12001=DIRECTION('ref_axis',(-3.19189119579733E-15,1.,0.));
#12002=DIRECTION('',(1.33889836430675E-16,-1.,0.));
#12003=DIRECTION('center_axis',(0.,0.,1.));
#12004=DIRECTION('ref_axis',(-1.,0.,0.));
#12005=DIRECTION('',(1.,0.,0.));
#12006=DIRECTION('center_axis',(0.,0.,1.));
#12007=DIRECTION('ref_axis',(0.,-1.,0.));
#12008=DIRECTION('',(0.,1.,0.));
#12009=DIRECTION('center_axis',(0.,0.,1.));
#12010=DIRECTION('ref_axis',(-0.535714285714306,0.844399315538336,0.));
#12011=DIRECTION('',(0.,-1.,0.));
#12012=DIRECTION('center_axis',(0.,0.,1.));
#12013=DIRECTION('ref_axis',(-0.70710678118655,0.707106781186545,0.));
#12014=DIRECTION('',(-1.,1.97548580894156E-17,0.));
#12015=DIRECTION('center_axis',(0.,0.,1.));
#12016=DIRECTION('ref_axis',(0.707106781186549,0.707106781186546,0.));
#12017=DIRECTION('',(0.,1.,0.));
#12018=DIRECTION('center_axis',(0.,0.,1.));
#12019=DIRECTION('ref_axis',(0.535714285714306,0.844399315538336,0.));
#12020=DIRECTION('',(0.,1.,0.));
#12021=DIRECTION('center_axis',(0.,0.,1.));
#12022=DIRECTION('ref_axis',(0.535714285714306,-0.844399315538337,0.));
#12023=DIRECTION('',(0.,1.,0.));
#12024=DIRECTION('center_axis',(0.,0.,1.));
#12025=DIRECTION('ref_axis',(0.707106781186547,-0.707106781186547,0.));
#12026=DIRECTION('',(1.,-3.16077729430649E-16,0.));
#12027=DIRECTION('center_axis',(0.,0.,1.));
#12028=DIRECTION('ref_axis',(-0.707106781186547,-0.707106781186547,0.));
#12029=DIRECTION('',(0.,-1.,0.));
#12030=DIRECTION('center_axis',(0.,0.,1.));
#12031=DIRECTION('ref_axis',(-0.535714285714306,-0.844399315538337,0.));
#12032=DIRECTION('',(0.,-1.,0.));
#12033=DIRECTION('center_axis',(0.,0.,1.));
#12034=DIRECTION('ref_axis',(-0.535714285714293,0.844399315538344,0.));
#12035=DIRECTION('',(1.8964663765839E-15,-1.,0.));
#12036=DIRECTION('center_axis',(0.,0.,1.));
#12037=DIRECTION('ref_axis',(-0.70710678118655,0.707106781186545,0.));
#12038=DIRECTION('',(-1.,1.97548580894156E-17,0.));
#12039=DIRECTION('center_axis',(0.,0.,1.));
#12040=DIRECTION('ref_axis',(0.707106781186549,0.707106781186546,0.));
#12041=DIRECTION('',(0.,1.,0.));
#12042=DIRECTION('center_axis',(0.,0.,1.));
#12043=DIRECTION('ref_axis',(0.535714285714293,0.844399315538344,0.));
#12044=DIRECTION('',(0.,1.,0.));
#12045=DIRECTION('center_axis',(0.,0.,1.));
#12046=DIRECTION('ref_axis',(0.535714285714294,-0.844399315538344,0.));
#12047=DIRECTION('',(0.,1.,0.));
#12048=DIRECTION('center_axis',(0.,0.,1.));
#12049=DIRECTION('ref_axis',(0.70710678118655,-0.707106781186545,0.));
#12050=DIRECTION('',(1.,0.,0.));
#12051=DIRECTION('center_axis',(0.,0.,1.));
#12052=DIRECTION('ref_axis',(-0.707106781186548,-0.707106781186548,0.));
#12053=DIRECTION('',(1.8964663765839E-15,-1.,0.));
#12054=DIRECTION('center_axis',(0.,0.,1.));
#12055=DIRECTION('ref_axis',(-0.535714285714268,-0.84439931553836,0.));
#12056=DIRECTION('',(0.,-1.,0.));
#12057=DIRECTION('',(-1.58038864715325E-16,1.,0.));
#12058=DIRECTION('center_axis',(0.,0.,1.));
#12059=DIRECTION('ref_axis',(0.707106781186547,-0.707106781186547,0.));
#12060=DIRECTION('',(1.,1.58038864715325E-16,0.));
#12061=DIRECTION('center_axis',(0.,0.,1.));
#12062=DIRECTION('ref_axis',(-0.707106781186546,-0.707106781186549,0.));
#12063=DIRECTION('',(1.58038864715325E-16,-1.,0.));
#12064=DIRECTION('center_axis',(0.,0.,1.));
#12065=DIRECTION('ref_axis',(-0.535714285714283,-0.844399315538351,0.));
#12066=DIRECTION('',(-5.55111512312578E-17,-1.,0.));
#12067=DIRECTION('center_axis',(0.,0.,1.));
#12068=DIRECTION('ref_axis',(-0.535714285714286,0.844399315538349,0.));
#12069=DIRECTION('',(1.58038864715325E-16,-1.,0.));
#12070=DIRECTION('center_axis',(0.,0.,1.));
#12071=DIRECTION('ref_axis',(-0.707106781186547,0.707106781186547,0.));
#12072=DIRECTION('',(-1.,-1.97548580894156E-17,0.));
#12073=DIRECTION('center_axis',(0.,0.,1.));
#12074=DIRECTION('ref_axis',(0.707106781186549,0.707106781186546,0.));
#12075=DIRECTION('',(-1.58038864715325E-16,1.,0.));
#12076=DIRECTION('center_axis',(0.,0.,1.));
#12077=DIRECTION('ref_axis',(0.535714285714293,0.844399315538344,0.));
#12078=DIRECTION('',(0.,1.,0.));
#12079=DIRECTION('center_axis',(0.,0.,1.));
#12080=DIRECTION('ref_axis',(0.535714285714296,-0.844399315538343,0.));
#12081=DIRECTION('center_axis',(0.,0.,1.));
#12082=DIRECTION('ref_axis',(0.535714285714319,-0.844399315538328,0.));
#12083=DIRECTION('',(-1.2643109177226E-15,1.,0.));
#12084=DIRECTION('center_axis',(0.,0.,1.));
#12085=DIRECTION('ref_axis',(0.707106781186552,-0.707106781186543,0.));
#12086=DIRECTION('',(1.,3.16077729430649E-16,0.));
#12087=DIRECTION('center_axis',(0.,0.,1.));
#12088=DIRECTION('ref_axis',(-0.707106781186547,-0.707106781186547,0.));
#12089=DIRECTION('',(3.1607772943065E-16,-1.,0.));
#12090=DIRECTION('center_axis',(0.,0.,1.));
#12091=DIRECTION('ref_axis',(-0.53571428571428,-0.844399315538353,0.));
#12092=DIRECTION('',(0.,-1.,0.));
#12093=DIRECTION('center_axis',(0.,0.,1.));
#12094=DIRECTION('ref_axis',(-0.535714285714288,0.844399315538348,0.));
#12095=DIRECTION('',(3.1607772943065E-16,-1.,0.));
#12096=DIRECTION('center_axis',(0.,0.,1.));
#12097=DIRECTION('ref_axis',(-0.707106781186547,0.707106781186547,0.));
#12098=DIRECTION('',(-1.,-6.32155458861299E-16,0.));
#12099=DIRECTION('center_axis',(0.,0.,1.));
#12100=DIRECTION('ref_axis',(0.707106781186547,0.707106781186547,0.));
#12101=DIRECTION('',(-1.2643109177226E-15,1.,0.));
#12102=DIRECTION('center_axis',(0.,0.,1.));
#12103=DIRECTION('ref_axis',(0.53571428571428,0.844399315538353,0.));
#12104=DIRECTION('',(8.92641627839321E-16,1.,0.));
#12105=DIRECTION('center_axis',(0.,0.,1.));
#12106=DIRECTION('ref_axis',(-0.535714285714307,0.844399315538336,0.));
#12107=DIRECTION('',(0.,-1.,0.));
#12108=DIRECTION('center_axis',(0.,0.,1.));
#12109=DIRECTION('ref_axis',(-0.707106781186552,0.707106781186543,0.));
#12110=DIRECTION('',(-1.,6.32155458861299E-16,0.));
#12111=DIRECTION('center_axis',(0.,0.,1.));
#12112=DIRECTION('ref_axis',(0.707106781186552,0.707106781186543,0.));
#12113=DIRECTION('',(-1.2643109177226E-15,1.,0.));
#12114=DIRECTION('center_axis',(0.,0.,1.));
#12115=DIRECTION('ref_axis',(0.53571428571428,0.844399315538353,0.));
#12116=DIRECTION('',(0.,1.,0.));
#12117=DIRECTION('center_axis',(0.,0.,1.));
#12118=DIRECTION('ref_axis',(0.535714285714307,-0.844399315538336,0.));
#12119=DIRECTION('',(-1.2643109177226E-15,1.,0.));
#12120=DIRECTION('center_axis',(0.,0.,1.));
#12121=DIRECTION('ref_axis',(0.707106781186552,-0.707106781186543,0.));
#12122=DIRECTION('',(1.,6.32155458861298E-16,0.));
#12123=DIRECTION('center_axis',(0.,0.,1.));
#12124=DIRECTION('ref_axis',(-0.707106781186552,-0.707106781186543,0.));
#12125=DIRECTION('',(0.,-1.,0.));
#12126=DIRECTION('center_axis',(0.,0.,1.));
#12127=DIRECTION('ref_axis',(-0.535714285714307,-0.844399315538336,0.));
#12128=DIRECTION('',(0.,-1.,0.));
#12129=DIRECTION('',(-6.32155458861299E-16,-1.,0.));
#12130=DIRECTION('center_axis',(0.,0.,1.));
#12131=DIRECTION('ref_axis',(-0.707106781186547,0.707106781186547,0.));
#12132=DIRECTION('',(-1.,1.8964663765839E-15,0.));
#12133=DIRECTION('center_axis',(0.,0.,1.));
#12134=DIRECTION('ref_axis',(0.707106781186547,0.707106781186547,0.));
#12135=DIRECTION('',(0.,1.,0.));
#12136=DIRECTION('center_axis',(0.,0.,1.));
#12137=DIRECTION('ref_axis',(0.535714285714307,0.844399315538336,0.));
#12138=DIRECTION('',(0.,1.,0.));
#12139=DIRECTION('center_axis',(0.,0.,1.));
#12140=DIRECTION('ref_axis',(0.535714285714307,-0.844399315538336,0.));
#12141=DIRECTION('',(0.,1.,0.));
#12142=DIRECTION('center_axis',(0.,0.,1.));
#12143=DIRECTION('ref_axis',(0.707106781186547,-0.707106781186547,0.));
#12144=DIRECTION('',(1.,-6.32155458861299E-16,0.));
#12145=DIRECTION('center_axis',(0.,0.,1.));
#12146=DIRECTION('ref_axis',(-0.707106781186547,-0.707106781186547,0.));
#12147=DIRECTION('',(-6.32155458861299E-16,-1.,0.));
#12148=DIRECTION('center_axis',(0.,0.,1.));
#12149=DIRECTION('ref_axis',(-0.535714285714307,-0.844399315538336,0.));
#12150=DIRECTION('',(0.,-1.,0.));
#12151=DIRECTION('center_axis',(0.,0.,1.));
#12152=DIRECTION('ref_axis',(-0.535714285714292,0.844399315538345,0.));
#12153=DIRECTION('',(-1.2643109177226E-15,-1.,0.));
#12154=DIRECTION('center_axis',(0.,0.,1.));
#12155=DIRECTION('ref_axis',(-0.707106781186547,0.707106781186547,0.));
#12156=DIRECTION('',(-1.,6.32155458861299E-16,0.));
#12157=DIRECTION('center_axis',(0.,0.,1.));
#12158=DIRECTION('ref_axis',(0.707106781186547,0.707106781186547,0.));
#12159=DIRECTION('',(3.1607772943065E-15,1.,0.));
#12160=DIRECTION('center_axis',(0.,0.,1.));
#12161=DIRECTION('ref_axis',(0.535714285714292,0.844399315538345,0.));
#12162=DIRECTION('',(0.,1.,0.));
#12163=DIRECTION('center_axis',(0.,0.,1.));
#12164=DIRECTION('ref_axis',(0.535714285714245,-0.844399315538375,0.));
#12165=DIRECTION('',(3.1607772943065E-15,1.,0.));
#12166=DIRECTION('center_axis',(0.,0.,1.));
#12167=DIRECTION('ref_axis',(0.707106781186547,-0.707106781186547,0.));
#12168=DIRECTION('',(1.,6.32155458861301E-16,0.));
#12169=DIRECTION('center_axis',(0.,0.,1.));
#12170=DIRECTION('ref_axis',(-0.707106781186547,-0.707106781186547,0.));
#12171=DIRECTION('',(-1.2643109177226E-15,-1.,0.));
#12172=DIRECTION('center_axis',(0.,0.,1.));
#12173=DIRECTION('ref_axis',(-0.535714285714292,-0.844399315538345,0.));
#12174=DIRECTION('',(0.,-1.,0.));
#12175=DIRECTION('center_axis',(0.,0.,1.));
#12176=DIRECTION('ref_axis',(-0.535714285714268,0.84439931553836,0.));
#12177=DIRECTION('',(-6.32155458861299E-16,-1.,0.));
#12178=DIRECTION('center_axis',(0.,0.,1.));
#12179=DIRECTION('ref_axis',(-0.707106781186548,0.707106781186548,0.));
#12180=DIRECTION('',(-1.,3.1607772943065E-16,0.));
#12181=DIRECTION('center_axis',(0.,0.,1.));
#12182=DIRECTION('ref_axis',(0.707106781186548,0.707106781186548,0.));
#12183=DIRECTION('',(-3.1607772943065E-16,1.,0.));
#12184=DIRECTION('center_axis',(0.,0.,1.));
#12185=DIRECTION('ref_axis',(0.535714285714288,0.844399315538348,0.));
#12186=DIRECTION('',(0.,1.,0.));
#12187=DIRECTION('center_axis',(0.,0.,1.));
#12188=DIRECTION('ref_axis',(0.535714285714292,-0.844399315538345,0.));
#12189=DIRECTION('',(-3.1607772943065E-16,1.,0.));
#12190=DIRECTION('center_axis',(0.,0.,1.));
#12191=DIRECTION('ref_axis',(0.707106781186547,-0.707106781186547,0.));
#12192=DIRECTION('',(1.,6.32155458861298E-16,0.));
#12193=DIRECTION('center_axis',(0.,0.,1.));
#12194=DIRECTION('ref_axis',(-0.707106781186543,-0.707106781186552,0.));
#12195=DIRECTION('',(-6.32155458861299E-16,-1.,0.));
#12196=DIRECTION('center_axis',(0.,0.,1.));
#12197=DIRECTION('ref_axis',(-0.535714285714292,-0.844399315538345,0.));
#12198=DIRECTION('',(-2.23160406959831E-16,-1.,0.));
#12199=DIRECTION('center_axis',(0.,0.,1.));
#12200=DIRECTION('ref_axis',(-0.535714285714288,0.844399315538348,0.));
#12201=DIRECTION('',(0.,-1.,0.));
#12202=DIRECTION('center_axis',(0.,0.,1.));
#12203=DIRECTION('ref_axis',(-0.707106781186547,0.707106781186547,0.));
#12204=DIRECTION('',(-1.,3.16077729430649E-16,0.));
#12205=DIRECTION('center_axis',(0.,0.,1.));
#12206=DIRECTION('ref_axis',(0.707106781186552,0.707106781186543,0.));
#12207=DIRECTION('',(0.,1.,0.));
#12208=DIRECTION('center_axis',(0.,0.,1.));
#12209=DIRECTION('ref_axis',(0.535714285714292,0.844399315538345,0.));
#12210=DIRECTION('',(0.,1.,0.));
#12211=DIRECTION('center_axis',(0.,0.,1.));
#12212=DIRECTION('ref_axis',(0.535714285714292,-0.844399315538345,0.));
#12213=DIRECTION('',(0.,1.,0.));
#12214=DIRECTION('center_axis',(0.,0.,1.));
#12215=DIRECTION('ref_axis',(0.707106781186547,-0.707106781186547,0.));
#12216=DIRECTION('',(1.,-6.32155458861299E-16,0.));
#12217=DIRECTION('center_axis',(0.,0.,1.));
#12218=DIRECTION('ref_axis',(-0.707106781186547,-0.707106781186547,0.));
#12219=DIRECTION('',(0.,-1.,0.));
#12220=DIRECTION('center_axis',(0.,0.,1.));
#12221=DIRECTION('ref_axis',(-0.535714285714283,-0.844399315538351,0.));
#12222=DIRECTION('',(-4.46320813919661E-16,-1.,0.));
#12223=DIRECTION('center_axis',(0.,0.,1.));
#12224=DIRECTION('ref_axis',(-0.535714285714288,0.844399315538348,0.));
#12225=DIRECTION('center_axis',(0.,0.,1.));
#12226=DIRECTION('ref_axis',(-0.535714285714292,0.844399315538345,0.));
#12227=DIRECTION('',(-3.7929327531678E-15,-1.,0.));
#12228=DIRECTION('center_axis',(0.,0.,1.));
#12229=DIRECTION('ref_axis',(-0.707106781186547,0.707106781186547,0.));
#12230=DIRECTION('',(-1.,0.,0.));
#12231=DIRECTION('center_axis',(0.,0.,1.));
#12232=DIRECTION('ref_axis',(0.707106781186547,0.707106781186547,0.));
#12233=DIRECTION('',(0.,1.,0.));
#12234=DIRECTION('center_axis',(0.,0.,1.));
#12235=DIRECTION('ref_axis',(0.535714285714292,0.844399315538345,0.));
#12236=DIRECTION('',(8.92641627839323E-16,1.,0.));
#12237=DIRECTION('center_axis',(0.,0.,1.));
#12238=DIRECTION('ref_axis',(0.535714285714307,-0.844399315538336,0.));
#12239=DIRECTION('',(0.,1.,0.));
#12240=DIRECTION('center_axis',(0.,0.,1.));
#12241=DIRECTION('ref_axis',(0.707106781186547,-0.707106781186547,0.));
#12242=DIRECTION('',(1.,2.52862183544519E-15,0.));
#12243=DIRECTION('center_axis',(0.,0.,1.));
#12244=DIRECTION('ref_axis',(-0.707106781186547,-0.707106781186547,0.));
#12245=DIRECTION('',(-3.7929327531678E-15,-1.,0.));
#12246=DIRECTION('center_axis',(0.,0.,1.));
#12247=DIRECTION('ref_axis',(-0.535714285714331,-0.844399315538321,0.));
#12248=DIRECTION('',(-8.92641627839323E-16,-1.,0.));
#12249=DIRECTION('center_axis',(0.,0.,1.));
#12250=DIRECTION('ref_axis',(-0.535714285714254,0.84439931553837,0.));
#12251=DIRECTION('',(0.,-1.,0.));
#12252=DIRECTION('center_axis',(0.,0.,1.));
#12253=DIRECTION('ref_axis',(-0.707106781186547,0.707106781186547,0.));
#12254=DIRECTION('',(-1.,0.,0.));
#12255=DIRECTION('center_axis',(0.,0.,1.));
#12256=DIRECTION('ref_axis',(0.707106781186552,0.707106781186543,0.));
#12257=DIRECTION('',(-1.2643109177226E-15,1.,0.));
#12258=DIRECTION('center_axis',(0.,0.,1.));
#12259=DIRECTION('ref_axis',(0.535714285714307,0.844399315538336,0.));
#12260=DIRECTION('',(-1.78528325567865E-15,1.,0.));
#12261=DIRECTION('center_axis',(0.,0.,1.));
#12262=DIRECTION('ref_axis',(0.535714285714307,-0.844399315538336,0.));
#12263=DIRECTION('',(-1.2643109177226E-15,1.,0.));
#12264=DIRECTION('center_axis',(0.,0.,1.));
#12265=DIRECTION('ref_axis',(0.707106781186547,-0.707106781186547,0.));
#12266=DIRECTION('',(1.,6.32155458861298E-16,0.));
#12267=DIRECTION('center_axis',(0.,0.,1.));
#12268=DIRECTION('ref_axis',(-0.707106781186547,-0.707106781186547,0.));
#12269=DIRECTION('',(0.,-1.,0.));
#12270=DIRECTION('center_axis',(0.,0.,1.));
#12271=DIRECTION('ref_axis',(-0.535714285714277,-0.844399315538354,0.));
#12272=DIRECTION('',(1.78528325567865E-15,-1.,0.));
#12273=DIRECTION('center_axis',(0.,0.,1.));
#12274=DIRECTION('ref_axis',(-0.535714285714307,0.844399315538336,0.));
#12275=DIRECTION('',(-1.8964663765839E-15,-1.,0.));
#12276=DIRECTION('center_axis',(0.,0.,1.));
#12277=DIRECTION('ref_axis',(-0.707106781186552,0.707106781186543,0.));
#12278=DIRECTION('',(-1.,-6.32155458861299E-16,0.));
#12279=DIRECTION('center_axis',(0.,0.,1.));
#12280=DIRECTION('ref_axis',(0.707106781186561,0.707106781186534,0.));
#12281=DIRECTION('',(1.8964663765839E-15,1.,0.));
#12282=DIRECTION('center_axis',(0.,0.,1.));
#12283=DIRECTION('ref_axis',(0.535714285714307,0.844399315538336,0.));
#12284=DIRECTION('',(-8.92641627839321E-16,1.,0.));
#12285=DIRECTION('center_axis',(0.,0.,1.));
#12286=DIRECTION('ref_axis',(0.535714285714268,-0.84439931553836,0.));
#12287=DIRECTION('',(1.8964663765839E-15,1.,0.));
#12288=DIRECTION('center_axis',(0.,0.,1.));
#12289=DIRECTION('ref_axis',(0.707106781186547,-0.707106781186547,0.));
#12290=DIRECTION('',(1.,0.,0.));
#12291=DIRECTION('center_axis',(0.,0.,1.));
#12292=DIRECTION('ref_axis',(-0.707106781186556,-0.707106781186539,0.));
#12293=DIRECTION('',(-1.8964663765839E-15,-1.,0.));
#12294=DIRECTION('center_axis',(0.,0.,1.));
#12295=DIRECTION('ref_axis',(-0.535714285714319,-0.844399315538328,0.));
#12296=DIRECTION('',(-8.92641627839321E-16,-1.,0.));
#12297=DIRECTION('center_axis',(0.,0.,1.));
#12298=DIRECTION('ref_axis',(0.535714285714288,-0.844399315538348,0.));
#12299=DIRECTION('',(0.,1.,0.));
#12300=DIRECTION('center_axis',(0.,0.,1.));
#12301=DIRECTION('ref_axis',(0.707106781186548,-0.707106781186548,0.));
#12302=DIRECTION('',(1.,-3.16077729430649E-16,0.));
#12303=DIRECTION('center_axis',(0.,0.,1.));
#12304=DIRECTION('ref_axis',(-0.707106781186547,-0.707106781186547,0.));
#12305=DIRECTION('',(0.,-1.,0.));
#12306=DIRECTION('center_axis',(0.,0.,1.));
#12307=DIRECTION('ref_axis',(-0.535714285714288,-0.844399315538348,0.));
#12308=DIRECTION('',(-4.4632081391966E-16,-1.,0.));
#12309=DIRECTION('center_axis',(0.,0.,1.));
#12310=DIRECTION('ref_axis',(-0.535714285714292,0.844399315538345,0.));
#12311=DIRECTION('',(0.,-1.,0.));
#12312=DIRECTION('center_axis',(0.,0.,1.));
#12313=DIRECTION('ref_axis',(-0.707106781186552,0.707106781186543,0.));
#12314=DIRECTION('',(-1.,-3.16077729430649E-16,0.));
#12315=DIRECTION('center_axis',(0.,0.,1.));
#12316=DIRECTION('ref_axis',(0.707106781186543,0.707106781186552,0.));
#12317=DIRECTION('',(0.,1.,0.));
#12318=DIRECTION('center_axis',(0.,0.,1.));
#12319=DIRECTION('ref_axis',(0.535714285714288,0.844399315538348,0.));
#12320=DIRECTION('',(0.,1.,0.));
#12321=DIRECTION('center_axis',(0.,0.,1.));
#12322=DIRECTION('ref_axis',(-0.535714285714281,0.844399315538352,0.));
#12323=DIRECTION('',(0.,-1.,0.));
#12324=DIRECTION('center_axis',(0.,0.,1.));
#12325=DIRECTION('ref_axis',(-0.707106781186545,0.70710678118655,0.));
#12326=DIRECTION('',(-1.,0.,0.));
#12327=DIRECTION('center_axis',(0.,0.,1.));
#12328=DIRECTION('ref_axis',(0.707106781186545,0.70710678118655,0.));
#12329=DIRECTION('',(3.1607772943065E-16,1.,0.));
#12330=DIRECTION('center_axis',(0.,0.,1.));
#12331=DIRECTION('ref_axis',(0.535714285714287,0.844399315538348,0.));
#12332=DIRECTION('',(0.,1.,0.));
#12333=DIRECTION('center_axis',(0.,0.,1.));
#12334=DIRECTION('ref_axis',(0.53571428571428,-0.844399315538352,0.));
#12335=DIRECTION('',(3.1607772943065E-16,1.,0.));
#12336=DIRECTION('center_axis',(0.,0.,1.));
#12337=DIRECTION('ref_axis',(0.707106781186547,-0.707106781186547,0.));
#12338=DIRECTION('',(1.,1.58038864715325E-16,0.));
#12339=DIRECTION('center_axis',(0.,0.,1.));
#12340=DIRECTION('ref_axis',(-0.707106781186545,-0.70710678118655,0.));
#12341=DIRECTION('',(0.,-1.,0.));
#12342=DIRECTION('center_axis',(0.,0.,1.));
#12343=DIRECTION('ref_axis',(-0.53571428571428,-0.844399315538352,0.));
#12344=DIRECTION('',(0.,-1.,0.));
#12345=DIRECTION('',(6.32155458861299E-16,1.,0.));
#12346=DIRECTION('center_axis',(0.,0.,1.));
#12347=DIRECTION('ref_axis',(0.70710678118655,-0.707106781186545,0.));
#12348=DIRECTION('',(1.,1.58038864715325E-16,0.));
#12349=DIRECTION('center_axis',(0.,0.,1.));
#12350=DIRECTION('ref_axis',(-0.707106781186547,-0.707106781186547,0.));
#12351=DIRECTION('',(0.,-1.,0.));
#12352=DIRECTION('center_axis',(0.,0.,1.));
#12353=DIRECTION('ref_axis',(-0.535714285714294,-0.844399315538344,0.));
#12354=DIRECTION('',(0.,-1.,0.));
#12355=DIRECTION('center_axis',(0.,0.,1.));
#12356=DIRECTION('ref_axis',(-0.535714285714293,0.844399315538344,0.));
#12357=DIRECTION('',(0.,-1.,0.));
#12358=DIRECTION('center_axis',(0.,0.,1.));
#12359=DIRECTION('ref_axis',(-0.707106781186549,0.707106781186546,0.));
#12360=DIRECTION('',(-1.,0.,0.));
#12361=DIRECTION('center_axis',(0.,0.,1.));
#12362=DIRECTION('ref_axis',(0.707106781186549,0.707106781186546,0.));
#12363=DIRECTION('',(6.32155458861299E-16,1.,0.));
#12364=DIRECTION('center_axis',(0.,0.,1.));
#12365=DIRECTION('ref_axis',(0.535714285714293,0.844399315538344,0.));
#12366=DIRECTION('',(0.,1.,0.));
#12367=DIRECTION('center_axis',(0.,0.,1.));
#12368=DIRECTION('ref_axis',(0.53571428571428,-0.844399315538353,0.));
#12369=DIRECTION('center_axis',(-0.707106781186542,0.,0.707106781186553));
#12370=DIRECTION('ref_axis',(0.707106781186553,0.,0.707106781186542));
#12371=DIRECTION('',(0.,-1.,0.));
#12372=DIRECTION('',(0.707106781186553,0.,0.707106781186542));
#12373=DIRECTION('center_axis',(0.,0.,1.));
#12374=DIRECTION('ref_axis',(0.535714285714306,-0.844399315538337,0.));
#12375=DIRECTION('',(-0.707106781186553,0.,-0.707106781186542));
#12376=DIRECTION('center_axis',(0.,0.,-1.));
#12377=DIRECTION('ref_axis',(0.535714285714306,-0.844399315538337,0.));
#12378=DIRECTION('center_axis',(-0.707106781186542,0.,0.707106781186553));
#12379=DIRECTION('ref_axis',(0.707106781186553,0.,0.707106781186542));
#12380=DIRECTION('',(-0.707106781186553,0.,-0.707106781186542));
#12381=DIRECTION('',(0.,-1.,0.));
#12382=DIRECTION('center_axis',(0.,0.,1.));
#12383=DIRECTION('ref_axis',(0.535714285714306,0.844399315538336,0.));
#12384=DIRECTION('center_axis',(0.,0.,-1.));
#12385=DIRECTION('ref_axis',(0.535714285714306,0.844399315538336,0.));
#12386=DIRECTION('center_axis',(0.,0.,1.));
#12387=DIRECTION('ref_axis',(-0.535714285714306,0.844399315538336,0.));
#12388=DIRECTION('',(0.707106781186553,0.,-0.707106781186542));
#12389=DIRECTION('center_axis',(0.,0.,-1.));
#12390=DIRECTION('ref_axis',(-0.535714285714306,0.844399315538336,0.));
#12391=DIRECTION('center_axis',(0.707106781186549,0.,0.707106781186546));
#12392=DIRECTION('ref_axis',(0.707106781186546,0.,-0.707106781186549));
#12393=DIRECTION('',(0.,1.,0.));
#12394=DIRECTION('',(-0.707106781186546,3.14018491736756E-15,0.707106781186549));
#12395=DIRECTION('center_axis',(0.,0.,1.));
#12396=DIRECTION('ref_axis',(-0.70710678118655,0.707106781186545,0.));
#12397=DIRECTION('center_axis',(0.,0.,-1.));
#12398=DIRECTION('ref_axis',(-0.70710678118655,0.707106781186545,0.));
#12399=DIRECTION('',(0.,0.707106781186548,0.707106781186547));
#12400=DIRECTION('center_axis',(-1.39687941164037E-17,-0.707106781186546,
0.707106781186549));
#12401=DIRECTION('ref_axis',(1.,0.,1.97548580894155E-17));
#12402=DIRECTION('',(0.,0.707106781186549,0.707106781186546));
#12403=DIRECTION('',(1.,-1.97548580894156E-17,0.));
#12404=DIRECTION('center_axis',(0.,0.,1.));
#12405=DIRECTION('ref_axis',(0.707106781186549,0.707106781186546,0.));
#12406=DIRECTION('center_axis',(0.,0.,-1.));
#12407=DIRECTION('ref_axis',(0.707106781186549,0.707106781186546,0.));
#12408=DIRECTION('',(0.707106781186553,0.,0.707106781186542));
#12409=DIRECTION('center_axis',(-0.707106781186542,0.,0.707106781186553));
#12410=DIRECTION('ref_axis',(0.707106781186553,0.,0.707106781186542));
#12411=DIRECTION('',(0.,-1.,0.));
#12412=DIRECTION('center_axis',(0.707106781186549,0.,0.707106781186546));
#12413=DIRECTION('ref_axis',(0.707106781186546,0.,-0.707106781186549));
#12414=DIRECTION('',(0.707106781186546,0.,-0.707106781186549));
#12415=DIRECTION('',(0.,1.,0.));
#12416=DIRECTION('center_axis',(0.,0.,1.));
#12417=DIRECTION('ref_axis',(-0.535714285714306,-0.844399315538337,0.));
#12418=DIRECTION('center_axis',(0.,0.,-1.));
#12419=DIRECTION('ref_axis',(-0.535714285714306,-0.844399315538337,0.));
#12420=DIRECTION('center_axis',(0.,0.,1.));
#12421=DIRECTION('ref_axis',(0.707106781186548,-0.707106781186548,0.));
#12422=DIRECTION('center_axis',(0.,0.,-1.));
#12423=DIRECTION('ref_axis',(0.707106781186548,-0.707106781186548,0.));
#12424=DIRECTION('',(0.,-0.707106781186548,0.707106781186547));
#12425=DIRECTION('center_axis',(2.23500705862458E-16,0.707106781186546,
0.707106781186549));
#12426=DIRECTION('ref_axis',(1.,0.,-3.16077729430648E-16));
#12427=DIRECTION('',(0.,-0.707106781186549,0.707106781186546));
#12428=DIRECTION('',(-1.,3.16077729430649E-16,0.));
#12429=DIRECTION('center_axis',(0.,0.,1.));
#12430=DIRECTION('ref_axis',(-0.707106781186548,-0.707106781186548,0.));
#12431=DIRECTION('center_axis',(0.,0.,-1.));
#12432=DIRECTION('ref_axis',(-0.707106781186548,-0.707106781186548,0.));
#12433=DIRECTION('',(-0.707106781186546,0.,0.707106781186549));
#12434=DIRECTION('center_axis',(0.707106781186549,0.,0.707106781186546));
#12435=DIRECTION('ref_axis',(0.707106781186546,0.,-0.707106781186549));
#12436=DIRECTION('',(0.,1.,0.));
#12437=DIRECTION('center_axis',(1.,0.,0.));
#12438=DIRECTION('ref_axis',(0.,1.,0.));
#12439=DIRECTION('',(0.,0.,1.));
#12440=DIRECTION('',(0.,1.,0.));
#12441=DIRECTION('',(0.,0.,-1.));
#12442=DIRECTION('center_axis',(0.,0.,-1.));
#12443=DIRECTION('ref_axis',(0.535714285714306,0.844399315538336,0.));
#12444=DIRECTION('',(0.,0.,1.));
#12445=DIRECTION('center_axis',(0.,0.,-1.));
#12446=DIRECTION('ref_axis',(0.535714285714306,0.844399315538336,0.));
#12447=DIRECTION('center_axis',(1.,0.,0.));
#12448=DIRECTION('ref_axis',(0.,-1.,0.));
#12449=DIRECTION('',(0.,0.,1.));
#12450=DIRECTION('',(0.,1.,0.));
#12451=DIRECTION('center_axis',(0.,0.,-1.));
#12452=DIRECTION('ref_axis',(0.707106781186549,0.707106781186546,0.));
#12453=DIRECTION('',(0.,0.,-1.));
#12454=DIRECTION('center_axis',(0.,0.,-1.));
#12455=DIRECTION('ref_axis',(0.707106781186549,0.707106781186546,0.));
#12456=DIRECTION('center_axis',(1.97548580894156E-17,1.,0.));
#12457=DIRECTION('ref_axis',(1.,-1.97548580894156E-17,0.));
#12458=DIRECTION('',(0.,0.,1.));
#12459=DIRECTION('',(-1.,1.97548580894156E-17,0.));
#12460=DIRECTION('center_axis',(0.,0.,-1.));
#12461=DIRECTION('ref_axis',(-0.70710678118655,0.707106781186545,0.));
#12462=DIRECTION('',(0.,0.,-1.));
#12463=DIRECTION('center_axis',(0.,0.,-1.));
#12464=DIRECTION('ref_axis',(-0.70710678118655,0.707106781186545,0.));
#12465=DIRECTION('center_axis',(-1.,0.,0.));
#12466=DIRECTION('ref_axis',(0.,1.,0.));
#12467=DIRECTION('',(0.,0.,-1.));
#12468=DIRECTION('',(0.,-1.,0.));
#12469=DIRECTION('center_axis',(0.,0.,1.));
#12470=DIRECTION('ref_axis',(-0.535714285714306,0.844399315538336,0.));
#12471=DIRECTION('',(0.,0.,-1.));
#12472=DIRECTION('center_axis',(0.,0.,-1.));
#12473=DIRECTION('ref_axis',(-0.535714285714306,0.844399315538336,0.));
#12474=DIRECTION('center_axis',(0.,0.,1.));
#12475=DIRECTION('ref_axis',(-0.535714285714293,0.844399315538344,0.));
#12476=DIRECTION('',(0.707106781186546,0.,-0.707106781186549));
#12477=DIRECTION('center_axis',(0.,0.,-1.));
#12478=DIRECTION('ref_axis',(-0.535714285714293,0.844399315538344,0.));
#12479=DIRECTION('center_axis',(-0.707106781186555,4.47001411724923E-16,
0.70710678118654));
#12480=DIRECTION('ref_axis',(0.70710678118654,0.,0.707106781186555));
#12481=DIRECTION('',(-6.32155458861299E-16,-1.,0.));
#12482=DIRECTION('',(0.70710678118654,0.,0.707106781186555));
#12483=DIRECTION('center_axis',(0.,0.,1.));
#12484=DIRECTION('ref_axis',(0.53571428571428,-0.844399315538353,0.));
#12485=DIRECTION('',(-0.707106781186546,0.,-0.707106781186549));
#12486=DIRECTION('center_axis',(0.,0.,-1.));
#12487=DIRECTION('ref_axis',(0.53571428571428,-0.844399315538353,0.));
#12488=DIRECTION('center_axis',(-0.707106781186549,0.,0.707106781186546));
#12489=DIRECTION('ref_axis',(0.707106781186546,0.,0.707106781186549));
#12490=DIRECTION('',(-0.707106781186546,0.,-0.707106781186549));
#12491=DIRECTION('',(0.,-1.,0.));
#12492=DIRECTION('center_axis',(0.,0.,1.));
#12493=DIRECTION('ref_axis',(0.535714285714293,0.844399315538344,0.));
#12494=DIRECTION('center_axis',(0.,0.,-1.));
#12495=DIRECTION('ref_axis',(0.535714285714293,0.844399315538344,0.));
#12496=DIRECTION('center_axis',(0.,0.,1.));
#12497=DIRECTION('ref_axis',(0.70710678118655,-0.707106781186545,0.));
#12498=DIRECTION('center_axis',(0.,0.,-1.));
#12499=DIRECTION('ref_axis',(0.70710678118655,-0.707106781186545,0.));
#12500=DIRECTION('',(0.,-0.707106781186546,0.707106781186549));
#12501=DIRECTION('center_axis',(-1.11750352931229E-16,0.707106781186546,
0.707106781186549));
#12502=DIRECTION('ref_axis',(1.,0.,1.58038864715324E-16));
#12503=DIRECTION('',(0.,-0.707106781186549,0.707106781186546));
#12504=DIRECTION('',(-1.,-1.58038864715325E-16,0.));
#12505=DIRECTION('center_axis',(0.,0.,1.));
#12506=DIRECTION('ref_axis',(-0.707106781186548,-0.707106781186548,0.));
#12507=DIRECTION('center_axis',(0.,0.,-1.));
#12508=DIRECTION('ref_axis',(-0.707106781186548,-0.707106781186548,0.));
#12509=DIRECTION('',(-0.70710678118654,0.,0.707106781186555));
#12510=DIRECTION('center_axis',(0.707106781186549,0.,0.707106781186546));
#12511=DIRECTION('ref_axis',(0.707106781186546,0.,-0.707106781186549));
#12512=DIRECTION('',(0.,1.,0.));
#12513=DIRECTION('center_axis',(0.707106781186549,0.,0.707106781186546));
#12514=DIRECTION('ref_axis',(0.707106781186546,0.,-0.707106781186549));
#12515=DIRECTION('',(0.,1.,0.));
#12516=DIRECTION('',(-0.707106781186546,0.,0.707106781186549));
#12517=DIRECTION('center_axis',(0.,0.,1.));
#12518=DIRECTION('ref_axis',(-0.707106781186549,0.707106781186546,0.));
#12519=DIRECTION('center_axis',(0.,0.,-1.));
#12520=DIRECTION('ref_axis',(-0.707106781186549,0.707106781186546,0.));
#12521=DIRECTION('',(0.,0.707106781186547,0.707106781186548));
#12522=DIRECTION('center_axis',(0.,-0.707106781186546,0.707106781186549));
#12523=DIRECTION('ref_axis',(1.,0.,0.));
#12524=DIRECTION('',(0.,0.707106781186549,0.707106781186546));
#12525=DIRECTION('',(1.,0.,0.));
#12526=DIRECTION('center_axis',(0.,0.,1.));
#12527=DIRECTION('ref_axis',(0.707106781186549,0.707106781186546,0.));
#12528=DIRECTION('center_axis',(0.,0.,-1.));
#12529=DIRECTION('ref_axis',(0.707106781186549,0.707106781186546,0.));
#12530=DIRECTION('',(0.707106781186546,-3.92523114670944E-16,0.707106781186549));
#12531=DIRECTION('center_axis',(-0.707106781186555,4.47001411724923E-16,
0.70710678118654));
#12532=DIRECTION('ref_axis',(0.70710678118654,0.,0.707106781186555));
#12533=DIRECTION('',(-6.32155458861299E-16,-1.,0.));
#12534=DIRECTION('center_axis',(0.707106781186549,0.,0.707106781186546));
#12535=DIRECTION('ref_axis',(0.707106781186546,0.,-0.707106781186549));
#12536=DIRECTION('',(0.707106781186546,0.,-0.707106781186549));
#12537=DIRECTION('',(0.,1.,0.));
#12538=DIRECTION('center_axis',(0.,0.,1.));
#12539=DIRECTION('ref_axis',(-0.535714285714294,-0.844399315538344,0.));
#12540=DIRECTION('center_axis',(0.,0.,-1.));
#12541=DIRECTION('ref_axis',(-0.535714285714294,-0.844399315538344,0.));
#12542=DIRECTION('center_axis',(0.,0.,1.));
#12543=DIRECTION('ref_axis',(-0.535714285714293,0.844399315538344,0.));
#12544=DIRECTION('',(0.,0.,-1.));
#12545=DIRECTION('center_axis',(0.,0.,-1.));
#12546=DIRECTION('ref_axis',(-0.535714285714293,0.844399315538344,0.));
#12547=DIRECTION('',(0.,0.,-1.));
#12548=DIRECTION('center_axis',(-1.,0.,0.));
#12549=DIRECTION('ref_axis',(0.,-1.,0.));
#12550=DIRECTION('',(0.,0.,1.));
#12551=DIRECTION('',(0.,-1.,0.));
#12552=DIRECTION('center_axis',(0.,0.,-1.));
#12553=DIRECTION('ref_axis',(-0.535714285714294,-0.844399315538344,0.));
#12554=DIRECTION('',(0.,0.,1.));
#12555=DIRECTION('center_axis',(0.,0.,-1.));
#12556=DIRECTION('ref_axis',(-0.535714285714294,-0.844399315538344,0.));
#12557=DIRECTION('center_axis',(-1.,0.,0.));
#12558=DIRECTION('ref_axis',(0.,1.,0.));
#12559=DIRECTION('',(0.,0.,1.));
#12560=DIRECTION('',(0.,-1.,0.));
#12561=DIRECTION('center_axis',(0.,0.,-1.));
#12562=DIRECTION('ref_axis',(-0.707106781186548,-0.707106781186548,0.));
#12563=DIRECTION('',(0.,0.,-1.));
#12564=DIRECTION('center_axis',(0.,0.,-1.));
#12565=DIRECTION('ref_axis',(-0.707106781186548,-0.707106781186548,0.));
#12566=DIRECTION('center_axis',(1.58038864715325E-16,-1.,0.));
#12567=DIRECTION('ref_axis',(-1.,-1.58038864715325E-16,0.));
#12568=DIRECTION('',(0.,0.,1.));
#12569=DIRECTION('',(1.,1.58038864715325E-16,0.));
#12570=DIRECTION('center_axis',(0.,0.,-1.));
#12571=DIRECTION('ref_axis',(0.70710678118655,-0.707106781186545,0.));
#12572=DIRECTION('',(0.,0.,-1.));
#12573=DIRECTION('center_axis',(0.,0.,-1.));
#12574=DIRECTION('ref_axis',(0.70710678118655,-0.707106781186545,0.));
#12575=DIRECTION('center_axis',(1.,-6.32155458861299E-16,0.));
#12576=DIRECTION('ref_axis',(-6.32155458861299E-16,-1.,0.));
#12577=DIRECTION('',(0.,0.,-1.));
#12578=DIRECTION('',(6.32155458861299E-16,1.,0.));
#12579=DIRECTION('center_axis',(-0.707106781186549,0.,0.707106781186546));
#12580=DIRECTION('ref_axis',(0.707106781186546,0.,0.707106781186549));
#12581=DIRECTION('',(0.,-1.,0.));
#12582=DIRECTION('',(0.707106781186546,0.,0.707106781186549));
#12583=DIRECTION('center_axis',(0.,0.,1.));
#12584=DIRECTION('ref_axis',(0.535714285714294,-0.844399315538344,0.));
#12585=DIRECTION('',(-0.707106781186546,0.,-0.707106781186549));
#12586=DIRECTION('center_axis',(0.,0.,-1.));
#12587=DIRECTION('ref_axis',(0.535714285714294,-0.844399315538344,0.));
#12588=DIRECTION('center_axis',(-0.707106781186549,0.,0.707106781186546));
#12589=DIRECTION('ref_axis',(0.707106781186546,0.,0.707106781186549));
#12590=DIRECTION('',(-0.707106781186546,-1.57009245868378E-15,-0.707106781186549));
#12591=DIRECTION('',(0.,-1.,0.));
#12592=DIRECTION('center_axis',(0.,0.,1.));
#12593=DIRECTION('ref_axis',(0.535714285714293,0.844399315538344,0.));
#12594=DIRECTION('center_axis',(0.,0.,-1.));
#12595=DIRECTION('ref_axis',(0.535714285714293,0.844399315538344,0.));
#12596=DIRECTION('center_axis',(0.,0.,1.));
#12597=DIRECTION('ref_axis',(-0.535714285714293,0.844399315538344,0.));
#12598=DIRECTION('',(0.707106781186553,0.,-0.707106781186542));
#12599=DIRECTION('center_axis',(0.,0.,-1.));
#12600=DIRECTION('ref_axis',(-0.535714285714293,0.844399315538344,0.));
#12601=DIRECTION('center_axis',(0.707106781186555,1.34100423517477E-15,
0.70710678118654));
#12602=DIRECTION('ref_axis',(0.70710678118654,0.,-0.707106781186555));
#12603=DIRECTION('',(-1.8964663765839E-15,1.,0.));
#12604=DIRECTION('',(-0.70710678118654,-1.17756934401284E-15,0.707106781186555));
#12605=DIRECTION('center_axis',(0.,0.,1.));
#12606=DIRECTION('ref_axis',(-0.70710678118655,0.707106781186545,0.));
#12607=DIRECTION('center_axis',(0.,0.,-1.));
#12608=DIRECTION('ref_axis',(-0.70710678118655,0.707106781186545,0.));
#12609=DIRECTION('',(0.,0.707106781186548,0.707106781186547));
#12610=DIRECTION('center_axis',(-1.39687941164037E-17,-0.707106781186546,
0.707106781186549));
#12611=DIRECTION('ref_axis',(1.,0.,1.97548580894155E-17));
#12612=DIRECTION('',(0.,0.707106781186549,0.707106781186546));
#12613=DIRECTION('',(1.,-1.97548580894156E-17,0.));
#12614=DIRECTION('center_axis',(0.,0.,1.));
#12615=DIRECTION('ref_axis',(0.707106781186549,0.707106781186546,0.));
#12616=DIRECTION('center_axis',(0.,0.,-1.));
#12617=DIRECTION('ref_axis',(0.707106781186549,0.707106781186546,0.));
#12618=DIRECTION('',(0.707106781186546,0.,0.707106781186549));
#12619=DIRECTION('center_axis',(-0.707106781186549,0.,0.707106781186546));
#12620=DIRECTION('ref_axis',(0.707106781186546,0.,0.707106781186549));
#12621=DIRECTION('',(0.,-1.,0.));
#12622=DIRECTION('center_axis',(0.707106781186549,0.,0.707106781186546));
#12623=DIRECTION('ref_axis',(0.707106781186546,0.,-0.707106781186549));
#12624=DIRECTION('',(0.707106781186546,0.,-0.707106781186549));
#12625=DIRECTION('',(0.,1.,0.));
#12626=DIRECTION('center_axis',(0.,0.,1.));
#12627=DIRECTION('ref_axis',(-0.535714285714268,-0.84439931553836,0.));
#12628=DIRECTION('center_axis',(0.,0.,-1.));
#12629=DIRECTION('ref_axis',(-0.535714285714268,-0.84439931553836,0.));
#12630=DIRECTION('center_axis',(0.,0.,1.));
#12631=DIRECTION('ref_axis',(0.70710678118655,-0.707106781186545,0.));
#12632=DIRECTION('center_axis',(0.,0.,-1.));
#12633=DIRECTION('ref_axis',(0.70710678118655,-0.707106781186545,0.));
#12634=DIRECTION('',(0.,-0.707106781186546,0.707106781186549));
#12635=DIRECTION('center_axis',(0.,0.707106781186546,0.707106781186549));
#12636=DIRECTION('ref_axis',(1.,0.,0.));
#12637=DIRECTION('',(0.,-0.707106781186549,0.707106781186546));
#12638=DIRECTION('',(-1.,0.,0.));
#12639=DIRECTION('center_axis',(0.,0.,1.));
#12640=DIRECTION('ref_axis',(-0.707106781186548,-0.707106781186548,0.));
#12641=DIRECTION('center_axis',(0.,0.,-1.));
#12642=DIRECTION('ref_axis',(-0.707106781186548,-0.707106781186548,0.));
#12643=DIRECTION('',(-0.707106781186546,-3.14018491736756E-15,0.707106781186549));
#12644=DIRECTION('center_axis',(0.707106781186549,1.34100423517476E-15,
0.707106781186546));
#12645=DIRECTION('ref_axis',(0.707106781186546,0.,-0.707106781186549));
#12646=DIRECTION('',(-1.8964663765839E-15,1.,0.));
#12647=DIRECTION('center_axis',(1.,0.,0.));
#12648=DIRECTION('ref_axis',(0.,1.,0.));
#12649=DIRECTION('',(0.,0.,1.));
#12650=DIRECTION('',(0.,1.,0.));
#12651=DIRECTION('',(0.,0.,-1.));
#12652=DIRECTION('center_axis',(0.,0.,-1.));
#12653=DIRECTION('ref_axis',(0.535714285714293,0.844399315538344,0.));
#12654=DIRECTION('',(0.,0.,1.));
#12655=DIRECTION('center_axis',(0.,0.,-1.));
#12656=DIRECTION('ref_axis',(0.535714285714293,0.844399315538344,0.));
#12657=DIRECTION('center_axis',(1.,0.,0.));
#12658=DIRECTION('ref_axis',(0.,-1.,0.));
#12659=DIRECTION('',(0.,0.,1.));
#12660=DIRECTION('',(0.,1.,0.));
#12661=DIRECTION('center_axis',(0.,0.,-1.));
#12662=DIRECTION('ref_axis',(0.707106781186549,0.707106781186546,0.));
#12663=DIRECTION('',(0.,0.,-1.));
#12664=DIRECTION('center_axis',(0.,0.,-1.));
#12665=DIRECTION('ref_axis',(0.707106781186549,0.707106781186546,0.));
#12666=DIRECTION('center_axis',(1.97548580894156E-17,1.,0.));
#12667=DIRECTION('ref_axis',(1.,-1.97548580894156E-17,0.));
#12668=DIRECTION('',(0.,0.,1.));
#12669=DIRECTION('',(-1.,1.97548580894156E-17,0.));
#12670=DIRECTION('center_axis',(0.,0.,-1.));
#12671=DIRECTION('ref_axis',(-0.70710678118655,0.707106781186545,0.));
#12672=DIRECTION('',(0.,0.,-1.));
#12673=DIRECTION('center_axis',(0.,0.,-1.));
#12674=DIRECTION('ref_axis',(-0.70710678118655,0.707106781186545,0.));
#12675=DIRECTION('center_axis',(-1.,-1.8964663765839E-15,0.));
#12676=DIRECTION('ref_axis',(-1.8964663765839E-15,1.,0.));
#12677=DIRECTION('',(0.,0.,-1.));
#12678=DIRECTION('',(1.8964663765839E-15,-1.,0.));
#12679=DIRECTION('center_axis',(0.,0.,1.));
#12680=DIRECTION('ref_axis',(-0.535714285714293,0.844399315538344,0.));
#12681=DIRECTION('',(0.,0.,-1.));
#12682=DIRECTION('center_axis',(0.,0.,-1.));
#12683=DIRECTION('ref_axis',(-0.535714285714293,0.844399315538344,0.));
#12684=DIRECTION('center_axis',(-0.707106781186552,2.2350070586246E-16,
0.707106781186543));
#12685=DIRECTION('ref_axis',(0.707106781186543,0.,0.707106781186552));
#12686=DIRECTION('',(-3.1607772943065E-16,-1.,0.));
#12687=DIRECTION('',(0.707106781186543,0.,0.707106781186552));
#12688=DIRECTION('center_axis',(0.,0.,1.));
#12689=DIRECTION('ref_axis',(0.53571428571428,-0.844399315538353,0.));
#12690=DIRECTION('',(-0.707106781186549,0.,-0.707106781186546));
#12691=DIRECTION('center_axis',(0.,0.,-1.));
#12692=DIRECTION('ref_axis',(0.53571428571428,-0.844399315538353,0.));
#12693=DIRECTION('center_axis',(-0.707106781186549,0.,0.707106781186546));
#12694=DIRECTION('ref_axis',(0.707106781186546,0.,0.707106781186549));
#12695=DIRECTION('',(-0.707106781186546,0.,-0.707106781186549));
#12696=DIRECTION('',(0.,-1.,0.));
#12697=DIRECTION('center_axis',(0.,0.,1.));
#12698=DIRECTION('ref_axis',(0.535714285714287,0.844399315538348,0.));
#12699=DIRECTION('center_axis',(0.,0.,-1.));
#12700=DIRECTION('ref_axis',(0.535714285714287,0.844399315538348,0.));
#12701=DIRECTION('center_axis',(0.,0.,1.));
#12702=DIRECTION('ref_axis',(-0.535714285714281,0.844399315538352,0.));
#12703=DIRECTION('',(0.707106781186546,0.,-0.707106781186549));
#12704=DIRECTION('center_axis',(0.,0.,-1.));
#12705=DIRECTION('ref_axis',(-0.535714285714281,0.844399315538352,0.));
#12706=DIRECTION('center_axis',(0.707106781186549,0.,0.707106781186546));
#12707=DIRECTION('ref_axis',(0.707106781186546,0.,-0.707106781186549));
#12708=DIRECTION('',(0.,1.,0.));
#12709=DIRECTION('',(-0.707106781186546,3.14018491736756E-15,0.707106781186549));
#12710=DIRECTION('center_axis',(0.,0.,1.));
#12711=DIRECTION('ref_axis',(-0.707106781186545,0.70710678118655,0.));
#12712=DIRECTION('center_axis',(0.,0.,-1.));
#12713=DIRECTION('ref_axis',(-0.707106781186545,0.70710678118655,0.));
#12714=DIRECTION('',(0.,0.707106781186548,0.707106781186547));
#12715=DIRECTION('center_axis',(0.,-0.707106781186547,0.707106781186548));
#12716=DIRECTION('ref_axis',(1.,0.,0.));
#12717=DIRECTION('',(0.,0.707106781186548,0.707106781186547));
#12718=DIRECTION('',(1.,0.,0.));
#12719=DIRECTION('center_axis',(0.,0.,1.));
#12720=DIRECTION('ref_axis',(0.707106781186545,0.70710678118655,0.));
#12721=DIRECTION('center_axis',(0.,0.,-1.));
#12722=DIRECTION('ref_axis',(0.707106781186545,0.70710678118655,0.));
#12723=DIRECTION('',(0.707106781186553,-3.92523114670941E-16,0.707106781186542));
#12724=DIRECTION('center_axis',(-0.707106781186552,2.2350070586246E-16,
0.707106781186543));
#12725=DIRECTION('ref_axis',(0.707106781186543,0.,0.707106781186552));
#12726=DIRECTION('',(-3.1607772943065E-16,-1.,0.));
#12727=DIRECTION('center_axis',(0.707106781186546,0.,0.707106781186549));
#12728=DIRECTION('ref_axis',(0.707106781186549,0.,-0.707106781186546));
#12729=DIRECTION('',(0.707106781186549,0.,-0.707106781186546));
#12730=DIRECTION('',(0.,1.,0.));
#12731=DIRECTION('center_axis',(0.,0.,1.));
#12732=DIRECTION('ref_axis',(-0.53571428571428,-0.844399315538353,0.));
#12733=DIRECTION('center_axis',(0.,0.,-1.));
#12734=DIRECTION('ref_axis',(-0.53571428571428,-0.844399315538353,0.));
#12735=DIRECTION('center_axis',(0.,0.,1.));
#12736=DIRECTION('ref_axis',(0.707106781186548,-0.707106781186548,0.));
#12737=DIRECTION('center_axis',(0.,0.,-1.));
#12738=DIRECTION('ref_axis',(0.707106781186548,-0.707106781186548,0.));
#12739=DIRECTION('',(0.,-0.707106781186548,0.707106781186547));
#12740=DIRECTION('center_axis',(-1.11750352931229E-16,0.707106781186546,
0.707106781186549));
#12741=DIRECTION('ref_axis',(1.,0.,1.58038864715324E-16));
#12742=DIRECTION('',(0.,-0.707106781186549,0.707106781186546));
#12743=DIRECTION('',(-1.,-1.58038864715325E-16,0.));
#12744=DIRECTION('center_axis',(0.,0.,1.));
#12745=DIRECTION('ref_axis',(-0.707106781186545,-0.70710678118655,0.));
#12746=DIRECTION('center_axis',(0.,0.,-1.));
#12747=DIRECTION('ref_axis',(-0.707106781186545,-0.70710678118655,0.));
#12748=DIRECTION('',(-0.707106781186549,0.,0.707106781186546));
#12749=DIRECTION('center_axis',(0.707106781186549,0.,0.707106781186546));
#12750=DIRECTION('ref_axis',(0.707106781186546,0.,-0.707106781186549));
#12751=DIRECTION('',(0.,1.,0.));
#12752=DIRECTION('center_axis',(1.,0.,0.));
#12753=DIRECTION('ref_axis',(0.,1.,0.));
#12754=DIRECTION('',(0.,0.,1.));
#12755=DIRECTION('',(0.,1.,0.));
#12756=DIRECTION('',(0.,0.,-1.));
#12757=DIRECTION('center_axis',(0.,0.,-1.));
#12758=DIRECTION('ref_axis',(0.535714285714287,0.844399315538348,0.));
#12759=DIRECTION('',(0.,0.,1.));
#12760=DIRECTION('center_axis',(0.,0.,-1.));
#12761=DIRECTION('ref_axis',(0.535714285714287,0.844399315538348,0.));
#12762=DIRECTION('center_axis',(1.,-3.1607772943065E-16,0.));
#12763=DIRECTION('ref_axis',(-3.1607772943065E-16,-1.,0.));
#12764=DIRECTION('',(0.,0.,1.));
#12765=DIRECTION('',(3.1607772943065E-16,1.,0.));
#12766=DIRECTION('center_axis',(0.,0.,-1.));
#12767=DIRECTION('ref_axis',(0.707106781186545,0.70710678118655,0.));
#12768=DIRECTION('',(0.,0.,-1.));
#12769=DIRECTION('center_axis',(0.,0.,-1.));
#12770=DIRECTION('ref_axis',(0.707106781186545,0.70710678118655,0.));
#12771=DIRECTION('center_axis',(0.,1.,0.));
#12772=DIRECTION('ref_axis',(1.,0.,0.));
#12773=DIRECTION('',(0.,0.,1.));
#12774=DIRECTION('',(-1.,0.,0.));
#12775=DIRECTION('center_axis',(0.,0.,-1.));
#12776=DIRECTION('ref_axis',(-0.707106781186545,0.70710678118655,0.));
#12777=DIRECTION('',(0.,0.,-1.));
#12778=DIRECTION('center_axis',(0.,0.,-1.));
#12779=DIRECTION('ref_axis',(-0.707106781186545,0.70710678118655,0.));
#12780=DIRECTION('center_axis',(-1.,0.,0.));
#12781=DIRECTION('ref_axis',(0.,1.,0.));
#12782=DIRECTION('',(0.,0.,-1.));
#12783=DIRECTION('',(0.,-1.,0.));
#12784=DIRECTION('center_axis',(0.,0.,1.));
#12785=DIRECTION('ref_axis',(-0.535714285714281,0.844399315538352,0.));
#12786=DIRECTION('',(0.,0.,-1.));
#12787=DIRECTION('center_axis',(0.,0.,-1.));
#12788=DIRECTION('ref_axis',(-0.535714285714281,0.844399315538352,0.));
#12789=DIRECTION('center_axis',(0.,0.,1.));
#12790=DIRECTION('ref_axis',(-0.535714285714286,0.844399315538349,0.));
#12791=DIRECTION('',(0.707106781186548,0.,-0.707106781186547));
#12792=DIRECTION('center_axis',(0.,0.,-1.));
#12793=DIRECTION('ref_axis',(-0.535714285714286,0.844399315538349,0.));
#12794=DIRECTION('center_axis',(0.70710678118655,-3.92523114670945E-17,
0.707106781186545));
#12795=DIRECTION('ref_axis',(0.707106781186545,0.,-0.70710678118655));
#12796=DIRECTION('',(0.707106781186545,0.,-0.70710678118655));
#12797=DIRECTION('',(5.55111512312578E-17,1.,0.));
#12798=DIRECTION('center_axis',(0.,0.,1.));
#12799=DIRECTION('ref_axis',(-0.535714285714283,-0.844399315538351,0.));
#12800=DIRECTION('center_axis',(0.,0.,-1.));
#12801=DIRECTION('ref_axis',(-0.535714285714283,-0.844399315538351,0.));
#12802=DIRECTION('center_axis',(-0.707106781186549,-1.1175035293123E-16,
0.707106781186546));
#12803=DIRECTION('ref_axis',(0.707106781186546,0.,0.707106781186549));
#12804=DIRECTION('',(1.58038864715325E-16,-1.,0.));
#12805=DIRECTION('',(0.707106781186546,0.,0.707106781186549));
#12806=DIRECTION('center_axis',(0.,0.,1.));
#12807=DIRECTION('ref_axis',(0.707106781186548,-0.707106781186548,0.));
#12808=DIRECTION('center_axis',(0.,0.,-1.));
#12809=DIRECTION('ref_axis',(0.707106781186548,-0.707106781186548,0.));
#12810=DIRECTION('',(0.,-0.707106781186548,0.707106781186547));
#12811=DIRECTION('center_axis',(-1.11750352931229E-16,0.707106781186546,
0.707106781186549));
#12812=DIRECTION('ref_axis',(1.,0.,1.58038864715324E-16));
#12813=DIRECTION('',(0.,-0.707106781186549,0.707106781186546));
#12814=DIRECTION('',(-1.,-1.58038864715325E-16,0.));
#12815=DIRECTION('center_axis',(0.,0.,1.));
#12816=DIRECTION('ref_axis',(-0.707106781186546,-0.707106781186549,0.));
#12817=DIRECTION('center_axis',(0.,0.,-1.));
#12818=DIRECTION('ref_axis',(-0.707106781186546,-0.707106781186549,0.));
#12819=DIRECTION('',(-0.707106781186548,0.,0.707106781186547));
#12820=DIRECTION('center_axis',(0.707106781186542,1.11750352931229E-16,
0.707106781186553));
#12821=DIRECTION('ref_axis',(0.707106781186553,0.,-0.707106781186542));
#12822=DIRECTION('',(-1.58038864715325E-16,1.,0.));
#12823=DIRECTION('center_axis',(0.,0.,1.));
#12824=DIRECTION('ref_axis',(0.535714285714296,-0.844399315538343,0.));
#12825=DIRECTION('',(-0.707106781186548,0.,-0.707106781186547));
#12826=DIRECTION('center_axis',(0.,0.,-1.));
#12827=DIRECTION('ref_axis',(0.535714285714296,-0.844399315538343,0.));
#12828=DIRECTION('center_axis',(-0.707106781186547,0.,0.707106781186548));
#12829=DIRECTION('ref_axis',(0.707106781186548,0.,0.707106781186547));
#12830=DIRECTION('',(-0.707106781186548,0.,-0.707106781186547));
#12831=DIRECTION('',(0.,-1.,0.));
#12832=DIRECTION('center_axis',(0.,0.,1.));
#12833=DIRECTION('ref_axis',(0.535714285714293,0.844399315538344,0.));
#12834=DIRECTION('center_axis',(0.,0.,-1.));
#12835=DIRECTION('ref_axis',(0.535714285714293,0.844399315538344,0.));
#12836=DIRECTION('center_axis',(0.707106781186542,1.11750352931229E-16,
0.707106781186553));
#12837=DIRECTION('ref_axis',(0.707106781186553,0.,-0.707106781186542));
#12838=DIRECTION('',(-1.58038864715325E-16,1.,0.));
#12839=DIRECTION('',(-0.707106781186553,-3.14018491736753E-15,0.707106781186542));
#12840=DIRECTION('center_axis',(0.,0.,1.));
#12841=DIRECTION('ref_axis',(-0.707106781186548,0.707106781186548,0.));
#12842=DIRECTION('center_axis',(0.,0.,-1.));
#12843=DIRECTION('ref_axis',(-0.707106781186548,0.707106781186548,0.));
#12844=DIRECTION('',(0.,0.707106781186548,0.707106781186547));
#12845=DIRECTION('center_axis',(1.39687941164037E-17,-0.707106781186547,
0.707106781186548));
#12846=DIRECTION('ref_axis',(1.,0.,-1.97548580894156E-17));
#12847=DIRECTION('',(0.,0.707106781186548,0.707106781186547));
#12848=DIRECTION('',(1.,1.97548580894156E-17,0.));
#12849=DIRECTION('center_axis',(0.,0.,1.));
#12850=DIRECTION('ref_axis',(0.707106781186549,0.707106781186546,0.));
#12851=DIRECTION('center_axis',(0.,0.,-1.));
#12852=DIRECTION('ref_axis',(0.707106781186549,0.707106781186546,0.));
#12853=DIRECTION('',(0.707106781186548,0.,0.707106781186547));
#12854=DIRECTION('center_axis',(-0.707106781186549,-1.1175035293123E-16,
0.707106781186546));
#12855=DIRECTION('ref_axis',(0.707106781186546,0.,0.707106781186549));
#12856=DIRECTION('',(1.58038864715325E-16,-1.,0.));
#12857=DIRECTION('center_axis',(0.,0.,1.));
#12858=DIRECTION('ref_axis',(-0.535714285714286,0.844399315538349,0.));
#12859=DIRECTION('',(0.,0.,-1.));
#12860=DIRECTION('center_axis',(0.,0.,-1.));
#12861=DIRECTION('ref_axis',(-0.535714285714286,0.844399315538349,0.));
#12862=DIRECTION('',(0.,0.,-1.));
#12863=DIRECTION('center_axis',(-1.,5.55111512312578E-17,0.));
#12864=DIRECTION('ref_axis',(-5.55111512312578E-17,-1.,0.));
#12865=DIRECTION('',(0.,0.,1.));
#12866=DIRECTION('',(-5.55111512312578E-17,-1.,0.));
#12867=DIRECTION('center_axis',(0.,0.,-1.));
#12868=DIRECTION('ref_axis',(-0.535714285714283,-0.844399315538351,0.));
#12869=DIRECTION('',(0.,0.,1.));
#12870=DIRECTION('center_axis',(0.,0.,-1.));
#12871=DIRECTION('ref_axis',(-0.535714285714283,-0.844399315538351,0.));
#12872=DIRECTION('center_axis',(-1.,-1.58038864715325E-16,0.));
#12873=DIRECTION('ref_axis',(-1.58038864715325E-16,1.,0.));
#12874=DIRECTION('',(0.,0.,1.));
#12875=DIRECTION('',(1.58038864715325E-16,-1.,0.));
#12876=DIRECTION('center_axis',(0.,0.,-1.));
#12877=DIRECTION('ref_axis',(-0.707106781186546,-0.707106781186549,0.));
#12878=DIRECTION('',(0.,0.,-1.));
#12879=DIRECTION('center_axis',(0.,0.,-1.));
#12880=DIRECTION('ref_axis',(-0.707106781186546,-0.707106781186549,0.));
#12881=DIRECTION('center_axis',(1.58038864715325E-16,-1.,0.));
#12882=DIRECTION('ref_axis',(-1.,-1.58038864715325E-16,0.));
#12883=DIRECTION('',(0.,0.,1.));
#12884=DIRECTION('',(1.,1.58038864715325E-16,0.));
#12885=DIRECTION('center_axis',(0.,0.,-1.));
#12886=DIRECTION('ref_axis',(0.707106781186548,-0.707106781186548,0.));
#12887=DIRECTION('',(0.,0.,-1.));
#12888=DIRECTION('center_axis',(0.,0.,-1.));
#12889=DIRECTION('ref_axis',(0.707106781186548,-0.707106781186548,0.));
#12890=DIRECTION('center_axis',(1.,1.58038864715325E-16,0.));
#12891=DIRECTION('ref_axis',(1.58038864715325E-16,-1.,0.));
#12892=DIRECTION('',(0.,0.,-1.));
#12893=DIRECTION('',(-1.58038864715325E-16,1.,0.));
#12894=DIRECTION('center_axis',(0.,0.,1.));
#12895=DIRECTION('ref_axis',(-0.535714285714292,0.844399315538345,0.));
#12896=DIRECTION('',(0.707106781186548,0.,-0.707106781186547));
#12897=DIRECTION('center_axis',(0.,0.,-1.));
#12898=DIRECTION('ref_axis',(-0.535714285714292,0.844399315538345,0.));
#12899=DIRECTION('center_axis',(0.,0.,1.));
#12900=DIRECTION('ref_axis',(0.535714285714288,-0.844399315538348,0.));
#12901=DIRECTION('',(-0.707106781186546,0.,-0.707106781186549));
#12902=DIRECTION('center_axis',(0.,0.,-1.));
#12903=DIRECTION('ref_axis',(0.535714285714288,-0.844399315538348,0.));
#12904=DIRECTION('center_axis',(-0.707106781186549,0.,0.707106781186546));
#12905=DIRECTION('ref_axis',(0.707106781186546,0.,0.707106781186549));
#12906=DIRECTION('',(-0.707106781186546,0.,-0.707106781186549));
#12907=DIRECTION('',(0.,-1.,0.));
#12908=DIRECTION('center_axis',(0.,0.,1.));
#12909=DIRECTION('ref_axis',(0.535714285714288,0.844399315538348,0.));
#12910=DIRECTION('center_axis',(0.,0.,-1.));
#12911=DIRECTION('ref_axis',(0.535714285714288,0.844399315538348,0.));
#12912=DIRECTION('center_axis',(-0.707106781186549,0.,0.707106781186546));
#12913=DIRECTION('ref_axis',(0.707106781186546,0.,0.707106781186549));
#12914=DIRECTION('',(0.,-1.,0.));
#12915=DIRECTION('',(0.707106781186546,0.,0.707106781186549));
#12916=DIRECTION('center_axis',(0.,0.,1.));
#12917=DIRECTION('ref_axis',(0.707106781186548,-0.707106781186548,0.));
#12918=DIRECTION('center_axis',(0.,0.,-1.));
#12919=DIRECTION('ref_axis',(0.707106781186548,-0.707106781186548,0.));
#12920=DIRECTION('',(0.,-0.707106781186549,0.707106781186546));
#12921=DIRECTION('center_axis',(2.23500705862459E-16,0.707106781186549,
0.707106781186546));
#12922=DIRECTION('ref_axis',(1.,0.,-3.1607772943065E-16));
#12923=DIRECTION('',(0.,-0.707106781186546,0.707106781186549));
#12924=DIRECTION('',(-1.,3.16077729430649E-16,0.));
#12925=DIRECTION('center_axis',(0.,0.,1.));
#12926=DIRECTION('ref_axis',(-0.707106781186548,-0.707106781186548,0.));
#12927=DIRECTION('center_axis',(0.,0.,-1.));
#12928=DIRECTION('ref_axis',(-0.707106781186548,-0.707106781186548,0.));
#12929=DIRECTION('',(-0.707106781186548,0.,0.707106781186547));
#12930=DIRECTION('center_axis',(0.707106781186549,0.,0.707106781186546));
#12931=DIRECTION('ref_axis',(0.707106781186546,0.,-0.707106781186549));
#12932=DIRECTION('',(0.,1.,0.));
#12933=DIRECTION('center_axis',(0.707106781186549,0.,0.707106781186546));
#12934=DIRECTION('ref_axis',(0.707106781186546,0.,-0.707106781186549));
#12935=DIRECTION('',(0.,1.,0.));
#12936=DIRECTION('',(-0.707106781186546,0.,0.707106781186549));
#12937=DIRECTION('center_axis',(0.,0.,1.));
#12938=DIRECTION('ref_axis',(-0.707106781186552,0.707106781186543,0.));
#12939=DIRECTION('center_axis',(0.,0.,-1.));
#12940=DIRECTION('ref_axis',(-0.707106781186552,0.707106781186543,0.));
#12941=DIRECTION('',(0.,0.707106781186548,0.707106781186547));
#12942=DIRECTION('center_axis',(2.23500705862458E-16,-0.707106781186546,
0.707106781186549));
#12943=DIRECTION('ref_axis',(1.,0.,-3.16077729430648E-16));
#12944=DIRECTION('',(0.,0.707106781186548,0.707106781186547));
#12945=DIRECTION('',(1.,3.16077729430649E-16,0.));
#12946=DIRECTION('center_axis',(0.,0.,1.));
#12947=DIRECTION('ref_axis',(0.707106781186543,0.707106781186552,0.));
#12948=DIRECTION('center_axis',(0.,0.,-1.));
#12949=DIRECTION('ref_axis',(0.707106781186543,0.707106781186552,0.));
#12950=DIRECTION('',(0.707106781186549,0.,0.707106781186546));
#12951=DIRECTION('center_axis',(-0.707106781186549,0.,0.707106781186546));
#12952=DIRECTION('ref_axis',(0.707106781186546,0.,0.707106781186549));
#12953=DIRECTION('',(0.,-1.,0.));
#12954=DIRECTION('center_axis',(0.707106781186547,-3.15596474107291E-16,
0.707106781186548));
#12955=DIRECTION('ref_axis',(0.707106781186548,0.,-0.707106781186547));
#12956=DIRECTION('',(0.707106781186548,0.,-0.707106781186547));
#12957=DIRECTION('',(4.4632081391966E-16,1.,0.));
#12958=DIRECTION('center_axis',(0.,0.,1.));
#12959=DIRECTION('ref_axis',(-0.535714285714288,-0.844399315538348,0.));
#12960=DIRECTION('center_axis',(0.,0.,-1.));
#12961=DIRECTION('ref_axis',(-0.535714285714288,-0.844399315538348,0.));
#12962=DIRECTION('center_axis',(-1.,4.4632081391966E-16,0.));
#12963=DIRECTION('ref_axis',(-4.4632081391966E-16,-1.,0.));
#12964=DIRECTION('',(0.,0.,1.));
#12965=DIRECTION('',(-4.4632081391966E-16,-1.,0.));
#12966=DIRECTION('',(0.,0.,-1.));
#12967=DIRECTION('center_axis',(0.,0.,-1.));
#12968=DIRECTION('ref_axis',(-0.535714285714288,-0.844399315538348,0.));
#12969=DIRECTION('',(0.,0.,1.));
#12970=DIRECTION('center_axis',(0.,0.,-1.));
#12971=DIRECTION('ref_axis',(-0.535714285714288,-0.844399315538348,0.));
#12972=DIRECTION('center_axis',(-1.,0.,0.));
#12973=DIRECTION('ref_axis',(0.,1.,0.));
#12974=DIRECTION('',(0.,0.,1.));
#12975=DIRECTION('',(0.,-1.,0.));
#12976=DIRECTION('center_axis',(0.,0.,-1.));
#12977=DIRECTION('ref_axis',(-0.707106781186548,-0.707106781186548,0.));
#12978=DIRECTION('',(0.,0.,-1.));
#12979=DIRECTION('center_axis',(0.,0.,-1.));
#12980=DIRECTION('ref_axis',(-0.707106781186548,-0.707106781186548,0.));
#12981=DIRECTION('center_axis',(-3.16077729430649E-16,-1.,0.));
#12982=DIRECTION('ref_axis',(-1.,3.16077729430649E-16,0.));
#12983=DIRECTION('',(0.,0.,1.));
#12984=DIRECTION('',(1.,-3.16077729430649E-16,0.));
#12985=DIRECTION('center_axis',(0.,0.,-1.));
#12986=DIRECTION('ref_axis',(0.707106781186548,-0.707106781186548,0.));
#12987=DIRECTION('',(0.,0.,-1.));
#12988=DIRECTION('center_axis',(0.,0.,-1.));
#12989=DIRECTION('ref_axis',(0.707106781186548,-0.707106781186548,0.));
#12990=DIRECTION('center_axis',(1.,0.,0.));
#12991=DIRECTION('ref_axis',(0.,-1.,0.));
#12992=DIRECTION('',(0.,0.,-1.));
#12993=DIRECTION('',(0.,1.,0.));
#12994=DIRECTION('center_axis',(0.,0.,1.));
#12995=DIRECTION('ref_axis',(0.535714285714288,-0.844399315538348,0.));
#12996=DIRECTION('',(0.,0.,-1.));
#12997=DIRECTION('center_axis',(0.,0.,-1.));
#12998=DIRECTION('ref_axis',(0.535714285714288,-0.844399315538348,0.));
#12999=DIRECTION('center_axis',(0.,0.,1.));
#13000=DIRECTION('ref_axis',(-0.535714285714288,0.844399315538348,0.));
#13001=DIRECTION('',(0.707106781186546,0.,-0.707106781186549));
#13002=DIRECTION('center_axis',(0.,0.,-1.));
#13003=DIRECTION('ref_axis',(-0.535714285714288,0.844399315538348,0.));
#13004=DIRECTION('center_axis',(0.,0.,1.));
#13005=DIRECTION('ref_axis',(0.535714285714319,-0.844399315538328,0.));
#13006=DIRECTION('',(-0.707106781186553,0.,-0.707106781186542));
#13007=DIRECTION('center_axis',(0.,0.,-1.));
#13008=DIRECTION('ref_axis',(0.535714285714319,-0.844399315538328,0.));
#13009=DIRECTION('center_axis',(-0.707106781186549,6.31192948214583E-16,
0.707106781186546));
#13010=DIRECTION('ref_axis',(0.707106781186546,0.,0.707106781186549));
#13011=DIRECTION('',(-0.707106781186546,0.,-0.707106781186549));
#13012=DIRECTION('',(-8.92641627839321E-16,-1.,0.));
#13013=DIRECTION('center_axis',(0.,0.,1.));
#13014=DIRECTION('ref_axis',(0.53571428571428,0.844399315538353,0.));
#13015=DIRECTION('center_axis',(0.,0.,-1.));
#13016=DIRECTION('ref_axis',(0.53571428571428,0.844399315538353,0.));
#13017=DIRECTION('center_axis',(-0.707106781186549,-8.94002823449837E-16,
0.707106781186546));
#13018=DIRECTION('ref_axis',(0.707106781186546,0.,0.707106781186549));
#13019=DIRECTION('',(1.2643109177226E-15,-1.,0.));
#13020=DIRECTION('',(0.707106781186546,0.,0.707106781186549));
#13021=DIRECTION('center_axis',(0.,0.,1.));
#13022=DIRECTION('ref_axis',(0.707106781186552,-0.707106781186543,0.));
#13023=DIRECTION('center_axis',(0.,0.,-1.));
#13024=DIRECTION('ref_axis',(0.707106781186552,-0.707106781186543,0.));
#13025=DIRECTION('',(0.,-0.707106781186546,0.707106781186549));
#13026=DIRECTION('center_axis',(-2.23500705862458E-16,0.707106781186546,
0.707106781186549));
#13027=DIRECTION('ref_axis',(1.,0.,3.16077729430648E-16));
#13028=DIRECTION('',(0.,-0.707106781186549,0.707106781186546));
#13029=DIRECTION('',(-1.,-3.16077729430649E-16,0.));
#13030=DIRECTION('center_axis',(0.,0.,1.));
#13031=DIRECTION('ref_axis',(-0.707106781186548,-0.707106781186548,0.));
#13032=DIRECTION('center_axis',(0.,0.,-1.));
#13033=DIRECTION('ref_axis',(-0.707106781186548,-0.707106781186548,0.));
#13034=DIRECTION('',(-0.707106781186546,0.,0.707106781186549));
#13035=DIRECTION('center_axis',(0.707106781186549,2.23500705862459E-16,
0.707106781186546));
#13036=DIRECTION('ref_axis',(0.707106781186546,0.,-0.707106781186549));
#13037=DIRECTION('',(-3.1607772943065E-16,1.,0.));
#13038=DIRECTION('center_axis',(0.707106781186549,2.23500705862459E-16,
0.707106781186546));
#13039=DIRECTION('ref_axis',(0.707106781186546,0.,-0.707106781186549));
#13040=DIRECTION('',(-3.1607772943065E-16,1.,0.));
#13041=DIRECTION('',(-0.707106781186546,0.,0.707106781186549));
#13042=DIRECTION('center_axis',(0.,0.,1.));
#13043=DIRECTION('ref_axis',(-0.707106781186548,0.707106781186548,0.));
#13044=DIRECTION('center_axis',(0.,0.,-1.));
#13045=DIRECTION('ref_axis',(-0.707106781186548,0.707106781186548,0.));
#13046=DIRECTION('',(0.,0.707106781186549,0.707106781186546));
#13047=DIRECTION('center_axis',(4.47001411724915E-16,-0.707106781186542,
0.707106781186553));
#13048=DIRECTION('ref_axis',(1.,0.,-6.3215545886129E-16));
#13049=DIRECTION('',(0.,0.707106781186551,0.707106781186544));
#13050=DIRECTION('',(1.,6.32155458861299E-16,0.));
#13051=DIRECTION('center_axis',(0.,0.,1.));
#13052=DIRECTION('ref_axis',(0.707106781186548,0.707106781186548,0.));
#13053=DIRECTION('center_axis',(0.,0.,-1.));
#13054=DIRECTION('ref_axis',(0.707106781186548,0.707106781186548,0.));
#13055=DIRECTION('',(0.70710678118654,0.,0.707106781186555));
#13056=DIRECTION('center_axis',(-0.707106781186549,-8.94002823449837E-16,
0.707106781186546));
#13057=DIRECTION('ref_axis',(0.707106781186546,0.,0.707106781186549));
#13058=DIRECTION('',(1.2643109177226E-15,-1.,0.));
#13059=DIRECTION('center_axis',(0.707106781186546,0.,0.707106781186549));
#13060=DIRECTION('ref_axis',(0.707106781186549,0.,-0.707106781186546));
#13061=DIRECTION('',(0.707106781186549,0.,-0.707106781186546));
#13062=DIRECTION('',(0.,1.,0.));
#13063=DIRECTION('center_axis',(0.,0.,1.));
#13064=DIRECTION('ref_axis',(-0.53571428571428,-0.844399315538353,0.));
#13065=DIRECTION('center_axis',(0.,0.,-1.));
#13066=DIRECTION('ref_axis',(-0.53571428571428,-0.844399315538353,0.));
#13067=DIRECTION('center_axis',(-1.,0.,0.));
#13068=DIRECTION('ref_axis',(0.,-1.,0.));
#13069=DIRECTION('',(0.,0.,1.));
#13070=DIRECTION('',(0.,-1.,0.));
#13071=DIRECTION('',(0.,0.,-1.));
#13072=DIRECTION('center_axis',(0.,0.,-1.));
#13073=DIRECTION('ref_axis',(-0.53571428571428,-0.844399315538353,0.));
#13074=DIRECTION('',(0.,0.,1.));
#13075=DIRECTION('center_axis',(0.,0.,-1.));
#13076=DIRECTION('ref_axis',(-0.53571428571428,-0.844399315538353,0.));
#13077=DIRECTION('center_axis',(-1.,-3.1607772943065E-16,0.));
#13078=DIRECTION('ref_axis',(-3.1607772943065E-16,1.,0.));
#13079=DIRECTION('',(0.,0.,1.));
#13080=DIRECTION('',(3.1607772943065E-16,-1.,0.));
#13081=DIRECTION('center_axis',(0.,0.,-1.));
#13082=DIRECTION('ref_axis',(-0.707106781186548,-0.707106781186548,0.));
#13083=DIRECTION('',(0.,0.,-1.));
#13084=DIRECTION('center_axis',(0.,0.,-1.));
#13085=DIRECTION('ref_axis',(-0.707106781186548,-0.707106781186548,0.));
#13086=DIRECTION('center_axis',(3.16077729430649E-16,-1.,0.));
#13087=DIRECTION('ref_axis',(-1.,-3.16077729430649E-16,0.));
#13088=DIRECTION('',(0.,0.,1.));
#13089=DIRECTION('',(1.,3.16077729430649E-16,0.));
#13090=DIRECTION('center_axis',(0.,0.,-1.));
#13091=DIRECTION('ref_axis',(0.707106781186552,-0.707106781186543,0.));
#13092=DIRECTION('',(0.,0.,-1.));
#13093=DIRECTION('center_axis',(0.,0.,-1.));
#13094=DIRECTION('ref_axis',(0.707106781186552,-0.707106781186543,0.));
#13095=DIRECTION('center_axis',(1.,1.2643109177226E-15,0.));
#13096=DIRECTION('ref_axis',(1.2643109177226E-15,-1.,0.));
#13097=DIRECTION('',(0.,0.,-1.));
#13098=DIRECTION('',(-1.2643109177226E-15,1.,0.));
#13099=DIRECTION('center_axis',(0.,0.,1.));
#13100=DIRECTION('ref_axis',(0.535714285714319,-0.844399315538328,0.));
#13101=DIRECTION('',(0.,0.,-1.));
#13102=DIRECTION('center_axis',(0.,0.,-1.));
#13103=DIRECTION('ref_axis',(0.535714285714319,-0.844399315538328,0.));
#13104=DIRECTION('center_axis',(0.,0.,1.));
#13105=DIRECTION('ref_axis',(0.535714285714269,-0.84439931553836,0.));
#13106=DIRECTION('',(-0.707106781186546,0.,-0.707106781186549));
#13107=DIRECTION('center_axis',(0.,0.,-1.));
#13108=DIRECTION('ref_axis',(0.535714285714268,-0.84439931553836,0.));
#13109=DIRECTION('center_axis',(-0.707106781186549,-6.31192948214583E-16,
0.707106781186546));
#13110=DIRECTION('ref_axis',(0.707106781186546,0.,0.707106781186549));
#13111=DIRECTION('',(-0.707106781186546,0.,-0.707106781186549));
#13112=DIRECTION('',(8.92641627839321E-16,-1.,0.));
#13113=DIRECTION('center_axis',(0.,0.,1.));
#13114=DIRECTION('ref_axis',(0.535714285714307,0.844399315538336,0.));
#13115=DIRECTION('center_axis',(0.,0.,-1.));
#13116=DIRECTION('ref_axis',(0.535714285714307,0.844399315538336,0.));
#13117=DIRECTION('center_axis',(0.,0.,1.));
#13118=DIRECTION('ref_axis',(-0.535714285714307,0.844399315538336,0.));
#13119=DIRECTION('',(0.707106781186546,0.,-0.707106781186549));
#13120=DIRECTION('center_axis',(0.,0.,-1.));
#13121=DIRECTION('ref_axis',(-0.535714285714307,0.844399315538336,0.));
#13122=DIRECTION('center_axis',(0.707106781186549,-1.34100423517476E-15,
0.707106781186546));
#13123=DIRECTION('ref_axis',(0.707106781186546,0.,-0.707106781186549));
#13124=DIRECTION('',(1.8964663765839E-15,1.,0.));
#13125=DIRECTION('',(-0.707106781186546,0.,0.707106781186549));
#13126=DIRECTION('center_axis',(0.,0.,1.));
#13127=DIRECTION('ref_axis',(-0.707106781186552,0.707106781186543,0.));
#13128=DIRECTION('center_axis',(0.,0.,-1.));
#13129=DIRECTION('ref_axis',(-0.707106781186552,0.707106781186543,0.));
#13130=DIRECTION('',(0.,0.707106781186548,0.707106781186547));
#13131=DIRECTION('center_axis',(4.47001411724919E-16,-0.707106781186549,
0.707106781186546));
#13132=DIRECTION('ref_axis',(1.,0.,-6.32155458861301E-16));
#13133=DIRECTION('',(0.,0.707106781186546,0.707106781186549));
#13134=DIRECTION('',(1.,6.32155458861299E-16,0.));
#13135=DIRECTION('center_axis',(0.,0.,1.));
#13136=DIRECTION('ref_axis',(0.707106781186561,0.707106781186534,0.));
#13137=DIRECTION('center_axis',(0.,0.,-1.));
#13138=DIRECTION('ref_axis',(0.707106781186561,0.707106781186534,0.));
#13139=DIRECTION('',(0.70710678118654,0.,0.707106781186555));
#13140=DIRECTION('center_axis',(-0.707106781186549,1.34100423517476E-15,
0.707106781186546));
#13141=DIRECTION('ref_axis',(0.707106781186546,0.,0.707106781186549));
#13142=DIRECTION('',(-1.8964663765839E-15,-1.,0.));
#13143=DIRECTION('center_axis',(0.707106781186549,-6.31192948214583E-16,
0.707106781186546));
#13144=DIRECTION('ref_axis',(0.707106781186546,0.,-0.707106781186549));
#13145=DIRECTION('',(0.707106781186546,0.,-0.707106781186549));
#13146=DIRECTION('',(8.92641627839321E-16,1.,0.));
#13147=DIRECTION('center_axis',(0.,0.,1.));
#13148=DIRECTION('ref_axis',(-0.535714285714319,-0.844399315538328,0.));
#13149=DIRECTION('center_axis',(0.,0.,-1.));
#13150=DIRECTION('ref_axis',(-0.535714285714319,-0.844399315538328,0.));
#13151=DIRECTION('center_axis',(-0.707106781186549,1.34100423517476E-15,
0.707106781186546));
#13152=DIRECTION('ref_axis',(0.707106781186546,0.,0.707106781186549));
#13153=DIRECTION('',(-1.8964663765839E-15,-1.,0.));
#13154=DIRECTION('',(0.707106781186546,0.,0.707106781186549));
#13155=DIRECTION('center_axis',(0.,0.,1.));
#13156=DIRECTION('ref_axis',(0.707106781186548,-0.707106781186548,0.));
#13157=DIRECTION('center_axis',(0.,0.,-1.));
#13158=DIRECTION('ref_axis',(0.707106781186548,-0.707106781186548,0.));
#13159=DIRECTION('',(0.,-0.707106781186549,0.707106781186546));
#13160=DIRECTION('center_axis',(0.,0.707106781186552,0.707106781186543));
#13161=DIRECTION('ref_axis',(1.,0.,0.));
#13162=DIRECTION('',(0.,-0.707106781186543,0.707106781186552));
#13163=DIRECTION('',(-1.,0.,0.));
#13164=DIRECTION('center_axis',(0.,0.,1.));
#13165=DIRECTION('ref_axis',(-0.707106781186556,-0.707106781186539,0.));
#13166=DIRECTION('center_axis',(0.,0.,-1.));
#13167=DIRECTION('ref_axis',(-0.707106781186556,-0.707106781186539,0.));
#13168=DIRECTION('',(-0.70710678118654,0.,0.707106781186555));
#13169=DIRECTION('center_axis',(0.707106781186555,-1.34100423517477E-15,
0.70710678118654));
#13170=DIRECTION('ref_axis',(0.70710678118654,0.,-0.707106781186555));
#13171=DIRECTION('',(1.8964663765839E-15,1.,0.));
#13172=DIRECTION('center_axis',(1.,8.92641627839321E-16,0.));
#13173=DIRECTION('ref_axis',(-8.92641627839321E-16,1.,0.));
#13174=DIRECTION('',(0.,0.,1.));
#13175=DIRECTION('',(-8.92641627839321E-16,1.,0.));
#13176=DIRECTION('',(0.,0.,-1.));
#13177=DIRECTION('center_axis',(0.,0.,-1.));
#13178=DIRECTION('ref_axis',(0.535714285714307,0.844399315538336,0.));
#13179=DIRECTION('',(0.,0.,1.));
#13180=DIRECTION('center_axis',(0.,0.,-1.));
#13181=DIRECTION('ref_axis',(0.535714285714307,0.844399315538336,0.));
#13182=DIRECTION('center_axis',(1.,-1.8964663765839E-15,0.));
#13183=DIRECTION('ref_axis',(-1.8964663765839E-15,-1.,0.));
#13184=DIRECTION('',(0.,0.,1.));
#13185=DIRECTION('',(1.8964663765839E-15,1.,0.));
#13186=DIRECTION('center_axis',(0.,0.,-1.));
#13187=DIRECTION('ref_axis',(0.707106781186561,0.707106781186534,0.));
#13188=DIRECTION('',(0.,0.,-1.));
#13189=DIRECTION('center_axis',(0.,0.,-1.));
#13190=DIRECTION('ref_axis',(0.707106781186561,0.707106781186534,0.));
#13191=DIRECTION('center_axis',(-6.32155458861299E-16,1.,0.));
#13192=DIRECTION('ref_axis',(1.,6.32155458861299E-16,0.));
#13193=DIRECTION('',(0.,0.,1.));
#13194=DIRECTION('',(-1.,-6.32155458861299E-16,0.));
#13195=DIRECTION('center_axis',(0.,0.,-1.));
#13196=DIRECTION('ref_axis',(-0.707106781186552,0.707106781186543,0.));
#13197=DIRECTION('',(0.,0.,-1.));
#13198=DIRECTION('center_axis',(0.,0.,-1.));
#13199=DIRECTION('ref_axis',(-0.707106781186552,0.707106781186543,0.));
#13200=DIRECTION('center_axis',(-1.,1.8964663765839E-15,0.));
#13201=DIRECTION('ref_axis',(1.8964663765839E-15,1.,0.));
#13202=DIRECTION('',(0.,0.,-1.));
#13203=DIRECTION('',(-1.8964663765839E-15,-1.,0.));
#13204=DIRECTION('center_axis',(0.,0.,1.));
#13205=DIRECTION('ref_axis',(-0.535714285714307,0.844399315538336,0.));
#13206=DIRECTION('',(0.,0.,-1.));
#13207=DIRECTION('center_axis',(0.,0.,-1.));
#13208=DIRECTION('ref_axis',(-0.535714285714307,0.844399315538336,0.));
#13209=DIRECTION('center_axis',(0.,0.,1.));
#13210=DIRECTION('ref_axis',(0.535714285714307,-0.844399315538336,0.));
#13211=DIRECTION('',(-0.70710678118654,0.,-0.707106781186555));
#13212=DIRECTION('center_axis',(0.,0.,-1.));
#13213=DIRECTION('ref_axis',(0.535714285714307,-0.844399315538336,0.));
#13214=DIRECTION('center_axis',(-0.707106781186542,0.,0.707106781186553));
#13215=DIRECTION('ref_axis',(0.707106781186553,0.,0.707106781186542));
#13216=DIRECTION('',(-0.707106781186553,0.,-0.707106781186542));
#13217=DIRECTION('',(0.,-1.,0.));
#13218=DIRECTION('center_axis',(0.,0.,1.));
#13219=DIRECTION('ref_axis',(0.53571428571428,0.844399315538353,0.));
#13220=DIRECTION('center_axis',(0.,0.,-1.));
#13221=DIRECTION('ref_axis',(0.53571428571428,0.844399315538353,0.));
#13222=DIRECTION('center_axis',(0.,0.,1.));
#13223=DIRECTION('ref_axis',(-0.535714285714307,0.844399315538336,0.));
#13224=DIRECTION('',(0.707106781186546,0.,-0.707106781186549));
#13225=DIRECTION('center_axis',(0.,0.,-1.));
#13226=DIRECTION('ref_axis',(-0.535714285714307,0.844399315538336,0.));
#13227=DIRECTION('center_axis',(0.707106781186549,0.,0.707106781186546));
#13228=DIRECTION('ref_axis',(0.707106781186546,0.,-0.707106781186549));
#13229=DIRECTION('',(0.,1.,0.));
#13230=DIRECTION('',(-0.707106781186546,0.,0.707106781186549));
#13231=DIRECTION('center_axis',(0.,0.,1.));
#13232=DIRECTION('ref_axis',(-0.707106781186552,0.707106781186543,0.));
#13233=DIRECTION('center_axis',(0.,0.,-1.));
#13234=DIRECTION('ref_axis',(-0.707106781186552,0.707106781186543,0.));
#13235=DIRECTION('',(0.,0.707106781186553,0.707106781186542));
#13236=DIRECTION('center_axis',(-4.47001411724919E-16,-0.707106781186549,
0.707106781186546));
#13237=DIRECTION('ref_axis',(1.,0.,6.32155458861301E-16));
#13238=DIRECTION('',(0.,0.707106781186548,0.707106781186547));
#13239=DIRECTION('',(1.,-6.32155458861299E-16,0.));
#13240=DIRECTION('center_axis',(0.,0.,1.));
#13241=DIRECTION('ref_axis',(0.707106781186552,0.707106781186543,0.));
#13242=DIRECTION('center_axis',(0.,0.,-1.));
#13243=DIRECTION('ref_axis',(0.707106781186552,0.707106781186543,0.));
#13244=DIRECTION('',(0.70710678118654,0.,0.707106781186555));
#13245=DIRECTION('center_axis',(-0.707106781186555,-8.94002823449847E-16,
0.70710678118654));
#13246=DIRECTION('ref_axis',(0.70710678118654,0.,0.707106781186555));
#13247=DIRECTION('',(1.2643109177226E-15,-1.,0.));
#13248=DIRECTION('center_axis',(0.707106781186549,0.,0.707106781186546));
#13249=DIRECTION('ref_axis',(0.707106781186546,0.,-0.707106781186549));
#13250=DIRECTION('',(0.707106781186546,0.,-0.707106781186549));
#13251=DIRECTION('',(0.,1.,0.));
#13252=DIRECTION('center_axis',(0.,0.,1.));
#13253=DIRECTION('ref_axis',(-0.535714285714307,-0.844399315538336,0.));
#13254=DIRECTION('center_axis',(0.,0.,-1.));
#13255=DIRECTION('ref_axis',(-0.535714285714307,-0.844399315538336,0.));
#13256=DIRECTION('center_axis',(-0.707106781186555,-8.94002823449847E-16,
0.70710678118654));
#13257=DIRECTION('ref_axis',(0.70710678118654,0.,0.707106781186555));
#13258=DIRECTION('',(1.2643109177226E-15,-1.,0.));
#13259=DIRECTION('',(0.70710678118654,0.,0.707106781186555));
#13260=DIRECTION('center_axis',(0.,0.,1.));
#13261=DIRECTION('ref_axis',(0.707106781186552,-0.707106781186543,0.));
#13262=DIRECTION('center_axis',(0.,0.,-1.));
#13263=DIRECTION('ref_axis',(0.707106781186552,-0.707106781186543,0.));
#13264=DIRECTION('',(0.,-0.707106781186549,0.707106781186546));
#13265=DIRECTION('center_axis',(-4.47001411724918E-16,0.707106781186549,
0.707106781186546));
#13266=DIRECTION('ref_axis',(1.,0.,6.321554588613E-16));
#13267=DIRECTION('',(0.,-0.707106781186546,0.707106781186549));
#13268=DIRECTION('',(-1.,-6.32155458861298E-16,0.));
#13269=DIRECTION('center_axis',(0.,0.,1.));
#13270=DIRECTION('ref_axis',(-0.707106781186552,-0.707106781186543,0.));
#13271=DIRECTION('center_axis',(0.,0.,-1.));
#13272=DIRECTION('ref_axis',(-0.707106781186552,-0.707106781186543,0.));
#13273=DIRECTION('',(-0.70710678118654,0.,0.707106781186555));
#13274=DIRECTION('center_axis',(0.707106781186549,0.,0.707106781186546));
#13275=DIRECTION('ref_axis',(0.707106781186546,0.,-0.707106781186549));
#13276=DIRECTION('',(0.,1.,0.));
#13277=DIRECTION('center_axis',(1.,0.,0.));
#13278=DIRECTION('ref_axis',(0.,1.,0.));
#13279=DIRECTION('',(0.,0.,1.));
#13280=DIRECTION('',(0.,1.,0.));
#13281=DIRECTION('',(0.,0.,-1.));
#13282=DIRECTION('center_axis',(0.,0.,-1.));
#13283=DIRECTION('ref_axis',(0.53571428571428,0.844399315538353,0.));
#13284=DIRECTION('',(0.,0.,1.));
#13285=DIRECTION('center_axis',(0.,0.,-1.));
#13286=DIRECTION('ref_axis',(0.53571428571428,0.844399315538353,0.));
#13287=DIRECTION('center_axis',(1.,1.2643109177226E-15,0.));
#13288=DIRECTION('ref_axis',(1.2643109177226E-15,-1.,0.));
#13289=DIRECTION('',(0.,0.,1.));
#13290=DIRECTION('',(-1.2643109177226E-15,1.,0.));
#13291=DIRECTION('center_axis',(0.,0.,-1.));
#13292=DIRECTION('ref_axis',(0.707106781186552,0.707106781186543,0.));
#13293=DIRECTION('',(0.,0.,-1.));
#13294=DIRECTION('center_axis',(0.,0.,-1.));
#13295=DIRECTION('ref_axis',(0.707106781186552,0.707106781186543,0.));
#13296=DIRECTION('center_axis',(6.32155458861299E-16,1.,0.));
#13297=DIRECTION('ref_axis',(1.,-6.32155458861299E-16,0.));
#13298=DIRECTION('',(0.,0.,1.));
#13299=DIRECTION('',(-1.,6.32155458861299E-16,0.));
#13300=DIRECTION('center_axis',(0.,0.,-1.));
#13301=DIRECTION('ref_axis',(-0.707106781186552,0.707106781186543,0.));
#13302=DIRECTION('',(0.,0.,-1.));
#13303=DIRECTION('center_axis',(0.,0.,-1.));
#13304=DIRECTION('ref_axis',(-0.707106781186552,0.707106781186543,0.));
#13305=DIRECTION('center_axis',(-1.,0.,0.));
#13306=DIRECTION('ref_axis',(0.,1.,0.));
#13307=DIRECTION('',(0.,0.,-1.));
#13308=DIRECTION('',(0.,-1.,0.));
#13309=DIRECTION('center_axis',(0.,0.,1.));
#13310=DIRECTION('ref_axis',(-0.535714285714307,0.844399315538336,0.));
#13311=DIRECTION('',(0.,0.,-1.));
#13312=DIRECTION('center_axis',(0.,0.,-1.));
#13313=DIRECTION('ref_axis',(-0.535714285714307,0.844399315538336,0.));
#13314=DIRECTION('center_axis',(0.,0.,1.));
#13315=DIRECTION('ref_axis',(0.535714285714307,-0.844399315538336,0.));
#13316=DIRECTION('',(-0.707106781186553,0.,-0.707106781186542));
#13317=DIRECTION('center_axis',(0.,0.,-1.));
#13318=DIRECTION('ref_axis',(0.535714285714307,-0.844399315538336,0.));
#13319=DIRECTION('center_axis',(-0.707106781186542,-1.26238589642916E-15,
0.707106781186553));
#13320=DIRECTION('ref_axis',(0.707106781186553,0.,0.707106781186542));
#13321=DIRECTION('',(-0.707106781186553,0.,-0.707106781186542));
#13322=DIRECTION('',(1.78528325567865E-15,-1.,0.));
#13323=DIRECTION('center_axis',(0.,0.,1.));
#13324=DIRECTION('ref_axis',(0.535714285714307,0.844399315538336,0.));
#13325=DIRECTION('center_axis',(0.,0.,-1.));
#13326=DIRECTION('ref_axis',(0.535714285714307,0.844399315538336,0.));
#13327=DIRECTION('center_axis',(0.,0.,1.));
#13328=DIRECTION('ref_axis',(-0.535714285714254,0.84439931553837,0.));
#13329=DIRECTION('',(0.707106781186546,0.,-0.707106781186549));
#13330=DIRECTION('center_axis',(0.,0.,-1.));
#13331=DIRECTION('ref_axis',(-0.535714285714254,0.84439931553837,0.));
#13332=DIRECTION('center_axis',(0.707106781186549,0.,0.707106781186546));
#13333=DIRECTION('ref_axis',(0.707106781186546,0.,-0.707106781186549));
#13334=DIRECTION('',(0.,1.,0.));
#13335=DIRECTION('',(-0.707106781186546,0.,0.707106781186549));
#13336=DIRECTION('center_axis',(0.,0.,1.));
#13337=DIRECTION('ref_axis',(-0.707106781186548,0.707106781186548,0.));
#13338=DIRECTION('center_axis',(0.,0.,-1.));
#13339=DIRECTION('ref_axis',(-0.707106781186548,0.707106781186548,0.));
#13340=DIRECTION('',(0.,0.707106781186546,0.707106781186549));
#13341=DIRECTION('center_axis',(0.,-0.707106781186549,0.707106781186546));
#13342=DIRECTION('ref_axis',(1.,0.,0.));
#13343=DIRECTION('',(0.,0.707106781186546,0.707106781186549));
#13344=DIRECTION('',(1.,0.,0.));
#13345=DIRECTION('center_axis',(0.,0.,1.));
#13346=DIRECTION('ref_axis',(0.707106781186552,0.707106781186543,0.));
#13347=DIRECTION('center_axis',(0.,0.,-1.));
#13348=DIRECTION('ref_axis',(0.707106781186552,0.707106781186543,0.));
#13349=DIRECTION('',(0.70710678118654,0.,0.707106781186555));
#13350=DIRECTION('center_axis',(-0.707106781186542,-8.94002823449831E-16,
0.707106781186553));
#13351=DIRECTION('ref_axis',(0.707106781186553,0.,0.707106781186542));
#13352=DIRECTION('',(1.2643109177226E-15,-1.,0.));
#13353=DIRECTION('center_axis',(0.707106781186536,1.26238589642915E-15,
0.707106781186559));
#13354=DIRECTION('ref_axis',(0.707106781186559,0.,-0.707106781186536));
#13355=DIRECTION('',(0.707106781186559,0.,-0.707106781186536));
#13356=DIRECTION('',(-1.78528325567865E-15,1.,0.));
#13357=DIRECTION('center_axis',(0.,0.,1.));
#13358=DIRECTION('ref_axis',(-0.535714285714277,-0.844399315538354,0.));
#13359=DIRECTION('center_axis',(0.,0.,-1.));
#13360=DIRECTION('ref_axis',(-0.535714285714277,-0.844399315538354,0.));
#13361=DIRECTION('center_axis',(-0.707106781186542,-8.94002823449831E-16,
0.707106781186553));
#13362=DIRECTION('ref_axis',(0.707106781186553,0.,0.707106781186542));
#13363=DIRECTION('',(1.2643109177226E-15,-1.,0.));
#13364=DIRECTION('',(0.707106781186553,0.,0.707106781186542));
#13365=DIRECTION('center_axis',(0.,0.,1.));
#13366=DIRECTION('ref_axis',(0.707106781186548,-0.707106781186548,0.));
#13367=DIRECTION('center_axis',(0.,0.,-1.));
#13368=DIRECTION('ref_axis',(0.707106781186548,-0.707106781186548,0.));
#13369=DIRECTION('',(0.,-0.707106781186534,0.707106781186561));
#13370=DIRECTION('center_axis',(-4.47001411724918E-16,0.707106781186549,
0.707106781186546));
#13371=DIRECTION('ref_axis',(1.,0.,6.321554588613E-16));
#13372=DIRECTION('',(0.,-0.707106781186546,0.707106781186549));
#13373=DIRECTION('',(-1.,-6.32155458861298E-16,0.));
#13374=DIRECTION('center_axis',(0.,0.,1.));
#13375=DIRECTION('ref_axis',(-0.707106781186548,-0.707106781186548,0.));
#13376=DIRECTION('center_axis',(0.,0.,-1.));
#13377=DIRECTION('ref_axis',(-0.707106781186548,-0.707106781186548,0.));
#13378=DIRECTION('',(-0.707106781186534,0.,0.707106781186561));
#13379=DIRECTION('center_axis',(0.707106781186549,0.,0.707106781186546));
#13380=DIRECTION('ref_axis',(0.707106781186546,0.,-0.707106781186549));
#13381=DIRECTION('',(0.,1.,0.));
#13382=DIRECTION('center_axis',(1.,1.78528325567865E-15,0.));
#13383=DIRECTION('ref_axis',(-1.78528325567865E-15,1.,0.));
#13384=DIRECTION('',(0.,0.,1.));
#13385=DIRECTION('',(-1.78528325567865E-15,1.,0.));
#13386=DIRECTION('',(0.,0.,-1.));
#13387=DIRECTION('center_axis',(0.,0.,-1.));
#13388=DIRECTION('ref_axis',(0.535714285714307,0.844399315538336,0.));
#13389=DIRECTION('',(0.,0.,1.));
#13390=DIRECTION('center_axis',(0.,0.,-1.));
#13391=DIRECTION('ref_axis',(0.535714285714307,0.844399315538336,0.));
#13392=DIRECTION('center_axis',(1.,1.2643109177226E-15,0.));
#13393=DIRECTION('ref_axis',(1.2643109177226E-15,-1.,0.));
#13394=DIRECTION('',(0.,0.,1.));
#13395=DIRECTION('',(-1.2643109177226E-15,1.,0.));
#13396=DIRECTION('center_axis',(0.,0.,-1.));
#13397=DIRECTION('ref_axis',(0.707106781186552,0.707106781186543,0.));
#13398=DIRECTION('',(0.,0.,-1.));
#13399=DIRECTION('center_axis',(0.,0.,-1.));
#13400=DIRECTION('ref_axis',(0.707106781186552,0.707106781186543,0.));
#13401=DIRECTION('center_axis',(0.,1.,0.));
#13402=DIRECTION('ref_axis',(1.,0.,0.));
#13403=DIRECTION('',(0.,0.,1.));
#13404=DIRECTION('',(-1.,0.,0.));
#13405=DIRECTION('center_axis',(0.,0.,-1.));
#13406=DIRECTION('ref_axis',(-0.707106781186548,0.707106781186548,0.));
#13407=DIRECTION('',(0.,0.,-1.));
#13408=DIRECTION('center_axis',(0.,0.,-1.));
#13409=DIRECTION('ref_axis',(-0.707106781186548,0.707106781186548,0.));
#13410=DIRECTION('center_axis',(-1.,0.,0.));
#13411=DIRECTION('ref_axis',(0.,1.,0.));
#13412=DIRECTION('',(0.,0.,-1.));
#13413=DIRECTION('',(0.,-1.,0.));
#13414=DIRECTION('center_axis',(0.,0.,1.));
#13415=DIRECTION('ref_axis',(-0.535714285714254,0.84439931553837,0.));
#13416=DIRECTION('',(0.,0.,-1.));
#13417=DIRECTION('center_axis',(0.,0.,-1.));
#13418=DIRECTION('ref_axis',(-0.535714285714254,0.84439931553837,0.));
#13419=DIRECTION('center_axis',(0.,0.,1.));
#13420=DIRECTION('ref_axis',(0.535714285714307,-0.844399315538336,0.));
#13421=DIRECTION('',(-0.707106781186553,0.,-0.707106781186542));
#13422=DIRECTION('center_axis',(0.,0.,-1.));
#13423=DIRECTION('ref_axis',(0.535714285714307,-0.844399315538336,0.));
#13424=DIRECTION('center_axis',(0.707106781186549,-4.47001411724919E-16,
0.707106781186546));
#13425=DIRECTION('ref_axis',(0.707106781186546,0.,-0.707106781186549));
#13426=DIRECTION('',(6.32155458861299E-16,1.,0.));
#13427=DIRECTION('',(-0.707106781186546,0.,0.707106781186549));
#13428=DIRECTION('center_axis',(0.,0.,1.));
#13429=DIRECTION('ref_axis',(-0.535714285714292,0.844399315538345,0.));
#13430=DIRECTION('',(0.707106781186534,0.,-0.707106781186561));
#13431=DIRECTION('center_axis',(0.,0.,-1.));
#13432=DIRECTION('ref_axis',(-0.535714285714292,0.844399315538345,0.));
#13433=DIRECTION('center_axis',(0.707106781186549,0.,0.707106781186546));
#13434=DIRECTION('ref_axis',(0.707106781186546,0.,-0.707106781186549));
#13435=DIRECTION('',(0.707106781186546,0.,-0.707106781186549));
#13436=DIRECTION('',(0.,1.,0.));
#13437=DIRECTION('center_axis',(0.,0.,1.));
#13438=DIRECTION('ref_axis',(-0.535714285714307,-0.844399315538336,0.));
#13439=DIRECTION('center_axis',(0.,0.,-1.));
#13440=DIRECTION('ref_axis',(-0.535714285714307,-0.844399315538336,0.));
#13441=DIRECTION('center_axis',(0.,0.,1.));
#13442=DIRECTION('ref_axis',(-0.707106781186548,0.707106781186548,0.));
#13443=DIRECTION('center_axis',(0.,0.,-1.));
#13444=DIRECTION('ref_axis',(-0.707106781186548,0.707106781186548,0.));
#13445=DIRECTION('',(0.,0.70710678118654,0.707106781186555));
#13446=DIRECTION('center_axis',(-1.34100423517476E-15,-0.707106781186549,
0.707106781186546));
#13447=DIRECTION('ref_axis',(1.,0.,1.8964663765839E-15));
#13448=DIRECTION('',(0.,0.707106781186546,0.707106781186549));
#13449=DIRECTION('',(1.,-1.8964663765839E-15,0.));
#13450=DIRECTION('center_axis',(0.,0.,1.));
#13451=DIRECTION('ref_axis',(0.707106781186548,0.707106781186548,0.));
#13452=DIRECTION('center_axis',(0.,0.,-1.));
#13453=DIRECTION('ref_axis',(0.707106781186548,0.707106781186548,0.));
#13454=DIRECTION('',(0.707106781186553,0.,0.707106781186542));
#13455=DIRECTION('center_axis',(-0.707106781186542,0.,0.707106781186553));
#13456=DIRECTION('ref_axis',(0.707106781186553,0.,0.707106781186542));
#13457=DIRECTION('',(0.,-1.,0.));
#13458=DIRECTION('center_axis',(-0.707106781186542,0.,0.707106781186553));
#13459=DIRECTION('ref_axis',(0.707106781186553,0.,0.707106781186542));
#13460=DIRECTION('',(0.,-1.,0.));
#13461=DIRECTION('',(0.707106781186553,0.,0.707106781186542));
#13462=DIRECTION('center_axis',(0.,0.,1.));
#13463=DIRECTION('ref_axis',(0.707106781186548,-0.707106781186548,0.));
#13464=DIRECTION('center_axis',(0.,0.,-1.));
#13465=DIRECTION('ref_axis',(0.707106781186548,-0.707106781186548,0.));
#13466=DIRECTION('',(0.,-0.707106781186534,0.707106781186561));
#13467=DIRECTION('center_axis',(4.47001411724922E-16,0.707106781186555,
0.70710678118654));
#13468=DIRECTION('ref_axis',(1.,0.,-6.32155458861312E-16));
#13469=DIRECTION('',(0.,-0.707106781186546,0.707106781186549));
#13470=DIRECTION('',(-1.,6.32155458861299E-16,0.));
#13471=DIRECTION('center_axis',(0.,0.,1.));
#13472=DIRECTION('ref_axis',(-0.707106781186548,-0.707106781186548,0.));
#13473=DIRECTION('center_axis',(0.,0.,-1.));
#13474=DIRECTION('ref_axis',(-0.707106781186548,-0.707106781186548,0.));
#13475=DIRECTION('',(-0.70710678118654,0.,0.707106781186555));
#13476=DIRECTION('center_axis',(0.707106781186549,-4.47001411724919E-16,
0.707106781186546));
#13477=DIRECTION('ref_axis',(0.707106781186546,0.,-0.707106781186549));
#13478=DIRECTION('',(6.32155458861299E-16,1.,0.));
#13479=DIRECTION('center_axis',(-0.707106781186542,0.,0.707106781186553));
#13480=DIRECTION('ref_axis',(0.707106781186553,0.,0.707106781186542));
#13481=DIRECTION('',(-0.707106781186553,0.,-0.707106781186542));
#13482=DIRECTION('',(0.,-1.,0.));
#13483=DIRECTION('center_axis',(0.,0.,1.));
#13484=DIRECTION('ref_axis',(0.535714285714307,0.844399315538336,0.));
#13485=DIRECTION('center_axis',(0.,0.,-1.));
#13486=DIRECTION('ref_axis',(0.535714285714307,0.844399315538336,0.));
#13487=DIRECTION('center_axis',(0.,0.,1.));
#13488=DIRECTION('ref_axis',(0.535714285714307,-0.844399315538336,0.));
#13489=DIRECTION('',(0.,0.,-1.));
#13490=DIRECTION('center_axis',(0.,0.,-1.));
#13491=DIRECTION('ref_axis',(0.535714285714307,-0.844399315538336,0.));
#13492=DIRECTION('',(0.,0.,-1.));
#13493=DIRECTION('center_axis',(1.,0.,0.));
#13494=DIRECTION('ref_axis',(0.,1.,0.));
#13495=DIRECTION('',(0.,0.,1.));
#13496=DIRECTION('',(0.,1.,0.));
#13497=DIRECTION('center_axis',(0.,0.,-1.));
#13498=DIRECTION('ref_axis',(0.535714285714307,0.844399315538336,0.));
#13499=DIRECTION('',(0.,0.,1.));
#13500=DIRECTION('center_axis',(0.,0.,-1.));
#13501=DIRECTION('ref_axis',(0.535714285714307,0.844399315538336,0.));
#13502=DIRECTION('center_axis',(1.,0.,0.));
#13503=DIRECTION('ref_axis',(0.,-1.,0.));
#13504=DIRECTION('',(0.,0.,1.));
#13505=DIRECTION('',(0.,1.,0.));
#13506=DIRECTION('center_axis',(0.,0.,-1.));
#13507=DIRECTION('ref_axis',(0.707106781186548,0.707106781186548,0.));
#13508=DIRECTION('',(0.,0.,-1.));
#13509=DIRECTION('center_axis',(0.,0.,-1.));
#13510=DIRECTION('ref_axis',(0.707106781186548,0.707106781186548,0.));
#13511=DIRECTION('center_axis',(1.8964663765839E-15,1.,0.));
#13512=DIRECTION('ref_axis',(1.,-1.8964663765839E-15,0.));
#13513=DIRECTION('',(0.,0.,1.));
#13514=DIRECTION('',(-1.,1.8964663765839E-15,0.));
#13515=DIRECTION('center_axis',(0.,0.,-1.));
#13516=DIRECTION('ref_axis',(-0.707106781186548,0.707106781186548,0.));
#13517=DIRECTION('',(0.,0.,-1.));
#13518=DIRECTION('center_axis',(0.,0.,-1.));
#13519=DIRECTION('ref_axis',(-0.707106781186548,0.707106781186548,0.));
#13520=DIRECTION('center_axis',(-1.,6.32155458861299E-16,0.));
#13521=DIRECTION('ref_axis',(6.32155458861299E-16,1.,0.));
#13522=DIRECTION('',(0.,0.,-1.));
#13523=DIRECTION('',(-6.32155458861299E-16,-1.,0.));
#13524=DIRECTION('center_axis',(0.,0.,1.));
#13525=DIRECTION('ref_axis',(0.535714285714307,-0.844399315538336,0.));
#13526=DIRECTION('',(-0.707106781186546,0.,-0.707106781186549));
#13527=DIRECTION('center_axis',(0.,0.,-1.));
#13528=DIRECTION('ref_axis',(0.535714285714307,-0.844399315538336,0.));
#13529=DIRECTION('center_axis',(0.,0.,1.));
#13530=DIRECTION('ref_axis',(-0.535714285714292,0.844399315538345,0.));
#13531=DIRECTION('',(0.707106781186534,0.,-0.707106781186561));
#13532=DIRECTION('center_axis',(0.,0.,-1.));
#13533=DIRECTION('ref_axis',(-0.535714285714292,0.844399315538345,0.));
#13534=DIRECTION('center_axis',(0.707106781186549,-6.31192948214585E-16,
0.707106781186546));
#13535=DIRECTION('ref_axis',(0.707106781186546,0.,-0.707106781186549));
#13536=DIRECTION('',(0.707106781186546,0.,-0.707106781186549));
#13537=DIRECTION('',(8.92641627839323E-16,1.,0.));
#13538=DIRECTION('center_axis',(0.,0.,1.));
#13539=DIRECTION('ref_axis',(-0.535714285714331,-0.844399315538321,0.));
#13540=DIRECTION('center_axis',(0.,0.,-1.));
#13541=DIRECTION('ref_axis',(-0.535714285714331,-0.844399315538321,0.));
#13542=DIRECTION('center_axis',(0.707106781186542,-2.68200847034949E-15,
0.707106781186553));
#13543=DIRECTION('ref_axis',(0.707106781186553,0.,-0.707106781186542));
#13544=DIRECTION('',(3.7929327531678E-15,1.,0.));
#13545=DIRECTION('',(-0.707106781186553,0.,0.707106781186542));
#13546=DIRECTION('center_axis',(0.,0.,1.));
#13547=DIRECTION('ref_axis',(-0.707106781186548,0.707106781186548,0.));
#13548=DIRECTION('center_axis',(0.,0.,-1.));
#13549=DIRECTION('ref_axis',(-0.707106781186548,0.707106781186548,0.));
#13550=DIRECTION('',(0.,0.707106781186549,0.707106781186546));
#13551=DIRECTION('center_axis',(0.,-0.707106781186552,0.707106781186543));
#13552=DIRECTION('ref_axis',(1.,0.,0.));
#13553=DIRECTION('',(0.,0.707106781186543,0.707106781186552));
#13554=DIRECTION('',(1.,0.,0.));
#13555=DIRECTION('center_axis',(0.,0.,1.));
#13556=DIRECTION('ref_axis',(0.707106781186548,0.707106781186548,0.));
#13557=DIRECTION('center_axis',(0.,0.,-1.));
#13558=DIRECTION('ref_axis',(0.707106781186548,0.707106781186548,0.));
#13559=DIRECTION('',(0.707106781186546,0.,0.707106781186549));
#13560=DIRECTION('center_axis',(-0.707106781186549,0.,0.707106781186546));
#13561=DIRECTION('ref_axis',(0.707106781186546,0.,0.707106781186549));
#13562=DIRECTION('',(0.,-1.,0.));
#13563=DIRECTION('center_axis',(-0.707106781186549,0.,0.707106781186546));
#13564=DIRECTION('ref_axis',(0.707106781186546,0.,0.707106781186549));
#13565=DIRECTION('',(0.,-1.,0.));
#13566=DIRECTION('',(0.707106781186546,0.,0.707106781186549));
#13567=DIRECTION('center_axis',(0.,0.,1.));
#13568=DIRECTION('ref_axis',(0.707106781186548,-0.707106781186548,0.));
#13569=DIRECTION('center_axis',(0.,0.,-1.));
#13570=DIRECTION('ref_axis',(0.707106781186548,-0.707106781186548,0.));
#13571=DIRECTION('',(0.,-0.70710678118654,0.707106781186555));
#13572=DIRECTION('center_axis',(-1.78800564689965E-15,0.707106781186542,
0.707106781186553));
#13573=DIRECTION('ref_axis',(1.,0.,2.52862183544515E-15));
#13574=DIRECTION('',(0.,-0.707106781186546,0.707106781186549));
#13575=DIRECTION('',(-1.,-2.52862183544519E-15,0.));
#13576=DIRECTION('center_axis',(0.,0.,1.));
#13577=DIRECTION('ref_axis',(-0.707106781186548,-0.707106781186548,0.));
#13578=DIRECTION('center_axis',(0.,0.,-1.));
#13579=DIRECTION('ref_axis',(-0.707106781186548,-0.707106781186548,0.));
#13580=DIRECTION('',(-0.70710678118654,0.,0.707106781186555));
#13581=DIRECTION('center_axis',(0.707106781186542,-2.68200847034949E-15,
0.707106781186553));
#13582=DIRECTION('ref_axis',(0.707106781186553,0.,-0.707106781186542));
#13583=DIRECTION('',(3.7929327531678E-15,1.,0.));
#13584=DIRECTION('center_axis',(-0.707106781186542,6.31192948214579E-16,
0.707106781186553));
#13585=DIRECTION('ref_axis',(0.707106781186553,0.,0.707106781186542));
#13586=DIRECTION('',(-0.707106781186553,0.,-0.707106781186542));
#13587=DIRECTION('',(-8.92641627839323E-16,-1.,0.));
#13588=DIRECTION('center_axis',(0.,0.,1.));
#13589=DIRECTION('ref_axis',(0.535714285714292,0.844399315538345,0.));
#13590=DIRECTION('center_axis',(0.,0.,-1.));
#13591=DIRECTION('ref_axis',(0.535714285714292,0.844399315538345,0.));
#13592=DIRECTION('center_axis',(1.,-8.92641627839323E-16,0.));
#13593=DIRECTION('ref_axis',(8.92641627839323E-16,1.,0.));
#13594=DIRECTION('',(0.,0.,1.));
#13595=DIRECTION('',(8.92641627839323E-16,1.,0.));
#13596=DIRECTION('',(0.,0.,-1.));
#13597=DIRECTION('center_axis',(0.,0.,-1.));
#13598=DIRECTION('ref_axis',(0.535714285714292,0.844399315538345,0.));
#13599=DIRECTION('',(0.,0.,1.));
#13600=DIRECTION('center_axis',(0.,0.,-1.));
#13601=DIRECTION('ref_axis',(0.535714285714292,0.844399315538345,0.));
#13602=DIRECTION('center_axis',(1.,0.,0.));
#13603=DIRECTION('ref_axis',(0.,-1.,0.));
#13604=DIRECTION('',(0.,0.,1.));
#13605=DIRECTION('',(0.,1.,0.));
#13606=DIRECTION('center_axis',(0.,0.,-1.));
#13607=DIRECTION('ref_axis',(0.707106781186548,0.707106781186548,0.));
#13608=DIRECTION('',(0.,0.,-1.));
#13609=DIRECTION('center_axis',(0.,0.,-1.));
#13610=DIRECTION('ref_axis',(0.707106781186548,0.707106781186548,0.));
#13611=DIRECTION('center_axis',(0.,1.,0.));
#13612=DIRECTION('ref_axis',(1.,0.,0.));
#13613=DIRECTION('',(0.,0.,1.));
#13614=DIRECTION('',(-1.,0.,0.));
#13615=DIRECTION('center_axis',(0.,0.,-1.));
#13616=DIRECTION('ref_axis',(-0.707106781186548,0.707106781186548,0.));
#13617=DIRECTION('',(0.,0.,-1.));
#13618=DIRECTION('center_axis',(0.,0.,-1.));
#13619=DIRECTION('ref_axis',(-0.707106781186548,0.707106781186548,0.));
#13620=DIRECTION('center_axis',(-1.,3.7929327531678E-15,0.));
#13621=DIRECTION('ref_axis',(3.7929327531678E-15,1.,0.));
#13622=DIRECTION('',(0.,0.,-1.));
#13623=DIRECTION('',(-3.7929327531678E-15,-1.,0.));
#13624=DIRECTION('center_axis',(0.,0.,1.));
#13625=DIRECTION('ref_axis',(-0.535714285714292,0.844399315538345,0.));
#13626=DIRECTION('',(0.,0.,-1.));
#13627=DIRECTION('center_axis',(0.,0.,-1.));
#13628=DIRECTION('ref_axis',(-0.535714285714292,0.844399315538345,0.));
#13629=DIRECTION('center_axis',(0.,0.,1.));
#13630=DIRECTION('ref_axis',(0.535714285714245,-0.844399315538375,0.));
#13631=DIRECTION('',(-0.707106781186534,0.,-0.707106781186561));
#13632=DIRECTION('center_axis',(0.,0.,-1.));
#13633=DIRECTION('ref_axis',(0.535714285714245,-0.844399315538375,0.));
#13634=DIRECTION('center_axis',(-0.707106781186549,0.,0.707106781186546));
#13635=DIRECTION('ref_axis',(0.707106781186546,0.,0.707106781186549));
#13636=DIRECTION('',(-0.707106781186546,0.,-0.707106781186549));
#13637=DIRECTION('',(0.,-1.,0.));
#13638=DIRECTION('center_axis',(0.,0.,1.));
#13639=DIRECTION('ref_axis',(0.535714285714292,0.844399315538345,0.));
#13640=DIRECTION('center_axis',(0.,0.,-1.));
#13641=DIRECTION('ref_axis',(0.535714285714292,0.844399315538345,0.));
#13642=DIRECTION('center_axis',(-0.707106781186549,2.2350070586246E-15,
0.707106781186546));
#13643=DIRECTION('ref_axis',(0.707106781186546,0.,0.707106781186549));
#13644=DIRECTION('',(-3.1607772943065E-15,-1.,0.));
#13645=DIRECTION('',(0.707106781186546,0.,0.707106781186549));
#13646=DIRECTION('center_axis',(0.,0.,1.));
#13647=DIRECTION('ref_axis',(0.707106781186548,-0.707106781186548,0.));
#13648=DIRECTION('center_axis',(0.,0.,-1.));
#13649=DIRECTION('ref_axis',(0.707106781186548,-0.707106781186548,0.));
#13650=DIRECTION('',(0.,-0.70710678118654,0.707106781186555));
#13651=DIRECTION('center_axis',(-4.47001411724924E-16,0.707106781186555,
0.70710678118654));
#13652=DIRECTION('ref_axis',(1.,0.,6.32155458861314E-16));
#13653=DIRECTION('',(0.,-0.707106781186534,0.707106781186561));
#13654=DIRECTION('',(-1.,-6.32155458861301E-16,0.));
#13655=DIRECTION('center_axis',(0.,0.,1.));
#13656=DIRECTION('ref_axis',(-0.707106781186548,-0.707106781186548,0.));
#13657=DIRECTION('center_axis',(0.,0.,-1.));
#13658=DIRECTION('ref_axis',(-0.707106781186548,-0.707106781186548,0.));
#13659=DIRECTION('',(-0.707106781186546,0.,0.707106781186549));
#13660=DIRECTION('center_axis',(0.707106781186555,-8.94002823449845E-16,
0.70710678118654));
#13661=DIRECTION('ref_axis',(0.70710678118654,0.,-0.707106781186555));
#13662=DIRECTION('',(1.2643109177226E-15,1.,0.));
#13663=DIRECTION('center_axis',(0.707106781186549,-8.94002823449837E-16,
0.707106781186546));
#13664=DIRECTION('ref_axis',(0.707106781186546,0.,-0.707106781186549));
#13665=DIRECTION('',(1.2643109177226E-15,1.,0.));
#13666=DIRECTION('',(-0.707106781186546,0.,0.707106781186549));
#13667=DIRECTION('center_axis',(0.,0.,1.));
#13668=DIRECTION('ref_axis',(-0.707106781186548,0.707106781186548,0.));
#13669=DIRECTION('center_axis',(0.,0.,-1.));
#13670=DIRECTION('ref_axis',(-0.707106781186548,0.707106781186548,0.));
#13671=DIRECTION('',(0.,0.70710678118654,0.707106781186555));
#13672=DIRECTION('center_axis',(-4.47001411724919E-16,-0.707106781186549,
0.707106781186546));
#13673=DIRECTION('ref_axis',(1.,0.,6.32155458861301E-16));
#13674=DIRECTION('',(0.,0.707106781186546,0.707106781186549));
#13675=DIRECTION('',(1.,-6.32155458861299E-16,0.));
#13676=DIRECTION('center_axis',(0.,0.,1.));
#13677=DIRECTION('ref_axis',(0.707106781186548,0.707106781186548,0.));
#13678=DIRECTION('center_axis',(0.,0.,-1.));
#13679=DIRECTION('ref_axis',(0.707106781186548,0.707106781186548,0.));
#13680=DIRECTION('',(0.70710678118654,0.,0.707106781186555));
#13681=DIRECTION('center_axis',(-0.707106781186549,2.2350070586246E-15,
0.707106781186546));
#13682=DIRECTION('ref_axis',(0.707106781186546,0.,0.707106781186549));
#13683=DIRECTION('',(-3.1607772943065E-15,-1.,0.));
#13684=DIRECTION('center_axis',(0.,0.,1.));
#13685=DIRECTION('ref_axis',(-0.535714285714268,0.84439931553836,0.));
#13686=DIRECTION('',(0.707106781186546,0.,-0.707106781186549));
#13687=DIRECTION('center_axis',(0.,0.,-1.));
#13688=DIRECTION('ref_axis',(-0.535714285714268,0.84439931553836,0.));
#13689=DIRECTION('center_axis',(0.707106781186549,0.,0.707106781186546));
#13690=DIRECTION('ref_axis',(0.707106781186546,0.,-0.707106781186549));
#13691=DIRECTION('',(0.707106781186546,0.,-0.707106781186549));
#13692=DIRECTION('',(0.,1.,0.));
#13693=DIRECTION('center_axis',(0.,0.,1.));
#13694=DIRECTION('ref_axis',(-0.535714285714292,-0.844399315538345,0.));
#13695=DIRECTION('center_axis',(0.,0.,-1.));
#13696=DIRECTION('ref_axis',(-0.535714285714292,-0.844399315538345,0.));
#13697=DIRECTION('center_axis',(0.,0.,1.));
#13698=DIRECTION('ref_axis',(0.535714285714245,-0.844399315538375,0.));
#13699=DIRECTION('',(0.,0.,-1.));
#13700=DIRECTION('center_axis',(0.,0.,-1.));
#13701=DIRECTION('ref_axis',(0.535714285714245,-0.844399315538375,0.));
#13702=DIRECTION('',(0.,0.,-1.));
#13703=DIRECTION('center_axis',(1.,0.,0.));
#13704=DIRECTION('ref_axis',(0.,1.,0.));
#13705=DIRECTION('',(0.,0.,1.));
#13706=DIRECTION('',(0.,1.,0.));
#13707=DIRECTION('center_axis',(0.,0.,-1.));
#13708=DIRECTION('ref_axis',(0.535714285714292,0.844399315538345,0.));
#13709=DIRECTION('',(0.,0.,1.));
#13710=DIRECTION('center_axis',(0.,0.,-1.));
#13711=DIRECTION('ref_axis',(0.535714285714292,0.844399315538345,0.));
#13712=DIRECTION('center_axis',(1.,-3.1607772943065E-15,0.));
#13713=DIRECTION('ref_axis',(-3.1607772943065E-15,-1.,0.));
#13714=DIRECTION('',(0.,0.,1.));
#13715=DIRECTION('',(3.1607772943065E-15,1.,0.));
#13716=DIRECTION('center_axis',(0.,0.,-1.));
#13717=DIRECTION('ref_axis',(0.707106781186548,0.707106781186548,0.));
#13718=DIRECTION('',(0.,0.,-1.));
#13719=DIRECTION('center_axis',(0.,0.,-1.));
#13720=DIRECTION('ref_axis',(0.707106781186548,0.707106781186548,0.));
#13721=DIRECTION('center_axis',(6.32155458861299E-16,1.,0.));
#13722=DIRECTION('ref_axis',(1.,-6.32155458861299E-16,0.));
#13723=DIRECTION('',(0.,0.,1.));
#13724=DIRECTION('',(-1.,6.32155458861299E-16,0.));
#13725=DIRECTION('center_axis',(0.,0.,-1.));
#13726=DIRECTION('ref_axis',(-0.707106781186548,0.707106781186548,0.));
#13727=DIRECTION('',(0.,0.,-1.));
#13728=DIRECTION('center_axis',(0.,0.,-1.));
#13729=DIRECTION('ref_axis',(-0.707106781186548,0.707106781186548,0.));
#13730=DIRECTION('center_axis',(-1.,1.2643109177226E-15,0.));
#13731=DIRECTION('ref_axis',(1.2643109177226E-15,1.,0.));
#13732=DIRECTION('',(0.,0.,-1.));
#13733=DIRECTION('',(-1.2643109177226E-15,-1.,0.));
#13734=DIRECTION('center_axis',(0.,0.,1.));
#13735=DIRECTION('ref_axis',(0.535714285714292,-0.844399315538345,0.));
#13736=DIRECTION('',(-0.707106781186534,0.,-0.707106781186561));
#13737=DIRECTION('center_axis',(0.,0.,-1.));
#13738=DIRECTION('ref_axis',(0.535714285714292,-0.844399315538345,0.));
#13739=DIRECTION('center_axis',(-0.707106781186549,0.,0.707106781186546));
#13740=DIRECTION('ref_axis',(0.707106781186546,0.,0.707106781186549));
#13741=DIRECTION('',(-0.707106781186546,0.,-0.707106781186549));
#13742=DIRECTION('',(0.,-1.,0.));
#13743=DIRECTION('center_axis',(0.,0.,1.));
#13744=DIRECTION('ref_axis',(0.535714285714292,0.844399315538345,0.));
#13745=DIRECTION('center_axis',(0.,0.,-1.));
#13746=DIRECTION('ref_axis',(0.535714285714292,0.844399315538345,0.));
#13747=DIRECTION('center_axis',(-0.707106781186549,0.,0.707106781186546));
#13748=DIRECTION('ref_axis',(0.707106781186546,0.,0.707106781186549));
#13749=DIRECTION('',(0.,-1.,0.));
#13750=DIRECTION('',(0.707106781186546,0.,0.707106781186549));
#13751=DIRECTION('center_axis',(0.,0.,1.));
#13752=DIRECTION('ref_axis',(0.707106781186548,-0.707106781186548,0.));
#13753=DIRECTION('center_axis',(0.,0.,-1.));
#13754=DIRECTION('ref_axis',(0.707106781186548,-0.707106781186548,0.));
#13755=DIRECTION('',(0.,-0.70710678118654,0.707106781186555));
#13756=DIRECTION('center_axis',(4.47001411724915E-16,0.707106781186542,
0.707106781186553));
#13757=DIRECTION('ref_axis',(1.,0.,-6.3215545886129E-16));
#13758=DIRECTION('',(0.,-0.707106781186553,0.707106781186542));
#13759=DIRECTION('',(-1.,6.32155458861299E-16,0.));
#13760=DIRECTION('center_axis',(0.,0.,1.));
#13761=DIRECTION('ref_axis',(-0.707106781186548,-0.707106781186548,0.));
#13762=DIRECTION('center_axis',(0.,0.,-1.));
#13763=DIRECTION('ref_axis',(-0.707106781186548,-0.707106781186548,0.));
#13764=DIRECTION('',(-0.707106781186549,0.,0.707106781186546));
#13765=DIRECTION('center_axis',(0.707106781186546,0.,0.707106781186549));
#13766=DIRECTION('ref_axis',(0.707106781186549,0.,-0.707106781186546));
#13767=DIRECTION('',(0.,1.,0.));
#13768=DIRECTION('center_axis',(0.707106781186546,0.,0.707106781186549));
#13769=DIRECTION('ref_axis',(0.707106781186549,0.,-0.707106781186546));
#13770=DIRECTION('',(0.,1.,0.));
#13771=DIRECTION('',(-0.707106781186549,0.,0.707106781186546));
#13772=DIRECTION('center_axis',(0.,0.,1.));
#13773=DIRECTION('ref_axis',(-0.707106781186548,0.707106781186548,0.));
#13774=DIRECTION('center_axis',(0.,0.,-1.));
#13775=DIRECTION('ref_axis',(-0.707106781186548,0.707106781186548,0.));
#13776=DIRECTION('',(0.,0.707106781186549,0.707106781186546));
#13777=DIRECTION('center_axis',(-2.2350070586246E-16,-0.707106781186552,
0.707106781186543));
#13778=DIRECTION('ref_axis',(1.,0.,3.16077729430653E-16));
#13779=DIRECTION('',(0.,0.707106781186543,0.707106781186552));
#13780=DIRECTION('',(1.,-3.16077729430649E-16,0.));
#13781=DIRECTION('center_axis',(0.,0.,1.));
#13782=DIRECTION('ref_axis',(0.707106781186552,0.707106781186543,0.));
#13783=DIRECTION('center_axis',(0.,0.,-1.));
#13784=DIRECTION('ref_axis',(0.707106781186552,0.707106781186543,0.));
#13785=DIRECTION('',(0.707106781186546,0.,0.707106781186549));
#13786=DIRECTION('center_axis',(-0.707106781186549,0.,0.707106781186546));
#13787=DIRECTION('ref_axis',(0.707106781186546,0.,0.707106781186549));
#13788=DIRECTION('',(0.,-1.,0.));
#13789=DIRECTION('center_axis',(0.,0.,1.));
#13790=DIRECTION('ref_axis',(-0.535714285714288,0.844399315538348,0.));
#13791=DIRECTION('',(0.707106781186549,0.,-0.707106781186546));
#13792=DIRECTION('center_axis',(0.,0.,-1.));
#13793=DIRECTION('ref_axis',(-0.535714285714288,0.844399315538348,0.));
#13794=DIRECTION('center_axis',(0.707106781186552,-3.15596474107294E-16,
0.707106781186543));
#13795=DIRECTION('ref_axis',(0.707106781186543,0.,-0.707106781186552));
#13796=DIRECTION('',(0.707106781186543,0.,-0.707106781186552));
#13797=DIRECTION('',(4.46320813919661E-16,1.,0.));
#13798=DIRECTION('center_axis',(0.,0.,1.));
#13799=DIRECTION('ref_axis',(-0.535714285714283,-0.844399315538351,0.));
#13800=DIRECTION('center_axis',(0.,0.,-1.));
#13801=DIRECTION('ref_axis',(-0.535714285714283,-0.844399315538351,0.));
#13802=DIRECTION('center_axis',(0.,0.,1.));
#13803=DIRECTION('ref_axis',(0.535714285714292,-0.844399315538345,0.));
#13804=DIRECTION('',(0.,0.,-1.));
#13805=DIRECTION('center_axis',(0.,0.,-1.));
#13806=DIRECTION('ref_axis',(0.535714285714292,-0.844399315538345,0.));
#13807=DIRECTION('',(0.,0.,-1.));
#13808=DIRECTION('center_axis',(1.,0.,0.));
#13809=DIRECTION('ref_axis',(0.,1.,0.));
#13810=DIRECTION('',(0.,0.,1.));
#13811=DIRECTION('',(0.,1.,0.));
#13812=DIRECTION('center_axis',(0.,0.,-1.));
#13813=DIRECTION('ref_axis',(0.535714285714292,0.844399315538345,0.));
#13814=DIRECTION('',(0.,0.,1.));
#13815=DIRECTION('center_axis',(0.,0.,-1.));
#13816=DIRECTION('ref_axis',(0.535714285714292,0.844399315538345,0.));
#13817=DIRECTION('center_axis',(1.,0.,0.));
#13818=DIRECTION('ref_axis',(0.,-1.,0.));
#13819=DIRECTION('',(0.,0.,1.));
#13820=DIRECTION('',(0.,1.,0.));
#13821=DIRECTION('center_axis',(0.,0.,-1.));
#13822=DIRECTION('ref_axis',(0.707106781186552,0.707106781186543,0.));
#13823=DIRECTION('',(0.,0.,-1.));
#13824=DIRECTION('center_axis',(0.,0.,-1.));
#13825=DIRECTION('ref_axis',(0.707106781186552,0.707106781186543,0.));
#13826=DIRECTION('center_axis',(3.16077729430649E-16,1.,0.));
#13827=DIRECTION('ref_axis',(1.,-3.16077729430649E-16,0.));
#13828=DIRECTION('',(0.,0.,1.));
#13829=DIRECTION('',(-1.,3.16077729430649E-16,0.));
#13830=DIRECTION('center_axis',(0.,0.,-1.));
#13831=DIRECTION('ref_axis',(-0.707106781186548,0.707106781186548,0.));
#13832=DIRECTION('',(0.,0.,-1.));
#13833=DIRECTION('center_axis',(0.,0.,-1.));
#13834=DIRECTION('ref_axis',(-0.707106781186548,0.707106781186548,0.));
#13835=DIRECTION('center_axis',(-1.,0.,0.));
#13836=DIRECTION('ref_axis',(0.,1.,0.));
#13837=DIRECTION('',(0.,0.,-1.));
#13838=DIRECTION('',(0.,-1.,0.));
#13839=DIRECTION('center_axis',(0.,0.,1.));
#13840=DIRECTION('ref_axis',(0.535714285714292,-0.844399315538345,0.));
#13841=DIRECTION('',(-0.707106781186543,0.,-0.707106781186552));
#13842=DIRECTION('center_axis',(0.,0.,-1.));
#13843=DIRECTION('ref_axis',(0.535714285714292,-0.844399315538345,0.));
#13844=DIRECTION('center_axis',(-0.707106781186546,0.,0.707106781186549));
#13845=DIRECTION('ref_axis',(0.707106781186549,0.,0.707106781186546));
#13846=DIRECTION('',(-0.707106781186549,0.,-0.707106781186546));
#13847=DIRECTION('',(0.,-1.,0.));
#13848=DIRECTION('center_axis',(0.,0.,1.));
#13849=DIRECTION('ref_axis',(0.535714285714288,0.844399315538348,0.));
#13850=DIRECTION('center_axis',(0.,0.,-1.));
#13851=DIRECTION('ref_axis',(0.535714285714288,0.844399315538348,0.));
#13852=DIRECTION('center_axis',(-0.707106781186549,-2.2350070586246E-16,
0.707106781186546));
#13853=DIRECTION('ref_axis',(0.707106781186546,0.,0.707106781186549));
#13854=DIRECTION('',(3.1607772943065E-16,-1.,0.));
#13855=DIRECTION('',(0.707106781186546,0.,0.707106781186549));
#13856=DIRECTION('center_axis',(0.,0.,1.));
#13857=DIRECTION('ref_axis',(0.707106781186548,-0.707106781186548,0.));
#13858=DIRECTION('center_axis',(0.,0.,-1.));
#13859=DIRECTION('ref_axis',(0.707106781186548,-0.707106781186548,0.));
#13860=DIRECTION('',(0.,-0.707106781186534,0.707106781186561));
#13861=DIRECTION('center_axis',(-4.47001411724918E-16,0.707106781186549,
0.707106781186546));
#13862=DIRECTION('ref_axis',(1.,0.,6.321554588613E-16));
#13863=DIRECTION('',(0.,-0.707106781186546,0.707106781186549));
#13864=DIRECTION('',(-1.,-6.32155458861298E-16,0.));
#13865=DIRECTION('center_axis',(0.,0.,1.));
#13866=DIRECTION('ref_axis',(-0.707106781186543,-0.707106781186552,0.));
#13867=DIRECTION('center_axis',(0.,0.,-1.));
#13868=DIRECTION('ref_axis',(-0.707106781186543,-0.707106781186552,0.));
#13869=DIRECTION('',(-0.707106781186548,0.,0.707106781186547));
#13870=DIRECTION('center_axis',(0.707106781186547,-4.47001411724918E-16,
0.707106781186548));
#13871=DIRECTION('ref_axis',(0.707106781186548,0.,-0.707106781186547));
#13872=DIRECTION('',(6.32155458861299E-16,1.,0.));
#13873=DIRECTION('center_axis',(0.707106781186547,-4.47001411724918E-16,
0.707106781186548));
#13874=DIRECTION('ref_axis',(0.707106781186548,0.,-0.707106781186547));
#13875=DIRECTION('',(6.32155458861299E-16,1.,0.));
#13876=DIRECTION('',(-0.707106781186549,0.,0.707106781186546));
#13877=DIRECTION('center_axis',(0.,0.,1.));
#13878=DIRECTION('ref_axis',(-0.707106781186548,0.707106781186548,0.));
#13879=DIRECTION('center_axis',(0.,0.,-1.));
#13880=DIRECTION('ref_axis',(-0.707106781186548,0.707106781186548,0.));
#13881=DIRECTION('',(0.,0.707106781186553,0.707106781186542));
#13882=DIRECTION('center_axis',(-2.23500705862459E-16,-0.707106781186549,
0.707106781186546));
#13883=DIRECTION('ref_axis',(1.,0.,3.16077729430651E-16));
#13884=DIRECTION('',(0.,0.707106781186546,0.707106781186549));
#13885=DIRECTION('',(1.,-3.1607772943065E-16,0.));
#13886=DIRECTION('center_axis',(0.,0.,1.));
#13887=DIRECTION('ref_axis',(0.707106781186548,0.707106781186548,0.));
#13888=DIRECTION('center_axis',(0.,0.,-1.));
#13889=DIRECTION('ref_axis',(0.707106781186548,0.707106781186548,0.));
#13890=DIRECTION('',(0.707106781186553,0.,0.707106781186542));
#13891=DIRECTION('center_axis',(-0.707106781186549,-2.2350070586246E-16,
0.707106781186546));
#13892=DIRECTION('ref_axis',(0.707106781186546,0.,0.707106781186549));
#13893=DIRECTION('',(3.1607772943065E-16,-1.,0.));
#13894=DIRECTION('center_axis',(0.,0.,1.));
#13895=DIRECTION('ref_axis',(-0.535714285714288,0.844399315538348,0.));
#13896=DIRECTION('',(0.707106781186545,0.,-0.70710678118655));
#13897=DIRECTION('center_axis',(0.,0.,-1.));
#13898=DIRECTION('ref_axis',(-0.535714285714288,0.844399315538348,0.));
#13899=DIRECTION('center_axis',(0.707106781186549,-1.57798237053646E-16,
0.707106781186546));
#13900=DIRECTION('ref_axis',(0.707106781186546,0.,-0.707106781186549));
#13901=DIRECTION('',(0.707106781186546,0.,-0.707106781186549));
#13902=DIRECTION('',(2.23160406959831E-16,1.,0.));
#13903=DIRECTION('center_axis',(0.,0.,1.));
#13904=DIRECTION('ref_axis',(-0.535714285714292,-0.844399315538345,0.));
#13905=DIRECTION('center_axis',(0.,0.,-1.));
#13906=DIRECTION('ref_axis',(-0.535714285714292,-0.844399315538345,0.));
#13907=DIRECTION('center_axis',(0.,0.,1.));
#13908=DIRECTION('ref_axis',(0.535714285714292,-0.844399315538345,0.));
#13909=DIRECTION('',(0.,0.,-1.));
#13910=DIRECTION('center_axis',(0.,0.,-1.));
#13911=DIRECTION('ref_axis',(0.535714285714292,-0.844399315538345,0.));
#13912=DIRECTION('',(0.,0.,-1.));
#13913=DIRECTION('center_axis',(1.,0.,0.));
#13914=DIRECTION('ref_axis',(0.,1.,0.));
#13915=DIRECTION('',(0.,0.,1.));
#13916=DIRECTION('',(0.,1.,0.));
#13917=DIRECTION('center_axis',(0.,0.,-1.));
#13918=DIRECTION('ref_axis',(0.535714285714288,0.844399315538348,0.));
#13919=DIRECTION('',(0.,0.,1.));
#13920=DIRECTION('center_axis',(0.,0.,-1.));
#13921=DIRECTION('ref_axis',(0.535714285714288,0.844399315538348,0.));
#13922=DIRECTION('center_axis',(1.,3.1607772943065E-16,0.));
#13923=DIRECTION('ref_axis',(3.1607772943065E-16,-1.,0.));
#13924=DIRECTION('',(0.,0.,1.));
#13925=DIRECTION('',(-3.1607772943065E-16,1.,0.));
#13926=DIRECTION('center_axis',(0.,0.,-1.));
#13927=DIRECTION('ref_axis',(0.707106781186548,0.707106781186548,0.));
#13928=DIRECTION('',(0.,0.,-1.));
#13929=DIRECTION('center_axis',(0.,0.,-1.));
#13930=DIRECTION('ref_axis',(0.707106781186548,0.707106781186548,0.));
#13931=DIRECTION('center_axis',(3.1607772943065E-16,1.,0.));
#13932=DIRECTION('ref_axis',(1.,-3.1607772943065E-16,0.));
#13933=DIRECTION('',(0.,0.,1.));
#13934=DIRECTION('',(-1.,3.1607772943065E-16,0.));
#13935=DIRECTION('center_axis',(0.,0.,-1.));
#13936=DIRECTION('ref_axis',(-0.707106781186548,0.707106781186548,0.));
#13937=DIRECTION('',(0.,0.,-1.));
#13938=DIRECTION('center_axis',(0.,0.,-1.));
#13939=DIRECTION('ref_axis',(-0.707106781186548,0.707106781186548,0.));
#13940=DIRECTION('center_axis',(-1.,6.32155458861299E-16,0.));
#13941=DIRECTION('ref_axis',(6.32155458861299E-16,1.,0.));
#13942=DIRECTION('',(0.,0.,-1.));
#13943=DIRECTION('',(-6.32155458861299E-16,-1.,0.));
#13944=DIRECTION('center_axis',(0.,-1.,0.));
#13945=DIRECTION('ref_axis',(-0.967676920836705,0.,0.252193134085751));
#13946=DIRECTION('center_axis',(5.90151773887043E-17,1.,0.));
#13947=DIRECTION('ref_axis',(-0.967676920836705,0.,0.252193134085751));
#13948=DIRECTION('',(0.,-1.,0.));
#13949=DIRECTION('center_axis',(0.,-1.,0.));
#13950=DIRECTION('ref_axis',(-0.967676920836705,0.,0.252193134085751));
#13951=DIRECTION('',(0.,-1.,0.));
#13952=DIRECTION('center_axis',(0.,0.,1.));
#13953=DIRECTION('ref_axis',(-1.,0.,0.));
#13954=DIRECTION('',(1.,-5.90151773887043E-17,0.));
#13955=DIRECTION('',(-1.,0.,0.));
#13956=DIRECTION('',(0.,-1.,0.));
#13957=DIRECTION('center_axis',(0.,-1.,0.));
#13958=DIRECTION('ref_axis',(0.,0.,1.));
#13959=DIRECTION('center_axis',(5.90151773887043E-17,1.,0.));
#13960=DIRECTION('ref_axis',(0.,0.,1.));
#13961=DIRECTION('center_axis',(0.,-1.,0.));
#13962=DIRECTION('ref_axis',(0.,0.,1.));
#13963=DIRECTION('',(0.,1.,0.));
#13964=DIRECTION('center_axis',(0.,1.,0.));
#13965=DIRECTION('ref_axis',(-1.,0.,0.));
#13966=DIRECTION('',(1.,-2.17747716649808E-17,0.));
#13967=DIRECTION('',(0.,0.,1.));
#13968=DIRECTION('',(0.,0.,1.));
#13969=DIRECTION('',(1.,-2.17747716649808E-17,0.));
#13970=DIRECTION('center_axis',(0.,0.,-1.));
#13971=DIRECTION('ref_axis',(1.,0.,0.));
#13972=DIRECTION('center_axis',(0.,0.,-1.));
#13973=DIRECTION('ref_axis',(0.,1.,0.));
#13974=DIRECTION('',(0.,-1.,0.));
#13975=DIRECTION('center_axis',(0.,0.,-1.));
#13976=DIRECTION('ref_axis',(1.,1.91006111763468E-15,0.));
#13977=DIRECTION('',(-1.,1.12427648063307E-16,0.));
#13978=DIRECTION('center_axis',(0.,0.,-1.));
#13979=DIRECTION('ref_axis',(1.19378819852167E-16,-1.,0.));
#13980=DIRECTION('',(-1.33889836430675E-16,1.,0.));
#13981=DIRECTION('center_axis',(0.,0.,-1.));
#13982=DIRECTION('ref_axis',(-1.,-4.10612445508325E-16,0.));
#13983=DIRECTION('',(1.,-5.90151773887043E-17,0.));
#13984=DIRECTION('center_axis',(0.,0.,-1.));
#13985=DIRECTION('ref_axis',(-0.999999999999998,-6.42332042180939E-8,0.));
#13986=DIRECTION('',(-0.473075605303905,0.881021833819312,0.));
#13987=DIRECTION('center_axis',(0.,0.,1.));
#13988=DIRECTION('ref_axis',(0.221734898612352,0.975106986303231,0.));
#13989=DIRECTION('center_axis',(0.,0.,1.));
#13990=DIRECTION('ref_axis',(-0.473075605303939,0.881021833819294,0.));
#13991=DIRECTION('center_axis',(0.,0.,1.));
#13992=DIRECTION('ref_axis',(-0.975106980868063,-0.221734922514182,0.));
#13993=DIRECTION('',(0.881021845415343,-0.473075583708295,0.));
#13994=DIRECTION('center_axis',(0.,0.,-1.));
#13995=DIRECTION('ref_axis',(-0.999999999999998,-6.42332042180939E-8,0.));
#13996=DIRECTION('',(0.,1.,0.));
#13997=DIRECTION('center_axis',(0.,0.,-1.));
#13998=DIRECTION('ref_axis',(-0.42290586369499,-0.906173620479207,0.));
#13999=DIRECTION('',(-0.909727454456869,0.415205923136249,0.));
#14000=DIRECTION('center_axis',(0.,0.,1.));
#14001=DIRECTION('ref_axis',(0.422880407702285,0.906185500204869,0.));
#14002=DIRECTION('',(0.909727454456869,0.415205923136249,0.));
#14003=DIRECTION('center_axis',(0.,0.,-1.));
#14004=DIRECTION('ref_axis',(-0.999999999753302,2.22125008375757E-5,0.));
#14005=DIRECTION('',(-1.88057732189936E-7,0.999999999999982,0.));
#14006=DIRECTION('center_axis',(0.,0.,-1.));
#14007=DIRECTION('ref_axis',(-0.422894770809317,-0.906178797380592,0.));
#14008=DIRECTION('',(-0.909727454456868,0.415205923136251,0.));
#14009=DIRECTION('center_axis',(0.,0.,1.));
#14010=DIRECTION('ref_axis',(0.422878702272038,0.906186296058772,0.));
#14011=DIRECTION('',(0.,1.,0.));
#14012=DIRECTION('',(-1.,-5.32907051458671E-14,0.));
#14013=DIRECTION('center_axis',(0.,0.,1.));
#14014=DIRECTION('ref_axis',(-0.707106781186561,0.707106781186534,0.));
#14015=DIRECTION('',(0.,-1.,0.));
#14016=DIRECTION('center_axis',(0.,0.,1.));
#14017=DIRECTION('ref_axis',(-1.,0.,0.));
#14018=DIRECTION('center_axis',(0.,0.,1.));
#14019=DIRECTION('ref_axis',(-0.0845584987380959,-0.996418516634029,0.));
#14020=DIRECTION('',(0.707094307342516,0.707119254810536,0.));
#14021=DIRECTION('',(-0.707106781186124,0.707106781186971,0.));
#14022=DIRECTION('center_axis',(0.,0.,-1.));
#14023=DIRECTION('ref_axis',(5.70536018542164E-8,-0.999999999999998,0.));
#14024=DIRECTION('',(-1.,0.,0.));
#14025=DIRECTION('center_axis',(0.,0.,-1.));
#14026=DIRECTION('ref_axis',(0.707097758806145,-0.70711580345183,0.));
#14027=DIRECTION('',(-0.707106781186524,-0.707106781186571,0.));
#14028=DIRECTION('',(0.707094307342516,-0.707119254810536,0.));
#14029=DIRECTION('center_axis',(0.,0.,1.));
#14030=DIRECTION('ref_axis',(0.0845584987380989,-0.996418516634029,0.));
#14031=DIRECTION('center_axis',(0.,0.,1.));
#14032=DIRECTION('ref_axis',(1.,0.,0.));
#14033=DIRECTION('',(0.,1.,0.));
#14034=DIRECTION('center_axis',(0.,0.,1.));
#14035=DIRECTION('ref_axis',(0.707106781186556,0.707106781186539,0.));
#14036=DIRECTION('',(-1.,5.32907051458671E-14,0.));
#14037=DIRECTION('',(0.,-1.,0.));
#14038=DIRECTION('center_axis',(0.,0.,1.));
#14039=DIRECTION('ref_axis',(-0.999999999990741,4.30338279538286E-6,0.));
#14040=DIRECTION('',(-0.909727454456868,-0.415205923136251,0.));
#14041=DIRECTION('center_axis',(0.,0.,-1.));
#14042=DIRECTION('ref_axis',(0.999999999834416,-1.81980488827081E-5,0.));
#14043=DIRECTION('',(0.,-1.,0.));
#14044=DIRECTION('center_axis',(0.,0.,-1.));
#14045=DIRECTION('ref_axis',(0.422877241139377,0.906186977905967,0.));
#14046=DIRECTION('',(0.909727454456867,-0.415205923136254,0.));
#14047=DIRECTION('center_axis',(0.,0.,1.));
#14048=DIRECTION('ref_axis',(-0.422882542029223,-0.906184504197077,0.));
#14049=DIRECTION('',(-0.909727454456867,-0.415205923136254,0.));
#14050=DIRECTION('center_axis',(0.,0.,-1.));
#14051=DIRECTION('ref_axis',(0.999999999834416,-1.81980488827081E-5,0.));
#14052=DIRECTION('',(-7.01545317145351E-7,-0.999999999999754,0.));
#14053=DIRECTION('center_axis',(0.,0.,-1.));
#14054=DIRECTION('ref_axis',(-6.42332024417368E-8,0.999999999999998,0.));
#14055=DIRECTION('',(0.881021845415343,0.473075583708295,0.));
#14056=DIRECTION('center_axis',(0.,0.,1.));
#14057=DIRECTION('ref_axis',(0.975106980868063,-0.221734922514183,0.));
#14058=DIRECTION('center_axis',(0.,0.,1.));
#14059=DIRECTION('ref_axis',(0.473075605303939,0.881021833819294,0.));
#14060=DIRECTION('center_axis',(0.,0.,1.));
#14061=DIRECTION('ref_axis',(-0.221734898612354,0.975106986303231,0.));
#14062=DIRECTION('',(-0.473075605303905,-0.881021833819312,0.));
#14063=DIRECTION('center_axis',(0.,0.,-1.));
#14064=DIRECTION('ref_axis',(-6.42332024417368E-8,0.999999999999998,0.));
#14065=DIRECTION('',(1.,-5.90151773887043E-17,0.));
#14066=DIRECTION('center_axis',(0.,0.,1.));
#14067=DIRECTION('ref_axis',(-1.,0.,0.));
#14068=DIRECTION('center_axis',(0.,0.,1.));
#14069=DIRECTION('ref_axis',(-1.,0.,0.));
#14070=DIRECTION('center_axis',(0.,0.,1.));
#14071=DIRECTION('ref_axis',(-1.,0.,0.));
#14072=DIRECTION('center_axis',(0.,0.,1.));
#14073=DIRECTION('ref_axis',(-1.,0.,0.));
#14074=DIRECTION('center_axis',(0.,0.,-1.));
#14075=DIRECTION('ref_axis',(-1.,0.,0.));
#14076=DIRECTION('center_axis',(0.,0.,1.));
#14077=DIRECTION('ref_axis',(-1.,0.,0.));
#14078=DIRECTION('',(-0.857167300702112,-1.04972719113862E-16,0.515038074910054));
#14079=DIRECTION('center_axis',(0.,0.,1.));
#14080=DIRECTION('ref_axis',(-1.,0.,0.));
#14081=DIRECTION('center_axis',(0.,0.,1.));
#14082=DIRECTION('ref_axis',(-1.,0.,0.));
#14083=DIRECTION('',(0.,0.,1.));
#14084=DIRECTION('center_axis',(0.,0.,-1.));
#14085=DIRECTION('ref_axis',(1.,0.,0.));
#14086=DIRECTION('center_axis',(0.,0.,1.));
#14087=DIRECTION('ref_axis',(1.,0.,0.));
#14088=DIRECTION('',(0.,0.,-1.));
#14089=DIRECTION('center_axis',(0.,0.,-1.));
#14090=DIRECTION('ref_axis',(1.,0.,0.));
#14091=DIRECTION('',(0.,0.,-1.));
#14092=DIRECTION('center_axis',(0.,0.,-1.));
#14093=DIRECTION('ref_axis',(1.,0.,0.));
#14094=DIRECTION('center_axis',(0.,0.,1.));
#14095=DIRECTION('ref_axis',(1.,0.,0.));
#14096=DIRECTION('',(0.,0.,-1.));
#14097=DIRECTION('center_axis',(0.,0.,-1.));
#14098=DIRECTION('ref_axis',(1.,0.,0.));
#14099=DIRECTION('',(0.,0.,-1.));
#14100=DIRECTION('center_axis',(0.,0.,-1.));
#14101=DIRECTION('ref_axis',(1.,0.,0.));
#14102=DIRECTION('',(-5.03625787710264E-16,-1.,0.));
#14103=DIRECTION('',(0.,1.,0.));
#14104=DIRECTION('center_axis',(0.,0.,1.));
#14105=DIRECTION('ref_axis',(1.,0.,0.));
#14106=DIRECTION('',(0.707106781186124,-0.707106781186971,0.));
#14107=DIRECTION('center_axis',(0.,0.,1.));
#14108=DIRECTION('ref_axis',(-0.707108803015113,-0.707104759352201,0.));
#14109=DIRECTION('',(0.,-1.,0.));
#14110=DIRECTION('center_axis',(0.,0.,-1.));
#14111=DIRECTION('ref_axis',(0.422878702272038,0.906186296058772,0.));
#14112=DIRECTION('',(0.909727454456868,-0.415205923136251,0.));
#14113=DIRECTION('center_axis',(0.,0.,1.));
#14114=DIRECTION('ref_axis',(-0.422894770809317,-0.906178797380592,0.));
#14115=DIRECTION('',(1.88057732189936E-7,-0.999999999999982,0.));
#14116=DIRECTION('center_axis',(0.,0.,1.));
#14117=DIRECTION('ref_axis',(-0.999999999753302,2.22125008375757E-5,0.));
#14118=DIRECTION('',(-0.909727454456869,-0.415205923136249,0.));
#14119=DIRECTION('center_axis',(0.,0.,-1.));
#14120=DIRECTION('ref_axis',(0.422880407702285,0.906185500204869,0.));
#14121=DIRECTION('',(0.909727454456869,-0.415205923136249,0.));
#14122=DIRECTION('center_axis',(0.,0.,1.));
#14123=DIRECTION('ref_axis',(-0.42290586369499,-0.906173620479207,0.));
#14124=DIRECTION('',(0.,-1.,0.));
#14125=DIRECTION('center_axis',(0.,0.,1.));
#14126=DIRECTION('ref_axis',(-0.999999999999998,-6.42332042180939E-8,0.));
#14127=DIRECTION('',(-1.,5.90151773887043E-17,0.));
#14128=DIRECTION('center_axis',(0.,0.,1.));
#14129=DIRECTION('ref_axis',(-6.42332024417368E-8,0.999999999999998,0.));
#14130=DIRECTION('',(7.01545317145351E-7,0.999999999999754,0.));
#14131=DIRECTION('center_axis',(0.,0.,1.));
#14132=DIRECTION('ref_axis',(0.999999999834416,-1.81980488827081E-5,0.));
#14133=DIRECTION('',(0.909727454456867,0.415205923136254,0.));
#14134=DIRECTION('center_axis',(0.,0.,-1.));
#14135=DIRECTION('ref_axis',(-0.422882542029223,-0.906184504197077,0.));
#14136=DIRECTION('',(-0.909727454456867,0.415205923136254,0.));
#14137=DIRECTION('center_axis',(0.,0.,1.));
#14138=DIRECTION('ref_axis',(0.422877241139377,0.906186977905967,0.));
#14139=DIRECTION('',(0.,1.,0.));
#14140=DIRECTION('center_axis',(0.,0.,1.));
#14141=DIRECTION('ref_axis',(0.999999999834416,-1.81980488827081E-5,0.));
#14142=DIRECTION('',(0.909727454456868,0.415205923136251,0.));
#14143=DIRECTION('center_axis',(0.,0.,-1.));
#14144=DIRECTION('ref_axis',(-0.999999999990741,4.30338279538286E-6,0.));
#14145=DIRECTION('',(0.,1.,0.));
#14146=DIRECTION('center_axis',(0.,0.,1.));
#14147=DIRECTION('ref_axis',(0.999999999830423,1.8416109036299E-5,0.));
#14148=DIRECTION('',(0.707106781186524,0.707106781186571,0.));
#14149=DIRECTION('center_axis',(0.,0.,1.));
#14150=DIRECTION('ref_axis',(0.707097758806145,-0.70711580345183,0.));
#14151=DIRECTION('',(1.,0.,0.));
#14152=DIRECTION('center_axis',(0.,0.,1.));
#14153=DIRECTION('ref_axis',(5.70536018542164E-8,-0.999999999999998,0.));
#14154=DIRECTION('',(1.8964663765839E-15,-1.,0.));
#14155=DIRECTION('center_axis',(0.,0.,-1.));
#14156=DIRECTION('ref_axis',(-0.707106781186548,-0.707106781186548,0.));
#14157=DIRECTION('',(1.,0.,0.));
#14158=DIRECTION('center_axis',(0.,0.,-1.));
#14159=DIRECTION('ref_axis',(0.70710678118655,-0.707106781186545,0.));
#14160=DIRECTION('',(0.,1.,0.));
#14161=DIRECTION('center_axis',(0.,0.,-1.));
#14162=DIRECTION('ref_axis',(0.535714285714294,-0.844399315538344,0.));
#14163=DIRECTION('',(0.,-1.,0.));
#14164=DIRECTION('center_axis',(0.,0.,-1.));
#14165=DIRECTION('ref_axis',(-0.535714285714268,-0.84439931553836,0.));
#14166=DIRECTION('',(8.92641627839321E-16,1.,0.));
#14167=DIRECTION('center_axis',(0.,0.,-1.));
#14168=DIRECTION('ref_axis',(0.53571428571428,0.844399315538353,0.));
#14169=DIRECTION('',(-1.2643109177226E-15,1.,0.));
#14170=DIRECTION('center_axis',(0.,0.,-1.));
#14171=DIRECTION('ref_axis',(0.707106781186548,0.707106781186548,0.));
#14172=DIRECTION('',(-1.,-6.32155458861299E-16,0.));
#14173=DIRECTION('center_axis',(0.,0.,-1.));
#14174=DIRECTION('ref_axis',(-0.707106781186548,0.707106781186548,0.));
#14175=DIRECTION('',(3.1607772943065E-16,-1.,0.));
#14176=DIRECTION('center_axis',(0.,0.,-1.));
#14177=DIRECTION('ref_axis',(-0.535714285714288,0.844399315538348,0.));
#14178=DIRECTION('center_axis',(0.,0.,-1.));
#14179=DIRECTION('ref_axis',(-0.535714285714292,0.844399315538345,0.));
#14180=DIRECTION('',(0.,-1.,0.));
#14181=DIRECTION('center_axis',(0.,0.,-1.));
#14182=DIRECTION('ref_axis',(-0.535714285714307,-0.844399315538336,0.));
#14183=DIRECTION('',(-6.32155458861299E-16,-1.,0.));
#14184=DIRECTION('center_axis',(0.,0.,-1.));
#14185=DIRECTION('ref_axis',(-0.707106781186548,-0.707106781186548,0.));
#14186=DIRECTION('',(1.,-6.32155458861299E-16,0.));
#14187=DIRECTION('center_axis',(0.,0.,-1.));
#14188=DIRECTION('ref_axis',(0.707106781186548,-0.707106781186548,0.));
#14189=DIRECTION('',(0.,1.,0.));
#14190=DIRECTION('center_axis',(0.,0.,-1.));
#14191=DIRECTION('ref_axis',(-0.535714285714288,0.844399315538348,0.));
#14192=DIRECTION('',(-2.23160406959831E-16,-1.,0.));
#14193=DIRECTION('center_axis',(0.,0.,-1.));
#14194=DIRECTION('ref_axis',(-0.535714285714292,-0.844399315538345,0.));
#14195=DIRECTION('',(-6.32155458861299E-16,-1.,0.));
#14196=DIRECTION('center_axis',(0.,0.,-1.));
#14197=DIRECTION('ref_axis',(-0.707106781186543,-0.707106781186552,0.));
#14198=DIRECTION('',(1.,6.32155458861298E-16,0.));
#14199=DIRECTION('center_axis',(0.,0.,-1.));
#14200=DIRECTION('ref_axis',(0.707106781186548,-0.707106781186548,0.));
#14201=DIRECTION('',(-3.1607772943065E-16,1.,0.));
#14202=DIRECTION('center_axis',(0.,0.,-1.));
#14203=DIRECTION('ref_axis',(-0.535714285714288,0.844399315538348,0.));
#14204=DIRECTION('',(-4.46320813919661E-16,-1.,0.));
#14205=DIRECTION('center_axis',(0.,0.,-1.));
#14206=DIRECTION('ref_axis',(-0.535714285714283,-0.844399315538351,0.));
#14207=DIRECTION('',(0.,-1.,0.));
#14208=DIRECTION('center_axis',(0.,0.,-1.));
#14209=DIRECTION('ref_axis',(-0.707106781186548,-0.707106781186548,0.));
#14210=DIRECTION('',(1.,-6.32155458861299E-16,0.));
#14211=DIRECTION('center_axis',(0.,0.,-1.));
#14212=DIRECTION('ref_axis',(0.707106781186548,-0.707106781186548,0.));
#14213=DIRECTION('',(0.,1.,0.));
#14214=DIRECTION('center_axis',(0.,0.,-1.));
#14215=DIRECTION('ref_axis',(-0.535714285714268,0.84439931553836,0.));
#14216=DIRECTION('',(0.,-1.,0.));
#14217=DIRECTION('center_axis',(0.,0.,-1.));
#14218=DIRECTION('ref_axis',(-0.535714285714292,-0.844399315538345,0.));
#14219=DIRECTION('',(-1.2643109177226E-15,-1.,0.));
#14220=DIRECTION('center_axis',(0.,0.,-1.));
#14221=DIRECTION('ref_axis',(-0.707106781186548,-0.707106781186548,0.));
#14222=DIRECTION('',(1.,6.32155458861301E-16,0.));
#14223=DIRECTION('center_axis',(0.,0.,-1.));
#14224=DIRECTION('ref_axis',(0.707106781186548,-0.707106781186548,0.));
#14225=DIRECTION('',(3.1607772943065E-15,1.,0.));
#14226=DIRECTION('',(0.,1.,0.));
#14227=DIRECTION('center_axis',(0.,0.,-1.));
#14228=DIRECTION('ref_axis',(0.535714285714288,0.844399315538348,0.));
#14229=DIRECTION('',(0.,1.,0.));
#14230=DIRECTION('center_axis',(0.,0.,-1.));
#14231=DIRECTION('ref_axis',(0.707106781186543,0.707106781186552,0.));
#14232=DIRECTION('',(-1.,-3.16077729430649E-16,0.));
#14233=DIRECTION('center_axis',(0.,0.,-1.));
#14234=DIRECTION('ref_axis',(-0.707106781186552,0.707106781186543,0.));
#14235=DIRECTION('',(0.,-1.,0.));
#14236=DIRECTION('center_axis',(0.,0.,-1.));
#14237=DIRECTION('ref_axis',(-0.535714285714292,0.844399315538345,0.));
#14238=DIRECTION('center_axis',(0.,0.,-1.));
#14239=DIRECTION('ref_axis',(0.53571428571428,-0.844399315538353,0.));
#14240=DIRECTION('',(0.,1.,0.));
#14241=DIRECTION('center_axis',(0.,0.,-1.));
#14242=DIRECTION('ref_axis',(0.535714285714293,0.844399315538344,0.));
#14243=DIRECTION('',(6.32155458861299E-16,1.,0.));
#14244=DIRECTION('center_axis',(0.,0.,-1.));
#14245=DIRECTION('ref_axis',(0.707106781186549,0.707106781186546,0.));
#14246=DIRECTION('',(-1.,0.,0.));
#14247=DIRECTION('center_axis',(0.,0.,-1.));
#14248=DIRECTION('ref_axis',(-0.707106781186549,0.707106781186546,0.));
#14249=DIRECTION('',(0.,-1.,0.));
#14250=DIRECTION('',(0.,-1.,0.));
#14251=DIRECTION('center_axis',(0.,0.,-1.));
#14252=DIRECTION('ref_axis',(-0.53571428571428,-0.844399315538353,0.));
#14253=DIRECTION('',(0.,-1.,0.));
#14254=DIRECTION('center_axis',(0.,0.,-1.));
#14255=DIRECTION('ref_axis',(-0.707106781186545,-0.70710678118655,0.));
#14256=DIRECTION('',(1.,1.58038864715325E-16,0.));
#14257=DIRECTION('center_axis',(0.,0.,-1.));
#14258=DIRECTION('ref_axis',(0.707106781186548,-0.707106781186548,0.));
#14259=DIRECTION('',(3.1607772943065E-16,1.,0.));
#14260=DIRECTION('center_axis',(0.,0.,-1.));
#14261=DIRECTION('ref_axis',(0.53571428571428,-0.844399315538353,0.));
#14262=DIRECTION('',(0.,-1.,0.));
#14263=DIRECTION('',(0.,1.,0.));
#14264=DIRECTION('center_axis',(0.,0.,-1.));
#14265=DIRECTION('ref_axis',(0.535714285714293,0.844399315538344,0.));
#14266=DIRECTION('',(-1.58038864715325E-16,1.,0.));
#14267=DIRECTION('center_axis',(0.,0.,-1.));
#14268=DIRECTION('ref_axis',(0.707106781186549,0.707106781186546,0.));
#14269=DIRECTION('',(-1.,-1.97548580894156E-17,0.));
#14270=DIRECTION('center_axis',(0.,0.,-1.));
#14271=DIRECTION('ref_axis',(-0.707106781186548,0.707106781186548,0.));
#14272=DIRECTION('',(1.58038864715325E-16,-1.,0.));
#14273=DIRECTION('center_axis',(0.,0.,-1.));
#14274=DIRECTION('ref_axis',(0.535714285714296,-0.844399315538343,0.));
#14275=DIRECTION('',(0.,1.,0.));
#14276=DIRECTION('',(-1.8964663765839E-15,-1.,0.));
#14277=DIRECTION('center_axis',(0.,0.,-1.));
#14278=DIRECTION('ref_axis',(-0.707106781186556,-0.707106781186539,0.));
#14279=DIRECTION('',(1.,0.,0.));
#14280=DIRECTION('center_axis',(0.,0.,-1.));
#14281=DIRECTION('ref_axis',(0.707106781186548,-0.707106781186548,0.));
#14282=DIRECTION('',(1.8964663765839E-15,1.,0.));
#14283=DIRECTION('center_axis',(0.,0.,-1.));
#14284=DIRECTION('ref_axis',(0.535714285714268,-0.84439931553836,0.));
#14285=DIRECTION('',(-8.92641627839321E-16,-1.,0.));
#14286=DIRECTION('center_axis',(0.,0.,-1.));
#14287=DIRECTION('ref_axis',(-0.535714285714319,-0.844399315538328,0.));
#14288=DIRECTION('',(0.,-1.,0.));
#14289=DIRECTION('center_axis',(0.,0.,-1.));
#14290=DIRECTION('ref_axis',(-0.707106781186548,-0.707106781186548,0.));
#14291=DIRECTION('',(1.,6.32155458861298E-16,0.));
#14292=DIRECTION('center_axis',(0.,0.,-1.));
#14293=DIRECTION('ref_axis',(0.707106781186548,-0.707106781186548,0.));
#14294=DIRECTION('',(-1.2643109177226E-15,1.,0.));
#14295=DIRECTION('center_axis',(0.,0.,-1.));
#14296=DIRECTION('ref_axis',(0.535714285714307,-0.844399315538336,0.));
#14297=DIRECTION('',(1.78528325567865E-15,-1.,0.));
#14298=DIRECTION('center_axis',(0.,0.,-1.));
#14299=DIRECTION('ref_axis',(-0.535714285714277,-0.844399315538354,0.));
#14300=DIRECTION('',(1.38284006625909E-16,-1.,0.));
#14301=DIRECTION('center_axis',(0.,0.,-1.));
#14302=DIRECTION('ref_axis',(-0.707106781186546,-0.707106781186549,0.));
#14303=DIRECTION('',(1.,6.32155458861299E-16,0.));
#14304=DIRECTION('center_axis',(0.,0.,-1.));
#14305=DIRECTION('ref_axis',(0.707106781186545,-0.70710678118655,0.));
#14306=DIRECTION('',(-3.1607772943065E-16,1.,0.));
#14307=DIRECTION('center_axis',(0.,0.,-1.));
#14308=DIRECTION('ref_axis',(-0.535714285714284,0.84439931553835,0.));
#14309=DIRECTION('',(0.,-1.,0.));
#14310=DIRECTION('center_axis',(0.,0.,-1.));
#14311=DIRECTION('ref_axis',(-0.535714285714282,-0.844399315538351,0.));
#14312=DIRECTION('',(-3.7929327531678E-15,-1.,0.));
#14313=DIRECTION('center_axis',(0.,0.,-1.));
#14314=DIRECTION('ref_axis',(-0.707106781186548,-0.707106781186548,0.));
#14315=DIRECTION('',(1.,2.52862183544519E-15,0.));
#14316=DIRECTION('center_axis',(0.,0.,-1.));
#14317=DIRECTION('ref_axis',(0.707106781186548,-0.707106781186548,0.));
#14318=DIRECTION('',(0.,1.,0.));
#14319=DIRECTION('center_axis',(0.,0.,-1.));
#14320=DIRECTION('ref_axis',(0.535714285714307,-0.844399315538336,0.));
#14321=DIRECTION('',(-8.92641627839323E-16,-1.,0.));
#14322=DIRECTION('center_axis',(0.,0.,-1.));
#14323=DIRECTION('ref_axis',(-0.535714285714331,-0.844399315538321,0.));
#14324=DIRECTION('',(0.,-1.,0.));
#14325=DIRECTION('center_axis',(0.,0.,-1.));
#14326=DIRECTION('ref_axis',(-0.707106781186552,-0.707106781186543,0.));
#14327=DIRECTION('',(1.,6.32155458861298E-16,0.));
#14328=DIRECTION('center_axis',(0.,0.,-1.));
#14329=DIRECTION('ref_axis',(0.707106781186552,-0.707106781186543,0.));
#14330=DIRECTION('',(-1.2643109177226E-15,1.,0.));
#14331=DIRECTION('center_axis',(0.,0.,-1.));
#14332=DIRECTION('ref_axis',(0.535714285714307,-0.844399315538336,0.));
#14333=DIRECTION('',(0.,-1.,0.));
#14334=DIRECTION('center_axis',(0.,0.,-1.));
#14335=DIRECTION('ref_axis',(-0.535714285714307,-0.844399315538336,0.));
#14336=DIRECTION('',(0.,-1.,0.));
#14337=DIRECTION('center_axis',(0.,0.,-1.));
#14338=DIRECTION('ref_axis',(-0.707106781186548,-0.707106781186548,0.));
#14339=DIRECTION('',(1.,-3.16077729430649E-16,0.));
#14340=DIRECTION('center_axis',(0.,0.,-1.));
#14341=DIRECTION('ref_axis',(0.707106781186548,-0.707106781186548,0.));
#14342=DIRECTION('',(0.,1.,0.));
#14343=DIRECTION('center_axis',(0.,0.,-1.));
#14344=DIRECTION('ref_axis',(0.535714285714306,-0.844399315538337,0.));
#14345=DIRECTION('',(0.,-1.,0.));
#14346=DIRECTION('center_axis',(0.,0.,-1.));
#14347=DIRECTION('ref_axis',(-0.535714285714306,-0.844399315538337,0.));
#14348=DIRECTION('center_axis',(0.,0.,-1.));
#14349=DIRECTION('ref_axis',(-1.,0.,0.));
#14350=DIRECTION('center_axis',(0.,0.,1.));
#14351=DIRECTION('ref_axis',(-1.,0.,0.));
#14352=DIRECTION('',(-0.857167300702112,-1.04972719113862E-16,0.515038074910054));
#14353=DIRECTION('center_axis',(0.,0.,1.));
#14354=DIRECTION('ref_axis',(-1.,0.,0.));
#14355=DIRECTION('',(0.,0.,1.));
#14356=DIRECTION('center_axis',(0.,0.,-1.));
#14357=DIRECTION('ref_axis',(-1.,0.,0.));
#14358=DIRECTION('center_axis',(0.,0.,1.));
#14359=DIRECTION('ref_axis',(-1.,0.,0.));
#14360=DIRECTION('',(-0.857167300702112,-1.04972719113862E-16,0.515038074910054));
#14361=DIRECTION('center_axis',(0.,0.,1.));
#14362=DIRECTION('ref_axis',(-1.,0.,0.));
#14363=DIRECTION('',(0.,0.,1.));
#14364=DIRECTION('center_axis',(0.,0.,-1.));
#14365=DIRECTION('ref_axis',(-1.,0.,0.));
#14366=DIRECTION('center_axis',(0.,0.,1.));
#14367=DIRECTION('ref_axis',(-1.,0.,0.));
#14368=DIRECTION('',(-0.857167300702112,-1.04972719113862E-16,0.515038074910054));
#14369=DIRECTION('center_axis',(0.,0.,1.));
#14370=DIRECTION('ref_axis',(-1.,0.,0.));
#14371=DIRECTION('',(0.,0.,1.));
#14372=DIRECTION('center_axis',(0.,0.,-1.));
#14373=DIRECTION('ref_axis',(-1.,0.,0.));
#14374=DIRECTION('center_axis',(0.,0.,1.));
#14375=DIRECTION('ref_axis',(-1.,0.,0.));
#14376=DIRECTION('',(-0.857167300702112,-1.04972719113862E-16,0.515038074910054));
#14377=DIRECTION('center_axis',(0.,0.,1.));
#14378=DIRECTION('ref_axis',(-1.,0.,0.));
#14379=DIRECTION('',(0.,0.,1.));
#14380=DIRECTION('center_axis',(0.,0.,-1.));
#14381=DIRECTION('ref_axis',(-0.0845584987380959,-0.996418516634029,0.));
#14382=DIRECTION('center_axis',(0.,0.,1.));
#14383=DIRECTION('ref_axis',(-0.0845584987380959,-0.996418516634029,0.));
#14384=DIRECTION('',(0.,0.,1.));
#14385=DIRECTION('',(0.,0.,-1.));
#14386=DIRECTION('center_axis',(0.,0.,1.));
#14387=DIRECTION('ref_axis',(-1.,0.,0.));
#14388=DIRECTION('',(0.,0.,-1.));
#14389=DIRECTION('center_axis',(0.,0.,1.));
#14390=DIRECTION('ref_axis',(-1.,0.,0.));
#14391=DIRECTION('center_axis',(0.,0.,-1.));
#14392=DIRECTION('ref_axis',(-0.707106781186561,0.707106781186534,0.));
#14393=DIRECTION('center_axis',(0.,0.,1.));
#14394=DIRECTION('ref_axis',(-0.707106781186561,0.707106781186534,0.));
#14395=DIRECTION('',(0.,0.,1.));
#14396=DIRECTION('',(0.,0.,-1.));
#14397=DIRECTION('center_axis',(5.32907051458671E-14,-1.,0.));
#14398=DIRECTION('ref_axis',(-1.,-5.32907051458671E-14,0.));
#14399=DIRECTION('',(0.,0.,-1.));
#14400=DIRECTION('',(-1.,-5.32907051458671E-14,0.));
#14401=DIRECTION('center_axis',(0.,0.,-1.));
#14402=DIRECTION('ref_axis',(0.221734898612352,0.975106986303231,0.));
#14403=DIRECTION('center_axis',(0.,0.,1.));
#14404=DIRECTION('ref_axis',(0.221734898612352,0.975106986303231,0.));
#14405=DIRECTION('',(0.,0.,1.));
#14406=DIRECTION('',(0.,0.,-1.));
#14407=DIRECTION('center_axis',(0.,0.,1.));
#14408=DIRECTION('ref_axis',(-0.473075605303939,0.881021833819294,0.));
#14409=DIRECTION('center_axis',(0.,0.,1.));
#14410=DIRECTION('ref_axis',(-0.473075605303939,0.881021833819294,0.));
#14411=DIRECTION('',(0.,0.,-1.));
#14412=DIRECTION('center_axis',(0.,0.,1.));
#14413=DIRECTION('ref_axis',(-1.,0.,0.));
#14414=DIRECTION('',(-0.473075605303905,0.881021833819312,0.));
#14415=DIRECTION('center_axis',(0.,0.,-1.));
#14416=DIRECTION('ref_axis',(6.42332073388337E-8,0.999999999999998,0.));
#14417=DIRECTION('',(0.881021845415343,-0.473075583708295,0.));
#14418=DIRECTION('center_axis',(0.,0.,1.));
#14419=DIRECTION('ref_axis',(-0.975106980868063,-0.221734922514182,0.));
#14420=DIRECTION('center_axis',(0.,0.,-1.));
#14421=DIRECTION('ref_axis',(-0.975106980868063,-0.221734922514182,0.));
#14422=DIRECTION('',(0.,0.,1.));
#14423=DIRECTION('center_axis',(0.,0.,-1.));
#14424=DIRECTION('ref_axis',(-0.221734898612354,0.975106986303231,0.));
#14425=DIRECTION('center_axis',(0.,0.,1.));
#14426=DIRECTION('ref_axis',(-0.221734898612354,0.975106986303231,0.));
#14427=DIRECTION('',(0.,0.,1.));
#14428=DIRECTION('',(0.,0.,-1.));
#14429=DIRECTION('center_axis',(0.,0.,-1.));
#14430=DIRECTION('ref_axis',(1.,0.,0.));
#14431=DIRECTION('center_axis',(0.,0.,-1.));
#14432=DIRECTION('ref_axis',(0.473075605303939,0.881021833819294,0.));
#14433=DIRECTION('center_axis',(0.,0.,1.));
#14434=DIRECTION('ref_axis',(0.975106980868063,-0.221734922514183,0.));
#14435=DIRECTION('',(-0.881021845415343,-0.473075583708295,0.));
#14436=DIRECTION('center_axis',(0.,0.,1.));
#14437=DIRECTION('ref_axis',(-6.42332073388337E-8,0.999999999999998,0.));
#14438=DIRECTION('',(0.473075605303905,0.881021833819312,0.));
#14439=DIRECTION('center_axis',(0.,0.,-1.));
#14440=DIRECTION('ref_axis',(0.473075605303939,0.881021833819294,0.));
#14441=DIRECTION('',(0.,0.,1.));
#14442=DIRECTION('center_axis',(0.,0.,-1.));
#14443=DIRECTION('ref_axis',(0.975106980868063,-0.221734922514183,0.));
#14444=DIRECTION('',(0.,0.,-1.));
#14445=DIRECTION('center_axis',(0.473075583708295,-0.881021845415343,0.));
#14446=DIRECTION('ref_axis',(-0.881021845415343,-0.473075583708295,0.));
#14447=DIRECTION('',(0.,0.,-1.));
#14448=DIRECTION('center_axis',(0.,0.,-1.));
#14449=DIRECTION('ref_axis',(0.707106781186556,0.707106781186539,0.));
#14450=DIRECTION('center_axis',(0.,0.,1.));
#14451=DIRECTION('ref_axis',(0.707106781186556,0.707106781186539,0.));
#14452=DIRECTION('',(0.,0.,1.));
#14453=DIRECTION('',(0.,0.,-1.));
#14454=DIRECTION('center_axis',(5.32907051458671E-14,1.,0.));
#14455=DIRECTION('ref_axis',(1.,-5.32907051458671E-14,0.));
#14456=DIRECTION('',(1.,-5.32907051458671E-14,0.));
#14457=DIRECTION('',(0.,0.,-1.));
#14458=DIRECTION('center_axis',(0.,0.,-1.));
#14459=DIRECTION('ref_axis',(1.,0.,0.));
#14460=DIRECTION('',(0.,-1.,0.));
#14461=DIRECTION('center_axis',(0.,0.,-1.));
#14462=DIRECTION('ref_axis',(1.,0.,0.));
#14463=DIRECTION('center_axis',(0.,0.,1.));
#14464=DIRECTION('ref_axis',(0.0845584987380989,-0.996418516634029,0.));
#14465=DIRECTION('',(-0.707094307342516,0.707119254810536,0.));
#14466=DIRECTION('center_axis',(0.,0.,1.));
#14467=DIRECTION('ref_axis',(0.999999999830423,1.84161090490573E-5,0.));
#14468=DIRECTION('',(4.89521181151559E-14,1.,0.));
#14469=DIRECTION('center_axis',(0.,0.,-1.));
#14470=DIRECTION('ref_axis',(0.0845584987380989,-0.996418516634029,0.));
#14471=DIRECTION('',(0.,0.,1.));
#14472=DIRECTION('',(0.,0.,-1.));
#14473=DIRECTION('center_axis',(-0.707119254810536,-0.707094307342516,0.));
#14474=DIRECTION('ref_axis',(-0.707094307342516,0.707119254810536,0.));
#14475=DIRECTION('',(0.,0.,-1.));
#14476=DIRECTION('center_axis',(-0.881021833819312,-0.473075605303905,0.));
#14477=DIRECTION('ref_axis',(-0.473075605303905,0.881021833819312,0.));
#14478=DIRECTION('',(0.,0.,-1.));
#14479=DIRECTION('center_axis',(0.,0.,1.));
#14480=DIRECTION('ref_axis',(6.42332073388337E-8,0.999999999999998,0.));
#14481=DIRECTION('center_axis',(0.,0.,-1.));
#14482=DIRECTION('ref_axis',(-0.999999999999998,-6.42332042180939E-8,0.));
#14483=DIRECTION('',(0.,0.,-1.));
#14484=DIRECTION('center_axis',(0.473075583708295,0.881021845415343,0.));
#14485=DIRECTION('ref_axis',(0.881021845415343,-0.473075583708295,0.));
#14486=DIRECTION('center_axis',(1.,0.,0.));
#14487=DIRECTION('ref_axis',(0.,-1.,0.));
#14488=DIRECTION('',(0.,-1.,0.));
#14489=DIRECTION('center_axis',(-1.,-4.89521181151559E-14,0.));
#14490=DIRECTION('ref_axis',(-4.89521181151559E-14,1.,0.));
#14491=DIRECTION('',(0.,1.,0.));
#14492=DIRECTION('',(0.,0.,-1.));
#14493=DIRECTION('',(-4.89521181151559E-14,1.,0.));
#14494=DIRECTION('center_axis',(0.,0.,1.));
#14495=DIRECTION('ref_axis',(-0.999999999830423,1.84161090490573E-5,0.));
#14496=DIRECTION('center_axis',(0.,0.,-1.));
#14497=DIRECTION('ref_axis',(-0.707108803015113,-0.707104759352201,0.));
#14498=DIRECTION('',(0.,0.,-1.));
#14499=DIRECTION('center_axis',(0.,0.,-1.));
#14500=DIRECTION('ref_axis',(-0.999999999830423,1.84161090490573E-5,0.));
#14501=DIRECTION('center_axis',(-0.707119254810536,0.707094307342516,0.));
#14502=DIRECTION('ref_axis',(0.707094307342516,0.707119254810536,0.));
#14503=DIRECTION('',(0.707094307342516,0.707119254810536,0.));
#14504=DIRECTION('center_axis',(0.,0.,1.));
#14505=DIRECTION('ref_axis',(-1.,0.,0.));
#14506=DIRECTION('center_axis',(-0.881021833819312,0.473075605303905,0.));
#14507=DIRECTION('ref_axis',(0.473075605303905,0.881021833819312,0.));
#14508=DIRECTION('',(0.,0.,-1.));
#14509=DIRECTION('center_axis',(1.,0.,0.));
#14510=DIRECTION('ref_axis',(0.,-1.,0.));
#14511=DIRECTION('',(0.,0.,-1.));
#14512=DIRECTION('center_axis',(0.,0.,-1.));
#14513=DIRECTION('ref_axis',(1.,0.,0.));
#14514=DIRECTION('center_axis',(0.707106781186971,0.707106781186124,0.));
#14515=DIRECTION('ref_axis',(0.707106781186124,-0.707106781186971,0.));
#14516=DIRECTION('',(0.,0.,-1.));
#14517=DIRECTION('',(0.,0.,-1.));
#14518=DIRECTION('center_axis',(0.,0.,-1.));
#14519=DIRECTION('ref_axis',(-0.707108803015113,-0.707104759352201,0.));
#14520=DIRECTION('',(0.,0.,-1.));
#14521=DIRECTION('center_axis',(1.,0.,0.));
#14522=DIRECTION('ref_axis',(0.,-1.,0.));
#14523=DIRECTION('',(0.,0.,-1.));
#14524=DIRECTION('center_axis',(0.,0.,-1.));
#14525=DIRECTION('ref_axis',(0.422878702272038,0.906186296058772,0.));
#14526=DIRECTION('',(0.,0.,-1.));
#14527=DIRECTION('center_axis',(0.415205923136251,0.909727454456868,0.));
#14528=DIRECTION('ref_axis',(0.909727454456868,-0.415205923136251,0.));
#14529=DIRECTION('',(0.,0.,1.));
#14530=DIRECTION('center_axis',(0.,0.,-1.));
#14531=DIRECTION('ref_axis',(-0.422894770809317,-0.906178797380592,0.));
#14532=DIRECTION('',(0.,0.,-1.));
#14533=DIRECTION('center_axis',(0.999999999999982,1.88057732189936E-7,0.));
#14534=DIRECTION('ref_axis',(1.88057732189936E-7,-0.999999999999982,0.));
#14535=DIRECTION('',(0.,0.,-1.));
#14536=DIRECTION('center_axis',(0.,0.,-1.));
#14537=DIRECTION('ref_axis',(-0.999999999753302,2.22125008375757E-5,0.));
#14538=DIRECTION('',(0.,0.,1.));
#14539=DIRECTION('center_axis',(0.415205923136249,-0.909727454456869,0.));
#14540=DIRECTION('ref_axis',(-0.909727454456869,-0.415205923136249,0.));
#14541=DIRECTION('',(0.,0.,-1.));
#14542=DIRECTION('center_axis',(0.,0.,-1.));
#14543=DIRECTION('ref_axis',(0.422880407702285,0.906185500204869,0.));
#14544=DIRECTION('',(0.,0.,-1.));
#14545=DIRECTION('center_axis',(0.415205923136249,0.909727454456869,0.));
#14546=DIRECTION('ref_axis',(0.909727454456869,-0.415205923136249,0.));
#14547=DIRECTION('',(0.,0.,1.));
#14548=DIRECTION('center_axis',(0.,0.,-1.));
#14549=DIRECTION('ref_axis',(-0.42290586369499,-0.906173620479207,0.));
#14550=DIRECTION('',(0.,0.,-1.));
#14551=DIRECTION('center_axis',(1.,0.,0.));
#14552=DIRECTION('ref_axis',(0.,-1.,0.));
#14553=DIRECTION('',(0.,0.,-1.));
#14554=DIRECTION('center_axis',(0.,0.,-1.));
#14555=DIRECTION('ref_axis',(-0.999999999999998,-6.42332042180939E-8,0.));
#14556=DIRECTION('',(0.,0.,-1.));
#14557=DIRECTION('center_axis',(-5.90151773887043E-17,-1.,0.));
#14558=DIRECTION('ref_axis',(-1.,5.90151773887043E-17,0.));
#14559=DIRECTION('',(0.,0.,-1.));
#14560=DIRECTION('center_axis',(0.,0.,-1.));
#14561=DIRECTION('ref_axis',(-6.42332024417368E-8,0.999999999999998,0.));
#14562=DIRECTION('',(0.,0.,-1.));
#14563=DIRECTION('center_axis',(-0.999999999999754,7.01545317145351E-7,
0.));
#14564=DIRECTION('ref_axis',(7.01545317145351E-7,0.999999999999754,0.));
#14565=DIRECTION('',(0.,0.,-1.));
#14566=DIRECTION('center_axis',(0.,0.,-1.));
#14567=DIRECTION('ref_axis',(0.999999999834416,-1.81980488827081E-5,0.));
#14568=DIRECTION('',(0.,0.,-1.));
#14569=DIRECTION('center_axis',(-0.415205923136254,0.909727454456867,0.));
#14570=DIRECTION('ref_axis',(0.909727454456867,0.415205923136254,0.));
#14571=DIRECTION('',(0.,0.,1.));
#14572=DIRECTION('center_axis',(0.,0.,-1.));
#14573=DIRECTION('ref_axis',(-0.422882542029223,-0.906184504197077,0.));
#14574=DIRECTION('',(0.,0.,1.));
#14575=DIRECTION('center_axis',(-0.415205923136254,-0.909727454456867,0.));
#14576=DIRECTION('ref_axis',(-0.909727454456867,0.415205923136254,0.));
#14577=DIRECTION('',(0.,0.,-1.));
#14578=DIRECTION('center_axis',(0.,0.,-1.));
#14579=DIRECTION('ref_axis',(0.422877241139377,0.906186977905967,0.));
#14580=DIRECTION('',(0.,0.,-1.));
#14581=DIRECTION('center_axis',(-1.,0.,0.));
#14582=DIRECTION('ref_axis',(0.,1.,0.));
#14583=DIRECTION('',(0.,0.,-1.));
#14584=DIRECTION('center_axis',(0.,0.,-1.));
#14585=DIRECTION('ref_axis',(0.999999999834416,-1.81980488827081E-5,0.));
#14586=DIRECTION('',(0.,0.,-1.));
#14587=DIRECTION('center_axis',(-0.415205923136251,0.909727454456868,0.));
#14588=DIRECTION('ref_axis',(0.909727454456868,0.415205923136251,0.));
#14589=DIRECTION('',(0.,0.,1.));
#14590=DIRECTION('center_axis',(0.,0.,-1.));
#14591=DIRECTION('ref_axis',(-0.999999999990741,4.30338279538286E-6,0.));
#14592=DIRECTION('',(0.,0.,-1.));
#14593=DIRECTION('center_axis',(-1.,0.,0.));
#14594=DIRECTION('ref_axis',(0.,1.,0.));
#14595=DIRECTION('',(0.,0.,-1.));
#14596=DIRECTION('',(0.,0.,-1.));
#14597=DIRECTION('center_axis',(0.,0.,-1.));
#14598=DIRECTION('ref_axis',(0.999999999830423,1.8416109036299E-5,0.));
#14599=DIRECTION('',(0.,0.,-1.));
#14600=DIRECTION('center_axis',(-0.707106781186571,0.707106781186524,0.));
#14601=DIRECTION('ref_axis',(0.707106781186524,0.707106781186571,0.));
#14602=DIRECTION('',(0.,0.,-1.));
#14603=DIRECTION('center_axis',(0.,0.,-1.));
#14604=DIRECTION('ref_axis',(0.707097758806145,-0.70711580345183,0.));
#14605=DIRECTION('',(0.,0.,-1.));
#14606=DIRECTION('center_axis',(0.,1.,0.));
#14607=DIRECTION('ref_axis',(1.,0.,0.));
#14608=DIRECTION('',(0.,0.,-1.));
#14609=DIRECTION('center_axis',(0.,0.,-1.));
#14610=DIRECTION('ref_axis',(5.70536018542164E-8,-0.999999999999998,0.));
#14611=DIRECTION('center_axis',(0.,0.,1.));
#14612=DIRECTION('ref_axis',(-0.535714285714288,0.844399315538348,0.));
#14613=DIRECTION('',(0.,0.,-1.));
#14614=DIRECTION('center_axis',(0.,0.,-1.));
#14615=DIRECTION('ref_axis',(-0.707106781186548,0.707106781186548,0.));
#14616=DIRECTION('',(0.,0.,-1.));
#14617=DIRECTION('',(0.,0.,1.));
#14618=DIRECTION('center_axis',(-1.,-3.1607772943065E-16,0.));
#14619=DIRECTION('ref_axis',(-3.1607772943065E-16,1.,0.));
#14620=DIRECTION('center_axis',(0.,0.,-1.));
#14621=DIRECTION('ref_axis',(-0.707106781186548,0.707106781186548,0.));
#14622=DIRECTION('',(0.,0.,-1.));
#14623=DIRECTION('',(0.,0.,1.));
#14624=DIRECTION('center_axis',(-1.,-1.58038864715325E-16,0.));
#14625=DIRECTION('ref_axis',(-1.58038864715325E-16,1.,0.));
#14626=DIRECTION('center_axis',(0.,0.,1.));
#14627=DIRECTION('ref_axis',(-0.535714285714284,0.84439931553835,0.));
#14628=DIRECTION('',(0.,0.,-1.));
#14629=DIRECTION('center_axis',(0.,0.,1.));
#14630=DIRECTION('ref_axis',(-0.535714285714292,0.844399315538345,0.));
#14631=DIRECTION('',(0.,0.,-1.));
#14632=DIRECTION('center_axis',(0.,0.,-1.));
#14633=DIRECTION('ref_axis',(-0.707106781186552,0.707106781186543,0.));
#14634=DIRECTION('',(0.,0.,-1.));
#14635=DIRECTION('',(0.,0.,1.));
#14636=DIRECTION('center_axis',(-1.,0.,0.));
#14637=DIRECTION('ref_axis',(0.,1.,0.));
#14638=DIRECTION('center_axis',(0.,0.,-1.));
#14639=DIRECTION('ref_axis',(-0.707106781186549,0.707106781186546,0.));
#14640=DIRECTION('',(0.,0.,-1.));
#14641=DIRECTION('',(0.,0.,1.));
#14642=DIRECTION('center_axis',(-1.,0.,0.));
#14643=DIRECTION('ref_axis',(0.,1.,0.));
#14644=DIRECTION('center_axis',(0.,0.,1.));
#14645=DIRECTION('ref_axis',(-0.535714285714288,0.844399315538348,0.));
#14646=DIRECTION('',(0.,0.,-1.));
#14647=DIRECTION('center_axis',(0.,0.,1.));
#14648=DIRECTION('ref_axis',(-0.535714285714288,0.844399315538348,0.));
#14649=DIRECTION('',(0.,0.,-1.));
#14650=DIRECTION('center_axis',(0.,0.,1.));
#14651=DIRECTION('ref_axis',(-0.535714285714268,0.84439931553836,0.));
#14652=DIRECTION('',(0.,0.,-1.));
#14653=DIRECTION('center_axis',(0.,0.,1.));
#14654=DIRECTION('ref_axis',(-0.535714285714292,0.844399315538345,0.));
#14655=DIRECTION('',(0.,0.,-1.));
#14656=DIRECTION('center_axis',(0.,0.,-1.));
#14657=DIRECTION('ref_axis',(0.707106781186549,0.707106781186546,0.));
#14658=DIRECTION('',(0.,0.,-1.));
#14659=DIRECTION('',(0.,0.,1.));
#14660=DIRECTION('center_axis',(0.,1.,0.));
#14661=DIRECTION('ref_axis',(1.,0.,0.));
#14662=DIRECTION('center_axis',(0.,0.,-1.));
#14663=DIRECTION('ref_axis',(0.535714285714293,0.844399315538344,0.));
#14664=DIRECTION('',(0.,0.,1.));
#14665=DIRECTION('',(0.,0.,1.));
#14666=DIRECTION('center_axis',(0.,0.,-1.));
#14667=DIRECTION('ref_axis',(0.707106781186548,0.707106781186548,0.));
#14668=DIRECTION('',(0.,0.,-1.));
#14669=DIRECTION('',(0.,0.,1.));
#14670=DIRECTION('center_axis',(-6.32155458861299E-16,1.,0.));
#14671=DIRECTION('ref_axis',(1.,6.32155458861299E-16,0.));
#14672=DIRECTION('center_axis',(0.,0.,-1.));
#14673=DIRECTION('ref_axis',(0.53571428571428,0.844399315538353,0.));
#14674=DIRECTION('',(0.,0.,1.));
#14675=DIRECTION('',(0.,0.,1.));
#14676=DIRECTION('center_axis',(0.,0.,-1.));
#14677=DIRECTION('ref_axis',(0.707106781186549,0.707106781186546,0.));
#14678=DIRECTION('',(0.,0.,-1.));
#14679=DIRECTION('',(0.,0.,1.));
#14680=DIRECTION('center_axis',(-1.97548580894156E-17,1.,0.));
#14681=DIRECTION('ref_axis',(1.,1.97548580894156E-17,0.));
#14682=DIRECTION('center_axis',(0.,0.,-1.));
#14683=DIRECTION('ref_axis',(0.535714285714293,0.844399315538344,0.));
#14684=DIRECTION('',(0.,0.,1.));
#14685=DIRECTION('',(0.,0.,1.));
#14686=DIRECTION('center_axis',(0.,0.,-1.));
#14687=DIRECTION('ref_axis',(0.707106781186543,0.707106781186552,0.));
#14688=DIRECTION('',(0.,0.,-1.));
#14689=DIRECTION('',(0.,0.,1.));
#14690=DIRECTION('center_axis',(-3.16077729430649E-16,1.,0.));
#14691=DIRECTION('ref_axis',(1.,3.16077729430649E-16,0.));
#14692=DIRECTION('center_axis',(0.,0.,-1.));
#14693=DIRECTION('ref_axis',(0.535714285714288,0.844399315538348,0.));
#14694=DIRECTION('',(0.,0.,1.));
#14695=DIRECTION('',(0.,0.,1.));
#14696=DIRECTION('center_axis',(0.,0.,1.));
#14697=DIRECTION('ref_axis',(0.535714285714268,-0.84439931553836,0.));
#14698=DIRECTION('',(0.,0.,-1.));
#14699=DIRECTION('center_axis',(0.,0.,-1.));
#14700=DIRECTION('ref_axis',(0.707106781186548,-0.707106781186548,0.));
#14701=DIRECTION('',(0.,0.,-1.));
#14702=DIRECTION('',(0.,0.,1.));
#14703=DIRECTION('center_axis',(1.,-1.8964663765839E-15,0.));
#14704=DIRECTION('ref_axis',(-1.8964663765839E-15,-1.,0.));
#14705=DIRECTION('center_axis',(0.,0.,-1.));
#14706=DIRECTION('ref_axis',(0.707106781186548,-0.707106781186548,0.));
#14707=DIRECTION('',(0.,0.,-1.));
#14708=DIRECTION('',(0.,0.,1.));
#14709=DIRECTION('center_axis',(1.,0.,0.));
#14710=DIRECTION('ref_axis',(0.,-1.,0.));
#14711=DIRECTION('center_axis',(0.,0.,-1.));
#14712=DIRECTION('ref_axis',(0.707106781186548,-0.707106781186548,0.));
#14713=DIRECTION('',(0.,0.,-1.));
#14714=DIRECTION('',(0.,0.,1.));
#14715=DIRECTION('center_axis',(1.,-3.1607772943065E-15,0.));
#14716=DIRECTION('ref_axis',(-3.1607772943065E-15,-1.,0.));
#14717=DIRECTION('center_axis',(0.,0.,-1.));
#14718=DIRECTION('ref_axis',(0.707106781186545,-0.70710678118655,0.));
#14719=DIRECTION('',(0.,0.,-1.));
#14720=DIRECTION('',(0.,0.,1.));
#14721=DIRECTION('center_axis',(1.,3.1607772943065E-16,0.));
#14722=DIRECTION('ref_axis',(3.1607772943065E-16,-1.,0.));
#14723=DIRECTION('center_axis',(0.,0.,-1.));
#14724=DIRECTION('ref_axis',(0.707106781186548,-0.707106781186548,0.));
#14725=DIRECTION('',(0.,0.,-1.));
#14726=DIRECTION('',(0.,0.,1.));
#14727=DIRECTION('center_axis',(1.,3.1607772943065E-16,0.));
#14728=DIRECTION('ref_axis',(3.1607772943065E-16,-1.,0.));
#14729=DIRECTION('center_axis',(0.,0.,-1.));
#14730=DIRECTION('ref_axis',(0.707106781186548,-0.707106781186548,0.));
#14731=DIRECTION('',(0.,0.,-1.));
#14732=DIRECTION('',(0.,0.,1.));
#14733=DIRECTION('center_axis',(1.,0.,0.));
#14734=DIRECTION('ref_axis',(0.,-1.,0.));
#14735=DIRECTION('center_axis',(0.,0.,1.));
#14736=DIRECTION('ref_axis',(0.535714285714307,-0.844399315538336,0.));
#14737=DIRECTION('',(0.,0.,-1.));
#14738=DIRECTION('center_axis',(0.,0.,-1.));
#14739=DIRECTION('ref_axis',(0.707106781186548,-0.707106781186548,0.));
#14740=DIRECTION('',(0.,0.,-1.));
#14741=DIRECTION('',(0.,0.,1.));
#14742=DIRECTION('center_axis',(1.,1.2643109177226E-15,0.));
#14743=DIRECTION('ref_axis',(1.2643109177226E-15,-1.,0.));
#14744=DIRECTION('center_axis',(0.,0.,1.));
#14745=DIRECTION('ref_axis',(0.535714285714307,-0.844399315538336,0.));
#14746=DIRECTION('',(0.,0.,-1.));
#14747=DIRECTION('center_axis',(0.,0.,-1.));
#14748=DIRECTION('ref_axis',(0.707106781186548,-0.707106781186548,0.));
#14749=DIRECTION('',(0.,0.,-1.));
#14750=DIRECTION('',(0.,0.,1.));
#14751=DIRECTION('center_axis',(1.,0.,0.));
#14752=DIRECTION('ref_axis',(0.,-1.,0.));
#14753=DIRECTION('center_axis',(0.,0.,1.));
#14754=DIRECTION('ref_axis',(0.535714285714307,-0.844399315538336,0.));
#14755=DIRECTION('',(0.,0.,-1.));
#14756=DIRECTION('center_axis',(0.,0.,-1.));
#14757=DIRECTION('ref_axis',(0.707106781186552,-0.707106781186543,0.));
#14758=DIRECTION('',(0.,0.,-1.));
#14759=DIRECTION('',(0.,0.,1.));
#14760=DIRECTION('center_axis',(1.,1.2643109177226E-15,0.));
#14761=DIRECTION('ref_axis',(1.2643109177226E-15,-1.,0.));
#14762=DIRECTION('center_axis',(0.,0.,1.));
#14763=DIRECTION('ref_axis',(0.535714285714306,-0.844399315538337,0.));
#14764=DIRECTION('',(0.,0.,-1.));
#14765=DIRECTION('center_axis',(0.,0.,-1.));
#14766=DIRECTION('ref_axis',(0.707106781186548,-0.707106781186548,0.));
#14767=DIRECTION('',(0.,0.,-1.));
#14768=DIRECTION('',(0.,0.,1.));
#14769=DIRECTION('center_axis',(1.,0.,0.));
#14770=DIRECTION('ref_axis',(0.,-1.,0.));
#14771=DIRECTION('center_axis',(0.,0.,1.));
#14772=DIRECTION('ref_axis',(0.53571428571428,-0.844399315538353,0.));
#14773=DIRECTION('',(0.,0.,-1.));
#14774=DIRECTION('center_axis',(0.,0.,1.));
#14775=DIRECTION('ref_axis',(0.535714285714294,-0.844399315538344,0.));
#14776=DIRECTION('',(0.,0.,-1.));
#14777=DIRECTION('center_axis',(0.,0.,-1.));
#14778=DIRECTION('ref_axis',(0.70710678118655,-0.707106781186545,0.));
#14779=DIRECTION('',(0.,0.,-1.));
#14780=DIRECTION('',(0.,0.,1.));
#14781=DIRECTION('center_axis',(1.,0.,0.));
#14782=DIRECTION('ref_axis',(0.,-1.,0.));
#14783=DIRECTION('center_axis',(0.,0.,1.));
#14784=DIRECTION('ref_axis',(0.53571428571428,-0.844399315538353,0.));
#14785=DIRECTION('',(0.,0.,-1.));
#14786=DIRECTION('center_axis',(0.,0.,-1.));
#14787=DIRECTION('ref_axis',(0.707106781186548,-0.707106781186548,0.));
#14788=DIRECTION('',(0.,0.,-1.));
#14789=DIRECTION('',(0.,0.,1.));
#14790=DIRECTION('center_axis',(1.,-3.1607772943065E-16,0.));
#14791=DIRECTION('ref_axis',(-3.1607772943065E-16,-1.,0.));
#14792=DIRECTION('center_axis',(0.,0.,1.));
#14793=DIRECTION('ref_axis',(0.535714285714296,-0.844399315538343,0.));
#14794=DIRECTION('',(0.,0.,-1.));
#14795=DIRECTION('center_axis',(0.,0.,-1.));
#14796=DIRECTION('ref_axis',(-0.535714285714307,-0.844399315538336,0.));
#14797=DIRECTION('',(0.,0.,1.));
#14798=DIRECTION('',(0.,0.,1.));
#14799=DIRECTION('center_axis',(0.,0.,-1.));
#14800=DIRECTION('ref_axis',(-0.707106781186548,-0.707106781186548,0.));
#14801=DIRECTION('',(0.,0.,-1.));
#14802=DIRECTION('',(0.,0.,1.));
#14803=DIRECTION('center_axis',(-6.32155458861299E-16,-1.,0.));
#14804=DIRECTION('ref_axis',(-1.,6.32155458861299E-16,0.));
#14805=DIRECTION('center_axis',(0.,0.,-1.));
#14806=DIRECTION('ref_axis',(-0.535714285714292,-0.844399315538345,0.));
#14807=DIRECTION('',(0.,0.,1.));
#14808=DIRECTION('',(0.,0.,1.));
#14809=DIRECTION('center_axis',(0.,0.,-1.));
#14810=DIRECTION('ref_axis',(-0.707106781186548,-0.707106781186548,0.));
#14811=DIRECTION('',(0.,0.,-1.));
#14812=DIRECTION('',(0.,0.,1.));
#14813=DIRECTION('center_axis',(6.32155458861301E-16,-1.,0.));
#14814=DIRECTION('ref_axis',(-1.,-6.32155458861301E-16,0.));
#14815=DIRECTION('center_axis',(0.,0.,-1.));
#14816=DIRECTION('ref_axis',(-0.535714285714282,-0.844399315538351,0.));
#14817=DIRECTION('',(0.,0.,1.));
#14818=DIRECTION('',(0.,0.,1.));
#14819=DIRECTION('center_axis',(0.,0.,-1.));
#14820=DIRECTION('ref_axis',(-0.707106781186546,-0.707106781186549,0.));
#14821=DIRECTION('',(0.,0.,-1.));
#14822=DIRECTION('',(0.,0.,1.));
#14823=DIRECTION('center_axis',(6.32155458861299E-16,-1.,0.));
#14824=DIRECTION('ref_axis',(-1.,-6.32155458861299E-16,0.));
#14825=DIRECTION('center_axis',(0.,0.,-1.));
#14826=DIRECTION('ref_axis',(-0.535714285714292,-0.844399315538345,0.));
#14827=DIRECTION('',(0.,0.,1.));
#14828=DIRECTION('',(0.,0.,1.));
#14829=DIRECTION('center_axis',(0.,0.,-1.));
#14830=DIRECTION('ref_axis',(-0.707106781186543,-0.707106781186552,0.));
#14831=DIRECTION('',(0.,0.,-1.));
#14832=DIRECTION('',(0.,0.,1.));
#14833=DIRECTION('center_axis',(6.32155458861298E-16,-1.,0.));
#14834=DIRECTION('ref_axis',(-1.,-6.32155458861298E-16,0.));
#14835=DIRECTION('center_axis',(0.,0.,-1.));
#14836=DIRECTION('ref_axis',(-0.535714285714283,-0.844399315538351,0.));
#14837=DIRECTION('',(0.,0.,1.));
#14838=DIRECTION('',(0.,0.,1.));
#14839=DIRECTION('center_axis',(0.,0.,-1.));
#14840=DIRECTION('ref_axis',(-0.707106781186548,-0.707106781186548,0.));
#14841=DIRECTION('',(0.,0.,-1.));
#14842=DIRECTION('',(0.,0.,1.));
#14843=DIRECTION('center_axis',(-6.32155458861299E-16,-1.,0.));
#14844=DIRECTION('ref_axis',(-1.,6.32155458861299E-16,0.));
#14845=DIRECTION('center_axis',(0.,0.,-1.));
#14846=DIRECTION('ref_axis',(-0.535714285714277,-0.844399315538354,0.));
#14847=DIRECTION('',(0.,0.,1.));
#14848=DIRECTION('',(0.,0.,1.));
#14849=DIRECTION('center_axis',(0.,0.,-1.));
#14850=DIRECTION('ref_axis',(-0.707106781186548,-0.707106781186548,0.));
#14851=DIRECTION('',(0.,0.,-1.));
#14852=DIRECTION('',(0.,0.,1.));
#14853=DIRECTION('center_axis',(6.32155458861298E-16,-1.,0.));
#14854=DIRECTION('ref_axis',(-1.,-6.32155458861298E-16,0.));
#14855=DIRECTION('center_axis',(0.,0.,-1.));
#14856=DIRECTION('ref_axis',(-0.535714285714331,-0.844399315538321,0.));
#14857=DIRECTION('',(0.,0.,1.));
#14858=DIRECTION('',(0.,0.,1.));
#14859=DIRECTION('center_axis',(0.,0.,-1.));
#14860=DIRECTION('ref_axis',(-0.707106781186548,-0.707106781186548,0.));
#14861=DIRECTION('',(0.,0.,-1.));
#14862=DIRECTION('',(0.,0.,1.));
#14863=DIRECTION('center_axis',(2.52862183544519E-15,-1.,0.));
#14864=DIRECTION('ref_axis',(-1.,-2.52862183544519E-15,0.));
#14865=DIRECTION('center_axis',(0.,0.,-1.));
#14866=DIRECTION('ref_axis',(-0.535714285714307,-0.844399315538336,0.));
#14867=DIRECTION('',(0.,0.,1.));
#14868=DIRECTION('',(0.,0.,1.));
#14869=DIRECTION('center_axis',(0.,0.,-1.));
#14870=DIRECTION('ref_axis',(-0.535714285714319,-0.844399315538328,0.));
#14871=DIRECTION('',(0.,0.,1.));
#14872=DIRECTION('',(0.,0.,1.));
#14873=DIRECTION('center_axis',(0.,0.,-1.));
#14874=DIRECTION('ref_axis',(-0.707106781186556,-0.707106781186539,0.));
#14875=DIRECTION('',(0.,0.,-1.));
#14876=DIRECTION('',(0.,0.,1.));
#14877=DIRECTION('center_axis',(0.,-1.,0.));
#14878=DIRECTION('ref_axis',(-1.,0.,0.));
#14879=DIRECTION('center_axis',(0.,0.,-1.));
#14880=DIRECTION('ref_axis',(-0.707106781186552,-0.707106781186543,0.));
#14881=DIRECTION('',(0.,0.,-1.));
#14882=DIRECTION('',(0.,0.,1.));
#14883=DIRECTION('center_axis',(6.32155458861298E-16,-1.,0.));
#14884=DIRECTION('ref_axis',(-1.,-6.32155458861298E-16,0.));
#14885=DIRECTION('center_axis',(0.,0.,-1.));
#14886=DIRECTION('ref_axis',(-0.707106781186548,-0.707106781186548,0.));
#14887=DIRECTION('',(0.,0.,-1.));
#14888=DIRECTION('',(0.,0.,1.));
#14889=DIRECTION('center_axis',(-3.16077729430649E-16,-1.,0.));
#14890=DIRECTION('ref_axis',(-1.,3.16077729430649E-16,0.));
#14891=DIRECTION('center_axis',(0.,0.,-1.));
#14892=DIRECTION('ref_axis',(-0.707106781186548,-0.707106781186548,0.));
#14893=DIRECTION('',(0.,0.,-1.));
#14894=DIRECTION('',(0.,0.,1.));
#14895=DIRECTION('center_axis',(0.,-1.,0.));
#14896=DIRECTION('ref_axis',(-1.,0.,0.));
#14897=DIRECTION('center_axis',(0.,0.,-1.));
#14898=DIRECTION('ref_axis',(-0.707106781186545,-0.70710678118655,0.));
#14899=DIRECTION('',(0.,0.,-1.));
#14900=DIRECTION('',(0.,0.,1.));
#14901=DIRECTION('center_axis',(1.58038864715325E-16,-1.,0.));
#14902=DIRECTION('ref_axis',(-1.,-1.58038864715325E-16,0.));
#14903=DIRECTION('center_axis',(0.,0.,-1.));
#14904=DIRECTION('ref_axis',(-0.53571428571428,-0.844399315538353,0.));
#14905=DIRECTION('',(0.,0.,1.));
#14906=DIRECTION('',(0.,0.,1.));
#14907=DIRECTION('center_axis',(0.,0.,-1.));
#14908=DIRECTION('ref_axis',(-0.535714285714268,-0.84439931553836,0.));
#14909=DIRECTION('',(0.,0.,1.));
#14910=DIRECTION('',(0.,0.,1.));
#14911=DIRECTION('center_axis',(0.,0.,-1.));
#14912=DIRECTION('ref_axis',(-0.535714285714306,-0.844399315538337,0.));
#14913=DIRECTION('',(0.,0.,1.));
#14914=DIRECTION('',(0.,0.,1.));
#14915=DIRECTION('center_axis',(-1.,0.,0.));
#14916=DIRECTION('ref_axis',(0.,-1.,0.));
#14917=DIRECTION('center_axis',(1.,-8.92641627839321E-16,0.));
#14918=DIRECTION('ref_axis',(8.92641627839321E-16,1.,0.));
#14919=DIRECTION('center_axis',(-1.,0.,0.));
#14920=DIRECTION('ref_axis',(0.,-1.,0.));
#14921=DIRECTION('center_axis',(-1.,2.23160406959831E-16,0.));
#14922=DIRECTION('ref_axis',(-2.23160406959831E-16,-1.,0.));
#14923=DIRECTION('center_axis',(-1.,4.46320813919661E-16,0.));
#14924=DIRECTION('ref_axis',(-4.46320813919661E-16,-1.,0.));
#14925=DIRECTION('center_axis',(-1.,0.,0.));
#14926=DIRECTION('ref_axis',(0.,-1.,0.));
#14927=DIRECTION('center_axis',(1.,0.,0.));
#14928=DIRECTION('ref_axis',(0.,1.,0.));
#14929=DIRECTION('center_axis',(1.,0.,0.));
#14930=DIRECTION('ref_axis',(0.,1.,0.));
#14931=DIRECTION('center_axis',(-1.,0.,0.));
#14932=DIRECTION('ref_axis',(0.,-1.,0.));
#14933=DIRECTION('center_axis',(-1.,8.92641627839321E-16,0.));
#14934=DIRECTION('ref_axis',(-8.92641627839321E-16,-1.,0.));
#14935=DIRECTION('center_axis',(-1.,-1.78528325567865E-15,0.));
#14936=DIRECTION('ref_axis',(1.78528325567865E-15,-1.,0.));
#14937=DIRECTION('center_axis',(-1.,0.,0.));
#14938=DIRECTION('ref_axis',(0.,-1.,0.));
#14939=DIRECTION('center_axis',(-1.,8.92641627839323E-16,0.));
#14940=DIRECTION('ref_axis',(-8.92641627839323E-16,-1.,0.));
#14941=DIRECTION('center_axis',(-1.,0.,0.));
#14942=DIRECTION('ref_axis',(0.,-1.,0.));
#14943=DIRECTION('center_axis',(1.,0.,0.));
#14944=DIRECTION('ref_axis',(0.,1.,0.));
#14945=DIRECTION('center_axis',(-1.,0.,0.));
#14946=DIRECTION('ref_axis',(0.,-1.,0.));
#14947=DIRECTION('center_axis',(1.,0.,0.));
#14948=DIRECTION('ref_axis',(0.,-1.,0.));
#14949=DIRECTION('center_axis',(1.,1.58038864715325E-16,0.));
#14950=DIRECTION('ref_axis',(1.58038864715325E-16,-1.,0.));
#14951=DIRECTION('center_axis',(-1.,1.2643109177226E-15,0.));
#14952=DIRECTION('ref_axis',(1.2643109177226E-15,1.,0.));
#14953=DIRECTION('center_axis',(-1.,0.,0.));
#14954=DIRECTION('ref_axis',(0.,1.,0.));
#14955=DIRECTION('center_axis',(1.,1.2643109177226E-15,0.));
#14956=DIRECTION('ref_axis',(1.2643109177226E-15,-1.,0.));
#14957=DIRECTION('center_axis',(-1.,0.,0.));
#14958=DIRECTION('ref_axis',(0.,1.,0.));
#14959=DIRECTION('center_axis',(-1.,-1.8964663765839E-15,0.));
#14960=DIRECTION('ref_axis',(-1.8964663765839E-15,1.,0.));
#14961=DIRECTION('center_axis',(-1.,3.7929327531678E-15,0.));
#14962=DIRECTION('ref_axis',(3.7929327531678E-15,1.,0.));
#14963=DIRECTION('center_axis',(1.,-6.32155458861299E-16,0.));
#14964=DIRECTION('ref_axis',(-6.32155458861299E-16,-1.,0.));
#14965=DIRECTION('center_axis',(-1.,6.32155458861299E-16,0.));
#14966=DIRECTION('ref_axis',(6.32155458861299E-16,1.,0.));
#14967=DIRECTION('center_axis',(-1.,6.32155458861299E-16,0.));
#14968=DIRECTION('ref_axis',(6.32155458861299E-16,1.,0.));
#14969=DIRECTION('center_axis',(-1.,1.8964663765839E-15,0.));
#14970=DIRECTION('ref_axis',(1.8964663765839E-15,1.,0.));
#14971=DIRECTION('center_axis',(-1.,0.,0.));
#14972=DIRECTION('ref_axis',(0.,1.,0.));
#14973=DIRECTION('center_axis',(-1.,-1.38284006625909E-16,0.));
#14974=DIRECTION('ref_axis',(-1.38284006625909E-16,1.,0.));
#14975=DIRECTION('center_axis',(-1.,0.,0.));
#14976=DIRECTION('ref_axis',(0.,1.,0.));
#14977=DIRECTION('center_axis',(-1.,0.,0.));
#14978=DIRECTION('ref_axis',(0.,1.,0.));
#14979=DIRECTION('center_axis',(1.,0.,0.));
#14980=DIRECTION('ref_axis',(0.,1.,0.));
#14981=DIRECTION('',(0.,0.,-1.));
#14982=DIRECTION('',(0.,0.,1.));
#14983=DIRECTION('center_axis',(0.,0.,1.));
#14984=DIRECTION('ref_axis',(0.,-1.,0.));
#14985=DIRECTION('',(0.,0.,1.));
#14986=DIRECTION('center_axis',(0.,-1.,0.));
#14987=DIRECTION('ref_axis',(1.,0.,0.));
#14988=DIRECTION('',(0.,0.,1.));
#14989=DIRECTION('center_axis',(0.,0.,1.));
#14990=DIRECTION('ref_axis',(-1.,0.,0.));
#14991=DIRECTION('',(0.,0.,1.));
#14992=DIRECTION('center_axis',(-1.,-1.33889836430675E-16,0.));
#14993=DIRECTION('ref_axis',(1.33889836430675E-16,-1.,0.));
#14994=DIRECTION('',(0.,0.,1.));
#14995=DIRECTION('center_axis',(0.,0.,1.));
#14996=DIRECTION('ref_axis',(-3.19189119579733E-15,1.,0.));
#14997=DIRECTION('center_axis',(0.,0.,1.));
#14998=DIRECTION('ref_axis',(1.,2.05963378428265E-15,0.));
#14999=DIRECTION('',(0.,0.,1.));
#15000=DIRECTION('',(1.,0.,0.));
#15001=DIRECTION('center_axis',(0.,0.,1.));
#15002=DIRECTION('ref_axis',(1.,0.,0.));
#15003=CARTESIAN_POINT('',(0.,0.,0.));
#15004=CARTESIAN_POINT('',(0.,0.,0.));
#15005=CARTESIAN_POINT('Origin',(14.95,-51.3839204791232,3.95));
#15006=CARTESIAN_POINT('',(15.325,-51.975,3.7));
#15007=CARTESIAN_POINT('',(15.7747030604782,-52.2556227574487,4.2));
#15008=CARTESIAN_POINT('Ctrl Pts',(15.325,-51.975,3.7));
#15009=CARTESIAN_POINT('Ctrl Pts',(15.3567957750746,-52.004172472408,3.74166666666667));
#15010=CARTESIAN_POINT('Ctrl Pts',(15.3901394904752,-52.0320433145097,3.78333333333333));
#15011=CARTESIAN_POINT('Ctrl Pts',(15.4597386596564,-52.084957196904,3.86666666666667));
#15012=CARTESIAN_POINT('Ctrl Pts',(15.4959940901377,-52.110000208197,3.90833333333333));
#15013=CARTESIAN_POINT('Ctrl Pts',(15.5712181973439,-52.1570456979974,3.99166666666667));
#15014=CARTESIAN_POINT('Ctrl Pts',(15.6101868491207,-52.1790481488781,4.03333333333333));
#15015=CARTESIAN_POINT('Ctrl Pts',(15.6906253240762,-52.2198125074172,4.11666666666667));
#15016=CARTESIAN_POINT('Ctrl Pts',(15.7320951207368,-52.2385743889126,4.15833333333333));
#15017=CARTESIAN_POINT('Ctrl Pts',(15.7747030604782,-52.2556227574487,4.2));
#15018=CARTESIAN_POINT('',(16.15,-51.3839204791232,4.2));
#15019=CARTESIAN_POINT('Origin',(14.95,-51.3839204791232,4.2));
#15020=CARTESIAN_POINT('',(15.65,-51.3839204791232,3.7));
#15021=CARTESIAN_POINT('',(16.15,-51.3839204791232,4.2));
#15022=CARTESIAN_POINT('Origin',(14.95,-51.3839204791232,3.7));
#15023=CARTESIAN_POINT('Origin',(15.9,-44.3875,3.95));
#15024=CARTESIAN_POINT('',(16.15,-42.6160795208769,4.2));
#15025=CARTESIAN_POINT('',(16.15,-44.3875,4.2));
#15026=CARTESIAN_POINT('',(15.65,-42.6160795208769,3.7));
#15027=CARTESIAN_POINT('',(16.15,-42.6160795208769,4.2));
#15028=CARTESIAN_POINT('',(15.65,-44.3875,3.7));
#15029=CARTESIAN_POINT('Origin',(14.95,-42.6160795208769,3.95));
#15030=CARTESIAN_POINT('',(15.325,-42.025,3.7));
#15031=CARTESIAN_POINT('Origin',(14.95,-42.6160795208769,3.7));
#15032=CARTESIAN_POINT('',(15.825,-41.794876135594,4.2));
#15033=CARTESIAN_POINT('Origin',(14.95,-42.6160795208769,4.2));
#15034=CARTESIAN_POINT('Ctrl Pts',(15.825,-41.794876135594,4.2));
#15035=CARTESIAN_POINT('Ctrl Pts',(15.6608533210187,-41.859838934853,4.03585332101872));
#15036=CARTESIAN_POINT('Ctrl Pts',(15.4842348756259,-41.9374460707053,3.85923487562589));
#15037=CARTESIAN_POINT('Ctrl Pts',(15.325,-42.025,3.7));
#15038=CARTESIAN_POINT('Origin',(15.575,-38.0375,3.95));
#15039=CARTESIAN_POINT('',(15.325,-52.625,3.7));
#15040=CARTESIAN_POINT('',(15.325,-38.0375,3.7));
#15041=CARTESIAN_POINT('',(15.825,-52.625,4.2));
#15042=CARTESIAN_POINT('',(15.325,-52.625,3.7));
#15043=CARTESIAN_POINT('',(15.825,-38.0375,4.2));
#15044=CARTESIAN_POINT('Origin',(14.625,-52.625,3.95));
#15045=CARTESIAN_POINT('',(14.625,-53.325,3.7));
#15046=CARTESIAN_POINT('Origin',(14.625,-52.625,3.7));
#15047=CARTESIAN_POINT('',(14.625,-53.825,4.2));
#15048=CARTESIAN_POINT('',(14.625,-53.325,3.7));
#15049=CARTESIAN_POINT('Origin',(14.625,-52.625,4.2));
#15050=CARTESIAN_POINT('Origin',(31.5625,-53.575,3.95));
#15051=CARTESIAN_POINT('',(1.975,-53.325,3.7));
#15052=CARTESIAN_POINT('',(1.975,-53.825,4.2));
#15053=CARTESIAN_POINT('',(1.975,-53.325,3.7));
#15054=CARTESIAN_POINT('',(31.5625,-53.825,4.2));
#15055=CARTESIAN_POINT('',(31.5625,-53.325,3.7));
#15056=CARTESIAN_POINT('Origin',(1.975,-52.625,3.95));
#15057=CARTESIAN_POINT('',(1.275,-52.625,3.7));
#15058=CARTESIAN_POINT('Origin',(1.975,-52.625,3.7));
#15059=CARTESIAN_POINT('',(0.775000000000001,-52.625,4.2));
#15060=CARTESIAN_POINT('',(1.275,-52.625,3.7));
#15061=CARTESIAN_POINT('Origin',(1.975,-52.625,4.2));
#15062=CARTESIAN_POINT('Origin',(1.025,-45.0625,3.95));
#15063=CARTESIAN_POINT('',(0.775000000000007,-52.205123864406,4.2));
#15064=CARTESIAN_POINT('',(0.775000000000006,-45.0625,4.2));
#15065=CARTESIAN_POINT('',(1.275,-51.975,3.7));
#15066=CARTESIAN_POINT('',(1.275,-45.0625,3.7));
#15067=CARTESIAN_POINT('Ctrl Pts',(0.775000000000007,-52.205123864406,4.2));
#15068=CARTESIAN_POINT('Ctrl Pts',(0.939146678981335,-52.140161065147,4.03585332101867));
#15069=CARTESIAN_POINT('Ctrl Pts',(1.11576512437413,-52.0625539292947,3.85923487562587));
#15070=CARTESIAN_POINT('Ctrl Pts',(1.275,-51.975,3.7));
#15071=CARTESIAN_POINT('Origin',(1.025,-45.0625,3.95));
#15072=CARTESIAN_POINT('',(1.275,-42.025,3.7));
#15073=CARTESIAN_POINT('',(1.275,-39.975,3.7));
#15074=CARTESIAN_POINT('',(1.275,-45.0625,3.7));
#15075=CARTESIAN_POINT('',(0.775000000000005,-39.975,4.2));
#15076=CARTESIAN_POINT('',(1.275,-39.975,3.7));
#15077=CARTESIAN_POINT('',(0.775000000000006,-41.794876135594,4.2));
#15078=CARTESIAN_POINT('',(0.775000000000006,-45.0625,4.2));
#15079=CARTESIAN_POINT('Ctrl Pts',(0.775000000000006,-41.794876135594,4.2));
#15080=CARTESIAN_POINT('Ctrl Pts',(0.939146678981324,-41.859838934853,4.03585332101868));
#15081=CARTESIAN_POINT('Ctrl Pts',(1.11576512437413,-41.9374460707053,3.85923487562587));
#15082=CARTESIAN_POINT('Ctrl Pts',(1.275,-42.025,3.7));
#15083=CARTESIAN_POINT('Origin',(1.975,-39.975,3.95));
#15084=CARTESIAN_POINT('',(1.975,-39.275,3.7));
#15085=CARTESIAN_POINT('Origin',(1.975,-39.975,3.7));
#15086=CARTESIAN_POINT('',(1.975,-38.775,4.2));
#15087=CARTESIAN_POINT('',(1.975,-39.275,3.7));
#15088=CARTESIAN_POINT('Origin',(1.975,-39.975,4.2));
#15089=CARTESIAN_POINT('Origin',(24.5375,-39.025,3.95));
#15090=CARTESIAN_POINT('',(14.625,-39.275,3.7));
#15091=CARTESIAN_POINT('',(14.625,-38.775,4.2));
#15092=CARTESIAN_POINT('',(14.625,-39.275,3.7));
#15093=CARTESIAN_POINT('',(24.5375,-38.775,4.2));
#15094=CARTESIAN_POINT('',(24.5375,-39.275,3.7));
#15095=CARTESIAN_POINT('Origin',(14.625,-39.975,3.95));
#15096=CARTESIAN_POINT('',(15.325,-39.975,3.7));
#15097=CARTESIAN_POINT('Origin',(14.625,-39.975,3.7));
#15098=CARTESIAN_POINT('',(15.825,-39.975,4.2));
#15099=CARTESIAN_POINT('',(15.325,-39.975,3.7));
#15100=CARTESIAN_POINT('Origin',(14.625,-39.975,4.2));
#15101=CARTESIAN_POINT('Origin',(15.575,-38.0375,3.95));
#15102=CARTESIAN_POINT('',(15.825,-38.0375,4.2));
#15103=CARTESIAN_POINT('',(15.325,-38.0375,3.7));
#15104=CARTESIAN_POINT('Origin',(1.65,-42.6160795208769,3.95));
#15105=CARTESIAN_POINT('',(0.449999999999997,-42.6160795208769,4.2));
#15106=CARTESIAN_POINT('Origin',(1.65,-42.6160795208769,4.2));
#15107=CARTESIAN_POINT('',(0.949999999999995,-42.6160795208769,3.7));
#15108=CARTESIAN_POINT('',(0.449999999999997,-42.6160795208769,4.2));
#15109=CARTESIAN_POINT('Origin',(1.65,-42.6160795208769,3.7));
#15110=CARTESIAN_POINT('Origin',(0.699999999999997,-39.4125,3.95));
#15111=CARTESIAN_POINT('',(0.449999999999999,-51.3839204791232,4.2));
#15112=CARTESIAN_POINT('',(0.449999999999999,-39.4125,4.2));
#15113=CARTESIAN_POINT('',(0.949999999999995,-51.3839204791232,3.7));
#15114=CARTESIAN_POINT('',(0.449999999999999,-51.3839204791232,4.2));
#15115=CARTESIAN_POINT('',(0.949999999999995,-39.4125,3.7));
#15116=CARTESIAN_POINT('Origin',(1.65,-51.3839204791232,3.95));
#15117=CARTESIAN_POINT('Origin',(1.65,-51.3839204791232,3.7));
#15118=CARTESIAN_POINT('Origin',(1.65,-51.3839204791232,4.2));
#15119=CARTESIAN_POINT('Origin',(14.95,-51.3839204791232,3.05));
#15120=CARTESIAN_POINT('',(15.65,-51.3839204791232,1.9));
#15121=CARTESIAN_POINT('',(15.65,-51.3839204791232,3.05));
#15122=CARTESIAN_POINT('',(15.325,-51.975,1.9));
#15123=CARTESIAN_POINT('Origin',(14.95,-51.3839204791232,1.9));
#15124=CARTESIAN_POINT('',(15.325,-51.975,3.05));
#15125=CARTESIAN_POINT('Origin',(15.65,-51.975,1.9));
#15126=CARTESIAN_POINT('',(15.65,-42.6160795208769,1.9));
#15127=CARTESIAN_POINT('',(15.65,-42.6160795208769,3.05));
#15128=CARTESIAN_POINT('',(15.65,-44.3875,1.9));
#15129=CARTESIAN_POINT('Origin',(14.95,-42.6160795208769,3.05));
#15130=CARTESIAN_POINT('',(15.325,-42.025,1.9));
#15131=CARTESIAN_POINT('',(15.325,-42.025,3.05));
#15132=CARTESIAN_POINT('Origin',(14.95,-42.6160795208769,1.9));
#15133=CARTESIAN_POINT('Origin',(15.325,-39.275,4.2));
#15134=CARTESIAN_POINT('',(15.325,-39.975,1.9));
#15135=CARTESIAN_POINT('',(15.325,-39.975,4.2));
#15136=CARTESIAN_POINT('',(15.325,-38.0375,1.9));
#15137=CARTESIAN_POINT('Origin',(14.625,-39.975,4.2));
#15138=CARTESIAN_POINT('',(14.625,-39.275,1.9));
#15139=CARTESIAN_POINT('',(14.625,-39.275,4.2));
#15140=CARTESIAN_POINT('Origin',(14.625,-39.975,1.9));
#15141=CARTESIAN_POINT('Origin',(1.275,-39.275,4.2));
#15142=CARTESIAN_POINT('',(1.975,-39.275,1.9));
#15143=CARTESIAN_POINT('',(1.975,-39.275,4.2));
#15144=CARTESIAN_POINT('',(24.5375,-39.275,1.9));
#15145=CARTESIAN_POINT('Origin',(1.975,-39.975,4.2));
#15146=CARTESIAN_POINT('',(1.275,-39.975,1.9));
#15147=CARTESIAN_POINT('',(1.275,-39.975,4.2));
#15148=CARTESIAN_POINT('Origin',(1.975,-39.975,1.9));
#15149=CARTESIAN_POINT('Origin',(1.275,-53.325,4.2));
#15150=CARTESIAN_POINT('',(1.275,-42.025,1.9));
#15151=CARTESIAN_POINT('',(1.275,-42.025,3.05));
#15152=CARTESIAN_POINT('',(1.275,-45.0625,1.9));
#15153=CARTESIAN_POINT('Origin',(47.8,-36.8,4.2));
#15154=CARTESIAN_POINT('',(96.6,-2.20343868895221E-17,4.2));
#15155=CARTESIAN_POINT('',(95.6,0.999999999999994,4.2));
#15156=CARTESIAN_POINT('Origin',(95.6,-2.08166817117217E-15,4.2));
#15157=CARTESIAN_POINT('',(0.,0.999999999999996,4.2));
#15158=CARTESIAN_POINT('',(95.6,0.999999999999996,4.2));
#15159=CARTESIAN_POINT('',(-0.999999999999996,-3.74128151938379E-15,4.2));
#15160=CARTESIAN_POINT('Origin',(3.19189119579733E-15,-3.05311331771918E-15,
4.2));
#15161=CARTESIAN_POINT('',(-0.999999999999979,-65.3,4.2));
#15162=CARTESIAN_POINT('',(-0.999999999999996,-3.74128151938379E-15,4.2));
#15163=CARTESIAN_POINT('',(8.30000000000002,-74.6,4.2));
#15164=CARTESIAN_POINT('Origin',(8.30000000000001,-65.3,4.2));
#15165=CARTESIAN_POINT('',(87.3,-74.6,4.2));
#15166=CARTESIAN_POINT('',(8.30000000000001,-74.6,4.2));
#15167=CARTESIAN_POINT('',(96.6,-65.3,4.2));
#15168=CARTESIAN_POINT('Origin',(87.3,-65.3,4.2));
#15169=CARTESIAN_POINT('',(96.6,-65.3,4.2));
#15170=CARTESIAN_POINT('',(79.8252969395218,-2.3443772425513,4.2));
#15171=CARTESIAN_POINT('',(79.45,-3.21607952087683,4.2));
#15172=CARTESIAN_POINT('Origin',(80.65,-3.21607952087683,4.2));
#15173=CARTESIAN_POINT('',(79.775,-1.97499999999999,4.2));
#15174=CARTESIAN_POINT('',(79.775,-26.0625,4.2));
#15175=CARTESIAN_POINT('',(80.975,-0.774999999999997,4.2));
#15176=CARTESIAN_POINT('Origin',(80.975,-1.975,4.2));
#15177=CARTESIAN_POINT('',(93.625,-0.774999999999995,4.2));
#15178=CARTESIAN_POINT('',(64.0375,-0.774999999999995,4.2));
#15179=CARTESIAN_POINT('',(94.825,-1.975,4.2));
#15180=CARTESIAN_POINT('Origin',(93.625,-1.975,4.2));
#15181=CARTESIAN_POINT('',(94.825,-2.39487613559401,4.2));
#15182=CARTESIAN_POINT('',(94.825,-19.0375,4.2));
#15183=CARTESIAN_POINT('',(95.15,-3.21607952087683,4.2));
#15184=CARTESIAN_POINT('Origin',(93.95,-3.21607952087683,4.2));
#15185=CARTESIAN_POINT('',(95.15,-12.0339204791232,4.2));
#15186=CARTESIAN_POINT('',(95.15,-24.7125,4.2));
#15187=CARTESIAN_POINT('',(94.825,-12.855123864406,4.2));
#15188=CARTESIAN_POINT('Origin',(93.95,-12.0339204791232,4.2));
#15189=CARTESIAN_POINT('',(94.825,-14.625,4.2));
#15190=CARTESIAN_POINT('',(94.825,-19.0375,4.2));
#15191=CARTESIAN_POINT('',(93.625,-15.825,4.2));
#15192=CARTESIAN_POINT('Origin',(93.625,-14.625,4.2));
#15193=CARTESIAN_POINT('',(80.975,-15.825,4.2));
#15194=CARTESIAN_POINT('',(71.0625,-15.825,4.2));
#15195=CARTESIAN_POINT('',(79.775,-14.625,4.2));
#15196=CARTESIAN_POINT('Origin',(80.975,-14.625,4.2));
#15197=CARTESIAN_POINT('',(79.775,-12.855123864406,4.2));
#15198=CARTESIAN_POINT('',(79.775,-26.0625,4.2));
#15199=CARTESIAN_POINT('',(79.45,-12.0339204791232,4.2));
#15200=CARTESIAN_POINT('Origin',(80.65,-12.0339204791232,4.2));
#15201=CARTESIAN_POINT('',(79.45,-19.7125,4.2));
#15202=CARTESIAN_POINT('',(41.8252969395218,-2.34437724255129,4.2));
#15203=CARTESIAN_POINT('',(41.45,-3.21607952087684,4.2));
#15204=CARTESIAN_POINT('Origin',(42.65,-3.21607952087684,4.2));
#15205=CARTESIAN_POINT('',(41.775,-1.975,4.2));
#15206=CARTESIAN_POINT('',(41.7750000000001,-26.0625,4.2));
#15207=CARTESIAN_POINT('',(42.975,-0.774999999999996,4.2));
#15208=CARTESIAN_POINT('Origin',(42.975,-1.975,4.2));
#15209=CARTESIAN_POINT('',(55.625,-0.774999999999995,4.2));
#15210=CARTESIAN_POINT('',(45.0375,-0.774999999999995,4.2));
#15211=CARTESIAN_POINT('',(56.825,-1.975,4.2));
#15212=CARTESIAN_POINT('Origin',(55.625,-1.975,4.2));
#15213=CARTESIAN_POINT('',(56.825,-2.39487613559401,4.2));
#15214=CARTESIAN_POINT('',(56.825,-19.0375,4.2));
#15215=CARTESIAN_POINT('',(57.15,-3.21607952087684,4.2));
#15216=CARTESIAN_POINT('Origin',(55.95,-3.21607952087684,4.2));
#15217=CARTESIAN_POINT('',(57.15,-12.0339204791232,4.2));
#15218=CARTESIAN_POINT('',(57.15,-24.7125,4.2));
#15219=CARTESIAN_POINT('',(56.825,-12.855123864406,4.2));
#15220=CARTESIAN_POINT('Origin',(55.95,-12.0339204791232,4.2));
#15221=CARTESIAN_POINT('',(56.825,-14.625,4.2));
#15222=CARTESIAN_POINT('',(56.825,-19.0375,4.2));
#15223=CARTESIAN_POINT('',(55.625,-15.825,4.2));
#15224=CARTESIAN_POINT('Origin',(55.625,-14.625,4.2));
#15225=CARTESIAN_POINT('',(42.975,-15.825,4.2));
#15226=CARTESIAN_POINT('',(52.0625,-15.825,4.2));
#15227=CARTESIAN_POINT('',(41.775,-14.625,4.2));
#15228=CARTESIAN_POINT('Origin',(42.975,-14.625,4.2));
#15229=CARTESIAN_POINT('',(41.775,-12.855123864406,4.2));
#15230=CARTESIAN_POINT('',(41.775,-26.0625,4.2));
#15231=CARTESIAN_POINT('',(41.45,-12.0339204791231,4.2));
#15232=CARTESIAN_POINT('Origin',(42.65,-12.0339204791231,4.2));
#15233=CARTESIAN_POINT('',(41.45,-19.7125,4.2));
#15234=CARTESIAN_POINT('',(18.825,-14.625,4.2));
#15235=CARTESIAN_POINT('',(18.825,-12.855123864406,4.2));
#15236=CARTESIAN_POINT('',(18.825,-19.0375,4.2));
#15237=CARTESIAN_POINT('',(17.625,-15.825,4.2));
#15238=CARTESIAN_POINT('Origin',(17.625,-14.625,4.2));
#15239=CARTESIAN_POINT('',(4.975,-15.825,4.2));
#15240=CARTESIAN_POINT('',(33.0625,-15.825,4.2));
#15241=CARTESIAN_POINT('',(3.775,-14.625,4.2));
#15242=CARTESIAN_POINT('Origin',(4.975,-14.625,4.2));
#15243=CARTESIAN_POINT('',(3.77499999999999,-12.855123864406,4.2));
#15244=CARTESIAN_POINT('',(3.77499999999999,-26.0625,4.2));
#15245=CARTESIAN_POINT('',(3.45,-12.0339204791232,4.2));
#15246=CARTESIAN_POINT('Origin',(4.64999999999999,-12.0339204791232,4.2));
#15247=CARTESIAN_POINT('',(3.44999999999999,-3.21607952087684,4.2));
#15248=CARTESIAN_POINT('',(3.45,-19.7125,4.2));
#15249=CARTESIAN_POINT('',(3.82529693952183,-2.3443772425513,4.2));
#15250=CARTESIAN_POINT('Origin',(4.65,-3.21607952087684,4.2));
#15251=CARTESIAN_POINT('',(3.77499999999999,-1.975,4.2));
#15252=CARTESIAN_POINT('',(3.77499999999999,-26.0625,4.2));
#15253=CARTESIAN_POINT('',(4.97499999999999,-0.774999999999996,4.2));
#15254=CARTESIAN_POINT('Origin',(4.97499999999999,-1.975,4.2));
#15255=CARTESIAN_POINT('',(17.625,-0.774999999999995,4.2));
#15256=CARTESIAN_POINT('',(26.0375,-0.774999999999995,4.2));
#15257=CARTESIAN_POINT('',(18.825,-1.975,4.2));
#15258=CARTESIAN_POINT('Origin',(17.625,-1.975,4.2));
#15259=CARTESIAN_POINT('',(18.825,-2.394876135594,4.2));
#15260=CARTESIAN_POINT('',(18.825,-19.0375,4.2));
#15261=CARTESIAN_POINT('',(19.15,-3.21607952087684,4.2));
#15262=CARTESIAN_POINT('Origin',(17.95,-3.21607952087684,4.2));
#15263=CARTESIAN_POINT('',(19.15,-12.0339204791232,4.2));
#15264=CARTESIAN_POINT('',(19.15,-24.7125,4.2));
#15265=CARTESIAN_POINT('Origin',(17.95,-12.0339204791232,4.2));
#15266=CARTESIAN_POINT('',(45.7747030604782,-31.8556227574487,4.2));
#15267=CARTESIAN_POINT('',(46.15,-30.9839204791232,4.2));
#15268=CARTESIAN_POINT('Origin',(44.95,-30.9839204791232,4.2));
#15269=CARTESIAN_POINT('',(45.825,-33.625,4.2));
#15270=CARTESIAN_POINT('',(45.825,-28.5375,4.2));
#15271=CARTESIAN_POINT('',(44.625,-34.825,4.2));
#15272=CARTESIAN_POINT('Origin',(44.625,-33.625,4.2));
#15273=CARTESIAN_POINT('',(31.975,-34.825,4.2));
#15274=CARTESIAN_POINT('',(46.5625,-34.825,4.2));
#15275=CARTESIAN_POINT('',(30.775,-33.625,4.2));
#15276=CARTESIAN_POINT('Origin',(31.975,-33.625,4.2));
#15277=CARTESIAN_POINT('',(30.775,-31.805123864406,4.2));
#15278=CARTESIAN_POINT('',(30.775,-35.5625,4.2));
#15279=CARTESIAN_POINT('',(30.45,-30.9839204791232,4.2));
#15280=CARTESIAN_POINT('Origin',(31.65,-30.9839204791232,4.2));
#15281=CARTESIAN_POINT('',(30.45,-22.2160795208768,4.2));
#15282=CARTESIAN_POINT('',(30.45,-29.2125,4.2));
#15283=CARTESIAN_POINT('',(30.8252969395218,-21.3443772425513,4.2));
#15284=CARTESIAN_POINT('Origin',(31.65,-22.2160795208768,4.2));
#15285=CARTESIAN_POINT('',(30.775,-20.975,4.2));
#15286=CARTESIAN_POINT('',(30.775,-35.5625,4.2));
#15287=CARTESIAN_POINT('',(31.975,-19.775,4.2));
#15288=CARTESIAN_POINT('Origin',(31.975,-20.975,4.2));
#15289=CARTESIAN_POINT('',(44.625,-19.775,4.2));
#15290=CARTESIAN_POINT('',(39.5375,-19.775,4.2));
#15291=CARTESIAN_POINT('',(45.825,-20.975,4.2));
#15292=CARTESIAN_POINT('Origin',(44.625,-20.975,4.2));
#15293=CARTESIAN_POINT('',(45.825,-21.394876135594,4.2));
#15294=CARTESIAN_POINT('',(45.825,-28.5375,4.2));
#15295=CARTESIAN_POINT('',(46.15,-22.2160795208768,4.2));
#15296=CARTESIAN_POINT('Origin',(44.95,-22.2160795208768,4.2));
#15297=CARTESIAN_POINT('',(46.15,-34.1875,4.2));
#15298=CARTESIAN_POINT('',(68.8252969395218,-21.3443772425513,4.2));
#15299=CARTESIAN_POINT('',(68.45,-22.2160795208768,4.2));
#15300=CARTESIAN_POINT('Origin',(69.65,-22.2160795208768,4.2));
#15301=CARTESIAN_POINT('',(68.775,-20.975,4.2));
#15302=CARTESIAN_POINT('',(68.775,-35.5625,4.2));
#15303=CARTESIAN_POINT('',(69.975,-19.775,4.2));
#15304=CARTESIAN_POINT('Origin',(69.975,-20.975,4.2));
#15305=CARTESIAN_POINT('',(82.625,-19.775,4.2));
#15306=CARTESIAN_POINT('',(58.5375,-19.775,4.2));
#15307=CARTESIAN_POINT('',(83.825,-20.975,4.2));
#15308=CARTESIAN_POINT('Origin',(82.625,-20.975,4.2));
#15309=CARTESIAN_POINT('',(83.825,-21.394876135594,4.2));
#15310=CARTESIAN_POINT('',(83.825,-28.5375,4.2));
#15311=CARTESIAN_POINT('',(84.15,-22.2160795208768,4.2));
#15312=CARTESIAN_POINT('Origin',(82.95,-22.2160795208768,4.2));
#15313=CARTESIAN_POINT('',(84.15,-30.9839204791232,4.2));
#15314=CARTESIAN_POINT('',(84.15,-34.1875,4.2));
#15315=CARTESIAN_POINT('',(83.7747030604781,-31.8556227574487,4.2));
#15316=CARTESIAN_POINT('Origin',(82.95,-30.9839204791232,4.2));
#15317=CARTESIAN_POINT('',(83.825,-33.625,4.2));
#15318=CARTESIAN_POINT('',(83.825,-28.5375,4.2));
#15319=CARTESIAN_POINT('',(82.625,-34.825,4.2));
#15320=CARTESIAN_POINT('Origin',(82.625,-33.625,4.2));
#15321=CARTESIAN_POINT('',(69.975,-34.825,4.2));
#15322=CARTESIAN_POINT('',(65.5625,-34.825,4.2));
#15323=CARTESIAN_POINT('',(68.775,-33.625,4.2));
#15324=CARTESIAN_POINT('Origin',(69.975,-33.625,4.2));
#15325=CARTESIAN_POINT('',(68.775,-31.805123864406,4.2));
#15326=CARTESIAN_POINT('',(68.775,-35.5625,4.2));
#15327=CARTESIAN_POINT('',(68.45,-30.9839204791232,4.2));
#15328=CARTESIAN_POINT('Origin',(69.65,-30.9839204791232,4.2));
#15329=CARTESIAN_POINT('',(68.45,-29.2125,4.2));
#15330=CARTESIAN_POINT('',(75.025,-58.975,4.2));
#15331=CARTESIAN_POINT('',(75.025,-60.794876135594,4.2));
#15332=CARTESIAN_POINT('',(75.025,-54.5625,4.2));
#15333=CARTESIAN_POINT('',(76.225,-57.775,4.2));
#15334=CARTESIAN_POINT('Origin',(76.225,-58.975,4.2));
#15335=CARTESIAN_POINT('',(88.875,-57.775,4.2));
#15336=CARTESIAN_POINT('',(61.6625,-57.775,4.2));
#15337=CARTESIAN_POINT('',(90.075,-58.975,4.2));
#15338=CARTESIAN_POINT('Origin',(88.875,-58.975,4.2));
#15339=CARTESIAN_POINT('',(90.075,-60.794876135594,4.2));
#15340=CARTESIAN_POINT('',(90.075,-47.5375,4.2));
#15341=CARTESIAN_POINT('',(90.4,-61.6160795208768,4.2));
#15342=CARTESIAN_POINT('Origin',(89.2,-61.6160795208768,4.2));
#15343=CARTESIAN_POINT('',(90.4,-70.3839204791232,4.2));
#15344=CARTESIAN_POINT('',(90.4,-53.8875,4.2));
#15345=CARTESIAN_POINT('',(90.0247030604782,-71.2556227574487,4.2));
#15346=CARTESIAN_POINT('Origin',(89.2,-70.3839204791232,4.2));
#15347=CARTESIAN_POINT('',(90.075,-71.625,4.2));
#15348=CARTESIAN_POINT('',(90.075,-47.5375,4.2));
#15349=CARTESIAN_POINT('',(88.875,-72.825,4.2));
#15350=CARTESIAN_POINT('Origin',(88.875,-71.625,4.2));
#15351=CARTESIAN_POINT('',(76.225,-72.825,4.2));
#15352=CARTESIAN_POINT('',(68.6875,-72.825,4.2));
#15353=CARTESIAN_POINT('',(75.025,-71.625,4.2));
#15354=CARTESIAN_POINT('Origin',(76.225,-71.625,4.2));
#15355=CARTESIAN_POINT('',(75.025,-71.205123864406,4.2));
#15356=CARTESIAN_POINT('',(75.025,-54.5625,4.2));
#15357=CARTESIAN_POINT('',(74.7,-70.3839204791232,4.2));
#15358=CARTESIAN_POINT('Origin',(75.9,-70.3839204791232,4.2));
#15359=CARTESIAN_POINT('',(74.7,-61.6160795208769,4.2));
#15360=CARTESIAN_POINT('',(74.7,-48.9125,4.2));
#15361=CARTESIAN_POINT('Origin',(75.9,-61.6160795208769,4.2));
#15362=CARTESIAN_POINT('',(46.525,-58.975,4.2));
#15363=CARTESIAN_POINT('',(46.525,-59.394876135594,4.2));
#15364=CARTESIAN_POINT('',(46.525,-54.5625,4.2));
#15365=CARTESIAN_POINT('',(47.725,-57.775,4.2));
#15366=CARTESIAN_POINT('Origin',(47.725,-58.975,4.2));
#15367=CARTESIAN_POINT('',(60.375,-57.775,4.2));
#15368=CARTESIAN_POINT('',(47.4125,-57.775,4.2));
#15369=CARTESIAN_POINT('',(61.575,-58.975,4.2));
#15370=CARTESIAN_POINT('Origin',(60.375,-58.975,4.2));
#15371=CARTESIAN_POINT('',(61.575,-59.394876135594,4.2));
#15372=CARTESIAN_POINT('',(61.575,-47.5375,4.2));
#15373=CARTESIAN_POINT('',(61.9,-60.2160795208768,4.2));
#15374=CARTESIAN_POINT('Origin',(60.7,-60.2160795208768,4.2));
#15375=CARTESIAN_POINT('',(61.9,-68.9839204791231,4.2));
#15376=CARTESIAN_POINT('',(61.9,-53.1875,4.2));
#15377=CARTESIAN_POINT('',(61.5247030604781,-69.8556227574487,4.2));
#15378=CARTESIAN_POINT('Origin',(60.7,-68.9839204791231,4.2));
#15379=CARTESIAN_POINT('',(61.575,-71.625,4.2));
#15380=CARTESIAN_POINT('',(61.575,-47.5375,4.2));
#15381=CARTESIAN_POINT('',(60.375,-72.825,4.2));
#15382=CARTESIAN_POINT('Origin',(60.375,-71.625,4.2));
#15383=CARTESIAN_POINT('',(47.725,-72.825,4.2));
#15384=CARTESIAN_POINT('',(54.4375,-72.825,4.2));
#15385=CARTESIAN_POINT('',(46.525,-71.625,4.2));
#15386=CARTESIAN_POINT('Origin',(47.725,-71.625,4.2));
#15387=CARTESIAN_POINT('',(46.525,-69.805123864406,4.2));
#15388=CARTESIAN_POINT('',(46.525,-54.5625,4.2));
#15389=CARTESIAN_POINT('',(46.2,-68.9839204791232,4.2));
#15390=CARTESIAN_POINT('Origin',(47.4,-68.9839204791232,4.2));
#15391=CARTESIAN_POINT('',(46.2,-60.2160795208768,4.2));
#15392=CARTESIAN_POINT('',(46.2,-48.2125,4.2));
#15393=CARTESIAN_POINT('Origin',(47.4,-60.2160795208768,4.2));
#15394=CARTESIAN_POINT('',(19.775,-39.975,4.2));
#15395=CARTESIAN_POINT('',(19.775,-40.394876135594,4.2));
#15396=CARTESIAN_POINT('',(19.775,-45.0625,4.2));
#15397=CARTESIAN_POINT('',(20.975,-38.775,4.2));
#15398=CARTESIAN_POINT('Origin',(20.975,-39.975,4.2));
#15399=CARTESIAN_POINT('',(33.625,-38.775,4.2));
#15400=CARTESIAN_POINT('',(34.0375,-38.775,4.2));
#15401=CARTESIAN_POINT('',(34.825,-39.975,4.2));
#15402=CARTESIAN_POINT('Origin',(33.625,-39.975,4.2));
#15403=CARTESIAN_POINT('',(34.825,-40.394876135594,4.2));
#15404=CARTESIAN_POINT('',(34.825,-38.0375,4.2));
#15405=CARTESIAN_POINT('',(35.15,-41.2160795208768,4.2));
#15406=CARTESIAN_POINT('Origin',(33.95,-41.2160795208768,4.2));
#15407=CARTESIAN_POINT('',(35.15,-49.9839204791231,4.2));
#15408=CARTESIAN_POINT('',(35.15,-43.6875,4.2));
#15409=CARTESIAN_POINT('',(34.7747030604782,-50.8556227574487,4.2));
#15410=CARTESIAN_POINT('Origin',(33.95,-49.9839204791231,4.2));
#15411=CARTESIAN_POINT('',(34.825,-52.625,4.2));
#15412=CARTESIAN_POINT('',(34.825,-38.0375,4.2));
#15413=CARTESIAN_POINT('',(33.625,-53.825,4.2));
#15414=CARTESIAN_POINT('Origin',(33.625,-52.625,4.2));
#15415=CARTESIAN_POINT('',(20.975,-53.825,4.2));
#15416=CARTESIAN_POINT('',(41.0625,-53.825,4.2));
#15417=CARTESIAN_POINT('',(19.775,-52.625,4.2));
#15418=CARTESIAN_POINT('Origin',(20.975,-52.625,4.2));
#15419=CARTESIAN_POINT('',(19.775,-50.805123864406,4.2));
#15420=CARTESIAN_POINT('',(19.775,-45.0625,4.2));
#15421=CARTESIAN_POINT('',(19.45,-49.9839204791231,4.2));
#15422=CARTESIAN_POINT('Origin',(20.65,-49.9839204791231,4.2));
#15423=CARTESIAN_POINT('',(19.45,-41.2160795208768,4.2));
#15424=CARTESIAN_POINT('',(19.45,-38.7125,4.2));
#15425=CARTESIAN_POINT('Origin',(20.65,-41.2160795208768,4.2));
#15426=CARTESIAN_POINT('',(38.775,-39.975,4.2));
#15427=CARTESIAN_POINT('',(38.775,-40.394876135594,4.2));
#15428=CARTESIAN_POINT('',(38.775,-45.0625,4.2));
#15429=CARTESIAN_POINT('',(39.975,-38.775,4.2));
#15430=CARTESIAN_POINT('Origin',(39.975,-39.975,4.2));
#15431=CARTESIAN_POINT('',(52.625,-38.775,4.2));
#15432=CARTESIAN_POINT('',(43.5375,-38.775,4.2));
#15433=CARTESIAN_POINT('',(53.825,-39.975,4.2));
#15434=CARTESIAN_POINT('Origin',(52.625,-39.975,4.2));
#15435=CARTESIAN_POINT('',(53.825,-40.394876135594,4.2));
#15436=CARTESIAN_POINT('',(53.825,-38.0375,4.2));
#15437=CARTESIAN_POINT('',(54.15,-41.2160795208768,4.2));
#15438=CARTESIAN_POINT('Origin',(52.95,-41.2160795208768,4.2));
#15439=CARTESIAN_POINT('',(54.15,-49.9839204791231,4.2));
#15440=CARTESIAN_POINT('',(54.15,-43.6875,4.2));
#15441=CARTESIAN_POINT('',(53.7747030604782,-50.8556227574487,4.2));
#15442=CARTESIAN_POINT('Origin',(52.95,-49.9839204791231,4.2));
#15443=CARTESIAN_POINT('',(53.825,-52.625,4.2));
#15444=CARTESIAN_POINT('',(53.825,-38.0375,4.2));
#15445=CARTESIAN_POINT('',(52.625,-53.825,4.2));
#15446=CARTESIAN_POINT('Origin',(52.625,-52.625,4.2));
#15447=CARTESIAN_POINT('',(39.975,-53.825,4.2));
#15448=CARTESIAN_POINT('',(50.5625,-53.825,4.2));
#15449=CARTESIAN_POINT('',(38.775,-52.625,4.2));
#15450=CARTESIAN_POINT('Origin',(39.975,-52.625,4.2));
#15451=CARTESIAN_POINT('',(38.775,-50.805123864406,4.2));
#15452=CARTESIAN_POINT('',(38.775,-45.0625,4.2));
#15453=CARTESIAN_POINT('',(38.45,-49.9839204791231,4.2));
#15454=CARTESIAN_POINT('Origin',(39.65,-49.9839204791231,4.2));
#15455=CARTESIAN_POINT('',(38.45,-41.2160795208768,4.2));
#15456=CARTESIAN_POINT('',(38.45,-38.7125,4.2));
#15457=CARTESIAN_POINT('Origin',(39.65,-41.2160795208768,4.2));
#15458=CARTESIAN_POINT('',(57.8252969395218,-40.3443772425513,4.2));
#15459=CARTESIAN_POINT('',(57.45,-41.2160795208768,4.2));
#15460=CARTESIAN_POINT('Origin',(58.65,-41.2160795208768,4.2));
#15461=CARTESIAN_POINT('',(57.775,-39.975,4.2));
#15462=CARTESIAN_POINT('',(57.775,-45.0625,4.2));
#15463=CARTESIAN_POINT('',(58.975,-38.775,4.2));
#15464=CARTESIAN_POINT('Origin',(58.975,-39.975,4.2));
#15465=CARTESIAN_POINT('',(71.625,-38.775,4.2));
#15466=CARTESIAN_POINT('',(53.0375,-38.775,4.2));
#15467=CARTESIAN_POINT('',(72.825,-39.975,4.2));
#15468=CARTESIAN_POINT('Origin',(71.625,-39.975,4.2));
#15469=CARTESIAN_POINT('',(72.825,-40.394876135594,4.2));
#15470=CARTESIAN_POINT('',(72.825,-38.0375,4.2));
#15471=CARTESIAN_POINT('',(73.15,-41.2160795208768,4.2));
#15472=CARTESIAN_POINT('Origin',(71.95,-41.2160795208768,4.2));
#15473=CARTESIAN_POINT('',(73.15,-49.9839204791232,4.2));
#15474=CARTESIAN_POINT('',(73.15,-43.6875,4.2));
#15475=CARTESIAN_POINT('',(72.7747030604782,-50.8556227574487,4.2));
#15476=CARTESIAN_POINT('Origin',(71.95,-49.9839204791232,4.2));
#15477=CARTESIAN_POINT('',(72.825,-52.625,4.2));
#15478=CARTESIAN_POINT('',(72.825,-38.0375,4.2));
#15479=CARTESIAN_POINT('',(71.625,-53.825,4.2));
#15480=CARTESIAN_POINT('Origin',(71.625,-52.625,4.2));
#15481=CARTESIAN_POINT('',(58.975,-53.825,4.2));
#15482=CARTESIAN_POINT('',(60.0625,-53.825,4.2));
#15483=CARTESIAN_POINT('',(57.775,-52.625,4.2));
#15484=CARTESIAN_POINT('Origin',(58.975,-52.625,4.2));
#15485=CARTESIAN_POINT('',(57.775,-50.805123864406,4.2));
#15486=CARTESIAN_POINT('',(57.775,-45.0625,4.2));
#15487=CARTESIAN_POINT('',(57.45,-49.9839204791232,4.2));
#15488=CARTESIAN_POINT('Origin',(58.65,-49.9839204791232,4.2));
#15489=CARTESIAN_POINT('',(57.45,-38.7125,4.2));
#15490=CARTESIAN_POINT('',(76.8252969395219,-40.3443772425513,4.2));
#15491=CARTESIAN_POINT('',(76.45,-41.2160795208769,4.2));
#15492=CARTESIAN_POINT('Origin',(77.65,-41.2160795208769,4.2));
#15493=CARTESIAN_POINT('',(76.775,-39.975,4.2));
#15494=CARTESIAN_POINT('',(76.775,-45.0625,4.2));
#15495=CARTESIAN_POINT('',(77.975,-38.775,4.2));
#15496=CARTESIAN_POINT('Origin',(77.975,-39.975,4.2));
#15497=CARTESIAN_POINT('',(90.625,-38.775,4.2));
#15498=CARTESIAN_POINT('',(62.5375,-38.775,4.2));
#15499=CARTESIAN_POINT('',(91.825,-39.975,4.2));
#15500=CARTESIAN_POINT('Origin',(90.625,-39.975,4.2));
#15501=CARTESIAN_POINT('',(91.825,-40.394876135594,4.2));
#15502=CARTESIAN_POINT('',(91.825,-38.0375,4.2));
#15503=CARTESIAN_POINT('',(92.15,-41.2160795208768,4.2));
#15504=CARTESIAN_POINT('Origin',(90.95,-41.2160795208768,4.2));
#15505=CARTESIAN_POINT('',(92.15,-49.9839204791232,4.2));
#15506=CARTESIAN_POINT('',(92.15,-43.6875,4.2));
#15507=CARTESIAN_POINT('',(91.7747030604782,-50.8556227574487,4.2));
#15508=CARTESIAN_POINT('Origin',(90.95,-49.9839204791232,4.2));
#15509=CARTESIAN_POINT('',(91.825,-52.625,4.2));
#15510=CARTESIAN_POINT('',(91.825,-38.0375,4.2));
#15511=CARTESIAN_POINT('',(90.625,-53.825,4.2));
#15512=CARTESIAN_POINT('Origin',(90.625,-52.625,4.2));
#15513=CARTESIAN_POINT('',(77.975,-53.825,4.2));
#15514=CARTESIAN_POINT('',(69.5625,-53.825,4.2));
#15515=CARTESIAN_POINT('',(76.775,-52.625,4.2));
#15516=CARTESIAN_POINT('Origin',(77.975,-52.625,4.2));
#15517=CARTESIAN_POINT('',(76.775,-50.805123864406,4.2));
#15518=CARTESIAN_POINT('',(76.775,-45.0625,4.2));
#15519=CARTESIAN_POINT('',(76.45,-49.9839204791231,4.2));
#15520=CARTESIAN_POINT('Origin',(77.65,-49.9839204791231,4.2));
#15521=CARTESIAN_POINT('',(76.45,-38.7125,4.2));
#15522=CARTESIAN_POINT('',(49.8252969395218,-21.3443772425513,4.2));
#15523=CARTESIAN_POINT('',(49.45,-22.2160795208768,4.2));
#15524=CARTESIAN_POINT('Origin',(50.65,-22.2160795208768,4.2));
#15525=CARTESIAN_POINT('',(49.775,-20.975,4.2));
#15526=CARTESIAN_POINT('',(49.775,-35.5625,4.2));
#15527=CARTESIAN_POINT('',(50.975,-19.775,4.2));
#15528=CARTESIAN_POINT('Origin',(50.975,-20.975,4.2));
#15529=CARTESIAN_POINT('',(63.625,-19.775,4.2));
#15530=CARTESIAN_POINT('',(49.0375,-19.775,4.2));
#15531=CARTESIAN_POINT('',(64.825,-20.975,4.2));
#15532=CARTESIAN_POINT('Origin',(63.625,-20.975,4.2));
#15533=CARTESIAN_POINT('',(64.825,-21.394876135594,4.2));
#15534=CARTESIAN_POINT('',(64.825,-28.5375,4.2));
#15535=CARTESIAN_POINT('',(65.15,-22.2160795208768,4.2));
#15536=CARTESIAN_POINT('Origin',(63.95,-22.2160795208768,4.2));
#15537=CARTESIAN_POINT('',(65.15,-30.9839204791232,4.2));
#15538=CARTESIAN_POINT('',(65.15,-34.1875,4.2));
#15539=CARTESIAN_POINT('',(64.7747030604781,-31.8556227574487,4.2));
#15540=CARTESIAN_POINT('Origin',(63.95,-30.9839204791232,4.2));
#15541=CARTESIAN_POINT('',(64.825,-33.625,4.2));
#15542=CARTESIAN_POINT('',(64.825,-28.5375,4.2));
#15543=CARTESIAN_POINT('',(63.625,-34.825,4.2));
#15544=CARTESIAN_POINT('Origin',(63.625,-33.625,4.2));
#15545=CARTESIAN_POINT('',(50.975,-34.825,4.2));
#15546=CARTESIAN_POINT('',(56.0625,-34.825,4.2));
#15547=CARTESIAN_POINT('',(49.775,-33.625,4.2));
#15548=CARTESIAN_POINT('Origin',(50.975,-33.625,4.2));
#15549=CARTESIAN_POINT('',(49.775,-31.805123864406,4.2));
#15550=CARTESIAN_POINT('',(49.775,-35.5625,4.2));
#15551=CARTESIAN_POINT('',(49.45,-30.9839204791232,4.2));
#15552=CARTESIAN_POINT('Origin',(50.65,-30.9839204791232,4.2));
#15553=CARTESIAN_POINT('',(49.45,-29.2125,4.2));
#15554=CARTESIAN_POINT('',(26.7747030604782,-31.8556227574487,4.2));
#15555=CARTESIAN_POINT('',(27.15,-30.9839204791232,4.2));
#15556=CARTESIAN_POINT('Origin',(25.95,-30.9839204791232,4.2));
#15557=CARTESIAN_POINT('',(26.825,-33.625,4.2));
#15558=CARTESIAN_POINT('',(26.825,-28.5375,4.2));
#15559=CARTESIAN_POINT('',(25.625,-34.825,4.2));
#15560=CARTESIAN_POINT('Origin',(25.625,-33.625,4.2));
#15561=CARTESIAN_POINT('',(12.975,-34.825,4.2));
#15562=CARTESIAN_POINT('',(37.0625,-34.825,4.2));
#15563=CARTESIAN_POINT('',(11.775,-33.625,4.2));
#15564=CARTESIAN_POINT('Origin',(12.975,-33.625,4.2));
#15565=CARTESIAN_POINT('',(11.775,-31.805123864406,4.2));
#15566=CARTESIAN_POINT('',(11.775,-35.5625,4.2));
#15567=CARTESIAN_POINT('',(11.45,-30.9839204791232,4.2));
#15568=CARTESIAN_POINT('Origin',(12.65,-30.9839204791232,4.2));
#15569=CARTESIAN_POINT('',(11.45,-22.2160795208768,4.2));
#15570=CARTESIAN_POINT('',(11.45,-29.2125,4.2));
#15571=CARTESIAN_POINT('',(11.8252969395218,-21.3443772425513,4.2));
#15572=CARTESIAN_POINT('Origin',(12.65,-22.2160795208768,4.2));
#15573=CARTESIAN_POINT('',(11.775,-20.975,4.2));
#15574=CARTESIAN_POINT('',(11.775,-35.5625,4.2));
#15575=CARTESIAN_POINT('',(12.975,-19.775,4.2));
#15576=CARTESIAN_POINT('Origin',(12.975,-20.975,4.2));
#15577=CARTESIAN_POINT('',(25.625,-19.775,4.2));
#15578=CARTESIAN_POINT('',(30.0375,-19.775,4.2));
#15579=CARTESIAN_POINT('',(26.825,-20.975,4.2));
#15580=CARTESIAN_POINT('Origin',(25.625,-20.975,4.2));
#15581=CARTESIAN_POINT('',(26.825,-21.394876135594,4.2));
#15582=CARTESIAN_POINT('',(26.825,-28.5375,4.2));
#15583=CARTESIAN_POINT('',(27.15,-22.2160795208768,4.2));
#15584=CARTESIAN_POINT('Origin',(25.95,-22.2160795208768,4.2));
#15585=CARTESIAN_POINT('',(27.15,-34.1875,4.2));
#15586=CARTESIAN_POINT('',(22.8252969395218,-2.3443772425513,4.2));
#15587=CARTESIAN_POINT('',(22.45,-3.21607952087684,4.2));
#15588=CARTESIAN_POINT('Origin',(23.65,-3.21607952087684,4.2));
#15589=CARTESIAN_POINT('',(22.775,-1.97499999999999,4.2));
#15590=CARTESIAN_POINT('',(22.775,-26.0625,4.2));
#15591=CARTESIAN_POINT('',(23.975,-0.774999999999996,4.2));
#15592=CARTESIAN_POINT('Origin',(23.975,-1.975,4.2));
#15593=CARTESIAN_POINT('',(36.625,-0.774999999999995,4.2));
#15594=CARTESIAN_POINT('',(35.5375,-0.774999999999995,4.2));
#15595=CARTESIAN_POINT('',(37.825,-1.975,4.2));
#15596=CARTESIAN_POINT('Origin',(36.625,-1.975,4.2));
#15597=CARTESIAN_POINT('',(37.825,-2.394876135594,4.2));
#15598=CARTESIAN_POINT('',(37.825,-19.0375,4.2));
#15599=CARTESIAN_POINT('',(38.15,-3.21607952087684,4.2));
#15600=CARTESIAN_POINT('Origin',(36.95,-3.21607952087684,4.2));
#15601=CARTESIAN_POINT('',(38.15,-12.0339204791231,4.2));
#15602=CARTESIAN_POINT('',(38.15,-24.7125,4.2));
#15603=CARTESIAN_POINT('',(37.825,-12.855123864406,4.2));
#15604=CARTESIAN_POINT('Origin',(36.95,-12.0339204791231,4.2));
#15605=CARTESIAN_POINT('',(37.825,-14.625,4.2));
#15606=CARTESIAN_POINT('',(37.825,-19.0375,4.2));
#15607=CARTESIAN_POINT('',(36.625,-15.825,4.2));
#15608=CARTESIAN_POINT('Origin',(36.625,-14.625,4.2));
#15609=CARTESIAN_POINT('',(23.975,-15.825,4.2));
#15610=CARTESIAN_POINT('',(42.5625,-15.825,4.2));
#15611=CARTESIAN_POINT('',(22.775,-14.625,4.2));
#15612=CARTESIAN_POINT('Origin',(23.975,-14.625,4.2));
#15613=CARTESIAN_POINT('',(22.775,-12.855123864406,4.2));
#15614=CARTESIAN_POINT('',(22.775,-26.0625,4.2));
#15615=CARTESIAN_POINT('',(22.45,-12.0339204791231,4.2));
#15616=CARTESIAN_POINT('Origin',(23.65,-12.0339204791231,4.2));
#15617=CARTESIAN_POINT('',(22.45,-19.7125,4.2));
#15618=CARTESIAN_POINT('',(75.825,-14.625,4.2));
#15619=CARTESIAN_POINT('',(75.825,-12.855123864406,4.2));
#15620=CARTESIAN_POINT('',(75.825,-19.0375,4.2));
#15621=CARTESIAN_POINT('',(74.625,-15.825,4.2));
#15622=CARTESIAN_POINT('Origin',(74.625,-14.625,4.2));
#15623=CARTESIAN_POINT('',(61.975,-15.825,4.2));
#15624=CARTESIAN_POINT('',(61.5625,-15.825,4.2));
#15625=CARTESIAN_POINT('',(60.775,-14.625,4.2));
#15626=CARTESIAN_POINT('Origin',(61.975,-14.625,4.2));
#15627=CARTESIAN_POINT('',(60.775,-12.855123864406,4.2));
#15628=CARTESIAN_POINT('',(60.775,-26.0625,4.2));
#15629=CARTESIAN_POINT('',(60.45,-12.0339204791232,4.2));
#15630=CARTESIAN_POINT('Origin',(61.65,-12.0339204791232,4.2));
#15631=CARTESIAN_POINT('',(60.45,-3.21607952087684,4.2));
#15632=CARTESIAN_POINT('',(60.45,-19.7125,4.2));
#15633=CARTESIAN_POINT('',(60.8252969395218,-2.3443772425513,4.2));
#15634=CARTESIAN_POINT('Origin',(61.65,-3.21607952087684,4.2));
#15635=CARTESIAN_POINT('',(60.775,-1.975,4.2));
#15636=CARTESIAN_POINT('',(60.775,-26.0625,4.2));
#15637=CARTESIAN_POINT('',(61.975,-0.774999999999998,4.2));
#15638=CARTESIAN_POINT('Origin',(61.975,-1.975,4.2));
#15639=CARTESIAN_POINT('',(74.625,-0.774999999999995,4.2));
#15640=CARTESIAN_POINT('',(54.5375,-0.774999999999995,4.2));
#15641=CARTESIAN_POINT('',(75.825,-1.975,4.2));
#15642=CARTESIAN_POINT('Origin',(74.625,-1.975,4.2));
#15643=CARTESIAN_POINT('',(75.825,-2.39487613559397,4.2));
#15644=CARTESIAN_POINT('',(75.825,-19.0375,4.2));
#15645=CARTESIAN_POINT('',(76.15,-3.21607952087684,4.2));
#15646=CARTESIAN_POINT('Origin',(74.95,-3.21607952087684,4.2));
#15647=CARTESIAN_POINT('',(76.15,-12.0339204791231,4.2));
#15648=CARTESIAN_POINT('',(76.15,-24.7125,4.2));
#15649=CARTESIAN_POINT('Origin',(74.95,-12.0339204791231,4.2));
#15650=CARTESIAN_POINT('Origin',(94.575,-19.0375,3.95));
#15651=CARTESIAN_POINT('',(94.325,-12.625,3.7));
#15652=CARTESIAN_POINT('',(94.325,-14.625,3.7));
#15653=CARTESIAN_POINT('',(94.325,-19.0375,3.7));
#15654=CARTESIAN_POINT('',(94.325,-14.625,3.7));
#15655=CARTESIAN_POINT('Ctrl Pts',(94.825,-12.855123864406,4.2));
#15656=CARTESIAN_POINT('Ctrl Pts',(94.6608533210188,-12.790161065147,4.03585332101878));
#15657=CARTESIAN_POINT('Ctrl Pts',(94.4842348756259,-12.7125539292947,3.8592348756259));
#15658=CARTESIAN_POINT('Ctrl Pts',(94.325,-12.625,3.7));
#15659=CARTESIAN_POINT('Origin',(93.95,-12.0339204791232,3.95));
#15660=CARTESIAN_POINT('',(94.65,-12.0339204791232,3.7));
#15661=CARTESIAN_POINT('',(95.15,-12.0339204791232,4.2));
#15662=CARTESIAN_POINT('Origin',(93.95,-12.0339204791232,3.7));
#15663=CARTESIAN_POINT('Origin',(94.9,-24.7125,3.95));
#15664=CARTESIAN_POINT('',(94.65,-3.21607952087683,3.7));
#15665=CARTESIAN_POINT('',(95.15,-3.21607952087683,4.2));
#15666=CARTESIAN_POINT('',(94.65,-24.7125,3.7));
#15667=CARTESIAN_POINT('Origin',(93.95,-3.21607952087683,3.95));
#15668=CARTESIAN_POINT('',(94.325,-2.625,3.7));
#15669=CARTESIAN_POINT('Origin',(93.95,-3.21607952087683,3.7));
#15670=CARTESIAN_POINT('Ctrl Pts',(94.825,-2.39487613559401,4.2));
#15671=CARTESIAN_POINT('Ctrl Pts',(94.6608533210187,-2.45983893485297,4.03585332101873));
#15672=CARTESIAN_POINT('Ctrl Pts',(94.4842348756259,-2.53744607070527,3.85923487562588));
#15673=CARTESIAN_POINT('Ctrl Pts',(94.325,-2.625,3.7));
#15674=CARTESIAN_POINT('Origin',(80.65,-3.21607952087683,3.95));
#15675=CARTESIAN_POINT('',(80.275,-2.625,3.7));
#15676=CARTESIAN_POINT('Ctrl Pts',(80.275,-2.625,3.7));
#15677=CARTESIAN_POINT('Ctrl Pts',(80.2432042249254,-2.59582752759201,3.74166666666667));
#15678=CARTESIAN_POINT('Ctrl Pts',(80.2098605095248,-2.56795668549033,3.78333333333333));
#15679=CARTESIAN_POINT('Ctrl Pts',(80.1402613403436,-2.51504280309603,3.86666666666667));
#15680=CARTESIAN_POINT('Ctrl Pts',(80.1040059098623,-2.489999791803,3.90833333333333));
#15681=CARTESIAN_POINT('Ctrl Pts',(80.0287818026561,-2.44295430200256,3.99166666666666));
#15682=CARTESIAN_POINT('Ctrl Pts',(79.9898131508793,-2.42095185112193,4.03333333333333));
#15683=CARTESIAN_POINT('Ctrl Pts',(79.9093746759238,-2.38018749258283,4.11666666666666));
#15684=CARTESIAN_POINT('Ctrl Pts',(79.8679048792632,-2.36142561108736,4.15833333333333));
#15685=CARTESIAN_POINT('Ctrl Pts',(79.8252969395218,-2.3443772425513,4.2));
#15686=CARTESIAN_POINT('',(79.95,-3.21607952087683,3.7));
#15687=CARTESIAN_POINT('',(79.45,-3.21607952087683,4.2));
#15688=CARTESIAN_POINT('Origin',(80.65,-3.21607952087683,3.7));
#15689=CARTESIAN_POINT('Origin',(80.025,-26.0625,3.95));
#15690=CARTESIAN_POINT('',(80.275,-1.975,3.7));
#15691=CARTESIAN_POINT('',(80.275,-26.0625,3.7));
#15692=CARTESIAN_POINT('',(80.275,-1.975,3.7));
#15693=CARTESIAN_POINT('Origin',(80.975,-1.975,3.95));
#15694=CARTESIAN_POINT('',(80.975,-1.275,3.7));
#15695=CARTESIAN_POINT('Origin',(80.975,-1.975,3.7));
#15696=CARTESIAN_POINT('',(80.975,-1.275,3.7));
#15697=CARTESIAN_POINT('Origin',(64.0375,-1.025,3.95));
#15698=CARTESIAN_POINT('',(93.625,-1.275,3.7));
#15699=CARTESIAN_POINT('',(93.625,-1.275,3.7));
#15700=CARTESIAN_POINT('',(64.0375,-1.275,3.7));
#15701=CARTESIAN_POINT('Origin',(93.625,-1.975,3.95));
#15702=CARTESIAN_POINT('',(94.325,-1.975,3.7));
#15703=CARTESIAN_POINT('Origin',(93.625,-1.975,3.7));
#15704=CARTESIAN_POINT('',(94.325,-1.975,3.7));
#15705=CARTESIAN_POINT('Origin',(94.575,-19.0375,3.95));
#15706=CARTESIAN_POINT('',(94.325,-19.0375,3.7));
#15707=CARTESIAN_POINT('Origin',(79.7,-19.7125,3.95));
#15708=CARTESIAN_POINT('',(79.95,-12.0339204791232,3.7));
#15709=CARTESIAN_POINT('',(79.45,-12.0339204791232,4.2));
#15710=CARTESIAN_POINT('',(79.95,-19.7125,3.7));
#15711=CARTESIAN_POINT('Origin',(80.65,-12.0339204791232,3.95));
#15712=CARTESIAN_POINT('',(80.275,-12.625,3.7));
#15713=CARTESIAN_POINT('Origin',(80.65,-12.0339204791232,3.7));
#15714=CARTESIAN_POINT('Ctrl Pts',(79.775,-12.855123864406,4.2));
#15715=CARTESIAN_POINT('Ctrl Pts',(79.9391466789813,-12.790161065147,4.03585332101873));
#15716=CARTESIAN_POINT('Ctrl Pts',(80.1157651243741,-12.7125539292947,3.85923487562589));
#15717=CARTESIAN_POINT('Ctrl Pts',(80.275,-12.625,3.7));
#15718=CARTESIAN_POINT('Origin',(93.625,-14.625,3.95));
#15719=CARTESIAN_POINT('',(93.625,-15.325,3.7));
#15720=CARTESIAN_POINT('Origin',(93.625,-14.625,3.7));
#15721=CARTESIAN_POINT('',(93.625,-15.325,3.7));
#15722=CARTESIAN_POINT('Origin',(71.0625,-15.575,3.95));
#15723=CARTESIAN_POINT('',(80.975,-15.325,3.7));
#15724=CARTESIAN_POINT('',(80.975,-15.325,3.7));
#15725=CARTESIAN_POINT('',(71.0625,-15.325,3.7));
#15726=CARTESIAN_POINT('Origin',(80.975,-14.625,3.95));
#15727=CARTESIAN_POINT('',(80.275,-14.625,3.7));
#15728=CARTESIAN_POINT('Origin',(80.975,-14.625,3.7));
#15729=CARTESIAN_POINT('',(80.275,-14.625,3.7));
#15730=CARTESIAN_POINT('Origin',(80.025,-26.0625,3.95));
#15731=CARTESIAN_POINT('',(80.275,-26.0625,3.7));
#15732=CARTESIAN_POINT('Origin',(94.65,-12.625,1.9));
#15733=CARTESIAN_POINT('',(94.65,-3.21607952087683,1.9));
#15734=CARTESIAN_POINT('',(94.65,-3.21607952087683,3.05));
#15735=CARTESIAN_POINT('',(94.65,-12.0339204791232,1.9));
#15736=CARTESIAN_POINT('',(94.65,-24.7125,1.9));
#15737=CARTESIAN_POINT('',(94.65,-12.0339204791232,3.05));
#15738=CARTESIAN_POINT('Origin',(93.95,-3.21607952087683,3.05));
#15739=CARTESIAN_POINT('',(94.325,-2.625,1.9));
#15740=CARTESIAN_POINT('',(94.325,-2.625,3.05));
#15741=CARTESIAN_POINT('Origin',(93.95,-3.21607952087683,1.9));
#15742=CARTESIAN_POINT('Origin',(94.325,-1.275,4.2));
#15743=CARTESIAN_POINT('',(94.325,-1.975,1.9));
#15744=CARTESIAN_POINT('',(94.325,-1.975,4.2));
#15745=CARTESIAN_POINT('',(94.325,-19.0375,1.9));
#15746=CARTESIAN_POINT('Origin',(93.625,-1.975,4.2));
#15747=CARTESIAN_POINT('',(93.625,-1.275,1.9));
#15748=CARTESIAN_POINT('',(93.625,-1.275,4.2));
#15749=CARTESIAN_POINT('Origin',(93.625,-1.975,1.9));
#15750=CARTESIAN_POINT('Origin',(80.275,-1.275,4.2));
#15751=CARTESIAN_POINT('',(80.975,-1.275,1.9));
#15752=CARTESIAN_POINT('',(80.975,-1.275,4.2));
#15753=CARTESIAN_POINT('',(64.0375,-1.275,1.9));
#15754=CARTESIAN_POINT('Origin',(80.975,-1.975,4.2));
#15755=CARTESIAN_POINT('',(80.275,-1.97499999999999,1.9));
#15756=CARTESIAN_POINT('',(80.275,-1.975,4.2));
#15757=CARTESIAN_POINT('Origin',(80.975,-1.975,1.9));
#15758=CARTESIAN_POINT('Origin',(80.275,-15.325,4.2));
#15759=CARTESIAN_POINT('',(80.275,-2.625,1.9));
#15760=CARTESIAN_POINT('',(80.275,-2.625,3.05));
#15761=CARTESIAN_POINT('',(80.275,-26.0625,1.9));
#15762=CARTESIAN_POINT('Origin',(80.65,-3.21607952087683,3.05));
#15763=CARTESIAN_POINT('',(79.95,-3.21607952087683,1.9));
#15764=CARTESIAN_POINT('',(79.95,-3.21607952087683,3.05));
#15765=CARTESIAN_POINT('Origin',(80.65,-3.21607952087683,1.9));
#15766=CARTESIAN_POINT('Origin',(61.65,-3.21607952087684,3.95));
#15767=CARTESIAN_POINT('',(61.275,-2.625,3.7));
#15768=CARTESIAN_POINT('Ctrl Pts',(61.275,-2.625,3.7));
#15769=CARTESIAN_POINT('Ctrl Pts',(61.2432042249254,-2.59582752759201,3.74166666666667));
#15770=CARTESIAN_POINT('Ctrl Pts',(61.2098605095248,-2.56795668549033,3.78333333333333));
#15771=CARTESIAN_POINT('Ctrl Pts',(61.1402613403436,-2.51504280309603,3.86666666666667));
#15772=CARTESIAN_POINT('Ctrl Pts',(61.1040059098623,-2.489999791803,3.90833333333333));
#15773=CARTESIAN_POINT('Ctrl Pts',(61.0287818026561,-2.44295430200256,3.99166666666667));
#15774=CARTESIAN_POINT('Ctrl Pts',(60.9898131508793,-2.42095185112193,4.03333333333333));
#15775=CARTESIAN_POINT('Ctrl Pts',(60.9093746759238,-2.38018749258283,4.11666666666667));
#15776=CARTESIAN_POINT('Ctrl Pts',(60.8679048792632,-2.36142561108736,4.15833333333333));
#15777=CARTESIAN_POINT('Ctrl Pts',(60.8252969395218,-2.3443772425513,4.2));
#15778=CARTESIAN_POINT('',(60.95,-3.21607952087684,3.7));
#15779=CARTESIAN_POINT('',(60.45,-3.21607952087684,4.2));
#15780=CARTESIAN_POINT('Origin',(61.65,-3.21607952087684,3.7));
#15781=CARTESIAN_POINT('Origin',(75.575,-19.0375,3.95));
#15782=CARTESIAN_POINT('',(75.325,-12.625,3.7));
#15783=CARTESIAN_POINT('',(75.325,-14.625,3.7));
#15784=CARTESIAN_POINT('',(75.325,-19.0375,3.7));
#15785=CARTESIAN_POINT('',(75.325,-14.625,3.7));
#15786=CARTESIAN_POINT('Ctrl Pts',(75.825,-12.855123864406,4.2));
#15787=CARTESIAN_POINT('Ctrl Pts',(75.6608533210186,-12.790161065147,4.03585332101864));
#15788=CARTESIAN_POINT('Ctrl Pts',(75.4842348756259,-12.7125539292947,3.85923487562586));
#15789=CARTESIAN_POINT('Ctrl Pts',(75.325,-12.625,3.69999999999999));
#15790=CARTESIAN_POINT('Origin',(74.95,-12.0339204791231,3.95));
#15791=CARTESIAN_POINT('',(75.65,-12.0339204791231,3.7));
#15792=CARTESIAN_POINT('',(76.15,-12.0339204791231,4.2));
#15793=CARTESIAN_POINT('Origin',(74.95,-12.0339204791231,3.7));
#15794=CARTESIAN_POINT('Origin',(75.9,-24.7125,3.95));
#15795=CARTESIAN_POINT('',(75.65,-3.21607952087684,3.7));
#15796=CARTESIAN_POINT('',(76.15,-3.21607952087684,4.2));
#15797=CARTESIAN_POINT('',(75.65,-24.7125,3.7));
#15798=CARTESIAN_POINT('Origin',(74.95,-3.21607952087684,3.95));
#15799=CARTESIAN_POINT('',(75.325,-2.62499999999999,3.7));
#15800=CARTESIAN_POINT('Origin',(74.95,-3.21607952087684,3.7));
#15801=CARTESIAN_POINT('Ctrl Pts',(75.825,-2.39487613559398,4.2));
#15802=CARTESIAN_POINT('Ctrl Pts',(75.6608533210187,-2.45983893485298,4.03585332101867));
#15803=CARTESIAN_POINT('Ctrl Pts',(75.4842348756259,-2.53744607070527,3.85923487562587));
#15804=CARTESIAN_POINT('Ctrl Pts',(75.325,-2.625,3.7));
#15805=CARTESIAN_POINT('Origin',(74.625,-14.625,3.95));
#15806=CARTESIAN_POINT('',(74.625,-15.325,3.7));
#15807=CARTESIAN_POINT('Origin',(74.625,-14.625,3.7));
#15808=CARTESIAN_POINT('',(74.625,-15.325,3.7));
#15809=CARTESIAN_POINT('Origin',(61.5625,-15.575,3.95));
#15810=CARTESIAN_POINT('',(61.975,-15.325,3.7));
#15811=CARTESIAN_POINT('',(61.975,-15.325,3.7));
#15812=CARTESIAN_POINT('',(61.5625,-15.325,3.7));
#15813=CARTESIAN_POINT('Origin',(61.975,-14.625,3.95));
#15814=CARTESIAN_POINT('',(61.275,-14.625,3.7));
#15815=CARTESIAN_POINT('Origin',(61.975,-14.625,3.7));
#15816=CARTESIAN_POINT('',(61.275,-14.625,3.7));
#15817=CARTESIAN_POINT('Origin',(61.025,-26.0625,3.95));
#15818=CARTESIAN_POINT('',(61.275,-12.625,3.7));
#15819=CARTESIAN_POINT('',(61.275,-26.0625,3.7));
#15820=CARTESIAN_POINT('Ctrl Pts',(60.775,-12.855123864406,4.2));
#15821=CARTESIAN_POINT('Ctrl Pts',(60.9391466789812,-12.790161065147,4.03585332101876));
#15822=CARTESIAN_POINT('Ctrl Pts',(61.1157651243741,-12.7125539292947,3.85923487562589));
#15823=CARTESIAN_POINT('Ctrl Pts',(61.275,-12.625,3.7));
#15824=CARTESIAN_POINT('Origin',(61.025,-26.0625,3.95));
#15825=CARTESIAN_POINT('',(61.275,-1.975,3.7));
#15826=CARTESIAN_POINT('',(61.275,-26.0625,3.7));
#15827=CARTESIAN_POINT('',(61.275,-1.975,3.7));
#15828=CARTESIAN_POINT('Origin',(61.975,-1.975,3.95));
#15829=CARTESIAN_POINT('',(61.975,-1.275,3.7));
#15830=CARTESIAN_POINT('Origin',(61.975,-1.975,3.7));
#15831=CARTESIAN_POINT('',(61.975,-1.275,3.7));
#15832=CARTESIAN_POINT('Origin',(54.5375,-1.025,3.95));
#15833=CARTESIAN_POINT('',(74.625,-1.275,3.7));
#15834=CARTESIAN_POINT('',(74.625,-1.275,3.7));
#15835=CARTESIAN_POINT('',(54.5375,-1.275,3.7));
#15836=CARTESIAN_POINT('Origin',(74.625,-1.975,3.95));
#15837=CARTESIAN_POINT('',(75.325,-1.975,3.7));
#15838=CARTESIAN_POINT('Origin',(74.625,-1.975,3.7));
#15839=CARTESIAN_POINT('',(75.325,-1.975,3.7));
#15840=CARTESIAN_POINT('Origin',(75.575,-19.0375,3.95));
#15841=CARTESIAN_POINT('',(75.325,-19.0375,3.7));
#15842=CARTESIAN_POINT('Origin',(60.7,-19.7125,3.95));
#15843=CARTESIAN_POINT('',(60.95,-12.0339204791232,3.7));
#15844=CARTESIAN_POINT('',(60.45,-12.0339204791232,4.2));
#15845=CARTESIAN_POINT('',(60.95,-19.7125,3.7));
#15846=CARTESIAN_POINT('Origin',(61.65,-12.0339204791232,3.95));
#15847=CARTESIAN_POINT('Origin',(61.65,-12.0339204791232,3.7));
#15848=CARTESIAN_POINT('Origin',(61.65,-3.21607952087684,3.05));
#15849=CARTESIAN_POINT('',(60.95,-3.21607952087684,1.9));
#15850=CARTESIAN_POINT('',(60.95,-3.21607952087684,3.05));
#15851=CARTESIAN_POINT('',(61.275,-2.62499999999999,1.9));
#15852=CARTESIAN_POINT('Origin',(61.65,-3.21607952087684,1.9));
#15853=CARTESIAN_POINT('',(61.275,-2.625,3.05));
#15854=CARTESIAN_POINT('Origin',(60.95,-2.625,1.9));
#15855=CARTESIAN_POINT('',(60.95,-12.0339204791232,1.9));
#15856=CARTESIAN_POINT('',(60.95,-12.0339204791232,3.05));
#15857=CARTESIAN_POINT('',(60.95,-19.7125,1.9));
#15858=CARTESIAN_POINT('Origin',(61.65,-12.0339204791232,3.05));
#15859=CARTESIAN_POINT('',(61.275,-12.625,1.9));
#15860=CARTESIAN_POINT('',(61.275,-12.625,3.05));
#15861=CARTESIAN_POINT('Origin',(61.65,-12.0339204791232,1.9));
#15862=CARTESIAN_POINT('Origin',(61.275,-15.325,4.2));
#15863=CARTESIAN_POINT('',(61.275,-14.625,1.9));
#15864=CARTESIAN_POINT('',(61.275,-14.625,4.2));
#15865=CARTESIAN_POINT('',(61.275,-26.0625,1.9));
#15866=CARTESIAN_POINT('Origin',(61.975,-14.625,4.2));
#15867=CARTESIAN_POINT('',(61.975,-15.325,1.9));
#15868=CARTESIAN_POINT('',(61.975,-15.325,4.2));
#15869=CARTESIAN_POINT('Origin',(61.975,-14.625,1.9));
#15870=CARTESIAN_POINT('Origin',(75.325,-15.325,4.2));
#15871=CARTESIAN_POINT('',(74.625,-15.325,1.9));
#15872=CARTESIAN_POINT('',(74.625,-15.325,4.2));
#15873=CARTESIAN_POINT('',(61.5625,-15.325,1.9));
#15874=CARTESIAN_POINT('Origin',(74.625,-14.625,4.2));
#15875=CARTESIAN_POINT('',(75.325,-14.625,1.9));
#15876=CARTESIAN_POINT('',(75.325,-14.625,4.2));
#15877=CARTESIAN_POINT('Origin',(74.625,-14.625,1.9));
#15878=CARTESIAN_POINT('Origin',(75.325,-1.275,4.2));
#15879=CARTESIAN_POINT('',(75.325,-12.625,1.9));
#15880=CARTESIAN_POINT('',(75.325,-12.625,3.05));
#15881=CARTESIAN_POINT('',(75.325,-19.0375,1.9));
#15882=CARTESIAN_POINT('Origin',(56.575,-19.0375,3.95));
#15883=CARTESIAN_POINT('',(56.325,-12.625,3.7));
#15884=CARTESIAN_POINT('',(56.325,-14.625,3.7));
#15885=CARTESIAN_POINT('',(56.325,-19.0375,3.7));
#15886=CARTESIAN_POINT('',(56.325,-14.625,3.7));
#15887=CARTESIAN_POINT('Ctrl Pts',(56.825,-12.855123864406,4.2));
#15888=CARTESIAN_POINT('Ctrl Pts',(56.6608533210187,-12.790161065147,4.03585332101873));
#15889=CARTESIAN_POINT('Ctrl Pts',(56.4842348756259,-12.7125539292947,3.85923487562588));
#15890=CARTESIAN_POINT('Ctrl Pts',(56.325,-12.625,3.7));
#15891=CARTESIAN_POINT('Origin',(55.95,-12.0339204791232,3.95));
#15892=CARTESIAN_POINT('',(56.65,-12.0339204791232,3.7));
#15893=CARTESIAN_POINT('',(57.15,-12.0339204791232,4.2));
#15894=CARTESIAN_POINT('Origin',(55.95,-12.0339204791232,3.7));
#15895=CARTESIAN_POINT('Origin',(56.9,-24.7125,3.95));
#15896=CARTESIAN_POINT('',(56.65,-3.21607952087684,3.7));
#15897=CARTESIAN_POINT('',(57.15,-3.21607952087684,4.2));
#15898=CARTESIAN_POINT('',(56.65,-24.7125,3.7));
#15899=CARTESIAN_POINT('Origin',(55.95,-3.21607952087684,3.95));
#15900=CARTESIAN_POINT('',(56.325,-2.625,3.7));
#15901=CARTESIAN_POINT('Origin',(55.95,-3.21607952087684,3.7));
#15902=CARTESIAN_POINT('Ctrl Pts',(56.825,-2.39487613559401,4.2));
#15903=CARTESIAN_POINT('Ctrl Pts',(56.6608533210188,-2.45983893485294,4.03585332101881));
#15904=CARTESIAN_POINT('Ctrl Pts',(56.4842348756259,-2.53744607070526,3.8592348756259));
#15905=CARTESIAN_POINT('Ctrl Pts',(56.325,-2.625,3.7));
#15906=CARTESIAN_POINT('Origin',(42.65,-3.21607952087684,3.95));
#15907=CARTESIAN_POINT('',(42.275,-2.625,3.7));
#15908=CARTESIAN_POINT('Ctrl Pts',(42.275,-2.625,3.7));
#15909=CARTESIAN_POINT('Ctrl Pts',(42.2432042249254,-2.59582752759201,3.74166666666667));
#15910=CARTESIAN_POINT('Ctrl Pts',(42.2098605095248,-2.56795668549033,3.78333333333333));
#15911=CARTESIAN_POINT('Ctrl Pts',(42.1402613403436,-2.51504280309602,3.86666666666667));
#15912=CARTESIAN_POINT('Ctrl Pts',(42.1040059098623,-2.48999979180299,3.90833333333333));
#15913=CARTESIAN_POINT('Ctrl Pts',(42.0287818026561,-2.44295430200256,3.99166666666667));
#15914=CARTESIAN_POINT('Ctrl Pts',(41.9898131508793,-2.42095185112193,4.03333333333333));
#15915=CARTESIAN_POINT('Ctrl Pts',(41.9093746759238,-2.38018749258282,4.11666666666667));
#15916=CARTESIAN_POINT('Ctrl Pts',(41.8679048792632,-2.36142561108735,4.15833333333333));
#15917=CARTESIAN_POINT('Ctrl Pts',(41.8252969395218,-2.34437724255128,4.2));
#15918=CARTESIAN_POINT('',(41.95,-3.21607952087684,3.7));
#15919=CARTESIAN_POINT('',(41.45,-3.21607952087684,4.2));
#15920=CARTESIAN_POINT('Origin',(42.65,-3.21607952087684,3.7));
#15921=CARTESIAN_POINT('Origin',(42.025,-26.0625,3.95));
#15922=CARTESIAN_POINT('',(42.275,-1.975,3.7));
#15923=CARTESIAN_POINT('',(42.275,-26.0625,3.7));
#15924=CARTESIAN_POINT('',(42.275,-1.975,3.7));
#15925=CARTESIAN_POINT('Origin',(42.975,-1.975,3.95));
#15926=CARTESIAN_POINT('',(42.975,-1.275,3.7));
#15927=CARTESIAN_POINT('Origin',(42.975,-1.975,3.7));
#15928=CARTESIAN_POINT('',(42.975,-1.275,3.7));
#15929=CARTESIAN_POINT('Origin',(45.0375,-1.025,3.95));
#15930=CARTESIAN_POINT('',(55.625,-1.275,3.7));
#15931=CARTESIAN_POINT('',(55.625,-1.275,3.7));
#15932=CARTESIAN_POINT('',(45.0375,-1.275,3.7));
#15933=CARTESIAN_POINT('Origin',(55.625,-1.975,3.95));
#15934=CARTESIAN_POINT('',(56.325,-1.975,3.7));
#15935=CARTESIAN_POINT('Origin',(55.625,-1.975,3.7));
#15936=CARTESIAN_POINT('',(56.325,-1.975,3.7));
#15937=CARTESIAN_POINT('Origin',(56.575,-19.0375,3.95));
#15938=CARTESIAN_POINT('',(56.325,-19.0375,3.7));
#15939=CARTESIAN_POINT('Origin',(41.7,-19.7125,3.95));
#15940=CARTESIAN_POINT('',(41.95,-12.0339204791231,3.7));
#15941=CARTESIAN_POINT('',(41.45,-12.0339204791231,4.2));
#15942=CARTESIAN_POINT('',(41.95,-19.7125,3.7));
#15943=CARTESIAN_POINT('Origin',(42.65,-12.0339204791231,3.95));
#15944=CARTESIAN_POINT('',(42.275,-12.625,3.7));
#15945=CARTESIAN_POINT('Origin',(42.65,-12.0339204791231,3.7));
#15946=CARTESIAN_POINT('Ctrl Pts',(41.775,-12.855123864406,4.2));
#15947=CARTESIAN_POINT('Ctrl Pts',(41.9391466789813,-12.790161065147,4.03585332101875));
#15948=CARTESIAN_POINT('Ctrl Pts',(42.1157651243741,-12.7125539292947,3.85923487562589));
#15949=CARTESIAN_POINT('Ctrl Pts',(42.275,-12.625,3.7));
#15950=CARTESIAN_POINT('Origin',(55.625,-14.625,3.95));
#15951=CARTESIAN_POINT('',(55.625,-15.325,3.7));
#15952=CARTESIAN_POINT('Origin',(55.625,-14.625,3.7));
#15953=CARTESIAN_POINT('',(55.625,-15.325,3.7));
#15954=CARTESIAN_POINT('Origin',(52.0625,-15.575,3.95));
#15955=CARTESIAN_POINT('',(42.975,-15.325,3.7));
#15956=CARTESIAN_POINT('',(42.975,-15.325,3.7));
#15957=CARTESIAN_POINT('',(52.0625,-15.325,3.7));
#15958=CARTESIAN_POINT('Origin',(42.975,-14.625,3.95));
#15959=CARTESIAN_POINT('',(42.275,-14.625,3.7));
#15960=CARTESIAN_POINT('Origin',(42.975,-14.625,3.7));
#15961=CARTESIAN_POINT('',(42.275,-14.625,3.7));
#15962=CARTESIAN_POINT('Origin',(42.025,-26.0625,3.95));
#15963=CARTESIAN_POINT('',(42.275,-26.0625,3.7));
#15964=CARTESIAN_POINT('Origin',(56.65,-12.625,1.9));
#15965=CARTESIAN_POINT('',(56.65,-3.21607952087684,1.9));
#15966=CARTESIAN_POINT('',(56.65,-3.21607952087684,3.05));
#15967=CARTESIAN_POINT('',(56.65,-12.0339204791232,1.9));
#15968=CARTESIAN_POINT('',(56.65,-24.7125,1.9));
#15969=CARTESIAN_POINT('',(56.65,-12.0339204791232,3.05));
#15970=CARTESIAN_POINT('Origin',(55.95,-3.21607952087684,3.05));
#15971=CARTESIAN_POINT('',(56.325,-2.625,1.9));
#15972=CARTESIAN_POINT('',(56.325,-2.625,3.05));
#15973=CARTESIAN_POINT('Origin',(55.95,-3.21607952087684,1.9));
#15974=CARTESIAN_POINT('Origin',(56.325,-1.275,4.2));
#15975=CARTESIAN_POINT('',(56.325,-1.975,1.9));
#15976=CARTESIAN_POINT('',(56.325,-1.975,4.2));
#15977=CARTESIAN_POINT('',(56.325,-19.0375,1.9));
#15978=CARTESIAN_POINT('Origin',(55.625,-1.975,4.2));
#15979=CARTESIAN_POINT('',(55.625,-1.275,1.9));
#15980=CARTESIAN_POINT('',(55.625,-1.275,4.2));
#15981=CARTESIAN_POINT('Origin',(55.625,-1.975,1.9));
#15982=CARTESIAN_POINT('Origin',(42.275,-1.275,4.2));
#15983=CARTESIAN_POINT('',(42.975,-1.275,1.9));
#15984=CARTESIAN_POINT('',(42.975,-1.275,4.2));
#15985=CARTESIAN_POINT('',(45.0375,-1.275,1.9));
#15986=CARTESIAN_POINT('Origin',(42.975,-1.975,4.2));
#15987=CARTESIAN_POINT('',(42.275,-1.975,1.9));
#15988=CARTESIAN_POINT('',(42.275,-1.975,4.2));
#15989=CARTESIAN_POINT('Origin',(42.975,-1.975,1.9));
#15990=CARTESIAN_POINT('Origin',(42.275,-15.325,4.2));
#15991=CARTESIAN_POINT('',(42.275,-2.625,1.9));
#15992=CARTESIAN_POINT('',(42.275,-2.625,3.05));
#15993=CARTESIAN_POINT('',(42.2750000000001,-26.0625,1.9));
#15994=CARTESIAN_POINT('Origin',(42.65,-3.21607952087684,3.05));
#15995=CARTESIAN_POINT('',(41.95,-3.21607952087684,1.9));
#15996=CARTESIAN_POINT('',(41.95,-3.21607952087684,3.05));
#15997=CARTESIAN_POINT('Origin',(42.65,-3.21607952087684,1.9));
#15998=CARTESIAN_POINT('Origin',(37.575,-19.0375,3.95));
#15999=CARTESIAN_POINT('',(37.325,-12.625,3.7));
#16000=CARTESIAN_POINT('',(37.325,-14.625,3.7));
#16001=CARTESIAN_POINT('',(37.325,-19.0375,3.7));
#16002=CARTESIAN_POINT('',(37.325,-14.625,3.7));
#16003=CARTESIAN_POINT('Ctrl Pts',(37.825,-12.855123864406,4.2));
#16004=CARTESIAN_POINT('Ctrl Pts',(37.6608533210187,-12.790161065147,4.03585332101871));
#16005=CARTESIAN_POINT('Ctrl Pts',(37.4842348756259,-12.7125539292947,3.85923487562588));
#16006=CARTESIAN_POINT('Ctrl Pts',(37.325,-12.625,3.7));
#16007=CARTESIAN_POINT('Origin',(36.95,-12.0339204791231,3.95));
#16008=CARTESIAN_POINT('',(37.65,-12.0339204791231,3.7));
#16009=CARTESIAN_POINT('',(38.15,-12.0339204791231,4.2));
#16010=CARTESIAN_POINT('Origin',(36.95,-12.0339204791231,3.7));
#16011=CARTESIAN_POINT('Origin',(37.9,-24.7125,3.95));
#16012=CARTESIAN_POINT('',(37.65,-3.21607952087684,3.7));
#16013=CARTESIAN_POINT('',(38.15,-3.21607952087684,4.2));
#16014=CARTESIAN_POINT('',(37.65,-24.7125,3.7));
#16015=CARTESIAN_POINT('Origin',(36.95,-3.21607952087684,3.95));
#16016=CARTESIAN_POINT('',(37.325,-2.625,3.7));
#16017=CARTESIAN_POINT('Origin',(36.95,-3.21607952087684,3.7));
#16018=CARTESIAN_POINT('Ctrl Pts',(37.825,-2.394876135594,4.2));
#16019=CARTESIAN_POINT('Ctrl Pts',(37.6608533210187,-2.45983893485299,4.03585332101867));
#16020=CARTESIAN_POINT('Ctrl Pts',(37.4842348756259,-2.53744607070528,3.85923487562587));
#16021=CARTESIAN_POINT('Ctrl Pts',(37.325,-2.625,3.7));
#16022=CARTESIAN_POINT('Origin',(23.65,-3.21607952087684,3.95));
#16023=CARTESIAN_POINT('',(23.275,-2.625,3.7));
#16024=CARTESIAN_POINT('Ctrl Pts',(23.275,-2.625,3.7));
#16025=CARTESIAN_POINT('Ctrl Pts',(23.2432042249254,-2.59582752759201,3.74166666666667));
#16026=CARTESIAN_POINT('Ctrl Pts',(23.2098605095248,-2.56795668549034,3.78333333333333));
#16027=CARTESIAN_POINT('Ctrl Pts',(23.1402613403436,-2.51504280309603,3.86666666666667));
#16028=CARTESIAN_POINT('Ctrl Pts',(23.1040059098623,-2.489999791803,3.90833333333333));
#16029=CARTESIAN_POINT('Ctrl Pts',(23.0287818026561,-2.44295430200256,3.99166666666667));
#16030=CARTESIAN_POINT('Ctrl Pts',(22.9898131508793,-2.42095185112193,4.03333333333333));
#16031=CARTESIAN_POINT('Ctrl Pts',(22.9093746759238,-2.38018749258283,4.11666666666667));
#16032=CARTESIAN_POINT('Ctrl Pts',(22.8679048792632,-2.36142561108736,4.15833333333333));
#16033=CARTESIAN_POINT('Ctrl Pts',(22.8252969395218,-2.3443772425513,4.2));
#16034=CARTESIAN_POINT('',(22.95,-3.21607952087684,3.7));
#16035=CARTESIAN_POINT('',(22.45,-3.21607952087684,4.2));
#16036=CARTESIAN_POINT('Origin',(23.65,-3.21607952087684,3.7));
#16037=CARTESIAN_POINT('Origin',(23.025,-26.0625,3.95));
#16038=CARTESIAN_POINT('',(23.275,-1.975,3.7));
#16039=CARTESIAN_POINT('',(23.275,-26.0625,3.7));
#16040=CARTESIAN_POINT('',(23.275,-1.975,3.7));
#16041=CARTESIAN_POINT('Origin',(23.975,-1.975,3.95));
#16042=CARTESIAN_POINT('',(23.975,-1.275,3.7));
#16043=CARTESIAN_POINT('Origin',(23.975,-1.975,3.7));
#16044=CARTESIAN_POINT('',(23.975,-1.275,3.7));
#16045=CARTESIAN_POINT('Origin',(35.5375,-1.025,3.95));
#16046=CARTESIAN_POINT('',(36.625,-1.275,3.7));
#16047=CARTESIAN_POINT('',(36.625,-1.275,3.7));
#16048=CARTESIAN_POINT('',(35.5375,-1.275,3.7));
#16049=CARTESIAN_POINT('Origin',(36.625,-1.975,3.95));
#16050=CARTESIAN_POINT('',(37.325,-1.975,3.7));
#16051=CARTESIAN_POINT('Origin',(36.625,-1.975,3.7));
#16052=CARTESIAN_POINT('',(37.325,-1.975,3.7));
#16053=CARTESIAN_POINT('Origin',(37.575,-19.0375,3.95));
#16054=CARTESIAN_POINT('',(37.325,-19.0375,3.7));
#16055=CARTESIAN_POINT('Origin',(22.7,-19.7125,3.95));
#16056=CARTESIAN_POINT('',(22.95,-12.0339204791231,3.7));
#16057=CARTESIAN_POINT('',(22.45,-12.0339204791231,4.2));
#16058=CARTESIAN_POINT('',(22.95,-19.7125,3.7));
#16059=CARTESIAN_POINT('Origin',(23.65,-12.0339204791231,3.95));
#16060=CARTESIAN_POINT('',(23.275,-12.625,3.7));
#16061=CARTESIAN_POINT('Origin',(23.65,-12.0339204791231,3.7));
#16062=CARTESIAN_POINT('Ctrl Pts',(22.775,-12.855123864406,4.2));
#16063=CARTESIAN_POINT('Ctrl Pts',(22.9391466789813,-12.790161065147,4.03585332101868));
#16064=CARTESIAN_POINT('Ctrl Pts',(23.1157651243741,-12.7125539292947,3.85923487562587));
#16065=CARTESIAN_POINT('Ctrl Pts',(23.275,-12.625,3.7));
#16066=CARTESIAN_POINT('Origin',(36.625,-14.625,3.95));
#16067=CARTESIAN_POINT('',(36.625,-15.325,3.7));
#16068=CARTESIAN_POINT('Origin',(36.625,-14.625,3.7));
#16069=CARTESIAN_POINT('',(36.625,-15.325,3.7));
#16070=CARTESIAN_POINT('Origin',(42.5625,-15.575,3.95));
#16071=CARTESIAN_POINT('',(23.975,-15.325,3.7));
#16072=CARTESIAN_POINT('',(23.975,-15.325,3.7));
#16073=CARTESIAN_POINT('',(42.5625,-15.325,3.7));
#16074=CARTESIAN_POINT('Origin',(23.975,-14.625,3.95));
#16075=CARTESIAN_POINT('',(23.275,-14.625,3.7));
#16076=CARTESIAN_POINT('Origin',(23.975,-14.625,3.7));
#16077=CARTESIAN_POINT('',(23.275,-14.625,3.7));
#16078=CARTESIAN_POINT('Origin',(23.025,-26.0625,3.95));
#16079=CARTESIAN_POINT('',(23.275,-26.0625,3.7));
#16080=CARTESIAN_POINT('Origin',(37.65,-12.625,1.9));
#16081=CARTESIAN_POINT('',(37.65,-3.21607952087684,1.9));
#16082=CARTESIAN_POINT('',(37.65,-3.21607952087684,3.05));
#16083=CARTESIAN_POINT('',(37.65,-12.0339204791231,1.9));
#16084=CARTESIAN_POINT('',(37.65,-24.7125,1.9));
#16085=CARTESIAN_POINT('',(37.65,-12.0339204791231,3.05));
#16086=CARTESIAN_POINT('Origin',(36.95,-3.21607952087684,3.05));
#16087=CARTESIAN_POINT('',(37.325,-2.625,1.9));
#16088=CARTESIAN_POINT('',(37.325,-2.625,3.05));
#16089=CARTESIAN_POINT('Origin',(36.95,-3.21607952087684,1.9));
#16090=CARTESIAN_POINT('Origin',(37.325,-1.275,4.2));
#16091=CARTESIAN_POINT('',(37.325,-1.975,1.9));
#16092=CARTESIAN_POINT('',(37.325,-1.975,4.2));
#16093=CARTESIAN_POINT('',(37.325,-19.0375,1.9));
#16094=CARTESIAN_POINT('Origin',(36.625,-1.975,4.2));
#16095=CARTESIAN_POINT('',(36.625,-1.275,1.9));
#16096=CARTESIAN_POINT('',(36.625,-1.275,4.2));
#16097=CARTESIAN_POINT('Origin',(36.625,-1.975,1.9));
#16098=CARTESIAN_POINT('Origin',(23.275,-1.275,4.2));
#16099=CARTESIAN_POINT('',(23.975,-1.275,1.9));
#16100=CARTESIAN_POINT('',(23.975,-1.275,4.2));
#16101=CARTESIAN_POINT('',(35.5375,-1.275,1.9));
#16102=CARTESIAN_POINT('Origin',(23.975,-1.975,4.2));
#16103=CARTESIAN_POINT('',(23.275,-1.97499999999999,1.9));
#16104=CARTESIAN_POINT('',(23.275,-1.975,4.2));
#16105=CARTESIAN_POINT('Origin',(23.975,-1.975,1.9));
#16106=CARTESIAN_POINT('Origin',(23.275,-15.325,4.2));
#16107=CARTESIAN_POINT('',(23.275,-2.625,1.9));
#16108=CARTESIAN_POINT('',(23.275,-2.625,3.05));
#16109=CARTESIAN_POINT('',(23.275,-26.0625,1.9));
#16110=CARTESIAN_POINT('Origin',(23.65,-3.21607952087684,3.05));
#16111=CARTESIAN_POINT('',(22.95,-3.21607952087684,1.9));
#16112=CARTESIAN_POINT('',(22.95,-3.21607952087684,3.05));
#16113=CARTESIAN_POINT('Origin',(23.65,-3.21607952087684,1.9));
#16114=CARTESIAN_POINT('Origin',(4.65,-3.21607952087684,3.95));
#16115=CARTESIAN_POINT('',(4.27499999999999,-2.625,3.7));
#16116=CARTESIAN_POINT('Ctrl Pts',(4.27499999999999,-2.625,3.7));
#16117=CARTESIAN_POINT('Ctrl Pts',(4.24320422492543,-2.59582752759201,3.74166666666667));
#16118=CARTESIAN_POINT('Ctrl Pts',(4.20986050952482,-2.56795668549034,3.78333333333333));
#16119=CARTESIAN_POINT('Ctrl Pts',(4.14026134034361,-2.51504280309603,3.86666666666667));
#16120=CARTESIAN_POINT('Ctrl Pts',(4.10400590986232,-2.489999791803,3.90833333333333));
#16121=CARTESIAN_POINT('Ctrl Pts',(4.02878180265614,-2.44295430200256,3.99166666666667));
#16122=CARTESIAN_POINT('Ctrl Pts',(3.98981315087933,-2.42095185112193,4.03333333333333));
#16123=CARTESIAN_POINT('Ctrl Pts',(3.90937467592382,-2.38018749258283,4.11666666666667));
#16124=CARTESIAN_POINT('Ctrl Pts',(3.8679048792632,-2.36142561108736,4.15833333333333));
#16125=CARTESIAN_POINT('Ctrl Pts',(3.82529693952183,-2.3443772425513,4.2));
#16126=CARTESIAN_POINT('',(3.94999999999999,-3.21607952087684,3.7));
#16127=CARTESIAN_POINT('',(3.44999999999999,-3.21607952087684,4.2));
#16128=CARTESIAN_POINT('Origin',(4.65,-3.21607952087684,3.7));
#16129=CARTESIAN_POINT('Origin',(3.7,-19.7125,3.95));
#16130=CARTESIAN_POINT('',(3.94999999999999,-12.0339204791232,3.7));
#16131=CARTESIAN_POINT('',(3.45,-12.0339204791232,4.2));
#16132=CARTESIAN_POINT('',(3.94999999999999,-19.7125,3.7));
#16133=CARTESIAN_POINT('Origin',(4.64999999999999,-12.0339204791232,3.95));
#16134=CARTESIAN_POINT('',(4.275,-12.625,3.7));
#16135=CARTESIAN_POINT('Origin',(4.64999999999999,-12.0339204791232,3.7));
#16136=CARTESIAN_POINT('Ctrl Pts',(3.77499999999999,-12.855123864406,4.2));
#16137=CARTESIAN_POINT('Ctrl Pts',(3.93914667898131,-12.790161065147,4.03585332101868));
#16138=CARTESIAN_POINT('Ctrl Pts',(4.11576512437412,-12.7125539292947,3.85923487562587));
#16139=CARTESIAN_POINT('Ctrl Pts',(4.275,-12.625,3.7));
#16140=CARTESIAN_POINT('Origin',(18.575,-19.0375,3.95));
#16141=CARTESIAN_POINT('',(18.325,-12.625,3.7));
#16142=CARTESIAN_POINT('',(18.325,-14.625,3.7));
#16143=CARTESIAN_POINT('',(18.325,-19.0375,3.7));
#16144=CARTESIAN_POINT('',(18.325,-14.625,3.7));
#16145=CARTESIAN_POINT('Ctrl Pts',(18.825,-12.855123864406,4.2));
#16146=CARTESIAN_POINT('Ctrl Pts',(18.6608533210187,-12.790161065147,4.03585332101871));
#16147=CARTESIAN_POINT('Ctrl Pts',(18.4842348756259,-12.7125539292947,3.85923487562588));
#16148=CARTESIAN_POINT('Ctrl Pts',(18.325,-12.625,3.7));
#16149=CARTESIAN_POINT('Origin',(17.625,-14.625,3.95));
#16150=CARTESIAN_POINT('',(17.625,-15.325,3.7));
#16151=CARTESIAN_POINT('Origin',(17.625,-14.625,3.7));
#16152=CARTESIAN_POINT('',(17.625,-15.325,3.7));
#16153=CARTESIAN_POINT('Origin',(33.0625,-15.575,3.95));
#16154=CARTESIAN_POINT('',(4.975,-15.325,3.7));
#16155=CARTESIAN_POINT('',(4.975,-15.325,3.7));
#16156=CARTESIAN_POINT('',(33.0625,-15.325,3.7));
#16157=CARTESIAN_POINT('Origin',(4.975,-14.625,3.95));
#16158=CARTESIAN_POINT('',(4.275,-14.625,3.7));
#16159=CARTESIAN_POINT('Origin',(4.975,-14.625,3.7));
#16160=CARTESIAN_POINT('',(4.275,-14.625,3.7));
#16161=CARTESIAN_POINT('Origin',(4.02499999999999,-26.0625,3.95));
#16162=CARTESIAN_POINT('',(4.275,-26.0625,3.7));
#16163=CARTESIAN_POINT('Origin',(17.95,-12.0339204791232,3.95));
#16164=CARTESIAN_POINT('',(18.65,-12.0339204791232,3.7));
#16165=CARTESIAN_POINT('',(19.15,-12.0339204791232,4.2));
#16166=CARTESIAN_POINT('Origin',(17.95,-12.0339204791232,3.7));
#16167=CARTESIAN_POINT('Origin',(18.9,-24.7125,3.95));
#16168=CARTESIAN_POINT('',(18.65,-3.21607952087684,3.7));
#16169=CARTESIAN_POINT('',(19.15,-3.21607952087684,4.2));
#16170=CARTESIAN_POINT('',(18.65,-24.7125,3.7));
#16171=CARTESIAN_POINT('Origin',(17.95,-3.21607952087684,3.95));
#16172=CARTESIAN_POINT('',(18.325,-2.62499999999999,3.7));
#16173=CARTESIAN_POINT('Origin',(17.95,-3.21607952087684,3.7));
#16174=CARTESIAN_POINT('Ctrl Pts',(18.825,-2.394876135594,4.2));
#16175=CARTESIAN_POINT('Ctrl Pts',(18.6608533210187,-2.45983893485298,4.0358533210187));
#16176=CARTESIAN_POINT('Ctrl Pts',(18.4842348756259,-2.53744607070527,3.85923487562588));
#16177=CARTESIAN_POINT('Ctrl Pts',(18.325,-2.62499999999999,3.7));
#16178=CARTESIAN_POINT('Origin',(4.02499999999999,-26.0625,3.95));
#16179=CARTESIAN_POINT('',(4.27499999999999,-1.975,3.7));
#16180=CARTESIAN_POINT('',(4.275,-26.0625,3.7));
#16181=CARTESIAN_POINT('',(4.27499999999999,-1.975,3.7));
#16182=CARTESIAN_POINT('Origin',(4.97499999999999,-1.975,3.95));
#16183=CARTESIAN_POINT('',(4.97499999999999,-1.275,3.7));
#16184=CARTESIAN_POINT('Origin',(4.97499999999999,-1.975,3.7));
#16185=CARTESIAN_POINT('',(4.97499999999999,-1.275,3.7));
#16186=CARTESIAN_POINT('Origin',(26.0375,-1.025,3.95));
#16187=CARTESIAN_POINT('',(17.625,-1.275,3.7));
#16188=CARTESIAN_POINT('',(17.625,-1.275,3.7));
#16189=CARTESIAN_POINT('',(26.0375,-1.275,3.7));
#16190=CARTESIAN_POINT('Origin',(17.625,-1.975,3.95));
#16191=CARTESIAN_POINT('',(18.325,-1.975,3.7));
#16192=CARTESIAN_POINT('Origin',(17.625,-1.975,3.7));
#16193=CARTESIAN_POINT('',(18.325,-1.975,3.7));
#16194=CARTESIAN_POINT('Origin',(18.575,-19.0375,3.95));
#16195=CARTESIAN_POINT('',(18.325,-19.0375,3.7));
#16196=CARTESIAN_POINT('Origin',(4.65,-3.21607952087684,3.05));
#16197=CARTESIAN_POINT('',(3.95,-3.21607952087684,1.9));
#16198=CARTESIAN_POINT('',(3.94999999999999,-3.21607952087684,3.05));
#16199=CARTESIAN_POINT('',(4.27499999999999,-2.625,1.9));
#16200=CARTESIAN_POINT('Origin',(4.65,-3.21607952087684,1.9));
#16201=CARTESIAN_POINT('',(4.27499999999999,-2.625,3.05));
#16202=CARTESIAN_POINT('Origin',(3.94999999999999,-2.625,1.9));
#16203=CARTESIAN_POINT('',(3.95,-12.0339204791232,1.9));
#16204=CARTESIAN_POINT('',(3.94999999999999,-12.0339204791232,3.05));
#16205=CARTESIAN_POINT('',(3.95,-19.7125,1.9));
#16206=CARTESIAN_POINT('Origin',(4.64999999999999,-12.0339204791232,3.05));
#16207=CARTESIAN_POINT('',(4.275,-12.625,1.9));
#16208=CARTESIAN_POINT('',(4.275,-12.625,3.05));
#16209=CARTESIAN_POINT('Origin',(4.64999999999999,-12.0339204791232,1.9));
#16210=CARTESIAN_POINT('Origin',(4.275,-15.325,4.2));
#16211=CARTESIAN_POINT('',(4.27499999999999,-14.625,1.9));
#16212=CARTESIAN_POINT('',(4.275,-14.625,4.2));
#16213=CARTESIAN_POINT('',(4.27499999999999,-26.0625,1.9));
#16214=CARTESIAN_POINT('Origin',(4.975,-14.625,4.2));
#16215=CARTESIAN_POINT('',(4.975,-15.325,1.9));
#16216=CARTESIAN_POINT('',(4.975,-15.325,4.2));
#16217=CARTESIAN_POINT('Origin',(4.975,-14.625,1.9));
#16218=CARTESIAN_POINT('Origin',(18.325,-15.325,4.2));
#16219=CARTESIAN_POINT('',(17.625,-15.325,1.9));
#16220=CARTESIAN_POINT('',(17.625,-15.325,4.2));
#16221=CARTESIAN_POINT('',(33.0625,-15.325,1.9));
#16222=CARTESIAN_POINT('Origin',(17.625,-14.625,4.2));
#16223=CARTESIAN_POINT('',(18.325,-14.625,1.9));
#16224=CARTESIAN_POINT('',(18.325,-14.625,4.2));
#16225=CARTESIAN_POINT('Origin',(17.625,-14.625,1.9));
#16226=CARTESIAN_POINT('Origin',(18.325,-1.275,4.2));
#16227=CARTESIAN_POINT('',(18.325,-12.625,1.9));
#16228=CARTESIAN_POINT('',(18.325,-12.625,3.05));
#16229=CARTESIAN_POINT('',(18.325,-19.0375,1.9));
#16230=CARTESIAN_POINT('Origin',(12.65,-22.2160795208768,3.95));
#16231=CARTESIAN_POINT('',(12.275,-21.625,3.7));
#16232=CARTESIAN_POINT('Ctrl Pts',(12.275,-21.625,3.7));
#16233=CARTESIAN_POINT('Ctrl Pts',(12.2432042249254,-21.595827527592,3.74166666666667));
#16234=CARTESIAN_POINT('Ctrl Pts',(12.2098605095248,-21.5679566854903,3.78333333333333));
#16235=CARTESIAN_POINT('Ctrl Pts',(12.1402613403436,-21.515042803096,3.86666666666667));
#16236=CARTESIAN_POINT('Ctrl Pts',(12.1040059098623,-21.489999791803,3.90833333333333));
#16237=CARTESIAN_POINT('Ctrl Pts',(12.0287818026561,-21.4429543020026,3.99166666666667));
#16238=CARTESIAN_POINT('Ctrl Pts',(11.9898131508793,-21.4209518511219,4.03333333333333));
#16239=CARTESIAN_POINT('Ctrl Pts',(11.9093746759238,-21.3801874925828,4.11666666666667));
#16240=CARTESIAN_POINT('Ctrl Pts',(11.8679048792632,-21.3614256110874,4.15833333333333));
#16241=CARTESIAN_POINT('Ctrl Pts',(11.8252969395218,-21.3443772425513,4.2));
#16242=CARTESIAN_POINT('',(11.95,-22.2160795208768,3.7));
#16243=CARTESIAN_POINT('',(11.45,-22.2160795208768,4.2));
#16244=CARTESIAN_POINT('Origin',(12.65,-22.2160795208768,3.7));
#16245=CARTESIAN_POINT('Origin',(25.95,-30.9839204791232,3.95));
#16246=CARTESIAN_POINT('',(26.325,-31.575,3.7));
#16247=CARTESIAN_POINT('Ctrl Pts',(26.325,-31.575,3.7));
#16248=CARTESIAN_POINT('Ctrl Pts',(26.3567957750746,-31.604172472408,3.74166666666667));
#16249=CARTESIAN_POINT('Ctrl Pts',(26.3901394904752,-31.6320433145097,3.78333333333333));
#16250=CARTESIAN_POINT('Ctrl Pts',(26.4597386596564,-31.684957196904,3.86666666666667));
#16251=CARTESIAN_POINT('Ctrl Pts',(26.4959940901377,-31.710000208197,3.90833333333333));
#16252=CARTESIAN_POINT('Ctrl Pts',(26.5712181973439,-31.7570456979974,3.99166666666667));
#16253=CARTESIAN_POINT('Ctrl Pts',(26.6101868491207,-31.7790481488781,4.03333333333333));
#16254=CARTESIAN_POINT('Ctrl Pts',(26.6906253240762,-31.8198125074172,4.11666666666667));
#16255=CARTESIAN_POINT('Ctrl Pts',(26.7320951207368,-31.8385743889126,4.15833333333333));
#16256=CARTESIAN_POINT('Ctrl Pts',(26.7747030604782,-31.8556227574487,4.2));
#16257=CARTESIAN_POINT('',(26.65,-30.9839204791232,3.7));
#16258=CARTESIAN_POINT('',(27.15,-30.9839204791232,4.2));
#16259=CARTESIAN_POINT('Origin',(25.95,-30.9839204791232,3.7));
#16260=CARTESIAN_POINT('Origin',(26.9,-34.1875,3.95));
#16261=CARTESIAN_POINT('',(26.65,-22.2160795208768,3.7));
#16262=CARTESIAN_POINT('',(27.15,-22.2160795208768,4.2));
#16263=CARTESIAN_POINT('',(26.65,-34.1875,3.7));
#16264=CARTESIAN_POINT('Origin',(25.95,-22.2160795208768,3.95));
#16265=CARTESIAN_POINT('',(26.325,-21.625,3.7));
#16266=CARTESIAN_POINT('Origin',(25.95,-22.2160795208768,3.7));
#16267=CARTESIAN_POINT('Ctrl Pts',(26.825,-21.394876135594,4.2));
#16268=CARTESIAN_POINT('Ctrl Pts',(26.6608533210187,-21.459838934853,4.03585332101866));
#16269=CARTESIAN_POINT('Ctrl Pts',(26.4842348756259,-21.5374460707053,3.85923487562587));
#16270=CARTESIAN_POINT('Ctrl Pts',(26.325,-21.625,3.7));
#16271=CARTESIAN_POINT('Origin',(26.575,-28.5375,3.95));
#16272=CARTESIAN_POINT('',(26.325,-33.625,3.7));
#16273=CARTESIAN_POINT('',(26.325,-28.5375,3.7));
#16274=CARTESIAN_POINT('',(26.325,-33.625,3.7));
#16275=CARTESIAN_POINT('Origin',(25.625,-33.625,3.95));
#16276=CARTESIAN_POINT('',(25.625,-34.325,3.7));
#16277=CARTESIAN_POINT('Origin',(25.625,-33.625,3.7));
#16278=CARTESIAN_POINT('',(25.625,-34.325,3.7));
#16279=CARTESIAN_POINT('Origin',(37.0625,-34.575,3.95));
#16280=CARTESIAN_POINT('',(12.975,-34.325,3.7));
#16281=CARTESIAN_POINT('',(12.975,-34.325,3.7));
#16282=CARTESIAN_POINT('',(37.0625,-34.325,3.7));
#16283=CARTESIAN_POINT('Origin',(12.975,-33.625,3.95));
#16284=CARTESIAN_POINT('',(12.275,-33.625,3.7));
#16285=CARTESIAN_POINT('Origin',(12.975,-33.625,3.7));
#16286=CARTESIAN_POINT('',(12.275,-33.625,3.7));
#16287=CARTESIAN_POINT('Origin',(12.025,-35.5625,3.95));
#16288=CARTESIAN_POINT('',(12.275,-31.575,3.7));
#16289=CARTESIAN_POINT('',(12.275,-35.5625,3.7));
#16290=CARTESIAN_POINT('Ctrl Pts',(11.775,-31.805123864406,4.2));
#16291=CARTESIAN_POINT('Ctrl Pts',(11.9391466789813,-31.740161065147,4.0358533210187));
#16292=CARTESIAN_POINT('Ctrl Pts',(12.1157651243741,-31.6625539292947,3.85923487562588));
#16293=CARTESIAN_POINT('Ctrl Pts',(12.275,-31.575,3.7));
#16294=CARTESIAN_POINT('Origin',(12.025,-35.5625,3.95));
#16295=CARTESIAN_POINT('',(12.275,-20.975,3.7));
#16296=CARTESIAN_POINT('',(12.275,-35.5625,3.7));
#16297=CARTESIAN_POINT('',(12.275,-20.975,3.7));
#16298=CARTESIAN_POINT('Origin',(12.975,-20.975,3.95));
#16299=CARTESIAN_POINT('',(12.975,-20.275,3.7));
#16300=CARTESIAN_POINT('Origin',(12.975,-20.975,3.7));
#16301=CARTESIAN_POINT('',(12.975,-20.275,3.7));
#16302=CARTESIAN_POINT('Origin',(30.0375,-20.025,3.95));
#16303=CARTESIAN_POINT('',(25.625,-20.275,3.7));
#16304=CARTESIAN_POINT('',(25.625,-20.275,3.7));
#16305=CARTESIAN_POINT('',(30.0375,-20.275,3.7));
#16306=CARTESIAN_POINT('Origin',(25.625,-20.975,3.95));
#16307=CARTESIAN_POINT('',(26.325,-20.975,3.7));
#16308=CARTESIAN_POINT('Origin',(25.625,-20.975,3.7));
#16309=CARTESIAN_POINT('',(26.325,-20.975,3.7));
#16310=CARTESIAN_POINT('Origin',(26.575,-28.5375,3.95));
#16311=CARTESIAN_POINT('',(26.325,-28.5375,3.7));
#16312=CARTESIAN_POINT('Origin',(11.7,-29.2125,3.95));
#16313=CARTESIAN_POINT('',(11.95,-30.9839204791232,3.7));
#16314=CARTESIAN_POINT('',(11.45,-30.9839204791232,4.2));
#16315=CARTESIAN_POINT('',(11.95,-29.2125,3.7));
#16316=CARTESIAN_POINT('Origin',(12.65,-30.9839204791232,3.95));
#16317=CARTESIAN_POINT('Origin',(12.65,-30.9839204791232,3.7));
#16318=CARTESIAN_POINT('Origin',(11.95,-21.625,1.9));
#16319=CARTESIAN_POINT('',(11.95,-30.9839204791232,1.9));
#16320=CARTESIAN_POINT('',(11.95,-30.9839204791232,3.05));
#16321=CARTESIAN_POINT('',(11.95,-22.2160795208768,1.9));
#16322=CARTESIAN_POINT('',(11.95,-29.2125,1.9));
#16323=CARTESIAN_POINT('',(11.95,-22.2160795208768,3.05));
#16324=CARTESIAN_POINT('Origin',(12.65,-30.9839204791232,3.05));
#16325=CARTESIAN_POINT('',(12.275,-31.575,1.9));
#16326=CARTESIAN_POINT('',(12.275,-31.575,3.05));
#16327=CARTESIAN_POINT('Origin',(12.65,-30.9839204791232,1.9));
#16328=CARTESIAN_POINT('Origin',(12.275,-34.325,4.2));
#16329=CARTESIAN_POINT('',(12.275,-33.625,1.9));
#16330=CARTESIAN_POINT('',(12.275,-33.625,4.2));
#16331=CARTESIAN_POINT('',(12.275,-35.5625,1.9));
#16332=CARTESIAN_POINT('Origin',(12.975,-33.625,4.2));
#16333=CARTESIAN_POINT('',(12.975,-34.325,1.9));
#16334=CARTESIAN_POINT('',(12.975,-34.325,4.2));
#16335=CARTESIAN_POINT('Origin',(12.975,-33.625,1.9));
#16336=CARTESIAN_POINT('Origin',(26.325,-34.325,4.2));
#16337=CARTESIAN_POINT('',(25.625,-34.325,1.9));
#16338=CARTESIAN_POINT('',(25.625,-34.325,4.2));
#16339=CARTESIAN_POINT('',(37.0625,-34.325,1.9));
#16340=CARTESIAN_POINT('Origin',(25.625,-33.625,4.2));
#16341=CARTESIAN_POINT('',(26.325,-33.625,1.9));
#16342=CARTESIAN_POINT('',(26.325,-33.625,4.2));
#16343=CARTESIAN_POINT('Origin',(25.625,-33.625,1.9));
#16344=CARTESIAN_POINT('Origin',(26.325,-20.275,4.2));
#16345=CARTESIAN_POINT('',(26.325,-31.575,1.9));
#16346=CARTESIAN_POINT('',(26.325,-31.575,3.05));
#16347=CARTESIAN_POINT('',(26.325,-28.5375,1.9));
#16348=CARTESIAN_POINT('Origin',(25.95,-30.9839204791232,3.05));
#16349=CARTESIAN_POINT('',(26.65,-30.9839204791232,1.9));
#16350=CARTESIAN_POINT('',(26.65,-30.9839204791232,3.05));
#16351=CARTESIAN_POINT('Origin',(25.95,-30.9839204791232,1.9));
#16352=CARTESIAN_POINT('Origin',(31.65,-22.2160795208768,3.95));
#16353=CARTESIAN_POINT('',(31.275,-21.625,3.7));
#16354=CARTESIAN_POINT('Ctrl Pts',(31.275,-21.625,3.7));
#16355=CARTESIAN_POINT('Ctrl Pts',(31.2432042249254,-21.595827527592,3.74166666666667));
#16356=CARTESIAN_POINT('Ctrl Pts',(31.2098605095248,-21.5679566854903,3.78333333333333));
#16357=CARTESIAN_POINT('Ctrl Pts',(31.1402613403436,-21.515042803096,3.86666666666667));
#16358=CARTESIAN_POINT('Ctrl Pts',(31.1040059098623,-21.489999791803,3.90833333333333));
#16359=CARTESIAN_POINT('Ctrl Pts',(31.0287818026561,-21.4429543020026,3.99166666666667));
#16360=CARTESIAN_POINT('Ctrl Pts',(30.9898131508793,-21.4209518511219,4.03333333333333));
#16361=CARTESIAN_POINT('Ctrl Pts',(30.9093746759238,-21.3801874925828,4.11666666666667));
#16362=CARTESIAN_POINT('Ctrl Pts',(30.8679048792632,-21.3614256110874,4.15833333333333));
#16363=CARTESIAN_POINT('Ctrl Pts',(30.8252969395218,-21.3443772425513,4.2));
#16364=CARTESIAN_POINT('',(30.95,-22.2160795208768,3.7));
#16365=CARTESIAN_POINT('',(30.45,-22.2160795208768,4.2));
#16366=CARTESIAN_POINT('Origin',(31.65,-22.2160795208768,3.7));
#16367=CARTESIAN_POINT('Origin',(44.95,-30.9839204791232,3.95));
#16368=CARTESIAN_POINT('',(45.325,-31.575,3.7));
#16369=CARTESIAN_POINT('Ctrl Pts',(45.325,-31.575,3.7));
#16370=CARTESIAN_POINT('Ctrl Pts',(45.3567957750746,-31.604172472408,3.74166666666667));
#16371=CARTESIAN_POINT('Ctrl Pts',(45.3901394904752,-31.6320433145097,3.78333333333333));
#16372=CARTESIAN_POINT('Ctrl Pts',(45.4597386596564,-31.684957196904,3.86666666666667));
#16373=CARTESIAN_POINT('Ctrl Pts',(45.4959940901377,-31.710000208197,3.90833333333333));
#16374=CARTESIAN_POINT('Ctrl Pts',(45.5712181973439,-31.7570456979974,3.99166666666667));
#16375=CARTESIAN_POINT('Ctrl Pts',(45.6101868491207,-31.7790481488781,4.03333333333333));
#16376=CARTESIAN_POINT('Ctrl Pts',(45.6906253240762,-31.8198125074172,4.11666666666667));
#16377=CARTESIAN_POINT('Ctrl Pts',(45.7320951207368,-31.8385743889126,4.15833333333333));
#16378=CARTESIAN_POINT('Ctrl Pts',(45.7747030604782,-31.8556227574487,4.2));
#16379=CARTESIAN_POINT('',(45.65,-30.9839204791232,3.7));
#16380=CARTESIAN_POINT('',(46.15,-30.9839204791232,4.2));
#16381=CARTESIAN_POINT('Origin',(44.95,-30.9839204791232,3.7));
#16382=CARTESIAN_POINT('Origin',(45.9,-34.1875,3.95));
#16383=CARTESIAN_POINT('',(45.65,-22.2160795208768,3.7));
#16384=CARTESIAN_POINT('',(46.15,-22.2160795208768,4.2));
#16385=CARTESIAN_POINT('',(45.65,-34.1875,3.7));
#16386=CARTESIAN_POINT('Origin',(44.95,-22.2160795208768,3.95));
#16387=CARTESIAN_POINT('',(45.325,-21.625,3.7));
#16388=CARTESIAN_POINT('Origin',(44.95,-22.2160795208768,3.7));
#16389=CARTESIAN_POINT('Ctrl Pts',(45.825,-21.394876135594,4.2));
#16390=CARTESIAN_POINT('Ctrl Pts',(45.6608533210187,-21.459838934853,4.03585332101875));
#16391=CARTESIAN_POINT('Ctrl Pts',(45.4842348756259,-21.5374460707053,3.85923487562589));
#16392=CARTESIAN_POINT('Ctrl Pts',(45.325,-21.625,3.7));
#16393=CARTESIAN_POINT('Origin',(45.575,-28.5375,3.95));
#16394=CARTESIAN_POINT('',(45.325,-33.625,3.7));
#16395=CARTESIAN_POINT('',(45.325,-28.5375,3.7));
#16396=CARTESIAN_POINT('',(45.325,-33.625,3.7));
#16397=CARTESIAN_POINT('Origin',(44.625,-33.625,3.95));
#16398=CARTESIAN_POINT('',(44.625,-34.325,3.7));
#16399=CARTESIAN_POINT('Origin',(44.625,-33.625,3.7));
#16400=CARTESIAN_POINT('',(44.625,-34.325,3.7));
#16401=CARTESIAN_POINT('Origin',(46.5625,-34.575,3.95));
#16402=CARTESIAN_POINT('',(31.975,-34.325,3.7));
#16403=CARTESIAN_POINT('',(31.975,-34.325,3.7));
#16404=CARTESIAN_POINT('',(46.5625,-34.325,3.7));
#16405=CARTESIAN_POINT('Origin',(31.975,-33.625,3.95));
#16406=CARTESIAN_POINT('',(31.275,-33.625,3.7));
#16407=CARTESIAN_POINT('Origin',(31.975,-33.625,3.7));
#16408=CARTESIAN_POINT('',(31.275,-33.625,3.7));
#16409=CARTESIAN_POINT('Origin',(31.025,-35.5625,3.95));
#16410=CARTESIAN_POINT('',(31.275,-31.575,3.7));
#16411=CARTESIAN_POINT('',(31.275,-35.5625,3.7));
#16412=CARTESIAN_POINT('Ctrl Pts',(30.775,-31.805123864406,4.2));
#16413=CARTESIAN_POINT('Ctrl Pts',(30.9391466789813,-31.740161065147,4.03585332101869));
#16414=CARTESIAN_POINT('Ctrl Pts',(31.1157651243741,-31.6625539292947,3.85923487562588));
#16415=CARTESIAN_POINT('Ctrl Pts',(31.275,-31.575,3.7));
#16416=CARTESIAN_POINT('Origin',(31.025,-35.5625,3.95));
#16417=CARTESIAN_POINT('',(31.275,-20.975,3.7));
#16418=CARTESIAN_POINT('',(31.275,-35.5625,3.7));
#16419=CARTESIAN_POINT('',(31.275,-20.975,3.7));
#16420=CARTESIAN_POINT('Origin',(31.975,-20.975,3.95));
#16421=CARTESIAN_POINT('',(31.975,-20.275,3.7));
#16422=CARTESIAN_POINT('Origin',(31.975,-20.975,3.7));
#16423=CARTESIAN_POINT('',(31.975,-20.275,3.7));
#16424=CARTESIAN_POINT('Origin',(39.5375,-20.025,3.95));
#16425=CARTESIAN_POINT('',(44.625,-20.275,3.7));
#16426=CARTESIAN_POINT('',(44.625,-20.275,3.7));
#16427=CARTESIAN_POINT('',(39.5375,-20.275,3.7));
#16428=CARTESIAN_POINT('Origin',(44.625,-20.975,3.95));
#16429=CARTESIAN_POINT('',(45.325,-20.975,3.7));
#16430=CARTESIAN_POINT('Origin',(44.625,-20.975,3.7));
#16431=CARTESIAN_POINT('',(45.325,-20.975,3.7));
#16432=CARTESIAN_POINT('Origin',(45.575,-28.5375,3.95));
#16433=CARTESIAN_POINT('',(45.325,-28.5375,3.7));
#16434=CARTESIAN_POINT('Origin',(30.7,-29.2125,3.95));
#16435=CARTESIAN_POINT('',(30.95,-30.9839204791232,3.7));
#16436=CARTESIAN_POINT('',(30.45,-30.9839204791232,4.2));
#16437=CARTESIAN_POINT('',(30.95,-29.2125,3.7));
#16438=CARTESIAN_POINT('Origin',(31.65,-30.9839204791232,3.95));
#16439=CARTESIAN_POINT('Origin',(31.65,-30.9839204791232,3.7));
#16440=CARTESIAN_POINT('Origin',(30.95,-21.625,1.9));
#16441=CARTESIAN_POINT('',(30.95,-30.9839204791232,1.9));
#16442=CARTESIAN_POINT('',(30.95,-30.9839204791232,3.05));
#16443=CARTESIAN_POINT('',(30.95,-22.2160795208768,1.9));
#16444=CARTESIAN_POINT('',(30.95,-29.2125,1.9));
#16445=CARTESIAN_POINT('',(30.95,-22.2160795208768,3.05));
#16446=CARTESIAN_POINT('Origin',(31.65,-30.9839204791232,3.05));
#16447=CARTESIAN_POINT('',(31.275,-31.575,1.9));
#16448=CARTESIAN_POINT('',(31.275,-31.575,3.05));
#16449=CARTESIAN_POINT('Origin',(31.65,-30.9839204791232,1.9));
#16450=CARTESIAN_POINT('Origin',(31.275,-34.325,4.2));
#16451=CARTESIAN_POINT('',(31.275,-33.625,1.9));
#16452=CARTESIAN_POINT('',(31.275,-33.625,4.2));
#16453=CARTESIAN_POINT('',(31.275,-35.5625,1.9));
#16454=CARTESIAN_POINT('Origin',(31.975,-33.625,4.2));
#16455=CARTESIAN_POINT('',(31.975,-34.325,1.9));
#16456=CARTESIAN_POINT('',(31.975,-34.325,4.2));
#16457=CARTESIAN_POINT('Origin',(31.975,-33.625,1.9));
#16458=CARTESIAN_POINT('Origin',(45.325,-34.325,4.2));
#16459=CARTESIAN_POINT('',(44.625,-34.325,1.9));
#16460=CARTESIAN_POINT('',(44.625,-34.325,4.2));
#16461=CARTESIAN_POINT('',(46.5625,-34.325,1.9));
#16462=CARTESIAN_POINT('Origin',(44.625,-33.625,4.2));
#16463=CARTESIAN_POINT('',(45.325,-33.625,1.9));
#16464=CARTESIAN_POINT('',(45.325,-33.625,4.2));
#16465=CARTESIAN_POINT('Origin',(44.625,-33.625,1.9));
#16466=CARTESIAN_POINT('Origin',(45.325,-20.275,4.2));
#16467=CARTESIAN_POINT('',(45.325,-31.575,1.9));
#16468=CARTESIAN_POINT('',(45.325,-31.575,3.05));
#16469=CARTESIAN_POINT('',(45.325,-28.5375,1.9));
#16470=CARTESIAN_POINT('Origin',(44.95,-30.9839204791232,3.05));
#16471=CARTESIAN_POINT('',(45.65,-30.9839204791232,1.9));
#16472=CARTESIAN_POINT('',(45.65,-30.9839204791232,3.05));
#16473=CARTESIAN_POINT('Origin',(44.95,-30.9839204791232,1.9));
#16474=CARTESIAN_POINT('Origin',(63.95,-30.9839204791232,3.95));
#16475=CARTESIAN_POINT('',(64.325,-31.575,3.7));
#16476=CARTESIAN_POINT('Ctrl Pts',(64.325,-31.575,3.7));
#16477=CARTESIAN_POINT('Ctrl Pts',(64.3567957750745,-31.604172472408,3.74166666666667));
#16478=CARTESIAN_POINT('Ctrl Pts',(64.3901394904751,-31.6320433145097,3.78333333333333));
#16479=CARTESIAN_POINT('Ctrl Pts',(64.4597386596564,-31.684957196904,3.86666666666667));
#16480=CARTESIAN_POINT('Ctrl Pts',(64.4959940901376,-31.710000208197,3.90833333333333));
#16481=CARTESIAN_POINT('Ctrl Pts',(64.5712181973438,-31.7570456979974,3.99166666666667));
#16482=CARTESIAN_POINT('Ctrl Pts',(64.6101868491206,-31.7790481488781,4.03333333333333));
#16483=CARTESIAN_POINT('Ctrl Pts',(64.6906253240761,-31.8198125074172,4.11666666666667));
#16484=CARTESIAN_POINT('Ctrl Pts',(64.7320951207368,-31.8385743889127,4.15833333333334));
#16485=CARTESIAN_POINT('Ctrl Pts',(64.7747030604781,-31.8556227574487,4.2));
#16486=CARTESIAN_POINT('',(64.65,-30.9839204791232,3.7));
#16487=CARTESIAN_POINT('',(65.15,-30.9839204791232,4.2));
#16488=CARTESIAN_POINT('Origin',(63.95,-30.9839204791232,3.7));
#16489=CARTESIAN_POINT('Origin',(64.9,-34.1875,3.95));
#16490=CARTESIAN_POINT('',(64.65,-22.2160795208768,3.7));
#16491=CARTESIAN_POINT('',(65.15,-22.2160795208768,4.2));
#16492=CARTESIAN_POINT('',(64.65,-34.1875,3.7));
#16493=CARTESIAN_POINT('Origin',(63.95,-22.2160795208768,3.95));
#16494=CARTESIAN_POINT('',(64.325,-21.625,3.7));
#16495=CARTESIAN_POINT('Origin',(63.95,-22.2160795208768,3.7));
#16496=CARTESIAN_POINT('Ctrl Pts',(64.825,-21.394876135594,4.2));
#16497=CARTESIAN_POINT('Ctrl Pts',(64.6608533210187,-21.459838934853,4.03585332101873));
#16498=CARTESIAN_POINT('Ctrl Pts',(64.4842348756259,-21.5374460707053,3.85923487562588));
#16499=CARTESIAN_POINT('Ctrl Pts',(64.325,-21.625,3.7));
#16500=CARTESIAN_POINT('Origin',(50.65,-22.2160795208768,3.95));
#16501=CARTESIAN_POINT('',(50.275,-21.625,3.7));
#16502=CARTESIAN_POINT('Ctrl Pts',(50.275,-21.625,3.7));
#16503=CARTESIAN_POINT('Ctrl Pts',(50.2432042249254,-21.595827527592,3.74166666666667));
#16504=CARTESIAN_POINT('Ctrl Pts',(50.2098605095248,-21.5679566854903,3.78333333333333));
#16505=CARTESIAN_POINT('Ctrl Pts',(50.1402613403436,-21.515042803096,3.86666666666667));
#16506=CARTESIAN_POINT('Ctrl Pts',(50.1040059098623,-21.489999791803,3.90833333333333));
#16507=CARTESIAN_POINT('Ctrl Pts',(50.0287818026561,-21.4429543020026,3.99166666666667));
#16508=CARTESIAN_POINT('Ctrl Pts',(49.9898131508793,-21.4209518511219,4.03333333333333));
#16509=CARTESIAN_POINT('Ctrl Pts',(49.9093746759238,-21.3801874925828,4.11666666666667));
#16510=CARTESIAN_POINT('Ctrl Pts',(49.8679048792632,-21.3614256110874,4.15833333333333));
#16511=CARTESIAN_POINT('Ctrl Pts',(49.8252969395218,-21.3443772425513,4.2));
#16512=CARTESIAN_POINT('',(49.95,-22.2160795208768,3.7));
#16513=CARTESIAN_POINT('',(49.45,-22.2160795208768,4.2));
#16514=CARTESIAN_POINT('Origin',(50.65,-22.2160795208768,3.7));
#16515=CARTESIAN_POINT('Origin',(50.025,-35.5625,3.95));
#16516=CARTESIAN_POINT('',(50.275,-20.975,3.7));
#16517=CARTESIAN_POINT('',(50.275,-35.5625,3.7));
#16518=CARTESIAN_POINT('',(50.275,-20.975,3.7));
#16519=CARTESIAN_POINT('Origin',(50.975,-20.975,3.95));
#16520=CARTESIAN_POINT('',(50.975,-20.275,3.7));
#16521=CARTESIAN_POINT('Origin',(50.975,-20.975,3.7));
#16522=CARTESIAN_POINT('',(50.975,-20.275,3.7));
#16523=CARTESIAN_POINT('Origin',(49.0375,-20.025,3.95));
#16524=CARTESIAN_POINT('',(63.625,-20.275,3.7));
#16525=CARTESIAN_POINT('',(63.625,-20.275,3.7));
#16526=CARTESIAN_POINT('',(49.0375,-20.275,3.7));
#16527=CARTESIAN_POINT('Origin',(63.625,-20.975,3.95));
#16528=CARTESIAN_POINT('',(64.325,-20.975,3.7));
#16529=CARTESIAN_POINT('Origin',(63.625,-20.975,3.7));
#16530=CARTESIAN_POINT('',(64.325,-20.975,3.7));
#16531=CARTESIAN_POINT('Origin',(64.575,-28.5375,3.95));
#16532=CARTESIAN_POINT('',(64.325,-28.5375,3.7));
#16533=CARTESIAN_POINT('Origin',(49.7,-29.2125,3.95));
#16534=CARTESIAN_POINT('',(49.95,-30.9839204791232,3.7));
#16535=CARTESIAN_POINT('',(49.45,-30.9839204791232,4.2));
#16536=CARTESIAN_POINT('',(49.95,-29.2125,3.7));
#16537=CARTESIAN_POINT('Origin',(50.65,-30.9839204791232,3.95));
#16538=CARTESIAN_POINT('',(50.275,-31.575,3.7));
#16539=CARTESIAN_POINT('Origin',(50.65,-30.9839204791232,3.7));
#16540=CARTESIAN_POINT('Ctrl Pts',(49.775,-31.805123864406,4.2));
#16541=CARTESIAN_POINT('Ctrl Pts',(49.9391466789813,-31.740161065147,4.03585332101866));
#16542=CARTESIAN_POINT('Ctrl Pts',(50.1157651243741,-31.6625539292947,3.85923487562587));
#16543=CARTESIAN_POINT('Ctrl Pts',(50.275,-31.575,3.7));
#16544=CARTESIAN_POINT('Origin',(64.575,-28.5375,3.95));
#16545=CARTESIAN_POINT('',(64.325,-33.625,3.7));
#16546=CARTESIAN_POINT('',(64.325,-28.5375,3.7));
#16547=CARTESIAN_POINT('',(64.325,-33.625,3.7));
#16548=CARTESIAN_POINT('Origin',(63.625,-33.625,3.95));
#16549=CARTESIAN_POINT('',(63.625,-34.325,3.7));
#16550=CARTESIAN_POINT('Origin',(63.625,-33.625,3.7));
#16551=CARTESIAN_POINT('',(63.625,-34.325,3.7));
#16552=CARTESIAN_POINT('Origin',(56.0625,-34.575,3.95));
#16553=CARTESIAN_POINT('',(50.975,-34.325,3.7));
#16554=CARTESIAN_POINT('',(50.975,-34.325,3.7));
#16555=CARTESIAN_POINT('',(56.0625,-34.325,3.7));
#16556=CARTESIAN_POINT('Origin',(50.975,-33.625,3.95));
#16557=CARTESIAN_POINT('',(50.275,-33.625,3.7));
#16558=CARTESIAN_POINT('Origin',(50.975,-33.625,3.7));
#16559=CARTESIAN_POINT('',(50.275,-33.625,3.7));
#16560=CARTESIAN_POINT('Origin',(50.025,-35.5625,3.95));
#16561=CARTESIAN_POINT('',(50.275,-35.5625,3.7));
#16562=CARTESIAN_POINT('Origin',(64.65,-31.575,1.9));
#16563=CARTESIAN_POINT('',(64.65,-22.2160795208768,1.9));
#16564=CARTESIAN_POINT('',(64.65,-22.2160795208768,3.05));
#16565=CARTESIAN_POINT('',(64.65,-30.9839204791232,1.9));
#16566=CARTESIAN_POINT('',(64.65,-34.1875,1.9));
#16567=CARTESIAN_POINT('',(64.65,-30.9839204791232,3.05));
#16568=CARTESIAN_POINT('Origin',(63.95,-22.2160795208768,3.05));
#16569=CARTESIAN_POINT('',(64.325,-21.625,1.9));
#16570=CARTESIAN_POINT('',(64.325,-21.625,3.05));
#16571=CARTESIAN_POINT('Origin',(63.95,-22.2160795208768,1.9));
#16572=CARTESIAN_POINT('Origin',(64.325,-20.275,4.2));
#16573=CARTESIAN_POINT('',(64.325,-20.975,1.9));
#16574=CARTESIAN_POINT('',(64.325,-20.975,4.2));
#16575=CARTESIAN_POINT('',(64.325,-28.5375,1.9));
#16576=CARTESIAN_POINT('Origin',(63.625,-20.975,4.2));
#16577=CARTESIAN_POINT('',(63.625,-20.275,1.9));
#16578=CARTESIAN_POINT('',(63.625,-20.275,4.2));
#16579=CARTESIAN_POINT('Origin',(63.625,-20.975,1.9));
#16580=CARTESIAN_POINT('Origin',(50.275,-20.275,4.2));
#16581=CARTESIAN_POINT('',(50.975,-20.275,1.9));
#16582=CARTESIAN_POINT('',(50.975,-20.275,4.2));
#16583=CARTESIAN_POINT('',(49.0375,-20.275,1.9));
#16584=CARTESIAN_POINT('Origin',(50.975,-20.975,4.2));
#16585=CARTESIAN_POINT('',(50.275,-20.975,1.9));
#16586=CARTESIAN_POINT('',(50.275,-20.975,4.2));
#16587=CARTESIAN_POINT('Origin',(50.975,-20.975,1.9));
#16588=CARTESIAN_POINT('Origin',(50.275,-34.325,4.2));
#16589=CARTESIAN_POINT('',(50.275,-21.625,1.9));
#16590=CARTESIAN_POINT('',(50.275,-21.625,3.05));
#16591=CARTESIAN_POINT('',(50.275,-35.5625,1.9));
#16592=CARTESIAN_POINT('Origin',(50.65,-22.2160795208768,3.05));
#16593=CARTESIAN_POINT('',(49.95,-22.2160795208768,1.9));
#16594=CARTESIAN_POINT('',(49.95,-22.2160795208768,3.05));
#16595=CARTESIAN_POINT('Origin',(50.65,-22.2160795208768,1.9));
#16596=CARTESIAN_POINT('Origin',(82.95,-30.9839204791232,3.95));
#16597=CARTESIAN_POINT('',(83.325,-31.575,3.7));
#16598=CARTESIAN_POINT('Ctrl Pts',(83.325,-31.575,3.7));
#16599=CARTESIAN_POINT('Ctrl Pts',(83.3567957750746,-31.604172472408,3.74166666666667));
#16600=CARTESIAN_POINT('Ctrl Pts',(83.3901394904752,-31.6320433145097,3.78333333333333));
#16601=CARTESIAN_POINT('Ctrl Pts',(83.4597386596564,-31.684957196904,3.86666666666667));
#16602=CARTESIAN_POINT('Ctrl Pts',(83.4959940901377,-31.710000208197,3.90833333333333));
#16603=CARTESIAN_POINT('Ctrl Pts',(83.5712181973439,-31.7570456979974,3.99166666666667));
#16604=CARTESIAN_POINT('Ctrl Pts',(83.6101868491207,-31.7790481488781,4.03333333333333));
#16605=CARTESIAN_POINT('Ctrl Pts',(83.6906253240761,-31.8198125074172,4.11666666666667));
#16606=CARTESIAN_POINT('Ctrl Pts',(83.7320951207368,-31.8385743889126,4.15833333333333));
#16607=CARTESIAN_POINT('Ctrl Pts',(83.7747030604781,-31.8556227574487,4.2));
#16608=CARTESIAN_POINT('',(83.65,-30.9839204791232,3.7));
#16609=CARTESIAN_POINT('',(84.15,-30.9839204791232,4.2));
#16610=CARTESIAN_POINT('Origin',(82.95,-30.9839204791232,3.7));
#16611=CARTESIAN_POINT('Origin',(83.9,-34.1875,3.95));
#16612=CARTESIAN_POINT('',(83.65,-22.2160795208768,3.7));
#16613=CARTESIAN_POINT('',(84.15,-22.2160795208768,4.2));
#16614=CARTESIAN_POINT('',(83.65,-34.1875,3.7));
#16615=CARTESIAN_POINT('Origin',(82.95,-22.2160795208768,3.95));
#16616=CARTESIAN_POINT('',(83.325,-21.625,3.7));
#16617=CARTESIAN_POINT('Origin',(82.95,-22.2160795208768,3.7));
#16618=CARTESIAN_POINT('Ctrl Pts',(83.825,-21.394876135594,4.2));
#16619=CARTESIAN_POINT('Ctrl Pts',(83.6608533210187,-21.4598389348529,4.03585332101877));
#16620=CARTESIAN_POINT('Ctrl Pts',(83.4842348756259,-21.5374460707053,3.85923487562589));
#16621=CARTESIAN_POINT('Ctrl Pts',(83.325,-21.625,3.7));
#16622=CARTESIAN_POINT('Origin',(69.65,-22.2160795208768,3.95));
#16623=CARTESIAN_POINT('',(69.275,-21.625,3.7));
#16624=CARTESIAN_POINT('Ctrl Pts',(69.275,-21.625,3.7));
#16625=CARTESIAN_POINT('Ctrl Pts',(69.2432042249254,-21.595827527592,3.74166666666667));
#16626=CARTESIAN_POINT('Ctrl Pts',(69.2098605095248,-21.5679566854903,3.78333333333333));
#16627=CARTESIAN_POINT('Ctrl Pts',(69.1402613403436,-21.515042803096,3.86666666666667));
#16628=CARTESIAN_POINT('Ctrl Pts',(69.1040059098623,-21.489999791803,3.90833333333333));
#16629=CARTESIAN_POINT('Ctrl Pts',(69.0287818026561,-21.4429543020026,3.99166666666667));
#16630=CARTESIAN_POINT('Ctrl Pts',(68.9898131508793,-21.4209518511219,4.03333333333333));
#16631=CARTESIAN_POINT('Ctrl Pts',(68.9093746759238,-21.3801874925828,4.11666666666667));
#16632=CARTESIAN_POINT('Ctrl Pts',(68.8679048792632,-21.3614256110874,4.15833333333333));
#16633=CARTESIAN_POINT('Ctrl Pts',(68.8252969395218,-21.3443772425513,4.2));
#16634=CARTESIAN_POINT('',(68.95,-22.2160795208768,3.7));
#16635=CARTESIAN_POINT('',(68.45,-22.2160795208768,4.2));
#16636=CARTESIAN_POINT('Origin',(69.65,-22.2160795208768,3.7));
#16637=CARTESIAN_POINT('Origin',(69.025,-35.5625,3.95));
#16638=CARTESIAN_POINT('',(69.275,-20.975,3.7));
#16639=CARTESIAN_POINT('',(69.275,-35.5625,3.7));
#16640=CARTESIAN_POINT('',(69.275,-20.975,3.7));
#16641=CARTESIAN_POINT('Origin',(69.975,-20.975,3.95));
#16642=CARTESIAN_POINT('',(69.975,-20.275,3.7));
#16643=CARTESIAN_POINT('Origin',(69.975,-20.975,3.7));
#16644=CARTESIAN_POINT('',(69.975,-20.275,3.7));
#16645=CARTESIAN_POINT('Origin',(58.5375,-20.025,3.95));
#16646=CARTESIAN_POINT('',(82.625,-20.275,3.7));
#16647=CARTESIAN_POINT('',(82.625,-20.275,3.7));
#16648=CARTESIAN_POINT('',(58.5375,-20.275,3.7));
#16649=CARTESIAN_POINT('Origin',(82.625,-20.975,3.95));
#16650=CARTESIAN_POINT('',(83.325,-20.975,3.7));
#16651=CARTESIAN_POINT('Origin',(82.625,-20.975,3.7));
#16652=CARTESIAN_POINT('',(83.325,-20.975,3.7));
#16653=CARTESIAN_POINT('Origin',(83.575,-28.5375,3.95));
#16654=CARTESIAN_POINT('',(83.325,-28.5375,3.7));
#16655=CARTESIAN_POINT('Origin',(68.7,-29.2125,3.95));
#16656=CARTESIAN_POINT('',(68.95,-30.9839204791232,3.7));
#16657=CARTESIAN_POINT('',(68.45,-30.9839204791232,4.2));
#16658=CARTESIAN_POINT('',(68.95,-29.2125,3.7));
#16659=CARTESIAN_POINT('Origin',(69.65,-30.9839204791232,3.95));
#16660=CARTESIAN_POINT('',(69.275,-31.575,3.7));
#16661=CARTESIAN_POINT('Origin',(69.65,-30.9839204791232,3.7));
#16662=CARTESIAN_POINT('Ctrl Pts',(68.775,-31.805123864406,4.2));
#16663=CARTESIAN_POINT('Ctrl Pts',(68.9391466789812,-31.740161065147,4.03585332101875));
#16664=CARTESIAN_POINT('Ctrl Pts',(69.1157651243741,-31.6625539292947,3.85923487562589));
#16665=CARTESIAN_POINT('Ctrl Pts',(69.275,-31.575,3.7));
#16666=CARTESIAN_POINT('Origin',(83.575,-28.5375,3.95));
#16667=CARTESIAN_POINT('',(83.325,-33.625,3.7));
#16668=CARTESIAN_POINT('',(83.325,-28.5375,3.7));
#16669=CARTESIAN_POINT('',(83.325,-33.625,3.7));
#16670=CARTESIAN_POINT('Origin',(82.625,-33.625,3.95));
#16671=CARTESIAN_POINT('',(82.625,-34.325,3.7));
#16672=CARTESIAN_POINT('Origin',(82.625,-33.625,3.7));
#16673=CARTESIAN_POINT('',(82.625,-34.325,3.7));
#16674=CARTESIAN_POINT('Origin',(65.5625,-34.575,3.95));
#16675=CARTESIAN_POINT('',(69.975,-34.325,3.7));
#16676=CARTESIAN_POINT('',(69.975,-34.325,3.7));
#16677=CARTESIAN_POINT('',(65.5625,-34.325,3.7));
#16678=CARTESIAN_POINT('Origin',(69.975,-33.625,3.95));
#16679=CARTESIAN_POINT('',(69.275,-33.625,3.7));
#16680=CARTESIAN_POINT('Origin',(69.975,-33.625,3.7));
#16681=CARTESIAN_POINT('',(69.275,-33.625,3.7));
#16682=CARTESIAN_POINT('Origin',(69.025,-35.5625,3.95));
#16683=CARTESIAN_POINT('',(69.275,-35.5625,3.7));
#16684=CARTESIAN_POINT('Origin',(83.65,-31.575,1.9));
#16685=CARTESIAN_POINT('',(83.65,-22.2160795208768,1.9));
#16686=CARTESIAN_POINT('',(83.65,-22.2160795208768,3.05));
#16687=CARTESIAN_POINT('',(83.65,-30.9839204791232,1.9));
#16688=CARTESIAN_POINT('',(83.65,-34.1875,1.9));
#16689=CARTESIAN_POINT('',(83.65,-30.9839204791232,3.05));
#16690=CARTESIAN_POINT('Origin',(82.95,-22.2160795208768,3.05));
#16691=CARTESIAN_POINT('',(83.325,-21.625,1.9));
#16692=CARTESIAN_POINT('',(83.325,-21.625,3.05));
#16693=CARTESIAN_POINT('Origin',(82.95,-22.2160795208768,1.9));
#16694=CARTESIAN_POINT('Origin',(83.325,-20.275,4.2));
#16695=CARTESIAN_POINT('',(83.325,-20.975,1.9));
#16696=CARTESIAN_POINT('',(83.325,-20.975,4.2));
#16697=CARTESIAN_POINT('',(83.325,-28.5375,1.9));
#16698=CARTESIAN_POINT('Origin',(82.625,-20.975,4.2));
#16699=CARTESIAN_POINT('',(82.625,-20.275,1.9));
#16700=CARTESIAN_POINT('',(82.625,-20.275,4.2));
#16701=CARTESIAN_POINT('Origin',(82.625,-20.975,1.9));
#16702=CARTESIAN_POINT('Origin',(69.275,-20.275,4.2));
#16703=CARTESIAN_POINT('',(69.975,-20.275,1.9));
#16704=CARTESIAN_POINT('',(69.975,-20.275,4.2));
#16705=CARTESIAN_POINT('',(58.5375,-20.275,1.9));
#16706=CARTESIAN_POINT('Origin',(69.975,-20.975,4.2));
#16707=CARTESIAN_POINT('',(69.275,-20.975,1.9));
#16708=CARTESIAN_POINT('',(69.275,-20.975,4.2));
#16709=CARTESIAN_POINT('Origin',(69.975,-20.975,1.9));
#16710=CARTESIAN_POINT('Origin',(69.275,-34.325,4.2));
#16711=CARTESIAN_POINT('',(69.275,-21.625,1.9));
#16712=CARTESIAN_POINT('',(69.275,-21.625,3.05));
#16713=CARTESIAN_POINT('',(69.275,-35.5625,1.9));
#16714=CARTESIAN_POINT('Origin',(69.65,-22.2160795208768,3.05));
#16715=CARTESIAN_POINT('',(68.95,-22.2160795208768,1.9));
#16716=CARTESIAN_POINT('',(68.95,-22.2160795208768,3.05));
#16717=CARTESIAN_POINT('Origin',(69.65,-22.2160795208768,1.9));
#16718=CARTESIAN_POINT('Origin',(90.95,-49.9839204791232,3.95));
#16719=CARTESIAN_POINT('',(91.325,-50.575,3.7));
#16720=CARTESIAN_POINT('Ctrl Pts',(91.325,-50.575,3.7));
#16721=CARTESIAN_POINT('Ctrl Pts',(91.3567957750746,-50.604172472408,3.74166666666667));
#16722=CARTESIAN_POINT('Ctrl Pts',(91.3901394904752,-50.6320433145097,3.78333333333333));
#16723=CARTESIAN_POINT('Ctrl Pts',(91.4597386596564,-50.684957196904,3.86666666666666));
#16724=CARTESIAN_POINT('Ctrl Pts',(91.4959940901377,-50.710000208197,3.90833333333333));
#16725=CARTESIAN_POINT('Ctrl Pts',(91.5712181973439,-50.7570456979974,3.99166666666666));
#16726=CARTESIAN_POINT('Ctrl Pts',(91.6101868491207,-50.779048148878,4.03333333333333));
#16727=CARTESIAN_POINT('Ctrl Pts',(91.6906253240762,-50.8198125074172,4.11666666666666));
#16728=CARTESIAN_POINT('Ctrl Pts',(91.7320951207368,-50.8385743889126,4.15833333333333));
#16729=CARTESIAN_POINT('Ctrl Pts',(91.7747030604782,-50.8556227574487,4.19999999999999));
#16730=CARTESIAN_POINT('',(91.65,-49.9839204791232,3.7));
#16731=CARTESIAN_POINT('',(92.15,-49.9839204791232,4.2));
#16732=CARTESIAN_POINT('Origin',(90.95,-49.9839204791232,3.7));
#16733=CARTESIAN_POINT('Origin',(91.9,-43.6875,3.95));
#16734=CARTESIAN_POINT('',(91.65,-41.2160795208768,3.7));
#16735=CARTESIAN_POINT('',(92.15,-41.2160795208768,4.2));
#16736=CARTESIAN_POINT('',(91.65,-43.6875,3.7));
#16737=CARTESIAN_POINT('Origin',(90.95,-41.2160795208768,3.95));
#16738=CARTESIAN_POINT('',(91.325,-40.625,3.7));
#16739=CARTESIAN_POINT('Origin',(90.95,-41.2160795208768,3.7));
#16740=CARTESIAN_POINT('Ctrl Pts',(91.825,-40.394876135594,4.19999999999999));
#16741=CARTESIAN_POINT('Ctrl Pts',(91.6608533210188,-40.459838934853,4.03585332101879));
#16742=CARTESIAN_POINT('Ctrl Pts',(91.4842348756259,-40.5374460707053,3.8592348756259));
#16743=CARTESIAN_POINT('Ctrl Pts',(91.325,-40.625,3.7));
#16744=CARTESIAN_POINT('Origin',(77.65,-41.2160795208769,3.95));
#16745=CARTESIAN_POINT('',(77.275,-40.625,3.7));
#16746=CARTESIAN_POINT('Ctrl Pts',(77.275,-40.625,3.7));
#16747=CARTESIAN_POINT('Ctrl Pts',(77.2432042249254,-40.595827527592,3.74166666666667));
#16748=CARTESIAN_POINT('Ctrl Pts',(77.2098605095248,-40.5679566854903,3.78333333333333));
#16749=CARTESIAN_POINT('Ctrl Pts',(77.1402613403436,-40.515042803096,3.86666666666667));
#16750=CARTESIAN_POINT('Ctrl Pts',(77.1040059098623,-40.489999791803,3.90833333333333));
#16751=CARTESIAN_POINT('Ctrl Pts',(77.0287818026562,-40.4429543020026,3.99166666666666));
#16752=CARTESIAN_POINT('Ctrl Pts',(76.9898131508794,-40.4209518511219,4.03333333333333));
#16753=CARTESIAN_POINT('Ctrl Pts',(76.9093746759239,-40.3801874925828,4.11666666666666));
#16754=CARTESIAN_POINT('Ctrl Pts',(76.8679048792632,-40.3614256110874,4.15833333333333));
#16755=CARTESIAN_POINT('Ctrl Pts',(76.8252969395219,-40.3443772425513,4.19999999999999));
#16756=CARTESIAN_POINT('',(76.95,-41.2160795208769,3.7));
#16757=CARTESIAN_POINT('',(76.45,-41.2160795208769,4.2));
#16758=CARTESIAN_POINT('Origin',(77.65,-41.2160795208769,3.7));
#16759=CARTESIAN_POINT('Origin',(77.025,-45.0625,3.95));
#16760=CARTESIAN_POINT('',(77.275,-39.975,3.7));
#16761=CARTESIAN_POINT('',(77.275,-45.0625,3.7));
#16762=CARTESIAN_POINT('',(77.275,-39.975,3.7));
#16763=CARTESIAN_POINT('Origin',(77.975,-39.975,3.95));
#16764=CARTESIAN_POINT('',(77.975,-39.275,3.7));
#16765=CARTESIAN_POINT('Origin',(77.975,-39.975,3.7));
#16766=CARTESIAN_POINT('',(77.975,-39.275,3.7));
#16767=CARTESIAN_POINT('Origin',(62.5375,-39.025,3.95));
#16768=CARTESIAN_POINT('',(90.625,-39.275,3.7));
#16769=CARTESIAN_POINT('',(90.625,-39.275,3.7));
#16770=CARTESIAN_POINT('',(62.5375,-39.275,3.7));
#16771=CARTESIAN_POINT('Origin',(90.625,-39.975,3.95));
#16772=CARTESIAN_POINT('',(91.325,-39.975,3.7));
#16773=CARTESIAN_POINT('Origin',(90.625,-39.975,3.7));
#16774=CARTESIAN_POINT('',(91.325,-39.975,3.7));
#16775=CARTESIAN_POINT('Origin',(91.575,-38.0375,3.95));
#16776=CARTESIAN_POINT('',(91.325,-38.0375,3.7));
#16777=CARTESIAN_POINT('Origin',(76.7,-38.7125,3.95));
#16778=CARTESIAN_POINT('',(76.95,-49.9839204791231,3.7));
#16779=CARTESIAN_POINT('',(76.45,-49.9839204791231,4.2));
#16780=CARTESIAN_POINT('',(76.95,-38.7125,3.7));
#16781=CARTESIAN_POINT('Origin',(77.65,-49.9839204791231,3.95));
#16782=CARTESIAN_POINT('',(77.275,-50.575,3.7));
#16783=CARTESIAN_POINT('Origin',(77.65,-49.9839204791231,3.7));
#16784=CARTESIAN_POINT('Ctrl Pts',(76.775,-50.805123864406,4.2));
#16785=CARTESIAN_POINT('Ctrl Pts',(76.9391466789814,-50.740161065147,4.03585332101863));
#16786=CARTESIAN_POINT('Ctrl Pts',(77.1157651243742,-50.6625539292947,3.85923487562586));
#16787=CARTESIAN_POINT('Ctrl Pts',(77.275,-50.575,3.7));
#16788=CARTESIAN_POINT('Origin',(91.575,-38.0375,3.95));
#16789=CARTESIAN_POINT('',(91.325,-52.625,3.7));
#16790=CARTESIAN_POINT('',(91.325,-38.0375,3.7));
#16791=CARTESIAN_POINT('',(91.325,-52.625,3.7));
#16792=CARTESIAN_POINT('Origin',(90.625,-52.625,3.95));
#16793=CARTESIAN_POINT('',(90.625,-53.325,3.7));
#16794=CARTESIAN_POINT('Origin',(90.625,-52.625,3.7));
#16795=CARTESIAN_POINT('',(90.625,-53.325,3.7));
#16796=CARTESIAN_POINT('Origin',(69.5625,-53.575,3.95));
#16797=CARTESIAN_POINT('',(77.975,-53.325,3.7));
#16798=CARTESIAN_POINT('',(77.975,-53.325,3.7));
#16799=CARTESIAN_POINT('',(69.5625,-53.325,3.7));
#16800=CARTESIAN_POINT('Origin',(77.975,-52.625,3.95));
#16801=CARTESIAN_POINT('',(77.275,-52.625,3.7));
#16802=CARTESIAN_POINT('Origin',(77.975,-52.625,3.7));
#16803=CARTESIAN_POINT('',(77.275,-52.625,3.7));
#16804=CARTESIAN_POINT('Origin',(77.025,-45.0625,3.95));
#16805=CARTESIAN_POINT('',(77.275,-45.0625,3.7));
#16806=CARTESIAN_POINT('Origin',(91.65,-50.575,1.9));
#16807=CARTESIAN_POINT('',(91.65,-41.2160795208768,1.9));
#16808=CARTESIAN_POINT('',(91.65,-41.2160795208768,3.05));
#16809=CARTESIAN_POINT('',(91.65,-49.9839204791232,1.9));
#16810=CARTESIAN_POINT('',(91.65,-43.6875,1.9));
#16811=CARTESIAN_POINT('',(91.65,-49.9839204791232,3.05));
#16812=CARTESIAN_POINT('Origin',(90.95,-41.2160795208768,3.05));
#16813=CARTESIAN_POINT('',(91.325,-40.625,1.9));
#16814=CARTESIAN_POINT('',(91.325,-40.625,3.05));
#16815=CARTESIAN_POINT('Origin',(90.95,-41.2160795208768,1.9));
#16816=CARTESIAN_POINT('Origin',(91.325,-39.275,4.2));
#16817=CARTESIAN_POINT('',(91.325,-39.975,1.9));
#16818=CARTESIAN_POINT('',(91.325,-39.975,4.2));
#16819=CARTESIAN_POINT('',(91.325,-38.0375,1.9));
#16820=CARTESIAN_POINT('Origin',(90.625,-39.975,4.2));
#16821=CARTESIAN_POINT('',(90.625,-39.275,1.9));
#16822=CARTESIAN_POINT('',(90.625,-39.275,4.2));
#16823=CARTESIAN_POINT('Origin',(90.625,-39.975,1.9));
#16824=CARTESIAN_POINT('Origin',(77.275,-39.275,4.2));
#16825=CARTESIAN_POINT('',(77.975,-39.275,1.9));
#16826=CARTESIAN_POINT('',(77.975,-39.275,4.2));
#16827=CARTESIAN_POINT('',(62.5375,-39.275,1.9));
#16828=CARTESIAN_POINT('Origin',(77.975,-39.975,4.2));
#16829=CARTESIAN_POINT('',(77.275,-39.975,1.9));
#16830=CARTESIAN_POINT('',(77.275,-39.975,4.2));
#16831=CARTESIAN_POINT('Origin',(77.975,-39.975,1.9));
#16832=CARTESIAN_POINT('Origin',(77.275,-53.325,4.2));
#16833=CARTESIAN_POINT('',(77.275,-40.625,1.9));
#16834=CARTESIAN_POINT('',(77.275,-40.625,3.05));
#16835=CARTESIAN_POINT('',(77.275,-45.0625,1.9));
#16836=CARTESIAN_POINT('Origin',(77.65,-41.2160795208769,3.05));
#16837=CARTESIAN_POINT('',(76.95,-41.2160795208769,1.9));
#16838=CARTESIAN_POINT('',(76.95,-41.2160795208769,3.05));
#16839=CARTESIAN_POINT('Origin',(77.65,-41.2160795208769,1.9));
#16840=CARTESIAN_POINT('Origin',(89.2,-70.3839204791232,3.95));
#16841=CARTESIAN_POINT('',(89.575,-70.975,3.7));
#16842=CARTESIAN_POINT('Ctrl Pts',(89.575,-70.975,3.7));
#16843=CARTESIAN_POINT('Ctrl Pts',(89.6067957750746,-71.004172472408,3.74166666666667));
#16844=CARTESIAN_POINT('Ctrl Pts',(89.6401394904752,-71.0320433145097,3.78333333333333));
#16845=CARTESIAN_POINT('Ctrl Pts',(89.7097386596564,-71.084957196904,3.86666666666666));
#16846=CARTESIAN_POINT('Ctrl Pts',(89.7459940901377,-71.110000208197,3.90833333333333));
#16847=CARTESIAN_POINT('Ctrl Pts',(89.8212181973439,-71.1570456979974,3.99166666666666));
#16848=CARTESIAN_POINT('Ctrl Pts',(89.8601868491207,-71.1790481488781,4.03333333333333));
#16849=CARTESIAN_POINT('Ctrl Pts',(89.9406253240762,-71.2198125074172,4.11666666666666));
#16850=CARTESIAN_POINT('Ctrl Pts',(89.9820951207368,-71.2385743889127,4.15833333333333));
#16851=CARTESIAN_POINT('Ctrl Pts',(90.0247030604782,-71.2556227574487,4.19999999999999));
#16852=CARTESIAN_POINT('',(89.9,-70.3839204791232,3.7));
#16853=CARTESIAN_POINT('',(90.4,-70.3839204791232,4.2));
#16854=CARTESIAN_POINT('Origin',(89.2,-70.3839204791232,3.7));
#16855=CARTESIAN_POINT('Origin',(75.275,-54.5625,3.95));
#16856=CARTESIAN_POINT('',(75.525,-61.025,3.7));
#16857=CARTESIAN_POINT('',(75.525,-58.975,3.7));
#16858=CARTESIAN_POINT('',(75.525,-54.5625,3.7));
#16859=CARTESIAN_POINT('',(75.525,-58.975,3.7));
#16860=CARTESIAN_POINT('Ctrl Pts',(75.025,-60.794876135594,4.2));
#16861=CARTESIAN_POINT('Ctrl Pts',(75.1891466789813,-60.859838934853,4.03585332101869));
#16862=CARTESIAN_POINT('Ctrl Pts',(75.3657651243741,-60.9374460707053,3.85923487562587));
#16863=CARTESIAN_POINT('Ctrl Pts',(75.525,-61.025,3.7));
#16864=CARTESIAN_POINT('Origin',(75.9,-61.6160795208769,3.95));
#16865=CARTESIAN_POINT('',(75.2,-61.6160795208769,3.7));
#16866=CARTESIAN_POINT('',(74.7,-61.6160795208769,4.2));
#16867=CARTESIAN_POINT('Origin',(75.9,-61.6160795208769,3.7));
#16868=CARTESIAN_POINT('Origin',(74.95,-48.9125,3.95));
#16869=CARTESIAN_POINT('',(75.2,-70.3839204791232,3.7));
#16870=CARTESIAN_POINT('',(74.7,-70.3839204791232,4.2));
#16871=CARTESIAN_POINT('',(75.2,-48.9125,3.7));
#16872=CARTESIAN_POINT('Origin',(75.9,-70.3839204791232,3.95));
#16873=CARTESIAN_POINT('',(75.525,-70.975,3.7));
#16874=CARTESIAN_POINT('Origin',(75.9,-70.3839204791232,3.7));
#16875=CARTESIAN_POINT('Ctrl Pts',(75.025,-71.205123864406,4.2));
#16876=CARTESIAN_POINT('Ctrl Pts',(75.1891466789813,-71.140161065147,4.03585332101866));
#16877=CARTESIAN_POINT('Ctrl Pts',(75.3657651243741,-71.0625539292947,3.85923487562587));
#16878=CARTESIAN_POINT('Ctrl Pts',(75.525,-70.975,3.7));
#16879=CARTESIAN_POINT('Origin',(76.225,-58.975,3.95));
#16880=CARTESIAN_POINT('',(76.225,-58.275,3.7));
#16881=CARTESIAN_POINT('Origin',(76.225,-58.975,3.7));
#16882=CARTESIAN_POINT('',(76.225,-58.275,3.7));
#16883=CARTESIAN_POINT('Origin',(61.6625,-58.025,3.95));
#16884=CARTESIAN_POINT('',(88.875,-58.275,3.7));
#16885=CARTESIAN_POINT('',(88.875,-58.275,3.7));
#16886=CARTESIAN_POINT('',(61.6625,-58.275,3.7));
#16887=CARTESIAN_POINT('Origin',(88.875,-58.975,3.95));
#16888=CARTESIAN_POINT('',(89.575,-58.975,3.7));
#16889=CARTESIAN_POINT('Origin',(88.875,-58.975,3.7));
#16890=CARTESIAN_POINT('',(89.575,-58.975,3.7));
#16891=CARTESIAN_POINT('Origin',(89.825,-47.5375,3.95));
#16892=CARTESIAN_POINT('',(89.575,-61.025,3.7));
#16893=CARTESIAN_POINT('',(89.575,-47.5375,3.7));
#16894=CARTESIAN_POINT('Ctrl Pts',(90.075,-60.794876135594,4.2));
#16895=CARTESIAN_POINT('Ctrl Pts',(89.9108533210186,-60.8598389348531,4.03585332101856));
#16896=CARTESIAN_POINT('Ctrl Pts',(89.7342348756259,-60.9374460707053,3.85923487562585));
#16897=CARTESIAN_POINT('Ctrl Pts',(89.575,-61.025,3.7));
#16898=CARTESIAN_POINT('Origin',(89.825,-47.5375,3.95));
#16899=CARTESIAN_POINT('',(89.575,-71.625,3.7));
#16900=CARTESIAN_POINT('',(89.575,-47.5375,3.7));
#16901=CARTESIAN_POINT('',(89.575,-71.625,3.7));
#16902=CARTESIAN_POINT('Origin',(88.875,-71.625,3.95));
#16903=CARTESIAN_POINT('',(88.875,-72.325,3.7));
#16904=CARTESIAN_POINT('Origin',(88.875,-71.625,3.7));
#16905=CARTESIAN_POINT('',(88.875,-72.325,3.7));
#16906=CARTESIAN_POINT('Origin',(68.6875,-72.575,3.95));
#16907=CARTESIAN_POINT('',(76.225,-72.325,3.7));
#16908=CARTESIAN_POINT('',(76.225,-72.325,3.7));
#16909=CARTESIAN_POINT('',(68.6875,-72.325,3.7));
#16910=CARTESIAN_POINT('Origin',(76.225,-71.625,3.95));
#16911=CARTESIAN_POINT('',(75.525,-71.625,3.7));
#16912=CARTESIAN_POINT('Origin',(76.225,-71.625,3.7));
#16913=CARTESIAN_POINT('',(75.525,-71.625,3.7));
#16914=CARTESIAN_POINT('Origin',(75.275,-54.5625,3.95));
#16915=CARTESIAN_POINT('',(75.525,-54.5625,3.7));
#16916=CARTESIAN_POINT('Origin',(90.15,-53.8875,3.95));
#16917=CARTESIAN_POINT('',(89.9,-61.6160795208768,3.7));
#16918=CARTESIAN_POINT('',(90.4,-61.6160795208768,4.2));
#16919=CARTESIAN_POINT('',(89.9,-53.8875,3.7));
#16920=CARTESIAN_POINT('Origin',(89.2,-61.6160795208768,3.95));
#16921=CARTESIAN_POINT('Origin',(89.2,-61.6160795208768,3.7));
#16922=CARTESIAN_POINT('Origin',(89.2,-70.3839204791232,3.05));
#16923=CARTESIAN_POINT('',(89.9,-70.3839204791232,1.9));
#16924=CARTESIAN_POINT('',(89.9,-70.3839204791232,3.05));
#16925=CARTESIAN_POINT('',(89.575,-70.975,1.9));
#16926=CARTESIAN_POINT('Origin',(89.2,-70.3839204791232,1.9));
#16927=CARTESIAN_POINT('',(89.575,-70.975,3.05));
#16928=CARTESIAN_POINT('Origin',(89.9,-70.975,1.9));
#16929=CARTESIAN_POINT('',(89.9,-61.6160795208768,1.9));
#16930=CARTESIAN_POINT('',(89.9,-61.6160795208768,3.05));
#16931=CARTESIAN_POINT('',(89.9,-53.8875,1.9));
#16932=CARTESIAN_POINT('Origin',(89.2,-61.6160795208768,3.05));
#16933=CARTESIAN_POINT('',(89.575,-61.025,1.9));
#16934=CARTESIAN_POINT('',(89.575,-61.025,3.05));
#16935=CARTESIAN_POINT('Origin',(89.2,-61.6160795208768,1.9));
#16936=CARTESIAN_POINT('Origin',(89.575,-58.275,4.2));
#16937=CARTESIAN_POINT('',(89.575,-58.975,1.9));
#16938=CARTESIAN_POINT('',(89.575,-58.975,4.2));
#16939=CARTESIAN_POINT('',(89.575,-47.5375,1.9));
#16940=CARTESIAN_POINT('Origin',(88.875,-58.975,4.2));
#16941=CARTESIAN_POINT('',(88.875,-58.275,1.9));
#16942=CARTESIAN_POINT('',(88.875,-58.275,4.2));
#16943=CARTESIAN_POINT('Origin',(88.875,-58.975,1.9));
#16944=CARTESIAN_POINT('Origin',(75.525,-58.275,4.2));
#16945=CARTESIAN_POINT('',(76.225,-58.275,1.9));
#16946=CARTESIAN_POINT('',(76.225,-58.275,4.2));
#16947=CARTESIAN_POINT('',(61.6625,-58.275,1.9));
#16948=CARTESIAN_POINT('Origin',(76.225,-58.975,4.2));
#16949=CARTESIAN_POINT('',(75.525,-58.975,1.9));
#16950=CARTESIAN_POINT('',(75.525,-58.975,4.2));
#16951=CARTESIAN_POINT('Origin',(76.225,-58.975,1.9));
#16952=CARTESIAN_POINT('Origin',(75.525,-72.325,4.2));
#16953=CARTESIAN_POINT('',(75.525,-61.025,1.9));
#16954=CARTESIAN_POINT('',(75.525,-61.025,3.05));
#16955=CARTESIAN_POINT('',(75.525,-54.5625,1.9));
#16956=CARTESIAN_POINT('Origin',(71.95,-49.9839204791232,3.95));
#16957=CARTESIAN_POINT('',(72.325,-50.575,3.7));
#16958=CARTESIAN_POINT('Ctrl Pts',(72.325,-50.575,3.7));
#16959=CARTESIAN_POINT('Ctrl Pts',(72.3567957750746,-50.604172472408,3.74166666666667));
#16960=CARTESIAN_POINT('Ctrl Pts',(72.3901394904752,-50.6320433145097,3.78333333333333));
#16961=CARTESIAN_POINT('Ctrl Pts',(72.4597386596564,-50.684957196904,3.86666666666667));
#16962=CARTESIAN_POINT('Ctrl Pts',(72.4959940901377,-50.710000208197,3.90833333333333));
#16963=CARTESIAN_POINT('Ctrl Pts',(72.5712181973439,-50.7570456979974,3.99166666666667));
#16964=CARTESIAN_POINT('Ctrl Pts',(72.6101868491207,-50.779048148878,4.03333333333333));
#16965=CARTESIAN_POINT('Ctrl Pts',(72.6906253240762,-50.8198125074172,4.11666666666667));
#16966=CARTESIAN_POINT('Ctrl Pts',(72.7320951207368,-50.8385743889126,4.15833333333333));
#16967=CARTESIAN_POINT('Ctrl Pts',(72.7747030604782,-50.8556227574487,4.2));
#16968=CARTESIAN_POINT('',(72.65,-49.9839204791232,3.7));
#16969=CARTESIAN_POINT('',(73.15,-49.9839204791232,4.2));
#16970=CARTESIAN_POINT('Origin',(71.95,-49.9839204791232,3.7));
#16971=CARTESIAN_POINT('Origin',(58.65,-41.2160795208768,3.95));
#16972=CARTESIAN_POINT('',(58.275,-40.625,3.7));
#16973=CARTESIAN_POINT('Ctrl Pts',(58.275,-40.625,3.7));
#16974=CARTESIAN_POINT('Ctrl Pts',(58.2432042249254,-40.595827527592,3.74166666666667));
#16975=CARTESIAN_POINT('Ctrl Pts',(58.2098605095248,-40.5679566854904,3.78333333333333));
#16976=CARTESIAN_POINT('Ctrl Pts',(58.1402613403436,-40.515042803096,3.86666666666667));
#16977=CARTESIAN_POINT('Ctrl Pts',(58.1040059098623,-40.489999791803,3.90833333333333));
#16978=CARTESIAN_POINT('Ctrl Pts',(58.0287818026561,-40.4429543020026,3.99166666666667));
#16979=CARTESIAN_POINT('Ctrl Pts',(57.9898131508793,-40.4209518511219,4.03333333333333));
#16980=CARTESIAN_POINT('Ctrl Pts',(57.9093746759238,-40.3801874925829,4.11666666666667));
#16981=CARTESIAN_POINT('Ctrl Pts',(57.8679048792632,-40.3614256110874,4.15833333333333));
#16982=CARTESIAN_POINT('Ctrl Pts',(57.8252969395218,-40.3443772425513,4.2));
#16983=CARTESIAN_POINT('',(57.95,-41.2160795208768,3.7));
#16984=CARTESIAN_POINT('',(57.45,-41.2160795208768,4.2));
#16985=CARTESIAN_POINT('Origin',(58.65,-41.2160795208768,3.7));
#16986=CARTESIAN_POINT('Origin',(57.7,-38.7125,3.95));
#16987=CARTESIAN_POINT('',(57.95,-49.9839204791232,3.7));
#16988=CARTESIAN_POINT('',(57.45,-49.9839204791232,4.2));
#16989=CARTESIAN_POINT('',(57.95,-38.7125,3.7));
#16990=CARTESIAN_POINT('Origin',(58.65,-49.9839204791232,3.95));
#16991=CARTESIAN_POINT('',(58.275,-50.575,3.7));
#16992=CARTESIAN_POINT('Origin',(58.65,-49.9839204791232,3.7));
#16993=CARTESIAN_POINT('Ctrl Pts',(57.775,-50.805123864406,4.2));
#16994=CARTESIAN_POINT('Ctrl Pts',(57.9391466789815,-50.7401610651469,4.03585332101847));
#16995=CARTESIAN_POINT('Ctrl Pts',(58.1157651243741,-50.6625539292947,3.85923487562583));
#16996=CARTESIAN_POINT('Ctrl Pts',(58.275,-50.575,3.7));
#16997=CARTESIAN_POINT('Origin',(58.025,-45.0625,3.95));
#16998=CARTESIAN_POINT('',(58.275,-39.975,3.7));
#16999=CARTESIAN_POINT('',(58.275,-45.0625,3.7));
#17000=CARTESIAN_POINT('',(58.275,-39.975,3.7));
#17001=CARTESIAN_POINT('Origin',(58.975,-39.975,3.95));
#17002=CARTESIAN_POINT('',(58.975,-39.275,3.7));
#17003=CARTESIAN_POINT('Origin',(58.975,-39.975,3.7));
#17004=CARTESIAN_POINT('',(58.975,-39.275,3.7));
#17005=CARTESIAN_POINT('Origin',(53.0375,-39.025,3.95));
#17006=CARTESIAN_POINT('',(71.625,-39.275,3.7));
#17007=CARTESIAN_POINT('',(71.625,-39.275,3.7));
#17008=CARTESIAN_POINT('',(53.0375,-39.275,3.7));
#17009=CARTESIAN_POINT('Origin',(71.625,-39.975,3.95));
#17010=CARTESIAN_POINT('',(72.325,-39.975,3.7));
#17011=CARTESIAN_POINT('Origin',(71.625,-39.975,3.7));
#17012=CARTESIAN_POINT('',(72.325,-39.975,3.7));
#17013=CARTESIAN_POINT('Origin',(72.575,-38.0375,3.95));
#17014=CARTESIAN_POINT('',(72.325,-40.625,3.7));
#17015=CARTESIAN_POINT('',(72.325,-38.0375,3.7));
#17016=CARTESIAN_POINT('Ctrl Pts',(72.825,-40.394876135594,4.2));
#17017=CARTESIAN_POINT('Ctrl Pts',(72.6608533210187,-40.459838934853,4.03585332101868));
#17018=CARTESIAN_POINT('Ctrl Pts',(72.4842348756259,-40.5374460707053,3.85923487562588));
#17019=CARTESIAN_POINT('Ctrl Pts',(72.325,-40.625,3.7));
#17020=CARTESIAN_POINT('Origin',(72.575,-38.0375,3.95));
#17021=CARTESIAN_POINT('',(72.325,-52.625,3.7));
#17022=CARTESIAN_POINT('',(72.325,-38.0375,3.7));
#17023=CARTESIAN_POINT('',(72.325,-52.625,3.7));
#17024=CARTESIAN_POINT('Origin',(71.625,-52.625,3.95));
#17025=CARTESIAN_POINT('',(71.625,-53.325,3.7));
#17026=CARTESIAN_POINT('Origin',(71.625,-52.625,3.7));
#17027=CARTESIAN_POINT('',(71.625,-53.325,3.7));
#17028=CARTESIAN_POINT('Origin',(60.0625,-53.575,3.95));
#17029=CARTESIAN_POINT('',(58.975,-53.325,3.7));
#17030=CARTESIAN_POINT('',(58.975,-53.325,3.7));
#17031=CARTESIAN_POINT('',(60.0625,-53.325,3.7));
#17032=CARTESIAN_POINT('Origin',(58.975,-52.625,3.95));
#17033=CARTESIAN_POINT('',(58.2749999999999,-52.625,3.7));
#17034=CARTESIAN_POINT('Origin',(58.975,-52.625,3.7));
#17035=CARTESIAN_POINT('',(58.2749999999999,-52.625,3.7));
#17036=CARTESIAN_POINT('Origin',(58.025,-45.0625,3.95));
#17037=CARTESIAN_POINT('',(58.275,-45.0625,3.7));
#17038=CARTESIAN_POINT('Origin',(72.9,-43.6875,3.95));
#17039=CARTESIAN_POINT('',(72.65,-41.2160795208768,3.7));
#17040=CARTESIAN_POINT('',(73.15,-41.2160795208768,4.2));
#17041=CARTESIAN_POINT('',(72.65,-43.6875,3.7));
#17042=CARTESIAN_POINT('Origin',(71.95,-41.2160795208768,3.95));
#17043=CARTESIAN_POINT('Origin',(71.95,-41.2160795208768,3.7));
#17044=CARTESIAN_POINT('Origin',(72.65,-50.575,1.9));
#17045=CARTESIAN_POINT('',(72.65,-41.2160795208768,1.9));
#17046=CARTESIAN_POINT('',(72.65,-41.2160795208768,3.05));
#17047=CARTESIAN_POINT('',(72.65,-49.9839204791232,1.9));
#17048=CARTESIAN_POINT('',(72.65,-43.6875,1.9));
#17049=CARTESIAN_POINT('',(72.65,-49.9839204791232,3.05));
#17050=CARTESIAN_POINT('Origin',(71.95,-41.2160795208768,3.05));
#17051=CARTESIAN_POINT('',(72.325,-40.625,1.9));
#17052=CARTESIAN_POINT('',(72.325,-40.625,3.05));
#17053=CARTESIAN_POINT('Origin',(71.95,-41.2160795208768,1.9));
#17054=CARTESIAN_POINT('Origin',(72.325,-39.275,4.2));
#17055=CARTESIAN_POINT('',(72.325,-39.975,1.9));
#17056=CARTESIAN_POINT('',(72.325,-39.975,4.2));
#17057=CARTESIAN_POINT('',(72.325,-38.0375,1.9));
#17058=CARTESIAN_POINT('Origin',(71.625,-39.975,4.2));
#17059=CARTESIAN_POINT('',(71.625,-39.275,1.9));
#17060=CARTESIAN_POINT('',(71.625,-39.275,4.2));
#17061=CARTESIAN_POINT('Origin',(71.625,-39.975,1.9));
#17062=CARTESIAN_POINT('Origin',(58.275,-39.275,4.2));
#17063=CARTESIAN_POINT('',(58.975,-39.275,1.9));
#17064=CARTESIAN_POINT('',(58.975,-39.275,4.2));
#17065=CARTESIAN_POINT('',(53.0375,-39.275,1.9));
#17066=CARTESIAN_POINT('Origin',(58.975,-39.975,4.2));
#17067=CARTESIAN_POINT('',(58.275,-39.975,1.9));
#17068=CARTESIAN_POINT('',(58.275,-39.975,4.2));
#17069=CARTESIAN_POINT('Origin',(58.975,-39.975,1.9));
#17070=CARTESIAN_POINT('Origin',(58.2749999999999,-53.325,4.2));
#17071=CARTESIAN_POINT('',(58.275,-40.625,1.9));
#17072=CARTESIAN_POINT('',(58.275,-40.625,3.05));
#17073=CARTESIAN_POINT('',(58.275,-45.0625,1.9));
#17074=CARTESIAN_POINT('Origin',(58.65,-41.2160795208768,3.05));
#17075=CARTESIAN_POINT('',(57.95,-41.2160795208768,1.9));
#17076=CARTESIAN_POINT('',(57.95,-41.2160795208768,3.05));
#17077=CARTESIAN_POINT('Origin',(58.65,-41.2160795208768,1.9));
#17078=CARTESIAN_POINT('Origin',(60.7,-68.9839204791231,3.95));
#17079=CARTESIAN_POINT('',(61.075,-69.575,3.7));
#17080=CARTESIAN_POINT('Ctrl Pts',(61.075,-69.575,3.7));
#17081=CARTESIAN_POINT('Ctrl Pts',(61.1067957750745,-69.604172472408,3.74166666666667));
#17082=CARTESIAN_POINT('Ctrl Pts',(61.1401394904751,-69.6320433145097,3.78333333333333));
#17083=CARTESIAN_POINT('Ctrl Pts',(61.2097386596564,-69.684957196904,3.86666666666667));
#17084=CARTESIAN_POINT('Ctrl Pts',(61.2459940901376,-69.710000208197,3.90833333333333));
#17085=CARTESIAN_POINT('Ctrl Pts',(61.3212181973438,-69.7570456979974,3.99166666666666));
#17086=CARTESIAN_POINT('Ctrl Pts',(61.3601868491206,-69.7790481488781,4.03333333333333));
#17087=CARTESIAN_POINT('Ctrl Pts',(61.4406253240761,-69.8198125074172,4.11666666666666));
#17088=CARTESIAN_POINT('Ctrl Pts',(61.4820951207367,-69.8385743889126,4.15833333333333));
#17089=CARTESIAN_POINT('Ctrl Pts',(61.5247030604781,-69.8556227574487,4.2));
#17090=CARTESIAN_POINT('',(61.4,-68.9839204791231,3.7));
#17091=CARTESIAN_POINT('',(61.9,-68.9839204791231,4.2));
#17092=CARTESIAN_POINT('Origin',(60.7,-68.9839204791231,3.7));
#17093=CARTESIAN_POINT('Origin',(61.65,-53.1875,3.95));
#17094=CARTESIAN_POINT('',(61.4,-60.2160795208768,3.7));
#17095=CARTESIAN_POINT('',(61.9,-60.2160795208768,4.2));
#17096=CARTESIAN_POINT('',(61.4,-53.1875,3.7));
#17097=CARTESIAN_POINT('Origin',(60.7,-60.2160795208768,3.95));
#17098=CARTESIAN_POINT('',(61.075,-59.625,3.7));
#17099=CARTESIAN_POINT('Origin',(60.7,-60.2160795208768,3.7));
#17100=CARTESIAN_POINT('Ctrl Pts',(61.575,-59.394876135594,4.2));
#17101=CARTESIAN_POINT('Ctrl Pts',(61.4108533210187,-59.459838934853,4.03585332101868));
#17102=CARTESIAN_POINT('Ctrl Pts',(61.2342348756259,-59.5374460707053,3.85923487562588));
#17103=CARTESIAN_POINT('Ctrl Pts',(61.075,-59.625,3.7));
#17104=CARTESIAN_POINT('Origin',(61.325,-47.5375,3.95));
#17105=CARTESIAN_POINT('',(61.075,-71.625,3.7));
#17106=CARTESIAN_POINT('',(61.075,-47.5375,3.7));
#17107=CARTESIAN_POINT('',(61.075,-71.625,3.7));
#17108=CARTESIAN_POINT('Origin',(60.375,-71.625,3.95));
#17109=CARTESIAN_POINT('',(60.375,-72.325,3.7));
#17110=CARTESIAN_POINT('Origin',(60.375,-71.625,3.7));
#17111=CARTESIAN_POINT('',(60.375,-72.325,3.7));
#17112=CARTESIAN_POINT('Origin',(54.4375,-72.575,3.95));
#17113=CARTESIAN_POINT('',(47.725,-72.325,3.7));
#17114=CARTESIAN_POINT('',(47.725,-72.325,3.7));
#17115=CARTESIAN_POINT('',(54.4375,-72.325,3.7));
#17116=CARTESIAN_POINT('Origin',(47.725,-71.625,3.95));
#17117=CARTESIAN_POINT('',(47.025,-71.625,3.7));
#17118=CARTESIAN_POINT('Origin',(47.725,-71.625,3.7));
#17119=CARTESIAN_POINT('',(47.025,-71.625,3.7));
#17120=CARTESIAN_POINT('Origin',(46.775,-54.5625,3.95));
#17121=CARTESIAN_POINT('',(47.025,-69.575,3.7));
#17122=CARTESIAN_POINT('',(47.025,-54.5625,3.7));
#17123=CARTESIAN_POINT('Ctrl Pts',(46.525,-69.805123864406,4.2));
#17124=CARTESIAN_POINT('Ctrl Pts',(46.6891466789814,-69.740161065147,4.03585332101858));
#17125=CARTESIAN_POINT('Ctrl Pts',(46.8657651243742,-69.6625539292947,3.85923487562585));
#17126=CARTESIAN_POINT('Ctrl Pts',(47.025,-69.575,3.7));
#17127=CARTESIAN_POINT('Origin',(46.775,-54.5625,3.95));
#17128=CARTESIAN_POINT('',(47.025,-59.625,3.7));
#17129=CARTESIAN_POINT('',(47.025,-58.975,3.7));
#17130=CARTESIAN_POINT('',(47.025,-54.5625,3.7));
#17131=CARTESIAN_POINT('',(47.025,-58.975,3.7));
#17132=CARTESIAN_POINT('Ctrl Pts',(46.525,-59.394876135594,4.2));
#17133=CARTESIAN_POINT('Ctrl Pts',(46.6891466789814,-59.459838934853,4.03585332101866));
#17134=CARTESIAN_POINT('Ctrl Pts',(46.8657651243741,-59.5374460707053,3.85923487562587));
#17135=CARTESIAN_POINT('Ctrl Pts',(47.025,-59.625,3.7));
#17136=CARTESIAN_POINT('Origin',(47.725,-58.975,3.95));
#17137=CARTESIAN_POINT('',(47.725,-58.275,3.7));
#17138=CARTESIAN_POINT('Origin',(47.725,-58.975,3.7));
#17139=CARTESIAN_POINT('',(47.725,-58.275,3.7));
#17140=CARTESIAN_POINT('Origin',(47.4125,-58.025,3.95));
#17141=CARTESIAN_POINT('',(60.375,-58.275,3.7));
#17142=CARTESIAN_POINT('',(60.375,-58.275,3.7));
#17143=CARTESIAN_POINT('',(47.4125,-58.275,3.7));
#17144=CARTESIAN_POINT('Origin',(60.375,-58.975,3.95));
#17145=CARTESIAN_POINT('',(61.075,-58.975,3.7));
#17146=CARTESIAN_POINT('Origin',(60.375,-58.975,3.7));
#17147=CARTESIAN_POINT('',(61.075,-58.975,3.7));
#17148=CARTESIAN_POINT('Origin',(61.325,-47.5375,3.95));
#17149=CARTESIAN_POINT('',(61.075,-47.5375,3.7));
#17150=CARTESIAN_POINT('Origin',(47.4,-60.2160795208768,3.95));
#17151=CARTESIAN_POINT('',(46.7,-60.2160795208768,3.7));
#17152=CARTESIAN_POINT('',(46.2,-60.2160795208768,4.2));
#17153=CARTESIAN_POINT('Origin',(47.4,-60.2160795208768,3.7));
#17154=CARTESIAN_POINT('Origin',(46.45,-48.2125,3.95));
#17155=CARTESIAN_POINT('',(46.7,-68.9839204791232,3.7));
#17156=CARTESIAN_POINT('',(46.2,-68.9839204791232,4.2));
#17157=CARTESIAN_POINT('',(46.7,-48.2125,3.7));
#17158=CARTESIAN_POINT('Origin',(47.4,-68.9839204791232,3.95));
#17159=CARTESIAN_POINT('Origin',(47.4,-68.9839204791232,3.7));
#17160=CARTESIAN_POINT('Origin',(60.7,-68.9839204791231,3.05));
#17161=CARTESIAN_POINT('',(61.4,-68.9839204791231,1.9));
#17162=CARTESIAN_POINT('',(61.4,-68.9839204791231,3.05));
#17163=CARTESIAN_POINT('',(61.075,-69.575,1.9));
#17164=CARTESIAN_POINT('Origin',(60.7,-68.9839204791231,1.9));
#17165=CARTESIAN_POINT('',(61.075,-69.575,3.05));
#17166=CARTESIAN_POINT('Origin',(61.4,-69.575,1.9));
#17167=CARTESIAN_POINT('',(61.4,-60.2160795208768,1.9));
#17168=CARTESIAN_POINT('',(61.4,-60.2160795208768,3.05));
#17169=CARTESIAN_POINT('',(61.4,-53.1875,1.9));
#17170=CARTESIAN_POINT('Origin',(60.7,-60.2160795208768,3.05));
#17171=CARTESIAN_POINT('',(61.075,-59.625,1.9));
#17172=CARTESIAN_POINT('',(61.075,-59.625,3.05));
#17173=CARTESIAN_POINT('Origin',(60.7,-60.2160795208768,1.9));
#17174=CARTESIAN_POINT('Origin',(61.075,-58.275,4.2));
#17175=CARTESIAN_POINT('',(61.075,-58.975,1.9));
#17176=CARTESIAN_POINT('',(61.075,-58.975,4.2));
#17177=CARTESIAN_POINT('',(61.075,-47.5375,1.9));
#17178=CARTESIAN_POINT('Origin',(60.375,-58.975,4.2));
#17179=CARTESIAN_POINT('',(60.375,-58.275,1.9));
#17180=CARTESIAN_POINT('',(60.375,-58.275,4.2));
#17181=CARTESIAN_POINT('Origin',(60.375,-58.975,1.9));
#17182=CARTESIAN_POINT('Origin',(47.025,-58.275,4.2));
#17183=CARTESIAN_POINT('',(47.725,-58.275,1.9));
#17184=CARTESIAN_POINT('',(47.725,-58.275,4.2));
#17185=CARTESIAN_POINT('',(47.4125,-58.275,1.9));
#17186=CARTESIAN_POINT('Origin',(47.725,-58.975,4.2));
#17187=CARTESIAN_POINT('',(47.025,-58.975,1.9));
#17188=CARTESIAN_POINT('',(47.025,-58.975,4.2));
#17189=CARTESIAN_POINT('Origin',(47.725,-58.975,1.9));
#17190=CARTESIAN_POINT('Origin',(47.025,-72.325,4.2));
#17191=CARTESIAN_POINT('',(47.025,-59.625,1.9));
#17192=CARTESIAN_POINT('',(47.025,-59.625,3.05));
#17193=CARTESIAN_POINT('',(47.025,-54.5625,1.9));
#17194=CARTESIAN_POINT('Origin',(52.95,-49.9839204791231,3.95));
#17195=CARTESIAN_POINT('',(53.325,-50.575,3.7));
#17196=CARTESIAN_POINT('Ctrl Pts',(53.325,-50.575,3.7));
#17197=CARTESIAN_POINT('Ctrl Pts',(53.3567957750746,-50.604172472408,3.74166666666667));
#17198=CARTESIAN_POINT('Ctrl Pts',(53.3901394904752,-50.6320433145096,3.78333333333333));
#17199=CARTESIAN_POINT('Ctrl Pts',(53.4597386596564,-50.684957196904,3.86666666666667));
#17200=CARTESIAN_POINT('Ctrl Pts',(53.4959940901377,-50.710000208197,3.90833333333333));
#17201=CARTESIAN_POINT('Ctrl Pts',(53.5712181973439,-50.7570456979974,3.99166666666667));
#17202=CARTESIAN_POINT('Ctrl Pts',(53.6101868491207,-50.779048148878,4.03333333333333));
#17203=CARTESIAN_POINT('Ctrl Pts',(53.6906253240762,-50.8198125074171,4.11666666666667));
#17204=CARTESIAN_POINT('Ctrl Pts',(53.7320951207368,-50.8385743889126,4.15833333333333));
#17205=CARTESIAN_POINT('Ctrl Pts',(53.7747030604782,-50.8556227574487,4.2));
#17206=CARTESIAN_POINT('',(53.65,-49.9839204791231,3.7));
#17207=CARTESIAN_POINT('',(54.15,-49.9839204791231,4.2));
#17208=CARTESIAN_POINT('Origin',(52.95,-49.9839204791231,3.7));
#17209=CARTESIAN_POINT('Origin',(53.9,-43.6875,3.95));
#17210=CARTESIAN_POINT('',(53.65,-41.2160795208768,3.7));
#17211=CARTESIAN_POINT('',(54.15,-41.2160795208768,4.2));
#17212=CARTESIAN_POINT('',(53.65,-43.6875,3.7));
#17213=CARTESIAN_POINT('Origin',(52.95,-41.2160795208768,3.95));
#17214=CARTESIAN_POINT('',(53.325,-40.625,3.7));
#17215=CARTESIAN_POINT('Origin',(52.95,-41.2160795208768,3.7));
#17216=CARTESIAN_POINT('Ctrl Pts',(53.825,-40.394876135594,4.2));
#17217=CARTESIAN_POINT('Ctrl Pts',(53.6608533210187,-40.459838934853,4.03585332101868));
#17218=CARTESIAN_POINT('Ctrl Pts',(53.4842348756259,-40.5374460707053,3.85923487562588));
#17219=CARTESIAN_POINT('Ctrl Pts',(53.325,-40.625,3.7));
#17220=CARTESIAN_POINT('Origin',(53.575,-38.0375,3.95));
#17221=CARTESIAN_POINT('',(53.325,-52.625,3.7));
#17222=CARTESIAN_POINT('',(53.325,-38.0375,3.7));
#17223=CARTESIAN_POINT('',(53.325,-52.625,3.7));
#17224=CARTESIAN_POINT('Origin',(52.625,-52.625,3.95));
#17225=CARTESIAN_POINT('',(52.625,-53.325,3.7));
#17226=CARTESIAN_POINT('Origin',(52.625,-52.625,3.7));
#17227=CARTESIAN_POINT('',(52.625,-53.325,3.7));
#17228=CARTESIAN_POINT('Origin',(50.5625,-53.575,3.95));
#17229=CARTESIAN_POINT('',(39.975,-53.325,3.7));
#17230=CARTESIAN_POINT('',(39.975,-53.325,3.7));
#17231=CARTESIAN_POINT('',(50.5625,-53.325,3.7));
#17232=CARTESIAN_POINT('Origin',(39.975,-52.625,3.95));
#17233=CARTESIAN_POINT('',(39.275,-52.625,3.7));
#17234=CARTESIAN_POINT('Origin',(39.975,-52.625,3.7));
#17235=CARTESIAN_POINT('',(39.275,-52.625,3.7));
#17236=CARTESIAN_POINT('Origin',(39.025,-45.0625,3.95));
#17237=CARTESIAN_POINT('',(39.275,-50.575,3.7));
#17238=CARTESIAN_POINT('',(39.275,-45.0625,3.7));
#17239=CARTESIAN_POINT('Ctrl Pts',(38.775,-50.805123864406,4.2));
#17240=CARTESIAN_POINT('Ctrl Pts',(38.9391466789813,-50.740161065147,4.03585332101869));
#17241=CARTESIAN_POINT('Ctrl Pts',(39.1157651243741,-50.6625539292947,3.85923487562587));
#17242=CARTESIAN_POINT('Ctrl Pts',(39.275,-50.575,3.7));
#17243=CARTESIAN_POINT('Origin',(39.025,-45.0625,3.95));
#17244=CARTESIAN_POINT('',(39.275,-40.625,3.7));
#17245=CARTESIAN_POINT('',(39.275,-39.975,3.7));
#17246=CARTESIAN_POINT('',(39.275,-45.0625,3.7));
#17247=CARTESIAN_POINT('',(39.275,-39.975,3.7));
#17248=CARTESIAN_POINT('Ctrl Pts',(38.775,-40.394876135594,4.2));
#17249=CARTESIAN_POINT('Ctrl Pts',(38.9391466789813,-40.459838934853,4.03585332101871));
#17250=CARTESIAN_POINT('Ctrl Pts',(39.1157651243741,-40.5374460707053,3.85923487562588));
#17251=CARTESIAN_POINT('Ctrl Pts',(39.275,-40.625,3.7));
#17252=CARTESIAN_POINT('Origin',(39.975,-39.975,3.95));
#17253=CARTESIAN_POINT('',(39.975,-39.275,3.7));
#17254=CARTESIAN_POINT('Origin',(39.975,-39.975,3.7));
#17255=CARTESIAN_POINT('',(39.975,-39.275,3.7));
#17256=CARTESIAN_POINT('Origin',(43.5375,-39.025,3.95));
#17257=CARTESIAN_POINT('',(52.625,-39.275,3.7));
#17258=CARTESIAN_POINT('',(52.625,-39.275,3.7));
#17259=CARTESIAN_POINT('',(43.5375,-39.275,3.7));
#17260=CARTESIAN_POINT('Origin',(52.625,-39.975,3.95));
#17261=CARTESIAN_POINT('',(53.325,-39.975,3.7));
#17262=CARTESIAN_POINT('Origin',(52.625,-39.975,3.7));
#17263=CARTESIAN_POINT('',(53.325,-39.975,3.7));
#17264=CARTESIAN_POINT('Origin',(53.575,-38.0375,3.95));
#17265=CARTESIAN_POINT('',(53.325,-38.0375,3.7));
#17266=CARTESIAN_POINT('Origin',(39.65,-41.2160795208768,3.95));
#17267=CARTESIAN_POINT('',(38.95,-41.2160795208768,3.7));
#17268=CARTESIAN_POINT('',(38.45,-41.2160795208768,4.2));
#17269=CARTESIAN_POINT('Origin',(39.65,-41.2160795208768,3.7));
#17270=CARTESIAN_POINT('Origin',(38.7,-38.7125,3.95));
#17271=CARTESIAN_POINT('',(38.95,-49.9839204791231,3.7));
#17272=CARTESIAN_POINT('',(38.45,-49.9839204791231,4.2));
#17273=CARTESIAN_POINT('',(38.95,-38.7125,3.7));
#17274=CARTESIAN_POINT('Origin',(39.65,-49.9839204791231,3.95));
#17275=CARTESIAN_POINT('Origin',(39.65,-49.9839204791231,3.7));
#17276=CARTESIAN_POINT('Origin',(52.95,-49.9839204791231,3.05));
#17277=CARTESIAN_POINT('',(53.65,-49.9839204791231,1.9));
#17278=CARTESIAN_POINT('',(53.65,-49.9839204791231,3.05));
#17279=CARTESIAN_POINT('',(53.325,-50.575,1.9));
#17280=CARTESIAN_POINT('Origin',(52.95,-49.9839204791231,1.9));
#17281=CARTESIAN_POINT('',(53.325,-50.575,3.05));
#17282=CARTESIAN_POINT('Origin',(53.65,-50.575,1.9));
#17283=CARTESIAN_POINT('',(53.65,-41.2160795208768,1.9));
#17284=CARTESIAN_POINT('',(53.65,-41.2160795208768,3.05));
#17285=CARTESIAN_POINT('',(53.65,-43.6875,1.9));
#17286=CARTESIAN_POINT('Origin',(52.95,-41.2160795208768,3.05));
#17287=CARTESIAN_POINT('',(53.325,-40.625,1.9));
#17288=CARTESIAN_POINT('',(53.325,-40.625,3.05));
#17289=CARTESIAN_POINT('Origin',(52.95,-41.2160795208768,1.9));
#17290=CARTESIAN_POINT('Origin',(53.325,-39.275,4.2));
#17291=CARTESIAN_POINT('',(53.325,-39.975,1.9));
#17292=CARTESIAN_POINT('',(53.325,-39.975,4.2));
#17293=CARTESIAN_POINT('',(53.325,-38.0375,1.9));
#17294=CARTESIAN_POINT('Origin',(52.625,-39.975,4.2));
#17295=CARTESIAN_POINT('',(52.625,-39.275,1.9));
#17296=CARTESIAN_POINT('',(52.625,-39.275,4.2));
#17297=CARTESIAN_POINT('Origin',(52.625,-39.975,1.9));
#17298=CARTESIAN_POINT('Origin',(39.275,-39.275,4.2));
#17299=CARTESIAN_POINT('',(39.975,-39.275,1.9));
#17300=CARTESIAN_POINT('',(39.975,-39.275,4.2));
#17301=CARTESIAN_POINT('',(43.5375,-39.275,1.9));
#17302=CARTESIAN_POINT('Origin',(39.975,-39.975,4.2));
#17303=CARTESIAN_POINT('',(39.275,-39.975,1.9));
#17304=CARTESIAN_POINT('',(39.275,-39.975,4.2));
#17305=CARTESIAN_POINT('Origin',(39.975,-39.975,1.9));
#17306=CARTESIAN_POINT('Origin',(39.275,-53.325,4.2));
#17307=CARTESIAN_POINT('',(39.275,-40.625,1.9));
#17308=CARTESIAN_POINT('',(39.275,-40.625,3.05));
#17309=CARTESIAN_POINT('',(39.275,-45.0625,1.9));
#17310=CARTESIAN_POINT('Origin',(33.95,-49.9839204791231,3.95));
#17311=CARTESIAN_POINT('',(34.325,-50.575,3.7));
#17312=CARTESIAN_POINT('Ctrl Pts',(34.325,-50.575,3.7));
#17313=CARTESIAN_POINT('Ctrl Pts',(34.3567957750746,-50.604172472408,3.74166666666667));
#17314=CARTESIAN_POINT('Ctrl Pts',(34.3901394904752,-50.6320433145097,3.78333333333333));
#17315=CARTESIAN_POINT('Ctrl Pts',(34.4597386596564,-50.684957196904,3.86666666666667));
#17316=CARTESIAN_POINT('Ctrl Pts',(34.4959940901377,-50.710000208197,3.90833333333333));
#17317=CARTESIAN_POINT('Ctrl Pts',(34.5712181973439,-50.7570456979974,3.99166666666667));
#17318=CARTESIAN_POINT('Ctrl Pts',(34.6101868491207,-50.779048148878,4.03333333333333));
#17319=CARTESIAN_POINT('Ctrl Pts',(34.6906253240762,-50.8198125074172,4.11666666666667));
#17320=CARTESIAN_POINT('Ctrl Pts',(34.7320951207368,-50.8385743889126,4.15833333333333));
#17321=CARTESIAN_POINT('Ctrl Pts',(34.7747030604782,-50.8556227574487,4.2));
#17322=CARTESIAN_POINT('',(34.65,-49.9839204791231,3.7));
#17323=CARTESIAN_POINT('',(35.15,-49.9839204791231,4.2));
#17324=CARTESIAN_POINT('Origin',(33.95,-49.9839204791231,3.7));
#17325=CARTESIAN_POINT('Origin',(34.9,-43.6875,3.95));
#17326=CARTESIAN_POINT('',(34.65,-41.2160795208768,3.7));
#17327=CARTESIAN_POINT('',(35.15,-41.2160795208768,4.2));
#17328=CARTESIAN_POINT('',(34.65,-43.6875,3.7));
#17329=CARTESIAN_POINT('Origin',(33.95,-41.2160795208768,3.95));
#17330=CARTESIAN_POINT('',(34.325,-40.625,3.7));
#17331=CARTESIAN_POINT('Origin',(33.95,-41.2160795208768,3.7));
#17332=CARTESIAN_POINT('Ctrl Pts',(34.825,-40.394876135594,4.2));
#17333=CARTESIAN_POINT('Ctrl Pts',(34.6608533210187,-40.459838934853,4.03585332101874));
#17334=CARTESIAN_POINT('Ctrl Pts',(34.4842348756259,-40.5374460707053,3.85923487562589));
#17335=CARTESIAN_POINT('Ctrl Pts',(34.325,-40.625,3.7));
#17336=CARTESIAN_POINT('Origin',(34.575,-38.0375,3.95));
#17337=CARTESIAN_POINT('',(34.325,-52.625,3.7));
#17338=CARTESIAN_POINT('',(34.325,-38.0375,3.7));
#17339=CARTESIAN_POINT('',(34.325,-52.625,3.7));
#17340=CARTESIAN_POINT('Origin',(33.625,-52.625,3.95));
#17341=CARTESIAN_POINT('',(33.625,-53.325,3.7));
#17342=CARTESIAN_POINT('Origin',(33.625,-52.625,3.7));
#17343=CARTESIAN_POINT('',(33.625,-53.325,3.7));
#17344=CARTESIAN_POINT('Origin',(41.0625,-53.575,3.95));
#17345=CARTESIAN_POINT('',(20.975,-53.325,3.7));
#17346=CARTESIAN_POINT('',(20.975,-53.325,3.7));
#17347=CARTESIAN_POINT('',(41.0625,-53.325,3.7));
#17348=CARTESIAN_POINT('Origin',(20.975,-52.625,3.95));
#17349=CARTESIAN_POINT('',(20.275,-52.625,3.7));
#17350=CARTESIAN_POINT('Origin',(20.975,-52.625,3.7));
#17351=CARTESIAN_POINT('',(20.275,-52.625,3.7));
#17352=CARTESIAN_POINT('Origin',(20.025,-45.0625,3.95));
#17353=CARTESIAN_POINT('',(20.275,-50.575,3.7));
#17354=CARTESIAN_POINT('',(20.275,-45.0625,3.7));
#17355=CARTESIAN_POINT('Ctrl Pts',(19.775,-50.805123864406,4.2));
#17356=CARTESIAN_POINT('Ctrl Pts',(19.9391466789813,-50.740161065147,4.03585332101873));
#17357=CARTESIAN_POINT('Ctrl Pts',(20.1157651243741,-50.6625539292947,3.85923487562589));
#17358=CARTESIAN_POINT('Ctrl Pts',(20.275,-50.575,3.7));
#17359=CARTESIAN_POINT('Origin',(20.025,-45.0625,3.95));
#17360=CARTESIAN_POINT('',(20.275,-40.625,3.7));
#17361=CARTESIAN_POINT('',(20.275,-39.975,3.7));
#17362=CARTESIAN_POINT('',(20.275,-45.0625,3.7));
#17363=CARTESIAN_POINT('',(20.275,-39.975,3.7));
#17364=CARTESIAN_POINT('Ctrl Pts',(19.775,-40.394876135594,4.2));
#17365=CARTESIAN_POINT('Ctrl Pts',(19.9391466789813,-40.459838934853,4.03585332101871));
#17366=CARTESIAN_POINT('Ctrl Pts',(20.1157651243741,-40.5374460707053,3.85923487562588));
#17367=CARTESIAN_POINT('Ctrl Pts',(20.275,-40.625,3.7));
#17368=CARTESIAN_POINT('Origin',(20.975,-39.975,3.95));
#17369=CARTESIAN_POINT('',(20.975,-39.275,3.7));
#17370=CARTESIAN_POINT('Origin',(20.975,-39.975,3.7));
#17371=CARTESIAN_POINT('',(20.975,-39.275,3.7));
#17372=CARTESIAN_POINT('Origin',(34.0375,-39.025,3.95));
#17373=CARTESIAN_POINT('',(33.625,-39.275,3.7));
#17374=CARTESIAN_POINT('',(33.625,-39.275,3.7));
#17375=CARTESIAN_POINT('',(34.0375,-39.275,3.7));
#17376=CARTESIAN_POINT('Origin',(33.625,-39.975,3.95));
#17377=CARTESIAN_POINT('',(34.325,-39.975,3.7));
#17378=CARTESIAN_POINT('Origin',(33.625,-39.975,3.7));
#17379=CARTESIAN_POINT('',(34.325,-39.975,3.7));
#17380=CARTESIAN_POINT('Origin',(34.575,-38.0375,3.95));
#17381=CARTESIAN_POINT('',(34.325,-38.0375,3.7));
#17382=CARTESIAN_POINT('Origin',(20.65,-41.2160795208768,3.95));
#17383=CARTESIAN_POINT('',(19.95,-41.2160795208768,3.7));
#17384=CARTESIAN_POINT('',(19.45,-41.2160795208768,4.2));
#17385=CARTESIAN_POINT('Origin',(20.65,-41.2160795208768,3.7));
#17386=CARTESIAN_POINT('Origin',(19.7,-38.7125,3.95));
#17387=CARTESIAN_POINT('',(19.95,-49.9839204791231,3.7));
#17388=CARTESIAN_POINT('',(19.45,-49.9839204791231,4.2));
#17389=CARTESIAN_POINT('',(19.95,-38.7125,3.7));
#17390=CARTESIAN_POINT('Origin',(20.65,-49.9839204791231,3.95));
#17391=CARTESIAN_POINT('Origin',(20.65,-49.9839204791231,3.7));
#17392=CARTESIAN_POINT('Origin',(33.95,-49.9839204791231,3.05));
#17393=CARTESIAN_POINT('',(34.65,-49.9839204791231,1.9));
#17394=CARTESIAN_POINT('',(34.65,-49.9839204791231,3.05));
#17395=CARTESIAN_POINT('',(34.325,-50.575,1.9));
#17396=CARTESIAN_POINT('Origin',(33.95,-49.9839204791231,1.9));
#17397=CARTESIAN_POINT('',(34.325,-50.575,3.05));
#17398=CARTESIAN_POINT('Origin',(34.65,-50.575,1.9));
#17399=CARTESIAN_POINT('',(34.65,-41.2160795208768,1.9));
#17400=CARTESIAN_POINT('',(34.65,-41.2160795208768,3.05));
#17401=CARTESIAN_POINT('',(34.65,-43.6875,1.9));
#17402=CARTESIAN_POINT('Origin',(33.95,-41.2160795208768,3.05));
#17403=CARTESIAN_POINT('',(34.325,-40.625,1.9));
#17404=CARTESIAN_POINT('',(34.325,-40.625,3.05));
#17405=CARTESIAN_POINT('Origin',(33.95,-41.2160795208768,1.9));
#17406=CARTESIAN_POINT('Origin',(34.325,-39.275,4.2));
#17407=CARTESIAN_POINT('',(34.325,-39.975,1.9));
#17408=CARTESIAN_POINT('',(34.325,-39.975,4.2));
#17409=CARTESIAN_POINT('',(34.325,-38.0375,1.9));
#17410=CARTESIAN_POINT('Origin',(33.625,-39.975,4.2));
#17411=CARTESIAN_POINT('',(33.625,-39.275,1.9));
#17412=CARTESIAN_POINT('',(33.625,-39.275,4.2));
#17413=CARTESIAN_POINT('Origin',(33.625,-39.975,1.9));
#17414=CARTESIAN_POINT('Origin',(20.275,-39.275,4.2));
#17415=CARTESIAN_POINT('',(20.975,-39.275,1.9));
#17416=CARTESIAN_POINT('',(20.975,-39.275,4.2));
#17417=CARTESIAN_POINT('',(34.0375,-39.275,1.9));
#17418=CARTESIAN_POINT('Origin',(20.975,-39.975,4.2));
#17419=CARTESIAN_POINT('',(20.275,-39.975,1.9));
#17420=CARTESIAN_POINT('',(20.275,-39.975,4.2));
#17421=CARTESIAN_POINT('Origin',(20.975,-39.975,1.9));
#17422=CARTESIAN_POINT('Origin',(20.275,-53.325,4.2));
#17423=CARTESIAN_POINT('',(20.275,-40.625,1.9));
#17424=CARTESIAN_POINT('',(20.275,-40.625,3.05));
#17425=CARTESIAN_POINT('',(20.275,-45.0625,1.9));
#17426=CARTESIAN_POINT('Origin',(36.6307853944959,0.999999999999996,0.322587552505675));
#17427=CARTESIAN_POINT('',(35.5663407815756,0.2,0.6));
#17428=CARTESIAN_POINT('',(36.6307853944959,0.2,1.42258755250568));
#17429=CARTESIAN_POINT('Origin',(36.6307853944959,0.199999999999997,0.322587552505675));
#17430=CARTESIAN_POINT('',(35.5663407815756,0.999999999999996,0.6));
#17431=CARTESIAN_POINT('',(35.5663407815756,-17.9,0.6));
#17432=CARTESIAN_POINT('',(36.6307853944959,0.999999999999996,1.42258755250568));
#17433=CARTESIAN_POINT('Origin',(36.6307853944959,0.999999999999996,0.322587552505675));
#17434=CARTESIAN_POINT('',(36.6307853944959,0.999999999999996,1.42258755250568));
#17435=CARTESIAN_POINT('Origin',(42.9707853944959,0.999999999999996,1.42258755250568));
#17436=CARTESIAN_POINT('',(42.9707853944959,0.2,1.42258755250568));
#17437=CARTESIAN_POINT('',(66.785383994383,0.199999999999998,1.42258755250568));
#17438=CARTESIAN_POINT('',(42.9707853944959,0.999999999999996,1.42258755250568));
#17439=CARTESIAN_POINT('',(69.285392697248,0.999999999999996,1.42258755250568));
#17440=CARTESIAN_POINT('',(42.9707853944959,0.999999999999996,1.42258755250568));
#17441=CARTESIAN_POINT('Origin',(42.9707853944959,0.999999999999996,0.322587552510077));
#17442=CARTESIAN_POINT('',(44.0352300074129,0.199999999999999,0.6));
#17443=CARTESIAN_POINT('Origin',(42.9707853944959,0.199999999999997,0.322587552510077));
#17444=CARTESIAN_POINT('',(44.0352300074129,0.999999999999996,0.6));
#17445=CARTESIAN_POINT('Origin',(42.9707853944959,0.999999999999996,0.322587552510077));
#17446=CARTESIAN_POINT('',(44.0352300074129,-17.9,0.6));
#17447=CARTESIAN_POINT('Origin',(95.6,0.999999999999996,1.9));
#17448=CARTESIAN_POINT('',(0.,0.999999999999996,0.6));
#17449=CARTESIAN_POINT('',(95.6,0.999999999999994,0.6));
#17450=CARTESIAN_POINT('',(0.,0.999999999999996,1.9));
#17451=CARTESIAN_POINT('',(95.6,0.999999999999996,0.6));
#17452=CARTESIAN_POINT('',(95.6,0.999999999999994,1.9));
#17453=CARTESIAN_POINT('',(95.6,0.999999999999994,0.6));
#17454=CARTESIAN_POINT('Origin',(47.8,-36.8,0.6));
#17455=CARTESIAN_POINT('',(96.6,0.,0.6));
#17456=CARTESIAN_POINT('Origin',(95.6,-3.46944695195361E-15,0.6));
#17457=CARTESIAN_POINT('',(96.6,-65.3,0.6));
#17458=CARTESIAN_POINT('',(96.6,-65.3,0.6));
#17459=CARTESIAN_POINT('',(87.3,-74.6,0.6));
#17460=CARTESIAN_POINT('Origin',(87.3,-65.3,0.6));
#17461=CARTESIAN_POINT('',(8.30000000000001,-74.6,0.6));
#17462=CARTESIAN_POINT('',(8.30000000000001,-74.6,0.6));
#17463=CARTESIAN_POINT('',(-0.999999999999985,-65.3,0.6));
#17464=CARTESIAN_POINT('Origin',(8.30000000000001,-65.3,0.6));
#17465=CARTESIAN_POINT('',(-0.999999999999996,0.,0.6));
#17466=CARTESIAN_POINT('',(-0.999999999999996,-3.74128151938379E-15,0.6));
#17467=CARTESIAN_POINT('Origin',(3.46944695195361E-15,-3.33066907387547E-15,
0.6));
#17468=CARTESIAN_POINT('',(4.99998259426992,0.200000000000001,0.6));
#17469=CARTESIAN_POINT('',(69.199991297135,0.199999999999998,0.6));
#17470=CARTESIAN_POINT('',(2.54001629813893,-0.418671916941368,0.6));
#17471=CARTESIAN_POINT('Origin',(4.99998227310394,-4.999999678834,0.6));
#17472=CARTESIAN_POINT('',(2.44628518552231,-0.244113863645925,0.6));
#17473=CARTESIAN_POINT('',(15.1863100516324,-23.9702158748317,0.6));
#17474=CARTESIAN_POINT('',(1.34315663623557,0.00673255676564954,0.6));
#17475=CARTESIAN_POINT('Origin',(1.78551881015783,-0.598920567623855,0.6));
#17476=CARTESIAN_POINT('',(-0.00671524067265339,-1.34313935323065,0.6));
#17477=CARTESIAN_POINT('Origin',(5.00001708456402,-4.99999967883401,0.6));
#17478=CARTESIAN_POINT('',(0.244131206778815,-2.44626789636865,0.6));
#17479=CARTESIAN_POINT('Origin',(0.598937894560039,-1.78550151230714,0.6));
#17480=CARTESIAN_POINT('',(0.418676750743919,-2.53999228643305,0.6));
#17481=CARTESIAN_POINT('',(25.5064718606839,-16.0111943654164,0.6));
#17482=CARTESIAN_POINT('',(-0.200017405730064,-5.,0.6));
#17483=CARTESIAN_POINT('Origin',(4.99998227310394,-4.999999678834,0.6));
#17484=CARTESIAN_POINT('',(-0.200017405730064,-13.552548,0.6));
#17485=CARTESIAN_POINT('',(-0.200017405730062,-20.9,0.6));
#17486=CARTESIAN_POINT('',(2.22463731915753,-17.3588786675055,0.6));
#17487=CARTESIAN_POINT('Origin',(4.00012374144094,-13.55245861333,0.6));
#17488=CARTESIAN_POINT('',(3.56191021441793,-17.9692192967143,0.6));
#17489=CARTESIAN_POINT('',(24.7558868045172,-27.6422972849717,0.6));
#17490=CARTESIAN_POINT('',(3.56191021441852,-21.2307807032854,0.6));
#17491=CARTESIAN_POINT('Origin',(2.79998211235593,-19.6,0.6));
#17492=CARTESIAN_POINT('',(2.22463733038697,-21.8411213273693,0.6));
#17493=CARTESIAN_POINT('',(18.9276800909985,-14.217736703076,0.6));
#17494=CARTESIAN_POINT('',(-0.20001740573024,-25.6474520376116,0.6));
#17495=CARTESIAN_POINT('Origin',(4.00012290367293,-25.64754085312,0.6));
#17496=CARTESIAN_POINT('',(-0.200011405730063,-57.5525480376116,0.6));
#17497=CARTESIAN_POINT('',(-0.20001635706778,-31.2237305321928,0.6));
#17498=CARTESIAN_POINT('',(2.22464441963631,-61.3588791697717,0.6));
#17499=CARTESIAN_POINT('Origin',(4.00005285174894,-57.55250758152,0.6));
#17500=CARTESIAN_POINT('',(3.5619163904854,-61.9692193770727,0.6));
#17501=CARTESIAN_POINT('',(16.4459573160416,-67.8495850624357,0.6));
#17502=CARTESIAN_POINT('',(4.59998259426938,-63.6,0.6));
#17503=CARTESIAN_POINT('Origin',(2.79999402246792,-63.59999623604,0.6));
#17504=CARTESIAN_POINT('',(4.5999825942699,-67.54321966115,0.6));
#17505=CARTESIAN_POINT('',(4.59998259426993,-50.2,0.6));
#17506=CARTESIAN_POINT('',(4.35001740505204,-67.54321966115,0.6));
#17507=CARTESIAN_POINT('',(26.2000087028659,-67.5432196611489,0.6));
#17508=CARTESIAN_POINT('',(3.60001740505208,-68.29321966115,0.6));
#17509=CARTESIAN_POINT('Origin',(4.35001740505208,-68.29321966115,0.6));
#17510=CARTESIAN_POINT('',(3.60001740505208,-69.04321966115,0.6));
#17511=CARTESIAN_POINT('',(3.60001740505208,-52.171609830575,0.6));
#17512=CARTESIAN_POINT('',(4.55594928230298,-72.04780692487,0.6));
#17513=CARTESIAN_POINT('Origin',(8.79983896966097,-69.04321966115,0.6));
#17514=CARTESIAN_POINT('',(5.69840920215617,-72.1447588522765,0.6));
#17515=CARTESIAN_POINT('Origin',(5.16806976104827,-71.6144381217697,0.6));
#17516=CARTESIAN_POINT('',(5.83013403700327,-72.0129939542054,0.6));
#17517=CARTESIAN_POINT('',(24.7719580321159,-53.070537075661,0.6));
#17518=CARTESIAN_POINT('',(6.09409523803236,-72.2769553562374,0.6));
#17519=CARTESIAN_POINT('',(7.51935208945248,-73.7022122076593,0.6));
#17520=CARTESIAN_POINT('',(9.77105059426995,-73.8,0.6));
#17521=CARTESIAN_POINT('Origin',(9.77105030900195,-68.6000002345,0.6));
#17522=CARTESIAN_POINT('',(85.82891459427,-73.8,0.6));
#17523=CARTESIAN_POINT('',(28.785525297135,-73.8,0.6));
#17524=CARTESIAN_POINT('',(89.5058699505036,-72.2769553562337,0.6));
#17525=CARTESIAN_POINT('Origin',(85.828851116032,-68.5998462957601,0.6));
#17526=CARTESIAN_POINT('',(89.7698309505073,-72.0129943562373,0.6));
#17527=CARTESIAN_POINT('',(87.9486413019405,-73.8341840048042,0.6));
#17528=CARTESIAN_POINT('',(89.9015907978438,-72.1447588522765,0.6));
#17529=CARTESIAN_POINT('',(70.8280419678841,-53.070537075661,0.6));
#17530=CARTESIAN_POINT('',(91.044050717697,-72.04780692487,0.6));
#17531=CARTESIAN_POINT('Origin',(90.4319302389517,-71.6144381217696,0.6));
#17532=CARTESIAN_POINT('',(91.9999825949479,-69.04321966115,0.6));
#17533=CARTESIAN_POINT('Origin',(86.800161030339,-69.04321966115,0.6));
#17534=CARTESIAN_POINT('',(91.9999825949479,-68.29321966115,0.6));
#17535=CARTESIAN_POINT('',(91.9999825949479,-52.171609830575,0.6));
#17536=CARTESIAN_POINT('',(91.249982594948,-67.54321966115,0.6));
#17537=CARTESIAN_POINT('Origin',(91.2499825949479,-68.29321966115,0.6));
#17538=CARTESIAN_POINT('',(90.9999825942698,-67.54321966115,0.6));
#17539=CARTESIAN_POINT('',(69.3999912971341,-67.5432196611489,0.6));
#17540=CARTESIAN_POINT('',(90.99998259427,-63.6,0.6));
#17541=CARTESIAN_POINT('',(90.99998259427,-52.921573,0.6));
#17542=CARTESIAN_POINT('',(92.038049375136,-61.9692191136887,0.6));
#17543=CARTESIAN_POINT('Origin',(92.799990590477,-63.6000086068,0.6));
#17544=CARTESIAN_POINT('',(93.3753214971959,-61.358878837374,0.6));
#17545=CARTESIAN_POINT('',(78.4853722775509,-68.1547549878698,0.6));
#17546=CARTESIAN_POINT('',(95.7999765942706,-57.552548,0.6));
#17547=CARTESIAN_POINT('Origin',(91.599861500391,-57.55247520571,0.6));
#17548=CARTESIAN_POINT('',(95.7999765942699,-25.647452,0.6));
#17549=CARTESIAN_POINT('',(95.7999765942699,-47.176274,0.6));
#17550=CARTESIAN_POINT('',(93.3753190319067,-21.8411200374509,0.6));
#17551=CARTESIAN_POINT('Origin',(91.6000338357709,-25.64741504027,0.6));
#17552=CARTESIAN_POINT('',(92.0380491940081,-21.2307808036432,0.6));
#17553=CARTESIAN_POINT('',(77.3409459854062,-14.5229209108146,0.6));
#17554=CARTESIAN_POINT('',(92.0380491940095,-17.9692191963561,0.6));
#17555=CARTESIAN_POINT('Origin',(92.7999822744229,-19.6,0.6));
#17556=CARTESIAN_POINT('',(93.3753214971951,-17.3588788373744,0.6));
#17557=CARTESIAN_POINT('',(70.1754392718875,-27.9474660772332,0.6));
#17558=CARTESIAN_POINT('',(95.7999765942706,-13.5525481403091,0.6));
#17559=CARTESIAN_POINT('Origin',(91.599861500391,-13.55247520571,0.6));
#17560=CARTESIAN_POINT('',(95.7999825942699,-5.00000014030906,0.6));
#17561=CARTESIAN_POINT('',(95.7999684396876,-25.1762909072282,0.6));
#17562=CARTESIAN_POINT('',(95.1812962286414,-2.54000679548652,0.6));
#17563=CARTESIAN_POINT('Origin',(90.5999829154359,-4.99999967883401,0.6));
#17564=CARTESIAN_POINT('',(95.3558687932212,-2.44626789636865,0.6));
#17565=CARTESIAN_POINT('',(70.0935281393161,-16.0111943654164,0.6));
#17566=CARTESIAN_POINT('',(95.6067152406727,-1.34313935323064,0.6));
#17567=CARTESIAN_POINT('Origin',(95.00106210544,-1.78550151230713,0.6));
#17568=CARTESIAN_POINT('',(94.2568433637645,0.00673255676564066,0.6));
#17569=CARTESIAN_POINT('Origin',(90.599982915436,-4.99999967883401,0.6));
#17570=CARTESIAN_POINT('',(93.1537148144777,-0.244113863645925,0.6));
#17571=CARTESIAN_POINT('Origin',(93.8144811898422,-0.59892056762386,0.6));
#17572=CARTESIAN_POINT('',(93.0599759110807,-0.418686425927953,0.6));
#17573=CARTESIAN_POINT('',(80.4136899483676,-23.9702158748317,0.6));
#17574=CARTESIAN_POINT('',(90.59998259427,0.19999999999999,0.6));
#17575=CARTESIAN_POINT('Origin',(90.5999829154359,-4.99999967883401,0.6));
#17576=CARTESIAN_POINT('',(69.199991297135,0.199999999999998,0.6));
#17577=CARTESIAN_POINT('',(93.611490590477,-63.6000086068,0.6));
#17578=CARTESIAN_POINT('Origin',(92.799990590477,-63.6000086068,0.6));
#17579=CARTESIAN_POINT('',(3.61148211235593,-19.6,0.6));
#17580=CARTESIAN_POINT('Origin',(2.79998211235593,-19.6,0.6));
#17581=CARTESIAN_POINT('',(3.61149402246792,-63.59999623604,0.6));
#17582=CARTESIAN_POINT('Origin',(2.79999402246792,-63.59999623604,0.6));
#17583=CARTESIAN_POINT('',(93.6114822744229,-19.6,0.6));
#17584=CARTESIAN_POINT('Origin',(92.7999822744229,-19.6,0.6));
#17585=CARTESIAN_POINT('Origin',(20.7999825942699,-5.,3.5117362928262));
#17586=CARTESIAN_POINT('',(21.8377325942699,-5.,3.2));
#17587=CARTESIAN_POINT('Origin',(20.7999825942699,-5.,3.2));
#17588=CARTESIAN_POINT('',(20.7999825942699,-5.,3.82354310739585));
#17589=CARTESIAN_POINT('',(21.3189162782153,-5.,3.5117362928262));
#17590=CARTESIAN_POINT('Origin',(20.7999825942699,-5.,2.45));
#17591=CARTESIAN_POINT('',(21.8377325942699,-5.,1.7));
#17592=CARTESIAN_POINT('Origin',(20.7999825942699,-5.,1.7));
#17593=CARTESIAN_POINT('',(21.8377325942699,-5.,2.45));
#17594=CARTESIAN_POINT('Origin',(20.7999825942699,-5.,1.9));
#17595=CARTESIAN_POINT('',(22.95,-3.72429425216558,1.9));
#17596=CARTESIAN_POINT('',(18.65,-3.72423558431178,1.9));
#17597=CARTESIAN_POINT('Origin',(20.7999825942699,-5.,1.9));
#17598=CARTESIAN_POINT('',(22.95,-3.72429425216558,1.7));
#17599=CARTESIAN_POINT('',(22.95,-3.72429425216558,1.9));
#17600=CARTESIAN_POINT('',(18.65,-3.72423558431178,1.7));
#17601=CARTESIAN_POINT('Origin',(20.7999825942699,-5.,1.7));
#17602=CARTESIAN_POINT('',(18.65,-3.72423558431178,1.9));
#17603=CARTESIAN_POINT('Origin',(20.7999825942699,-5.,1.9));
#17604=CARTESIAN_POINT('',(18.65,-6.27576441568822,1.9));
#17605=CARTESIAN_POINT('',(22.95,-6.27570574783442,1.9));
#17606=CARTESIAN_POINT('Origin',(20.7999825942699,-5.,1.9));
#17607=CARTESIAN_POINT('',(18.65,-6.27576441568822,1.7));
#17608=CARTESIAN_POINT('',(18.65,-6.27576441568822,1.9));
#17609=CARTESIAN_POINT('',(22.95,-6.27570574783442,1.7));
#17610=CARTESIAN_POINT('Origin',(20.7999825942699,-5.,1.7));
#17611=CARTESIAN_POINT('',(22.95,-6.27570574783442,1.9));
#17612=CARTESIAN_POINT('Origin',(20.8,-5.,1.7));
#17613=CARTESIAN_POINT('',(22.95,-3.21607952087684,1.7));
#17614=CARTESIAN_POINT('',(18.65,-12.0339204791232,1.7));
#17615=CARTESIAN_POINT('Origin',(47.8,-36.8,1.9));
#17616=CARTESIAN_POINT('',(6.09409523803236,-72.2769553562374,1.9));
#17617=CARTESIAN_POINT('',(5.8301342380325,-72.0129943562373,1.9));
#17618=CARTESIAN_POINT('',(7.51935208945248,-73.7022122076593,1.9));
#17619=CARTESIAN_POINT('',(4.59998259426994,-69.043146,1.9));
#17620=CARTESIAN_POINT('Origin',(8.80001063223494,-69.0431341368,1.9));
#17621=CARTESIAN_POINT('',(4.59998259426938,-63.6,1.9));
#17622=CARTESIAN_POINT('',(4.59998259426993,-50.2,1.9));
#17623=CARTESIAN_POINT('',(3.5619163904854,-61.9692193770727,1.9));
#17624=CARTESIAN_POINT('Origin',(2.79999402246792,-63.59999623604,1.9));
#17625=CARTESIAN_POINT('',(2.22464441963631,-61.3588791697717,1.9));
#17626=CARTESIAN_POINT('',(16.4459573160416,-67.8495850624357,1.9));
#17627=CARTESIAN_POINT('',(-0.200011405730063,-57.5525480376116,1.9));
#17628=CARTESIAN_POINT('Origin',(4.00005285174894,-57.55250758152,1.9));
#17629=CARTESIAN_POINT('',(-0.20001740573024,-25.6474520376116,1.9));
#17630=CARTESIAN_POINT('',(-0.20001635706778,-31.2237305321928,1.9));
#17631=CARTESIAN_POINT('',(2.22463733038697,-21.8411213273693,1.9));
#17632=CARTESIAN_POINT('Origin',(4.00012290367293,-25.64754085312,1.9));
#17633=CARTESIAN_POINT('',(3.56191021441852,-21.2307807032854,1.9));
#17634=CARTESIAN_POINT('',(18.9276800909985,-14.217736703076,1.9));
#17635=CARTESIAN_POINT('',(3.56191021441793,-17.9692192967143,1.9));
#17636=CARTESIAN_POINT('Origin',(2.79998211235593,-19.6,1.9));
#17637=CARTESIAN_POINT('',(2.22463731915753,-17.3588786675055,1.9));
#17638=CARTESIAN_POINT('',(24.7558868045172,-27.6422972849717,1.9));
#17639=CARTESIAN_POINT('',(-0.200017405730064,-13.552548,1.9));
#17640=CARTESIAN_POINT('Origin',(4.00012374144094,-13.55245861333,1.9));
#17641=CARTESIAN_POINT('',(-0.200017405730064,-5.,1.9));
#17642=CARTESIAN_POINT('',(-0.200017405730062,-20.9,1.9));
#17643=CARTESIAN_POINT('',(4.99998259426992,0.200000000000001,1.9));
#17644=CARTESIAN_POINT('Origin',(4.99998227310394,-4.999999678834,1.9));
#17645=CARTESIAN_POINT('',(90.59998259427,0.19999999999999,1.9));
#17646=CARTESIAN_POINT('',(69.199991297135,0.199999999999998,1.9));
#17647=CARTESIAN_POINT('',(95.7999825942699,-5.00000014030906,1.9));
#17648=CARTESIAN_POINT('Origin',(90.5999829154359,-4.99999967883401,1.9));
#17649=CARTESIAN_POINT('',(95.7999765942706,-13.5525481403091,1.9));
#17650=CARTESIAN_POINT('',(95.7999684396876,-25.1762909072282,1.9));
#17651=CARTESIAN_POINT('',(93.3753214971951,-17.3588788373744,1.9));
#17652=CARTESIAN_POINT('Origin',(91.599861500391,-13.55247520571,1.9));
#17653=CARTESIAN_POINT('',(92.0380491940095,-17.9692191963561,1.9));
#17654=CARTESIAN_POINT('',(70.1754392718875,-27.9474660772332,1.9));
#17655=CARTESIAN_POINT('',(92.0380491940081,-21.2307808036432,1.9));
#17656=CARTESIAN_POINT('Origin',(92.7999822744229,-19.6,1.9));
#17657=CARTESIAN_POINT('',(93.3753190319067,-21.8411200374509,1.9));
#17658=CARTESIAN_POINT('',(77.3409459854062,-14.5229209108146,1.9));
#17659=CARTESIAN_POINT('',(95.7999765942699,-25.647452,1.9));
#17660=CARTESIAN_POINT('Origin',(91.6000338357709,-25.64741504027,1.9));
#17661=CARTESIAN_POINT('',(95.7999765942706,-57.552548,1.9));
#17662=CARTESIAN_POINT('',(95.7999765942699,-47.176274,1.9));
#17663=CARTESIAN_POINT('',(93.3753214971959,-61.358878837374,1.9));
#17664=CARTESIAN_POINT('Origin',(91.599861500391,-57.55247520571,1.9));
#17665=CARTESIAN_POINT('',(92.038049375136,-61.9692191136887,1.9));
#17666=CARTESIAN_POINT('',(78.4853722775509,-68.1547549878698,1.9));
#17667=CARTESIAN_POINT('',(90.99998259427,-63.6,1.9));
#17668=CARTESIAN_POINT('Origin',(92.799990590477,-63.6000086068,1.9));
#17669=CARTESIAN_POINT('',(90.9999825942697,-69.043146,1.9));
#17670=CARTESIAN_POINT('',(90.99998259427,-52.921573,1.9));
#17671=CARTESIAN_POINT('',(89.7698309505073,-72.0129943562373,1.9));
#17672=CARTESIAN_POINT('Origin',(86.800161030339,-69.04321966115,1.9));
#17673=CARTESIAN_POINT('',(89.5058699505036,-72.2769553562337,1.9));
#17674=CARTESIAN_POINT('',(87.9486413019405,-73.8341840048042,1.9));
#17675=CARTESIAN_POINT('',(85.82891459427,-73.8,1.9));
#17676=CARTESIAN_POINT('Origin',(85.828851116032,-68.5998462957601,1.9));
#17677=CARTESIAN_POINT('',(9.77105059426995,-73.8,1.9));
#17678=CARTESIAN_POINT('',(28.785525297135,-73.8,1.9));
#17679=CARTESIAN_POINT('Origin',(9.77105030900195,-68.6000002345,1.9));
#17680=CARTESIAN_POINT('',(42.275,-12.625,1.9));
#17681=CARTESIAN_POINT('',(42.275,-14.625,1.9));
#17682=CARTESIAN_POINT('',(42.2750000000001,-26.0625,1.9));
#17683=CARTESIAN_POINT('',(42.975,-15.325,1.9));
#17684=CARTESIAN_POINT('Origin',(42.975,-14.625,1.9));
#17685=CARTESIAN_POINT('',(55.625,-15.325,1.9));
#17686=CARTESIAN_POINT('',(52.0625,-15.325,1.9));
#17687=CARTESIAN_POINT('',(56.325,-14.625,1.9));
#17688=CARTESIAN_POINT('Origin',(55.625,-14.625,1.9));
#17689=CARTESIAN_POINT('',(56.325,-12.625,1.9));
#17690=CARTESIAN_POINT('',(56.325,-19.0375,1.9));
#17691=CARTESIAN_POINT('Origin',(55.95,-12.0339204791232,1.9));
#17692=CARTESIAN_POINT('',(41.95,-12.0339204791231,1.9));
#17693=CARTESIAN_POINT('',(41.95,-19.7125,1.9));
#17694=CARTESIAN_POINT('Origin',(42.65,-12.0339204791231,1.9));
#17695=CARTESIAN_POINT('',(45.65,-22.2160795208768,1.9));
#17696=CARTESIAN_POINT('',(45.65,-34.1875,1.9));
#17697=CARTESIAN_POINT('',(45.325,-21.625,1.9));
#17698=CARTESIAN_POINT('Origin',(44.95,-22.2160795208768,1.9));
#17699=CARTESIAN_POINT('',(45.325,-20.975,1.9));
#17700=CARTESIAN_POINT('',(45.325,-28.5375,1.9));
#17701=CARTESIAN_POINT('',(44.625,-20.275,1.9));
#17702=CARTESIAN_POINT('Origin',(44.625,-20.975,1.9));
#17703=CARTESIAN_POINT('',(31.975,-20.275,1.9));
#17704=CARTESIAN_POINT('',(39.5375,-20.275,1.9));
#17705=CARTESIAN_POINT('',(31.275,-20.975,1.9));
#17706=CARTESIAN_POINT('Origin',(31.975,-20.975,1.9));
#17707=CARTESIAN_POINT('',(31.275,-21.625,1.9));
#17708=CARTESIAN_POINT('',(31.275,-35.5625,1.9));
#17709=CARTESIAN_POINT('Origin',(31.65,-22.2160795208768,1.9));
#17710=CARTESIAN_POINT('',(75.2,-61.6160795208769,1.9));
#17711=CARTESIAN_POINT('Origin',(75.9,-61.6160795208769,1.9));
#17712=CARTESIAN_POINT('',(75.2,-70.3839204791232,1.9));
#17713=CARTESIAN_POINT('',(75.2,-48.9125,1.9));
#17714=CARTESIAN_POINT('',(75.525,-70.975,1.9));
#17715=CARTESIAN_POINT('Origin',(75.9,-70.3839204791232,1.9));
#17716=CARTESIAN_POINT('',(75.525,-71.625,1.9));
#17717=CARTESIAN_POINT('',(75.525,-54.5625,1.9));
#17718=CARTESIAN_POINT('',(76.225,-72.325,1.9));
#17719=CARTESIAN_POINT('Origin',(76.225,-71.625,1.9));
#17720=CARTESIAN_POINT('',(88.875,-72.325,1.9));
#17721=CARTESIAN_POINT('',(68.6875,-72.325,1.9));
#17722=CARTESIAN_POINT('',(89.575,-71.625,1.9));
#17723=CARTESIAN_POINT('Origin',(88.875,-71.625,1.9));
#17724=CARTESIAN_POINT('',(89.575,-47.5375,1.9));
#17725=CARTESIAN_POINT('',(19.95,-41.2160795208768,1.9));
#17726=CARTESIAN_POINT('Origin',(20.65,-41.2160795208768,1.9));
#17727=CARTESIAN_POINT('',(19.95,-49.9839204791231,1.9));
#17728=CARTESIAN_POINT('',(19.95,-38.7125,1.9));
#17729=CARTESIAN_POINT('',(20.275,-50.575,1.9));
#17730=CARTESIAN_POINT('Origin',(20.65,-49.9839204791231,1.9));
#17731=CARTESIAN_POINT('',(20.275,-52.625,1.9));
#17732=CARTESIAN_POINT('',(20.275,-45.0625,1.9));
#17733=CARTESIAN_POINT('',(20.975,-53.325,1.9));
#17734=CARTESIAN_POINT('Origin',(20.975,-52.625,1.9));
#17735=CARTESIAN_POINT('',(33.625,-53.325,1.9));
#17736=CARTESIAN_POINT('',(41.0625,-53.325,1.9));
#17737=CARTESIAN_POINT('',(34.325,-52.625,1.9));
#17738=CARTESIAN_POINT('Origin',(33.625,-52.625,1.9));
#17739=CARTESIAN_POINT('',(34.325,-38.0375,1.9));
#17740=CARTESIAN_POINT('',(38.95,-41.2160795208768,1.9));
#17741=CARTESIAN_POINT('Origin',(39.65,-41.2160795208768,1.9));
#17742=CARTESIAN_POINT('',(38.95,-49.9839204791231,1.9));
#17743=CARTESIAN_POINT('',(38.95,-38.7125,1.9));
#17744=CARTESIAN_POINT('',(39.275,-50.575,1.9));
#17745=CARTESIAN_POINT('Origin',(39.65,-49.9839204791231,1.9));
#17746=CARTESIAN_POINT('',(39.275,-52.625,1.9));
#17747=CARTESIAN_POINT('',(39.275,-45.0625,1.9));
#17748=CARTESIAN_POINT('',(39.975,-53.325,1.9));
#17749=CARTESIAN_POINT('Origin',(39.975,-52.625,1.9));
#17750=CARTESIAN_POINT('',(52.625,-53.325,1.9));
#17751=CARTESIAN_POINT('',(50.5625,-53.325,1.9));
#17752=CARTESIAN_POINT('',(53.325,-52.625,1.9));
#17753=CARTESIAN_POINT('Origin',(52.625,-52.625,1.9));
#17754=CARTESIAN_POINT('',(53.325,-38.0375,1.9));
#17755=CARTESIAN_POINT('',(46.7,-60.2160795208768,1.9));
#17756=CARTESIAN_POINT('Origin',(47.4,-60.2160795208768,1.9));
#17757=CARTESIAN_POINT('',(46.7,-68.9839204791232,1.9));
#17758=CARTESIAN_POINT('',(46.7,-48.2125,1.9));
#17759=CARTESIAN_POINT('',(47.025,-69.575,1.9));
#17760=CARTESIAN_POINT('Origin',(47.4,-68.9839204791232,1.9));
#17761=CARTESIAN_POINT('',(47.025,-71.625,1.9));
#17762=CARTESIAN_POINT('',(47.025,-54.5625,1.9));
#17763=CARTESIAN_POINT('',(47.725,-72.325,1.9));
#17764=CARTESIAN_POINT('Origin',(47.725,-71.625,1.9));
#17765=CARTESIAN_POINT('',(60.375,-72.325,1.9));
#17766=CARTESIAN_POINT('',(54.4375,-72.325,1.9));
#17767=CARTESIAN_POINT('',(61.075,-71.625,1.9));
#17768=CARTESIAN_POINT('Origin',(60.375,-71.625,1.9));
#17769=CARTESIAN_POINT('',(61.075,-47.5375,1.9));
#17770=CARTESIAN_POINT('',(26.65,-22.2160795208768,1.9));
#17771=CARTESIAN_POINT('',(26.65,-34.1875,1.9));
#17772=CARTESIAN_POINT('',(26.325,-21.625,1.9));
#17773=CARTESIAN_POINT('Origin',(25.95,-22.2160795208768,1.9));
#17774=CARTESIAN_POINT('',(26.325,-20.975,1.9));
#17775=CARTESIAN_POINT('',(26.325,-28.5375,1.9));
#17776=CARTESIAN_POINT('',(25.625,-20.275,1.9));
#17777=CARTESIAN_POINT('Origin',(25.625,-20.975,1.9));
#17778=CARTESIAN_POINT('',(12.975,-20.275,1.9));
#17779=CARTESIAN_POINT('',(30.0375,-20.275,1.9));
#17780=CARTESIAN_POINT('',(12.275,-20.975,1.9));
#17781=CARTESIAN_POINT('Origin',(12.975,-20.975,1.9));
#17782=CARTESIAN_POINT('',(12.275,-21.625,1.9));
#17783=CARTESIAN_POINT('',(12.275,-35.5625,1.9));
#17784=CARTESIAN_POINT('Origin',(12.65,-22.2160795208768,1.9));
#17785=CARTESIAN_POINT('',(75.65,-12.0339204791231,1.9));
#17786=CARTESIAN_POINT('Origin',(74.95,-12.0339204791231,1.9));
#17787=CARTESIAN_POINT('',(75.65,-3.21607952087684,1.9));
#17788=CARTESIAN_POINT('',(75.65,-24.7125,1.9));
#17789=CARTESIAN_POINT('',(75.325,-2.62499999999999,1.9));
#17790=CARTESIAN_POINT('Origin',(74.95,-3.21607952087684,1.9));
#17791=CARTESIAN_POINT('',(75.325,-1.975,1.9));
#17792=CARTESIAN_POINT('',(75.325,-19.0375,1.9));
#17793=CARTESIAN_POINT('',(74.625,-1.275,1.9));
#17794=CARTESIAN_POINT('Origin',(74.625,-1.975,1.9));
#17795=CARTESIAN_POINT('',(61.975,-1.275,1.9));
#17796=CARTESIAN_POINT('',(54.5375,-1.275,1.9));
#17797=CARTESIAN_POINT('',(61.275,-1.975,1.9));
#17798=CARTESIAN_POINT('Origin',(61.975,-1.975,1.9));
#17799=CARTESIAN_POINT('',(61.275,-26.0625,1.9));
#17800=CARTESIAN_POINT('',(22.95,-12.0339204791231,1.9));
#17801=CARTESIAN_POINT('',(22.95,-19.7125,1.9));
#17802=CARTESIAN_POINT('',(23.275,-12.625,1.9));
#17803=CARTESIAN_POINT('Origin',(23.65,-12.0339204791231,1.9));
#17804=CARTESIAN_POINT('',(23.275,-14.625,1.9));
#17805=CARTESIAN_POINT('',(23.275,-26.0625,1.9));
#17806=CARTESIAN_POINT('',(23.975,-15.325,1.9));
#17807=CARTESIAN_POINT('Origin',(23.975,-14.625,1.9));
#17808=CARTESIAN_POINT('',(36.625,-15.325,1.9));
#17809=CARTESIAN_POINT('',(42.5625,-15.325,1.9));
#17810=CARTESIAN_POINT('',(37.325,-14.625,1.9));
#17811=CARTESIAN_POINT('Origin',(36.625,-14.625,1.9));
#17812=CARTESIAN_POINT('',(37.325,-12.625,1.9));
#17813=CARTESIAN_POINT('',(37.325,-19.0375,1.9));
#17814=CARTESIAN_POINT('Origin',(36.95,-12.0339204791231,1.9));
#17815=CARTESIAN_POINT('',(22.95,-19.7125,1.9));
#17816=CARTESIAN_POINT('',(18.65,-3.21607952087684,1.9));
#17817=CARTESIAN_POINT('',(18.65,-24.7125,1.9));
#17818=CARTESIAN_POINT('',(18.325,-2.62499999999999,1.9));
#17819=CARTESIAN_POINT('Origin',(17.95,-3.21607952087684,1.9));
#17820=CARTESIAN_POINT('',(18.325,-1.975,1.9));
#17821=CARTESIAN_POINT('',(18.325,-19.0375,1.9));
#17822=CARTESIAN_POINT('',(17.625,-1.275,1.9));
#17823=CARTESIAN_POINT('Origin',(17.625,-1.975,1.9));
#17824=CARTESIAN_POINT('',(4.975,-1.275,1.9));
#17825=CARTESIAN_POINT('',(26.0375,-1.275,1.9));
#17826=CARTESIAN_POINT('',(4.27499999999999,-1.975,1.9));
#17827=CARTESIAN_POINT('Origin',(4.97499999999999,-1.975,1.9));
#17828=CARTESIAN_POINT('',(4.27499999999999,-26.0625,1.9));
#17829=CARTESIAN_POINT('',(18.65,-12.0339204791232,1.9));
#17830=CARTESIAN_POINT('Origin',(17.95,-12.0339204791232,1.9));
#17831=CARTESIAN_POINT('',(18.65,-24.7125,1.9));
#17832=CARTESIAN_POINT('',(50.275,-31.575,1.9));
#17833=CARTESIAN_POINT('',(50.275,-33.625,1.9));
#17834=CARTESIAN_POINT('',(50.275,-35.5625,1.9));
#17835=CARTESIAN_POINT('',(50.975,-34.325,1.9));
#17836=CARTESIAN_POINT('Origin',(50.975,-33.625,1.9));
#17837=CARTESIAN_POINT('',(63.625,-34.325,1.9));
#17838=CARTESIAN_POINT('',(56.0625,-34.325,1.9));
#17839=CARTESIAN_POINT('',(64.325,-33.625,1.9));
#17840=CARTESIAN_POINT('Origin',(63.625,-33.625,1.9));
#17841=CARTESIAN_POINT('',(64.325,-31.575,1.9));
#17842=CARTESIAN_POINT('',(64.325,-28.5375,1.9));
#17843=CARTESIAN_POINT('Origin',(63.95,-30.9839204791232,1.9));
#17844=CARTESIAN_POINT('',(49.95,-30.9839204791232,1.9));
#17845=CARTESIAN_POINT('',(49.95,-29.2125,1.9));
#17846=CARTESIAN_POINT('Origin',(50.65,-30.9839204791232,1.9));
#17847=CARTESIAN_POINT('',(77.275,-50.575,1.9));
#17848=CARTESIAN_POINT('',(77.275,-52.625,1.9));
#17849=CARTESIAN_POINT('',(77.275,-45.0625,1.9));
#17850=CARTESIAN_POINT('',(77.975,-53.325,1.9));
#17851=CARTESIAN_POINT('Origin',(77.975,-52.625,1.9));
#17852=CARTESIAN_POINT('',(90.625,-53.325,1.9));
#17853=CARTESIAN_POINT('',(69.5625,-53.325,1.9));
#17854=CARTESIAN_POINT('',(91.325,-52.625,1.9));
#17855=CARTESIAN_POINT('Origin',(90.625,-52.625,1.9));
#17856=CARTESIAN_POINT('',(91.325,-50.575,1.9));
#17857=CARTESIAN_POINT('',(91.325,-38.0375,1.9));
#17858=CARTESIAN_POINT('Origin',(90.95,-49.9839204791232,1.9));
#17859=CARTESIAN_POINT('',(76.95,-49.9839204791231,1.9));
#17860=CARTESIAN_POINT('',(76.95,-38.7125,1.9));
#17861=CARTESIAN_POINT('Origin',(77.65,-49.9839204791231,1.9));
#17862=CARTESIAN_POINT('',(1.275,-51.975,1.9));
#17863=CARTESIAN_POINT('',(1.27500000000001,-52.625,1.9));
#17864=CARTESIAN_POINT('',(1.275,-45.0625,1.9));
#17865=CARTESIAN_POINT('',(1.975,-53.325,1.9));
#17866=CARTESIAN_POINT('Origin',(1.975,-52.625,1.9));
#17867=CARTESIAN_POINT('',(14.625,-53.325,1.9));
#17868=CARTESIAN_POINT('',(31.5625,-53.325,1.9));
#17869=CARTESIAN_POINT('',(15.325,-52.625,1.9));
#17870=CARTESIAN_POINT('Origin',(14.625,-52.625,1.9));
#17871=CARTESIAN_POINT('',(15.325,-38.0375,1.9));
#17872=CARTESIAN_POINT('',(0.949999999999998,-42.6160795208769,1.9));
#17873=CARTESIAN_POINT('Origin',(1.65,-42.6160795208769,1.9));
#17874=CARTESIAN_POINT('',(0.949999999999998,-51.3839204791232,1.9));
#17875=CARTESIAN_POINT('',(0.949999999999998,-39.4125,1.9));
#17876=CARTESIAN_POINT('Origin',(1.65,-51.3839204791232,1.9));
#17877=CARTESIAN_POINT('',(58.275,-50.575,1.9));
#17878=CARTESIAN_POINT('',(58.2749999999999,-52.625,1.9));
#17879=CARTESIAN_POINT('',(58.275,-45.0625,1.9));
#17880=CARTESIAN_POINT('',(58.975,-53.325,1.9));
#17881=CARTESIAN_POINT('Origin',(58.975,-52.625,1.9));
#17882=CARTESIAN_POINT('',(71.625,-53.325,1.9));
#17883=CARTESIAN_POINT('',(60.0625,-53.325,1.9));
#17884=CARTESIAN_POINT('',(72.325,-52.625,1.9));
#17885=CARTESIAN_POINT('Origin',(71.625,-52.625,1.9));
#17886=CARTESIAN_POINT('',(72.325,-50.575,1.9));
#17887=CARTESIAN_POINT('',(72.325,-38.0375,1.9));
#17888=CARTESIAN_POINT('Origin',(71.95,-49.9839204791232,1.9));
#17889=CARTESIAN_POINT('',(57.95,-49.9839204791232,1.9));
#17890=CARTESIAN_POINT('',(57.95,-38.7125,1.9));
#17891=CARTESIAN_POINT('Origin',(58.65,-49.9839204791232,1.9));
#17892=CARTESIAN_POINT('',(69.275,-31.575,1.9));
#17893=CARTESIAN_POINT('',(69.275,-33.625,1.9));
#17894=CARTESIAN_POINT('',(69.275,-35.5625,1.9));
#17895=CARTESIAN_POINT('',(69.975,-34.325,1.9));
#17896=CARTESIAN_POINT('Origin',(69.975,-33.625,1.9));
#17897=CARTESIAN_POINT('',(82.625,-34.325,1.9));
#17898=CARTESIAN_POINT('',(65.5625,-34.325,1.9));
#17899=CARTESIAN_POINT('',(83.325,-33.625,1.9));
#17900=CARTESIAN_POINT('Origin',(82.625,-33.625,1.9));
#17901=CARTESIAN_POINT('',(83.325,-31.575,1.9));
#17902=CARTESIAN_POINT('',(83.325,-28.5375,1.9));
#17903=CARTESIAN_POINT('Origin',(82.95,-30.9839204791232,1.9));
#17904=CARTESIAN_POINT('',(68.95,-30.9839204791232,1.9));
#17905=CARTESIAN_POINT('',(68.95,-29.2125,1.9));
#17906=CARTESIAN_POINT('Origin',(69.65,-30.9839204791232,1.9));
#17907=CARTESIAN_POINT('',(80.275,-12.625,1.9));
#17908=CARTESIAN_POINT('',(80.275,-14.625,1.9));
#17909=CARTESIAN_POINT('',(80.275,-26.0625,1.9));
#17910=CARTESIAN_POINT('',(80.975,-15.325,1.9));
#17911=CARTESIAN_POINT('Origin',(80.975,-14.625,1.9));
#17912=CARTESIAN_POINT('',(93.625,-15.325,1.9));
#17913=CARTESIAN_POINT('',(71.0625,-15.325,1.9));
#17914=CARTESIAN_POINT('',(94.325,-14.625,1.9));
#17915=CARTESIAN_POINT('Origin',(93.625,-14.625,1.9));
#17916=CARTESIAN_POINT('',(94.325,-12.625,1.9));
#17917=CARTESIAN_POINT('',(94.325,-19.0375,1.9));
#17918=CARTESIAN_POINT('Origin',(93.95,-12.0339204791232,1.9));
#17919=CARTESIAN_POINT('',(79.95,-12.0339204791232,1.9));
#17920=CARTESIAN_POINT('',(79.95,-19.7125,1.9));
#17921=CARTESIAN_POINT('Origin',(80.65,-12.0339204791232,1.9));
#17922=CARTESIAN_POINT('Origin',(92.7999822744229,-19.6,3.44379919617043));
#17923=CARTESIAN_POINT('',(93.611482274423,-19.6,3.2));
#17924=CARTESIAN_POINT('Origin',(92.7999822744229,-19.6,3.2));
#17925=CARTESIAN_POINT('',(92.7999822744229,-19.6,3.68759839234087));
#17926=CARTESIAN_POINT('',(93.205732274423,-19.6,3.44379919617043));
#17927=CARTESIAN_POINT('Origin',(92.7999822744229,-19.6,1.9));
#17928=CARTESIAN_POINT('',(93.6114822744229,-19.6,1.9));
#17929=CARTESIAN_POINT('Origin',(2.79999402246792,-63.59999623604,3.44379919617043));
#17930=CARTESIAN_POINT('',(3.61149402246793,-63.59999623604,3.2));
#17931=CARTESIAN_POINT('Origin',(2.79999402246792,-63.59999623604,3.2));
#17932=CARTESIAN_POINT('',(2.79999402246792,-63.59999623604,3.68759839234087));
#17933=CARTESIAN_POINT('',(3.20574402246792,-63.59999623604,3.44379919617043));
#17934=CARTESIAN_POINT('Origin',(2.79999402246792,-63.59999623604,1.9));
#17935=CARTESIAN_POINT('',(3.61149402246792,-63.59999623604,1.9));
#17936=CARTESIAN_POINT('Origin',(2.79998211235593,-19.6,3.44379919617043));
#17937=CARTESIAN_POINT('',(3.61148211235593,-19.6,3.2));
#17938=CARTESIAN_POINT('Origin',(2.79998211235593,-19.6,3.2));
#17939=CARTESIAN_POINT('',(2.79998211235593,-19.6,3.68759839234087));
#17940=CARTESIAN_POINT('',(3.20573211235593,-19.6,3.44379919617043));
#17941=CARTESIAN_POINT('Origin',(2.79998211235593,-19.6,1.9));
#17942=CARTESIAN_POINT('',(3.61148211235593,-19.6,1.9));
#17943=CARTESIAN_POINT('Origin',(92.799990590477,-63.6000086068,3.44379919617043));
#17944=CARTESIAN_POINT('',(93.611490590477,-63.6000086068,3.2));
#17945=CARTESIAN_POINT('Origin',(92.799990590477,-63.6000086068,3.2));
#17946=CARTESIAN_POINT('',(92.799990590477,-63.6000086068,3.68759839234087));
#17947=CARTESIAN_POINT('',(93.205740590477,-63.6000086068,3.44379919617043));
#17948=CARTESIAN_POINT('Origin',(92.799990590477,-63.6000086068,1.9));
#17949=CARTESIAN_POINT('',(93.611490590477,-63.6000086068,1.9));
#17950=CARTESIAN_POINT('Origin',(5.16806976104827,-71.6144381217697,0.6));
#17951=CARTESIAN_POINT('',(4.55594928230298,-72.04780692487,0.1));
#17952=CARTESIAN_POINT('',(5.69840920215617,-72.1447588522765,0.1));
#17953=CARTESIAN_POINT('Origin',(5.16806976104827,-71.6144381217697,0.1));
#17954=CARTESIAN_POINT('',(5.69840920215617,-72.1447588522765,0.6));
#17955=CARTESIAN_POINT('',(4.55594928230298,-72.04780692487,0.6));
#17956=CARTESIAN_POINT('Origin',(8.79983896966097,-69.04321966115,0.6));
#17957=CARTESIAN_POINT('',(3.60001740505208,-69.04321966115,0.1));
#17958=CARTESIAN_POINT('',(3.60001740505208,-69.04321966115,0.6));
#17959=CARTESIAN_POINT('Origin',(8.79983896966097,-69.04321966115,0.1));
#17960=CARTESIAN_POINT('Origin',(4.35001740505208,-68.29321966115,0.6));
#17961=CARTESIAN_POINT('',(4.35001740505204,-67.54321966115,0.1));
#17962=CARTESIAN_POINT('',(3.60001740505208,-68.29321966115,0.1));
#17963=CARTESIAN_POINT('Origin',(4.35001740505208,-68.29321966115,0.1));
#17964=CARTESIAN_POINT('',(3.60001740505208,-68.29321966115,0.6));
#17965=CARTESIAN_POINT('',(4.35001740505204,-67.54321966115,0.6));
#17966=CARTESIAN_POINT('Origin',(4.60001740573025,-67.54321966115,0.6));
#17967=CARTESIAN_POINT('',(4.60001740573025,-67.54321966115,0.1));
#17968=CARTESIAN_POINT('',(4.60001740573025,-67.54321966115,0.6));
#17969=CARTESIAN_POINT('',(3.60001740505208,-67.54321966115,0.1));
#17970=CARTESIAN_POINT('Origin',(1.78551881015783,-0.598920567623855,0.6));
#17971=CARTESIAN_POINT('',(2.44628518552232,-0.244113863645926,0.1));
#17972=CARTESIAN_POINT('',(1.34315663623557,0.00673255676564954,0.1));
#17973=CARTESIAN_POINT('Origin',(1.78551881015783,-0.598920567623855,0.1));
#17974=CARTESIAN_POINT('',(1.34315663623557,0.00673255676564954,0.6));
#17975=CARTESIAN_POINT('',(2.44628518552232,-0.244113863645926,0.6));
#17976=CARTESIAN_POINT('Origin',(5.00001708456402,-4.99999967883401,0.6));
#17977=CARTESIAN_POINT('',(-0.00671524067265339,-1.34313935323065,0.1));
#17978=CARTESIAN_POINT('Origin',(5.00001708456402,-4.99999967883401,0.1));
#17979=CARTESIAN_POINT('',(-0.00671524067265339,-1.34313935323065,0.6));
#17980=CARTESIAN_POINT('Origin',(1.03885300743128,-1.03883569379758,0.1));
#17981=CARTESIAN_POINT('',(2.5400240889193,-0.418686425927953,0.1));
#17982=CARTESIAN_POINT('',(2.0669484836154,0.462335407891357,0.1));
#17983=CARTESIAN_POINT('',(0.41870377135858,-2.54000679548652,0.1));
#17984=CARTESIAN_POINT('Origin',(5.00001708456402,-4.99999967883398,0.1));
#17985=CARTESIAN_POINT('',(0.244131206778819,-2.44626789636864,0.1));
#17986=CARTESIAN_POINT('',(-0.462318074056753,-2.06693121177822,0.1));
#17987=CARTESIAN_POINT('Origin',(0.598937894560039,-1.78550151230714,0.1));
#17988=CARTESIAN_POINT('Origin',(0.598937894560039,-1.78550151230714,0.6));
#17989=CARTESIAN_POINT('',(0.244131206778819,-2.44626789636864,0.6));
#17990=CARTESIAN_POINT('Origin',(93.8144811898422,-0.59892056762386,0.6));
#17991=CARTESIAN_POINT('',(94.2568433637645,0.00673255676564066,0.1));
#17992=CARTESIAN_POINT('',(93.1537148144777,-0.244113863645921,0.1));
#17993=CARTESIAN_POINT('Origin',(93.8144811898422,-0.59892056762386,0.1));
#17994=CARTESIAN_POINT('',(93.1537148144777,-0.244113863645924,0.6));
#17995=CARTESIAN_POINT('',(94.2568433637645,0.00673255676564066,0.6));
#17996=CARTESIAN_POINT('Origin',(94.5611469925687,-1.03883569379758,0.1));
#17997=CARTESIAN_POINT('',(95.6067152406727,-1.34313935323064,0.1));
#17998=CARTESIAN_POINT('Origin',(90.599982915436,-4.99999967883401,0.1));
#17999=CARTESIAN_POINT('',(95.3558687932212,-2.44626789636865,0.1));
#18000=CARTESIAN_POINT('Origin',(95.00106210544,-1.78550151230713,0.1));
#18001=CARTESIAN_POINT('',(95.1812962286414,-2.54000679548652,0.1));
#18002=CARTESIAN_POINT('',(96.0623180740568,-2.06693121177822,0.1));
#18003=CARTESIAN_POINT('',(93.0599759110807,-0.418686425927953,0.1));
#18004=CARTESIAN_POINT('Origin',(90.599982915436,-4.99999967883398,0.1));
#18005=CARTESIAN_POINT('',(93.5330515163846,0.462335407891357,0.1));
#18006=CARTESIAN_POINT('Origin',(90.599982915436,-4.99999967883401,0.6));
#18007=CARTESIAN_POINT('',(95.6067152406727,-1.34313935323064,0.6));
#18008=CARTESIAN_POINT('Origin',(95.00106210544,-1.78550151230713,0.6));
#18009=CARTESIAN_POINT('',(95.3558687932212,-2.44626789636865,0.6));
#18010=CARTESIAN_POINT('Origin',(96.0623180740568,-2.06693121177822,0.6));
#18011=CARTESIAN_POINT('',(95.1812962286414,-2.54000679548652,0.6));
#18012=CARTESIAN_POINT('Origin',(91.2499825949479,-68.29321966115,0.6));
#18013=CARTESIAN_POINT('',(91.9999825949479,-68.29321966115,0.1));
#18014=CARTESIAN_POINT('',(91.249982594948,-67.54321966115,0.1));
#18015=CARTESIAN_POINT('Origin',(91.2499825949479,-68.29321966115,0.1));
#18016=CARTESIAN_POINT('',(91.249982594948,-67.54321966115,0.6));
#18017=CARTESIAN_POINT('',(91.9999825949479,-68.29321966115,0.6));
#18018=CARTESIAN_POINT('Origin',(90.9999825942698,-67.54321966115,0.6));
#18019=CARTESIAN_POINT('',(90.9999825942698,-67.54321966115,0.1));
#18020=CARTESIAN_POINT('',(91.9999825949479,-67.54321966115,0.1));
#18021=CARTESIAN_POINT('',(90.9999825942698,-67.54321966115,0.6));
#18022=CARTESIAN_POINT('Origin',(90.8849067727369,-70.131666636107,0.1));
#18023=CARTESIAN_POINT('',(91.9999825949479,-69.04321966115,0.1));
#18024=CARTESIAN_POINT('',(91.9999825949479,-69.04321966115,0.1));
#18025=CARTESIAN_POINT('',(91.044050717697,-72.04780692487,0.1));
#18026=CARTESIAN_POINT('Origin',(86.800161030339,-69.04321966115,0.1));
#18027=CARTESIAN_POINT('',(89.9015907978438,-72.1447588522765,0.1));
#18028=CARTESIAN_POINT('Origin',(90.4319302389517,-71.6144381217696,0.1));
#18029=CARTESIAN_POINT('',(89.7698309505259,-72.012994356256,0.1));
#18030=CARTESIAN_POINT('',(90.4769252578708,-72.7201136110641,0.1));
#18031=CARTESIAN_POINT('',(90.9999825942697,-69.043146,0.1));
#18032=CARTESIAN_POINT('Origin',(86.8001610303392,-69.0432196611501,0.1));
#18033=CARTESIAN_POINT('',(90.9999825942697,-69.043146,0.1));
#18034=CARTESIAN_POINT('Origin',(90.4319302389517,-71.6144381217696,0.6));
#18035=CARTESIAN_POINT('',(91.044050717697,-72.04780692487,0.6));
#18036=CARTESIAN_POINT('',(89.9015907978438,-72.1447588522765,0.6));
#18037=CARTESIAN_POINT('Origin',(90.4769252578708,-72.7201136110641,0.6));
#18038=CARTESIAN_POINT('',(89.7698309505259,-72.012994356256,0.6));
#18039=CARTESIAN_POINT('Origin',(2.5400240889193,-0.418686425927948,0.6));
#18040=CARTESIAN_POINT('',(2.5400240889193,-0.418686425927953,0.6));
#18041=CARTESIAN_POINT('Origin',(5.00001708456402,-4.99999967883398,0.6));
#18042=CARTESIAN_POINT('Origin',(4.99998227310394,-4.999999678834,0.6));
#18043=CARTESIAN_POINT('',(0.41870377135858,-2.54000679548652,0.6));
#18044=CARTESIAN_POINT('Origin',(-0.462318074056753,-2.06693121177822,0.6));
#18045=CARTESIAN_POINT('Origin',(3.60001740505208,-67.54321966115,0.6));
#18046=CARTESIAN_POINT('',(3.60001740505208,-69.04321966115,0.1));
#18047=CARTESIAN_POINT('Origin',(4.60001740573032,-69.043146,0.6));
#18048=CARTESIAN_POINT('',(4.59998259426994,-69.043146,0.6));
#18049=CARTESIAN_POINT('',(4.59998259426993,-50.2,0.6));
#18050=CARTESIAN_POINT('',(4.60001740573032,-69.043146,0.1));
#18051=CARTESIAN_POINT('',(4.60001740573032,-69.043146,0.6));
#18052=CARTESIAN_POINT('',(4.60001740573032,-69.043146,0.1));
#18053=CARTESIAN_POINT('Origin',(8.79983896966085,-69.0432196611501,0.6));
#18054=CARTESIAN_POINT('Origin',(8.80001063223494,-69.0431341368,0.6));
#18055=CARTESIAN_POINT('',(5.83016904947408,-72.012994356256,0.1));
#18056=CARTESIAN_POINT('',(5.83016904947408,-72.012994356256,0.6));
#18057=CARTESIAN_POINT('Origin',(8.79983896966085,-69.0432196611501,0.1));
#18058=CARTESIAN_POINT('Origin',(5.12307474212919,-72.7201136110641,0.6));
#18059=CARTESIAN_POINT('',(5.12307474212919,-72.7201136110641,0.1));
#18060=CARTESIAN_POINT('Origin',(4.71509322726307,-70.131666636107,0.1));
#18061=CARTESIAN_POINT('Origin',(93.0599759110807,-0.418686425927948,0.6));
#18062=CARTESIAN_POINT('',(93.0599759110807,-0.418686425927953,0.6));
#18063=CARTESIAN_POINT('Origin',(91.9999825949479,-67.54321966115,0.6));
#18064=CARTESIAN_POINT('',(91.9999825949479,-69.04321966115,0.6));
#18065=CARTESIAN_POINT('Origin',(86.800161030339,-69.04321966115,0.6));
#18066=CARTESIAN_POINT('Origin',(5.8301342380325,-72.0129943562373,1.9));
#18067=CARTESIAN_POINT('',(5.8301342380325,-72.0129943562373,1.9));
#18068=CARTESIAN_POINT('',(6.09409523803235,-72.2769553562374,1.9));
#18069=CARTESIAN_POINT('Origin',(8.80001063223494,-69.0431341368,1.9));
#18070=CARTESIAN_POINT('',(4.59998259426994,-69.043146,1.9));
#18071=CARTESIAN_POINT('Origin',(4.59998259426994,-63.6,1.9));
#18072=CARTESIAN_POINT('',(4.59998259426939,-63.6,1.9));
#18073=CARTESIAN_POINT('Origin',(2.79999402246792,-63.59999623604,1.9));
#18074=CARTESIAN_POINT('',(3.5619163904854,-61.9692193770727,1.9));
#18075=CARTESIAN_POINT('Origin',(2.22540540964275,-61.3592264908914,1.9));
#18076=CARTESIAN_POINT('',(2.22464441963631,-61.3588791697717,1.9));
#18077=CARTESIAN_POINT('Origin',(4.00005285174894,-57.55250758152,1.9));
#18078=CARTESIAN_POINT('',(-0.200011405730064,-57.5525480376116,1.9));
#18079=CARTESIAN_POINT('Origin',(-0.200017405730063,-25.6474520376116,1.9));
#18080=CARTESIAN_POINT('',(-0.200017405730241,-25.6474520376116,1.9));
#18081=CARTESIAN_POINT('Origin',(4.00012290367293,-25.64754085312,1.9));
#18082=CARTESIAN_POINT('',(2.22463733038697,-21.8411213273693,1.9));
#18083=CARTESIAN_POINT('Origin',(3.56269940964269,-21.2304205091086,1.9));
#18084=CARTESIAN_POINT('',(3.56191021441852,-21.2307807032854,1.9));
#18085=CARTESIAN_POINT('Origin',(2.79998211235593,-19.6,1.9));
#18086=CARTESIAN_POINT('',(3.56191021441793,-17.9692192967143,1.9));
#18087=CARTESIAN_POINT('Origin',(2.22539940964273,-17.3592264908914,1.9));
#18088=CARTESIAN_POINT('',(2.22463731915753,-17.3588786675055,1.9));
#18089=CARTESIAN_POINT('Origin',(4.00012374144094,-13.55245861333,1.9));
#18090=CARTESIAN_POINT('',(-0.200017405730066,-13.552548,1.9));
#18091=CARTESIAN_POINT('Origin',(-0.200017405730066,-5.,1.9));
#18092=CARTESIAN_POINT('',(-0.200017405730066,-5.,1.9));
#18093=CARTESIAN_POINT('Origin',(4.99998227310394,-4.999999678834,1.9));
#18094=CARTESIAN_POINT('',(4.99998259426992,0.200000000000002,1.9));
#18095=CARTESIAN_POINT('Origin',(90.59998259427,0.199999999999997,1.9));
#18096=CARTESIAN_POINT('',(90.59998259427,0.199999999999989,1.9));
#18097=CARTESIAN_POINT('Origin',(90.5999829154359,-4.99999967883401,1.9));
#18098=CARTESIAN_POINT('',(95.7999825942699,-5.00000014030906,1.9));
#18099=CARTESIAN_POINT('Origin',(95.7999765942699,-13.5525481403091,1.9));
#18100=CARTESIAN_POINT('',(95.7999765942706,-13.5525481403091,1.9));
#18101=CARTESIAN_POINT('Origin',(91.599861500391,-13.55247520571,1.9));
#18102=CARTESIAN_POINT('',(93.3753214971951,-17.3588788373744,1.9));
#18103=CARTESIAN_POINT('Origin',(92.0372597788972,-17.9695794908914,1.9));
#18104=CARTESIAN_POINT('',(92.0380491940095,-17.9692191963561,1.9));
#18105=CARTESIAN_POINT('Origin',(92.7999822744229,-19.6,1.9));
#18106=CARTESIAN_POINT('',(92.0380491940081,-21.2307808036432,1.9));
#18107=CARTESIAN_POINT('Origin',(93.3745597788972,-21.8407735091086,1.9));
#18108=CARTESIAN_POINT('',(93.3753190319067,-21.8411200374509,1.9));
#18109=CARTESIAN_POINT('Origin',(91.6000338357709,-25.64741504027,1.9));
#18110=CARTESIAN_POINT('',(95.7999765942699,-25.647452,1.9));
#18111=CARTESIAN_POINT('Origin',(95.7999765942699,-57.552548,1.9));
#18112=CARTESIAN_POINT('',(95.7999765942706,-57.552548,1.9));
#18113=CARTESIAN_POINT('Origin',(91.599861500391,-57.55247520571,1.9));
#18114=CARTESIAN_POINT('',(93.3753214971959,-61.358878837374,1.9));
#18115=CARTESIAN_POINT('Origin',(92.0372597788972,-61.9695794908914,1.9));
#18116=CARTESIAN_POINT('',(92.038049375136,-61.9692191136887,1.9));
#18117=CARTESIAN_POINT('Origin',(92.799990590477,-63.6000086068,1.9));
#18118=CARTESIAN_POINT('',(90.99998259427,-63.6,1.9));
#18119=CARTESIAN_POINT('Origin',(90.99998259427,-69.043146,1.9));
#18120=CARTESIAN_POINT('',(90.9999825942697,-69.043146,0.6));
#18121=CARTESIAN_POINT('',(90.9999825942697,-69.043146,0.6));
#18122=CARTESIAN_POINT('',(90.9999825942697,-69.043146,1.9));
#18123=CARTESIAN_POINT('Origin',(86.800161030339,-69.04321966115,1.9));
#18124=CARTESIAN_POINT('',(89.7698309505073,-72.0129943562373,1.9));
#18125=CARTESIAN_POINT('Origin',(89.5058699505073,-72.2769553562373,1.9));
#18126=CARTESIAN_POINT('',(89.5058699505036,-72.2769553562337,1.9));
#18127=CARTESIAN_POINT('Origin',(85.828851116032,-68.5998462957601,1.9));
#18128=CARTESIAN_POINT('',(85.82891459427,-73.8,1.9));
#18129=CARTESIAN_POINT('Origin',(9.77105059426995,-73.8,1.9));
#18130=CARTESIAN_POINT('',(9.77105059426995,-73.8,1.9));
#18131=CARTESIAN_POINT('Origin',(9.77105030900195,-68.6000002345,1.9));
#18132=CARTESIAN_POINT('Origin',(31.65,-22.2160795208768,3.05));
#18133=CARTESIAN_POINT('',(31.275,-21.625,3.05));
#18134=CARTESIAN_POINT('Origin',(31.975,-20.975,4.2));
#18135=CARTESIAN_POINT('',(31.275,-20.975,4.2));
#18136=CARTESIAN_POINT('',(31.975,-20.275,4.2));
#18137=CARTESIAN_POINT('Origin',(31.275,-34.325,4.2));
#18138=CARTESIAN_POINT('Origin',(4.97499999999999,-1.975,4.2));
#18139=CARTESIAN_POINT('',(4.27499999999999,-1.975,4.2));
#18140=CARTESIAN_POINT('',(4.97499999999999,-1.275,4.2));
#18141=CARTESIAN_POINT('Origin',(4.275,-15.325,4.2));
#18142=CARTESIAN_POINT('Origin',(1.65,-42.6160795208769,3.05));
#18143=CARTESIAN_POINT('',(0.949999999999995,-42.6160795208769,3.05));
#18144=CARTESIAN_POINT('Origin',(12.65,-22.2160795208768,3.05));
#18145=CARTESIAN_POINT('',(12.275,-21.625,3.05));
#18146=CARTESIAN_POINT('Origin',(12.975,-20.975,4.2));
#18147=CARTESIAN_POINT('',(12.275,-20.975,4.2));
#18148=CARTESIAN_POINT('',(12.975,-20.275,4.2));
#18149=CARTESIAN_POINT('Origin',(12.275,-34.325,4.2));
#18150=CARTESIAN_POINT('Origin',(61.975,-1.975,4.2));
#18151=CARTESIAN_POINT('',(61.275,-1.975,4.2));
#18152=CARTESIAN_POINT('',(61.975,-1.275,4.2));
#18153=CARTESIAN_POINT('Origin',(61.275,-15.325,4.2));
#18154=CARTESIAN_POINT('Origin',(20.65,-41.2160795208768,3.05));
#18155=CARTESIAN_POINT('',(19.95,-41.2160795208768,3.05));
#18156=CARTESIAN_POINT('Origin',(39.65,-41.2160795208768,3.05));
#18157=CARTESIAN_POINT('',(38.95,-41.2160795208768,3.05));
#18158=CARTESIAN_POINT('Origin',(47.4,-60.2160795208768,3.05));
#18159=CARTESIAN_POINT('',(46.7,-60.2160795208768,3.05));
#18160=CARTESIAN_POINT('Origin',(75.9,-61.6160795208769,3.05));
#18161=CARTESIAN_POINT('',(75.2,-61.6160795208769,3.05));
#18162=CARTESIAN_POINT('Origin',(74.625,-1.975,4.2));
#18163=CARTESIAN_POINT('',(74.625,-1.275,4.2));
#18164=CARTESIAN_POINT('',(75.325,-1.975,4.2));
#18165=CARTESIAN_POINT('Origin',(61.275,-1.275,4.2));
#18166=CARTESIAN_POINT('Origin',(74.95,-3.21607952087684,3.05));
#18167=CARTESIAN_POINT('',(75.325,-2.62499999999999,3.05));
#18168=CARTESIAN_POINT('',(75.65,-3.21607952087684,3.05));
#18169=CARTESIAN_POINT('Origin',(44.625,-20.975,4.2));
#18170=CARTESIAN_POINT('',(44.625,-20.275,4.2));
#18171=CARTESIAN_POINT('',(45.325,-20.975,4.2));
#18172=CARTESIAN_POINT('Origin',(31.275,-20.275,4.2));
#18173=CARTESIAN_POINT('Origin',(44.95,-22.2160795208768,3.05));
#18174=CARTESIAN_POINT('',(45.325,-21.625,3.05));
#18175=CARTESIAN_POINT('',(45.65,-22.2160795208768,3.05));
#18176=CARTESIAN_POINT('Origin',(17.625,-1.975,4.2));
#18177=CARTESIAN_POINT('',(17.625,-1.275,4.2));
#18178=CARTESIAN_POINT('',(18.325,-1.975,4.2));
#18179=CARTESIAN_POINT('Origin',(4.27499999999999,-1.275,4.2));
#18180=CARTESIAN_POINT('Origin',(17.95,-3.21607952087684,3.05));
#18181=CARTESIAN_POINT('',(18.325,-2.62499999999999,3.05));
#18182=CARTESIAN_POINT('',(18.65,-3.21607952087684,3.05));
#18183=CARTESIAN_POINT('Origin',(25.625,-20.975,4.2));
#18184=CARTESIAN_POINT('',(25.625,-20.275,4.2));
#18185=CARTESIAN_POINT('',(26.325,-20.975,4.2));
#18186=CARTESIAN_POINT('Origin',(12.275,-20.275,4.2));
#18187=CARTESIAN_POINT('Origin',(25.95,-22.2160795208768,3.05));
#18188=CARTESIAN_POINT('',(26.325,-21.625,3.05));
#18189=CARTESIAN_POINT('',(26.65,-22.2160795208768,3.05));
#18190=CARTESIAN_POINT('Origin',(63.95,-30.9839204791232,3.05));
#18191=CARTESIAN_POINT('',(64.325,-31.575,3.05));
#18192=CARTESIAN_POINT('Origin',(63.625,-33.625,4.2));
#18193=CARTESIAN_POINT('',(64.325,-33.625,4.2));
#18194=CARTESIAN_POINT('',(63.625,-34.325,4.2));
#18195=CARTESIAN_POINT('Origin',(64.325,-20.275,4.2));
#18196=CARTESIAN_POINT('Origin',(88.875,-71.625,4.2));
#18197=CARTESIAN_POINT('',(89.575,-71.625,4.2));
#18198=CARTESIAN_POINT('',(88.875,-72.325,4.2));
#18199=CARTESIAN_POINT('Origin',(89.575,-58.275,4.2));
#18200=CARTESIAN_POINT('Origin',(60.375,-71.625,4.2));
#18201=CARTESIAN_POINT('',(61.075,-71.625,4.2));
#18202=CARTESIAN_POINT('',(60.375,-72.325,4.2));
#18203=CARTESIAN_POINT('Origin',(61.075,-58.275,4.2));
#18204=CARTESIAN_POINT('Origin',(14.625,-52.625,4.2));
#18205=CARTESIAN_POINT('',(15.325,-52.625,4.2));
#18206=CARTESIAN_POINT('',(14.625,-53.325,4.2));
#18207=CARTESIAN_POINT('Origin',(15.325,-39.275,4.2));
#18208=CARTESIAN_POINT('Origin',(33.625,-52.625,4.2));
#18209=CARTESIAN_POINT('',(34.325,-52.625,4.2));
#18210=CARTESIAN_POINT('',(33.625,-53.325,4.2));
#18211=CARTESIAN_POINT('Origin',(34.325,-39.275,4.2));
#18212=CARTESIAN_POINT('Origin',(52.625,-52.625,4.2));
#18213=CARTESIAN_POINT('',(53.325,-52.625,4.2));
#18214=CARTESIAN_POINT('',(52.625,-53.325,4.2));
#18215=CARTESIAN_POINT('Origin',(53.325,-39.275,4.2));
#18216=CARTESIAN_POINT('Origin',(90.95,-49.9839204791232,3.05));
#18217=CARTESIAN_POINT('',(91.325,-50.575,3.05));
#18218=CARTESIAN_POINT('Origin',(90.625,-52.625,4.2));
#18219=CARTESIAN_POINT('',(91.325,-52.625,4.2));
#18220=CARTESIAN_POINT('',(90.625,-53.325,4.2));
#18221=CARTESIAN_POINT('Origin',(91.325,-39.275,4.2));
#18222=CARTESIAN_POINT('Origin',(71.95,-49.9839204791232,3.05));
#18223=CARTESIAN_POINT('',(72.325,-50.575,3.05));
#18224=CARTESIAN_POINT('Origin',(71.625,-52.625,4.2));
#18225=CARTESIAN_POINT('',(72.325,-52.625,4.2));
#18226=CARTESIAN_POINT('',(71.625,-53.325,4.2));
#18227=CARTESIAN_POINT('Origin',(72.325,-39.275,4.2));
#18228=CARTESIAN_POINT('Origin',(82.95,-30.9839204791232,3.05));
#18229=CARTESIAN_POINT('',(83.325,-31.575,3.05));
#18230=CARTESIAN_POINT('Origin',(82.625,-33.625,4.2));
#18231=CARTESIAN_POINT('',(83.325,-33.625,4.2));
#18232=CARTESIAN_POINT('',(82.625,-34.325,4.2));
#18233=CARTESIAN_POINT('Origin',(83.325,-20.275,4.2));
#18234=CARTESIAN_POINT('Origin',(93.95,-12.0339204791232,3.05));
#18235=CARTESIAN_POINT('',(94.325,-12.625,3.05));
#18236=CARTESIAN_POINT('Origin',(93.625,-14.625,4.2));
#18237=CARTESIAN_POINT('',(94.325,-14.625,4.2));
#18238=CARTESIAN_POINT('',(93.625,-15.325,4.2));
#18239=CARTESIAN_POINT('Origin',(94.325,-1.275,4.2));
#18240=CARTESIAN_POINT('Origin',(74.95,-12.0339204791231,3.05));
#18241=CARTESIAN_POINT('',(75.65,-12.0339204791231,3.05));
#18242=CARTESIAN_POINT('Origin',(55.95,-12.0339204791232,3.05));
#18243=CARTESIAN_POINT('',(56.325,-12.625,3.05));
#18244=CARTESIAN_POINT('Origin',(55.625,-14.625,4.2));
#18245=CARTESIAN_POINT('',(56.325,-14.625,4.2));
#18246=CARTESIAN_POINT('',(55.625,-15.325,4.2));
#18247=CARTESIAN_POINT('Origin',(56.325,-1.275,4.2));
#18248=CARTESIAN_POINT('Origin',(36.95,-12.0339204791231,3.05));
#18249=CARTESIAN_POINT('',(37.325,-12.625,3.05));
#18250=CARTESIAN_POINT('Origin',(36.625,-14.625,4.2));
#18251=CARTESIAN_POINT('',(37.325,-14.625,4.2));
#18252=CARTESIAN_POINT('',(36.625,-15.325,4.2));
#18253=CARTESIAN_POINT('Origin',(37.325,-1.275,4.2));
#18254=CARTESIAN_POINT('Origin',(17.95,-12.0339204791232,3.05));
#18255=CARTESIAN_POINT('',(18.65,-12.0339204791232,3.05));
#18256=CARTESIAN_POINT('Origin',(75.9,-70.3839204791232,3.05));
#18257=CARTESIAN_POINT('',(75.525,-70.975,3.05));
#18258=CARTESIAN_POINT('',(75.2,-70.3839204791232,3.05));
#18259=CARTESIAN_POINT('Origin',(76.225,-71.625,4.2));
#18260=CARTESIAN_POINT('',(76.225,-72.325,4.2));
#18261=CARTESIAN_POINT('',(75.525,-71.625,4.2));
#18262=CARTESIAN_POINT('Origin',(89.575,-72.325,4.2));
#18263=CARTESIAN_POINT('Origin',(47.4,-68.9839204791232,3.05));
#18264=CARTESIAN_POINT('',(47.025,-69.575,3.05));
#18265=CARTESIAN_POINT('',(46.7,-68.9839204791232,3.05));
#18266=CARTESIAN_POINT('Origin',(47.725,-71.625,4.2));
#18267=CARTESIAN_POINT('',(47.725,-72.325,4.2));
#18268=CARTESIAN_POINT('',(47.025,-71.625,4.2));
#18269=CARTESIAN_POINT('Origin',(61.075,-72.325,4.2));
#18270=CARTESIAN_POINT('Origin',(1.65,-51.3839204791232,3.05));
#18271=CARTESIAN_POINT('',(1.275,-51.975,3.05));
#18272=CARTESIAN_POINT('',(0.949999999999995,-51.3839204791232,3.05));
#18273=CARTESIAN_POINT('Origin',(1.975,-52.625,4.2));
#18274=CARTESIAN_POINT('',(1.975,-53.325,4.2));
#18275=CARTESIAN_POINT('',(1.275,-52.625,4.2));
#18276=CARTESIAN_POINT('Origin',(15.325,-53.325,4.2));
#18277=CARTESIAN_POINT('Origin',(20.65,-49.9839204791231,3.05));
#18278=CARTESIAN_POINT('',(20.275,-50.575,3.05));
#18279=CARTESIAN_POINT('',(19.95,-49.9839204791231,3.05));
#18280=CARTESIAN_POINT('Origin',(20.975,-52.625,4.2));
#18281=CARTESIAN_POINT('',(20.975,-53.325,4.2));
#18282=CARTESIAN_POINT('',(20.275,-52.625,4.2));
#18283=CARTESIAN_POINT('Origin',(34.325,-53.325,4.2));
#18284=CARTESIAN_POINT('Origin',(39.65,-49.9839204791231,3.05));
#18285=CARTESIAN_POINT('',(39.275,-50.575,3.05));
#18286=CARTESIAN_POINT('',(38.95,-49.9839204791231,3.05));
#18287=CARTESIAN_POINT('Origin',(39.975,-52.625,4.2));
#18288=CARTESIAN_POINT('',(39.975,-53.325,4.2));
#18289=CARTESIAN_POINT('',(39.275,-52.625,4.2));
#18290=CARTESIAN_POINT('Origin',(53.325,-53.325,4.2));
#18291=CARTESIAN_POINT('Origin',(77.65,-49.9839204791231,3.05));
#18292=CARTESIAN_POINT('',(77.275,-50.575,3.05));
#18293=CARTESIAN_POINT('',(76.95,-49.9839204791231,3.05));
#18294=CARTESIAN_POINT('Origin',(77.975,-52.625,4.2));
#18295=CARTESIAN_POINT('',(77.975,-53.325,4.2));
#18296=CARTESIAN_POINT('',(77.275,-52.625,4.2));
#18297=CARTESIAN_POINT('Origin',(91.325,-53.325,4.2));
#18298=CARTESIAN_POINT('Origin',(58.65,-49.9839204791232,3.05));
#18299=CARTESIAN_POINT('',(58.275,-50.575,3.05));
#18300=CARTESIAN_POINT('',(57.95,-49.9839204791232,3.05));
#18301=CARTESIAN_POINT('Origin',(58.975,-52.625,4.2));
#18302=CARTESIAN_POINT('',(58.975,-53.325,4.2));
#18303=CARTESIAN_POINT('',(58.2749999999999,-52.625,4.2));
#18304=CARTESIAN_POINT('Origin',(72.325,-53.325,4.2));
#18305=CARTESIAN_POINT('Origin',(69.65,-30.9839204791232,3.05));
#18306=CARTESIAN_POINT('',(69.275,-31.575,3.05));
#18307=CARTESIAN_POINT('',(68.95,-30.9839204791232,3.05));
#18308=CARTESIAN_POINT('Origin',(50.65,-30.9839204791232,3.05));
#18309=CARTESIAN_POINT('',(50.275,-31.575,3.05));
#18310=CARTESIAN_POINT('',(49.95,-30.9839204791232,3.05));
#18311=CARTESIAN_POINT('Origin',(50.975,-33.625,4.2));
#18312=CARTESIAN_POINT('',(50.975,-34.325,4.2));
#18313=CARTESIAN_POINT('',(50.275,-33.625,4.2));
#18314=CARTESIAN_POINT('Origin',(64.325,-34.325,4.2));
#18315=CARTESIAN_POINT('Origin',(69.975,-33.625,4.2));
#18316=CARTESIAN_POINT('',(69.975,-34.325,4.2));
#18317=CARTESIAN_POINT('',(69.275,-33.625,4.2));
#18318=CARTESIAN_POINT('Origin',(83.325,-34.325,4.2));
#18319=CARTESIAN_POINT('Origin',(80.975,-14.625,4.2));
#18320=CARTESIAN_POINT('',(80.975,-15.325,4.2));
#18321=CARTESIAN_POINT('',(80.275,-14.625,4.2));
#18322=CARTESIAN_POINT('Origin',(94.325,-15.325,4.2));
#18323=CARTESIAN_POINT('Origin',(42.975,-14.625,4.2));
#18324=CARTESIAN_POINT('',(42.975,-15.325,4.2));
#18325=CARTESIAN_POINT('',(42.275,-14.625,4.2));
#18326=CARTESIAN_POINT('Origin',(56.325,-15.325,4.2));
#18327=CARTESIAN_POINT('Origin',(23.975,-14.625,4.2));
#18328=CARTESIAN_POINT('',(23.975,-15.325,4.2));
#18329=CARTESIAN_POINT('',(23.275,-14.625,4.2));
#18330=CARTESIAN_POINT('Origin',(37.325,-15.325,4.2));
#18331=CARTESIAN_POINT('Origin',(23.65,-12.0339204791231,3.05));
#18332=CARTESIAN_POINT('',(23.275,-12.625,3.05));
#18333=CARTESIAN_POINT('',(22.95,-12.0339204791231,3.05));
#18334=CARTESIAN_POINT('Origin',(42.65,-12.0339204791231,3.05));
#18335=CARTESIAN_POINT('',(42.275,-12.625,3.05));
#18336=CARTESIAN_POINT('',(41.95,-12.0339204791231,3.05));
#18337=CARTESIAN_POINT('Origin',(80.65,-12.0339204791232,3.05));
#18338=CARTESIAN_POINT('',(80.275,-12.625,3.05));
#18339=CARTESIAN_POINT('',(79.95,-12.0339204791232,3.05));
#18340=CARTESIAN_POINT('Origin',(41.95,-2.625,1.9));
#18341=CARTESIAN_POINT('Origin',(45.65,-31.575,1.9));
#18342=CARTESIAN_POINT('Origin',(75.2,-61.025,1.9));
#18343=CARTESIAN_POINT('Origin',(19.95,-40.625,1.9));
#18344=CARTESIAN_POINT('Origin',(38.95,-40.625,1.9));
#18345=CARTESIAN_POINT('Origin',(46.7,-59.625,1.9));
#18346=CARTESIAN_POINT('Origin',(26.65,-31.575,1.9));
#18347=CARTESIAN_POINT('Origin',(75.65,-12.625,1.9));
#18348=CARTESIAN_POINT('Origin',(22.95,-2.625,1.9));
#18349=CARTESIAN_POINT('Origin',(49.95,-21.625,1.9));
#18350=CARTESIAN_POINT('Origin',(76.95,-40.625,1.9));
#18351=CARTESIAN_POINT('Origin',(0.949999999999995,-42.025,1.9));
#18352=CARTESIAN_POINT('Origin',(57.95,-40.625,1.9));
#18353=CARTESIAN_POINT('Origin',(68.95,-21.625,1.9));
#18354=CARTESIAN_POINT('Origin',(18.65,-12.625,1.9));
#18355=CARTESIAN_POINT('Origin',(79.95,-2.625,1.9));
#18356=CARTESIAN_POINT('Origin',(26.325,-20.275,4.2));
#18357=CARTESIAN_POINT('Origin',(18.325,-1.275,4.2));
#18358=CARTESIAN_POINT('Origin',(47.025,-72.325,4.2));
#18359=CARTESIAN_POINT('Origin',(39.275,-53.325,4.2));
#18360=CARTESIAN_POINT('Origin',(45.325,-20.275,4.2));
#18361=CARTESIAN_POINT('Origin',(23.275,-15.325,4.2));
#18362=CARTESIAN_POINT('Origin',(42.275,-15.325,4.2));
#18363=CARTESIAN_POINT('Origin',(58.2749999999999,-53.325,4.2));
#18364=CARTESIAN_POINT('Origin',(75.325,-1.275,4.2));
#18365=CARTESIAN_POINT('Origin',(75.525,-72.325,4.2));
#18366=CARTESIAN_POINT('Origin',(20.275,-53.325,4.2));
#18367=CARTESIAN_POINT('Origin',(50.275,-34.325,4.2));
#18368=CARTESIAN_POINT('Origin',(69.275,-34.325,4.2));
#18369=CARTESIAN_POINT('Origin',(1.275,-53.325,4.2));
#18370=CARTESIAN_POINT('Origin',(77.275,-53.325,4.2));
#18371=CARTESIAN_POINT('Origin',(80.275,-15.325,4.2));
#18372=CARTESIAN_POINT('Origin',(96.6,-65.3,1.9));
#18373=CARTESIAN_POINT('',(96.6,-7.75455381207842E-17,1.9));
#18374=CARTESIAN_POINT('',(96.6,-65.3,1.9));
#18375=CARTESIAN_POINT('Origin',(87.3,-65.3,1.9));
#18376=CARTESIAN_POINT('',(87.3,-74.6,1.9));
#18377=CARTESIAN_POINT('Origin',(8.30000000000001,-74.6,1.9));
#18378=CARTESIAN_POINT('',(8.30000000000001,-74.6,1.9));
#18379=CARTESIAN_POINT('Origin',(8.30000000000001,-65.3,1.9));
#18380=CARTESIAN_POINT('',(-0.999999999999988,-65.3,1.9));
#18381=CARTESIAN_POINT('Origin',(-0.999999999999996,-3.74128151938379E-15,
1.9));
#18382=CARTESIAN_POINT('',(-0.999999999999996,-3.74128151938379E-15,1.9));
#18383=CARTESIAN_POINT('Origin',(3.19189119579733E-15,-3.05311331771918E-15,
1.9));
#18384=CARTESIAN_POINT('Origin',(95.6,-2.08166817117217E-15,1.9));
#18385=CARTESIAN_POINT('',(0.,0.,1.6));
#18386=CARTESIAN_POINT('Origin',(0.,0.,0.));
#18387=UNCERTAINTY_MEASURE_WITH_UNIT(LENGTH_MEASURE(0.01),#18393,
'DISTANCE_ACCURACY_VALUE',
'Maximum model space distance between geometric entities at asserted c
onnectivities');
#18388=UNCERTAINTY_MEASURE_WITH_UNIT(LENGTH_MEASURE(0.01),#18393,
'DISTANCE_ACCURACY_VALUE',
'Maximum model space distance between geometric entities at asserted c
onnectivities');
#18389=UNCERTAINTY_MEASURE_WITH_UNIT(LENGTH_MEASURE(0.01),#18393,
'DISTANCE_ACCURACY_VALUE',
'Maximum model space distance between geometric entities at asserted c
onnectivities');
#18390=(
GEOMETRIC_REPRESENTATION_CONTEXT(3)
GLOBAL_UNCERTAINTY_ASSIGNED_CONTEXT((#18387))
GLOBAL_UNIT_ASSIGNED_CONTEXT((#18393,#18395,#18396))
REPRESENTATION_CONTEXT('','3D')
);
#18391=(
GEOMETRIC_REPRESENTATION_CONTEXT(3)
GLOBAL_UNCERTAINTY_ASSIGNED_CONTEXT((#18388))
GLOBAL_UNIT_ASSIGNED_CONTEXT((#18393,#18395,#18396))
REPRESENTATION_CONTEXT('','3D')
);
#18392=(
GEOMETRIC_REPRESENTATION_CONTEXT(3)
GLOBAL_UNCERTAINTY_ASSIGNED_CONTEXT((#18389))
GLOBAL_UNIT_ASSIGNED_CONTEXT((#18393,#18395,#18396))
REPRESENTATION_CONTEXT('','3D')
);
#18393=(
LENGTH_UNIT()
NAMED_UNIT(*)
SI_UNIT(.MILLI.,.METRE.)
);
#18394=(
LENGTH_UNIT()
NAMED_UNIT(*)
SI_UNIT($,.METRE.)
);
#18395=(
NAMED_UNIT(*)
PLANE_ANGLE_UNIT()
SI_UNIT($,.RADIAN.)
);
#18396=(
NAMED_UNIT(*)
SI_UNIT($,.STERADIAN.)
SOLID_ANGLE_UNIT()
);
#18397=SHAPE_DEFINITION_REPRESENTATION(#18399,#18402);
#18398=SHAPE_DEFINITION_REPRESENTATION(#18400,#18403);
#18399=PRODUCT_DEFINITION_SHAPE('',$,#18405);
#18400=PRODUCT_DEFINITION_SHAPE('',$,#18406);
#18401=PRODUCT_DEFINITION_SHAPE($,$,#17);
#18402=SHAPE_REPRESENTATION('',(#10786,#11860),#18390);
#18403=SHAPE_REPRESENTATION('',(#10787),#18391);
#18404=PRODUCT_DEFINITION_CONTEXT('part definition',#18412,'design');
#18405=PRODUCT_DEFINITION('Mathboard version 1 case',
'Mathboard version 1 case v91',#18407,#18404);
#18406=PRODUCT_DEFINITION('Top case','Top case',#18408,#18404);
#18407=PRODUCT_DEFINITION_FORMATION('',$,#18414);
#18408=PRODUCT_DEFINITION_FORMATION('',$,#18415);
#18409=PRODUCT_RELATED_PRODUCT_CATEGORY('Mathboard version 1 case v91',
'Mathboard version 1 case v91',(#18414));
#18410=PRODUCT_RELATED_PRODUCT_CATEGORY('Top case','Top case',(#18415));
#18411=APPLICATION_PROTOCOL_DEFINITION('international standard',
'automotive_design',2009,#18412);
#18412=APPLICATION_CONTEXT(
'Core Data for Automotive Mechanical Design Process');
#18413=PRODUCT_CONTEXT('part definition',#18412,'mechanical');
#18414=PRODUCT('Mathboard version 1 case',
'Mathboard version 1 case v91',$,(#18413));
#18415=PRODUCT('Top case','Top case',$,(#18413));
#18416=PRESENTATION_STYLE_ASSIGNMENT((#18425));
#18417=PRESENTATION_STYLE_ASSIGNMENT((#18426));
#18418=PRESENTATION_STYLE_ASSIGNMENT((#18427));
#18419=PRESENTATION_STYLE_ASSIGNMENT((#18428));
#18420=PRESENTATION_STYLE_ASSIGNMENT((#18429));
#18421=PRESENTATION_STYLE_ASSIGNMENT((#18430));
#18422=PRESENTATION_STYLE_ASSIGNMENT((#18431));
#18423=PRESENTATION_STYLE_ASSIGNMENT((#18432));
#18424=PRESENTATION_STYLE_ASSIGNMENT((NULL_STYLE(.NULL.)));
#18425=SURFACE_STYLE_USAGE(.BOTH.,#18433);
#18426=SURFACE_STYLE_USAGE(.BOTH.,#18434);
#18427=SURFACE_STYLE_USAGE(.BOTH.,#18435);
#18428=SURFACE_STYLE_USAGE(.BOTH.,#18436);
#18429=SURFACE_STYLE_USAGE(.BOTH.,#18437);
#18430=SURFACE_STYLE_USAGE(.BOTH.,#18438);
#18431=SURFACE_STYLE_USAGE(.BOTH.,#18439);
#18432=SURFACE_STYLE_USAGE(.BOTH.,#18440);
#18433=SURFACE_SIDE_STYLE('',(#18441));
#18434=SURFACE_SIDE_STYLE('',(#18442));
#18435=SURFACE_SIDE_STYLE('',(#18443));
#18436=SURFACE_SIDE_STYLE('',(#18444));
#18437=SURFACE_SIDE_STYLE('',(#18445));
#18438=SURFACE_SIDE_STYLE('',(#18446));
#18439=SURFACE_SIDE_STYLE('',(#18447));
#18440=SURFACE_SIDE_STYLE('',(#18448));
#18441=SURFACE_STYLE_FILL_AREA(#18449);
#18442=SURFACE_STYLE_FILL_AREA(#18450);
#18443=SURFACE_STYLE_FILL_AREA(#18451);
#18444=SURFACE_STYLE_FILL_AREA(#18452);
#18445=SURFACE_STYLE_FILL_AREA(#18453);
#18446=SURFACE_STYLE_FILL_AREA(#18454);
#18447=SURFACE_STYLE_FILL_AREA(#18455);
#18448=SURFACE_STYLE_FILL_AREA(#18456);
#18449=FILL_AREA_STYLE('PEEK',(#18457));
#18450=FILL_AREA_STYLE('Steel - Satin',(#18458));
#18451=FILL_AREA_STYLE('Plastic - Translucent Glossy (Yellow)',(#18459));
#18452=FILL_AREA_STYLE('ABS (White)',(#18460));
#18453=FILL_AREA_STYLE('Plastic - Translucent Matte (Luight blue)',(#18461));
#18454=FILL_AREA_STYLE('Plastic - Translucent Matte (Red)',(#18462));
#18455=FILL_AREA_STYLE('Plastic - Translucent Matte (Green)',(#18463));
#18456=FILL_AREA_STYLE('Black',(#18464));
#18457=FILL_AREA_STYLE_COLOUR('PEEK',#18465);
#18458=FILL_AREA_STYLE_COLOUR('Steel - Satin',#18466);
#18459=FILL_AREA_STYLE_COLOUR('Plastic - Translucent Glossy (Yellow)',#18467);
#18460=FILL_AREA_STYLE_COLOUR('ABS (White)',#18468);
#18461=FILL_AREA_STYLE_COLOUR(
'Plastic - Translucent Matte (Luight blue)',#18469);
#18462=FILL_AREA_STYLE_COLOUR('Plastic - Translucent Matte (Red)',#18470);
#18463=FILL_AREA_STYLE_COLOUR('Plastic - Translucent Matte (Green)',#18471);
#18464=FILL_AREA_STYLE_COLOUR('Black',#18472);
#18465=COLOUR_RGB('PEEK',0.6,0.509803921568627,0.368627450980392);
#18466=COLOUR_RGB('Steel - Satin',0.627450980392157,0.627450980392157,0.627450980392157);
#18467=COLOUR_RGB('Plastic - Translucent Glossy (Yellow)',0.898039215686275,
0.725490196078431,0.329411764705882);
#18468=COLOUR_RGB('ABS (White)',0.964705882352941,0.964705882352941,0.952941176470588);
#18469=COLOUR_RGB('Plastic - Translucent Matte (Luight blue)',0.701960784313725,
0.756862745098039,1.);
#18470=COLOUR_RGB('Plastic - Translucent Matte (Red)',0.776470588235294,
0.658823529411765,0.87843137254902);
#18471=COLOUR_RGB('Plastic - Translucent Matte (Green)',0.580392156862745,
0.925490196078431,0.486274509803922);
#18472=COLOUR_RGB('Black',0.172549019607843,0.172549019607843,0.172549019607843);
ENDSEC;
END-ISO-10303-21;
