ISO-10303-21;
HEADER;
/* Generated by software containing ST-Developer
 * from STEP Tools, Inc. (www.steptools.com) 
 */

FILE_DESCRIPTION(
/* description */ (''),
/* implementation_level */ '2;1');

FILE_NAME(
/* name */ 'Top case.step',
/* time_stamp */ '2024-10-11T16:52:36+01:00',
/* author */ (''),
/* organization */ (''),
/* preprocessor_version */ 'ST-DEVELOPER v20',
/* originating_system */ 'Autodesk Translation Framework v13.20.0.188',

/* authorisation */ '');

FILE_SCHEMA (('AUTOMOTIVE_DESIGN { 1 0 10303 214 3 1 1 }'));
ENDSEC;

DATA;
#10=MECHANICAL_DESIGN_GEOMETRIC_PRESENTATION_REPRESENTATION('',(#17),#11142);
#11=ITEM_DEFINED_TRANSFORMATION($,$,#6690,#7279);
#12=(
REPRESENTATION_RELATIONSHIP($,$,#11153,#11152)
REPRESENTATION_RELATIONSHIP_WITH_TRANSFORMATION(#11)
SHAPE_REPRESENTATION_RELATIONSHIP()
);
#13=CONTEXT_DEPENDENT_SHAPE_REPRESENTATION(#12,#11151);
#14=NEXT_ASSEMBLY_USAGE_OCCURRENCE('Top case:1','Top case:1',
'Top case:1',#11155,#11156,'Top case:1');
#15=SHAPE_REPRESENTATION_RELATIONSHIP('SRR','None',#11153,#16);
#16=ADVANCED_BREP_SHAPE_REPRESENTATION('',(#18),#11141);
#17=STYLED_ITEM('',(#11171),#18);
#18=MANIFOLD_SOLID_BREP('Body2',#6676);
#19=FACE_BOUND('',#900,.T.);
#20=FACE_BOUND('',#901,.T.);
#21=FACE_BOUND('',#902,.T.);
#22=FACE_BOUND('',#903,.T.);
#23=FACE_BOUND('',#904,.T.);
#24=FACE_BOUND('',#905,.T.);
#25=FACE_BOUND('',#906,.T.);
#26=FACE_BOUND('',#907,.T.);
#27=FACE_BOUND('',#908,.T.);
#28=FACE_BOUND('',#909,.T.);
#29=FACE_BOUND('',#910,.T.);
#30=FACE_BOUND('',#911,.T.);
#31=FACE_BOUND('',#912,.T.);
#32=FACE_BOUND('',#913,.T.);
#33=FACE_BOUND('',#914,.T.);
#34=FACE_BOUND('',#915,.T.);
#35=FACE_BOUND('',#916,.T.);
#36=FACE_BOUND('',#917,.T.);
#37=FACE_BOUND('',#918,.T.);
#38=FACE_BOUND('',#934,.T.);
#39=FACE_BOUND('',#935,.T.);
#40=FACE_BOUND('',#936,.T.);
#41=FACE_BOUND('',#937,.T.);
#42=FACE_BOUND('',#938,.T.);
#43=FACE_BOUND('',#939,.T.);
#44=FACE_BOUND('',#940,.T.);
#45=FACE_BOUND('',#941,.T.);
#46=FACE_BOUND('',#942,.T.);
#47=FACE_BOUND('',#943,.T.);
#48=FACE_BOUND('',#944,.T.);
#49=FACE_BOUND('',#945,.T.);
#50=FACE_BOUND('',#946,.T.);
#51=FACE_BOUND('',#947,.T.);
#52=FACE_BOUND('',#948,.T.);
#53=FACE_BOUND('',#949,.T.);
#54=PLANE('',#6694);
#55=PLANE('',#6698);
#56=PLANE('',#6702);
#57=PLANE('',#6706);
#58=PLANE('',#6710);
#59=PLANE('',#6714);
#60=PLANE('',#6718);
#61=PLANE('',#6722);
#62=PLANE('',#6726);
#63=PLANE('',#6728);
#64=PLANE('',#6732);
#65=PLANE('',#6736);
#66=PLANE('',#6738);
#67=PLANE('',#6742);
#68=PLANE('',#6746);
#69=PLANE('',#6748);
#70=PLANE('',#6752);
#71=PLANE('',#6756);
#72=PLANE('',#6758);
#73=PLANE('',#6762);
#74=PLANE('',#6766);
#75=PLANE('',#6768);
#76=PLANE('',#6772);
#77=PLANE('',#6776);
#78=PLANE('',#6778);
#79=PLANE('',#6782);
#80=PLANE('',#6786);
#81=PLANE('',#6788);
#82=PLANE('',#6792);
#83=PLANE('',#6796);
#84=PLANE('',#6798);
#85=PLANE('',#6802);
#86=PLANE('',#6806);
#87=PLANE('',#6808);
#88=PLANE('',#6812);
#89=PLANE('',#6816);
#90=PLANE('',#6818);
#91=PLANE('',#6822);
#92=PLANE('',#6826);
#93=PLANE('',#6828);
#94=PLANE('',#6832);
#95=PLANE('',#6836);
#96=PLANE('',#6838);
#97=PLANE('',#6842);
#98=PLANE('',#6846);
#99=PLANE('',#6850);
#100=PLANE('',#6852);
#101=PLANE('',#6856);
#102=PLANE('',#6860);
#103=PLANE('',#6862);
#104=PLANE('',#6866);
#105=PLANE('',#6870);
#106=PLANE('',#6872);
#107=PLANE('',#6876);
#108=PLANE('',#6880);
#109=PLANE('',#6882);
#110=PLANE('',#6886);
#111=PLANE('',#6890);
#112=PLANE('',#6892);
#113=PLANE('',#6896);
#114=PLANE('',#6900);
#115=PLANE('',#6904);
#116=PLANE('',#6908);
#117=PLANE('',#6910);
#118=PLANE('',#6914);
#119=PLANE('',#6918);
#120=PLANE('',#6920);
#121=PLANE('',#6924);
#122=PLANE('',#6928);
#123=PLANE('',#6930);
#124=PLANE('',#6934);
#125=PLANE('',#6938);
#126=PLANE('',#6940);
#127=PLANE('',#6944);
#128=PLANE('',#6948);
#129=PLANE('',#6952);
#130=PLANE('',#6954);
#131=PLANE('',#6958);
#132=PLANE('',#6962);
#133=PLANE('',#6966);
#134=PLANE('',#6968);
#135=PLANE('',#6972);
#136=PLANE('',#6976);
#137=PLANE('',#6978);
#138=PLANE('',#6982);
#139=PLANE('',#6986);
#140=PLANE('',#6988);
#141=PLANE('',#6994);
#142=PLANE('',#7000);
#143=PLANE('',#7006);
#144=PLANE('',#7012);
#145=PLANE('',#7016);
#146=PLANE('',#7020);
#147=PLANE('',#7026);
#148=PLANE('',#7032);
#149=PLANE('',#7038);
#150=PLANE('',#7044);
#151=PLANE('',#7050);
#152=PLANE('',#7056);
#153=PLANE('',#7060);
#154=PLANE('',#7061);
#155=PLANE('',#7065);
#156=PLANE('',#7068);
#157=PLANE('',#7072);
#158=PLANE('',#7078);
#159=PLANE('',#7081);
#160=PLANE('',#7085);
#161=PLANE('',#7088);
#162=PLANE('',#7092);
#163=PLANE('',#7095);
#164=PLANE('',#7099);
#165=PLANE('',#7102);
#166=PLANE('',#7106);
#167=PLANE('',#7109);
#168=PLANE('',#7113);
#169=PLANE('',#7116);
#170=PLANE('',#7120);
#171=PLANE('',#7123);
#172=PLANE('',#7127);
#173=PLANE('',#7130);
#174=PLANE('',#7134);
#175=PLANE('',#7137);
#176=PLANE('',#7140);
#177=PLANE('',#7144);
#178=PLANE('',#7147);
#179=PLANE('',#7151);
#180=PLANE('',#7155);
#181=PLANE('',#7159);
#182=PLANE('',#7163);
#183=PLANE('',#7167);
#184=PLANE('',#7171);
#185=PLANE('',#7175);
#186=PLANE('',#7179);
#187=PLANE('',#7183);
#188=PLANE('',#7187);
#189=PLANE('',#7191);
#190=PLANE('',#7195);
#191=PLANE('',#7198);
#192=PLANE('',#7201);
#193=PLANE('',#7202);
#194=PLANE('',#7203);
#195=PLANE('',#7204);
#196=PLANE('',#7205);
#197=PLANE('',#7206);
#198=PLANE('',#7207);
#199=PLANE('',#7208);
#200=PLANE('',#7209);
#201=PLANE('',#7210);
#202=PLANE('',#7211);
#203=PLANE('',#7212);
#204=PLANE('',#7213);
#205=PLANE('',#7214);
#206=PLANE('',#7215);
#207=PLANE('',#7216);
#208=PLANE('',#7217);
#209=PLANE('',#7218);
#210=PLANE('',#7219);
#211=PLANE('',#7220);
#212=PLANE('',#7221);
#213=PLANE('',#7222);
#214=PLANE('',#7223);
#215=PLANE('',#7224);
#216=PLANE('',#7225);
#217=PLANE('',#7226);
#218=PLANE('',#7227);
#219=PLANE('',#7228);
#220=PLANE('',#7229);
#221=PLANE('',#7230);
#222=PLANE('',#7231);
#223=PLANE('',#7232);
#224=PLANE('',#7233);
#225=PLANE('',#7234);
#226=PLANE('',#7235);
#227=PLANE('',#7236);
#228=PLANE('',#7237);
#229=PLANE('',#7238);
#230=PLANE('',#7239);
#231=PLANE('',#7240);
#232=PLANE('',#7241);
#233=PLANE('',#7242);
#234=PLANE('',#7243);
#235=PLANE('',#7244);
#236=PLANE('',#7245);
#237=PLANE('',#7246);
#238=PLANE('',#7247);
#239=PLANE('',#7248);
#240=PLANE('',#7249);
#241=PLANE('',#7250);
#242=PLANE('',#7251);
#243=PLANE('',#7252);
#244=PLANE('',#7253);
#245=PLANE('',#7261);
#246=PLANE('',#7264);
#247=PLANE('',#7267);
#248=PLANE('',#7268);
#249=PLANE('',#7269);
#250=PLANE('',#7270);
#251=PLANE('',#7271);
#252=PLANE('',#7274);
#253=PLANE('',#7277);
#254=PLANE('',#7278);
#255=FACE_OUTER_BOUND('',#585,.T.);
#256=FACE_OUTER_BOUND('',#586,.T.);
#257=FACE_OUTER_BOUND('',#587,.T.);
#258=FACE_OUTER_BOUND('',#588,.T.);
#259=FACE_OUTER_BOUND('',#589,.T.);
#260=FACE_OUTER_BOUND('',#590,.T.);
#261=FACE_OUTER_BOUND('',#591,.T.);
#262=FACE_OUTER_BOUND('',#592,.T.);
#263=FACE_OUTER_BOUND('',#593,.T.);
#264=FACE_OUTER_BOUND('',#594,.T.);
#265=FACE_OUTER_BOUND('',#595,.T.);
#266=FACE_OUTER_BOUND('',#596,.T.);
#267=FACE_OUTER_BOUND('',#597,.T.);
#268=FACE_OUTER_BOUND('',#598,.T.);
#269=FACE_OUTER_BOUND('',#599,.T.);
#270=FACE_OUTER_BOUND('',#600,.T.);
#271=FACE_OUTER_BOUND('',#601,.T.);
#272=FACE_OUTER_BOUND('',#602,.T.);
#273=FACE_OUTER_BOUND('',#603,.T.);
#274=FACE_OUTER_BOUND('',#604,.T.);
#275=FACE_OUTER_BOUND('',#605,.T.);
#276=FACE_OUTER_BOUND('',#606,.T.);
#277=FACE_OUTER_BOUND('',#607,.T.);
#278=FACE_OUTER_BOUND('',#608,.T.);
#279=FACE_OUTER_BOUND('',#609,.T.);
#280=FACE_OUTER_BOUND('',#610,.T.);
#281=FACE_OUTER_BOUND('',#611,.T.);
#282=FACE_OUTER_BOUND('',#612,.T.);
#283=FACE_OUTER_BOUND('',#613,.T.);
#284=FACE_OUTER_BOUND('',#614,.T.);
#285=FACE_OUTER_BOUND('',#615,.T.);
#286=FACE_OUTER_BOUND('',#616,.T.);
#287=FACE_OUTER_BOUND('',#617,.T.);
#288=FACE_OUTER_BOUND('',#618,.T.);
#289=FACE_OUTER_BOUND('',#619,.T.);
#290=FACE_OUTER_BOUND('',#620,.T.);
#291=FACE_OUTER_BOUND('',#621,.T.);
#292=FACE_OUTER_BOUND('',#622,.T.);
#293=FACE_OUTER_BOUND('',#623,.T.);
#294=FACE_OUTER_BOUND('',#624,.T.);
#295=FACE_OUTER_BOUND('',#625,.T.);
#296=FACE_OUTER_BOUND('',#626,.T.);
#297=FACE_OUTER_BOUND('',#627,.T.);
#298=FACE_OUTER_BOUND('',#628,.T.);
#299=FACE_OUTER_BOUND('',#629,.T.);
#300=FACE_OUTER_BOUND('',#630,.T.);
#301=FACE_OUTER_BOUND('',#631,.T.);
#302=FACE_OUTER_BOUND('',#632,.T.);
#303=FACE_OUTER_BOUND('',#633,.T.);
#304=FACE_OUTER_BOUND('',#634,.T.);
#305=FACE_OUTER_BOUND('',#635,.T.);
#306=FACE_OUTER_BOUND('',#636,.T.);
#307=FACE_OUTER_BOUND('',#637,.T.);
#308=FACE_OUTER_BOUND('',#638,.T.);
#309=FACE_OUTER_BOUND('',#639,.T.);
#310=FACE_OUTER_BOUND('',#640,.T.);
#311=FACE_OUTER_BOUND('',#641,.T.);
#312=FACE_OUTER_BOUND('',#642,.T.);
#313=FACE_OUTER_BOUND('',#643,.T.);
#314=FACE_OUTER_BOUND('',#644,.T.);
#315=FACE_OUTER_BOUND('',#645,.T.);
#316=FACE_OUTER_BOUND('',#646,.T.);
#317=FACE_OUTER_BOUND('',#647,.T.);
#318=FACE_OUTER_BOUND('',#648,.T.);
#319=FACE_OUTER_BOUND('',#649,.T.);
#320=FACE_OUTER_BOUND('',#650,.T.);
#321=FACE_OUTER_BOUND('',#651,.T.);
#322=FACE_OUTER_BOUND('',#652,.T.);
#323=FACE_OUTER_BOUND('',#653,.T.);
#324=FACE_OUTER_BOUND('',#654,.T.);
#325=FACE_OUTER_BOUND('',#655,.T.);
#326=FACE_OUTER_BOUND('',#656,.T.);
#327=FACE_OUTER_BOUND('',#657,.T.);
#328=FACE_OUTER_BOUND('',#658,.T.);
#329=FACE_OUTER_BOUND('',#659,.T.);
#330=FACE_OUTER_BOUND('',#660,.T.);
#331=FACE_OUTER_BOUND('',#661,.T.);
#332=FACE_OUTER_BOUND('',#662,.T.);
#333=FACE_OUTER_BOUND('',#663,.T.);
#334=FACE_OUTER_BOUND('',#664,.T.);
#335=FACE_OUTER_BOUND('',#665,.T.);
#336=FACE_OUTER_BOUND('',#666,.T.);
#337=FACE_OUTER_BOUND('',#667,.T.);
#338=FACE_OUTER_BOUND('',#668,.T.);
#339=FACE_OUTER_BOUND('',#669,.T.);
#340=FACE_OUTER_BOUND('',#670,.T.);
#341=FACE_OUTER_BOUND('',#671,.T.);
#342=FACE_OUTER_BOUND('',#672,.T.);
#343=FACE_OUTER_BOUND('',#673,.T.);
#344=FACE_OUTER_BOUND('',#674,.T.);
#345=FACE_OUTER_BOUND('',#675,.T.);
#346=FACE_OUTER_BOUND('',#676,.T.);
#347=FACE_OUTER_BOUND('',#677,.T.);
#348=FACE_OUTER_BOUND('',#678,.T.);
#349=FACE_OUTER_BOUND('',#679,.T.);
#350=FACE_OUTER_BOUND('',#680,.T.);
#351=FACE_OUTER_BOUND('',#681,.T.);
#352=FACE_OUTER_BOUND('',#682,.T.);
#353=FACE_OUTER_BOUND('',#683,.T.);
#354=FACE_OUTER_BOUND('',#684,.T.);
#355=FACE_OUTER_BOUND('',#685,.T.);
#356=FACE_OUTER_BOUND('',#686,.T.);
#357=FACE_OUTER_BOUND('',#687,.T.);
#358=FACE_OUTER_BOUND('',#688,.T.);
#359=FACE_OUTER_BOUND('',#689,.T.);
#360=FACE_OUTER_BOUND('',#690,.T.);
#361=FACE_OUTER_BOUND('',#691,.T.);
#362=FACE_OUTER_BOUND('',#692,.T.);
#363=FACE_OUTER_BOUND('',#693,.T.);
#364=FACE_OUTER_BOUND('',#694,.T.);
#365=FACE_OUTER_BOUND('',#695,.T.);
#366=FACE_OUTER_BOUND('',#696,.T.);
#367=FACE_OUTER_BOUND('',#697,.T.);
#368=FACE_OUTER_BOUND('',#698,.T.);
#369=FACE_OUTER_BOUND('',#699,.T.);
#370=FACE_OUTER_BOUND('',#700,.T.);
#371=FACE_OUTER_BOUND('',#701,.T.);
#372=FACE_OUTER_BOUND('',#702,.T.);
#373=FACE_OUTER_BOUND('',#703,.T.);
#374=FACE_OUTER_BOUND('',#704,.T.);
#375=FACE_OUTER_BOUND('',#705,.T.);
#376=FACE_OUTER_BOUND('',#706,.T.);
#377=FACE_OUTER_BOUND('',#707,.T.);
#378=FACE_OUTER_BOUND('',#708,.T.);
#379=FACE_OUTER_BOUND('',#709,.T.);
#380=FACE_OUTER_BOUND('',#710,.T.);
#381=FACE_OUTER_BOUND('',#711,.T.);
#382=FACE_OUTER_BOUND('',#712,.T.);
#383=FACE_OUTER_BOUND('',#713,.T.);
#384=FACE_OUTER_BOUND('',#714,.T.);
#385=FACE_OUTER_BOUND('',#715,.T.);
#386=FACE_OUTER_BOUND('',#716,.T.);
#387=FACE_OUTER_BOUND('',#717,.T.);
#388=FACE_OUTER_BOUND('',#718,.T.);
#389=FACE_OUTER_BOUND('',#719,.T.);
#390=FACE_OUTER_BOUND('',#720,.T.);
#391=FACE_OUTER_BOUND('',#721,.T.);
#392=FACE_OUTER_BOUND('',#722,.T.);
#393=FACE_OUTER_BOUND('',#723,.T.);
#394=FACE_OUTER_BOUND('',#724,.T.);
#395=FACE_OUTER_BOUND('',#725,.T.);
#396=FACE_OUTER_BOUND('',#726,.T.);
#397=FACE_OUTER_BOUND('',#727,.T.);
#398=FACE_OUTER_BOUND('',#728,.T.);
#399=FACE_OUTER_BOUND('',#729,.T.);
#400=FACE_OUTER_BOUND('',#730,.T.);
#401=FACE_OUTER_BOUND('',#731,.T.);
#402=FACE_OUTER_BOUND('',#732,.T.);
#403=FACE_OUTER_BOUND('',#733,.T.);
#404=FACE_OUTER_BOUND('',#734,.T.);
#405=FACE_OUTER_BOUND('',#735,.T.);
#406=FACE_OUTER_BOUND('',#736,.T.);
#407=FACE_OUTER_BOUND('',#737,.T.);
#408=FACE_OUTER_BOUND('',#738,.T.);
#409=FACE_OUTER_BOUND('',#739,.T.);
#410=FACE_OUTER_BOUND('',#740,.T.);
#411=FACE_OUTER_BOUND('',#741,.T.);
#412=FACE_OUTER_BOUND('',#742,.T.);
#413=FACE_OUTER_BOUND('',#743,.T.);
#414=FACE_OUTER_BOUND('',#744,.T.);
#415=FACE_OUTER_BOUND('',#745,.T.);
#416=FACE_OUTER_BOUND('',#746,.T.);
#417=FACE_OUTER_BOUND('',#747,.T.);
#418=FACE_OUTER_BOUND('',#748,.T.);
#419=FACE_OUTER_BOUND('',#749,.T.);
#420=FACE_OUTER_BOUND('',#750,.T.);
#421=FACE_OUTER_BOUND('',#751,.T.);
#422=FACE_OUTER_BOUND('',#752,.T.);
#423=FACE_OUTER_BOUND('',#753,.T.);
#424=FACE_OUTER_BOUND('',#754,.T.);
#425=FACE_OUTER_BOUND('',#755,.T.);
#426=FACE_OUTER_BOUND('',#756,.T.);
#427=FACE_OUTER_BOUND('',#757,.T.);
#428=FACE_OUTER_BOUND('',#758,.T.);
#429=FACE_OUTER_BOUND('',#759,.T.);
#430=FACE_OUTER_BOUND('',#760,.T.);
#431=FACE_OUTER_BOUND('',#761,.T.);
#432=FACE_OUTER_BOUND('',#762,.T.);
#433=FACE_OUTER_BOUND('',#763,.T.);
#434=FACE_OUTER_BOUND('',#764,.T.);
#435=FACE_OUTER_BOUND('',#765,.T.);
#436=FACE_OUTER_BOUND('',#766,.T.);
#437=FACE_OUTER_BOUND('',#767,.T.);
#438=FACE_OUTER_BOUND('',#768,.T.);
#439=FACE_OUTER_BOUND('',#769,.T.);
#440=FACE_OUTER_BOUND('',#770,.T.);
#441=FACE_OUTER_BOUND('',#771,.T.);
#442=FACE_OUTER_BOUND('',#772,.T.);
#443=FACE_OUTER_BOUND('',#773,.T.);
#444=FACE_OUTER_BOUND('',#774,.T.);
#445=FACE_OUTER_BOUND('',#775,.T.);
#446=FACE_OUTER_BOUND('',#776,.T.);
#447=FACE_OUTER_BOUND('',#777,.T.);
#448=FACE_OUTER_BOUND('',#778,.T.);
#449=FACE_OUTER_BOUND('',#779,.T.);
#450=FACE_OUTER_BOUND('',#780,.T.);
#451=FACE_OUTER_BOUND('',#781,.T.);
#452=FACE_OUTER_BOUND('',#782,.T.);
#453=FACE_OUTER_BOUND('',#783,.T.);
#454=FACE_OUTER_BOUND('',#784,.T.);
#455=FACE_OUTER_BOUND('',#785,.T.);
#456=FACE_OUTER_BOUND('',#786,.T.);
#457=FACE_OUTER_BOUND('',#787,.T.);
#458=FACE_OUTER_BOUND('',#788,.T.);
#459=FACE_OUTER_BOUND('',#789,.T.);
#460=FACE_OUTER_BOUND('',#790,.T.);
#461=FACE_OUTER_BOUND('',#791,.T.);
#462=FACE_OUTER_BOUND('',#792,.T.);
#463=FACE_OUTER_BOUND('',#793,.T.);
#464=FACE_OUTER_BOUND('',#794,.T.);
#465=FACE_OUTER_BOUND('',#795,.T.);
#466=FACE_OUTER_BOUND('',#796,.T.);
#467=FACE_OUTER_BOUND('',#797,.T.);
#468=FACE_OUTER_BOUND('',#798,.T.);
#469=FACE_OUTER_BOUND('',#799,.T.);
#470=FACE_OUTER_BOUND('',#800,.T.);
#471=FACE_OUTER_BOUND('',#801,.T.);
#472=FACE_OUTER_BOUND('',#802,.T.);
#473=FACE_OUTER_BOUND('',#803,.T.);
#474=FACE_OUTER_BOUND('',#804,.T.);
#475=FACE_OUTER_BOUND('',#805,.T.);
#476=FACE_OUTER_BOUND('',#806,.T.);
#477=FACE_OUTER_BOUND('',#807,.T.);
#478=FACE_OUTER_BOUND('',#808,.T.);
#479=FACE_OUTER_BOUND('',#809,.T.);
#480=FACE_OUTER_BOUND('',#810,.T.);
#481=FACE_OUTER_BOUND('',#811,.T.);
#482=FACE_OUTER_BOUND('',#812,.T.);
#483=FACE_OUTER_BOUND('',#813,.T.);
#484=FACE_OUTER_BOUND('',#814,.T.);
#485=FACE_OUTER_BOUND('',#815,.T.);
#486=FACE_OUTER_BOUND('',#816,.T.);
#487=FACE_OUTER_BOUND('',#817,.T.);
#488=FACE_OUTER_BOUND('',#818,.T.);
#489=FACE_OUTER_BOUND('',#819,.T.);
#490=FACE_OUTER_BOUND('',#820,.T.);
#491=FACE_OUTER_BOUND('',#821,.T.);
#492=FACE_OUTER_BOUND('',#822,.T.);
#493=FACE_OUTER_BOUND('',#823,.T.);
#494=FACE_OUTER_BOUND('',#824,.T.);
#495=FACE_OUTER_BOUND('',#825,.T.);
#496=FACE_OUTER_BOUND('',#826,.T.);
#497=FACE_OUTER_BOUND('',#827,.T.);
#498=FACE_OUTER_BOUND('',#828,.T.);
#499=FACE_OUTER_BOUND('',#829,.T.);
#500=FACE_OUTER_BOUND('',#830,.T.);
#501=FACE_OUTER_BOUND('',#831,.T.);
#502=FACE_OUTER_BOUND('',#832,.T.);
#503=FACE_OUTER_BOUND('',#833,.T.);
#504=FACE_OUTER_BOUND('',#834,.T.);
#505=FACE_OUTER_BOUND('',#835,.T.);
#506=FACE_OUTER_BOUND('',#836,.T.);
#507=FACE_OUTER_BOUND('',#837,.T.);
#508=FACE_OUTER_BOUND('',#838,.T.);
#509=FACE_OUTER_BOUND('',#839,.T.);
#510=FACE_OUTER_BOUND('',#840,.T.);
#511=FACE_OUTER_BOUND('',#841,.T.);
#512=FACE_OUTER_BOUND('',#842,.T.);
#513=FACE_OUTER_BOUND('',#843,.T.);
#514=FACE_OUTER_BOUND('',#844,.T.);
#515=FACE_OUTER_BOUND('',#845,.T.);
#516=FACE_OUTER_BOUND('',#846,.T.);
#517=FACE_OUTER_BOUND('',#847,.T.);
#518=FACE_OUTER_BOUND('',#848,.T.);
#519=FACE_OUTER_BOUND('',#849,.T.);
#520=FACE_OUTER_BOUND('',#850,.T.);
#521=FACE_OUTER_BOUND('',#851,.T.);
#522=FACE_OUTER_BOUND('',#852,.T.);
#523=FACE_OUTER_BOUND('',#853,.T.);
#524=FACE_OUTER_BOUND('',#854,.T.);
#525=FACE_OUTER_BOUND('',#855,.T.);
#526=FACE_OUTER_BOUND('',#856,.T.);
#527=FACE_OUTER_BOUND('',#857,.T.);
#528=FACE_OUTER_BOUND('',#858,.T.);
#529=FACE_OUTER_BOUND('',#859,.T.);
#530=FACE_OUTER_BOUND('',#860,.T.);
#531=FACE_OUTER_BOUND('',#861,.T.);
#532=FACE_OUTER_BOUND('',#862,.T.);
#533=FACE_OUTER_BOUND('',#863,.T.);
#534=FACE_OUTER_BOUND('',#864,.T.);
#535=FACE_OUTER_BOUND('',#865,.T.);
#536=FACE_OUTER_BOUND('',#866,.T.);
#537=FACE_OUTER_BOUND('',#867,.T.);
#538=FACE_OUTER_BOUND('',#868,.T.);
#539=FACE_OUTER_BOUND('',#869,.T.);
#540=FACE_OUTER_BOUND('',#870,.T.);
#541=FACE_OUTER_BOUND('',#871,.T.);
#542=FACE_OUTER_BOUND('',#872,.T.);
#543=FACE_OUTER_BOUND('',#873,.T.);
#544=FACE_OUTER_BOUND('',#874,.T.);
#545=FACE_OUTER_BOUND('',#875,.T.);
#546=FACE_OUTER_BOUND('',#876,.T.);
#547=FACE_OUTER_BOUND('',#877,.T.);
#548=FACE_OUTER_BOUND('',#878,.T.);
#549=FACE_OUTER_BOUND('',#879,.T.);
#550=FACE_OUTER_BOUND('',#880,.T.);
#551=FACE_OUTER_BOUND('',#881,.T.);
#552=FACE_OUTER_BOUND('',#882,.T.);
#553=FACE_OUTER_BOUND('',#883,.T.);
#554=FACE_OUTER_BOUND('',#884,.T.);
#555=FACE_OUTER_BOUND('',#885,.T.);
#556=FACE_OUTER_BOUND('',#886,.T.);
#557=FACE_OUTER_BOUND('',#887,.T.);
#558=FACE_OUTER_BOUND('',#888,.T.);
#559=FACE_OUTER_BOUND('',#889,.T.);
#560=FACE_OUTER_BOUND('',#890,.T.);
#561=FACE_OUTER_BOUND('',#891,.T.);
#562=FACE_OUTER_BOUND('',#892,.T.);
#563=FACE_OUTER_BOUND('',#893,.T.);
#564=FACE_OUTER_BOUND('',#894,.T.);
#565=FACE_OUTER_BOUND('',#895,.T.);
#566=FACE_OUTER_BOUND('',#896,.T.);
#567=FACE_OUTER_BOUND('',#897,.T.);
#568=FACE_OUTER_BOUND('',#898,.T.);
#569=FACE_OUTER_BOUND('',#899,.T.);
#570=FACE_OUTER_BOUND('',#919,.T.);
#571=FACE_OUTER_BOUND('',#920,.T.);
#572=FACE_OUTER_BOUND('',#921,.T.);
#573=FACE_OUTER_BOUND('',#922,.T.);
#574=FACE_OUTER_BOUND('',#923,.T.);
#575=FACE_OUTER_BOUND('',#924,.T.);
#576=FACE_OUTER_BOUND('',#925,.T.);
#577=FACE_OUTER_BOUND('',#926,.T.);
#578=FACE_OUTER_BOUND('',#927,.T.);
#579=FACE_OUTER_BOUND('',#928,.T.);
#580=FACE_OUTER_BOUND('',#929,.T.);
#581=FACE_OUTER_BOUND('',#930,.T.);
#582=FACE_OUTER_BOUND('',#931,.T.);
#583=FACE_OUTER_BOUND('',#932,.T.);
#584=FACE_OUTER_BOUND('',#933,.T.);
#585=EDGE_LOOP('',(#4267,#4268,#4269,#4270));
#586=EDGE_LOOP('',(#4271,#4272,#4273,#4274));
#587=EDGE_LOOP('',(#4275,#4276,#4277,#4278));
#588=EDGE_LOOP('',(#4279,#4280,#4281,#4282,#4283,#4284,#4285,#4286));
#589=EDGE_LOOP('',(#4287,#4288,#4289,#4290));
#590=EDGE_LOOP('',(#4291,#4292,#4293,#4294));
#591=EDGE_LOOP('',(#4295,#4296,#4297,#4298));
#592=EDGE_LOOP('',(#4299,#4300,#4301,#4302,#4303,#4304,#4305,#4306));
#593=EDGE_LOOP('',(#4307,#4308,#4309,#4310));
#594=EDGE_LOOP('',(#4311,#4312,#4313,#4314));
#595=EDGE_LOOP('',(#4315,#4316,#4317,#4318));
#596=EDGE_LOOP('',(#4319,#4320,#4321,#4322,#4323,#4324,#4325,#4326));
#597=EDGE_LOOP('',(#4327,#4328,#4329,#4330));
#598=EDGE_LOOP('',(#4331,#4332,#4333,#4334));
#599=EDGE_LOOP('',(#4335,#4336,#4337,#4338));
#600=EDGE_LOOP('',(#4339,#4340,#4341,#4342,#4343,#4344,#4345,#4346));
#601=EDGE_LOOP('',(#4347,#4348,#4349,#4350));
#602=EDGE_LOOP('',(#4351,#4352,#4353,#4354,#4355,#4356));
#603=EDGE_LOOP('',(#4357,#4358,#4359,#4360));
#604=EDGE_LOOP('',(#4361,#4362,#4363,#4364));
#605=EDGE_LOOP('',(#4365,#4366,#4367,#4368,#4369,#4370,#4371,#4372));
#606=EDGE_LOOP('',(#4373,#4374,#4375,#4376));
#607=EDGE_LOOP('',(#4377,#4378,#4379,#4380,#4381,#4382));
#608=EDGE_LOOP('',(#4383,#4384,#4385,#4386));
#609=EDGE_LOOP('',(#4387,#4388,#4389,#4390));
#610=EDGE_LOOP('',(#4391,#4392,#4393,#4394,#4395,#4396,#4397,#4398));
#611=EDGE_LOOP('',(#4399,#4400,#4401,#4402));
#612=EDGE_LOOP('',(#4403,#4404,#4405,#4406,#4407,#4408));
#613=EDGE_LOOP('',(#4409,#4410,#4411,#4412));
#614=EDGE_LOOP('',(#4413,#4414,#4415,#4416));
#615=EDGE_LOOP('',(#4417,#4418,#4419,#4420,#4421,#4422,#4423,#4424));
#616=EDGE_LOOP('',(#4425,#4426,#4427,#4428));
#617=EDGE_LOOP('',(#4429,#4430,#4431,#4432,#4433,#4434));
#618=EDGE_LOOP('',(#4435,#4436,#4437,#4438));
#619=EDGE_LOOP('',(#4439,#4440,#4441,#4442));
#620=EDGE_LOOP('',(#4443,#4444,#4445,#4446,#4447,#4448,#4449,#4450));
#621=EDGE_LOOP('',(#4451,#4452,#4453,#4454));
#622=EDGE_LOOP('',(#4455,#4456,#4457,#4458,#4459,#4460));
#623=EDGE_LOOP('',(#4461,#4462,#4463,#4464));
#624=EDGE_LOOP('',(#4465,#4466,#4467,#4468));
#625=EDGE_LOOP('',(#4469,#4470,#4471,#4472,#4473,#4474,#4475,#4476));
#626=EDGE_LOOP('',(#4477,#4478,#4479,#4480));
#627=EDGE_LOOP('',(#4481,#4482,#4483,#4484,#4485,#4486));
#628=EDGE_LOOP('',(#4487,#4488,#4489,#4490));
#629=EDGE_LOOP('',(#4491,#4492,#4493,#4494));
#630=EDGE_LOOP('',(#4495,#4496,#4497,#4498,#4499,#4500,#4501,#4502));
#631=EDGE_LOOP('',(#4503,#4504,#4505,#4506));
#632=EDGE_LOOP('',(#4507,#4508,#4509,#4510,#4511,#4512));
#633=EDGE_LOOP('',(#4513,#4514,#4515,#4516));
#634=EDGE_LOOP('',(#4517,#4518,#4519,#4520));
#635=EDGE_LOOP('',(#4521,#4522,#4523,#4524,#4525,#4526,#4527,#4528));
#636=EDGE_LOOP('',(#4529,#4530,#4531,#4532));
#637=EDGE_LOOP('',(#4533,#4534,#4535,#4536,#4537,#4538));
#638=EDGE_LOOP('',(#4539,#4540,#4541,#4542));
#639=EDGE_LOOP('',(#4543,#4544,#4545,#4546));
#640=EDGE_LOOP('',(#4547,#4548,#4549,#4550,#4551,#4552,#4553,#4554));
#641=EDGE_LOOP('',(#4555,#4556,#4557,#4558));
#642=EDGE_LOOP('',(#4559,#4560,#4561,#4562,#4563,#4564));
#643=EDGE_LOOP('',(#4565,#4566,#4567,#4568));
#644=EDGE_LOOP('',(#4569,#4570,#4571,#4572));
#645=EDGE_LOOP('',(#4573,#4574,#4575,#4576,#4577,#4578,#4579,#4580));
#646=EDGE_LOOP('',(#4581,#4582,#4583,#4584));
#647=EDGE_LOOP('',(#4585,#4586,#4587,#4588,#4589,#4590));
#648=EDGE_LOOP('',(#4591,#4592,#4593,#4594));
#649=EDGE_LOOP('',(#4595,#4596,#4597,#4598));
#650=EDGE_LOOP('',(#4599,#4600,#4601,#4602,#4603,#4604,#4605,#4606));
#651=EDGE_LOOP('',(#4607,#4608,#4609,#4610));
#652=EDGE_LOOP('',(#4611,#4612,#4613,#4614,#4615,#4616));
#653=EDGE_LOOP('',(#4617,#4618,#4619,#4620));
#654=EDGE_LOOP('',(#4621,#4622,#4623,#4624));
#655=EDGE_LOOP('',(#4625,#4626,#4627,#4628,#4629,#4630,#4631,#4632));
#656=EDGE_LOOP('',(#4633,#4634,#4635,#4636));
#657=EDGE_LOOP('',(#4637,#4638,#4639,#4640,#4641,#4642));
#658=EDGE_LOOP('',(#4643,#4644,#4645,#4646));
#659=EDGE_LOOP('',(#4647,#4648,#4649,#4650));
#660=EDGE_LOOP('',(#4651,#4652,#4653,#4654,#4655,#4656,#4657,#4658));
#661=EDGE_LOOP('',(#4659,#4660,#4661,#4662));
#662=EDGE_LOOP('',(#4663,#4664,#4665,#4666));
#663=EDGE_LOOP('',(#4667,#4668,#4669,#4670));
#664=EDGE_LOOP('',(#4671,#4672,#4673,#4674,#4675,#4676));
#665=EDGE_LOOP('',(#4677,#4678,#4679,#4680));
#666=EDGE_LOOP('',(#4681,#4682,#4683,#4684));
#667=EDGE_LOOP('',(#4685,#4686,#4687,#4688));
#668=EDGE_LOOP('',(#4689,#4690,#4691,#4692));
#669=EDGE_LOOP('',(#4693,#4694,#4695,#4696,#4697,#4698));
#670=EDGE_LOOP('',(#4699,#4700,#4701,#4702));
#671=EDGE_LOOP('',(#4703,#4704,#4705,#4706));
#672=EDGE_LOOP('',(#4707,#4708,#4709,#4710));
#673=EDGE_LOOP('',(#4711,#4712,#4713,#4714));
#674=EDGE_LOOP('',(#4715,#4716,#4717,#4718,#4719,#4720));
#675=EDGE_LOOP('',(#4721,#4722,#4723,#4724));
#676=EDGE_LOOP('',(#4725,#4726,#4727,#4728));
#677=EDGE_LOOP('',(#4729,#4730,#4731,#4732));
#678=EDGE_LOOP('',(#4733,#4734,#4735,#4736));
#679=EDGE_LOOP('',(#4737,#4738,#4739,#4740,#4741,#4742));
#680=EDGE_LOOP('',(#4743,#4744,#4745,#4746));
#681=EDGE_LOOP('',(#4747,#4748,#4749,#4750));
#682=EDGE_LOOP('',(#4751,#4752,#4753,#4754));
#683=EDGE_LOOP('',(#4755,#4756,#4757,#4758));
#684=EDGE_LOOP('',(#4759,#4760,#4761,#4762,#4763,#4764));
#685=EDGE_LOOP('',(#4765,#4766,#4767,#4768));
#686=EDGE_LOOP('',(#4769,#4770,#4771,#4772));
#687=EDGE_LOOP('',(#4773,#4774,#4775,#4776));
#688=EDGE_LOOP('',(#4777,#4778,#4779,#4780));
#689=EDGE_LOOP('',(#4781,#4782,#4783,#4784));
#690=EDGE_LOOP('',(#4785,#4786,#4787,#4788));
#691=EDGE_LOOP('',(#4789,#4790,#4791,#4792));
#692=EDGE_LOOP('',(#4793,#4794,#4795,#4796));
#693=EDGE_LOOP('',(#4797,#4798,#4799,#4800,#4801,#4802));
#694=EDGE_LOOP('',(#4803,#4804,#4805,#4806));
#695=EDGE_LOOP('',(#4807,#4808,#4809,#4810));
#696=EDGE_LOOP('',(#4811,#4812,#4813,#4814));
#697=EDGE_LOOP('',(#4815,#4816,#4817,#4818));
#698=EDGE_LOOP('',(#4819,#4820,#4821,#4822,#4823,#4824));
#699=EDGE_LOOP('',(#4825,#4826,#4827,#4828));
#700=EDGE_LOOP('',(#4829,#4830,#4831,#4832));
#701=EDGE_LOOP('',(#4833,#4834,#4835,#4836));
#702=EDGE_LOOP('',(#4837,#4838,#4839,#4840));
#703=EDGE_LOOP('',(#4841,#4842,#4843,#4844,#4845,#4846));
#704=EDGE_LOOP('',(#4847,#4848,#4849,#4850));
#705=EDGE_LOOP('',(#4851,#4852,#4853,#4854));
#706=EDGE_LOOP('',(#4855,#4856,#4857,#4858));
#707=EDGE_LOOP('',(#4859,#4860,#4861,#4862));
#708=EDGE_LOOP('',(#4863,#4864,#4865,#4866,#4867,#4868));
#709=EDGE_LOOP('',(#4869,#4870,#4871,#4872));
#710=EDGE_LOOP('',(#4873,#4874,#4875,#4876));
#711=EDGE_LOOP('',(#4877,#4878,#4879,#4880));
#712=EDGE_LOOP('',(#4881,#4882,#4883,#4884));
#713=EDGE_LOOP('',(#4885,#4886,#4887,#4888));
#714=EDGE_LOOP('',(#4889,#4890,#4891,#4892));
#715=EDGE_LOOP('',(#4893,#4894,#4895,#4896,#4897,#4898));
#716=EDGE_LOOP('',(#4899,#4900,#4901,#4902));
#717=EDGE_LOOP('',(#4903,#4904,#4905,#4906));
#718=EDGE_LOOP('',(#4907,#4908,#4909,#4910));
#719=EDGE_LOOP('',(#4911,#4912,#4913,#4914));
#720=EDGE_LOOP('',(#4915,#4916,#4917,#4918));
#721=EDGE_LOOP('',(#4919,#4920,#4921,#4922));
#722=EDGE_LOOP('',(#4923,#4924,#4925,#4926,#4927,#4928));
#723=EDGE_LOOP('',(#4929,#4930,#4931,#4932));
#724=EDGE_LOOP('',(#4933,#4934,#4935,#4936));
#725=EDGE_LOOP('',(#4937,#4938,#4939,#4940));
#726=EDGE_LOOP('',(#4941,#4942,#4943,#4944));
#727=EDGE_LOOP('',(#4945,#4946,#4947,#4948,#4949,#4950));
#728=EDGE_LOOP('',(#4951,#4952,#4953,#4954));
#729=EDGE_LOOP('',(#4955,#4956,#4957,#4958));
#730=EDGE_LOOP('',(#4959,#4960,#4961,#4962));
#731=EDGE_LOOP('',(#4963,#4964,#4965,#4966));
#732=EDGE_LOOP('',(#4967,#4968,#4969,#4970,#4971,#4972));
#733=EDGE_LOOP('',(#4973,#4974,#4975,#4976));
#734=EDGE_LOOP('',(#4977,#4978,#4979,#4980));
#735=EDGE_LOOP('',(#4981,#4982,#4983,#4984));
#736=EDGE_LOOP('',(#4985,#4986,#4987,#4988,#4989,#4990,#4991,#4992));
#737=EDGE_LOOP('',(#4993,#4994,#4995,#4996));
#738=EDGE_LOOP('',(#4997,#4998,#4999,#5000));
#739=EDGE_LOOP('',(#5001,#5002,#5003,#5004,#5005,#5006,#5007,#5008));
#740=EDGE_LOOP('',(#5009,#5010,#5011,#5012));
#741=EDGE_LOOP('',(#5013,#5014,#5015,#5016));
#742=EDGE_LOOP('',(#5017,#5018,#5019,#5020,#5021,#5022,#5023,#5024));
#743=EDGE_LOOP('',(#5025,#5026,#5027,#5028));
#744=EDGE_LOOP('',(#5029,#5030,#5031,#5032));
#745=EDGE_LOOP('',(#5033,#5034,#5035,#5036,#5037,#5038,#5039,#5040));
#746=EDGE_LOOP('',(#5041,#5042,#5043,#5044));
#747=EDGE_LOOP('',(#5045,#5046,#5047,#5048));
#748=EDGE_LOOP('',(#5049,#5050,#5051,#5052));
#749=EDGE_LOOP('',(#5053,#5054,#5055,#5056,#5057,#5058,#5059,#5060));
#750=EDGE_LOOP('',(#5061,#5062,#5063,#5064));
#751=EDGE_LOOP('',(#5065,#5066,#5067,#5068));
#752=EDGE_LOOP('',(#5069,#5070,#5071,#5072,#5073,#5074,#5075,#5076));
#753=EDGE_LOOP('',(#5077,#5078,#5079,#5080));
#754=EDGE_LOOP('',(#5081,#5082,#5083,#5084));
#755=EDGE_LOOP('',(#5085,#5086,#5087,#5088,#5089,#5090,#5091,#5092));
#756=EDGE_LOOP('',(#5093,#5094,#5095,#5096));
#757=EDGE_LOOP('',(#5097,#5098,#5099,#5100));
#758=EDGE_LOOP('',(#5101,#5102,#5103,#5104,#5105,#5106,#5107,#5108));
#759=EDGE_LOOP('',(#5109,#5110,#5111,#5112));
#760=EDGE_LOOP('',(#5113,#5114,#5115,#5116));
#761=EDGE_LOOP('',(#5117,#5118,#5119,#5120,#5121,#5122,#5123,#5124));
#762=EDGE_LOOP('',(#5125,#5126,#5127,#5128));
#763=EDGE_LOOP('',(#5129,#5130,#5131,#5132));
#764=EDGE_LOOP('',(#5133,#5134,#5135,#5136,#5137,#5138,#5139,#5140));
#765=EDGE_LOOP('',(#5141,#5142,#5143,#5144));
#766=EDGE_LOOP('',(#5145,#5146,#5147,#5148));
#767=EDGE_LOOP('',(#5149,#5150,#5151,#5152,#5153,#5154,#5155,#5156));
#768=EDGE_LOOP('',(#5157,#5158,#5159,#5160));
#769=EDGE_LOOP('',(#5161,#5162,#5163,#5164,#5165,#5166));
#770=EDGE_LOOP('',(#5167,#5168,#5169,#5170));
#771=EDGE_LOOP('',(#5171,#5172,#5173,#5174));
#772=EDGE_LOOP('',(#5175,#5176,#5177,#5178,#5179,#5180,#5181,#5182));
#773=EDGE_LOOP('',(#5183,#5184,#5185,#5186));
#774=EDGE_LOOP('',(#5187,#5188,#5189,#5190));
#775=EDGE_LOOP('',(#5191,#5192,#5193,#5194));
#776=EDGE_LOOP('',(#5195,#5196,#5197,#5198,#5199,#5200,#5201,#5202));
#777=EDGE_LOOP('',(#5203,#5204,#5205,#5206));
#778=EDGE_LOOP('',(#5207,#5208,#5209,#5210));
#779=EDGE_LOOP('',(#5211,#5212,#5213,#5214,#5215,#5216,#5217,#5218));
#780=EDGE_LOOP('',(#5219,#5220,#5221,#5222));
#781=EDGE_LOOP('',(#5223,#5224,#5225,#5226));
#782=EDGE_LOOP('',(#5227,#5228,#5229,#5230));
#783=EDGE_LOOP('',(#5231,#5232,#5233,#5234,#5235,#5236,#5237,#5238));
#784=EDGE_LOOP('',(#5239,#5240,#5241,#5242));
#785=EDGE_LOOP('',(#5243,#5244,#5245,#5246));
#786=EDGE_LOOP('',(#5247,#5248,#5249,#5250));
#787=EDGE_LOOP('',(#5251,#5252,#5253,#5254));
#788=EDGE_LOOP('',(#5255,#5256,#5257,#5258));
#789=EDGE_LOOP('',(#5259,#5260,#5261,#5262));
#790=EDGE_LOOP('',(#5263,#5264,#5265,#5266));
#791=EDGE_LOOP('',(#5267,#5268,#5269,#5270));
#792=EDGE_LOOP('',(#5271,#5272,#5273,#5274));
#793=EDGE_LOOP('',(#5275,#5276,#5277,#5278));
#794=EDGE_LOOP('',(#5279,#5280,#5281,#5282));
#795=EDGE_LOOP('',(#5283,#5284,#5285,#5286));
#796=EDGE_LOOP('',(#5287,#5288,#5289,#5290));
#797=EDGE_LOOP('',(#5291,#5292,#5293,#5294));
#798=EDGE_LOOP('',(#5295,#5296,#5297,#5298));
#799=EDGE_LOOP('',(#5299,#5300,#5301,#5302));
#800=EDGE_LOOP('',(#5303,#5304,#5305,#5306));
#801=EDGE_LOOP('',(#5307,#5308,#5309,#5310));
#802=EDGE_LOOP('',(#5311,#5312,#5313,#5314));
#803=EDGE_LOOP('',(#5315,#5316,#5317,#5318));
#804=EDGE_LOOP('',(#5319,#5320,#5321,#5322));
#805=EDGE_LOOP('',(#5323,#5324,#5325,#5326));
#806=EDGE_LOOP('',(#5327,#5328,#5329,#5330));
#807=EDGE_LOOP('',(#5331,#5332,#5333,#5334));
#808=EDGE_LOOP('',(#5335,#5336,#5337,#5338));
#809=EDGE_LOOP('',(#5339,#5340,#5341,#5342));
#810=EDGE_LOOP('',(#5343,#5344,#5345,#5346));
#811=EDGE_LOOP('',(#5347,#5348,#5349,#5350));
#812=EDGE_LOOP('',(#5351,#5352,#5353,#5354));
#813=EDGE_LOOP('',(#5355,#5356,#5357,#5358));
#814=EDGE_LOOP('',(#5359,#5360,#5361,#5362));
#815=EDGE_LOOP('',(#5363,#5364,#5365,#5366));
#816=EDGE_LOOP('',(#5367,#5368,#5369,#5370));
#817=EDGE_LOOP('',(#5371,#5372,#5373,#5374));
#818=EDGE_LOOP('',(#5375,#5376,#5377,#5378));
#819=EDGE_LOOP('',(#5379,#5380,#5381,#5382));
#820=EDGE_LOOP('',(#5383,#5384,#5385,#5386));
#821=EDGE_LOOP('',(#5387,#5388,#5389,#5390));
#822=EDGE_LOOP('',(#5391,#5392,#5393,#5394));
#823=EDGE_LOOP('',(#5395,#5396,#5397,#5398));
#824=EDGE_LOOP('',(#5399,#5400,#5401,#5402));
#825=EDGE_LOOP('',(#5403,#5404,#5405,#5406));
#826=EDGE_LOOP('',(#5407,#5408,#5409,#5410));
#827=EDGE_LOOP('',(#5411,#5412,#5413,#5414));
#828=EDGE_LOOP('',(#5415,#5416,#5417,#5418));
#829=EDGE_LOOP('',(#5419,#5420,#5421,#5422));
#830=EDGE_LOOP('',(#5423,#5424,#5425,#5426));
#831=EDGE_LOOP('',(#5427,#5428,#5429,#5430));
#832=EDGE_LOOP('',(#5431,#5432,#5433,#5434));
#833=EDGE_LOOP('',(#5435,#5436,#5437,#5438));
#834=EDGE_LOOP('',(#5439,#5440,#5441,#5442));
#835=EDGE_LOOP('',(#5443,#5444,#5445,#5446));
#836=EDGE_LOOP('',(#5447,#5448,#5449,#5450));
#837=EDGE_LOOP('',(#5451,#5452,#5453,#5454));
#838=EDGE_LOOP('',(#5455,#5456,#5457,#5458));
#839=EDGE_LOOP('',(#5459,#5460,#5461,#5462));
#840=EDGE_LOOP('',(#5463,#5464,#5465,#5466));
#841=EDGE_LOOP('',(#5467,#5468,#5469,#5470));
#842=EDGE_LOOP('',(#5471,#5472,#5473,#5474));
#843=EDGE_LOOP('',(#5475,#5476,#5477,#5478));
#844=EDGE_LOOP('',(#5479,#5480,#5481,#5482));
#845=EDGE_LOOP('',(#5483,#5484,#5485,#5486));
#846=EDGE_LOOP('',(#5487,#5488,#5489,#5490));
#847=EDGE_LOOP('',(#5491,#5492,#5493,#5494));
#848=EDGE_LOOP('',(#5495,#5496,#5497,#5498));
#849=EDGE_LOOP('',(#5499,#5500,#5501,#5502,#5503,#5504));
#850=EDGE_LOOP('',(#5505,#5506,#5507,#5508));
#851=EDGE_LOOP('',(#5509,#5510,#5511,#5512));
#852=EDGE_LOOP('',(#5513,#5514,#5515,#5516,#5517,#5518));
#853=EDGE_LOOP('',(#5519,#5520,#5521,#5522));
#854=EDGE_LOOP('',(#5523,#5524,#5525,#5526));
#855=EDGE_LOOP('',(#5527,#5528,#5529,#5530,#5531));
#856=EDGE_LOOP('',(#5532,#5533,#5534,#5535));
#857=EDGE_LOOP('',(#5536,#5537,#5538,#5539));
#858=EDGE_LOOP('',(#5540,#5541,#5542,#5543));
#859=EDGE_LOOP('',(#5544,#5545,#5546,#5547));
#860=EDGE_LOOP('',(#5548,#5549,#5550,#5551,#5552));
#861=EDGE_LOOP('',(#5553,#5554,#5555,#5556));
#862=EDGE_LOOP('',(#5557,#5558,#5559,#5560));
#863=EDGE_LOOP('',(#5561,#5562,#5563,#5564));
#864=EDGE_LOOP('',(#5565,#5566,#5567,#5568));
#865=EDGE_LOOP('',(#5569,#5570,#5571,#5572));
#866=EDGE_LOOP('',(#5573,#5574,#5575,#5576));
#867=EDGE_LOOP('',(#5577,#5578,#5579,#5580));
#868=EDGE_LOOP('',(#5581,#5582,#5583,#5584));
#869=EDGE_LOOP('',(#5585,#5586,#5587,#5588));
#870=EDGE_LOOP('',(#5589,#5590,#5591,#5592));
#871=EDGE_LOOP('',(#5593,#5594,#5595,#5596));
#872=EDGE_LOOP('',(#5597,#5598,#5599,#5600));
#873=EDGE_LOOP('',(#5601,#5602,#5603,#5604));
#874=EDGE_LOOP('',(#5605,#5606,#5607,#5608));
#875=EDGE_LOOP('',(#5609,#5610,#5611,#5612));
#876=EDGE_LOOP('',(#5613,#5614,#5615,#5616,#5617,#5618));
#877=EDGE_LOOP('',(#5619,#5620,#5621,#5622));
#878=EDGE_LOOP('',(#5623,#5624,#5625,#5626));
#879=EDGE_LOOP('',(#5627,#5628,#5629,#5630));
#880=EDGE_LOOP('',(#5631,#5632,#5633,#5634));
#881=EDGE_LOOP('',(#5635,#5636,#5637,#5638));
#882=EDGE_LOOP('',(#5639,#5640,#5641,#5642));
#883=EDGE_LOOP('',(#5643,#5644,#5645,#5646));
#884=EDGE_LOOP('',(#5647,#5648,#5649,#5650));
#885=EDGE_LOOP('',(#5651,#5652,#5653,#5654));
#886=EDGE_LOOP('',(#5655,#5656,#5657,#5658));
#887=EDGE_LOOP('',(#5659,#5660,#5661,#5662));
#888=EDGE_LOOP('',(#5663,#5664,#5665,#5666));
#889=EDGE_LOOP('',(#5667,#5668,#5669,#5670));
#890=EDGE_LOOP('',(#5671,#5672,#5673,#5674));
#891=EDGE_LOOP('',(#5675,#5676,#5677,#5678));
#892=EDGE_LOOP('',(#5679,#5680,#5681,#5682));
#893=EDGE_LOOP('',(#5683,#5684,#5685,#5686));
#894=EDGE_LOOP('',(#5687,#5688,#5689,#5690,#5691,#5692));
#895=EDGE_LOOP('',(#5693,#5694,#5695,#5696));
#896=EDGE_LOOP('',(#5697,#5698,#5699,#5700));
#897=EDGE_LOOP('',(#5701,#5702,#5703,#5704));
#898=EDGE_LOOP('',(#5705,#5706,#5707,#5708));
#899=EDGE_LOOP('',(#5709,#5710,#5711,#5712,#5713,#5714));
#900=EDGE_LOOP('',(#5715,#5716,#5717,#5718,#5719,#5720,#5721,#5722,#5723,
#5724,#5725,#5726,#5727,#5728,#5729,#5730,#5731,#5732,#5733,#5734));
#901=EDGE_LOOP('',(#5735,#5736,#5737,#5738,#5739,#5740,#5741,#5742,#5743,
#5744,#5745,#5746,#5747,#5748,#5749,#5750,#5751,#5752));
#902=EDGE_LOOP('',(#5753,#5754,#5755,#5756,#5757,#5758,#5759,#5760,#5761,
#5762,#5763,#5764,#5765,#5766,#5767,#5768,#5769,#5770,#5771,#5772));
#903=EDGE_LOOP('',(#5773,#5774,#5775,#5776,#5777,#5778,#5779,#5780,#5781,
#5782,#5783,#5784,#5785,#5786,#5787,#5788,#5789,#5790));
#904=EDGE_LOOP('',(#5791,#5792,#5793,#5794,#5795,#5796,#5797,#5798,#5799,
#5800,#5801,#5802,#5803,#5804,#5805,#5806,#5807,#5808,#5809,#5810));
#905=EDGE_LOOP('',(#5811,#5812,#5813,#5814,#5815,#5816,#5817,#5818,#5819,
#5820,#5821,#5822,#5823,#5824,#5825,#5826,#5827,#5828,#5829,#5830));
#906=EDGE_LOOP('',(#5831,#5832,#5833,#5834,#5835,#5836,#5837,#5838,#5839,
#5840,#5841,#5842,#5843,#5844,#5845,#5846,#5847,#5848,#5849,#5850));
#907=EDGE_LOOP('',(#5851,#5852,#5853,#5854,#5855,#5856,#5857,#5858,#5859,
#5860,#5861,#5862,#5863,#5864,#5865,#5866,#5867,#5868,#5869,#5870));
#908=EDGE_LOOP('',(#5871,#5872,#5873,#5874,#5875,#5876,#5877,#5878,#5879,
#5880,#5881,#5882,#5883,#5884,#5885,#5886,#5887,#5888,#5889,#5890));
#909=EDGE_LOOP('',(#5891,#5892,#5893,#5894,#5895,#5896,#5897,#5898,#5899,
#5900,#5901,#5902,#5903,#5904,#5905,#5906,#5907,#5908,#5909,#5910));
#910=EDGE_LOOP('',(#5911,#5912,#5913,#5914,#5915,#5916,#5917,#5918,#5919,
#5920,#5921,#5922,#5923,#5924,#5925,#5926,#5927,#5928,#5929,#5930));
#911=EDGE_LOOP('',(#5931,#5932,#5933,#5934,#5935,#5936,#5937,#5938,#5939,
#5940,#5941,#5942,#5943,#5944,#5945,#5946,#5947,#5948,#5949,#5950));
#912=EDGE_LOOP('',(#5951,#5952,#5953,#5954,#5955,#5956,#5957,#5958,#5959,
#5960,#5961,#5962,#5963,#5964,#5965,#5966,#5967,#5968,#5969,#5970));
#913=EDGE_LOOP('',(#5971,#5972,#5973,#5974,#5975,#5976,#5977,#5978,#5979,
#5980,#5981,#5982,#5983,#5984,#5985,#5986,#5987,#5988,#5989,#5990));
#914=EDGE_LOOP('',(#5991,#5992,#5993,#5994,#5995,#5996,#5997,#5998,#5999,
#6000,#6001,#6002,#6003,#6004,#6005,#6006,#6007,#6008,#6009,#6010));
#915=EDGE_LOOP('',(#6011,#6012,#6013,#6014,#6015,#6016,#6017,#6018,#6019,
#6020,#6021,#6022,#6023,#6024,#6025,#6026,#6027,#6028,#6029,#6030));
#916=EDGE_LOOP('',(#6031));
#917=EDGE_LOOP('',(#6032));
#918=EDGE_LOOP('',(#6033));
#919=EDGE_LOOP('',(#6034,#6035,#6036,#6037));
#920=EDGE_LOOP('',(#6038));
#921=EDGE_LOOP('',(#6039,#6040,#6041,#6042));
#922=EDGE_LOOP('',(#6043));
#923=EDGE_LOOP('',(#6044,#6045,#6046,#6047));
#924=EDGE_LOOP('',(#6048));
#925=EDGE_LOOP('',(#6049,#6050,#6051,#6052,#6053,#6054,#6055,#6056));
#926=EDGE_LOOP('',(#6057,#6058,#6059,#6060));
#927=EDGE_LOOP('',(#6061,#6062,#6063,#6064));
#928=EDGE_LOOP('',(#6065,#6066,#6067,#6068));
#929=EDGE_LOOP('',(#6069,#6070,#6071,#6072));
#930=EDGE_LOOP('',(#6073,#6074,#6075,#6076));
#931=EDGE_LOOP('',(#6077,#6078,#6079,#6080));
#932=EDGE_LOOP('',(#6081,#6082,#6083,#6084));
#933=EDGE_LOOP('',(#6085,#6086,#6087,#6088,#6089,#6090));
#934=EDGE_LOOP('',(#6091,#6092,#6093,#6094,#6095,#6096,#6097,#6098));
#935=EDGE_LOOP('',(#6099,#6100,#6101,#6102,#6103,#6104,#6105,#6106));
#936=EDGE_LOOP('',(#6107,#6108,#6109,#6110,#6111,#6112,#6113));
#937=EDGE_LOOP('',(#6114,#6115,#6116,#6117,#6118,#6119,#6120,#6121));
#938=EDGE_LOOP('',(#6122,#6123,#6124,#6125,#6126,#6127,#6128,#6129));
#939=EDGE_LOOP('',(#6130,#6131,#6132,#6133,#6134,#6135,#6136,#6137));
#940=EDGE_LOOP('',(#6138,#6139,#6140,#6141,#6142,#6143,#6144,#6145));
#941=EDGE_LOOP('',(#6146,#6147,#6148,#6149,#6150,#6151,#6152,#6153));
#942=EDGE_LOOP('',(#6154,#6155,#6156,#6157,#6158,#6159,#6160,#6161));
#943=EDGE_LOOP('',(#6162,#6163,#6164,#6165,#6166,#6167,#6168));
#944=EDGE_LOOP('',(#6169,#6170,#6171,#6172,#6173,#6174,#6175,#6176));
#945=EDGE_LOOP('',(#6177,#6178,#6179,#6180,#6181,#6182,#6183,#6184));
#946=EDGE_LOOP('',(#6185,#6186,#6187,#6188,#6189,#6190,#6191,#6192));
#947=EDGE_LOOP('',(#6193,#6194,#6195,#6196,#6197,#6198,#6199,#6200));
#948=EDGE_LOOP('',(#6201,#6202,#6203,#6204,#6205,#6206,#6207,#6208));
#949=EDGE_LOOP('',(#6209,#6210,#6211,#6212,#6213,#6214,#6215,#6216));
#950=LINE('',#9186,#1667);
#951=LINE('',#9189,#1668);
#952=LINE('',#9192,#1669);
#953=LINE('',#9194,#1670);
#954=LINE('',#9195,#1671);
#955=LINE('',#9201,#1672);
#956=LINE('',#9204,#1673);
#957=LINE('',#9207,#1674);
#958=LINE('',#9209,#1675);
#959=LINE('',#9211,#1676);
#960=LINE('',#9213,#1677);
#961=LINE('',#9214,#1678);
#962=LINE('',#9215,#1679);
#963=LINE('',#9221,#1680);
#964=LINE('',#9224,#1681);
#965=LINE('',#9227,#1682);
#966=LINE('',#9229,#1683);
#967=LINE('',#9230,#1684);
#968=LINE('',#9236,#1685);
#969=LINE('',#9239,#1686);
#970=LINE('',#9242,#1687);
#971=LINE('',#9244,#1688);
#972=LINE('',#9246,#1689);
#973=LINE('',#9248,#1690);
#974=LINE('',#9249,#1691);
#975=LINE('',#9250,#1692);
#976=LINE('',#9256,#1693);
#977=LINE('',#9259,#1694);
#978=LINE('',#9262,#1695);
#979=LINE('',#9264,#1696);
#980=LINE('',#9265,#1697);
#981=LINE('',#9271,#1698);
#982=LINE('',#9274,#1699);
#983=LINE('',#9277,#1700);
#984=LINE('',#9279,#1701);
#985=LINE('',#9281,#1702);
#986=LINE('',#9283,#1703);
#987=LINE('',#9284,#1704);
#988=LINE('',#9285,#1705);
#989=LINE('',#9291,#1706);
#990=LINE('',#9294,#1707);
#991=LINE('',#9297,#1708);
#992=LINE('',#9299,#1709);
#993=LINE('',#9300,#1710);
#994=LINE('',#9306,#1711);
#995=LINE('',#9309,#1712);
#996=LINE('',#9312,#1713);
#997=LINE('',#9314,#1714);
#998=LINE('',#9316,#1715);
#999=LINE('',#9318,#1716);
#1000=LINE('',#9319,#1717);
#1001=LINE('',#9320,#1718);
#1002=LINE('',#9326,#1719);
#1003=LINE('',#9329,#1720);
#1004=LINE('',#9332,#1721);
#1005=LINE('',#9334,#1722);
#1006=LINE('',#9336,#1723);
#1007=LINE('',#9339,#1724);
#1008=LINE('',#9342,#1725);
#1009=LINE('',#9343,#1726);
#1010=LINE('',#9349,#1727);
#1011=LINE('',#9352,#1728);
#1012=LINE('',#9355,#1729);
#1013=LINE('',#9357,#1730);
#1014=LINE('',#9359,#1731);
#1015=LINE('',#9360,#1732);
#1016=LINE('',#9361,#1733);
#1017=LINE('',#9367,#1734);
#1018=LINE('',#9370,#1735);
#1019=LINE('',#9373,#1736);
#1020=LINE('',#9375,#1737);
#1021=LINE('',#9377,#1738);
#1022=LINE('',#9380,#1739);
#1023=LINE('',#9383,#1740);
#1024=LINE('',#9384,#1741);
#1025=LINE('',#9390,#1742);
#1026=LINE('',#9393,#1743);
#1027=LINE('',#9396,#1744);
#1028=LINE('',#9398,#1745);
#1029=LINE('',#9400,#1746);
#1030=LINE('',#9401,#1747);
#1031=LINE('',#9402,#1748);
#1032=LINE('',#9408,#1749);
#1033=LINE('',#9411,#1750);
#1034=LINE('',#9414,#1751);
#1035=LINE('',#9416,#1752);
#1036=LINE('',#9418,#1753);
#1037=LINE('',#9421,#1754);
#1038=LINE('',#9424,#1755);
#1039=LINE('',#9425,#1756);
#1040=LINE('',#9431,#1757);
#1041=LINE('',#9434,#1758);
#1042=LINE('',#9437,#1759);
#1043=LINE('',#9439,#1760);
#1044=LINE('',#9441,#1761);
#1045=LINE('',#9442,#1762);
#1046=LINE('',#9443,#1763);
#1047=LINE('',#9449,#1764);
#1048=LINE('',#9452,#1765);
#1049=LINE('',#9455,#1766);
#1050=LINE('',#9457,#1767);
#1051=LINE('',#9459,#1768);
#1052=LINE('',#9462,#1769);
#1053=LINE('',#9465,#1770);
#1054=LINE('',#9466,#1771);
#1055=LINE('',#9472,#1772);
#1056=LINE('',#9475,#1773);
#1057=LINE('',#9478,#1774);
#1058=LINE('',#9480,#1775);
#1059=LINE('',#9482,#1776);
#1060=LINE('',#9483,#1777);
#1061=LINE('',#9484,#1778);
#1062=LINE('',#9490,#1779);
#1063=LINE('',#9493,#1780);
#1064=LINE('',#9496,#1781);
#1065=LINE('',#9498,#1782);
#1066=LINE('',#9500,#1783);
#1067=LINE('',#9503,#1784);
#1068=LINE('',#9506,#1785);
#1069=LINE('',#9507,#1786);
#1070=LINE('',#9513,#1787);
#1071=LINE('',#9516,#1788);
#1072=LINE('',#9519,#1789);
#1073=LINE('',#9521,#1790);
#1074=LINE('',#9523,#1791);
#1075=LINE('',#9524,#1792);
#1076=LINE('',#9525,#1793);
#1077=LINE('',#9531,#1794);
#1078=LINE('',#9534,#1795);
#1079=LINE('',#9537,#1796);
#1080=LINE('',#9539,#1797);
#1081=LINE('',#9541,#1798);
#1082=LINE('',#9544,#1799);
#1083=LINE('',#9547,#1800);
#1084=LINE('',#9548,#1801);
#1085=LINE('',#9554,#1802);
#1086=LINE('',#9557,#1803);
#1087=LINE('',#9560,#1804);
#1088=LINE('',#9562,#1805);
#1089=LINE('',#9564,#1806);
#1090=LINE('',#9565,#1807);
#1091=LINE('',#9566,#1808);
#1092=LINE('',#9572,#1809);
#1093=LINE('',#9575,#1810);
#1094=LINE('',#9578,#1811);
#1095=LINE('',#9580,#1812);
#1096=LINE('',#9582,#1813);
#1097=LINE('',#9585,#1814);
#1098=LINE('',#9588,#1815);
#1099=LINE('',#9589,#1816);
#1100=LINE('',#9595,#1817);
#1101=LINE('',#9598,#1818);
#1102=LINE('',#9601,#1819);
#1103=LINE('',#9603,#1820);
#1104=LINE('',#9605,#1821);
#1105=LINE('',#9606,#1822);
#1106=LINE('',#9607,#1823);
#1107=LINE('',#9613,#1824);
#1108=LINE('',#9616,#1825);
#1109=LINE('',#9619,#1826);
#1110=LINE('',#9621,#1827);
#1111=LINE('',#9623,#1828);
#1112=LINE('',#9626,#1829);
#1113=LINE('',#9629,#1830);
#1114=LINE('',#9630,#1831);
#1115=LINE('',#9636,#1832);
#1116=LINE('',#9639,#1833);
#1117=LINE('',#9642,#1834);
#1118=LINE('',#9644,#1835);
#1119=LINE('',#9646,#1836);
#1120=LINE('',#9647,#1837);
#1121=LINE('',#9648,#1838);
#1122=LINE('',#9654,#1839);
#1123=LINE('',#9657,#1840);
#1124=LINE('',#9660,#1841);
#1125=LINE('',#9662,#1842);
#1126=LINE('',#9664,#1843);
#1127=LINE('',#9667,#1844);
#1128=LINE('',#9670,#1845);
#1129=LINE('',#9671,#1846);
#1130=LINE('',#9677,#1847);
#1131=LINE('',#9680,#1848);
#1132=LINE('',#9683,#1849);
#1133=LINE('',#9685,#1850);
#1134=LINE('',#9687,#1851);
#1135=LINE('',#9688,#1852);
#1136=LINE('',#9689,#1853);
#1137=LINE('',#9695,#1854);
#1138=LINE('',#9698,#1855);
#1139=LINE('',#9701,#1856);
#1140=LINE('',#9703,#1857);
#1141=LINE('',#9705,#1858);
#1142=LINE('',#9708,#1859);
#1143=LINE('',#9711,#1860);
#1144=LINE('',#9712,#1861);
#1145=LINE('',#9718,#1862);
#1146=LINE('',#9721,#1863);
#1147=LINE('',#9724,#1864);
#1148=LINE('',#9726,#1865);
#1149=LINE('',#9728,#1866);
#1150=LINE('',#9729,#1867);
#1151=LINE('',#9730,#1868);
#1152=LINE('',#9736,#1869);
#1153=LINE('',#9739,#1870);
#1154=LINE('',#9742,#1871);
#1155=LINE('',#9744,#1872);
#1156=LINE('',#9746,#1873);
#1157=LINE('',#9749,#1874);
#1158=LINE('',#9752,#1875);
#1159=LINE('',#9753,#1876);
#1160=LINE('',#9759,#1877);
#1161=LINE('',#9762,#1878);
#1162=LINE('',#9765,#1879);
#1163=LINE('',#9767,#1880);
#1164=LINE('',#9769,#1881);
#1165=LINE('',#9770,#1882);
#1166=LINE('',#9771,#1883);
#1167=LINE('',#9777,#1884);
#1168=LINE('',#9780,#1885);
#1169=LINE('',#9783,#1886);
#1170=LINE('',#9785,#1887);
#1171=LINE('',#9787,#1888);
#1172=LINE('',#9790,#1889);
#1173=LINE('',#9793,#1890);
#1174=LINE('',#9794,#1891);
#1175=LINE('',#9800,#1892);
#1176=LINE('',#9803,#1893);
#1177=LINE('',#9806,#1894);
#1178=LINE('',#9808,#1895);
#1179=LINE('',#9810,#1896);
#1180=LINE('',#9811,#1897);
#1181=LINE('',#9812,#1898);
#1182=LINE('',#9818,#1899);
#1183=LINE('',#9821,#1900);
#1184=LINE('',#9823,#1901);
#1185=LINE('',#9824,#1902);
#1186=LINE('',#9830,#1903);
#1187=LINE('',#9833,#1904);
#1188=LINE('',#9836,#1905);
#1189=LINE('',#9840,#1906);
#1190=LINE('',#9842,#1907);
#1191=LINE('',#9843,#1908);
#1192=LINE('',#9846,#1909);
#1193=LINE('',#9847,#1910);
#1194=LINE('',#9853,#1911);
#1195=LINE('',#9856,#1912);
#1196=LINE('',#9858,#1913);
#1197=LINE('',#9859,#1914);
#1198=LINE('',#9865,#1915);
#1199=LINE('',#9868,#1916);
#1200=LINE('',#9871,#1917);
#1201=LINE('',#9875,#1918);
#1202=LINE('',#9877,#1919);
#1203=LINE('',#9878,#1920);
#1204=LINE('',#9881,#1921);
#1205=LINE('',#9882,#1922);
#1206=LINE('',#9888,#1923);
#1207=LINE('',#9891,#1924);
#1208=LINE('',#9893,#1925);
#1209=LINE('',#9894,#1926);
#1210=LINE('',#9900,#1927);
#1211=LINE('',#9903,#1928);
#1212=LINE('',#9906,#1929);
#1213=LINE('',#9910,#1930);
#1214=LINE('',#9912,#1931);
#1215=LINE('',#9913,#1932);
#1216=LINE('',#9916,#1933);
#1217=LINE('',#9917,#1934);
#1218=LINE('',#9923,#1935);
#1219=LINE('',#9926,#1936);
#1220=LINE('',#9928,#1937);
#1221=LINE('',#9929,#1938);
#1222=LINE('',#9935,#1939);
#1223=LINE('',#9938,#1940);
#1224=LINE('',#9941,#1941);
#1225=LINE('',#9945,#1942);
#1226=LINE('',#9947,#1943);
#1227=LINE('',#9948,#1944);
#1228=LINE('',#9951,#1945);
#1229=LINE('',#9952,#1946);
#1230=LINE('',#9958,#1947);
#1231=LINE('',#9961,#1948);
#1232=LINE('',#9963,#1949);
#1233=LINE('',#9964,#1950);
#1234=LINE('',#9970,#1951);
#1235=LINE('',#9973,#1952);
#1236=LINE('',#9976,#1953);
#1237=LINE('',#9980,#1954);
#1238=LINE('',#9982,#1955);
#1239=LINE('',#9983,#1956);
#1240=LINE('',#9986,#1957);
#1241=LINE('',#9987,#1958);
#1242=LINE('',#9993,#1959);
#1243=LINE('',#9996,#1960);
#1244=LINE('',#9998,#1961);
#1245=LINE('',#9999,#1962);
#1246=LINE('',#10005,#1963);
#1247=LINE('',#10008,#1964);
#1248=LINE('',#10011,#1965);
#1249=LINE('',#10013,#1966);
#1250=LINE('',#10014,#1967);
#1251=LINE('',#10020,#1968);
#1252=LINE('',#10023,#1969);
#1253=LINE('',#10025,#1970);
#1254=LINE('',#10026,#1971);
#1255=LINE('',#10032,#1972);
#1256=LINE('',#10035,#1973);
#1257=LINE('',#10038,#1974);
#1258=LINE('',#10042,#1975);
#1259=LINE('',#10044,#1976);
#1260=LINE('',#10045,#1977);
#1261=LINE('',#10048,#1978);
#1262=LINE('',#10049,#1979);
#1263=LINE('',#10055,#1980);
#1264=LINE('',#10058,#1981);
#1265=LINE('',#10060,#1982);
#1266=LINE('',#10061,#1983);
#1267=LINE('',#10067,#1984);
#1268=LINE('',#10070,#1985);
#1269=LINE('',#10073,#1986);
#1270=LINE('',#10077,#1987);
#1271=LINE('',#10079,#1988);
#1272=LINE('',#10080,#1989);
#1273=LINE('',#10083,#1990);
#1274=LINE('',#10084,#1991);
#1275=LINE('',#10090,#1992);
#1276=LINE('',#10093,#1993);
#1277=LINE('',#10095,#1994);
#1278=LINE('',#10096,#1995);
#1279=LINE('',#10102,#1996);
#1280=LINE('',#10105,#1997);
#1281=LINE('',#10108,#1998);
#1282=LINE('',#10112,#1999);
#1283=LINE('',#10114,#2000);
#1284=LINE('',#10115,#2001);
#1285=LINE('',#10118,#2002);
#1286=LINE('',#10119,#2003);
#1287=LINE('',#10125,#2004);
#1288=LINE('',#10128,#2005);
#1289=LINE('',#10130,#2006);
#1290=LINE('',#10131,#2007);
#1291=LINE('',#10137,#2008);
#1292=LINE('',#10140,#2009);
#1293=LINE('',#10143,#2010);
#1294=LINE('',#10147,#2011);
#1295=LINE('',#10149,#2012);
#1296=LINE('',#10150,#2013);
#1297=LINE('',#10153,#2014);
#1298=LINE('',#10154,#2015);
#1299=LINE('',#10160,#2016);
#1300=LINE('',#10163,#2017);
#1301=LINE('',#10165,#2018);
#1302=LINE('',#10166,#2019);
#1303=LINE('',#10172,#2020);
#1304=LINE('',#10175,#2021);
#1305=LINE('',#10178,#2022);
#1306=LINE('',#10180,#2023);
#1307=LINE('',#10181,#2024);
#1308=LINE('',#10187,#2025);
#1309=LINE('',#10190,#2026);
#1310=LINE('',#10193,#2027);
#1311=LINE('',#10197,#2028);
#1312=LINE('',#10199,#2029);
#1313=LINE('',#10200,#2030);
#1314=LINE('',#10203,#2031);
#1315=LINE('',#10204,#2032);
#1316=LINE('',#10210,#2033);
#1317=LINE('',#10213,#2034);
#1318=LINE('',#10215,#2035);
#1319=LINE('',#10216,#2036);
#1320=LINE('',#10222,#2037);
#1321=LINE('',#10225,#2038);
#1322=LINE('',#10227,#2039);
#1323=LINE('',#10228,#2040);
#1324=LINE('',#10234,#2041);
#1325=LINE('',#10237,#2042);
#1326=LINE('',#10240,#2043);
#1327=LINE('',#10244,#2044);
#1328=LINE('',#10246,#2045);
#1329=LINE('',#10247,#2046);
#1330=LINE('',#10250,#2047);
#1331=LINE('',#10251,#2048);
#1332=LINE('',#10257,#2049);
#1333=LINE('',#10260,#2050);
#1334=LINE('',#10262,#2051);
#1335=LINE('',#10263,#2052);
#1336=LINE('',#10269,#2053);
#1337=LINE('',#10272,#2054);
#1338=LINE('',#10275,#2055);
#1339=LINE('',#10279,#2056);
#1340=LINE('',#10281,#2057);
#1341=LINE('',#10282,#2058);
#1342=LINE('',#10285,#2059);
#1343=LINE('',#10286,#2060);
#1344=LINE('',#10292,#2061);
#1345=LINE('',#10295,#2062);
#1346=LINE('',#10297,#2063);
#1347=LINE('',#10298,#2064);
#1348=LINE('',#10304,#2065);
#1349=LINE('',#10307,#2066);
#1350=LINE('',#10310,#2067);
#1351=LINE('',#10314,#2068);
#1352=LINE('',#10316,#2069);
#1353=LINE('',#10317,#2070);
#1354=LINE('',#10320,#2071);
#1355=LINE('',#10321,#2072);
#1356=LINE('',#10325,#2073);
#1357=LINE('',#10331,#2074);
#1358=LINE('',#10334,#2075);
#1359=LINE('',#10337,#2076);
#1360=LINE('',#10338,#2077);
#1361=LINE('',#10340,#2078);
#1362=LINE('',#10341,#2079);
#1363=LINE('',#10342,#2080);
#1364=LINE('',#10346,#2081);
#1365=LINE('',#10352,#2082);
#1366=LINE('',#10355,#2083);
#1367=LINE('',#10358,#2084);
#1368=LINE('',#10359,#2085);
#1369=LINE('',#10361,#2086);
#1370=LINE('',#10362,#2087);
#1371=LINE('',#10363,#2088);
#1372=LINE('',#10367,#2089);
#1373=LINE('',#10373,#2090);
#1374=LINE('',#10376,#2091);
#1375=LINE('',#10379,#2092);
#1376=LINE('',#10380,#2093);
#1377=LINE('',#10382,#2094);
#1378=LINE('',#10383,#2095);
#1379=LINE('',#10384,#2096);
#1380=LINE('',#10388,#2097);
#1381=LINE('',#10394,#2098);
#1382=LINE('',#10397,#2099);
#1383=LINE('',#10400,#2100);
#1384=LINE('',#10401,#2101);
#1385=LINE('',#10403,#2102);
#1386=LINE('',#10404,#2103);
#1387=LINE('',#10405,#2104);
#1388=LINE('',#10411,#2105);
#1389=LINE('',#10414,#2106);
#1390=LINE('',#10417,#2107);
#1391=LINE('',#10419,#2108);
#1392=LINE('',#10420,#2109);
#1393=LINE('',#10426,#2110);
#1394=LINE('',#10429,#2111);
#1395=LINE('',#10432,#2112);
#1396=LINE('',#10434,#2113);
#1397=LINE('',#10436,#2114);
#1398=LINE('',#10438,#2115);
#1399=LINE('',#10440,#2116);
#1400=LINE('',#10442,#2117);
#1401=LINE('',#10443,#2118);
#1402=LINE('',#10447,#2119);
#1403=LINE('',#10453,#2120);
#1404=LINE('',#10456,#2121);
#1405=LINE('',#10459,#2122);
#1406=LINE('',#10460,#2123);
#1407=LINE('',#10462,#2124);
#1408=LINE('',#10463,#2125);
#1409=LINE('',#10464,#2126);
#1410=LINE('',#10468,#2127);
#1411=LINE('',#10474,#2128);
#1412=LINE('',#10477,#2129);
#1413=LINE('',#10480,#2130);
#1414=LINE('',#10481,#2131);
#1415=LINE('',#10483,#2132);
#1416=LINE('',#10484,#2133);
#1417=LINE('',#10485,#2134);
#1418=LINE('',#10489,#2135);
#1419=LINE('',#10495,#2136);
#1420=LINE('',#10498,#2137);
#1421=LINE('',#10501,#2138);
#1422=LINE('',#10502,#2139);
#1423=LINE('',#10504,#2140);
#1424=LINE('',#10505,#2141);
#1425=LINE('',#10506,#2142);
#1426=LINE('',#10510,#2143);
#1427=LINE('',#10516,#2144);
#1428=LINE('',#10519,#2145);
#1429=LINE('',#10522,#2146);
#1430=LINE('',#10523,#2147);
#1431=LINE('',#10525,#2148);
#1432=LINE('',#10526,#2149);
#1433=LINE('',#10527,#2150);
#1434=LINE('',#10531,#2151);
#1435=LINE('',#10537,#2152);
#1436=LINE('',#10540,#2153);
#1437=LINE('',#10543,#2154);
#1438=LINE('',#10544,#2155);
#1439=LINE('',#10546,#2156);
#1440=LINE('',#10547,#2157);
#1441=LINE('',#10548,#2158);
#1442=LINE('',#10552,#2159);
#1443=LINE('',#10558,#2160);
#1444=LINE('',#10561,#2161);
#1445=LINE('',#10564,#2162);
#1446=LINE('',#10565,#2163);
#1447=LINE('',#10567,#2164);
#1448=LINE('',#10568,#2165);
#1449=LINE('',#10569,#2166);
#1450=LINE('',#10575,#2167);
#1451=LINE('',#10578,#2168);
#1452=LINE('',#10580,#2169);
#1453=LINE('',#10582,#2170);
#1454=LINE('',#10583,#2171);
#1455=LINE('',#10586,#2172);
#1456=LINE('',#10587,#2173);
#1457=LINE('',#10593,#2174);
#1458=LINE('',#10596,#2175);
#1459=LINE('',#10598,#2176);
#1460=LINE('',#10599,#2177);
#1461=LINE('',#10600,#2178);
#1462=LINE('',#10604,#2179);
#1463=LINE('',#10607,#2180);
#1464=LINE('',#10608,#2181);
#1465=LINE('',#10614,#2182);
#1466=LINE('',#10617,#2183);
#1467=LINE('',#10620,#2184);
#1468=LINE('',#10621,#2185);
#1469=LINE('',#10622,#2186);
#1470=LINE('',#10623,#2187);
#1471=LINE('',#10627,#2188);
#1472=LINE('',#10633,#2189);
#1473=LINE('',#10636,#2190);
#1474=LINE('',#10639,#2191);
#1475=LINE('',#10640,#2192);
#1476=LINE('',#10642,#2193);
#1477=LINE('',#10643,#2194);
#1478=LINE('',#10644,#2195);
#1479=LINE('',#10648,#2196);
#1480=LINE('',#10651,#2197);
#1481=LINE('',#10652,#2198);
#1482=LINE('',#10658,#2199);
#1483=LINE('',#10661,#2200);
#1484=LINE('',#10664,#2201);
#1485=LINE('',#10665,#2202);
#1486=LINE('',#10666,#2203);
#1487=LINE('',#10667,#2204);
#1488=LINE('',#10670,#2205);
#1489=LINE('',#10673,#2206);
#1490=LINE('',#10675,#2207);
#1491=LINE('',#10680,#2208);
#1492=LINE('',#10683,#2209);
#1493=LINE('',#10684,#2210);
#1494=LINE('',#10687,#2211);
#1495=LINE('',#10690,#2212);
#1496=LINE('',#10692,#2213);
#1497=LINE('',#10697,#2214);
#1498=LINE('',#10700,#2215);
#1499=LINE('',#10701,#2216);
#1500=LINE('',#10704,#2217);
#1501=LINE('',#10707,#2218);
#1502=LINE('',#10709,#2219);
#1503=LINE('',#10714,#2220);
#1504=LINE('',#10717,#2221);
#1505=LINE('',#10718,#2222);
#1506=LINE('',#10721,#2223);
#1507=LINE('',#10724,#2224);
#1508=LINE('',#10726,#2225);
#1509=LINE('',#10731,#2226);
#1510=LINE('',#10734,#2227);
#1511=LINE('',#10735,#2228);
#1512=LINE('',#10738,#2229);
#1513=LINE('',#10741,#2230);
#1514=LINE('',#10743,#2231);
#1515=LINE('',#10748,#2232);
#1516=LINE('',#10751,#2233);
#1517=LINE('',#10752,#2234);
#1518=LINE('',#10755,#2235);
#1519=LINE('',#10758,#2236);
#1520=LINE('',#10760,#2237);
#1521=LINE('',#10765,#2238);
#1522=LINE('',#10768,#2239);
#1523=LINE('',#10769,#2240);
#1524=LINE('',#10772,#2241);
#1525=LINE('',#10775,#2242);
#1526=LINE('',#10777,#2243);
#1527=LINE('',#10782,#2244);
#1528=LINE('',#10785,#2245);
#1529=LINE('',#10786,#2246);
#1530=LINE('',#10789,#2247);
#1531=LINE('',#10792,#2248);
#1532=LINE('',#10794,#2249);
#1533=LINE('',#10797,#2250);
#1534=LINE('',#10800,#2251);
#1535=LINE('',#10802,#2252);
#1536=LINE('',#10808,#2253);
#1537=LINE('',#10811,#2254);
#1538=LINE('',#10813,#2255);
#1539=LINE('',#10814,#2256);
#1540=LINE('',#10817,#2257);
#1541=LINE('',#10820,#2258);
#1542=LINE('',#10822,#2259);
#1543=LINE('',#10827,#2260);
#1544=LINE('',#10830,#2261);
#1545=LINE('',#10831,#2262);
#1546=LINE('',#10836,#2263);
#1547=LINE('',#10840,#2264);
#1548=LINE('',#10842,#2265);
#1549=LINE('',#10843,#2266);
#1550=LINE('',#10848,#2267);
#1551=LINE('',#10851,#2268);
#1552=LINE('',#10852,#2269);
#1553=LINE('',#10857,#2270);
#1554=LINE('',#10860,#2271);
#1555=LINE('',#10861,#2272);
#1556=LINE('',#10866,#2273);
#1557=LINE('',#10869,#2274);
#1558=LINE('',#10870,#2275);
#1559=LINE('',#10875,#2276);
#1560=LINE('',#10878,#2277);
#1561=LINE('',#10879,#2278);
#1562=LINE('',#10884,#2279);
#1563=LINE('',#10887,#2280);
#1564=LINE('',#10888,#2281);
#1565=LINE('',#10893,#2282);
#1566=LINE('',#10896,#2283);
#1567=LINE('',#10897,#2284);
#1568=LINE('',#10902,#2285);
#1569=LINE('',#10905,#2286);
#1570=LINE('',#10906,#2287);
#1571=LINE('',#10912,#2288);
#1572=LINE('',#10915,#2289);
#1573=LINE('',#10917,#2290);
#1574=LINE('',#10918,#2291);
#1575=LINE('',#10924,#2292);
#1576=LINE('',#10927,#2293);
#1577=LINE('',#10929,#2294);
#1578=LINE('',#10930,#2295);
#1579=LINE('',#10936,#2296);
#1580=LINE('',#10939,#2297);
#1581=LINE('',#10941,#2298);
#1582=LINE('',#10942,#2299);
#1583=LINE('',#10945,#2300);
#1584=LINE('',#10948,#2301);
#1585=LINE('',#10950,#2302);
#1586=LINE('',#10953,#2303);
#1587=LINE('',#10956,#2304);
#1588=LINE('',#10958,#2305);
#1589=LINE('',#10960,#2306);
#1590=LINE('',#10961,#2307);
#1591=LINE('',#10964,#2308);
#1592=LINE('',#10966,#2309);
#1593=LINE('',#10967,#2310);
#1594=LINE('',#10972,#2311);
#1595=LINE('',#10973,#2312);
#1596=LINE('',#10974,#2313);
#1597=LINE('',#10977,#2314);
#1598=LINE('',#10979,#2315);
#1599=LINE('',#10980,#2316);
#1600=LINE('',#10982,#2317);
#1601=LINE('',#10984,#2318);
#1602=LINE('',#10986,#2319);
#1603=LINE('',#10988,#2320);
#1604=LINE('',#10990,#2321);
#1605=LINE('',#10991,#2322);
#1606=LINE('',#10993,#2323);
#1607=LINE('',#10995,#2324);
#1608=LINE('',#10997,#2325);
#1609=LINE('',#10999,#2326);
#1610=LINE('',#11001,#2327);
#1611=LINE('',#11003,#2328);
#1612=LINE('',#11005,#2329);
#1613=LINE('',#11007,#2330);
#1614=LINE('',#11009,#2331);
#1615=LINE('',#11011,#2332);
#1616=LINE('',#11013,#2333);
#1617=LINE('',#11015,#2334);
#1618=LINE('',#11017,#2335);
#1619=LINE('',#11019,#2336);
#1620=LINE('',#11021,#2337);
#1621=LINE('',#11023,#2338);
#1622=LINE('',#11024,#2339);
#1623=LINE('',#11027,#2340);
#1624=LINE('',#11029,#2341);
#1625=LINE('',#11031,#2342);
#1626=LINE('',#11033,#2343);
#1627=LINE('',#11035,#2344);
#1628=LINE('',#11037,#2345);
#1629=LINE('',#11039,#2346);
#1630=LINE('',#11041,#2347);
#1631=LINE('',#11043,#2348);
#1632=LINE('',#11045,#2349);
#1633=LINE('',#11047,#2350);
#1634=LINE('',#11049,#2351);
#1635=LINE('',#11051,#2352);
#1636=LINE('',#11053,#2353);
#1637=LINE('',#11055,#2354);
#1638=LINE('',#11057,#2355);
#1639=LINE('',#11059,#2356);
#1640=LINE('',#11060,#2357);
#1641=LINE('',#11063,#2358);
#1642=LINE('',#11065,#2359);
#1643=LINE('',#11067,#2360);
#1644=LINE('',#11069,#2361);
#1645=LINE('',#11073,#2362);
#1646=LINE('',#11075,#2363);
#1647=LINE('',#11077,#2364);
#1648=LINE('',#11081,#2365);
#1649=LINE('',#11083,#2366);
#1650=LINE('',#11084,#2367);
#1651=LINE('',#11085,#2368);
#1652=LINE('',#11094,#2369);
#1653=LINE('',#11099,#2370);
#1654=LINE('',#11104,#2371);
#1655=LINE('',#11108,#2372);
#1656=LINE('',#11110,#2373);
#1657=LINE('',#11113,#2374);
#1658=LINE('',#11115,#2375);
#1659=LINE('',#11116,#2376);
#1660=LINE('',#11119,#2377);
#1661=LINE('',#11120,#2378);
#1662=LINE('',#11124,#2379);
#1663=LINE('',#11127,#2380);
#1664=LINE('',#11128,#2381);
#1665=LINE('',#11132,#2382);
#1666=LINE('',#11134,#2383);
#1667=VECTOR('',#7288,10.);
#1668=VECTOR('',#7291,10.);
#1669=VECTOR('',#7294,10.);
#1670=VECTOR('',#7295,10.);
#1671=VECTOR('',#7296,10.);
#1672=VECTOR('',#7301,10.);
#1673=VECTOR('',#7304,10.);
#1674=VECTOR('',#7307,10.);
#1675=VECTOR('',#7308,10.);
#1676=VECTOR('',#7309,10.);
#1677=VECTOR('',#7310,10.);
#1678=VECTOR('',#7311,10.);
#1679=VECTOR('',#7312,10.);
#1680=VECTOR('',#7317,10.);
#1681=VECTOR('',#7320,10.);
#1682=VECTOR('',#7323,10.);
#1683=VECTOR('',#7324,10.);
#1684=VECTOR('',#7325,10.);
#1685=VECTOR('',#7330,10.);
#1686=VECTOR('',#7333,10.);
#1687=VECTOR('',#7336,10.);
#1688=VECTOR('',#7337,10.);
#1689=VECTOR('',#7338,10.);
#1690=VECTOR('',#7339,10.);
#1691=VECTOR('',#7340,10.);
#1692=VECTOR('',#7341,10.);
#1693=VECTOR('',#7346,10.);
#1694=VECTOR('',#7349,10.);
#1695=VECTOR('',#7352,10.);
#1696=VECTOR('',#7353,10.);
#1697=VECTOR('',#7354,10.);
#1698=VECTOR('',#7359,10.);
#1699=VECTOR('',#7362,10.);
#1700=VECTOR('',#7365,10.);
#1701=VECTOR('',#7366,10.);
#1702=VECTOR('',#7367,10.);
#1703=VECTOR('',#7368,10.);
#1704=VECTOR('',#7369,10.);
#1705=VECTOR('',#7370,10.);
#1706=VECTOR('',#7375,10.);
#1707=VECTOR('',#7378,10.);
#1708=VECTOR('',#7381,10.);
#1709=VECTOR('',#7382,10.);
#1710=VECTOR('',#7383,10.);
#1711=VECTOR('',#7388,10.);
#1712=VECTOR('',#7391,10.);
#1713=VECTOR('',#7394,10.);
#1714=VECTOR('',#7395,10.);
#1715=VECTOR('',#7396,10.);
#1716=VECTOR('',#7397,10.);
#1717=VECTOR('',#7398,10.);
#1718=VECTOR('',#7399,10.);
#1719=VECTOR('',#7404,10.);
#1720=VECTOR('',#7407,10.);
#1721=VECTOR('',#7410,10.);
#1722=VECTOR('',#7411,10.);
#1723=VECTOR('',#7412,10.);
#1724=VECTOR('',#7415,10.);
#1725=VECTOR('',#7418,10.);
#1726=VECTOR('',#7419,10.);
#1727=VECTOR('',#7424,10.);
#1728=VECTOR('',#7427,10.);
#1729=VECTOR('',#7430,10.);
#1730=VECTOR('',#7431,10.);
#1731=VECTOR('',#7432,10.);
#1732=VECTOR('',#7433,10.);
#1733=VECTOR('',#7434,10.);
#1734=VECTOR('',#7439,10.);
#1735=VECTOR('',#7442,10.);
#1736=VECTOR('',#7445,10.);
#1737=VECTOR('',#7446,10.);
#1738=VECTOR('',#7447,10.);
#1739=VECTOR('',#7450,10.);
#1740=VECTOR('',#7453,10.);
#1741=VECTOR('',#7454,10.);
#1742=VECTOR('',#7459,10.);
#1743=VECTOR('',#7462,10.);
#1744=VECTOR('',#7465,10.);
#1745=VECTOR('',#7466,10.);
#1746=VECTOR('',#7467,10.);
#1747=VECTOR('',#7468,10.);
#1748=VECTOR('',#7469,10.);
#1749=VECTOR('',#7474,10.);
#1750=VECTOR('',#7477,10.);
#1751=VECTOR('',#7480,10.);
#1752=VECTOR('',#7481,10.);
#1753=VECTOR('',#7482,10.);
#1754=VECTOR('',#7485,10.);
#1755=VECTOR('',#7488,10.);
#1756=VECTOR('',#7489,10.);
#1757=VECTOR('',#7494,10.);
#1758=VECTOR('',#7497,10.);
#1759=VECTOR('',#7500,10.);
#1760=VECTOR('',#7501,10.);
#1761=VECTOR('',#7502,10.);
#1762=VECTOR('',#7503,10.);
#1763=VECTOR('',#7504,10.);
#1764=VECTOR('',#7509,10.);
#1765=VECTOR('',#7512,10.);
#1766=VECTOR('',#7515,10.);
#1767=VECTOR('',#7516,10.);
#1768=VECTOR('',#7517,10.);
#1769=VECTOR('',#7520,10.);
#1770=VECTOR('',#7523,10.);
#1771=VECTOR('',#7524,10.);
#1772=VECTOR('',#7529,10.);
#1773=VECTOR('',#7532,10.);
#1774=VECTOR('',#7535,10.);
#1775=VECTOR('',#7536,10.);
#1776=VECTOR('',#7537,10.);
#1777=VECTOR('',#7538,10.);
#1778=VECTOR('',#7539,10.);
#1779=VECTOR('',#7544,10.);
#1780=VECTOR('',#7547,10.);
#1781=VECTOR('',#7550,10.);
#1782=VECTOR('',#7551,10.);
#1783=VECTOR('',#7552,10.);
#1784=VECTOR('',#7555,10.);
#1785=VECTOR('',#7558,10.);
#1786=VECTOR('',#7559,10.);
#1787=VECTOR('',#7564,10.);
#1788=VECTOR('',#7567,10.);
#1789=VECTOR('',#7570,10.);
#1790=VECTOR('',#7571,10.);
#1791=VECTOR('',#7572,10.);
#1792=VECTOR('',#7573,10.);
#1793=VECTOR('',#7574,10.);
#1794=VECTOR('',#7579,10.);
#1795=VECTOR('',#7582,10.);
#1796=VECTOR('',#7585,10.);
#1797=VECTOR('',#7586,10.);
#1798=VECTOR('',#7587,10.);
#1799=VECTOR('',#7590,10.);
#1800=VECTOR('',#7593,10.);
#1801=VECTOR('',#7594,10.);
#1802=VECTOR('',#7599,10.);
#1803=VECTOR('',#7602,10.);
#1804=VECTOR('',#7605,10.);
#1805=VECTOR('',#7606,10.);
#1806=VECTOR('',#7607,10.);
#1807=VECTOR('',#7608,10.);
#1808=VECTOR('',#7609,10.);
#1809=VECTOR('',#7614,10.);
#1810=VECTOR('',#7617,10.);
#1811=VECTOR('',#7620,10.);
#1812=VECTOR('',#7621,10.);
#1813=VECTOR('',#7622,10.);
#1814=VECTOR('',#7625,10.);
#1815=VECTOR('',#7628,10.);
#1816=VECTOR('',#7629,10.);
#1817=VECTOR('',#7634,10.);
#1818=VECTOR('',#7637,10.);
#1819=VECTOR('',#7640,10.);
#1820=VECTOR('',#7641,10.);
#1821=VECTOR('',#7642,10.);
#1822=VECTOR('',#7643,10.);
#1823=VECTOR('',#7644,10.);
#1824=VECTOR('',#7649,10.);
#1825=VECTOR('',#7652,10.);
#1826=VECTOR('',#7655,10.);
#1827=VECTOR('',#7656,10.);
#1828=VECTOR('',#7657,10.);
#1829=VECTOR('',#7660,10.);
#1830=VECTOR('',#7663,10.);
#1831=VECTOR('',#7664,10.);
#1832=VECTOR('',#7669,10.);
#1833=VECTOR('',#7672,10.);
#1834=VECTOR('',#7675,10.);
#1835=VECTOR('',#7676,10.);
#1836=VECTOR('',#7677,10.);
#1837=VECTOR('',#7678,10.);
#1838=VECTOR('',#7679,10.);
#1839=VECTOR('',#7684,10.);
#1840=VECTOR('',#7687,10.);
#1841=VECTOR('',#7690,10.);
#1842=VECTOR('',#7691,10.);
#1843=VECTOR('',#7692,10.);
#1844=VECTOR('',#7695,10.);
#1845=VECTOR('',#7698,10.);
#1846=VECTOR('',#7699,10.);
#1847=VECTOR('',#7704,10.);
#1848=VECTOR('',#7707,10.);
#1849=VECTOR('',#7710,10.);
#1850=VECTOR('',#7711,10.);
#1851=VECTOR('',#7712,10.);
#1852=VECTOR('',#7713,10.);
#1853=VECTOR('',#7714,10.);
#1854=VECTOR('',#7719,10.);
#1855=VECTOR('',#7722,10.);
#1856=VECTOR('',#7725,10.);
#1857=VECTOR('',#7726,10.);
#1858=VECTOR('',#7727,10.);
#1859=VECTOR('',#7730,10.);
#1860=VECTOR('',#7733,10.);
#1861=VECTOR('',#7734,10.);
#1862=VECTOR('',#7739,10.);
#1863=VECTOR('',#7742,10.);
#1864=VECTOR('',#7745,10.);
#1865=VECTOR('',#7746,10.);
#1866=VECTOR('',#7747,10.);
#1867=VECTOR('',#7748,10.);
#1868=VECTOR('',#7749,10.);
#1869=VECTOR('',#7754,10.);
#1870=VECTOR('',#7757,10.);
#1871=VECTOR('',#7760,10.);
#1872=VECTOR('',#7761,10.);
#1873=VECTOR('',#7762,10.);
#1874=VECTOR('',#7765,10.);
#1875=VECTOR('',#7768,10.);
#1876=VECTOR('',#7769,10.);
#1877=VECTOR('',#7774,10.);
#1878=VECTOR('',#7777,10.);
#1879=VECTOR('',#7780,10.);
#1880=VECTOR('',#7781,10.);
#1881=VECTOR('',#7782,10.);
#1882=VECTOR('',#7783,10.);
#1883=VECTOR('',#7784,10.);
#1884=VECTOR('',#7789,10.);
#1885=VECTOR('',#7792,10.);
#1886=VECTOR('',#7795,10.);
#1887=VECTOR('',#7796,10.);
#1888=VECTOR('',#7797,10.);
#1889=VECTOR('',#7800,10.);
#1890=VECTOR('',#7803,10.);
#1891=VECTOR('',#7804,10.);
#1892=VECTOR('',#7809,10.);
#1893=VECTOR('',#7812,10.);
#1894=VECTOR('',#7815,10.);
#1895=VECTOR('',#7816,10.);
#1896=VECTOR('',#7817,10.);
#1897=VECTOR('',#7818,10.);
#1898=VECTOR('',#7819,10.);
#1899=VECTOR('',#7824,10.);
#1900=VECTOR('',#7827,10.);
#1901=VECTOR('',#7830,10.);
#1902=VECTOR('',#7831,10.);
#1903=VECTOR('',#7836,10.);
#1904=VECTOR('',#7839,10.);
#1905=VECTOR('',#7842,10.);
#1906=VECTOR('',#7845,10.);
#1907=VECTOR('',#7846,10.);
#1908=VECTOR('',#7847,10.);
#1909=VECTOR('',#7850,10.);
#1910=VECTOR('',#7851,10.);
#1911=VECTOR('',#7856,10.);
#1912=VECTOR('',#7859,10.);
#1913=VECTOR('',#7862,10.);
#1914=VECTOR('',#7863,10.);
#1915=VECTOR('',#7868,10.);
#1916=VECTOR('',#7871,10.);
#1917=VECTOR('',#7874,10.);
#1918=VECTOR('',#7877,10.);
#1919=VECTOR('',#7878,10.);
#1920=VECTOR('',#7879,10.);
#1921=VECTOR('',#7882,10.);
#1922=VECTOR('',#7883,10.);
#1923=VECTOR('',#7888,10.);
#1924=VECTOR('',#7891,10.);
#1925=VECTOR('',#7894,10.);
#1926=VECTOR('',#7895,10.);
#1927=VECTOR('',#7900,10.);
#1928=VECTOR('',#7903,10.);
#1929=VECTOR('',#7906,10.);
#1930=VECTOR('',#7909,10.);
#1931=VECTOR('',#7910,10.);
#1932=VECTOR('',#7911,10.);
#1933=VECTOR('',#7914,10.);
#1934=VECTOR('',#7915,10.);
#1935=VECTOR('',#7920,10.);
#1936=VECTOR('',#7923,10.);
#1937=VECTOR('',#7926,10.);
#1938=VECTOR('',#7927,10.);
#1939=VECTOR('',#7932,10.);
#1940=VECTOR('',#7935,10.);
#1941=VECTOR('',#7938,10.);
#1942=VECTOR('',#7941,10.);
#1943=VECTOR('',#7942,10.);
#1944=VECTOR('',#7943,10.);
#1945=VECTOR('',#7946,10.);
#1946=VECTOR('',#7947,10.);
#1947=VECTOR('',#7952,10.);
#1948=VECTOR('',#7955,10.);
#1949=VECTOR('',#7958,10.);
#1950=VECTOR('',#7959,10.);
#1951=VECTOR('',#7964,10.);
#1952=VECTOR('',#7967,10.);
#1953=VECTOR('',#7970,10.);
#1954=VECTOR('',#7973,10.);
#1955=VECTOR('',#7974,10.);
#1956=VECTOR('',#7975,10.);
#1957=VECTOR('',#7978,10.);
#1958=VECTOR('',#7979,10.);
#1959=VECTOR('',#7984,10.);
#1960=VECTOR('',#7987,10.);
#1961=VECTOR('',#7990,10.);
#1962=VECTOR('',#7991,10.);
#1963=VECTOR('',#7996,10.);
#1964=VECTOR('',#7999,10.);
#1965=VECTOR('',#8002,10.);
#1966=VECTOR('',#8003,10.);
#1967=VECTOR('',#8004,10.);
#1968=VECTOR('',#8009,10.);
#1969=VECTOR('',#8012,10.);
#1970=VECTOR('',#8015,10.);
#1971=VECTOR('',#8016,10.);
#1972=VECTOR('',#8021,10.);
#1973=VECTOR('',#8024,10.);
#1974=VECTOR('',#8027,10.);
#1975=VECTOR('',#8030,10.);
#1976=VECTOR('',#8031,10.);
#1977=VECTOR('',#8032,10.);
#1978=VECTOR('',#8035,10.);
#1979=VECTOR('',#8036,10.);
#1980=VECTOR('',#8041,10.);
#1981=VECTOR('',#8044,10.);
#1982=VECTOR('',#8047,10.);
#1983=VECTOR('',#8048,10.);
#1984=VECTOR('',#8053,10.);
#1985=VECTOR('',#8056,10.);
#1986=VECTOR('',#8059,10.);
#1987=VECTOR('',#8062,10.);
#1988=VECTOR('',#8063,10.);
#1989=VECTOR('',#8064,10.);
#1990=VECTOR('',#8067,10.);
#1991=VECTOR('',#8068,10.);
#1992=VECTOR('',#8073,10.);
#1993=VECTOR('',#8076,10.);
#1994=VECTOR('',#8079,10.);
#1995=VECTOR('',#8080,10.);
#1996=VECTOR('',#8085,10.);
#1997=VECTOR('',#8088,10.);
#1998=VECTOR('',#8091,10.);
#1999=VECTOR('',#8094,10.);
#2000=VECTOR('',#8095,10.);
#2001=VECTOR('',#8096,10.);
#2002=VECTOR('',#8099,10.);
#2003=VECTOR('',#8100,10.);
#2004=VECTOR('',#8105,10.);
#2005=VECTOR('',#8108,10.);
#2006=VECTOR('',#8111,10.);
#2007=VECTOR('',#8112,10.);
#2008=VECTOR('',#8117,10.);
#2009=VECTOR('',#8120,10.);
#2010=VECTOR('',#8123,10.);
#2011=VECTOR('',#8126,10.);
#2012=VECTOR('',#8127,10.);
#2013=VECTOR('',#8128,10.);
#2014=VECTOR('',#8131,10.);
#2015=VECTOR('',#8132,10.);
#2016=VECTOR('',#8137,10.);
#2017=VECTOR('',#8140,10.);
#2018=VECTOR('',#8143,10.);
#2019=VECTOR('',#8144,10.);
#2020=VECTOR('',#8149,10.);
#2021=VECTOR('',#8152,10.);
#2022=VECTOR('',#8155,10.);
#2023=VECTOR('',#8156,10.);
#2024=VECTOR('',#8157,10.);
#2025=VECTOR('',#8162,10.);
#2026=VECTOR('',#8165,10.);
#2027=VECTOR('',#8168,10.);
#2028=VECTOR('',#8171,10.);
#2029=VECTOR('',#8172,10.);
#2030=VECTOR('',#8173,10.);
#2031=VECTOR('',#8176,10.);
#2032=VECTOR('',#8177,10.);
#2033=VECTOR('',#8182,10.);
#2034=VECTOR('',#8185,10.);
#2035=VECTOR('',#8188,10.);
#2036=VECTOR('',#8189,10.);
#2037=VECTOR('',#8194,10.);
#2038=VECTOR('',#8197,10.);
#2039=VECTOR('',#8200,10.);
#2040=VECTOR('',#8201,10.);
#2041=VECTOR('',#8206,10.);
#2042=VECTOR('',#8209,10.);
#2043=VECTOR('',#8212,10.);
#2044=VECTOR('',#8215,10.);
#2045=VECTOR('',#8216,10.);
#2046=VECTOR('',#8217,10.);
#2047=VECTOR('',#8220,10.);
#2048=VECTOR('',#8221,10.);
#2049=VECTOR('',#8226,10.);
#2050=VECTOR('',#8229,10.);
#2051=VECTOR('',#8232,10.);
#2052=VECTOR('',#8233,10.);
#2053=VECTOR('',#8238,10.);
#2054=VECTOR('',#8241,10.);
#2055=VECTOR('',#8244,10.);
#2056=VECTOR('',#8247,10.);
#2057=VECTOR('',#8248,10.);
#2058=VECTOR('',#8249,10.);
#2059=VECTOR('',#8252,10.);
#2060=VECTOR('',#8253,10.);
#2061=VECTOR('',#8258,10.);
#2062=VECTOR('',#8261,10.);
#2063=VECTOR('',#8264,10.);
#2064=VECTOR('',#8265,10.);
#2065=VECTOR('',#8270,10.);
#2066=VECTOR('',#8273,10.);
#2067=VECTOR('',#8276,10.);
#2068=VECTOR('',#8279,10.);
#2069=VECTOR('',#8280,10.);
#2070=VECTOR('',#8281,10.);
#2071=VECTOR('',#8284,10.);
#2072=VECTOR('',#8285,10.);
#2073=VECTOR('',#8290,10.);
#2074=VECTOR('',#8295,10.);
#2075=VECTOR('',#8298,10.);
#2076=VECTOR('',#8301,10.);
#2077=VECTOR('',#8302,10.);
#2078=VECTOR('',#8303,10.);
#2079=VECTOR('',#8304,10.);
#2080=VECTOR('',#8305,10.);
#2081=VECTOR('',#8310,10.);
#2082=VECTOR('',#8315,10.);
#2083=VECTOR('',#8318,10.);
#2084=VECTOR('',#8321,10.);
#2085=VECTOR('',#8322,10.);
#2086=VECTOR('',#8323,10.);
#2087=VECTOR('',#8324,10.);
#2088=VECTOR('',#8325,10.);
#2089=VECTOR('',#8330,10.);
#2090=VECTOR('',#8335,10.);
#2091=VECTOR('',#8338,10.);
#2092=VECTOR('',#8341,10.);
#2093=VECTOR('',#8342,10.);
#2094=VECTOR('',#8343,10.);
#2095=VECTOR('',#8344,10.);
#2096=VECTOR('',#8345,10.);
#2097=VECTOR('',#8350,10.);
#2098=VECTOR('',#8355,10.);
#2099=VECTOR('',#8358,10.);
#2100=VECTOR('',#8361,10.);
#2101=VECTOR('',#8362,10.);
#2102=VECTOR('',#8363,10.);
#2103=VECTOR('',#8364,10.);
#2104=VECTOR('',#8365,10.);
#2105=VECTOR('',#8370,10.);
#2106=VECTOR('',#8373,10.);
#2107=VECTOR('',#8376,10.);
#2108=VECTOR('',#8377,10.);
#2109=VECTOR('',#8378,10.);
#2110=VECTOR('',#8383,10.);
#2111=VECTOR('',#8386,10.);
#2112=VECTOR('',#8389,10.);
#2113=VECTOR('',#8390,10.);
#2114=VECTOR('',#8391,10.);
#2115=VECTOR('',#8392,10.);
#2116=VECTOR('',#8393,10.);
#2117=VECTOR('',#8394,10.);
#2118=VECTOR('',#8395,10.);
#2119=VECTOR('',#8400,10.);
#2120=VECTOR('',#8405,10.);
#2121=VECTOR('',#8408,10.);
#2122=VECTOR('',#8411,10.);
#2123=VECTOR('',#8412,10.);
#2124=VECTOR('',#8413,10.);
#2125=VECTOR('',#8414,10.);
#2126=VECTOR('',#8415,10.);
#2127=VECTOR('',#8420,10.);
#2128=VECTOR('',#8425,10.);
#2129=VECTOR('',#8428,10.);
#2130=VECTOR('',#8431,10.);
#2131=VECTOR('',#8432,10.);
#2132=VECTOR('',#8433,10.);
#2133=VECTOR('',#8434,10.);
#2134=VECTOR('',#8435,10.);
#2135=VECTOR('',#8440,10.);
#2136=VECTOR('',#8445,10.);
#2137=VECTOR('',#8448,10.);
#2138=VECTOR('',#8451,10.);
#2139=VECTOR('',#8452,10.);
#2140=VECTOR('',#8453,10.);
#2141=VECTOR('',#8454,10.);
#2142=VECTOR('',#8455,10.);
#2143=VECTOR('',#8460,10.);
#2144=VECTOR('',#8465,10.);
#2145=VECTOR('',#8468,10.);
#2146=VECTOR('',#8471,10.);
#2147=VECTOR('',#8472,10.);
#2148=VECTOR('',#8473,10.);
#2149=VECTOR('',#8474,10.);
#2150=VECTOR('',#8475,10.);
#2151=VECTOR('',#8480,10.);
#2152=VECTOR('',#8485,10.);
#2153=VECTOR('',#8488,10.);
#2154=VECTOR('',#8491,10.);
#2155=VECTOR('',#8492,10.);
#2156=VECTOR('',#8493,10.);
#2157=VECTOR('',#8494,10.);
#2158=VECTOR('',#8495,10.);
#2159=VECTOR('',#8500,10.);
#2160=VECTOR('',#8505,10.);
#2161=VECTOR('',#8508,10.);
#2162=VECTOR('',#8511,10.);
#2163=VECTOR('',#8512,10.);
#2164=VECTOR('',#8513,10.);
#2165=VECTOR('',#8514,10.);
#2166=VECTOR('',#8515,10.);
#2167=VECTOR('',#8520,10.);
#2168=VECTOR('',#8523,10.);
#2169=VECTOR('',#8526,10.);
#2170=VECTOR('',#8527,10.);
#2171=VECTOR('',#8528,10.);
#2172=VECTOR('',#8531,10.);
#2173=VECTOR('',#8532,10.);
#2174=VECTOR('',#8537,10.);
#2175=VECTOR('',#8540,10.);
#2176=VECTOR('',#8543,10.);
#2177=VECTOR('',#8544,10.);
#2178=VECTOR('',#8545,10.);
#2179=VECTOR('',#8550,10.);
#2180=VECTOR('',#8553,10.);
#2181=VECTOR('',#8554,10.);
#2182=VECTOR('',#8559,10.);
#2183=VECTOR('',#8562,10.);
#2184=VECTOR('',#8565,10.);
#2185=VECTOR('',#8566,10.);
#2186=VECTOR('',#8567,10.);
#2187=VECTOR('',#8568,10.);
#2188=VECTOR('',#8573,10.);
#2189=VECTOR('',#8578,10.);
#2190=VECTOR('',#8581,10.);
#2191=VECTOR('',#8584,10.);
#2192=VECTOR('',#8585,10.);
#2193=VECTOR('',#8586,10.);
#2194=VECTOR('',#8587,10.);
#2195=VECTOR('',#8588,10.);
#2196=VECTOR('',#8593,10.);
#2197=VECTOR('',#8596,10.);
#2198=VECTOR('',#8597,10.);
#2199=VECTOR('',#8602,10.);
#2200=VECTOR('',#8605,10.);
#2201=VECTOR('',#8608,10.);
#2202=VECTOR('',#8609,10.);
#2203=VECTOR('',#8610,10.);
#2204=VECTOR('',#8611,10.);
#2205=VECTOR('',#8614,10.);
#2206=VECTOR('',#8617,10.);
#2207=VECTOR('',#8620,10.);
#2208=VECTOR('',#8625,10.);
#2209=VECTOR('',#8630,10.);
#2210=VECTOR('',#8631,10.);
#2211=VECTOR('',#8634,10.);
#2212=VECTOR('',#8637,10.);
#2213=VECTOR('',#8640,10.);
#2214=VECTOR('',#8645,10.);
#2215=VECTOR('',#8650,10.);
#2216=VECTOR('',#8651,10.);
#2217=VECTOR('',#8654,10.);
#2218=VECTOR('',#8657,10.);
#2219=VECTOR('',#8660,10.);
#2220=VECTOR('',#8665,10.);
#2221=VECTOR('',#8670,10.);
#2222=VECTOR('',#8671,10.);
#2223=VECTOR('',#8674,10.);
#2224=VECTOR('',#8677,10.);
#2225=VECTOR('',#8680,10.);
#2226=VECTOR('',#8685,10.);
#2227=VECTOR('',#8690,10.);
#2228=VECTOR('',#8691,10.);
#2229=VECTOR('',#8694,10.);
#2230=VECTOR('',#8697,10.);
#2231=VECTOR('',#8700,10.);
#2232=VECTOR('',#8705,10.);
#2233=VECTOR('',#8710,10.);
#2234=VECTOR('',#8711,10.);
#2235=VECTOR('',#8714,10.);
#2236=VECTOR('',#8717,10.);
#2237=VECTOR('',#8720,10.);
#2238=VECTOR('',#8725,10.);
#2239=VECTOR('',#8730,10.);
#2240=VECTOR('',#8731,10.);
#2241=VECTOR('',#8734,10.);
#2242=VECTOR('',#8737,10.);
#2243=VECTOR('',#8740,10.);
#2244=VECTOR('',#8745,10.);
#2245=VECTOR('',#8750,10.);
#2246=VECTOR('',#8751,10.);
#2247=VECTOR('',#8754,10.);
#2248=VECTOR('',#8757,10.);
#2249=VECTOR('',#8760,10.);
#2250=VECTOR('',#8763,10.);
#2251=VECTOR('',#8766,10.);
#2252=VECTOR('',#8769,10.);
#2253=VECTOR('',#8774,10.);
#2254=VECTOR('',#8777,10.);
#2255=VECTOR('',#8780,10.);
#2256=VECTOR('',#8781,10.);
#2257=VECTOR('',#8784,10.);
#2258=VECTOR('',#8787,10.);
#2259=VECTOR('',#8790,10.);
#2260=VECTOR('',#8795,10.);
#2261=VECTOR('',#8800,10.);
#2262=VECTOR('',#8801,10.);
#2263=VECTOR('',#8806,10.);
#2264=VECTOR('',#8811,10.);
#2265=VECTOR('',#8812,10.);
#2266=VECTOR('',#8813,10.);
#2267=VECTOR('',#8818,10.);
#2268=VECTOR('',#8823,10.);
#2269=VECTOR('',#8824,10.);
#2270=VECTOR('',#8829,10.);
#2271=VECTOR('',#8834,10.);
#2272=VECTOR('',#8835,10.);
#2273=VECTOR('',#8840,10.);
#2274=VECTOR('',#8845,10.);
#2275=VECTOR('',#8846,10.);
#2276=VECTOR('',#8851,10.);
#2277=VECTOR('',#8856,10.);
#2278=VECTOR('',#8857,10.);
#2279=VECTOR('',#8862,10.);
#2280=VECTOR('',#8867,10.);
#2281=VECTOR('',#8868,10.);
#2282=VECTOR('',#8873,10.);
#2283=VECTOR('',#8878,10.);
#2284=VECTOR('',#8879,10.);
#2285=VECTOR('',#8884,10.);
#2286=VECTOR('',#8889,10.);
#2287=VECTOR('',#8890,10.);
#2288=VECTOR('',#8895,10.);
#2289=VECTOR('',#8898,10.);
#2290=VECTOR('',#8901,10.);
#2291=VECTOR('',#8902,10.);
#2292=VECTOR('',#8907,10.);
#2293=VECTOR('',#8910,10.);
#2294=VECTOR('',#8913,10.);
#2295=VECTOR('',#8914,10.);
#2296=VECTOR('',#8919,10.);
#2297=VECTOR('',#8922,10.);
#2298=VECTOR('',#8925,10.);
#2299=VECTOR('',#8926,10.);
#2300=VECTOR('',#8929,10.);
#2301=VECTOR('',#8932,10.);
#2302=VECTOR('',#8935,10.);
#2303=VECTOR('',#8938,10.);
#2304=VECTOR('',#8941,10.);
#2305=VECTOR('',#8944,10.);
#2306=VECTOR('',#8947,10.);
#2307=VECTOR('',#8948,10.);
#2308=VECTOR('',#8953,10.);
#2309=VECTOR('',#8956,10.);
#2310=VECTOR('',#8957,10.);
#2311=VECTOR('',#8962,10.);
#2312=VECTOR('',#8963,10.);
#2313=VECTOR('',#8964,10.);
#2314=VECTOR('',#8967,10.);
#2315=VECTOR('',#8968,10.);
#2316=VECTOR('',#8969,10.);
#2317=VECTOR('',#8972,10.);
#2318=VECTOR('',#8975,10.);
#2319=VECTOR('',#8978,10.);
#2320=VECTOR('',#8981,10.);
#2321=VECTOR('',#8984,10.);
#2322=VECTOR('',#8985,10.);
#2323=VECTOR('',#8988,10.);
#2324=VECTOR('',#8991,10.);
#2325=VECTOR('',#8994,10.);
#2326=VECTOR('',#8997,10.);
#2327=VECTOR('',#9000,10.);
#2328=VECTOR('',#9003,10.);
#2329=VECTOR('',#9006,10.);
#2330=VECTOR('',#9009,10.);
#2331=VECTOR('',#9012,10.);
#2332=VECTOR('',#9015,10.);
#2333=VECTOR('',#9018,10.);
#2334=VECTOR('',#9021,10.);
#2335=VECTOR('',#9024,10.);
#2336=VECTOR('',#9027,10.);
#2337=VECTOR('',#9030,10.);
#2338=VECTOR('',#9033,10.);
#2339=VECTOR('',#9034,10.);
#2340=VECTOR('',#9039,10.);
#2341=VECTOR('',#9042,10.);
#2342=VECTOR('',#9045,10.);
#2343=VECTOR('',#9048,10.);
#2344=VECTOR('',#9051,10.);
#2345=VECTOR('',#9054,10.);
#2346=VECTOR('',#9057,10.);
#2347=VECTOR('',#9060,10.);
#2348=VECTOR('',#9063,10.);
#2349=VECTOR('',#9066,10.);
#2350=VECTOR('',#9069,10.);
#2351=VECTOR('',#9072,10.);
#2352=VECTOR('',#9075,10.);
#2353=VECTOR('',#9078,10.);
#2354=VECTOR('',#9081,10.);
#2355=VECTOR('',#9084,10.);
#2356=VECTOR('',#9087,10.);
#2357=VECTOR('',#9088,10.);
#2358=VECTOR('',#9093,10.);
#2359=VECTOR('',#9096,10.);
#2360=VECTOR('',#9099,10.);
#2361=VECTOR('',#9102,10.);
#2362=VECTOR('',#9105,10.);
#2363=VECTOR('',#9106,10.);
#2364=VECTOR('',#9107,10.);
#2365=VECTOR('',#9110,10.);
#2366=VECTOR('',#9113,10.);
#2367=VECTOR('',#9114,10.);
#2368=VECTOR('',#9115,10.);
#2369=VECTOR('',#9124,0.8115);
#2370=VECTOR('',#9131,0.8115);
#2371=VECTOR('',#9138,0.8115);
#2372=VECTOR('',#9145,10.);
#2373=VECTOR('',#9148,10.);
#2374=VECTOR('',#9151,10.);
#2375=VECTOR('',#9152,10.);
#2376=VECTOR('',#9153,10.);
#2377=VECTOR('',#9156,10.);
#2378=VECTOR('',#9157,10.);
#2379=VECTOR('',#9162,10.);
#2380=VECTOR('',#9165,10.);
#2381=VECTOR('',#9166,10.);
#2382=VECTOR('',#9171,10.);
#2383=VECTOR('',#9174,10.);
#2384=CIRCLE('',#6692,0.7);
#2385=CIRCLE('',#6693,0.7);
#2386=CIRCLE('',#6696,0.7);
#2387=CIRCLE('',#6697,0.7);
#2388=CIRCLE('',#6700,0.7);
#2389=CIRCLE('',#6701,0.7);
#2390=CIRCLE('',#6704,0.7);
#2391=CIRCLE('',#6705,0.7);
#2392=CIRCLE('',#6708,0.7);
#2393=CIRCLE('',#6709,0.7);
#2394=CIRCLE('',#6712,0.7);
#2395=CIRCLE('',#6713,0.7);
#2396=CIRCLE('',#6716,0.7);
#2397=CIRCLE('',#6717,0.7);
#2398=CIRCLE('',#6720,0.7);
#2399=CIRCLE('',#6721,0.7);
#2400=CIRCLE('',#6724,0.7);
#2401=CIRCLE('',#6725,0.7);
#2402=CIRCLE('',#6727,0.7);
#2403=CIRCLE('',#6730,0.7);
#2404=CIRCLE('',#6731,0.7);
#2405=CIRCLE('',#6734,0.7);
#2406=CIRCLE('',#6735,0.7);
#2407=CIRCLE('',#6737,0.7);
#2408=CIRCLE('',#6740,0.7);
#2409=CIRCLE('',#6741,0.7);
#2410=CIRCLE('',#6744,0.7);
#2411=CIRCLE('',#6745,0.7);
#2412=CIRCLE('',#6747,0.7);
#2413=CIRCLE('',#6750,0.7);
#2414=CIRCLE('',#6751,0.7);
#2415=CIRCLE('',#6754,0.7);
#2416=CIRCLE('',#6755,0.7);
#2417=CIRCLE('',#6757,0.7);
#2418=CIRCLE('',#6760,0.7);
#2419=CIRCLE('',#6761,0.7);
#2420=CIRCLE('',#6764,0.7);
#2421=CIRCLE('',#6765,0.7);
#2422=CIRCLE('',#6767,0.7);
#2423=CIRCLE('',#6770,0.7);
#2424=CIRCLE('',#6771,0.7);
#2425=CIRCLE('',#6774,0.7);
#2426=CIRCLE('',#6775,0.7);
#2427=CIRCLE('',#6777,0.7);
#2428=CIRCLE('',#6780,0.7);
#2429=CIRCLE('',#6781,0.7);
#2430=CIRCLE('',#6784,0.7);
#2431=CIRCLE('',#6785,0.7);
#2432=CIRCLE('',#6787,0.7);
#2433=CIRCLE('',#6790,0.7);
#2434=CIRCLE('',#6791,0.7);
#2435=CIRCLE('',#6794,0.7);
#2436=CIRCLE('',#6795,0.7);
#2437=CIRCLE('',#6797,0.7);
#2438=CIRCLE('',#6800,0.7);
#2439=CIRCLE('',#6801,0.7);
#2440=CIRCLE('',#6804,0.7);
#2441=CIRCLE('',#6805,0.7);
#2442=CIRCLE('',#6807,0.7);
#2443=CIRCLE('',#6810,0.7);
#2444=CIRCLE('',#6811,0.7);
#2445=CIRCLE('',#6814,0.7);
#2446=CIRCLE('',#6815,0.7);
#2447=CIRCLE('',#6817,0.7);
#2448=CIRCLE('',#6820,0.7);
#2449=CIRCLE('',#6821,0.7);
#2450=CIRCLE('',#6824,0.7);
#2451=CIRCLE('',#6825,0.7);
#2452=CIRCLE('',#6827,0.7);
#2453=CIRCLE('',#6830,0.7);
#2454=CIRCLE('',#6831,0.7);
#2455=CIRCLE('',#6834,0.7);
#2456=CIRCLE('',#6835,0.7);
#2457=CIRCLE('',#6837,0.7);
#2458=CIRCLE('',#6840,0.7);
#2459=CIRCLE('',#6841,0.7);
#2460=CIRCLE('',#6844,0.7);
#2461=CIRCLE('',#6845,0.7);
#2462=CIRCLE('',#6848,0.7);
#2463=CIRCLE('',#6849,0.7);
#2464=CIRCLE('',#6851,0.7);
#2465=CIRCLE('',#6854,0.7);
#2466=CIRCLE('',#6855,0.7);
#2467=CIRCLE('',#6858,0.7);
#2468=CIRCLE('',#6859,0.7);
#2469=CIRCLE('',#6861,0.7);
#2470=CIRCLE('',#6864,0.7);
#2471=CIRCLE('',#6865,0.7);
#2472=CIRCLE('',#6868,0.7);
#2473=CIRCLE('',#6869,0.7);
#2474=CIRCLE('',#6871,0.7);
#2475=CIRCLE('',#6874,0.7);
#2476=CIRCLE('',#6875,0.7);
#2477=CIRCLE('',#6878,0.7);
#2478=CIRCLE('',#6879,0.7);
#2479=CIRCLE('',#6881,0.7);
#2480=CIRCLE('',#6884,0.7);
#2481=CIRCLE('',#6885,0.7);
#2482=CIRCLE('',#6888,0.7);
#2483=CIRCLE('',#6889,0.7);
#2484=CIRCLE('',#6891,0.7);
#2485=CIRCLE('',#6894,0.7);
#2486=CIRCLE('',#6895,0.7);
#2487=CIRCLE('',#6898,0.7);
#2488=CIRCLE('',#6899,0.7);
#2489=CIRCLE('',#6902,0.7);
#2490=CIRCLE('',#6903,0.7);
#2491=CIRCLE('',#6906,0.7);
#2492=CIRCLE('',#6907,0.7);
#2493=CIRCLE('',#6909,0.7);
#2494=CIRCLE('',#6912,0.7);
#2495=CIRCLE('',#6913,0.7);
#2496=CIRCLE('',#6916,0.7);
#2497=CIRCLE('',#6917,0.7);
#2498=CIRCLE('',#6919,0.7);
#2499=CIRCLE('',#6922,0.7);
#2500=CIRCLE('',#6923,0.7);
#2501=CIRCLE('',#6926,0.7);
#2502=CIRCLE('',#6927,0.7);
#2503=CIRCLE('',#6929,0.7);
#2504=CIRCLE('',#6932,0.7);
#2505=CIRCLE('',#6933,0.7);
#2506=CIRCLE('',#6936,0.7);
#2507=CIRCLE('',#6937,0.7);
#2508=CIRCLE('',#6939,0.7);
#2509=CIRCLE('',#6942,0.7);
#2510=CIRCLE('',#6943,0.7);
#2511=CIRCLE('',#6946,0.7);
#2512=CIRCLE('',#6947,0.7);
#2513=CIRCLE('',#6950,0.7);
#2514=CIRCLE('',#6951,0.7);
#2515=CIRCLE('',#6953,0.7);
#2516=CIRCLE('',#6956,0.7);
#2517=CIRCLE('',#6957,0.7);
#2518=CIRCLE('',#6960,0.7);
#2519=CIRCLE('',#6961,0.7);
#2520=CIRCLE('',#6964,0.7);
#2521=CIRCLE('',#6965,0.7);
#2522=CIRCLE('',#6967,0.7);
#2523=CIRCLE('',#6970,0.7);
#2524=CIRCLE('',#6971,0.7);
#2525=CIRCLE('',#6974,0.7);
#2526=CIRCLE('',#6975,0.7);
#2527=CIRCLE('',#6977,0.7);
#2528=CIRCLE('',#6980,0.7);
#2529=CIRCLE('',#6981,0.7);
#2530=CIRCLE('',#6984,0.7);
#2531=CIRCLE('',#6985,0.7);
#2532=CIRCLE('',#6987,0.7);
#2533=CIRCLE('',#6990,0.7);
#2534=CIRCLE('',#6992,0.7);
#2535=CIRCLE('',#6993,0.7);
#2536=CIRCLE('',#6996,0.7);
#2537=CIRCLE('',#6998,0.7);
#2538=CIRCLE('',#6999,0.7);
#2539=CIRCLE('',#7002,0.7);
#2540=CIRCLE('',#7004,0.7);
#2541=CIRCLE('',#7005,0.7);
#2542=CIRCLE('',#7008,0.7);
#2543=CIRCLE('',#7010,0.7);
#2544=CIRCLE('',#7011,0.7);
#2545=CIRCLE('',#7014,0.7);
#2546=CIRCLE('',#7015,0.7);
#2547=CIRCLE('',#7018,0.7);
#2548=CIRCLE('',#7019,0.7);
#2549=CIRCLE('',#7022,0.7);
#2550=CIRCLE('',#7024,0.7);
#2551=CIRCLE('',#7025,0.7);
#2552=CIRCLE('',#7028,0.7);
#2553=CIRCLE('',#7030,0.7);
#2554=CIRCLE('',#7031,0.7);
#2555=CIRCLE('',#7034,0.7);
#2556=CIRCLE('',#7036,0.7);
#2557=CIRCLE('',#7037,0.7);
#2558=CIRCLE('',#7040,0.7);
#2559=CIRCLE('',#7042,0.7);
#2560=CIRCLE('',#7043,0.7);
#2561=CIRCLE('',#7046,0.7);
#2562=CIRCLE('',#7048,0.7);
#2563=CIRCLE('',#7049,0.7);
#2564=CIRCLE('',#7052,0.7);
#2565=CIRCLE('',#7054,0.7);
#2566=CIRCLE('',#7055,0.7);
#2567=CIRCLE('',#7058,0.7);
#2568=CIRCLE('',#7059,0.7);
#2569=CIRCLE('',#7063,0.7);
#2570=CIRCLE('',#7064,0.7);
#2571=CIRCLE('',#7067,0.7);
#2572=CIRCLE('',#7070,0.7);
#2573=CIRCLE('',#7071,0.7);
#2574=CIRCLE('',#7074,0.7);
#2575=CIRCLE('',#7076,0.7);
#2576=CIRCLE('',#7077,0.7);
#2577=CIRCLE('',#7080,0.7);
#2578=CIRCLE('',#7083,0.7);
#2579=CIRCLE('',#7084,0.7);
#2580=CIRCLE('',#7087,0.7);
#2581=CIRCLE('',#7090,0.7);
#2582=CIRCLE('',#7091,0.7);
#2583=CIRCLE('',#7094,0.7);
#2584=CIRCLE('',#7097,0.7);
#2585=CIRCLE('',#7098,0.7);
#2586=CIRCLE('',#7101,0.7);
#2587=CIRCLE('',#7104,0.7);
#2588=CIRCLE('',#7105,0.7);
#2589=CIRCLE('',#7108,0.7);
#2590=CIRCLE('',#7111,0.7);
#2591=CIRCLE('',#7112,0.7);
#2592=CIRCLE('',#7115,0.7);
#2593=CIRCLE('',#7118,0.7);
#2594=CIRCLE('',#7119,0.7);
#2595=CIRCLE('',#7122,0.7);
#2596=CIRCLE('',#7125,0.7);
#2597=CIRCLE('',#7126,0.7);
#2598=CIRCLE('',#7129,0.7);
#2599=CIRCLE('',#7132,0.7);
#2600=CIRCLE('',#7133,0.7);
#2601=CIRCLE('',#7136,0.7);
#2602=CIRCLE('',#7139,0.7);
#2603=CIRCLE('',#7142,0.7);
#2604=CIRCLE('',#7143,0.7);
#2605=CIRCLE('',#7146,0.7);
#2606=CIRCLE('',#7149,0.7);
#2607=CIRCLE('',#7150,0.7);
#2608=CIRCLE('',#7153,0.7);
#2609=CIRCLE('',#7154,0.7);
#2610=CIRCLE('',#7157,0.7);
#2611=CIRCLE('',#7158,0.7);
#2612=CIRCLE('',#7161,0.7);
#2613=CIRCLE('',#7162,0.7);
#2614=CIRCLE('',#7165,0.7);
#2615=CIRCLE('',#7166,0.7);
#2616=CIRCLE('',#7169,0.7);
#2617=CIRCLE('',#7170,0.7);
#2618=CIRCLE('',#7173,0.7);
#2619=CIRCLE('',#7174,0.7);
#2620=CIRCLE('',#7177,0.7);
#2621=CIRCLE('',#7178,0.7);
#2622=CIRCLE('',#7181,0.7);
#2623=CIRCLE('',#7182,0.7);
#2624=CIRCLE('',#7185,0.7);
#2625=CIRCLE('',#7186,0.7);
#2626=CIRCLE('',#7189,0.7);
#2627=CIRCLE('',#7190,0.7);
#2628=CIRCLE('',#7193,0.7);
#2629=CIRCLE('',#7194,0.7);
#2630=CIRCLE('',#7197,0.7);
#2631=CIRCLE('',#7200,0.7);
#2632=CIRCLE('',#7254,9.30000000000001);
#2633=CIRCLE('',#7255,9.3);
#2634=CIRCLE('',#7256,0.8115);
#2635=CIRCLE('',#7257,0.8115);
#2636=CIRCLE('',#7258,0.8115);
#2637=CIRCLE('',#7260,0.8115);
#2638=CIRCLE('',#7263,0.8115);
#2639=CIRCLE('',#7266,0.8115);
#2640=CIRCLE('',#7273,9.30000000000001);
#2641=CIRCLE('',#7276,9.3);
#2642=VERTEX_POINT('',#9182);
#2643=VERTEX_POINT('',#9183);
#2644=VERTEX_POINT('',#9185);
#2645=VERTEX_POINT('',#9187);
#2646=VERTEX_POINT('',#9191);
#2647=VERTEX_POINT('',#9193);
#2648=VERTEX_POINT('',#9197);
#2649=VERTEX_POINT('',#9198);
#2650=VERTEX_POINT('',#9200);
#2651=VERTEX_POINT('',#9202);
#2652=VERTEX_POINT('',#9206);
#2653=VERTEX_POINT('',#9208);
#2654=VERTEX_POINT('',#9210);
#2655=VERTEX_POINT('',#9212);
#2656=VERTEX_POINT('',#9217);
#2657=VERTEX_POINT('',#9218);
#2658=VERTEX_POINT('',#9220);
#2659=VERTEX_POINT('',#9222);
#2660=VERTEX_POINT('',#9226);
#2661=VERTEX_POINT('',#9228);
#2662=VERTEX_POINT('',#9232);
#2663=VERTEX_POINT('',#9233);
#2664=VERTEX_POINT('',#9235);
#2665=VERTEX_POINT('',#9237);
#2666=VERTEX_POINT('',#9241);
#2667=VERTEX_POINT('',#9243);
#2668=VERTEX_POINT('',#9245);
#2669=VERTEX_POINT('',#9247);
#2670=VERTEX_POINT('',#9252);
#2671=VERTEX_POINT('',#9253);
#2672=VERTEX_POINT('',#9255);
#2673=VERTEX_POINT('',#9257);
#2674=VERTEX_POINT('',#9261);
#2675=VERTEX_POINT('',#9263);
#2676=VERTEX_POINT('',#9267);
#2677=VERTEX_POINT('',#9268);
#2678=VERTEX_POINT('',#9270);
#2679=VERTEX_POINT('',#9272);
#2680=VERTEX_POINT('',#9276);
#2681=VERTEX_POINT('',#9278);
#2682=VERTEX_POINT('',#9280);
#2683=VERTEX_POINT('',#9282);
#2684=VERTEX_POINT('',#9287);
#2685=VERTEX_POINT('',#9288);
#2686=VERTEX_POINT('',#9290);
#2687=VERTEX_POINT('',#9292);
#2688=VERTEX_POINT('',#9296);
#2689=VERTEX_POINT('',#9298);
#2690=VERTEX_POINT('',#9302);
#2691=VERTEX_POINT('',#9303);
#2692=VERTEX_POINT('',#9305);
#2693=VERTEX_POINT('',#9307);
#2694=VERTEX_POINT('',#9311);
#2695=VERTEX_POINT('',#9313);
#2696=VERTEX_POINT('',#9315);
#2697=VERTEX_POINT('',#9317);
#2698=VERTEX_POINT('',#9322);
#2699=VERTEX_POINT('',#9323);
#2700=VERTEX_POINT('',#9325);
#2701=VERTEX_POINT('',#9327);
#2702=VERTEX_POINT('',#9331);
#2703=VERTEX_POINT('',#9333);
#2704=VERTEX_POINT('',#9335);
#2705=VERTEX_POINT('',#9337);
#2706=VERTEX_POINT('',#9341);
#2707=VERTEX_POINT('',#9345);
#2708=VERTEX_POINT('',#9346);
#2709=VERTEX_POINT('',#9348);
#2710=VERTEX_POINT('',#9350);
#2711=VERTEX_POINT('',#9354);
#2712=VERTEX_POINT('',#9356);
#2713=VERTEX_POINT('',#9358);
#2714=VERTEX_POINT('',#9363);
#2715=VERTEX_POINT('',#9364);
#2716=VERTEX_POINT('',#9366);
#2717=VERTEX_POINT('',#9368);
#2718=VERTEX_POINT('',#9372);
#2719=VERTEX_POINT('',#9374);
#2720=VERTEX_POINT('',#9376);
#2721=VERTEX_POINT('',#9378);
#2722=VERTEX_POINT('',#9382);
#2723=VERTEX_POINT('',#9386);
#2724=VERTEX_POINT('',#9387);
#2725=VERTEX_POINT('',#9389);
#2726=VERTEX_POINT('',#9391);
#2727=VERTEX_POINT('',#9395);
#2728=VERTEX_POINT('',#9397);
#2729=VERTEX_POINT('',#9399);
#2730=VERTEX_POINT('',#9404);
#2731=VERTEX_POINT('',#9405);
#2732=VERTEX_POINT('',#9407);
#2733=VERTEX_POINT('',#9409);
#2734=VERTEX_POINT('',#9413);
#2735=VERTEX_POINT('',#9415);
#2736=VERTEX_POINT('',#9417);
#2737=VERTEX_POINT('',#9419);
#2738=VERTEX_POINT('',#9423);
#2739=VERTEX_POINT('',#9427);
#2740=VERTEX_POINT('',#9428);
#2741=VERTEX_POINT('',#9430);
#2742=VERTEX_POINT('',#9432);
#2743=VERTEX_POINT('',#9436);
#2744=VERTEX_POINT('',#9438);
#2745=VERTEX_POINT('',#9440);
#2746=VERTEX_POINT('',#9445);
#2747=VERTEX_POINT('',#9446);
#2748=VERTEX_POINT('',#9448);
#2749=VERTEX_POINT('',#9450);
#2750=VERTEX_POINT('',#9454);
#2751=VERTEX_POINT('',#9456);
#2752=VERTEX_POINT('',#9458);
#2753=VERTEX_POINT('',#9460);
#2754=VERTEX_POINT('',#9464);
#2755=VERTEX_POINT('',#9468);
#2756=VERTEX_POINT('',#9469);
#2757=VERTEX_POINT('',#9471);
#2758=VERTEX_POINT('',#9473);
#2759=VERTEX_POINT('',#9477);
#2760=VERTEX_POINT('',#9479);
#2761=VERTEX_POINT('',#9481);
#2762=VERTEX_POINT('',#9486);
#2763=VERTEX_POINT('',#9487);
#2764=VERTEX_POINT('',#9489);
#2765=VERTEX_POINT('',#9491);
#2766=VERTEX_POINT('',#9495);
#2767=VERTEX_POINT('',#9497);
#2768=VERTEX_POINT('',#9499);
#2769=VERTEX_POINT('',#9501);
#2770=VERTEX_POINT('',#9505);
#2771=VERTEX_POINT('',#9509);
#2772=VERTEX_POINT('',#9510);
#2773=VERTEX_POINT('',#9512);
#2774=VERTEX_POINT('',#9514);
#2775=VERTEX_POINT('',#9518);
#2776=VERTEX_POINT('',#9520);
#2777=VERTEX_POINT('',#9522);
#2778=VERTEX_POINT('',#9527);
#2779=VERTEX_POINT('',#9528);
#2780=VERTEX_POINT('',#9530);
#2781=VERTEX_POINT('',#9532);
#2782=VERTEX_POINT('',#9536);
#2783=VERTEX_POINT('',#9538);
#2784=VERTEX_POINT('',#9540);
#2785=VERTEX_POINT('',#9542);
#2786=VERTEX_POINT('',#9546);
#2787=VERTEX_POINT('',#9550);
#2788=VERTEX_POINT('',#9551);
#2789=VERTEX_POINT('',#9553);
#2790=VERTEX_POINT('',#9555);
#2791=VERTEX_POINT('',#9559);
#2792=VERTEX_POINT('',#9561);
#2793=VERTEX_POINT('',#9563);
#2794=VERTEX_POINT('',#9568);
#2795=VERTEX_POINT('',#9569);
#2796=VERTEX_POINT('',#9571);
#2797=VERTEX_POINT('',#9573);
#2798=VERTEX_POINT('',#9577);
#2799=VERTEX_POINT('',#9579);
#2800=VERTEX_POINT('',#9581);
#2801=VERTEX_POINT('',#9583);
#2802=VERTEX_POINT('',#9587);
#2803=VERTEX_POINT('',#9591);
#2804=VERTEX_POINT('',#9592);
#2805=VERTEX_POINT('',#9594);
#2806=VERTEX_POINT('',#9596);
#2807=VERTEX_POINT('',#9600);
#2808=VERTEX_POINT('',#9602);
#2809=VERTEX_POINT('',#9604);
#2810=VERTEX_POINT('',#9609);
#2811=VERTEX_POINT('',#9610);
#2812=VERTEX_POINT('',#9612);
#2813=VERTEX_POINT('',#9614);
#2814=VERTEX_POINT('',#9618);
#2815=VERTEX_POINT('',#9620);
#2816=VERTEX_POINT('',#9622);
#2817=VERTEX_POINT('',#9624);
#2818=VERTEX_POINT('',#9628);
#2819=VERTEX_POINT('',#9632);
#2820=VERTEX_POINT('',#9633);
#2821=VERTEX_POINT('',#9635);
#2822=VERTEX_POINT('',#9637);
#2823=VERTEX_POINT('',#9641);
#2824=VERTEX_POINT('',#9643);
#2825=VERTEX_POINT('',#9645);
#2826=VERTEX_POINT('',#9650);
#2827=VERTEX_POINT('',#9651);
#2828=VERTEX_POINT('',#9653);
#2829=VERTEX_POINT('',#9655);
#2830=VERTEX_POINT('',#9659);
#2831=VERTEX_POINT('',#9661);
#2832=VERTEX_POINT('',#9663);
#2833=VERTEX_POINT('',#9665);
#2834=VERTEX_POINT('',#9669);
#2835=VERTEX_POINT('',#9673);
#2836=VERTEX_POINT('',#9674);
#2837=VERTEX_POINT('',#9676);
#2838=VERTEX_POINT('',#9678);
#2839=VERTEX_POINT('',#9682);
#2840=VERTEX_POINT('',#9684);
#2841=VERTEX_POINT('',#9686);
#2842=VERTEX_POINT('',#9691);
#2843=VERTEX_POINT('',#9692);
#2844=VERTEX_POINT('',#9694);
#2845=VERTEX_POINT('',#9696);
#2846=VERTEX_POINT('',#9700);
#2847=VERTEX_POINT('',#9702);
#2848=VERTEX_POINT('',#9704);
#2849=VERTEX_POINT('',#9706);
#2850=VERTEX_POINT('',#9710);
#2851=VERTEX_POINT('',#9714);
#2852=VERTEX_POINT('',#9715);
#2853=VERTEX_POINT('',#9717);
#2854=VERTEX_POINT('',#9719);
#2855=VERTEX_POINT('',#9723);
#2856=VERTEX_POINT('',#9725);
#2857=VERTEX_POINT('',#9727);
#2858=VERTEX_POINT('',#9732);
#2859=VERTEX_POINT('',#9733);
#2860=VERTEX_POINT('',#9735);
#2861=VERTEX_POINT('',#9737);
#2862=VERTEX_POINT('',#9741);
#2863=VERTEX_POINT('',#9743);
#2864=VERTEX_POINT('',#9745);
#2865=VERTEX_POINT('',#9747);
#2866=VERTEX_POINT('',#9751);
#2867=VERTEX_POINT('',#9755);
#2868=VERTEX_POINT('',#9756);
#2869=VERTEX_POINT('',#9758);
#2870=VERTEX_POINT('',#9760);
#2871=VERTEX_POINT('',#9764);
#2872=VERTEX_POINT('',#9766);
#2873=VERTEX_POINT('',#9768);
#2874=VERTEX_POINT('',#9773);
#2875=VERTEX_POINT('',#9774);
#2876=VERTEX_POINT('',#9776);
#2877=VERTEX_POINT('',#9778);
#2878=VERTEX_POINT('',#9782);
#2879=VERTEX_POINT('',#9784);
#2880=VERTEX_POINT('',#9786);
#2881=VERTEX_POINT('',#9788);
#2882=VERTEX_POINT('',#9792);
#2883=VERTEX_POINT('',#9796);
#2884=VERTEX_POINT('',#9797);
#2885=VERTEX_POINT('',#9799);
#2886=VERTEX_POINT('',#9801);
#2887=VERTEX_POINT('',#9805);
#2888=VERTEX_POINT('',#9807);
#2889=VERTEX_POINT('',#9809);
#2890=VERTEX_POINT('',#9814);
#2891=VERTEX_POINT('',#9815);
#2892=VERTEX_POINT('',#9817);
#2893=VERTEX_POINT('',#9819);
#2894=VERTEX_POINT('',#9826);
#2895=VERTEX_POINT('',#9827);
#2896=VERTEX_POINT('',#9829);
#2897=VERTEX_POINT('',#9831);
#2898=VERTEX_POINT('',#9835);
#2899=VERTEX_POINT('',#9837);
#2900=VERTEX_POINT('',#9839);
#2901=VERTEX_POINT('',#9841);
#2902=VERTEX_POINT('',#9845);
#2903=VERTEX_POINT('',#9849);
#2904=VERTEX_POINT('',#9850);
#2905=VERTEX_POINT('',#9852);
#2906=VERTEX_POINT('',#9854);
#2907=VERTEX_POINT('',#9861);
#2908=VERTEX_POINT('',#9862);
#2909=VERTEX_POINT('',#9864);
#2910=VERTEX_POINT('',#9866);
#2911=VERTEX_POINT('',#9870);
#2912=VERTEX_POINT('',#9872);
#2913=VERTEX_POINT('',#9874);
#2914=VERTEX_POINT('',#9876);
#2915=VERTEX_POINT('',#9880);
#2916=VERTEX_POINT('',#9884);
#2917=VERTEX_POINT('',#9885);
#2918=VERTEX_POINT('',#9887);
#2919=VERTEX_POINT('',#9889);
#2920=VERTEX_POINT('',#9896);
#2921=VERTEX_POINT('',#9897);
#2922=VERTEX_POINT('',#9899);
#2923=VERTEX_POINT('',#9901);
#2924=VERTEX_POINT('',#9905);
#2925=VERTEX_POINT('',#9907);
#2926=VERTEX_POINT('',#9909);
#2927=VERTEX_POINT('',#9911);
#2928=VERTEX_POINT('',#9915);
#2929=VERTEX_POINT('',#9919);
#2930=VERTEX_POINT('',#9920);
#2931=VERTEX_POINT('',#9922);
#2932=VERTEX_POINT('',#9924);
#2933=VERTEX_POINT('',#9931);
#2934=VERTEX_POINT('',#9932);
#2935=VERTEX_POINT('',#9934);
#2936=VERTEX_POINT('',#9936);
#2937=VERTEX_POINT('',#9940);
#2938=VERTEX_POINT('',#9942);
#2939=VERTEX_POINT('',#9944);
#2940=VERTEX_POINT('',#9946);
#2941=VERTEX_POINT('',#9950);
#2942=VERTEX_POINT('',#9954);
#2943=VERTEX_POINT('',#9955);
#2944=VERTEX_POINT('',#9957);
#2945=VERTEX_POINT('',#9959);
#2946=VERTEX_POINT('',#9966);
#2947=VERTEX_POINT('',#9967);
#2948=VERTEX_POINT('',#9969);
#2949=VERTEX_POINT('',#9971);
#2950=VERTEX_POINT('',#9975);
#2951=VERTEX_POINT('',#9977);
#2952=VERTEX_POINT('',#9979);
#2953=VERTEX_POINT('',#9981);
#2954=VERTEX_POINT('',#9985);
#2955=VERTEX_POINT('',#9989);
#2956=VERTEX_POINT('',#9990);
#2957=VERTEX_POINT('',#9992);
#2958=VERTEX_POINT('',#9994);
#2959=VERTEX_POINT('',#10001);
#2960=VERTEX_POINT('',#10002);
#2961=VERTEX_POINT('',#10004);
#2962=VERTEX_POINT('',#10006);
#2963=VERTEX_POINT('',#10010);
#2964=VERTEX_POINT('',#10012);
#2965=VERTEX_POINT('',#10016);
#2966=VERTEX_POINT('',#10017);
#2967=VERTEX_POINT('',#10019);
#2968=VERTEX_POINT('',#10021);
#2969=VERTEX_POINT('',#10028);
#2970=VERTEX_POINT('',#10029);
#2971=VERTEX_POINT('',#10031);
#2972=VERTEX_POINT('',#10033);
#2973=VERTEX_POINT('',#10037);
#2974=VERTEX_POINT('',#10039);
#2975=VERTEX_POINT('',#10041);
#2976=VERTEX_POINT('',#10043);
#2977=VERTEX_POINT('',#10047);
#2978=VERTEX_POINT('',#10051);
#2979=VERTEX_POINT('',#10052);
#2980=VERTEX_POINT('',#10054);
#2981=VERTEX_POINT('',#10056);
#2982=VERTEX_POINT('',#10063);
#2983=VERTEX_POINT('',#10064);
#2984=VERTEX_POINT('',#10066);
#2985=VERTEX_POINT('',#10068);
#2986=VERTEX_POINT('',#10072);
#2987=VERTEX_POINT('',#10074);
#2988=VERTEX_POINT('',#10076);
#2989=VERTEX_POINT('',#10078);
#2990=VERTEX_POINT('',#10082);
#2991=VERTEX_POINT('',#10086);
#2992=VERTEX_POINT('',#10087);
#2993=VERTEX_POINT('',#10089);
#2994=VERTEX_POINT('',#10091);
#2995=VERTEX_POINT('',#10098);
#2996=VERTEX_POINT('',#10099);
#2997=VERTEX_POINT('',#10101);
#2998=VERTEX_POINT('',#10103);
#2999=VERTEX_POINT('',#10107);
#3000=VERTEX_POINT('',#10109);
#3001=VERTEX_POINT('',#10111);
#3002=VERTEX_POINT('',#10113);
#3003=VERTEX_POINT('',#10117);
#3004=VERTEX_POINT('',#10121);
#3005=VERTEX_POINT('',#10122);
#3006=VERTEX_POINT('',#10124);
#3007=VERTEX_POINT('',#10126);
#3008=VERTEX_POINT('',#10133);
#3009=VERTEX_POINT('',#10134);
#3010=VERTEX_POINT('',#10136);
#3011=VERTEX_POINT('',#10138);
#3012=VERTEX_POINT('',#10142);
#3013=VERTEX_POINT('',#10144);
#3014=VERTEX_POINT('',#10146);
#3015=VERTEX_POINT('',#10148);
#3016=VERTEX_POINT('',#10152);
#3017=VERTEX_POINT('',#10156);
#3018=VERTEX_POINT('',#10157);
#3019=VERTEX_POINT('',#10159);
#3020=VERTEX_POINT('',#10161);
#3021=VERTEX_POINT('',#10168);
#3022=VERTEX_POINT('',#10169);
#3023=VERTEX_POINT('',#10171);
#3024=VERTEX_POINT('',#10173);
#3025=VERTEX_POINT('',#10177);
#3026=VERTEX_POINT('',#10179);
#3027=VERTEX_POINT('',#10183);
#3028=VERTEX_POINT('',#10184);
#3029=VERTEX_POINT('',#10186);
#3030=VERTEX_POINT('',#10188);
#3031=VERTEX_POINT('',#10192);
#3032=VERTEX_POINT('',#10194);
#3033=VERTEX_POINT('',#10196);
#3034=VERTEX_POINT('',#10198);
#3035=VERTEX_POINT('',#10202);
#3036=VERTEX_POINT('',#10206);
#3037=VERTEX_POINT('',#10207);
#3038=VERTEX_POINT('',#10209);
#3039=VERTEX_POINT('',#10211);
#3040=VERTEX_POINT('',#10218);
#3041=VERTEX_POINT('',#10219);
#3042=VERTEX_POINT('',#10221);
#3043=VERTEX_POINT('',#10223);
#3044=VERTEX_POINT('',#10230);
#3045=VERTEX_POINT('',#10231);
#3046=VERTEX_POINT('',#10233);
#3047=VERTEX_POINT('',#10235);
#3048=VERTEX_POINT('',#10239);
#3049=VERTEX_POINT('',#10241);
#3050=VERTEX_POINT('',#10243);
#3051=VERTEX_POINT('',#10245);
#3052=VERTEX_POINT('',#10249);
#3053=VERTEX_POINT('',#10253);
#3054=VERTEX_POINT('',#10254);
#3055=VERTEX_POINT('',#10256);
#3056=VERTEX_POINT('',#10258);
#3057=VERTEX_POINT('',#10265);
#3058=VERTEX_POINT('',#10266);
#3059=VERTEX_POINT('',#10268);
#3060=VERTEX_POINT('',#10270);
#3061=VERTEX_POINT('',#10274);
#3062=VERTEX_POINT('',#10276);
#3063=VERTEX_POINT('',#10278);
#3064=VERTEX_POINT('',#10280);
#3065=VERTEX_POINT('',#10284);
#3066=VERTEX_POINT('',#10288);
#3067=VERTEX_POINT('',#10289);
#3068=VERTEX_POINT('',#10291);
#3069=VERTEX_POINT('',#10293);
#3070=VERTEX_POINT('',#10300);
#3071=VERTEX_POINT('',#10301);
#3072=VERTEX_POINT('',#10303);
#3073=VERTEX_POINT('',#10305);
#3074=VERTEX_POINT('',#10309);
#3075=VERTEX_POINT('',#10311);
#3076=VERTEX_POINT('',#10313);
#3077=VERTEX_POINT('',#10315);
#3078=VERTEX_POINT('',#10319);
#3079=VERTEX_POINT('',#10323);
#3080=VERTEX_POINT('',#10327);
#3081=VERTEX_POINT('',#10328);
#3082=VERTEX_POINT('',#10330);
#3083=VERTEX_POINT('',#10332);
#3084=VERTEX_POINT('',#10336);
#3085=VERTEX_POINT('',#10339);
#3086=VERTEX_POINT('',#10344);
#3087=VERTEX_POINT('',#10348);
#3088=VERTEX_POINT('',#10349);
#3089=VERTEX_POINT('',#10351);
#3090=VERTEX_POINT('',#10353);
#3091=VERTEX_POINT('',#10357);
#3092=VERTEX_POINT('',#10360);
#3093=VERTEX_POINT('',#10365);
#3094=VERTEX_POINT('',#10369);
#3095=VERTEX_POINT('',#10370);
#3096=VERTEX_POINT('',#10372);
#3097=VERTEX_POINT('',#10374);
#3098=VERTEX_POINT('',#10378);
#3099=VERTEX_POINT('',#10381);
#3100=VERTEX_POINT('',#10386);
#3101=VERTEX_POINT('',#10390);
#3102=VERTEX_POINT('',#10391);
#3103=VERTEX_POINT('',#10393);
#3104=VERTEX_POINT('',#10395);
#3105=VERTEX_POINT('',#10399);
#3106=VERTEX_POINT('',#10402);
#3107=VERTEX_POINT('',#10407);
#3108=VERTEX_POINT('',#10408);
#3109=VERTEX_POINT('',#10410);
#3110=VERTEX_POINT('',#10412);
#3111=VERTEX_POINT('',#10416);
#3112=VERTEX_POINT('',#10418);
#3113=VERTEX_POINT('',#10422);
#3114=VERTEX_POINT('',#10423);
#3115=VERTEX_POINT('',#10425);
#3116=VERTEX_POINT('',#10427);
#3117=VERTEX_POINT('',#10431);
#3118=VERTEX_POINT('',#10433);
#3119=VERTEX_POINT('',#10435);
#3120=VERTEX_POINT('',#10437);
#3121=VERTEX_POINT('',#10439);
#3122=VERTEX_POINT('',#10441);
#3123=VERTEX_POINT('',#10445);
#3124=VERTEX_POINT('',#10449);
#3125=VERTEX_POINT('',#10450);
#3126=VERTEX_POINT('',#10452);
#3127=VERTEX_POINT('',#10454);
#3128=VERTEX_POINT('',#10458);
#3129=VERTEX_POINT('',#10461);
#3130=VERTEX_POINT('',#10466);
#3131=VERTEX_POINT('',#10470);
#3132=VERTEX_POINT('',#10471);
#3133=VERTEX_POINT('',#10473);
#3134=VERTEX_POINT('',#10475);
#3135=VERTEX_POINT('',#10479);
#3136=VERTEX_POINT('',#10482);
#3137=VERTEX_POINT('',#10487);
#3138=VERTEX_POINT('',#10491);
#3139=VERTEX_POINT('',#10492);
#3140=VERTEX_POINT('',#10494);
#3141=VERTEX_POINT('',#10496);
#3142=VERTEX_POINT('',#10500);
#3143=VERTEX_POINT('',#10503);
#3144=VERTEX_POINT('',#10508);
#3145=VERTEX_POINT('',#10512);
#3146=VERTEX_POINT('',#10513);
#3147=VERTEX_POINT('',#10515);
#3148=VERTEX_POINT('',#10517);
#3149=VERTEX_POINT('',#10521);
#3150=VERTEX_POINT('',#10524);
#3151=VERTEX_POINT('',#10529);
#3152=VERTEX_POINT('',#10533);
#3153=VERTEX_POINT('',#10534);
#3154=VERTEX_POINT('',#10536);
#3155=VERTEX_POINT('',#10538);
#3156=VERTEX_POINT('',#10542);
#3157=VERTEX_POINT('',#10545);
#3158=VERTEX_POINT('',#10550);
#3159=VERTEX_POINT('',#10554);
#3160=VERTEX_POINT('',#10555);
#3161=VERTEX_POINT('',#10557);
#3162=VERTEX_POINT('',#10559);
#3163=VERTEX_POINT('',#10563);
#3164=VERTEX_POINT('',#10566);
#3165=VERTEX_POINT('',#10571);
#3166=VERTEX_POINT('',#10572);
#3167=VERTEX_POINT('',#10574);
#3168=VERTEX_POINT('',#10576);
#3169=VERTEX_POINT('',#10581);
#3170=VERTEX_POINT('',#10585);
#3171=VERTEX_POINT('',#10589);
#3172=VERTEX_POINT('',#10590);
#3173=VERTEX_POINT('',#10592);
#3174=VERTEX_POINT('',#10594);
#3175=VERTEX_POINT('',#10602);
#3176=VERTEX_POINT('',#10606);
#3177=VERTEX_POINT('',#10610);
#3178=VERTEX_POINT('',#10611);
#3179=VERTEX_POINT('',#10613);
#3180=VERTEX_POINT('',#10615);
#3181=VERTEX_POINT('',#10619);
#3182=VERTEX_POINT('',#10625);
#3183=VERTEX_POINT('',#10629);
#3184=VERTEX_POINT('',#10630);
#3185=VERTEX_POINT('',#10632);
#3186=VERTEX_POINT('',#10634);
#3187=VERTEX_POINT('',#10638);
#3188=VERTEX_POINT('',#10641);
#3189=VERTEX_POINT('',#10646);
#3190=VERTEX_POINT('',#10650);
#3191=VERTEX_POINT('',#10654);
#3192=VERTEX_POINT('',#10655);
#3193=VERTEX_POINT('',#10657);
#3194=VERTEX_POINT('',#10659);
#3195=VERTEX_POINT('',#10663);
#3196=VERTEX_POINT('',#10669);
#3197=VERTEX_POINT('',#10671);
#3198=VERTEX_POINT('',#10677);
#3199=VERTEX_POINT('',#10679);
#3200=VERTEX_POINT('',#10686);
#3201=VERTEX_POINT('',#10688);
#3202=VERTEX_POINT('',#10694);
#3203=VERTEX_POINT('',#10696);
#3204=VERTEX_POINT('',#10703);
#3205=VERTEX_POINT('',#10705);
#3206=VERTEX_POINT('',#10711);
#3207=VERTEX_POINT('',#10713);
#3208=VERTEX_POINT('',#10720);
#3209=VERTEX_POINT('',#10722);
#3210=VERTEX_POINT('',#10728);
#3211=VERTEX_POINT('',#10730);
#3212=VERTEX_POINT('',#10737);
#3213=VERTEX_POINT('',#10739);
#3214=VERTEX_POINT('',#10745);
#3215=VERTEX_POINT('',#10747);
#3216=VERTEX_POINT('',#10754);
#3217=VERTEX_POINT('',#10756);
#3218=VERTEX_POINT('',#10762);
#3219=VERTEX_POINT('',#10764);
#3220=VERTEX_POINT('',#10771);
#3221=VERTEX_POINT('',#10773);
#3222=VERTEX_POINT('',#10779);
#3223=VERTEX_POINT('',#10781);
#3224=VERTEX_POINT('',#10788);
#3225=VERTEX_POINT('',#10790);
#3226=VERTEX_POINT('',#10796);
#3227=VERTEX_POINT('',#10798);
#3228=VERTEX_POINT('',#10804);
#3229=VERTEX_POINT('',#10805);
#3230=VERTEX_POINT('',#10807);
#3231=VERTEX_POINT('',#10809);
#3232=VERTEX_POINT('',#10816);
#3233=VERTEX_POINT('',#10818);
#3234=VERTEX_POINT('',#10824);
#3235=VERTEX_POINT('',#10826);
#3236=VERTEX_POINT('',#10833);
#3237=VERTEX_POINT('',#10835);
#3238=VERTEX_POINT('',#10839);
#3239=VERTEX_POINT('',#10841);
#3240=VERTEX_POINT('',#10845);
#3241=VERTEX_POINT('',#10847);
#3242=VERTEX_POINT('',#10854);
#3243=VERTEX_POINT('',#10856);
#3244=VERTEX_POINT('',#10863);
#3245=VERTEX_POINT('',#10865);
#3246=VERTEX_POINT('',#10872);
#3247=VERTEX_POINT('',#10874);
#3248=VERTEX_POINT('',#10881);
#3249=VERTEX_POINT('',#10883);
#3250=VERTEX_POINT('',#10890);
#3251=VERTEX_POINT('',#10892);
#3252=VERTEX_POINT('',#10899);
#3253=VERTEX_POINT('',#10901);
#3254=VERTEX_POINT('',#10908);
#3255=VERTEX_POINT('',#10909);
#3256=VERTEX_POINT('',#10911);
#3257=VERTEX_POINT('',#10913);
#3258=VERTEX_POINT('',#10920);
#3259=VERTEX_POINT('',#10921);
#3260=VERTEX_POINT('',#10923);
#3261=VERTEX_POINT('',#10925);
#3262=VERTEX_POINT('',#10932);
#3263=VERTEX_POINT('',#10933);
#3264=VERTEX_POINT('',#10935);
#3265=VERTEX_POINT('',#10937);
#3266=VERTEX_POINT('',#10944);
#3267=VERTEX_POINT('',#10946);
#3268=VERTEX_POINT('',#10952);
#3269=VERTEX_POINT('',#10954);
#3270=VERTEX_POINT('',#10970);
#3271=VERTEX_POINT('',#10971);
#3272=VERTEX_POINT('',#10976);
#3273=VERTEX_POINT('',#10978);
#3274=VERTEX_POINT('',#11071);
#3275=VERTEX_POINT('',#11072);
#3276=VERTEX_POINT('',#11074);
#3277=VERTEX_POINT('',#11076);
#3278=VERTEX_POINT('',#11078);
#3279=VERTEX_POINT('',#11080);
#3280=VERTEX_POINT('',#11086);
#3281=VERTEX_POINT('',#11088);
#3282=VERTEX_POINT('',#11090);
#3283=VERTEX_POINT('',#11093);
#3284=VERTEX_POINT('',#11098);
#3285=VERTEX_POINT('',#11103);
#3286=VERTEX_POINT('',#11112);
#3287=VERTEX_POINT('',#11114);
#3288=VERTEX_POINT('',#11118);
#3289=VERTEX_POINT('',#11122);
#3290=VERTEX_POINT('',#11126);
#3291=VERTEX_POINT('',#11130);
#3292=EDGE_CURVE('',#2642,#2643,#2384,.T.);
#3293=EDGE_CURVE('',#2642,#2644,#950,.T.);
#3294=EDGE_CURVE('',#2644,#2645,#2385,.T.);
#3295=EDGE_CURVE('',#2645,#2643,#951,.T.);
#3296=EDGE_CURVE('',#2646,#2645,#952,.T.);
#3297=EDGE_CURVE('',#2647,#2646,#953,.T.);
#3298=EDGE_CURVE('',#2647,#2643,#954,.T.);
#3299=EDGE_CURVE('',#2648,#2649,#2386,.T.);
#3300=EDGE_CURVE('',#2649,#2650,#955,.T.);
#3301=EDGE_CURVE('',#2650,#2651,#2387,.T.);
#3302=EDGE_CURVE('',#2651,#2648,#956,.T.);
#3303=EDGE_CURVE('',#2652,#2649,#957,.T.);
#3304=EDGE_CURVE('',#2653,#2652,#958,.T.);
#3305=EDGE_CURVE('',#2654,#2653,#959,.T.);
#3306=EDGE_CURVE('',#2654,#2655,#960,.T.);
#3307=EDGE_CURVE('',#2655,#2647,#961,.T.);
#3308=EDGE_CURVE('',#2650,#2646,#962,.T.);
#3309=EDGE_CURVE('',#2656,#2657,#2388,.T.);
#3310=EDGE_CURVE('',#2656,#2658,#963,.T.);
#3311=EDGE_CURVE('',#2658,#2659,#2389,.T.);
#3312=EDGE_CURVE('',#2659,#2657,#964,.T.);
#3313=EDGE_CURVE('',#2660,#2659,#965,.T.);
#3314=EDGE_CURVE('',#2661,#2660,#966,.T.);
#3315=EDGE_CURVE('',#2661,#2657,#967,.T.);
#3316=EDGE_CURVE('',#2662,#2663,#2390,.T.);
#3317=EDGE_CURVE('',#2663,#2664,#968,.T.);
#3318=EDGE_CURVE('',#2664,#2665,#2391,.T.);
#3319=EDGE_CURVE('',#2665,#2662,#969,.T.);
#3320=EDGE_CURVE('',#2666,#2663,#970,.T.);
#3321=EDGE_CURVE('',#2667,#2666,#971,.T.);
#3322=EDGE_CURVE('',#2668,#2667,#972,.T.);
#3323=EDGE_CURVE('',#2668,#2669,#973,.T.);
#3324=EDGE_CURVE('',#2669,#2661,#974,.T.);
#3325=EDGE_CURVE('',#2664,#2660,#975,.T.);
#3326=EDGE_CURVE('',#2670,#2671,#2392,.T.);
#3327=EDGE_CURVE('',#2670,#2672,#976,.T.);
#3328=EDGE_CURVE('',#2672,#2673,#2393,.T.);
#3329=EDGE_CURVE('',#2673,#2671,#977,.T.);
#3330=EDGE_CURVE('',#2674,#2673,#978,.T.);
#3331=EDGE_CURVE('',#2675,#2674,#979,.T.);
#3332=EDGE_CURVE('',#2675,#2671,#980,.T.);
#3333=EDGE_CURVE('',#2676,#2677,#2394,.T.);
#3334=EDGE_CURVE('',#2677,#2678,#981,.T.);
#3335=EDGE_CURVE('',#2678,#2679,#2395,.T.);
#3336=EDGE_CURVE('',#2679,#2676,#982,.T.);
#3337=EDGE_CURVE('',#2680,#2677,#983,.T.);
#3338=EDGE_CURVE('',#2681,#2680,#984,.T.);
#3339=EDGE_CURVE('',#2682,#2681,#985,.T.);
#3340=EDGE_CURVE('',#2682,#2683,#986,.T.);
#3341=EDGE_CURVE('',#2683,#2675,#987,.T.);
#3342=EDGE_CURVE('',#2678,#2674,#988,.T.);
#3343=EDGE_CURVE('',#2684,#2685,#2396,.T.);
#3344=EDGE_CURVE('',#2684,#2686,#989,.T.);
#3345=EDGE_CURVE('',#2686,#2687,#2397,.T.);
#3346=EDGE_CURVE('',#2687,#2685,#990,.T.);
#3347=EDGE_CURVE('',#2688,#2687,#991,.T.);
#3348=EDGE_CURVE('',#2689,#2688,#992,.T.);
#3349=EDGE_CURVE('',#2689,#2685,#993,.T.);
#3350=EDGE_CURVE('',#2690,#2691,#2398,.T.);
#3351=EDGE_CURVE('',#2691,#2692,#994,.T.);
#3352=EDGE_CURVE('',#2692,#2693,#2399,.T.);
#3353=EDGE_CURVE('',#2693,#2690,#995,.T.);
#3354=EDGE_CURVE('',#2694,#2691,#996,.T.);
#3355=EDGE_CURVE('',#2695,#2694,#997,.T.);
#3356=EDGE_CURVE('',#2696,#2695,#998,.T.);
#3357=EDGE_CURVE('',#2696,#2697,#999,.T.);
#3358=EDGE_CURVE('',#2697,#2689,#1000,.T.);
#3359=EDGE_CURVE('',#2692,#2688,#1001,.T.);
#3360=EDGE_CURVE('',#2698,#2699,#2400,.T.);
#3361=EDGE_CURVE('',#2698,#2700,#1002,.T.);
#3362=EDGE_CURVE('',#2700,#2701,#2401,.T.);
#3363=EDGE_CURVE('',#2701,#2699,#1003,.T.);
#3364=EDGE_CURVE('',#2702,#2699,#1004,.T.);
#3365=EDGE_CURVE('',#2703,#2702,#1005,.T.);
#3366=EDGE_CURVE('',#2704,#2703,#1006,.T.);
#3367=EDGE_CURVE('',#2704,#2705,#2402,.T.);
#3368=EDGE_CURVE('',#2698,#2705,#1007,.T.);
#3369=EDGE_CURVE('',#2706,#2701,#1008,.T.);
#3370=EDGE_CURVE('',#2702,#2706,#1009,.T.);
#3371=EDGE_CURVE('',#2707,#2708,#2403,.T.);
#3372=EDGE_CURVE('',#2708,#2709,#1010,.T.);
#3373=EDGE_CURVE('',#2709,#2710,#2404,.T.);
#3374=EDGE_CURVE('',#2710,#2707,#1011,.T.);
#3375=EDGE_CURVE('',#2711,#2708,#1012,.T.);
#3376=EDGE_CURVE('',#2712,#2711,#1013,.T.);
#3377=EDGE_CURVE('',#2713,#2712,#1014,.T.);
#3378=EDGE_CURVE('',#2713,#2703,#1015,.T.);
#3379=EDGE_CURVE('',#2709,#2706,#1016,.T.);
#3380=EDGE_CURVE('',#2714,#2715,#2405,.T.);
#3381=EDGE_CURVE('',#2714,#2716,#1017,.T.);
#3382=EDGE_CURVE('',#2716,#2717,#2406,.T.);
#3383=EDGE_CURVE('',#2717,#2715,#1018,.T.);
#3384=EDGE_CURVE('',#2718,#2715,#1019,.T.);
#3385=EDGE_CURVE('',#2719,#2718,#1020,.T.);
#3386=EDGE_CURVE('',#2720,#2719,#1021,.T.);
#3387=EDGE_CURVE('',#2720,#2721,#2407,.T.);
#3388=EDGE_CURVE('',#2714,#2721,#1022,.T.);
#3389=EDGE_CURVE('',#2722,#2717,#1023,.T.);
#3390=EDGE_CURVE('',#2718,#2722,#1024,.T.);
#3391=EDGE_CURVE('',#2723,#2724,#2408,.T.);
#3392=EDGE_CURVE('',#2724,#2725,#1025,.T.);
#3393=EDGE_CURVE('',#2725,#2726,#2409,.T.);
#3394=EDGE_CURVE('',#2726,#2723,#1026,.T.);
#3395=EDGE_CURVE('',#2727,#2724,#1027,.T.);
#3396=EDGE_CURVE('',#2728,#2727,#1028,.T.);
#3397=EDGE_CURVE('',#2729,#2728,#1029,.T.);
#3398=EDGE_CURVE('',#2729,#2719,#1030,.T.);
#3399=EDGE_CURVE('',#2725,#2722,#1031,.T.);
#3400=EDGE_CURVE('',#2730,#2731,#2410,.T.);
#3401=EDGE_CURVE('',#2730,#2732,#1032,.T.);
#3402=EDGE_CURVE('',#2732,#2733,#2411,.T.);
#3403=EDGE_CURVE('',#2733,#2731,#1033,.T.);
#3404=EDGE_CURVE('',#2734,#2731,#1034,.T.);
#3405=EDGE_CURVE('',#2735,#2734,#1035,.T.);
#3406=EDGE_CURVE('',#2736,#2735,#1036,.T.);
#3407=EDGE_CURVE('',#2736,#2737,#2412,.T.);
#3408=EDGE_CURVE('',#2730,#2737,#1037,.T.);
#3409=EDGE_CURVE('',#2738,#2733,#1038,.T.);
#3410=EDGE_CURVE('',#2734,#2738,#1039,.T.);
#3411=EDGE_CURVE('',#2739,#2740,#2413,.T.);
#3412=EDGE_CURVE('',#2740,#2741,#1040,.T.);
#3413=EDGE_CURVE('',#2741,#2742,#2414,.T.);
#3414=EDGE_CURVE('',#2742,#2739,#1041,.T.);
#3415=EDGE_CURVE('',#2743,#2740,#1042,.T.);
#3416=EDGE_CURVE('',#2744,#2743,#1043,.T.);
#3417=EDGE_CURVE('',#2745,#2744,#1044,.T.);
#3418=EDGE_CURVE('',#2745,#2735,#1045,.T.);
#3419=EDGE_CURVE('',#2741,#2738,#1046,.T.);
#3420=EDGE_CURVE('',#2746,#2747,#2415,.T.);
#3421=EDGE_CURVE('',#2746,#2748,#1047,.T.);
#3422=EDGE_CURVE('',#2748,#2749,#2416,.T.);
#3423=EDGE_CURVE('',#2749,#2747,#1048,.T.);
#3424=EDGE_CURVE('',#2750,#2747,#1049,.T.);
#3425=EDGE_CURVE('',#2751,#2750,#1050,.T.);
#3426=EDGE_CURVE('',#2752,#2751,#1051,.T.);
#3427=EDGE_CURVE('',#2752,#2753,#2417,.T.);
#3428=EDGE_CURVE('',#2746,#2753,#1052,.T.);
#3429=EDGE_CURVE('',#2754,#2749,#1053,.T.);
#3430=EDGE_CURVE('',#2750,#2754,#1054,.T.);
#3431=EDGE_CURVE('',#2755,#2756,#2418,.T.);
#3432=EDGE_CURVE('',#2756,#2757,#1055,.T.);
#3433=EDGE_CURVE('',#2757,#2758,#2419,.T.);
#3434=EDGE_CURVE('',#2758,#2755,#1056,.T.);
#3435=EDGE_CURVE('',#2759,#2756,#1057,.T.);
#3436=EDGE_CURVE('',#2760,#2759,#1058,.T.);
#3437=EDGE_CURVE('',#2761,#2760,#1059,.T.);
#3438=EDGE_CURVE('',#2761,#2751,#1060,.T.);
#3439=EDGE_CURVE('',#2757,#2754,#1061,.T.);
#3440=EDGE_CURVE('',#2762,#2763,#2420,.T.);
#3441=EDGE_CURVE('',#2762,#2764,#1062,.T.);
#3442=EDGE_CURVE('',#2764,#2765,#2421,.T.);
#3443=EDGE_CURVE('',#2765,#2763,#1063,.T.);
#3444=EDGE_CURVE('',#2766,#2763,#1064,.T.);
#3445=EDGE_CURVE('',#2767,#2766,#1065,.T.);
#3446=EDGE_CURVE('',#2768,#2767,#1066,.T.);
#3447=EDGE_CURVE('',#2768,#2769,#2422,.T.);
#3448=EDGE_CURVE('',#2762,#2769,#1067,.T.);
#3449=EDGE_CURVE('',#2770,#2765,#1068,.T.);
#3450=EDGE_CURVE('',#2766,#2770,#1069,.T.);
#3451=EDGE_CURVE('',#2771,#2772,#2423,.T.);
#3452=EDGE_CURVE('',#2772,#2773,#1070,.T.);
#3453=EDGE_CURVE('',#2773,#2774,#2424,.T.);
#3454=EDGE_CURVE('',#2774,#2771,#1071,.T.);
#3455=EDGE_CURVE('',#2775,#2772,#1072,.T.);
#3456=EDGE_CURVE('',#2776,#2775,#1073,.T.);
#3457=EDGE_CURVE('',#2777,#2776,#1074,.T.);
#3458=EDGE_CURVE('',#2777,#2767,#1075,.T.);
#3459=EDGE_CURVE('',#2773,#2770,#1076,.T.);
#3460=EDGE_CURVE('',#2778,#2779,#2425,.T.);
#3461=EDGE_CURVE('',#2778,#2780,#1077,.T.);
#3462=EDGE_CURVE('',#2780,#2781,#2426,.T.);
#3463=EDGE_CURVE('',#2781,#2779,#1078,.T.);
#3464=EDGE_CURVE('',#2782,#2779,#1079,.T.);
#3465=EDGE_CURVE('',#2783,#2782,#1080,.T.);
#3466=EDGE_CURVE('',#2784,#2783,#1081,.T.);
#3467=EDGE_CURVE('',#2784,#2785,#2427,.T.);
#3468=EDGE_CURVE('',#2778,#2785,#1082,.T.);
#3469=EDGE_CURVE('',#2786,#2781,#1083,.T.);
#3470=EDGE_CURVE('',#2782,#2786,#1084,.T.);
#3471=EDGE_CURVE('',#2787,#2788,#2428,.T.);
#3472=EDGE_CURVE('',#2788,#2789,#1085,.T.);
#3473=EDGE_CURVE('',#2789,#2790,#2429,.T.);
#3474=EDGE_CURVE('',#2790,#2787,#1086,.T.);
#3475=EDGE_CURVE('',#2791,#2788,#1087,.T.);
#3476=EDGE_CURVE('',#2792,#2791,#1088,.T.);
#3477=EDGE_CURVE('',#2793,#2792,#1089,.T.);
#3478=EDGE_CURVE('',#2793,#2783,#1090,.T.);
#3479=EDGE_CURVE('',#2789,#2786,#1091,.T.);
#3480=EDGE_CURVE('',#2794,#2795,#2430,.T.);
#3481=EDGE_CURVE('',#2794,#2796,#1092,.T.);
#3482=EDGE_CURVE('',#2796,#2797,#2431,.T.);
#3483=EDGE_CURVE('',#2797,#2795,#1093,.T.);
#3484=EDGE_CURVE('',#2798,#2795,#1094,.T.);
#3485=EDGE_CURVE('',#2799,#2798,#1095,.T.);
#3486=EDGE_CURVE('',#2800,#2799,#1096,.T.);
#3487=EDGE_CURVE('',#2800,#2801,#2432,.T.);
#3488=EDGE_CURVE('',#2794,#2801,#1097,.T.);
#3489=EDGE_CURVE('',#2802,#2797,#1098,.T.);
#3490=EDGE_CURVE('',#2798,#2802,#1099,.T.);
#3491=EDGE_CURVE('',#2803,#2804,#2433,.T.);
#3492=EDGE_CURVE('',#2804,#2805,#1100,.T.);
#3493=EDGE_CURVE('',#2805,#2806,#2434,.T.);
#3494=EDGE_CURVE('',#2806,#2803,#1101,.T.);
#3495=EDGE_CURVE('',#2807,#2804,#1102,.T.);
#3496=EDGE_CURVE('',#2808,#2807,#1103,.T.);
#3497=EDGE_CURVE('',#2809,#2808,#1104,.T.);
#3498=EDGE_CURVE('',#2809,#2799,#1105,.T.);
#3499=EDGE_CURVE('',#2805,#2802,#1106,.T.);
#3500=EDGE_CURVE('',#2810,#2811,#2435,.T.);
#3501=EDGE_CURVE('',#2810,#2812,#1107,.T.);
#3502=EDGE_CURVE('',#2812,#2813,#2436,.T.);
#3503=EDGE_CURVE('',#2813,#2811,#1108,.T.);
#3504=EDGE_CURVE('',#2814,#2811,#1109,.T.);
#3505=EDGE_CURVE('',#2815,#2814,#1110,.T.);
#3506=EDGE_CURVE('',#2816,#2815,#1111,.T.);
#3507=EDGE_CURVE('',#2816,#2817,#2437,.T.);
#3508=EDGE_CURVE('',#2810,#2817,#1112,.T.);
#3509=EDGE_CURVE('',#2818,#2813,#1113,.T.);
#3510=EDGE_CURVE('',#2814,#2818,#1114,.T.);
#3511=EDGE_CURVE('',#2819,#2820,#2438,.T.);
#3512=EDGE_CURVE('',#2820,#2821,#1115,.T.);
#3513=EDGE_CURVE('',#2821,#2822,#2439,.T.);
#3514=EDGE_CURVE('',#2822,#2819,#1116,.T.);
#3515=EDGE_CURVE('',#2823,#2820,#1117,.T.);
#3516=EDGE_CURVE('',#2824,#2823,#1118,.T.);
#3517=EDGE_CURVE('',#2825,#2824,#1119,.T.);
#3518=EDGE_CURVE('',#2825,#2815,#1120,.T.);
#3519=EDGE_CURVE('',#2821,#2818,#1121,.T.);
#3520=EDGE_CURVE('',#2826,#2827,#2440,.T.);
#3521=EDGE_CURVE('',#2826,#2828,#1122,.T.);
#3522=EDGE_CURVE('',#2828,#2829,#2441,.T.);
#3523=EDGE_CURVE('',#2829,#2827,#1123,.T.);
#3524=EDGE_CURVE('',#2830,#2827,#1124,.T.);
#3525=EDGE_CURVE('',#2831,#2830,#1125,.T.);
#3526=EDGE_CURVE('',#2832,#2831,#1126,.T.);
#3527=EDGE_CURVE('',#2832,#2833,#2442,.T.);
#3528=EDGE_CURVE('',#2826,#2833,#1127,.T.);
#3529=EDGE_CURVE('',#2834,#2829,#1128,.T.);
#3530=EDGE_CURVE('',#2830,#2834,#1129,.T.);
#3531=EDGE_CURVE('',#2835,#2836,#2443,.T.);
#3532=EDGE_CURVE('',#2836,#2837,#1130,.T.);
#3533=EDGE_CURVE('',#2837,#2838,#2444,.T.);
#3534=EDGE_CURVE('',#2838,#2835,#1131,.T.);
#3535=EDGE_CURVE('',#2839,#2836,#1132,.T.);
#3536=EDGE_CURVE('',#2840,#2839,#1133,.T.);
#3537=EDGE_CURVE('',#2841,#2840,#1134,.T.);
#3538=EDGE_CURVE('',#2841,#2831,#1135,.T.);
#3539=EDGE_CURVE('',#2837,#2834,#1136,.T.);
#3540=EDGE_CURVE('',#2842,#2843,#2445,.T.);
#3541=EDGE_CURVE('',#2842,#2844,#1137,.T.);
#3542=EDGE_CURVE('',#2844,#2845,#2446,.T.);
#3543=EDGE_CURVE('',#2845,#2843,#1138,.T.);
#3544=EDGE_CURVE('',#2846,#2843,#1139,.T.);
#3545=EDGE_CURVE('',#2847,#2846,#1140,.T.);
#3546=EDGE_CURVE('',#2848,#2847,#1141,.T.);
#3547=EDGE_CURVE('',#2848,#2849,#2447,.T.);
#3548=EDGE_CURVE('',#2842,#2849,#1142,.T.);
#3549=EDGE_CURVE('',#2850,#2845,#1143,.T.);
#3550=EDGE_CURVE('',#2846,#2850,#1144,.T.);
#3551=EDGE_CURVE('',#2851,#2852,#2448,.T.);
#3552=EDGE_CURVE('',#2852,#2853,#1145,.T.);
#3553=EDGE_CURVE('',#2853,#2854,#2449,.T.);
#3554=EDGE_CURVE('',#2854,#2851,#1146,.T.);
#3555=EDGE_CURVE('',#2855,#2852,#1147,.T.);
#3556=EDGE_CURVE('',#2856,#2855,#1148,.T.);
#3557=EDGE_CURVE('',#2857,#2856,#1149,.T.);
#3558=EDGE_CURVE('',#2857,#2847,#1150,.T.);
#3559=EDGE_CURVE('',#2853,#2850,#1151,.T.);
#3560=EDGE_CURVE('',#2858,#2859,#2450,.T.);
#3561=EDGE_CURVE('',#2858,#2860,#1152,.T.);
#3562=EDGE_CURVE('',#2860,#2861,#2451,.T.);
#3563=EDGE_CURVE('',#2861,#2859,#1153,.T.);
#3564=EDGE_CURVE('',#2862,#2859,#1154,.T.);
#3565=EDGE_CURVE('',#2863,#2862,#1155,.T.);
#3566=EDGE_CURVE('',#2864,#2863,#1156,.T.);
#3567=EDGE_CURVE('',#2864,#2865,#2452,.T.);
#3568=EDGE_CURVE('',#2858,#2865,#1157,.T.);
#3569=EDGE_CURVE('',#2866,#2861,#1158,.T.);
#3570=EDGE_CURVE('',#2862,#2866,#1159,.T.);
#3571=EDGE_CURVE('',#2867,#2868,#2453,.T.);
#3572=EDGE_CURVE('',#2868,#2869,#1160,.T.);
#3573=EDGE_CURVE('',#2869,#2870,#2454,.T.);
#3574=EDGE_CURVE('',#2870,#2867,#1161,.T.);
#3575=EDGE_CURVE('',#2871,#2868,#1162,.T.);
#3576=EDGE_CURVE('',#2872,#2871,#1163,.T.);
#3577=EDGE_CURVE('',#2873,#2872,#1164,.T.);
#3578=EDGE_CURVE('',#2873,#2863,#1165,.T.);
#3579=EDGE_CURVE('',#2869,#2866,#1166,.T.);
#3580=EDGE_CURVE('',#2874,#2875,#2455,.T.);
#3581=EDGE_CURVE('',#2874,#2876,#1167,.T.);
#3582=EDGE_CURVE('',#2876,#2877,#2456,.T.);
#3583=EDGE_CURVE('',#2877,#2875,#1168,.T.);
#3584=EDGE_CURVE('',#2878,#2875,#1169,.T.);
#3585=EDGE_CURVE('',#2879,#2878,#1170,.T.);
#3586=EDGE_CURVE('',#2880,#2879,#1171,.T.);
#3587=EDGE_CURVE('',#2880,#2881,#2457,.T.);
#3588=EDGE_CURVE('',#2874,#2881,#1172,.T.);
#3589=EDGE_CURVE('',#2882,#2877,#1173,.T.);
#3590=EDGE_CURVE('',#2878,#2882,#1174,.T.);
#3591=EDGE_CURVE('',#2883,#2884,#2458,.T.);
#3592=EDGE_CURVE('',#2884,#2885,#1175,.T.);
#3593=EDGE_CURVE('',#2885,#2886,#2459,.T.);
#3594=EDGE_CURVE('',#2886,#2883,#1176,.T.);
#3595=EDGE_CURVE('',#2887,#2884,#1177,.T.);
#3596=EDGE_CURVE('',#2888,#2887,#1178,.T.);
#3597=EDGE_CURVE('',#2889,#2888,#1179,.T.);
#3598=EDGE_CURVE('',#2889,#2879,#1180,.T.);
#3599=EDGE_CURVE('',#2885,#2882,#1181,.T.);
#3600=EDGE_CURVE('',#2890,#2891,#2460,.T.);
#3601=EDGE_CURVE('',#2891,#2892,#1182,.T.);
#3602=EDGE_CURVE('',#2892,#2893,#2461,.T.);
#3603=EDGE_CURVE('',#2893,#2890,#1183,.T.);
#3604=EDGE_CURVE('',#2892,#2742,#1184,.T.);
#3605=EDGE_CURVE('',#2739,#2891,#1185,.T.);
#3606=EDGE_CURVE('',#2894,#2895,#2462,.T.);
#3607=EDGE_CURVE('',#2894,#2896,#1186,.T.);
#3608=EDGE_CURVE('',#2896,#2897,#2463,.T.);
#3609=EDGE_CURVE('',#2897,#2895,#1187,.T.);
#3610=EDGE_CURVE('',#2898,#2895,#1188,.T.);
#3611=EDGE_CURVE('',#2898,#2899,#2464,.T.);
#3612=EDGE_CURVE('',#2900,#2899,#1189,.T.);
#3613=EDGE_CURVE('',#2901,#2900,#1190,.T.);
#3614=EDGE_CURVE('',#2894,#2901,#1191,.T.);
#3615=EDGE_CURVE('',#2902,#2897,#1192,.T.);
#3616=EDGE_CURVE('',#2898,#2902,#1193,.T.);
#3617=EDGE_CURVE('',#2903,#2904,#2465,.T.);
#3618=EDGE_CURVE('',#2904,#2905,#1194,.T.);
#3619=EDGE_CURVE('',#2905,#2906,#2466,.T.);
#3620=EDGE_CURVE('',#2906,#2903,#1195,.T.);
#3621=EDGE_CURVE('',#2905,#2886,#1196,.T.);
#3622=EDGE_CURVE('',#2883,#2904,#1197,.T.);
#3623=EDGE_CURVE('',#2907,#2908,#2467,.T.);
#3624=EDGE_CURVE('',#2907,#2909,#1198,.T.);
#3625=EDGE_CURVE('',#2909,#2910,#2468,.T.);
#3626=EDGE_CURVE('',#2910,#2908,#1199,.T.);
#3627=EDGE_CURVE('',#2911,#2908,#1200,.T.);
#3628=EDGE_CURVE('',#2911,#2912,#2469,.T.);
#3629=EDGE_CURVE('',#2913,#2912,#1201,.T.);
#3630=EDGE_CURVE('',#2914,#2913,#1202,.T.);
#3631=EDGE_CURVE('',#2907,#2914,#1203,.T.);
#3632=EDGE_CURVE('',#2915,#2910,#1204,.T.);
#3633=EDGE_CURVE('',#2911,#2915,#1205,.T.);
#3634=EDGE_CURVE('',#2916,#2917,#2470,.T.);
#3635=EDGE_CURVE('',#2917,#2918,#1206,.T.);
#3636=EDGE_CURVE('',#2918,#2919,#2471,.T.);
#3637=EDGE_CURVE('',#2919,#2916,#1207,.T.);
#3638=EDGE_CURVE('',#2918,#2854,#1208,.T.);
#3639=EDGE_CURVE('',#2851,#2917,#1209,.T.);
#3640=EDGE_CURVE('',#2920,#2921,#2472,.T.);
#3641=EDGE_CURVE('',#2920,#2922,#1210,.T.);
#3642=EDGE_CURVE('',#2922,#2923,#2473,.T.);
#3643=EDGE_CURVE('',#2923,#2921,#1211,.T.);
#3644=EDGE_CURVE('',#2924,#2921,#1212,.T.);
#3645=EDGE_CURVE('',#2924,#2925,#2474,.T.);
#3646=EDGE_CURVE('',#2926,#2925,#1213,.T.);
#3647=EDGE_CURVE('',#2927,#2926,#1214,.T.);
#3648=EDGE_CURVE('',#2920,#2927,#1215,.T.);
#3649=EDGE_CURVE('',#2928,#2923,#1216,.T.);
#3650=EDGE_CURVE('',#2924,#2928,#1217,.T.);
#3651=EDGE_CURVE('',#2929,#2930,#2475,.T.);
#3652=EDGE_CURVE('',#2930,#2931,#1218,.T.);
#3653=EDGE_CURVE('',#2931,#2932,#2476,.T.);
#3654=EDGE_CURVE('',#2932,#2929,#1219,.T.);
#3655=EDGE_CURVE('',#2931,#2838,#1220,.T.);
#3656=EDGE_CURVE('',#2835,#2930,#1221,.T.);
#3657=EDGE_CURVE('',#2933,#2934,#2477,.T.);
#3658=EDGE_CURVE('',#2933,#2935,#1222,.T.);
#3659=EDGE_CURVE('',#2935,#2936,#2478,.T.);
#3660=EDGE_CURVE('',#2936,#2934,#1223,.T.);
#3661=EDGE_CURVE('',#2937,#2934,#1224,.T.);
#3662=EDGE_CURVE('',#2937,#2938,#2479,.T.);
#3663=EDGE_CURVE('',#2939,#2938,#1225,.T.);
#3664=EDGE_CURVE('',#2940,#2939,#1226,.T.);
#3665=EDGE_CURVE('',#2933,#2940,#1227,.T.);
#3666=EDGE_CURVE('',#2941,#2936,#1228,.T.);
#3667=EDGE_CURVE('',#2937,#2941,#1229,.T.);
#3668=EDGE_CURVE('',#2942,#2943,#2480,.T.);
#3669=EDGE_CURVE('',#2943,#2944,#1230,.T.);
#3670=EDGE_CURVE('',#2944,#2945,#2481,.T.);
#3671=EDGE_CURVE('',#2945,#2942,#1231,.T.);
#3672=EDGE_CURVE('',#2944,#2758,#1232,.T.);
#3673=EDGE_CURVE('',#2755,#2943,#1233,.T.);
#3674=EDGE_CURVE('',#2946,#2947,#2482,.T.);
#3675=EDGE_CURVE('',#2946,#2948,#1234,.T.);
#3676=EDGE_CURVE('',#2948,#2949,#2483,.T.);
#3677=EDGE_CURVE('',#2949,#2947,#1235,.T.);
#3678=EDGE_CURVE('',#2950,#2947,#1236,.T.);
#3679=EDGE_CURVE('',#2950,#2951,#2484,.T.);
#3680=EDGE_CURVE('',#2952,#2951,#1237,.T.);
#3681=EDGE_CURVE('',#2953,#2952,#1238,.T.);
#3682=EDGE_CURVE('',#2946,#2953,#1239,.T.);
#3683=EDGE_CURVE('',#2954,#2949,#1240,.T.);
#3684=EDGE_CURVE('',#2950,#2954,#1241,.T.);
#3685=EDGE_CURVE('',#2955,#2956,#2485,.T.);
#3686=EDGE_CURVE('',#2956,#2957,#1242,.T.);
#3687=EDGE_CURVE('',#2957,#2958,#2486,.T.);
#3688=EDGE_CURVE('',#2958,#2955,#1243,.T.);
#3689=EDGE_CURVE('',#2957,#2665,#1244,.T.);
#3690=EDGE_CURVE('',#2662,#2956,#1245,.T.);
#3691=EDGE_CURVE('',#2959,#2960,#2487,.T.);
#3692=EDGE_CURVE('',#2959,#2961,#1246,.T.);
#3693=EDGE_CURVE('',#2961,#2962,#2488,.T.);
#3694=EDGE_CURVE('',#2962,#2960,#1247,.T.);
#3695=EDGE_CURVE('',#2959,#2963,#1248,.T.);
#3696=EDGE_CURVE('',#2964,#2963,#1249,.T.);
#3697=EDGE_CURVE('',#2961,#2964,#1250,.T.);
#3698=EDGE_CURVE('',#2965,#2966,#2489,.T.);
#3699=EDGE_CURVE('',#2966,#2967,#1251,.T.);
#3700=EDGE_CURVE('',#2967,#2968,#2490,.T.);
#3701=EDGE_CURVE('',#2968,#2965,#1252,.T.);
#3702=EDGE_CURVE('',#2967,#2806,#1253,.T.);
#3703=EDGE_CURVE('',#2803,#2966,#1254,.T.);
#3704=EDGE_CURVE('',#2969,#2970,#2491,.T.);
#3705=EDGE_CURVE('',#2969,#2971,#1255,.T.);
#3706=EDGE_CURVE('',#2971,#2972,#2492,.T.);
#3707=EDGE_CURVE('',#2972,#2970,#1256,.T.);
#3708=EDGE_CURVE('',#2973,#2970,#1257,.T.);
#3709=EDGE_CURVE('',#2973,#2974,#2493,.T.);
#3710=EDGE_CURVE('',#2975,#2974,#1258,.T.);
#3711=EDGE_CURVE('',#2976,#2975,#1259,.T.);
#3712=EDGE_CURVE('',#2969,#2976,#1260,.T.);
#3713=EDGE_CURVE('',#2977,#2972,#1261,.T.);
#3714=EDGE_CURVE('',#2973,#2977,#1262,.T.);
#3715=EDGE_CURVE('',#2978,#2979,#2494,.T.);
#3716=EDGE_CURVE('',#2979,#2980,#1263,.T.);
#3717=EDGE_CURVE('',#2980,#2981,#2495,.T.);
#3718=EDGE_CURVE('',#2981,#2978,#1264,.T.);
#3719=EDGE_CURVE('',#2980,#2822,#1265,.T.);
#3720=EDGE_CURVE('',#2819,#2979,#1266,.T.);
#3721=EDGE_CURVE('',#2982,#2983,#2496,.T.);
#3722=EDGE_CURVE('',#2982,#2984,#1267,.T.);
#3723=EDGE_CURVE('',#2984,#2985,#2497,.T.);
#3724=EDGE_CURVE('',#2985,#2983,#1268,.T.);
#3725=EDGE_CURVE('',#2986,#2983,#1269,.T.);
#3726=EDGE_CURVE('',#2986,#2987,#2498,.T.);
#3727=EDGE_CURVE('',#2988,#2987,#1270,.T.);
#3728=EDGE_CURVE('',#2989,#2988,#1271,.T.);
#3729=EDGE_CURVE('',#2982,#2989,#1272,.T.);
#3730=EDGE_CURVE('',#2990,#2985,#1273,.T.);
#3731=EDGE_CURVE('',#2986,#2990,#1274,.T.);
#3732=EDGE_CURVE('',#2991,#2992,#2499,.T.);
#3733=EDGE_CURVE('',#2992,#2993,#1275,.T.);
#3734=EDGE_CURVE('',#2993,#2994,#2500,.T.);
#3735=EDGE_CURVE('',#2994,#2991,#1276,.T.);
#3736=EDGE_CURVE('',#2993,#2870,#1277,.T.);
#3737=EDGE_CURVE('',#2867,#2992,#1278,.T.);
#3738=EDGE_CURVE('',#2995,#2996,#2501,.T.);
#3739=EDGE_CURVE('',#2995,#2997,#1279,.T.);
#3740=EDGE_CURVE('',#2997,#2998,#2502,.T.);
#3741=EDGE_CURVE('',#2998,#2996,#1280,.T.);
#3742=EDGE_CURVE('',#2999,#2996,#1281,.T.);
#3743=EDGE_CURVE('',#2999,#3000,#2503,.T.);
#3744=EDGE_CURVE('',#3001,#3000,#1282,.T.);
#3745=EDGE_CURVE('',#3002,#3001,#1283,.T.);
#3746=EDGE_CURVE('',#2995,#3002,#1284,.T.);
#3747=EDGE_CURVE('',#3003,#2998,#1285,.T.);
#3748=EDGE_CURVE('',#2999,#3003,#1286,.T.);
#3749=EDGE_CURVE('',#3004,#3005,#2504,.T.);
#3750=EDGE_CURVE('',#3005,#3006,#1287,.T.);
#3751=EDGE_CURVE('',#3006,#3007,#2505,.T.);
#3752=EDGE_CURVE('',#3007,#3004,#1288,.T.);
#3753=EDGE_CURVE('',#3006,#2790,#1289,.T.);
#3754=EDGE_CURVE('',#2787,#3005,#1290,.T.);
#3755=EDGE_CURVE('',#3008,#3009,#2506,.T.);
#3756=EDGE_CURVE('',#3008,#3010,#1291,.T.);
#3757=EDGE_CURVE('',#3010,#3011,#2507,.T.);
#3758=EDGE_CURVE('',#3011,#3009,#1292,.T.);
#3759=EDGE_CURVE('',#3012,#3009,#1293,.T.);
#3760=EDGE_CURVE('',#3012,#3013,#2508,.T.);
#3761=EDGE_CURVE('',#3014,#3013,#1294,.T.);
#3762=EDGE_CURVE('',#3015,#3014,#1295,.T.);
#3763=EDGE_CURVE('',#3008,#3015,#1296,.T.);
#3764=EDGE_CURVE('',#3016,#3011,#1297,.T.);
#3765=EDGE_CURVE('',#3012,#3016,#1298,.T.);
#3766=EDGE_CURVE('',#3017,#3018,#2509,.T.);
#3767=EDGE_CURVE('',#3018,#3019,#1299,.T.);
#3768=EDGE_CURVE('',#3019,#3020,#2510,.T.);
#3769=EDGE_CURVE('',#3020,#3017,#1300,.T.);
#3770=EDGE_CURVE('',#3019,#2651,#1301,.T.);
#3771=EDGE_CURVE('',#2648,#3018,#1302,.T.);
#3772=EDGE_CURVE('',#3021,#3022,#2511,.T.);
#3773=EDGE_CURVE('',#3021,#3023,#1303,.T.);
#3774=EDGE_CURVE('',#3023,#3024,#2512,.T.);
#3775=EDGE_CURVE('',#3024,#3022,#1304,.T.);
#3776=EDGE_CURVE('',#3025,#3024,#1305,.T.);
#3777=EDGE_CURVE('',#3025,#3026,#1306,.T.);
#3778=EDGE_CURVE('',#3026,#3022,#1307,.T.);
#3779=EDGE_CURVE('',#3027,#3028,#2513,.T.);
#3780=EDGE_CURVE('',#3027,#3029,#1308,.T.);
#3781=EDGE_CURVE('',#3029,#3030,#2514,.T.);
#3782=EDGE_CURVE('',#3030,#3028,#1309,.T.);
#3783=EDGE_CURVE('',#3031,#3028,#1310,.T.);
#3784=EDGE_CURVE('',#3031,#3032,#2515,.T.);
#3785=EDGE_CURVE('',#3033,#3032,#1311,.T.);
#3786=EDGE_CURVE('',#3034,#3033,#1312,.T.);
#3787=EDGE_CURVE('',#3027,#3034,#1313,.T.);
#3788=EDGE_CURVE('',#3035,#3030,#1314,.T.);
#3789=EDGE_CURVE('',#3031,#3035,#1315,.T.);
#3790=EDGE_CURVE('',#3036,#3037,#2516,.T.);
#3791=EDGE_CURVE('',#3037,#3038,#1316,.T.);
#3792=EDGE_CURVE('',#3038,#3039,#2517,.T.);
#3793=EDGE_CURVE('',#3039,#3036,#1317,.T.);
#3794=EDGE_CURVE('',#3038,#2679,#1318,.T.);
#3795=EDGE_CURVE('',#2676,#3037,#1319,.T.);
#3796=EDGE_CURVE('',#3040,#3041,#2518,.T.);
#3797=EDGE_CURVE('',#3041,#3042,#1320,.T.);
#3798=EDGE_CURVE('',#3042,#3043,#2519,.T.);
#3799=EDGE_CURVE('',#3043,#3040,#1321,.T.);
#3800=EDGE_CURVE('',#3042,#2693,#1322,.T.);
#3801=EDGE_CURVE('',#2690,#3041,#1323,.T.);
#3802=EDGE_CURVE('',#3044,#3045,#2520,.T.);
#3803=EDGE_CURVE('',#3044,#3046,#1324,.T.);
#3804=EDGE_CURVE('',#3046,#3047,#2521,.T.);
#3805=EDGE_CURVE('',#3047,#3045,#1325,.T.);
#3806=EDGE_CURVE('',#3048,#3045,#1326,.T.);
#3807=EDGE_CURVE('',#3048,#3049,#2522,.T.);
#3808=EDGE_CURVE('',#3050,#3049,#1327,.T.);
#3809=EDGE_CURVE('',#3051,#3050,#1328,.T.);
#3810=EDGE_CURVE('',#3044,#3051,#1329,.T.);
#3811=EDGE_CURVE('',#3052,#3047,#1330,.T.);
#3812=EDGE_CURVE('',#3048,#3052,#1331,.T.);
#3813=EDGE_CURVE('',#3053,#3054,#2523,.T.);
#3814=EDGE_CURVE('',#3054,#3055,#1332,.T.);
#3815=EDGE_CURVE('',#3055,#3056,#2524,.T.);
#3816=EDGE_CURVE('',#3056,#3053,#1333,.T.);
#3817=EDGE_CURVE('',#3055,#2726,#1334,.T.);
#3818=EDGE_CURVE('',#2723,#3054,#1335,.T.);
#3819=EDGE_CURVE('',#3057,#3058,#2525,.T.);
#3820=EDGE_CURVE('',#3057,#3059,#1336,.T.);
#3821=EDGE_CURVE('',#3059,#3060,#2526,.T.);
#3822=EDGE_CURVE('',#3060,#3058,#1337,.T.);
#3823=EDGE_CURVE('',#3061,#3058,#1338,.T.);
#3824=EDGE_CURVE('',#3061,#3062,#2527,.T.);
#3825=EDGE_CURVE('',#3063,#3062,#1339,.T.);
#3826=EDGE_CURVE('',#3064,#3063,#1340,.T.);
#3827=EDGE_CURVE('',#3057,#3064,#1341,.T.);
#3828=EDGE_CURVE('',#3065,#3060,#1342,.T.);
#3829=EDGE_CURVE('',#3061,#3065,#1343,.T.);
#3830=EDGE_CURVE('',#3066,#3067,#2528,.T.);
#3831=EDGE_CURVE('',#3067,#3068,#1344,.T.);
#3832=EDGE_CURVE('',#3068,#3069,#2529,.T.);
#3833=EDGE_CURVE('',#3069,#3066,#1345,.T.);
#3834=EDGE_CURVE('',#3068,#2710,#1346,.T.);
#3835=EDGE_CURVE('',#2707,#3067,#1347,.T.);
#3836=EDGE_CURVE('',#3070,#3071,#2530,.T.);
#3837=EDGE_CURVE('',#3070,#3072,#1348,.T.);
#3838=EDGE_CURVE('',#3072,#3073,#2531,.T.);
#3839=EDGE_CURVE('',#3073,#3071,#1349,.T.);
#3840=EDGE_CURVE('',#3074,#3071,#1350,.T.);
#3841=EDGE_CURVE('',#3074,#3075,#2532,.T.);
#3842=EDGE_CURVE('',#3076,#3075,#1351,.T.);
#3843=EDGE_CURVE('',#3077,#3076,#1352,.T.);
#3844=EDGE_CURVE('',#3070,#3077,#1353,.T.);
#3845=EDGE_CURVE('',#3078,#3073,#1354,.T.);
#3846=EDGE_CURVE('',#3074,#3078,#1355,.T.);
#3847=EDGE_CURVE('',#2977,#3079,#2533,.T.);
#3848=EDGE_CURVE('',#3079,#2974,#1356,.T.);
#3849=EDGE_CURVE('',#3080,#3081,#2534,.T.);
#3850=EDGE_CURVE('',#3081,#3082,#1357,.T.);
#3851=EDGE_CURVE('',#3082,#3083,#2535,.T.);
#3852=EDGE_CURVE('',#3083,#3080,#1358,.T.);
#3853=EDGE_CURVE('',#3084,#2968,#1359,.T.);
#3854=EDGE_CURVE('',#3084,#2976,#1360,.T.);
#3855=EDGE_CURVE('',#2975,#3085,#1361,.T.);
#3856=EDGE_CURVE('',#3082,#3085,#1362,.T.);
#3857=EDGE_CURVE('',#2965,#3081,#1363,.T.);
#3858=EDGE_CURVE('',#2915,#3086,#2536,.T.);
#3859=EDGE_CURVE('',#3086,#2912,#1364,.T.);
#3860=EDGE_CURVE('',#3087,#3088,#2537,.T.);
#3861=EDGE_CURVE('',#3088,#3089,#1365,.T.);
#3862=EDGE_CURVE('',#3089,#3090,#2538,.T.);
#3863=EDGE_CURVE('',#3090,#3087,#1366,.T.);
#3864=EDGE_CURVE('',#3091,#2906,#1367,.T.);
#3865=EDGE_CURVE('',#3091,#2914,#1368,.T.);
#3866=EDGE_CURVE('',#2913,#3092,#1369,.T.);
#3867=EDGE_CURVE('',#3089,#3092,#1370,.T.);
#3868=EDGE_CURVE('',#2903,#3088,#1371,.T.);
#3869=EDGE_CURVE('',#3003,#3093,#2539,.T.);
#3870=EDGE_CURVE('',#3093,#3000,#1372,.T.);
#3871=EDGE_CURVE('',#3094,#3095,#2540,.T.);
#3872=EDGE_CURVE('',#3095,#3096,#1373,.T.);
#3873=EDGE_CURVE('',#3096,#3097,#2541,.T.);
#3874=EDGE_CURVE('',#3097,#3094,#1374,.T.);
#3875=EDGE_CURVE('',#3098,#2994,#1375,.T.);
#3876=EDGE_CURVE('',#3098,#3002,#1376,.T.);
#3877=EDGE_CURVE('',#3001,#3099,#1377,.T.);
#3878=EDGE_CURVE('',#3096,#3099,#1378,.T.);
#3879=EDGE_CURVE('',#2991,#3095,#1379,.T.);
#3880=EDGE_CURVE('',#3078,#3100,#2542,.T.);
#3881=EDGE_CURVE('',#3100,#3075,#1380,.T.);
#3882=EDGE_CURVE('',#3101,#3102,#2543,.T.);
#3883=EDGE_CURVE('',#3102,#3103,#1381,.T.);
#3884=EDGE_CURVE('',#3103,#3104,#2544,.T.);
#3885=EDGE_CURVE('',#3104,#3101,#1382,.T.);
#3886=EDGE_CURVE('',#3105,#3069,#1383,.T.);
#3887=EDGE_CURVE('',#3105,#3077,#1384,.T.);
#3888=EDGE_CURVE('',#3076,#3106,#1385,.T.);
#3889=EDGE_CURVE('',#3103,#3106,#1386,.T.);
#3890=EDGE_CURVE('',#3066,#3102,#1387,.T.);
#3891=EDGE_CURVE('',#3107,#3108,#2545,.T.);
#3892=EDGE_CURVE('',#3107,#3109,#1388,.T.);
#3893=EDGE_CURVE('',#3109,#3110,#2546,.T.);
#3894=EDGE_CURVE('',#3110,#3108,#1389,.T.);
#3895=EDGE_CURVE('',#3107,#3111,#1390,.T.);
#3896=EDGE_CURVE('',#3112,#3111,#1391,.T.);
#3897=EDGE_CURVE('',#3109,#3112,#1392,.T.);
#3898=EDGE_CURVE('',#3113,#3114,#2547,.T.);
#3899=EDGE_CURVE('',#3114,#3115,#1393,.T.);
#3900=EDGE_CURVE('',#3115,#3116,#2548,.T.);
#3901=EDGE_CURVE('',#3116,#3113,#1394,.T.);
#3902=EDGE_CURVE('',#3117,#3114,#1395,.T.);
#3903=EDGE_CURVE('',#3117,#3118,#1396,.T.);
#3904=EDGE_CURVE('',#3119,#3118,#1397,.T.);
#3905=EDGE_CURVE('',#3119,#3120,#1398,.T.);
#3906=EDGE_CURVE('',#3120,#3121,#1399,.T.);
#3907=EDGE_CURVE('',#3121,#3122,#1400,.T.);
#3908=EDGE_CURVE('',#3115,#3122,#1401,.T.);
#3909=EDGE_CURVE('',#3016,#3123,#2549,.T.);
#3910=EDGE_CURVE('',#3123,#3013,#1402,.T.);
#3911=EDGE_CURVE('',#3124,#3125,#2550,.T.);
#3912=EDGE_CURVE('',#3125,#3126,#1403,.T.);
#3913=EDGE_CURVE('',#3126,#3127,#2551,.T.);
#3914=EDGE_CURVE('',#3127,#3124,#1404,.T.);
#3915=EDGE_CURVE('',#3128,#3007,#1405,.T.);
#3916=EDGE_CURVE('',#3128,#3015,#1406,.T.);
#3917=EDGE_CURVE('',#3014,#3129,#1407,.T.);
#3918=EDGE_CURVE('',#3126,#3129,#1408,.T.);
#3919=EDGE_CURVE('',#3004,#3125,#1409,.T.);
#3920=EDGE_CURVE('',#2928,#3130,#2552,.T.);
#3921=EDGE_CURVE('',#3130,#2925,#1410,.T.);
#3922=EDGE_CURVE('',#3131,#3132,#2553,.T.);
#3923=EDGE_CURVE('',#3132,#3133,#1411,.T.);
#3924=EDGE_CURVE('',#3133,#3134,#2554,.T.);
#3925=EDGE_CURVE('',#3134,#3131,#1412,.T.);
#3926=EDGE_CURVE('',#3135,#2919,#1413,.T.);
#3927=EDGE_CURVE('',#3135,#2927,#1414,.T.);
#3928=EDGE_CURVE('',#2926,#3136,#1415,.T.);
#3929=EDGE_CURVE('',#3133,#3136,#1416,.T.);
#3930=EDGE_CURVE('',#2916,#3132,#1417,.T.);
#3931=EDGE_CURVE('',#2990,#3137,#2555,.T.);
#3932=EDGE_CURVE('',#3137,#2987,#1418,.T.);
#3933=EDGE_CURVE('',#3138,#3139,#2556,.T.);
#3934=EDGE_CURVE('',#3139,#3140,#1419,.T.);
#3935=EDGE_CURVE('',#3140,#3141,#2557,.T.);
#3936=EDGE_CURVE('',#3141,#3138,#1420,.T.);
#3937=EDGE_CURVE('',#3142,#2981,#1421,.T.);
#3938=EDGE_CURVE('',#3142,#2989,#1422,.T.);
#3939=EDGE_CURVE('',#2988,#3143,#1423,.T.);
#3940=EDGE_CURVE('',#3140,#3143,#1424,.T.);
#3941=EDGE_CURVE('',#2978,#3139,#1425,.T.);
#3942=EDGE_CURVE('',#2941,#3144,#2558,.T.);
#3943=EDGE_CURVE('',#3144,#2938,#1426,.T.);
#3944=EDGE_CURVE('',#3145,#3146,#2559,.T.);
#3945=EDGE_CURVE('',#3146,#3147,#1427,.T.);
#3946=EDGE_CURVE('',#3147,#3148,#2560,.T.);
#3947=EDGE_CURVE('',#3148,#3145,#1428,.T.);
#3948=EDGE_CURVE('',#3149,#2932,#1429,.T.);
#3949=EDGE_CURVE('',#3149,#2940,#1430,.T.);
#3950=EDGE_CURVE('',#2939,#3150,#1431,.T.);
#3951=EDGE_CURVE('',#3147,#3150,#1432,.T.);
#3952=EDGE_CURVE('',#2929,#3146,#1433,.T.);
#3953=EDGE_CURVE('',#2902,#3151,#2561,.T.);
#3954=EDGE_CURVE('',#3151,#2899,#1434,.T.);
#3955=EDGE_CURVE('',#3152,#3153,#2562,.T.);
#3956=EDGE_CURVE('',#3153,#3154,#1435,.T.);
#3957=EDGE_CURVE('',#3154,#3155,#2563,.T.);
#3958=EDGE_CURVE('',#3155,#3152,#1436,.T.);
#3959=EDGE_CURVE('',#3156,#2893,#1437,.T.);
#3960=EDGE_CURVE('',#3156,#2901,#1438,.T.);
#3961=EDGE_CURVE('',#2900,#3157,#1439,.T.);
#3962=EDGE_CURVE('',#3154,#3157,#1440,.T.);
#3963=EDGE_CURVE('',#2890,#3153,#1441,.T.);
#3964=EDGE_CURVE('',#2954,#3158,#2564,.T.);
#3965=EDGE_CURVE('',#3158,#2951,#1442,.T.);
#3966=EDGE_CURVE('',#3159,#3160,#2565,.T.);
#3967=EDGE_CURVE('',#3160,#3161,#1443,.T.);
#3968=EDGE_CURVE('',#3161,#3162,#2566,.T.);
#3969=EDGE_CURVE('',#3162,#3159,#1444,.T.);
#3970=EDGE_CURVE('',#3163,#2945,#1445,.T.);
#3971=EDGE_CURVE('',#3163,#2953,#1446,.T.);
#3972=EDGE_CURVE('',#2952,#3164,#1447,.T.);
#3973=EDGE_CURVE('',#3161,#3164,#1448,.T.);
#3974=EDGE_CURVE('',#2942,#3160,#1449,.T.);
#3975=EDGE_CURVE('',#3165,#3166,#2567,.T.);
#3976=EDGE_CURVE('',#3165,#3167,#1450,.T.);
#3977=EDGE_CURVE('',#3167,#3168,#2568,.T.);
#3978=EDGE_CURVE('',#3168,#3166,#1451,.T.);
#3979=EDGE_CURVE('',#3165,#2960,#1452,.T.);
#3980=EDGE_CURVE('',#3169,#3166,#1453,.T.);
#3981=EDGE_CURVE('',#2963,#3169,#1454,.T.);
#3982=EDGE_CURVE('',#3170,#3168,#1455,.T.);
#3983=EDGE_CURVE('',#3169,#3170,#1456,.T.);
#3984=EDGE_CURVE('',#3171,#3172,#2569,.T.);
#3985=EDGE_CURVE('',#3172,#3173,#1457,.T.);
#3986=EDGE_CURVE('',#3173,#3174,#2570,.T.);
#3987=EDGE_CURVE('',#3174,#3171,#1458,.T.);
#3988=EDGE_CURVE('',#2964,#2958,#1459,.T.);
#3989=EDGE_CURVE('',#3173,#3170,#1460,.T.);
#3990=EDGE_CURVE('',#2955,#3172,#1461,.T.);
#3991=EDGE_CURVE('',#3035,#3175,#2571,.T.);
#3992=EDGE_CURVE('',#3175,#3032,#1462,.T.);
#3993=EDGE_CURVE('',#3176,#3175,#1463,.T.);
#3994=EDGE_CURVE('',#3033,#3176,#1464,.T.);
#3995=EDGE_CURVE('',#3177,#3178,#2572,.T.);
#3996=EDGE_CURVE('',#3178,#3179,#1465,.T.);
#3997=EDGE_CURVE('',#3179,#3180,#2573,.T.);
#3998=EDGE_CURVE('',#3180,#3177,#1466,.T.);
#3999=EDGE_CURVE('',#3181,#3039,#1467,.T.);
#4000=EDGE_CURVE('',#3181,#3034,#1468,.T.);
#4001=EDGE_CURVE('',#3179,#3176,#1469,.T.);
#4002=EDGE_CURVE('',#3036,#3178,#1470,.T.);
#4003=EDGE_CURVE('',#3065,#3182,#2574,.T.);
#4004=EDGE_CURVE('',#3182,#3062,#1471,.T.);
#4005=EDGE_CURVE('',#3183,#3184,#2575,.T.);
#4006=EDGE_CURVE('',#3184,#3185,#1472,.T.);
#4007=EDGE_CURVE('',#3185,#3186,#2576,.T.);
#4008=EDGE_CURVE('',#3186,#3183,#1473,.T.);
#4009=EDGE_CURVE('',#3187,#3056,#1474,.T.);
#4010=EDGE_CURVE('',#3187,#3064,#1475,.T.);
#4011=EDGE_CURVE('',#3063,#3188,#1476,.T.);
#4012=EDGE_CURVE('',#3185,#3188,#1477,.T.);
#4013=EDGE_CURVE('',#3053,#3184,#1478,.T.);
#4014=EDGE_CURVE('',#3052,#3189,#2577,.T.);
#4015=EDGE_CURVE('',#3189,#3049,#1479,.T.);
#4016=EDGE_CURVE('',#3190,#3189,#1480,.T.);
#4017=EDGE_CURVE('',#3050,#3190,#1481,.T.);
#4018=EDGE_CURVE('',#3191,#3192,#2578,.T.);
#4019=EDGE_CURVE('',#3192,#3193,#1482,.T.);
#4020=EDGE_CURVE('',#3193,#3194,#2579,.T.);
#4021=EDGE_CURVE('',#3194,#3191,#1483,.T.);
#4022=EDGE_CURVE('',#3195,#3043,#1484,.T.);
#4023=EDGE_CURVE('',#3195,#3051,#1485,.T.);
#4024=EDGE_CURVE('',#3193,#3190,#1486,.T.);
#4025=EDGE_CURVE('',#3040,#3192,#1487,.T.);
#4026=EDGE_CURVE('',#2880,#3196,#1488,.T.);
#4027=EDGE_CURVE('',#3196,#3197,#2580,.T.);
#4028=EDGE_CURVE('',#3197,#2881,#1489,.T.);
#4029=EDGE_CURVE('',#3196,#2889,#1490,.T.);
#4030=EDGE_CURVE('',#2887,#3198,#2581,.T.);
#4031=EDGE_CURVE('',#3198,#3199,#1491,.T.);
#4032=EDGE_CURVE('',#3199,#2888,#2582,.T.);
#4033=EDGE_CURVE('',#3199,#3090,#1492,.T.);
#4034=EDGE_CURVE('',#3087,#3198,#1493,.T.);
#4035=EDGE_CURVE('',#2864,#3200,#1494,.T.);
#4036=EDGE_CURVE('',#3200,#3201,#2583,.T.);
#4037=EDGE_CURVE('',#3201,#2865,#1495,.T.);
#4038=EDGE_CURVE('',#3200,#2873,#1496,.T.);
#4039=EDGE_CURVE('',#2871,#3202,#2584,.T.);
#4040=EDGE_CURVE('',#3202,#3203,#1497,.T.);
#4041=EDGE_CURVE('',#3203,#2872,#2585,.T.);
#4042=EDGE_CURVE('',#3203,#3097,#1498,.T.);
#4043=EDGE_CURVE('',#3094,#3202,#1499,.T.);
#4044=EDGE_CURVE('',#2704,#3204,#1500,.T.);
#4045=EDGE_CURVE('',#3204,#3205,#2586,.T.);
#4046=EDGE_CURVE('',#3205,#2705,#1501,.T.);
#4047=EDGE_CURVE('',#3204,#2713,#1502,.T.);
#4048=EDGE_CURVE('',#2711,#3206,#2587,.T.);
#4049=EDGE_CURVE('',#3206,#3207,#1503,.T.);
#4050=EDGE_CURVE('',#3207,#2712,#2588,.T.);
#4051=EDGE_CURVE('',#3207,#3104,#1504,.T.);
#4052=EDGE_CURVE('',#3101,#3206,#1505,.T.);
#4053=EDGE_CURVE('',#2768,#3208,#1506,.T.);
#4054=EDGE_CURVE('',#3208,#3209,#2589,.T.);
#4055=EDGE_CURVE('',#3209,#2769,#1507,.T.);
#4056=EDGE_CURVE('',#3208,#2777,#1508,.T.);
#4057=EDGE_CURVE('',#2775,#3210,#2590,.T.);
#4058=EDGE_CURVE('',#3210,#3211,#1509,.T.);
#4059=EDGE_CURVE('',#3211,#2776,#2591,.T.);
#4060=EDGE_CURVE('',#3211,#3116,#1510,.T.);
#4061=EDGE_CURVE('',#3113,#3210,#1511,.T.);
#4062=EDGE_CURVE('',#2784,#3212,#1512,.T.);
#4063=EDGE_CURVE('',#3212,#3213,#2592,.T.);
#4064=EDGE_CURVE('',#3213,#2785,#1513,.T.);
#4065=EDGE_CURVE('',#3212,#2793,#1514,.T.);
#4066=EDGE_CURVE('',#2791,#3214,#2593,.T.);
#4067=EDGE_CURVE('',#3214,#3215,#1515,.T.);
#4068=EDGE_CURVE('',#3215,#2792,#2594,.T.);
#4069=EDGE_CURVE('',#3215,#3127,#1516,.T.);
#4070=EDGE_CURVE('',#3124,#3214,#1517,.T.);
#4071=EDGE_CURVE('',#2848,#3216,#1518,.T.);
#4072=EDGE_CURVE('',#3216,#3217,#2595,.T.);
#4073=EDGE_CURVE('',#3217,#2849,#1519,.T.);
#4074=EDGE_CURVE('',#3216,#2857,#1520,.T.);
#4075=EDGE_CURVE('',#2855,#3218,#2596,.T.);
#4076=EDGE_CURVE('',#3218,#3219,#1521,.T.);
#4077=EDGE_CURVE('',#3219,#2856,#2597,.T.);
#4078=EDGE_CURVE('',#3219,#3134,#1522,.T.);
#4079=EDGE_CURVE('',#3131,#3218,#1523,.T.);
#4080=EDGE_CURVE('',#2816,#3220,#1524,.T.);
#4081=EDGE_CURVE('',#3220,#3221,#2598,.T.);
#4082=EDGE_CURVE('',#3221,#2817,#1525,.T.);
#4083=EDGE_CURVE('',#3220,#2825,#1526,.T.);
#4084=EDGE_CURVE('',#2823,#3222,#2599,.T.);
#4085=EDGE_CURVE('',#3222,#3223,#1527,.T.);
#4086=EDGE_CURVE('',#3223,#2824,#2600,.T.);
#4087=EDGE_CURVE('',#3223,#3141,#1528,.T.);
#4088=EDGE_CURVE('',#3138,#3222,#1529,.T.);
#4089=EDGE_CURVE('',#2832,#3224,#1530,.T.);
#4090=EDGE_CURVE('',#3224,#3225,#2601,.T.);
#4091=EDGE_CURVE('',#3225,#2833,#1531,.T.);
#4092=EDGE_CURVE('',#3224,#2841,#1532,.T.);
#4093=EDGE_CURVE('',#2800,#3226,#1533,.T.);
#4094=EDGE_CURVE('',#3226,#3227,#2602,.T.);
#4095=EDGE_CURVE('',#3227,#2801,#1534,.T.);
#4096=EDGE_CURVE('',#3226,#2809,#1535,.T.);
#4097=EDGE_CURVE('',#3228,#3229,#2603,.T.);
#4098=EDGE_CURVE('',#3228,#3230,#1536,.T.);
#4099=EDGE_CURVE('',#3230,#3231,#2604,.T.);
#4100=EDGE_CURVE('',#3231,#3229,#1537,.T.);
#4101=EDGE_CURVE('',#2642,#3229,#1538,.T.);
#4102=EDGE_CURVE('',#2644,#3231,#1539,.T.);
#4103=EDGE_CURVE('',#2720,#3232,#1540,.T.);
#4104=EDGE_CURVE('',#3232,#3233,#2605,.T.);
#4105=EDGE_CURVE('',#3233,#2721,#1541,.T.);
#4106=EDGE_CURVE('',#3232,#2729,#1542,.T.);
#4107=EDGE_CURVE('',#2727,#3234,#2606,.T.);
#4108=EDGE_CURVE('',#3234,#3235,#1543,.T.);
#4109=EDGE_CURVE('',#3235,#2728,#2607,.T.);
#4110=EDGE_CURVE('',#3235,#3186,#1544,.T.);
#4111=EDGE_CURVE('',#3183,#3234,#1545,.T.);
#4112=EDGE_CURVE('',#2652,#3236,#2608,.T.);
#4113=EDGE_CURVE('',#3236,#3237,#1546,.T.);
#4114=EDGE_CURVE('',#3237,#2653,#2609,.T.);
#4115=EDGE_CURVE('',#3238,#3236,#1547,.T.);
#4116=EDGE_CURVE('',#3238,#3239,#1548,.T.);
#4117=EDGE_CURVE('',#3237,#3239,#1549,.T.);
#4118=EDGE_CURVE('',#2807,#3240,#2610,.T.);
#4119=EDGE_CURVE('',#3240,#3241,#1550,.T.);
#4120=EDGE_CURVE('',#3241,#2808,#2611,.T.);
#4121=EDGE_CURVE('',#3241,#3083,#1551,.T.);
#4122=EDGE_CURVE('',#3080,#3240,#1552,.T.);
#4123=EDGE_CURVE('',#2839,#3242,#2612,.T.);
#4124=EDGE_CURVE('',#3242,#3243,#1553,.T.);
#4125=EDGE_CURVE('',#3243,#2840,#2613,.T.);
#4126=EDGE_CURVE('',#3243,#3148,#1554,.T.);
#4127=EDGE_CURVE('',#3145,#3242,#1555,.T.);
#4128=EDGE_CURVE('',#2743,#3244,#2614,.T.);
#4129=EDGE_CURVE('',#3244,#3245,#1556,.T.);
#4130=EDGE_CURVE('',#3245,#2744,#2615,.T.);
#4131=EDGE_CURVE('',#3245,#3155,#1557,.T.);
#4132=EDGE_CURVE('',#3152,#3244,#1558,.T.);
#4133=EDGE_CURVE('',#2759,#3246,#2616,.T.);
#4134=EDGE_CURVE('',#3246,#3247,#1559,.T.);
#4135=EDGE_CURVE('',#3247,#2760,#2617,.T.);
#4136=EDGE_CURVE('',#3247,#3162,#1560,.T.);
#4137=EDGE_CURVE('',#3159,#3246,#1561,.T.);
#4138=EDGE_CURVE('',#2666,#3248,#2618,.T.);
#4139=EDGE_CURVE('',#3248,#3249,#1562,.T.);
#4140=EDGE_CURVE('',#3249,#2667,#2619,.T.);
#4141=EDGE_CURVE('',#3249,#3174,#1563,.T.);
#4142=EDGE_CURVE('',#3171,#3248,#1564,.T.);
#4143=EDGE_CURVE('',#2680,#3250,#2620,.T.);
#4144=EDGE_CURVE('',#3250,#3251,#1565,.T.);
#4145=EDGE_CURVE('',#3251,#2681,#2621,.T.);
#4146=EDGE_CURVE('',#3251,#3180,#1566,.T.);
#4147=EDGE_CURVE('',#3177,#3250,#1567,.T.);
#4148=EDGE_CURVE('',#2694,#3252,#2622,.T.);
#4149=EDGE_CURVE('',#3252,#3253,#1568,.T.);
#4150=EDGE_CURVE('',#3253,#2695,#2623,.T.);
#4151=EDGE_CURVE('',#3253,#3194,#1569,.T.);
#4152=EDGE_CURVE('',#3191,#3252,#1570,.T.);
#4153=EDGE_CURVE('',#3254,#3255,#2624,.T.);
#4154=EDGE_CURVE('',#3254,#3256,#1571,.T.);
#4155=EDGE_CURVE('',#3256,#3257,#2625,.T.);
#4156=EDGE_CURVE('',#3257,#3255,#1572,.T.);
#4157=EDGE_CURVE('',#2684,#3255,#1573,.T.);
#4158=EDGE_CURVE('',#2686,#3257,#1574,.T.);
#4159=EDGE_CURVE('',#3258,#3259,#2626,.T.);
#4160=EDGE_CURVE('',#3258,#3260,#1575,.T.);
#4161=EDGE_CURVE('',#3260,#3261,#2627,.T.);
#4162=EDGE_CURVE('',#3261,#3259,#1576,.T.);
#4163=EDGE_CURVE('',#2670,#3259,#1577,.T.);
#4164=EDGE_CURVE('',#2672,#3261,#1578,.T.);
#4165=EDGE_CURVE('',#3262,#3263,#2628,.T.);
#4166=EDGE_CURVE('',#3262,#3264,#1579,.T.);
#4167=EDGE_CURVE('',#3264,#3265,#2629,.T.);
#4168=EDGE_CURVE('',#3265,#3263,#1580,.T.);
#4169=EDGE_CURVE('',#2656,#3263,#1581,.T.);
#4170=EDGE_CURVE('',#2658,#3265,#1582,.T.);
#4171=EDGE_CURVE('',#2752,#3266,#1583,.T.);
#4172=EDGE_CURVE('',#3266,#3267,#2630,.T.);
#4173=EDGE_CURVE('',#3267,#2753,#1584,.T.);
#4174=EDGE_CURVE('',#3266,#2761,#1585,.T.);
#4175=EDGE_CURVE('',#2736,#3268,#1586,.T.);
#4176=EDGE_CURVE('',#3268,#3269,#2631,.T.);
#4177=EDGE_CURVE('',#3269,#2737,#1587,.T.);
#4178=EDGE_CURVE('',#3268,#2745,#1588,.T.);
#4179=EDGE_CURVE('',#3262,#2669,#1589,.T.);
#4180=EDGE_CURVE('',#3264,#2668,#1590,.T.);
#4181=EDGE_CURVE('',#3167,#2962,#1591,.T.);
#4182=EDGE_CURVE('',#3228,#2655,#1592,.T.);
#4183=EDGE_CURVE('',#3230,#2654,#1593,.T.);
#4184=EDGE_CURVE('',#3270,#3271,#1594,.T.);
#4185=EDGE_CURVE('',#3270,#3026,#1595,.T.);
#4186=EDGE_CURVE('',#3271,#3025,#1596,.T.);
#4187=EDGE_CURVE('',#3021,#3272,#1597,.T.);
#4188=EDGE_CURVE('',#3273,#3272,#1598,.T.);
#4189=EDGE_CURVE('',#3023,#3273,#1599,.T.);
#4190=EDGE_CURVE('',#3272,#3270,#1600,.T.);
#4191=EDGE_CURVE('',#2909,#3091,#1601,.T.);
#4192=EDGE_CURVE('',#3092,#3086,#1602,.T.);
#4193=EDGE_CURVE('',#2876,#3197,#1603,.T.);
#4194=EDGE_CURVE('',#3112,#3119,#1604,.T.);
#4195=EDGE_CURVE('',#3111,#3120,#1605,.T.);
#4196=EDGE_CURVE('',#3121,#3108,#1606,.T.);
#4197=EDGE_CURVE('',#3122,#3110,#1607,.T.);
#4198=EDGE_CURVE('',#2764,#3209,#1608,.T.);
#4199=EDGE_CURVE('',#3010,#3128,#1609,.T.);
#4200=EDGE_CURVE('',#3129,#3123,#1610,.T.);
#4201=EDGE_CURVE('',#2780,#3213,#1611,.T.);
#4202=EDGE_CURVE('',#2997,#3098,#1612,.T.);
#4203=EDGE_CURVE('',#2860,#3201,#1613,.T.);
#4204=EDGE_CURVE('',#3099,#3093,#1614,.T.);
#4205=EDGE_CURVE('',#3059,#3187,#1615,.T.);
#4206=EDGE_CURVE('',#3188,#3182,#1616,.T.);
#4207=EDGE_CURVE('',#2716,#3233,#1617,.T.);
#4208=EDGE_CURVE('',#2948,#3163,#1618,.T.);
#4209=EDGE_CURVE('',#2748,#3267,#1619,.T.);
#4210=EDGE_CURVE('',#3164,#3158,#1620,.T.);
#4211=EDGE_CURVE('',#3258,#2683,#1621,.T.);
#4212=EDGE_CURVE('',#3260,#2682,#1622,.T.);
#4213=EDGE_CURVE('',#3029,#3181,#1623,.T.);
#4214=EDGE_CURVE('',#2971,#3084,#1624,.T.);
#4215=EDGE_CURVE('',#3085,#3079,#1625,.T.);
#4216=EDGE_CURVE('',#2796,#3227,#1626,.T.);
#4217=EDGE_CURVE('',#2922,#3135,#1627,.T.);
#4218=EDGE_CURVE('',#3136,#3130,#1628,.T.);
#4219=EDGE_CURVE('',#2844,#3217,#1629,.T.);
#4220=EDGE_CURVE('',#3072,#3105,#1630,.T.);
#4221=EDGE_CURVE('',#3106,#3100,#1631,.T.);
#4222=EDGE_CURVE('',#2700,#3205,#1632,.T.);
#4223=EDGE_CURVE('',#2984,#3142,#1633,.T.);
#4224=EDGE_CURVE('',#3143,#3137,#1634,.T.);
#4225=EDGE_CURVE('',#2812,#3221,#1635,.T.);
#4226=EDGE_CURVE('',#2935,#3149,#1636,.T.);
#4227=EDGE_CURVE('',#3150,#3144,#1637,.T.);
#4228=EDGE_CURVE('',#2828,#3225,#1638,.T.);
#4229=EDGE_CURVE('',#3254,#2697,#1639,.T.);
#4230=EDGE_CURVE('',#3256,#2696,#1640,.T.);
#4231=EDGE_CURVE('',#3046,#3195,#1641,.T.);
#4232=EDGE_CURVE('',#2896,#3156,#1642,.T.);
#4233=EDGE_CURVE('',#3157,#3151,#1643,.T.);
#4234=EDGE_CURVE('',#2732,#3269,#1644,.T.);
#4235=EDGE_CURVE('',#3274,#3275,#1645,.T.);
#4236=EDGE_CURVE('',#3276,#3274,#1646,.T.);
#4237=EDGE_CURVE('',#3277,#3276,#1647,.T.);
#4238=EDGE_CURVE('',#3278,#3277,#2632,.T.);
#4239=EDGE_CURVE('',#3279,#3278,#1648,.T.);
#4240=EDGE_CURVE('',#3275,#3279,#2633,.T.);
#4241=EDGE_CURVE('',#3273,#3020,#1649,.T.);
#4242=EDGE_CURVE('',#3239,#3271,#1650,.T.);
#4243=EDGE_CURVE('',#3118,#2774,#1651,.T.);
#4244=EDGE_CURVE('',#3280,#3280,#2634,.T.);
#4245=EDGE_CURVE('',#3281,#3281,#2635,.T.);
#4246=EDGE_CURVE('',#3282,#3282,#2636,.T.);
#4247=EDGE_CURVE('',#3280,#3283,#1652,.T.);
#4248=EDGE_CURVE('',#3283,#3283,#2637,.T.);
#4249=EDGE_CURVE('',#3281,#3284,#1653,.T.);
#4250=EDGE_CURVE('',#3284,#3284,#2638,.T.);
#4251=EDGE_CURVE('',#3282,#3285,#1654,.T.);
#4252=EDGE_CURVE('',#3285,#3285,#2639,.T.);
#4253=EDGE_CURVE('',#3017,#3238,#1655,.T.);
#4254=EDGE_CURVE('',#2771,#3117,#1656,.T.);
#4255=EDGE_CURVE('',#3274,#3286,#1657,.T.);
#4256=EDGE_CURVE('',#3287,#3286,#1658,.T.);
#4257=EDGE_CURVE('',#3276,#3287,#1659,.T.);
#4258=EDGE_CURVE('',#3288,#3287,#1660,.T.);
#4259=EDGE_CURVE('',#3277,#3288,#1661,.T.);
#4260=EDGE_CURVE('',#3289,#3288,#2640,.T.);
#4261=EDGE_CURVE('',#3278,#3289,#1662,.T.);
#4262=EDGE_CURVE('',#3290,#3289,#1663,.T.);
#4263=EDGE_CURVE('',#3279,#3290,#1664,.T.);
#4264=EDGE_CURVE('',#3291,#3290,#2641,.T.);
#4265=EDGE_CURVE('',#3275,#3291,#1665,.T.);
#4266=EDGE_CURVE('',#3286,#3291,#1666,.T.);
#4267=ORIENTED_EDGE('',*,*,#3292,.F.);
#4268=ORIENTED_EDGE('',*,*,#3293,.T.);
#4269=ORIENTED_EDGE('',*,*,#3294,.T.);
#4270=ORIENTED_EDGE('',*,*,#3295,.T.);
#4271=ORIENTED_EDGE('',*,*,#3295,.F.);
#4272=ORIENTED_EDGE('',*,*,#3296,.F.);
#4273=ORIENTED_EDGE('',*,*,#3297,.F.);
#4274=ORIENTED_EDGE('',*,*,#3298,.T.);
#4275=ORIENTED_EDGE('',*,*,#3299,.T.);
#4276=ORIENTED_EDGE('',*,*,#3300,.T.);
#4277=ORIENTED_EDGE('',*,*,#3301,.T.);
#4278=ORIENTED_EDGE('',*,*,#3302,.T.);
#4279=ORIENTED_EDGE('',*,*,#3300,.F.);
#4280=ORIENTED_EDGE('',*,*,#3303,.F.);
#4281=ORIENTED_EDGE('',*,*,#3304,.F.);
#4282=ORIENTED_EDGE('',*,*,#3305,.F.);
#4283=ORIENTED_EDGE('',*,*,#3306,.T.);
#4284=ORIENTED_EDGE('',*,*,#3307,.T.);
#4285=ORIENTED_EDGE('',*,*,#3297,.T.);
#4286=ORIENTED_EDGE('',*,*,#3308,.F.);
#4287=ORIENTED_EDGE('',*,*,#3309,.F.);
#4288=ORIENTED_EDGE('',*,*,#3310,.T.);
#4289=ORIENTED_EDGE('',*,*,#3311,.T.);
#4290=ORIENTED_EDGE('',*,*,#3312,.T.);
#4291=ORIENTED_EDGE('',*,*,#3312,.F.);
#4292=ORIENTED_EDGE('',*,*,#3313,.F.);
#4293=ORIENTED_EDGE('',*,*,#3314,.F.);
#4294=ORIENTED_EDGE('',*,*,#3315,.T.);
#4295=ORIENTED_EDGE('',*,*,#3316,.T.);
#4296=ORIENTED_EDGE('',*,*,#3317,.T.);
#4297=ORIENTED_EDGE('',*,*,#3318,.T.);
#4298=ORIENTED_EDGE('',*,*,#3319,.T.);
#4299=ORIENTED_EDGE('',*,*,#3317,.F.);
#4300=ORIENTED_EDGE('',*,*,#3320,.F.);
#4301=ORIENTED_EDGE('',*,*,#3321,.F.);
#4302=ORIENTED_EDGE('',*,*,#3322,.F.);
#4303=ORIENTED_EDGE('',*,*,#3323,.T.);
#4304=ORIENTED_EDGE('',*,*,#3324,.T.);
#4305=ORIENTED_EDGE('',*,*,#3314,.T.);
#4306=ORIENTED_EDGE('',*,*,#3325,.F.);
#4307=ORIENTED_EDGE('',*,*,#3326,.F.);
#4308=ORIENTED_EDGE('',*,*,#3327,.T.);
#4309=ORIENTED_EDGE('',*,*,#3328,.T.);
#4310=ORIENTED_EDGE('',*,*,#3329,.T.);
#4311=ORIENTED_EDGE('',*,*,#3329,.F.);
#4312=ORIENTED_EDGE('',*,*,#3330,.F.);
#4313=ORIENTED_EDGE('',*,*,#3331,.F.);
#4314=ORIENTED_EDGE('',*,*,#3332,.T.);
#4315=ORIENTED_EDGE('',*,*,#3333,.T.);
#4316=ORIENTED_EDGE('',*,*,#3334,.T.);
#4317=ORIENTED_EDGE('',*,*,#3335,.T.);
#4318=ORIENTED_EDGE('',*,*,#3336,.T.);
#4319=ORIENTED_EDGE('',*,*,#3334,.F.);
#4320=ORIENTED_EDGE('',*,*,#3337,.F.);
#4321=ORIENTED_EDGE('',*,*,#3338,.F.);
#4322=ORIENTED_EDGE('',*,*,#3339,.F.);
#4323=ORIENTED_EDGE('',*,*,#3340,.T.);
#4324=ORIENTED_EDGE('',*,*,#3341,.T.);
#4325=ORIENTED_EDGE('',*,*,#3331,.T.);
#4326=ORIENTED_EDGE('',*,*,#3342,.F.);
#4327=ORIENTED_EDGE('',*,*,#3343,.F.);
#4328=ORIENTED_EDGE('',*,*,#3344,.T.);
#4329=ORIENTED_EDGE('',*,*,#3345,.T.);
#4330=ORIENTED_EDGE('',*,*,#3346,.T.);
#4331=ORIENTED_EDGE('',*,*,#3346,.F.);
#4332=ORIENTED_EDGE('',*,*,#3347,.F.);
#4333=ORIENTED_EDGE('',*,*,#3348,.F.);
#4334=ORIENTED_EDGE('',*,*,#3349,.T.);
#4335=ORIENTED_EDGE('',*,*,#3350,.T.);
#4336=ORIENTED_EDGE('',*,*,#3351,.T.);
#4337=ORIENTED_EDGE('',*,*,#3352,.T.);
#4338=ORIENTED_EDGE('',*,*,#3353,.T.);
#4339=ORIENTED_EDGE('',*,*,#3351,.F.);
#4340=ORIENTED_EDGE('',*,*,#3354,.F.);
#4341=ORIENTED_EDGE('',*,*,#3355,.F.);
#4342=ORIENTED_EDGE('',*,*,#3356,.F.);
#4343=ORIENTED_EDGE('',*,*,#3357,.T.);
#4344=ORIENTED_EDGE('',*,*,#3358,.T.);
#4345=ORIENTED_EDGE('',*,*,#3348,.T.);
#4346=ORIENTED_EDGE('',*,*,#3359,.F.);
#4347=ORIENTED_EDGE('',*,*,#3360,.F.);
#4348=ORIENTED_EDGE('',*,*,#3361,.T.);
#4349=ORIENTED_EDGE('',*,*,#3362,.T.);
#4350=ORIENTED_EDGE('',*,*,#3363,.T.);
#4351=ORIENTED_EDGE('',*,*,#3360,.T.);
#4352=ORIENTED_EDGE('',*,*,#3364,.F.);
#4353=ORIENTED_EDGE('',*,*,#3365,.F.);
#4354=ORIENTED_EDGE('',*,*,#3366,.F.);
#4355=ORIENTED_EDGE('',*,*,#3367,.T.);
#4356=ORIENTED_EDGE('',*,*,#3368,.F.);
#4357=ORIENTED_EDGE('',*,*,#3363,.F.);
#4358=ORIENTED_EDGE('',*,*,#3369,.F.);
#4359=ORIENTED_EDGE('',*,*,#3370,.F.);
#4360=ORIENTED_EDGE('',*,*,#3364,.T.);
#4361=ORIENTED_EDGE('',*,*,#3371,.T.);
#4362=ORIENTED_EDGE('',*,*,#3372,.T.);
#4363=ORIENTED_EDGE('',*,*,#3373,.T.);
#4364=ORIENTED_EDGE('',*,*,#3374,.T.);
#4365=ORIENTED_EDGE('',*,*,#3372,.F.);
#4366=ORIENTED_EDGE('',*,*,#3375,.F.);
#4367=ORIENTED_EDGE('',*,*,#3376,.F.);
#4368=ORIENTED_EDGE('',*,*,#3377,.F.);
#4369=ORIENTED_EDGE('',*,*,#3378,.T.);
#4370=ORIENTED_EDGE('',*,*,#3365,.T.);
#4371=ORIENTED_EDGE('',*,*,#3370,.T.);
#4372=ORIENTED_EDGE('',*,*,#3379,.F.);
#4373=ORIENTED_EDGE('',*,*,#3380,.F.);
#4374=ORIENTED_EDGE('',*,*,#3381,.T.);
#4375=ORIENTED_EDGE('',*,*,#3382,.T.);
#4376=ORIENTED_EDGE('',*,*,#3383,.T.);
#4377=ORIENTED_EDGE('',*,*,#3380,.T.);
#4378=ORIENTED_EDGE('',*,*,#3384,.F.);
#4379=ORIENTED_EDGE('',*,*,#3385,.F.);
#4380=ORIENTED_EDGE('',*,*,#3386,.F.);
#4381=ORIENTED_EDGE('',*,*,#3387,.T.);
#4382=ORIENTED_EDGE('',*,*,#3388,.F.);
#4383=ORIENTED_EDGE('',*,*,#3383,.F.);
#4384=ORIENTED_EDGE('',*,*,#3389,.F.);
#4385=ORIENTED_EDGE('',*,*,#3390,.F.);
#4386=ORIENTED_EDGE('',*,*,#3384,.T.);
#4387=ORIENTED_EDGE('',*,*,#3391,.T.);
#4388=ORIENTED_EDGE('',*,*,#3392,.T.);
#4389=ORIENTED_EDGE('',*,*,#3393,.T.);
#4390=ORIENTED_EDGE('',*,*,#3394,.T.);
#4391=ORIENTED_EDGE('',*,*,#3392,.F.);
#4392=ORIENTED_EDGE('',*,*,#3395,.F.);
#4393=ORIENTED_EDGE('',*,*,#3396,.F.);
#4394=ORIENTED_EDGE('',*,*,#3397,.F.);
#4395=ORIENTED_EDGE('',*,*,#3398,.T.);
#4396=ORIENTED_EDGE('',*,*,#3385,.T.);
#4397=ORIENTED_EDGE('',*,*,#3390,.T.);
#4398=ORIENTED_EDGE('',*,*,#3399,.F.);
#4399=ORIENTED_EDGE('',*,*,#3400,.F.);
#4400=ORIENTED_EDGE('',*,*,#3401,.T.);
#4401=ORIENTED_EDGE('',*,*,#3402,.T.);
#4402=ORIENTED_EDGE('',*,*,#3403,.T.);
#4403=ORIENTED_EDGE('',*,*,#3400,.T.);
#4404=ORIENTED_EDGE('',*,*,#3404,.F.);
#4405=ORIENTED_EDGE('',*,*,#3405,.F.);
#4406=ORIENTED_EDGE('',*,*,#3406,.F.);
#4407=ORIENTED_EDGE('',*,*,#3407,.T.);
#4408=ORIENTED_EDGE('',*,*,#3408,.F.);
#4409=ORIENTED_EDGE('',*,*,#3403,.F.);
#4410=ORIENTED_EDGE('',*,*,#3409,.F.);
#4411=ORIENTED_EDGE('',*,*,#3410,.F.);
#4412=ORIENTED_EDGE('',*,*,#3404,.T.);
#4413=ORIENTED_EDGE('',*,*,#3411,.T.);
#4414=ORIENTED_EDGE('',*,*,#3412,.T.);
#4415=ORIENTED_EDGE('',*,*,#3413,.T.);
#4416=ORIENTED_EDGE('',*,*,#3414,.T.);
#4417=ORIENTED_EDGE('',*,*,#3412,.F.);
#4418=ORIENTED_EDGE('',*,*,#3415,.F.);
#4419=ORIENTED_EDGE('',*,*,#3416,.F.);
#4420=ORIENTED_EDGE('',*,*,#3417,.F.);
#4421=ORIENTED_EDGE('',*,*,#3418,.T.);
#4422=ORIENTED_EDGE('',*,*,#3405,.T.);
#4423=ORIENTED_EDGE('',*,*,#3410,.T.);
#4424=ORIENTED_EDGE('',*,*,#3419,.F.);
#4425=ORIENTED_EDGE('',*,*,#3420,.F.);
#4426=ORIENTED_EDGE('',*,*,#3421,.T.);
#4427=ORIENTED_EDGE('',*,*,#3422,.T.);
#4428=ORIENTED_EDGE('',*,*,#3423,.T.);
#4429=ORIENTED_EDGE('',*,*,#3420,.T.);
#4430=ORIENTED_EDGE('',*,*,#3424,.F.);
#4431=ORIENTED_EDGE('',*,*,#3425,.F.);
#4432=ORIENTED_EDGE('',*,*,#3426,.F.);
#4433=ORIENTED_EDGE('',*,*,#3427,.T.);
#4434=ORIENTED_EDGE('',*,*,#3428,.F.);
#4435=ORIENTED_EDGE('',*,*,#3423,.F.);
#4436=ORIENTED_EDGE('',*,*,#3429,.F.);
#4437=ORIENTED_EDGE('',*,*,#3430,.F.);
#4438=ORIENTED_EDGE('',*,*,#3424,.T.);
#4439=ORIENTED_EDGE('',*,*,#3431,.T.);
#4440=ORIENTED_EDGE('',*,*,#3432,.T.);
#4441=ORIENTED_EDGE('',*,*,#3433,.T.);
#4442=ORIENTED_EDGE('',*,*,#3434,.T.);
#4443=ORIENTED_EDGE('',*,*,#3432,.F.);
#4444=ORIENTED_EDGE('',*,*,#3435,.F.);
#4445=ORIENTED_EDGE('',*,*,#3436,.F.);
#4446=ORIENTED_EDGE('',*,*,#3437,.F.);
#4447=ORIENTED_EDGE('',*,*,#3438,.T.);
#4448=ORIENTED_EDGE('',*,*,#3425,.T.);
#4449=ORIENTED_EDGE('',*,*,#3430,.T.);
#4450=ORIENTED_EDGE('',*,*,#3439,.F.);
#4451=ORIENTED_EDGE('',*,*,#3440,.F.);
#4452=ORIENTED_EDGE('',*,*,#3441,.T.);
#4453=ORIENTED_EDGE('',*,*,#3442,.T.);
#4454=ORIENTED_EDGE('',*,*,#3443,.T.);
#4455=ORIENTED_EDGE('',*,*,#3440,.T.);
#4456=ORIENTED_EDGE('',*,*,#3444,.F.);
#4457=ORIENTED_EDGE('',*,*,#3445,.F.);
#4458=ORIENTED_EDGE('',*,*,#3446,.F.);
#4459=ORIENTED_EDGE('',*,*,#3447,.T.);
#4460=ORIENTED_EDGE('',*,*,#3448,.F.);
#4461=ORIENTED_EDGE('',*,*,#3443,.F.);
#4462=ORIENTED_EDGE('',*,*,#3449,.F.);
#4463=ORIENTED_EDGE('',*,*,#3450,.F.);
#4464=ORIENTED_EDGE('',*,*,#3444,.T.);
#4465=ORIENTED_EDGE('',*,*,#3451,.T.);
#4466=ORIENTED_EDGE('',*,*,#3452,.T.);
#4467=ORIENTED_EDGE('',*,*,#3453,.T.);
#4468=ORIENTED_EDGE('',*,*,#3454,.T.);
#4469=ORIENTED_EDGE('',*,*,#3452,.F.);
#4470=ORIENTED_EDGE('',*,*,#3455,.F.);
#4471=ORIENTED_EDGE('',*,*,#3456,.F.);
#4472=ORIENTED_EDGE('',*,*,#3457,.F.);
#4473=ORIENTED_EDGE('',*,*,#3458,.T.);
#4474=ORIENTED_EDGE('',*,*,#3445,.T.);
#4475=ORIENTED_EDGE('',*,*,#3450,.T.);
#4476=ORIENTED_EDGE('',*,*,#3459,.F.);
#4477=ORIENTED_EDGE('',*,*,#3460,.F.);
#4478=ORIENTED_EDGE('',*,*,#3461,.T.);
#4479=ORIENTED_EDGE('',*,*,#3462,.T.);
#4480=ORIENTED_EDGE('',*,*,#3463,.T.);
#4481=ORIENTED_EDGE('',*,*,#3460,.T.);
#4482=ORIENTED_EDGE('',*,*,#3464,.F.);
#4483=ORIENTED_EDGE('',*,*,#3465,.F.);
#4484=ORIENTED_EDGE('',*,*,#3466,.F.);
#4485=ORIENTED_EDGE('',*,*,#3467,.T.);
#4486=ORIENTED_EDGE('',*,*,#3468,.F.);
#4487=ORIENTED_EDGE('',*,*,#3463,.F.);
#4488=ORIENTED_EDGE('',*,*,#3469,.F.);
#4489=ORIENTED_EDGE('',*,*,#3470,.F.);
#4490=ORIENTED_EDGE('',*,*,#3464,.T.);
#4491=ORIENTED_EDGE('',*,*,#3471,.T.);
#4492=ORIENTED_EDGE('',*,*,#3472,.T.);
#4493=ORIENTED_EDGE('',*,*,#3473,.T.);
#4494=ORIENTED_EDGE('',*,*,#3474,.T.);
#4495=ORIENTED_EDGE('',*,*,#3472,.F.);
#4496=ORIENTED_EDGE('',*,*,#3475,.F.);
#4497=ORIENTED_EDGE('',*,*,#3476,.F.);
#4498=ORIENTED_EDGE('',*,*,#3477,.F.);
#4499=ORIENTED_EDGE('',*,*,#3478,.T.);
#4500=ORIENTED_EDGE('',*,*,#3465,.T.);
#4501=ORIENTED_EDGE('',*,*,#3470,.T.);
#4502=ORIENTED_EDGE('',*,*,#3479,.F.);
#4503=ORIENTED_EDGE('',*,*,#3480,.F.);
#4504=ORIENTED_EDGE('',*,*,#3481,.T.);
#4505=ORIENTED_EDGE('',*,*,#3482,.T.);
#4506=ORIENTED_EDGE('',*,*,#3483,.T.);
#4507=ORIENTED_EDGE('',*,*,#3480,.T.);
#4508=ORIENTED_EDGE('',*,*,#3484,.F.);
#4509=ORIENTED_EDGE('',*,*,#3485,.F.);
#4510=ORIENTED_EDGE('',*,*,#3486,.F.);
#4511=ORIENTED_EDGE('',*,*,#3487,.T.);
#4512=ORIENTED_EDGE('',*,*,#3488,.F.);
#4513=ORIENTED_EDGE('',*,*,#3483,.F.);
#4514=ORIENTED_EDGE('',*,*,#3489,.F.);
#4515=ORIENTED_EDGE('',*,*,#3490,.F.);
#4516=ORIENTED_EDGE('',*,*,#3484,.T.);
#4517=ORIENTED_EDGE('',*,*,#3491,.T.);
#4518=ORIENTED_EDGE('',*,*,#3492,.T.);
#4519=ORIENTED_EDGE('',*,*,#3493,.T.);
#4520=ORIENTED_EDGE('',*,*,#3494,.T.);
#4521=ORIENTED_EDGE('',*,*,#3492,.F.);
#4522=ORIENTED_EDGE('',*,*,#3495,.F.);
#4523=ORIENTED_EDGE('',*,*,#3496,.F.);
#4524=ORIENTED_EDGE('',*,*,#3497,.F.);
#4525=ORIENTED_EDGE('',*,*,#3498,.T.);
#4526=ORIENTED_EDGE('',*,*,#3485,.T.);
#4527=ORIENTED_EDGE('',*,*,#3490,.T.);
#4528=ORIENTED_EDGE('',*,*,#3499,.F.);
#4529=ORIENTED_EDGE('',*,*,#3500,.F.);
#4530=ORIENTED_EDGE('',*,*,#3501,.T.);
#4531=ORIENTED_EDGE('',*,*,#3502,.T.);
#4532=ORIENTED_EDGE('',*,*,#3503,.T.);
#4533=ORIENTED_EDGE('',*,*,#3500,.T.);
#4534=ORIENTED_EDGE('',*,*,#3504,.F.);
#4535=ORIENTED_EDGE('',*,*,#3505,.F.);
#4536=ORIENTED_EDGE('',*,*,#3506,.F.);
#4537=ORIENTED_EDGE('',*,*,#3507,.T.);
#4538=ORIENTED_EDGE('',*,*,#3508,.F.);
#4539=ORIENTED_EDGE('',*,*,#3503,.F.);
#4540=ORIENTED_EDGE('',*,*,#3509,.F.);
#4541=ORIENTED_EDGE('',*,*,#3510,.F.);
#4542=ORIENTED_EDGE('',*,*,#3504,.T.);
#4543=ORIENTED_EDGE('',*,*,#3511,.T.);
#4544=ORIENTED_EDGE('',*,*,#3512,.T.);
#4545=ORIENTED_EDGE('',*,*,#3513,.T.);
#4546=ORIENTED_EDGE('',*,*,#3514,.T.);
#4547=ORIENTED_EDGE('',*,*,#3512,.F.);
#4548=ORIENTED_EDGE('',*,*,#3515,.F.);
#4549=ORIENTED_EDGE('',*,*,#3516,.F.);
#4550=ORIENTED_EDGE('',*,*,#3517,.F.);
#4551=ORIENTED_EDGE('',*,*,#3518,.T.);
#4552=ORIENTED_EDGE('',*,*,#3505,.T.);
#4553=ORIENTED_EDGE('',*,*,#3510,.T.);
#4554=ORIENTED_EDGE('',*,*,#3519,.F.);
#4555=ORIENTED_EDGE('',*,*,#3520,.F.);
#4556=ORIENTED_EDGE('',*,*,#3521,.T.);
#4557=ORIENTED_EDGE('',*,*,#3522,.T.);
#4558=ORIENTED_EDGE('',*,*,#3523,.T.);
#4559=ORIENTED_EDGE('',*,*,#3520,.T.);
#4560=ORIENTED_EDGE('',*,*,#3524,.F.);
#4561=ORIENTED_EDGE('',*,*,#3525,.F.);
#4562=ORIENTED_EDGE('',*,*,#3526,.F.);
#4563=ORIENTED_EDGE('',*,*,#3527,.T.);
#4564=ORIENTED_EDGE('',*,*,#3528,.F.);
#4565=ORIENTED_EDGE('',*,*,#3523,.F.);
#4566=ORIENTED_EDGE('',*,*,#3529,.F.);
#4567=ORIENTED_EDGE('',*,*,#3530,.F.);
#4568=ORIENTED_EDGE('',*,*,#3524,.T.);
#4569=ORIENTED_EDGE('',*,*,#3531,.T.);
#4570=ORIENTED_EDGE('',*,*,#3532,.T.);
#4571=ORIENTED_EDGE('',*,*,#3533,.T.);
#4572=ORIENTED_EDGE('',*,*,#3534,.T.);
#4573=ORIENTED_EDGE('',*,*,#3532,.F.);
#4574=ORIENTED_EDGE('',*,*,#3535,.F.);
#4575=ORIENTED_EDGE('',*,*,#3536,.F.);
#4576=ORIENTED_EDGE('',*,*,#3537,.F.);
#4577=ORIENTED_EDGE('',*,*,#3538,.T.);
#4578=ORIENTED_EDGE('',*,*,#3525,.T.);
#4579=ORIENTED_EDGE('',*,*,#3530,.T.);
#4580=ORIENTED_EDGE('',*,*,#3539,.F.);
#4581=ORIENTED_EDGE('',*,*,#3540,.F.);
#4582=ORIENTED_EDGE('',*,*,#3541,.T.);
#4583=ORIENTED_EDGE('',*,*,#3542,.T.);
#4584=ORIENTED_EDGE('',*,*,#3543,.T.);
#4585=ORIENTED_EDGE('',*,*,#3540,.T.);
#4586=ORIENTED_EDGE('',*,*,#3544,.F.);
#4587=ORIENTED_EDGE('',*,*,#3545,.F.);
#4588=ORIENTED_EDGE('',*,*,#3546,.F.);
#4589=ORIENTED_EDGE('',*,*,#3547,.T.);
#4590=ORIENTED_EDGE('',*,*,#3548,.F.);
#4591=ORIENTED_EDGE('',*,*,#3543,.F.);
#4592=ORIENTED_EDGE('',*,*,#3549,.F.);
#4593=ORIENTED_EDGE('',*,*,#3550,.F.);
#4594=ORIENTED_EDGE('',*,*,#3544,.T.);
#4595=ORIENTED_EDGE('',*,*,#3551,.T.);
#4596=ORIENTED_EDGE('',*,*,#3552,.T.);
#4597=ORIENTED_EDGE('',*,*,#3553,.T.);
#4598=ORIENTED_EDGE('',*,*,#3554,.T.);
#4599=ORIENTED_EDGE('',*,*,#3552,.F.);
#4600=ORIENTED_EDGE('',*,*,#3555,.F.);
#4601=ORIENTED_EDGE('',*,*,#3556,.F.);
#4602=ORIENTED_EDGE('',*,*,#3557,.F.);
#4603=ORIENTED_EDGE('',*,*,#3558,.T.);
#4604=ORIENTED_EDGE('',*,*,#3545,.T.);
#4605=ORIENTED_EDGE('',*,*,#3550,.T.);
#4606=ORIENTED_EDGE('',*,*,#3559,.F.);
#4607=ORIENTED_EDGE('',*,*,#3560,.F.);
#4608=ORIENTED_EDGE('',*,*,#3561,.T.);
#4609=ORIENTED_EDGE('',*,*,#3562,.T.);
#4610=ORIENTED_EDGE('',*,*,#3563,.T.);
#4611=ORIENTED_EDGE('',*,*,#3560,.T.);
#4612=ORIENTED_EDGE('',*,*,#3564,.F.);
#4613=ORIENTED_EDGE('',*,*,#3565,.F.);
#4614=ORIENTED_EDGE('',*,*,#3566,.F.);
#4615=ORIENTED_EDGE('',*,*,#3567,.T.);
#4616=ORIENTED_EDGE('',*,*,#3568,.F.);
#4617=ORIENTED_EDGE('',*,*,#3563,.F.);
#4618=ORIENTED_EDGE('',*,*,#3569,.F.);
#4619=ORIENTED_EDGE('',*,*,#3570,.F.);
#4620=ORIENTED_EDGE('',*,*,#3564,.T.);
#4621=ORIENTED_EDGE('',*,*,#3571,.T.);
#4622=ORIENTED_EDGE('',*,*,#3572,.T.);
#4623=ORIENTED_EDGE('',*,*,#3573,.T.);
#4624=ORIENTED_EDGE('',*,*,#3574,.T.);
#4625=ORIENTED_EDGE('',*,*,#3572,.F.);
#4626=ORIENTED_EDGE('',*,*,#3575,.F.);
#4627=ORIENTED_EDGE('',*,*,#3576,.F.);
#4628=ORIENTED_EDGE('',*,*,#3577,.F.);
#4629=ORIENTED_EDGE('',*,*,#3578,.T.);
#4630=ORIENTED_EDGE('',*,*,#3565,.T.);
#4631=ORIENTED_EDGE('',*,*,#3570,.T.);
#4632=ORIENTED_EDGE('',*,*,#3579,.F.);
#4633=ORIENTED_EDGE('',*,*,#3580,.F.);
#4634=ORIENTED_EDGE('',*,*,#3581,.T.);
#4635=ORIENTED_EDGE('',*,*,#3582,.T.);
#4636=ORIENTED_EDGE('',*,*,#3583,.T.);
#4637=ORIENTED_EDGE('',*,*,#3580,.T.);
#4638=ORIENTED_EDGE('',*,*,#3584,.F.);
#4639=ORIENTED_EDGE('',*,*,#3585,.F.);
#4640=ORIENTED_EDGE('',*,*,#3586,.F.);
#4641=ORIENTED_EDGE('',*,*,#3587,.T.);
#4642=ORIENTED_EDGE('',*,*,#3588,.F.);
#4643=ORIENTED_EDGE('',*,*,#3583,.F.);
#4644=ORIENTED_EDGE('',*,*,#3589,.F.);
#4645=ORIENTED_EDGE('',*,*,#3590,.F.);
#4646=ORIENTED_EDGE('',*,*,#3584,.T.);
#4647=ORIENTED_EDGE('',*,*,#3591,.T.);
#4648=ORIENTED_EDGE('',*,*,#3592,.T.);
#4649=ORIENTED_EDGE('',*,*,#3593,.T.);
#4650=ORIENTED_EDGE('',*,*,#3594,.T.);
#4651=ORIENTED_EDGE('',*,*,#3592,.F.);
#4652=ORIENTED_EDGE('',*,*,#3595,.F.);
#4653=ORIENTED_EDGE('',*,*,#3596,.F.);
#4654=ORIENTED_EDGE('',*,*,#3597,.F.);
#4655=ORIENTED_EDGE('',*,*,#3598,.T.);
#4656=ORIENTED_EDGE('',*,*,#3585,.T.);
#4657=ORIENTED_EDGE('',*,*,#3590,.T.);
#4658=ORIENTED_EDGE('',*,*,#3599,.F.);
#4659=ORIENTED_EDGE('',*,*,#3600,.T.);
#4660=ORIENTED_EDGE('',*,*,#3601,.T.);
#4661=ORIENTED_EDGE('',*,*,#3602,.T.);
#4662=ORIENTED_EDGE('',*,*,#3603,.T.);
#4663=ORIENTED_EDGE('',*,*,#3414,.F.);
#4664=ORIENTED_EDGE('',*,*,#3604,.F.);
#4665=ORIENTED_EDGE('',*,*,#3601,.F.);
#4666=ORIENTED_EDGE('',*,*,#3605,.F.);
#4667=ORIENTED_EDGE('',*,*,#3606,.F.);
#4668=ORIENTED_EDGE('',*,*,#3607,.T.);
#4669=ORIENTED_EDGE('',*,*,#3608,.T.);
#4670=ORIENTED_EDGE('',*,*,#3609,.T.);
#4671=ORIENTED_EDGE('',*,*,#3606,.T.);
#4672=ORIENTED_EDGE('',*,*,#3610,.F.);
#4673=ORIENTED_EDGE('',*,*,#3611,.T.);
#4674=ORIENTED_EDGE('',*,*,#3612,.F.);
#4675=ORIENTED_EDGE('',*,*,#3613,.F.);
#4676=ORIENTED_EDGE('',*,*,#3614,.F.);
#4677=ORIENTED_EDGE('',*,*,#3609,.F.);
#4678=ORIENTED_EDGE('',*,*,#3615,.F.);
#4679=ORIENTED_EDGE('',*,*,#3616,.F.);
#4680=ORIENTED_EDGE('',*,*,#3610,.T.);
#4681=ORIENTED_EDGE('',*,*,#3617,.T.);
#4682=ORIENTED_EDGE('',*,*,#3618,.T.);
#4683=ORIENTED_EDGE('',*,*,#3619,.T.);
#4684=ORIENTED_EDGE('',*,*,#3620,.T.);
#4685=ORIENTED_EDGE('',*,*,#3594,.F.);
#4686=ORIENTED_EDGE('',*,*,#3621,.F.);
#4687=ORIENTED_EDGE('',*,*,#3618,.F.);
#4688=ORIENTED_EDGE('',*,*,#3622,.F.);
#4689=ORIENTED_EDGE('',*,*,#3623,.F.);
#4690=ORIENTED_EDGE('',*,*,#3624,.T.);
#4691=ORIENTED_EDGE('',*,*,#3625,.T.);
#4692=ORIENTED_EDGE('',*,*,#3626,.T.);
#4693=ORIENTED_EDGE('',*,*,#3623,.T.);
#4694=ORIENTED_EDGE('',*,*,#3627,.F.);
#4695=ORIENTED_EDGE('',*,*,#3628,.T.);
#4696=ORIENTED_EDGE('',*,*,#3629,.F.);
#4697=ORIENTED_EDGE('',*,*,#3630,.F.);
#4698=ORIENTED_EDGE('',*,*,#3631,.F.);
#4699=ORIENTED_EDGE('',*,*,#3626,.F.);
#4700=ORIENTED_EDGE('',*,*,#3632,.F.);
#4701=ORIENTED_EDGE('',*,*,#3633,.F.);
#4702=ORIENTED_EDGE('',*,*,#3627,.T.);
#4703=ORIENTED_EDGE('',*,*,#3634,.T.);
#4704=ORIENTED_EDGE('',*,*,#3635,.T.);
#4705=ORIENTED_EDGE('',*,*,#3636,.T.);
#4706=ORIENTED_EDGE('',*,*,#3637,.T.);
#4707=ORIENTED_EDGE('',*,*,#3554,.F.);
#4708=ORIENTED_EDGE('',*,*,#3638,.F.);
#4709=ORIENTED_EDGE('',*,*,#3635,.F.);
#4710=ORIENTED_EDGE('',*,*,#3639,.F.);
#4711=ORIENTED_EDGE('',*,*,#3640,.F.);
#4712=ORIENTED_EDGE('',*,*,#3641,.T.);
#4713=ORIENTED_EDGE('',*,*,#3642,.T.);
#4714=ORIENTED_EDGE('',*,*,#3643,.T.);
#4715=ORIENTED_EDGE('',*,*,#3640,.T.);
#4716=ORIENTED_EDGE('',*,*,#3644,.F.);
#4717=ORIENTED_EDGE('',*,*,#3645,.T.);
#4718=ORIENTED_EDGE('',*,*,#3646,.F.);
#4719=ORIENTED_EDGE('',*,*,#3647,.F.);
#4720=ORIENTED_EDGE('',*,*,#3648,.F.);
#4721=ORIENTED_EDGE('',*,*,#3643,.F.);
#4722=ORIENTED_EDGE('',*,*,#3649,.F.);
#4723=ORIENTED_EDGE('',*,*,#3650,.F.);
#4724=ORIENTED_EDGE('',*,*,#3644,.T.);
#4725=ORIENTED_EDGE('',*,*,#3651,.T.);
#4726=ORIENTED_EDGE('',*,*,#3652,.T.);
#4727=ORIENTED_EDGE('',*,*,#3653,.T.);
#4728=ORIENTED_EDGE('',*,*,#3654,.T.);
#4729=ORIENTED_EDGE('',*,*,#3534,.F.);
#4730=ORIENTED_EDGE('',*,*,#3655,.F.);
#4731=ORIENTED_EDGE('',*,*,#3652,.F.);
#4732=ORIENTED_EDGE('',*,*,#3656,.F.);
#4733=ORIENTED_EDGE('',*,*,#3657,.F.);
#4734=ORIENTED_EDGE('',*,*,#3658,.T.);
#4735=ORIENTED_EDGE('',*,*,#3659,.T.);
#4736=ORIENTED_EDGE('',*,*,#3660,.T.);
#4737=ORIENTED_EDGE('',*,*,#3657,.T.);
#4738=ORIENTED_EDGE('',*,*,#3661,.F.);
#4739=ORIENTED_EDGE('',*,*,#3662,.T.);
#4740=ORIENTED_EDGE('',*,*,#3663,.F.);
#4741=ORIENTED_EDGE('',*,*,#3664,.F.);
#4742=ORIENTED_EDGE('',*,*,#3665,.F.);
#4743=ORIENTED_EDGE('',*,*,#3660,.F.);
#4744=ORIENTED_EDGE('',*,*,#3666,.F.);
#4745=ORIENTED_EDGE('',*,*,#3667,.F.);
#4746=ORIENTED_EDGE('',*,*,#3661,.T.);
#4747=ORIENTED_EDGE('',*,*,#3668,.T.);
#4748=ORIENTED_EDGE('',*,*,#3669,.T.);
#4749=ORIENTED_EDGE('',*,*,#3670,.T.);
#4750=ORIENTED_EDGE('',*,*,#3671,.T.);
#4751=ORIENTED_EDGE('',*,*,#3434,.F.);
#4752=ORIENTED_EDGE('',*,*,#3672,.F.);
#4753=ORIENTED_EDGE('',*,*,#3669,.F.);
#4754=ORIENTED_EDGE('',*,*,#3673,.F.);
#4755=ORIENTED_EDGE('',*,*,#3674,.F.);
#4756=ORIENTED_EDGE('',*,*,#3675,.T.);
#4757=ORIENTED_EDGE('',*,*,#3676,.T.);
#4758=ORIENTED_EDGE('',*,*,#3677,.T.);
#4759=ORIENTED_EDGE('',*,*,#3674,.T.);
#4760=ORIENTED_EDGE('',*,*,#3678,.F.);
#4761=ORIENTED_EDGE('',*,*,#3679,.T.);
#4762=ORIENTED_EDGE('',*,*,#3680,.F.);
#4763=ORIENTED_EDGE('',*,*,#3681,.F.);
#4764=ORIENTED_EDGE('',*,*,#3682,.F.);
#4765=ORIENTED_EDGE('',*,*,#3677,.F.);
#4766=ORIENTED_EDGE('',*,*,#3683,.F.);
#4767=ORIENTED_EDGE('',*,*,#3684,.F.);
#4768=ORIENTED_EDGE('',*,*,#3678,.T.);
#4769=ORIENTED_EDGE('',*,*,#3685,.T.);
#4770=ORIENTED_EDGE('',*,*,#3686,.T.);
#4771=ORIENTED_EDGE('',*,*,#3687,.T.);
#4772=ORIENTED_EDGE('',*,*,#3688,.T.);
#4773=ORIENTED_EDGE('',*,*,#3319,.F.);
#4774=ORIENTED_EDGE('',*,*,#3689,.F.);
#4775=ORIENTED_EDGE('',*,*,#3686,.F.);
#4776=ORIENTED_EDGE('',*,*,#3690,.F.);
#4777=ORIENTED_EDGE('',*,*,#3691,.F.);
#4778=ORIENTED_EDGE('',*,*,#3692,.T.);
#4779=ORIENTED_EDGE('',*,*,#3693,.T.);
#4780=ORIENTED_EDGE('',*,*,#3694,.T.);
#4781=ORIENTED_EDGE('',*,*,#3692,.F.);
#4782=ORIENTED_EDGE('',*,*,#3695,.T.);
#4783=ORIENTED_EDGE('',*,*,#3696,.F.);
#4784=ORIENTED_EDGE('',*,*,#3697,.F.);
#4785=ORIENTED_EDGE('',*,*,#3698,.T.);
#4786=ORIENTED_EDGE('',*,*,#3699,.T.);
#4787=ORIENTED_EDGE('',*,*,#3700,.T.);
#4788=ORIENTED_EDGE('',*,*,#3701,.T.);
#4789=ORIENTED_EDGE('',*,*,#3494,.F.);
#4790=ORIENTED_EDGE('',*,*,#3702,.F.);
#4791=ORIENTED_EDGE('',*,*,#3699,.F.);
#4792=ORIENTED_EDGE('',*,*,#3703,.F.);
#4793=ORIENTED_EDGE('',*,*,#3704,.F.);
#4794=ORIENTED_EDGE('',*,*,#3705,.T.);
#4795=ORIENTED_EDGE('',*,*,#3706,.T.);
#4796=ORIENTED_EDGE('',*,*,#3707,.T.);
#4797=ORIENTED_EDGE('',*,*,#3704,.T.);
#4798=ORIENTED_EDGE('',*,*,#3708,.F.);
#4799=ORIENTED_EDGE('',*,*,#3709,.T.);
#4800=ORIENTED_EDGE('',*,*,#3710,.F.);
#4801=ORIENTED_EDGE('',*,*,#3711,.F.);
#4802=ORIENTED_EDGE('',*,*,#3712,.F.);
#4803=ORIENTED_EDGE('',*,*,#3707,.F.);
#4804=ORIENTED_EDGE('',*,*,#3713,.F.);
#4805=ORIENTED_EDGE('',*,*,#3714,.F.);
#4806=ORIENTED_EDGE('',*,*,#3708,.T.);
#4807=ORIENTED_EDGE('',*,*,#3715,.T.);
#4808=ORIENTED_EDGE('',*,*,#3716,.T.);
#4809=ORIENTED_EDGE('',*,*,#3717,.T.);
#4810=ORIENTED_EDGE('',*,*,#3718,.T.);
#4811=ORIENTED_EDGE('',*,*,#3514,.F.);
#4812=ORIENTED_EDGE('',*,*,#3719,.F.);
#4813=ORIENTED_EDGE('',*,*,#3716,.F.);
#4814=ORIENTED_EDGE('',*,*,#3720,.F.);
#4815=ORIENTED_EDGE('',*,*,#3721,.F.);
#4816=ORIENTED_EDGE('',*,*,#3722,.T.);
#4817=ORIENTED_EDGE('',*,*,#3723,.T.);
#4818=ORIENTED_EDGE('',*,*,#3724,.T.);
#4819=ORIENTED_EDGE('',*,*,#3721,.T.);
#4820=ORIENTED_EDGE('',*,*,#3725,.F.);
#4821=ORIENTED_EDGE('',*,*,#3726,.T.);
#4822=ORIENTED_EDGE('',*,*,#3727,.F.);
#4823=ORIENTED_EDGE('',*,*,#3728,.F.);
#4824=ORIENTED_EDGE('',*,*,#3729,.F.);
#4825=ORIENTED_EDGE('',*,*,#3724,.F.);
#4826=ORIENTED_EDGE('',*,*,#3730,.F.);
#4827=ORIENTED_EDGE('',*,*,#3731,.F.);
#4828=ORIENTED_EDGE('',*,*,#3725,.T.);
#4829=ORIENTED_EDGE('',*,*,#3732,.T.);
#4830=ORIENTED_EDGE('',*,*,#3733,.T.);
#4831=ORIENTED_EDGE('',*,*,#3734,.T.);
#4832=ORIENTED_EDGE('',*,*,#3735,.T.);
#4833=ORIENTED_EDGE('',*,*,#3574,.F.);
#4834=ORIENTED_EDGE('',*,*,#3736,.F.);
#4835=ORIENTED_EDGE('',*,*,#3733,.F.);
#4836=ORIENTED_EDGE('',*,*,#3737,.F.);
#4837=ORIENTED_EDGE('',*,*,#3738,.F.);
#4838=ORIENTED_EDGE('',*,*,#3739,.T.);
#4839=ORIENTED_EDGE('',*,*,#3740,.T.);
#4840=ORIENTED_EDGE('',*,*,#3741,.T.);
#4841=ORIENTED_EDGE('',*,*,#3738,.T.);
#4842=ORIENTED_EDGE('',*,*,#3742,.F.);
#4843=ORIENTED_EDGE('',*,*,#3743,.T.);
#4844=ORIENTED_EDGE('',*,*,#3744,.F.);
#4845=ORIENTED_EDGE('',*,*,#3745,.F.);
#4846=ORIENTED_EDGE('',*,*,#3746,.F.);
#4847=ORIENTED_EDGE('',*,*,#3741,.F.);
#4848=ORIENTED_EDGE('',*,*,#3747,.F.);
#4849=ORIENTED_EDGE('',*,*,#3748,.F.);
#4850=ORIENTED_EDGE('',*,*,#3742,.T.);
#4851=ORIENTED_EDGE('',*,*,#3749,.T.);
#4852=ORIENTED_EDGE('',*,*,#3750,.T.);
#4853=ORIENTED_EDGE('',*,*,#3751,.T.);
#4854=ORIENTED_EDGE('',*,*,#3752,.T.);
#4855=ORIENTED_EDGE('',*,*,#3474,.F.);
#4856=ORIENTED_EDGE('',*,*,#3753,.F.);
#4857=ORIENTED_EDGE('',*,*,#3750,.F.);
#4858=ORIENTED_EDGE('',*,*,#3754,.F.);
#4859=ORIENTED_EDGE('',*,*,#3755,.F.);
#4860=ORIENTED_EDGE('',*,*,#3756,.T.);
#4861=ORIENTED_EDGE('',*,*,#3757,.T.);
#4862=ORIENTED_EDGE('',*,*,#3758,.T.);
#4863=ORIENTED_EDGE('',*,*,#3755,.T.);
#4864=ORIENTED_EDGE('',*,*,#3759,.F.);
#4865=ORIENTED_EDGE('',*,*,#3760,.T.);
#4866=ORIENTED_EDGE('',*,*,#3761,.F.);
#4867=ORIENTED_EDGE('',*,*,#3762,.F.);
#4868=ORIENTED_EDGE('',*,*,#3763,.F.);
#4869=ORIENTED_EDGE('',*,*,#3758,.F.);
#4870=ORIENTED_EDGE('',*,*,#3764,.F.);
#4871=ORIENTED_EDGE('',*,*,#3765,.F.);
#4872=ORIENTED_EDGE('',*,*,#3759,.T.);
#4873=ORIENTED_EDGE('',*,*,#3766,.T.);
#4874=ORIENTED_EDGE('',*,*,#3767,.T.);
#4875=ORIENTED_EDGE('',*,*,#3768,.T.);
#4876=ORIENTED_EDGE('',*,*,#3769,.T.);
#4877=ORIENTED_EDGE('',*,*,#3302,.F.);
#4878=ORIENTED_EDGE('',*,*,#3770,.F.);
#4879=ORIENTED_EDGE('',*,*,#3767,.F.);
#4880=ORIENTED_EDGE('',*,*,#3771,.F.);
#4881=ORIENTED_EDGE('',*,*,#3772,.F.);
#4882=ORIENTED_EDGE('',*,*,#3773,.T.);
#4883=ORIENTED_EDGE('',*,*,#3774,.T.);
#4884=ORIENTED_EDGE('',*,*,#3775,.T.);
#4885=ORIENTED_EDGE('',*,*,#3775,.F.);
#4886=ORIENTED_EDGE('',*,*,#3776,.F.);
#4887=ORIENTED_EDGE('',*,*,#3777,.T.);
#4888=ORIENTED_EDGE('',*,*,#3778,.T.);
#4889=ORIENTED_EDGE('',*,*,#3779,.F.);
#4890=ORIENTED_EDGE('',*,*,#3780,.T.);
#4891=ORIENTED_EDGE('',*,*,#3781,.T.);
#4892=ORIENTED_EDGE('',*,*,#3782,.T.);
#4893=ORIENTED_EDGE('',*,*,#3779,.T.);
#4894=ORIENTED_EDGE('',*,*,#3783,.F.);
#4895=ORIENTED_EDGE('',*,*,#3784,.T.);
#4896=ORIENTED_EDGE('',*,*,#3785,.F.);
#4897=ORIENTED_EDGE('',*,*,#3786,.F.);
#4898=ORIENTED_EDGE('',*,*,#3787,.F.);
#4899=ORIENTED_EDGE('',*,*,#3782,.F.);
#4900=ORIENTED_EDGE('',*,*,#3788,.F.);
#4901=ORIENTED_EDGE('',*,*,#3789,.F.);
#4902=ORIENTED_EDGE('',*,*,#3783,.T.);
#4903=ORIENTED_EDGE('',*,*,#3790,.T.);
#4904=ORIENTED_EDGE('',*,*,#3791,.T.);
#4905=ORIENTED_EDGE('',*,*,#3792,.T.);
#4906=ORIENTED_EDGE('',*,*,#3793,.T.);
#4907=ORIENTED_EDGE('',*,*,#3336,.F.);
#4908=ORIENTED_EDGE('',*,*,#3794,.F.);
#4909=ORIENTED_EDGE('',*,*,#3791,.F.);
#4910=ORIENTED_EDGE('',*,*,#3795,.F.);
#4911=ORIENTED_EDGE('',*,*,#3796,.T.);
#4912=ORIENTED_EDGE('',*,*,#3797,.T.);
#4913=ORIENTED_EDGE('',*,*,#3798,.T.);
#4914=ORIENTED_EDGE('',*,*,#3799,.T.);
#4915=ORIENTED_EDGE('',*,*,#3353,.F.);
#4916=ORIENTED_EDGE('',*,*,#3800,.F.);
#4917=ORIENTED_EDGE('',*,*,#3797,.F.);
#4918=ORIENTED_EDGE('',*,*,#3801,.F.);
#4919=ORIENTED_EDGE('',*,*,#3802,.F.);
#4920=ORIENTED_EDGE('',*,*,#3803,.T.);
#4921=ORIENTED_EDGE('',*,*,#3804,.T.);
#4922=ORIENTED_EDGE('',*,*,#3805,.T.);
#4923=ORIENTED_EDGE('',*,*,#3802,.T.);
#4924=ORIENTED_EDGE('',*,*,#3806,.F.);
#4925=ORIENTED_EDGE('',*,*,#3807,.T.);
#4926=ORIENTED_EDGE('',*,*,#3808,.F.);
#4927=ORIENTED_EDGE('',*,*,#3809,.F.);
#4928=ORIENTED_EDGE('',*,*,#3810,.F.);
#4929=ORIENTED_EDGE('',*,*,#3805,.F.);
#4930=ORIENTED_EDGE('',*,*,#3811,.F.);
#4931=ORIENTED_EDGE('',*,*,#3812,.F.);
#4932=ORIENTED_EDGE('',*,*,#3806,.T.);
#4933=ORIENTED_EDGE('',*,*,#3813,.T.);
#4934=ORIENTED_EDGE('',*,*,#3814,.T.);
#4935=ORIENTED_EDGE('',*,*,#3815,.T.);
#4936=ORIENTED_EDGE('',*,*,#3816,.T.);
#4937=ORIENTED_EDGE('',*,*,#3394,.F.);
#4938=ORIENTED_EDGE('',*,*,#3817,.F.);
#4939=ORIENTED_EDGE('',*,*,#3814,.F.);
#4940=ORIENTED_EDGE('',*,*,#3818,.F.);
#4941=ORIENTED_EDGE('',*,*,#3819,.F.);
#4942=ORIENTED_EDGE('',*,*,#3820,.T.);
#4943=ORIENTED_EDGE('',*,*,#3821,.T.);
#4944=ORIENTED_EDGE('',*,*,#3822,.T.);
#4945=ORIENTED_EDGE('',*,*,#3819,.T.);
#4946=ORIENTED_EDGE('',*,*,#3823,.F.);
#4947=ORIENTED_EDGE('',*,*,#3824,.T.);
#4948=ORIENTED_EDGE('',*,*,#3825,.F.);
#4949=ORIENTED_EDGE('',*,*,#3826,.F.);
#4950=ORIENTED_EDGE('',*,*,#3827,.F.);
#4951=ORIENTED_EDGE('',*,*,#3822,.F.);
#4952=ORIENTED_EDGE('',*,*,#3828,.F.);
#4953=ORIENTED_EDGE('',*,*,#3829,.F.);
#4954=ORIENTED_EDGE('',*,*,#3823,.T.);
#4955=ORIENTED_EDGE('',*,*,#3830,.T.);
#4956=ORIENTED_EDGE('',*,*,#3831,.T.);
#4957=ORIENTED_EDGE('',*,*,#3832,.T.);
#4958=ORIENTED_EDGE('',*,*,#3833,.T.);
#4959=ORIENTED_EDGE('',*,*,#3374,.F.);
#4960=ORIENTED_EDGE('',*,*,#3834,.F.);
#4961=ORIENTED_EDGE('',*,*,#3831,.F.);
#4962=ORIENTED_EDGE('',*,*,#3835,.F.);
#4963=ORIENTED_EDGE('',*,*,#3836,.F.);
#4964=ORIENTED_EDGE('',*,*,#3837,.T.);
#4965=ORIENTED_EDGE('',*,*,#3838,.T.);
#4966=ORIENTED_EDGE('',*,*,#3839,.T.);
#4967=ORIENTED_EDGE('',*,*,#3836,.T.);
#4968=ORIENTED_EDGE('',*,*,#3840,.F.);
#4969=ORIENTED_EDGE('',*,*,#3841,.T.);
#4970=ORIENTED_EDGE('',*,*,#3842,.F.);
#4971=ORIENTED_EDGE('',*,*,#3843,.F.);
#4972=ORIENTED_EDGE('',*,*,#3844,.F.);
#4973=ORIENTED_EDGE('',*,*,#3839,.F.);
#4974=ORIENTED_EDGE('',*,*,#3845,.F.);
#4975=ORIENTED_EDGE('',*,*,#3846,.F.);
#4976=ORIENTED_EDGE('',*,*,#3840,.T.);
#4977=ORIENTED_EDGE('',*,*,#3709,.F.);
#4978=ORIENTED_EDGE('',*,*,#3714,.T.);
#4979=ORIENTED_EDGE('',*,*,#3847,.T.);
#4980=ORIENTED_EDGE('',*,*,#3848,.T.);
#4981=ORIENTED_EDGE('',*,*,#3849,.T.);
#4982=ORIENTED_EDGE('',*,*,#3850,.T.);
#4983=ORIENTED_EDGE('',*,*,#3851,.T.);
#4984=ORIENTED_EDGE('',*,*,#3852,.T.);
#4985=ORIENTED_EDGE('',*,*,#3701,.F.);
#4986=ORIENTED_EDGE('',*,*,#3853,.F.);
#4987=ORIENTED_EDGE('',*,*,#3854,.T.);
#4988=ORIENTED_EDGE('',*,*,#3711,.T.);
#4989=ORIENTED_EDGE('',*,*,#3855,.T.);
#4990=ORIENTED_EDGE('',*,*,#3856,.F.);
#4991=ORIENTED_EDGE('',*,*,#3850,.F.);
#4992=ORIENTED_EDGE('',*,*,#3857,.F.);
#4993=ORIENTED_EDGE('',*,*,#3628,.F.);
#4994=ORIENTED_EDGE('',*,*,#3633,.T.);
#4995=ORIENTED_EDGE('',*,*,#3858,.T.);
#4996=ORIENTED_EDGE('',*,*,#3859,.T.);
#4997=ORIENTED_EDGE('',*,*,#3860,.T.);
#4998=ORIENTED_EDGE('',*,*,#3861,.T.);
#4999=ORIENTED_EDGE('',*,*,#3862,.T.);
#5000=ORIENTED_EDGE('',*,*,#3863,.T.);
#5001=ORIENTED_EDGE('',*,*,#3620,.F.);
#5002=ORIENTED_EDGE('',*,*,#3864,.F.);
#5003=ORIENTED_EDGE('',*,*,#3865,.T.);
#5004=ORIENTED_EDGE('',*,*,#3630,.T.);
#5005=ORIENTED_EDGE('',*,*,#3866,.T.);
#5006=ORIENTED_EDGE('',*,*,#3867,.F.);
#5007=ORIENTED_EDGE('',*,*,#3861,.F.);
#5008=ORIENTED_EDGE('',*,*,#3868,.F.);
#5009=ORIENTED_EDGE('',*,*,#3743,.F.);
#5010=ORIENTED_EDGE('',*,*,#3748,.T.);
#5011=ORIENTED_EDGE('',*,*,#3869,.T.);
#5012=ORIENTED_EDGE('',*,*,#3870,.T.);
#5013=ORIENTED_EDGE('',*,*,#3871,.T.);
#5014=ORIENTED_EDGE('',*,*,#3872,.T.);
#5015=ORIENTED_EDGE('',*,*,#3873,.T.);
#5016=ORIENTED_EDGE('',*,*,#3874,.T.);
#5017=ORIENTED_EDGE('',*,*,#3735,.F.);
#5018=ORIENTED_EDGE('',*,*,#3875,.F.);
#5019=ORIENTED_EDGE('',*,*,#3876,.T.);
#5020=ORIENTED_EDGE('',*,*,#3745,.T.);
#5021=ORIENTED_EDGE('',*,*,#3877,.T.);
#5022=ORIENTED_EDGE('',*,*,#3878,.F.);
#5023=ORIENTED_EDGE('',*,*,#3872,.F.);
#5024=ORIENTED_EDGE('',*,*,#3879,.F.);
#5025=ORIENTED_EDGE('',*,*,#3841,.F.);
#5026=ORIENTED_EDGE('',*,*,#3846,.T.);
#5027=ORIENTED_EDGE('',*,*,#3880,.T.);
#5028=ORIENTED_EDGE('',*,*,#3881,.T.);
#5029=ORIENTED_EDGE('',*,*,#3882,.T.);
#5030=ORIENTED_EDGE('',*,*,#3883,.T.);
#5031=ORIENTED_EDGE('',*,*,#3884,.T.);
#5032=ORIENTED_EDGE('',*,*,#3885,.T.);
#5033=ORIENTED_EDGE('',*,*,#3833,.F.);
#5034=ORIENTED_EDGE('',*,*,#3886,.F.);
#5035=ORIENTED_EDGE('',*,*,#3887,.T.);
#5036=ORIENTED_EDGE('',*,*,#3843,.T.);
#5037=ORIENTED_EDGE('',*,*,#3888,.T.);
#5038=ORIENTED_EDGE('',*,*,#3889,.F.);
#5039=ORIENTED_EDGE('',*,*,#3883,.F.);
#5040=ORIENTED_EDGE('',*,*,#3890,.F.);
#5041=ORIENTED_EDGE('',*,*,#3891,.F.);
#5042=ORIENTED_EDGE('',*,*,#3892,.T.);
#5043=ORIENTED_EDGE('',*,*,#3893,.T.);
#5044=ORIENTED_EDGE('',*,*,#3894,.T.);
#5045=ORIENTED_EDGE('',*,*,#3892,.F.);
#5046=ORIENTED_EDGE('',*,*,#3895,.T.);
#5047=ORIENTED_EDGE('',*,*,#3896,.F.);
#5048=ORIENTED_EDGE('',*,*,#3897,.F.);
#5049=ORIENTED_EDGE('',*,*,#3898,.T.);
#5050=ORIENTED_EDGE('',*,*,#3899,.T.);
#5051=ORIENTED_EDGE('',*,*,#3900,.T.);
#5052=ORIENTED_EDGE('',*,*,#3901,.T.);
#5053=ORIENTED_EDGE('',*,*,#3899,.F.);
#5054=ORIENTED_EDGE('',*,*,#3902,.F.);
#5055=ORIENTED_EDGE('',*,*,#3903,.T.);
#5056=ORIENTED_EDGE('',*,*,#3904,.F.);
#5057=ORIENTED_EDGE('',*,*,#3905,.T.);
#5058=ORIENTED_EDGE('',*,*,#3906,.T.);
#5059=ORIENTED_EDGE('',*,*,#3907,.T.);
#5060=ORIENTED_EDGE('',*,*,#3908,.F.);
#5061=ORIENTED_EDGE('',*,*,#3760,.F.);
#5062=ORIENTED_EDGE('',*,*,#3765,.T.);
#5063=ORIENTED_EDGE('',*,*,#3909,.T.);
#5064=ORIENTED_EDGE('',*,*,#3910,.T.);
#5065=ORIENTED_EDGE('',*,*,#3911,.T.);
#5066=ORIENTED_EDGE('',*,*,#3912,.T.);
#5067=ORIENTED_EDGE('',*,*,#3913,.T.);
#5068=ORIENTED_EDGE('',*,*,#3914,.T.);
#5069=ORIENTED_EDGE('',*,*,#3752,.F.);
#5070=ORIENTED_EDGE('',*,*,#3915,.F.);
#5071=ORIENTED_EDGE('',*,*,#3916,.T.);
#5072=ORIENTED_EDGE('',*,*,#3762,.T.);
#5073=ORIENTED_EDGE('',*,*,#3917,.T.);
#5074=ORIENTED_EDGE('',*,*,#3918,.F.);
#5075=ORIENTED_EDGE('',*,*,#3912,.F.);
#5076=ORIENTED_EDGE('',*,*,#3919,.F.);
#5077=ORIENTED_EDGE('',*,*,#3645,.F.);
#5078=ORIENTED_EDGE('',*,*,#3650,.T.);
#5079=ORIENTED_EDGE('',*,*,#3920,.T.);
#5080=ORIENTED_EDGE('',*,*,#3921,.T.);
#5081=ORIENTED_EDGE('',*,*,#3922,.T.);
#5082=ORIENTED_EDGE('',*,*,#3923,.T.);
#5083=ORIENTED_EDGE('',*,*,#3924,.T.);
#5084=ORIENTED_EDGE('',*,*,#3925,.T.);
#5085=ORIENTED_EDGE('',*,*,#3637,.F.);
#5086=ORIENTED_EDGE('',*,*,#3926,.F.);
#5087=ORIENTED_EDGE('',*,*,#3927,.T.);
#5088=ORIENTED_EDGE('',*,*,#3647,.T.);
#5089=ORIENTED_EDGE('',*,*,#3928,.T.);
#5090=ORIENTED_EDGE('',*,*,#3929,.F.);
#5091=ORIENTED_EDGE('',*,*,#3923,.F.);
#5092=ORIENTED_EDGE('',*,*,#3930,.F.);
#5093=ORIENTED_EDGE('',*,*,#3726,.F.);
#5094=ORIENTED_EDGE('',*,*,#3731,.T.);
#5095=ORIENTED_EDGE('',*,*,#3931,.T.);
#5096=ORIENTED_EDGE('',*,*,#3932,.T.);
#5097=ORIENTED_EDGE('',*,*,#3933,.T.);
#5098=ORIENTED_EDGE('',*,*,#3934,.T.);
#5099=ORIENTED_EDGE('',*,*,#3935,.T.);
#5100=ORIENTED_EDGE('',*,*,#3936,.T.);
#5101=ORIENTED_EDGE('',*,*,#3718,.F.);
#5102=ORIENTED_EDGE('',*,*,#3937,.F.);
#5103=ORIENTED_EDGE('',*,*,#3938,.T.);
#5104=ORIENTED_EDGE('',*,*,#3728,.T.);
#5105=ORIENTED_EDGE('',*,*,#3939,.T.);
#5106=ORIENTED_EDGE('',*,*,#3940,.F.);
#5107=ORIENTED_EDGE('',*,*,#3934,.F.);
#5108=ORIENTED_EDGE('',*,*,#3941,.F.);
#5109=ORIENTED_EDGE('',*,*,#3662,.F.);
#5110=ORIENTED_EDGE('',*,*,#3667,.T.);
#5111=ORIENTED_EDGE('',*,*,#3942,.T.);
#5112=ORIENTED_EDGE('',*,*,#3943,.T.);
#5113=ORIENTED_EDGE('',*,*,#3944,.T.);
#5114=ORIENTED_EDGE('',*,*,#3945,.T.);
#5115=ORIENTED_EDGE('',*,*,#3946,.T.);
#5116=ORIENTED_EDGE('',*,*,#3947,.T.);
#5117=ORIENTED_EDGE('',*,*,#3654,.F.);
#5118=ORIENTED_EDGE('',*,*,#3948,.F.);
#5119=ORIENTED_EDGE('',*,*,#3949,.T.);
#5120=ORIENTED_EDGE('',*,*,#3664,.T.);
#5121=ORIENTED_EDGE('',*,*,#3950,.T.);
#5122=ORIENTED_EDGE('',*,*,#3951,.F.);
#5123=ORIENTED_EDGE('',*,*,#3945,.F.);
#5124=ORIENTED_EDGE('',*,*,#3952,.F.);
#5125=ORIENTED_EDGE('',*,*,#3611,.F.);
#5126=ORIENTED_EDGE('',*,*,#3616,.T.);
#5127=ORIENTED_EDGE('',*,*,#3953,.T.);
#5128=ORIENTED_EDGE('',*,*,#3954,.T.);
#5129=ORIENTED_EDGE('',*,*,#3955,.T.);
#5130=ORIENTED_EDGE('',*,*,#3956,.T.);
#5131=ORIENTED_EDGE('',*,*,#3957,.T.);
#5132=ORIENTED_EDGE('',*,*,#3958,.T.);
#5133=ORIENTED_EDGE('',*,*,#3603,.F.);
#5134=ORIENTED_EDGE('',*,*,#3959,.F.);
#5135=ORIENTED_EDGE('',*,*,#3960,.T.);
#5136=ORIENTED_EDGE('',*,*,#3613,.T.);
#5137=ORIENTED_EDGE('',*,*,#3961,.T.);
#5138=ORIENTED_EDGE('',*,*,#3962,.F.);
#5139=ORIENTED_EDGE('',*,*,#3956,.F.);
#5140=ORIENTED_EDGE('',*,*,#3963,.F.);
#5141=ORIENTED_EDGE('',*,*,#3679,.F.);
#5142=ORIENTED_EDGE('',*,*,#3684,.T.);
#5143=ORIENTED_EDGE('',*,*,#3964,.T.);
#5144=ORIENTED_EDGE('',*,*,#3965,.T.);
#5145=ORIENTED_EDGE('',*,*,#3966,.T.);
#5146=ORIENTED_EDGE('',*,*,#3967,.T.);
#5147=ORIENTED_EDGE('',*,*,#3968,.T.);
#5148=ORIENTED_EDGE('',*,*,#3969,.T.);
#5149=ORIENTED_EDGE('',*,*,#3671,.F.);
#5150=ORIENTED_EDGE('',*,*,#3970,.F.);
#5151=ORIENTED_EDGE('',*,*,#3971,.T.);
#5152=ORIENTED_EDGE('',*,*,#3681,.T.);
#5153=ORIENTED_EDGE('',*,*,#3972,.T.);
#5154=ORIENTED_EDGE('',*,*,#3973,.F.);
#5155=ORIENTED_EDGE('',*,*,#3967,.F.);
#5156=ORIENTED_EDGE('',*,*,#3974,.F.);
#5157=ORIENTED_EDGE('',*,*,#3975,.F.);
#5158=ORIENTED_EDGE('',*,*,#3976,.T.);
#5159=ORIENTED_EDGE('',*,*,#3977,.T.);
#5160=ORIENTED_EDGE('',*,*,#3978,.T.);
#5161=ORIENTED_EDGE('',*,*,#3691,.T.);
#5162=ORIENTED_EDGE('',*,*,#3979,.F.);
#5163=ORIENTED_EDGE('',*,*,#3975,.T.);
#5164=ORIENTED_EDGE('',*,*,#3980,.F.);
#5165=ORIENTED_EDGE('',*,*,#3981,.F.);
#5166=ORIENTED_EDGE('',*,*,#3695,.F.);
#5167=ORIENTED_EDGE('',*,*,#3978,.F.);
#5168=ORIENTED_EDGE('',*,*,#3982,.F.);
#5169=ORIENTED_EDGE('',*,*,#3983,.F.);
#5170=ORIENTED_EDGE('',*,*,#3980,.T.);
#5171=ORIENTED_EDGE('',*,*,#3984,.T.);
#5172=ORIENTED_EDGE('',*,*,#3985,.T.);
#5173=ORIENTED_EDGE('',*,*,#3986,.T.);
#5174=ORIENTED_EDGE('',*,*,#3987,.T.);
#5175=ORIENTED_EDGE('',*,*,#3688,.F.);
#5176=ORIENTED_EDGE('',*,*,#3988,.F.);
#5177=ORIENTED_EDGE('',*,*,#3696,.T.);
#5178=ORIENTED_EDGE('',*,*,#3981,.T.);
#5179=ORIENTED_EDGE('',*,*,#3983,.T.);
#5180=ORIENTED_EDGE('',*,*,#3989,.F.);
#5181=ORIENTED_EDGE('',*,*,#3985,.F.);
#5182=ORIENTED_EDGE('',*,*,#3990,.F.);
#5183=ORIENTED_EDGE('',*,*,#3784,.F.);
#5184=ORIENTED_EDGE('',*,*,#3789,.T.);
#5185=ORIENTED_EDGE('',*,*,#3991,.T.);
#5186=ORIENTED_EDGE('',*,*,#3992,.T.);
#5187=ORIENTED_EDGE('',*,*,#3992,.F.);
#5188=ORIENTED_EDGE('',*,*,#3993,.F.);
#5189=ORIENTED_EDGE('',*,*,#3994,.F.);
#5190=ORIENTED_EDGE('',*,*,#3785,.T.);
#5191=ORIENTED_EDGE('',*,*,#3995,.T.);
#5192=ORIENTED_EDGE('',*,*,#3996,.T.);
#5193=ORIENTED_EDGE('',*,*,#3997,.T.);
#5194=ORIENTED_EDGE('',*,*,#3998,.T.);
#5195=ORIENTED_EDGE('',*,*,#3793,.F.);
#5196=ORIENTED_EDGE('',*,*,#3999,.F.);
#5197=ORIENTED_EDGE('',*,*,#4000,.T.);
#5198=ORIENTED_EDGE('',*,*,#3786,.T.);
#5199=ORIENTED_EDGE('',*,*,#3994,.T.);
#5200=ORIENTED_EDGE('',*,*,#4001,.F.);
#5201=ORIENTED_EDGE('',*,*,#3996,.F.);
#5202=ORIENTED_EDGE('',*,*,#4002,.F.);
#5203=ORIENTED_EDGE('',*,*,#3824,.F.);
#5204=ORIENTED_EDGE('',*,*,#3829,.T.);
#5205=ORIENTED_EDGE('',*,*,#4003,.T.);
#5206=ORIENTED_EDGE('',*,*,#4004,.T.);
#5207=ORIENTED_EDGE('',*,*,#4005,.T.);
#5208=ORIENTED_EDGE('',*,*,#4006,.T.);
#5209=ORIENTED_EDGE('',*,*,#4007,.T.);
#5210=ORIENTED_EDGE('',*,*,#4008,.T.);
#5211=ORIENTED_EDGE('',*,*,#3816,.F.);
#5212=ORIENTED_EDGE('',*,*,#4009,.F.);
#5213=ORIENTED_EDGE('',*,*,#4010,.T.);
#5214=ORIENTED_EDGE('',*,*,#3826,.T.);
#5215=ORIENTED_EDGE('',*,*,#4011,.T.);
#5216=ORIENTED_EDGE('',*,*,#4012,.F.);
#5217=ORIENTED_EDGE('',*,*,#4006,.F.);
#5218=ORIENTED_EDGE('',*,*,#4013,.F.);
#5219=ORIENTED_EDGE('',*,*,#3807,.F.);
#5220=ORIENTED_EDGE('',*,*,#3812,.T.);
#5221=ORIENTED_EDGE('',*,*,#4014,.T.);
#5222=ORIENTED_EDGE('',*,*,#4015,.T.);
#5223=ORIENTED_EDGE('',*,*,#4015,.F.);
#5224=ORIENTED_EDGE('',*,*,#4016,.F.);
#5225=ORIENTED_EDGE('',*,*,#4017,.F.);
#5226=ORIENTED_EDGE('',*,*,#3808,.T.);
#5227=ORIENTED_EDGE('',*,*,#4018,.T.);
#5228=ORIENTED_EDGE('',*,*,#4019,.T.);
#5229=ORIENTED_EDGE('',*,*,#4020,.T.);
#5230=ORIENTED_EDGE('',*,*,#4021,.T.);
#5231=ORIENTED_EDGE('',*,*,#3799,.F.);
#5232=ORIENTED_EDGE('',*,*,#4022,.F.);
#5233=ORIENTED_EDGE('',*,*,#4023,.T.);
#5234=ORIENTED_EDGE('',*,*,#3809,.T.);
#5235=ORIENTED_EDGE('',*,*,#4017,.T.);
#5236=ORIENTED_EDGE('',*,*,#4024,.F.);
#5237=ORIENTED_EDGE('',*,*,#4019,.F.);
#5238=ORIENTED_EDGE('',*,*,#4025,.F.);
#5239=ORIENTED_EDGE('',*,*,#3587,.F.);
#5240=ORIENTED_EDGE('',*,*,#4026,.T.);
#5241=ORIENTED_EDGE('',*,*,#4027,.T.);
#5242=ORIENTED_EDGE('',*,*,#4028,.T.);
#5243=ORIENTED_EDGE('',*,*,#4026,.F.);
#5244=ORIENTED_EDGE('',*,*,#3586,.T.);
#5245=ORIENTED_EDGE('',*,*,#3598,.F.);
#5246=ORIENTED_EDGE('',*,*,#4029,.F.);
#5247=ORIENTED_EDGE('',*,*,#4030,.T.);
#5248=ORIENTED_EDGE('',*,*,#4031,.T.);
#5249=ORIENTED_EDGE('',*,*,#4032,.T.);
#5250=ORIENTED_EDGE('',*,*,#3596,.T.);
#5251=ORIENTED_EDGE('',*,*,#3863,.F.);
#5252=ORIENTED_EDGE('',*,*,#4033,.F.);
#5253=ORIENTED_EDGE('',*,*,#4031,.F.);
#5254=ORIENTED_EDGE('',*,*,#4034,.F.);
#5255=ORIENTED_EDGE('',*,*,#3567,.F.);
#5256=ORIENTED_EDGE('',*,*,#4035,.T.);
#5257=ORIENTED_EDGE('',*,*,#4036,.T.);
#5258=ORIENTED_EDGE('',*,*,#4037,.T.);
#5259=ORIENTED_EDGE('',*,*,#4035,.F.);
#5260=ORIENTED_EDGE('',*,*,#3566,.T.);
#5261=ORIENTED_EDGE('',*,*,#3578,.F.);
#5262=ORIENTED_EDGE('',*,*,#4038,.F.);
#5263=ORIENTED_EDGE('',*,*,#4039,.T.);
#5264=ORIENTED_EDGE('',*,*,#4040,.T.);
#5265=ORIENTED_EDGE('',*,*,#4041,.T.);
#5266=ORIENTED_EDGE('',*,*,#3576,.T.);
#5267=ORIENTED_EDGE('',*,*,#3874,.F.);
#5268=ORIENTED_EDGE('',*,*,#4042,.F.);
#5269=ORIENTED_EDGE('',*,*,#4040,.F.);
#5270=ORIENTED_EDGE('',*,*,#4043,.F.);
#5271=ORIENTED_EDGE('',*,*,#3367,.F.);
#5272=ORIENTED_EDGE('',*,*,#4044,.T.);
#5273=ORIENTED_EDGE('',*,*,#4045,.T.);
#5274=ORIENTED_EDGE('',*,*,#4046,.T.);
#5275=ORIENTED_EDGE('',*,*,#4044,.F.);
#5276=ORIENTED_EDGE('',*,*,#3366,.T.);
#5277=ORIENTED_EDGE('',*,*,#3378,.F.);
#5278=ORIENTED_EDGE('',*,*,#4047,.F.);
#5279=ORIENTED_EDGE('',*,*,#4048,.T.);
#5280=ORIENTED_EDGE('',*,*,#4049,.T.);
#5281=ORIENTED_EDGE('',*,*,#4050,.T.);
#5282=ORIENTED_EDGE('',*,*,#3376,.T.);
#5283=ORIENTED_EDGE('',*,*,#3885,.F.);
#5284=ORIENTED_EDGE('',*,*,#4051,.F.);
#5285=ORIENTED_EDGE('',*,*,#4049,.F.);
#5286=ORIENTED_EDGE('',*,*,#4052,.F.);
#5287=ORIENTED_EDGE('',*,*,#3447,.F.);
#5288=ORIENTED_EDGE('',*,*,#4053,.T.);
#5289=ORIENTED_EDGE('',*,*,#4054,.T.);
#5290=ORIENTED_EDGE('',*,*,#4055,.T.);
#5291=ORIENTED_EDGE('',*,*,#4053,.F.);
#5292=ORIENTED_EDGE('',*,*,#3446,.T.);
#5293=ORIENTED_EDGE('',*,*,#3458,.F.);
#5294=ORIENTED_EDGE('',*,*,#4056,.F.);
#5295=ORIENTED_EDGE('',*,*,#4057,.T.);
#5296=ORIENTED_EDGE('',*,*,#4058,.T.);
#5297=ORIENTED_EDGE('',*,*,#4059,.T.);
#5298=ORIENTED_EDGE('',*,*,#3456,.T.);
#5299=ORIENTED_EDGE('',*,*,#3901,.F.);
#5300=ORIENTED_EDGE('',*,*,#4060,.F.);
#5301=ORIENTED_EDGE('',*,*,#4058,.F.);
#5302=ORIENTED_EDGE('',*,*,#4061,.F.);
#5303=ORIENTED_EDGE('',*,*,#3467,.F.);
#5304=ORIENTED_EDGE('',*,*,#4062,.T.);
#5305=ORIENTED_EDGE('',*,*,#4063,.T.);
#5306=ORIENTED_EDGE('',*,*,#4064,.T.);
#5307=ORIENTED_EDGE('',*,*,#4062,.F.);
#5308=ORIENTED_EDGE('',*,*,#3466,.T.);
#5309=ORIENTED_EDGE('',*,*,#3478,.F.);
#5310=ORIENTED_EDGE('',*,*,#4065,.F.);
#5311=ORIENTED_EDGE('',*,*,#4066,.T.);
#5312=ORIENTED_EDGE('',*,*,#4067,.T.);
#5313=ORIENTED_EDGE('',*,*,#4068,.T.);
#5314=ORIENTED_EDGE('',*,*,#3476,.T.);
#5315=ORIENTED_EDGE('',*,*,#3914,.F.);
#5316=ORIENTED_EDGE('',*,*,#4069,.F.);
#5317=ORIENTED_EDGE('',*,*,#4067,.F.);
#5318=ORIENTED_EDGE('',*,*,#4070,.F.);
#5319=ORIENTED_EDGE('',*,*,#3547,.F.);
#5320=ORIENTED_EDGE('',*,*,#4071,.T.);
#5321=ORIENTED_EDGE('',*,*,#4072,.T.);
#5322=ORIENTED_EDGE('',*,*,#4073,.T.);
#5323=ORIENTED_EDGE('',*,*,#4071,.F.);
#5324=ORIENTED_EDGE('',*,*,#3546,.T.);
#5325=ORIENTED_EDGE('',*,*,#3558,.F.);
#5326=ORIENTED_EDGE('',*,*,#4074,.F.);
#5327=ORIENTED_EDGE('',*,*,#4075,.T.);
#5328=ORIENTED_EDGE('',*,*,#4076,.T.);
#5329=ORIENTED_EDGE('',*,*,#4077,.T.);
#5330=ORIENTED_EDGE('',*,*,#3556,.T.);
#5331=ORIENTED_EDGE('',*,*,#3925,.F.);
#5332=ORIENTED_EDGE('',*,*,#4078,.F.);
#5333=ORIENTED_EDGE('',*,*,#4076,.F.);
#5334=ORIENTED_EDGE('',*,*,#4079,.F.);
#5335=ORIENTED_EDGE('',*,*,#3507,.F.);
#5336=ORIENTED_EDGE('',*,*,#4080,.T.);
#5337=ORIENTED_EDGE('',*,*,#4081,.T.);
#5338=ORIENTED_EDGE('',*,*,#4082,.T.);
#5339=ORIENTED_EDGE('',*,*,#4080,.F.);
#5340=ORIENTED_EDGE('',*,*,#3506,.T.);
#5341=ORIENTED_EDGE('',*,*,#3518,.F.);
#5342=ORIENTED_EDGE('',*,*,#4083,.F.);
#5343=ORIENTED_EDGE('',*,*,#4084,.T.);
#5344=ORIENTED_EDGE('',*,*,#4085,.T.);
#5345=ORIENTED_EDGE('',*,*,#4086,.T.);
#5346=ORIENTED_EDGE('',*,*,#3516,.T.);
#5347=ORIENTED_EDGE('',*,*,#3936,.F.);
#5348=ORIENTED_EDGE('',*,*,#4087,.F.);
#5349=ORIENTED_EDGE('',*,*,#4085,.F.);
#5350=ORIENTED_EDGE('',*,*,#4088,.F.);
#5351=ORIENTED_EDGE('',*,*,#3527,.F.);
#5352=ORIENTED_EDGE('',*,*,#4089,.T.);
#5353=ORIENTED_EDGE('',*,*,#4090,.T.);
#5354=ORIENTED_EDGE('',*,*,#4091,.T.);
#5355=ORIENTED_EDGE('',*,*,#4089,.F.);
#5356=ORIENTED_EDGE('',*,*,#3526,.T.);
#5357=ORIENTED_EDGE('',*,*,#3538,.F.);
#5358=ORIENTED_EDGE('',*,*,#4092,.F.);
#5359=ORIENTED_EDGE('',*,*,#3487,.F.);
#5360=ORIENTED_EDGE('',*,*,#4093,.T.);
#5361=ORIENTED_EDGE('',*,*,#4094,.T.);
#5362=ORIENTED_EDGE('',*,*,#4095,.T.);
#5363=ORIENTED_EDGE('',*,*,#4093,.F.);
#5364=ORIENTED_EDGE('',*,*,#3486,.T.);
#5365=ORIENTED_EDGE('',*,*,#3498,.F.);
#5366=ORIENTED_EDGE('',*,*,#4096,.F.);
#5367=ORIENTED_EDGE('',*,*,#4097,.F.);
#5368=ORIENTED_EDGE('',*,*,#4098,.T.);
#5369=ORIENTED_EDGE('',*,*,#4099,.T.);
#5370=ORIENTED_EDGE('',*,*,#4100,.T.);
#5371=ORIENTED_EDGE('',*,*,#3293,.F.);
#5372=ORIENTED_EDGE('',*,*,#4101,.T.);
#5373=ORIENTED_EDGE('',*,*,#4100,.F.);
#5374=ORIENTED_EDGE('',*,*,#4102,.F.);
#5375=ORIENTED_EDGE('',*,*,#3387,.F.);
#5376=ORIENTED_EDGE('',*,*,#4103,.T.);
#5377=ORIENTED_EDGE('',*,*,#4104,.T.);
#5378=ORIENTED_EDGE('',*,*,#4105,.T.);
#5379=ORIENTED_EDGE('',*,*,#4103,.F.);
#5380=ORIENTED_EDGE('',*,*,#3386,.T.);
#5381=ORIENTED_EDGE('',*,*,#3398,.F.);
#5382=ORIENTED_EDGE('',*,*,#4106,.F.);
#5383=ORIENTED_EDGE('',*,*,#4107,.T.);
#5384=ORIENTED_EDGE('',*,*,#4108,.T.);
#5385=ORIENTED_EDGE('',*,*,#4109,.T.);
#5386=ORIENTED_EDGE('',*,*,#3396,.T.);
#5387=ORIENTED_EDGE('',*,*,#4008,.F.);
#5388=ORIENTED_EDGE('',*,*,#4110,.F.);
#5389=ORIENTED_EDGE('',*,*,#4108,.F.);
#5390=ORIENTED_EDGE('',*,*,#4111,.F.);
#5391=ORIENTED_EDGE('',*,*,#4112,.T.);
#5392=ORIENTED_EDGE('',*,*,#4113,.T.);
#5393=ORIENTED_EDGE('',*,*,#4114,.T.);
#5394=ORIENTED_EDGE('',*,*,#3304,.T.);
#5395=ORIENTED_EDGE('',*,*,#4113,.F.);
#5396=ORIENTED_EDGE('',*,*,#4115,.F.);
#5397=ORIENTED_EDGE('',*,*,#4116,.T.);
#5398=ORIENTED_EDGE('',*,*,#4117,.F.);
#5399=ORIENTED_EDGE('',*,*,#4118,.T.);
#5400=ORIENTED_EDGE('',*,*,#4119,.T.);
#5401=ORIENTED_EDGE('',*,*,#4120,.T.);
#5402=ORIENTED_EDGE('',*,*,#3496,.T.);
#5403=ORIENTED_EDGE('',*,*,#3852,.F.);
#5404=ORIENTED_EDGE('',*,*,#4121,.F.);
#5405=ORIENTED_EDGE('',*,*,#4119,.F.);
#5406=ORIENTED_EDGE('',*,*,#4122,.F.);
#5407=ORIENTED_EDGE('',*,*,#4123,.T.);
#5408=ORIENTED_EDGE('',*,*,#4124,.T.);
#5409=ORIENTED_EDGE('',*,*,#4125,.T.);
#5410=ORIENTED_EDGE('',*,*,#3536,.T.);
#5411=ORIENTED_EDGE('',*,*,#3947,.F.);
#5412=ORIENTED_EDGE('',*,*,#4126,.F.);
#5413=ORIENTED_EDGE('',*,*,#4124,.F.);
#5414=ORIENTED_EDGE('',*,*,#4127,.F.);
#5415=ORIENTED_EDGE('',*,*,#4128,.T.);
#5416=ORIENTED_EDGE('',*,*,#4129,.T.);
#5417=ORIENTED_EDGE('',*,*,#4130,.T.);
#5418=ORIENTED_EDGE('',*,*,#3416,.T.);
#5419=ORIENTED_EDGE('',*,*,#3958,.F.);
#5420=ORIENTED_EDGE('',*,*,#4131,.F.);
#5421=ORIENTED_EDGE('',*,*,#4129,.F.);
#5422=ORIENTED_EDGE('',*,*,#4132,.F.);
#5423=ORIENTED_EDGE('',*,*,#4133,.T.);
#5424=ORIENTED_EDGE('',*,*,#4134,.T.);
#5425=ORIENTED_EDGE('',*,*,#4135,.T.);
#5426=ORIENTED_EDGE('',*,*,#3436,.T.);
#5427=ORIENTED_EDGE('',*,*,#3969,.F.);
#5428=ORIENTED_EDGE('',*,*,#4136,.F.);
#5429=ORIENTED_EDGE('',*,*,#4134,.F.);
#5430=ORIENTED_EDGE('',*,*,#4137,.F.);
#5431=ORIENTED_EDGE('',*,*,#4138,.T.);
#5432=ORIENTED_EDGE('',*,*,#4139,.T.);
#5433=ORIENTED_EDGE('',*,*,#4140,.T.);
#5434=ORIENTED_EDGE('',*,*,#3321,.T.);
#5435=ORIENTED_EDGE('',*,*,#3987,.F.);
#5436=ORIENTED_EDGE('',*,*,#4141,.F.);
#5437=ORIENTED_EDGE('',*,*,#4139,.F.);
#5438=ORIENTED_EDGE('',*,*,#4142,.F.);
#5439=ORIENTED_EDGE('',*,*,#4143,.T.);
#5440=ORIENTED_EDGE('',*,*,#4144,.T.);
#5441=ORIENTED_EDGE('',*,*,#4145,.T.);
#5442=ORIENTED_EDGE('',*,*,#3338,.T.);
#5443=ORIENTED_EDGE('',*,*,#3998,.F.);
#5444=ORIENTED_EDGE('',*,*,#4146,.F.);
#5445=ORIENTED_EDGE('',*,*,#4144,.F.);
#5446=ORIENTED_EDGE('',*,*,#4147,.F.);
#5447=ORIENTED_EDGE('',*,*,#4148,.T.);
#5448=ORIENTED_EDGE('',*,*,#4149,.T.);
#5449=ORIENTED_EDGE('',*,*,#4150,.T.);
#5450=ORIENTED_EDGE('',*,*,#3355,.T.);
#5451=ORIENTED_EDGE('',*,*,#4021,.F.);
#5452=ORIENTED_EDGE('',*,*,#4151,.F.);
#5453=ORIENTED_EDGE('',*,*,#4149,.F.);
#5454=ORIENTED_EDGE('',*,*,#4152,.F.);
#5455=ORIENTED_EDGE('',*,*,#4153,.F.);
#5456=ORIENTED_EDGE('',*,*,#4154,.T.);
#5457=ORIENTED_EDGE('',*,*,#4155,.T.);
#5458=ORIENTED_EDGE('',*,*,#4156,.T.);
#5459=ORIENTED_EDGE('',*,*,#3344,.F.);
#5460=ORIENTED_EDGE('',*,*,#4157,.T.);
#5461=ORIENTED_EDGE('',*,*,#4156,.F.);
#5462=ORIENTED_EDGE('',*,*,#4158,.F.);
#5463=ORIENTED_EDGE('',*,*,#4159,.F.);
#5464=ORIENTED_EDGE('',*,*,#4160,.T.);
#5465=ORIENTED_EDGE('',*,*,#4161,.T.);
#5466=ORIENTED_EDGE('',*,*,#4162,.T.);
#5467=ORIENTED_EDGE('',*,*,#3327,.F.);
#5468=ORIENTED_EDGE('',*,*,#4163,.T.);
#5469=ORIENTED_EDGE('',*,*,#4162,.F.);
#5470=ORIENTED_EDGE('',*,*,#4164,.F.);
#5471=ORIENTED_EDGE('',*,*,#4165,.F.);
#5472=ORIENTED_EDGE('',*,*,#4166,.T.);
#5473=ORIENTED_EDGE('',*,*,#4167,.T.);
#5474=ORIENTED_EDGE('',*,*,#4168,.T.);
#5475=ORIENTED_EDGE('',*,*,#3310,.F.);
#5476=ORIENTED_EDGE('',*,*,#4169,.T.);
#5477=ORIENTED_EDGE('',*,*,#4168,.F.);
#5478=ORIENTED_EDGE('',*,*,#4170,.F.);
#5479=ORIENTED_EDGE('',*,*,#3427,.F.);
#5480=ORIENTED_EDGE('',*,*,#4171,.T.);
#5481=ORIENTED_EDGE('',*,*,#4172,.T.);
#5482=ORIENTED_EDGE('',*,*,#4173,.T.);
#5483=ORIENTED_EDGE('',*,*,#4171,.F.);
#5484=ORIENTED_EDGE('',*,*,#3426,.T.);
#5485=ORIENTED_EDGE('',*,*,#3438,.F.);
#5486=ORIENTED_EDGE('',*,*,#4174,.F.);
#5487=ORIENTED_EDGE('',*,*,#3407,.F.);
#5488=ORIENTED_EDGE('',*,*,#4175,.T.);
#5489=ORIENTED_EDGE('',*,*,#4176,.T.);
#5490=ORIENTED_EDGE('',*,*,#4177,.T.);
#5491=ORIENTED_EDGE('',*,*,#4175,.F.);
#5492=ORIENTED_EDGE('',*,*,#3406,.T.);
#5493=ORIENTED_EDGE('',*,*,#3418,.F.);
#5494=ORIENTED_EDGE('',*,*,#4178,.F.);
#5495=ORIENTED_EDGE('',*,*,#4166,.F.);
#5496=ORIENTED_EDGE('',*,*,#4179,.T.);
#5497=ORIENTED_EDGE('',*,*,#3323,.F.);
#5498=ORIENTED_EDGE('',*,*,#4180,.F.);
#5499=ORIENTED_EDGE('',*,*,#3309,.T.);
#5500=ORIENTED_EDGE('',*,*,#3315,.F.);
#5501=ORIENTED_EDGE('',*,*,#3324,.F.);
#5502=ORIENTED_EDGE('',*,*,#4179,.F.);
#5503=ORIENTED_EDGE('',*,*,#4165,.T.);
#5504=ORIENTED_EDGE('',*,*,#4169,.F.);
#5505=ORIENTED_EDGE('',*,*,#3694,.F.);
#5506=ORIENTED_EDGE('',*,*,#4181,.F.);
#5507=ORIENTED_EDGE('',*,*,#3976,.F.);
#5508=ORIENTED_EDGE('',*,*,#3979,.T.);
#5509=ORIENTED_EDGE('',*,*,#4098,.F.);
#5510=ORIENTED_EDGE('',*,*,#4182,.T.);
#5511=ORIENTED_EDGE('',*,*,#3306,.F.);
#5512=ORIENTED_EDGE('',*,*,#4183,.F.);
#5513=ORIENTED_EDGE('',*,*,#3292,.T.);
#5514=ORIENTED_EDGE('',*,*,#3298,.F.);
#5515=ORIENTED_EDGE('',*,*,#3307,.F.);
#5516=ORIENTED_EDGE('',*,*,#4182,.F.);
#5517=ORIENTED_EDGE('',*,*,#4097,.T.);
#5518=ORIENTED_EDGE('',*,*,#4101,.F.);
#5519=ORIENTED_EDGE('',*,*,#4184,.F.);
#5520=ORIENTED_EDGE('',*,*,#4185,.T.);
#5521=ORIENTED_EDGE('',*,*,#3777,.F.);
#5522=ORIENTED_EDGE('',*,*,#4186,.F.);
#5523=ORIENTED_EDGE('',*,*,#3773,.F.);
#5524=ORIENTED_EDGE('',*,*,#4187,.T.);
#5525=ORIENTED_EDGE('',*,*,#4188,.F.);
#5526=ORIENTED_EDGE('',*,*,#4189,.F.);
#5527=ORIENTED_EDGE('',*,*,#3772,.T.);
#5528=ORIENTED_EDGE('',*,*,#3778,.F.);
#5529=ORIENTED_EDGE('',*,*,#4185,.F.);
#5530=ORIENTED_EDGE('',*,*,#4190,.F.);
#5531=ORIENTED_EDGE('',*,*,#4187,.F.);
#5532=ORIENTED_EDGE('',*,*,#3624,.F.);
#5533=ORIENTED_EDGE('',*,*,#3631,.T.);
#5534=ORIENTED_EDGE('',*,*,#3865,.F.);
#5535=ORIENTED_EDGE('',*,*,#4191,.F.);
#5536=ORIENTED_EDGE('',*,*,#3859,.F.);
#5537=ORIENTED_EDGE('',*,*,#4192,.F.);
#5538=ORIENTED_EDGE('',*,*,#3866,.F.);
#5539=ORIENTED_EDGE('',*,*,#3629,.T.);
#5540=ORIENTED_EDGE('',*,*,#3581,.F.);
#5541=ORIENTED_EDGE('',*,*,#3588,.T.);
#5542=ORIENTED_EDGE('',*,*,#4028,.F.);
#5543=ORIENTED_EDGE('',*,*,#4193,.F.);
#5544=ORIENTED_EDGE('',*,*,#3905,.F.);
#5545=ORIENTED_EDGE('',*,*,#4194,.F.);
#5546=ORIENTED_EDGE('',*,*,#3896,.T.);
#5547=ORIENTED_EDGE('',*,*,#4195,.T.);
#5548=ORIENTED_EDGE('',*,*,#3891,.T.);
#5549=ORIENTED_EDGE('',*,*,#4196,.F.);
#5550=ORIENTED_EDGE('',*,*,#3906,.F.);
#5551=ORIENTED_EDGE('',*,*,#4195,.F.);
#5552=ORIENTED_EDGE('',*,*,#3895,.F.);
#5553=ORIENTED_EDGE('',*,*,#3894,.F.);
#5554=ORIENTED_EDGE('',*,*,#4197,.F.);
#5555=ORIENTED_EDGE('',*,*,#3907,.F.);
#5556=ORIENTED_EDGE('',*,*,#4196,.T.);
#5557=ORIENTED_EDGE('',*,*,#3441,.F.);
#5558=ORIENTED_EDGE('',*,*,#3448,.T.);
#5559=ORIENTED_EDGE('',*,*,#4055,.F.);
#5560=ORIENTED_EDGE('',*,*,#4198,.F.);
#5561=ORIENTED_EDGE('',*,*,#3756,.F.);
#5562=ORIENTED_EDGE('',*,*,#3763,.T.);
#5563=ORIENTED_EDGE('',*,*,#3916,.F.);
#5564=ORIENTED_EDGE('',*,*,#4199,.F.);
#5565=ORIENTED_EDGE('',*,*,#3910,.F.);
#5566=ORIENTED_EDGE('',*,*,#4200,.F.);
#5567=ORIENTED_EDGE('',*,*,#3917,.F.);
#5568=ORIENTED_EDGE('',*,*,#3761,.T.);
#5569=ORIENTED_EDGE('',*,*,#3461,.F.);
#5570=ORIENTED_EDGE('',*,*,#3468,.T.);
#5571=ORIENTED_EDGE('',*,*,#4064,.F.);
#5572=ORIENTED_EDGE('',*,*,#4201,.F.);
#5573=ORIENTED_EDGE('',*,*,#3739,.F.);
#5574=ORIENTED_EDGE('',*,*,#3746,.T.);
#5575=ORIENTED_EDGE('',*,*,#3876,.F.);
#5576=ORIENTED_EDGE('',*,*,#4202,.F.);
#5577=ORIENTED_EDGE('',*,*,#3561,.F.);
#5578=ORIENTED_EDGE('',*,*,#3568,.T.);
#5579=ORIENTED_EDGE('',*,*,#4037,.F.);
#5580=ORIENTED_EDGE('',*,*,#4203,.F.);
#5581=ORIENTED_EDGE('',*,*,#3870,.F.);
#5582=ORIENTED_EDGE('',*,*,#4204,.F.);
#5583=ORIENTED_EDGE('',*,*,#3877,.F.);
#5584=ORIENTED_EDGE('',*,*,#3744,.T.);
#5585=ORIENTED_EDGE('',*,*,#3820,.F.);
#5586=ORIENTED_EDGE('',*,*,#3827,.T.);
#5587=ORIENTED_EDGE('',*,*,#4010,.F.);
#5588=ORIENTED_EDGE('',*,*,#4205,.F.);
#5589=ORIENTED_EDGE('',*,*,#4004,.F.);
#5590=ORIENTED_EDGE('',*,*,#4206,.F.);
#5591=ORIENTED_EDGE('',*,*,#4011,.F.);
#5592=ORIENTED_EDGE('',*,*,#3825,.T.);
#5593=ORIENTED_EDGE('',*,*,#3381,.F.);
#5594=ORIENTED_EDGE('',*,*,#3388,.T.);
#5595=ORIENTED_EDGE('',*,*,#4105,.F.);
#5596=ORIENTED_EDGE('',*,*,#4207,.F.);
#5597=ORIENTED_EDGE('',*,*,#3675,.F.);
#5598=ORIENTED_EDGE('',*,*,#3682,.T.);
#5599=ORIENTED_EDGE('',*,*,#3971,.F.);
#5600=ORIENTED_EDGE('',*,*,#4208,.F.);
#5601=ORIENTED_EDGE('',*,*,#3421,.F.);
#5602=ORIENTED_EDGE('',*,*,#3428,.T.);
#5603=ORIENTED_EDGE('',*,*,#4173,.F.);
#5604=ORIENTED_EDGE('',*,*,#4209,.F.);
#5605=ORIENTED_EDGE('',*,*,#3965,.F.);
#5606=ORIENTED_EDGE('',*,*,#4210,.F.);
#5607=ORIENTED_EDGE('',*,*,#3972,.F.);
#5608=ORIENTED_EDGE('',*,*,#3680,.T.);
#5609=ORIENTED_EDGE('',*,*,#4160,.F.);
#5610=ORIENTED_EDGE('',*,*,#4211,.T.);
#5611=ORIENTED_EDGE('',*,*,#3340,.F.);
#5612=ORIENTED_EDGE('',*,*,#4212,.F.);
#5613=ORIENTED_EDGE('',*,*,#3326,.T.);
#5614=ORIENTED_EDGE('',*,*,#3332,.F.);
#5615=ORIENTED_EDGE('',*,*,#3341,.F.);
#5616=ORIENTED_EDGE('',*,*,#4211,.F.);
#5617=ORIENTED_EDGE('',*,*,#4159,.T.);
#5618=ORIENTED_EDGE('',*,*,#4163,.F.);
#5619=ORIENTED_EDGE('',*,*,#3780,.F.);
#5620=ORIENTED_EDGE('',*,*,#3787,.T.);
#5621=ORIENTED_EDGE('',*,*,#4000,.F.);
#5622=ORIENTED_EDGE('',*,*,#4213,.F.);
#5623=ORIENTED_EDGE('',*,*,#3705,.F.);
#5624=ORIENTED_EDGE('',*,*,#3712,.T.);
#5625=ORIENTED_EDGE('',*,*,#3854,.F.);
#5626=ORIENTED_EDGE('',*,*,#4214,.F.);
#5627=ORIENTED_EDGE('',*,*,#3848,.F.);
#5628=ORIENTED_EDGE('',*,*,#4215,.F.);
#5629=ORIENTED_EDGE('',*,*,#3855,.F.);
#5630=ORIENTED_EDGE('',*,*,#3710,.T.);
#5631=ORIENTED_EDGE('',*,*,#3481,.F.);
#5632=ORIENTED_EDGE('',*,*,#3488,.T.);
#5633=ORIENTED_EDGE('',*,*,#4095,.F.);
#5634=ORIENTED_EDGE('',*,*,#4216,.F.);
#5635=ORIENTED_EDGE('',*,*,#3641,.F.);
#5636=ORIENTED_EDGE('',*,*,#3648,.T.);
#5637=ORIENTED_EDGE('',*,*,#3927,.F.);
#5638=ORIENTED_EDGE('',*,*,#4217,.F.);
#5639=ORIENTED_EDGE('',*,*,#3921,.F.);
#5640=ORIENTED_EDGE('',*,*,#4218,.F.);
#5641=ORIENTED_EDGE('',*,*,#3928,.F.);
#5642=ORIENTED_EDGE('',*,*,#3646,.T.);
#5643=ORIENTED_EDGE('',*,*,#3541,.F.);
#5644=ORIENTED_EDGE('',*,*,#3548,.T.);
#5645=ORIENTED_EDGE('',*,*,#4073,.F.);
#5646=ORIENTED_EDGE('',*,*,#4219,.F.);
#5647=ORIENTED_EDGE('',*,*,#3837,.F.);
#5648=ORIENTED_EDGE('',*,*,#3844,.T.);
#5649=ORIENTED_EDGE('',*,*,#3887,.F.);
#5650=ORIENTED_EDGE('',*,*,#4220,.F.);
#5651=ORIENTED_EDGE('',*,*,#3881,.F.);
#5652=ORIENTED_EDGE('',*,*,#4221,.F.);
#5653=ORIENTED_EDGE('',*,*,#3888,.F.);
#5654=ORIENTED_EDGE('',*,*,#3842,.T.);
#5655=ORIENTED_EDGE('',*,*,#3361,.F.);
#5656=ORIENTED_EDGE('',*,*,#3368,.T.);
#5657=ORIENTED_EDGE('',*,*,#4046,.F.);
#5658=ORIENTED_EDGE('',*,*,#4222,.F.);
#5659=ORIENTED_EDGE('',*,*,#3722,.F.);
#5660=ORIENTED_EDGE('',*,*,#3729,.T.);
#5661=ORIENTED_EDGE('',*,*,#3938,.F.);
#5662=ORIENTED_EDGE('',*,*,#4223,.F.);
#5663=ORIENTED_EDGE('',*,*,#3932,.F.);
#5664=ORIENTED_EDGE('',*,*,#4224,.F.);
#5665=ORIENTED_EDGE('',*,*,#3939,.F.);
#5666=ORIENTED_EDGE('',*,*,#3727,.T.);
#5667=ORIENTED_EDGE('',*,*,#3501,.F.);
#5668=ORIENTED_EDGE('',*,*,#3508,.T.);
#5669=ORIENTED_EDGE('',*,*,#4082,.F.);
#5670=ORIENTED_EDGE('',*,*,#4225,.F.);
#5671=ORIENTED_EDGE('',*,*,#3658,.F.);
#5672=ORIENTED_EDGE('',*,*,#3665,.T.);
#5673=ORIENTED_EDGE('',*,*,#3949,.F.);
#5674=ORIENTED_EDGE('',*,*,#4226,.F.);
#5675=ORIENTED_EDGE('',*,*,#3943,.F.);
#5676=ORIENTED_EDGE('',*,*,#4227,.F.);
#5677=ORIENTED_EDGE('',*,*,#3950,.F.);
#5678=ORIENTED_EDGE('',*,*,#3663,.T.);
#5679=ORIENTED_EDGE('',*,*,#3521,.F.);
#5680=ORIENTED_EDGE('',*,*,#3528,.T.);
#5681=ORIENTED_EDGE('',*,*,#4091,.F.);
#5682=ORIENTED_EDGE('',*,*,#4228,.F.);
#5683=ORIENTED_EDGE('',*,*,#4154,.F.);
#5684=ORIENTED_EDGE('',*,*,#4229,.T.);
#5685=ORIENTED_EDGE('',*,*,#3357,.F.);
#5686=ORIENTED_EDGE('',*,*,#4230,.F.);
#5687=ORIENTED_EDGE('',*,*,#3343,.T.);
#5688=ORIENTED_EDGE('',*,*,#3349,.F.);
#5689=ORIENTED_EDGE('',*,*,#3358,.F.);
#5690=ORIENTED_EDGE('',*,*,#4229,.F.);
#5691=ORIENTED_EDGE('',*,*,#4153,.T.);
#5692=ORIENTED_EDGE('',*,*,#4157,.F.);
#5693=ORIENTED_EDGE('',*,*,#3803,.F.);
#5694=ORIENTED_EDGE('',*,*,#3810,.T.);
#5695=ORIENTED_EDGE('',*,*,#4023,.F.);
#5696=ORIENTED_EDGE('',*,*,#4231,.F.);
#5697=ORIENTED_EDGE('',*,*,#3607,.F.);
#5698=ORIENTED_EDGE('',*,*,#3614,.T.);
#5699=ORIENTED_EDGE('',*,*,#3960,.F.);
#5700=ORIENTED_EDGE('',*,*,#4232,.F.);
#5701=ORIENTED_EDGE('',*,*,#3954,.F.);
#5702=ORIENTED_EDGE('',*,*,#4233,.F.);
#5703=ORIENTED_EDGE('',*,*,#3961,.F.);
#5704=ORIENTED_EDGE('',*,*,#3612,.T.);
#5705=ORIENTED_EDGE('',*,*,#3401,.F.);
#5706=ORIENTED_EDGE('',*,*,#3408,.T.);
#5707=ORIENTED_EDGE('',*,*,#4177,.F.);
#5708=ORIENTED_EDGE('',*,*,#4234,.F.);
#5709=ORIENTED_EDGE('',*,*,#4235,.F.);
#5710=ORIENTED_EDGE('',*,*,#4236,.F.);
#5711=ORIENTED_EDGE('',*,*,#4237,.F.);
#5712=ORIENTED_EDGE('',*,*,#4238,.F.);
#5713=ORIENTED_EDGE('',*,*,#4239,.F.);
#5714=ORIENTED_EDGE('',*,*,#4240,.F.);
#5715=ORIENTED_EDGE('',*,*,#3982,.T.);
#5716=ORIENTED_EDGE('',*,*,#3977,.F.);
#5717=ORIENTED_EDGE('',*,*,#4181,.T.);
#5718=ORIENTED_EDGE('',*,*,#3693,.F.);
#5719=ORIENTED_EDGE('',*,*,#3697,.T.);
#5720=ORIENTED_EDGE('',*,*,#3988,.T.);
#5721=ORIENTED_EDGE('',*,*,#3687,.F.);
#5722=ORIENTED_EDGE('',*,*,#3689,.T.);
#5723=ORIENTED_EDGE('',*,*,#3318,.F.);
#5724=ORIENTED_EDGE('',*,*,#3325,.T.);
#5725=ORIENTED_EDGE('',*,*,#3313,.T.);
#5726=ORIENTED_EDGE('',*,*,#3311,.F.);
#5727=ORIENTED_EDGE('',*,*,#4170,.T.);
#5728=ORIENTED_EDGE('',*,*,#4167,.F.);
#5729=ORIENTED_EDGE('',*,*,#4180,.T.);
#5730=ORIENTED_EDGE('',*,*,#3322,.T.);
#5731=ORIENTED_EDGE('',*,*,#4140,.F.);
#5732=ORIENTED_EDGE('',*,*,#4141,.T.);
#5733=ORIENTED_EDGE('',*,*,#3986,.F.);
#5734=ORIENTED_EDGE('',*,*,#3989,.T.);
#5735=ORIENTED_EDGE('',*,*,#4186,.T.);
#5736=ORIENTED_EDGE('',*,*,#3776,.T.);
#5737=ORIENTED_EDGE('',*,*,#3774,.F.);
#5738=ORIENTED_EDGE('',*,*,#4189,.T.);
#5739=ORIENTED_EDGE('',*,*,#4241,.T.);
#5740=ORIENTED_EDGE('',*,*,#3768,.F.);
#5741=ORIENTED_EDGE('',*,*,#3770,.T.);
#5742=ORIENTED_EDGE('',*,*,#3301,.F.);
#5743=ORIENTED_EDGE('',*,*,#3308,.T.);
#5744=ORIENTED_EDGE('',*,*,#3296,.T.);
#5745=ORIENTED_EDGE('',*,*,#3294,.F.);
#5746=ORIENTED_EDGE('',*,*,#4102,.T.);
#5747=ORIENTED_EDGE('',*,*,#4099,.F.);
#5748=ORIENTED_EDGE('',*,*,#4183,.T.);
#5749=ORIENTED_EDGE('',*,*,#3305,.T.);
#5750=ORIENTED_EDGE('',*,*,#4114,.F.);
#5751=ORIENTED_EDGE('',*,*,#4117,.T.);
#5752=ORIENTED_EDGE('',*,*,#4242,.T.);
#5753=ORIENTED_EDGE('',*,*,#4191,.T.);
#5754=ORIENTED_EDGE('',*,*,#3864,.T.);
#5755=ORIENTED_EDGE('',*,*,#3619,.F.);
#5756=ORIENTED_EDGE('',*,*,#3621,.T.);
#5757=ORIENTED_EDGE('',*,*,#3593,.F.);
#5758=ORIENTED_EDGE('',*,*,#3599,.T.);
#5759=ORIENTED_EDGE('',*,*,#3589,.T.);
#5760=ORIENTED_EDGE('',*,*,#3582,.F.);
#5761=ORIENTED_EDGE('',*,*,#4193,.T.);
#5762=ORIENTED_EDGE('',*,*,#4027,.F.);
#5763=ORIENTED_EDGE('',*,*,#4029,.T.);
#5764=ORIENTED_EDGE('',*,*,#3597,.T.);
#5765=ORIENTED_EDGE('',*,*,#4032,.F.);
#5766=ORIENTED_EDGE('',*,*,#4033,.T.);
#5767=ORIENTED_EDGE('',*,*,#3862,.F.);
#5768=ORIENTED_EDGE('',*,*,#3867,.T.);
#5769=ORIENTED_EDGE('',*,*,#4192,.T.);
#5770=ORIENTED_EDGE('',*,*,#3858,.F.);
#5771=ORIENTED_EDGE('',*,*,#3632,.T.);
#5772=ORIENTED_EDGE('',*,*,#3625,.F.);
#5773=ORIENTED_EDGE('',*,*,#4194,.T.);
#5774=ORIENTED_EDGE('',*,*,#3904,.T.);
#5775=ORIENTED_EDGE('',*,*,#4243,.T.);
#5776=ORIENTED_EDGE('',*,*,#3453,.F.);
#5777=ORIENTED_EDGE('',*,*,#3459,.T.);
#5778=ORIENTED_EDGE('',*,*,#3449,.T.);
#5779=ORIENTED_EDGE('',*,*,#3442,.F.);
#5780=ORIENTED_EDGE('',*,*,#4198,.T.);
#5781=ORIENTED_EDGE('',*,*,#4054,.F.);
#5782=ORIENTED_EDGE('',*,*,#4056,.T.);
#5783=ORIENTED_EDGE('',*,*,#3457,.T.);
#5784=ORIENTED_EDGE('',*,*,#4059,.F.);
#5785=ORIENTED_EDGE('',*,*,#4060,.T.);
#5786=ORIENTED_EDGE('',*,*,#3900,.F.);
#5787=ORIENTED_EDGE('',*,*,#3908,.T.);
#5788=ORIENTED_EDGE('',*,*,#4197,.T.);
#5789=ORIENTED_EDGE('',*,*,#3893,.F.);
#5790=ORIENTED_EDGE('',*,*,#3897,.T.);
#5791=ORIENTED_EDGE('',*,*,#4199,.T.);
#5792=ORIENTED_EDGE('',*,*,#3915,.T.);
#5793=ORIENTED_EDGE('',*,*,#3751,.F.);
#5794=ORIENTED_EDGE('',*,*,#3753,.T.);
#5795=ORIENTED_EDGE('',*,*,#3473,.F.);
#5796=ORIENTED_EDGE('',*,*,#3479,.T.);
#5797=ORIENTED_EDGE('',*,*,#3469,.T.);
#5798=ORIENTED_EDGE('',*,*,#3462,.F.);
#5799=ORIENTED_EDGE('',*,*,#4201,.T.);
#5800=ORIENTED_EDGE('',*,*,#4063,.F.);
#5801=ORIENTED_EDGE('',*,*,#4065,.T.);
#5802=ORIENTED_EDGE('',*,*,#3477,.T.);
#5803=ORIENTED_EDGE('',*,*,#4068,.F.);
#5804=ORIENTED_EDGE('',*,*,#4069,.T.);
#5805=ORIENTED_EDGE('',*,*,#3913,.F.);
#5806=ORIENTED_EDGE('',*,*,#3918,.T.);
#5807=ORIENTED_EDGE('',*,*,#4200,.T.);
#5808=ORIENTED_EDGE('',*,*,#3909,.F.);
#5809=ORIENTED_EDGE('',*,*,#3764,.T.);
#5810=ORIENTED_EDGE('',*,*,#3757,.F.);
#5811=ORIENTED_EDGE('',*,*,#4202,.T.);
#5812=ORIENTED_EDGE('',*,*,#3875,.T.);
#5813=ORIENTED_EDGE('',*,*,#3734,.F.);
#5814=ORIENTED_EDGE('',*,*,#3736,.T.);
#5815=ORIENTED_EDGE('',*,*,#3573,.F.);
#5816=ORIENTED_EDGE('',*,*,#3579,.T.);
#5817=ORIENTED_EDGE('',*,*,#3569,.T.);
#5818=ORIENTED_EDGE('',*,*,#3562,.F.);
#5819=ORIENTED_EDGE('',*,*,#4203,.T.);
#5820=ORIENTED_EDGE('',*,*,#4036,.F.);
#5821=ORIENTED_EDGE('',*,*,#4038,.T.);
#5822=ORIENTED_EDGE('',*,*,#3577,.T.);
#5823=ORIENTED_EDGE('',*,*,#4041,.F.);
#5824=ORIENTED_EDGE('',*,*,#4042,.T.);
#5825=ORIENTED_EDGE('',*,*,#3873,.F.);
#5826=ORIENTED_EDGE('',*,*,#3878,.T.);
#5827=ORIENTED_EDGE('',*,*,#4204,.T.);
#5828=ORIENTED_EDGE('',*,*,#3869,.F.);
#5829=ORIENTED_EDGE('',*,*,#3747,.T.);
#5830=ORIENTED_EDGE('',*,*,#3740,.F.);
#5831=ORIENTED_EDGE('',*,*,#4205,.T.);
#5832=ORIENTED_EDGE('',*,*,#4009,.T.);
#5833=ORIENTED_EDGE('',*,*,#3815,.F.);
#5834=ORIENTED_EDGE('',*,*,#3817,.T.);
#5835=ORIENTED_EDGE('',*,*,#3393,.F.);
#5836=ORIENTED_EDGE('',*,*,#3399,.T.);
#5837=ORIENTED_EDGE('',*,*,#3389,.T.);
#5838=ORIENTED_EDGE('',*,*,#3382,.F.);
#5839=ORIENTED_EDGE('',*,*,#4207,.T.);
#5840=ORIENTED_EDGE('',*,*,#4104,.F.);
#5841=ORIENTED_EDGE('',*,*,#4106,.T.);
#5842=ORIENTED_EDGE('',*,*,#3397,.T.);
#5843=ORIENTED_EDGE('',*,*,#4109,.F.);
#5844=ORIENTED_EDGE('',*,*,#4110,.T.);
#5845=ORIENTED_EDGE('',*,*,#4007,.F.);
#5846=ORIENTED_EDGE('',*,*,#4012,.T.);
#5847=ORIENTED_EDGE('',*,*,#4206,.T.);
#5848=ORIENTED_EDGE('',*,*,#4003,.F.);
#5849=ORIENTED_EDGE('',*,*,#3828,.T.);
#5850=ORIENTED_EDGE('',*,*,#3821,.F.);
#5851=ORIENTED_EDGE('',*,*,#4208,.T.);
#5852=ORIENTED_EDGE('',*,*,#3970,.T.);
#5853=ORIENTED_EDGE('',*,*,#3670,.F.);
#5854=ORIENTED_EDGE('',*,*,#3672,.T.);
#5855=ORIENTED_EDGE('',*,*,#3433,.F.);
#5856=ORIENTED_EDGE('',*,*,#3439,.T.);
#5857=ORIENTED_EDGE('',*,*,#3429,.T.);
#5858=ORIENTED_EDGE('',*,*,#3422,.F.);
#5859=ORIENTED_EDGE('',*,*,#4209,.T.);
#5860=ORIENTED_EDGE('',*,*,#4172,.F.);
#5861=ORIENTED_EDGE('',*,*,#4174,.T.);
#5862=ORIENTED_EDGE('',*,*,#3437,.T.);
#5863=ORIENTED_EDGE('',*,*,#4135,.F.);
#5864=ORIENTED_EDGE('',*,*,#4136,.T.);
#5865=ORIENTED_EDGE('',*,*,#3968,.F.);
#5866=ORIENTED_EDGE('',*,*,#3973,.T.);
#5867=ORIENTED_EDGE('',*,*,#4210,.T.);
#5868=ORIENTED_EDGE('',*,*,#3964,.F.);
#5869=ORIENTED_EDGE('',*,*,#3683,.T.);
#5870=ORIENTED_EDGE('',*,*,#3676,.F.);
#5871=ORIENTED_EDGE('',*,*,#3993,.T.);
#5872=ORIENTED_EDGE('',*,*,#3991,.F.);
#5873=ORIENTED_EDGE('',*,*,#3788,.T.);
#5874=ORIENTED_EDGE('',*,*,#3781,.F.);
#5875=ORIENTED_EDGE('',*,*,#4213,.T.);
#5876=ORIENTED_EDGE('',*,*,#3999,.T.);
#5877=ORIENTED_EDGE('',*,*,#3792,.F.);
#5878=ORIENTED_EDGE('',*,*,#3794,.T.);
#5879=ORIENTED_EDGE('',*,*,#3335,.F.);
#5880=ORIENTED_EDGE('',*,*,#3342,.T.);
#5881=ORIENTED_EDGE('',*,*,#3330,.T.);
#5882=ORIENTED_EDGE('',*,*,#3328,.F.);
#5883=ORIENTED_EDGE('',*,*,#4164,.T.);
#5884=ORIENTED_EDGE('',*,*,#4161,.F.);
#5885=ORIENTED_EDGE('',*,*,#4212,.T.);
#5886=ORIENTED_EDGE('',*,*,#3339,.T.);
#5887=ORIENTED_EDGE('',*,*,#4145,.F.);
#5888=ORIENTED_EDGE('',*,*,#4146,.T.);
#5889=ORIENTED_EDGE('',*,*,#3997,.F.);
#5890=ORIENTED_EDGE('',*,*,#4001,.T.);
#5891=ORIENTED_EDGE('',*,*,#4214,.T.);
#5892=ORIENTED_EDGE('',*,*,#3853,.T.);
#5893=ORIENTED_EDGE('',*,*,#3700,.F.);
#5894=ORIENTED_EDGE('',*,*,#3702,.T.);
#5895=ORIENTED_EDGE('',*,*,#3493,.F.);
#5896=ORIENTED_EDGE('',*,*,#3499,.T.);
#5897=ORIENTED_EDGE('',*,*,#3489,.T.);
#5898=ORIENTED_EDGE('',*,*,#3482,.F.);
#5899=ORIENTED_EDGE('',*,*,#4216,.T.);
#5900=ORIENTED_EDGE('',*,*,#4094,.F.);
#5901=ORIENTED_EDGE('',*,*,#4096,.T.);
#5902=ORIENTED_EDGE('',*,*,#3497,.T.);
#5903=ORIENTED_EDGE('',*,*,#4120,.F.);
#5904=ORIENTED_EDGE('',*,*,#4121,.T.);
#5905=ORIENTED_EDGE('',*,*,#3851,.F.);
#5906=ORIENTED_EDGE('',*,*,#3856,.T.);
#5907=ORIENTED_EDGE('',*,*,#4215,.T.);
#5908=ORIENTED_EDGE('',*,*,#3847,.F.);
#5909=ORIENTED_EDGE('',*,*,#3713,.T.);
#5910=ORIENTED_EDGE('',*,*,#3706,.F.);
#5911=ORIENTED_EDGE('',*,*,#4217,.T.);
#5912=ORIENTED_EDGE('',*,*,#3926,.T.);
#5913=ORIENTED_EDGE('',*,*,#3636,.F.);
#5914=ORIENTED_EDGE('',*,*,#3638,.T.);
#5915=ORIENTED_EDGE('',*,*,#3553,.F.);
#5916=ORIENTED_EDGE('',*,*,#3559,.T.);
#5917=ORIENTED_EDGE('',*,*,#3549,.T.);
#5918=ORIENTED_EDGE('',*,*,#3542,.F.);
#5919=ORIENTED_EDGE('',*,*,#4219,.T.);
#5920=ORIENTED_EDGE('',*,*,#4072,.F.);
#5921=ORIENTED_EDGE('',*,*,#4074,.T.);
#5922=ORIENTED_EDGE('',*,*,#3557,.T.);
#5923=ORIENTED_EDGE('',*,*,#4077,.F.);
#5924=ORIENTED_EDGE('',*,*,#4078,.T.);
#5925=ORIENTED_EDGE('',*,*,#3924,.F.);
#5926=ORIENTED_EDGE('',*,*,#3929,.T.);
#5927=ORIENTED_EDGE('',*,*,#4218,.T.);
#5928=ORIENTED_EDGE('',*,*,#3920,.F.);
#5929=ORIENTED_EDGE('',*,*,#3649,.T.);
#5930=ORIENTED_EDGE('',*,*,#3642,.F.);
#5931=ORIENTED_EDGE('',*,*,#4220,.T.);
#5932=ORIENTED_EDGE('',*,*,#3886,.T.);
#5933=ORIENTED_EDGE('',*,*,#3832,.F.);
#5934=ORIENTED_EDGE('',*,*,#3834,.T.);
#5935=ORIENTED_EDGE('',*,*,#3373,.F.);
#5936=ORIENTED_EDGE('',*,*,#3379,.T.);
#5937=ORIENTED_EDGE('',*,*,#3369,.T.);
#5938=ORIENTED_EDGE('',*,*,#3362,.F.);
#5939=ORIENTED_EDGE('',*,*,#4222,.T.);
#5940=ORIENTED_EDGE('',*,*,#4045,.F.);
#5941=ORIENTED_EDGE('',*,*,#4047,.T.);
#5942=ORIENTED_EDGE('',*,*,#3377,.T.);
#5943=ORIENTED_EDGE('',*,*,#4050,.F.);
#5944=ORIENTED_EDGE('',*,*,#4051,.T.);
#5945=ORIENTED_EDGE('',*,*,#3884,.F.);
#5946=ORIENTED_EDGE('',*,*,#3889,.T.);
#5947=ORIENTED_EDGE('',*,*,#4221,.T.);
#5948=ORIENTED_EDGE('',*,*,#3880,.F.);
#5949=ORIENTED_EDGE('',*,*,#3845,.T.);
#5950=ORIENTED_EDGE('',*,*,#3838,.F.);
#5951=ORIENTED_EDGE('',*,*,#4223,.T.);
#5952=ORIENTED_EDGE('',*,*,#3937,.T.);
#5953=ORIENTED_EDGE('',*,*,#3717,.F.);
#5954=ORIENTED_EDGE('',*,*,#3719,.T.);
#5955=ORIENTED_EDGE('',*,*,#3513,.F.);
#5956=ORIENTED_EDGE('',*,*,#3519,.T.);
#5957=ORIENTED_EDGE('',*,*,#3509,.T.);
#5958=ORIENTED_EDGE('',*,*,#3502,.F.);
#5959=ORIENTED_EDGE('',*,*,#4225,.T.);
#5960=ORIENTED_EDGE('',*,*,#4081,.F.);
#5961=ORIENTED_EDGE('',*,*,#4083,.T.);
#5962=ORIENTED_EDGE('',*,*,#3517,.T.);
#5963=ORIENTED_EDGE('',*,*,#4086,.F.);
#5964=ORIENTED_EDGE('',*,*,#4087,.T.);
#5965=ORIENTED_EDGE('',*,*,#3935,.F.);
#5966=ORIENTED_EDGE('',*,*,#3940,.T.);
#5967=ORIENTED_EDGE('',*,*,#4224,.T.);
#5968=ORIENTED_EDGE('',*,*,#3931,.F.);
#5969=ORIENTED_EDGE('',*,*,#3730,.T.);
#5970=ORIENTED_EDGE('',*,*,#3723,.F.);
#5971=ORIENTED_EDGE('',*,*,#4226,.T.);
#5972=ORIENTED_EDGE('',*,*,#3948,.T.);
#5973=ORIENTED_EDGE('',*,*,#3653,.F.);
#5974=ORIENTED_EDGE('',*,*,#3655,.T.);
#5975=ORIENTED_EDGE('',*,*,#3533,.F.);
#5976=ORIENTED_EDGE('',*,*,#3539,.T.);
#5977=ORIENTED_EDGE('',*,*,#3529,.T.);
#5978=ORIENTED_EDGE('',*,*,#3522,.F.);
#5979=ORIENTED_EDGE('',*,*,#4228,.T.);
#5980=ORIENTED_EDGE('',*,*,#4090,.F.);
#5981=ORIENTED_EDGE('',*,*,#4092,.T.);
#5982=ORIENTED_EDGE('',*,*,#3537,.T.);
#5983=ORIENTED_EDGE('',*,*,#4125,.F.);
#5984=ORIENTED_EDGE('',*,*,#4126,.T.);
#5985=ORIENTED_EDGE('',*,*,#3946,.F.);
#5986=ORIENTED_EDGE('',*,*,#3951,.T.);
#5987=ORIENTED_EDGE('',*,*,#4227,.T.);
#5988=ORIENTED_EDGE('',*,*,#3942,.F.);
#5989=ORIENTED_EDGE('',*,*,#3666,.T.);
#5990=ORIENTED_EDGE('',*,*,#3659,.F.);
#5991=ORIENTED_EDGE('',*,*,#4016,.T.);
#5992=ORIENTED_EDGE('',*,*,#4014,.F.);
#5993=ORIENTED_EDGE('',*,*,#3811,.T.);
#5994=ORIENTED_EDGE('',*,*,#3804,.F.);
#5995=ORIENTED_EDGE('',*,*,#4231,.T.);
#5996=ORIENTED_EDGE('',*,*,#4022,.T.);
#5997=ORIENTED_EDGE('',*,*,#3798,.F.);
#5998=ORIENTED_EDGE('',*,*,#3800,.T.);
#5999=ORIENTED_EDGE('',*,*,#3352,.F.);
#6000=ORIENTED_EDGE('',*,*,#3359,.T.);
#6001=ORIENTED_EDGE('',*,*,#3347,.T.);
#6002=ORIENTED_EDGE('',*,*,#3345,.F.);
#6003=ORIENTED_EDGE('',*,*,#4158,.T.);
#6004=ORIENTED_EDGE('',*,*,#4155,.F.);
#6005=ORIENTED_EDGE('',*,*,#4230,.T.);
#6006=ORIENTED_EDGE('',*,*,#3356,.T.);
#6007=ORIENTED_EDGE('',*,*,#4150,.F.);
#6008=ORIENTED_EDGE('',*,*,#4151,.T.);
#6009=ORIENTED_EDGE('',*,*,#4020,.F.);
#6010=ORIENTED_EDGE('',*,*,#4024,.T.);
#6011=ORIENTED_EDGE('',*,*,#4232,.T.);
#6012=ORIENTED_EDGE('',*,*,#3959,.T.);
#6013=ORIENTED_EDGE('',*,*,#3602,.F.);
#6014=ORIENTED_EDGE('',*,*,#3604,.T.);
#6015=ORIENTED_EDGE('',*,*,#3413,.F.);
#6016=ORIENTED_EDGE('',*,*,#3419,.T.);
#6017=ORIENTED_EDGE('',*,*,#3409,.T.);
#6018=ORIENTED_EDGE('',*,*,#3402,.F.);
#6019=ORIENTED_EDGE('',*,*,#4234,.T.);
#6020=ORIENTED_EDGE('',*,*,#4176,.F.);
#6021=ORIENTED_EDGE('',*,*,#4178,.T.);
#6022=ORIENTED_EDGE('',*,*,#3417,.T.);
#6023=ORIENTED_EDGE('',*,*,#4130,.F.);
#6024=ORIENTED_EDGE('',*,*,#4131,.T.);
#6025=ORIENTED_EDGE('',*,*,#3957,.F.);
#6026=ORIENTED_EDGE('',*,*,#3962,.T.);
#6027=ORIENTED_EDGE('',*,*,#4233,.T.);
#6028=ORIENTED_EDGE('',*,*,#3953,.F.);
#6029=ORIENTED_EDGE('',*,*,#3615,.T.);
#6030=ORIENTED_EDGE('',*,*,#3608,.F.);
#6031=ORIENTED_EDGE('',*,*,#4244,.T.);
#6032=ORIENTED_EDGE('',*,*,#4245,.T.);
#6033=ORIENTED_EDGE('',*,*,#4246,.T.);
#6034=ORIENTED_EDGE('',*,*,#4244,.F.);
#6035=ORIENTED_EDGE('',*,*,#4247,.T.);
#6036=ORIENTED_EDGE('',*,*,#4248,.T.);
#6037=ORIENTED_EDGE('',*,*,#4247,.F.);
#6038=ORIENTED_EDGE('',*,*,#4248,.F.);
#6039=ORIENTED_EDGE('',*,*,#4245,.F.);
#6040=ORIENTED_EDGE('',*,*,#4249,.T.);
#6041=ORIENTED_EDGE('',*,*,#4250,.T.);
#6042=ORIENTED_EDGE('',*,*,#4249,.F.);
#6043=ORIENTED_EDGE('',*,*,#4250,.F.);
#6044=ORIENTED_EDGE('',*,*,#4246,.F.);
#6045=ORIENTED_EDGE('',*,*,#4251,.T.);
#6046=ORIENTED_EDGE('',*,*,#4252,.T.);
#6047=ORIENTED_EDGE('',*,*,#4251,.F.);
#6048=ORIENTED_EDGE('',*,*,#4252,.F.);
#6049=ORIENTED_EDGE('',*,*,#3769,.F.);
#6050=ORIENTED_EDGE('',*,*,#4241,.F.);
#6051=ORIENTED_EDGE('',*,*,#4188,.T.);
#6052=ORIENTED_EDGE('',*,*,#4190,.T.);
#6053=ORIENTED_EDGE('',*,*,#4184,.T.);
#6054=ORIENTED_EDGE('',*,*,#4242,.F.);
#6055=ORIENTED_EDGE('',*,*,#4116,.F.);
#6056=ORIENTED_EDGE('',*,*,#4253,.F.);
#6057=ORIENTED_EDGE('',*,*,#3454,.F.);
#6058=ORIENTED_EDGE('',*,*,#4243,.F.);
#6059=ORIENTED_EDGE('',*,*,#3903,.F.);
#6060=ORIENTED_EDGE('',*,*,#4254,.F.);
#6061=ORIENTED_EDGE('',*,*,#4236,.T.);
#6062=ORIENTED_EDGE('',*,*,#4255,.T.);
#6063=ORIENTED_EDGE('',*,*,#4256,.F.);
#6064=ORIENTED_EDGE('',*,*,#4257,.F.);
#6065=ORIENTED_EDGE('',*,*,#4237,.T.);
#6066=ORIENTED_EDGE('',*,*,#4257,.T.);
#6067=ORIENTED_EDGE('',*,*,#4258,.F.);
#6068=ORIENTED_EDGE('',*,*,#4259,.F.);
#6069=ORIENTED_EDGE('',*,*,#4238,.T.);
#6070=ORIENTED_EDGE('',*,*,#4259,.T.);
#6071=ORIENTED_EDGE('',*,*,#4260,.F.);
#6072=ORIENTED_EDGE('',*,*,#4261,.F.);
#6073=ORIENTED_EDGE('',*,*,#4239,.T.);
#6074=ORIENTED_EDGE('',*,*,#4261,.T.);
#6075=ORIENTED_EDGE('',*,*,#4262,.F.);
#6076=ORIENTED_EDGE('',*,*,#4263,.F.);
#6077=ORIENTED_EDGE('',*,*,#4240,.T.);
#6078=ORIENTED_EDGE('',*,*,#4263,.T.);
#6079=ORIENTED_EDGE('',*,*,#4264,.F.);
#6080=ORIENTED_EDGE('',*,*,#4265,.F.);
#6081=ORIENTED_EDGE('',*,*,#4235,.T.);
#6082=ORIENTED_EDGE('',*,*,#4265,.T.);
#6083=ORIENTED_EDGE('',*,*,#4266,.F.);
#6084=ORIENTED_EDGE('',*,*,#4255,.F.);
#6085=ORIENTED_EDGE('',*,*,#4266,.T.);
#6086=ORIENTED_EDGE('',*,*,#4264,.T.);
#6087=ORIENTED_EDGE('',*,*,#4262,.T.);
#6088=ORIENTED_EDGE('',*,*,#4260,.T.);
#6089=ORIENTED_EDGE('',*,*,#4258,.T.);
#6090=ORIENTED_EDGE('',*,*,#4256,.T.);
#6091=ORIENTED_EDGE('',*,*,#3575,.T.);
#6092=ORIENTED_EDGE('',*,*,#3571,.F.);
#6093=ORIENTED_EDGE('',*,*,#3737,.T.);
#6094=ORIENTED_EDGE('',*,*,#3732,.F.);
#6095=ORIENTED_EDGE('',*,*,#3879,.T.);
#6096=ORIENTED_EDGE('',*,*,#3871,.F.);
#6097=ORIENTED_EDGE('',*,*,#4043,.T.);
#6098=ORIENTED_EDGE('',*,*,#4039,.F.);
#6099=ORIENTED_EDGE('',*,*,#3475,.T.);
#6100=ORIENTED_EDGE('',*,*,#3471,.F.);
#6101=ORIENTED_EDGE('',*,*,#3754,.T.);
#6102=ORIENTED_EDGE('',*,*,#3749,.F.);
#6103=ORIENTED_EDGE('',*,*,#3919,.T.);
#6104=ORIENTED_EDGE('',*,*,#3911,.F.);
#6105=ORIENTED_EDGE('',*,*,#4070,.T.);
#6106=ORIENTED_EDGE('',*,*,#4066,.F.);
#6107=ORIENTED_EDGE('',*,*,#3303,.T.);
#6108=ORIENTED_EDGE('',*,*,#3299,.F.);
#6109=ORIENTED_EDGE('',*,*,#3771,.T.);
#6110=ORIENTED_EDGE('',*,*,#3766,.F.);
#6111=ORIENTED_EDGE('',*,*,#4253,.T.);
#6112=ORIENTED_EDGE('',*,*,#4115,.T.);
#6113=ORIENTED_EDGE('',*,*,#4112,.F.);
#6114=ORIENTED_EDGE('',*,*,#3337,.T.);
#6115=ORIENTED_EDGE('',*,*,#3333,.F.);
#6116=ORIENTED_EDGE('',*,*,#3795,.T.);
#6117=ORIENTED_EDGE('',*,*,#3790,.F.);
#6118=ORIENTED_EDGE('',*,*,#4002,.T.);
#6119=ORIENTED_EDGE('',*,*,#3995,.F.);
#6120=ORIENTED_EDGE('',*,*,#4147,.T.);
#6121=ORIENTED_EDGE('',*,*,#4143,.F.);
#6122=ORIENTED_EDGE('',*,*,#3320,.T.);
#6123=ORIENTED_EDGE('',*,*,#3316,.F.);
#6124=ORIENTED_EDGE('',*,*,#3690,.T.);
#6125=ORIENTED_EDGE('',*,*,#3685,.F.);
#6126=ORIENTED_EDGE('',*,*,#3990,.T.);
#6127=ORIENTED_EDGE('',*,*,#3984,.F.);
#6128=ORIENTED_EDGE('',*,*,#4142,.T.);
#6129=ORIENTED_EDGE('',*,*,#4138,.F.);
#6130=ORIENTED_EDGE('',*,*,#3395,.T.);
#6131=ORIENTED_EDGE('',*,*,#3391,.F.);
#6132=ORIENTED_EDGE('',*,*,#3818,.T.);
#6133=ORIENTED_EDGE('',*,*,#3813,.F.);
#6134=ORIENTED_EDGE('',*,*,#4013,.T.);
#6135=ORIENTED_EDGE('',*,*,#4005,.F.);
#6136=ORIENTED_EDGE('',*,*,#4111,.T.);
#6137=ORIENTED_EDGE('',*,*,#4107,.F.);
#6138=ORIENTED_EDGE('',*,*,#3515,.T.);
#6139=ORIENTED_EDGE('',*,*,#3511,.F.);
#6140=ORIENTED_EDGE('',*,*,#3720,.T.);
#6141=ORIENTED_EDGE('',*,*,#3715,.F.);
#6142=ORIENTED_EDGE('',*,*,#3941,.T.);
#6143=ORIENTED_EDGE('',*,*,#3933,.F.);
#6144=ORIENTED_EDGE('',*,*,#4088,.T.);
#6145=ORIENTED_EDGE('',*,*,#4084,.F.);
#6146=ORIENTED_EDGE('',*,*,#3435,.T.);
#6147=ORIENTED_EDGE('',*,*,#3431,.F.);
#6148=ORIENTED_EDGE('',*,*,#3673,.T.);
#6149=ORIENTED_EDGE('',*,*,#3668,.F.);
#6150=ORIENTED_EDGE('',*,*,#3974,.T.);
#6151=ORIENTED_EDGE('',*,*,#3966,.F.);
#6152=ORIENTED_EDGE('',*,*,#4137,.T.);
#6153=ORIENTED_EDGE('',*,*,#4133,.F.);
#6154=ORIENTED_EDGE('',*,*,#3595,.T.);
#6155=ORIENTED_EDGE('',*,*,#3591,.F.);
#6156=ORIENTED_EDGE('',*,*,#3622,.T.);
#6157=ORIENTED_EDGE('',*,*,#3617,.F.);
#6158=ORIENTED_EDGE('',*,*,#3868,.T.);
#6159=ORIENTED_EDGE('',*,*,#3860,.F.);
#6160=ORIENTED_EDGE('',*,*,#4034,.T.);
#6161=ORIENTED_EDGE('',*,*,#4030,.F.);
#6162=ORIENTED_EDGE('',*,*,#3455,.T.);
#6163=ORIENTED_EDGE('',*,*,#3451,.F.);
#6164=ORIENTED_EDGE('',*,*,#4254,.T.);
#6165=ORIENTED_EDGE('',*,*,#3902,.T.);
#6166=ORIENTED_EDGE('',*,*,#3898,.F.);
#6167=ORIENTED_EDGE('',*,*,#4061,.T.);
#6168=ORIENTED_EDGE('',*,*,#4057,.F.);
#6169=ORIENTED_EDGE('',*,*,#3495,.T.);
#6170=ORIENTED_EDGE('',*,*,#3491,.F.);
#6171=ORIENTED_EDGE('',*,*,#3703,.T.);
#6172=ORIENTED_EDGE('',*,*,#3698,.F.);
#6173=ORIENTED_EDGE('',*,*,#3857,.T.);
#6174=ORIENTED_EDGE('',*,*,#3849,.F.);
#6175=ORIENTED_EDGE('',*,*,#4122,.T.);
#6176=ORIENTED_EDGE('',*,*,#4118,.F.);
#6177=ORIENTED_EDGE('',*,*,#3354,.T.);
#6178=ORIENTED_EDGE('',*,*,#3350,.F.);
#6179=ORIENTED_EDGE('',*,*,#3801,.T.);
#6180=ORIENTED_EDGE('',*,*,#3796,.F.);
#6181=ORIENTED_EDGE('',*,*,#4025,.T.);
#6182=ORIENTED_EDGE('',*,*,#4018,.F.);
#6183=ORIENTED_EDGE('',*,*,#4152,.T.);
#6184=ORIENTED_EDGE('',*,*,#4148,.F.);
#6185=ORIENTED_EDGE('',*,*,#3535,.T.);
#6186=ORIENTED_EDGE('',*,*,#3531,.F.);
#6187=ORIENTED_EDGE('',*,*,#3656,.T.);
#6188=ORIENTED_EDGE('',*,*,#3651,.F.);
#6189=ORIENTED_EDGE('',*,*,#3952,.T.);
#6190=ORIENTED_EDGE('',*,*,#3944,.F.);
#6191=ORIENTED_EDGE('',*,*,#4127,.T.);
#6192=ORIENTED_EDGE('',*,*,#4123,.F.);
#6193=ORIENTED_EDGE('',*,*,#3375,.T.);
#6194=ORIENTED_EDGE('',*,*,#3371,.F.);
#6195=ORIENTED_EDGE('',*,*,#3835,.T.);
#6196=ORIENTED_EDGE('',*,*,#3830,.F.);
#6197=ORIENTED_EDGE('',*,*,#3890,.T.);
#6198=ORIENTED_EDGE('',*,*,#3882,.F.);
#6199=ORIENTED_EDGE('',*,*,#4052,.T.);
#6200=ORIENTED_EDGE('',*,*,#4048,.F.);
#6201=ORIENTED_EDGE('',*,*,#3555,.T.);
#6202=ORIENTED_EDGE('',*,*,#3551,.F.);
#6203=ORIENTED_EDGE('',*,*,#3639,.T.);
#6204=ORIENTED_EDGE('',*,*,#3634,.F.);
#6205=ORIENTED_EDGE('',*,*,#3930,.T.);
#6206=ORIENTED_EDGE('',*,*,#3922,.F.);
#6207=ORIENTED_EDGE('',*,*,#4079,.T.);
#6208=ORIENTED_EDGE('',*,*,#4075,.F.);
#6209=ORIENTED_EDGE('',*,*,#3415,.T.);
#6210=ORIENTED_EDGE('',*,*,#3411,.F.);
#6211=ORIENTED_EDGE('',*,*,#3605,.T.);
#6212=ORIENTED_EDGE('',*,*,#3600,.F.);
#6213=ORIENTED_EDGE('',*,*,#3963,.T.);
#6214=ORIENTED_EDGE('',*,*,#3955,.F.);
#6215=ORIENTED_EDGE('',*,*,#4132,.T.);
#6216=ORIENTED_EDGE('',*,*,#4128,.F.);
#6217=CYLINDRICAL_SURFACE('',#6691,0.7);
#6218=CYLINDRICAL_SURFACE('',#6695,0.7);
#6219=CYLINDRICAL_SURFACE('',#6699,0.7);
#6220=CYLINDRICAL_SURFACE('',#6703,0.7);
#6221=CYLINDRICAL_SURFACE('',#6707,0.7);
#6222=CYLINDRICAL_SURFACE('',#6711,0.7);
#6223=CYLINDRICAL_SURFACE('',#6715,0.7);
#6224=CYLINDRICAL_SURFACE('',#6719,0.7);
#6225=CYLINDRICAL_SURFACE('',#6723,0.7);
#6226=CYLINDRICAL_SURFACE('',#6729,0.7);
#6227=CYLINDRICAL_SURFACE('',#6733,0.7);
#6228=CYLINDRICAL_SURFACE('',#6739,0.7);
#6229=CYLINDRICAL_SURFACE('',#6743,0.7);
#6230=CYLINDRICAL_SURFACE('',#6749,0.7);
#6231=CYLINDRICAL_SURFACE('',#6753,0.7);
#6232=CYLINDRICAL_SURFACE('',#6759,0.7);
#6233=CYLINDRICAL_SURFACE('',#6763,0.7);
#6234=CYLINDRICAL_SURFACE('',#6769,0.7);
#6235=CYLINDRICAL_SURFACE('',#6773,0.7);
#6236=CYLINDRICAL_SURFACE('',#6779,0.7);
#6237=CYLINDRICAL_SURFACE('',#6783,0.7);
#6238=CYLINDRICAL_SURFACE('',#6789,0.7);
#6239=CYLINDRICAL_SURFACE('',#6793,0.7);
#6240=CYLINDRICAL_SURFACE('',#6799,0.7);
#6241=CYLINDRICAL_SURFACE('',#6803,0.7);
#6242=CYLINDRICAL_SURFACE('',#6809,0.7);
#6243=CYLINDRICAL_SURFACE('',#6813,0.7);
#6244=CYLINDRICAL_SURFACE('',#6819,0.7);
#6245=CYLINDRICAL_SURFACE('',#6823,0.7);
#6246=CYLINDRICAL_SURFACE('',#6829,0.7);
#6247=CYLINDRICAL_SURFACE('',#6833,0.7);
#6248=CYLINDRICAL_SURFACE('',#6839,0.7);
#6249=CYLINDRICAL_SURFACE('',#6843,0.7);
#6250=CYLINDRICAL_SURFACE('',#6847,0.7);
#6251=CYLINDRICAL_SURFACE('',#6853,0.7);
#6252=CYLINDRICAL_SURFACE('',#6857,0.7);
#6253=CYLINDRICAL_SURFACE('',#6863,0.7);
#6254=CYLINDRICAL_SURFACE('',#6867,0.7);
#6255=CYLINDRICAL_SURFACE('',#6873,0.7);
#6256=CYLINDRICAL_SURFACE('',#6877,0.7);
#6257=CYLINDRICAL_SURFACE('',#6883,0.7);
#6258=CYLINDRICAL_SURFACE('',#6887,0.7);
#6259=CYLINDRICAL_SURFACE('',#6893,0.7);
#6260=CYLINDRICAL_SURFACE('',#6897,0.7);
#6261=CYLINDRICAL_SURFACE('',#6901,0.7);
#6262=CYLINDRICAL_SURFACE('',#6905,0.7);
#6263=CYLINDRICAL_SURFACE('',#6911,0.7);
#6264=CYLINDRICAL_SURFACE('',#6915,0.7);
#6265=CYLINDRICAL_SURFACE('',#6921,0.7);
#6266=CYLINDRICAL_SURFACE('',#6925,0.7);
#6267=CYLINDRICAL_SURFACE('',#6931,0.7);
#6268=CYLINDRICAL_SURFACE('',#6935,0.7);
#6269=CYLINDRICAL_SURFACE('',#6941,0.7);
#6270=CYLINDRICAL_SURFACE('',#6945,0.7);
#6271=CYLINDRICAL_SURFACE('',#6949,0.7);
#6272=CYLINDRICAL_SURFACE('',#6955,0.7);
#6273=CYLINDRICAL_SURFACE('',#6959,0.7);
#6274=CYLINDRICAL_SURFACE('',#6963,0.7);
#6275=CYLINDRICAL_SURFACE('',#6969,0.7);
#6276=CYLINDRICAL_SURFACE('',#6973,0.7);
#6277=CYLINDRICAL_SURFACE('',#6979,0.7);
#6278=CYLINDRICAL_SURFACE('',#6983,0.7);
#6279=CYLINDRICAL_SURFACE('',#6989,0.7);
#6280=CYLINDRICAL_SURFACE('',#6991,0.7);
#6281=CYLINDRICAL_SURFACE('',#6995,0.7);
#6282=CYLINDRICAL_SURFACE('',#6997,0.7);
#6283=CYLINDRICAL_SURFACE('',#7001,0.7);
#6284=CYLINDRICAL_SURFACE('',#7003,0.7);
#6285=CYLINDRICAL_SURFACE('',#7007,0.7);
#6286=CYLINDRICAL_SURFACE('',#7009,0.7);
#6287=CYLINDRICAL_SURFACE('',#7013,0.7);
#6288=CYLINDRICAL_SURFACE('',#7017,0.7);
#6289=CYLINDRICAL_SURFACE('',#7021,0.7);
#6290=CYLINDRICAL_SURFACE('',#7023,0.7);
#6291=CYLINDRICAL_SURFACE('',#7027,0.7);
#6292=CYLINDRICAL_SURFACE('',#7029,0.7);
#6293=CYLINDRICAL_SURFACE('',#7033,0.7);
#6294=CYLINDRICAL_SURFACE('',#7035,0.7);
#6295=CYLINDRICAL_SURFACE('',#7039,0.7);
#6296=CYLINDRICAL_SURFACE('',#7041,0.7);
#6297=CYLINDRICAL_SURFACE('',#7045,0.7);
#6298=CYLINDRICAL_SURFACE('',#7047,0.7);
#6299=CYLINDRICAL_SURFACE('',#7051,0.7);
#6300=CYLINDRICAL_SURFACE('',#7053,0.7);
#6301=CYLINDRICAL_SURFACE('',#7057,0.7);
#6302=CYLINDRICAL_SURFACE('',#7062,0.7);
#6303=CYLINDRICAL_SURFACE('',#7066,0.7);
#6304=CYLINDRICAL_SURFACE('',#7069,0.7);
#6305=CYLINDRICAL_SURFACE('',#7073,0.7);
#6306=CYLINDRICAL_SURFACE('',#7075,0.7);
#6307=CYLINDRICAL_SURFACE('',#7079,0.7);
#6308=CYLINDRICAL_SURFACE('',#7082,0.7);
#6309=CYLINDRICAL_SURFACE('',#7086,0.7);
#6310=CYLINDRICAL_SURFACE('',#7089,0.7);
#6311=CYLINDRICAL_SURFACE('',#7093,0.7);
#6312=CYLINDRICAL_SURFACE('',#7096,0.7);
#6313=CYLINDRICAL_SURFACE('',#7100,0.7);
#6314=CYLINDRICAL_SURFACE('',#7103,0.7);
#6315=CYLINDRICAL_SURFACE('',#7107,0.7);
#6316=CYLINDRICAL_SURFACE('',#7110,0.7);
#6317=CYLINDRICAL_SURFACE('',#7114,0.7);
#6318=CYLINDRICAL_SURFACE('',#7117,0.7);
#6319=CYLINDRICAL_SURFACE('',#7121,0.7);
#6320=CYLINDRICAL_SURFACE('',#7124,0.7);
#6321=CYLINDRICAL_SURFACE('',#7128,0.7);
#6322=CYLINDRICAL_SURFACE('',#7131,0.7);
#6323=CYLINDRICAL_SURFACE('',#7135,0.7);
#6324=CYLINDRICAL_SURFACE('',#7138,0.7);
#6325=CYLINDRICAL_SURFACE('',#7141,0.7);
#6326=CYLINDRICAL_SURFACE('',#7145,0.7);
#6327=CYLINDRICAL_SURFACE('',#7148,0.7);
#6328=CYLINDRICAL_SURFACE('',#7152,0.7);
#6329=CYLINDRICAL_SURFACE('',#7156,0.7);
#6330=CYLINDRICAL_SURFACE('',#7160,0.7);
#6331=CYLINDRICAL_SURFACE('',#7164,0.7);
#6332=CYLINDRICAL_SURFACE('',#7168,0.7);
#6333=CYLINDRICAL_SURFACE('',#7172,0.7);
#6334=CYLINDRICAL_SURFACE('',#7176,0.7);
#6335=CYLINDRICAL_SURFACE('',#7180,0.7);
#6336=CYLINDRICAL_SURFACE('',#7184,0.7);
#6337=CYLINDRICAL_SURFACE('',#7188,0.7);
#6338=CYLINDRICAL_SURFACE('',#7192,0.7);
#6339=CYLINDRICAL_SURFACE('',#7196,0.7);
#6340=CYLINDRICAL_SURFACE('',#7199,0.7);
#6341=CYLINDRICAL_SURFACE('',#7259,0.8115);
#6342=CYLINDRICAL_SURFACE('',#7262,0.8115);
#6343=CYLINDRICAL_SURFACE('',#7265,0.8115);
#6344=CYLINDRICAL_SURFACE('',#7272,9.30000000000001);
#6345=CYLINDRICAL_SURFACE('',#7275,9.3);
#6346=ADVANCED_FACE('',(#255),#6217,.F.);
#6347=ADVANCED_FACE('',(#256),#54,.F.);
#6348=ADVANCED_FACE('',(#257),#6218,.F.);
#6349=ADVANCED_FACE('',(#258),#55,.F.);
#6350=ADVANCED_FACE('',(#259),#6219,.F.);
#6351=ADVANCED_FACE('',(#260),#56,.F.);
#6352=ADVANCED_FACE('',(#261),#6220,.F.);
#6353=ADVANCED_FACE('',(#262),#57,.F.);
#6354=ADVANCED_FACE('',(#263),#6221,.F.);
#6355=ADVANCED_FACE('',(#264),#58,.F.);
#6356=ADVANCED_FACE('',(#265),#6222,.F.);
#6357=ADVANCED_FACE('',(#266),#59,.F.);
#6358=ADVANCED_FACE('',(#267),#6223,.F.);
#6359=ADVANCED_FACE('',(#268),#60,.F.);
#6360=ADVANCED_FACE('',(#269),#6224,.F.);
#6361=ADVANCED_FACE('',(#270),#61,.F.);
#6362=ADVANCED_FACE('',(#271),#6225,.F.);
#6363=ADVANCED_FACE('',(#272),#62,.F.);
#6364=ADVANCED_FACE('',(#273),#63,.F.);
#6365=ADVANCED_FACE('',(#274),#6226,.F.);
#6366=ADVANCED_FACE('',(#275),#64,.F.);
#6367=ADVANCED_FACE('',(#276),#6227,.F.);
#6368=ADVANCED_FACE('',(#277),#65,.F.);
#6369=ADVANCED_FACE('',(#278),#66,.F.);
#6370=ADVANCED_FACE('',(#279),#6228,.F.);
#6371=ADVANCED_FACE('',(#280),#67,.F.);
#6372=ADVANCED_FACE('',(#281),#6229,.F.);
#6373=ADVANCED_FACE('',(#282),#68,.F.);
#6374=ADVANCED_FACE('',(#283),#69,.F.);
#6375=ADVANCED_FACE('',(#284),#6230,.F.);
#6376=ADVANCED_FACE('',(#285),#70,.F.);
#6377=ADVANCED_FACE('',(#286),#6231,.F.);
#6378=ADVANCED_FACE('',(#287),#71,.F.);
#6379=ADVANCED_FACE('',(#288),#72,.F.);
#6380=ADVANCED_FACE('',(#289),#6232,.F.);
#6381=ADVANCED_FACE('',(#290),#73,.F.);
#6382=ADVANCED_FACE('',(#291),#6233,.F.);
#6383=ADVANCED_FACE('',(#292),#74,.F.);
#6384=ADVANCED_FACE('',(#293),#75,.F.);
#6385=ADVANCED_FACE('',(#294),#6234,.F.);
#6386=ADVANCED_FACE('',(#295),#76,.F.);
#6387=ADVANCED_FACE('',(#296),#6235,.F.);
#6388=ADVANCED_FACE('',(#297),#77,.F.);
#6389=ADVANCED_FACE('',(#298),#78,.F.);
#6390=ADVANCED_FACE('',(#299),#6236,.F.);
#6391=ADVANCED_FACE('',(#300),#79,.F.);
#6392=ADVANCED_FACE('',(#301),#6237,.F.);
#6393=ADVANCED_FACE('',(#302),#80,.F.);
#6394=ADVANCED_FACE('',(#303),#81,.F.);
#6395=ADVANCED_FACE('',(#304),#6238,.F.);
#6396=ADVANCED_FACE('',(#305),#82,.F.);
#6397=ADVANCED_FACE('',(#306),#6239,.F.);
#6398=ADVANCED_FACE('',(#307),#83,.F.);
#6399=ADVANCED_FACE('',(#308),#84,.F.);
#6400=ADVANCED_FACE('',(#309),#6240,.F.);
#6401=ADVANCED_FACE('',(#310),#85,.F.);
#6402=ADVANCED_FACE('',(#311),#6241,.F.);
#6403=ADVANCED_FACE('',(#312),#86,.F.);
#6404=ADVANCED_FACE('',(#313),#87,.F.);
#6405=ADVANCED_FACE('',(#314),#6242,.F.);
#6406=ADVANCED_FACE('',(#315),#88,.F.);
#6407=ADVANCED_FACE('',(#316),#6243,.F.);
#6408=ADVANCED_FACE('',(#317),#89,.F.);
#6409=ADVANCED_FACE('',(#318),#90,.F.);
#6410=ADVANCED_FACE('',(#319),#6244,.F.);
#6411=ADVANCED_FACE('',(#320),#91,.F.);
#6412=ADVANCED_FACE('',(#321),#6245,.F.);
#6413=ADVANCED_FACE('',(#322),#92,.F.);
#6414=ADVANCED_FACE('',(#323),#93,.F.);
#6415=ADVANCED_FACE('',(#324),#6246,.F.);
#6416=ADVANCED_FACE('',(#325),#94,.F.);
#6417=ADVANCED_FACE('',(#326),#6247,.F.);
#6418=ADVANCED_FACE('',(#327),#95,.F.);
#6419=ADVANCED_FACE('',(#328),#96,.F.);
#6420=ADVANCED_FACE('',(#329),#6248,.F.);
#6421=ADVANCED_FACE('',(#330),#97,.F.);
#6422=ADVANCED_FACE('',(#331),#6249,.F.);
#6423=ADVANCED_FACE('',(#332),#98,.F.);
#6424=ADVANCED_FACE('',(#333),#6250,.F.);
#6425=ADVANCED_FACE('',(#334),#99,.F.);
#6426=ADVANCED_FACE('',(#335),#100,.F.);
#6427=ADVANCED_FACE('',(#336),#6251,.F.);
#6428=ADVANCED_FACE('',(#337),#101,.F.);
#6429=ADVANCED_FACE('',(#338),#6252,.F.);
#6430=ADVANCED_FACE('',(#339),#102,.F.);
#6431=ADVANCED_FACE('',(#340),#103,.F.);
#6432=ADVANCED_FACE('',(#341),#6253,.F.);
#6433=ADVANCED_FACE('',(#342),#104,.F.);
#6434=ADVANCED_FACE('',(#343),#6254,.F.);
#6435=ADVANCED_FACE('',(#344),#105,.F.);
#6436=ADVANCED_FACE('',(#345),#106,.F.);
#6437=ADVANCED_FACE('',(#346),#6255,.F.);
#6438=ADVANCED_FACE('',(#347),#107,.F.);
#6439=ADVANCED_FACE('',(#348),#6256,.F.);
#6440=ADVANCED_FACE('',(#349),#108,.F.);
#6441=ADVANCED_FACE('',(#350),#109,.F.);
#6442=ADVANCED_FACE('',(#351),#6257,.F.);
#6443=ADVANCED_FACE('',(#352),#110,.F.);
#6444=ADVANCED_FACE('',(#353),#6258,.F.);
#6445=ADVANCED_FACE('',(#354),#111,.F.);
#6446=ADVANCED_FACE('',(#355),#112,.F.);
#6447=ADVANCED_FACE('',(#356),#6259,.F.);
#6448=ADVANCED_FACE('',(#357),#113,.F.);
#6449=ADVANCED_FACE('',(#358),#6260,.F.);
#6450=ADVANCED_FACE('',(#359),#114,.F.);
#6451=ADVANCED_FACE('',(#360),#6261,.F.);
#6452=ADVANCED_FACE('',(#361),#115,.F.);
#6453=ADVANCED_FACE('',(#362),#6262,.F.);
#6454=ADVANCED_FACE('',(#363),#116,.F.);
#6455=ADVANCED_FACE('',(#364),#117,.F.);
#6456=ADVANCED_FACE('',(#365),#6263,.F.);
#6457=ADVANCED_FACE('',(#366),#118,.F.);
#6458=ADVANCED_FACE('',(#367),#6264,.F.);
#6459=ADVANCED_FACE('',(#368),#119,.F.);
#6460=ADVANCED_FACE('',(#369),#120,.F.);
#6461=ADVANCED_FACE('',(#370),#6265,.F.);
#6462=ADVANCED_FACE('',(#371),#121,.F.);
#6463=ADVANCED_FACE('',(#372),#6266,.F.);
#6464=ADVANCED_FACE('',(#373),#122,.F.);
#6465=ADVANCED_FACE('',(#374),#123,.F.);
#6466=ADVANCED_FACE('',(#375),#6267,.F.);
#6467=ADVANCED_FACE('',(#376),#124,.F.);
#6468=ADVANCED_FACE('',(#377),#6268,.F.);
#6469=ADVANCED_FACE('',(#378),#125,.F.);
#6470=ADVANCED_FACE('',(#379),#126,.F.);
#6471=ADVANCED_FACE('',(#380),#6269,.F.);
#6472=ADVANCED_FACE('',(#381),#127,.F.);
#6473=ADVANCED_FACE('',(#382),#6270,.F.);
#6474=ADVANCED_FACE('',(#383),#128,.F.);
#6475=ADVANCED_FACE('',(#384),#6271,.F.);
#6476=ADVANCED_FACE('',(#385),#129,.F.);
#6477=ADVANCED_FACE('',(#386),#130,.F.);
#6478=ADVANCED_FACE('',(#387),#6272,.F.);
#6479=ADVANCED_FACE('',(#388),#131,.F.);
#6480=ADVANCED_FACE('',(#389),#6273,.F.);
#6481=ADVANCED_FACE('',(#390),#132,.F.);
#6482=ADVANCED_FACE('',(#391),#6274,.F.);
#6483=ADVANCED_FACE('',(#392),#133,.F.);
#6484=ADVANCED_FACE('',(#393),#134,.F.);
#6485=ADVANCED_FACE('',(#394),#6275,.F.);
#6486=ADVANCED_FACE('',(#395),#135,.F.);
#6487=ADVANCED_FACE('',(#396),#6276,.F.);
#6488=ADVANCED_FACE('',(#397),#136,.F.);
#6489=ADVANCED_FACE('',(#398),#137,.F.);
#6490=ADVANCED_FACE('',(#399),#6277,.F.);
#6491=ADVANCED_FACE('',(#400),#138,.F.);
#6492=ADVANCED_FACE('',(#401),#6278,.F.);
#6493=ADVANCED_FACE('',(#402),#139,.F.);
#6494=ADVANCED_FACE('',(#403),#140,.F.);
#6495=ADVANCED_FACE('',(#404),#6279,.F.);
#6496=ADVANCED_FACE('',(#405),#6280,.F.);
#6497=ADVANCED_FACE('',(#406),#141,.F.);
#6498=ADVANCED_FACE('',(#407),#6281,.F.);
#6499=ADVANCED_FACE('',(#408),#6282,.F.);
#6500=ADVANCED_FACE('',(#409),#142,.F.);
#6501=ADVANCED_FACE('',(#410),#6283,.F.);
#6502=ADVANCED_FACE('',(#411),#6284,.F.);
#6503=ADVANCED_FACE('',(#412),#143,.F.);
#6504=ADVANCED_FACE('',(#413),#6285,.F.);
#6505=ADVANCED_FACE('',(#414),#6286,.F.);
#6506=ADVANCED_FACE('',(#415),#144,.F.);
#6507=ADVANCED_FACE('',(#416),#6287,.F.);
#6508=ADVANCED_FACE('',(#417),#145,.F.);
#6509=ADVANCED_FACE('',(#418),#6288,.F.);
#6510=ADVANCED_FACE('',(#419),#146,.F.);
#6511=ADVANCED_FACE('',(#420),#6289,.F.);
#6512=ADVANCED_FACE('',(#421),#6290,.F.);
#6513=ADVANCED_FACE('',(#422),#147,.F.);
#6514=ADVANCED_FACE('',(#423),#6291,.F.);
#6515=ADVANCED_FACE('',(#424),#6292,.F.);
#6516=ADVANCED_FACE('',(#425),#148,.F.);
#6517=ADVANCED_FACE('',(#426),#6293,.F.);
#6518=ADVANCED_FACE('',(#427),#6294,.F.);
#6519=ADVANCED_FACE('',(#428),#149,.F.);
#6520=ADVANCED_FACE('',(#429),#6295,.F.);
#6521=ADVANCED_FACE('',(#430),#6296,.F.);
#6522=ADVANCED_FACE('',(#431),#150,.F.);
#6523=ADVANCED_FACE('',(#432),#6297,.F.);
#6524=ADVANCED_FACE('',(#433),#6298,.F.);
#6525=ADVANCED_FACE('',(#434),#151,.F.);
#6526=ADVANCED_FACE('',(#435),#6299,.F.);
#6527=ADVANCED_FACE('',(#436),#6300,.F.);
#6528=ADVANCED_FACE('',(#437),#152,.F.);
#6529=ADVANCED_FACE('',(#438),#6301,.F.);
#6530=ADVANCED_FACE('',(#439),#153,.F.);
#6531=ADVANCED_FACE('',(#440),#154,.F.);
#6532=ADVANCED_FACE('',(#441),#6302,.F.);
#6533=ADVANCED_FACE('',(#442),#155,.F.);
#6534=ADVANCED_FACE('',(#443),#6303,.F.);
#6535=ADVANCED_FACE('',(#444),#156,.F.);
#6536=ADVANCED_FACE('',(#445),#6304,.F.);
#6537=ADVANCED_FACE('',(#446),#157,.F.);
#6538=ADVANCED_FACE('',(#447),#6305,.F.);
#6539=ADVANCED_FACE('',(#448),#6306,.F.);
#6540=ADVANCED_FACE('',(#449),#158,.F.);
#6541=ADVANCED_FACE('',(#450),#6307,.F.);
#6542=ADVANCED_FACE('',(#451),#159,.F.);
#6543=ADVANCED_FACE('',(#452),#6308,.F.);
#6544=ADVANCED_FACE('',(#453),#160,.F.);
#6545=ADVANCED_FACE('',(#454),#6309,.F.);
#6546=ADVANCED_FACE('',(#455),#161,.F.);
#6547=ADVANCED_FACE('',(#456),#6310,.F.);
#6548=ADVANCED_FACE('',(#457),#162,.F.);
#6549=ADVANCED_FACE('',(#458),#6311,.F.);
#6550=ADVANCED_FACE('',(#459),#163,.F.);
#6551=ADVANCED_FACE('',(#460),#6312,.F.);
#6552=ADVANCED_FACE('',(#461),#164,.F.);
#6553=ADVANCED_FACE('',(#462),#6313,.F.);
#6554=ADVANCED_FACE('',(#463),#165,.F.);
#6555=ADVANCED_FACE('',(#464),#6314,.F.);
#6556=ADVANCED_FACE('',(#465),#166,.F.);
#6557=ADVANCED_FACE('',(#466),#6315,.F.);
#6558=ADVANCED_FACE('',(#467),#167,.F.);
#6559=ADVANCED_FACE('',(#468),#6316,.F.);
#6560=ADVANCED_FACE('',(#469),#168,.F.);
#6561=ADVANCED_FACE('',(#470),#6317,.F.);
#6562=ADVANCED_FACE('',(#471),#169,.F.);
#6563=ADVANCED_FACE('',(#472),#6318,.F.);
#6564=ADVANCED_FACE('',(#473),#170,.F.);
#6565=ADVANCED_FACE('',(#474),#6319,.F.);
#6566=ADVANCED_FACE('',(#475),#171,.F.);
#6567=ADVANCED_FACE('',(#476),#6320,.F.);
#6568=ADVANCED_FACE('',(#477),#172,.F.);
#6569=ADVANCED_FACE('',(#478),#6321,.F.);
#6570=ADVANCED_FACE('',(#479),#173,.F.);
#6571=ADVANCED_FACE('',(#480),#6322,.F.);
#6572=ADVANCED_FACE('',(#481),#174,.F.);
#6573=ADVANCED_FACE('',(#482),#6323,.F.);
#6574=ADVANCED_FACE('',(#483),#175,.F.);
#6575=ADVANCED_FACE('',(#484),#6324,.F.);
#6576=ADVANCED_FACE('',(#485),#176,.F.);
#6577=ADVANCED_FACE('',(#486),#6325,.F.);
#6578=ADVANCED_FACE('',(#487),#177,.F.);
#6579=ADVANCED_FACE('',(#488),#6326,.F.);
#6580=ADVANCED_FACE('',(#489),#178,.F.);
#6581=ADVANCED_FACE('',(#490),#6327,.F.);
#6582=ADVANCED_FACE('',(#491),#179,.F.);
#6583=ADVANCED_FACE('',(#492),#6328,.F.);
#6584=ADVANCED_FACE('',(#493),#180,.F.);
#6585=ADVANCED_FACE('',(#494),#6329,.F.);
#6586=ADVANCED_FACE('',(#495),#181,.F.);
#6587=ADVANCED_FACE('',(#496),#6330,.F.);
#6588=ADVANCED_FACE('',(#497),#182,.F.);
#6589=ADVANCED_FACE('',(#498),#6331,.F.);
#6590=ADVANCED_FACE('',(#499),#183,.F.);
#6591=ADVANCED_FACE('',(#500),#6332,.F.);
#6592=ADVANCED_FACE('',(#501),#184,.F.);
#6593=ADVANCED_FACE('',(#502),#6333,.F.);
#6594=ADVANCED_FACE('',(#503),#185,.F.);
#6595=ADVANCED_FACE('',(#504),#6334,.F.);
#6596=ADVANCED_FACE('',(#505),#186,.F.);
#6597=ADVANCED_FACE('',(#506),#6335,.F.);
#6598=ADVANCED_FACE('',(#507),#187,.F.);
#6599=ADVANCED_FACE('',(#508),#6336,.F.);
#6600=ADVANCED_FACE('',(#509),#188,.F.);
#6601=ADVANCED_FACE('',(#510),#6337,.F.);
#6602=ADVANCED_FACE('',(#511),#189,.F.);
#6603=ADVANCED_FACE('',(#512),#6338,.F.);
#6604=ADVANCED_FACE('',(#513),#190,.F.);
#6605=ADVANCED_FACE('',(#514),#6339,.F.);
#6606=ADVANCED_FACE('',(#515),#191,.F.);
#6607=ADVANCED_FACE('',(#516),#6340,.F.);
#6608=ADVANCED_FACE('',(#517),#192,.F.);
#6609=ADVANCED_FACE('',(#518),#193,.F.);
#6610=ADVANCED_FACE('',(#519),#194,.F.);
#6611=ADVANCED_FACE('',(#520),#195,.F.);
#6612=ADVANCED_FACE('',(#521),#196,.F.);
#6613=ADVANCED_FACE('',(#522),#197,.F.);
#6614=ADVANCED_FACE('',(#523),#198,.F.);
#6615=ADVANCED_FACE('',(#524),#199,.F.);
#6616=ADVANCED_FACE('',(#525),#200,.F.);
#6617=ADVANCED_FACE('',(#526),#201,.F.);
#6618=ADVANCED_FACE('',(#527),#202,.F.);
#6619=ADVANCED_FACE('',(#528),#203,.F.);
#6620=ADVANCED_FACE('',(#529),#204,.F.);
#6621=ADVANCED_FACE('',(#530),#205,.F.);
#6622=ADVANCED_FACE('',(#531),#206,.F.);
#6623=ADVANCED_FACE('',(#532),#207,.F.);
#6624=ADVANCED_FACE('',(#533),#208,.F.);
#6625=ADVANCED_FACE('',(#534),#209,.F.);
#6626=ADVANCED_FACE('',(#535),#210,.F.);
#6627=ADVANCED_FACE('',(#536),#211,.F.);
#6628=ADVANCED_FACE('',(#537),#212,.F.);
#6629=ADVANCED_FACE('',(#538),#213,.F.);
#6630=ADVANCED_FACE('',(#539),#214,.F.);
#6631=ADVANCED_FACE('',(#540),#215,.F.);
#6632=ADVANCED_FACE('',(#541),#216,.F.);
#6633=ADVANCED_FACE('',(#542),#217,.F.);
#6634=ADVANCED_FACE('',(#543),#218,.F.);
#6635=ADVANCED_FACE('',(#544),#219,.F.);
#6636=ADVANCED_FACE('',(#545),#220,.F.);
#6637=ADVANCED_FACE('',(#546),#221,.F.);
#6638=ADVANCED_FACE('',(#547),#222,.F.);
#6639=ADVANCED_FACE('',(#548),#223,.F.);
#6640=ADVANCED_FACE('',(#549),#224,.F.);
#6641=ADVANCED_FACE('',(#550),#225,.F.);
#6642=ADVANCED_FACE('',(#551),#226,.F.);
#6643=ADVANCED_FACE('',(#552),#227,.F.);
#6644=ADVANCED_FACE('',(#553),#228,.F.);
#6645=ADVANCED_FACE('',(#554),#229,.F.);
#6646=ADVANCED_FACE('',(#555),#230,.F.);
#6647=ADVANCED_FACE('',(#556),#231,.F.);
#6648=ADVANCED_FACE('',(#557),#232,.F.);
#6649=ADVANCED_FACE('',(#558),#233,.F.);
#6650=ADVANCED_FACE('',(#559),#234,.F.);
#6651=ADVANCED_FACE('',(#560),#235,.F.);
#6652=ADVANCED_FACE('',(#561),#236,.F.);
#6653=ADVANCED_FACE('',(#562),#237,.F.);
#6654=ADVANCED_FACE('',(#563),#238,.F.);
#6655=ADVANCED_FACE('',(#564),#239,.F.);
#6656=ADVANCED_FACE('',(#565),#240,.F.);
#6657=ADVANCED_FACE('',(#566),#241,.F.);
#6658=ADVANCED_FACE('',(#567),#242,.F.);
#6659=ADVANCED_FACE('',(#568),#243,.F.);
#6660=ADVANCED_FACE('',(#569,#19,#20,#21,#22,#23,#24,#25,#26,#27,#28,#29,
#30,#31,#32,#33,#34,#35,#36,#37),#244,.F.);
#6661=ADVANCED_FACE('',(#570),#6341,.F.);
#6662=ADVANCED_FACE('',(#571),#245,.F.);
#6663=ADVANCED_FACE('',(#572),#6342,.F.);
#6664=ADVANCED_FACE('',(#573),#246,.F.);
#6665=ADVANCED_FACE('',(#574),#6343,.F.);
#6666=ADVANCED_FACE('',(#575),#247,.F.);
#6667=ADVANCED_FACE('',(#576),#248,.F.);
#6668=ADVANCED_FACE('',(#577),#249,.F.);
#6669=ADVANCED_FACE('',(#578),#250,.T.);
#6670=ADVANCED_FACE('',(#579),#251,.T.);
#6671=ADVANCED_FACE('',(#580),#6344,.T.);
#6672=ADVANCED_FACE('',(#581),#252,.T.);
#6673=ADVANCED_FACE('',(#582),#6345,.T.);
#6674=ADVANCED_FACE('',(#583),#253,.T.);
#6675=ADVANCED_FACE('',(#584,#38,#39,#40,#41,#42,#43,#44,#45,#46,#47,#48,
#49,#50,#51,#52,#53),#254,.T.);
#6676=CLOSED_SHELL('',(#6346,#6347,#6348,#6349,#6350,#6351,#6352,#6353,
#6354,#6355,#6356,#6357,#6358,#6359,#6360,#6361,#6362,#6363,#6364,#6365,
#6366,#6367,#6368,#6369,#6370,#6371,#6372,#6373,#6374,#6375,#6376,#6377,
#6378,#6379,#6380,#6381,#6382,#6383,#6384,#6385,#6386,#6387,#6388,#6389,
#6390,#6391,#6392,#6393,#6394,#6395,#6396,#6397,#6398,#6399,#6400,#6401,
#6402,#6403,#6404,#6405,#6406,#6407,#6408,#6409,#6410,#6411,#6412,#6413,
#6414,#6415,#6416,#6417,#6418,#6419,#6420,#6421,#6422,#6423,#6424,#6425,
#6426,#6427,#6428,#6429,#6430,#6431,#6432,#6433,#6434,#6435,#6436,#6437,
#6438,#6439,#6440,#6441,#6442,#6443,#6444,#6445,#6446,#6447,#6448,#6449,
#6450,#6451,#6452,#6453,#6454,#6455,#6456,#6457,#6458,#6459,#6460,#6461,
#6462,#6463,#6464,#6465,#6466,#6467,#6468,#6469,#6470,#6471,#6472,#6473,
#6474,#6475,#6476,#6477,#6478,#6479,#6480,#6481,#6482,#6483,#6484,#6485,
#6486,#6487,#6488,#6489,#6490,#6491,#6492,#6493,#6494,#6495,#6496,#6497,
#6498,#6499,#6500,#6501,#6502,#6503,#6504,#6505,#6506,#6507,#6508,#6509,
#6510,#6511,#6512,#6513,#6514,#6515,#6516,#6517,#6518,#6519,#6520,#6521,
#6522,#6523,#6524,#6525,#6526,#6527,#6528,#6529,#6530,#6531,#6532,#6533,
#6534,#6535,#6536,#6537,#6538,#6539,#6540,#6541,#6542,#6543,#6544,#6545,
#6546,#6547,#6548,#6549,#6550,#6551,#6552,#6553,#6554,#6555,#6556,#6557,
#6558,#6559,#6560,#6561,#6562,#6563,#6564,#6565,#6566,#6567,#6568,#6569,
#6570,#6571,#6572,#6573,#6574,#6575,#6576,#6577,#6578,#6579,#6580,#6581,
#6582,#6583,#6584,#6585,#6586,#6587,#6588,#6589,#6590,#6591,#6592,#6593,
#6594,#6595,#6596,#6597,#6598,#6599,#6600,#6601,#6602,#6603,#6604,#6605,
#6606,#6607,#6608,#6609,#6610,#6611,#6612,#6613,#6614,#6615,#6616,#6617,
#6618,#6619,#6620,#6621,#6622,#6623,#6624,#6625,#6626,#6627,#6628,#6629,
#6630,#6631,#6632,#6633,#6634,#6635,#6636,#6637,#6638,#6639,#6640,#6641,
#6642,#6643,#6644,#6645,#6646,#6647,#6648,#6649,#6650,#6651,#6652,#6653,
#6654,#6655,#6656,#6657,#6658,#6659,#6660,#6661,#6662,#6663,#6664,#6665,
#6666,#6667,#6668,#6669,#6670,#6671,#6672,#6673,#6674,#6675));
#6677=DERIVED_UNIT_ELEMENT(#6679,1.);
#6678=DERIVED_UNIT_ELEMENT(#11144,-3.);
#6679=(
MASS_UNIT()
NAMED_UNIT(*)
SI_UNIT(.KILO.,.GRAM.)
);
#6680=DERIVED_UNIT((#6677,#6678));
#6681=MEASURE_REPRESENTATION_ITEM('density measure',
POSITIVE_RATIO_MEASURE(7850.),#6680);
#6682=PROPERTY_DEFINITION_REPRESENTATION(#6687,#6684);
#6683=PROPERTY_DEFINITION_REPRESENTATION(#6688,#6685);
#6684=REPRESENTATION('material name',(#6686),#11141);
#6685=REPRESENTATION('density',(#6681),#11141);
#6686=DESCRIPTIVE_REPRESENTATION_ITEM('Steel','Steel');
#6687=PROPERTY_DEFINITION('material property','material name',#11156);
#6688=PROPERTY_DEFINITION('material property','density of part',#11156);
#6689=AXIS2_PLACEMENT_3D('',#9179,#7280,#7281);
#6690=AXIS2_PLACEMENT_3D('',#9180,#7282,#7283);
#6691=AXIS2_PLACEMENT_3D('',#9181,#7284,#7285);
#6692=AXIS2_PLACEMENT_3D('',#9184,#7286,#7287);
#6693=AXIS2_PLACEMENT_3D('',#9188,#7289,#7290);
#6694=AXIS2_PLACEMENT_3D('',#9190,#7292,#7293);
#6695=AXIS2_PLACEMENT_3D('',#9196,#7297,#7298);
#6696=AXIS2_PLACEMENT_3D('',#9199,#7299,#7300);
#6697=AXIS2_PLACEMENT_3D('',#9203,#7302,#7303);
#6698=AXIS2_PLACEMENT_3D('',#9205,#7305,#7306);
#6699=AXIS2_PLACEMENT_3D('',#9216,#7313,#7314);
#6700=AXIS2_PLACEMENT_3D('',#9219,#7315,#7316);
#6701=AXIS2_PLACEMENT_3D('',#9223,#7318,#7319);
#6702=AXIS2_PLACEMENT_3D('',#9225,#7321,#7322);
#6703=AXIS2_PLACEMENT_3D('',#9231,#7326,#7327);
#6704=AXIS2_PLACEMENT_3D('',#9234,#7328,#7329);
#6705=AXIS2_PLACEMENT_3D('',#9238,#7331,#7332);
#6706=AXIS2_PLACEMENT_3D('',#9240,#7334,#7335);
#6707=AXIS2_PLACEMENT_3D('',#9251,#7342,#7343);
#6708=AXIS2_PLACEMENT_3D('',#9254,#7344,#7345);
#6709=AXIS2_PLACEMENT_3D('',#9258,#7347,#7348);
#6710=AXIS2_PLACEMENT_3D('',#9260,#7350,#7351);
#6711=AXIS2_PLACEMENT_3D('',#9266,#7355,#7356);
#6712=AXIS2_PLACEMENT_3D('',#9269,#7357,#7358);
#6713=AXIS2_PLACEMENT_3D('',#9273,#7360,#7361);
#6714=AXIS2_PLACEMENT_3D('',#9275,#7363,#7364);
#6715=AXIS2_PLACEMENT_3D('',#9286,#7371,#7372);
#6716=AXIS2_PLACEMENT_3D('',#9289,#7373,#7374);
#6717=AXIS2_PLACEMENT_3D('',#9293,#7376,#7377);
#6718=AXIS2_PLACEMENT_3D('',#9295,#7379,#7380);
#6719=AXIS2_PLACEMENT_3D('',#9301,#7384,#7385);
#6720=AXIS2_PLACEMENT_3D('',#9304,#7386,#7387);
#6721=AXIS2_PLACEMENT_3D('',#9308,#7389,#7390);
#6722=AXIS2_PLACEMENT_3D('',#9310,#7392,#7393);
#6723=AXIS2_PLACEMENT_3D('',#9321,#7400,#7401);
#6724=AXIS2_PLACEMENT_3D('',#9324,#7402,#7403);
#6725=AXIS2_PLACEMENT_3D('',#9328,#7405,#7406);
#6726=AXIS2_PLACEMENT_3D('',#9330,#7408,#7409);
#6727=AXIS2_PLACEMENT_3D('',#9338,#7413,#7414);
#6728=AXIS2_PLACEMENT_3D('',#9340,#7416,#7417);
#6729=AXIS2_PLACEMENT_3D('',#9344,#7420,#7421);
#6730=AXIS2_PLACEMENT_3D('',#9347,#7422,#7423);
#6731=AXIS2_PLACEMENT_3D('',#9351,#7425,#7426);
#6732=AXIS2_PLACEMENT_3D('',#9353,#7428,#7429);
#6733=AXIS2_PLACEMENT_3D('',#9362,#7435,#7436);
#6734=AXIS2_PLACEMENT_3D('',#9365,#7437,#7438);
#6735=AXIS2_PLACEMENT_3D('',#9369,#7440,#7441);
#6736=AXIS2_PLACEMENT_3D('',#9371,#7443,#7444);
#6737=AXIS2_PLACEMENT_3D('',#9379,#7448,#7449);
#6738=AXIS2_PLACEMENT_3D('',#9381,#7451,#7452);
#6739=AXIS2_PLACEMENT_3D('',#9385,#7455,#7456);
#6740=AXIS2_PLACEMENT_3D('',#9388,#7457,#7458);
#6741=AXIS2_PLACEMENT_3D('',#9392,#7460,#7461);
#6742=AXIS2_PLACEMENT_3D('',#9394,#7463,#7464);
#6743=AXIS2_PLACEMENT_3D('',#9403,#7470,#7471);
#6744=AXIS2_PLACEMENT_3D('',#9406,#7472,#7473);
#6745=AXIS2_PLACEMENT_3D('',#9410,#7475,#7476);
#6746=AXIS2_PLACEMENT_3D('',#9412,#7478,#7479);
#6747=AXIS2_PLACEMENT_3D('',#9420,#7483,#7484);
#6748=AXIS2_PLACEMENT_3D('',#9422,#7486,#7487);
#6749=AXIS2_PLACEMENT_3D('',#9426,#7490,#7491);
#6750=AXIS2_PLACEMENT_3D('',#9429,#7492,#7493);
#6751=AXIS2_PLACEMENT_3D('',#9433,#7495,#7496);
#6752=AXIS2_PLACEMENT_3D('',#9435,#7498,#7499);
#6753=AXIS2_PLACEMENT_3D('',#9444,#7505,#7506);
#6754=AXIS2_PLACEMENT_3D('',#9447,#7507,#7508);
#6755=AXIS2_PLACEMENT_3D('',#9451,#7510,#7511);
#6756=AXIS2_PLACEMENT_3D('',#9453,#7513,#7514);
#6757=AXIS2_PLACEMENT_3D('',#9461,#7518,#7519);
#6758=AXIS2_PLACEMENT_3D('',#9463,#7521,#7522);
#6759=AXIS2_PLACEMENT_3D('',#9467,#7525,#7526);
#6760=AXIS2_PLACEMENT_3D('',#9470,#7527,#7528);
#6761=AXIS2_PLACEMENT_3D('',#9474,#7530,#7531);
#6762=AXIS2_PLACEMENT_3D('',#9476,#7533,#7534);
#6763=AXIS2_PLACEMENT_3D('',#9485,#7540,#7541);
#6764=AXIS2_PLACEMENT_3D('',#9488,#7542,#7543);
#6765=AXIS2_PLACEMENT_3D('',#9492,#7545,#7546);
#6766=AXIS2_PLACEMENT_3D('',#9494,#7548,#7549);
#6767=AXIS2_PLACEMENT_3D('',#9502,#7553,#7554);
#6768=AXIS2_PLACEMENT_3D('',#9504,#7556,#7557);
#6769=AXIS2_PLACEMENT_3D('',#9508,#7560,#7561);
#6770=AXIS2_PLACEMENT_3D('',#9511,#7562,#7563);
#6771=AXIS2_PLACEMENT_3D('',#9515,#7565,#7566);
#6772=AXIS2_PLACEMENT_3D('',#9517,#7568,#7569);
#6773=AXIS2_PLACEMENT_3D('',#9526,#7575,#7576);
#6774=AXIS2_PLACEMENT_3D('',#9529,#7577,#7578);
#6775=AXIS2_PLACEMENT_3D('',#9533,#7580,#7581);
#6776=AXIS2_PLACEMENT_3D('',#9535,#7583,#7584);
#6777=AXIS2_PLACEMENT_3D('',#9543,#7588,#7589);
#6778=AXIS2_PLACEMENT_3D('',#9545,#7591,#7592);
#6779=AXIS2_PLACEMENT_3D('',#9549,#7595,#7596);
#6780=AXIS2_PLACEMENT_3D('',#9552,#7597,#7598);
#6781=AXIS2_PLACEMENT_3D('',#9556,#7600,#7601);
#6782=AXIS2_PLACEMENT_3D('',#9558,#7603,#7604);
#6783=AXIS2_PLACEMENT_3D('',#9567,#7610,#7611);
#6784=AXIS2_PLACEMENT_3D('',#9570,#7612,#7613);
#6785=AXIS2_PLACEMENT_3D('',#9574,#7615,#7616);
#6786=AXIS2_PLACEMENT_3D('',#9576,#7618,#7619);
#6787=AXIS2_PLACEMENT_3D('',#9584,#7623,#7624);
#6788=AXIS2_PLACEMENT_3D('',#9586,#7626,#7627);
#6789=AXIS2_PLACEMENT_3D('',#9590,#7630,#7631);
#6790=AXIS2_PLACEMENT_3D('',#9593,#7632,#7633);
#6791=AXIS2_PLACEMENT_3D('',#9597,#7635,#7636);
#6792=AXIS2_PLACEMENT_3D('',#9599,#7638,#7639);
#6793=AXIS2_PLACEMENT_3D('',#9608,#7645,#7646);
#6794=AXIS2_PLACEMENT_3D('',#9611,#7647,#7648);
#6795=AXIS2_PLACEMENT_3D('',#9615,#7650,#7651);
#6796=AXIS2_PLACEMENT_3D('',#9617,#7653,#7654);
#6797=AXIS2_PLACEMENT_3D('',#9625,#7658,#7659);
#6798=AXIS2_PLACEMENT_3D('',#9627,#7661,#7662);
#6799=AXIS2_PLACEMENT_3D('',#9631,#7665,#7666);
#6800=AXIS2_PLACEMENT_3D('',#9634,#7667,#7668);
#6801=AXIS2_PLACEMENT_3D('',#9638,#7670,#7671);
#6802=AXIS2_PLACEMENT_3D('',#9640,#7673,#7674);
#6803=AXIS2_PLACEMENT_3D('',#9649,#7680,#7681);
#6804=AXIS2_PLACEMENT_3D('',#9652,#7682,#7683);
#6805=AXIS2_PLACEMENT_3D('',#9656,#7685,#7686);
#6806=AXIS2_PLACEMENT_3D('',#9658,#7688,#7689);
#6807=AXIS2_PLACEMENT_3D('',#9666,#7693,#7694);
#6808=AXIS2_PLACEMENT_3D('',#9668,#7696,#7697);
#6809=AXIS2_PLACEMENT_3D('',#9672,#7700,#7701);
#6810=AXIS2_PLACEMENT_3D('',#9675,#7702,#7703);
#6811=AXIS2_PLACEMENT_3D('',#9679,#7705,#7706);
#6812=AXIS2_PLACEMENT_3D('',#9681,#7708,#7709);
#6813=AXIS2_PLACEMENT_3D('',#9690,#7715,#7716);
#6814=AXIS2_PLACEMENT_3D('',#9693,#7717,#7718);
#6815=AXIS2_PLACEMENT_3D('',#9697,#7720,#7721);
#6816=AXIS2_PLACEMENT_3D('',#9699,#7723,#7724);
#6817=AXIS2_PLACEMENT_3D('',#9707,#7728,#7729);
#6818=AXIS2_PLACEMENT_3D('',#9709,#7731,#7732);
#6819=AXIS2_PLACEMENT_3D('',#9713,#7735,#7736);
#6820=AXIS2_PLACEMENT_3D('',#9716,#7737,#7738);
#6821=AXIS2_PLACEMENT_3D('',#9720,#7740,#7741);
#6822=AXIS2_PLACEMENT_3D('',#9722,#7743,#7744);
#6823=AXIS2_PLACEMENT_3D('',#9731,#7750,#7751);
#6824=AXIS2_PLACEMENT_3D('',#9734,#7752,#7753);
#6825=AXIS2_PLACEMENT_3D('',#9738,#7755,#7756);
#6826=AXIS2_PLACEMENT_3D('',#9740,#7758,#7759);
#6827=AXIS2_PLACEMENT_3D('',#9748,#7763,#7764);
#6828=AXIS2_PLACEMENT_3D('',#9750,#7766,#7767);
#6829=AXIS2_PLACEMENT_3D('',#9754,#7770,#7771);
#6830=AXIS2_PLACEMENT_3D('',#9757,#7772,#7773);
#6831=AXIS2_PLACEMENT_3D('',#9761,#7775,#7776);
#6832=AXIS2_PLACEMENT_3D('',#9763,#7778,#7779);
#6833=AXIS2_PLACEMENT_3D('',#9772,#7785,#7786);
#6834=AXIS2_PLACEMENT_3D('',#9775,#7787,#7788);
#6835=AXIS2_PLACEMENT_3D('',#9779,#7790,#7791);
#6836=AXIS2_PLACEMENT_3D('',#9781,#7793,#7794);
#6837=AXIS2_PLACEMENT_3D('',#9789,#7798,#7799);
#6838=AXIS2_PLACEMENT_3D('',#9791,#7801,#7802);
#6839=AXIS2_PLACEMENT_3D('',#9795,#7805,#7806);
#6840=AXIS2_PLACEMENT_3D('',#9798,#7807,#7808);
#6841=AXIS2_PLACEMENT_3D('',#9802,#7810,#7811);
#6842=AXIS2_PLACEMENT_3D('',#9804,#7813,#7814);
#6843=AXIS2_PLACEMENT_3D('',#9813,#7820,#7821);
#6844=AXIS2_PLACEMENT_3D('',#9816,#7822,#7823);
#6845=AXIS2_PLACEMENT_3D('',#9820,#7825,#7826);
#6846=AXIS2_PLACEMENT_3D('',#9822,#7828,#7829);
#6847=AXIS2_PLACEMENT_3D('',#9825,#7832,#7833);
#6848=AXIS2_PLACEMENT_3D('',#9828,#7834,#7835);
#6849=AXIS2_PLACEMENT_3D('',#9832,#7837,#7838);
#6850=AXIS2_PLACEMENT_3D('',#9834,#7840,#7841);
#6851=AXIS2_PLACEMENT_3D('',#9838,#7843,#7844);
#6852=AXIS2_PLACEMENT_3D('',#9844,#7848,#7849);
#6853=AXIS2_PLACEMENT_3D('',#9848,#7852,#7853);
#6854=AXIS2_PLACEMENT_3D('',#9851,#7854,#7855);
#6855=AXIS2_PLACEMENT_3D('',#9855,#7857,#7858);
#6856=AXIS2_PLACEMENT_3D('',#9857,#7860,#7861);
#6857=AXIS2_PLACEMENT_3D('',#9860,#7864,#7865);
#6858=AXIS2_PLACEMENT_3D('',#9863,#7866,#7867);
#6859=AXIS2_PLACEMENT_3D('',#9867,#7869,#7870);
#6860=AXIS2_PLACEMENT_3D('',#9869,#7872,#7873);
#6861=AXIS2_PLACEMENT_3D('',#9873,#7875,#7876);
#6862=AXIS2_PLACEMENT_3D('',#9879,#7880,#7881);
#6863=AXIS2_PLACEMENT_3D('',#9883,#7884,#7885);
#6864=AXIS2_PLACEMENT_3D('',#9886,#7886,#7887);
#6865=AXIS2_PLACEMENT_3D('',#9890,#7889,#7890);
#6866=AXIS2_PLACEMENT_3D('',#9892,#7892,#7893);
#6867=AXIS2_PLACEMENT_3D('',#9895,#7896,#7897);
#6868=AXIS2_PLACEMENT_3D('',#9898,#7898,#7899);
#6869=AXIS2_PLACEMENT_3D('',#9902,#7901,#7902);
#6870=AXIS2_PLACEMENT_3D('',#9904,#7904,#7905);
#6871=AXIS2_PLACEMENT_3D('',#9908,#7907,#7908);
#6872=AXIS2_PLACEMENT_3D('',#9914,#7912,#7913);
#6873=AXIS2_PLACEMENT_3D('',#9918,#7916,#7917);
#6874=AXIS2_PLACEMENT_3D('',#9921,#7918,#7919);
#6875=AXIS2_PLACEMENT_3D('',#9925,#7921,#7922);
#6876=AXIS2_PLACEMENT_3D('',#9927,#7924,#7925);
#6877=AXIS2_PLACEMENT_3D('',#9930,#7928,#7929);
#6878=AXIS2_PLACEMENT_3D('',#9933,#7930,#7931);
#6879=AXIS2_PLACEMENT_3D('',#9937,#7933,#7934);
#6880=AXIS2_PLACEMENT_3D('',#9939,#7936,#7937);
#6881=AXIS2_PLACEMENT_3D('',#9943,#7939,#7940);
#6882=AXIS2_PLACEMENT_3D('',#9949,#7944,#7945);
#6883=AXIS2_PLACEMENT_3D('',#9953,#7948,#7949);
#6884=AXIS2_PLACEMENT_3D('',#9956,#7950,#7951);
#6885=AXIS2_PLACEMENT_3D('',#9960,#7953,#7954);
#6886=AXIS2_PLACEMENT_3D('',#9962,#7956,#7957);
#6887=AXIS2_PLACEMENT_3D('',#9965,#7960,#7961);
#6888=AXIS2_PLACEMENT_3D('',#9968,#7962,#7963);
#6889=AXIS2_PLACEMENT_3D('',#9972,#7965,#7966);
#6890=AXIS2_PLACEMENT_3D('',#9974,#7968,#7969);
#6891=AXIS2_PLACEMENT_3D('',#9978,#7971,#7972);
#6892=AXIS2_PLACEMENT_3D('',#9984,#7976,#7977);
#6893=AXIS2_PLACEMENT_3D('',#9988,#7980,#7981);
#6894=AXIS2_PLACEMENT_3D('',#9991,#7982,#7983);
#6895=AXIS2_PLACEMENT_3D('',#9995,#7985,#7986);
#6896=AXIS2_PLACEMENT_3D('',#9997,#7988,#7989);
#6897=AXIS2_PLACEMENT_3D('',#10000,#7992,#7993);
#6898=AXIS2_PLACEMENT_3D('',#10003,#7994,#7995);
#6899=AXIS2_PLACEMENT_3D('',#10007,#7997,#7998);
#6900=AXIS2_PLACEMENT_3D('',#10009,#8000,#8001);
#6901=AXIS2_PLACEMENT_3D('',#10015,#8005,#8006);
#6902=AXIS2_PLACEMENT_3D('',#10018,#8007,#8008);
#6903=AXIS2_PLACEMENT_3D('',#10022,#8010,#8011);
#6904=AXIS2_PLACEMENT_3D('',#10024,#8013,#8014);
#6905=AXIS2_PLACEMENT_3D('',#10027,#8017,#8018);
#6906=AXIS2_PLACEMENT_3D('',#10030,#8019,#8020);
#6907=AXIS2_PLACEMENT_3D('',#10034,#8022,#8023);
#6908=AXIS2_PLACEMENT_3D('',#10036,#8025,#8026);
#6909=AXIS2_PLACEMENT_3D('',#10040,#8028,#8029);
#6910=AXIS2_PLACEMENT_3D('',#10046,#8033,#8034);
#6911=AXIS2_PLACEMENT_3D('',#10050,#8037,#8038);
#6912=AXIS2_PLACEMENT_3D('',#10053,#8039,#8040);
#6913=AXIS2_PLACEMENT_3D('',#10057,#8042,#8043);
#6914=AXIS2_PLACEMENT_3D('',#10059,#8045,#8046);
#6915=AXIS2_PLACEMENT_3D('',#10062,#8049,#8050);
#6916=AXIS2_PLACEMENT_3D('',#10065,#8051,#8052);
#6917=AXIS2_PLACEMENT_3D('',#10069,#8054,#8055);
#6918=AXIS2_PLACEMENT_3D('',#10071,#8057,#8058);
#6919=AXIS2_PLACEMENT_3D('',#10075,#8060,#8061);
#6920=AXIS2_PLACEMENT_3D('',#10081,#8065,#8066);
#6921=AXIS2_PLACEMENT_3D('',#10085,#8069,#8070);
#6922=AXIS2_PLACEMENT_3D('',#10088,#8071,#8072);
#6923=AXIS2_PLACEMENT_3D('',#10092,#8074,#8075);
#6924=AXIS2_PLACEMENT_3D('',#10094,#8077,#8078);
#6925=AXIS2_PLACEMENT_3D('',#10097,#8081,#8082);
#6926=AXIS2_PLACEMENT_3D('',#10100,#8083,#8084);
#6927=AXIS2_PLACEMENT_3D('',#10104,#8086,#8087);
#6928=AXIS2_PLACEMENT_3D('',#10106,#8089,#8090);
#6929=AXIS2_PLACEMENT_3D('',#10110,#8092,#8093);
#6930=AXIS2_PLACEMENT_3D('',#10116,#8097,#8098);
#6931=AXIS2_PLACEMENT_3D('',#10120,#8101,#8102);
#6932=AXIS2_PLACEMENT_3D('',#10123,#8103,#8104);
#6933=AXIS2_PLACEMENT_3D('',#10127,#8106,#8107);
#6934=AXIS2_PLACEMENT_3D('',#10129,#8109,#8110);
#6935=AXIS2_PLACEMENT_3D('',#10132,#8113,#8114);
#6936=AXIS2_PLACEMENT_3D('',#10135,#8115,#8116);
#6937=AXIS2_PLACEMENT_3D('',#10139,#8118,#8119);
#6938=AXIS2_PLACEMENT_3D('',#10141,#8121,#8122);
#6939=AXIS2_PLACEMENT_3D('',#10145,#8124,#8125);
#6940=AXIS2_PLACEMENT_3D('',#10151,#8129,#8130);
#6941=AXIS2_PLACEMENT_3D('',#10155,#8133,#8134);
#6942=AXIS2_PLACEMENT_3D('',#10158,#8135,#8136);
#6943=AXIS2_PLACEMENT_3D('',#10162,#8138,#8139);
#6944=AXIS2_PLACEMENT_3D('',#10164,#8141,#8142);
#6945=AXIS2_PLACEMENT_3D('',#10167,#8145,#8146);
#6946=AXIS2_PLACEMENT_3D('',#10170,#8147,#8148);
#6947=AXIS2_PLACEMENT_3D('',#10174,#8150,#8151);
#6948=AXIS2_PLACEMENT_3D('',#10176,#8153,#8154);
#6949=AXIS2_PLACEMENT_3D('',#10182,#8158,#8159);
#6950=AXIS2_PLACEMENT_3D('',#10185,#8160,#8161);
#6951=AXIS2_PLACEMENT_3D('',#10189,#8163,#8164);
#6952=AXIS2_PLACEMENT_3D('',#10191,#8166,#8167);
#6953=AXIS2_PLACEMENT_3D('',#10195,#8169,#8170);
#6954=AXIS2_PLACEMENT_3D('',#10201,#8174,#8175);
#6955=AXIS2_PLACEMENT_3D('',#10205,#8178,#8179);
#6956=AXIS2_PLACEMENT_3D('',#10208,#8180,#8181);
#6957=AXIS2_PLACEMENT_3D('',#10212,#8183,#8184);
#6958=AXIS2_PLACEMENT_3D('',#10214,#8186,#8187);
#6959=AXIS2_PLACEMENT_3D('',#10217,#8190,#8191);
#6960=AXIS2_PLACEMENT_3D('',#10220,#8192,#8193);
#6961=AXIS2_PLACEMENT_3D('',#10224,#8195,#8196);
#6962=AXIS2_PLACEMENT_3D('',#10226,#8198,#8199);
#6963=AXIS2_PLACEMENT_3D('',#10229,#8202,#8203);
#6964=AXIS2_PLACEMENT_3D('',#10232,#8204,#8205);
#6965=AXIS2_PLACEMENT_3D('',#10236,#8207,#8208);
#6966=AXIS2_PLACEMENT_3D('',#10238,#8210,#8211);
#6967=AXIS2_PLACEMENT_3D('',#10242,#8213,#8214);
#6968=AXIS2_PLACEMENT_3D('',#10248,#8218,#8219);
#6969=AXIS2_PLACEMENT_3D('',#10252,#8222,#8223);
#6970=AXIS2_PLACEMENT_3D('',#10255,#8224,#8225);
#6971=AXIS2_PLACEMENT_3D('',#10259,#8227,#8228);
#6972=AXIS2_PLACEMENT_3D('',#10261,#8230,#8231);
#6973=AXIS2_PLACEMENT_3D('',#10264,#8234,#8235);
#6974=AXIS2_PLACEMENT_3D('',#10267,#8236,#8237);
#6975=AXIS2_PLACEMENT_3D('',#10271,#8239,#8240);
#6976=AXIS2_PLACEMENT_3D('',#10273,#8242,#8243);
#6977=AXIS2_PLACEMENT_3D('',#10277,#8245,#8246);
#6978=AXIS2_PLACEMENT_3D('',#10283,#8250,#8251);
#6979=AXIS2_PLACEMENT_3D('',#10287,#8254,#8255);
#6980=AXIS2_PLACEMENT_3D('',#10290,#8256,#8257);
#6981=AXIS2_PLACEMENT_3D('',#10294,#8259,#8260);
#6982=AXIS2_PLACEMENT_3D('',#10296,#8262,#8263);
#6983=AXIS2_PLACEMENT_3D('',#10299,#8266,#8267);
#6984=AXIS2_PLACEMENT_3D('',#10302,#8268,#8269);
#6985=AXIS2_PLACEMENT_3D('',#10306,#8271,#8272);
#6986=AXIS2_PLACEMENT_3D('',#10308,#8274,#8275);
#6987=AXIS2_PLACEMENT_3D('',#10312,#8277,#8278);
#6988=AXIS2_PLACEMENT_3D('',#10318,#8282,#8283);
#6989=AXIS2_PLACEMENT_3D('',#10322,#8286,#8287);
#6990=AXIS2_PLACEMENT_3D('',#10324,#8288,#8289);
#6991=AXIS2_PLACEMENT_3D('',#10326,#8291,#8292);
#6992=AXIS2_PLACEMENT_3D('',#10329,#8293,#8294);
#6993=AXIS2_PLACEMENT_3D('',#10333,#8296,#8297);
#6994=AXIS2_PLACEMENT_3D('',#10335,#8299,#8300);
#6995=AXIS2_PLACEMENT_3D('',#10343,#8306,#8307);
#6996=AXIS2_PLACEMENT_3D('',#10345,#8308,#8309);
#6997=AXIS2_PLACEMENT_3D('',#10347,#8311,#8312);
#6998=AXIS2_PLACEMENT_3D('',#10350,#8313,#8314);
#6999=AXIS2_PLACEMENT_3D('',#10354,#8316,#8317);
#7000=AXIS2_PLACEMENT_3D('',#10356,#8319,#8320);
#7001=AXIS2_PLACEMENT_3D('',#10364,#8326,#8327);
#7002=AXIS2_PLACEMENT_3D('',#10366,#8328,#8329);
#7003=AXIS2_PLACEMENT_3D('',#10368,#8331,#8332);
#7004=AXIS2_PLACEMENT_3D('',#10371,#8333,#8334);
#7005=AXIS2_PLACEMENT_3D('',#10375,#8336,#8337);
#7006=AXIS2_PLACEMENT_3D('',#10377,#8339,#8340);
#7007=AXIS2_PLACEMENT_3D('',#10385,#8346,#8347);
#7008=AXIS2_PLACEMENT_3D('',#10387,#8348,#8349);
#7009=AXIS2_PLACEMENT_3D('',#10389,#8351,#8352);
#7010=AXIS2_PLACEMENT_3D('',#10392,#8353,#8354);
#7011=AXIS2_PLACEMENT_3D('',#10396,#8356,#8357);
#7012=AXIS2_PLACEMENT_3D('',#10398,#8359,#8360);
#7013=AXIS2_PLACEMENT_3D('',#10406,#8366,#8367);
#7014=AXIS2_PLACEMENT_3D('',#10409,#8368,#8369);
#7015=AXIS2_PLACEMENT_3D('',#10413,#8371,#8372);
#7016=AXIS2_PLACEMENT_3D('',#10415,#8374,#8375);
#7017=AXIS2_PLACEMENT_3D('',#10421,#8379,#8380);
#7018=AXIS2_PLACEMENT_3D('',#10424,#8381,#8382);
#7019=AXIS2_PLACEMENT_3D('',#10428,#8384,#8385);
#7020=AXIS2_PLACEMENT_3D('',#10430,#8387,#8388);
#7021=AXIS2_PLACEMENT_3D('',#10444,#8396,#8397);
#7022=AXIS2_PLACEMENT_3D('',#10446,#8398,#8399);
#7023=AXIS2_PLACEMENT_3D('',#10448,#8401,#8402);
#7024=AXIS2_PLACEMENT_3D('',#10451,#8403,#8404);
#7025=AXIS2_PLACEMENT_3D('',#10455,#8406,#8407);
#7026=AXIS2_PLACEMENT_3D('',#10457,#8409,#8410);
#7027=AXIS2_PLACEMENT_3D('',#10465,#8416,#8417);
#7028=AXIS2_PLACEMENT_3D('',#10467,#8418,#8419);
#7029=AXIS2_PLACEMENT_3D('',#10469,#8421,#8422);
#7030=AXIS2_PLACEMENT_3D('',#10472,#8423,#8424);
#7031=AXIS2_PLACEMENT_3D('',#10476,#8426,#8427);
#7032=AXIS2_PLACEMENT_3D('',#10478,#8429,#8430);
#7033=AXIS2_PLACEMENT_3D('',#10486,#8436,#8437);
#7034=AXIS2_PLACEMENT_3D('',#10488,#8438,#8439);
#7035=AXIS2_PLACEMENT_3D('',#10490,#8441,#8442);
#7036=AXIS2_PLACEMENT_3D('',#10493,#8443,#8444);
#7037=AXIS2_PLACEMENT_3D('',#10497,#8446,#8447);
#7038=AXIS2_PLACEMENT_3D('',#10499,#8449,#8450);
#7039=AXIS2_PLACEMENT_3D('',#10507,#8456,#8457);
#7040=AXIS2_PLACEMENT_3D('',#10509,#8458,#8459);
#7041=AXIS2_PLACEMENT_3D('',#10511,#8461,#8462);
#7042=AXIS2_PLACEMENT_3D('',#10514,#8463,#8464);
#7043=AXIS2_PLACEMENT_3D('',#10518,#8466,#8467);
#7044=AXIS2_PLACEMENT_3D('',#10520,#8469,#8470);
#7045=AXIS2_PLACEMENT_3D('',#10528,#8476,#8477);
#7046=AXIS2_PLACEMENT_3D('',#10530,#8478,#8479);
#7047=AXIS2_PLACEMENT_3D('',#10532,#8481,#8482);
#7048=AXIS2_PLACEMENT_3D('',#10535,#8483,#8484);
#7049=AXIS2_PLACEMENT_3D('',#10539,#8486,#8487);
#7050=AXIS2_PLACEMENT_3D('',#10541,#8489,#8490);
#7051=AXIS2_PLACEMENT_3D('',#10549,#8496,#8497);
#7052=AXIS2_PLACEMENT_3D('',#10551,#8498,#8499);
#7053=AXIS2_PLACEMENT_3D('',#10553,#8501,#8502);
#7054=AXIS2_PLACEMENT_3D('',#10556,#8503,#8504);
#7055=AXIS2_PLACEMENT_3D('',#10560,#8506,#8507);
#7056=AXIS2_PLACEMENT_3D('',#10562,#8509,#8510);
#7057=AXIS2_PLACEMENT_3D('',#10570,#8516,#8517);
#7058=AXIS2_PLACEMENT_3D('',#10573,#8518,#8519);
#7059=AXIS2_PLACEMENT_3D('',#10577,#8521,#8522);
#7060=AXIS2_PLACEMENT_3D('',#10579,#8524,#8525);
#7061=AXIS2_PLACEMENT_3D('',#10584,#8529,#8530);
#7062=AXIS2_PLACEMENT_3D('',#10588,#8533,#8534);
#7063=AXIS2_PLACEMENT_3D('',#10591,#8535,#8536);
#7064=AXIS2_PLACEMENT_3D('',#10595,#8538,#8539);
#7065=AXIS2_PLACEMENT_3D('',#10597,#8541,#8542);
#7066=AXIS2_PLACEMENT_3D('',#10601,#8546,#8547);
#7067=AXIS2_PLACEMENT_3D('',#10603,#8548,#8549);
#7068=AXIS2_PLACEMENT_3D('',#10605,#8551,#8552);
#7069=AXIS2_PLACEMENT_3D('',#10609,#8555,#8556);
#7070=AXIS2_PLACEMENT_3D('',#10612,#8557,#8558);
#7071=AXIS2_PLACEMENT_3D('',#10616,#8560,#8561);
#7072=AXIS2_PLACEMENT_3D('',#10618,#8563,#8564);
#7073=AXIS2_PLACEMENT_3D('',#10624,#8569,#8570);
#7074=AXIS2_PLACEMENT_3D('',#10626,#8571,#8572);
#7075=AXIS2_PLACEMENT_3D('',#10628,#8574,#8575);
#7076=AXIS2_PLACEMENT_3D('',#10631,#8576,#8577);
#7077=AXIS2_PLACEMENT_3D('',#10635,#8579,#8580);
#7078=AXIS2_PLACEMENT_3D('',#10637,#8582,#8583);
#7079=AXIS2_PLACEMENT_3D('',#10645,#8589,#8590);
#7080=AXIS2_PLACEMENT_3D('',#10647,#8591,#8592);
#7081=AXIS2_PLACEMENT_3D('',#10649,#8594,#8595);
#7082=AXIS2_PLACEMENT_3D('',#10653,#8598,#8599);
#7083=AXIS2_PLACEMENT_3D('',#10656,#8600,#8601);
#7084=AXIS2_PLACEMENT_3D('',#10660,#8603,#8604);
#7085=AXIS2_PLACEMENT_3D('',#10662,#8606,#8607);
#7086=AXIS2_PLACEMENT_3D('',#10668,#8612,#8613);
#7087=AXIS2_PLACEMENT_3D('',#10672,#8615,#8616);
#7088=AXIS2_PLACEMENT_3D('',#10674,#8618,#8619);
#7089=AXIS2_PLACEMENT_3D('',#10676,#8621,#8622);
#7090=AXIS2_PLACEMENT_3D('',#10678,#8623,#8624);
#7091=AXIS2_PLACEMENT_3D('',#10681,#8626,#8627);
#7092=AXIS2_PLACEMENT_3D('',#10682,#8628,#8629);
#7093=AXIS2_PLACEMENT_3D('',#10685,#8632,#8633);
#7094=AXIS2_PLACEMENT_3D('',#10689,#8635,#8636);
#7095=AXIS2_PLACEMENT_3D('',#10691,#8638,#8639);
#7096=AXIS2_PLACEMENT_3D('',#10693,#8641,#8642);
#7097=AXIS2_PLACEMENT_3D('',#10695,#8643,#8644);
#7098=AXIS2_PLACEMENT_3D('',#10698,#8646,#8647);
#7099=AXIS2_PLACEMENT_3D('',#10699,#8648,#8649);
#7100=AXIS2_PLACEMENT_3D('',#10702,#8652,#8653);
#7101=AXIS2_PLACEMENT_3D('',#10706,#8655,#8656);
#7102=AXIS2_PLACEMENT_3D('',#10708,#8658,#8659);
#7103=AXIS2_PLACEMENT_3D('',#10710,#8661,#8662);
#7104=AXIS2_PLACEMENT_3D('',#10712,#8663,#8664);
#7105=AXIS2_PLACEMENT_3D('',#10715,#8666,#8667);
#7106=AXIS2_PLACEMENT_3D('',#10716,#8668,#8669);
#7107=AXIS2_PLACEMENT_3D('',#10719,#8672,#8673);
#7108=AXIS2_PLACEMENT_3D('',#10723,#8675,#8676);
#7109=AXIS2_PLACEMENT_3D('',#10725,#8678,#8679);
#7110=AXIS2_PLACEMENT_3D('',#10727,#8681,#8682);
#7111=AXIS2_PLACEMENT_3D('',#10729,#8683,#8684);
#7112=AXIS2_PLACEMENT_3D('',#10732,#8686,#8687);
#7113=AXIS2_PLACEMENT_3D('',#10733,#8688,#8689);
#7114=AXIS2_PLACEMENT_3D('',#10736,#8692,#8693);
#7115=AXIS2_PLACEMENT_3D('',#10740,#8695,#8696);
#7116=AXIS2_PLACEMENT_3D('',#10742,#8698,#8699);
#7117=AXIS2_PLACEMENT_3D('',#10744,#8701,#8702);
#7118=AXIS2_PLACEMENT_3D('',#10746,#8703,#8704);
#7119=AXIS2_PLACEMENT_3D('',#10749,#8706,#8707);
#7120=AXIS2_PLACEMENT_3D('',#10750,#8708,#8709);
#7121=AXIS2_PLACEMENT_3D('',#10753,#8712,#8713);
#7122=AXIS2_PLACEMENT_3D('',#10757,#8715,#8716);
#7123=AXIS2_PLACEMENT_3D('',#10759,#8718,#8719);
#7124=AXIS2_PLACEMENT_3D('',#10761,#8721,#8722);
#7125=AXIS2_PLACEMENT_3D('',#10763,#8723,#8724);
#7126=AXIS2_PLACEMENT_3D('',#10766,#8726,#8727);
#7127=AXIS2_PLACEMENT_3D('',#10767,#8728,#8729);
#7128=AXIS2_PLACEMENT_3D('',#10770,#8732,#8733);
#7129=AXIS2_PLACEMENT_3D('',#10774,#8735,#8736);
#7130=AXIS2_PLACEMENT_3D('',#10776,#8738,#8739);
#7131=AXIS2_PLACEMENT_3D('',#10778,#8741,#8742);
#7132=AXIS2_PLACEMENT_3D('',#10780,#8743,#8744);
#7133=AXIS2_PLACEMENT_3D('',#10783,#8746,#8747);
#7134=AXIS2_PLACEMENT_3D('',#10784,#8748,#8749);
#7135=AXIS2_PLACEMENT_3D('',#10787,#8752,#8753);
#7136=AXIS2_PLACEMENT_3D('',#10791,#8755,#8756);
#7137=AXIS2_PLACEMENT_3D('',#10793,#8758,#8759);
#7138=AXIS2_PLACEMENT_3D('',#10795,#8761,#8762);
#7139=AXIS2_PLACEMENT_3D('',#10799,#8764,#8765);
#7140=AXIS2_PLACEMENT_3D('',#10801,#8767,#8768);
#7141=AXIS2_PLACEMENT_3D('',#10803,#8770,#8771);
#7142=AXIS2_PLACEMENT_3D('',#10806,#8772,#8773);
#7143=AXIS2_PLACEMENT_3D('',#10810,#8775,#8776);
#7144=AXIS2_PLACEMENT_3D('',#10812,#8778,#8779);
#7145=AXIS2_PLACEMENT_3D('',#10815,#8782,#8783);
#7146=AXIS2_PLACEMENT_3D('',#10819,#8785,#8786);
#7147=AXIS2_PLACEMENT_3D('',#10821,#8788,#8789);
#7148=AXIS2_PLACEMENT_3D('',#10823,#8791,#8792);
#7149=AXIS2_PLACEMENT_3D('',#10825,#8793,#8794);
#7150=AXIS2_PLACEMENT_3D('',#10828,#8796,#8797);
#7151=AXIS2_PLACEMENT_3D('',#10829,#8798,#8799);
#7152=AXIS2_PLACEMENT_3D('',#10832,#8802,#8803);
#7153=AXIS2_PLACEMENT_3D('',#10834,#8804,#8805);
#7154=AXIS2_PLACEMENT_3D('',#10837,#8807,#8808);
#7155=AXIS2_PLACEMENT_3D('',#10838,#8809,#8810);
#7156=AXIS2_PLACEMENT_3D('',#10844,#8814,#8815);
#7157=AXIS2_PLACEMENT_3D('',#10846,#8816,#8817);
#7158=AXIS2_PLACEMENT_3D('',#10849,#8819,#8820);
#7159=AXIS2_PLACEMENT_3D('',#10850,#8821,#8822);
#7160=AXIS2_PLACEMENT_3D('',#10853,#8825,#8826);
#7161=AXIS2_PLACEMENT_3D('',#10855,#8827,#8828);
#7162=AXIS2_PLACEMENT_3D('',#10858,#8830,#8831);
#7163=AXIS2_PLACEMENT_3D('',#10859,#8832,#8833);
#7164=AXIS2_PLACEMENT_3D('',#10862,#8836,#8837);
#7165=AXIS2_PLACEMENT_3D('',#10864,#8838,#8839);
#7166=AXIS2_PLACEMENT_3D('',#10867,#8841,#8842);
#7167=AXIS2_PLACEMENT_3D('',#10868,#8843,#8844);
#7168=AXIS2_PLACEMENT_3D('',#10871,#8847,#8848);
#7169=AXIS2_PLACEMENT_3D('',#10873,#8849,#8850);
#7170=AXIS2_PLACEMENT_3D('',#10876,#8852,#8853);
#7171=AXIS2_PLACEMENT_3D('',#10877,#8854,#8855);
#7172=AXIS2_PLACEMENT_3D('',#10880,#8858,#8859);
#7173=AXIS2_PLACEMENT_3D('',#10882,#8860,#8861);
#7174=AXIS2_PLACEMENT_3D('',#10885,#8863,#8864);
#7175=AXIS2_PLACEMENT_3D('',#10886,#8865,#8866);
#7176=AXIS2_PLACEMENT_3D('',#10889,#8869,#8870);
#7177=AXIS2_PLACEMENT_3D('',#10891,#8871,#8872);
#7178=AXIS2_PLACEMENT_3D('',#10894,#8874,#8875);
#7179=AXIS2_PLACEMENT_3D('',#10895,#8876,#8877);
#7180=AXIS2_PLACEMENT_3D('',#10898,#8880,#8881);
#7181=AXIS2_PLACEMENT_3D('',#10900,#8882,#8883);
#7182=AXIS2_PLACEMENT_3D('',#10903,#8885,#8886);
#7183=AXIS2_PLACEMENT_3D('',#10904,#8887,#8888);
#7184=AXIS2_PLACEMENT_3D('',#10907,#8891,#8892);
#7185=AXIS2_PLACEMENT_3D('',#10910,#8893,#8894);
#7186=AXIS2_PLACEMENT_3D('',#10914,#8896,#8897);
#7187=AXIS2_PLACEMENT_3D('',#10916,#8899,#8900);
#7188=AXIS2_PLACEMENT_3D('',#10919,#8903,#8904);
#7189=AXIS2_PLACEMENT_3D('',#10922,#8905,#8906);
#7190=AXIS2_PLACEMENT_3D('',#10926,#8908,#8909);
#7191=AXIS2_PLACEMENT_3D('',#10928,#8911,#8912);
#7192=AXIS2_PLACEMENT_3D('',#10931,#8915,#8916);
#7193=AXIS2_PLACEMENT_3D('',#10934,#8917,#8918);
#7194=AXIS2_PLACEMENT_3D('',#10938,#8920,#8921);
#7195=AXIS2_PLACEMENT_3D('',#10940,#8923,#8924);
#7196=AXIS2_PLACEMENT_3D('',#10943,#8927,#8928);
#7197=AXIS2_PLACEMENT_3D('',#10947,#8930,#8931);
#7198=AXIS2_PLACEMENT_3D('',#10949,#8933,#8934);
#7199=AXIS2_PLACEMENT_3D('',#10951,#8936,#8937);
#7200=AXIS2_PLACEMENT_3D('',#10955,#8939,#8940);
#7201=AXIS2_PLACEMENT_3D('',#10957,#8942,#8943);
#7202=AXIS2_PLACEMENT_3D('',#10959,#8945,#8946);
#7203=AXIS2_PLACEMENT_3D('',#10962,#8949,#8950);
#7204=AXIS2_PLACEMENT_3D('',#10963,#8951,#8952);
#7205=AXIS2_PLACEMENT_3D('',#10965,#8954,#8955);
#7206=AXIS2_PLACEMENT_3D('',#10968,#8958,#8959);
#7207=AXIS2_PLACEMENT_3D('',#10969,#8960,#8961);
#7208=AXIS2_PLACEMENT_3D('',#10975,#8965,#8966);
#7209=AXIS2_PLACEMENT_3D('',#10981,#8970,#8971);
#7210=AXIS2_PLACEMENT_3D('',#10983,#8973,#8974);
#7211=AXIS2_PLACEMENT_3D('',#10985,#8976,#8977);
#7212=AXIS2_PLACEMENT_3D('',#10987,#8979,#8980);
#7213=AXIS2_PLACEMENT_3D('',#10989,#8982,#8983);
#7214=AXIS2_PLACEMENT_3D('',#10992,#8986,#8987);
#7215=AXIS2_PLACEMENT_3D('',#10994,#8989,#8990);
#7216=AXIS2_PLACEMENT_3D('',#10996,#8992,#8993);
#7217=AXIS2_PLACEMENT_3D('',#10998,#8995,#8996);
#7218=AXIS2_PLACEMENT_3D('',#11000,#8998,#8999);
#7219=AXIS2_PLACEMENT_3D('',#11002,#9001,#9002);
#7220=AXIS2_PLACEMENT_3D('',#11004,#9004,#9005);
#7221=AXIS2_PLACEMENT_3D('',#11006,#9007,#9008);
#7222=AXIS2_PLACEMENT_3D('',#11008,#9010,#9011);
#7223=AXIS2_PLACEMENT_3D('',#11010,#9013,#9014);
#7224=AXIS2_PLACEMENT_3D('',#11012,#9016,#9017);
#7225=AXIS2_PLACEMENT_3D('',#11014,#9019,#9020);
#7226=AXIS2_PLACEMENT_3D('',#11016,#9022,#9023);
#7227=AXIS2_PLACEMENT_3D('',#11018,#9025,#9026);
#7228=AXIS2_PLACEMENT_3D('',#11020,#9028,#9029);
#7229=AXIS2_PLACEMENT_3D('',#11022,#9031,#9032);
#7230=AXIS2_PLACEMENT_3D('',#11025,#9035,#9036);
#7231=AXIS2_PLACEMENT_3D('',#11026,#9037,#9038);
#7232=AXIS2_PLACEMENT_3D('',#11028,#9040,#9041);
#7233=AXIS2_PLACEMENT_3D('',#11030,#9043,#9044);
#7234=AXIS2_PLACEMENT_3D('',#11032,#9046,#9047);
#7235=AXIS2_PLACEMENT_3D('',#11034,#9049,#9050);
#7236=AXIS2_PLACEMENT_3D('',#11036,#9052,#9053);
#7237=AXIS2_PLACEMENT_3D('',#11038,#9055,#9056);
#7238=AXIS2_PLACEMENT_3D('',#11040,#9058,#9059);
#7239=AXIS2_PLACEMENT_3D('',#11042,#9061,#9062);
#7240=AXIS2_PLACEMENT_3D('',#11044,#9064,#9065);
#7241=AXIS2_PLACEMENT_3D('',#11046,#9067,#9068);
#7242=AXIS2_PLACEMENT_3D('',#11048,#9070,#9071);
#7243=AXIS2_PLACEMENT_3D('',#11050,#9073,#9074);
#7244=AXIS2_PLACEMENT_3D('',#11052,#9076,#9077);
#7245=AXIS2_PLACEMENT_3D('',#11054,#9079,#9080);
#7246=AXIS2_PLACEMENT_3D('',#11056,#9082,#9083);
#7247=AXIS2_PLACEMENT_3D('',#11058,#9085,#9086);
#7248=AXIS2_PLACEMENT_3D('',#11061,#9089,#9090);
#7249=AXIS2_PLACEMENT_3D('',#11062,#9091,#9092);
#7250=AXIS2_PLACEMENT_3D('',#11064,#9094,#9095);
#7251=AXIS2_PLACEMENT_3D('',#11066,#9097,#9098);
#7252=AXIS2_PLACEMENT_3D('',#11068,#9100,#9101);
#7253=AXIS2_PLACEMENT_3D('',#11070,#9103,#9104);
#7254=AXIS2_PLACEMENT_3D('',#11079,#9108,#9109);
#7255=AXIS2_PLACEMENT_3D('',#11082,#9111,#9112);
#7256=AXIS2_PLACEMENT_3D('',#11087,#9116,#9117);
#7257=AXIS2_PLACEMENT_3D('',#11089,#9118,#9119);
#7258=AXIS2_PLACEMENT_3D('',#11091,#9120,#9121);
#7259=AXIS2_PLACEMENT_3D('',#11092,#9122,#9123);
#7260=AXIS2_PLACEMENT_3D('',#11095,#9125,#9126);
#7261=AXIS2_PLACEMENT_3D('',#11096,#9127,#9128);
#7262=AXIS2_PLACEMENT_3D('',#11097,#9129,#9130);
#7263=AXIS2_PLACEMENT_3D('',#11100,#9132,#9133);
#7264=AXIS2_PLACEMENT_3D('',#11101,#9134,#9135);
#7265=AXIS2_PLACEMENT_3D('',#11102,#9136,#9137);
#7266=AXIS2_PLACEMENT_3D('',#11105,#9139,#9140);
#7267=AXIS2_PLACEMENT_3D('',#11106,#9141,#9142);
#7268=AXIS2_PLACEMENT_3D('',#11107,#9143,#9144);
#7269=AXIS2_PLACEMENT_3D('',#11109,#9146,#9147);
#7270=AXIS2_PLACEMENT_3D('',#11111,#9149,#9150);
#7271=AXIS2_PLACEMENT_3D('',#11117,#9154,#9155);
#7272=AXIS2_PLACEMENT_3D('',#11121,#9158,#9159);
#7273=AXIS2_PLACEMENT_3D('',#11123,#9160,#9161);
#7274=AXIS2_PLACEMENT_3D('',#11125,#9163,#9164);
#7275=AXIS2_PLACEMENT_3D('',#11129,#9167,#9168);
#7276=AXIS2_PLACEMENT_3D('',#11131,#9169,#9170);
#7277=AXIS2_PLACEMENT_3D('',#11133,#9172,#9173);
#7278=AXIS2_PLACEMENT_3D('',#11135,#9175,#9176);
#7279=AXIS2_PLACEMENT_3D('',#11136,#9177,#9178);
#7280=DIRECTION('axis',(0.,0.,1.));
#7281=DIRECTION('refdir',(1.,0.,0.));
#7282=DIRECTION('axis',(0.,0.,1.));
#7283=DIRECTION('refdir',(1.,0.,0.));
#7284=DIRECTION('center_axis',(0.,0.,1.));
#7285=DIRECTION('ref_axis',(-0.707106781186552,0.707106781186543,0.));
#7286=DIRECTION('center_axis',(0.,0.,-1.));
#7287=DIRECTION('ref_axis',(-0.707106781186552,0.707106781186543,0.));
#7288=DIRECTION('',(0.,0.,-1.));
#7289=DIRECTION('center_axis',(0.,0.,-1.));
#7290=DIRECTION('ref_axis',(-0.707106781186552,0.707106781186543,0.));
#7291=DIRECTION('',(0.,0.,1.));
#7292=DIRECTION('center_axis',(0.,1.,0.));
#7293=DIRECTION('ref_axis',(-1.,0.,0.));
#7294=DIRECTION('',(-1.,0.,0.));
#7295=DIRECTION('',(0.,0.,-1.));
#7296=DIRECTION('',(-1.,0.,0.));
#7297=DIRECTION('center_axis',(0.,0.,-1.));
#7298=DIRECTION('ref_axis',(-0.707106781186543,0.707106781186552,0.));
#7299=DIRECTION('center_axis',(0.,0.,1.));
#7300=DIRECTION('ref_axis',(-0.707106781186543,0.707106781186552,0.));
#7301=DIRECTION('',(0.,0.,-1.));
#7302=DIRECTION('center_axis',(0.,0.,-1.));
#7303=DIRECTION('ref_axis',(-0.707106781186543,0.707106781186552,0.));
#7304=DIRECTION('',(0.,0.,1.));
#7305=DIRECTION('center_axis',(-1.,0.,0.));
#7306=DIRECTION('ref_axis',(0.,1.,0.));
#7307=DIRECTION('',(0.,1.,0.));
#7308=DIRECTION('',(0.,0.,1.));
#7309=DIRECTION('',(0.,-1.,0.));
#7310=DIRECTION('',(0.,0.,1.));
#7311=DIRECTION('',(0.,1.,0.));
#7312=DIRECTION('',(0.,-1.,0.));
#7313=DIRECTION('center_axis',(0.,0.,1.));
#7314=DIRECTION('ref_axis',(-0.707106781186549,0.707106781186546,0.));
#7315=DIRECTION('center_axis',(0.,0.,-1.));
#7316=DIRECTION('ref_axis',(-0.707106781186549,0.707106781186546,0.));
#7317=DIRECTION('',(0.,0.,-1.));
#7318=DIRECTION('center_axis',(0.,0.,-1.));
#7319=DIRECTION('ref_axis',(-0.707106781186549,0.707106781186546,0.));
#7320=DIRECTION('',(0.,0.,1.));
#7321=DIRECTION('center_axis',(0.,1.,0.));
#7322=DIRECTION('ref_axis',(-1.,0.,0.));
#7323=DIRECTION('',(-1.,0.,0.));
#7324=DIRECTION('',(0.,0.,-1.));
#7325=DIRECTION('',(-1.,0.,0.));
#7326=DIRECTION('center_axis',(0.,0.,-1.));
#7327=DIRECTION('ref_axis',(-0.707106781186549,0.707106781186546,0.));
#7328=DIRECTION('center_axis',(0.,0.,1.));
#7329=DIRECTION('ref_axis',(-0.707106781186549,0.707106781186546,0.));
#7330=DIRECTION('',(0.,0.,-1.));
#7331=DIRECTION('center_axis',(0.,0.,-1.));
#7332=DIRECTION('ref_axis',(-0.707106781186549,0.707106781186546,0.));
#7333=DIRECTION('',(0.,0.,1.));
#7334=DIRECTION('center_axis',(-1.,-1.26882631385732E-15,0.));
#7335=DIRECTION('ref_axis',(-1.26882631385732E-15,1.,0.));
#7336=DIRECTION('',(-1.26882631385732E-15,1.,0.));
#7337=DIRECTION('',(0.,0.,1.));
#7338=DIRECTION('',(1.26882631385732E-15,-1.,0.));
#7339=DIRECTION('',(0.,0.,1.));
#7340=DIRECTION('',(-1.26882631385732E-15,1.,0.));
#7341=DIRECTION('',(1.26882631385732E-15,-1.,0.));
#7342=DIRECTION('center_axis',(0.,0.,1.));
#7343=DIRECTION('ref_axis',(-0.707106781186545,0.70710678118655,0.));
#7344=DIRECTION('center_axis',(0.,0.,-1.));
#7345=DIRECTION('ref_axis',(-0.707106781186545,0.70710678118655,0.));
#7346=DIRECTION('',(0.,0.,-1.));
#7347=DIRECTION('center_axis',(0.,0.,-1.));
#7348=DIRECTION('ref_axis',(-0.707106781186545,0.70710678118655,0.));
#7349=DIRECTION('',(0.,0.,1.));
#7350=DIRECTION('center_axis',(3.12250225675825E-16,1.,0.));
#7351=DIRECTION('ref_axis',(-1.,3.12250225675825E-16,0.));
#7352=DIRECTION('',(-1.,3.12250225675825E-16,0.));
#7353=DIRECTION('',(0.,0.,-1.));
#7354=DIRECTION('',(-1.,3.12250225675825E-16,0.));
#7355=DIRECTION('center_axis',(0.,0.,-1.));
#7356=DIRECTION('ref_axis',(-0.707106781186544,0.707106781186551,0.));
#7357=DIRECTION('center_axis',(0.,0.,1.));
#7358=DIRECTION('ref_axis',(-0.707106781186544,0.707106781186551,0.));
#7359=DIRECTION('',(0.,0.,-1.));
#7360=DIRECTION('center_axis',(0.,0.,-1.));
#7361=DIRECTION('ref_axis',(-0.707106781186544,0.707106781186551,0.));
#7362=DIRECTION('',(0.,0.,1.));
#7363=DIRECTION('center_axis',(-1.,0.,0.));
#7364=DIRECTION('ref_axis',(0.,1.,0.));
#7365=DIRECTION('',(0.,1.,0.));
#7366=DIRECTION('',(0.,0.,1.));
#7367=DIRECTION('',(0.,-1.,0.));
#7368=DIRECTION('',(0.,0.,1.));
#7369=DIRECTION('',(0.,1.,0.));
#7370=DIRECTION('',(0.,-1.,0.));
#7371=DIRECTION('center_axis',(0.,0.,1.));
#7372=DIRECTION('ref_axis',(-0.707106781186548,0.707106781186547,0.));
#7373=DIRECTION('center_axis',(0.,0.,-1.));
#7374=DIRECTION('ref_axis',(-0.707106781186548,0.707106781186547,0.));
#7375=DIRECTION('',(0.,0.,-1.));
#7376=DIRECTION('center_axis',(0.,0.,-1.));
#7377=DIRECTION('ref_axis',(-0.707106781186548,0.707106781186547,0.));
#7378=DIRECTION('',(0.,0.,1.));
#7379=DIRECTION('center_axis',(-1.73472347597681E-16,1.,0.));
#7380=DIRECTION('ref_axis',(-1.,-1.73472347597681E-16,0.));
#7381=DIRECTION('',(-1.,-1.73472347597681E-16,0.));
#7382=DIRECTION('',(0.,0.,-1.));
#7383=DIRECTION('',(-1.,-1.73472347597681E-16,0.));
#7384=DIRECTION('center_axis',(0.,0.,-1.));
#7385=DIRECTION('ref_axis',(-0.707106781186547,0.707106781186548,0.));
#7386=DIRECTION('center_axis',(0.,0.,1.));
#7387=DIRECTION('ref_axis',(-0.707106781186547,0.707106781186548,0.));
#7388=DIRECTION('',(0.,0.,-1.));
#7389=DIRECTION('center_axis',(0.,0.,-1.));
#7390=DIRECTION('ref_axis',(-0.707106781186547,0.707106781186548,0.));
#7391=DIRECTION('',(0.,0.,1.));
#7392=DIRECTION('center_axis',(-1.,-1.18952466924124E-16,0.));
#7393=DIRECTION('ref_axis',(-1.18952466924124E-16,1.,0.));
#7394=DIRECTION('',(-1.18952466924124E-16,1.,0.));
#7395=DIRECTION('',(0.,0.,1.));
#7396=DIRECTION('',(1.18952466924124E-16,-1.,0.));
#7397=DIRECTION('',(0.,0.,1.));
#7398=DIRECTION('',(-1.18952466924124E-16,1.,0.));
#7399=DIRECTION('',(1.18952466924124E-16,-1.,0.));
#7400=DIRECTION('center_axis',(0.,0.,1.));
#7401=DIRECTION('ref_axis',(-0.707106781186546,0.707106781186549,0.));
#7402=DIRECTION('center_axis',(0.,0.,-1.));
#7403=DIRECTION('ref_axis',(-0.707106781186546,0.707106781186549,0.));
#7404=DIRECTION('',(0.,0.,-1.));
#7405=DIRECTION('center_axis',(0.,0.,-1.));
#7406=DIRECTION('ref_axis',(-0.707106781186546,0.707106781186549,0.));
#7407=DIRECTION('',(0.,0.,1.));
#7408=DIRECTION('center_axis',(0.,0.,1.));
#7409=DIRECTION('ref_axis',(1.,0.,0.));
#7410=DIRECTION('',(-1.,0.,0.));
#7411=DIRECTION('',(-1.18952466924124E-16,1.,0.));
#7412=DIRECTION('',(1.,0.,0.));
#7413=DIRECTION('center_axis',(0.,0.,-1.));
#7414=DIRECTION('ref_axis',(-0.707106781186546,-0.707106781186549,0.));
#7415=DIRECTION('',(0.,-1.,0.));
#7416=DIRECTION('center_axis',(0.,1.,0.));
#7417=DIRECTION('ref_axis',(-1.,0.,0.));
#7418=DIRECTION('',(-1.,0.,0.));
#7419=DIRECTION('',(0.,0.,-1.));
#7420=DIRECTION('center_axis',(0.,0.,-1.));
#7421=DIRECTION('ref_axis',(-0.707106781186555,0.70710678118654,0.));
#7422=DIRECTION('center_axis',(0.,0.,1.));
#7423=DIRECTION('ref_axis',(-0.707106781186555,0.70710678118654,0.));
#7424=DIRECTION('',(0.,0.,-1.));
#7425=DIRECTION('center_axis',(0.,0.,-1.));
#7426=DIRECTION('ref_axis',(-0.707106781186555,0.70710678118654,0.));
#7427=DIRECTION('',(0.,0.,1.));
#7428=DIRECTION('center_axis',(-1.,-1.18952466924124E-16,0.));
#7429=DIRECTION('ref_axis',(-1.18952466924124E-16,1.,0.));
#7430=DIRECTION('',(-1.18952466924124E-16,1.,0.));
#7431=DIRECTION('',(0.,0.,1.));
#7432=DIRECTION('',(1.18952466924124E-16,-1.,0.));
#7433=DIRECTION('',(0.,0.,1.));
#7434=DIRECTION('',(1.18952466924124E-16,-1.,0.));
#7435=DIRECTION('center_axis',(0.,0.,1.));
#7436=DIRECTION('ref_axis',(-0.70710678118655,0.707106781186545,0.));
#7437=DIRECTION('center_axis',(0.,0.,-1.));
#7438=DIRECTION('ref_axis',(-0.70710678118655,0.707106781186545,0.));
#7439=DIRECTION('',(0.,0.,-1.));
#7440=DIRECTION('center_axis',(0.,0.,-1.));
#7441=DIRECTION('ref_axis',(-0.70710678118655,0.707106781186545,0.));
#7442=DIRECTION('',(0.,0.,1.));
#7443=DIRECTION('center_axis',(0.,0.,1.));
#7444=DIRECTION('ref_axis',(1.,0.,0.));
#7445=DIRECTION('',(-1.,0.,0.));
#7446=DIRECTION('',(-1.58603289232165E-16,1.,0.));
#7447=DIRECTION('',(1.,0.,0.));
#7448=DIRECTION('center_axis',(0.,0.,-1.));
#7449=DIRECTION('ref_axis',(-0.707106781186548,-0.707106781186548,0.));
#7450=DIRECTION('',(-2.24287479722254E-16,-1.,0.));
#7451=DIRECTION('center_axis',(0.,1.,0.));
#7452=DIRECTION('ref_axis',(-1.,0.,0.));
#7453=DIRECTION('',(-1.,0.,0.));
#7454=DIRECTION('',(0.,0.,-1.));
#7455=DIRECTION('center_axis',(0.,0.,-1.));
#7456=DIRECTION('ref_axis',(-0.707106781186545,0.70710678118655,0.));
#7457=DIRECTION('center_axis',(0.,0.,1.));
#7458=DIRECTION('ref_axis',(-0.707106781186545,0.70710678118655,0.));
#7459=DIRECTION('',(0.,0.,-1.));
#7460=DIRECTION('center_axis',(0.,0.,-1.));
#7461=DIRECTION('ref_axis',(-0.707106781186545,0.70710678118655,0.));
#7462=DIRECTION('',(0.,0.,1.));
#7463=DIRECTION('center_axis',(-1.,-1.58603289232165E-16,0.));
#7464=DIRECTION('ref_axis',(-1.58603289232165E-16,1.,0.));
#7465=DIRECTION('',(-1.58603289232165E-16,1.,0.));
#7466=DIRECTION('',(0.,0.,1.));
#7467=DIRECTION('',(1.58603289232165E-16,-1.,0.));
#7468=DIRECTION('',(0.,0.,1.));
#7469=DIRECTION('',(1.58603289232165E-16,-1.,0.));
#7470=DIRECTION('center_axis',(0.,0.,1.));
#7471=DIRECTION('ref_axis',(-0.70710678118654,0.707106781186555,0.));
#7472=DIRECTION('center_axis',(0.,0.,-1.));
#7473=DIRECTION('ref_axis',(-0.70710678118654,0.707106781186555,0.));
#7474=DIRECTION('',(0.,0.,-1.));
#7475=DIRECTION('center_axis',(0.,0.,-1.));
#7476=DIRECTION('ref_axis',(-0.70710678118654,0.707106781186555,0.));
#7477=DIRECTION('',(0.,0.,1.));
#7478=DIRECTION('center_axis',(0.,0.,1.));
#7479=DIRECTION('ref_axis',(1.,0.,0.));
#7480=DIRECTION('',(-1.,0.,0.));
#7481=DIRECTION('',(0.,1.,0.));
#7482=DIRECTION('',(1.,0.,0.));
#7483=DIRECTION('center_axis',(0.,0.,-1.));
#7484=DIRECTION('ref_axis',(-0.707106781186548,-0.707106781186548,0.));
#7485=DIRECTION('',(0.,-1.,0.));
#7486=DIRECTION('center_axis',(0.,1.,0.));
#7487=DIRECTION('ref_axis',(-1.,0.,0.));
#7488=DIRECTION('',(-1.,0.,0.));
#7489=DIRECTION('',(0.,0.,-1.));
#7490=DIRECTION('center_axis',(0.,0.,-1.));
#7491=DIRECTION('ref_axis',(-0.707106781186549,0.707106781186546,0.));
#7492=DIRECTION('center_axis',(0.,0.,1.));
#7493=DIRECTION('ref_axis',(-0.707106781186549,0.707106781186546,0.));
#7494=DIRECTION('',(0.,0.,-1.));
#7495=DIRECTION('center_axis',(0.,0.,-1.));
#7496=DIRECTION('ref_axis',(-0.707106781186549,0.707106781186546,0.));
#7497=DIRECTION('',(0.,0.,1.));
#7498=DIRECTION('center_axis',(-1.,0.,0.));
#7499=DIRECTION('ref_axis',(0.,1.,0.));
#7500=DIRECTION('',(0.,1.,0.));
#7501=DIRECTION('',(0.,0.,1.));
#7502=DIRECTION('',(0.,-1.,0.));
#7503=DIRECTION('',(0.,0.,1.));
#7504=DIRECTION('',(0.,-1.,0.));
#7505=DIRECTION('center_axis',(0.,0.,1.));
#7506=DIRECTION('ref_axis',(-0.707106781186549,0.707106781186546,0.));
#7507=DIRECTION('center_axis',(0.,0.,-1.));
#7508=DIRECTION('ref_axis',(-0.707106781186549,0.707106781186546,0.));
#7509=DIRECTION('',(0.,0.,-1.));
#7510=DIRECTION('center_axis',(0.,0.,-1.));
#7511=DIRECTION('ref_axis',(-0.707106781186549,0.707106781186546,0.));
#7512=DIRECTION('',(0.,0.,1.));
#7513=DIRECTION('center_axis',(0.,0.,1.));
#7514=DIRECTION('ref_axis',(1.,0.,0.));
#7515=DIRECTION('',(-1.,0.,0.));
#7516=DIRECTION('',(0.,1.,0.));
#7517=DIRECTION('',(1.,0.,0.));
#7518=DIRECTION('center_axis',(0.,0.,-1.));
#7519=DIRECTION('ref_axis',(-0.707106781186548,-0.707106781186548,0.));
#7520=DIRECTION('',(0.,-1.,0.));
#7521=DIRECTION('center_axis',(0.,1.,0.));
#7522=DIRECTION('ref_axis',(-1.,0.,0.));
#7523=DIRECTION('',(-1.,0.,0.));
#7524=DIRECTION('',(0.,0.,-1.));
#7525=DIRECTION('center_axis',(0.,0.,-1.));
#7526=DIRECTION('ref_axis',(-0.707106781186549,0.707106781186546,0.));
#7527=DIRECTION('center_axis',(0.,0.,1.));
#7528=DIRECTION('ref_axis',(-0.707106781186549,0.707106781186546,0.));
#7529=DIRECTION('',(0.,0.,-1.));
#7530=DIRECTION('center_axis',(0.,0.,-1.));
#7531=DIRECTION('ref_axis',(-0.707106781186549,0.707106781186546,0.));
#7532=DIRECTION('',(0.,0.,1.));
#7533=DIRECTION('center_axis',(-1.,0.,0.));
#7534=DIRECTION('ref_axis',(0.,1.,0.));
#7535=DIRECTION('',(0.,1.,0.));
#7536=DIRECTION('',(0.,0.,1.));
#7537=DIRECTION('',(0.,-1.,0.));
#7538=DIRECTION('',(0.,0.,1.));
#7539=DIRECTION('',(0.,-1.,0.));
#7540=DIRECTION('center_axis',(0.,0.,1.));
#7541=DIRECTION('ref_axis',(-0.707106781186548,0.707106781186548,0.));
#7542=DIRECTION('center_axis',(0.,0.,-1.));
#7543=DIRECTION('ref_axis',(-0.707106781186548,0.707106781186548,0.));
#7544=DIRECTION('',(0.,0.,-1.));
#7545=DIRECTION('center_axis',(0.,0.,-1.));
#7546=DIRECTION('ref_axis',(-0.707106781186548,0.707106781186548,0.));
#7547=DIRECTION('',(0.,0.,1.));
#7548=DIRECTION('center_axis',(0.,0.,1.));
#7549=DIRECTION('ref_axis',(1.,0.,0.));
#7550=DIRECTION('',(-1.,0.,0.));
#7551=DIRECTION('',(0.,1.,0.));
#7552=DIRECTION('',(1.,0.,0.));
#7553=DIRECTION('center_axis',(0.,0.,-1.));
#7554=DIRECTION('ref_axis',(-0.707106781186548,-0.707106781186548,0.));
#7555=DIRECTION('',(0.,-1.,0.));
#7556=DIRECTION('center_axis',(0.,1.,0.));
#7557=DIRECTION('ref_axis',(-1.,0.,0.));
#7558=DIRECTION('',(-1.,0.,0.));
#7559=DIRECTION('',(0.,0.,-1.));
#7560=DIRECTION('center_axis',(0.,0.,-1.));
#7561=DIRECTION('ref_axis',(-0.707106781186543,0.707106781186552,0.));
#7562=DIRECTION('center_axis',(0.,0.,1.));
#7563=DIRECTION('ref_axis',(-0.707106781186543,0.707106781186552,0.));
#7564=DIRECTION('',(0.,0.,-1.));
#7565=DIRECTION('center_axis',(0.,0.,-1.));
#7566=DIRECTION('ref_axis',(-0.707106781186543,0.707106781186552,0.));
#7567=DIRECTION('',(0.,0.,1.));
#7568=DIRECTION('center_axis',(-1.,0.,0.));
#7569=DIRECTION('ref_axis',(0.,1.,0.));
#7570=DIRECTION('',(0.,1.,0.));
#7571=DIRECTION('',(0.,0.,1.));
#7572=DIRECTION('',(0.,-1.,0.));
#7573=DIRECTION('',(0.,0.,1.));
#7574=DIRECTION('',(0.,-1.,0.));
#7575=DIRECTION('center_axis',(0.,0.,1.));
#7576=DIRECTION('ref_axis',(-0.707106781186548,0.707106781186548,0.));
#7577=DIRECTION('center_axis',(0.,0.,-1.));
#7578=DIRECTION('ref_axis',(-0.707106781186548,0.707106781186548,0.));
#7579=DIRECTION('',(0.,0.,-1.));
#7580=DIRECTION('center_axis',(0.,0.,-1.));
#7581=DIRECTION('ref_axis',(-0.707106781186548,0.707106781186548,0.));
#7582=DIRECTION('',(0.,0.,1.));
#7583=DIRECTION('center_axis',(0.,0.,1.));
#7584=DIRECTION('ref_axis',(1.,0.,0.));
#7585=DIRECTION('',(-1.,0.,0.));
#7586=DIRECTION('',(3.1720657846433E-16,1.,0.));
#7587=DIRECTION('',(1.,0.,0.));
#7588=DIRECTION('center_axis',(0.,0.,-1.));
#7589=DIRECTION('ref_axis',(-0.707106781186548,-0.707106781186548,0.));
#7590=DIRECTION('',(0.,-1.,0.));
#7591=DIRECTION('center_axis',(0.,1.,0.));
#7592=DIRECTION('ref_axis',(-1.,0.,0.));
#7593=DIRECTION('',(-1.,0.,0.));
#7594=DIRECTION('',(0.,0.,-1.));
#7595=DIRECTION('center_axis',(0.,0.,-1.));
#7596=DIRECTION('ref_axis',(-0.707106781186543,0.707106781186552,0.));
#7597=DIRECTION('center_axis',(0.,0.,1.));
#7598=DIRECTION('ref_axis',(-0.707106781186543,0.707106781186552,0.));
#7599=DIRECTION('',(0.,0.,-1.));
#7600=DIRECTION('center_axis',(0.,0.,-1.));
#7601=DIRECTION('ref_axis',(-0.707106781186543,0.707106781186552,0.));
#7602=DIRECTION('',(0.,0.,1.));
#7603=DIRECTION('center_axis',(-1.,3.1720657846433E-16,0.));
#7604=DIRECTION('ref_axis',(3.1720657846433E-16,1.,0.));
#7605=DIRECTION('',(3.1720657846433E-16,1.,0.));
#7606=DIRECTION('',(0.,0.,1.));
#7607=DIRECTION('',(-3.1720657846433E-16,-1.,0.));
#7608=DIRECTION('',(0.,0.,1.));
#7609=DIRECTION('',(-3.1720657846433E-16,-1.,0.));
#7610=DIRECTION('center_axis',(0.,0.,1.));
#7611=DIRECTION('ref_axis',(-0.707106781186552,0.707106781186543,0.));
#7612=DIRECTION('center_axis',(0.,0.,-1.));
#7613=DIRECTION('ref_axis',(-0.707106781186552,0.707106781186543,0.));
#7614=DIRECTION('',(0.,0.,-1.));
#7615=DIRECTION('center_axis',(0.,0.,-1.));
#7616=DIRECTION('ref_axis',(-0.707106781186552,0.707106781186543,0.));
#7617=DIRECTION('',(0.,0.,1.));
#7618=DIRECTION('center_axis',(0.,0.,1.));
#7619=DIRECTION('ref_axis',(1.,0.,0.));
#7620=DIRECTION('',(-1.,0.,0.));
#7621=DIRECTION('',(1.26882631385733E-15,1.,0.));
#7622=DIRECTION('',(1.,0.,0.));
#7623=DIRECTION('center_axis',(0.,0.,-1.));
#7624=DIRECTION('ref_axis',(-0.707106781186548,-0.707106781186548,0.));
#7625=DIRECTION('',(-8.97149918889016E-16,-1.,0.));
#7626=DIRECTION('center_axis',(0.,1.,0.));
#7627=DIRECTION('ref_axis',(-1.,0.,0.));
#7628=DIRECTION('',(-1.,0.,0.));
#7629=DIRECTION('',(0.,0.,-1.));
#7630=DIRECTION('center_axis',(0.,0.,-1.));
#7631=DIRECTION('ref_axis',(-0.707106781186548,0.707106781186548,0.));
#7632=DIRECTION('center_axis',(0.,0.,1.));
#7633=DIRECTION('ref_axis',(-0.707106781186548,0.707106781186548,0.));
#7634=DIRECTION('',(0.,0.,-1.));
#7635=DIRECTION('center_axis',(0.,0.,-1.));
#7636=DIRECTION('ref_axis',(-0.707106781186548,0.707106781186548,0.));
#7637=DIRECTION('',(0.,0.,1.));
#7638=DIRECTION('center_axis',(-1.,1.26882631385733E-15,0.));
#7639=DIRECTION('ref_axis',(1.26882631385733E-15,1.,0.));
#7640=DIRECTION('',(1.26882631385733E-15,1.,0.));
#7641=DIRECTION('',(0.,0.,1.));
#7642=DIRECTION('',(-1.26882631385733E-15,-1.,0.));
#7643=DIRECTION('',(0.,0.,1.));
#7644=DIRECTION('',(-1.26882631385733E-15,-1.,0.));
#7645=DIRECTION('center_axis',(0.,0.,1.));
#7646=DIRECTION('ref_axis',(-0.707106781186548,0.707106781186548,0.));
#7647=DIRECTION('center_axis',(0.,0.,-1.));
#7648=DIRECTION('ref_axis',(-0.707106781186548,0.707106781186548,0.));
#7649=DIRECTION('',(0.,0.,-1.));
#7650=DIRECTION('center_axis',(0.,0.,-1.));
#7651=DIRECTION('ref_axis',(-0.707106781186548,0.707106781186548,0.));
#7652=DIRECTION('',(0.,0.,1.));
#7653=DIRECTION('center_axis',(0.,0.,1.));
#7654=DIRECTION('ref_axis',(1.,0.,0.));
#7655=DIRECTION('',(-1.,0.,0.));
#7656=DIRECTION('',(1.90323947078598E-15,1.,0.));
#7657=DIRECTION('',(1.,0.,0.));
#7658=DIRECTION('center_axis',(0.,0.,-1.));
#7659=DIRECTION('ref_axis',(-0.707106781186548,-0.707106781186548,0.));
#7660=DIRECTION('',(0.,-1.,0.));
#7661=DIRECTION('center_axis',(0.,1.,0.));
#7662=DIRECTION('ref_axis',(-1.,0.,0.));
#7663=DIRECTION('',(-1.,0.,0.));
#7664=DIRECTION('',(0.,0.,-1.));
#7665=DIRECTION('center_axis',(0.,0.,-1.));
#7666=DIRECTION('ref_axis',(-0.707106781186548,0.707106781186548,0.));
#7667=DIRECTION('center_axis',(0.,0.,1.));
#7668=DIRECTION('ref_axis',(-0.707106781186548,0.707106781186548,0.));
#7669=DIRECTION('',(0.,0.,-1.));
#7670=DIRECTION('center_axis',(0.,0.,-1.));
#7671=DIRECTION('ref_axis',(-0.707106781186548,0.707106781186548,0.));
#7672=DIRECTION('',(0.,0.,1.));
#7673=DIRECTION('center_axis',(-1.,1.90323947078598E-15,0.));
#7674=DIRECTION('ref_axis',(1.90323947078598E-15,1.,0.));
#7675=DIRECTION('',(1.90323947078598E-15,1.,0.));
#7676=DIRECTION('',(0.,0.,1.));
#7677=DIRECTION('',(-1.90323947078598E-15,-1.,0.));
#7678=DIRECTION('',(0.,0.,1.));
#7679=DIRECTION('',(-1.90323947078598E-15,-1.,0.));
#7680=DIRECTION('center_axis',(0.,0.,1.));
#7681=DIRECTION('ref_axis',(-0.707106781186552,0.707106781186543,0.));
#7682=DIRECTION('center_axis',(0.,0.,-1.));
#7683=DIRECTION('ref_axis',(-0.707106781186552,0.707106781186543,0.));
#7684=DIRECTION('',(0.,0.,-1.));
#7685=DIRECTION('center_axis',(0.,0.,-1.));
#7686=DIRECTION('ref_axis',(-0.707106781186552,0.707106781186543,0.));
#7687=DIRECTION('',(0.,0.,1.));
#7688=DIRECTION('center_axis',(0.,0.,1.));
#7689=DIRECTION('ref_axis',(1.,0.,0.));
#7690=DIRECTION('',(-1.,0.,0.));
#7691=DIRECTION('',(6.34413156928662E-16,1.,0.));
#7692=DIRECTION('',(1.,0.,0.));
#7693=DIRECTION('center_axis',(0.,0.,-1.));
#7694=DIRECTION('ref_axis',(-0.707106781186548,-0.707106781186548,0.));
#7695=DIRECTION('',(0.,-1.,0.));
#7696=DIRECTION('center_axis',(0.,1.,0.));
#7697=DIRECTION('ref_axis',(-1.,0.,0.));
#7698=DIRECTION('',(-1.,0.,0.));
#7699=DIRECTION('',(0.,0.,-1.));
#7700=DIRECTION('center_axis',(0.,0.,-1.));
#7701=DIRECTION('ref_axis',(-0.707106781186548,0.707106781186548,0.));
#7702=DIRECTION('center_axis',(0.,0.,1.));
#7703=DIRECTION('ref_axis',(-0.707106781186548,0.707106781186548,0.));
#7704=DIRECTION('',(0.,0.,-1.));
#7705=DIRECTION('center_axis',(0.,0.,-1.));
#7706=DIRECTION('ref_axis',(-0.707106781186548,0.707106781186548,0.));
#7707=DIRECTION('',(0.,0.,1.));
#7708=DIRECTION('center_axis',(-1.,6.34413156928662E-16,0.));
#7709=DIRECTION('ref_axis',(6.34413156928662E-16,1.,0.));
#7710=DIRECTION('',(6.34413156928662E-16,1.,0.));
#7711=DIRECTION('',(0.,0.,1.));
#7712=DIRECTION('',(-6.34413156928662E-16,-1.,0.));
#7713=DIRECTION('',(0.,0.,1.));
#7714=DIRECTION('',(-6.34413156928662E-16,-1.,0.));
#7715=DIRECTION('center_axis',(0.,0.,1.));
#7716=DIRECTION('ref_axis',(-0.707106781186548,0.707106781186548,0.));
#7717=DIRECTION('center_axis',(0.,0.,-1.));
#7718=DIRECTION('ref_axis',(-0.707106781186548,0.707106781186548,0.));
#7719=DIRECTION('',(0.,0.,-1.));
#7720=DIRECTION('center_axis',(0.,0.,-1.));
#7721=DIRECTION('ref_axis',(-0.707106781186548,0.707106781186548,0.));
#7722=DIRECTION('',(0.,0.,1.));
#7723=DIRECTION('center_axis',(0.,0.,1.));
#7724=DIRECTION('ref_axis',(1.,0.,0.));
#7725=DIRECTION('',(-1.,0.,0.));
#7726=DIRECTION('',(-6.34413156928661E-16,1.,0.));
#7727=DIRECTION('',(1.,0.,0.));
#7728=DIRECTION('center_axis',(0.,0.,-1.));
#7729=DIRECTION('ref_axis',(-0.707106781186548,-0.707106781186548,0.));
#7730=DIRECTION('',(0.,-1.,0.));
#7731=DIRECTION('center_axis',(0.,1.,0.));
#7732=DIRECTION('ref_axis',(-1.,0.,0.));
#7733=DIRECTION('',(-1.,0.,0.));
#7734=DIRECTION('',(0.,0.,-1.));
#7735=DIRECTION('center_axis',(0.,0.,-1.));
#7736=DIRECTION('ref_axis',(-0.707106781186548,0.707106781186548,0.));
#7737=DIRECTION('center_axis',(0.,0.,1.));
#7738=DIRECTION('ref_axis',(-0.707106781186548,0.707106781186548,0.));
#7739=DIRECTION('',(0.,0.,-1.));
#7740=DIRECTION('center_axis',(0.,0.,-1.));
#7741=DIRECTION('ref_axis',(-0.707106781186548,0.707106781186548,0.));
#7742=DIRECTION('',(0.,0.,1.));
#7743=DIRECTION('center_axis',(-1.,-6.34413156928661E-16,0.));
#7744=DIRECTION('ref_axis',(-6.34413156928661E-16,1.,0.));
#7745=DIRECTION('',(-6.34413156928661E-16,1.,0.));
#7746=DIRECTION('',(0.,0.,1.));
#7747=DIRECTION('',(6.34413156928661E-16,-1.,0.));
#7748=DIRECTION('',(0.,0.,1.));
#7749=DIRECTION('',(6.34413156928661E-16,-1.,0.));
#7750=DIRECTION('center_axis',(0.,0.,1.));
#7751=DIRECTION('ref_axis',(-0.707106781186548,0.707106781186548,0.));
#7752=DIRECTION('center_axis',(0.,0.,-1.));
#7753=DIRECTION('ref_axis',(-0.707106781186548,0.707106781186548,0.));
#7754=DIRECTION('',(0.,0.,-1.));
#7755=DIRECTION('center_axis',(0.,0.,-1.));
#7756=DIRECTION('ref_axis',(-0.707106781186548,0.707106781186548,0.));
#7757=DIRECTION('',(0.,0.,1.));
#7758=DIRECTION('center_axis',(0.,0.,1.));
#7759=DIRECTION('ref_axis',(1.,0.,0.));
#7760=DIRECTION('',(-1.,0.,0.));
#7761=DIRECTION('',(0.,1.,0.));
#7762=DIRECTION('',(1.,-5.55111512312579E-16,0.));
#7763=DIRECTION('center_axis',(0.,0.,-1.));
#7764=DIRECTION('ref_axis',(-0.707106781186548,-0.707106781186548,0.));
#7765=DIRECTION('',(0.,-1.,0.));
#7766=DIRECTION('center_axis',(0.,1.,0.));
#7767=DIRECTION('ref_axis',(-1.,0.,0.));
#7768=DIRECTION('',(-1.,0.,0.));
#7769=DIRECTION('',(0.,0.,-1.));
#7770=DIRECTION('center_axis',(0.,0.,-1.));
#7771=DIRECTION('ref_axis',(-0.707106781186548,0.707106781186548,0.));
#7772=DIRECTION('center_axis',(0.,0.,1.));
#7773=DIRECTION('ref_axis',(-0.707106781186548,0.707106781186548,0.));
#7774=DIRECTION('',(0.,0.,-1.));
#7775=DIRECTION('center_axis',(0.,0.,-1.));
#7776=DIRECTION('ref_axis',(-0.707106781186548,0.707106781186548,0.));
#7777=DIRECTION('',(0.,0.,1.));
#7778=DIRECTION('center_axis',(-1.,0.,0.));
#7779=DIRECTION('ref_axis',(0.,1.,0.));
#7780=DIRECTION('',(0.,1.,0.));
#7781=DIRECTION('',(0.,0.,1.));
#7782=DIRECTION('',(0.,-1.,0.));
#7783=DIRECTION('',(0.,0.,1.));
#7784=DIRECTION('',(0.,-1.,0.));
#7785=DIRECTION('center_axis',(0.,0.,1.));
#7786=DIRECTION('ref_axis',(-0.707106781186548,0.707106781186548,0.));
#7787=DIRECTION('center_axis',(0.,0.,-1.));
#7788=DIRECTION('ref_axis',(-0.707106781186548,0.707106781186548,0.));
#7789=DIRECTION('',(0.,0.,-1.));
#7790=DIRECTION('center_axis',(0.,0.,-1.));
#7791=DIRECTION('ref_axis',(-0.707106781186548,0.707106781186548,0.));
#7792=DIRECTION('',(0.,0.,1.));
#7793=DIRECTION('center_axis',(0.,0.,1.));
#7794=DIRECTION('ref_axis',(1.,0.,0.));
#7795=DIRECTION('',(-1.,0.,0.));
#7796=DIRECTION('',(6.34413156928659E-16,1.,0.));
#7797=DIRECTION('',(1.,0.,0.));
#7798=DIRECTION('center_axis',(0.,0.,-1.));
#7799=DIRECTION('ref_axis',(-0.707106781186548,-0.707106781186548,0.));
#7800=DIRECTION('',(0.,-1.,0.));
#7801=DIRECTION('center_axis',(0.,1.,0.));
#7802=DIRECTION('ref_axis',(-1.,0.,0.));
#7803=DIRECTION('',(-1.,0.,0.));
#7804=DIRECTION('',(0.,0.,-1.));
#7805=DIRECTION('center_axis',(0.,0.,-1.));
#7806=DIRECTION('ref_axis',(-0.707106781186548,0.707106781186548,0.));
#7807=DIRECTION('center_axis',(0.,0.,1.));
#7808=DIRECTION('ref_axis',(-0.707106781186548,0.707106781186548,0.));
#7809=DIRECTION('',(0.,0.,-1.));
#7810=DIRECTION('center_axis',(0.,0.,-1.));
#7811=DIRECTION('ref_axis',(-0.707106781186548,0.707106781186548,0.));
#7812=DIRECTION('',(0.,0.,1.));
#7813=DIRECTION('center_axis',(-1.,6.34413156928659E-16,0.));
#7814=DIRECTION('ref_axis',(6.34413156928659E-16,1.,0.));
#7815=DIRECTION('',(6.34413156928659E-16,1.,0.));
#7816=DIRECTION('',(0.,0.,1.));
#7817=DIRECTION('',(-6.34413156928659E-16,-1.,0.));
#7818=DIRECTION('',(0.,0.,1.));
#7819=DIRECTION('',(-6.34413156928659E-16,-1.,0.));
#7820=DIRECTION('center_axis',(0.,0.,-1.));
#7821=DIRECTION('ref_axis',(0.707106781186549,0.707106781186546,0.));
#7822=DIRECTION('center_axis',(0.,0.,1.));
#7823=DIRECTION('ref_axis',(0.707106781186549,0.707106781186546,0.));
#7824=DIRECTION('',(0.,0.,-1.));
#7825=DIRECTION('center_axis',(0.,0.,-1.));
#7826=DIRECTION('ref_axis',(0.707106781186549,0.707106781186546,0.));
#7827=DIRECTION('',(0.,0.,1.));
#7828=DIRECTION('center_axis',(0.,1.,0.));
#7829=DIRECTION('ref_axis',(1.,0.,0.));
#7830=DIRECTION('',(-1.,0.,0.));
#7831=DIRECTION('',(1.,0.,0.));
#7832=DIRECTION('center_axis',(0.,0.,1.));
#7833=DIRECTION('ref_axis',(0.707106781186549,0.707106781186546,0.));
#7834=DIRECTION('center_axis',(0.,0.,-1.));
#7835=DIRECTION('ref_axis',(0.707106781186549,0.707106781186546,0.));
#7836=DIRECTION('',(0.,0.,-1.));
#7837=DIRECTION('center_axis',(0.,0.,-1.));
#7838=DIRECTION('ref_axis',(0.707106781186549,0.707106781186546,0.));
#7839=DIRECTION('',(0.,0.,1.));
#7840=DIRECTION('center_axis',(0.,0.,1.));
#7841=DIRECTION('ref_axis',(1.,0.,0.));
#7842=DIRECTION('',(0.,1.,0.));
#7843=DIRECTION('center_axis',(0.,0.,-1.));
#7844=DIRECTION('ref_axis',(0.707106781186548,-0.707106781186548,0.));
#7845=DIRECTION('',(1.,0.,0.));
#7846=DIRECTION('',(0.,-1.,0.));
#7847=DIRECTION('',(-1.,0.,0.));
#7848=DIRECTION('center_axis',(1.,0.,0.));
#7849=DIRECTION('ref_axis',(0.,1.,0.));
#7850=DIRECTION('',(0.,1.,0.));
#7851=DIRECTION('',(0.,0.,-1.));
#7852=DIRECTION('center_axis',(0.,0.,-1.));
#7853=DIRECTION('ref_axis',(0.707106781186548,0.707106781186548,0.));
#7854=DIRECTION('center_axis',(0.,0.,1.));
#7855=DIRECTION('ref_axis',(0.707106781186548,0.707106781186548,0.));
#7856=DIRECTION('',(0.,0.,-1.));
#7857=DIRECTION('center_axis',(0.,0.,-1.));
#7858=DIRECTION('ref_axis',(0.707106781186548,0.707106781186548,0.));
#7859=DIRECTION('',(0.,0.,1.));
#7860=DIRECTION('center_axis',(6.34413156928661E-16,1.,0.));
#7861=DIRECTION('ref_axis',(1.,-6.34413156928661E-16,0.));
#7862=DIRECTION('',(-1.,6.34413156928661E-16,0.));
#7863=DIRECTION('',(1.,-6.34413156928661E-16,0.));
#7864=DIRECTION('center_axis',(0.,0.,1.));
#7865=DIRECTION('ref_axis',(0.707106781186548,0.707106781186548,0.));
#7866=DIRECTION('center_axis',(0.,0.,-1.));
#7867=DIRECTION('ref_axis',(0.707106781186548,0.707106781186548,0.));
#7868=DIRECTION('',(0.,0.,-1.));
#7869=DIRECTION('center_axis',(0.,0.,-1.));
#7870=DIRECTION('ref_axis',(0.707106781186548,0.707106781186548,0.));
#7871=DIRECTION('',(0.,0.,1.));
#7872=DIRECTION('center_axis',(0.,0.,1.));
#7873=DIRECTION('ref_axis',(1.,0.,0.));
#7874=DIRECTION('',(0.,1.,0.));
#7875=DIRECTION('center_axis',(0.,0.,-1.));
#7876=DIRECTION('ref_axis',(0.707106781186548,-0.707106781186548,0.));
#7877=DIRECTION('',(1.,0.,0.));
#7878=DIRECTION('',(0.,-1.,0.));
#7879=DIRECTION('',(-1.,0.,0.));
#7880=DIRECTION('center_axis',(1.,0.,0.));
#7881=DIRECTION('ref_axis',(0.,1.,0.));
#7882=DIRECTION('',(0.,1.,0.));
#7883=DIRECTION('',(0.,0.,-1.));
#7884=DIRECTION('center_axis',(0.,0.,-1.));
#7885=DIRECTION('ref_axis',(0.707106781186548,0.707106781186548,0.));
#7886=DIRECTION('center_axis',(0.,0.,1.));
#7887=DIRECTION('ref_axis',(0.707106781186548,0.707106781186548,0.));
#7888=DIRECTION('',(0.,0.,-1.));
#7889=DIRECTION('center_axis',(0.,0.,-1.));
#7890=DIRECTION('ref_axis',(0.707106781186548,0.707106781186548,0.));
#7891=DIRECTION('',(0.,0.,1.));
#7892=DIRECTION('center_axis',(0.,1.,0.));
#7893=DIRECTION('ref_axis',(1.,0.,0.));
#7894=DIRECTION('',(-1.,0.,0.));
#7895=DIRECTION('',(1.,0.,0.));
#7896=DIRECTION('center_axis',(0.,0.,1.));
#7897=DIRECTION('ref_axis',(0.707106781186548,0.707106781186548,0.));
#7898=DIRECTION('center_axis',(0.,0.,-1.));
#7899=DIRECTION('ref_axis',(0.707106781186548,0.707106781186548,0.));
#7900=DIRECTION('',(0.,0.,-1.));
#7901=DIRECTION('center_axis',(0.,0.,-1.));
#7902=DIRECTION('ref_axis',(0.707106781186548,0.707106781186548,0.));
#7903=DIRECTION('',(0.,0.,1.));
#7904=DIRECTION('center_axis',(0.,0.,1.));
#7905=DIRECTION('ref_axis',(1.,0.,0.));
#7906=DIRECTION('',(0.,1.,0.));
#7907=DIRECTION('center_axis',(0.,0.,-1.));
#7908=DIRECTION('ref_axis',(0.707106781186548,-0.707106781186548,0.));
#7909=DIRECTION('',(1.,0.,0.));
#7910=DIRECTION('',(0.,-1.,0.));
#7911=DIRECTION('',(-1.,0.,0.));
#7912=DIRECTION('center_axis',(1.,0.,0.));
#7913=DIRECTION('ref_axis',(0.,1.,0.));
#7914=DIRECTION('',(0.,1.,0.));
#7915=DIRECTION('',(0.,0.,-1.));
#7916=DIRECTION('center_axis',(0.,0.,-1.));
#7917=DIRECTION('ref_axis',(0.707106781186552,0.707106781186543,0.));
#7918=DIRECTION('center_axis',(0.,0.,1.));
#7919=DIRECTION('ref_axis',(0.707106781186552,0.707106781186543,0.));
#7920=DIRECTION('',(0.,0.,-1.));
#7921=DIRECTION('center_axis',(0.,0.,-1.));
#7922=DIRECTION('ref_axis',(0.707106781186552,0.707106781186543,0.));
#7923=DIRECTION('',(0.,0.,1.));
#7924=DIRECTION('center_axis',(-3.17206578464331E-16,1.,0.));
#7925=DIRECTION('ref_axis',(1.,3.17206578464331E-16,0.));
#7926=DIRECTION('',(-1.,-3.17206578464331E-16,0.));
#7927=DIRECTION('',(1.,3.17206578464331E-16,0.));
#7928=DIRECTION('center_axis',(0.,0.,1.));
#7929=DIRECTION('ref_axis',(0.707106781186552,0.707106781186543,0.));
#7930=DIRECTION('center_axis',(0.,0.,-1.));
#7931=DIRECTION('ref_axis',(0.707106781186552,0.707106781186543,0.));
#7932=DIRECTION('',(0.,0.,-1.));
#7933=DIRECTION('center_axis',(0.,0.,-1.));
#7934=DIRECTION('ref_axis',(0.707106781186552,0.707106781186543,0.));
#7935=DIRECTION('',(0.,0.,1.));
#7936=DIRECTION('center_axis',(0.,0.,1.));
#7937=DIRECTION('ref_axis',(1.,0.,0.));
#7938=DIRECTION('',(0.,1.,0.));
#7939=DIRECTION('center_axis',(0.,0.,-1.));
#7940=DIRECTION('ref_axis',(0.707106781186548,-0.707106781186548,0.));
#7941=DIRECTION('',(1.,0.,0.));
#7942=DIRECTION('',(0.,-1.,0.));
#7943=DIRECTION('',(-1.,0.,0.));
#7944=DIRECTION('center_axis',(1.,0.,0.));
#7945=DIRECTION('ref_axis',(0.,1.,0.));
#7946=DIRECTION('',(0.,1.,0.));
#7947=DIRECTION('',(0.,0.,-1.));
#7948=DIRECTION('center_axis',(0.,0.,-1.));
#7949=DIRECTION('ref_axis',(0.707106781186549,0.707106781186546,0.));
#7950=DIRECTION('center_axis',(0.,0.,1.));
#7951=DIRECTION('ref_axis',(0.707106781186549,0.707106781186546,0.));
#7952=DIRECTION('',(0.,0.,-1.));
#7953=DIRECTION('center_axis',(0.,0.,-1.));
#7954=DIRECTION('ref_axis',(0.707106781186549,0.707106781186546,0.));
#7955=DIRECTION('',(0.,0.,1.));
#7956=DIRECTION('center_axis',(0.,1.,0.));
#7957=DIRECTION('ref_axis',(1.,0.,0.));
#7958=DIRECTION('',(-1.,0.,0.));
#7959=DIRECTION('',(1.,0.,0.));
#7960=DIRECTION('center_axis',(0.,0.,1.));
#7961=DIRECTION('ref_axis',(0.707106781186549,0.707106781186546,0.));
#7962=DIRECTION('center_axis',(0.,0.,-1.));
#7963=DIRECTION('ref_axis',(0.707106781186549,0.707106781186546,0.));
#7964=DIRECTION('',(0.,0.,-1.));
#7965=DIRECTION('center_axis',(0.,0.,-1.));
#7966=DIRECTION('ref_axis',(0.707106781186549,0.707106781186546,0.));
#7967=DIRECTION('',(0.,0.,1.));
#7968=DIRECTION('center_axis',(0.,0.,1.));
#7969=DIRECTION('ref_axis',(1.,0.,0.));
#7970=DIRECTION('',(0.,1.,0.));
#7971=DIRECTION('center_axis',(0.,0.,-1.));
#7972=DIRECTION('ref_axis',(0.707106781186548,-0.707106781186548,0.));
#7973=DIRECTION('',(1.,0.,0.));
#7974=DIRECTION('',(0.,-1.,0.));
#7975=DIRECTION('',(-1.,0.,0.));
#7976=DIRECTION('center_axis',(1.,0.,0.));
#7977=DIRECTION('ref_axis',(0.,1.,0.));
#7978=DIRECTION('',(0.,1.,0.));
#7979=DIRECTION('',(0.,0.,-1.));
#7980=DIRECTION('center_axis',(0.,0.,-1.));
#7981=DIRECTION('ref_axis',(0.707106781186549,0.707106781186546,0.));
#7982=DIRECTION('center_axis',(0.,0.,1.));
#7983=DIRECTION('ref_axis',(0.707106781186549,0.707106781186546,0.));
#7984=DIRECTION('',(0.,0.,-1.));
#7985=DIRECTION('center_axis',(0.,0.,-1.));
#7986=DIRECTION('ref_axis',(0.707106781186549,0.707106781186546,0.));
#7987=DIRECTION('',(0.,0.,1.));
#7988=DIRECTION('center_axis',(0.,1.,0.));
#7989=DIRECTION('ref_axis',(1.,0.,0.));
#7990=DIRECTION('',(-1.,0.,0.));
#7991=DIRECTION('',(1.,0.,0.));
#7992=DIRECTION('center_axis',(0.,0.,1.));
#7993=DIRECTION('ref_axis',(0.707106781186549,0.707106781186546,0.));
#7994=DIRECTION('center_axis',(0.,0.,-1.));
#7995=DIRECTION('ref_axis',(0.707106781186549,0.707106781186546,0.));
#7996=DIRECTION('',(0.,0.,-1.));
#7997=DIRECTION('center_axis',(0.,0.,-1.));
#7998=DIRECTION('ref_axis',(0.707106781186549,0.707106781186546,0.));
#7999=DIRECTION('',(0.,0.,1.));
#8000=DIRECTION('center_axis',(0.,1.,0.));
#8001=DIRECTION('ref_axis',(-1.,0.,0.));
#8002=DIRECTION('',(-1.,0.,0.));
#8003=DIRECTION('',(0.,0.,1.));
#8004=DIRECTION('',(-1.,0.,0.));
#8005=DIRECTION('center_axis',(0.,0.,-1.));
#8006=DIRECTION('ref_axis',(0.707106781186548,0.707106781186548,0.));
#8007=DIRECTION('center_axis',(0.,0.,1.));
#8008=DIRECTION('ref_axis',(0.707106781186548,0.707106781186548,0.));
#8009=DIRECTION('',(0.,0.,-1.));
#8010=DIRECTION('center_axis',(0.,0.,-1.));
#8011=DIRECTION('ref_axis',(0.707106781186548,0.707106781186548,0.));
#8012=DIRECTION('',(0.,0.,1.));
#8013=DIRECTION('center_axis',(-1.26882631385732E-15,1.,0.));
#8014=DIRECTION('ref_axis',(1.,1.26882631385732E-15,0.));
#8015=DIRECTION('',(-1.,-1.26882631385732E-15,0.));
#8016=DIRECTION('',(1.,1.26882631385732E-15,0.));
#8017=DIRECTION('center_axis',(0.,0.,1.));
#8018=DIRECTION('ref_axis',(0.707106781186552,0.707106781186543,0.));
#8019=DIRECTION('center_axis',(0.,0.,-1.));
#8020=DIRECTION('ref_axis',(0.707106781186552,0.707106781186543,0.));
#8021=DIRECTION('',(0.,0.,-1.));
#8022=DIRECTION('center_axis',(0.,0.,-1.));
#8023=DIRECTION('ref_axis',(0.707106781186552,0.707106781186543,0.));
#8024=DIRECTION('',(0.,0.,1.));
#8025=DIRECTION('center_axis',(0.,0.,1.));
#8026=DIRECTION('ref_axis',(1.,0.,0.));
#8027=DIRECTION('',(-8.97149918889016E-16,1.,0.));
#8028=DIRECTION('center_axis',(0.,0.,-1.));
#8029=DIRECTION('ref_axis',(0.707106781186548,-0.707106781186548,0.));
#8030=DIRECTION('',(1.,0.,0.));
#8031=DIRECTION('',(0.,-1.,0.));
#8032=DIRECTION('',(-1.,0.,0.));
#8033=DIRECTION('center_axis',(1.,8.97149918889016E-16,0.));
#8034=DIRECTION('ref_axis',(-8.97149918889016E-16,1.,0.));
#8035=DIRECTION('',(-8.97149918889016E-16,1.,0.));
#8036=DIRECTION('',(0.,0.,-1.));
#8037=DIRECTION('center_axis',(0.,0.,-1.));
#8038=DIRECTION('ref_axis',(0.707106781186548,0.707106781186548,0.));
#8039=DIRECTION('center_axis',(0.,0.,1.));
#8040=DIRECTION('ref_axis',(0.707106781186548,0.707106781186548,0.));
#8041=DIRECTION('',(0.,0.,-1.));
#8042=DIRECTION('center_axis',(0.,0.,-1.));
#8043=DIRECTION('ref_axis',(0.707106781186548,0.707106781186548,0.));
#8044=DIRECTION('',(0.,0.,1.));
#8045=DIRECTION('center_axis',(0.,1.,0.));
#8046=DIRECTION('ref_axis',(1.,0.,0.));
#8047=DIRECTION('',(-1.,0.,0.));
#8048=DIRECTION('',(1.,0.,0.));
#8049=DIRECTION('center_axis',(0.,0.,1.));
#8050=DIRECTION('ref_axis',(0.707106781186548,0.707106781186548,0.));
#8051=DIRECTION('center_axis',(0.,0.,-1.));
#8052=DIRECTION('ref_axis',(0.707106781186548,0.707106781186548,0.));
#8053=DIRECTION('',(0.,0.,-1.));
#8054=DIRECTION('center_axis',(0.,0.,-1.));
#8055=DIRECTION('ref_axis',(0.707106781186548,0.707106781186548,0.));
#8056=DIRECTION('',(0.,0.,1.));
#8057=DIRECTION('center_axis',(0.,0.,1.));
#8058=DIRECTION('ref_axis',(1.,0.,0.));
#8059=DIRECTION('',(0.,1.,0.));
#8060=DIRECTION('center_axis',(0.,0.,-1.));
#8061=DIRECTION('ref_axis',(0.707106781186548,-0.707106781186548,0.));
#8062=DIRECTION('',(1.,0.,0.));
#8063=DIRECTION('',(0.,-1.,0.));
#8064=DIRECTION('',(-1.,0.,0.));
#8065=DIRECTION('center_axis',(1.,0.,0.));
#8066=DIRECTION('ref_axis',(0.,1.,0.));
#8067=DIRECTION('',(0.,1.,0.));
#8068=DIRECTION('',(0.,0.,-1.));
#8069=DIRECTION('center_axis',(0.,0.,-1.));
#8070=DIRECTION('ref_axis',(0.707106781186548,0.707106781186548,0.));
#8071=DIRECTION('center_axis',(0.,0.,1.));
#8072=DIRECTION('ref_axis',(0.707106781186548,0.707106781186548,0.));
#8073=DIRECTION('',(0.,0.,-1.));
#8074=DIRECTION('center_axis',(0.,0.,-1.));
#8075=DIRECTION('ref_axis',(0.707106781186548,0.707106781186548,0.));
#8076=DIRECTION('',(0.,0.,1.));
#8077=DIRECTION('center_axis',(6.3441315692866E-16,1.,0.));
#8078=DIRECTION('ref_axis',(1.,-6.3441315692866E-16,0.));
#8079=DIRECTION('',(-1.,6.3441315692866E-16,0.));
#8080=DIRECTION('',(1.,-6.3441315692866E-16,0.));
#8081=DIRECTION('center_axis',(0.,0.,1.));
#8082=DIRECTION('ref_axis',(0.707106781186548,0.707106781186548,0.));
#8083=DIRECTION('center_axis',(0.,0.,-1.));
#8084=DIRECTION('ref_axis',(0.707106781186548,0.707106781186548,0.));
#8085=DIRECTION('',(0.,0.,-1.));
#8086=DIRECTION('center_axis',(0.,0.,-1.));
#8087=DIRECTION('ref_axis',(0.707106781186548,0.707106781186548,0.));
#8088=DIRECTION('',(0.,0.,1.));
#8089=DIRECTION('center_axis',(0.,0.,1.));
#8090=DIRECTION('ref_axis',(1.,0.,0.));
#8091=DIRECTION('',(0.,1.,0.));
#8092=DIRECTION('center_axis',(0.,0.,-1.));
#8093=DIRECTION('ref_axis',(0.707106781186548,-0.707106781186548,0.));
#8094=DIRECTION('',(1.,-5.55111512312579E-16,0.));
#8095=DIRECTION('',(-2.53765262771464E-15,-1.,0.));
#8096=DIRECTION('',(-1.,0.,0.));
#8097=DIRECTION('center_axis',(1.,0.,0.));
#8098=DIRECTION('ref_axis',(0.,1.,0.));
#8099=DIRECTION('',(0.,1.,0.));
#8100=DIRECTION('',(0.,0.,-1.));
#8101=DIRECTION('center_axis',(0.,0.,-1.));
#8102=DIRECTION('ref_axis',(0.707106781186548,0.707106781186548,0.));
#8103=DIRECTION('center_axis',(0.,0.,1.));
#8104=DIRECTION('ref_axis',(0.707106781186548,0.707106781186548,0.));
#8105=DIRECTION('',(0.,0.,-1.));
#8106=DIRECTION('center_axis',(0.,0.,-1.));
#8107=DIRECTION('ref_axis',(0.707106781186548,0.707106781186548,0.));
#8108=DIRECTION('',(0.,0.,1.));
#8109=DIRECTION('center_axis',(0.,1.,0.));
#8110=DIRECTION('ref_axis',(1.,0.,0.));
#8111=DIRECTION('',(-1.,0.,0.));
#8112=DIRECTION('',(1.,0.,0.));
#8113=DIRECTION('center_axis',(0.,0.,1.));
#8114=DIRECTION('ref_axis',(0.707106781186548,0.707106781186548,0.));
#8115=DIRECTION('center_axis',(0.,0.,-1.));
#8116=DIRECTION('ref_axis',(0.707106781186548,0.707106781186548,0.));
#8117=DIRECTION('',(0.,0.,-1.));
#8118=DIRECTION('center_axis',(0.,0.,-1.));
#8119=DIRECTION('ref_axis',(0.707106781186548,0.707106781186548,0.));
#8120=DIRECTION('',(0.,0.,1.));
#8121=DIRECTION('center_axis',(0.,0.,1.));
#8122=DIRECTION('ref_axis',(1.,0.,0.));
#8123=DIRECTION('',(0.,1.,0.));
#8124=DIRECTION('center_axis',(0.,0.,-1.));
#8125=DIRECTION('ref_axis',(0.707106781186548,-0.707106781186548,0.));
#8126=DIRECTION('',(1.,0.,0.));
#8127=DIRECTION('',(1.26882631385732E-15,-1.,0.));
#8128=DIRECTION('',(-1.,0.,0.));
#8129=DIRECTION('center_axis',(1.,0.,0.));
#8130=DIRECTION('ref_axis',(0.,1.,0.));
#8131=DIRECTION('',(0.,1.,0.));
#8132=DIRECTION('',(0.,0.,-1.));
#8133=DIRECTION('center_axis',(0.,0.,-1.));
#8134=DIRECTION('ref_axis',(0.707106781186552,0.707106781186543,0.));
#8135=DIRECTION('center_axis',(0.,0.,1.));
#8136=DIRECTION('ref_axis',(0.707106781186552,0.707106781186543,0.));
#8137=DIRECTION('',(0.,0.,-1.));
#8138=DIRECTION('center_axis',(0.,0.,-1.));
#8139=DIRECTION('ref_axis',(0.707106781186552,0.707106781186543,0.));
#8140=DIRECTION('',(0.,0.,1.));
#8141=DIRECTION('center_axis',(-3.17206578464331E-16,1.,0.));
#8142=DIRECTION('ref_axis',(1.,3.17206578464331E-16,0.));
#8143=DIRECTION('',(-1.,-3.17206578464331E-16,0.));
#8144=DIRECTION('',(1.,3.17206578464331E-16,0.));
#8145=DIRECTION('center_axis',(0.,0.,1.));
#8146=DIRECTION('ref_axis',(0.707106781186552,0.707106781186543,0.));
#8147=DIRECTION('center_axis',(0.,0.,-1.));
#8148=DIRECTION('ref_axis',(0.707106781186552,0.707106781186543,0.));
#8149=DIRECTION('',(0.,0.,-1.));
#8150=DIRECTION('center_axis',(0.,0.,-1.));
#8151=DIRECTION('ref_axis',(0.707106781186552,0.707106781186543,0.));
#8152=DIRECTION('',(0.,0.,1.));
#8153=DIRECTION('center_axis',(1.,-8.97149918889016E-16,0.));
#8154=DIRECTION('ref_axis',(8.97149918889016E-16,1.,0.));
#8155=DIRECTION('',(8.97149918889016E-16,1.,0.));
#8156=DIRECTION('',(0.,0.,1.));
#8157=DIRECTION('',(8.97149918889016E-16,1.,0.));
#8158=DIRECTION('center_axis',(0.,0.,1.));
#8159=DIRECTION('ref_axis',(0.707106781186549,0.707106781186546,0.));
#8160=DIRECTION('center_axis',(0.,0.,-1.));
#8161=DIRECTION('ref_axis',(0.707106781186549,0.707106781186546,0.));
#8162=DIRECTION('',(0.,0.,-1.));
#8163=DIRECTION('center_axis',(0.,0.,-1.));
#8164=DIRECTION('ref_axis',(0.707106781186549,0.707106781186546,0.));
#8165=DIRECTION('',(0.,0.,1.));
#8166=DIRECTION('center_axis',(0.,0.,1.));
#8167=DIRECTION('ref_axis',(1.,0.,0.));
#8168=DIRECTION('',(0.,1.,0.));
#8169=DIRECTION('center_axis',(0.,0.,-1.));
#8170=DIRECTION('ref_axis',(0.707106781186548,-0.707106781186548,0.));
#8171=DIRECTION('',(1.,0.,0.));
#8172=DIRECTION('',(0.,-1.,0.));
#8173=DIRECTION('',(-1.,3.12250225675825E-16,0.));
#8174=DIRECTION('center_axis',(1.,0.,0.));
#8175=DIRECTION('ref_axis',(0.,1.,0.));
#8176=DIRECTION('',(0.,1.,0.));
#8177=DIRECTION('',(0.,0.,-1.));
#8178=DIRECTION('center_axis',(0.,0.,-1.));
#8179=DIRECTION('ref_axis',(0.707106781186549,0.707106781186546,0.));
#8180=DIRECTION('center_axis',(0.,0.,1.));
#8181=DIRECTION('ref_axis',(0.707106781186549,0.707106781186546,0.));
#8182=DIRECTION('',(0.,0.,-1.));
#8183=DIRECTION('center_axis',(0.,0.,-1.));
#8184=DIRECTION('ref_axis',(0.707106781186549,0.707106781186546,0.));
#8185=DIRECTION('',(0.,0.,1.));
#8186=DIRECTION('center_axis',(0.,1.,0.));
#8187=DIRECTION('ref_axis',(1.,0.,0.));
#8188=DIRECTION('',(-1.,0.,0.));
#8189=DIRECTION('',(1.,0.,0.));
#8190=DIRECTION('center_axis',(0.,0.,-1.));
#8191=DIRECTION('ref_axis',(0.707106781186547,0.707106781186548,0.));
#8192=DIRECTION('center_axis',(0.,0.,1.));
#8193=DIRECTION('ref_axis',(0.707106781186547,0.707106781186548,0.));
#8194=DIRECTION('',(0.,0.,-1.));
#8195=DIRECTION('center_axis',(0.,0.,-1.));
#8196=DIRECTION('ref_axis',(0.707106781186547,0.707106781186548,0.));
#8197=DIRECTION('',(0.,0.,1.));
#8198=DIRECTION('center_axis',(0.,1.,0.));
#8199=DIRECTION('ref_axis',(1.,0.,0.));
#8200=DIRECTION('',(-1.,0.,0.));
#8201=DIRECTION('',(1.,0.,0.));
#8202=DIRECTION('center_axis',(0.,0.,1.));
#8203=DIRECTION('ref_axis',(0.707106781186548,0.707106781186548,0.));
#8204=DIRECTION('center_axis',(0.,0.,-1.));
#8205=DIRECTION('ref_axis',(0.707106781186548,0.707106781186548,0.));
#8206=DIRECTION('',(0.,0.,-1.));
#8207=DIRECTION('center_axis',(0.,0.,-1.));
#8208=DIRECTION('ref_axis',(0.707106781186548,0.707106781186548,0.));
#8209=DIRECTION('',(0.,0.,1.));
#8210=DIRECTION('center_axis',(0.,0.,1.));
#8211=DIRECTION('ref_axis',(1.,0.,0.));
#8212=DIRECTION('',(0.,1.,0.));
#8213=DIRECTION('center_axis',(0.,0.,-1.));
#8214=DIRECTION('ref_axis',(0.707106781186545,-0.70710678118655,0.));
#8215=DIRECTION('',(1.,0.,0.));
#8216=DIRECTION('',(0.,-1.,0.));
#8217=DIRECTION('',(-1.,-1.73472347597681E-16,0.));
#8218=DIRECTION('center_axis',(1.,0.,0.));
#8219=DIRECTION('ref_axis',(0.,1.,0.));
#8220=DIRECTION('',(0.,1.,0.));
#8221=DIRECTION('',(0.,0.,-1.));
#8222=DIRECTION('center_axis',(0.,0.,-1.));
#8223=DIRECTION('ref_axis',(0.707106781186548,0.707106781186548,0.));
#8224=DIRECTION('center_axis',(0.,0.,1.));
#8225=DIRECTION('ref_axis',(0.707106781186548,0.707106781186548,0.));
#8226=DIRECTION('',(0.,0.,-1.));
#8227=DIRECTION('center_axis',(0.,0.,-1.));
#8228=DIRECTION('ref_axis',(0.707106781186548,0.707106781186548,0.));
#8229=DIRECTION('',(0.,0.,1.));
#8230=DIRECTION('center_axis',(-3.1720657846433E-16,1.,0.));
#8231=DIRECTION('ref_axis',(1.,3.1720657846433E-16,0.));
#8232=DIRECTION('',(-1.,-3.1720657846433E-16,0.));
#8233=DIRECTION('',(1.,3.1720657846433E-16,0.));
#8234=DIRECTION('center_axis',(0.,0.,1.));
#8235=DIRECTION('ref_axis',(0.707106781186548,0.707106781186548,0.));
#8236=DIRECTION('center_axis',(0.,0.,-1.));
#8237=DIRECTION('ref_axis',(0.707106781186548,0.707106781186548,0.));
#8238=DIRECTION('',(0.,0.,-1.));
#8239=DIRECTION('center_axis',(0.,0.,-1.));
#8240=DIRECTION('ref_axis',(0.707106781186548,0.707106781186548,0.));
#8241=DIRECTION('',(0.,0.,1.));
#8242=DIRECTION('center_axis',(0.,0.,1.));
#8243=DIRECTION('ref_axis',(1.,0.,0.));
#8244=DIRECTION('',(0.,1.,0.));
#8245=DIRECTION('center_axis',(0.,0.,-1.));
#8246=DIRECTION('ref_axis',(0.707106781186543,-0.707106781186552,0.));
#8247=DIRECTION('',(1.,0.,0.));
#8248=DIRECTION('',(3.1720657846433E-16,-1.,0.));
#8249=DIRECTION('',(-1.,0.,0.));
#8250=DIRECTION('center_axis',(1.,0.,0.));
#8251=DIRECTION('ref_axis',(0.,1.,0.));
#8252=DIRECTION('',(0.,1.,0.));
#8253=DIRECTION('',(0.,0.,-1.));
#8254=DIRECTION('center_axis',(0.,0.,-1.));
#8255=DIRECTION('ref_axis',(0.707106781186545,0.70710678118655,0.));
#8256=DIRECTION('center_axis',(0.,0.,1.));
#8257=DIRECTION('ref_axis',(0.707106781186545,0.70710678118655,0.));
#8258=DIRECTION('',(0.,0.,-1.));
#8259=DIRECTION('center_axis',(0.,0.,-1.));
#8260=DIRECTION('ref_axis',(0.707106781186545,0.70710678118655,0.));
#8261=DIRECTION('',(0.,0.,1.));
#8262=DIRECTION('center_axis',(0.,1.,0.));
#8263=DIRECTION('ref_axis',(1.,0.,0.));
#8264=DIRECTION('',(-1.,0.,0.));
#8265=DIRECTION('',(1.,0.,0.));
#8266=DIRECTION('center_axis',(0.,0.,1.));
#8267=DIRECTION('ref_axis',(0.707106781186545,0.70710678118655,0.));
#8268=DIRECTION('center_axis',(0.,0.,-1.));
#8269=DIRECTION('ref_axis',(0.707106781186545,0.70710678118655,0.));
#8270=DIRECTION('',(0.,0.,-1.));
#8271=DIRECTION('center_axis',(0.,0.,-1.));
#8272=DIRECTION('ref_axis',(0.707106781186545,0.70710678118655,0.));
#8273=DIRECTION('',(0.,0.,1.));
#8274=DIRECTION('center_axis',(0.,0.,1.));
#8275=DIRECTION('ref_axis',(1.,0.,0.));
#8276=DIRECTION('',(0.,1.,0.));
#8277=DIRECTION('center_axis',(0.,0.,-1.));
#8278=DIRECTION('ref_axis',(0.707106781186545,-0.70710678118655,0.));
#8279=DIRECTION('',(1.,0.,0.));
#8280=DIRECTION('',(0.,-1.,0.));
#8281=DIRECTION('',(-1.,0.,0.));
#8282=DIRECTION('center_axis',(1.,0.,0.));
#8283=DIRECTION('ref_axis',(0.,1.,0.));
#8284=DIRECTION('',(0.,1.,0.));
#8285=DIRECTION('',(0.,0.,-1.));
#8286=DIRECTION('center_axis',(0.,0.,1.));
#8287=DIRECTION('ref_axis',(0.707106781186548,-0.707106781186548,0.));
#8288=DIRECTION('center_axis',(0.,0.,-1.));
#8289=DIRECTION('ref_axis',(0.707106781186548,-0.707106781186548,0.));
#8290=DIRECTION('',(0.,0.,1.));
#8291=DIRECTION('center_axis',(0.,0.,-1.));
#8292=DIRECTION('ref_axis',(0.707106781186552,-0.707106781186543,0.));
#8293=DIRECTION('center_axis',(0.,0.,1.));
#8294=DIRECTION('ref_axis',(0.707106781186552,-0.707106781186543,0.));
#8295=DIRECTION('',(0.,0.,-1.));
#8296=DIRECTION('center_axis',(0.,0.,-1.));
#8297=DIRECTION('ref_axis',(0.707106781186552,-0.707106781186543,0.));
#8298=DIRECTION('',(0.,0.,1.));
#8299=DIRECTION('center_axis',(1.,0.,0.));
#8300=DIRECTION('ref_axis',(0.,-1.,0.));
#8301=DIRECTION('',(0.,1.,0.));
#8302=DIRECTION('',(0.,0.,1.));
#8303=DIRECTION('',(0.,0.,-1.));
#8304=DIRECTION('',(0.,1.,0.));
#8305=DIRECTION('',(0.,-1.,0.));
#8306=DIRECTION('center_axis',(0.,0.,1.));
#8307=DIRECTION('ref_axis',(0.707106781186548,-0.707106781186548,0.));
#8308=DIRECTION('center_axis',(0.,0.,-1.));
#8309=DIRECTION('ref_axis',(0.707106781186548,-0.707106781186548,0.));
#8310=DIRECTION('',(0.,0.,1.));
#8311=DIRECTION('center_axis',(0.,0.,-1.));
#8312=DIRECTION('ref_axis',(0.707106781186548,-0.707106781186548,0.));
#8313=DIRECTION('center_axis',(0.,0.,1.));
#8314=DIRECTION('ref_axis',(0.707106781186548,-0.707106781186548,0.));
#8315=DIRECTION('',(0.,0.,-1.));
#8316=DIRECTION('center_axis',(0.,0.,-1.));
#8317=DIRECTION('ref_axis',(0.707106781186548,-0.707106781186548,0.));
#8318=DIRECTION('',(0.,0.,1.));
#8319=DIRECTION('center_axis',(1.,0.,0.));
#8320=DIRECTION('ref_axis',(0.,-1.,0.));
#8321=DIRECTION('',(0.,1.,0.));
#8322=DIRECTION('',(0.,0.,1.));
#8323=DIRECTION('',(0.,0.,-1.));
#8324=DIRECTION('',(0.,1.,0.));
#8325=DIRECTION('',(0.,-1.,0.));
#8326=DIRECTION('center_axis',(0.,0.,1.));
#8327=DIRECTION('ref_axis',(0.707106781186548,-0.707106781186548,0.));
#8328=DIRECTION('center_axis',(0.,0.,-1.));
#8329=DIRECTION('ref_axis',(0.707106781186548,-0.707106781186548,0.));
#8330=DIRECTION('',(0.,0.,1.));
#8331=DIRECTION('center_axis',(0.,0.,-1.));
#8332=DIRECTION('ref_axis',(0.707106781186548,-0.707106781186548,0.));
#8333=DIRECTION('center_axis',(0.,0.,1.));
#8334=DIRECTION('ref_axis',(0.707106781186548,-0.707106781186548,0.));
#8335=DIRECTION('',(0.,0.,-1.));
#8336=DIRECTION('center_axis',(0.,0.,-1.));
#8337=DIRECTION('ref_axis',(0.707106781186548,-0.707106781186548,0.));
#8338=DIRECTION('',(0.,0.,1.));
#8339=DIRECTION('center_axis',(1.,-2.53765262771464E-15,0.));
#8340=DIRECTION('ref_axis',(-2.53765262771464E-15,-1.,0.));
#8341=DIRECTION('',(2.53765262771464E-15,1.,0.));
#8342=DIRECTION('',(0.,0.,1.));
#8343=DIRECTION('',(0.,0.,-1.));
#8344=DIRECTION('',(2.53765262771464E-15,1.,0.));
#8345=DIRECTION('',(-2.53765262771464E-15,-1.,0.));
#8346=DIRECTION('center_axis',(0.,0.,1.));
#8347=DIRECTION('ref_axis',(0.707106781186545,-0.70710678118655,0.));
#8348=DIRECTION('center_axis',(0.,0.,-1.));
#8349=DIRECTION('ref_axis',(0.707106781186545,-0.70710678118655,0.));
#8350=DIRECTION('',(0.,0.,1.));
#8351=DIRECTION('center_axis',(0.,0.,-1.));
#8352=DIRECTION('ref_axis',(0.707106781186545,-0.70710678118655,0.));
#8353=DIRECTION('center_axis',(0.,0.,1.));
#8354=DIRECTION('ref_axis',(0.707106781186545,-0.70710678118655,0.));
#8355=DIRECTION('',(0.,0.,-1.));
#8356=DIRECTION('center_axis',(0.,0.,-1.));
#8357=DIRECTION('ref_axis',(0.707106781186545,-0.70710678118655,0.));
#8358=DIRECTION('',(0.,0.,1.));
#8359=DIRECTION('center_axis',(1.,0.,0.));
#8360=DIRECTION('ref_axis',(0.,-1.,0.));
#8361=DIRECTION('',(0.,1.,0.));
#8362=DIRECTION('',(0.,0.,1.));
#8363=DIRECTION('',(0.,0.,-1.));
#8364=DIRECTION('',(0.,1.,0.));
#8365=DIRECTION('',(0.,-1.,0.));
#8366=DIRECTION('center_axis',(0.,0.,1.));
#8367=DIRECTION('ref_axis',(0.707106781186543,-0.707106781186552,0.));
#8368=DIRECTION('center_axis',(0.,0.,-1.));
#8369=DIRECTION('ref_axis',(0.707106781186543,-0.707106781186552,0.));
#8370=DIRECTION('',(0.,0.,-1.));
#8371=DIRECTION('center_axis',(0.,0.,-1.));
#8372=DIRECTION('ref_axis',(0.707106781186543,-0.707106781186552,0.));
#8373=DIRECTION('',(0.,0.,1.));
#8374=DIRECTION('center_axis',(1.,0.,0.));
#8375=DIRECTION('ref_axis',(0.,1.,0.));
#8376=DIRECTION('',(0.,1.,0.));
#8377=DIRECTION('',(0.,0.,1.));
#8378=DIRECTION('',(0.,1.,0.));
#8379=DIRECTION('center_axis',(0.,0.,-1.));
#8380=DIRECTION('ref_axis',(0.707106781186543,-0.707106781186552,0.));
#8381=DIRECTION('center_axis',(0.,0.,1.));
#8382=DIRECTION('ref_axis',(0.707106781186543,-0.707106781186552,0.));
#8383=DIRECTION('',(0.,0.,-1.));
#8384=DIRECTION('center_axis',(0.,0.,-1.));
#8385=DIRECTION('ref_axis',(0.707106781186543,-0.707106781186552,0.));
#8386=DIRECTION('',(0.,0.,1.));
#8387=DIRECTION('center_axis',(1.,6.3441315692866E-16,0.));
#8388=DIRECTION('ref_axis',(6.3441315692866E-16,-1.,0.));
#8389=DIRECTION('',(6.3441315692866E-16,-1.,0.));
#8390=DIRECTION('',(0.,0.,-1.));
#8391=DIRECTION('',(-6.3441315692866E-16,1.,0.));
#8392=DIRECTION('',(0.,0.,1.));
#8393=DIRECTION('',(6.3441315692866E-16,-1.,0.));
#8394=DIRECTION('',(0.,0.,-1.));
#8395=DIRECTION('',(-6.3441315692866E-16,1.,0.));
#8396=DIRECTION('center_axis',(0.,0.,1.));
#8397=DIRECTION('ref_axis',(0.707106781186548,-0.707106781186548,0.));
#8398=DIRECTION('center_axis',(0.,0.,-1.));
#8399=DIRECTION('ref_axis',(0.707106781186548,-0.707106781186548,0.));
#8400=DIRECTION('',(0.,0.,1.));
#8401=DIRECTION('center_axis',(0.,0.,-1.));
#8402=DIRECTION('ref_axis',(0.707106781186548,-0.707106781186548,0.));
#8403=DIRECTION('center_axis',(0.,0.,1.));
#8404=DIRECTION('ref_axis',(0.707106781186548,-0.707106781186548,0.));
#8405=DIRECTION('',(0.,0.,-1.));
#8406=DIRECTION('center_axis',(0.,0.,-1.));
#8407=DIRECTION('ref_axis',(0.707106781186548,-0.707106781186548,0.));
#8408=DIRECTION('',(0.,0.,1.));
#8409=DIRECTION('center_axis',(1.,1.26882631385732E-15,0.));
#8410=DIRECTION('ref_axis',(1.26882631385732E-15,-1.,0.));
#8411=DIRECTION('',(-1.26882631385732E-15,1.,0.));
#8412=DIRECTION('',(0.,0.,1.));
#8413=DIRECTION('',(0.,0.,-1.));
#8414=DIRECTION('',(-1.26882631385732E-15,1.,0.));
#8415=DIRECTION('',(1.26882631385732E-15,-1.,0.));
#8416=DIRECTION('center_axis',(0.,0.,1.));
#8417=DIRECTION('ref_axis',(0.707106781186548,-0.707106781186548,0.));
#8418=DIRECTION('center_axis',(0.,0.,-1.));
#8419=DIRECTION('ref_axis',(0.707106781186548,-0.707106781186548,0.));
#8420=DIRECTION('',(0.,0.,1.));
#8421=DIRECTION('center_axis',(0.,0.,-1.));
#8422=DIRECTION('ref_axis',(0.707106781186548,-0.707106781186548,0.));
#8423=DIRECTION('center_axis',(0.,0.,1.));
#8424=DIRECTION('ref_axis',(0.707106781186548,-0.707106781186548,0.));
#8425=DIRECTION('',(0.,0.,-1.));
#8426=DIRECTION('center_axis',(0.,0.,-1.));
#8427=DIRECTION('ref_axis',(0.707106781186548,-0.707106781186548,0.));
#8428=DIRECTION('',(0.,0.,1.));
#8429=DIRECTION('center_axis',(1.,0.,0.));
#8430=DIRECTION('ref_axis',(0.,-1.,0.));
#8431=DIRECTION('',(0.,1.,0.));
#8432=DIRECTION('',(0.,0.,1.));
#8433=DIRECTION('',(0.,0.,-1.));
#8434=DIRECTION('',(0.,1.,0.));
#8435=DIRECTION('',(0.,-1.,0.));
#8436=DIRECTION('center_axis',(0.,0.,1.));
#8437=DIRECTION('ref_axis',(0.707106781186548,-0.707106781186548,0.));
#8438=DIRECTION('center_axis',(0.,0.,-1.));
#8439=DIRECTION('ref_axis',(0.707106781186548,-0.707106781186548,0.));
#8440=DIRECTION('',(0.,0.,1.));
#8441=DIRECTION('center_axis',(0.,0.,-1.));
#8442=DIRECTION('ref_axis',(0.707106781186548,-0.707106781186548,0.));
#8443=DIRECTION('center_axis',(0.,0.,1.));
#8444=DIRECTION('ref_axis',(0.707106781186548,-0.707106781186548,0.));
#8445=DIRECTION('',(0.,0.,-1.));
#8446=DIRECTION('center_axis',(0.,0.,-1.));
#8447=DIRECTION('ref_axis',(0.707106781186548,-0.707106781186548,0.));
#8448=DIRECTION('',(0.,0.,1.));
#8449=DIRECTION('center_axis',(1.,0.,0.));
#8450=DIRECTION('ref_axis',(0.,-1.,0.));
#8451=DIRECTION('',(0.,1.,0.));
#8452=DIRECTION('',(0.,0.,1.));
#8453=DIRECTION('',(0.,0.,-1.));
#8454=DIRECTION('',(0.,1.,0.));
#8455=DIRECTION('',(0.,-1.,0.));
#8456=DIRECTION('center_axis',(0.,0.,1.));
#8457=DIRECTION('ref_axis',(0.707106781186548,-0.707106781186548,0.));
#8458=DIRECTION('center_axis',(0.,0.,-1.));
#8459=DIRECTION('ref_axis',(0.707106781186548,-0.707106781186548,0.));
#8460=DIRECTION('',(0.,0.,1.));
#8461=DIRECTION('center_axis',(0.,0.,-1.));
#8462=DIRECTION('ref_axis',(0.707106781186548,-0.707106781186548,0.));
#8463=DIRECTION('center_axis',(0.,0.,1.));
#8464=DIRECTION('ref_axis',(0.707106781186548,-0.707106781186548,0.));
#8465=DIRECTION('',(0.,0.,-1.));
#8466=DIRECTION('center_axis',(0.,0.,-1.));
#8467=DIRECTION('ref_axis',(0.707106781186548,-0.707106781186548,0.));
#8468=DIRECTION('',(0.,0.,1.));
#8469=DIRECTION('center_axis',(1.,0.,0.));
#8470=DIRECTION('ref_axis',(0.,-1.,0.));
#8471=DIRECTION('',(0.,1.,0.));
#8472=DIRECTION('',(0.,0.,1.));
#8473=DIRECTION('',(0.,0.,-1.));
#8474=DIRECTION('',(0.,1.,0.));
#8475=DIRECTION('',(0.,-1.,0.));
#8476=DIRECTION('center_axis',(0.,0.,1.));
#8477=DIRECTION('ref_axis',(0.707106781186548,-0.707106781186548,0.));
#8478=DIRECTION('center_axis',(0.,0.,-1.));
#8479=DIRECTION('ref_axis',(0.707106781186548,-0.707106781186548,0.));
#8480=DIRECTION('',(0.,0.,1.));
#8481=DIRECTION('center_axis',(0.,0.,-1.));
#8482=DIRECTION('ref_axis',(0.707106781186548,-0.707106781186548,0.));
#8483=DIRECTION('center_axis',(0.,0.,1.));
#8484=DIRECTION('ref_axis',(0.707106781186548,-0.707106781186548,0.));
#8485=DIRECTION('',(0.,0.,-1.));
#8486=DIRECTION('center_axis',(0.,0.,-1.));
#8487=DIRECTION('ref_axis',(0.707106781186548,-0.707106781186548,0.));
#8488=DIRECTION('',(0.,0.,1.));
#8489=DIRECTION('center_axis',(1.,0.,0.));
#8490=DIRECTION('ref_axis',(0.,-1.,0.));
#8491=DIRECTION('',(0.,1.,0.));
#8492=DIRECTION('',(0.,0.,1.));
#8493=DIRECTION('',(0.,0.,-1.));
#8494=DIRECTION('',(0.,1.,0.));
#8495=DIRECTION('',(0.,-1.,0.));
#8496=DIRECTION('center_axis',(0.,0.,1.));
#8497=DIRECTION('ref_axis',(0.707106781186548,-0.707106781186548,0.));
#8498=DIRECTION('center_axis',(0.,0.,-1.));
#8499=DIRECTION('ref_axis',(0.707106781186548,-0.707106781186548,0.));
#8500=DIRECTION('',(0.,0.,1.));
#8501=DIRECTION('center_axis',(0.,0.,-1.));
#8502=DIRECTION('ref_axis',(0.707106781186548,-0.707106781186548,0.));
#8503=DIRECTION('center_axis',(0.,0.,1.));
#8504=DIRECTION('ref_axis',(0.707106781186548,-0.707106781186548,0.));
#8505=DIRECTION('',(0.,0.,-1.));
#8506=DIRECTION('center_axis',(0.,0.,-1.));
#8507=DIRECTION('ref_axis',(0.707106781186548,-0.707106781186548,0.));
#8508=DIRECTION('',(0.,0.,1.));
#8509=DIRECTION('center_axis',(1.,0.,0.));
#8510=DIRECTION('ref_axis',(0.,-1.,0.));
#8511=DIRECTION('',(0.,1.,0.));
#8512=DIRECTION('',(0.,0.,1.));
#8513=DIRECTION('',(0.,0.,-1.));
#8514=DIRECTION('',(0.,1.,0.));
#8515=DIRECTION('',(0.,-1.,0.));
#8516=DIRECTION('center_axis',(0.,0.,1.));
#8517=DIRECTION('ref_axis',(0.707106781186548,-0.707106781186548,0.));
#8518=DIRECTION('center_axis',(0.,0.,-1.));
#8519=DIRECTION('ref_axis',(0.707106781186548,-0.707106781186548,0.));
#8520=DIRECTION('',(0.,0.,-1.));
#8521=DIRECTION('center_axis',(0.,0.,-1.));
#8522=DIRECTION('ref_axis',(0.707106781186548,-0.707106781186548,0.));
#8523=DIRECTION('',(0.,0.,1.));
#8524=DIRECTION('center_axis',(0.,0.,1.));
#8525=DIRECTION('ref_axis',(1.,0.,0.));
#8526=DIRECTION('',(0.,1.,0.));
#8527=DIRECTION('',(1.,0.,0.));
#8528=DIRECTION('',(6.34413156928661E-16,-1.,0.));
#8529=DIRECTION('center_axis',(0.,-1.,0.));
#8530=DIRECTION('ref_axis',(1.,0.,0.));
#8531=DIRECTION('',(1.,0.,0.));
#8532=DIRECTION('',(0.,0.,-1.));
#8533=DIRECTION('center_axis',(0.,0.,-1.));
#8534=DIRECTION('ref_axis',(0.70710678118655,-0.707106781186545,0.));
#8535=DIRECTION('center_axis',(0.,0.,1.));
#8536=DIRECTION('ref_axis',(0.70710678118655,-0.707106781186545,0.));
#8537=DIRECTION('',(0.,0.,-1.));
#8538=DIRECTION('center_axis',(0.,0.,-1.));
#8539=DIRECTION('ref_axis',(0.70710678118655,-0.707106781186545,0.));
#8540=DIRECTION('',(0.,0.,1.));
#8541=DIRECTION('center_axis',(1.,6.34413156928661E-16,0.));
#8542=DIRECTION('ref_axis',(6.34413156928661E-16,-1.,0.));
#8543=DIRECTION('',(-6.34413156928661E-16,1.,0.));
#8544=DIRECTION('',(-6.34413156928661E-16,1.,0.));
#8545=DIRECTION('',(6.34413156928661E-16,-1.,0.));
#8546=DIRECTION('center_axis',(0.,0.,1.));
#8547=DIRECTION('ref_axis',(0.707106781186548,-0.707106781186548,0.));
#8548=DIRECTION('center_axis',(0.,0.,-1.));
#8549=DIRECTION('ref_axis',(0.707106781186548,-0.707106781186548,0.));
#8550=DIRECTION('',(0.,0.,1.));
#8551=DIRECTION('center_axis',(0.,-1.,0.));
#8552=DIRECTION('ref_axis',(1.,0.,0.));
#8553=DIRECTION('',(1.,0.,0.));
#8554=DIRECTION('',(0.,0.,-1.));
#8555=DIRECTION('center_axis',(0.,0.,-1.));
#8556=DIRECTION('ref_axis',(0.70710678118655,-0.707106781186545,0.));
#8557=DIRECTION('center_axis',(0.,0.,1.));
#8558=DIRECTION('ref_axis',(0.70710678118655,-0.707106781186545,0.));
#8559=DIRECTION('',(0.,0.,-1.));
#8560=DIRECTION('center_axis',(0.,0.,-1.));
#8561=DIRECTION('ref_axis',(0.70710678118655,-0.707106781186545,0.));
#8562=DIRECTION('',(0.,0.,1.));
#8563=DIRECTION('center_axis',(1.,0.,0.));
#8564=DIRECTION('ref_axis',(0.,-1.,0.));
#8565=DIRECTION('',(0.,1.,0.));
#8566=DIRECTION('',(0.,0.,1.));
#8567=DIRECTION('',(0.,1.,0.));
#8568=DIRECTION('',(0.,-1.,0.));
#8569=DIRECTION('center_axis',(0.,0.,1.));
#8570=DIRECTION('ref_axis',(0.707106781186543,-0.707106781186552,0.));
#8571=DIRECTION('center_axis',(0.,0.,-1.));
#8572=DIRECTION('ref_axis',(0.707106781186543,-0.707106781186552,0.));
#8573=DIRECTION('',(0.,0.,1.));
#8574=DIRECTION('center_axis',(0.,0.,-1.));
#8575=DIRECTION('ref_axis',(0.707106781186548,-0.707106781186548,0.));
#8576=DIRECTION('center_axis',(0.,0.,1.));
#8577=DIRECTION('ref_axis',(0.707106781186548,-0.707106781186548,0.));
#8578=DIRECTION('',(0.,0.,-1.));
#8579=DIRECTION('center_axis',(0.,0.,-1.));
#8580=DIRECTION('ref_axis',(0.707106781186548,-0.707106781186548,0.));
#8581=DIRECTION('',(0.,0.,1.));
#8582=DIRECTION('center_axis',(1.,3.1720657846433E-16,0.));
#8583=DIRECTION('ref_axis',(3.1720657846433E-16,-1.,0.));
#8584=DIRECTION('',(-3.1720657846433E-16,1.,0.));
#8585=DIRECTION('',(0.,0.,1.));
#8586=DIRECTION('',(0.,0.,-1.));
#8587=DIRECTION('',(-3.1720657846433E-16,1.,0.));
#8588=DIRECTION('',(3.1720657846433E-16,-1.,0.));
#8589=DIRECTION('center_axis',(0.,0.,1.));
#8590=DIRECTION('ref_axis',(0.707106781186545,-0.70710678118655,0.));
#8591=DIRECTION('center_axis',(0.,0.,-1.));
#8592=DIRECTION('ref_axis',(0.707106781186545,-0.70710678118655,0.));
#8593=DIRECTION('',(0.,0.,1.));
#8594=DIRECTION('center_axis',(0.,-1.,0.));
#8595=DIRECTION('ref_axis',(1.,0.,0.));
#8596=DIRECTION('',(1.,0.,0.));
#8597=DIRECTION('',(0.,0.,-1.));
#8598=DIRECTION('center_axis',(0.,0.,-1.));
#8599=DIRECTION('ref_axis',(0.707106781186548,-0.707106781186548,0.));
#8600=DIRECTION('center_axis',(0.,0.,1.));
#8601=DIRECTION('ref_axis',(0.707106781186548,-0.707106781186548,0.));
#8602=DIRECTION('',(0.,0.,-1.));
#8603=DIRECTION('center_axis',(0.,0.,-1.));
#8604=DIRECTION('ref_axis',(0.707106781186548,-0.707106781186548,0.));
#8605=DIRECTION('',(0.,0.,1.));
#8606=DIRECTION('center_axis',(1.,0.,0.));
#8607=DIRECTION('ref_axis',(0.,-1.,0.));
#8608=DIRECTION('',(0.,1.,0.));
#8609=DIRECTION('',(0.,0.,1.));
#8610=DIRECTION('',(0.,1.,0.));
#8611=DIRECTION('',(0.,-1.,0.));
#8612=DIRECTION('center_axis',(0.,0.,1.));
#8613=DIRECTION('ref_axis',(-0.707106781186548,-0.707106781186548,0.));
#8614=DIRECTION('',(0.,0.,-1.));
#8615=DIRECTION('center_axis',(0.,0.,-1.));
#8616=DIRECTION('ref_axis',(-0.707106781186548,-0.707106781186548,0.));
#8617=DIRECTION('',(0.,0.,1.));
#8618=DIRECTION('center_axis',(0.,-1.,0.));
#8619=DIRECTION('ref_axis',(1.,0.,0.));
#8620=DIRECTION('',(1.,0.,0.));
#8621=DIRECTION('center_axis',(0.,0.,-1.));
#8622=DIRECTION('ref_axis',(-0.707106781186548,-0.707106781186548,0.));
#8623=DIRECTION('center_axis',(0.,0.,1.));
#8624=DIRECTION('ref_axis',(-0.707106781186548,-0.707106781186548,0.));
#8625=DIRECTION('',(0.,0.,-1.));
#8626=DIRECTION('center_axis',(0.,0.,-1.));
#8627=DIRECTION('ref_axis',(-0.707106781186548,-0.707106781186548,0.));
#8628=DIRECTION('center_axis',(0.,-1.,0.));
#8629=DIRECTION('ref_axis',(-1.,0.,0.));
#8630=DIRECTION('',(1.,0.,0.));
#8631=DIRECTION('',(-1.,0.,0.));
#8632=DIRECTION('center_axis',(0.,0.,1.));
#8633=DIRECTION('ref_axis',(-0.707106781186548,-0.707106781186548,0.));
#8634=DIRECTION('',(0.,0.,-1.));
#8635=DIRECTION('center_axis',(0.,0.,-1.));
#8636=DIRECTION('ref_axis',(-0.707106781186548,-0.707106781186548,0.));
#8637=DIRECTION('',(0.,0.,1.));
#8638=DIRECTION('center_axis',(-5.55111512312579E-16,-1.,0.));
#8639=DIRECTION('ref_axis',(1.,-5.55111512312579E-16,0.));
#8640=DIRECTION('',(1.,-5.55111512312579E-16,0.));
#8641=DIRECTION('center_axis',(0.,0.,-1.));
#8642=DIRECTION('ref_axis',(-0.707106781186548,-0.707106781186548,0.));
#8643=DIRECTION('center_axis',(0.,0.,1.));
#8644=DIRECTION('ref_axis',(-0.707106781186548,-0.707106781186548,0.));
#8645=DIRECTION('',(0.,0.,-1.));
#8646=DIRECTION('center_axis',(0.,0.,-1.));
#8647=DIRECTION('ref_axis',(-0.707106781186548,-0.707106781186548,0.));
#8648=DIRECTION('center_axis',(-6.34413156928662E-16,-1.,0.));
#8649=DIRECTION('ref_axis',(-1.,6.34413156928662E-16,0.));
#8650=DIRECTION('',(1.,-6.34413156928662E-16,0.));
#8651=DIRECTION('',(-1.,6.34413156928662E-16,0.));
#8652=DIRECTION('center_axis',(0.,0.,1.));
#8653=DIRECTION('ref_axis',(-0.707106781186546,-0.707106781186549,0.));
#8654=DIRECTION('',(0.,0.,-1.));
#8655=DIRECTION('center_axis',(0.,0.,-1.));
#8656=DIRECTION('ref_axis',(-0.707106781186546,-0.707106781186549,0.));
#8657=DIRECTION('',(0.,0.,1.));
#8658=DIRECTION('center_axis',(0.,-1.,0.));
#8659=DIRECTION('ref_axis',(1.,0.,0.));
#8660=DIRECTION('',(1.,0.,0.));
#8661=DIRECTION('center_axis',(0.,0.,-1.));
#8662=DIRECTION('ref_axis',(-0.707106781186546,-0.707106781186549,0.));
#8663=DIRECTION('center_axis',(0.,0.,1.));
#8664=DIRECTION('ref_axis',(-0.707106781186546,-0.707106781186549,0.));
#8665=DIRECTION('',(0.,0.,-1.));
#8666=DIRECTION('center_axis',(0.,0.,-1.));
#8667=DIRECTION('ref_axis',(-0.707106781186546,-0.707106781186549,0.));
#8668=DIRECTION('center_axis',(1.26882631385732E-15,-1.,0.));
#8669=DIRECTION('ref_axis',(-1.,-1.26882631385732E-15,0.));
#8670=DIRECTION('',(1.,1.26882631385732E-15,0.));
#8671=DIRECTION('',(-1.,-1.26882631385732E-15,0.));
#8672=DIRECTION('center_axis',(0.,0.,1.));
#8673=DIRECTION('ref_axis',(-0.707106781186548,-0.707106781186548,0.));
#8674=DIRECTION('',(0.,0.,-1.));
#8675=DIRECTION('center_axis',(0.,0.,-1.));
#8676=DIRECTION('ref_axis',(-0.707106781186548,-0.707106781186548,0.));
#8677=DIRECTION('',(0.,0.,1.));
#8678=DIRECTION('center_axis',(0.,-1.,0.));
#8679=DIRECTION('ref_axis',(1.,0.,0.));
#8680=DIRECTION('',(1.,0.,0.));
#8681=DIRECTION('center_axis',(0.,0.,-1.));
#8682=DIRECTION('ref_axis',(-0.707106781186543,-0.707106781186552,0.));
#8683=DIRECTION('center_axis',(0.,0.,1.));
#8684=DIRECTION('ref_axis',(-0.707106781186543,-0.707106781186552,0.));
#8685=DIRECTION('',(0.,0.,-1.));
#8686=DIRECTION('center_axis',(0.,0.,-1.));
#8687=DIRECTION('ref_axis',(-0.707106781186543,-0.707106781186552,0.));
#8688=DIRECTION('center_axis',(-1.26882631385732E-15,-1.,0.));
#8689=DIRECTION('ref_axis',(-1.,1.26882631385732E-15,0.));
#8690=DIRECTION('',(1.,-1.26882631385732E-15,0.));
#8691=DIRECTION('',(-1.,1.26882631385732E-15,0.));
#8692=DIRECTION('center_axis',(0.,0.,1.));
#8693=DIRECTION('ref_axis',(-0.707106781186548,-0.707106781186548,0.));
#8694=DIRECTION('',(0.,0.,-1.));
#8695=DIRECTION('center_axis',(0.,0.,-1.));
#8696=DIRECTION('ref_axis',(-0.707106781186548,-0.707106781186548,0.));
#8697=DIRECTION('',(0.,0.,1.));
#8698=DIRECTION('center_axis',(0.,-1.,0.));
#8699=DIRECTION('ref_axis',(1.,0.,0.));
#8700=DIRECTION('',(1.,0.,0.));
#8701=DIRECTION('center_axis',(0.,0.,-1.));
#8702=DIRECTION('ref_axis',(-0.707106781186548,-0.707106781186548,0.));
#8703=DIRECTION('center_axis',(0.,0.,1.));
#8704=DIRECTION('ref_axis',(-0.707106781186548,-0.707106781186548,0.));
#8705=DIRECTION('',(0.,0.,-1.));
#8706=DIRECTION('center_axis',(0.,0.,-1.));
#8707=DIRECTION('ref_axis',(-0.707106781186548,-0.707106781186548,0.));
#8708=DIRECTION('center_axis',(-6.3441315692866E-16,-1.,0.));
#8709=DIRECTION('ref_axis',(-1.,6.3441315692866E-16,0.));
#8710=DIRECTION('',(1.,-6.3441315692866E-16,0.));
#8711=DIRECTION('',(-1.,6.3441315692866E-16,0.));
#8712=DIRECTION('center_axis',(0.,0.,1.));
#8713=DIRECTION('ref_axis',(-0.707106781186548,-0.707106781186548,0.));
#8714=DIRECTION('',(0.,0.,-1.));
#8715=DIRECTION('center_axis',(0.,0.,-1.));
#8716=DIRECTION('ref_axis',(-0.707106781186548,-0.707106781186548,0.));
#8717=DIRECTION('',(0.,0.,1.));
#8718=DIRECTION('center_axis',(0.,-1.,0.));
#8719=DIRECTION('ref_axis',(1.,0.,0.));
#8720=DIRECTION('',(1.,0.,0.));
#8721=DIRECTION('center_axis',(0.,0.,-1.));
#8722=DIRECTION('ref_axis',(-0.707106781186548,-0.707106781186548,0.));
#8723=DIRECTION('center_axis',(0.,0.,1.));
#8724=DIRECTION('ref_axis',(-0.707106781186548,-0.707106781186548,0.));
#8725=DIRECTION('',(0.,0.,-1.));
#8726=DIRECTION('center_axis',(0.,0.,-1.));
#8727=DIRECTION('ref_axis',(-0.707106781186548,-0.707106781186548,0.));
#8728=DIRECTION('center_axis',(6.34413156928661E-16,-1.,0.));
#8729=DIRECTION('ref_axis',(-1.,-6.34413156928661E-16,0.));
#8730=DIRECTION('',(1.,6.34413156928661E-16,0.));
#8731=DIRECTION('',(-1.,-6.34413156928661E-16,0.));
#8732=DIRECTION('center_axis',(0.,0.,1.));
#8733=DIRECTION('ref_axis',(-0.707106781186548,-0.707106781186548,0.));
#8734=DIRECTION('',(0.,0.,-1.));
#8735=DIRECTION('center_axis',(0.,0.,-1.));
#8736=DIRECTION('ref_axis',(-0.707106781186548,-0.707106781186548,0.));
#8737=DIRECTION('',(0.,0.,1.));
#8738=DIRECTION('center_axis',(0.,-1.,0.));
#8739=DIRECTION('ref_axis',(1.,0.,0.));
#8740=DIRECTION('',(1.,0.,0.));
#8741=DIRECTION('center_axis',(0.,0.,-1.));
#8742=DIRECTION('ref_axis',(-0.707106781186548,-0.707106781186548,0.));
#8743=DIRECTION('center_axis',(0.,0.,1.));
#8744=DIRECTION('ref_axis',(-0.707106781186548,-0.707106781186548,0.));
#8745=DIRECTION('',(0.,0.,-1.));
#8746=DIRECTION('center_axis',(0.,0.,-1.));
#8747=DIRECTION('ref_axis',(-0.707106781186548,-0.707106781186548,0.));
#8748=DIRECTION('center_axis',(1.26882631385732E-15,-1.,0.));
#8749=DIRECTION('ref_axis',(-1.,-1.26882631385732E-15,0.));
#8750=DIRECTION('',(1.,1.26882631385732E-15,0.));
#8751=DIRECTION('',(-1.,-1.26882631385732E-15,0.));
#8752=DIRECTION('center_axis',(0.,0.,1.));
#8753=DIRECTION('ref_axis',(-0.707106781186548,-0.707106781186548,0.));
#8754=DIRECTION('',(0.,0.,-1.));
#8755=DIRECTION('center_axis',(0.,0.,-1.));
#8756=DIRECTION('ref_axis',(-0.707106781186548,-0.707106781186548,0.));
#8757=DIRECTION('',(0.,0.,1.));
#8758=DIRECTION('center_axis',(0.,-1.,0.));
#8759=DIRECTION('ref_axis',(1.,0.,0.));
#8760=DIRECTION('',(1.,0.,0.));
#8761=DIRECTION('center_axis',(0.,0.,1.));
#8762=DIRECTION('ref_axis',(-0.707106781186548,-0.707106781186548,0.));
#8763=DIRECTION('',(0.,0.,-1.));
#8764=DIRECTION('center_axis',(0.,0.,-1.));
#8765=DIRECTION('ref_axis',(-0.707106781186548,-0.707106781186548,0.));
#8766=DIRECTION('',(0.,0.,1.));
#8767=DIRECTION('center_axis',(0.,-1.,0.));
#8768=DIRECTION('ref_axis',(1.,0.,0.));
#8769=DIRECTION('',(1.,0.,0.));
#8770=DIRECTION('center_axis',(0.,0.,1.));
#8771=DIRECTION('ref_axis',(-0.707106781186543,-0.707106781186552,0.));
#8772=DIRECTION('center_axis',(0.,0.,-1.));
#8773=DIRECTION('ref_axis',(-0.707106781186543,-0.707106781186552,0.));
#8774=DIRECTION('',(0.,0.,-1.));
#8775=DIRECTION('center_axis',(0.,0.,-1.));
#8776=DIRECTION('ref_axis',(-0.707106781186543,-0.707106781186552,0.));
#8777=DIRECTION('',(0.,0.,1.));
#8778=DIRECTION('center_axis',(-1.,0.,0.));
#8779=DIRECTION('ref_axis',(0.,-1.,0.));
#8780=DIRECTION('',(0.,-1.,0.));
#8781=DIRECTION('',(0.,-1.,0.));
#8782=DIRECTION('center_axis',(0.,0.,1.));
#8783=DIRECTION('ref_axis',(-0.707106781186548,-0.707106781186548,0.));
#8784=DIRECTION('',(0.,0.,-1.));
#8785=DIRECTION('center_axis',(0.,0.,-1.));
#8786=DIRECTION('ref_axis',(-0.707106781186548,-0.707106781186548,0.));
#8787=DIRECTION('',(0.,0.,1.));
#8788=DIRECTION('center_axis',(0.,-1.,0.));
#8789=DIRECTION('ref_axis',(1.,0.,0.));
#8790=DIRECTION('',(1.,0.,0.));
#8791=DIRECTION('center_axis',(0.,0.,-1.));
#8792=DIRECTION('ref_axis',(-0.707106781186552,-0.707106781186543,0.));
#8793=DIRECTION('center_axis',(0.,0.,1.));
#8794=DIRECTION('ref_axis',(-0.707106781186552,-0.707106781186543,0.));
#8795=DIRECTION('',(0.,0.,-1.));
#8796=DIRECTION('center_axis',(0.,0.,-1.));
#8797=DIRECTION('ref_axis',(-0.707106781186552,-0.707106781186543,0.));
#8798=DIRECTION('center_axis',(0.,-1.,0.));
#8799=DIRECTION('ref_axis',(-1.,0.,0.));
#8800=DIRECTION('',(1.,0.,0.));
#8801=DIRECTION('',(-1.,0.,0.));
#8802=DIRECTION('center_axis',(0.,0.,-1.));
#8803=DIRECTION('ref_axis',(-0.707106781186552,-0.707106781186543,0.));
#8804=DIRECTION('center_axis',(0.,0.,1.));
#8805=DIRECTION('ref_axis',(-0.707106781186552,-0.707106781186543,0.));
#8806=DIRECTION('',(0.,0.,-1.));
#8807=DIRECTION('center_axis',(0.,0.,-1.));
#8808=DIRECTION('ref_axis',(-0.707106781186552,-0.707106781186543,0.));
#8809=DIRECTION('center_axis',(0.,-1.,0.));
#8810=DIRECTION('ref_axis',(-1.,0.,0.));
#8811=DIRECTION('',(-1.,0.,0.));
#8812=DIRECTION('',(0.,0.,-1.));
#8813=DIRECTION('',(1.,0.,0.));
#8814=DIRECTION('center_axis',(0.,0.,-1.));
#8815=DIRECTION('ref_axis',(-0.707106781186548,-0.707106781186548,0.));
#8816=DIRECTION('center_axis',(0.,0.,1.));
#8817=DIRECTION('ref_axis',(-0.707106781186548,-0.707106781186548,0.));
#8818=DIRECTION('',(0.,0.,-1.));
#8819=DIRECTION('center_axis',(0.,0.,-1.));
#8820=DIRECTION('ref_axis',(-0.707106781186548,-0.707106781186548,0.));
#8821=DIRECTION('center_axis',(-3.1720657846433E-16,-1.,0.));
#8822=DIRECTION('ref_axis',(-1.,3.1720657846433E-16,0.));
#8823=DIRECTION('',(1.,-3.1720657846433E-16,0.));
#8824=DIRECTION('',(-1.,3.1720657846433E-16,0.));
#8825=DIRECTION('center_axis',(0.,0.,-1.));
#8826=DIRECTION('ref_axis',(-0.707106781186548,-0.707106781186548,0.));
#8827=DIRECTION('center_axis',(0.,0.,1.));
#8828=DIRECTION('ref_axis',(-0.707106781186548,-0.707106781186548,0.));
#8829=DIRECTION('',(0.,0.,-1.));
#8830=DIRECTION('center_axis',(0.,0.,-1.));
#8831=DIRECTION('ref_axis',(-0.707106781186548,-0.707106781186548,0.));
#8832=DIRECTION('center_axis',(6.34413156928661E-16,-1.,0.));
#8833=DIRECTION('ref_axis',(-1.,-6.34413156928661E-16,0.));
#8834=DIRECTION('',(1.,6.34413156928661E-16,0.));
#8835=DIRECTION('',(-1.,-6.34413156928661E-16,0.));
#8836=DIRECTION('center_axis',(0.,0.,-1.));
#8837=DIRECTION('ref_axis',(-0.707106781186548,-0.707106781186548,0.));
#8838=DIRECTION('center_axis',(0.,0.,1.));
#8839=DIRECTION('ref_axis',(-0.707106781186548,-0.707106781186548,0.));
#8840=DIRECTION('',(0.,0.,-1.));
#8841=DIRECTION('center_axis',(0.,0.,-1.));
#8842=DIRECTION('ref_axis',(-0.707106781186548,-0.707106781186548,0.));
#8843=DIRECTION('center_axis',(0.,-1.,0.));
#8844=DIRECTION('ref_axis',(-1.,0.,0.));
#8845=DIRECTION('',(1.,0.,0.));
#8846=DIRECTION('',(-1.,0.,0.));
#8847=DIRECTION('center_axis',(0.,0.,-1.));
#8848=DIRECTION('ref_axis',(-0.707106781186548,-0.707106781186548,0.));
#8849=DIRECTION('center_axis',(0.,0.,1.));
#8850=DIRECTION('ref_axis',(-0.707106781186548,-0.707106781186548,0.));
#8851=DIRECTION('',(0.,0.,-1.));
#8852=DIRECTION('center_axis',(0.,0.,-1.));
#8853=DIRECTION('ref_axis',(-0.707106781186548,-0.707106781186548,0.));
#8854=DIRECTION('center_axis',(0.,-1.,0.));
#8855=DIRECTION('ref_axis',(-1.,0.,0.));
#8856=DIRECTION('',(1.,0.,0.));
#8857=DIRECTION('',(-1.,0.,0.));
#8858=DIRECTION('center_axis',(0.,0.,-1.));
#8859=DIRECTION('ref_axis',(-0.70710678118655,-0.707106781186545,0.));
#8860=DIRECTION('center_axis',(0.,0.,1.));
#8861=DIRECTION('ref_axis',(-0.70710678118655,-0.707106781186545,0.));
#8862=DIRECTION('',(0.,0.,-1.));
#8863=DIRECTION('center_axis',(0.,0.,-1.));
#8864=DIRECTION('ref_axis',(-0.70710678118655,-0.707106781186545,0.));
#8865=DIRECTION('center_axis',(0.,-1.,0.));
#8866=DIRECTION('ref_axis',(-1.,0.,0.));
#8867=DIRECTION('',(1.,0.,0.));
#8868=DIRECTION('',(-1.,0.,0.));
#8869=DIRECTION('center_axis',(0.,0.,-1.));
#8870=DIRECTION('ref_axis',(-0.707106781186545,-0.70710678118655,0.));
#8871=DIRECTION('center_axis',(0.,0.,1.));
#8872=DIRECTION('ref_axis',(-0.707106781186545,-0.70710678118655,0.));
#8873=DIRECTION('',(0.,0.,-1.));
#8874=DIRECTION('center_axis',(0.,0.,-1.));
#8875=DIRECTION('ref_axis',(-0.707106781186545,-0.70710678118655,0.));
#8876=DIRECTION('center_axis',(0.,-1.,0.));
#8877=DIRECTION('ref_axis',(-1.,0.,0.));
#8878=DIRECTION('',(1.,0.,0.));
#8879=DIRECTION('',(-1.,0.,0.));
#8880=DIRECTION('center_axis',(0.,0.,-1.));
#8881=DIRECTION('ref_axis',(-0.707106781186548,-0.707106781186548,0.));
#8882=DIRECTION('center_axis',(0.,0.,1.));
#8883=DIRECTION('ref_axis',(-0.707106781186548,-0.707106781186548,0.));
#8884=DIRECTION('',(0.,0.,-1.));
#8885=DIRECTION('center_axis',(0.,0.,-1.));
#8886=DIRECTION('ref_axis',(-0.707106781186548,-0.707106781186548,0.));
#8887=DIRECTION('center_axis',(0.,-1.,0.));
#8888=DIRECTION('ref_axis',(-1.,0.,0.));
#8889=DIRECTION('',(1.,0.,0.));
#8890=DIRECTION('',(-1.,0.,0.));
#8891=DIRECTION('center_axis',(0.,0.,1.));
#8892=DIRECTION('ref_axis',(-0.707106781186546,-0.707106781186549,0.));
#8893=DIRECTION('center_axis',(0.,0.,-1.));
#8894=DIRECTION('ref_axis',(-0.707106781186546,-0.707106781186549,0.));
#8895=DIRECTION('',(0.,0.,-1.));
#8896=DIRECTION('center_axis',(0.,0.,-1.));
#8897=DIRECTION('ref_axis',(-0.707106781186546,-0.707106781186549,0.));
#8898=DIRECTION('',(0.,0.,1.));
#8899=DIRECTION('center_axis',(-1.,5.0927661680053E-17,0.));
#8900=DIRECTION('ref_axis',(-5.09276616800531E-17,-1.,0.));
#8901=DIRECTION('',(-5.09276616800531E-17,-1.,0.));
#8902=DIRECTION('',(-5.09276616800531E-17,-1.,0.));
#8903=DIRECTION('center_axis',(0.,0.,1.));
#8904=DIRECTION('ref_axis',(-0.707106781186543,-0.707106781186552,0.));
#8905=DIRECTION('center_axis',(0.,0.,-1.));
#8906=DIRECTION('ref_axis',(-0.707106781186543,-0.707106781186552,0.));
#8907=DIRECTION('',(0.,0.,-1.));
#8908=DIRECTION('center_axis',(0.,0.,-1.));
#8909=DIRECTION('ref_axis',(-0.707106781186543,-0.707106781186552,0.));
#8910=DIRECTION('',(0.,0.,1.));
#8911=DIRECTION('center_axis',(-1.,0.,0.));
#8912=DIRECTION('ref_axis',(0.,-1.,0.));
#8913=DIRECTION('',(0.,-1.,0.));
#8914=DIRECTION('',(0.,-1.,0.));
#8915=DIRECTION('center_axis',(0.,0.,1.));
#8916=DIRECTION('ref_axis',(-0.707106781186548,-0.707106781186548,0.));
#8917=DIRECTION('center_axis',(0.,0.,-1.));
#8918=DIRECTION('ref_axis',(-0.707106781186548,-0.707106781186548,0.));
#8919=DIRECTION('',(0.,0.,-1.));
#8920=DIRECTION('center_axis',(0.,0.,-1.));
#8921=DIRECTION('ref_axis',(-0.707106781186548,-0.707106781186548,0.));
#8922=DIRECTION('',(0.,0.,1.));
#8923=DIRECTION('center_axis',(-1.,0.,0.));
#8924=DIRECTION('ref_axis',(0.,-1.,0.));
#8925=DIRECTION('',(0.,-1.,0.));
#8926=DIRECTION('',(0.,-1.,0.));
#8927=DIRECTION('center_axis',(0.,0.,1.));
#8928=DIRECTION('ref_axis',(-0.707106781186548,-0.707106781186548,0.));
#8929=DIRECTION('',(0.,0.,-1.));
#8930=DIRECTION('center_axis',(0.,0.,-1.));
#8931=DIRECTION('ref_axis',(-0.707106781186548,-0.707106781186548,0.));
#8932=DIRECTION('',(0.,0.,1.));
#8933=DIRECTION('center_axis',(0.,-1.,0.));
#8934=DIRECTION('ref_axis',(1.,0.,0.));
#8935=DIRECTION('',(1.,0.,0.));
#8936=DIRECTION('center_axis',(0.,0.,1.));
#8937=DIRECTION('ref_axis',(-0.707106781186548,-0.707106781186548,0.));
#8938=DIRECTION('',(0.,0.,-1.));
#8939=DIRECTION('center_axis',(0.,0.,-1.));
#8940=DIRECTION('ref_axis',(-0.707106781186548,-0.707106781186548,0.));
#8941=DIRECTION('',(0.,0.,1.));
#8942=DIRECTION('center_axis',(0.,-1.,0.));
#8943=DIRECTION('ref_axis',(1.,0.,0.));
#8944=DIRECTION('',(1.,0.,0.));
#8945=DIRECTION('center_axis',(0.,-1.,0.));
#8946=DIRECTION('ref_axis',(1.,0.,0.));
#8947=DIRECTION('',(1.,0.,0.));
#8948=DIRECTION('',(1.,0.,0.));
#8949=DIRECTION('center_axis',(0.,0.,1.));
#8950=DIRECTION('ref_axis',(1.,0.,0.));
#8951=DIRECTION('center_axis',(1.,0.,0.));
#8952=DIRECTION('ref_axis',(0.,1.,0.));
#8953=DIRECTION('',(0.,1.,0.));
#8954=DIRECTION('center_axis',(0.,-1.,0.));
#8955=DIRECTION('ref_axis',(1.,0.,0.));
#8956=DIRECTION('',(1.,0.,0.));
#8957=DIRECTION('',(1.,0.,0.));
#8958=DIRECTION('center_axis',(0.,0.,1.));
#8959=DIRECTION('ref_axis',(1.,0.,0.));
#8960=DIRECTION('center_axis',(0.,-1.,0.));
#8961=DIRECTION('ref_axis',(1.,0.,0.));
#8962=DIRECTION('',(0.,0.,-1.));
#8963=DIRECTION('',(1.,0.,0.));
#8964=DIRECTION('',(1.,0.,0.));
#8965=DIRECTION('center_axis',(0.,1.,0.));
#8966=DIRECTION('ref_axis',(-1.,0.,0.));
#8967=DIRECTION('',(-1.,0.,0.));
#8968=DIRECTION('',(0.,0.,1.));
#8969=DIRECTION('',(-1.,0.,0.));
#8970=DIRECTION('center_axis',(0.,0.,1.));
#8971=DIRECTION('ref_axis',(1.,0.,0.));
#8972=DIRECTION('',(1.26882631385732E-15,-1.,0.));
#8973=DIRECTION('center_axis',(0.,1.,0.));
#8974=DIRECTION('ref_axis',(-1.,0.,0.));
#8975=DIRECTION('',(-1.,0.,0.));
#8976=DIRECTION('center_axis',(0.,-1.,0.));
#8977=DIRECTION('ref_axis',(1.,0.,0.));
#8978=DIRECTION('',(1.,0.,0.));
#8979=DIRECTION('center_axis',(-1.,0.,0.));
#8980=DIRECTION('ref_axis',(0.,-1.,0.));
#8981=DIRECTION('',(0.,-1.,0.));
#8982=DIRECTION('center_axis',(0.,1.,0.));
#8983=DIRECTION('ref_axis',(-1.,0.,0.));
#8984=DIRECTION('',(-1.,0.,0.));
#8985=DIRECTION('',(-1.,0.,0.));
#8986=DIRECTION('center_axis',(0.,0.,1.));
#8987=DIRECTION('ref_axis',(1.,0.,0.));
#8988=DIRECTION('',(1.,0.,0.));
#8989=DIRECTION('center_axis',(0.,-1.,0.));
#8990=DIRECTION('ref_axis',(1.,0.,0.));
#8991=DIRECTION('',(1.,0.,0.));
#8992=DIRECTION('center_axis',(-1.,0.,0.));
#8993=DIRECTION('ref_axis',(0.,-1.,0.));
#8994=DIRECTION('',(0.,-1.,0.));
#8995=DIRECTION('center_axis',(0.,1.,0.));
#8996=DIRECTION('ref_axis',(-1.,0.,0.));
#8997=DIRECTION('',(-1.,0.,0.));
#8998=DIRECTION('center_axis',(0.,-1.,0.));
#8999=DIRECTION('ref_axis',(1.,0.,0.));
#9000=DIRECTION('',(1.,0.,0.));
#9001=DIRECTION('center_axis',(-1.,0.,0.));
#9002=DIRECTION('ref_axis',(0.,-1.,0.));
#9003=DIRECTION('',(0.,-1.,0.));
#9004=DIRECTION('center_axis',(0.,1.,0.));
#9005=DIRECTION('ref_axis',(-1.,0.,0.));
#9006=DIRECTION('',(-1.,0.,0.));
#9007=DIRECTION('center_axis',(-1.,0.,0.));
#9008=DIRECTION('ref_axis',(0.,-1.,0.));
#9009=DIRECTION('',(0.,-1.,0.));
#9010=DIRECTION('center_axis',(-5.55111512312579E-16,-1.,0.));
#9011=DIRECTION('ref_axis',(1.,-5.55111512312579E-16,0.));
#9012=DIRECTION('',(1.,-5.55111512312579E-16,0.));
#9013=DIRECTION('center_axis',(0.,1.,0.));
#9014=DIRECTION('ref_axis',(-1.,0.,0.));
#9015=DIRECTION('',(-1.,0.,0.));
#9016=DIRECTION('center_axis',(0.,-1.,0.));
#9017=DIRECTION('ref_axis',(1.,0.,0.));
#9018=DIRECTION('',(1.,0.,0.));
#9019=DIRECTION('center_axis',(-1.,2.24287479722254E-16,0.));
#9020=DIRECTION('ref_axis',(-2.24287479722254E-16,-1.,0.));
#9021=DIRECTION('',(-2.24287479722254E-16,-1.,0.));
#9022=DIRECTION('center_axis',(0.,1.,0.));
#9023=DIRECTION('ref_axis',(-1.,0.,0.));
#9024=DIRECTION('',(-1.,0.,0.));
#9025=DIRECTION('center_axis',(-1.,0.,0.));
#9026=DIRECTION('ref_axis',(0.,-1.,0.));
#9027=DIRECTION('',(0.,-1.,0.));
#9028=DIRECTION('center_axis',(0.,-1.,0.));
#9029=DIRECTION('ref_axis',(1.,0.,0.));
#9030=DIRECTION('',(1.,0.,0.));
#9031=DIRECTION('center_axis',(0.,-1.,0.));
#9032=DIRECTION('ref_axis',(1.,0.,0.));
#9033=DIRECTION('',(1.,0.,0.));
#9034=DIRECTION('',(1.,0.,0.));
#9035=DIRECTION('center_axis',(0.,0.,1.));
#9036=DIRECTION('ref_axis',(1.,0.,0.));
#9037=DIRECTION('center_axis',(3.12250225675825E-16,1.,0.));
#9038=DIRECTION('ref_axis',(-1.,3.12250225675825E-16,0.));
#9039=DIRECTION('',(-1.,3.12250225675825E-16,0.));
#9040=DIRECTION('center_axis',(0.,1.,0.));
#9041=DIRECTION('ref_axis',(-1.,0.,0.));
#9042=DIRECTION('',(-1.,0.,0.));
#9043=DIRECTION('center_axis',(0.,-1.,0.));
#9044=DIRECTION('ref_axis',(1.,0.,0.));
#9045=DIRECTION('',(1.,0.,0.));
#9046=DIRECTION('center_axis',(-1.,8.97149918889016E-16,0.));
#9047=DIRECTION('ref_axis',(-8.97149918889016E-16,-1.,0.));
#9048=DIRECTION('',(-8.97149918889016E-16,-1.,0.));
#9049=DIRECTION('center_axis',(0.,1.,0.));
#9050=DIRECTION('ref_axis',(-1.,0.,0.));
#9051=DIRECTION('',(-1.,0.,0.));
#9052=DIRECTION('center_axis',(0.,-1.,0.));
#9053=DIRECTION('ref_axis',(1.,0.,0.));
#9054=DIRECTION('',(1.,0.,0.));
#9055=DIRECTION('center_axis',(-1.,0.,0.));
#9056=DIRECTION('ref_axis',(0.,-1.,0.));
#9057=DIRECTION('',(0.,-1.,0.));
#9058=DIRECTION('center_axis',(0.,1.,0.));
#9059=DIRECTION('ref_axis',(-1.,0.,0.));
#9060=DIRECTION('',(-1.,0.,0.));
#9061=DIRECTION('center_axis',(0.,-1.,0.));
#9062=DIRECTION('ref_axis',(1.,0.,0.));
#9063=DIRECTION('',(1.,0.,0.));
#9064=DIRECTION('center_axis',(-1.,0.,0.));
#9065=DIRECTION('ref_axis',(0.,-1.,0.));
#9066=DIRECTION('',(0.,-1.,0.));
#9067=DIRECTION('center_axis',(0.,1.,0.));
#9068=DIRECTION('ref_axis',(-1.,0.,0.));
#9069=DIRECTION('',(-1.,0.,0.));
#9070=DIRECTION('center_axis',(0.,-1.,0.));
#9071=DIRECTION('ref_axis',(1.,0.,0.));
#9072=DIRECTION('',(1.,0.,0.));
#9073=DIRECTION('center_axis',(-1.,0.,0.));
#9074=DIRECTION('ref_axis',(0.,-1.,0.));
#9075=DIRECTION('',(0.,-1.,0.));
#9076=DIRECTION('center_axis',(0.,1.,0.));
#9077=DIRECTION('ref_axis',(-1.,0.,0.));
#9078=DIRECTION('',(-1.,0.,0.));
#9079=DIRECTION('center_axis',(0.,-1.,0.));
#9080=DIRECTION('ref_axis',(1.,0.,0.));
#9081=DIRECTION('',(1.,0.,0.));
#9082=DIRECTION('center_axis',(-1.,0.,0.));
#9083=DIRECTION('ref_axis',(0.,-1.,0.));
#9084=DIRECTION('',(0.,-1.,0.));
#9085=DIRECTION('center_axis',(0.,-1.,0.));
#9086=DIRECTION('ref_axis',(1.,0.,0.));
#9087=DIRECTION('',(1.,0.,0.));
#9088=DIRECTION('',(1.,0.,0.));
#9089=DIRECTION('center_axis',(0.,0.,1.));
#9090=DIRECTION('ref_axis',(1.,0.,0.));
#9091=DIRECTION('center_axis',(-1.73472347597681E-16,1.,0.));
#9092=DIRECTION('ref_axis',(-1.,-1.73472347597681E-16,0.));
#9093=DIRECTION('',(-1.,-1.73472347597681E-16,0.));
#9094=DIRECTION('center_axis',(0.,1.,0.));
#9095=DIRECTION('ref_axis',(-1.,0.,0.));
#9096=DIRECTION('',(-1.,0.,0.));
#9097=DIRECTION('center_axis',(0.,-1.,0.));
#9098=DIRECTION('ref_axis',(1.,0.,0.));
#9099=DIRECTION('',(1.,0.,0.));
#9100=DIRECTION('center_axis',(-1.,0.,0.));
#9101=DIRECTION('ref_axis',(0.,-1.,0.));
#9102=DIRECTION('',(0.,-1.,0.));
#9103=DIRECTION('center_axis',(0.,0.,1.));
#9104=DIRECTION('ref_axis',(1.,0.,0.));
#9105=DIRECTION('',(1.33963562549039E-16,-1.,0.));
#9106=DIRECTION('',(-1.,0.,0.));
#9107=DIRECTION('',(0.,1.,0.));
#9108=DIRECTION('center_axis',(0.,0.,1.));
#9109=DIRECTION('ref_axis',(0.,-1.,0.));
#9110=DIRECTION('',(1.,0.,0.));
#9111=DIRECTION('center_axis',(0.,0.,1.));
#9112=DIRECTION('ref_axis',(-1.,0.,0.));
#9113=DIRECTION('',(-1.26882631385732E-15,1.,0.));
#9114=DIRECTION('',(-1.26882631385732E-15,1.,0.));
#9115=DIRECTION('',(-1.,0.,0.));
#9116=DIRECTION('center_axis',(0.,0.,1.));
#9117=DIRECTION('ref_axis',(-1.,0.,0.));
#9118=DIRECTION('center_axis',(0.,0.,1.));
#9119=DIRECTION('ref_axis',(-1.,0.,0.));
#9120=DIRECTION('center_axis',(0.,0.,1.));
#9121=DIRECTION('ref_axis',(-1.,0.,0.));
#9122=DIRECTION('center_axis',(0.,0.,1.));
#9123=DIRECTION('ref_axis',(-1.,0.,0.));
#9124=DIRECTION('',(0.,0.,1.));
#9125=DIRECTION('center_axis',(0.,0.,1.));
#9126=DIRECTION('ref_axis',(-1.,0.,0.));
#9127=DIRECTION('center_axis',(0.,0.,1.));
#9128=DIRECTION('ref_axis',(-1.,0.,0.));
#9129=DIRECTION('center_axis',(0.,0.,1.));
#9130=DIRECTION('ref_axis',(-1.,0.,0.));
#9131=DIRECTION('',(0.,0.,1.));
#9132=DIRECTION('center_axis',(0.,0.,1.));
#9133=DIRECTION('ref_axis',(-1.,0.,0.));
#9134=DIRECTION('center_axis',(0.,0.,1.));
#9135=DIRECTION('ref_axis',(-1.,0.,0.));
#9136=DIRECTION('center_axis',(0.,0.,1.));
#9137=DIRECTION('ref_axis',(-1.,0.,0.));
#9138=DIRECTION('',(0.,0.,1.));
#9139=DIRECTION('center_axis',(0.,0.,1.));
#9140=DIRECTION('ref_axis',(-1.,0.,0.));
#9141=DIRECTION('center_axis',(0.,0.,1.));
#9142=DIRECTION('ref_axis',(-1.,0.,0.));
#9143=DIRECTION('center_axis',(1.,1.26882631385732E-15,0.));
#9144=DIRECTION('ref_axis',(1.26882631385732E-15,-1.,0.));
#9145=DIRECTION('',(1.26882631385732E-15,-1.,0.));
#9146=DIRECTION('center_axis',(0.,1.,0.));
#9147=DIRECTION('ref_axis',(1.,0.,0.));
#9148=DIRECTION('',(1.,0.,0.));
#9149=DIRECTION('center_axis',(0.,1.,0.));
#9150=DIRECTION('ref_axis',(-1.,0.,0.));
#9151=DIRECTION('',(0.,0.,1.));
#9152=DIRECTION('',(-1.,0.,0.));
#9153=DIRECTION('',(0.,0.,1.));
#9154=DIRECTION('center_axis',(1.,0.,0.));
#9155=DIRECTION('ref_axis',(0.,1.,0.));
#9156=DIRECTION('',(0.,1.,0.));
#9157=DIRECTION('',(0.,0.,1.));
#9158=DIRECTION('center_axis',(0.,0.,1.));
#9159=DIRECTION('ref_axis',(0.,-1.,0.));
#9160=DIRECTION('center_axis',(0.,0.,1.));
#9161=DIRECTION('ref_axis',(0.,-1.,0.));
#9162=DIRECTION('',(0.,0.,1.));
#9163=DIRECTION('center_axis',(0.,-1.,0.));
#9164=DIRECTION('ref_axis',(1.,0.,0.));
#9165=DIRECTION('',(1.,0.,0.));
#9166=DIRECTION('',(0.,0.,1.));
#9167=DIRECTION('center_axis',(0.,0.,1.));
#9168=DIRECTION('ref_axis',(-1.,0.,0.));
#9169=DIRECTION('center_axis',(0.,0.,1.));
#9170=DIRECTION('ref_axis',(-1.,0.,0.));
#9171=DIRECTION('',(0.,0.,1.));
#9172=DIRECTION('center_axis',(-1.,-1.33963562549039E-16,0.));
#9173=DIRECTION('ref_axis',(1.33963562549039E-16,-1.,0.));
#9174=DIRECTION('',(1.33963562549039E-16,-1.,0.));
#9175=DIRECTION('center_axis',(0.,0.,1.));
#9176=DIRECTION('ref_axis',(1.,0.,0.));
#9177=DIRECTION('',(0.,0.,1.));
#9178=DIRECTION('',(1.,0.,0.));
#9179=CARTESIAN_POINT('',(0.,0.,0.));
#9180=CARTESIAN_POINT('',(0.,0.,0.));
#9181=CARTESIAN_POINT('Origin',(31.,-22.35,1.6));
#9182=CARTESIAN_POINT('',(30.3,-22.35,2.95));
#9183=CARTESIAN_POINT('',(31.,-21.65,2.95));
#9184=CARTESIAN_POINT('Origin',(31.,-22.35,2.95));
#9185=CARTESIAN_POINT('',(30.3,-22.35,1.6));
#9186=CARTESIAN_POINT('',(30.3,-22.35,1.6));
#9187=CARTESIAN_POINT('',(31.,-21.65,1.6));
#9188=CARTESIAN_POINT('Origin',(31.,-22.35,1.6));
#9189=CARTESIAN_POINT('',(31.,-21.65,1.6));
#9190=CARTESIAN_POINT('Origin',(46.3,-21.65,1.6));
#9191=CARTESIAN_POINT('',(31.3,-21.65,1.6));
#9192=CARTESIAN_POINT('',(47.05,-21.65,1.6));
#9193=CARTESIAN_POINT('',(31.3,-21.65,2.95));
#9194=CARTESIAN_POINT('',(31.3,-21.65,2.85));
#9195=CARTESIAN_POINT('',(30.3,-21.65,2.95));
#9196=CARTESIAN_POINT('Origin',(32.,-21.,4.1));
#9197=CARTESIAN_POINT('',(32.,-20.3,4.1));
#9198=CARTESIAN_POINT('',(31.3,-21.,4.1));
#9199=CARTESIAN_POINT('Origin',(32.,-21.,4.1));
#9200=CARTESIAN_POINT('',(31.3,-21.,1.6));
#9201=CARTESIAN_POINT('',(31.3,-21.,4.1));
#9202=CARTESIAN_POINT('',(32.,-20.3,1.6));
#9203=CARTESIAN_POINT('Origin',(32.,-21.,1.6));
#9204=CARTESIAN_POINT('',(32.,-20.3,4.1));
#9205=CARTESIAN_POINT('Origin',(31.3,-34.3,4.1));
#9206=CARTESIAN_POINT('',(31.3,-33.6,4.1));
#9207=CARTESIAN_POINT('',(31.3,-35.55,4.1));
#9208=CARTESIAN_POINT('',(31.3,-33.6,1.6));
#9209=CARTESIAN_POINT('',(31.3,-33.6,4.1));
#9210=CARTESIAN_POINT('',(31.3,-31.55,1.6));
#9211=CARTESIAN_POINT('',(31.3,-35.55,1.6));
#9212=CARTESIAN_POINT('',(31.3,-31.55,2.95));
#9213=CARTESIAN_POINT('',(31.3,-31.55,2.85));
#9214=CARTESIAN_POINT('',(31.3,-30.45,2.95));
#9215=CARTESIAN_POINT('',(31.3,-35.55,1.6));
#9216=CARTESIAN_POINT('Origin',(42.,-3.35,1.6));
#9217=CARTESIAN_POINT('',(41.3,-3.35,2.95));
#9218=CARTESIAN_POINT('',(42.,-2.65,2.95));
#9219=CARTESIAN_POINT('Origin',(42.,-3.35,2.95));
#9220=CARTESIAN_POINT('',(41.3,-3.35,1.6));
#9221=CARTESIAN_POINT('',(41.3,-3.35,1.6));
#9222=CARTESIAN_POINT('',(42.,-2.65,1.6));
#9223=CARTESIAN_POINT('Origin',(42.,-3.35,1.6));
#9224=CARTESIAN_POINT('',(42.,-2.65,1.6));
#9225=CARTESIAN_POINT('Origin',(57.3,-2.65,1.6));
#9226=CARTESIAN_POINT('',(42.3,-2.65,1.6));
#9227=CARTESIAN_POINT('',(52.55,-2.65,1.6));
#9228=CARTESIAN_POINT('',(42.3,-2.65,2.95));
#9229=CARTESIAN_POINT('',(42.3,-2.65,2.85));
#9230=CARTESIAN_POINT('',(41.3,-2.65,2.95));
#9231=CARTESIAN_POINT('Origin',(43.,-2.,4.1));
#9232=CARTESIAN_POINT('',(43.,-1.3,4.1));
#9233=CARTESIAN_POINT('',(42.3,-2.,4.1));
#9234=CARTESIAN_POINT('Origin',(43.,-2.,4.1));
#9235=CARTESIAN_POINT('',(42.3,-2.,1.6));
#9236=CARTESIAN_POINT('',(42.3,-2.,4.1));
#9237=CARTESIAN_POINT('',(43.,-1.3,1.6));
#9238=CARTESIAN_POINT('Origin',(43.,-2.,1.6));
#9239=CARTESIAN_POINT('',(43.,-1.3,4.1));
#9240=CARTESIAN_POINT('Origin',(42.3,-15.3,4.1));
#9241=CARTESIAN_POINT('',(42.3,-14.6,4.1));
#9242=CARTESIAN_POINT('',(42.3,-26.05,4.1));
#9243=CARTESIAN_POINT('',(42.3,-14.6,1.6));
#9244=CARTESIAN_POINT('',(42.3,-14.6,4.1));
#9245=CARTESIAN_POINT('',(42.3,-13.55,1.6));
#9246=CARTESIAN_POINT('',(42.3,-26.05,1.6));
#9247=CARTESIAN_POINT('',(42.3,-13.55,2.95));
#9248=CARTESIAN_POINT('',(42.3,-13.55,2.85));
#9249=CARTESIAN_POINT('',(42.3,-11.7,2.95));
#9250=CARTESIAN_POINT('',(42.3,-26.05,1.6));
#9251=CARTESIAN_POINT('Origin',(23.,-3.35,1.6));
#9252=CARTESIAN_POINT('',(22.3,-3.35,2.95));
#9253=CARTESIAN_POINT('',(23.,-2.65,2.95));
#9254=CARTESIAN_POINT('Origin',(23.,-3.35,2.95));
#9255=CARTESIAN_POINT('',(22.3,-3.35,1.6));
#9256=CARTESIAN_POINT('',(22.3,-3.35,1.6));
#9257=CARTESIAN_POINT('',(23.,-2.65,1.6));
#9258=CARTESIAN_POINT('Origin',(23.,-3.35,1.6));
#9259=CARTESIAN_POINT('',(23.,-2.65,1.6));
#9260=CARTESIAN_POINT('Origin',(38.3,-2.65000000000001,1.6));
#9261=CARTESIAN_POINT('',(23.3,-2.65,1.6));
#9262=CARTESIAN_POINT('',(43.05,-2.65000000000001,1.6));
#9263=CARTESIAN_POINT('',(23.3,-2.65,2.95));
#9264=CARTESIAN_POINT('',(23.3,-2.65,2.85));
#9265=CARTESIAN_POINT('',(22.3,-2.65,2.95));
#9266=CARTESIAN_POINT('Origin',(24.,-2.,4.1));
#9267=CARTESIAN_POINT('',(24.,-1.3,4.1));
#9268=CARTESIAN_POINT('',(23.3,-2.,4.1));
#9269=CARTESIAN_POINT('Origin',(24.,-2.,4.1));
#9270=CARTESIAN_POINT('',(23.3,-2.,1.6));
#9271=CARTESIAN_POINT('',(23.3,-2.,4.1));
#9272=CARTESIAN_POINT('',(24.,-1.3,1.6));
#9273=CARTESIAN_POINT('Origin',(24.,-2.,1.6));
#9274=CARTESIAN_POINT('',(24.,-1.3,4.1));
#9275=CARTESIAN_POINT('Origin',(23.3,-15.3,4.1));
#9276=CARTESIAN_POINT('',(23.3,-14.6,4.1));
#9277=CARTESIAN_POINT('',(23.3,-26.05,4.1));
#9278=CARTESIAN_POINT('',(23.3,-14.6,1.6));
#9279=CARTESIAN_POINT('',(23.3,-14.6,4.1));
#9280=CARTESIAN_POINT('',(23.3,-13.55,1.6));
#9281=CARTESIAN_POINT('',(23.3,-26.05,1.6));
#9282=CARTESIAN_POINT('',(23.3,-13.55,2.95));
#9283=CARTESIAN_POINT('',(23.3,-13.55,2.85));
#9284=CARTESIAN_POINT('',(23.3,-11.7,2.95));
#9285=CARTESIAN_POINT('',(23.3,-26.05,1.6));
#9286=CARTESIAN_POINT('Origin',(4.,-3.35,1.6));
#9287=CARTESIAN_POINT('',(3.3,-3.35,2.95));
#9288=CARTESIAN_POINT('',(4.,-2.65,2.95));
#9289=CARTESIAN_POINT('Origin',(4.,-3.35,2.95));
#9290=CARTESIAN_POINT('',(3.3,-3.35,1.6));
#9291=CARTESIAN_POINT('',(3.3,-3.35,1.6));
#9292=CARTESIAN_POINT('',(4.,-2.65,1.6));
#9293=CARTESIAN_POINT('Origin',(4.,-3.35,1.6));
#9294=CARTESIAN_POINT('',(4.,-2.65,1.6));
#9295=CARTESIAN_POINT('Origin',(19.3,-2.65,1.6));
#9296=CARTESIAN_POINT('',(4.3,-2.65,1.6));
#9297=CARTESIAN_POINT('',(33.55,-2.64999999999999,1.6));
#9298=CARTESIAN_POINT('',(4.3,-2.65,2.95));
#9299=CARTESIAN_POINT('',(4.3,-2.65,2.85));
#9300=CARTESIAN_POINT('',(3.3,-2.65,2.95));
#9301=CARTESIAN_POINT('Origin',(5.,-2.,4.1));
#9302=CARTESIAN_POINT('',(5.,-1.3,4.1));
#9303=CARTESIAN_POINT('',(4.3,-2.,4.1));
#9304=CARTESIAN_POINT('Origin',(5.,-2.,4.1));
#9305=CARTESIAN_POINT('',(4.3,-2.,1.6));
#9306=CARTESIAN_POINT('',(4.3,-2.,4.1));
#9307=CARTESIAN_POINT('',(5.,-1.3,1.6));
#9308=CARTESIAN_POINT('Origin',(5.,-2.,1.6));
#9309=CARTESIAN_POINT('',(5.,-1.3,4.1));
#9310=CARTESIAN_POINT('Origin',(4.3,-15.3,4.1));
#9311=CARTESIAN_POINT('',(4.30000000000001,-14.6,4.1));
#9312=CARTESIAN_POINT('',(4.30000000000001,-26.05,4.1));
#9313=CARTESIAN_POINT('',(4.30000000000001,-14.6,1.6));
#9314=CARTESIAN_POINT('',(4.3,-14.6,4.1));
#9315=CARTESIAN_POINT('',(4.3,-13.55,1.6));
#9316=CARTESIAN_POINT('',(4.30000000000001,-26.05,1.6));
#9317=CARTESIAN_POINT('',(4.3,-13.55,2.95));
#9318=CARTESIAN_POINT('',(4.3,-13.55,2.85));
#9319=CARTESIAN_POINT('',(4.3,-11.7,2.95));
#9320=CARTESIAN_POINT('',(4.30000000000001,-26.05,1.6));
#9321=CARTESIAN_POINT('Origin',(1.,-41.35,1.6));
#9322=CARTESIAN_POINT('',(0.300000000000003,-41.35,2.95));
#9323=CARTESIAN_POINT('',(1.,-40.65,2.95));
#9324=CARTESIAN_POINT('Origin',(1.,-41.35,2.95));
#9325=CARTESIAN_POINT('',(0.300000000000002,-41.35,1.6));
#9326=CARTESIAN_POINT('',(0.300000000000003,-41.35,1.6));
#9327=CARTESIAN_POINT('',(1.00000000000001,-40.65,1.6));
#9328=CARTESIAN_POINT('Origin',(1.,-41.35,1.6));
#9329=CARTESIAN_POINT('',(1.,-40.65,1.6));
#9330=CARTESIAN_POINT('Origin',(8.30000011920929,-45.6,2.95));
#9331=CARTESIAN_POINT('',(1.3,-40.65,2.95));
#9332=CARTESIAN_POINT('',(0.300000000000003,-40.65,2.95));
#9333=CARTESIAN_POINT('',(1.3,-50.55,2.95));
#9334=CARTESIAN_POINT('',(1.3,-49.45,2.95));
#9335=CARTESIAN_POINT('',(1.,-50.55,2.95));
#9336=CARTESIAN_POINT('',(16.3000002384186,-50.55,2.95));
#9337=CARTESIAN_POINT('',(0.300000000000003,-49.85,2.95));
#9338=CARTESIAN_POINT('Origin',(1.,-49.85,2.95));
#9339=CARTESIAN_POINT('',(0.300000000000003,-50.55,2.95));
#9340=CARTESIAN_POINT('Origin',(16.3000002384186,-40.65,1.6));
#9341=CARTESIAN_POINT('',(1.3,-40.65,1.6));
#9342=CARTESIAN_POINT('',(32.0500001192093,-40.65,1.6));
#9343=CARTESIAN_POINT('',(1.3,-40.65,2.85));
#9344=CARTESIAN_POINT('Origin',(2.,-40.,4.1));
#9345=CARTESIAN_POINT('',(2.,-39.3,4.1));
#9346=CARTESIAN_POINT('',(1.3,-40.,4.1));
#9347=CARTESIAN_POINT('Origin',(2.,-40.,4.1));
#9348=CARTESIAN_POINT('',(1.3,-40.,1.6));
#9349=CARTESIAN_POINT('',(1.3,-40.,4.1));
#9350=CARTESIAN_POINT('',(2.,-39.3,1.6));
#9351=CARTESIAN_POINT('Origin',(2.,-40.,1.6));
#9352=CARTESIAN_POINT('',(2.,-39.3,4.1));
#9353=CARTESIAN_POINT('Origin',(1.3,-53.3,4.1));
#9354=CARTESIAN_POINT('',(1.3,-52.6,4.1));
#9355=CARTESIAN_POINT('',(1.3,-45.05,4.1));
#9356=CARTESIAN_POINT('',(1.3,-52.6,1.6));
#9357=CARTESIAN_POINT('',(1.3,-52.6,4.1));
#9358=CARTESIAN_POINT('',(1.3,-50.55,1.6));
#9359=CARTESIAN_POINT('',(1.3,-45.05,1.6));
#9360=CARTESIAN_POINT('',(1.3,-50.55,2.85));
#9361=CARTESIAN_POINT('',(1.3,-45.05,1.6));
#9362=CARTESIAN_POINT('Origin',(12.,-22.35,1.6));
#9363=CARTESIAN_POINT('',(11.3,-22.35,2.95));
#9364=CARTESIAN_POINT('',(12.,-21.65,2.95));
#9365=CARTESIAN_POINT('Origin',(12.,-22.35,2.95));
#9366=CARTESIAN_POINT('',(11.3,-22.35,1.6));
#9367=CARTESIAN_POINT('',(11.3,-22.35,1.6));
#9368=CARTESIAN_POINT('',(12.,-21.65,1.6));
#9369=CARTESIAN_POINT('Origin',(12.,-22.35,1.6));
#9370=CARTESIAN_POINT('',(12.,-21.65,1.6));
#9371=CARTESIAN_POINT('Origin',(19.3,-26.6,2.95));
#9372=CARTESIAN_POINT('',(12.3,-21.65,2.95));
#9373=CARTESIAN_POINT('',(11.3,-21.65,2.95));
#9374=CARTESIAN_POINT('',(12.3,-31.55,2.95));
#9375=CARTESIAN_POINT('',(12.3,-30.45,2.95));
#9376=CARTESIAN_POINT('',(12.,-31.55,2.95));
#9377=CARTESIAN_POINT('',(27.3,-31.55,2.95));
#9378=CARTESIAN_POINT('',(11.3,-30.85,2.95));
#9379=CARTESIAN_POINT('Origin',(12.,-30.85,2.95));
#9380=CARTESIAN_POINT('',(11.3,-31.55,2.95));
#9381=CARTESIAN_POINT('Origin',(27.3,-21.65,1.6));
#9382=CARTESIAN_POINT('',(12.3,-21.65,1.6));
#9383=CARTESIAN_POINT('',(37.55,-21.65,1.6));
#9384=CARTESIAN_POINT('',(12.3,-21.65,2.85));
#9385=CARTESIAN_POINT('Origin',(13.,-21.,4.1));
#9386=CARTESIAN_POINT('',(13.,-20.3,4.1));
#9387=CARTESIAN_POINT('',(12.3,-21.,4.1));
#9388=CARTESIAN_POINT('Origin',(13.,-21.,4.1));
#9389=CARTESIAN_POINT('',(12.3,-21.,1.6));
#9390=CARTESIAN_POINT('',(12.3,-21.,4.1));
#9391=CARTESIAN_POINT('',(13.,-20.3,1.6));
#9392=CARTESIAN_POINT('Origin',(13.,-21.,1.6));
#9393=CARTESIAN_POINT('',(13.,-20.3,4.1));
#9394=CARTESIAN_POINT('Origin',(12.3,-34.3,4.1));
#9395=CARTESIAN_POINT('',(12.3,-33.6,4.1));
#9396=CARTESIAN_POINT('',(12.3,-35.55,4.1));
#9397=CARTESIAN_POINT('',(12.3,-33.6,1.6));
#9398=CARTESIAN_POINT('',(12.3,-33.6,4.1));
#9399=CARTESIAN_POINT('',(12.3,-31.55,1.6));
#9400=CARTESIAN_POINT('',(12.3,-35.55,1.6));
#9401=CARTESIAN_POINT('',(12.3,-31.55,2.85));
#9402=CARTESIAN_POINT('',(12.3,-35.55,1.6));
#9403=CARTESIAN_POINT('Origin',(80.,-3.35,1.6));
#9404=CARTESIAN_POINT('',(79.3,-3.35,2.95));
#9405=CARTESIAN_POINT('',(80.,-2.65,2.95));
#9406=CARTESIAN_POINT('Origin',(80.,-3.35,2.95));
#9407=CARTESIAN_POINT('',(79.3,-3.35,1.6));
#9408=CARTESIAN_POINT('',(79.3,-3.35,1.6));
#9409=CARTESIAN_POINT('',(80.,-2.65,1.6));
#9410=CARTESIAN_POINT('Origin',(80.,-3.35,1.6));
#9411=CARTESIAN_POINT('',(80.,-2.65,1.6));
#9412=CARTESIAN_POINT('Origin',(87.3,-8.1,2.95));
#9413=CARTESIAN_POINT('',(80.3,-2.65,2.95));
#9414=CARTESIAN_POINT('',(79.3,-2.65,2.95));
#9415=CARTESIAN_POINT('',(80.3,-13.55,2.95));
#9416=CARTESIAN_POINT('',(80.3,-11.7,2.95));
#9417=CARTESIAN_POINT('',(80.,-13.55,2.95));
#9418=CARTESIAN_POINT('',(95.3,-13.55,2.95));
#9419=CARTESIAN_POINT('',(79.3,-12.85,2.95));
#9420=CARTESIAN_POINT('Origin',(80.,-12.85,2.95));
#9421=CARTESIAN_POINT('',(79.3,-13.55,2.95));
#9422=CARTESIAN_POINT('Origin',(95.3,-2.65,1.6));
#9423=CARTESIAN_POINT('',(80.3,-2.65,1.6));
#9424=CARTESIAN_POINT('',(71.55,-2.65,1.6));
#9425=CARTESIAN_POINT('',(80.3,-2.65,2.85));
#9426=CARTESIAN_POINT('Origin',(81.,-2.,4.1));
#9427=CARTESIAN_POINT('',(81.,-1.3,4.1));
#9428=CARTESIAN_POINT('',(80.3,-2.,4.1));
#9429=CARTESIAN_POINT('Origin',(81.,-2.,4.1));
#9430=CARTESIAN_POINT('',(80.3,-2.,1.6));
#9431=CARTESIAN_POINT('',(80.3,-2.,4.1));
#9432=CARTESIAN_POINT('',(81.,-1.3,1.6));
#9433=CARTESIAN_POINT('Origin',(81.,-2.,1.6));
#9434=CARTESIAN_POINT('',(81.,-1.3,4.1));
#9435=CARTESIAN_POINT('Origin',(80.3,-15.3,4.1));
#9436=CARTESIAN_POINT('',(80.3,-14.6,4.1));
#9437=CARTESIAN_POINT('',(80.3,-26.05,4.1));
#9438=CARTESIAN_POINT('',(80.3,-14.6,1.6));
#9439=CARTESIAN_POINT('',(80.3,-14.6,4.1));
#9440=CARTESIAN_POINT('',(80.3,-13.55,1.6));
#9441=CARTESIAN_POINT('',(80.3,-26.05,1.6));
#9442=CARTESIAN_POINT('',(80.3,-13.55,2.85));
#9443=CARTESIAN_POINT('',(80.3,-26.05,1.6));
#9444=CARTESIAN_POINT('Origin',(61.,-3.35,1.6));
#9445=CARTESIAN_POINT('',(60.3,-3.35,2.95));
#9446=CARTESIAN_POINT('',(61.,-2.65,2.95));
#9447=CARTESIAN_POINT('Origin',(61.,-3.35,2.95));
#9448=CARTESIAN_POINT('',(60.3,-3.35,1.6));
#9449=CARTESIAN_POINT('',(60.3,-3.35,1.6));
#9450=CARTESIAN_POINT('',(61.,-2.65,1.6));
#9451=CARTESIAN_POINT('Origin',(61.,-3.35,1.6));
#9452=CARTESIAN_POINT('',(61.,-2.65,1.6));
#9453=CARTESIAN_POINT('Origin',(68.3,-8.1,2.95));
#9454=CARTESIAN_POINT('',(61.3,-2.65,2.95));
#9455=CARTESIAN_POINT('',(60.3,-2.65,2.95));
#9456=CARTESIAN_POINT('',(61.3,-13.55,2.95));
#9457=CARTESIAN_POINT('',(61.3,-11.7,2.95));
#9458=CARTESIAN_POINT('',(61.,-13.55,2.95));
#9459=CARTESIAN_POINT('',(76.3,-13.55,2.95));
#9460=CARTESIAN_POINT('',(60.3,-12.85,2.95));
#9461=CARTESIAN_POINT('Origin',(61.,-12.85,2.95));
#9462=CARTESIAN_POINT('',(60.3,-13.55,2.95));
#9463=CARTESIAN_POINT('Origin',(76.3,-2.65,1.6));
#9464=CARTESIAN_POINT('',(61.3,-2.65,1.6));
#9465=CARTESIAN_POINT('',(62.05,-2.65,1.6));
#9466=CARTESIAN_POINT('',(61.3,-2.65,2.85));
#9467=CARTESIAN_POINT('Origin',(62.,-2.,4.1));
#9468=CARTESIAN_POINT('',(62.,-1.3,4.1));
#9469=CARTESIAN_POINT('',(61.3,-2.,4.1));
#9470=CARTESIAN_POINT('Origin',(62.,-2.,4.1));
#9471=CARTESIAN_POINT('',(61.3,-2.,1.6));
#9472=CARTESIAN_POINT('',(61.3,-2.,4.1));
#9473=CARTESIAN_POINT('',(62.,-1.3,1.6));
#9474=CARTESIAN_POINT('Origin',(62.,-2.,1.6));
#9475=CARTESIAN_POINT('',(62.,-1.3,4.1));
#9476=CARTESIAN_POINT('Origin',(61.3,-15.3,4.1));
#9477=CARTESIAN_POINT('',(61.3,-14.6,4.1));
#9478=CARTESIAN_POINT('',(61.3,-26.05,4.1));
#9479=CARTESIAN_POINT('',(61.3,-14.6,1.6));
#9480=CARTESIAN_POINT('',(61.3,-14.6,4.1));
#9481=CARTESIAN_POINT('',(61.3,-13.55,1.6));
#9482=CARTESIAN_POINT('',(61.3,-26.05,1.6));
#9483=CARTESIAN_POINT('',(61.3,-13.55,2.85));
#9484=CARTESIAN_POINT('',(61.3,-26.05,1.6));
#9485=CARTESIAN_POINT('Origin',(20.,-41.35,1.6));
#9486=CARTESIAN_POINT('',(19.3,-41.35,2.95));
#9487=CARTESIAN_POINT('',(20.,-40.65,2.95));
#9488=CARTESIAN_POINT('Origin',(20.,-41.35,2.95));
#9489=CARTESIAN_POINT('',(19.3,-41.35,1.6));
#9490=CARTESIAN_POINT('',(19.3,-41.35,1.6));
#9491=CARTESIAN_POINT('',(20.,-40.65,1.6));
#9492=CARTESIAN_POINT('Origin',(20.,-41.35,1.6));
#9493=CARTESIAN_POINT('',(20.,-40.65,1.6));
#9494=CARTESIAN_POINT('Origin',(27.3000001192093,-45.6,2.95));
#9495=CARTESIAN_POINT('',(20.3,-40.65,2.95));
#9496=CARTESIAN_POINT('',(19.3,-40.65,2.95));
#9497=CARTESIAN_POINT('',(20.3,-50.55,2.95));
#9498=CARTESIAN_POINT('',(20.3,-49.45,2.95));
#9499=CARTESIAN_POINT('',(20.,-50.55,2.95));
#9500=CARTESIAN_POINT('',(35.3000002384186,-50.55,2.95));
#9501=CARTESIAN_POINT('',(19.3,-49.85,2.95));
#9502=CARTESIAN_POINT('Origin',(20.,-49.85,2.95));
#9503=CARTESIAN_POINT('',(19.3,-50.55,2.95));
#9504=CARTESIAN_POINT('Origin',(35.3000002384186,-40.65,1.6));
#9505=CARTESIAN_POINT('',(20.3,-40.65,1.6));
#9506=CARTESIAN_POINT('',(41.5500001192093,-40.65,1.6));
#9507=CARTESIAN_POINT('',(20.3,-40.65,2.85));
#9508=CARTESIAN_POINT('Origin',(21.,-40.,4.1));
#9509=CARTESIAN_POINT('',(21.,-39.3,4.1));
#9510=CARTESIAN_POINT('',(20.3,-40.,4.1));
#9511=CARTESIAN_POINT('Origin',(21.,-40.,4.1));
#9512=CARTESIAN_POINT('',(20.3,-40.,1.6));
#9513=CARTESIAN_POINT('',(20.3,-40.,4.1));
#9514=CARTESIAN_POINT('',(21.,-39.3,1.6));
#9515=CARTESIAN_POINT('Origin',(21.,-40.,1.6));
#9516=CARTESIAN_POINT('',(21.,-39.3,4.1));
#9517=CARTESIAN_POINT('Origin',(20.3,-53.3,4.1));
#9518=CARTESIAN_POINT('',(20.3,-52.6,4.1));
#9519=CARTESIAN_POINT('',(20.3,-45.05,4.1));
#9520=CARTESIAN_POINT('',(20.3,-52.6,1.6));
#9521=CARTESIAN_POINT('',(20.3,-52.6,4.1));
#9522=CARTESIAN_POINT('',(20.3,-50.55,1.6));
#9523=CARTESIAN_POINT('',(20.3,-45.05,1.6));
#9524=CARTESIAN_POINT('',(20.3,-50.55,2.85));
#9525=CARTESIAN_POINT('',(20.3,-45.05,1.6));
#9526=CARTESIAN_POINT('Origin',(39.,-41.35,1.6));
#9527=CARTESIAN_POINT('',(38.3,-41.35,2.95));
#9528=CARTESIAN_POINT('',(39.,-40.65,2.95));
#9529=CARTESIAN_POINT('Origin',(39.,-41.35,2.95));
#9530=CARTESIAN_POINT('',(38.3,-41.35,1.6));
#9531=CARTESIAN_POINT('',(38.3,-41.35,1.6));
#9532=CARTESIAN_POINT('',(39.,-40.65,1.6));
#9533=CARTESIAN_POINT('Origin',(39.,-41.35,1.6));
#9534=CARTESIAN_POINT('',(39.,-40.65,1.6));
#9535=CARTESIAN_POINT('Origin',(46.3000001192093,-45.6,2.95));
#9536=CARTESIAN_POINT('',(39.3,-40.65,2.95));
#9537=CARTESIAN_POINT('',(38.3,-40.65,2.95));
#9538=CARTESIAN_POINT('',(39.3,-50.55,2.95));
#9539=CARTESIAN_POINT('',(39.3,-49.45,2.95));
#9540=CARTESIAN_POINT('',(39.,-50.55,2.95));
#9541=CARTESIAN_POINT('',(54.3000002384186,-50.55,2.95));
#9542=CARTESIAN_POINT('',(38.3,-49.85,2.95));
#9543=CARTESIAN_POINT('Origin',(39.,-49.85,2.95));
#9544=CARTESIAN_POINT('',(38.3,-50.55,2.95));
#9545=CARTESIAN_POINT('Origin',(54.3000002384186,-40.65,1.6));
#9546=CARTESIAN_POINT('',(39.3,-40.65,1.6));
#9547=CARTESIAN_POINT('',(51.0500001192093,-40.65,1.6));
#9548=CARTESIAN_POINT('',(39.3,-40.65,2.85));
#9549=CARTESIAN_POINT('Origin',(40.,-40.,4.1));
#9550=CARTESIAN_POINT('',(40.,-39.3,4.1));
#9551=CARTESIAN_POINT('',(39.3,-40.,4.1));
#9552=CARTESIAN_POINT('Origin',(40.,-40.,4.1));
#9553=CARTESIAN_POINT('',(39.3,-40.,1.6));
#9554=CARTESIAN_POINT('',(39.3,-40.,4.1));
#9555=CARTESIAN_POINT('',(40.,-39.3,1.6));
#9556=CARTESIAN_POINT('Origin',(40.,-40.,1.6));
#9557=CARTESIAN_POINT('',(40.,-39.3,4.1));
#9558=CARTESIAN_POINT('Origin',(39.3,-53.3,4.1));
#9559=CARTESIAN_POINT('',(39.3,-52.6,4.1));
#9560=CARTESIAN_POINT('',(39.3,-45.05,4.1));
#9561=CARTESIAN_POINT('',(39.3,-52.6,1.6));
#9562=CARTESIAN_POINT('',(39.3,-52.6,4.1));
#9563=CARTESIAN_POINT('',(39.3,-50.55,1.6));
#9564=CARTESIAN_POINT('',(39.3,-45.05,1.6));
#9565=CARTESIAN_POINT('',(39.3,-50.55,2.85));
#9566=CARTESIAN_POINT('',(39.3,-45.05,1.6));
#9567=CARTESIAN_POINT('Origin',(50.,-22.35,1.6));
#9568=CARTESIAN_POINT('',(49.3,-22.35,2.95));
#9569=CARTESIAN_POINT('',(50.,-21.65,2.95));
#9570=CARTESIAN_POINT('Origin',(50.,-22.35,2.95));
#9571=CARTESIAN_POINT('',(49.3,-22.35,1.6));
#9572=CARTESIAN_POINT('',(49.3,-22.35,1.6));
#9573=CARTESIAN_POINT('',(50.,-21.65,1.6));
#9574=CARTESIAN_POINT('Origin',(50.,-22.35,1.6));
#9575=CARTESIAN_POINT('',(50.,-21.65,1.6));
#9576=CARTESIAN_POINT('Origin',(57.3,-26.6,2.95));
#9577=CARTESIAN_POINT('',(50.3,-21.65,2.95));
#9578=CARTESIAN_POINT('',(49.3,-21.65,2.95));
#9579=CARTESIAN_POINT('',(50.3,-31.55,2.95));
#9580=CARTESIAN_POINT('',(50.3,-30.45,2.95));
#9581=CARTESIAN_POINT('',(50.,-31.55,2.95));
#9582=CARTESIAN_POINT('',(65.3,-31.55,2.95));
#9583=CARTESIAN_POINT('',(49.3,-30.85,2.95));
#9584=CARTESIAN_POINT('Origin',(50.,-30.85,2.95));
#9585=CARTESIAN_POINT('',(49.3,-31.55,2.95));
#9586=CARTESIAN_POINT('Origin',(65.3,-21.65,1.6));
#9587=CARTESIAN_POINT('',(50.3,-21.65,1.6));
#9588=CARTESIAN_POINT('',(56.55,-21.65,1.6));
#9589=CARTESIAN_POINT('',(50.3,-21.65,2.85));
#9590=CARTESIAN_POINT('Origin',(51.,-21.,4.1));
#9591=CARTESIAN_POINT('',(51.,-20.3,4.1));
#9592=CARTESIAN_POINT('',(50.3,-21.,4.1));
#9593=CARTESIAN_POINT('Origin',(51.,-21.,4.1));
#9594=CARTESIAN_POINT('',(50.3,-21.,1.6));
#9595=CARTESIAN_POINT('',(50.3,-21.,4.1));
#9596=CARTESIAN_POINT('',(51.,-20.3,1.6));
#9597=CARTESIAN_POINT('Origin',(51.,-21.,1.6));
#9598=CARTESIAN_POINT('',(51.,-20.3,4.1));
#9599=CARTESIAN_POINT('Origin',(50.3,-34.3,4.1));
#9600=CARTESIAN_POINT('',(50.3,-33.6,4.1));
#9601=CARTESIAN_POINT('',(50.3,-35.55,4.1));
#9602=CARTESIAN_POINT('',(50.3,-33.6,1.6));
#9603=CARTESIAN_POINT('',(50.3,-33.6,4.1));
#9604=CARTESIAN_POINT('',(50.3,-31.55,1.6));
#9605=CARTESIAN_POINT('',(50.3,-35.55,1.6));
#9606=CARTESIAN_POINT('',(50.3,-31.55,2.85));
#9607=CARTESIAN_POINT('',(50.3,-35.55,1.6));
#9608=CARTESIAN_POINT('Origin',(58.,-41.35,1.6));
#9609=CARTESIAN_POINT('',(57.3,-41.35,2.95));
#9610=CARTESIAN_POINT('',(58.,-40.65,2.95));
#9611=CARTESIAN_POINT('Origin',(58.,-41.35,2.95));
#9612=CARTESIAN_POINT('',(57.3,-41.35,1.6));
#9613=CARTESIAN_POINT('',(57.3,-41.35,1.6));
#9614=CARTESIAN_POINT('',(58.,-40.65,1.6));
#9615=CARTESIAN_POINT('Origin',(58.,-41.35,1.6));
#9616=CARTESIAN_POINT('',(58.,-40.65,1.6));
#9617=CARTESIAN_POINT('Origin',(65.3000001192093,-45.6,2.95));
#9618=CARTESIAN_POINT('',(58.3,-40.65,2.95));
#9619=CARTESIAN_POINT('',(57.3,-40.65,2.95));
#9620=CARTESIAN_POINT('',(58.3,-50.55,2.95));
#9621=CARTESIAN_POINT('',(58.3,-49.45,2.95));
#9622=CARTESIAN_POINT('',(58.,-50.55,2.95));
#9623=CARTESIAN_POINT('',(73.3000002384186,-50.55,2.95));
#9624=CARTESIAN_POINT('',(57.3,-49.85,2.95));
#9625=CARTESIAN_POINT('Origin',(58.,-49.85,2.95));
#9626=CARTESIAN_POINT('',(57.3,-50.55,2.95));
#9627=CARTESIAN_POINT('Origin',(73.3000002384186,-40.65,1.6));
#9628=CARTESIAN_POINT('',(58.3,-40.65,1.6));
#9629=CARTESIAN_POINT('',(60.5500001192093,-40.65,1.6));
#9630=CARTESIAN_POINT('',(58.3,-40.65,2.85));
#9631=CARTESIAN_POINT('Origin',(59.,-40.,4.1));
#9632=CARTESIAN_POINT('',(59.,-39.3,4.1));
#9633=CARTESIAN_POINT('',(58.3,-40.,4.1));
#9634=CARTESIAN_POINT('Origin',(59.,-40.,4.1));
#9635=CARTESIAN_POINT('',(58.3,-40.,1.6));
#9636=CARTESIAN_POINT('',(58.3,-40.,4.1));
#9637=CARTESIAN_POINT('',(59.,-39.3,1.6));
#9638=CARTESIAN_POINT('Origin',(59.,-40.,1.6));
#9639=CARTESIAN_POINT('',(59.,-39.3,4.1));
#9640=CARTESIAN_POINT('Origin',(58.3,-53.3,4.1));
#9641=CARTESIAN_POINT('',(58.3,-52.6,4.1));
#9642=CARTESIAN_POINT('',(58.3,-45.05,4.1));
#9643=CARTESIAN_POINT('',(58.3,-52.6,1.6));
#9644=CARTESIAN_POINT('',(58.3,-52.6,4.1));
#9645=CARTESIAN_POINT('',(58.3,-50.55,1.6));
#9646=CARTESIAN_POINT('',(58.3,-45.05,1.6));
#9647=CARTESIAN_POINT('',(58.3,-50.55,2.85));
#9648=CARTESIAN_POINT('',(58.3,-45.05,1.6));
#9649=CARTESIAN_POINT('Origin',(69.,-22.35,1.6));
#9650=CARTESIAN_POINT('',(68.3,-22.35,2.95));
#9651=CARTESIAN_POINT('',(69.,-21.65,2.95));
#9652=CARTESIAN_POINT('Origin',(69.,-22.35,2.95));
#9653=CARTESIAN_POINT('',(68.3,-22.35,1.6));
#9654=CARTESIAN_POINT('',(68.3,-22.35,1.6));
#9655=CARTESIAN_POINT('',(69.,-21.65,1.6));
#9656=CARTESIAN_POINT('Origin',(69.,-22.35,1.6));
#9657=CARTESIAN_POINT('',(69.,-21.65,1.6));
#9658=CARTESIAN_POINT('Origin',(76.3,-26.6,2.95));
#9659=CARTESIAN_POINT('',(69.3,-21.65,2.95));
#9660=CARTESIAN_POINT('',(68.3,-21.65,2.95));
#9661=CARTESIAN_POINT('',(69.3,-31.55,2.95));
#9662=CARTESIAN_POINT('',(69.3,-30.45,2.95));
#9663=CARTESIAN_POINT('',(69.,-31.55,2.95));
#9664=CARTESIAN_POINT('',(84.3,-31.55,2.95));
#9665=CARTESIAN_POINT('',(68.3,-30.85,2.95));
#9666=CARTESIAN_POINT('Origin',(69.,-30.85,2.95));
#9667=CARTESIAN_POINT('',(68.3,-31.55,2.95));
#9668=CARTESIAN_POINT('Origin',(84.3,-21.65,1.6));
#9669=CARTESIAN_POINT('',(69.3,-21.65,1.6));
#9670=CARTESIAN_POINT('',(66.05,-21.65,1.6));
#9671=CARTESIAN_POINT('',(69.3,-21.65,2.85));
#9672=CARTESIAN_POINT('Origin',(70.,-21.,4.1));
#9673=CARTESIAN_POINT('',(70.,-20.3,4.1));
#9674=CARTESIAN_POINT('',(69.3,-21.,4.1));
#9675=CARTESIAN_POINT('Origin',(70.,-21.,4.1));
#9676=CARTESIAN_POINT('',(69.3,-21.,1.6));
#9677=CARTESIAN_POINT('',(69.3,-21.,4.1));
#9678=CARTESIAN_POINT('',(70.,-20.3,1.6));
#9679=CARTESIAN_POINT('Origin',(70.,-21.,1.6));
#9680=CARTESIAN_POINT('',(70.,-20.3,4.1));
#9681=CARTESIAN_POINT('Origin',(69.3,-34.3,4.1));
#9682=CARTESIAN_POINT('',(69.3,-33.6,4.1));
#9683=CARTESIAN_POINT('',(69.3,-35.55,4.1));
#9684=CARTESIAN_POINT('',(69.3,-33.6,1.6));
#9685=CARTESIAN_POINT('',(69.3,-33.6,4.1));
#9686=CARTESIAN_POINT('',(69.3,-31.55,1.6));
#9687=CARTESIAN_POINT('',(69.3,-35.55,1.6));
#9688=CARTESIAN_POINT('',(69.3,-31.55,2.85));
#9689=CARTESIAN_POINT('',(69.3,-35.55,1.6));
#9690=CARTESIAN_POINT('Origin',(77.,-41.35,1.6));
#9691=CARTESIAN_POINT('',(76.3,-41.35,2.95));
#9692=CARTESIAN_POINT('',(77.,-40.65,2.95));
#9693=CARTESIAN_POINT('Origin',(77.,-41.35,2.95));
#9694=CARTESIAN_POINT('',(76.3,-41.35,1.6));
#9695=CARTESIAN_POINT('',(76.3,-41.35,1.6));
#9696=CARTESIAN_POINT('',(77.,-40.65,1.6));
#9697=CARTESIAN_POINT('Origin',(77.,-41.35,1.6));
#9698=CARTESIAN_POINT('',(77.,-40.65,1.6));
#9699=CARTESIAN_POINT('Origin',(84.3000001192093,-45.6,2.95));
#9700=CARTESIAN_POINT('',(77.3,-40.65,2.95));
#9701=CARTESIAN_POINT('',(76.3,-40.65,2.95));
#9702=CARTESIAN_POINT('',(77.3,-50.55,2.95));
#9703=CARTESIAN_POINT('',(77.3,-49.45,2.95));
#9704=CARTESIAN_POINT('',(77.,-50.55,2.95));
#9705=CARTESIAN_POINT('',(92.3000002384186,-50.55,2.95));
#9706=CARTESIAN_POINT('',(76.3,-49.85,2.95));
#9707=CARTESIAN_POINT('Origin',(77.,-49.85,2.95));
#9708=CARTESIAN_POINT('',(76.3,-50.55,2.95));
#9709=CARTESIAN_POINT('Origin',(92.3000002384186,-40.65,1.6));
#9710=CARTESIAN_POINT('',(77.3,-40.65,1.6));
#9711=CARTESIAN_POINT('',(70.0500001192093,-40.65,1.6));
#9712=CARTESIAN_POINT('',(77.3,-40.65,2.85));
#9713=CARTESIAN_POINT('Origin',(78.,-40.,4.1));
#9714=CARTESIAN_POINT('',(78.,-39.3,4.1));
#9715=CARTESIAN_POINT('',(77.3,-40.,4.1));
#9716=CARTESIAN_POINT('Origin',(78.,-40.,4.1));
#9717=CARTESIAN_POINT('',(77.3,-40.,1.6));
#9718=CARTESIAN_POINT('',(77.3,-40.,4.1));
#9719=CARTESIAN_POINT('',(78.,-39.3,1.6));
#9720=CARTESIAN_POINT('Origin',(78.,-40.,1.6));
#9721=CARTESIAN_POINT('',(78.,-39.3,4.1));
#9722=CARTESIAN_POINT('Origin',(77.3,-53.3,4.1));
#9723=CARTESIAN_POINT('',(77.3,-52.6,4.1));
#9724=CARTESIAN_POINT('',(77.3,-45.05,4.1));
#9725=CARTESIAN_POINT('',(77.3,-52.6,1.6));
#9726=CARTESIAN_POINT('',(77.3,-52.6,4.1));
#9727=CARTESIAN_POINT('',(77.3,-50.55,1.6));
#9728=CARTESIAN_POINT('',(77.3,-45.05,1.6));
#9729=CARTESIAN_POINT('',(77.3,-50.55,2.85));
#9730=CARTESIAN_POINT('',(77.3,-45.05,1.6));
#9731=CARTESIAN_POINT('Origin',(43.7,-60.35,1.6));
#9732=CARTESIAN_POINT('',(43.,-60.35,2.95));
#9733=CARTESIAN_POINT('',(43.7,-59.65,2.95));
#9734=CARTESIAN_POINT('Origin',(43.7,-60.35,2.95));
#9735=CARTESIAN_POINT('',(43.,-60.35,1.6));
#9736=CARTESIAN_POINT('',(43.,-60.35,1.6));
#9737=CARTESIAN_POINT('',(43.7,-59.65,1.6));
#9738=CARTESIAN_POINT('Origin',(43.7,-60.35,1.6));
#9739=CARTESIAN_POINT('',(43.7,-59.65,1.6));
#9740=CARTESIAN_POINT('Origin',(51.,-64.6,2.95));
#9741=CARTESIAN_POINT('',(44.,-59.65,2.95));
#9742=CARTESIAN_POINT('',(43.,-59.65,2.95));
#9743=CARTESIAN_POINT('',(44.,-69.55,2.95));
#9744=CARTESIAN_POINT('',(44.,-68.45,2.95));
#9745=CARTESIAN_POINT('',(43.7,-69.55,2.95));
#9746=CARTESIAN_POINT('',(59.,-69.55,2.95));
#9747=CARTESIAN_POINT('',(43.,-68.85,2.95));
#9748=CARTESIAN_POINT('Origin',(43.7,-68.85,2.95));
#9749=CARTESIAN_POINT('',(43.,-69.55,2.95));
#9750=CARTESIAN_POINT('Origin',(59.,-59.65,1.6));
#9751=CARTESIAN_POINT('',(44.,-59.65,1.6));
#9752=CARTESIAN_POINT('',(53.4,-59.65,1.6));
#9753=CARTESIAN_POINT('',(44.,-59.65,2.85));
#9754=CARTESIAN_POINT('Origin',(44.7,-59.,4.1));
#9755=CARTESIAN_POINT('',(44.7,-58.3,4.1));
#9756=CARTESIAN_POINT('',(44.,-59.,4.1));
#9757=CARTESIAN_POINT('Origin',(44.7,-59.,4.1));
#9758=CARTESIAN_POINT('',(44.,-59.,1.6));
#9759=CARTESIAN_POINT('',(44.,-59.,4.1));
#9760=CARTESIAN_POINT('',(44.7,-58.3,1.6));
#9761=CARTESIAN_POINT('Origin',(44.7,-59.,1.6));
#9762=CARTESIAN_POINT('',(44.7,-58.3,4.1));
#9763=CARTESIAN_POINT('Origin',(44.,-72.3,4.1));
#9764=CARTESIAN_POINT('',(44.,-71.6,4.1));
#9765=CARTESIAN_POINT('',(44.,-54.55,4.1));
#9766=CARTESIAN_POINT('',(44.,-71.6,1.6));
#9767=CARTESIAN_POINT('',(44.,-71.6,4.1));
#9768=CARTESIAN_POINT('',(44.,-69.55,1.6));
#9769=CARTESIAN_POINT('',(44.,-54.55,1.6));
#9770=CARTESIAN_POINT('',(44.,-69.55,2.85));
#9771=CARTESIAN_POINT('',(44.,-54.55,1.6));
#9772=CARTESIAN_POINT('Origin',(72.3,-60.35,1.6));
#9773=CARTESIAN_POINT('',(71.6,-60.35,2.95));
#9774=CARTESIAN_POINT('',(72.3,-59.65,2.95));
#9775=CARTESIAN_POINT('Origin',(72.3,-60.35,2.95));
#9776=CARTESIAN_POINT('',(71.6,-60.35,1.6));
#9777=CARTESIAN_POINT('',(71.6,-60.35,1.6));
#9778=CARTESIAN_POINT('',(72.3,-59.65,1.6));
#9779=CARTESIAN_POINT('Origin',(72.3,-60.35,1.6));
#9780=CARTESIAN_POINT('',(72.3,-59.65,1.6));
#9781=CARTESIAN_POINT('Origin',(79.6,-64.6,2.95));
#9782=CARTESIAN_POINT('',(72.6,-59.65,2.95));
#9783=CARTESIAN_POINT('',(71.6,-59.65,2.95));
#9784=CARTESIAN_POINT('',(72.6,-69.55,2.95));
#9785=CARTESIAN_POINT('',(72.6,-68.45,2.95));
#9786=CARTESIAN_POINT('',(72.3,-69.55,2.95));
#9787=CARTESIAN_POINT('',(87.5999999999999,-69.55,2.95));
#9788=CARTESIAN_POINT('',(71.6,-68.85,2.95));
#9789=CARTESIAN_POINT('Origin',(72.3,-68.85,2.95));
#9790=CARTESIAN_POINT('',(71.6,-69.55,2.95));
#9791=CARTESIAN_POINT('Origin',(87.5999999999999,-59.65,1.6));
#9792=CARTESIAN_POINT('',(72.6,-59.65,1.6));
#9793=CARTESIAN_POINT('',(67.7,-59.65,1.6));
#9794=CARTESIAN_POINT('',(72.6,-59.65,2.85));
#9795=CARTESIAN_POINT('Origin',(73.3,-59.,4.1));
#9796=CARTESIAN_POINT('',(73.3,-58.3,4.1));
#9797=CARTESIAN_POINT('',(72.6,-59.,4.1));
#9798=CARTESIAN_POINT('Origin',(73.3,-59.,4.1));
#9799=CARTESIAN_POINT('',(72.6,-59.,1.6));
#9800=CARTESIAN_POINT('',(72.6,-59.,4.1));
#9801=CARTESIAN_POINT('',(73.3,-58.3,1.6));
#9802=CARTESIAN_POINT('Origin',(73.3,-59.,1.6));
#9803=CARTESIAN_POINT('',(73.3,-58.3,4.1));
#9804=CARTESIAN_POINT('Origin',(72.6,-72.3000000000001,4.1));
#9805=CARTESIAN_POINT('',(72.6,-71.6000000000001,4.1));
#9806=CARTESIAN_POINT('',(72.6,-54.55,4.1));
#9807=CARTESIAN_POINT('',(72.6,-71.6000000000001,1.6));
#9808=CARTESIAN_POINT('',(72.6,-71.6000000000001,4.1));
#9809=CARTESIAN_POINT('',(72.6,-69.55,1.6));
#9810=CARTESIAN_POINT('',(72.6,-54.55,1.6));
#9811=CARTESIAN_POINT('',(72.6,-69.55,2.85));
#9812=CARTESIAN_POINT('',(72.6,-54.55,1.6));
#9813=CARTESIAN_POINT('Origin',(93.6,-2.,4.1));
#9814=CARTESIAN_POINT('',(94.3,-2.,4.1));
#9815=CARTESIAN_POINT('',(93.6,-1.3,4.1));
#9816=CARTESIAN_POINT('Origin',(93.6,-2.,4.1));
#9817=CARTESIAN_POINT('',(93.6,-1.3,1.6));
#9818=CARTESIAN_POINT('',(93.6,-1.3,4.1));
#9819=CARTESIAN_POINT('',(94.3,-2.,1.6));
#9820=CARTESIAN_POINT('Origin',(93.6,-2.,1.6));
#9821=CARTESIAN_POINT('',(94.3,-2.,4.1));
#9822=CARTESIAN_POINT('Origin',(80.3,-1.3,4.1));
#9823=CARTESIAN_POINT('',(64.05,-1.3,1.6));
#9824=CARTESIAN_POINT('',(64.05,-1.3,4.1));
#9825=CARTESIAN_POINT('Origin',(94.6,-3.35,1.6));
#9826=CARTESIAN_POINT('',(94.6,-2.65,2.95));
#9827=CARTESIAN_POINT('',(95.3,-3.35,2.95));
#9828=CARTESIAN_POINT('Origin',(94.6,-3.35,2.95));
#9829=CARTESIAN_POINT('',(94.6,-2.65,1.6));
#9830=CARTESIAN_POINT('',(94.6,-2.65,1.6));
#9831=CARTESIAN_POINT('',(95.3,-3.35,1.6));
#9832=CARTESIAN_POINT('Origin',(94.6,-3.35,1.6));
#9833=CARTESIAN_POINT('',(95.3,-3.35,1.6));
#9834=CARTESIAN_POINT('Origin',(87.3,-8.1,2.95));
#9835=CARTESIAN_POINT('',(95.3,-12.85,2.95));
#9836=CARTESIAN_POINT('',(95.3,-2.65,2.95));
#9837=CARTESIAN_POINT('',(94.6,-13.55,2.95));
#9838=CARTESIAN_POINT('Origin',(94.6,-12.85,2.95));
#9839=CARTESIAN_POINT('',(94.3,-13.55,2.95));
#9840=CARTESIAN_POINT('',(95.3,-13.55,2.95));
#9841=CARTESIAN_POINT('',(94.3,-2.65,2.95));
#9842=CARTESIAN_POINT('',(94.3,-4.7,2.95));
#9843=CARTESIAN_POINT('',(79.3,-2.65,2.95));
#9844=CARTESIAN_POINT('Origin',(95.3,-13.55,1.6));
#9845=CARTESIAN_POINT('',(95.3,-12.85,1.6));
#9846=CARTESIAN_POINT('',(95.3,-25.175,1.6));
#9847=CARTESIAN_POINT('',(95.3,-12.85,1.6));
#9848=CARTESIAN_POINT('Origin',(85.9,-59.,4.1));
#9849=CARTESIAN_POINT('',(86.6,-59.,4.1));
#9850=CARTESIAN_POINT('',(85.9,-58.3,4.1));
#9851=CARTESIAN_POINT('Origin',(85.9,-59.,4.1));
#9852=CARTESIAN_POINT('',(85.9,-58.3,1.6));
#9853=CARTESIAN_POINT('',(85.9,-58.3,4.1));
#9854=CARTESIAN_POINT('',(86.6,-59.,1.6));
#9855=CARTESIAN_POINT('Origin',(85.9,-59.,1.6));
#9856=CARTESIAN_POINT('',(86.6,-59.,4.1));
#9857=CARTESIAN_POINT('Origin',(72.6,-58.3,4.1));
#9858=CARTESIAN_POINT('',(60.2,-58.3,1.6));
#9859=CARTESIAN_POINT('',(60.2,-58.3,4.1));
#9860=CARTESIAN_POINT('Origin',(86.8999999999999,-60.35,1.6));
#9861=CARTESIAN_POINT('',(86.8999999999999,-59.65,2.95));
#9862=CARTESIAN_POINT('',(87.5999999999999,-60.35,2.95));
#9863=CARTESIAN_POINT('Origin',(86.8999999999999,-60.35,2.95));
#9864=CARTESIAN_POINT('',(86.8999999999999,-59.65,1.6));
#9865=CARTESIAN_POINT('',(86.8999999999999,-59.65,1.6));
#9866=CARTESIAN_POINT('',(87.5999999999999,-60.35,1.6));
#9867=CARTESIAN_POINT('Origin',(86.8999999999999,-60.35,1.6));
#9868=CARTESIAN_POINT('',(87.5999999999999,-60.35,1.6));
#9869=CARTESIAN_POINT('Origin',(79.6,-64.6,2.95));
#9870=CARTESIAN_POINT('',(87.5999999999999,-68.85,2.95));
#9871=CARTESIAN_POINT('',(87.5999999999999,-59.65,2.95));
#9872=CARTESIAN_POINT('',(86.8999999999999,-69.55,2.95));
#9873=CARTESIAN_POINT('Origin',(86.8999999999999,-68.85,2.95));
#9874=CARTESIAN_POINT('',(86.6,-69.55,2.95));
#9875=CARTESIAN_POINT('',(87.5999999999999,-69.55,2.95));
#9876=CARTESIAN_POINT('',(86.6,-59.65,2.95));
#9877=CARTESIAN_POINT('',(86.6,-61.45,2.95));
#9878=CARTESIAN_POINT('',(71.6,-59.65,2.95));
#9879=CARTESIAN_POINT('Origin',(87.5999999999999,-69.55,1.6));
#9880=CARTESIAN_POINT('',(87.5999999999999,-68.85,1.6));
#9881=CARTESIAN_POINT('',(87.5999999999999,-53.175,1.6));
#9882=CARTESIAN_POINT('',(87.5999999999999,-68.85,1.6));
#9883=CARTESIAN_POINT('Origin',(90.6,-40.,4.1));
#9884=CARTESIAN_POINT('',(91.3,-40.,4.1));
#9885=CARTESIAN_POINT('',(90.6,-39.3,4.1));
#9886=CARTESIAN_POINT('Origin',(90.6,-40.,4.1));
#9887=CARTESIAN_POINT('',(90.6,-39.3,1.6));
#9888=CARTESIAN_POINT('',(90.6,-39.3,4.1));
#9889=CARTESIAN_POINT('',(91.3,-40.,1.6));
#9890=CARTESIAN_POINT('Origin',(90.6,-40.,1.6));
#9891=CARTESIAN_POINT('',(91.3,-40.,4.1));
#9892=CARTESIAN_POINT('Origin',(77.3,-39.3,4.1));
#9893=CARTESIAN_POINT('',(62.55,-39.3,1.6));
#9894=CARTESIAN_POINT('',(62.55,-39.3,4.1));
#9895=CARTESIAN_POINT('Origin',(91.6000002384186,-41.35,1.6));
#9896=CARTESIAN_POINT('',(91.6000002384186,-40.65,2.95));
#9897=CARTESIAN_POINT('',(92.3000002384186,-41.35,2.95));
#9898=CARTESIAN_POINT('Origin',(91.6000002384186,-41.35,2.95));
#9899=CARTESIAN_POINT('',(91.6000002384186,-40.65,1.6));
#9900=CARTESIAN_POINT('',(91.6000002384186,-40.65,1.6));
#9901=CARTESIAN_POINT('',(92.3000002384186,-41.35,1.6));
#9902=CARTESIAN_POINT('Origin',(91.6000002384186,-41.35,1.6));
#9903=CARTESIAN_POINT('',(92.3000002384186,-41.35,1.6));
#9904=CARTESIAN_POINT('Origin',(84.3000001192093,-45.6,2.95));
#9905=CARTESIAN_POINT('',(92.3000002384186,-49.85,2.95));
#9906=CARTESIAN_POINT('',(92.3000002384186,-40.65,2.95));
#9907=CARTESIAN_POINT('',(91.6000002384186,-50.55,2.95));
#9908=CARTESIAN_POINT('Origin',(91.6000002384186,-49.85,2.95));
#9909=CARTESIAN_POINT('',(91.3,-50.55,2.95));
#9910=CARTESIAN_POINT('',(92.3000002384186,-50.55,2.95));
#9911=CARTESIAN_POINT('',(91.3,-40.65,2.95));
#9912=CARTESIAN_POINT('',(91.3,-42.45,2.95));
#9913=CARTESIAN_POINT('',(76.3,-40.65,2.95));
#9914=CARTESIAN_POINT('Origin',(92.3000002384186,-50.55,1.6));
#9915=CARTESIAN_POINT('',(92.3000002384186,-49.85,1.6));
#9916=CARTESIAN_POINT('',(92.3000002384186,-43.675,1.6));
#9917=CARTESIAN_POINT('',(92.3000002384186,-49.85,1.6));
#9918=CARTESIAN_POINT('Origin',(82.6,-21.,4.1));
#9919=CARTESIAN_POINT('',(83.3,-21.,4.1));
#9920=CARTESIAN_POINT('',(82.6,-20.3,4.1));
#9921=CARTESIAN_POINT('Origin',(82.6,-21.,4.1));
#9922=CARTESIAN_POINT('',(82.6,-20.3,1.6));
#9923=CARTESIAN_POINT('',(82.6,-20.3,4.1));
#9924=CARTESIAN_POINT('',(83.3,-21.,1.6));
#9925=CARTESIAN_POINT('Origin',(82.6,-21.,1.6));
#9926=CARTESIAN_POINT('',(83.3,-21.,4.1));
#9927=CARTESIAN_POINT('Origin',(69.3,-20.3,4.1));
#9928=CARTESIAN_POINT('',(58.55,-20.3,1.6));
#9929=CARTESIAN_POINT('',(58.55,-20.3,4.1));
#9930=CARTESIAN_POINT('Origin',(83.6,-22.35,1.6));
#9931=CARTESIAN_POINT('',(83.6,-21.65,2.95));
#9932=CARTESIAN_POINT('',(84.3,-22.35,2.95));
#9933=CARTESIAN_POINT('Origin',(83.6,-22.35,2.95));
#9934=CARTESIAN_POINT('',(83.6,-21.65,1.6));
#9935=CARTESIAN_POINT('',(83.6,-21.65,1.6));
#9936=CARTESIAN_POINT('',(84.3,-22.35,1.6));
#9937=CARTESIAN_POINT('Origin',(83.6,-22.35,1.6));
#9938=CARTESIAN_POINT('',(84.3,-22.35,1.6));
#9939=CARTESIAN_POINT('Origin',(76.3,-26.6,2.95));
#9940=CARTESIAN_POINT('',(84.3,-30.85,2.95));
#9941=CARTESIAN_POINT('',(84.3,-21.65,2.95));
#9942=CARTESIAN_POINT('',(83.6,-31.55,2.95));
#9943=CARTESIAN_POINT('Origin',(83.6,-30.85,2.95));
#9944=CARTESIAN_POINT('',(83.3,-31.55,2.95));
#9945=CARTESIAN_POINT('',(84.3,-31.55,2.95));
#9946=CARTESIAN_POINT('',(83.3,-21.65,2.95));
#9947=CARTESIAN_POINT('',(83.3,-23.45,2.95));
#9948=CARTESIAN_POINT('',(68.3,-21.65,2.95));
#9949=CARTESIAN_POINT('Origin',(84.3,-31.55,1.6));
#9950=CARTESIAN_POINT('',(84.3,-30.85,1.6));
#9951=CARTESIAN_POINT('',(84.3,-34.175,1.6));
#9952=CARTESIAN_POINT('',(84.3,-30.85,1.6));
#9953=CARTESIAN_POINT('Origin',(74.6,-2.,4.1));
#9954=CARTESIAN_POINT('',(75.3,-2.,4.1));
#9955=CARTESIAN_POINT('',(74.6,-1.3,4.1));
#9956=CARTESIAN_POINT('Origin',(74.6,-2.,4.1));
#9957=CARTESIAN_POINT('',(74.6,-1.3,1.6));
#9958=CARTESIAN_POINT('',(74.6,-1.3,4.1));
#9959=CARTESIAN_POINT('',(75.3,-2.,1.6));
#9960=CARTESIAN_POINT('Origin',(74.6,-2.,1.6));
#9961=CARTESIAN_POINT('',(75.3,-2.,4.1));
#9962=CARTESIAN_POINT('Origin',(61.3,-1.3,4.1));
#9963=CARTESIAN_POINT('',(54.55,-1.3,1.6));
#9964=CARTESIAN_POINT('',(54.55,-1.3,4.1));
#9965=CARTESIAN_POINT('Origin',(75.6,-3.35,1.6));
#9966=CARTESIAN_POINT('',(75.6,-2.65,2.95));
#9967=CARTESIAN_POINT('',(76.3,-3.35,2.95));
#9968=CARTESIAN_POINT('Origin',(75.6,-3.35,2.95));
#9969=CARTESIAN_POINT('',(75.6,-2.65,1.6));
#9970=CARTESIAN_POINT('',(75.6,-2.65,1.6));
#9971=CARTESIAN_POINT('',(76.3,-3.35,1.6));
#9972=CARTESIAN_POINT('Origin',(75.6,-3.35,1.6));
#9973=CARTESIAN_POINT('',(76.3,-3.35,1.6));
#9974=CARTESIAN_POINT('Origin',(68.3,-8.1,2.95));
#9975=CARTESIAN_POINT('',(76.3,-12.85,2.95));
#9976=CARTESIAN_POINT('',(76.3,-2.65,2.95));
#9977=CARTESIAN_POINT('',(75.6,-13.55,2.95));
#9978=CARTESIAN_POINT('Origin',(75.6,-12.85,2.95));
#9979=CARTESIAN_POINT('',(75.3,-13.55,2.95));
#9980=CARTESIAN_POINT('',(76.3,-13.55,2.95));
#9981=CARTESIAN_POINT('',(75.3,-2.65,2.95));
#9982=CARTESIAN_POINT('',(75.3,-4.7,2.95));
#9983=CARTESIAN_POINT('',(60.3,-2.65,2.95));
#9984=CARTESIAN_POINT('Origin',(76.3,-13.55,1.6));
#9985=CARTESIAN_POINT('',(76.3,-12.85,1.6));
#9986=CARTESIAN_POINT('',(76.3,-25.175,1.6));
#9987=CARTESIAN_POINT('',(76.3,-12.85,1.6));
#9988=CARTESIAN_POINT('Origin',(55.6,-2.,4.1));
#9989=CARTESIAN_POINT('',(56.3,-2.,4.1));
#9990=CARTESIAN_POINT('',(55.6,-1.3,4.1));
#9991=CARTESIAN_POINT('Origin',(55.6,-2.,4.1));
#9992=CARTESIAN_POINT('',(55.6,-1.3,1.6));
#9993=CARTESIAN_POINT('',(55.6,-1.3,4.1));
#9994=CARTESIAN_POINT('',(56.3,-2.,1.6));
#9995=CARTESIAN_POINT('Origin',(55.6,-2.,1.6));
#9996=CARTESIAN_POINT('',(56.3,-2.,4.1));
#9997=CARTESIAN_POINT('Origin',(42.3,-1.3,4.1));
#9998=CARTESIAN_POINT('',(45.05,-1.3,1.6));
#9999=CARTESIAN_POINT('',(45.05,-1.3,4.1));
#10000=CARTESIAN_POINT('Origin',(56.6,-3.35,1.6));
#10001=CARTESIAN_POINT('',(56.6,-2.65,2.95));
#10002=CARTESIAN_POINT('',(57.3,-3.35,2.95));
#10003=CARTESIAN_POINT('Origin',(56.6,-3.35,2.95));
#10004=CARTESIAN_POINT('',(56.6,-2.65,1.6));
#10005=CARTESIAN_POINT('',(56.6,-2.65,1.6));
#10006=CARTESIAN_POINT('',(57.3,-3.35,1.6));
#10007=CARTESIAN_POINT('Origin',(56.6,-3.35,1.6));
#10008=CARTESIAN_POINT('',(57.3,-3.35,1.6));
#10009=CARTESIAN_POINT('Origin',(57.3,-2.65,1.6));
#10010=CARTESIAN_POINT('',(56.3,-2.65,2.95));
#10011=CARTESIAN_POINT('',(41.3,-2.65,2.95));
#10012=CARTESIAN_POINT('',(56.3,-2.65,1.6));
#10013=CARTESIAN_POINT('',(56.3,-2.65,2.85));
#10014=CARTESIAN_POINT('',(52.55,-2.65,1.6));
#10015=CARTESIAN_POINT('Origin',(63.6,-21.,4.1));
#10016=CARTESIAN_POINT('',(64.3,-21.,4.1));
#10017=CARTESIAN_POINT('',(63.6,-20.3,4.1));
#10018=CARTESIAN_POINT('Origin',(63.6,-21.,4.1));
#10019=CARTESIAN_POINT('',(63.6,-20.3,1.6));
#10020=CARTESIAN_POINT('',(63.6,-20.3,4.1));
#10021=CARTESIAN_POINT('',(64.3,-21.,1.6));
#10022=CARTESIAN_POINT('Origin',(63.6,-21.,1.6));
#10023=CARTESIAN_POINT('',(64.3,-21.,4.1));
#10024=CARTESIAN_POINT('Origin',(50.3,-20.3,4.1));
#10025=CARTESIAN_POINT('',(49.05,-20.3,1.6));
#10026=CARTESIAN_POINT('',(49.05,-20.3,4.1));
#10027=CARTESIAN_POINT('Origin',(64.6,-22.35,1.6));
#10028=CARTESIAN_POINT('',(64.6,-21.65,2.95));
#10029=CARTESIAN_POINT('',(65.3,-22.35,2.95));
#10030=CARTESIAN_POINT('Origin',(64.6,-22.35,2.95));
#10031=CARTESIAN_POINT('',(64.6,-21.65,1.6));
#10032=CARTESIAN_POINT('',(64.6,-21.65,1.6));
#10033=CARTESIAN_POINT('',(65.3,-22.35,1.6));
#10034=CARTESIAN_POINT('Origin',(64.6,-22.35,1.6));
#10035=CARTESIAN_POINT('',(65.3,-22.35,1.6));
#10036=CARTESIAN_POINT('Origin',(57.3,-26.6,2.95));
#10037=CARTESIAN_POINT('',(65.3,-30.85,2.95));
#10038=CARTESIAN_POINT('',(65.3,-21.65,2.95));
#10039=CARTESIAN_POINT('',(64.6,-31.55,2.95));
#10040=CARTESIAN_POINT('Origin',(64.6,-30.85,2.95));
#10041=CARTESIAN_POINT('',(64.3,-31.55,2.95));
#10042=CARTESIAN_POINT('',(65.3,-31.55,2.95));
#10043=CARTESIAN_POINT('',(64.3,-21.65,2.95));
#10044=CARTESIAN_POINT('',(64.3,-23.45,2.95));
#10045=CARTESIAN_POINT('',(49.3,-21.65,2.95));
#10046=CARTESIAN_POINT('Origin',(65.3,-31.55,1.6));
#10047=CARTESIAN_POINT('',(65.3,-30.85,1.6));
#10048=CARTESIAN_POINT('',(65.3,-34.175,1.6));
#10049=CARTESIAN_POINT('',(65.3,-30.85,1.6));
#10050=CARTESIAN_POINT('Origin',(71.6,-40.,4.1));
#10051=CARTESIAN_POINT('',(72.3,-40.,4.1));
#10052=CARTESIAN_POINT('',(71.6,-39.3,4.1));
#10053=CARTESIAN_POINT('Origin',(71.6,-40.,4.1));
#10054=CARTESIAN_POINT('',(71.6,-39.3,1.6));
#10055=CARTESIAN_POINT('',(71.6,-39.3,4.1));
#10056=CARTESIAN_POINT('',(72.3,-40.,1.6));
#10057=CARTESIAN_POINT('Origin',(71.6,-40.,1.6));
#10058=CARTESIAN_POINT('',(72.3,-40.,4.1));
#10059=CARTESIAN_POINT('Origin',(58.3,-39.3,4.1));
#10060=CARTESIAN_POINT('',(53.05,-39.3,1.6));
#10061=CARTESIAN_POINT('',(53.05,-39.3,4.1));
#10062=CARTESIAN_POINT('Origin',(72.6000002384186,-41.35,1.6));
#10063=CARTESIAN_POINT('',(72.6000002384186,-40.65,2.95));
#10064=CARTESIAN_POINT('',(73.3000002384186,-41.35,2.95));
#10065=CARTESIAN_POINT('Origin',(72.6000002384186,-41.35,2.95));
#10066=CARTESIAN_POINT('',(72.6000002384186,-40.65,1.6));
#10067=CARTESIAN_POINT('',(72.6000002384186,-40.65,1.6));
#10068=CARTESIAN_POINT('',(73.3000002384186,-41.35,1.6));
#10069=CARTESIAN_POINT('Origin',(72.6000002384186,-41.35,1.6));
#10070=CARTESIAN_POINT('',(73.3000002384186,-41.35,1.6));
#10071=CARTESIAN_POINT('Origin',(65.3000001192093,-45.6,2.95));
#10072=CARTESIAN_POINT('',(73.3000002384186,-49.85,2.95));
#10073=CARTESIAN_POINT('',(73.3000002384186,-40.65,2.95));
#10074=CARTESIAN_POINT('',(72.6000002384186,-50.55,2.95));
#10075=CARTESIAN_POINT('Origin',(72.6000002384186,-49.85,2.95));
#10076=CARTESIAN_POINT('',(72.3,-50.55,2.95));
#10077=CARTESIAN_POINT('',(73.3000002384186,-50.55,2.95));
#10078=CARTESIAN_POINT('',(72.3,-40.65,2.95));
#10079=CARTESIAN_POINT('',(72.3,-42.45,2.95));
#10080=CARTESIAN_POINT('',(57.3,-40.65,2.95));
#10081=CARTESIAN_POINT('Origin',(73.3000002384186,-50.55,1.6));
#10082=CARTESIAN_POINT('',(73.3000002384186,-49.85,1.6));
#10083=CARTESIAN_POINT('',(73.3000002384186,-43.675,1.6));
#10084=CARTESIAN_POINT('',(73.3000002384186,-49.85,1.6));
#10085=CARTESIAN_POINT('Origin',(57.3,-59.,4.1));
#10086=CARTESIAN_POINT('',(58.,-59.,4.1));
#10087=CARTESIAN_POINT('',(57.3,-58.3,4.1));
#10088=CARTESIAN_POINT('Origin',(57.3,-59.,4.1));
#10089=CARTESIAN_POINT('',(57.3,-58.3,1.6));
#10090=CARTESIAN_POINT('',(57.3,-58.3,4.1));
#10091=CARTESIAN_POINT('',(58.,-59.,1.6));
#10092=CARTESIAN_POINT('Origin',(57.3,-59.,1.6));
#10093=CARTESIAN_POINT('',(58.,-59.,4.1));
#10094=CARTESIAN_POINT('Origin',(44.,-58.3,4.1));
#10095=CARTESIAN_POINT('',(45.9,-58.3,1.6));
#10096=CARTESIAN_POINT('',(45.9,-58.3,4.1));
#10097=CARTESIAN_POINT('Origin',(58.3,-60.35,1.6));
#10098=CARTESIAN_POINT('',(58.3,-59.65,2.95));
#10099=CARTESIAN_POINT('',(59.,-60.35,2.95));
#10100=CARTESIAN_POINT('Origin',(58.3,-60.35,2.95));
#10101=CARTESIAN_POINT('',(58.3,-59.65,1.6));
#10102=CARTESIAN_POINT('',(58.3,-59.65,1.6));
#10103=CARTESIAN_POINT('',(59.,-60.35,1.6));
#10104=CARTESIAN_POINT('Origin',(58.3,-60.35,1.6));
#10105=CARTESIAN_POINT('',(59.,-60.35,1.6));
#10106=CARTESIAN_POINT('Origin',(51.,-64.6,2.95));
#10107=CARTESIAN_POINT('',(59.,-68.85,2.95));
#10108=CARTESIAN_POINT('',(59.,-59.65,2.95));
#10109=CARTESIAN_POINT('',(58.3,-69.55,2.95));
#10110=CARTESIAN_POINT('Origin',(58.3,-68.85,2.95));
#10111=CARTESIAN_POINT('',(58.,-69.55,2.95));
#10112=CARTESIAN_POINT('',(59.,-69.55,2.95));
#10113=CARTESIAN_POINT('',(58.,-59.65,2.95));
#10114=CARTESIAN_POINT('',(58.,-61.45,2.95));
#10115=CARTESIAN_POINT('',(43.,-59.65,2.95));
#10116=CARTESIAN_POINT('Origin',(59.,-69.55,1.6));
#10117=CARTESIAN_POINT('',(59.,-68.85,1.6));
#10118=CARTESIAN_POINT('',(59.,-53.175,1.6));
#10119=CARTESIAN_POINT('',(59.,-68.85,1.6));
#10120=CARTESIAN_POINT('Origin',(52.6,-40.,4.1));
#10121=CARTESIAN_POINT('',(53.3,-40.,4.1));
#10122=CARTESIAN_POINT('',(52.6,-39.3,4.1));
#10123=CARTESIAN_POINT('Origin',(52.6,-40.,4.1));
#10124=CARTESIAN_POINT('',(52.6,-39.3,1.6));
#10125=CARTESIAN_POINT('',(52.6,-39.3,4.1));
#10126=CARTESIAN_POINT('',(53.3,-40.,1.6));
#10127=CARTESIAN_POINT('Origin',(52.6,-40.,1.6));
#10128=CARTESIAN_POINT('',(53.3,-40.,4.1));
#10129=CARTESIAN_POINT('Origin',(39.3,-39.3,4.1));
#10130=CARTESIAN_POINT('',(43.55,-39.3,1.6));
#10131=CARTESIAN_POINT('',(43.55,-39.3,4.1));
#10132=CARTESIAN_POINT('Origin',(53.6000002384186,-41.35,1.6));
#10133=CARTESIAN_POINT('',(53.6000002384186,-40.65,2.95));
#10134=CARTESIAN_POINT('',(54.3000002384186,-41.35,2.95));
#10135=CARTESIAN_POINT('Origin',(53.6000002384186,-41.35,2.95));
#10136=CARTESIAN_POINT('',(53.6000002384186,-40.65,1.6));
#10137=CARTESIAN_POINT('',(53.6000002384186,-40.65,1.6));
#10138=CARTESIAN_POINT('',(54.3000002384186,-41.35,1.6));
#10139=CARTESIAN_POINT('Origin',(53.6000002384186,-41.35,1.6));
#10140=CARTESIAN_POINT('',(54.3000002384186,-41.35,1.6));
#10141=CARTESIAN_POINT('Origin',(46.3000001192093,-45.6,2.95));
#10142=CARTESIAN_POINT('',(54.3000002384186,-49.85,2.95));
#10143=CARTESIAN_POINT('',(54.3000002384186,-40.65,2.95));
#10144=CARTESIAN_POINT('',(53.6000002384186,-50.55,2.95));
#10145=CARTESIAN_POINT('Origin',(53.6000002384186,-49.85,2.95));
#10146=CARTESIAN_POINT('',(53.3,-50.55,2.95));
#10147=CARTESIAN_POINT('',(54.3000002384186,-50.55,2.95));
#10148=CARTESIAN_POINT('',(53.3,-40.65,2.95));
#10149=CARTESIAN_POINT('',(53.3,-42.45,2.95));
#10150=CARTESIAN_POINT('',(38.3,-40.65,2.95));
#10151=CARTESIAN_POINT('Origin',(54.3000002384186,-50.55,1.6));
#10152=CARTESIAN_POINT('',(54.3000002384186,-49.85,1.6));
#10153=CARTESIAN_POINT('',(54.3000002384186,-43.675,1.6));
#10154=CARTESIAN_POINT('',(54.3000002384186,-49.85,1.6));
#10155=CARTESIAN_POINT('Origin',(44.6,-21.,4.1));
#10156=CARTESIAN_POINT('',(45.3,-21.,4.1));
#10157=CARTESIAN_POINT('',(44.6,-20.3,4.1));
#10158=CARTESIAN_POINT('Origin',(44.6,-21.,4.1));
#10159=CARTESIAN_POINT('',(44.6,-20.3,1.6));
#10160=CARTESIAN_POINT('',(44.6,-20.3,4.1));
#10161=CARTESIAN_POINT('',(45.3,-21.,1.6));
#10162=CARTESIAN_POINT('Origin',(44.6,-21.,1.6));
#10163=CARTESIAN_POINT('',(45.3,-21.,4.1));
#10164=CARTESIAN_POINT('Origin',(31.3,-20.3,4.1));
#10165=CARTESIAN_POINT('',(39.55,-20.3,1.6));
#10166=CARTESIAN_POINT('',(39.55,-20.3,4.1));
#10167=CARTESIAN_POINT('Origin',(45.6,-22.35,1.6));
#10168=CARTESIAN_POINT('',(45.6,-21.65,2.95));
#10169=CARTESIAN_POINT('',(46.3,-22.35,2.95));
#10170=CARTESIAN_POINT('Origin',(45.6,-22.35,2.95));
#10171=CARTESIAN_POINT('',(45.6,-21.65,1.6));
#10172=CARTESIAN_POINT('',(45.6,-21.65,1.6));
#10173=CARTESIAN_POINT('',(46.3,-22.35,1.6));
#10174=CARTESIAN_POINT('Origin',(45.6,-22.35,1.6));
#10175=CARTESIAN_POINT('',(46.3,-22.35,1.6));
#10176=CARTESIAN_POINT('Origin',(46.3,-31.55,1.6));
#10177=CARTESIAN_POINT('',(46.3,-31.55,1.6));
#10178=CARTESIAN_POINT('',(46.3,-34.175,1.6));
#10179=CARTESIAN_POINT('',(46.3,-31.55,2.95));
#10180=CARTESIAN_POINT('',(46.3,-31.55,1.6));
#10181=CARTESIAN_POINT('',(46.3,-21.65,2.95));
#10182=CARTESIAN_POINT('Origin',(37.6,-3.35000000000001,1.6));
#10183=CARTESIAN_POINT('',(37.6,-2.65000000000001,2.95));
#10184=CARTESIAN_POINT('',(38.3,-3.35000000000001,2.95));
#10185=CARTESIAN_POINT('Origin',(37.6,-3.35000000000001,2.95));
#10186=CARTESIAN_POINT('',(37.6,-2.65000000000001,1.6));
#10187=CARTESIAN_POINT('',(37.6,-2.65000000000001,1.6));
#10188=CARTESIAN_POINT('',(38.3,-3.35000000000001,1.6));
#10189=CARTESIAN_POINT('Origin',(37.6,-3.35000000000001,1.6));
#10190=CARTESIAN_POINT('',(38.3,-3.35000000000001,1.6));
#10191=CARTESIAN_POINT('Origin',(30.3,-8.1,2.95));
#10192=CARTESIAN_POINT('',(38.3,-12.85,2.95));
#10193=CARTESIAN_POINT('',(38.3,-2.65000000000001,2.95));
#10194=CARTESIAN_POINT('',(37.6,-13.55,2.95));
#10195=CARTESIAN_POINT('Origin',(37.6,-12.85,2.95));
#10196=CARTESIAN_POINT('',(37.3,-13.55,2.95));
#10197=CARTESIAN_POINT('',(38.3,-13.55,2.95));
#10198=CARTESIAN_POINT('',(37.3,-2.65000000000001,2.95));
#10199=CARTESIAN_POINT('',(37.3,-4.7,2.95));
#10200=CARTESIAN_POINT('',(22.3,-2.65,2.95));
#10201=CARTESIAN_POINT('Origin',(38.3,-13.55,1.6));
#10202=CARTESIAN_POINT('',(38.3,-12.85,1.6));
#10203=CARTESIAN_POINT('',(38.3,-25.175,1.6));
#10204=CARTESIAN_POINT('',(38.3,-12.85,1.6));
#10205=CARTESIAN_POINT('Origin',(36.6,-2.,4.1));
#10206=CARTESIAN_POINT('',(37.3,-2.,4.1));
#10207=CARTESIAN_POINT('',(36.6,-1.3,4.1));
#10208=CARTESIAN_POINT('Origin',(36.6,-2.,4.1));
#10209=CARTESIAN_POINT('',(36.6,-1.3,1.6));
#10210=CARTESIAN_POINT('',(36.6,-1.3,4.1));
#10211=CARTESIAN_POINT('',(37.3,-2.,1.6));
#10212=CARTESIAN_POINT('Origin',(36.6,-2.,1.6));
#10213=CARTESIAN_POINT('',(37.3,-2.,4.1));
#10214=CARTESIAN_POINT('Origin',(23.3,-1.3,4.1));
#10215=CARTESIAN_POINT('',(35.55,-1.3,1.6));
#10216=CARTESIAN_POINT('',(35.55,-1.3,4.1));
#10217=CARTESIAN_POINT('Origin',(17.6,-2.,4.1));
#10218=CARTESIAN_POINT('',(18.3,-2.,4.1));
#10219=CARTESIAN_POINT('',(17.6,-1.3,4.1));
#10220=CARTESIAN_POINT('Origin',(17.6,-2.,4.1));
#10221=CARTESIAN_POINT('',(17.6,-1.3,1.6));
#10222=CARTESIAN_POINT('',(17.6,-1.3,4.1));
#10223=CARTESIAN_POINT('',(18.3,-2.,1.6));
#10224=CARTESIAN_POINT('Origin',(17.6,-2.,1.6));
#10225=CARTESIAN_POINT('',(18.3,-2.,4.1));
#10226=CARTESIAN_POINT('Origin',(4.3,-1.3,4.1));
#10227=CARTESIAN_POINT('',(26.05,-1.3,1.6));
#10228=CARTESIAN_POINT('',(26.05,-1.3,4.1));
#10229=CARTESIAN_POINT('Origin',(18.6,-3.35,1.6));
#10230=CARTESIAN_POINT('',(18.6,-2.65,2.95));
#10231=CARTESIAN_POINT('',(19.3,-3.35,2.95));
#10232=CARTESIAN_POINT('Origin',(18.6,-3.35,2.95));
#10233=CARTESIAN_POINT('',(18.6,-2.65,1.6));
#10234=CARTESIAN_POINT('',(18.6,-2.65,1.6));
#10235=CARTESIAN_POINT('',(19.3,-3.35,1.6));
#10236=CARTESIAN_POINT('Origin',(18.6,-3.35,1.6));
#10237=CARTESIAN_POINT('',(19.3,-3.35,1.6));
#10238=CARTESIAN_POINT('Origin',(11.3,-8.1,2.95));
#10239=CARTESIAN_POINT('',(19.3,-12.85,2.95));
#10240=CARTESIAN_POINT('',(19.3,-2.65,2.95));
#10241=CARTESIAN_POINT('',(18.6,-13.55,2.95));
#10242=CARTESIAN_POINT('Origin',(18.6,-12.85,2.95));
#10243=CARTESIAN_POINT('',(18.3,-13.55,2.95));
#10244=CARTESIAN_POINT('',(19.3,-13.55,2.95));
#10245=CARTESIAN_POINT('',(18.3,-2.65,2.95));
#10246=CARTESIAN_POINT('',(18.3,-4.7,2.95));
#10247=CARTESIAN_POINT('',(3.3,-2.65,2.95));
#10248=CARTESIAN_POINT('Origin',(19.3,-13.55,1.6));
#10249=CARTESIAN_POINT('',(19.3,-12.85,1.6));
#10250=CARTESIAN_POINT('',(19.3,-25.175,1.6));
#10251=CARTESIAN_POINT('',(19.3,-12.85,1.6));
#10252=CARTESIAN_POINT('Origin',(25.6,-21.,4.1));
#10253=CARTESIAN_POINT('',(26.3,-21.,4.1));
#10254=CARTESIAN_POINT('',(25.6,-20.3,4.1));
#10255=CARTESIAN_POINT('Origin',(25.6,-21.,4.1));
#10256=CARTESIAN_POINT('',(25.6,-20.3,1.6));
#10257=CARTESIAN_POINT('',(25.6,-20.3,4.1));
#10258=CARTESIAN_POINT('',(26.3,-21.,1.6));
#10259=CARTESIAN_POINT('Origin',(25.6,-21.,1.6));
#10260=CARTESIAN_POINT('',(26.3,-21.,4.1));
#10261=CARTESIAN_POINT('Origin',(12.3,-20.3,4.1));
#10262=CARTESIAN_POINT('',(30.05,-20.3,1.6));
#10263=CARTESIAN_POINT('',(30.05,-20.3,4.1));
#10264=CARTESIAN_POINT('Origin',(26.6,-22.35,1.6));
#10265=CARTESIAN_POINT('',(26.6,-21.65,2.95));
#10266=CARTESIAN_POINT('',(27.3,-22.35,2.95));
#10267=CARTESIAN_POINT('Origin',(26.6,-22.35,2.95));
#10268=CARTESIAN_POINT('',(26.6,-21.65,1.6));
#10269=CARTESIAN_POINT('',(26.6,-21.65,1.6));
#10270=CARTESIAN_POINT('',(27.3,-22.35,1.6));
#10271=CARTESIAN_POINT('Origin',(26.6,-22.35,1.6));
#10272=CARTESIAN_POINT('',(27.3,-22.35,1.6));
#10273=CARTESIAN_POINT('Origin',(19.3,-26.6,2.95));
#10274=CARTESIAN_POINT('',(27.3,-30.85,2.95));
#10275=CARTESIAN_POINT('',(27.3,-21.65,2.95));
#10276=CARTESIAN_POINT('',(26.6,-31.55,2.95));
#10277=CARTESIAN_POINT('Origin',(26.6,-30.85,2.95));
#10278=CARTESIAN_POINT('',(26.3,-31.55,2.95));
#10279=CARTESIAN_POINT('',(27.3,-31.55,2.95));
#10280=CARTESIAN_POINT('',(26.3,-21.65,2.95));
#10281=CARTESIAN_POINT('',(26.3,-23.45,2.95));
#10282=CARTESIAN_POINT('',(11.3,-21.65,2.95));
#10283=CARTESIAN_POINT('Origin',(27.3,-31.55,1.6));
#10284=CARTESIAN_POINT('',(27.3,-30.85,1.6));
#10285=CARTESIAN_POINT('',(27.3,-34.175,1.6));
#10286=CARTESIAN_POINT('',(27.3,-30.85,1.6));
#10287=CARTESIAN_POINT('Origin',(14.6,-40.,4.1));
#10288=CARTESIAN_POINT('',(15.3,-40.,4.1));
#10289=CARTESIAN_POINT('',(14.6,-39.3,4.1));
#10290=CARTESIAN_POINT('Origin',(14.6,-40.,4.1));
#10291=CARTESIAN_POINT('',(14.6,-39.3,1.6));
#10292=CARTESIAN_POINT('',(14.6,-39.3,4.1));
#10293=CARTESIAN_POINT('',(15.3,-40.,1.6));
#10294=CARTESIAN_POINT('Origin',(14.6,-40.,1.6));
#10295=CARTESIAN_POINT('',(15.3,-40.,4.1));
#10296=CARTESIAN_POINT('Origin',(1.3,-39.3,4.1));
#10297=CARTESIAN_POINT('',(24.55,-39.3,1.6));
#10298=CARTESIAN_POINT('',(24.55,-39.3,4.1));
#10299=CARTESIAN_POINT('Origin',(15.6000002384186,-41.35,1.6));
#10300=CARTESIAN_POINT('',(15.6000002384186,-40.65,2.95));
#10301=CARTESIAN_POINT('',(16.3000002384186,-41.35,2.95));
#10302=CARTESIAN_POINT('Origin',(15.6000002384186,-41.35,2.95));
#10303=CARTESIAN_POINT('',(15.6000002384186,-40.65,1.6));
#10304=CARTESIAN_POINT('',(15.6000002384186,-40.65,1.6));
#10305=CARTESIAN_POINT('',(16.3000002384186,-41.35,1.6));
#10306=CARTESIAN_POINT('Origin',(15.6000002384186,-41.35,1.6));
#10307=CARTESIAN_POINT('',(16.3000002384186,-41.35,1.6));
#10308=CARTESIAN_POINT('Origin',(8.30000011920929,-45.6,2.95));
#10309=CARTESIAN_POINT('',(16.3000002384186,-49.85,2.95));
#10310=CARTESIAN_POINT('',(16.3000002384186,-40.65,2.95));
#10311=CARTESIAN_POINT('',(15.6000002384186,-50.55,2.95));
#10312=CARTESIAN_POINT('Origin',(15.6000002384186,-49.85,2.95));
#10313=CARTESIAN_POINT('',(15.3,-50.55,2.95));
#10314=CARTESIAN_POINT('',(16.3000002384186,-50.55,2.95));
#10315=CARTESIAN_POINT('',(15.3,-40.65,2.95));
#10316=CARTESIAN_POINT('',(15.3,-42.45,2.95));
#10317=CARTESIAN_POINT('',(0.300000000000003,-40.65,2.95));
#10318=CARTESIAN_POINT('Origin',(16.3000002384186,-50.55,1.6));
#10319=CARTESIAN_POINT('',(16.3000002384186,-49.85,1.6));
#10320=CARTESIAN_POINT('',(16.3000002384186,-43.675,1.6));
#10321=CARTESIAN_POINT('',(16.3000002384186,-49.85,1.6));
#10322=CARTESIAN_POINT('Origin',(64.6,-30.85,1.6));
#10323=CARTESIAN_POINT('',(64.6,-31.55,1.6));
#10324=CARTESIAN_POINT('Origin',(64.6,-30.85,1.6));
#10325=CARTESIAN_POINT('',(64.6,-31.55,1.6));
#10326=CARTESIAN_POINT('Origin',(63.6,-33.6,4.1));
#10327=CARTESIAN_POINT('',(63.6,-34.3,4.1));
#10328=CARTESIAN_POINT('',(64.3,-33.6,4.1));
#10329=CARTESIAN_POINT('Origin',(63.6,-33.6,4.1));
#10330=CARTESIAN_POINT('',(64.3,-33.6,1.6));
#10331=CARTESIAN_POINT('',(64.3,-33.6,4.1));
#10332=CARTESIAN_POINT('',(63.6,-34.3,1.6));
#10333=CARTESIAN_POINT('Origin',(63.6,-33.6,1.6));
#10334=CARTESIAN_POINT('',(63.6,-34.3,4.1));
#10335=CARTESIAN_POINT('Origin',(64.3,-20.3,4.1));
#10336=CARTESIAN_POINT('',(64.3,-21.65,1.6));
#10337=CARTESIAN_POINT('',(64.3,-28.55,1.6));
#10338=CARTESIAN_POINT('',(64.3,-21.65,2.85));
#10339=CARTESIAN_POINT('',(64.3,-31.55,1.6));
#10340=CARTESIAN_POINT('',(64.3,-31.55,2.85));
#10341=CARTESIAN_POINT('',(64.3,-28.55,1.6));
#10342=CARTESIAN_POINT('',(64.3,-28.55,4.1));
#10343=CARTESIAN_POINT('Origin',(86.8999999999999,-68.85,1.6));
#10344=CARTESIAN_POINT('',(86.8999999999999,-69.55,1.6));
#10345=CARTESIAN_POINT('Origin',(86.8999999999999,-68.85,1.6));
#10346=CARTESIAN_POINT('',(86.8999999999999,-69.55,1.6));
#10347=CARTESIAN_POINT('Origin',(85.9,-71.6,4.1));
#10348=CARTESIAN_POINT('',(85.9,-72.3,4.1));
#10349=CARTESIAN_POINT('',(86.6,-71.6,4.1));
#10350=CARTESIAN_POINT('Origin',(85.9,-71.6,4.1));
#10351=CARTESIAN_POINT('',(86.6,-71.6,1.6));
#10352=CARTESIAN_POINT('',(86.6,-71.6,4.1));
#10353=CARTESIAN_POINT('',(85.9,-72.3,1.6));
#10354=CARTESIAN_POINT('Origin',(85.9,-71.6,1.6));
#10355=CARTESIAN_POINT('',(85.9,-72.3000000000001,4.1));
#10356=CARTESIAN_POINT('Origin',(86.6,-58.3,4.1));
#10357=CARTESIAN_POINT('',(86.6,-59.65,1.6));
#10358=CARTESIAN_POINT('',(86.6,-47.55,1.6));
#10359=CARTESIAN_POINT('',(86.6,-59.65,2.85));
#10360=CARTESIAN_POINT('',(86.6,-69.55,1.6));
#10361=CARTESIAN_POINT('',(86.6,-69.55,2.85));
#10362=CARTESIAN_POINT('',(86.6,-47.55,1.6));
#10363=CARTESIAN_POINT('',(86.6,-47.55,4.1));
#10364=CARTESIAN_POINT('Origin',(58.3,-68.85,1.6));
#10365=CARTESIAN_POINT('',(58.3,-69.55,1.6));
#10366=CARTESIAN_POINT('Origin',(58.3,-68.85,1.6));
#10367=CARTESIAN_POINT('',(58.3,-69.55,1.6));
#10368=CARTESIAN_POINT('Origin',(57.3,-71.6,4.1));
#10369=CARTESIAN_POINT('',(57.3,-72.3,4.1));
#10370=CARTESIAN_POINT('',(58.,-71.6,4.1));
#10371=CARTESIAN_POINT('Origin',(57.3,-71.6,4.1));
#10372=CARTESIAN_POINT('',(58.,-71.6,1.6));
#10373=CARTESIAN_POINT('',(58.,-71.6,4.1));
#10374=CARTESIAN_POINT('',(57.3,-72.3,1.6));
#10375=CARTESIAN_POINT('Origin',(57.3,-71.6,1.6));
#10376=CARTESIAN_POINT('',(57.3,-72.3,4.1));
#10377=CARTESIAN_POINT('Origin',(58.,-58.3,4.1));
#10378=CARTESIAN_POINT('',(58.,-59.65,1.6));
#10379=CARTESIAN_POINT('',(58.,-47.55,1.6));
#10380=CARTESIAN_POINT('',(58.,-59.65,2.85));
#10381=CARTESIAN_POINT('',(58.,-69.55,1.6));
#10382=CARTESIAN_POINT('',(58.,-69.55,2.85));
#10383=CARTESIAN_POINT('',(58.,-47.55,1.6));
#10384=CARTESIAN_POINT('',(58.,-47.55,4.1));
#10385=CARTESIAN_POINT('Origin',(15.6000002384186,-49.85,1.6));
#10386=CARTESIAN_POINT('',(15.6000002384186,-50.55,1.6));
#10387=CARTESIAN_POINT('Origin',(15.6000002384186,-49.85,1.6));
#10388=CARTESIAN_POINT('',(15.6000002384186,-50.55,1.6));
#10389=CARTESIAN_POINT('Origin',(14.6,-52.6,4.1));
#10390=CARTESIAN_POINT('',(14.6,-53.3,4.1));
#10391=CARTESIAN_POINT('',(15.3,-52.6,4.1));
#10392=CARTESIAN_POINT('Origin',(14.6,-52.6,4.1));
#10393=CARTESIAN_POINT('',(15.3,-52.6,1.6));
#10394=CARTESIAN_POINT('',(15.3,-52.6,4.1));
#10395=CARTESIAN_POINT('',(14.6,-53.3,1.6));
#10396=CARTESIAN_POINT('Origin',(14.6,-52.6,1.6));
#10397=CARTESIAN_POINT('',(14.6,-53.3,4.1));
#10398=CARTESIAN_POINT('Origin',(15.3,-39.3,4.1));
#10399=CARTESIAN_POINT('',(15.3,-40.65,1.6));
#10400=CARTESIAN_POINT('',(15.3,-38.05,1.6));
#10401=CARTESIAN_POINT('',(15.3,-40.65,2.85));
#10402=CARTESIAN_POINT('',(15.3,-50.55,1.6));
#10403=CARTESIAN_POINT('',(15.3,-50.55,2.85));
#10404=CARTESIAN_POINT('',(15.3,-38.05,1.6));
#10405=CARTESIAN_POINT('',(15.3,-38.05,4.1));
#10406=CARTESIAN_POINT('Origin',(34.6000002384186,-49.85,1.6));
#10407=CARTESIAN_POINT('',(35.3000002384186,-49.85,2.95));
#10408=CARTESIAN_POINT('',(34.6000002384186,-50.55,2.95));
#10409=CARTESIAN_POINT('Origin',(34.6000002384186,-49.85,2.95));
#10410=CARTESIAN_POINT('',(35.3000002384186,-49.85,1.6));
#10411=CARTESIAN_POINT('',(35.3000002384186,-49.85,1.6));
#10412=CARTESIAN_POINT('',(34.6000002384186,-50.55,1.6));
#10413=CARTESIAN_POINT('Origin',(34.6000002384186,-49.85,1.6));
#10414=CARTESIAN_POINT('',(34.6000002384186,-50.55,1.6));
#10415=CARTESIAN_POINT('Origin',(35.3000002384186,-50.55,1.6));
#10416=CARTESIAN_POINT('',(35.3000002384186,-40.65,2.95));
#10417=CARTESIAN_POINT('',(35.3000002384186,-40.65,2.95));
#10418=CARTESIAN_POINT('',(35.3000002384186,-40.65,1.6));
#10419=CARTESIAN_POINT('',(35.3000002384186,-40.65,1.6));
#10420=CARTESIAN_POINT('',(35.3000002384186,-43.675,1.6));
#10421=CARTESIAN_POINT('Origin',(33.6,-52.6,4.1));
#10422=CARTESIAN_POINT('',(33.6,-53.3,4.1));
#10423=CARTESIAN_POINT('',(34.3,-52.6,4.1));
#10424=CARTESIAN_POINT('Origin',(33.6,-52.6,4.1));
#10425=CARTESIAN_POINT('',(34.3,-52.6,1.6));
#10426=CARTESIAN_POINT('',(34.3,-52.6,4.1));
#10427=CARTESIAN_POINT('',(33.6,-53.3,1.6));
#10428=CARTESIAN_POINT('Origin',(33.6,-52.6,1.6));
#10429=CARTESIAN_POINT('',(33.6,-53.3,4.1));
#10430=CARTESIAN_POINT('Origin',(34.3,-39.3,4.1));
#10431=CARTESIAN_POINT('',(34.3,-39.3,4.1));
#10432=CARTESIAN_POINT('',(34.3,-38.05,4.1));
#10433=CARTESIAN_POINT('',(34.3,-39.3,1.6));
#10434=CARTESIAN_POINT('',(34.3,-39.3,4.1));
#10435=CARTESIAN_POINT('',(34.3,-40.65,1.6));
#10436=CARTESIAN_POINT('',(34.3,-38.05,1.6));
#10437=CARTESIAN_POINT('',(34.3,-40.65,2.95));
#10438=CARTESIAN_POINT('',(34.3,-40.65,2.85));
#10439=CARTESIAN_POINT('',(34.3,-50.55,2.95));
#10440=CARTESIAN_POINT('',(34.3,-42.45,2.95));
#10441=CARTESIAN_POINT('',(34.3,-50.55,1.6));
#10442=CARTESIAN_POINT('',(34.3,-50.55,2.85));
#10443=CARTESIAN_POINT('',(34.3,-38.05,1.6));
#10444=CARTESIAN_POINT('Origin',(53.6000002384186,-49.85,1.6));
#10445=CARTESIAN_POINT('',(53.6000002384186,-50.55,1.6));
#10446=CARTESIAN_POINT('Origin',(53.6000002384186,-49.85,1.6));
#10447=CARTESIAN_POINT('',(53.6000002384186,-50.55,1.6));
#10448=CARTESIAN_POINT('Origin',(52.6,-52.6,4.1));
#10449=CARTESIAN_POINT('',(52.6,-53.3,4.1));
#10450=CARTESIAN_POINT('',(53.3,-52.6,4.1));
#10451=CARTESIAN_POINT('Origin',(52.6,-52.6,4.1));
#10452=CARTESIAN_POINT('',(53.3,-52.6,1.6));
#10453=CARTESIAN_POINT('',(53.3,-52.6,4.1));
#10454=CARTESIAN_POINT('',(52.6,-53.3,1.6));
#10455=CARTESIAN_POINT('Origin',(52.6,-52.6,1.6));
#10456=CARTESIAN_POINT('',(52.6,-53.3,4.1));
#10457=CARTESIAN_POINT('Origin',(53.3,-39.3,4.1));
#10458=CARTESIAN_POINT('',(53.3,-40.65,1.6));
#10459=CARTESIAN_POINT('',(53.3,-38.05,1.6));
#10460=CARTESIAN_POINT('',(53.3,-40.65,2.85));
#10461=CARTESIAN_POINT('',(53.3,-50.55,1.6));
#10462=CARTESIAN_POINT('',(53.3,-50.55,2.85));
#10463=CARTESIAN_POINT('',(53.3,-38.05,1.6));
#10464=CARTESIAN_POINT('',(53.3,-38.05,4.1));
#10465=CARTESIAN_POINT('Origin',(91.6000002384186,-49.85,1.6));
#10466=CARTESIAN_POINT('',(91.6000002384186,-50.55,1.6));
#10467=CARTESIAN_POINT('Origin',(91.6000002384186,-49.85,1.6));
#10468=CARTESIAN_POINT('',(91.6000002384186,-50.55,1.6));
#10469=CARTESIAN_POINT('Origin',(90.6,-52.6,4.1));
#10470=CARTESIAN_POINT('',(90.6,-53.3,4.1));
#10471=CARTESIAN_POINT('',(91.3,-52.6,4.1));
#10472=CARTESIAN_POINT('Origin',(90.6,-52.6,4.1));
#10473=CARTESIAN_POINT('',(91.3,-52.6,1.6));
#10474=CARTESIAN_POINT('',(91.3,-52.6,4.1));
#10475=CARTESIAN_POINT('',(90.6,-53.3,1.6));
#10476=CARTESIAN_POINT('Origin',(90.6,-52.6,1.6));
#10477=CARTESIAN_POINT('',(90.6,-53.3,4.1));
#10478=CARTESIAN_POINT('Origin',(91.3,-39.3,4.1));
#10479=CARTESIAN_POINT('',(91.3,-40.65,1.6));
#10480=CARTESIAN_POINT('',(91.3,-38.05,1.6));
#10481=CARTESIAN_POINT('',(91.3,-40.65,2.85));
#10482=CARTESIAN_POINT('',(91.3,-50.55,1.6));
#10483=CARTESIAN_POINT('',(91.3,-50.55,2.85));
#10484=CARTESIAN_POINT('',(91.3,-38.05,1.6));
#10485=CARTESIAN_POINT('',(91.3,-38.05,4.1));
#10486=CARTESIAN_POINT('Origin',(72.6000002384186,-49.85,1.6));
#10487=CARTESIAN_POINT('',(72.6000002384186,-50.55,1.6));
#10488=CARTESIAN_POINT('Origin',(72.6000002384186,-49.85,1.6));
#10489=CARTESIAN_POINT('',(72.6000002384186,-50.55,1.6));
#10490=CARTESIAN_POINT('Origin',(71.6,-52.6,4.1));
#10491=CARTESIAN_POINT('',(71.6,-53.3,4.1));
#10492=CARTESIAN_POINT('',(72.3,-52.6,4.1));
#10493=CARTESIAN_POINT('Origin',(71.6,-52.6,4.1));
#10494=CARTESIAN_POINT('',(72.3,-52.6,1.6));
#10495=CARTESIAN_POINT('',(72.3,-52.6,4.1));
#10496=CARTESIAN_POINT('',(71.6,-53.3,1.6));
#10497=CARTESIAN_POINT('Origin',(71.6,-52.6,1.6));
#10498=CARTESIAN_POINT('',(71.6,-53.3,4.1));
#10499=CARTESIAN_POINT('Origin',(72.3,-39.3,4.1));
#10500=CARTESIAN_POINT('',(72.3,-40.65,1.6));
#10501=CARTESIAN_POINT('',(72.3,-38.05,1.6));
#10502=CARTESIAN_POINT('',(72.3,-40.65,2.85));
#10503=CARTESIAN_POINT('',(72.3,-50.55,1.6));
#10504=CARTESIAN_POINT('',(72.3,-50.55,2.85));
#10505=CARTESIAN_POINT('',(72.3,-38.05,1.6));
#10506=CARTESIAN_POINT('',(72.3,-38.05,4.1));
#10507=CARTESIAN_POINT('Origin',(83.6,-30.85,1.6));
#10508=CARTESIAN_POINT('',(83.6,-31.55,1.6));
#10509=CARTESIAN_POINT('Origin',(83.6,-30.85,1.6));
#10510=CARTESIAN_POINT('',(83.6,-31.55,1.6));
#10511=CARTESIAN_POINT('Origin',(82.6,-33.6,4.1));
#10512=CARTESIAN_POINT('',(82.6,-34.3,4.1));
#10513=CARTESIAN_POINT('',(83.3,-33.6,4.1));
#10514=CARTESIAN_POINT('Origin',(82.6,-33.6,4.1));
#10515=CARTESIAN_POINT('',(83.3,-33.6,1.6));
#10516=CARTESIAN_POINT('',(83.3,-33.6,4.1));
#10517=CARTESIAN_POINT('',(82.6,-34.3,1.6));
#10518=CARTESIAN_POINT('Origin',(82.6,-33.6,1.6));
#10519=CARTESIAN_POINT('',(82.6,-34.3,4.1));
#10520=CARTESIAN_POINT('Origin',(83.3,-20.3,4.1));
#10521=CARTESIAN_POINT('',(83.3,-21.65,1.6));
#10522=CARTESIAN_POINT('',(83.3,-28.55,1.6));
#10523=CARTESIAN_POINT('',(83.3,-21.65,2.85));
#10524=CARTESIAN_POINT('',(83.3,-31.55,1.6));
#10525=CARTESIAN_POINT('',(83.3,-31.55,2.85));
#10526=CARTESIAN_POINT('',(83.3,-28.55,1.6));
#10527=CARTESIAN_POINT('',(83.3,-28.55,4.1));
#10528=CARTESIAN_POINT('Origin',(94.6,-12.85,1.6));
#10529=CARTESIAN_POINT('',(94.6,-13.55,1.6));
#10530=CARTESIAN_POINT('Origin',(94.6,-12.85,1.6));
#10531=CARTESIAN_POINT('',(94.6,-13.55,1.6));
#10532=CARTESIAN_POINT('Origin',(93.6,-14.6,4.1));
#10533=CARTESIAN_POINT('',(93.6,-15.3,4.1));
#10534=CARTESIAN_POINT('',(94.3,-14.6,4.1));
#10535=CARTESIAN_POINT('Origin',(93.6,-14.6,4.1));
#10536=CARTESIAN_POINT('',(94.3,-14.6,1.6));
#10537=CARTESIAN_POINT('',(94.3,-14.6,4.1));
#10538=CARTESIAN_POINT('',(93.6,-15.3,1.6));
#10539=CARTESIAN_POINT('Origin',(93.6,-14.6,1.6));
#10540=CARTESIAN_POINT('',(93.6,-15.3,4.1));
#10541=CARTESIAN_POINT('Origin',(94.3,-1.3,4.1));
#10542=CARTESIAN_POINT('',(94.3,-2.65,1.6));
#10543=CARTESIAN_POINT('',(94.3,-19.05,1.6));
#10544=CARTESIAN_POINT('',(94.3,-2.65,2.85));
#10545=CARTESIAN_POINT('',(94.3,-13.55,1.6));
#10546=CARTESIAN_POINT('',(94.3,-13.55,2.85));
#10547=CARTESIAN_POINT('',(94.3,-19.05,1.6));
#10548=CARTESIAN_POINT('',(94.3,-19.05,4.1));
#10549=CARTESIAN_POINT('Origin',(75.6,-12.85,1.6));
#10550=CARTESIAN_POINT('',(75.6,-13.55,1.6));
#10551=CARTESIAN_POINT('Origin',(75.6,-12.85,1.6));
#10552=CARTESIAN_POINT('',(75.6,-13.55,1.6));
#10553=CARTESIAN_POINT('Origin',(74.6,-14.6,4.1));
#10554=CARTESIAN_POINT('',(74.6,-15.3,4.1));
#10555=CARTESIAN_POINT('',(75.3,-14.6,4.1));
#10556=CARTESIAN_POINT('Origin',(74.6,-14.6,4.1));
#10557=CARTESIAN_POINT('',(75.3,-14.6,1.6));
#10558=CARTESIAN_POINT('',(75.3,-14.6,4.1));
#10559=CARTESIAN_POINT('',(74.6,-15.3,1.6));
#10560=CARTESIAN_POINT('Origin',(74.6,-14.6,1.6));
#10561=CARTESIAN_POINT('',(74.6,-15.3,4.1));
#10562=CARTESIAN_POINT('Origin',(75.3,-1.3,4.1));
#10563=CARTESIAN_POINT('',(75.3,-2.65,1.6));
#10564=CARTESIAN_POINT('',(75.3,-19.05,1.6));
#10565=CARTESIAN_POINT('',(75.3,-2.65,2.85));
#10566=CARTESIAN_POINT('',(75.3,-13.55,1.6));
#10567=CARTESIAN_POINT('',(75.3,-13.55,2.85));
#10568=CARTESIAN_POINT('',(75.3,-19.05,1.6));
#10569=CARTESIAN_POINT('',(75.3,-19.05,4.1));
#10570=CARTESIAN_POINT('Origin',(56.6,-12.85,1.6));
#10571=CARTESIAN_POINT('',(57.3,-12.85,2.95));
#10572=CARTESIAN_POINT('',(56.6,-13.55,2.95));
#10573=CARTESIAN_POINT('Origin',(56.6,-12.85,2.95));
#10574=CARTESIAN_POINT('',(57.3,-12.85,1.6));
#10575=CARTESIAN_POINT('',(57.3,-12.85,1.6));
#10576=CARTESIAN_POINT('',(56.6,-13.55,1.6));
#10577=CARTESIAN_POINT('Origin',(56.6,-12.85,1.6));
#10578=CARTESIAN_POINT('',(56.6,-13.55,1.6));
#10579=CARTESIAN_POINT('Origin',(49.3,-8.1,2.95));
#10580=CARTESIAN_POINT('',(57.3,-2.65,2.95));
#10581=CARTESIAN_POINT('',(56.3,-13.55,2.95));
#10582=CARTESIAN_POINT('',(57.3,-13.55,2.95));
#10583=CARTESIAN_POINT('',(56.3,-4.7,2.95));
#10584=CARTESIAN_POINT('Origin',(41.3,-13.55,1.6));
#10585=CARTESIAN_POINT('',(56.3,-13.55,1.6));
#10586=CARTESIAN_POINT('',(44.55,-13.55,1.6));
#10587=CARTESIAN_POINT('',(56.3,-13.55,2.85));
#10588=CARTESIAN_POINT('Origin',(55.6,-14.6,4.1));
#10589=CARTESIAN_POINT('',(55.6,-15.3,4.1));
#10590=CARTESIAN_POINT('',(56.3,-14.6,4.1));
#10591=CARTESIAN_POINT('Origin',(55.6,-14.6,4.1));
#10592=CARTESIAN_POINT('',(56.3,-14.6,1.6));
#10593=CARTESIAN_POINT('',(56.3,-14.6,4.1));
#10594=CARTESIAN_POINT('',(55.6,-15.3,1.6));
#10595=CARTESIAN_POINT('Origin',(55.6,-14.6,1.6));
#10596=CARTESIAN_POINT('',(55.6,-15.3,4.1));
#10597=CARTESIAN_POINT('Origin',(56.3,-1.3,4.1));
#10598=CARTESIAN_POINT('',(56.3,-19.05,1.6));
#10599=CARTESIAN_POINT('',(56.3,-19.05,1.6));
#10600=CARTESIAN_POINT('',(56.3,-19.05,4.1));
#10601=CARTESIAN_POINT('Origin',(37.6,-12.85,1.6));
#10602=CARTESIAN_POINT('',(37.6,-13.55,1.6));
#10603=CARTESIAN_POINT('Origin',(37.6,-12.85,1.6));
#10604=CARTESIAN_POINT('',(37.6,-13.55,1.6));
#10605=CARTESIAN_POINT('Origin',(22.3,-13.55,1.6));
#10606=CARTESIAN_POINT('',(37.3,-13.55,1.6));
#10607=CARTESIAN_POINT('',(35.05,-13.55,1.6));
#10608=CARTESIAN_POINT('',(37.3,-13.55,2.85));
#10609=CARTESIAN_POINT('Origin',(36.6,-14.6,4.1));
#10610=CARTESIAN_POINT('',(36.6,-15.3,4.1));
#10611=CARTESIAN_POINT('',(37.3,-14.6,4.1));
#10612=CARTESIAN_POINT('Origin',(36.6,-14.6,4.1));
#10613=CARTESIAN_POINT('',(37.3,-14.6,1.6));
#10614=CARTESIAN_POINT('',(37.3,-14.6,4.1));
#10615=CARTESIAN_POINT('',(36.6,-15.3,1.6));
#10616=CARTESIAN_POINT('Origin',(36.6,-14.6,1.6));
#10617=CARTESIAN_POINT('',(36.6,-15.3,4.1));
#10618=CARTESIAN_POINT('Origin',(37.3,-1.3,4.1));
#10619=CARTESIAN_POINT('',(37.3,-2.65000000000001,1.6));
#10620=CARTESIAN_POINT('',(37.3,-19.05,1.6));
#10621=CARTESIAN_POINT('',(37.3,-2.65000000000001,2.85));
#10622=CARTESIAN_POINT('',(37.3,-19.05,1.6));
#10623=CARTESIAN_POINT('',(37.3,-19.05,4.1));
#10624=CARTESIAN_POINT('Origin',(26.6,-30.85,1.6));
#10625=CARTESIAN_POINT('',(26.6,-31.55,1.6));
#10626=CARTESIAN_POINT('Origin',(26.6,-30.85,1.6));
#10627=CARTESIAN_POINT('',(26.6,-31.55,1.6));
#10628=CARTESIAN_POINT('Origin',(25.6,-33.6,4.1));
#10629=CARTESIAN_POINT('',(25.6,-34.3,4.1));
#10630=CARTESIAN_POINT('',(26.3,-33.6,4.1));
#10631=CARTESIAN_POINT('Origin',(25.6,-33.6,4.1));
#10632=CARTESIAN_POINT('',(26.3,-33.6,1.6));
#10633=CARTESIAN_POINT('',(26.3,-33.6,4.1));
#10634=CARTESIAN_POINT('',(25.6,-34.3,1.6));
#10635=CARTESIAN_POINT('Origin',(25.6,-33.6,1.6));
#10636=CARTESIAN_POINT('',(25.6,-34.3,4.1));
#10637=CARTESIAN_POINT('Origin',(26.3,-20.3,4.1));
#10638=CARTESIAN_POINT('',(26.3,-21.65,1.6));
#10639=CARTESIAN_POINT('',(26.3,-28.55,1.6));
#10640=CARTESIAN_POINT('',(26.3,-21.65,2.85));
#10641=CARTESIAN_POINT('',(26.3,-31.55,1.6));
#10642=CARTESIAN_POINT('',(26.3,-31.55,2.85));
#10643=CARTESIAN_POINT('',(26.3,-28.55,1.6));
#10644=CARTESIAN_POINT('',(26.3,-28.55,4.1));
#10645=CARTESIAN_POINT('Origin',(18.6,-12.85,1.6));
#10646=CARTESIAN_POINT('',(18.6,-13.55,1.6));
#10647=CARTESIAN_POINT('Origin',(18.6,-12.85,1.6));
#10648=CARTESIAN_POINT('',(18.6,-13.55,1.6));
#10649=CARTESIAN_POINT('Origin',(3.3,-13.55,1.6));
#10650=CARTESIAN_POINT('',(18.3,-13.55,1.6));
#10651=CARTESIAN_POINT('',(25.55,-13.55,1.6));
#10652=CARTESIAN_POINT('',(18.3,-13.55,2.85));
#10653=CARTESIAN_POINT('Origin',(17.6,-14.6,4.1));
#10654=CARTESIAN_POINT('',(17.6,-15.3,4.1));
#10655=CARTESIAN_POINT('',(18.3,-14.6,4.1));
#10656=CARTESIAN_POINT('Origin',(17.6,-14.6,4.1));
#10657=CARTESIAN_POINT('',(18.3,-14.6,1.6));
#10658=CARTESIAN_POINT('',(18.3,-14.6,4.1));
#10659=CARTESIAN_POINT('',(17.6,-15.3,1.6));
#10660=CARTESIAN_POINT('Origin',(17.6,-14.6,1.6));
#10661=CARTESIAN_POINT('',(17.6,-15.3,4.1));
#10662=CARTESIAN_POINT('Origin',(18.3,-1.3,4.1));
#10663=CARTESIAN_POINT('',(18.3,-2.65,1.6));
#10664=CARTESIAN_POINT('',(18.3,-19.05,1.6));
#10665=CARTESIAN_POINT('',(18.3,-2.65,2.85));
#10666=CARTESIAN_POINT('',(18.3,-19.05,1.6));
#10667=CARTESIAN_POINT('',(18.3,-19.05,4.1));
#10668=CARTESIAN_POINT('Origin',(72.3,-68.85,1.6));
#10669=CARTESIAN_POINT('',(72.3,-69.55,1.6));
#10670=CARTESIAN_POINT('',(72.3,-69.55,1.6));
#10671=CARTESIAN_POINT('',(71.6,-68.85,1.6));
#10672=CARTESIAN_POINT('Origin',(72.3,-68.85,1.6));
#10673=CARTESIAN_POINT('',(71.6,-68.85,1.6));
#10674=CARTESIAN_POINT('Origin',(71.6,-69.55,1.6));
#10675=CARTESIAN_POINT('',(59.7,-69.55,1.6));
#10676=CARTESIAN_POINT('Origin',(73.3,-71.6000000000001,4.1));
#10677=CARTESIAN_POINT('',(73.3,-72.3,4.1));
#10678=CARTESIAN_POINT('Origin',(73.3,-71.6000000000001,4.1));
#10679=CARTESIAN_POINT('',(73.3,-72.3,1.6));
#10680=CARTESIAN_POINT('',(73.3,-72.3000000000001,4.1));
#10681=CARTESIAN_POINT('Origin',(73.3,-71.6000000000001,1.6));
#10682=CARTESIAN_POINT('Origin',(86.6,-72.3000000000001,4.1));
#10683=CARTESIAN_POINT('',(67.2,-72.3,1.6));
#10684=CARTESIAN_POINT('',(67.2,-72.3,4.1));
#10685=CARTESIAN_POINT('Origin',(43.7,-68.85,1.6));
#10686=CARTESIAN_POINT('',(43.7,-69.55,1.6));
#10687=CARTESIAN_POINT('',(43.7,-69.55,1.6));
#10688=CARTESIAN_POINT('',(43.,-68.85,1.6));
#10689=CARTESIAN_POINT('Origin',(43.7,-68.85,1.6));
#10690=CARTESIAN_POINT('',(43.,-68.85,1.6));
#10691=CARTESIAN_POINT('Origin',(43.,-69.55,1.6));
#10692=CARTESIAN_POINT('',(45.4,-69.55,1.6));
#10693=CARTESIAN_POINT('Origin',(44.7,-71.6,4.1));
#10694=CARTESIAN_POINT('',(44.7,-72.3,4.1));
#10695=CARTESIAN_POINT('Origin',(44.7,-71.6,4.1));
#10696=CARTESIAN_POINT('',(44.7,-72.3,1.6));
#10697=CARTESIAN_POINT('',(44.7,-72.3,4.1));
#10698=CARTESIAN_POINT('Origin',(44.7,-71.6,1.6));
#10699=CARTESIAN_POINT('Origin',(58.,-72.3,4.1));
#10700=CARTESIAN_POINT('',(52.9,-72.3,1.6));
#10701=CARTESIAN_POINT('',(52.9,-72.3,4.1));
#10702=CARTESIAN_POINT('Origin',(1.,-49.85,1.6));
#10703=CARTESIAN_POINT('',(1.00000000000001,-50.55,1.6));
#10704=CARTESIAN_POINT('',(1.,-50.55,1.6));
#10705=CARTESIAN_POINT('',(0.300000000000002,-49.85,1.6));
#10706=CARTESIAN_POINT('Origin',(1.,-49.85,1.6));
#10707=CARTESIAN_POINT('',(0.300000000000003,-49.85,1.6));
#10708=CARTESIAN_POINT('Origin',(0.300000000000002,-50.55,1.6));
#10709=CARTESIAN_POINT('',(24.05,-50.55,1.6));
#10710=CARTESIAN_POINT('Origin',(2.,-52.6,4.1));
#10711=CARTESIAN_POINT('',(2.00000000000001,-53.3,4.1));
#10712=CARTESIAN_POINT('Origin',(2.,-52.6,4.1));
#10713=CARTESIAN_POINT('',(2.00000000000001,-53.3,1.6));
#10714=CARTESIAN_POINT('',(2.,-53.3,4.1));
#10715=CARTESIAN_POINT('Origin',(2.,-52.6,1.6));
#10716=CARTESIAN_POINT('Origin',(15.3,-53.3,4.1));
#10717=CARTESIAN_POINT('',(31.55,-53.3,1.6));
#10718=CARTESIAN_POINT('',(31.55,-53.3,4.1));
#10719=CARTESIAN_POINT('Origin',(20.,-49.85,1.6));
#10720=CARTESIAN_POINT('',(20.,-50.55,1.6));
#10721=CARTESIAN_POINT('',(20.,-50.55,1.6));
#10722=CARTESIAN_POINT('',(19.3,-49.85,1.6));
#10723=CARTESIAN_POINT('Origin',(20.,-49.85,1.6));
#10724=CARTESIAN_POINT('',(19.3,-49.85,1.6));
#10725=CARTESIAN_POINT('Origin',(19.3,-50.55,1.6));
#10726=CARTESIAN_POINT('',(33.55,-50.55,1.6));
#10727=CARTESIAN_POINT('Origin',(21.,-52.6,4.1));
#10728=CARTESIAN_POINT('',(21.,-53.3,4.1));
#10729=CARTESIAN_POINT('Origin',(21.,-52.6,4.1));
#10730=CARTESIAN_POINT('',(21.,-53.3,1.6));
#10731=CARTESIAN_POINT('',(21.,-53.3,4.1));
#10732=CARTESIAN_POINT('Origin',(21.,-52.6,1.6));
#10733=CARTESIAN_POINT('Origin',(34.3,-53.3,4.1));
#10734=CARTESIAN_POINT('',(41.05,-53.3,1.6));
#10735=CARTESIAN_POINT('',(41.05,-53.3,4.1));
#10736=CARTESIAN_POINT('Origin',(39.,-49.85,1.6));
#10737=CARTESIAN_POINT('',(39.,-50.55,1.6));
#10738=CARTESIAN_POINT('',(39.,-50.55,1.6));
#10739=CARTESIAN_POINT('',(38.3,-49.85,1.6));
#10740=CARTESIAN_POINT('Origin',(39.,-49.85,1.6));
#10741=CARTESIAN_POINT('',(38.3,-49.85,1.6));
#10742=CARTESIAN_POINT('Origin',(38.3,-50.55,1.6));
#10743=CARTESIAN_POINT('',(43.05,-50.55,1.6));
#10744=CARTESIAN_POINT('Origin',(40.,-52.6,4.1));
#10745=CARTESIAN_POINT('',(40.,-53.3,4.1));
#10746=CARTESIAN_POINT('Origin',(40.,-52.6,4.1));
#10747=CARTESIAN_POINT('',(40.,-53.3,1.6));
#10748=CARTESIAN_POINT('',(40.,-53.3,4.1));
#10749=CARTESIAN_POINT('Origin',(40.,-52.6,1.6));
#10750=CARTESIAN_POINT('Origin',(53.3,-53.3,4.1));
#10751=CARTESIAN_POINT('',(50.55,-53.3,1.6));
#10752=CARTESIAN_POINT('',(50.55,-53.3,4.1));
#10753=CARTESIAN_POINT('Origin',(77.,-49.85,1.6));
#10754=CARTESIAN_POINT('',(77.,-50.55,1.6));
#10755=CARTESIAN_POINT('',(77.,-50.55,1.6));
#10756=CARTESIAN_POINT('',(76.3,-49.85,1.6));
#10757=CARTESIAN_POINT('Origin',(77.,-49.85,1.6));
#10758=CARTESIAN_POINT('',(76.3,-49.85,1.6));
#10759=CARTESIAN_POINT('Origin',(76.3,-50.55,1.6));
#10760=CARTESIAN_POINT('',(62.05,-50.55,1.6));
#10761=CARTESIAN_POINT('Origin',(78.,-52.6,4.1));
#10762=CARTESIAN_POINT('',(78.,-53.3,4.1));
#10763=CARTESIAN_POINT('Origin',(78.,-52.6,4.1));
#10764=CARTESIAN_POINT('',(78.,-53.3,1.6));
#10765=CARTESIAN_POINT('',(78.,-53.3,4.1));
#10766=CARTESIAN_POINT('Origin',(78.,-52.6,1.6));
#10767=CARTESIAN_POINT('Origin',(91.3,-53.3,4.1));
#10768=CARTESIAN_POINT('',(69.55,-53.3,1.6));
#10769=CARTESIAN_POINT('',(69.55,-53.3,4.1));
#10770=CARTESIAN_POINT('Origin',(58.,-49.85,1.6));
#10771=CARTESIAN_POINT('',(58.,-50.55,1.6));
#10772=CARTESIAN_POINT('',(58.,-50.55,1.6));
#10773=CARTESIAN_POINT('',(57.3,-49.85,1.6));
#10774=CARTESIAN_POINT('Origin',(58.,-49.85,1.6));
#10775=CARTESIAN_POINT('',(57.3,-49.85,1.6));
#10776=CARTESIAN_POINT('Origin',(57.3,-50.55,1.6));
#10777=CARTESIAN_POINT('',(52.55,-50.55,1.6));
#10778=CARTESIAN_POINT('Origin',(59.,-52.6,4.1));
#10779=CARTESIAN_POINT('',(59.,-53.3,4.1));
#10780=CARTESIAN_POINT('Origin',(59.,-52.6,4.1));
#10781=CARTESIAN_POINT('',(59.,-53.3,1.6));
#10782=CARTESIAN_POINT('',(59.,-53.3,4.1));
#10783=CARTESIAN_POINT('Origin',(59.,-52.6,1.6));
#10784=CARTESIAN_POINT('Origin',(72.3,-53.3,4.1));
#10785=CARTESIAN_POINT('',(60.05,-53.3,1.6));
#10786=CARTESIAN_POINT('',(60.05,-53.3,4.1));
#10787=CARTESIAN_POINT('Origin',(69.,-30.85,1.6));
#10788=CARTESIAN_POINT('',(69.,-31.55,1.6));
#10789=CARTESIAN_POINT('',(69.,-31.55,1.6));
#10790=CARTESIAN_POINT('',(68.3,-30.85,1.6));
#10791=CARTESIAN_POINT('Origin',(69.,-30.85,1.6));
#10792=CARTESIAN_POINT('',(68.3,-30.85,1.6));
#10793=CARTESIAN_POINT('Origin',(68.3,-31.55,1.6));
#10794=CARTESIAN_POINT('',(58.05,-31.55,1.6));
#10795=CARTESIAN_POINT('Origin',(50.,-30.85,1.6));
#10796=CARTESIAN_POINT('',(50.,-31.55,1.6));
#10797=CARTESIAN_POINT('',(50.,-31.55,1.6));
#10798=CARTESIAN_POINT('',(49.3,-30.85,1.6));
#10799=CARTESIAN_POINT('Origin',(50.,-30.85,1.6));
#10800=CARTESIAN_POINT('',(49.3,-30.85,1.6));
#10801=CARTESIAN_POINT('Origin',(49.3,-31.55,1.6));
#10802=CARTESIAN_POINT('',(48.55,-31.55,1.6));
#10803=CARTESIAN_POINT('Origin',(31.,-30.85,1.6));
#10804=CARTESIAN_POINT('',(31.,-31.55,2.95));
#10805=CARTESIAN_POINT('',(30.3,-30.85,2.95));
#10806=CARTESIAN_POINT('Origin',(31.,-30.85,2.95));
#10807=CARTESIAN_POINT('',(31.,-31.55,1.6));
#10808=CARTESIAN_POINT('',(31.,-31.55,1.6));
#10809=CARTESIAN_POINT('',(30.3,-30.85,1.6));
#10810=CARTESIAN_POINT('Origin',(31.,-30.85,1.6));
#10811=CARTESIAN_POINT('',(30.3,-30.85,1.6));
#10812=CARTESIAN_POINT('Origin',(30.3,-21.65,1.6));
#10813=CARTESIAN_POINT('',(30.3,-31.55,2.95));
#10814=CARTESIAN_POINT('',(30.3,-29.225,1.6));
#10815=CARTESIAN_POINT('Origin',(12.,-30.85,1.6));
#10816=CARTESIAN_POINT('',(12.,-31.55,1.6));
#10817=CARTESIAN_POINT('',(12.,-31.55,1.6));
#10818=CARTESIAN_POINT('',(11.3,-30.85,1.6));
#10819=CARTESIAN_POINT('Origin',(12.,-30.85,1.6));
#10820=CARTESIAN_POINT('',(11.3,-30.85,1.6));
#10821=CARTESIAN_POINT('Origin',(11.3,-31.55,1.6));
#10822=CARTESIAN_POINT('',(29.55,-31.55,1.6));
#10823=CARTESIAN_POINT('Origin',(13.,-33.6,4.1));
#10824=CARTESIAN_POINT('',(13.,-34.3,4.1));
#10825=CARTESIAN_POINT('Origin',(13.,-33.6,4.1));
#10826=CARTESIAN_POINT('',(13.,-34.3,1.6));
#10827=CARTESIAN_POINT('',(13.,-34.3,4.1));
#10828=CARTESIAN_POINT('Origin',(13.,-33.6,1.6));
#10829=CARTESIAN_POINT('Origin',(26.3,-34.3,4.1));
#10830=CARTESIAN_POINT('',(37.05,-34.3,1.6));
#10831=CARTESIAN_POINT('',(37.05,-34.3,4.1));
#10832=CARTESIAN_POINT('Origin',(32.,-33.6,4.1));
#10833=CARTESIAN_POINT('',(32.,-34.3,4.1));
#10834=CARTESIAN_POINT('Origin',(32.,-33.6,4.1));
#10835=CARTESIAN_POINT('',(32.,-34.3,1.6));
#10836=CARTESIAN_POINT('',(32.,-34.3,4.1));
#10837=CARTESIAN_POINT('Origin',(32.,-33.6,1.6));
#10838=CARTESIAN_POINT('Origin',(45.3,-34.3,4.1));
#10839=CARTESIAN_POINT('',(45.3,-34.3,4.1));
#10840=CARTESIAN_POINT('',(46.55,-34.3,4.1));
#10841=CARTESIAN_POINT('',(45.3,-34.3,1.6));
#10842=CARTESIAN_POINT('',(45.3,-34.3,4.1));
#10843=CARTESIAN_POINT('',(46.55,-34.3,1.6));
#10844=CARTESIAN_POINT('Origin',(51.,-33.6,4.1));
#10845=CARTESIAN_POINT('',(51.,-34.3,4.1));
#10846=CARTESIAN_POINT('Origin',(51.,-33.6,4.1));
#10847=CARTESIAN_POINT('',(51.,-34.3,1.6));
#10848=CARTESIAN_POINT('',(51.,-34.3,4.1));
#10849=CARTESIAN_POINT('Origin',(51.,-33.6,1.6));
#10850=CARTESIAN_POINT('Origin',(64.3,-34.3,4.1));
#10851=CARTESIAN_POINT('',(56.05,-34.3,1.6));
#10852=CARTESIAN_POINT('',(56.05,-34.3,4.1));
#10853=CARTESIAN_POINT('Origin',(70.,-33.6,4.1));
#10854=CARTESIAN_POINT('',(70.,-34.3,4.1));
#10855=CARTESIAN_POINT('Origin',(70.,-33.6,4.1));
#10856=CARTESIAN_POINT('',(70.,-34.3,1.6));
#10857=CARTESIAN_POINT('',(70.,-34.3,4.1));
#10858=CARTESIAN_POINT('Origin',(70.,-33.6,1.6));
#10859=CARTESIAN_POINT('Origin',(83.3,-34.3,4.1));
#10860=CARTESIAN_POINT('',(65.55,-34.3,1.6));
#10861=CARTESIAN_POINT('',(65.55,-34.3,4.1));
#10862=CARTESIAN_POINT('Origin',(81.,-14.6,4.1));
#10863=CARTESIAN_POINT('',(81.,-15.3,4.1));
#10864=CARTESIAN_POINT('Origin',(81.,-14.6,4.1));
#10865=CARTESIAN_POINT('',(81.,-15.3,1.6));
#10866=CARTESIAN_POINT('',(81.,-15.3,4.1));
#10867=CARTESIAN_POINT('Origin',(81.,-14.6,1.6));
#10868=CARTESIAN_POINT('Origin',(94.3,-15.3,4.1));
#10869=CARTESIAN_POINT('',(71.05,-15.3,1.6));
#10870=CARTESIAN_POINT('',(71.05,-15.3,4.1));
#10871=CARTESIAN_POINT('Origin',(62.,-14.6,4.1));
#10872=CARTESIAN_POINT('',(62.,-15.3,4.1));
#10873=CARTESIAN_POINT('Origin',(62.,-14.6,4.1));
#10874=CARTESIAN_POINT('',(62.,-15.3,1.6));
#10875=CARTESIAN_POINT('',(62.,-15.3,4.1));
#10876=CARTESIAN_POINT('Origin',(62.,-14.6,1.6));
#10877=CARTESIAN_POINT('Origin',(75.3,-15.3,4.1));
#10878=CARTESIAN_POINT('',(61.55,-15.3,1.6));
#10879=CARTESIAN_POINT('',(61.55,-15.3,4.1));
#10880=CARTESIAN_POINT('Origin',(43.,-14.6,4.1));
#10881=CARTESIAN_POINT('',(43.,-15.3,4.1));
#10882=CARTESIAN_POINT('Origin',(43.,-14.6,4.1));
#10883=CARTESIAN_POINT('',(43.,-15.3,1.6));
#10884=CARTESIAN_POINT('',(43.,-15.3,4.1));
#10885=CARTESIAN_POINT('Origin',(43.,-14.6,1.6));
#10886=CARTESIAN_POINT('Origin',(56.3,-15.3,4.1));
#10887=CARTESIAN_POINT('',(52.05,-15.3,1.6));
#10888=CARTESIAN_POINT('',(52.05,-15.3,4.1));
#10889=CARTESIAN_POINT('Origin',(24.,-14.6,4.1));
#10890=CARTESIAN_POINT('',(24.,-15.3,4.1));
#10891=CARTESIAN_POINT('Origin',(24.,-14.6,4.1));
#10892=CARTESIAN_POINT('',(24.,-15.3,1.6));
#10893=CARTESIAN_POINT('',(24.,-15.3,4.1));
#10894=CARTESIAN_POINT('Origin',(24.,-14.6,1.6));
#10895=CARTESIAN_POINT('Origin',(37.3,-15.3,4.1));
#10896=CARTESIAN_POINT('',(42.55,-15.3,1.6));
#10897=CARTESIAN_POINT('',(42.55,-15.3,4.1));
#10898=CARTESIAN_POINT('Origin',(5.,-14.6,4.1));
#10899=CARTESIAN_POINT('',(5.,-15.3,4.1));
#10900=CARTESIAN_POINT('Origin',(5.,-14.6,4.1));
#10901=CARTESIAN_POINT('',(5.,-15.3,1.6));
#10902=CARTESIAN_POINT('',(5.,-15.3,4.1));
#10903=CARTESIAN_POINT('Origin',(5.,-14.6,1.6));
#10904=CARTESIAN_POINT('Origin',(18.3,-15.3,4.1));
#10905=CARTESIAN_POINT('',(33.05,-15.3,1.6));
#10906=CARTESIAN_POINT('',(33.05,-15.3,4.1));
#10907=CARTESIAN_POINT('Origin',(4.,-12.85,1.6));
#10908=CARTESIAN_POINT('',(4.,-13.55,2.95));
#10909=CARTESIAN_POINT('',(3.3,-12.85,2.95));
#10910=CARTESIAN_POINT('Origin',(4.,-12.85,2.95));
#10911=CARTESIAN_POINT('',(4.,-13.55,1.6));
#10912=CARTESIAN_POINT('',(4.,-13.55,1.6));
#10913=CARTESIAN_POINT('',(3.3,-12.85,1.6));
#10914=CARTESIAN_POINT('Origin',(4.,-12.85,1.6));
#10915=CARTESIAN_POINT('',(3.3,-12.85,1.6));
#10916=CARTESIAN_POINT('Origin',(3.3,-2.65,1.6));
#10917=CARTESIAN_POINT('',(3.3,-13.55,2.95));
#10918=CARTESIAN_POINT('',(3.3,-19.725,1.6));
#10919=CARTESIAN_POINT('Origin',(23.,-12.85,1.6));
#10920=CARTESIAN_POINT('',(23.,-13.55,2.95));
#10921=CARTESIAN_POINT('',(22.3,-12.85,2.95));
#10922=CARTESIAN_POINT('Origin',(23.,-12.85,2.95));
#10923=CARTESIAN_POINT('',(23.,-13.55,1.6));
#10924=CARTESIAN_POINT('',(23.,-13.55,1.6));
#10925=CARTESIAN_POINT('',(22.3,-12.85,1.6));
#10926=CARTESIAN_POINT('Origin',(23.,-12.85,1.6));
#10927=CARTESIAN_POINT('',(22.3,-12.85,1.6));
#10928=CARTESIAN_POINT('Origin',(22.3,-2.65,1.6));
#10929=CARTESIAN_POINT('',(22.3,-13.55,2.95));
#10930=CARTESIAN_POINT('',(22.3,-19.725,1.6));
#10931=CARTESIAN_POINT('Origin',(42.,-12.85,1.6));
#10932=CARTESIAN_POINT('',(42.,-13.55,2.95));
#10933=CARTESIAN_POINT('',(41.3,-12.85,2.95));
#10934=CARTESIAN_POINT('Origin',(42.,-12.85,2.95));
#10935=CARTESIAN_POINT('',(42.,-13.55,1.6));
#10936=CARTESIAN_POINT('',(42.,-13.55,1.6));
#10937=CARTESIAN_POINT('',(41.3,-12.85,1.6));
#10938=CARTESIAN_POINT('Origin',(42.,-12.85,1.6));
#10939=CARTESIAN_POINT('',(41.3,-12.85,1.6));
#10940=CARTESIAN_POINT('Origin',(41.3,-2.65,1.6));
#10941=CARTESIAN_POINT('',(41.3,-13.55,2.95));
#10942=CARTESIAN_POINT('',(41.3,-19.725,1.6));
#10943=CARTESIAN_POINT('Origin',(61.,-12.85,1.6));
#10944=CARTESIAN_POINT('',(61.,-13.55,1.6));
#10945=CARTESIAN_POINT('',(61.,-13.55,1.6));
#10946=CARTESIAN_POINT('',(60.3,-12.85,1.6));
#10947=CARTESIAN_POINT('Origin',(61.,-12.85,1.6));
#10948=CARTESIAN_POINT('',(60.3,-12.85,1.6));
#10949=CARTESIAN_POINT('Origin',(60.3,-13.55,1.6));
#10950=CARTESIAN_POINT('',(54.05,-13.55,1.6));
#10951=CARTESIAN_POINT('Origin',(80.,-12.85,1.6));
#10952=CARTESIAN_POINT('',(80.,-13.55,1.6));
#10953=CARTESIAN_POINT('',(80.,-13.55,1.6));
#10954=CARTESIAN_POINT('',(79.3,-12.85,1.6));
#10955=CARTESIAN_POINT('Origin',(80.,-12.85,1.6));
#10956=CARTESIAN_POINT('',(79.3,-12.85,1.6));
#10957=CARTESIAN_POINT('Origin',(79.3,-13.55,1.6));
#10958=CARTESIAN_POINT('',(63.55,-13.55,1.6));
#10959=CARTESIAN_POINT('Origin',(41.3,-13.55,1.6));
#10960=CARTESIAN_POINT('',(57.3,-13.55,2.95));
#10961=CARTESIAN_POINT('',(44.55,-13.55,1.6));
#10962=CARTESIAN_POINT('Origin',(49.3,-8.1,2.95));
#10963=CARTESIAN_POINT('Origin',(57.3,-13.55,1.6));
#10964=CARTESIAN_POINT('',(57.3,-25.175,1.6));
#10965=CARTESIAN_POINT('Origin',(30.3,-31.55,1.6));
#10966=CARTESIAN_POINT('',(46.3,-31.55,2.95));
#10967=CARTESIAN_POINT('',(39.05,-31.55,1.6));
#10968=CARTESIAN_POINT('Origin',(38.3,-26.6,2.95));
#10969=CARTESIAN_POINT('Origin',(30.3,-31.55,1.6));
#10970=CARTESIAN_POINT('',(45.3,-31.55,2.95));
#10971=CARTESIAN_POINT('',(45.3,-31.55,1.6));
#10972=CARTESIAN_POINT('',(45.3,-31.55,2.85));
#10973=CARTESIAN_POINT('',(46.3,-31.55,2.95));
#10974=CARTESIAN_POINT('',(39.05,-31.55,1.6));
#10975=CARTESIAN_POINT('Origin',(46.3,-21.65,1.6));
#10976=CARTESIAN_POINT('',(45.3,-21.65,2.95));
#10977=CARTESIAN_POINT('',(30.3,-21.65,2.95));
#10978=CARTESIAN_POINT('',(45.3,-21.65,1.6));
#10979=CARTESIAN_POINT('',(45.3,-21.65,2.85));
#10980=CARTESIAN_POINT('',(47.05,-21.65,1.6));
#10981=CARTESIAN_POINT('Origin',(38.3,-26.6,2.95));
#10982=CARTESIAN_POINT('',(45.3,-23.45,2.95));
#10983=CARTESIAN_POINT('Origin',(87.5999999999999,-59.65,1.6));
#10984=CARTESIAN_POINT('',(67.7,-59.65,1.6));
#10985=CARTESIAN_POINT('Origin',(71.6,-69.55,1.6));
#10986=CARTESIAN_POINT('',(59.7,-69.55,1.6));
#10987=CARTESIAN_POINT('Origin',(71.6,-59.65,1.6));
#10988=CARTESIAN_POINT('',(71.6,-48.225,1.6));
#10989=CARTESIAN_POINT('Origin',(35.3000002384186,-40.65,1.6));
#10990=CARTESIAN_POINT('',(41.5500001192093,-40.65,1.6));
#10991=CARTESIAN_POINT('',(19.3,-40.65,2.95));
#10992=CARTESIAN_POINT('Origin',(27.3000001192093,-45.6,2.95));
#10993=CARTESIAN_POINT('',(35.3000002384186,-50.55,2.95));
#10994=CARTESIAN_POINT('Origin',(19.3,-50.55,1.6));
#10995=CARTESIAN_POINT('',(33.55,-50.55,1.6));
#10996=CARTESIAN_POINT('Origin',(19.3,-40.65,1.6));
#10997=CARTESIAN_POINT('',(19.3,-38.725,1.6));
#10998=CARTESIAN_POINT('Origin',(54.3000002384186,-40.65,1.6));
#10999=CARTESIAN_POINT('',(51.0500001192093,-40.65,1.6));
#11000=CARTESIAN_POINT('Origin',(38.3,-50.55,1.6));
#11001=CARTESIAN_POINT('',(43.05,-50.55,1.6));
#11002=CARTESIAN_POINT('Origin',(38.3,-40.65,1.6));
#11003=CARTESIAN_POINT('',(38.3,-38.725,1.6));
#11004=CARTESIAN_POINT('Origin',(59.,-59.65,1.6));
#11005=CARTESIAN_POINT('',(53.4,-59.65,1.6));
#11006=CARTESIAN_POINT('Origin',(43.,-59.65,1.6));
#11007=CARTESIAN_POINT('',(43.,-48.225,1.6));
#11008=CARTESIAN_POINT('Origin',(43.,-69.55,1.6));
#11009=CARTESIAN_POINT('',(45.4,-69.55,1.6));
#11010=CARTESIAN_POINT('Origin',(27.3,-21.65,1.6));
#11011=CARTESIAN_POINT('',(37.55,-21.65,1.6));
#11012=CARTESIAN_POINT('Origin',(11.3,-31.55,1.6));
#11013=CARTESIAN_POINT('',(29.55,-31.55,1.6));
#11014=CARTESIAN_POINT('Origin',(11.3,-21.65,1.6));
#11015=CARTESIAN_POINT('',(11.3,-29.225,1.6));
#11016=CARTESIAN_POINT('Origin',(76.3,-2.65,1.6));
#11017=CARTESIAN_POINT('',(62.05,-2.65,1.6));
#11018=CARTESIAN_POINT('Origin',(60.3,-2.65,1.6));
#11019=CARTESIAN_POINT('',(60.3,-19.725,1.6));
#11020=CARTESIAN_POINT('Origin',(60.3,-13.55,1.6));
#11021=CARTESIAN_POINT('',(54.05,-13.55,1.6));
#11022=CARTESIAN_POINT('Origin',(22.3,-13.55,1.6));
#11023=CARTESIAN_POINT('',(38.3,-13.55,2.95));
#11024=CARTESIAN_POINT('',(35.05,-13.55,1.6));
#11025=CARTESIAN_POINT('Origin',(30.3,-8.1,2.95));
#11026=CARTESIAN_POINT('Origin',(38.3,-2.65000000000001,1.6));
#11027=CARTESIAN_POINT('',(43.05,-2.65000000000001,1.6));
#11028=CARTESIAN_POINT('Origin',(65.3,-21.65,1.6));
#11029=CARTESIAN_POINT('',(56.55,-21.65,1.6));
#11030=CARTESIAN_POINT('Origin',(49.3,-31.55,1.6));
#11031=CARTESIAN_POINT('',(48.55,-31.55,1.6));
#11032=CARTESIAN_POINT('Origin',(49.3,-21.65,1.6));
#11033=CARTESIAN_POINT('',(49.3,-29.225,1.6));
#11034=CARTESIAN_POINT('Origin',(92.3000002384186,-40.65,1.6));
#11035=CARTESIAN_POINT('',(70.0500001192093,-40.65,1.6));
#11036=CARTESIAN_POINT('Origin',(76.3,-50.55,1.6));
#11037=CARTESIAN_POINT('',(62.05,-50.55,1.6));
#11038=CARTESIAN_POINT('Origin',(76.3,-40.65,1.6));
#11039=CARTESIAN_POINT('',(76.3,-38.725,1.6));
#11040=CARTESIAN_POINT('Origin',(16.3000002384186,-40.65,1.6));
#11041=CARTESIAN_POINT('',(32.0500001192093,-40.65,1.6));
#11042=CARTESIAN_POINT('Origin',(0.300000000000002,-50.55,1.6));
#11043=CARTESIAN_POINT('',(24.05,-50.55,1.6));
#11044=CARTESIAN_POINT('Origin',(0.300000000000003,-40.65,1.6));
#11045=CARTESIAN_POINT('',(0.300000000000002,-38.725,1.6));
#11046=CARTESIAN_POINT('Origin',(73.3000002384186,-40.65,1.6));
#11047=CARTESIAN_POINT('',(60.5500001192093,-40.65,1.6));
#11048=CARTESIAN_POINT('Origin',(57.3,-50.55,1.6));
#11049=CARTESIAN_POINT('',(52.55,-50.55,1.6));
#11050=CARTESIAN_POINT('Origin',(57.3,-40.65,1.6));
#11051=CARTESIAN_POINT('',(57.3,-38.725,1.6));
#11052=CARTESIAN_POINT('Origin',(84.3,-21.65,1.6));
#11053=CARTESIAN_POINT('',(66.05,-21.65,1.6));
#11054=CARTESIAN_POINT('Origin',(68.3,-31.55,1.6));
#11055=CARTESIAN_POINT('',(58.05,-31.55,1.6));
#11056=CARTESIAN_POINT('Origin',(68.3,-21.65,1.6));
#11057=CARTESIAN_POINT('',(68.3,-29.225,1.6));
#11058=CARTESIAN_POINT('Origin',(3.3,-13.55,1.6));
#11059=CARTESIAN_POINT('',(19.3,-13.55,2.95));
#11060=CARTESIAN_POINT('',(25.55,-13.55,1.6));
#11061=CARTESIAN_POINT('Origin',(11.3,-8.1,2.95));
#11062=CARTESIAN_POINT('Origin',(19.3,-2.65,1.6));
#11063=CARTESIAN_POINT('',(33.55,-2.64999999999999,1.6));
#11064=CARTESIAN_POINT('Origin',(95.3,-2.65,1.6));
#11065=CARTESIAN_POINT('',(71.55,-2.65,1.6));
#11066=CARTESIAN_POINT('Origin',(79.3,-13.55,1.6));
#11067=CARTESIAN_POINT('',(63.55,-13.55,1.6));
#11068=CARTESIAN_POINT('Origin',(79.3,-2.65,1.6));
#11069=CARTESIAN_POINT('',(79.3,-19.725,1.6));
#11070=CARTESIAN_POINT('Origin',(47.8,-36.8,1.6));
#11071=CARTESIAN_POINT('',(-0.999999999999996,0.999999999999996,1.6));
#11072=CARTESIAN_POINT('',(-0.999999999999988,-65.3,1.6));
#11073=CARTESIAN_POINT('',(-0.999999999999996,0.999999999999996,1.6));
#11074=CARTESIAN_POINT('',(96.6,0.999999999999996,1.6));
#11075=CARTESIAN_POINT('',(96.6,0.999999999999996,1.6));
#11076=CARTESIAN_POINT('',(96.6,-65.3,1.6));
#11077=CARTESIAN_POINT('',(96.6,-65.3,1.6));
#11078=CARTESIAN_POINT('',(87.3,-74.6,1.6));
#11079=CARTESIAN_POINT('Origin',(87.3,-65.3,1.6));
#11080=CARTESIAN_POINT('',(8.30000000000001,-74.6,1.6));
#11081=CARTESIAN_POINT('',(8.30000000000001,-74.6,1.6));
#11082=CARTESIAN_POINT('Origin',(8.30000000000001,-65.3,1.6));
#11083=CARTESIAN_POINT('',(45.3,-28.55,1.6));
#11084=CARTESIAN_POINT('',(45.3,-28.55,1.6));
#11085=CARTESIAN_POINT('',(34.05,-39.3,1.6));
#11086=CARTESIAN_POINT('',(4.8115,-21.3,1.6));
#11087=CARTESIAN_POINT('Origin',(4.,-21.3,1.6));
#11088=CARTESIAN_POINT('',(33.7115,-69.6,1.6));
#11089=CARTESIAN_POINT('Origin',(32.9,-69.6,1.6));
#11090=CARTESIAN_POINT('',(92.4115,-21.3,1.6));
#11091=CARTESIAN_POINT('Origin',(91.6,-21.3,1.6));
#11092=CARTESIAN_POINT('Origin',(4.,-21.3,2.6));
#11093=CARTESIAN_POINT('',(4.8115,-21.3,3.6));
#11094=CARTESIAN_POINT('',(4.8115,-21.3,2.6));
#11095=CARTESIAN_POINT('Origin',(4.,-21.3,3.6));
#11096=CARTESIAN_POINT('Origin',(4.,-21.3,3.6));
#11097=CARTESIAN_POINT('Origin',(32.9,-69.6,2.6));
#11098=CARTESIAN_POINT('',(33.7115,-69.6,3.6));
#11099=CARTESIAN_POINT('',(33.7115,-69.6,2.6));
#11100=CARTESIAN_POINT('Origin',(32.9,-69.6,3.6));
#11101=CARTESIAN_POINT('Origin',(32.9,-69.6,3.6));
#11102=CARTESIAN_POINT('Origin',(91.6,-21.3,2.6));
#11103=CARTESIAN_POINT('',(92.4115,-21.3,3.6));
#11104=CARTESIAN_POINT('',(92.4115,-21.3,2.6));
#11105=CARTESIAN_POINT('Origin',(91.6,-21.3,3.6));
#11106=CARTESIAN_POINT('Origin',(91.6,-21.3,3.6));
#11107=CARTESIAN_POINT('Origin',(45.3,-20.3,4.1));
#11108=CARTESIAN_POINT('',(45.3,-28.55,4.1));
#11109=CARTESIAN_POINT('Origin',(20.3,-39.3,4.1));
#11110=CARTESIAN_POINT('',(34.05,-39.3,4.1));
#11111=CARTESIAN_POINT('Origin',(96.6,0.999999999999996,1.6));
#11112=CARTESIAN_POINT('',(-0.999999999999996,0.999999999999996,4.1));
#11113=CARTESIAN_POINT('',(-0.999999999999996,0.999999999999996,1.6));
#11114=CARTESIAN_POINT('',(96.6,0.999999999999996,4.1));
#11115=CARTESIAN_POINT('',(96.6,0.999999999999996,4.1));
#11116=CARTESIAN_POINT('',(96.6,0.999999999999996,1.6));
#11117=CARTESIAN_POINT('Origin',(96.6,-65.3,1.6));
#11118=CARTESIAN_POINT('',(96.6,-65.3,4.1));
#11119=CARTESIAN_POINT('',(96.6,-65.3,4.1));
#11120=CARTESIAN_POINT('',(96.6,-65.3,1.6));
#11121=CARTESIAN_POINT('Origin',(87.3,-65.3,1.6));
#11122=CARTESIAN_POINT('',(87.3,-74.6,4.1));
#11123=CARTESIAN_POINT('Origin',(87.3,-65.3,4.1));
#11124=CARTESIAN_POINT('',(87.3,-74.6,1.6));
#11125=CARTESIAN_POINT('Origin',(8.30000000000001,-74.6,1.6));
#11126=CARTESIAN_POINT('',(8.30000000000001,-74.6,4.1));
#11127=CARTESIAN_POINT('',(8.30000000000001,-74.6,4.1));
#11128=CARTESIAN_POINT('',(8.30000000000001,-74.6,1.6));
#11129=CARTESIAN_POINT('Origin',(8.30000000000001,-65.3,1.6));
#11130=CARTESIAN_POINT('',(-0.999999999999988,-65.3,4.1));
#11131=CARTESIAN_POINT('Origin',(8.30000000000001,-65.3,4.1));
#11132=CARTESIAN_POINT('',(-0.999999999999988,-65.3,1.6));
#11133=CARTESIAN_POINT('Origin',(-0.999999999999996,0.999999999999996,1.6));
#11134=CARTESIAN_POINT('',(-0.999999999999996,0.999999999999996,4.1));
#11135=CARTESIAN_POINT('Origin',(47.8,-36.8,4.1));
#11136=CARTESIAN_POINT('',(0.,0.,0.));
#11137=UNCERTAINTY_MEASURE_WITH_UNIT(LENGTH_MEASURE(0.01),#11143,
'DISTANCE_ACCURACY_VALUE',
'Maximum model space distance between geometric entities at asserted c
onnectivities');
#11138=UNCERTAINTY_MEASURE_WITH_UNIT(LENGTH_MEASURE(0.01),#11143,
'DISTANCE_ACCURACY_VALUE',
'Maximum model space distance between geometric entities at asserted c
onnectivities');
#11139=UNCERTAINTY_MEASURE_WITH_UNIT(LENGTH_MEASURE(0.01),#11143,
'DISTANCE_ACCURACY_VALUE',
'Maximum model space distance between geometric entities at asserted c
onnectivities');
#11140=(
GEOMETRIC_REPRESENTATION_CONTEXT(3)
GLOBAL_UNCERTAINTY_ASSIGNED_CONTEXT((#11137))
GLOBAL_UNIT_ASSIGNED_CONTEXT((#11143,#11145,#11146))
REPRESENTATION_CONTEXT('','3D')
);
#11141=(
GEOMETRIC_REPRESENTATION_CONTEXT(3)
GLOBAL_UNCERTAINTY_ASSIGNED_CONTEXT((#11138))
GLOBAL_UNIT_ASSIGNED_CONTEXT((#11143,#11145,#11146))
REPRESENTATION_CONTEXT('','3D')
);
#11142=(
GEOMETRIC_REPRESENTATION_CONTEXT(3)
GLOBAL_UNCERTAINTY_ASSIGNED_CONTEXT((#11139))
GLOBAL_UNIT_ASSIGNED_CONTEXT((#11143,#11145,#11146))
REPRESENTATION_CONTEXT('','3D')
);
#11143=(
LENGTH_UNIT()
NAMED_UNIT(*)
SI_UNIT(.MILLI.,.METRE.)
);
#11144=(
LENGTH_UNIT()
NAMED_UNIT(*)
SI_UNIT($,.METRE.)
);
#11145=(
NAMED_UNIT(*)
PLANE_ANGLE_UNIT()
SI_UNIT($,.RADIAN.)
);
#11146=(
NAMED_UNIT(*)
SI_UNIT($,.STERADIAN.)
SOLID_ANGLE_UNIT()
);
#11147=SHAPE_DEFINITION_REPRESENTATION(#11149,#11152);
#11148=SHAPE_DEFINITION_REPRESENTATION(#11150,#11153);
#11149=PRODUCT_DEFINITION_SHAPE('',$,#11155);
#11150=PRODUCT_DEFINITION_SHAPE('',$,#11156);
#11151=PRODUCT_DEFINITION_SHAPE($,$,#14);
#11152=SHAPE_REPRESENTATION('',(#6689,#7279),#11140);
#11153=SHAPE_REPRESENTATION('',(#6690),#11141);
#11154=PRODUCT_DEFINITION_CONTEXT('part definition',#11162,'design');
#11155=PRODUCT_DEFINITION('Mathboard version 1 case',
'Mathboard version 1 case v30',#11157,#11154);
#11156=PRODUCT_DEFINITION('Top case','Top case',#11158,#11154);
#11157=PRODUCT_DEFINITION_FORMATION('',$,#11164);
#11158=PRODUCT_DEFINITION_FORMATION('',$,#11165);
#11159=PRODUCT_RELATED_PRODUCT_CATEGORY('Mathboard version 1 case v30',
'Mathboard version 1 case v30',(#11164));
#11160=PRODUCT_RELATED_PRODUCT_CATEGORY('Top case','Top case',(#11165));
#11161=APPLICATION_PROTOCOL_DEFINITION('international standard',
'automotive_design',2009,#11162);
#11162=APPLICATION_CONTEXT(
'Core Data for Automotive Mechanical Design Process');
#11163=PRODUCT_CONTEXT('part definition',#11162,'mechanical');
#11164=PRODUCT('Mathboard version 1 case',
'Mathboard version 1 case v30',$,(#11163));
#11165=PRODUCT('Top case','Top case',$,(#11163));
#11166=PRESENTATION_STYLE_ASSIGNMENT((#11172));
#11167=PRESENTATION_STYLE_ASSIGNMENT((#11173));
#11168=PRESENTATION_STYLE_ASSIGNMENT((#11174));
#11169=PRESENTATION_STYLE_ASSIGNMENT((#11175));
#11170=PRESENTATION_STYLE_ASSIGNMENT((#11176));
#11171=PRESENTATION_STYLE_ASSIGNMENT((#11177));
#11172=SURFACE_STYLE_USAGE(.BOTH.,#11178);
#11173=SURFACE_STYLE_USAGE(.BOTH.,#11179);
#11174=SURFACE_STYLE_USAGE(.BOTH.,#11180);
#11175=SURFACE_STYLE_USAGE(.BOTH.,#11181);
#11176=SURFACE_STYLE_USAGE(.BOTH.,#11182);
#11177=SURFACE_STYLE_USAGE(.BOTH.,#11183);
#11178=SURFACE_SIDE_STYLE('',(#11184));
#11179=SURFACE_SIDE_STYLE('',(#11185));
#11180=SURFACE_SIDE_STYLE('',(#11186));
#11181=SURFACE_SIDE_STYLE('',(#11187));
#11182=SURFACE_SIDE_STYLE('',(#11188));
#11183=SURFACE_SIDE_STYLE('',(#11189));
#11184=SURFACE_STYLE_FILL_AREA(#11190);
#11185=SURFACE_STYLE_FILL_AREA(#11191);
#11186=SURFACE_STYLE_FILL_AREA(#11192);
#11187=SURFACE_STYLE_FILL_AREA(#11193);
#11188=SURFACE_STYLE_FILL_AREA(#11194);
#11189=SURFACE_STYLE_FILL_AREA(#11195);
#11190=FILL_AREA_STYLE('Steel - Satin',(#11196));
#11191=FILL_AREA_STYLE('ABS (White)',(#11197));
#11192=FILL_AREA_STYLE('Plastic - Translucent Matte (Luight blue)',(#11198));
#11193=FILL_AREA_STYLE('Plastic - Translucent Glossy (Green)',(#11199));
#11194=FILL_AREA_STYLE('Plastic - Translucent Matte (Red)',(#11200));
#11195=FILL_AREA_STYLE('Plastic - Matte (Blue)',(#11201));
#11196=FILL_AREA_STYLE_COLOUR('Steel - Satin',#11202);
#11197=FILL_AREA_STYLE_COLOUR('ABS (White)',#11203);
#11198=FILL_AREA_STYLE_COLOUR(
'Plastic - Translucent Matte (Luight blue)',#11204);
#11199=FILL_AREA_STYLE_COLOUR('Plastic - Translucent Glossy (Green)',#11205);
#11200=FILL_AREA_STYLE_COLOUR('Plastic - Translucent Matte (Red)',#11206);
#11201=FILL_AREA_STYLE_COLOUR('Plastic - Matte (Blue)',#11207);
#11202=COLOUR_RGB('Steel - Satin',0.627450980392157,0.627450980392157,0.627450980392157);
#11203=COLOUR_RGB('ABS (White)',0.964705882352941,0.964705882352941,0.952941176470588);
#11204=COLOUR_RGB('Plastic - Translucent Matte (Luight blue)',0.701960784313725,
0.756862745098039,1.);
#11205=COLOUR_RGB('Plastic - Translucent Glossy (Green)',0.266666666666667,
0.588235294117647,0.282352941176471);
#11206=COLOUR_RGB('Plastic - Translucent Matte (Red)',0.776470588235294,
0.658823529411765,0.87843137254902);
#11207=COLOUR_RGB('Plastic - Matte (Blue)',0.188235294117647,0.231372549019608,
0.588235294117647);
ENDSEC;
END-ISO-10303-21;
