ISO-10303-21;
HEADER;
FILE_DESCRIPTION(('STEP AP203'),'1');
FILE_NAME('xb-msk-103.stp','2024-04-02T07:58:10',('TraceParts'),('TraceParts S.A.'),'Spatial InterOp 3D',' ',' ');
FILE_SCHEMA(('CONFIG_CONTROL_DESIGN'));
ENDSEC;
DATA;
#1=DESIGN_CONTEXT('',#35,'design');
#2=APPLICATION_PROTOCOL_DEFINITION('INTERNATIONAL STANDARD','config_control_design',1994,#35);
#3=PRODUCT_CATEGORY_RELATIONSHIP('NONE','NONE',#36,#37);
#4=DATE_AND_TIME(#38,#39);
#5=DATE_TIME_ROLE('creation_date');
#6=DATE_TIME_ROLE('classification_date');
#7=PERSON_AND_ORGANIZATION_ROLE('creator');
#8=PERSON_AND_ORGANIZATION_ROLE('design_supplier');
#9=PERSON_AND_ORGANIZATION_ROLE('classification_officer');
#10=PERSON_AND_ORGANIZATION_ROLE('design_owner');
#11=APPROVAL_PERSON_ORGANIZATION(#40,#41,#42);
#12=APPROVAL_DATE_TIME(#4,#41);
#13=CC_DESIGN_APPROVAL(#41,(#43,#44,#45));
#14=CC_DESIGN_DATE_AND_TIME_ASSIGNMENT(#4,#5,(#45));
#15=CC_DESIGN_DATE_AND_TIME_ASSIGNMENT(#4,#6,(#43));
#16=CC_DESIGN_PERSON_AND_ORGANIZATION_ASSIGNMENT(#40,#10,(#46));
#17=CC_DESIGN_PERSON_AND_ORGANIZATION_ASSIGNMENT(#40,#7,(#45));
#18=CC_DESIGN_PERSON_AND_ORGANIZATION_ASSIGNMENT(#40,#7,(#44));
#19=CC_DESIGN_PERSON_AND_ORGANIZATION_ASSIGNMENT(#40,#8,(#44));
#20=CC_DESIGN_SECURITY_CLASSIFICATION(#43,(#44));
#21=CC_DESIGN_PERSON_AND_ORGANIZATION_ASSIGNMENT(#40,#9,(#43));
#22=SHAPE_DEFINITION_REPRESENTATION(#47,#48);
#23=SHAPE_DEFINITION_REPRESENTATION(#47,#49);
#24=SHAPE_DEFINITION_REPRESENTATION(#47,#50);
#25=SHAPE_DEFINITION_REPRESENTATION(#47,#51);
#26=SHAPE_DEFINITION_REPRESENTATION(#47,#52);
#27=SHAPE_DEFINITION_REPRESENTATION(#47,#53);
#28=SHAPE_DEFINITION_REPRESENTATION(#47,#54);
#29=SHAPE_DEFINITION_REPRESENTATION(#47,#55);
#30=SHAPE_DEFINITION_REPRESENTATION(#47,#56);
#31= (GEOMETRIC_REPRESENTATION_CONTEXT(3)GLOBAL_UNCERTAINTY_ASSIGNED_CONTEXT((#59))GLOBAL_UNIT_ASSIGNED_CONTEXT((#61,#62,#63))REPRESENTATION_CONTEXT('NONE','WORKSPACE'));
#35=APPLICATION_CONTEXT('CONFIGURATION CONTROLLED 3D DESIGNS OF MECHANICAL PARTS AND ASSEMBLIES');
#36=PRODUCT_CATEGORY('part','NONE');
#37=PRODUCT_RELATED_PRODUCT_CATEGORY('detail',' ',(#46));
#38=CALENDAR_DATE(2024,2,3);
#39=LOCAL_TIME(9,58,10.0,#65);
#40=PERSON_AND_ORGANIZATION(#66,#67);
#41=APPROVAL(#68,'SOLID MODEL');
#42=APPROVAL_ROLE('APPROVED');
#43=SECURITY_CLASSIFICATION('','',#69);
#44=PRODUCT_DEFINITION_FORMATION_WITH_SPECIFIED_SOURCE(' ','NONE',#46,.NOT_KNOWN.);
#45=PRODUCT_DEFINITION('','NONE',#44,#1);
#46=PRODUCT('1','','PART--DESC',(#70));
#47=PRODUCT_DEFINITION_SHAPE('NONE','NONE',#45);
#48=ADVANCED_BREP_SHAPE_REPRESENTATION('1',(#71,#72),#31);
#49=ADVANCED_BREP_SHAPE_REPRESENTATION('2',(#73,#74),#31);
#50=ADVANCED_BREP_SHAPE_REPRESENTATION('3',(#75,#76),#31);
#51=ADVANCED_BREP_SHAPE_REPRESENTATION('4',(#77,#78),#31);
#52=ADVANCED_BREP_SHAPE_REPRESENTATION('5',(#79,#80),#31);
#53=ADVANCED_BREP_SHAPE_REPRESENTATION('6',(#81,#82),#31);
#54=ADVANCED_BREP_SHAPE_REPRESENTATION('7',(#83,#84),#31);
#55=ADVANCED_BREP_SHAPE_REPRESENTATION('8',(#85,#86),#31);
#56=ADVANCED_BREP_SHAPE_REPRESENTATION('9',(#87,#88),#31);
#59=UNCERTAINTY_MEASURE_WITH_UNIT(LENGTH_MEASURE(1.0E-06),#61,'','');
#61= (CONVERSION_BASED_UNIT('MILLIMETRE',#91)LENGTH_UNIT()NAMED_UNIT(#94));
#62= (NAMED_UNIT(#96)PLANE_ANGLE_UNIT()SI_UNIT($,.RADIAN.));
#63= (NAMED_UNIT(#96)SOLID_ANGLE_UNIT()SI_UNIT($,.STERADIAN.));
#65=COORDINATED_UNIVERSAL_TIME_OFFSET(1,0,.AHEAD.);
#66=PERSON('','UNSPECIFIED',$,$,$,$);
#67=ORGANIZATION('UNSPECIFIED','UNSPECIFIED','UNSPECIFIED');
#68=APPROVAL_STATUS('approved');
#69=SECURITY_CLASSIFICATION_LEVEL('unclassified');
#70=MECHANICAL_CONTEXT('',#35,'mechanical');
#71=MANIFOLD_SOLID_BREP('1',#102);
#72=AXIS2_PLACEMENT_3D('',#103,#104,#105);
#73=MANIFOLD_SOLID_BREP('2',#106);
#74=AXIS2_PLACEMENT_3D('',#107,#108,#109);
#75=MANIFOLD_SOLID_BREP('3',#110);
#76=AXIS2_PLACEMENT_3D('',#111,#112,#113);
#77=MANIFOLD_SOLID_BREP('4',#114);
#78=AXIS2_PLACEMENT_3D('',#115,#116,#117);
#79=MANIFOLD_SOLID_BREP('5',#118);
#80=AXIS2_PLACEMENT_3D('',#119,#120,#121);
#81=MANIFOLD_SOLID_BREP('6',#122);
#82=AXIS2_PLACEMENT_3D('',#123,#124,#125);
#83=MANIFOLD_SOLID_BREP('7',#126);
#84=AXIS2_PLACEMENT_3D('',#127,#128,#129);
#85=MANIFOLD_SOLID_BREP('8',#130);
#86=AXIS2_PLACEMENT_3D('',#131,#132,#133);
#87=MANIFOLD_SOLID_BREP('9',#134);
#88=AXIS2_PLACEMENT_3D('',#135,#136,#137);
#91=LENGTH_MEASURE_WITH_UNIT(LENGTH_MEASURE(1.0),#138);
#94=DIMENSIONAL_EXPONENTS(1.0,0.0,0.0,0.0,0.0,0.0,0.0);
#96=DIMENSIONAL_EXPONENTS(0.0,0.0,0.0,0.0,0.0,0.0,0.0);
#102=CLOSED_SHELL('',(#139,#140,#141,#142,#143,#144));
#103=CARTESIAN_POINT('',(0.0,0.0,0.0));
#104=DIRECTION('',(0.0,0.0,1.0));
#105=DIRECTION('',(1.0,0.0,0.0));
#106=CLOSED_SHELL('',(#145,#146,#147,#148,#149,#150));
#107=CARTESIAN_POINT('',(0.0,0.0,0.0));
#108=DIRECTION('',(0.0,0.0,1.0));
#109=DIRECTION('',(1.0,0.0,0.0));
#110=CLOSED_SHELL('',(#151,#152,#153,#154,#155,#156,#157,#158,#159,#160,#161,#162,#163,#164,#165,#166,#167,#168,#169,#170,#171,#172,#173,#174,#175,#176,#177,#178,#179,#180,#181,#182,#183,#184,#185,#186,#187,#188,#189,#190,#191,#192,#193,#194,#195,#196,#197,#198,#199,#200,#201,#202,#203,#204,#205,#206,#207,#208,#209,#210,#211,#212,#213,#214,#215,#216,#217,#218,#219,#220,#221,#222));
#111=CARTESIAN_POINT('',(0.0,0.0,0.0));
#112=DIRECTION('',(0.0,0.0,1.0));
#113=DIRECTION('',(1.0,0.0,0.0));
#114=CLOSED_SHELL('',(#223,#224,#225,#226,#227,#228,#229,#230,#231));
#115=CARTESIAN_POINT('',(0.0,0.0,0.0));
#116=DIRECTION('',(0.0,0.0,1.0));
#117=DIRECTION('',(1.0,0.0,0.0));
#118=CLOSED_SHELL('',(#232,#233,#234,#235,#236,#237));
#119=CARTESIAN_POINT('',(0.0,0.0,0.0));
#120=DIRECTION('',(0.0,0.0,1.0));
#121=DIRECTION('',(1.0,0.0,0.0));
#122=CLOSED_SHELL('',(#238,#239,#240,#241,#242,#243));
#123=CARTESIAN_POINT('',(0.0,0.0,0.0));
#124=DIRECTION('',(0.0,0.0,1.0));
#125=DIRECTION('',(1.0,0.0,0.0));
#126=CLOSED_SHELL('',(#244,#245,#246,#247,#248,#249));
#127=CARTESIAN_POINT('',(0.0,0.0,0.0));
#128=DIRECTION('',(0.0,0.0,1.0));
#129=DIRECTION('',(1.0,0.0,0.0));
#130=CLOSED_SHELL('',(#250,#251,#252,#253,#254,#255));
#131=CARTESIAN_POINT('',(0.0,0.0,0.0));
#132=DIRECTION('',(0.0,0.0,1.0));
#133=DIRECTION('',(1.0,0.0,0.0));
#134=CLOSED_SHELL('',(#256,#257,#258,#259,#260,#261,#262,#263,#264,#265,#266,#267,#268,#269,#270,#271,#272,#273,#274,#275,#276,#277,#278,#279,#280,#281,#282,#283,#284,#285,#286,#287,#288,#289,#290,#291,#292,#293,#294,#295,#296,#297,#298,#299,#300,#301,#302,#303,#304,#305,#306,#307,#308,#309,#310,#311,#312,#313,#314,#315,#316,#317,#318,#319,#320,#321,#322,#323,#324,#325,#326,#327,#328,#329,#330,#331,#332,#333,#334,#335,#336,#337,#338,#339,#340,#341,#342,#343,#344,#345,#346,#347,#348,#349,#350,#351,#352,#353,#354,#355,#356,#357,#358,#359,#360,#361,#362,#363,#364,#365,#366,#367,#368,#369,#370,#371,#372,#373,#374,#375,#376,#377,#378,#379,#380,#381,#382,#383,#384,#385,#386,#387,#388,#389,#390,#391,#392,#393,#394,#395,#396,#397,#398,#399,#400,#401,#402,#403,#404,#405,#406,#407,#408,#409,#410,#411,#412,#413,#414,#415,#416,#417,#418,#419,#420,#421,#422,#423,#424,#425,#426,#427,#428,#429,#430,#431,#432,#433,#434,#435,#436,#437,#438,#439,#440,#441,#442,#443,#444,#445,#446,#447,#448,#449,#450,#451,#452,#453,#454,#455,#456,#457,#458,#459,#460,#461,#462,#463,#464,#465,#466,#467,#468,#469,#470,#471,#472,#473,#474,#475,#476,#477,#478,#479,#480,#481,#482,#483,#484,#485,#486,#487,#488,#489,#490,#491,#492,#493,#494,#495,#496,#497,#498,#499));
#135=CARTESIAN_POINT('',(0.0,0.0,0.0));
#136=DIRECTION('',(0.0,0.0,1.0));
#137=DIRECTION('',(1.0,0.0,0.0));
#138= (NAMED_UNIT(#94)LENGTH_UNIT()SI_UNIT(.MILLI.,.METRE.));
#139=ADVANCED_FACE('',(#501),#502,.T.);
#140=ADVANCED_FACE('',(#503),#504,.T.);
#141=ADVANCED_FACE('',(#505),#506,.T.);
#142=ADVANCED_FACE('',(#507),#508,.T.);
#143=ADVANCED_FACE('',(#509),#510,.T.);
#144=ADVANCED_FACE('',(#511),#512,.T.);
#145=ADVANCED_FACE('',(#513),#514,.T.);
#146=ADVANCED_FACE('',(#515),#516,.T.);
#147=ADVANCED_FACE('',(#517),#518,.T.);
#148=ADVANCED_FACE('',(#519),#520,.T.);
#149=ADVANCED_FACE('',(#521),#522,.T.);
#150=ADVANCED_FACE('',(#523),#524,.T.);
#151=ADVANCED_FACE('',(#525),#526,.T.);
#152=ADVANCED_FACE('',(#527),#528,.T.);
#153=ADVANCED_FACE('',(#529),#530,.T.);
#154=ADVANCED_FACE('',(#531),#532,.T.);
#155=ADVANCED_FACE('',(#533),#534,.T.);
#156=ADVANCED_FACE('',(#535),#536,.T.);
#157=ADVANCED_FACE('',(#537),#538,.T.);
#158=ADVANCED_FACE('',(#539),#540,.T.);
#159=ADVANCED_FACE('',(#541),#542,.T.);
#160=ADVANCED_FACE('',(#543),#544,.T.);
#161=ADVANCED_FACE('',(#545),#546,.T.);
#162=ADVANCED_FACE('',(#547),#548,.T.);
#163=ADVANCED_FACE('',(#549),#550,.T.);
#164=ADVANCED_FACE('',(#551),#552,.T.);
#165=ADVANCED_FACE('',(#553),#554,.T.);
#166=ADVANCED_FACE('',(#555),#556,.T.);
#167=ADVANCED_FACE('',(#557),#558,.T.);
#168=ADVANCED_FACE('',(#559),#560,.T.);
#169=ADVANCED_FACE('',(#561),#562,.T.);
#170=ADVANCED_FACE('',(#563),#564,.T.);
#171=ADVANCED_FACE('',(#565),#566,.T.);
#172=ADVANCED_FACE('',(#567),#568,.T.);
#173=ADVANCED_FACE('',(#569),#570,.T.);
#174=ADVANCED_FACE('',(#571),#572,.T.);
#175=ADVANCED_FACE('',(#573),#574,.T.);
#176=ADVANCED_FACE('',(#575),#576,.T.);
#177=ADVANCED_FACE('',(#577),#578,.T.);
#178=ADVANCED_FACE('',(#579),#580,.T.);
#179=ADVANCED_FACE('',(#581),#582,.T.);
#180=ADVANCED_FACE('',(#583),#584,.T.);
#181=ADVANCED_FACE('',(#585),#586,.T.);
#182=ADVANCED_FACE('',(#587),#588,.T.);
#183=ADVANCED_FACE('',(#589),#590,.T.);
#184=ADVANCED_FACE('',(#591),#592,.T.);
#185=ADVANCED_FACE('',(#593),#594,.T.);
#186=ADVANCED_FACE('',(#595),#596,.T.);
#187=ADVANCED_FACE('',(#597),#598,.T.);
#188=ADVANCED_FACE('',(#599),#600,.T.);
#189=ADVANCED_FACE('',(#601),#602,.T.);
#190=ADVANCED_FACE('',(#603),#604,.T.);
#191=ADVANCED_FACE('',(#605),#606,.T.);
#192=ADVANCED_FACE('',(#607),#608,.T.);
#193=ADVANCED_FACE('',(#609),#610,.T.);
#194=ADVANCED_FACE('',(#611),#612,.T.);
#195=ADVANCED_FACE('',(#613),#614,.T.);
#196=ADVANCED_FACE('',(#615),#616,.T.);
#197=ADVANCED_FACE('',(#617),#618,.T.);
#198=ADVANCED_FACE('',(#619),#620,.T.);
#199=ADVANCED_FACE('',(#621),#622,.T.);
#200=ADVANCED_FACE('',(#623),#624,.T.);
#201=ADVANCED_FACE('',(#625),#626,.T.);
#202=ADVANCED_FACE('',(#627),#628,.T.);
#203=ADVANCED_FACE('',(#629),#630,.T.);
#204=ADVANCED_FACE('',(#631),#632,.T.);
#205=ADVANCED_FACE('',(#633),#634,.T.);
#206=ADVANCED_FACE('',(#635),#636,.T.);
#207=ADVANCED_FACE('',(#637),#638,.T.);
#208=ADVANCED_FACE('',(#639),#640,.T.);
#209=ADVANCED_FACE('',(#641),#642,.T.);
#210=ADVANCED_FACE('',(#643),#644,.T.);
#211=ADVANCED_FACE('',(#645),#646,.T.);
#212=ADVANCED_FACE('',(#647),#648,.T.);
#213=ADVANCED_FACE('',(#649),#650,.T.);
#214=ADVANCED_FACE('',(#651),#652,.T.);
#215=ADVANCED_FACE('',(#653),#654,.T.);
#216=ADVANCED_FACE('',(#655),#656,.T.);
#217=ADVANCED_FACE('',(#657),#658,.T.);
#218=ADVANCED_FACE('',(#659),#660,.T.);
#219=ADVANCED_FACE('',(#661),#662,.T.);
#220=ADVANCED_FACE('',(#663),#664,.T.);
#221=ADVANCED_FACE('',(#665),#666,.T.);
#222=ADVANCED_FACE('',(#667),#668,.T.);
#223=ADVANCED_FACE('',(#669),#670,.T.);
#224=ADVANCED_FACE('',(#671),#672,.T.);
#225=ADVANCED_FACE('',(#673),#674,.T.);
#226=ADVANCED_FACE('',(#675),#676,.T.);
#227=ADVANCED_FACE('',(#677),#678,.T.);
#228=ADVANCED_FACE('',(#679),#680,.T.);
#229=ADVANCED_FACE('',(#681),#682,.T.);
#230=ADVANCED_FACE('',(#683),#684,.T.);
#231=ADVANCED_FACE('',(#685),#686,.T.);
#232=ADVANCED_FACE('',(#687),#688,.T.);
#233=ADVANCED_FACE('',(#689),#690,.T.);
#234=ADVANCED_FACE('',(#691),#692,.T.);
#235=ADVANCED_FACE('',(#693),#694,.T.);
#236=ADVANCED_FACE('',(#695),#696,.T.);
#237=ADVANCED_FACE('',(#697),#698,.T.);
#238=ADVANCED_FACE('',(#699),#700,.T.);
#239=ADVANCED_FACE('',(#701),#702,.T.);
#240=ADVANCED_FACE('',(#703),#704,.T.);
#241=ADVANCED_FACE('',(#705),#706,.T.);
#242=ADVANCED_FACE('',(#707),#708,.T.);
#243=ADVANCED_FACE('',(#709),#710,.T.);
#244=ADVANCED_FACE('',(#711),#712,.T.);
#245=ADVANCED_FACE('',(#713),#714,.T.);
#246=ADVANCED_FACE('',(#715),#716,.T.);
#247=ADVANCED_FACE('',(#717),#718,.T.);
#248=ADVANCED_FACE('',(#719),#720,.T.);
#249=ADVANCED_FACE('',(#721),#722,.T.);
#250=ADVANCED_FACE('',(#723),#724,.T.);
#251=ADVANCED_FACE('',(#725),#726,.T.);
#252=ADVANCED_FACE('',(#727),#728,.T.);
#253=ADVANCED_FACE('',(#729),#730,.T.);
#254=ADVANCED_FACE('',(#731),#732,.T.);
#255=ADVANCED_FACE('',(#733),#734,.T.);
#256=ADVANCED_FACE('',(#735),#736,.T.);
#257=ADVANCED_FACE('',(#737),#738,.T.);
#258=ADVANCED_FACE('',(#739),#740,.T.);
#259=ADVANCED_FACE('',(#741),#742,.T.);
#260=ADVANCED_FACE('',(#743),#744,.T.);
#261=ADVANCED_FACE('',(#745,#746,#747,#748,#749,#750,#751,#752,#753,#754,#755,#756,#757,#758,#759,#760,#761,#762,#763,#764),#765,.T.);
#262=ADVANCED_FACE('',(#766),#767,.T.);
#263=ADVANCED_FACE('',(#768),#769,.T.);
#264=ADVANCED_FACE('',(#770),#771,.T.);
#265=ADVANCED_FACE('',(#772),#773,.T.);
#266=ADVANCED_FACE('',(#774),#775,.T.);
#267=ADVANCED_FACE('',(#776),#777,.T.);
#268=ADVANCED_FACE('',(#778),#779,.T.);
#269=ADVANCED_FACE('',(#780),#781,.T.);
#270=ADVANCED_FACE('',(#782),#783,.T.);
#271=ADVANCED_FACE('',(#784),#785,.T.);
#272=ADVANCED_FACE('',(#786),#787,.T.);
#273=ADVANCED_FACE('',(#788),#789,.T.);
#274=ADVANCED_FACE('',(#790),#791,.T.);
#275=ADVANCED_FACE('',(#792),#793,.T.);
#276=ADVANCED_FACE('',(#794),#795,.T.);
#277=ADVANCED_FACE('',(#796),#797,.T.);
#278=ADVANCED_FACE('',(#798),#799,.T.);
#279=ADVANCED_FACE('',(#800),#801,.T.);
#280=ADVANCED_FACE('',(#802),#803,.T.);
#281=ADVANCED_FACE('',(#804),#805,.T.);
#282=ADVANCED_FACE('',(#806),#807,.T.);
#283=ADVANCED_FACE('',(#808),#809,.T.);
#284=ADVANCED_FACE('',(#810),#811,.T.);
#285=ADVANCED_FACE('',(#812),#813,.T.);
#286=ADVANCED_FACE('',(#814),#815,.T.);
#287=ADVANCED_FACE('',(#816),#817,.T.);
#288=ADVANCED_FACE('',(#818),#819,.T.);
#289=ADVANCED_FACE('',(#820),#821,.T.);
#290=ADVANCED_FACE('',(#822),#823,.T.);
#291=ADVANCED_FACE('',(#824),#825,.T.);
#292=ADVANCED_FACE('',(#826),#827,.T.);
#293=ADVANCED_FACE('',(#828),#829,.T.);
#294=ADVANCED_FACE('',(#830),#831,.T.);
#295=ADVANCED_FACE('',(#832),#833,.T.);
#296=ADVANCED_FACE('',(#834),#835,.T.);
#297=ADVANCED_FACE('',(#836),#837,.T.);
#298=ADVANCED_FACE('',(#838),#839,.T.);
#299=ADVANCED_FACE('',(#840),#841,.T.);
#300=ADVANCED_FACE('',(#842),#843,.T.);
#301=ADVANCED_FACE('',(#844),#845,.T.);
#302=ADVANCED_FACE('',(#846),#847,.T.);
#303=ADVANCED_FACE('',(#848),#849,.T.);
#304=ADVANCED_FACE('',(#850),#851,.T.);
#305=ADVANCED_FACE('',(#852),#853,.T.);
#306=ADVANCED_FACE('',(#854),#855,.T.);
#307=ADVANCED_FACE('',(#856),#857,.T.);
#308=ADVANCED_FACE('',(#858),#859,.T.);
#309=ADVANCED_FACE('',(#860),#861,.T.);
#310=ADVANCED_FACE('',(#862),#863,.T.);
#311=ADVANCED_FACE('',(#864),#865,.T.);
#312=ADVANCED_FACE('',(#866),#867,.T.);
#313=ADVANCED_FACE('',(#868),#869,.T.);
#314=ADVANCED_FACE('',(#870),#871,.T.);
#315=ADVANCED_FACE('',(#872),#873,.T.);
#316=ADVANCED_FACE('',(#874),#875,.T.);
#317=ADVANCED_FACE('',(#876),#877,.T.);
#318=ADVANCED_FACE('',(#878),#879,.T.);
#319=ADVANCED_FACE('',(#880),#881,.T.);
#320=ADVANCED_FACE('',(#882),#883,.T.);
#321=ADVANCED_FACE('',(#884),#885,.T.);
#322=ADVANCED_FACE('',(#886),#887,.T.);
#323=ADVANCED_FACE('',(#888),#889,.T.);
#324=ADVANCED_FACE('',(#890),#891,.T.);
#325=ADVANCED_FACE('',(#892),#893,.T.);
#326=ADVANCED_FACE('',(#894),#895,.T.);
#327=ADVANCED_FACE('',(#896),#897,.T.);
#328=ADVANCED_FACE('',(#898),#899,.T.);
#329=ADVANCED_FACE('',(#900),#901,.T.);
#330=ADVANCED_FACE('',(#902),#903,.T.);
#331=ADVANCED_FACE('',(#904),#905,.T.);
#332=ADVANCED_FACE('',(#906),#907,.T.);
#333=ADVANCED_FACE('',(#908),#909,.T.);
#334=ADVANCED_FACE('',(#910),#911,.T.);
#335=ADVANCED_FACE('',(#912),#913,.T.);
#336=ADVANCED_FACE('',(#914),#915,.T.);
#337=ADVANCED_FACE('',(#916),#917,.T.);
#338=ADVANCED_FACE('',(#918),#919,.T.);
#339=ADVANCED_FACE('',(#920),#921,.T.);
#340=ADVANCED_FACE('',(#922),#923,.T.);
#341=ADVANCED_FACE('',(#924),#925,.T.);
#342=ADVANCED_FACE('',(#926),#927,.T.);
#343=ADVANCED_FACE('',(#928),#929,.T.);
#344=ADVANCED_FACE('',(#930),#931,.T.);
#345=ADVANCED_FACE('',(#932),#933,.T.);
#346=ADVANCED_FACE('',(#934),#935,.T.);
#347=ADVANCED_FACE('',(#936),#937,.T.);
#348=ADVANCED_FACE('',(#938),#939,.T.);
#349=ADVANCED_FACE('',(#940),#941,.T.);
#350=ADVANCED_FACE('',(#942),#943,.T.);
#351=ADVANCED_FACE('',(#944),#945,.T.);
#352=ADVANCED_FACE('',(#946),#947,.T.);
#353=ADVANCED_FACE('',(#948),#949,.T.);
#354=ADVANCED_FACE('',(#950),#951,.T.);
#355=ADVANCED_FACE('',(#952),#953,.T.);
#356=ADVANCED_FACE('',(#954),#955,.T.);
#357=ADVANCED_FACE('',(#956),#957,.T.);
#358=ADVANCED_FACE('',(#958,#959),#960,.T.);
#359=ADVANCED_FACE('',(#961),#962,.T.);
#360=ADVANCED_FACE('',(#963),#964,.T.);
#361=ADVANCED_FACE('',(#965),#966,.T.);
#362=ADVANCED_FACE('',(#967,#968),#969,.T.);
#363=ADVANCED_FACE('',(#970),#971,.T.);
#364=ADVANCED_FACE('',(#972),#973,.T.);
#365=ADVANCED_FACE('',(#974),#975,.T.);
#366=ADVANCED_FACE('',(#976,#977),#978,.T.);
#367=ADVANCED_FACE('',(#979),#980,.T.);
#368=ADVANCED_FACE('',(#981),#982,.T.);
#369=ADVANCED_FACE('',(#983),#984,.T.);
#370=ADVANCED_FACE('',(#985),#986,.T.);
#371=ADVANCED_FACE('',(#987),#988,.T.);
#372=ADVANCED_FACE('',(#989),#990,.T.);
#373=ADVANCED_FACE('',(#991),#992,.T.);
#374=ADVANCED_FACE('',(#993),#994,.T.);
#375=ADVANCED_FACE('',(#995),#996,.T.);
#376=ADVANCED_FACE('',(#997),#998,.T.);
#377=ADVANCED_FACE('',(#999),#1000,.T.);
#378=ADVANCED_FACE('',(#1001),#1002,.T.);
#379=ADVANCED_FACE('',(#1003),#1004,.T.);
#380=ADVANCED_FACE('',(#1005),#1006,.T.);
#381=ADVANCED_FACE('',(#1007),#1008,.T.);
#382=ADVANCED_FACE('',(#1009),#1010,.T.);
#383=ADVANCED_FACE('',(#1011),#1012,.T.);
#384=ADVANCED_FACE('',(#1013),#1014,.T.);
#385=ADVANCED_FACE('',(#1015),#1016,.T.);
#386=ADVANCED_FACE('',(#1017),#1018,.T.);
#387=ADVANCED_FACE('',(#1019),#1020,.T.);
#388=ADVANCED_FACE('',(#1021),#1022,.T.);
#389=ADVANCED_FACE('',(#1023),#1024,.T.);
#390=ADVANCED_FACE('',(#1025),#1026,.T.);
#391=ADVANCED_FACE('',(#1027),#1028,.T.);
#392=ADVANCED_FACE('',(#1029),#1030,.T.);
#393=ADVANCED_FACE('',(#1031),#1032,.T.);
#394=ADVANCED_FACE('',(#1033),#1034,.T.);
#395=ADVANCED_FACE('',(#1035),#1036,.T.);
#396=ADVANCED_FACE('',(#1037),#1038,.T.);
#397=ADVANCED_FACE('',(#1039),#1040,.T.);
#398=ADVANCED_FACE('',(#1041),#1042,.T.);
#399=ADVANCED_FACE('',(#1043),#1044,.T.);
#400=ADVANCED_FACE('',(#1045),#1046,.T.);
#401=ADVANCED_FACE('',(#1047),#1048,.T.);
#402=ADVANCED_FACE('',(#1049),#1050,.T.);
#403=ADVANCED_FACE('',(#1051),#1052,.T.);
#404=ADVANCED_FACE('',(#1053),#1054,.T.);
#405=ADVANCED_FACE('',(#1055),#1056,.T.);
#406=ADVANCED_FACE('',(#1057),#1058,.T.);
#407=ADVANCED_FACE('',(#1059),#1060,.T.);
#408=ADVANCED_FACE('',(#1061),#1062,.T.);
#409=ADVANCED_FACE('',(#1063),#1064,.T.);
#410=ADVANCED_FACE('',(#1065),#1066,.T.);
#411=ADVANCED_FACE('',(#1067),#1068,.T.);
#412=ADVANCED_FACE('',(#1069),#1070,.T.);
#413=ADVANCED_FACE('',(#1071),#1072,.T.);
#414=ADVANCED_FACE('',(#1073),#1074,.T.);
#415=ADVANCED_FACE('',(#1075),#1076,.T.);
#416=ADVANCED_FACE('',(#1077),#1078,.T.);
#417=ADVANCED_FACE('',(#1079),#1080,.T.);
#418=ADVANCED_FACE('',(#1081),#1082,.T.);
#419=ADVANCED_FACE('',(#1083),#1084,.T.);
#420=ADVANCED_FACE('',(#1085),#1086,.T.);
#421=ADVANCED_FACE('',(#1087),#1088,.T.);
#422=ADVANCED_FACE('',(#1089),#1090,.T.);
#423=ADVANCED_FACE('',(#1091),#1092,.T.);
#424=ADVANCED_FACE('',(#1093),#1094,.T.);
#425=ADVANCED_FACE('',(#1095),#1096,.T.);
#426=ADVANCED_FACE('',(#1097),#1098,.T.);
#427=ADVANCED_FACE('',(#1099),#1100,.T.);
#428=ADVANCED_FACE('',(#1101),#1102,.T.);
#429=ADVANCED_FACE('',(#1103),#1104,.T.);
#430=ADVANCED_FACE('',(#1105),#1106,.T.);
#431=ADVANCED_FACE('',(#1107),#1108,.T.);
#432=ADVANCED_FACE('',(#1109),#1110,.T.);
#433=ADVANCED_FACE('',(#1111),#1112,.T.);
#434=ADVANCED_FACE('',(#1113),#1114,.T.);
#435=ADVANCED_FACE('',(#1115),#1116,.T.);
#436=ADVANCED_FACE('',(#1117),#1118,.T.);
#437=ADVANCED_FACE('',(#1119),#1120,.T.);
#438=ADVANCED_FACE('',(#1121),#1122,.T.);
#439=ADVANCED_FACE('',(#1123),#1124,.T.);
#440=ADVANCED_FACE('',(#1125),#1126,.T.);
#441=ADVANCED_FACE('',(#1127),#1128,.T.);
#442=ADVANCED_FACE('',(#1129),#1130,.T.);
#443=ADVANCED_FACE('',(#1131),#1132,.T.);
#444=ADVANCED_FACE('',(#1133),#1134,.T.);
#445=ADVANCED_FACE('',(#1135),#1136,.T.);
#446=ADVANCED_FACE('',(#1137),#1138,.T.);
#447=ADVANCED_FACE('',(#1139),#1140,.T.);
#448=ADVANCED_FACE('',(#1141),#1142,.T.);
#449=ADVANCED_FACE('',(#1143),#1144,.T.);
#450=ADVANCED_FACE('',(#1145),#1146,.T.);
#451=ADVANCED_FACE('',(#1147),#1148,.T.);
#452=ADVANCED_FACE('',(#1149),#1150,.T.);
#453=ADVANCED_FACE('',(#1151),#1152,.T.);
#454=ADVANCED_FACE('',(#1153),#1154,.T.);
#455=ADVANCED_FACE('',(#1155),#1156,.T.);
#456=ADVANCED_FACE('',(#1157),#1158,.T.);
#457=ADVANCED_FACE('',(#1159),#1160,.T.);
#458=ADVANCED_FACE('',(#1161),#1162,.T.);
#459=ADVANCED_FACE('',(#1163),#1164,.T.);
#460=ADVANCED_FACE('',(#1165),#1166,.T.);
#461=ADVANCED_FACE('',(#1167),#1168,.T.);
#462=ADVANCED_FACE('',(#1169),#1170,.T.);
#463=ADVANCED_FACE('',(#1171),#1172,.T.);
#464=ADVANCED_FACE('',(#1173),#1174,.T.);
#465=ADVANCED_FACE('',(#1175,#1176),#1177,.T.);
#466=ADVANCED_FACE('',(#1178),#1179,.T.);
#467=ADVANCED_FACE('',(#1180),#1181,.T.);
#468=ADVANCED_FACE('',(#1182),#1183,.T.);
#469=ADVANCED_FACE('',(#1184),#1185,.T.);
#470=ADVANCED_FACE('',(#1186),#1187,.T.);
#471=ADVANCED_FACE('',(#1188),#1189,.T.);
#472=ADVANCED_FACE('',(#1190),#1191,.T.);
#473=ADVANCED_FACE('',(#1192),#1193,.T.);
#474=ADVANCED_FACE('',(#1194),#1195,.T.);
#475=ADVANCED_FACE('',(#1196),#1197,.T.);
#476=ADVANCED_FACE('',(#1198),#1199,.T.);
#477=ADVANCED_FACE('',(#1200),#1201,.T.);
#478=ADVANCED_FACE('',(#1202),#1203,.T.);
#479=ADVANCED_FACE('',(#1204),#1205,.T.);
#480=ADVANCED_FACE('',(#1206),#1207,.T.);
#481=ADVANCED_FACE('',(#1208),#1209,.T.);
#482=ADVANCED_FACE('',(#1210),#1211,.T.);
#483=ADVANCED_FACE('',(#1212),#1213,.T.);
#484=ADVANCED_FACE('',(#1214),#1215,.T.);
#485=ADVANCED_FACE('',(#1216),#1217,.T.);
#486=ADVANCED_FACE('',(#1218),#1219,.T.);
#487=ADVANCED_FACE('',(#1220),#1221,.T.);
#488=ADVANCED_FACE('',(#1222),#1223,.T.);
#489=ADVANCED_FACE('',(#1224),#1225,.T.);
#490=ADVANCED_FACE('',(#1226),#1227,.T.);
#491=ADVANCED_FACE('',(#1228),#1229,.T.);
#492=ADVANCED_FACE('',(#1230),#1231,.T.);
#493=ADVANCED_FACE('',(#1232),#1233,.T.);
#494=ADVANCED_FACE('',(#1234),#1235,.T.);
#495=ADVANCED_FACE('',(#1236),#1237,.T.);
#496=ADVANCED_FACE('',(#1238),#1239,.T.);
#497=ADVANCED_FACE('',(#1240),#1241,.T.);
#498=ADVANCED_FACE('',(#1242),#1243,.T.);
#499=ADVANCED_FACE('',(#1244),#1245,.T.);
#501=FACE_OUTER_BOUND('',#1246,.T.);
#502=PLANE('',#1247);
#503=FACE_OUTER_BOUND('',#1248,.T.);
#504=(B_SPLINE_SURFACE(2,1,((#1250,#1251),(#1252,#1253),(#1254,#1255),(#1256,#1257),(#1258,#1259)),.UNSPECIFIED.,.F.,.F.,.F.)B_SPLINE_SURFACE_WITH_KNOTS((3,2,3),(2,2),(-2.51327412287183,-1.88495559215388,-1.25663706143592),(0.0,0.40111072073454),.UNSPECIFIED.)RATIONAL_B_SPLINE_SURFACE(((1.0,1.0),(0.707106781186548,0.707106781186548),(1.0,1.0),(0.707106781186548,0.707106781186548),(1.0,1.0)))BOUNDED_SURFACE()REPRESENTATION_ITEM('')GEOMETRIC_REPRESENTATION_ITEM()SURFACE());
#505=FACE_OUTER_BOUND('',#1266,.T.);
#506=PLANE('',#1267);
#507=FACE_OUTER_BOUND('',#1268,.T.);
#508=(B_SPLINE_SURFACE(2,1,((#1270,#1271),(#1272,#1273),(#1274,#1275),(#1276,#1277),(#1278,#1279)),.UNSPECIFIED.,.F.,.F.,.F.)B_SPLINE_SURFACE_WITH_KNOTS((3,2,3),(2,2),(0.0,0.471226992390475,0.942453984780949),(0.0,0.149326939624774),.UNSPECIFIED.)RATIONAL_B_SPLINE_SURFACE(((1.0,1.0),(0.707106781186548,0.707106781186548),(1.0,1.0),(0.707106781186548,0.707106781186548),(1.0,1.0)))BOUNDED_SURFACE()REPRESENTATION_ITEM('')GEOMETRIC_REPRESENTATION_ITEM()SURFACE());
#509=FACE_OUTER_BOUND('',#1286,.T.);
#510=(B_SPLINE_SURFACE(2,1,((#1288,#1289),(#1290,#1291),(#1292,#1293),(#1294,#1295),(#1296,#1297)),.UNSPECIFIED.,.F.,.F.,.F.)B_SPLINE_SURFACE_WITH_KNOTS((3,2,3),(2,2),(-1.25663706143592,-0.628318530717959,0.0),(0.0,0.40111072073454),.UNSPECIFIED.)RATIONAL_B_SPLINE_SURFACE(((1.0,1.0),(0.707106781186548,0.707106781186548),(1.0,1.0),(0.707106781186548,0.707106781186548),(1.0,1.0)))BOUNDED_SURFACE()REPRESENTATION_ITEM('')GEOMETRIC_REPRESENTATION_ITEM()SURFACE());
#511=FACE_OUTER_BOUND('',#1304,.T.);
#512=(B_SPLINE_SURFACE(2,1,((#1306,#1307),(#1308,#1309),(#1310,#1311),(#1312,#1313),(#1314,#1315)),.UNSPECIFIED.,.F.,.F.,.F.)B_SPLINE_SURFACE_WITH_KNOTS((3,2,3),(2,2),(0.942453984780949,1.41368097717142,1.8849079695619),(0.0,0.149326939624774),.UNSPECIFIED.)RATIONAL_B_SPLINE_SURFACE(((1.0,1.0),(0.707106781186548,0.707106781186548),(1.0,1.0),(0.707106781186548,0.707106781186548),(1.0,1.0)))BOUNDED_SURFACE()REPRESENTATION_ITEM('')GEOMETRIC_REPRESENTATION_ITEM()SURFACE());
#513=FACE_OUTER_BOUND('',#1322,.T.);
#514=PLANE('',#1323);
#515=FACE_OUTER_BOUND('',#1324,.T.);
#516=(B_SPLINE_SURFACE(1,2,((#1326,#1327,#1328,#1329,#1330),(#1331,#1332,#1333,#1334,#1335)),.UNSPECIFIED.,.F.,.F.,.F.)B_SPLINE_SURFACE_WITH_KNOTS((2,2),(3,2,3),(0.0,0.40111072073454),(-2.51327412287183,-1.88495559215388,-1.25663706143592),.UNSPECIFIED.)RATIONAL_B_SPLINE_SURFACE(((1.0,0.707106781186548,1.0,0.707106781186548,1.0),(1.0,0.707106781186548,1.0,0.707106781186548,1.0)))BOUNDED_SURFACE()REPRESENTATION_ITEM('')GEOMETRIC_REPRESENTATION_ITEM()SURFACE());
#517=FACE_OUTER_BOUND('',#1342,.T.);
#518=PLANE('',#1343);
#519=FACE_OUTER_BOUND('',#1344,.T.);
#520=(B_SPLINE_SURFACE(1,2,((#1346,#1347,#1348,#1349,#1350),(#1351,#1352,#1353,#1354,#1355)),.UNSPECIFIED.,.F.,.F.,.F.)B_SPLINE_SURFACE_WITH_KNOTS((2,2),(3,2,3),(0.0,0.149326939624774),(0.0,0.471226992390475,0.942453984780949),.UNSPECIFIED.)RATIONAL_B_SPLINE_SURFACE(((1.0,0.707106781186548,1.0,0.707106781186548,1.0),(1.0,0.707106781186548,1.0,0.707106781186548,1.0)))BOUNDED_SURFACE()REPRESENTATION_ITEM('')GEOMETRIC_REPRESENTATION_ITEM()SURFACE());
#521=FACE_OUTER_BOUND('',#1362,.T.);
#522=(B_SPLINE_SURFACE(1,2,((#1364,#1365,#1366,#1367,#1368),(#1369,#1370,#1371,#1372,#1373)),.UNSPECIFIED.,.F.,.F.,.F.)B_SPLINE_SURFACE_WITH_KNOTS((2,2),(3,2,3),(0.0,0.40111072073454),(-1.25663706143592,-0.628318530717959,0.0),.UNSPECIFIED.)RATIONAL_B_SPLINE_SURFACE(((1.0,0.707106781186548,1.0,0.707106781186548,1.0),(1.0,0.707106781186548,1.0,0.707106781186548,1.0)))BOUNDED_SURFACE()REPRESENTATION_ITEM('')GEOMETRIC_REPRESENTATION_ITEM()SURFACE());
#523=FACE_OUTER_BOUND('',#1380,.T.);
#524=(B_SPLINE_SURFACE(1,2,((#1382,#1383,#1384,#1385,#1386),(#1387,#1388,#1389,#1390,#1391)),.UNSPECIFIED.,.F.,.F.,.F.)B_SPLINE_SURFACE_WITH_KNOTS((2,2),(3,2,3),(0.0,0.149326939624774),(0.942453984780949,1.41368097717142,1.8849079695619),.UNSPECIFIED.)RATIONAL_B_SPLINE_SURFACE(((1.0,0.707106781186548,1.0,0.707106781186548,1.0),(1.0,0.707106781186548,1.0,0.707106781186548,1.0)))BOUNDED_SURFACE()REPRESENTATION_ITEM('')GEOMETRIC_REPRESENTATION_ITEM()SURFACE());
#525=FACE_OUTER_BOUND('',#1398,.T.);
#526=B_SPLINE_SURFACE_WITH_KNOTS('',2,1,((#1399,#1400),(#1401,#1402),(#1403,#1404)),.UNSPECIFIED.,.F.,.F.,.F.,(3,3),(2,2),(8.89997411419165,9.39997411419165),(0.0,0.5),.UNSPECIFIED.);
#527=FACE_OUTER_BOUND('',#1405,.T.);
#528=B_SPLINE_SURFACE_WITH_KNOTS('',2,1,((#1406,#1407),(#1408,#1409),(#1410,#1411)),.UNSPECIFIED.,.F.,.F.,.F.,(3,3),(2,2),(11.3856883999059,12.0856883999059),(0.0,2.7),.UNSPECIFIED.);
#529=FACE_OUTER_BOUND('',#1412,.T.);
#530=B_SPLINE_SURFACE_WITH_KNOTS('',2,1,((#1413,#1414),(#1415,#1416),(#1417,#1418)),.UNSPECIFIED.,.F.,.F.,.F.,(3,3),(2,2),(12.0856883999059,12.5856883999059),(2.2,2.7),.UNSPECIFIED.);
#531=FACE_OUTER_BOUND('',#1419,.T.);
#532=B_SPLINE_SURFACE_WITH_KNOTS('',2,1,((#1420,#1421),(#1422,#1423),(#1424,#1425)),.UNSPECIFIED.,.F.,.F.,.F.,(3,3),(2,2),(8.89997411419165,9.39997411419165),(2.2,2.7),.UNSPECIFIED.);
#533=FACE_OUTER_BOUND('',#1426,.T.);
#534=B_SPLINE_SURFACE_WITH_KNOTS('',2,1,((#1427,#1428),(#1429,#1430),(#1431,#1432)),.UNSPECIFIED.,.F.,.F.,.F.,(3,3),(2,2),(12.0856883999059,12.5856883999059),(0.0,0.5),.UNSPECIFIED.);
#535=FACE_OUTER_BOUND('',#1433,.T.);
#536=B_SPLINE_SURFACE_WITH_KNOTS('',2,1,((#1434,#1435),(#1436,#1437),(#1438,#1439)),.UNSPECIFIED.,.F.,.F.,.F.,(3,3),(2,2),(9.39997411419165,10.0999741141916),(0.0,2.7),.UNSPECIFIED.);
#537=FACE_OUTER_BOUND('',#1440,.T.);
#538=B_SPLINE_SURFACE_WITH_KNOTS('',2,1,((#1441,#1442),(#1443,#1444),(#1445,#1446)),.UNSPECIFIED.,.F.,.F.,.F.,(3,3),(2,2),(10.2634498137498,11.2222127003478),(0.0,2.7),.UNSPECIFIED.);
#539=FACE_OUTER_BOUND('',#1447,.T.);
#540=(B_SPLINE_SURFACE(1,2,((#1449,#1450,#1451),(#1452,#1453,#1454)),.UNSPECIFIED.,.F.,.F.,.F.)B_SPLINE_SURFACE_WITH_KNOTS((2,2),(3,3),(0.597787391749406,2.10221260825059),(0.0,0.314159265358986),.UNSPECIFIED.)RATIONAL_B_SPLINE_SURFACE(((1.0,0.707106781186547,1.0),(1.0,0.707106781186545,1.0)))BOUNDED_SURFACE()REPRESENTATION_ITEM('')GEOMETRIC_REPRESENTATION_ITEM()SURFACE());
#541=FACE_OUTER_BOUND('',#1461,.T.);
#542=(B_SPLINE_SURFACE(1,2,((#1463,#1464,#1465),(#1466,#1467,#1468)),.UNSPECIFIED.,.F.,.F.,.F.)B_SPLINE_SURFACE_WITH_KNOTS((2,2),(3,3),(0.597787391749405,2.10221260825059),(0.0,0.314159265358981),.UNSPECIFIED.)RATIONAL_B_SPLINE_SURFACE(((1.0,0.707106781186548,1.0),(1.0,0.707106781186548,1.0)))BOUNDED_SURFACE()REPRESENTATION_ITEM('')GEOMETRIC_REPRESENTATION_ITEM()SURFACE());
#543=FACE_OUTER_BOUND('',#1475,.T.);
#544=B_SPLINE_SURFACE_WITH_KNOTS('',1,2,((#1476,#1477,#1478),(#1479,#1480,#1481)),.UNSPECIFIED.,.F.,.F.,.F.,(2,2),(3,3),(0.0,0.5),(8.89997411419165,9.39997411419165),.UNSPECIFIED.);
#545=FACE_OUTER_BOUND('',#1482,.T.);
#546=B_SPLINE_SURFACE_WITH_KNOTS('',1,2,((#1483,#1484,#1485),(#1486,#1487,#1488)),.UNSPECIFIED.,.F.,.F.,.F.,(2,2),(3,3),(-8.32667268468867E-16,2.7),(11.3856883999059,12.0856883999059),.UNSPECIFIED.);
#547=FACE_OUTER_BOUND('',#1489,.T.);
#548=B_SPLINE_SURFACE_WITH_KNOTS('',1,2,((#1490,#1491,#1492),(#1493,#1494,#1495)),.UNSPECIFIED.,.F.,.F.,.F.,(2,2),(3,3),(2.2,2.7),(12.0856883999059,12.5856883999059),.UNSPECIFIED.);
#549=FACE_OUTER_BOUND('',#1496,.T.);
#550=B_SPLINE_SURFACE_WITH_KNOTS('',1,2,((#1497,#1498,#1499),(#1500,#1501,#1502)),.UNSPECIFIED.,.F.,.F.,.F.,(2,2),(3,3),(2.2,2.7),(8.89997411419165,9.39997411419165),.UNSPECIFIED.);
#551=FACE_OUTER_BOUND('',#1503,.T.);
#552=B_SPLINE_SURFACE_WITH_KNOTS('',1,2,((#1504,#1505,#1506),(#1507,#1508,#1509)),.UNSPECIFIED.,.F.,.F.,.F.,(2,2),(3,3),(0.0,0.5),(12.0856883999059,12.5856883999059),.UNSPECIFIED.);
#553=FACE_OUTER_BOUND('',#1510,.T.);
#554=B_SPLINE_SURFACE_WITH_KNOTS('',1,2,((#1511,#1512,#1513),(#1514,#1515,#1516)),.UNSPECIFIED.,.F.,.F.,.F.,(2,2),(3,3),(0.0,2.7),(9.39997411419165,10.0999741141916),.UNSPECIFIED.);
#555=FACE_OUTER_BOUND('',#1517,.T.);
#556=B_SPLINE_SURFACE_WITH_KNOTS('',1,2,((#1518,#1519,#1520),(#1521,#1522,#1523)),.UNSPECIFIED.,.F.,.F.,.F.,(2,2),(3,3),(-1.0547118733939E-15,2.7),(10.2634498137498,11.2222127003478),.UNSPECIFIED.);
#557=FACE_OUTER_BOUND('',#1524,.T.);
#558=(B_SPLINE_SURFACE(3,2,((#1526,#1527,#1528,#1529,#1530),(#1531,#1532,#1533,#1534,#1535),(#1536,#1537,#1538,#1539,#1540),(#1541,#1542,#1543,#1544,#1545)),.UNSPECIFIED.,.F.,.F.,.F.)B_SPLINE_SURFACE_WITH_KNOTS((4,4),(3,2,3),(0.0,0.5),(0.0,0.5,1.0),.UNSPECIFIED.)RATIONAL_B_SPLINE_SURFACE(((1.0,0.923879532511287,1.0,0.923879532511287,1.0),(1.0,0.923879532511287,1.0,0.923879532511287,1.0),(1.0,0.923879532511287,1.0,0.923879532511287,1.0),(1.0,0.923879532511287,1.0,0.923879532511287,1.0)))BOUNDED_SURFACE()REPRESENTATION_ITEM('')GEOMETRIC_REPRESENTATION_ITEM()SURFACE());
#559=FACE_OUTER_BOUND('',#1552,.T.);
#560=(B_SPLINE_SURFACE(3,2,((#1554,#1555,#1556,#1557,#1558),(#1559,#1560,#1561,#1562,#1563),(#1564,#1565,#1566,#1567,#1568),(#1569,#1570,#1571,#1572,#1573)),.UNSPECIFIED.,.F.,.F.,.F.)B_SPLINE_SURFACE_WITH_KNOTS((4,4),(3,2,3),(0.0,0.5),(0.0,0.5,1.0),.UNSPECIFIED.)RATIONAL_B_SPLINE_SURFACE(((1.0,0.923879532511287,1.0,0.923879532511287,1.0),(1.0,0.923879532511287,1.0,0.923879532511287,1.0),(1.0,0.923879532511287,1.0,0.923879532511287,1.0),(1.0,0.923879532511287,1.0,0.923879532511287,1.0)))BOUNDED_SURFACE()REPRESENTATION_ITEM('')GEOMETRIC_REPRESENTATION_ITEM()SURFACE());
#561=FACE_OUTER_BOUND('',#1580,.T.);
#562=(B_SPLINE_SURFACE(3,2,((#1582,#1583,#1584,#1585,#1586),(#1587,#1588,#1589,#1590,#1591),(#1592,#1593,#1594,#1595,#1596),(#1597,#1598,#1599,#1600,#1601)),.UNSPECIFIED.,.F.,.F.,.F.)B_SPLINE_SURFACE_WITH_KNOTS((4,4),(3,2,3),(2.2,2.7),(0.0,0.5,1.0),.UNSPECIFIED.)RATIONAL_B_SPLINE_SURFACE(((1.0,0.923879532511287,1.0,0.923879532511287,1.0),(1.0,0.92387953251129,1.0,0.92387953251129,1.0),(1.0,0.923879532511283,0.999999999999996,0.923879532511283,1.0),(1.0,0.923879532511288,1.0,0.923879532511288,1.0)))BOUNDED_SURFACE()REPRESENTATION_ITEM('')GEOMETRIC_REPRESENTATION_ITEM()SURFACE());
#563=FACE_OUTER_BOUND('',#1608,.T.);
#564=(B_SPLINE_SURFACE(3,2,((#1610,#1611,#1612,#1613,#1614),(#1615,#1616,#1617,#1618,#1619),(#1620,#1621,#1622,#1623,#1624),(#1625,#1626,#1627,#1628,#1629)),.UNSPECIFIED.,.F.,.F.,.F.)B_SPLINE_SURFACE_WITH_KNOTS((4,4),(3,2,3),(2.2,2.7),(0.0,0.5,1.0),.UNSPECIFIED.)RATIONAL_B_SPLINE_SURFACE(((1.0,0.923879532511287,1.0,0.923879532511287,1.0),(1.0,0.923879532511287,1.0,0.923879532511287,1.0),(1.0,0.923879532511286,1.0,0.923879532511286,1.0),(1.0,0.923879532511286,0.999999999999999,0.923879532511286,1.0)))BOUNDED_SURFACE()REPRESENTATION_ITEM('')GEOMETRIC_REPRESENTATION_ITEM()SURFACE());
#565=FACE_OUTER_BOUND('',#1636,.T.);
#566=B_SPLINE_SURFACE_WITH_KNOTS('',1,2,((#1637,#1638,#1639),(#1640,#1641,#1642)),.UNSPECIFIED.,.F.,.F.,.F.,(2,2),(3,3),(0.0,1.0),(8.89997411419165,9.39997411419165),.UNSPECIFIED.);
#567=FACE_OUTER_BOUND('',#1643,.T.);
#568=PLANE('',#1644);
#569=FACE_OUTER_BOUND('',#1645,.T.);
#570=B_SPLINE_SURFACE_WITH_KNOTS('',1,2,((#1646,#1647,#1648),(#1649,#1650,#1651)),.UNSPECIFIED.,.F.,.F.,.F.,(2,2),(3,3),(0.0,1.0),(-9.39997411419165,-8.89997411419165),.UNSPECIFIED.);
#571=FACE_OUTER_BOUND('',#1652,.T.);
#572=B_SPLINE_SURFACE_WITH_KNOTS('',1,2,((#1653,#1654,#1655),(#1656,#1657,#1658)),.UNSPECIFIED.,.F.,.F.,.F.,(2,2),(3,3),(0.0,1.0),(-9.42140268562022,-9.39997411419165),.UNSPECIFIED.);
#573=FACE_OUTER_BOUND('',#1659,.T.);
#574=PLANE('',#1660);
#575=FACE_OUTER_BOUND('',#1661,.T.);
#576=PLANE('',#1662);
#577=FACE_OUTER_BOUND('',#1663,.T.);
#578=PLANE('',#1664);
#579=FACE_OUTER_BOUND('',#1665,.T.);
#580=PLANE('',#1666);
#581=FACE_OUTER_BOUND('',#1667,.T.);
#582=B_SPLINE_SURFACE_WITH_KNOTS('',1,2,((#1668,#1669,#1670),(#1671,#1672,#1673)),.UNSPECIFIED.,.F.,.F.,.F.,(2,2),(3,3),(0.0,1.0),(-9.39997411419165,-8.89997411419165),.UNSPECIFIED.);
#583=FACE_OUTER_BOUND('',#1674,.T.);
#584=B_SPLINE_SURFACE_WITH_KNOTS('',1,2,((#1675,#1676,#1677),(#1678,#1679,#1680)),.UNSPECIFIED.,.F.,.F.,.F.,(2,2),(3,3),(0.0,1.0),(-9.85622139083253,-9.39997411419165),.UNSPECIFIED.);
#585=FACE_OUTER_BOUND('',#1681,.T.);
#586=B_SPLINE_SURFACE_WITH_KNOTS('',1,2,((#1682,#1683,#1684),(#1685,#1686,#1687)),.UNSPECIFIED.,.F.,.F.,.F.,(2,2),(3,3),(0.0,1.0),(-11.2065941436468,-10.2790683704508),.UNSPECIFIED.);
#587=FACE_OUTER_BOUND('',#1688,.T.);
#588=B_SPLINE_SURFACE_WITH_KNOTS('',1,2,((#1689,#1690,#1691),(#1692,#1693,#1694)),.UNSPECIFIED.,.F.,.F.,.F.,(2,2),(3,3),(0.0,1.0),(-12.0856883999059,-11.629441123265),.UNSPECIFIED.);
#589=FACE_OUTER_BOUND('',#1695,.T.);
#590=B_SPLINE_SURFACE_WITH_KNOTS('',1,2,((#1696,#1697,#1698),(#1699,#1700,#1701)),.UNSPECIFIED.,.F.,.F.,.F.,(2,2),(3,3),(0.0,1.0),(-12.5856883999059,-12.0856883999059),.UNSPECIFIED.);
#591=FACE_OUTER_BOUND('',#1702,.T.);
#592=PLANE('',#1703);
#593=FACE_OUTER_BOUND('',#1704,.T.);
#594=PLANE('',#1705);
#595=FACE_OUTER_BOUND('',#1706,.T.);
#596=PLANE('',#1707);
#597=FACE_OUTER_BOUND('',#1708,.T.);
#598=PLANE('',#1709);
#599=FACE_OUTER_BOUND('',#1710,.T.);
#600=PLANE('',#1711);
#601=FACE_OUTER_BOUND('',#1712,.T.);
#602=PLANE('',#1713);
#603=FACE_OUTER_BOUND('',#1714,.T.);
#604=PLANE('',#1715);
#605=FACE_OUTER_BOUND('',#1716,.T.);
#606=B_SPLINE_SURFACE_WITH_KNOTS('',1,2,((#1717,#1718,#1719),(#1720,#1721,#1722)),.UNSPECIFIED.,.F.,.F.,.F.,(2,2),(3,3),(0.0,1.0),(12.0856883999059,12.5856883999059),.UNSPECIFIED.);
#607=FACE_OUTER_BOUND('',#1723,.T.);
#608=B_SPLINE_SURFACE_WITH_KNOTS('',1,2,((#1724,#1725,#1726),(#1727,#1728,#1729)),.UNSPECIFIED.,.F.,.F.,.F.,(2,2),(3,3),(0.0,1.0),(11.629441123265,12.0856883999059),.UNSPECIFIED.);
#609=FACE_OUTER_BOUND('',#1730,.T.);
#610=B_SPLINE_SURFACE_WITH_KNOTS('',1,2,((#1731,#1732,#1733),(#1734,#1735,#1736)),.UNSPECIFIED.,.F.,.F.,.F.,(2,2),(3,3),(0.0,1.0),(10.2790683704508,11.2065941436468),.UNSPECIFIED.);
#611=FACE_OUTER_BOUND('',#1737,.T.);
#612=B_SPLINE_SURFACE_WITH_KNOTS('',1,2,((#1738,#1739,#1740),(#1741,#1742,#1743)),.UNSPECIFIED.,.F.,.F.,.F.,(2,2),(3,3),(0.0,1.0),(9.39997411419165,9.85622139083253),.UNSPECIFIED.);
#613=FACE_OUTER_BOUND('',#1744,.T.);
#614=PLANE('',#1745);
#615=FACE_OUTER_BOUND('',#1746,.T.);
#616=PLANE('',#1747);
#617=FACE_OUTER_BOUND('',#1748,.T.);
#618=PLANE('',#1749);
#619=FACE_OUTER_BOUND('',#1750,.T.);
#620=PLANE('',#1751);
#621=FACE_OUTER_BOUND('',#1752,.T.);
#622=PLANE('',#1753);
#623=FACE_OUTER_BOUND('',#1754,.T.);
#624=PLANE('',#1755);
#625=FACE_OUTER_BOUND('',#1756,.T.);
#626=PLANE('',#1757);
#627=FACE_OUTER_BOUND('',#1758,.T.);
#628=PLANE('',#1759);
#629=FACE_OUTER_BOUND('',#1760,.T.);
#630=B_SPLINE_SURFACE_WITH_KNOTS('',1,2,((#1761,#1762,#1763),(#1764,#1765,#1766)),.UNSPECIFIED.,.F.,.F.,.F.,(2,2),(3,3),(0.0,0.4),(2.98172014121292,3.1707126992957),.UNSPECIFIED.);
#631=FACE_OUTER_BOUND('',#1767,.T.);
#632=(B_SPLINE_SURFACE(1,2,((#1769,#1770,#1771,#1772,#1773),(#1774,#1775,#1776,#1777,#1778)),.UNSPECIFIED.,.F.,.F.,.F.)B_SPLINE_SURFACE_WITH_KNOTS((2,2),(3,2,3),(0.0,0.2010536485932),(0.337561190245496,0.504669563779294,0.671777937313091),.UNSPECIFIED.)RATIONAL_B_SPLINE_SURFACE(((1.0,0.848830098900919,1.0,0.848830098900919,1.0),(1.0,0.848830098900919,1.0,0.848830098900919,1.0)))BOUNDED_SURFACE()REPRESENTATION_ITEM('')GEOMETRIC_REPRESENTATION_ITEM()SURFACE());
#633=FACE_OUTER_BOUND('',#1785,.T.);
#634=B_SPLINE_SURFACE_WITH_KNOTS('',1,2,((#1786,#1787,#1788),(#1789,#1790,#1791)),.UNSPECIFIED.,.F.,.F.,.F.,(2,2),(3,3),(0.0,0.201),(0.671777937313091,1.24370524756352),.UNSPECIFIED.);
#635=FACE_OUTER_BOUND('',#1792,.T.);
#636=B_SPLINE_SURFACE_WITH_KNOTS('',1,2,((#1793,#1794,#1795),(#1796,#1797,#1798)),.UNSPECIFIED.,.F.,.F.,.F.,(2,2),(3,3),(0.0,0.4),(3.1707126992957,3.31928133145842),.UNSPECIFIED.);
#637=FACE_OUTER_BOUND('',#1799,.T.);
#638=PLANE('',#1800);
#639=FACE_OUTER_BOUND('',#1801,.T.);
#640=B_SPLINE_SURFACE_WITH_KNOTS('',1,2,((#1802,#1803,#1804),(#1805,#1806,#1807)),.UNSPECIFIED.,.F.,.F.,.F.,(2,2),(3,3),(0.0,0.4),(-3.1707126992957,-2.98172014121292),.UNSPECIFIED.);
#641=FACE_OUTER_BOUND('',#1808,.T.);
#642=B_SPLINE_SURFACE_WITH_KNOTS('',1,2,((#1809,#1810,#1811),(#1812,#1813,#1814)),.UNSPECIFIED.,.F.,.F.,.F.,(2,2),(3,3),(0.0,0.4),(-3.31928133145842,-3.1707126992957),.UNSPECIFIED.);
#643=FACE_OUTER_BOUND('',#1815,.T.);
#644=B_SPLINE_SURFACE_WITH_KNOTS('',1,2,((#1816,#1817,#1818),(#1819,#1820,#1821)),.UNSPECIFIED.,.F.,.F.,.F.,(2,2),(3,3),(0.0,0.201),(-1.24370524756352,-0.671777937313091),.UNSPECIFIED.);
#645=FACE_OUTER_BOUND('',#1822,.T.);
#646=(B_SPLINE_SURFACE(1,2,((#1824,#1825,#1826,#1827,#1828),(#1829,#1830,#1831,#1832,#1833)),.UNSPECIFIED.,.F.,.F.,.F.)B_SPLINE_SURFACE_WITH_KNOTS((2,2),(3,2,3),(0.0,0.2010536485932),(-0.671777937313091,-0.504669563779294,-0.337561190245496),.UNSPECIFIED.)RATIONAL_B_SPLINE_SURFACE(((1.0,0.848830098900919,1.0,0.848830098900919,1.0),(1.0,0.848830098900919,1.0,0.848830098900919,1.0)))BOUNDED_SURFACE()REPRESENTATION_ITEM('')GEOMETRIC_REPRESENTATION_ITEM()SURFACE());
#647=FACE_OUTER_BOUND('',#1840,.T.);
#648=PLANE('',#1841);
#649=FACE_OUTER_BOUND('',#1842,.T.);
#650=B_SPLINE_SURFACE_WITH_KNOTS('',1,2,((#1843,#1844,#1845),(#1846,#1847,#1848)),.UNSPECIFIED.,.F.,.F.,.F.,(2,2),(3,3),(0.0,0.4),(-0.675122380490992,-0.486129822408215),.UNSPECIFIED.);
#651=FACE_OUTER_BOUND('',#1849,.T.);
#652=(B_SPLINE_SURFACE(1,2,((#1851,#1852,#1853,#1854,#1855),(#1856,#1857,#1858,#1859,#1860)),.UNSPECIFIED.,.F.,.F.,.F.)B_SPLINE_SURFACE_WITH_KNOTS((2,2),(3,2,3),(0.0,0.2010536485932),(-3.31928133145842,-3.15217295792462,-2.98506458439083),.UNSPECIFIED.)RATIONAL_B_SPLINE_SURFACE(((1.0,0.848830098900919,1.0,0.848830098900919,1.0),(1.0,0.848830098900919,1.0,0.848830098900919,1.0)))BOUNDED_SURFACE()REPRESENTATION_ITEM('')GEOMETRIC_REPRESENTATION_ITEM()SURFACE());
#653=FACE_OUTER_BOUND('',#1867,.T.);
#654=B_SPLINE_SURFACE_WITH_KNOTS('',1,2,((#1868,#1869,#1870),(#1871,#1872,#1873)),.UNSPECIFIED.,.F.,.F.,.F.,(2,2),(3,3),(0.0,0.201),(-2.98506458439083,-2.41313727414039),.UNSPECIFIED.);
#655=FACE_OUTER_BOUND('',#1874,.T.);
#656=B_SPLINE_SURFACE_WITH_KNOTS('',1,2,((#1875,#1876,#1877),(#1878,#1879,#1880)),.UNSPECIFIED.,.F.,.F.,.F.,(2,2),(3,3),(0.0,0.4),(-0.486129822408215,-0.337561190245496),.UNSPECIFIED.);
#657=FACE_OUTER_BOUND('',#1881,.T.);
#658=PLANE('',#1882);
#659=FACE_OUTER_BOUND('',#1883,.T.);
#660=B_SPLINE_SURFACE_WITH_KNOTS('',1,2,((#1884,#1885,#1886),(#1887,#1888,#1889)),.UNSPECIFIED.,.F.,.F.,.F.,(2,2),(3,3),(0.0,0.4),(0.486129822408215,0.675122380490992),.UNSPECIFIED.);
#661=FACE_OUTER_BOUND('',#1890,.T.);
#662=B_SPLINE_SURFACE_WITH_KNOTS('',1,2,((#1891,#1892,#1893),(#1894,#1895,#1896)),.UNSPECIFIED.,.F.,.F.,.F.,(2,2),(3,3),(0.0,0.4),(0.337561190245496,0.486129822408215),.UNSPECIFIED.);
#663=FACE_OUTER_BOUND('',#1897,.T.);
#664=B_SPLINE_SURFACE_WITH_KNOTS('',1,2,((#1898,#1899,#1900),(#1901,#1902,#1903)),.UNSPECIFIED.,.F.,.F.,.F.,(2,2),(3,3),(0.0,0.201),(2.41313727414039,2.98506458439083),.UNSPECIFIED.);
#665=FACE_OUTER_BOUND('',#1904,.T.);
#666=(B_SPLINE_SURFACE(1,2,((#1906,#1907,#1908,#1909,#1910),(#1911,#1912,#1913,#1914,#1915)),.UNSPECIFIED.,.F.,.F.,.F.)B_SPLINE_SURFACE_WITH_KNOTS((2,2),(3,2,3),(0.0,0.2010536485932),(2.98506458439083,3.15217295792462,3.31928133145842),.UNSPECIFIED.)RATIONAL_B_SPLINE_SURFACE(((1.0,0.848830098900919,1.0,0.848830098900919,1.0),(1.0,0.848830098900919,1.0,0.848830098900919,1.0)))BOUNDED_SURFACE()REPRESENTATION_ITEM('')GEOMETRIC_REPRESENTATION_ITEM()SURFACE());
#667=FACE_OUTER_BOUND('',#1922,.T.);
#668=PLANE('',#1923);
#669=FACE_OUTER_BOUND('',#1924,.T.);
#670=B_SPLINE_SURFACE_WITH_KNOTS('',2,1,((#1925,#1926),(#1927,#1928),(#1929,#1930)),.UNSPECIFIED.,.F.,.F.,.F.,(3,3),(2,2),(-15.5424777960769,-14.6424777960769),(0.0,1.3),.UNSPECIFIED.);
#671=FACE_OUTER_BOUND('',#1931,.T.);
#672=B_SPLINE_SURFACE_WITH_KNOTS('',2,1,((#1932,#1933),(#1934,#1935),(#1936,#1937)),.UNSPECIFIED.,.F.,.F.,.F.,(3,3),(2,2),(-14.6424777960769,-13.5424777960769),(0.0,1.3),.UNSPECIFIED.);
#673=FACE_OUTER_BOUND('',#1938,.T.);
#674=B_SPLINE_SURFACE_WITH_KNOTS('',2,1,((#1939,#1940),(#1941,#1942),(#1943,#1944)),.UNSPECIFIED.,.F.,.F.,.F.,(3,3),(2,2),(-13.5424777960769,-11.5424777960769),(0.0,1.3),.UNSPECIFIED.);
#675=FACE_OUTER_BOUND('',#1945,.T.);
#676=B_SPLINE_SURFACE_WITH_KNOTS('',2,1,((#1946,#1947),(#1948,#1949),(#1950,#1951)),.UNSPECIFIED.,.F.,.F.,.F.,(3,3),(2,2),(-11.5424777960769,-11.1424777960769),(0.0,1.3),.UNSPECIFIED.);
#677=FACE_OUTER_BOUND('',#1952,.T.);
#678=B_SPLINE_SURFACE_WITH_KNOTS('',2,1,((#1953,#1954),(#1955,#1956),(#1957,#1958)),.UNSPECIFIED.,.F.,.F.,.F.,(3,3),(2,2),(-11.1424777960769,-10.3424777960769),(0.0,1.3),.UNSPECIFIED.);
#679=FACE_OUTER_BOUND('',#1959,.T.);
#680=B_SPLINE_SURFACE_WITH_KNOTS('',2,1,((#1960,#1961),(#1962,#1963),(#1964,#1965)),.UNSPECIFIED.,.F.,.F.,.F.,(3,3),(2,2),(-10.3424777960769,-9.94247779607692),(0.0,1.3),.UNSPECIFIED.);
#681=FACE_OUTER_BOUND('',#1966,.T.);
#682=(B_SPLINE_SURFACE(2,1,((#1968,#1969),(#1970,#1971),(#1972,#1973)),.UNSPECIFIED.,.F.,.F.,.F.)B_SPLINE_SURFACE_WITH_KNOTS((3,3),(2,2),(-9.94247779607692,-9.47123889803846),(0.0,1.3),.UNSPECIFIED.)RATIONAL_B_SPLINE_SURFACE(((1.0,1.0),(0.707106781186556,0.707106781186556),(1.0,1.0)))BOUNDED_SURFACE()REPRESENTATION_ITEM('')GEOMETRIC_REPRESENTATION_ITEM()SURFACE());
#683=FACE_OUTER_BOUND('',#1980,.T.);
#684=PLANE('',#1981);
#685=FACE_OUTER_BOUND('',#1982,.T.);
#686=PLANE('',#1983);
#687=FACE_OUTER_BOUND('',#1984,.T.);
#688=PLANE('',#1985);
#689=FACE_OUTER_BOUND('',#1986,.T.);
#690=PLANE('',#1987);
#691=FACE_OUTER_BOUND('',#1988,.T.);
#692=PLANE('',#1989);
#693=FACE_OUTER_BOUND('',#1990,.T.);
#694=PLANE('',#1991);
#695=FACE_OUTER_BOUND('',#1992,.T.);
#696=PLANE('',#1993);
#697=FACE_OUTER_BOUND('',#1994,.T.);
#698=PLANE('',#1995);
#699=FACE_OUTER_BOUND('',#1996,.T.);
#700=PLANE('',#1997);
#701=FACE_OUTER_BOUND('',#1998,.T.);
#702=PLANE('',#1999);
#703=FACE_OUTER_BOUND('',#2000,.T.);
#704=PLANE('',#2001);
#705=FACE_OUTER_BOUND('',#2002,.T.);
#706=PLANE('',#2003);
#707=FACE_OUTER_BOUND('',#2004,.T.);
#708=PLANE('',#2005);
#709=FACE_OUTER_BOUND('',#2006,.T.);
#710=PLANE('',#2007);
#711=FACE_OUTER_BOUND('',#2008,.T.);
#712=PLANE('',#2009);
#713=FACE_OUTER_BOUND('',#2010,.T.);
#714=PLANE('',#2011);
#715=FACE_OUTER_BOUND('',#2012,.T.);
#716=PLANE('',#2013);
#717=FACE_OUTER_BOUND('',#2014,.T.);
#718=PLANE('',#2015);
#719=FACE_OUTER_BOUND('',#2016,.T.);
#720=PLANE('',#2017);
#721=FACE_OUTER_BOUND('',#2018,.T.);
#722=PLANE('',#2019);
#723=FACE_OUTER_BOUND('',#2020,.T.);
#724=PLANE('',#2021);
#725=FACE_OUTER_BOUND('',#2022,.T.);
#726=PLANE('',#2023);
#727=FACE_OUTER_BOUND('',#2024,.T.);
#728=PLANE('',#2025);
#729=FACE_OUTER_BOUND('',#2026,.T.);
#730=PLANE('',#2027);
#731=FACE_OUTER_BOUND('',#2028,.T.);
#732=PLANE('',#2029);
#733=FACE_OUTER_BOUND('',#2030,.T.);
#734=PLANE('',#2031);
#735=FACE_OUTER_BOUND('',#2032,.T.);
#736=PLANE('',#2033);
#737=FACE_OUTER_BOUND('',#2034,.T.);
#738=PLANE('',#2035);
#739=FACE_OUTER_BOUND('',#2036,.T.);
#740=PLANE('',#2037);
#741=FACE_OUTER_BOUND('',#2038,.T.);
#742=PLANE('',#2039);
#743=FACE_OUTER_BOUND('',#2040,.T.);
#744=PLANE('',#2041);
#745=FACE_OUTER_BOUND('',#2042,.T.);
#746=FACE_BOUND('',#2043,.T.);
#747=FACE_BOUND('',#2044,.T.);
#748=FACE_BOUND('',#2045,.T.);
#749=FACE_BOUND('',#2046,.T.);
#750=FACE_BOUND('',#2047,.T.);
#751=FACE_BOUND('',#2048,.T.);
#752=FACE_BOUND('',#2049,.T.);
#753=FACE_BOUND('',#2050,.T.);
#754=FACE_BOUND('',#2051,.T.);
#755=FACE_BOUND('',#2052,.T.);
#756=FACE_BOUND('',#2053,.T.);
#757=FACE_BOUND('',#2054,.T.);
#758=FACE_BOUND('',#2055,.T.);
#759=FACE_BOUND('',#2056,.T.);
#760=FACE_BOUND('',#2057,.T.);
#761=FACE_BOUND('',#2058,.T.);
#762=FACE_BOUND('',#2059,.T.);
#763=FACE_BOUND('',#2060,.T.);
#764=FACE_BOUND('',#2061,.T.);
#765=PLANE('',#2062);
#766=FACE_OUTER_BOUND('',#2063,.T.);
#767=PLANE('',#2064);
#768=FACE_OUTER_BOUND('',#2065,.T.);
#769=PLANE('',#2066);
#770=FACE_OUTER_BOUND('',#2067,.T.);
#771=PLANE('',#2068);
#772=FACE_OUTER_BOUND('',#2069,.T.);
#773=B_SPLINE_SURFACE_WITH_KNOTS('',2,1,((#2070,#2071),(#2072,#2073),(#2074,#2075)),.UNSPECIFIED.,.F.,.F.,.F.,(3,3),(2,2),(9.85022139083253,10.0999741141916),(0.569927310250436,2.13007268974956),.UNSPECIFIED.);
#774=FACE_OUTER_BOUND('',#2076,.T.);
#775=(B_SPLINE_SURFACE(2,1,((#2078,#2079),(#2080,#2081),(#2082,#2083),(#2084,#2085),(#2086,#2087)),.UNSPECIFIED.,.F.,.F.,.F.)B_SPLINE_SURFACE_WITH_KNOTS((3,2,3),(2,2),(0.337561190245496,0.504669563779294,0.671777937313091),(0.0,0.2010536485932),.UNSPECIFIED.)RATIONAL_B_SPLINE_SURFACE(((1.0,1.0),(0.848830098900919,0.848830098900919),(1.0,1.0),(0.848830098900919,0.848830098900919),(1.0,1.0)))BOUNDED_SURFACE()REPRESENTATION_ITEM('')GEOMETRIC_REPRESENTATION_ITEM()SURFACE());
#776=FACE_OUTER_BOUND('',#2094,.T.);
#777=PLANE('',#2095);
#778=FACE_OUTER_BOUND('',#2096,.T.);
#779=(B_SPLINE_SURFACE(2,1,((#2098,#2099),(#2100,#2101),(#2102,#2103),(#2104,#2105),(#2106,#2107)),.UNSPECIFIED.,.F.,.F.,.F.)B_SPLINE_SURFACE_WITH_KNOTS((3,2,3),(2,2),(-0.671777937313091,-0.504669563779294,-0.337561190245496),(0.0,0.2010536485932),.UNSPECIFIED.)RATIONAL_B_SPLINE_SURFACE(((1.0,1.0),(0.848830098900919,0.848830098900919),(1.0,1.0),(0.848830098900919,0.848830098900919),(1.0,1.0)))BOUNDED_SURFACE()REPRESENTATION_ITEM('')GEOMETRIC_REPRESENTATION_ITEM()SURFACE());
#780=FACE_OUTER_BOUND('',#2114,.T.);
#781=(B_SPLINE_SURFACE(2,1,((#2116,#2117),(#2118,#2119),(#2120,#2121),(#2122,#2123),(#2124,#2125)),.UNSPECIFIED.,.F.,.F.,.F.)B_SPLINE_SURFACE_WITH_KNOTS((3,2,3),(2,2),(-3.31928133145842,-3.15217295792462,-2.98506458439083),(0.0,0.2010536485932),.UNSPECIFIED.)RATIONAL_B_SPLINE_SURFACE(((1.0,1.0),(0.848830098900919,0.848830098900919),(1.0,1.0),(0.848830098900919,0.848830098900919),(1.0,1.0)))BOUNDED_SURFACE()REPRESENTATION_ITEM('')GEOMETRIC_REPRESENTATION_ITEM()SURFACE());
#782=FACE_OUTER_BOUND('',#2132,.T.);
#783=PLANE('',#2133);
#784=FACE_OUTER_BOUND('',#2134,.T.);
#785=(B_SPLINE_SURFACE(2,1,((#2136,#2137),(#2138,#2139),(#2140,#2141),(#2142,#2143),(#2144,#2145)),.UNSPECIFIED.,.F.,.F.,.F.)B_SPLINE_SURFACE_WITH_KNOTS((3,2,3),(2,2),(2.98506458439083,3.15217295792462,3.31928133145842),(0.0,0.2010536485932),.UNSPECIFIED.)RATIONAL_B_SPLINE_SURFACE(((1.0,1.0),(0.848830098900919,0.848830098900919),(1.0,1.0),(0.848830098900919,0.848830098900919),(1.0,1.0)))BOUNDED_SURFACE()REPRESENTATION_ITEM('')GEOMETRIC_REPRESENTATION_ITEM()SURFACE());
#786=FACE_OUTER_BOUND('',#2152,.T.);
#787=PLANE('',#2153);
#788=FACE_OUTER_BOUND('',#2154,.T.);
#789=PLANE('',#2155);
#790=FACE_OUTER_BOUND('',#2156,.T.);
#791=PLANE('',#2157);
#792=FACE_OUTER_BOUND('',#2158,.T.);
#793=PLANE('',#2159);
#794=FACE_OUTER_BOUND('',#2160,.T.);
#795=PLANE('',#2161);
#796=FACE_OUTER_BOUND('',#2162,.T.);
#797=PLANE('',#2163);
#798=FACE_OUTER_BOUND('',#2164,.T.);
#799=PLANE('',#2165);
#800=FACE_OUTER_BOUND('',#2166,.T.);
#801=PLANE('',#2167);
#802=FACE_OUTER_BOUND('',#2168,.T.);
#803=B_SPLINE_SURFACE_WITH_KNOTS('',2,1,((#2169,#2170),(#2171,#2172),(#2173,#2174)),.UNSPECIFIED.,.F.,.F.,.F.,(3,3),(2,2),(11.3856883999059,11.635441123265),(0.569927310250436,2.13007268974956),.UNSPECIFIED.);
#804=FACE_OUTER_BOUND('',#2175,.T.);
#805=B_SPLINE_SURFACE_WITH_KNOTS('',2,1,((#2176,#2177),(#2178,#2179),(#2180,#2181)),.UNSPECIFIED.,.F.,.F.,.F.,(3,3),(2,2),(3.1836173855295,3.31928133145842),(0.0,0.201),.UNSPECIFIED.);
#806=FACE_OUTER_BOUND('',#2182,.T.);
#807=B_SPLINE_SURFACE_WITH_KNOTS('',2,1,((#2183,#2184),(#2185,#2186),(#2187,#2188)),.UNSPECIFIED.,.F.,.F.,.F.,(3,3),(2,2),(-3.31928133145842,-3.1836173855295),(0.0,0.201),.UNSPECIFIED.);
#808=FACE_OUTER_BOUND('',#2189,.T.);
#809=PLANE('',#2190);
#810=FACE_OUTER_BOUND('',#2191,.T.);
#811=B_SPLINE_SURFACE_WITH_KNOTS('',2,1,((#2192,#2193),(#2194,#2195),(#2196,#2197)),.UNSPECIFIED.,.F.,.F.,.F.,(3,3),(2,2),(-0.473225136174419,-0.337561190245496),(0.0,0.201),.UNSPECIFIED.);
#812=FACE_OUTER_BOUND('',#2198,.T.);
#813=B_SPLINE_SURFACE_WITH_KNOTS('',2,1,((#2199,#2200),(#2201,#2202),(#2203,#2204)),.UNSPECIFIED.,.F.,.F.,.F.,(3,3),(2,2),(0.337561190245496,0.473225136174418),(0.0,0.201),.UNSPECIFIED.);
#814=FACE_OUTER_BOUND('',#2205,.T.);
#815=PLANE('',#2206);
#816=FACE_OUTER_BOUND('',#2207,.T.);
#817=PLANE('',#2208);
#818=FACE_OUTER_BOUND('',#2209,.T.);
#819=PLANE('',#2210);
#820=FACE_OUTER_BOUND('',#2211,.T.);
#821=PLANE('',#2212);
#822=FACE_OUTER_BOUND('',#2213,.T.);
#823=PLANE('',#2214);
#824=FACE_OUTER_BOUND('',#2215,.T.);
#825=PLANE('',#2216);
#826=FACE_OUTER_BOUND('',#2217,.T.);
#827=PLANE('',#2218);
#828=FACE_OUTER_BOUND('',#2219,.T.);
#829=PLANE('',#2220);
#830=FACE_OUTER_BOUND('',#2221,.T.);
#831=PLANE('',#2222);
#832=FACE_OUTER_BOUND('',#2223,.T.);
#833=PLANE('',#2224);
#834=FACE_OUTER_BOUND('',#2225,.T.);
#835=PLANE('',#2226);
#836=FACE_OUTER_BOUND('',#2227,.T.);
#837=PLANE('',#2228);
#838=FACE_OUTER_BOUND('',#2229,.T.);
#839=PLANE('',#2230);
#840=FACE_OUTER_BOUND('',#2231,.T.);
#841=PLANE('',#2232);
#842=FACE_OUTER_BOUND('',#2233,.T.);
#843=PLANE('',#2234);
#844=FACE_OUTER_BOUND('',#2235,.T.);
#845=(B_SPLINE_SURFACE(2,1,((#2237,#2238),(#2239,#2240),(#2241,#2242)),.UNSPECIFIED.,.F.,.F.,.F.)B_SPLINE_SURFACE_WITH_KNOTS((3,3),(2,2),(0.0,0.112022249724242),(-0.00105426662696098,0.59995237911091),.UNSPECIFIED.)RATIONAL_B_SPLINE_SURFACE(((1.0,1.0),(0.847196012038531,0.847196012038532),(1.0,1.0)))BOUNDED_SURFACE()REPRESENTATION_ITEM('')GEOMETRIC_REPRESENTATION_ITEM()SURFACE());
#846=FACE_OUTER_BOUND('',#2249,.T.);
#847=PLANE('',#2250);
#848=FACE_OUTER_BOUND('',#2251,.T.);
#849=(B_SPLINE_SURFACE(2,1,((#2253,#2254),(#2255,#2256),(#2257,#2258)),.UNSPECIFIED.,.F.,.F.,.F.)B_SPLINE_SURFACE_WITH_KNOTS((3,3),(2,2),(0.0,0.112022249724251),(-0.00105426662696175,0.599952379110909),.UNSPECIFIED.)RATIONAL_B_SPLINE_SURFACE(((1.0,1.0),(0.847196012038516,0.847196012038521),(1.0,1.0)))BOUNDED_SURFACE()REPRESENTATION_ITEM('')GEOMETRIC_REPRESENTATION_ITEM()SURFACE());
#850=FACE_OUTER_BOUND('',#2265,.T.);
#851=PLANE('',#2266);
#852=FACE_OUTER_BOUND('',#2267,.T.);
#853=(B_SPLINE_SURFACE(2,1,((#2269,#2270),(#2271,#2272),(#2273,#2274)),.UNSPECIFIED.,.F.,.F.,.F.)B_SPLINE_SURFACE_WITH_KNOTS((3,3),(2,2),(0.0,0.112022249724245),(-0.00105426662696065,0.599952379110918),.UNSPECIFIED.)RATIONAL_B_SPLINE_SURFACE(((1.0,1.0),(0.847196012038521,0.847196012038524),(1.0,1.0)))BOUNDED_SURFACE()REPRESENTATION_ITEM('')GEOMETRIC_REPRESENTATION_ITEM()SURFACE());
#854=FACE_OUTER_BOUND('',#2281,.T.);
#855=PLANE('',#2282);
#856=FACE_OUTER_BOUND('',#2283,.T.);
#857=(B_SPLINE_SURFACE(2,1,((#2285,#2286),(#2287,#2288),(#2289,#2290)),.UNSPECIFIED.,.F.,.F.,.F.)B_SPLINE_SURFACE_WITH_KNOTS((3,3),(2,2),(0.0,0.112022249724242),(-0.00105426662696189,0.5999523791109),.UNSPECIFIED.)RATIONAL_B_SPLINE_SURFACE(((1.0,1.0),(0.84719601203851,0.847196012038507),(1.0,1.0)))BOUNDED_SURFACE()REPRESENTATION_ITEM('')GEOMETRIC_REPRESENTATION_ITEM()SURFACE());
#858=FACE_OUTER_BOUND('',#2297,.T.);
#859=B_SPLINE_SURFACE_WITH_KNOTS('',1,2,((#2298,#2299,#2300),(#2301,#2302,#2303)),.UNSPECIFIED.,.F.,.F.,.F.,(2,2),(3,3),(0.0,0.1),(-5.91495154362585,-5.1288449298777),.UNSPECIFIED.);
#860=FACE_OUTER_BOUND('',#2304,.T.);
#861=B_SPLINE_SURFACE_WITH_KNOTS('',1,2,((#2305,#2306,#2307),(#2308,#2309,#2310)),.UNSPECIFIED.,.F.,.F.,.F.,(2,2),(3,3),(0.0,0.1),(-5.1288449298777,-4.32114011533101),.UNSPECIFIED.);
#862=FACE_OUTER_BOUND('',#2311,.T.);
#863=B_SPLINE_SURFACE_WITH_KNOTS('',1,2,((#2312,#2313,#2314),(#2315,#2316,#2317)),.UNSPECIFIED.,.F.,.F.,.F.,(2,2),(3,3),(0.0,0.1),(-4.32114011533101,-2.95188828597258),.UNSPECIFIED.);
#864=FACE_OUTER_BOUND('',#2318,.T.);
#865=B_SPLINE_SURFACE_WITH_KNOTS('',1,2,((#2319,#2320,#2321),(#2322,#2323,#2324)),.UNSPECIFIED.,.F.,.F.,.F.,(2,2),(3,3),(0.0,0.1),(-2.95188828597258,-2.77819207323255),.UNSPECIFIED.);
#866=FACE_OUTER_BOUND('',#2325,.T.);
#867=B_SPLINE_SURFACE_WITH_KNOTS('',1,2,((#2326,#2327,#2328),(#2329,#2330,#2331)),.UNSPECIFIED.,.F.,.F.,.F.,(2,2),(3,3),(0.0,0.1),(-2.77819207323255,-1.27077583767769),.UNSPECIFIED.);
#868=FACE_OUTER_BOUND('',#2332,.T.);
#869=B_SPLINE_SURFACE_WITH_KNOTS('',1,2,((#2333,#2334,#2335),(#2336,#2337,#2338)),.UNSPECIFIED.,.F.,.F.,.F.,(2,2),(3,3),(0.0,0.1),(-1.27077583767769,-0.486691375267267),.UNSPECIFIED.);
#870=FACE_OUTER_BOUND('',#2339,.T.);
#871=B_SPLINE_SURFACE_WITH_KNOTS('',1,2,((#2340,#2341,#2342),(#2343,#2344,#2345)),.UNSPECIFIED.,.F.,.F.,.F.,(2,2),(3,3),(0.0,0.1),(-0.486691375267267,0.0),.UNSPECIFIED.);
#872=FACE_OUTER_BOUND('',#2346,.T.);
#873=(B_SPLINE_SURFACE(1,2,((#2348,#2349,#2350),(#2351,#2352,#2353)),.UNSPECIFIED.,.F.,.F.,.F.)B_SPLINE_SURFACE_WITH_KNOTS((2,2),(3,3),(0.0,0.1),(0.0,0.0912267541749396),.UNSPECIFIED.)RATIONAL_B_SPLINE_SURFACE(((1.0,0.897762201385315,1.0),(1.0,0.897762201385315,1.0)))BOUNDED_SURFACE()REPRESENTATION_ITEM('')GEOMETRIC_REPRESENTATION_ITEM()SURFACE());
#874=FACE_OUTER_BOUND('',#2360,.T.);
#875=B_SPLINE_SURFACE_WITH_KNOTS('',1,2,((#2361,#2362,#2363),(#2364,#2365,#2366)),.UNSPECIFIED.,.F.,.F.,.F.,(2,2),(3,3),(0.0,0.1),(0.0912267541749396,0.221031248074474),.UNSPECIFIED.);
#876=FACE_OUTER_BOUND('',#2367,.T.);
#877=B_SPLINE_SURFACE_WITH_KNOTS('',1,2,((#2368,#2369,#2370),(#2371,#2372,#2373)),.UNSPECIFIED.,.F.,.F.,.F.,(2,2),(3,3),(0.0,0.1),(0.221031248074474,0.372494104397969),.UNSPECIFIED.);
#878=FACE_OUTER_BOUND('',#2374,.T.);
#879=B_SPLINE_SURFACE_WITH_KNOTS('',1,2,((#2375,#2376,#2377),(#2378,#2379,#2380)),.UNSPECIFIED.,.F.,.F.,.F.,(2,2),(3,3),(0.0,0.1),(0.372494104397969,0.479560624783042),.UNSPECIFIED.);
#880=FACE_OUTER_BOUND('',#2381,.T.);
#881=B_SPLINE_SURFACE_WITH_KNOTS('',1,2,((#2382,#2383,#2384),(#2385,#2386,#2387)),.UNSPECIFIED.,.F.,.F.,.F.,(2,2),(3,3),(0.0,0.1),(0.479560624783042,1.16228601592185),.UNSPECIFIED.);
#882=FACE_OUTER_BOUND('',#2388,.T.);
#883=B_SPLINE_SURFACE_WITH_KNOTS('',1,2,((#2389,#2390,#2391),(#2392,#2393,#2394)),.UNSPECIFIED.,.F.,.F.,.F.,(2,2),(3,3),(0.0,0.1),(1.16228601592185,2.00113482199664),.UNSPECIFIED.);
#884=FACE_OUTER_BOUND('',#2395,.T.);
#885=B_SPLINE_SURFACE_WITH_KNOTS('',1,2,((#2396,#2397,#2398),(#2399,#2400,#2401)),.UNSPECIFIED.,.F.,.F.,.F.,(2,2),(3,3),(0.0,0.1),(2.00113482199664,3.41659376788241),.UNSPECIFIED.);
#886=FACE_OUTER_BOUND('',#2402,.T.);
#887=B_SPLINE_SURFACE_WITH_KNOTS('',1,2,((#2403,#2404,#2405),(#2406,#2407,#2408)),.UNSPECIFIED.,.F.,.F.,.F.,(2,2),(3,3),(0.0,0.1),(3.41659376788241,4.86583232141417),.UNSPECIFIED.);
#888=FACE_OUTER_BOUND('',#2409,.T.);
#889=B_SPLINE_SURFACE_WITH_KNOTS('',1,2,((#2410,#2411,#2412),(#2413,#2414,#2415)),.UNSPECIFIED.,.F.,.F.,.F.,(2,2),(3,3),(0.0,0.1),(4.86583232141417,5.81002474956871),.UNSPECIFIED.);
#890=FACE_OUTER_BOUND('',#2416,.T.);
#891=B_SPLINE_SURFACE_WITH_KNOTS('',1,2,((#2417,#2418,#2419),(#2420,#2421,#2422)),.UNSPECIFIED.,.F.,.F.,.F.,(2,2),(3,3),(0.0,0.1),(5.81002474956871,6.36225078154149),.UNSPECIFIED.);
#892=FACE_OUTER_BOUND('',#2423,.T.);
#893=B_SPLINE_SURFACE_WITH_KNOTS('',1,2,((#2424,#2425,#2426),(#2427,#2428,#2429)),.UNSPECIFIED.,.F.,.F.,.F.,(2,2),(3,3),(0.0,0.1),(6.36225078154149,6.88519159444033),.UNSPECIFIED.);
#894=FACE_OUTER_BOUND('',#2430,.T.);
#895=B_SPLINE_SURFACE_WITH_KNOTS('',1,2,((#2431,#2432,#2433),(#2434,#2435,#2436)),.UNSPECIFIED.,.F.,.F.,.F.,(2,2),(3,3),(0.0,0.1),(6.88519159444033,7.3556796444911),.UNSPECIFIED.);
#896=FACE_OUTER_BOUND('',#2437,.T.);
#897=B_SPLINE_SURFACE_WITH_KNOTS('',1,2,((#2438,#2439,#2440),(#2441,#2442,#2443)),.UNSPECIFIED.,.F.,.F.,.F.,(2,2),(3,3),(0.0,0.1),(7.3556796444911,7.46644142288281),.UNSPECIFIED.);
#898=FACE_OUTER_BOUND('',#2444,.T.);
#899=PLANE('',#2445);
#900=FACE_OUTER_BOUND('',#2446,.T.);
#901=(B_SPLINE_SURFACE(1,2,((#2448,#2449,#2450),(#2451,#2452,#2453)),.UNSPECIFIED.,.F.,.F.,.F.)B_SPLINE_SURFACE_WITH_KNOTS((2,2),(3,3),(0.0,0.1),(6.5165136290714,6.60867834182876),.UNSPECIFIED.)RATIONAL_B_SPLINE_SURFACE(((1.0,0.953179249372349,1.0),(1.0,0.953179249372349,1.0)))BOUNDED_SURFACE()REPRESENTATION_ITEM('')GEOMETRIC_REPRESENTATION_ITEM()SURFACE());
#902=FACE_OUTER_BOUND('',#2460,.T.);
#903=PLANE('',#2461);
#904=FACE_OUTER_BOUND('',#2462,.T.);
#905=PLANE('',#2463);
#906=FACE_OUTER_BOUND('',#2464,.T.);
#907=PLANE('',#2465);
#908=FACE_OUTER_BOUND('',#2466,.T.);
#909=PLANE('',#2467);
#910=FACE_OUTER_BOUND('',#2468,.T.);
#911=(B_SPLINE_SURFACE(1,2,((#2470,#2471,#2472),(#2473,#2474,#2475)),.UNSPECIFIED.,.F.,.F.,.F.)B_SPLINE_SURFACE_WITH_KNOTS((2,2),(3,3),(0.0,0.1),(8.33555788499823,8.39874065809144),.UNSPECIFIED.)RATIONAL_B_SPLINE_SURFACE(((1.0,0.950512851350493,1.0),(1.0,0.950512851350493,1.0)))BOUNDED_SURFACE()REPRESENTATION_ITEM('')GEOMETRIC_REPRESENTATION_ITEM()SURFACE());
#912=FACE_OUTER_BOUND('',#2482,.T.);
#913=PLANE('',#2483);
#914=FACE_OUTER_BOUND('',#2484,.T.);
#915=PLANE('',#2485);
#916=FACE_OUTER_BOUND('',#2486,.T.);
#917=(B_SPLINE_SURFACE(1,2,((#2488,#2489,#2490),(#2491,#2492,#2493)),.UNSPECIFIED.,.F.,.F.,.F.)B_SPLINE_SURFACE_WITH_KNOTS((2,2),(3,3),(0.0,0.1),(9.49750875223138,9.56030858586905),.UNSPECIFIED.)RATIONAL_B_SPLINE_SURFACE(((1.0,0.95110597685321,1.0),(1.0,0.95110597685321,1.0)))BOUNDED_SURFACE()REPRESENTATION_ITEM('')GEOMETRIC_REPRESENTATION_ITEM()SURFACE());
#918=FACE_OUTER_BOUND('',#2500,.T.);
#919=PLANE('',#2501);
#920=FACE_OUTER_BOUND('',#2502,.T.);
#921=(B_SPLINE_SURFACE(1,2,((#2504,#2505,#2506),(#2507,#2508,#2509)),.UNSPECIFIED.,.F.,.F.,.F.)B_SPLINE_SURFACE_WITH_KNOTS((2,2),(3,3),(0.0,0.1),(10.6877436581383,10.7758735788468),.UNSPECIFIED.)RATIONAL_B_SPLINE_SURFACE(((1.0,0.904474780558574,1.0),(1.0,0.904474780558574,1.0)))BOUNDED_SURFACE()REPRESENTATION_ITEM('')GEOMETRIC_REPRESENTATION_ITEM()SURFACE());
#922=FACE_OUTER_BOUND('',#2516,.T.);
#923=PLANE('',#2517);
#924=FACE_OUTER_BOUND('',#2518,.T.);
#925=PLANE('',#2519);
#926=FACE_OUTER_BOUND('',#2520,.T.);
#927=PLANE('',#2521);
#928=FACE_OUTER_BOUND('',#2522,.T.);
#929=B_SPLINE_SURFACE_WITH_KNOTS('',1,2,((#2523,#2524,#2525),(#2526,#2527,#2528)),.UNSPECIFIED.,.F.,.F.,.F.,(2,2),(3,3),(0.0,0.1),(7.77279635836423,8.88307336341004),.UNSPECIFIED.);
#930=FACE_OUTER_BOUND('',#2529,.T.);
#931=B_SPLINE_SURFACE_WITH_KNOTS('',1,2,((#2530,#2531,#2532,#2533,#2534),(#2535,#2536,#2537,#2538,#2539)),.UNSPECIFIED.,.F.,.F.,.F.,(2,2),(3,2,3),(0.0,0.1),(8.88307336341004,9.17024157426827,9.61915342651118),.UNSPECIFIED.);
#932=FACE_OUTER_BOUND('',#2540,.T.);
#933=B_SPLINE_SURFACE_WITH_KNOTS('',1,2,((#2541,#2542,#2543),(#2544,#2545,#2546)),.UNSPECIFIED.,.F.,.F.,.F.,(2,2),(3,3),(0.0,0.1),(9.61915342651118,10.4631320525979),.UNSPECIFIED.);
#934=FACE_OUTER_BOUND('',#2547,.T.);
#935=B_SPLINE_SURFACE_WITH_KNOTS('',1,2,((#2548,#2549,#2550),(#2551,#2552,#2553)),.UNSPECIFIED.,.F.,.F.,.F.,(2,2),(3,3),(0.0,0.1),(10.4631320525979,11.0426381523637),.UNSPECIFIED.);
#936=FACE_OUTER_BOUND('',#2554,.T.);
#937=B_SPLINE_SURFACE_WITH_KNOTS('',1,2,((#2555,#2556,#2557),(#2558,#2559,#2560)),.UNSPECIFIED.,.F.,.F.,.F.,(2,2),(3,3),(0.0,0.1),(11.0426381523637,11.693067795629),.UNSPECIFIED.);
#938=FACE_OUTER_BOUND('',#2561,.T.);
#939=B_SPLINE_SURFACE_WITH_KNOTS('',1,2,((#2562,#2563,#2564),(#2565,#2566,#2567)),.UNSPECIFIED.,.F.,.F.,.F.,(2,2),(3,3),(0.0,0.1),(11.693067795629,11.9107246194616),.UNSPECIFIED.);
#940=FACE_OUTER_BOUND('',#2568,.T.);
#941=B_SPLINE_SURFACE_WITH_KNOTS('',1,2,((#2569,#2570,#2571),(#2572,#2573,#2574)),.UNSPECIFIED.,.F.,.F.,.F.,(2,2),(3,3),(0.0,0.1),(11.9107246194616,12.4752686265934),.UNSPECIFIED.);
#942=FACE_OUTER_BOUND('',#2575,.T.);
#943=(B_SPLINE_SURFACE(1,2,((#2577,#2578,#2579),(#2580,#2581,#2582)),.UNSPECIFIED.,.F.,.F.,.F.)B_SPLINE_SURFACE_WITH_KNOTS((2,2),(3,3),(0.0,0.1),(12.4752686265934,12.5823730716198),.UNSPECIFIED.)RATIONAL_B_SPLINE_SURFACE(((1.0,0.860002260176907,1.0),(1.0,0.860002260176907,1.0)))BOUNDED_SURFACE()REPRESENTATION_ITEM('')GEOMETRIC_REPRESENTATION_ITEM()SURFACE());
#944=FACE_OUTER_BOUND('',#2589,.T.);
#945=(B_SPLINE_SURFACE(1,2,((#2591,#2592,#2593),(#2594,#2595,#2596)),.UNSPECIFIED.,.F.,.F.,.F.)B_SPLINE_SURFACE_WITH_KNOTS((2,2),(3,3),(0.0,0.1),(12.5823730716198,12.6585207530948),.UNSPECIFIED.)RATIONAL_B_SPLINE_SURFACE(((1.0,0.72381781133269,1.0),(1.0,0.72381781133269,1.0)))BOUNDED_SURFACE()REPRESENTATION_ITEM('')GEOMETRIC_REPRESENTATION_ITEM()SURFACE());
#946=FACE_OUTER_BOUND('',#2603,.T.);
#947=B_SPLINE_SURFACE_WITH_KNOTS('',1,2,((#2604,#2605,#2606),(#2607,#2608,#2609)),.UNSPECIFIED.,.F.,.F.,.F.,(2,2),(3,3),(0.0,0.1),(12.6585207530948,13.2624175543536),.UNSPECIFIED.);
#948=FACE_OUTER_BOUND('',#2610,.T.);
#949=B_SPLINE_SURFACE_WITH_KNOTS('',1,2,((#2611,#2612,#2613),(#2614,#2615,#2616)),.UNSPECIFIED.,.F.,.F.,.F.,(2,2),(3,3),(0.0,0.1),(13.2624175543536,13.6887809664592),.UNSPECIFIED.);
#950=FACE_OUTER_BOUND('',#2617,.T.);
#951=(B_SPLINE_SURFACE(1,2,((#2619,#2620,#2621),(#2622,#2623,#2624)),.UNSPECIFIED.,.F.,.F.,.F.)B_SPLINE_SURFACE_WITH_KNOTS((2,2),(3,3),(0.0,0.1),(13.6887809664592,13.7837346734565),.UNSPECIFIED.)RATIONAL_B_SPLINE_SURFACE(((1.0,0.889398555648739,1.0),(1.0,0.889398555648739,1.0)))BOUNDED_SURFACE()REPRESENTATION_ITEM('')GEOMETRIC_REPRESENTATION_ITEM()SURFACE());
#952=FACE_OUTER_BOUND('',#2631,.T.);
#953=B_SPLINE_SURFACE_WITH_KNOTS('',1,2,((#2632,#2633,#2634),(#2635,#2636,#2637)),.UNSPECIFIED.,.F.,.F.,.F.,(2,2),(3,3),(0.0,0.1),(13.7837346734565,14.0571716058861),.UNSPECIFIED.);
#954=FACE_OUTER_BOUND('',#2638,.T.);
#955=B_SPLINE_SURFACE_WITH_KNOTS('',1,2,((#2639,#2640,#2641),(#2642,#2643,#2644)),.UNSPECIFIED.,.F.,.F.,.F.,(2,2),(3,3),(0.0,0.1),(14.0571716058861,14.3391688519631),.UNSPECIFIED.);
#956=FACE_OUTER_BOUND('',#2645,.T.);
#957=B_SPLINE_SURFACE_WITH_KNOTS('',1,2,((#2646,#2647,#2648),(#2649,#2650,#2651)),.UNSPECIFIED.,.F.,.F.,.F.,(2,2),(3,3),(0.0,0.1),(14.3391688519631,14.8942435317752),.UNSPECIFIED.);
#958=FACE_OUTER_BOUND('',#2652,.T.);
#959=FACE_BOUND('',#2653,.T.);
#960=PLANE('',#2654);
#961=FACE_OUTER_BOUND('',#2655,.T.);
#962=PLANE('',#2656);
#963=FACE_OUTER_BOUND('',#2657,.T.);
#964=B_SPLINE_SURFACE_WITH_KNOTS('',1,2,((#2658,#2659,#2660,#2661,#2662,#2663,#2664,#2665,#2666),(#2667,#2668,#2669,#2670,#2671,#2672,#2673,#2674,#2675)),.UNSPECIFIED.,.F.,.F.,.F.,(2,2),(3,2,2,2,3),(0.0,0.1),(0.0,1.0,2.0,3.0,4.0),.UNSPECIFIED.);
#965=FACE_OUTER_BOUND('',#2676,.T.);
#966=B_SPLINE_SURFACE_WITH_KNOTS('',1,2,((#2677,#2678,#2679,#2680,#2681,#2682,#2683,#2684,#2685),(#2686,#2687,#2688,#2689,#2690,#2691,#2692,#2693,#2694)),.UNSPECIFIED.,.F.,.F.,.F.,(2,2),(3,2,2,2,3),(0.0,0.1),(9.0,10.0,11.0,12.0,13.0),.UNSPECIFIED.);
#967=FACE_OUTER_BOUND('',#2695,.T.);
#968=FACE_BOUND('',#2696,.T.);
#969=PLANE('',#2697);
#970=FACE_OUTER_BOUND('',#2698,.T.);
#971=PLANE('',#2699);
#972=FACE_OUTER_BOUND('',#2700,.T.);
#973=B_SPLINE_SURFACE_WITH_KNOTS('',1,2,((#2701,#2702,#2703,#2704,#2705,#2706,#2707,#2708,#2709),(#2710,#2711,#2712,#2713,#2714,#2715,#2716,#2717,#2718)),.UNSPECIFIED.,.F.,.F.,.F.,(2,2),(3,2,2,2,3),(0.0,0.1),(0.0,1.0,2.0,3.0,4.0),.UNSPECIFIED.);
#974=FACE_OUTER_BOUND('',#2719,.T.);
#975=B_SPLINE_SURFACE_WITH_KNOTS('',1,2,((#2720,#2721,#2722,#2723,#2724,#2725,#2726,#2727,#2728),(#2729,#2730,#2731,#2732,#2733,#2734,#2735,#2736,#2737)),.UNSPECIFIED.,.F.,.F.,.F.,(2,2),(3,2,2,2,3),(0.0,0.1),(9.0,10.0,11.0,12.0,13.0),.UNSPECIFIED.);
#976=FACE_OUTER_BOUND('',#2738,.T.);
#977=FACE_BOUND('',#2739,.T.);
#978=PLANE('',#2740);
#979=FACE_OUTER_BOUND('',#2741,.T.);
#980=PLANE('',#2742);
#981=FACE_OUTER_BOUND('',#2743,.T.);
#982=B_SPLINE_SURFACE_WITH_KNOTS('',1,2,((#2744,#2745,#2746),(#2747,#2748,#2749)),.UNSPECIFIED.,.F.,.F.,.F.,(2,2),(3,3),(0.0,0.1),(50.0,51.0),.UNSPECIFIED.);
#983=FACE_OUTER_BOUND('',#2750,.T.);
#984=B_SPLINE_SURFACE_WITH_KNOTS('',1,2,((#2751,#2752,#2753,#2754,#2755,#2756,#2757,#2758,#2759,#2760,#2761,#2762,#2763,#2764,#2765,#2766,#2767,#2768,#2769),(#2770,#2771,#2772,#2773,#2774,#2775,#2776,#2777,#2778,#2779,#2780,#2781,#2782,#2783,#2784,#2785,#2786,#2787,#2788)),.UNSPECIFIED.,.F.,.F.,.F.,(2,2),(3,2,2,2,2,2,2,2,2,3),(0.0,0.1),(51.0,52.0,53.0,54.0,55.0,56.0,57.0,58.0,59.0,60.0),.UNSPECIFIED.);
#985=FACE_OUTER_BOUND('',#2789,.T.);
#986=B_SPLINE_SURFACE_WITH_KNOTS('',1,2,((#2790,#2791,#2792,#2793,#2794,#2795,#2796,#2797,#2798,#2799,#2800,#2801,#2802,#2803,#2804,#2805,#2806,#2807,#2808),(#2809,#2810,#2811,#2812,#2813,#2814,#2815,#2816,#2817,#2818,#2819,#2820,#2821,#2822,#2823,#2824,#2825,#2826,#2827)),.UNSPECIFIED.,.F.,.F.,.F.,(2,2),(3,2,2,2,2,2,2,2,2,3),(0.0,0.1),(60.0,61.0,62.0,63.0,64.0,65.0,66.0,67.0,68.0,69.0),.UNSPECIFIED.);
#987=FACE_OUTER_BOUND('',#2828,.T.);
#988=B_SPLINE_SURFACE_WITH_KNOTS('',1,2,((#2829,#2830,#2831),(#2832,#2833,#2834)),.UNSPECIFIED.,.F.,.F.,.F.,(2,2),(3,3),(0.0,0.1),(69.0,70.0),.UNSPECIFIED.);
#989=FACE_OUTER_BOUND('',#2835,.T.);
#990=B_SPLINE_SURFACE_WITH_KNOTS('',1,2,((#2836,#2837,#2838,#2839,#2840,#2841,#2842,#2843,#2844,#2845,#2846,#2847,#2848),(#2849,#2850,#2851,#2852,#2853,#2854,#2855,#2856,#2857,#2858,#2859,#2860,#2861)),.UNSPECIFIED.,.F.,.F.,.F.,(2,2),(3,2,2,2,2,2,3),(0.0,0.1),(70.0,71.0,72.0,73.0,74.0,75.0,76.0),.UNSPECIFIED.);
#991=FACE_OUTER_BOUND('',#2862,.T.);
#992=B_SPLINE_SURFACE_WITH_KNOTS('',1,2,((#2863,#2864,#2865,#2866,#2867,#2868,#2869,#2870,#2871,#2872,#2873,#2874,#2875,#2876,#2877,#2878,#2879,#2880,#2881),(#2882,#2883,#2884,#2885,#2886,#2887,#2888,#2889,#2890,#2891,#2892,#2893,#2894,#2895,#2896,#2897,#2898,#2899,#2900)),.UNSPECIFIED.,.F.,.F.,.F.,(2,2),(3,2,2,2,2,2,2,2,2,3),(0.0,0.1),(76.0,77.0,78.0,79.0,80.0,81.0,82.0,83.0,84.0,85.0),.UNSPECIFIED.);
#993=FACE_OUTER_BOUND('',#2901,.T.);
#994=PLANE('',#2902);
#995=FACE_OUTER_BOUND('',#2903,.T.);
#996=B_SPLINE_SURFACE_WITH_KNOTS('',1,2,((#2904,#2905,#2906),(#2907,#2908,#2909)),.UNSPECIFIED.,.F.,.F.,.F.,(2,2),(3,3),(0.0,0.1),(-5.77271874549166,-5.45645160203037),.UNSPECIFIED.);
#997=FACE_OUTER_BOUND('',#2910,.T.);
#998=B_SPLINE_SURFACE_WITH_KNOTS('',1,2,((#2911,#2912,#2913),(#2914,#2915,#2916)),.UNSPECIFIED.,.F.,.F.,.F.,(2,2),(3,3),(0.0,0.1),(-5.45645160203037,-4.01675160835501),.UNSPECIFIED.);
#999=FACE_OUTER_BOUND('',#2917,.T.);
#1000=B_SPLINE_SURFACE_WITH_KNOTS('',1,2,((#2918,#2919,#2920),(#2921,#2922,#2923)),.UNSPECIFIED.,.F.,.F.,.F.,(2,2),(3,3),(0.0,0.1),(-4.01675160835501,-3.69636987693033),.UNSPECIFIED.);
#1001=FACE_OUTER_BOUND('',#2924,.T.);
#1002=B_SPLINE_SURFACE_WITH_KNOTS('',1,2,((#2925,#2926,#2927),(#2928,#2929,#2930)),.UNSPECIFIED.,.F.,.F.,.F.,(2,2),(3,3),(0.0,0.1),(-3.69636987693033,-1.80370372923866),.UNSPECIFIED.);
#1003=FACE_OUTER_BOUND('',#2931,.T.);
#1004=B_SPLINE_SURFACE_WITH_KNOTS('',1,2,((#2932,#2933,#2934),(#2935,#2936,#2937)),.UNSPECIFIED.,.F.,.F.,.F.,(2,2),(3,3),(0.0,0.1),(-1.80370372923866,-1.48673031410574),.UNSPECIFIED.);
#1005=FACE_OUTER_BOUND('',#2938,.T.);
#1006=B_SPLINE_SURFACE_WITH_KNOTS('',1,2,((#2939,#2940,#2941,#2942,#2943),(#2944,#2945,#2946,#2947,#2948)),.UNSPECIFIED.,.F.,.F.,.F.,(2,2),(3,2,3),(0.0,0.1),(-1.48673031410574,-0.403108154147677,0.0),.UNSPECIFIED.);
#1007=FACE_OUTER_BOUND('',#2949,.T.);
#1008=B_SPLINE_SURFACE_WITH_KNOTS('',1,2,((#2950,#2951,#2952),(#2953,#2954,#2955)),.UNSPECIFIED.,.F.,.F.,.F.,(2,2),(3,3),(0.0,0.1),(0.0,1.0),.UNSPECIFIED.);
#1009=FACE_OUTER_BOUND('',#2956,.T.);
#1010=B_SPLINE_SURFACE_WITH_KNOTS('',1,2,((#2957,#2958,#2959),(#2960,#2961,#2962)),.UNSPECIFIED.,.F.,.F.,.F.,(2,2),(3,3),(0.0,0.1),(1.0,2.09841552621187),.UNSPECIFIED.);
#1011=FACE_OUTER_BOUND('',#2963,.T.);
#1012=B_SPLINE_SURFACE_WITH_KNOTS('',1,2,((#2964,#2965,#2966),(#2967,#2968,#2969)),.UNSPECIFIED.,.F.,.F.,.F.,(2,2),(3,3),(0.0,0.1),(2.09841552621187,2.41368478319891),.UNSPECIFIED.);
#1013=FACE_OUTER_BOUND('',#2970,.T.);
#1014=B_SPLINE_SURFACE_WITH_KNOTS('',1,2,((#2971,#2972,#2973,#2974,#2975),(#2976,#2977,#2978,#2979,#2980)),.UNSPECIFIED.,.F.,.F.,.F.,(2,2),(3,2,3),(0.0,0.1),(2.41368478319891,3.49785219491702,3.85539253415245),.UNSPECIFIED.);
#1015=FACE_OUTER_BOUND('',#2981,.T.);
#1016=B_SPLINE_SURFACE_WITH_KNOTS('',1,2,((#2982,#2983,#2984,#2985,#2986),(#2987,#2988,#2989,#2990,#2991)),.UNSPECIFIED.,.F.,.F.,.F.,(2,2),(3,2,3),(0.0,0.1),(3.85539253415245,4.2198832391048,5.31123654712288),.UNSPECIFIED.);
#1017=FACE_OUTER_BOUND('',#2992,.T.);
#1018=B_SPLINE_SURFACE_WITH_KNOTS('',1,2,((#2993,#2994,#2995),(#2996,#2997,#2998)),.UNSPECIFIED.,.F.,.F.,.F.,(2,2),(3,3),(0.0,0.1),(5.31123654712288,5.60946422265117),.UNSPECIFIED.);
#1019=FACE_OUTER_BOUND('',#2999,.T.);
#1020=B_SPLINE_SURFACE_WITH_KNOTS('',1,2,((#3000,#3001,#3002),(#3003,#3004,#3005)),.UNSPECIFIED.,.F.,.F.,.F.,(2,2),(3,3),(0.0,0.1),(5.60946422265117,7.50565549870941),.UNSPECIFIED.);
#1021=FACE_OUTER_BOUND('',#3006,.T.);
#1022=B_SPLINE_SURFACE_WITH_KNOTS('',1,2,((#3007,#3008,#3009),(#3010,#3011,#3012)),.UNSPECIFIED.,.F.,.F.,.F.,(2,2),(3,3),(0.0,0.1),(7.50565549870941,7.8243330719882),.UNSPECIFIED.);
#1023=FACE_OUTER_BOUND('',#3013,.T.);
#1024=B_SPLINE_SURFACE_WITH_KNOTS('',1,2,((#3014,#3015,#3016),(#3017,#3018,#3019)),.UNSPECIFIED.,.F.,.F.,.F.,(2,2),(3,3),(0.0,0.1),(7.8243330719882,8.94578955613703),.UNSPECIFIED.);
#1025=FACE_OUTER_BOUND('',#3020,.T.);
#1026=PLANE('',#3021);
#1027=FACE_OUTER_BOUND('',#3022,.T.);
#1028=PLANE('',#3023);
#1029=FACE_OUTER_BOUND('',#3024,.T.);
#1030=PLANE('',#3025);
#1031=FACE_OUTER_BOUND('',#3026,.T.);
#1032=PLANE('',#3027);
#1033=FACE_OUTER_BOUND('',#3028,.T.);
#1034=PLANE('',#3029);
#1035=FACE_OUTER_BOUND('',#3030,.T.);
#1036=PLANE('',#3031);
#1037=FACE_OUTER_BOUND('',#3032,.T.);
#1038=B_SPLINE_SURFACE_WITH_KNOTS('',1,2,((#3033,#3034,#3035),(#3036,#3037,#3038)),.UNSPECIFIED.,.F.,.F.,.F.,(2,2),(3,3),(0.0,0.1),(30.0,31.0),.UNSPECIFIED.);
#1039=FACE_OUTER_BOUND('',#3039,.T.);
#1040=B_SPLINE_SURFACE_WITH_KNOTS('',1,2,((#3040,#3041,#3042),(#3043,#3044,#3045)),.UNSPECIFIED.,.F.,.F.,.F.,(2,2),(3,3),(0.0,0.1),(31.0,32.0),.UNSPECIFIED.);
#1041=FACE_OUTER_BOUND('',#3046,.T.);
#1042=B_SPLINE_SURFACE_WITH_KNOTS('',1,2,((#3047,#3048,#3049),(#3050,#3051,#3052)),.UNSPECIFIED.,.F.,.F.,.F.,(2,2),(3,3),(0.0,0.1),(32.0,33.0),.UNSPECIFIED.);
#1043=FACE_OUTER_BOUND('',#3053,.T.);
#1044=B_SPLINE_SURFACE_WITH_KNOTS('',1,2,((#3054,#3055,#3056),(#3057,#3058,#3059)),.UNSPECIFIED.,.F.,.F.,.F.,(2,2),(3,3),(0.0,0.1),(33.0,34.0),.UNSPECIFIED.);
#1045=FACE_OUTER_BOUND('',#3060,.T.);
#1046=B_SPLINE_SURFACE_WITH_KNOTS('',1,2,((#3061,#3062,#3063),(#3064,#3065,#3066)),.UNSPECIFIED.,.F.,.F.,.F.,(2,2),(3,3),(0.0,0.1),(34.0,35.0),.UNSPECIFIED.);
#1047=FACE_OUTER_BOUND('',#3067,.T.);
#1048=B_SPLINE_SURFACE_WITH_KNOTS('',1,2,((#3068,#3069,#3070),(#3071,#3072,#3073)),.UNSPECIFIED.,.F.,.F.,.F.,(2,2),(3,3),(0.0,0.1),(35.0,36.0),.UNSPECIFIED.);
#1049=FACE_OUTER_BOUND('',#3074,.T.);
#1050=B_SPLINE_SURFACE_WITH_KNOTS('',1,2,((#3075,#3076,#3077,#3078,#3079,#3080,#3081,#3082,#3083),(#3084,#3085,#3086,#3087,#3088,#3089,#3090,#3091,#3092)),.UNSPECIFIED.,.F.,.F.,.F.,(2,2),(3,2,2,2,3),(0.0,0.1),(36.0,37.0,38.0,39.0,40.0),.UNSPECIFIED.);
#1051=FACE_OUTER_BOUND('',#3093,.T.);
#1052=B_SPLINE_SURFACE_WITH_KNOTS('',1,2,((#3094,#3095,#3096),(#3097,#3098,#3099)),.UNSPECIFIED.,.F.,.F.,.F.,(2,2),(3,3),(0.0,0.1),(40.0,41.0),.UNSPECIFIED.);
#1053=FACE_OUTER_BOUND('',#3100,.T.);
#1054=B_SPLINE_SURFACE_WITH_KNOTS('',1,2,((#3101,#3102,#3103,#3104,#3105,#3106,#3107,#3108,#3109),(#3110,#3111,#3112,#3113,#3114,#3115,#3116,#3117,#3118)),.UNSPECIFIED.,.F.,.F.,.F.,(2,2),(3,2,2,2,3),(0.0,0.1),(41.0,42.0,43.0,44.0,45.0),.UNSPECIFIED.);
#1055=FACE_OUTER_BOUND('',#3119,.T.);
#1056=B_SPLINE_SURFACE_WITH_KNOTS('',1,2,((#3120,#3121,#3122),(#3123,#3124,#3125)),.UNSPECIFIED.,.F.,.F.,.F.,(2,2),(3,3),(0.0,0.1),(45.0,46.0),.UNSPECIFIED.);
#1057=FACE_OUTER_BOUND('',#3126,.T.);
#1058=B_SPLINE_SURFACE_WITH_KNOTS('',1,2,((#3127,#3128,#3129),(#3130,#3131,#3132)),.UNSPECIFIED.,.F.,.F.,.F.,(2,2),(3,3),(0.0,0.1),(46.0,47.0),.UNSPECIFIED.);
#1059=FACE_OUTER_BOUND('',#3133,.T.);
#1060=B_SPLINE_SURFACE_WITH_KNOTS('',1,2,((#3134,#3135,#3136),(#3137,#3138,#3139)),.UNSPECIFIED.,.F.,.F.,.F.,(2,2),(3,3),(0.0,0.1),(47.0,48.0),.UNSPECIFIED.);
#1061=FACE_OUTER_BOUND('',#3140,.T.);
#1062=B_SPLINE_SURFACE_WITH_KNOTS('',1,2,((#3141,#3142,#3143),(#3144,#3145,#3146)),.UNSPECIFIED.,.F.,.F.,.F.,(2,2),(3,3),(0.0,0.1),(48.0,49.0),.UNSPECIFIED.);
#1063=FACE_OUTER_BOUND('',#3147,.T.);
#1064=B_SPLINE_SURFACE_WITH_KNOTS('',1,2,((#3148,#3149,#3150),(#3151,#3152,#3153)),.UNSPECIFIED.,.F.,.F.,.F.,(2,2),(3,3),(0.0,0.1),(49.0,50.0),.UNSPECIFIED.);
#1065=FACE_OUTER_BOUND('',#3154,.T.);
#1066=PLANE('',#3155);
#1067=FACE_OUTER_BOUND('',#3156,.T.);
#1068=B_SPLINE_SURFACE_WITH_KNOTS('',1,2,((#3157,#3158,#3159),(#3160,#3161,#3162)),.UNSPECIFIED.,.F.,.F.,.F.,(2,2),(3,3),(0.0,0.1),(37.0,38.0),.UNSPECIFIED.);
#1069=FACE_OUTER_BOUND('',#3163,.T.);
#1070=B_SPLINE_SURFACE_WITH_KNOTS('',1,2,((#3164,#3165,#3166,#3167,#3168,#3169,#3170,#3171,#3172,#3173,#3174,#3175,#3176,#3177,#3178,#3179,#3180),(#3181,#3182,#3183,#3184,#3185,#3186,#3187,#3188,#3189,#3190,#3191,#3192,#3193,#3194,#3195,#3196,#3197)),.UNSPECIFIED.,.F.,.F.,.F.,(2,2),(3,2,2,2,2,2,2,2,3),(0.0,0.1),(38.0,39.0,40.0,41.0,42.0,43.0,44.0,45.0,46.0),.UNSPECIFIED.);
#1071=FACE_OUTER_BOUND('',#3198,.T.);
#1072=B_SPLINE_SURFACE_WITH_KNOTS('',1,2,((#3199,#3200,#3201),(#3202,#3203,#3204)),.UNSPECIFIED.,.F.,.F.,.F.,(2,2),(3,3),(0.0,0.1),(46.0,47.0),.UNSPECIFIED.);
#1073=FACE_OUTER_BOUND('',#3205,.T.);
#1074=B_SPLINE_SURFACE_WITH_KNOTS('',1,2,((#3206,#3207,#3208,#3209,#3210,#3211,#3212,#3213,#3214,#3215,#3216,#3217,#3218,#3219,#3220,#3221,#3222,#3223,#3224),(#3225,#3226,#3227,#3228,#3229,#3230,#3231,#3232,#3233,#3234,#3235,#3236,#3237,#3238,#3239,#3240,#3241,#3242,#3243)),.UNSPECIFIED.,.F.,.F.,.F.,(2,2),(3,2,2,2,2,2,2,2,2,3),(0.0,0.1),(47.0,48.0,49.0,50.0,51.0,52.0,53.0,54.0,55.0,56.0),.UNSPECIFIED.);
#1075=FACE_OUTER_BOUND('',#3244,.T.);
#1076=PLANE('',#3245);
#1077=FACE_OUTER_BOUND('',#3246,.T.);
#1078=B_SPLINE_SURFACE_WITH_KNOTS('',1,2,((#3247,#3248,#3249,#3250,#3251,#3252,#3253,#3254,#3255,#3256,#3257),(#3258,#3259,#3260,#3261,#3262,#3263,#3264,#3265,#3266,#3267,#3268)),.UNSPECIFIED.,.F.,.F.,.F.,(2,2),(3,2,2,2,2,3),(0.0,0.1),(23.9982958418541,24.9982958418541,25.9982958418541,26.9982958418541,27.9982958418541,28.9982958418541),.UNSPECIFIED.);
#1079=FACE_OUTER_BOUND('',#3269,.T.);
#1080=B_SPLINE_SURFACE_WITH_KNOTS('',1,2,((#3270,#3271,#3272),(#3273,#3274,#3275)),.UNSPECIFIED.,.F.,.F.,.F.,(2,2),(3,3),(0.0,0.1),(28.9982958418541,29.988411724608),.UNSPECIFIED.);
#1081=FACE_OUTER_BOUND('',#3276,.T.);
#1082=B_SPLINE_SURFACE_WITH_KNOTS('',1,2,((#3277,#3278,#3279),(#3280,#3281,#3282)),.UNSPECIFIED.,.F.,.F.,.F.,(2,2),(3,3),(0.0,0.1),(29.988411724608,30.2951601908657),.UNSPECIFIED.);
#1083=FACE_OUTER_BOUND('',#3283,.T.);
#1084=B_SPLINE_SURFACE_WITH_KNOTS('',1,2,((#3284,#3285,#3286),(#3287,#3288,#3289)),.UNSPECIFIED.,.F.,.F.,.F.,(2,2),(3,3),(0.0,0.1),(30.2951601908657,32.7934560327198),.UNSPECIFIED.);
#1085=FACE_OUTER_BOUND('',#3290,.T.);
#1086=B_SPLINE_SURFACE_WITH_KNOTS('',1,2,((#3291,#3292,#3293),(#3294,#3295,#3296)),.UNSPECIFIED.,.F.,.F.,.F.,(2,2),(3,3),(0.0,0.1),(32.7934560327198,33.1002044989775),.UNSPECIFIED.);
#1087=FACE_OUTER_BOUND('',#3297,.T.);
#1088=B_SPLINE_SURFACE_WITH_KNOTS('',1,2,((#3298,#3299,#3300),(#3301,#3302,#3303)),.UNSPECIFIED.,.F.,.F.,.F.,(2,2),(3,3),(0.0,0.1),(33.1002044989775,33.9965916837082),.UNSPECIFIED.);
#1089=FACE_OUTER_BOUND('',#3304,.T.);
#1090=B_SPLINE_SURFACE_WITH_KNOTS('',1,2,((#3305,#3306,#3307,#3308,#3309,#3310,#3311,#3312,#3313),(#3314,#3315,#3316,#3317,#3318,#3319,#3320,#3321,#3322)),.UNSPECIFIED.,.F.,.F.,.F.,(2,2),(3,2,2,2,3),(0.0,0.1),(33.9965916837082,34.9965916837082,35.9965916837082,36.9965916837082,37.9965916837082),.UNSPECIFIED.);
#1091=FACE_OUTER_BOUND('',#3323,.T.);
#1092=B_SPLINE_SURFACE_WITH_KNOTS('',1,2,((#3324,#3325,#3326),(#3327,#3328,#3329)),.UNSPECIFIED.,.F.,.F.,.F.,(2,2),(3,3),(0.0,0.1),(37.9965916837082,38.9965916837082),.UNSPECIFIED.);
#1093=FACE_OUTER_BOUND('',#3330,.T.);
#1094=B_SPLINE_SURFACE_WITH_KNOTS('',1,2,((#3331,#3332,#3333),(#3334,#3335,#3336)),.UNSPECIFIED.,.F.,.F.,.F.,(2,2),(3,3),(0.0,0.1),(38.9965916837082,39.9965916837082),.UNSPECIFIED.);
#1095=FACE_OUTER_BOUND('',#3337,.T.);
#1096=B_SPLINE_SURFACE_WITH_KNOTS('',1,2,((#3338,#3339,#3340),(#3341,#3342,#3343)),.UNSPECIFIED.,.F.,.F.,.F.,(2,2),(3,3),(0.0,0.1),(39.9965916837082,40.9965916837082),.UNSPECIFIED.);
#1097=FACE_OUTER_BOUND('',#3344,.T.);
#1098=PLANE('',#3345);
#1099=FACE_OUTER_BOUND('',#3346,.T.);
#1100=B_SPLINE_SURFACE_WITH_KNOTS('',1,2,((#3347,#3348,#3349),(#3350,#3351,#3352)),.UNSPECIFIED.,.F.,.F.,.F.,(2,2),(3,3),(0.0,0.1),(43.0,44.0),.UNSPECIFIED.);
#1101=FACE_OUTER_BOUND('',#3353,.T.);
#1102=B_SPLINE_SURFACE_WITH_KNOTS('',1,2,((#3354,#3355,#3356,#3357,#3358,#3359,#3360,#3361,#3362,#3363,#3364,#3365,#3366,#3367,#3368,#3369,#3370,#3371,#3372,#3373,#3374),(#3375,#3376,#3377,#3378,#3379,#3380,#3381,#3382,#3383,#3384,#3385,#3386,#3387,#3388,#3389,#3390,#3391,#3392,#3393,#3394,#3395)),.UNSPECIFIED.,.F.,.F.,.F.,(2,2),(3,2,2,2,2,2,2,2,2,2,3),(0.0,0.1),(44.0,45.0,46.0,47.0,48.0,49.0,50.0,51.0,52.0,53.0,54.0),.UNSPECIFIED.);
#1103=FACE_OUTER_BOUND('',#3396,.T.);
#1104=B_SPLINE_SURFACE_WITH_KNOTS('',1,2,((#3397,#3398,#3399),(#3400,#3401,#3402)),.UNSPECIFIED.,.F.,.F.,.F.,(2,2),(3,3),(0.0,0.1),(54.0,55.0),.UNSPECIFIED.);
#1105=FACE_OUTER_BOUND('',#3403,.T.);
#1106=B_SPLINE_SURFACE_WITH_KNOTS('',1,2,((#3404,#3405,#3406,#3407,#3408,#3409,#3410,#3411,#3412,#3413,#3414,#3415,#3416,#3417,#3418,#3419,#3420,#3421,#3422,#3423,#3424),(#3425,#3426,#3427,#3428,#3429,#3430,#3431,#3432,#3433,#3434,#3435,#3436,#3437,#3438,#3439,#3440,#3441,#3442,#3443,#3444,#3445)),.UNSPECIFIED.,.F.,.F.,.F.,(2,2),(3,2,2,2,2,2,2,2,2,2,3),(0.0,0.1),(55.0,56.0,57.0,58.0,59.0,60.0,61.0,62.0,63.0,64.0,65.0),.UNSPECIFIED.);
#1107=FACE_OUTER_BOUND('',#3446,.T.);
#1108=PLANE('',#3447);
#1109=FACE_OUTER_BOUND('',#3448,.T.);
#1110=PLANE('',#3449);
#1111=FACE_OUTER_BOUND('',#3450,.T.);
#1112=PLANE('',#3451);
#1113=FACE_OUTER_BOUND('',#3452,.T.);
#1114=PLANE('',#3453);
#1115=FACE_OUTER_BOUND('',#3454,.T.);
#1116=PLANE('',#3455);
#1117=FACE_OUTER_BOUND('',#3456,.T.);
#1118=PLANE('',#3457);
#1119=FACE_OUTER_BOUND('',#3458,.T.);
#1120=B_SPLINE_SURFACE_WITH_KNOTS('',1,2,((#3459,#3460,#3461,#3462,#3463,#3464,#3465,#3466,#3467,#3468,#3469),(#3470,#3471,#3472,#3473,#3474,#3475,#3476,#3477,#3478,#3479,#3480)),.UNSPECIFIED.,.F.,.F.,.F.,(2,2),(3,2,2,2,2,3),(0.0,0.1),(16.6383776414451,17.6383776414451,18.6383776414451,19.6383776414451,20.6383776414451,21.6383776414451),.UNSPECIFIED.);
#1121=FACE_OUTER_BOUND('',#3481,.T.);
#1122=B_SPLINE_SURFACE_WITH_KNOTS('',1,2,((#3482,#3483,#3484),(#3485,#3486,#3487)),.UNSPECIFIED.,.F.,.F.,.F.,(2,2),(3,3),(0.0,0.1),(21.6383776414451,22.6383776414451),.UNSPECIFIED.);
#1123=FACE_OUTER_BOUND('',#3488,.T.);
#1124=B_SPLINE_SURFACE_WITH_KNOTS('',1,2,((#3489,#3490,#3491),(#3492,#3493,#3494)),.UNSPECIFIED.,.F.,.F.,.F.,(2,2),(3,3),(0.0,0.1),(22.6383776414451,23.6383776414451),.UNSPECIFIED.);
#1125=FACE_OUTER_BOUND('',#3495,.T.);
#1126=B_SPLINE_SURFACE_WITH_KNOTS('',1,2,((#3496,#3497,#3498),(#3499,#3500,#3501)),.UNSPECIFIED.,.F.,.F.,.F.,(2,2),(3,3),(0.0,0.1),(23.6383776414451,24.6383776414451),.UNSPECIFIED.);
#1127=FACE_OUTER_BOUND('',#3502,.T.);
#1128=B_SPLINE_SURFACE_WITH_KNOTS('',1,2,((#3503,#3504,#3505,#3506,#3507,#3508,#3509,#3510,#3511,#3512,#3513),(#3514,#3515,#3516,#3517,#3518,#3519,#3520,#3521,#3522,#3523,#3524)),.UNSPECIFIED.,.F.,.F.,.F.,(2,2),(3,2,2,2,2,3),(0.0,0.1),(24.6383776414451,25.6383776414451,26.6383776414451,27.6383776414451,28.6383776414451,29.6383776414451),.UNSPECIFIED.);
#1129=FACE_OUTER_BOUND('',#3525,.T.);
#1130=B_SPLINE_SURFACE_WITH_KNOTS('',1,2,((#3526,#3527,#3528),(#3529,#3530,#3531)),.UNSPECIFIED.,.F.,.F.,.F.,(2,2),(3,3),(0.0,0.1),(29.6383776414451,30.6267893660532),.UNSPECIFIED.);
#1131=FACE_OUTER_BOUND('',#3532,.T.);
#1132=B_SPLINE_SURFACE_WITH_KNOTS('',1,2,((#3533,#3534,#3535),(#3536,#3537,#3538)),.UNSPECIFIED.,.F.,.F.,.F.,(2,2),(3,3),(0.0,0.1),(30.6267893660532,30.9335378323108),.UNSPECIFIED.);
#1133=FACE_OUTER_BOUND('',#3539,.T.);
#1134=B_SPLINE_SURFACE_WITH_KNOTS('',1,2,((#3540,#3541,#3542),(#3543,#3544,#3545)),.UNSPECIFIED.,.F.,.F.,.F.,(2,2),(3,3),(0.0,0.1),(30.9335378323108,32.7433537832311),.UNSPECIFIED.);
#1135=FACE_OUTER_BOUND('',#3546,.T.);
#1136=B_SPLINE_SURFACE_WITH_KNOTS('',1,2,((#3547,#3548,#3549),(#3550,#3551,#3552)),.UNSPECIFIED.,.F.,.F.,.F.,(2,2),(3,3),(0.0,0.1),(32.7433537832311,33.019427402863),.UNSPECIFIED.);
#1137=FACE_OUTER_BOUND('',#3553,.T.);
#1138=B_SPLINE_SURFACE_WITH_KNOTS('',1,2,((#3554,#3555,#3556),(#3557,#3558,#3559)),.UNSPECIFIED.,.F.,.F.,.F.,(2,2),(3,3),(0.0,0.1),(33.019427402863,33.2767552828903),.UNSPECIFIED.);
#1139=FACE_OUTER_BOUND('',#3560,.T.);
#1140=PLANE('',#3561);
#1141=FACE_OUTER_BOUND('',#3562,.T.);
#1142=B_SPLINE_SURFACE_WITH_KNOTS('',1,2,((#3563,#3564,#3565,#3566,#3567,#3568,#3569,#3570,#3571,#3572,#3573),(#3574,#3575,#3576,#3577,#3578,#3579,#3580,#3581,#3582,#3583,#3584)),.UNSPECIFIED.,.F.,.F.,.F.,(2,2),(3,2,2,2,2,3),(0.0,0.1),(16.6383776414451,17.6383776414451,18.6383776414451,19.6383776414451,20.6383776414451,21.6383776414451),.UNSPECIFIED.);
#1143=FACE_OUTER_BOUND('',#3585,.T.);
#1144=B_SPLINE_SURFACE_WITH_KNOTS('',1,2,((#3586,#3587,#3588),(#3589,#3590,#3591)),.UNSPECIFIED.,.F.,.F.,.F.,(2,2),(3,3),(0.0,0.1),(21.6383776414451,22.6383776414451),.UNSPECIFIED.);
#1145=FACE_OUTER_BOUND('',#3592,.T.);
#1146=B_SPLINE_SURFACE_WITH_KNOTS('',1,2,((#3593,#3594,#3595),(#3596,#3597,#3598)),.UNSPECIFIED.,.F.,.F.,.F.,(2,2),(3,3),(0.0,0.1),(22.6383776414451,23.6383776414451),.UNSPECIFIED.);
#1147=FACE_OUTER_BOUND('',#3599,.T.);
#1148=B_SPLINE_SURFACE_WITH_KNOTS('',1,2,((#3600,#3601,#3602),(#3603,#3604,#3605)),.UNSPECIFIED.,.F.,.F.,.F.,(2,2),(3,3),(0.0,0.1),(23.6383776414451,24.6383776414451),.UNSPECIFIED.);
#1149=FACE_OUTER_BOUND('',#3606,.T.);
#1150=B_SPLINE_SURFACE_WITH_KNOTS('',1,2,((#3607,#3608,#3609,#3610,#3611,#3612,#3613,#3614,#3615,#3616,#3617),(#3618,#3619,#3620,#3621,#3622,#3623,#3624,#3625,#3626,#3627,#3628)),.UNSPECIFIED.,.F.,.F.,.F.,(2,2),(3,2,2,2,2,3),(0.0,0.1),(24.6383776414451,25.6383776414451,26.6383776414451,27.6383776414451,28.6383776414451,29.6383776414451),.UNSPECIFIED.);
#1151=FACE_OUTER_BOUND('',#3629,.T.);
#1152=B_SPLINE_SURFACE_WITH_KNOTS('',1,2,((#3630,#3631,#3632),(#3633,#3634,#3635)),.UNSPECIFIED.,.F.,.F.,.F.,(2,2),(3,3),(0.0,0.1),(29.6383776414451,30.6267893660532),.UNSPECIFIED.);
#1153=FACE_OUTER_BOUND('',#3636,.T.);
#1154=B_SPLINE_SURFACE_WITH_KNOTS('',1,2,((#3637,#3638,#3639),(#3640,#3641,#3642)),.UNSPECIFIED.,.F.,.F.,.F.,(2,2),(3,3),(0.0,0.1),(30.6267893660532,30.9335378323108),.UNSPECIFIED.);
#1155=FACE_OUTER_BOUND('',#3643,.T.);
#1156=B_SPLINE_SURFACE_WITH_KNOTS('',1,2,((#3644,#3645,#3646),(#3647,#3648,#3649)),.UNSPECIFIED.,.F.,.F.,.F.,(2,2),(3,3),(0.0,0.1),(30.9335378323108,32.7433537832311),.UNSPECIFIED.);
#1157=FACE_OUTER_BOUND('',#3650,.T.);
#1158=B_SPLINE_SURFACE_WITH_KNOTS('',1,2,((#3651,#3652,#3653),(#3654,#3655,#3656)),.UNSPECIFIED.,.F.,.F.,.F.,(2,2),(3,3),(0.0,0.1),(32.7433537832311,33.019427402863),.UNSPECIFIED.);
#1159=FACE_OUTER_BOUND('',#3657,.T.);
#1160=B_SPLINE_SURFACE_WITH_KNOTS('',1,2,((#3658,#3659,#3660),(#3661,#3662,#3663)),.UNSPECIFIED.,.F.,.F.,.F.,(2,2),(3,3),(0.0,0.1),(33.019427402863,33.2767552828903),.UNSPECIFIED.);
#1161=FACE_OUTER_BOUND('',#3664,.T.);
#1162=PLANE('',#3665);
#1163=FACE_OUTER_BOUND('',#3666,.T.);
#1164=B_SPLINE_SURFACE_WITH_KNOTS('',1,2,((#3667,#3668,#3669,#3670,#3671,#3672,#3673,#3674,#3675,#3676,#3677,#3678,#3679,#3680,#3681,#3682,#3683,#3684,#3685),(#3686,#3687,#3688,#3689,#3690,#3691,#3692,#3693,#3694,#3695,#3696,#3697,#3698,#3699,#3700,#3701,#3702,#3703,#3704)),.UNSPECIFIED.,.F.,.F.,.F.,(2,2),(3,2,2,2,2,2,2,2,2,3),(0.0,0.1),(20.0,21.0,22.0,23.0,24.0,25.0,26.0,27.0,28.0,29.0),.UNSPECIFIED.);
#1165=FACE_OUTER_BOUND('',#3705,.T.);
#1166=B_SPLINE_SURFACE_WITH_KNOTS('',1,2,((#3706,#3707,#3708),(#3709,#3710,#3711)),.UNSPECIFIED.,.F.,.F.,.F.,(2,2),(3,3),(0.0,0.1),(29.0,30.0),.UNSPECIFIED.);
#1167=FACE_OUTER_BOUND('',#3712,.T.);
#1168=B_SPLINE_SURFACE_WITH_KNOTS('',1,2,((#3713,#3714,#3715,#3716,#3717,#3718,#3719,#3720,#3721),(#3722,#3723,#3724,#3725,#3726,#3727,#3728,#3729,#3730)),.UNSPECIFIED.,.F.,.F.,.F.,(2,2),(3,2,2,2,3),(0.0,0.1),(30.0,31.0,32.0,33.0,34.0),.UNSPECIFIED.);
#1169=FACE_OUTER_BOUND('',#3731,.T.);
#1170=B_SPLINE_SURFACE_WITH_KNOTS('',1,2,((#3732,#3733,#3734),(#3735,#3736,#3737)),.UNSPECIFIED.,.F.,.F.,.F.,(2,2),(3,3),(0.0,0.1),(34.0,35.0),.UNSPECIFIED.);
#1171=FACE_OUTER_BOUND('',#3738,.T.);
#1172=B_SPLINE_SURFACE_WITH_KNOTS('',1,2,((#3739,#3740,#3741,#3742,#3743,#3744,#3745,#3746,#3747),(#3748,#3749,#3750,#3751,#3752,#3753,#3754,#3755,#3756)),.UNSPECIFIED.,.F.,.F.,.F.,(2,2),(3,2,2,2,3),(0.0,0.1),(35.0,36.0,37.0,38.0,39.0),.UNSPECIFIED.);
#1173=FACE_OUTER_BOUND('',#3757,.T.);
#1174=B_SPLINE_SURFACE_WITH_KNOTS('',1,2,((#3758,#3759,#3760),(#3761,#3762,#3763)),.UNSPECIFIED.,.F.,.F.,.F.,(2,2),(3,3),(0.0,0.1),(39.0,40.0),.UNSPECIFIED.);
#1175=FACE_OUTER_BOUND('',#3764,.T.);
#1176=FACE_BOUND('',#3765,.T.);
#1177=PLANE('',#3766);
#1178=FACE_OUTER_BOUND('',#3767,.T.);
#1179=PLANE('',#3768);
#1180=FACE_OUTER_BOUND('',#3769,.T.);
#1181=B_SPLINE_SURFACE_WITH_KNOTS('',1,2,((#3770,#3771,#3772),(#3773,#3774,#3775)),.UNSPECIFIED.,.F.,.F.,.F.,(2,2),(3,3),(0.0,0.1),(37.0,38.0),.UNSPECIFIED.);
#1182=FACE_OUTER_BOUND('',#3776,.T.);
#1183=B_SPLINE_SURFACE_WITH_KNOTS('',1,2,((#3777,#3778,#3779,#3780,#3781,#3782,#3783,#3784,#3785,#3786,#3787,#3788,#3789,#3790,#3791,#3792,#3793),(#3794,#3795,#3796,#3797,#3798,#3799,#3800,#3801,#3802,#3803,#3804,#3805,#3806,#3807,#3808,#3809,#3810)),.UNSPECIFIED.,.F.,.F.,.F.,(2,2),(3,2,2,2,2,2,2,2,3),(0.0,0.1),(38.0,39.0,40.0,41.0,42.0,43.0,44.0,45.0,46.0),.UNSPECIFIED.);
#1184=FACE_OUTER_BOUND('',#3811,.T.);
#1185=B_SPLINE_SURFACE_WITH_KNOTS('',1,2,((#3812,#3813,#3814),(#3815,#3816,#3817)),.UNSPECIFIED.,.F.,.F.,.F.,(2,2),(3,3),(0.0,0.1),(46.0,47.0),.UNSPECIFIED.);
#1186=FACE_OUTER_BOUND('',#3818,.T.);
#1187=B_SPLINE_SURFACE_WITH_KNOTS('',1,2,((#3819,#3820,#3821,#3822,#3823,#3824,#3825,#3826,#3827,#3828,#3829,#3830,#3831,#3832,#3833,#3834,#3835,#3836,#3837),(#3838,#3839,#3840,#3841,#3842,#3843,#3844,#3845,#3846,#3847,#3848,#3849,#3850,#3851,#3852,#3853,#3854,#3855,#3856)),.UNSPECIFIED.,.F.,.F.,.F.,(2,2),(3,2,2,2,2,2,2,2,2,3),(0.0,0.1),(47.0,48.0,49.0,50.0,51.0,52.0,53.0,54.0,55.0,56.0),.UNSPECIFIED.);
#1188=FACE_OUTER_BOUND('',#3857,.T.);
#1189=PLANE('',#3858);
#1190=FACE_OUTER_BOUND('',#3859,.T.);
#1191=B_SPLINE_SURFACE_WITH_KNOTS('',1,2,((#3860,#3861,#3862),(#3863,#3864,#3865)),.UNSPECIFIED.,.F.,.F.,.F.,(2,2),(3,3),(0.0,0.1),(30.0,31.0),.UNSPECIFIED.);
#1192=FACE_OUTER_BOUND('',#3866,.T.);
#1193=B_SPLINE_SURFACE_WITH_KNOTS('',1,2,((#3867,#3868,#3869),(#3870,#3871,#3872)),.UNSPECIFIED.,.F.,.F.,.F.,(2,2),(3,3),(0.0,0.1),(31.0,32.0),.UNSPECIFIED.);
#1194=FACE_OUTER_BOUND('',#3873,.T.);
#1195=B_SPLINE_SURFACE_WITH_KNOTS('',1,2,((#3874,#3875,#3876),(#3877,#3878,#3879)),.UNSPECIFIED.,.F.,.F.,.F.,(2,2),(3,3),(0.0,0.1),(32.0,33.0),.UNSPECIFIED.);
#1196=FACE_OUTER_BOUND('',#3880,.T.);
#1197=B_SPLINE_SURFACE_WITH_KNOTS('',1,2,((#3881,#3882,#3883),(#3884,#3885,#3886)),.UNSPECIFIED.,.F.,.F.,.F.,(2,2),(3,3),(0.0,0.1),(33.0,34.0),.UNSPECIFIED.);
#1198=FACE_OUTER_BOUND('',#3887,.T.);
#1199=B_SPLINE_SURFACE_WITH_KNOTS('',1,2,((#3888,#3889,#3890),(#3891,#3892,#3893)),.UNSPECIFIED.,.F.,.F.,.F.,(2,2),(3,3),(0.0,0.1),(34.0,35.0),.UNSPECIFIED.);
#1200=FACE_OUTER_BOUND('',#3894,.T.);
#1201=B_SPLINE_SURFACE_WITH_KNOTS('',1,2,((#3895,#3896,#3897),(#3898,#3899,#3900)),.UNSPECIFIED.,.F.,.F.,.F.,(2,2),(3,3),(0.0,0.1),(35.0,36.0),.UNSPECIFIED.);
#1202=FACE_OUTER_BOUND('',#3901,.T.);
#1203=B_SPLINE_SURFACE_WITH_KNOTS('',1,2,((#3902,#3903,#3904,#3905,#3906,#3907,#3908,#3909,#3910),(#3911,#3912,#3913,#3914,#3915,#3916,#3917,#3918,#3919)),.UNSPECIFIED.,.F.,.F.,.F.,(2,2),(3,2,2,2,3),(0.0,0.1),(36.0,37.0,38.0,39.0,40.0),.UNSPECIFIED.);
#1204=FACE_OUTER_BOUND('',#3920,.T.);
#1205=B_SPLINE_SURFACE_WITH_KNOTS('',1,2,((#3921,#3922,#3923),(#3924,#3925,#3926)),.UNSPECIFIED.,.F.,.F.,.F.,(2,2),(3,3),(0.0,0.1),(40.0,41.0),.UNSPECIFIED.);
#1206=FACE_OUTER_BOUND('',#3927,.T.);
#1207=B_SPLINE_SURFACE_WITH_KNOTS('',1,2,((#3928,#3929,#3930,#3931,#3932,#3933,#3934,#3935,#3936),(#3937,#3938,#3939,#3940,#3941,#3942,#3943,#3944,#3945)),.UNSPECIFIED.,.F.,.F.,.F.,(2,2),(3,2,2,2,3),(0.0,0.1),(41.0,42.0,43.0,44.0,45.0),.UNSPECIFIED.);
#1208=FACE_OUTER_BOUND('',#3946,.T.);
#1209=B_SPLINE_SURFACE_WITH_KNOTS('',1,2,((#3947,#3948,#3949),(#3950,#3951,#3952)),.UNSPECIFIED.,.F.,.F.,.F.,(2,2),(3,3),(0.0,0.1),(45.0,46.0),.UNSPECIFIED.);
#1210=FACE_OUTER_BOUND('',#3953,.T.);
#1211=B_SPLINE_SURFACE_WITH_KNOTS('',1,2,((#3954,#3955,#3956),(#3957,#3958,#3959)),.UNSPECIFIED.,.F.,.F.,.F.,(2,2),(3,3),(0.0,0.1),(46.0,47.0),.UNSPECIFIED.);
#1212=FACE_OUTER_BOUND('',#3960,.T.);
#1213=B_SPLINE_SURFACE_WITH_KNOTS('',1,2,((#3961,#3962,#3963),(#3964,#3965,#3966)),.UNSPECIFIED.,.F.,.F.,.F.,(2,2),(3,3),(0.0,0.1),(47.0,48.0),.UNSPECIFIED.);
#1214=FACE_OUTER_BOUND('',#3967,.T.);
#1215=B_SPLINE_SURFACE_WITH_KNOTS('',1,2,((#3968,#3969,#3970),(#3971,#3972,#3973)),.UNSPECIFIED.,.F.,.F.,.F.,(2,2),(3,3),(0.0,0.1),(48.0,49.0),.UNSPECIFIED.);
#1216=FACE_OUTER_BOUND('',#3974,.T.);
#1217=B_SPLINE_SURFACE_WITH_KNOTS('',1,2,((#3975,#3976,#3977),(#3978,#3979,#3980)),.UNSPECIFIED.,.F.,.F.,.F.,(2,2),(3,3),(0.0,0.1),(49.0,50.0),.UNSPECIFIED.);
#1218=FACE_OUTER_BOUND('',#3981,.T.);
#1219=PLANE('',#3982);
#1220=FACE_OUTER_BOUND('',#3983,.T.);
#1221=B_SPLINE_SURFACE_WITH_KNOTS('',1,2,((#3984,#3985,#3986,#3987,#3988,#3989,#3990),(#3991,#3992,#3993,#3994,#3995,#3996,#3997)),.UNSPECIFIED.,.F.,.F.,.F.,(2,2),(3,2,2,3),(0.0,0.1),(11.6145194274029,12.6145194274029,13.6145194274029,14.6145194274029),.UNSPECIFIED.);
#1222=FACE_OUTER_BOUND('',#3998,.T.);
#1223=B_SPLINE_SURFACE_WITH_KNOTS('',1,2,((#3999,#4000,#4001),(#4002,#4003,#4004)),.UNSPECIFIED.,.F.,.F.,.F.,(2,2),(3,3),(0.0,0.1),(14.6145194274029,15.6145194274029),.UNSPECIFIED.);
#1224=FACE_OUTER_BOUND('',#4005,.T.);
#1225=B_SPLINE_SURFACE_WITH_KNOTS('',1,2,((#4006,#4007,#4008,#4009,#4010,#4011,#4012,#4013,#4014),(#4015,#4016,#4017,#4018,#4019,#4020,#4021,#4022,#4023)),.UNSPECIFIED.,.F.,.F.,.F.,(2,2),(3,2,2,2,3),(0.0,0.1),(15.6145194274029,16.6145194274029,17.6145194274029,18.6145194274029,19.6145194274029),.UNSPECIFIED.);
#1226=FACE_OUTER_BOUND('',#4024,.T.);
#1227=B_SPLINE_SURFACE_WITH_KNOTS('',1,2,((#4025,#4026,#4027),(#4028,#4029,#4030)),.UNSPECIFIED.,.F.,.F.,.F.,(2,2),(3,3),(0.0,0.1),(19.6145194274029,20.5620313565099),.UNSPECIFIED.);
#1228=FACE_OUTER_BOUND('',#4031,.T.);
#1229=B_SPLINE_SURFACE_WITH_KNOTS('',1,2,((#4032,#4033,#4034),(#4035,#4036,#4037)),.UNSPECIFIED.,.F.,.F.,.F.,(2,2),(3,3),(0.0,0.1),(20.5620313565099,20.8687798227676),.UNSPECIFIED.);
#1230=FACE_OUTER_BOUND('',#4038,.T.);
#1231=B_SPLINE_SURFACE_WITH_KNOTS('',1,2,((#4039,#4040,#4041),(#4042,#4043,#4044)),.UNSPECIFIED.,.F.,.F.,.F.,(2,2),(3,3),(0.0,0.1),(20.8687798227676,22.6785957736878),.UNSPECIFIED.);
#1232=FACE_OUTER_BOUND('',#4045,.T.);
#1233=B_SPLINE_SURFACE_WITH_KNOTS('',1,2,((#4046,#4047,#4048),(#4049,#4050,#4051)),.UNSPECIFIED.,.F.,.F.,.F.,(2,2),(3,3),(0.0,0.1),(22.6785957736878,22.9546693933197),.UNSPECIFIED.);
#1234=FACE_OUTER_BOUND('',#4052,.T.);
#1235=B_SPLINE_SURFACE_WITH_KNOTS('',1,2,((#4053,#4054,#4055),(#4056,#4057,#4058)),.UNSPECIFIED.,.F.,.F.,.F.,(2,2),(3,3),(0.0,0.1),(22.9546693933197,23.2290388548057),.UNSPECIFIED.);
#1236=FACE_OUTER_BOUND('',#4059,.T.);
#1237=PLANE('',#4060);
#1238=FACE_OUTER_BOUND('',#4061,.T.);
#1239=B_SPLINE_SURFACE_WITH_KNOTS('',1,2,((#4062,#4063,#4064,#4065,#4066,#4067,#4068,#4069,#4070,#4071,#4072),(#4073,#4074,#4075,#4076,#4077,#4078,#4079,#4080,#4081,#4082,#4083)),.UNSPECIFIED.,.F.,.F.,.F.,(2,2),(3,2,2,2,2,3),(0.0,0.1),(4.0,5.0,6.0,7.0,8.0,9.0),.UNSPECIFIED.);
#1240=FACE_OUTER_BOUND('',#4084,.T.);
#1241=B_SPLINE_SURFACE_WITH_KNOTS('',1,2,((#4085,#4086,#4087,#4088,#4089,#4090,#4091,#4092,#4093),(#4094,#4095,#4096,#4097,#4098,#4099,#4100,#4101,#4102)),.UNSPECIFIED.,.F.,.F.,.F.,(2,2),(3,2,2,2,3),(0.0,0.1),(13.0,14.0,15.0,16.0,17.0),.UNSPECIFIED.);
#1242=FACE_OUTER_BOUND('',#4103,.T.);
#1243=B_SPLINE_SURFACE_WITH_KNOTS('',1,2,((#4104,#4105,#4106,#4107,#4108,#4109,#4110,#4111,#4112,#4113,#4114),(#4115,#4116,#4117,#4118,#4119,#4120,#4121,#4122,#4123,#4124,#4125)),.UNSPECIFIED.,.F.,.F.,.F.,(2,2),(3,2,2,2,2,3),(0.0,0.1),(4.0,5.0,6.0,7.0,8.0,9.0),.UNSPECIFIED.);
#1244=FACE_OUTER_BOUND('',#4126,.T.);
#1245=B_SPLINE_SURFACE_WITH_KNOTS('',1,2,((#4127,#4128,#4129,#4130,#4131,#4132,#4133,#4134,#4135),(#4136,#4137,#4138,#4139,#4140,#4141,#4142,#4143,#4144)),.UNSPECIFIED.,.F.,.F.,.F.,(2,2),(3,2,2,2,3),(0.0,0.1),(13.0,14.0,15.0,16.0,17.0),.UNSPECIFIED.);
#1246=EDGE_LOOP('',(#4145,#4146));
#1247=AXIS2_PLACEMENT_3D('',#4147,#4148,#4149);
#1248=EDGE_LOOP('',(#4150,#4151,#4152,#4153));
#1250=CARTESIAN_POINT('',(2.9,0.0,-1.4));
#1251=CARTESIAN_POINT('',(2.9,0.0,-1.80111072073454));
#1252=CARTESIAN_POINT('',(2.9,-0.4,-1.4));
#1253=CARTESIAN_POINT('',(2.9,-0.4,-1.80111072073454));
#1254=CARTESIAN_POINT('',(2.5,-0.4,-1.4));
#1255=CARTESIAN_POINT('',(2.5,-0.4,-1.80111072073454));
#1256=CARTESIAN_POINT('',(2.1,-0.4,-1.4));
#1257=CARTESIAN_POINT('',(2.1,-0.4,-1.80111072073454));
#1258=CARTESIAN_POINT('',(2.1,4.89858719658941E-17,-1.4));
#1259=CARTESIAN_POINT('',(2.1,4.89858719658941E-17,-1.80111072073454));
#1266=EDGE_LOOP('',(#4154,#4155));
#1267=AXIS2_PLACEMENT_3D('',#4156,#4157,#4158);
#1268=EDGE_LOOP('',(#4159,#4160,#4161,#4162));
#1270=CARTESIAN_POINT('',(2.9,-7.11710903630359E-18,-1.8));
#1271=CARTESIAN_POINT('',(2.8,-5.34223820453991E-17,-1.9));
#1272=CARTESIAN_POINT('',(2.9,-0.4,-1.8));
#1273=CARTESIAN_POINT('',(2.8,-0.300000000000001,-1.9));
#1274=CARTESIAN_POINT('',(2.5,-0.4,-1.8));
#1275=CARTESIAN_POINT('',(2.5,-0.3,-1.9));
#1276=CARTESIAN_POINT('',(2.1,-0.399999999999999,-1.8));
#1277=CARTESIAN_POINT('',(2.2,-0.3,-1.9));
#1278=CARTESIAN_POINT('',(2.1,8.46309656770535E-16,-1.8));
#1279=CARTESIAN_POINT('',(2.2,9.04861397771104E-16,-1.9));
#1286=EDGE_LOOP('',(#4163,#4164,#4165,#4166));
#1288=CARTESIAN_POINT('',(2.1,4.89858719658941E-17,-1.4));
#1289=CARTESIAN_POINT('',(2.1,4.89858719658941E-17,-1.80111072073454));
#1290=CARTESIAN_POINT('',(2.1,0.4,-1.4));
#1291=CARTESIAN_POINT('',(2.1,0.4,-1.80111072073454));
#1292=CARTESIAN_POINT('',(2.5,0.4,-1.4));
#1293=CARTESIAN_POINT('',(2.5,0.4,-1.80111072073454));
#1294=CARTESIAN_POINT('',(2.9,0.4,-1.4));
#1295=CARTESIAN_POINT('',(2.9,0.4,-1.80111072073454));
#1296=CARTESIAN_POINT('',(2.9,0.0,-1.4));
#1297=CARTESIAN_POINT('',(2.9,0.0,-1.80111072073454));
#1304=EDGE_LOOP('',(#4167,#4168,#4169,#4170));
#1306=CARTESIAN_POINT('',(2.1,8.95295528736429E-16,-1.8));
#1307=CARTESIAN_POINT('',(2.2,9.41600801745524E-16,-1.9));
#1308=CARTESIAN_POINT('',(2.1,0.400000000000001,-1.8));
#1309=CARTESIAN_POINT('',(2.2,0.300000000000002,-1.9));
#1310=CARTESIAN_POINT('',(2.5,0.400000000000001,-1.8));
#1311=CARTESIAN_POINT('',(2.5,0.300000000000001,-1.9));
#1312=CARTESIAN_POINT('',(2.9,0.4,-1.8));
#1313=CARTESIAN_POINT('',(2.8,0.300000000000001,-1.9));
#1314=CARTESIAN_POINT('',(2.9,4.18687629295906E-17,-1.8));
#1315=CARTESIAN_POINT('',(2.8,-1.66829780709785E-17,-1.9));
#1322=EDGE_LOOP('',(#4171,#4172));
#1323=AXIS2_PLACEMENT_3D('',#4173,#4174,#4175);
#1324=EDGE_LOOP('',(#4176,#4177,#4178,#4179));
#1326=CARTESIAN_POINT('',(-2.9,0.0,-1.4));
#1327=CARTESIAN_POINT('',(-2.9,-0.4,-1.4));
#1328=CARTESIAN_POINT('',(-2.5,-0.4,-1.4));
#1329=CARTESIAN_POINT('',(-2.1,-0.4,-1.4));
#1330=CARTESIAN_POINT('',(-2.1,4.89858719658941E-17,-1.4));
#1331=CARTESIAN_POINT('',(-2.9,0.0,-1.80111072073454));
#1332=CARTESIAN_POINT('',(-2.9,-0.4,-1.80111072073454));
#1333=CARTESIAN_POINT('',(-2.5,-0.4,-1.80111072073454));
#1334=CARTESIAN_POINT('',(-2.1,-0.4,-1.80111072073454));
#1335=CARTESIAN_POINT('',(-2.1,4.89858719658941E-17,-1.80111072073454));
#1342=EDGE_LOOP('',(#4180,#4181));
#1343=AXIS2_PLACEMENT_3D('',#4182,#4183,#4184);
#1344=EDGE_LOOP('',(#4185,#4186,#4187,#4188));
#1346=CARTESIAN_POINT('',(-2.9,-7.11710903630359E-18,-1.8));
#1347=CARTESIAN_POINT('',(-2.9,-0.4,-1.8));
#1348=CARTESIAN_POINT('',(-2.5,-0.4,-1.8));
#1349=CARTESIAN_POINT('',(-2.1,-0.399999999999999,-1.8));
#1350=CARTESIAN_POINT('',(-2.1,8.46309656770535E-16,-1.8));
#1351=CARTESIAN_POINT('',(-2.8,-5.34223820453991E-17,-1.9));
#1352=CARTESIAN_POINT('',(-2.8,-0.300000000000001,-1.9));
#1353=CARTESIAN_POINT('',(-2.5,-0.3,-1.9));
#1354=CARTESIAN_POINT('',(-2.2,-0.3,-1.9));
#1355=CARTESIAN_POINT('',(-2.2,9.04861397771104E-16,-1.9));
#1362=EDGE_LOOP('',(#4189,#4190,#4191,#4192));
#1364=CARTESIAN_POINT('',(-2.1,4.89858719658941E-17,-1.4));
#1365=CARTESIAN_POINT('',(-2.1,0.4,-1.4));
#1366=CARTESIAN_POINT('',(-2.5,0.4,-1.4));
#1367=CARTESIAN_POINT('',(-2.9,0.4,-1.4));
#1368=CARTESIAN_POINT('',(-2.9,0.0,-1.4));
#1369=CARTESIAN_POINT('',(-2.1,4.89858719658941E-17,-1.80111072073454));
#1370=CARTESIAN_POINT('',(-2.1,0.4,-1.80111072073454));
#1371=CARTESIAN_POINT('',(-2.5,0.4,-1.80111072073454));
#1372=CARTESIAN_POINT('',(-2.9,0.4,-1.80111072073454));
#1373=CARTESIAN_POINT('',(-2.9,0.0,-1.80111072073454));
#1380=EDGE_LOOP('',(#4193,#4194,#4195,#4196));
#1382=CARTESIAN_POINT('',(-2.1,8.95295528736429E-16,-1.8));
#1383=CARTESIAN_POINT('',(-2.1,0.400000000000001,-1.8));
#1384=CARTESIAN_POINT('',(-2.5,0.400000000000001,-1.8));
#1385=CARTESIAN_POINT('',(-2.9,0.4,-1.8));
#1386=CARTESIAN_POINT('',(-2.9,4.18687629295906E-17,-1.8));
#1387=CARTESIAN_POINT('',(-2.2,9.41600801745524E-16,-1.9));
#1388=CARTESIAN_POINT('',(-2.2,0.300000000000002,-1.9));
#1389=CARTESIAN_POINT('',(-2.5,0.300000000000001,-1.9));
#1390=CARTESIAN_POINT('',(-2.8,0.300000000000001,-1.9));
#1391=CARTESIAN_POINT('',(-2.8,-1.66829780709785E-17,-1.9));
#1398=EDGE_LOOP('',(#4197,#4198,#4199,#4200));
#1399=CARTESIAN_POINT('',(-5.35,-1.35,-1.18));
#1400=CARTESIAN_POINT('',(-5.35,-0.85,-1.18));
#1401=CARTESIAN_POINT('',(-5.1,-1.35,-1.18));
#1402=CARTESIAN_POINT('',(-5.1,-0.85,-1.18));
#1403=CARTESIAN_POINT('',(-4.85,-1.35,-1.18));
#1404=CARTESIAN_POINT('',(-4.85,-0.85,-1.18));
#1405=EDGE_LOOP('',(#4201,#4202,#4203,#4204,#4205,#4206,#4207,#4208,#4209,#4210,#4211,#4212,#4213,#4214));
#1406=CARTESIAN_POINT('',(4.85,-1.35,-0.199999999999999));
#1407=CARTESIAN_POINT('',(4.85,1.35,-0.199999999999999));
#1408=CARTESIAN_POINT('',(4.85,-1.35,-0.689999999999999));
#1409=CARTESIAN_POINT('',(4.85,1.35,-0.689999999999999));
#1410=CARTESIAN_POINT('',(4.85,-1.35,-1.18));
#1411=CARTESIAN_POINT('',(4.85,1.35,-1.18));
#1412=EDGE_LOOP('',(#4215,#4216,#4217,#4218));
#1413=CARTESIAN_POINT('',(4.85,0.85,-1.18));
#1414=CARTESIAN_POINT('',(4.85,1.35,-1.18));
#1415=CARTESIAN_POINT('',(5.1,0.85,-1.18));
#1416=CARTESIAN_POINT('',(5.1,1.35,-1.18));
#1417=CARTESIAN_POINT('',(5.35,0.85,-1.18));
#1418=CARTESIAN_POINT('',(5.35,1.35,-1.18));
#1419=EDGE_LOOP('',(#4219,#4220,#4221,#4222));
#1420=CARTESIAN_POINT('',(-5.35,0.85,-1.18));
#1421=CARTESIAN_POINT('',(-5.35,1.35,-1.18));
#1422=CARTESIAN_POINT('',(-5.1,0.85,-1.18));
#1423=CARTESIAN_POINT('',(-5.1,1.35,-1.18));
#1424=CARTESIAN_POINT('',(-4.85,0.85,-1.18));
#1425=CARTESIAN_POINT('',(-4.85,1.35,-1.18));
#1426=EDGE_LOOP('',(#4223,#4224,#4225,#4226));
#1427=CARTESIAN_POINT('',(4.85,-1.35,-1.18));
#1428=CARTESIAN_POINT('',(4.85,-0.85,-1.18));
#1429=CARTESIAN_POINT('',(5.1,-1.35,-1.18));
#1430=CARTESIAN_POINT('',(5.1,-0.85,-1.18));
#1431=CARTESIAN_POINT('',(5.35,-1.35,-1.18));
#1432=CARTESIAN_POINT('',(5.35,-0.85,-1.18));
#1433=EDGE_LOOP('',(#4227,#4228,#4229,#4230,#4231,#4232,#4233,#4234,#4235,#4236,#4237,#4238,#4239,#4240));
#1434=CARTESIAN_POINT('',(-4.85,-1.35,-1.18));
#1435=CARTESIAN_POINT('',(-4.85,1.35,-1.18));
#1436=CARTESIAN_POINT('',(-4.85,-1.35,-0.689999999999999));
#1437=CARTESIAN_POINT('',(-4.85,1.35,-0.689999999999999));
#1438=CARTESIAN_POINT('',(-4.85,-1.35,-0.2));
#1439=CARTESIAN_POINT('',(-4.85,1.35,-0.2));
#1440=EDGE_LOOP('',(#4241,#4242,#4243,#4244,#4245,#4246,#4247,#4248,#4249,#4250,#4251,#4252));
#1441=CARTESIAN_POINT('',(-4.65,-1.35,0.0));
#1442=CARTESIAN_POINT('',(-4.65,1.35,0.0));
#1443=CARTESIAN_POINT('',(-3.60822483003176E-16,-1.35,0.0));
#1444=CARTESIAN_POINT('',(-3.60822483003176E-16,1.35,0.0));
#1445=CARTESIAN_POINT('',(4.65,-1.35,0.0));
#1446=CARTESIAN_POINT('',(4.65,1.35,0.0));
#1447=EDGE_LOOP('',(#4253,#4254,#4255,#4256,#4257,#4258));
#1449=CARTESIAN_POINT('',(-4.85,0.752212608250594,-0.2));
#1450=CARTESIAN_POINT('',(-4.85,0.752212608250635,-6.8645041124949E-16));
#1451=CARTESIAN_POINT('',(-4.65,0.752212608250594,0.0));
#1452=CARTESIAN_POINT('',(-4.85,-0.752212608250594,-0.2));
#1453=CARTESIAN_POINT('',(-4.85,-0.752212608250552,-6.28502022898175E-16));
#1454=CARTESIAN_POINT('',(-4.65,-0.752212608250594,0.0));
#1461=EDGE_LOOP('',(#4259,#4260,#4261,#4262,#4263,#4264));
#1463=CARTESIAN_POINT('',(4.65,0.752212608250594,0.0));
#1464=CARTESIAN_POINT('',(4.85,0.752212608250594,-4.12149270404491E-16));
#1465=CARTESIAN_POINT('',(4.85,0.752212608250594,-0.199999999999999));
#1466=CARTESIAN_POINT('',(4.65,-0.752212608250593,0.0));
#1467=CARTESIAN_POINT('',(4.85,-0.752212608250593,-4.12149270404491E-16));
#1468=CARTESIAN_POINT('',(4.85,-0.752212608250593,-0.199999999999999));
#1475=EDGE_LOOP('',(#4265,#4266,#4267,#4268));
#1476=CARTESIAN_POINT('',(-5.35,-1.35,-1.38));
#1477=CARTESIAN_POINT('',(-5.1,-1.35,-1.38));
#1478=CARTESIAN_POINT('',(-4.85,-1.35,-1.38));
#1479=CARTESIAN_POINT('',(-5.35,-0.85,-1.38));
#1480=CARTESIAN_POINT('',(-5.1,-0.85,-1.38));
#1481=CARTESIAN_POINT('',(-4.85,-0.85,-1.38));
#1482=EDGE_LOOP('',(#4269,#4270,#4271,#4272,#4273,#4274,#4275,#4276,#4277,#4278,#4279,#4280,#4281,#4282));
#1483=CARTESIAN_POINT('',(4.65,-1.35,-0.199999999999997));
#1484=CARTESIAN_POINT('',(4.65,-1.35,-0.689999999999998));
#1485=CARTESIAN_POINT('',(4.65,-1.35,-1.18));
#1486=CARTESIAN_POINT('',(4.65,1.35,-0.199999999999997));
#1487=CARTESIAN_POINT('',(4.65,1.35,-0.689999999999998));
#1488=CARTESIAN_POINT('',(4.65,1.35,-1.18));
#1489=EDGE_LOOP('',(#4283,#4284,#4285,#4286));
#1490=CARTESIAN_POINT('',(4.85,0.85,-1.38));
#1491=CARTESIAN_POINT('',(5.1,0.85,-1.38));
#1492=CARTESIAN_POINT('',(5.35,0.85,-1.38));
#1493=CARTESIAN_POINT('',(4.85,1.35,-1.38));
#1494=CARTESIAN_POINT('',(5.1,1.35,-1.38));
#1495=CARTESIAN_POINT('',(5.35,1.35,-1.38));
#1496=EDGE_LOOP('',(#4287,#4288,#4289,#4290));
#1497=CARTESIAN_POINT('',(-5.35,0.85,-1.38));
#1498=CARTESIAN_POINT('',(-5.1,0.85,-1.38));
#1499=CARTESIAN_POINT('',(-4.85,0.85,-1.38));
#1500=CARTESIAN_POINT('',(-5.35,1.35,-1.38));
#1501=CARTESIAN_POINT('',(-5.1,1.35,-1.38));
#1502=CARTESIAN_POINT('',(-4.85,1.35,-1.38));
#1503=EDGE_LOOP('',(#4291,#4292,#4293,#4294));
#1504=CARTESIAN_POINT('',(4.85,-1.35,-1.38));
#1505=CARTESIAN_POINT('',(5.1,-1.35,-1.38));
#1506=CARTESIAN_POINT('',(5.35,-1.35,-1.38));
#1507=CARTESIAN_POINT('',(4.85,-0.85,-1.38));
#1508=CARTESIAN_POINT('',(5.1,-0.85,-1.38));
#1509=CARTESIAN_POINT('',(5.35,-0.85,-1.38));
#1510=EDGE_LOOP('',(#4295,#4296,#4297,#4298,#4299,#4300,#4301,#4302,#4303,#4304,#4305,#4306,#4307,#4308));
#1511=CARTESIAN_POINT('',(-4.65,-1.35,-1.18));
#1512=CARTESIAN_POINT('',(-4.65,-1.35,-0.69));
#1513=CARTESIAN_POINT('',(-4.65,-1.35,-0.2));
#1514=CARTESIAN_POINT('',(-4.65,1.35,-1.18));
#1515=CARTESIAN_POINT('',(-4.65,1.35,-0.69));
#1516=CARTESIAN_POINT('',(-4.65,1.35,-0.2));
#1517=EDGE_LOOP('',(#4309,#4310,#4311,#4312,#4313,#4314,#4315,#4316,#4317,#4318,#4319,#4320));
#1518=CARTESIAN_POINT('',(-4.65000000000002,-1.35,-0.2));
#1519=CARTESIAN_POINT('',(-9.49240686054509E-15,-1.35,-0.2));
#1520=CARTESIAN_POINT('',(4.65,-1.35,-0.2));
#1521=CARTESIAN_POINT('',(-4.65000000000002,1.35,-0.2));
#1522=CARTESIAN_POINT('',(-9.49240686054509E-15,1.35,-0.2));
#1523=CARTESIAN_POINT('',(4.65,1.35,-0.2));
#1524=EDGE_LOOP('',(#4321,#4322,#4323,#4324));
#1526=CARTESIAN_POINT('',(-4.85,-1.35,-1.38));
#1527=CARTESIAN_POINT('',(-4.76715728752538,-1.35,-1.38));
#1528=CARTESIAN_POINT('',(-4.70857864376269,-1.35,-1.32142135623731));
#1529=CARTESIAN_POINT('',(-4.65,-1.35,-1.26284271247462));
#1530=CARTESIAN_POINT('',(-4.65,-1.35,-1.18));
#1531=CARTESIAN_POINT('',(-4.85,-1.18333333333333,-1.38));
#1532=CARTESIAN_POINT('',(-4.76715728752538,-1.18333333333333,-1.38));
#1533=CARTESIAN_POINT('',(-4.70857864376269,-1.18333333333333,-1.32142135623731));
#1534=CARTESIAN_POINT('',(-4.65,-1.18333333333333,-1.26284271247462));
#1535=CARTESIAN_POINT('',(-4.65,-1.18333333333333,-1.18));
#1536=CARTESIAN_POINT('',(-4.85,-1.01666666666667,-1.38));
#1537=CARTESIAN_POINT('',(-4.76715728752538,-1.01666666666667,-1.38));
#1538=CARTESIAN_POINT('',(-4.70857864376269,-1.01666666666667,-1.32142135623731));
#1539=CARTESIAN_POINT('',(-4.65,-1.01666666666667,-1.26284271247462));
#1540=CARTESIAN_POINT('',(-4.65,-1.01666666666667,-1.18));
#1541=CARTESIAN_POINT('',(-4.85,-0.85,-1.38));
#1542=CARTESIAN_POINT('',(-4.76715728752538,-0.85,-1.38));
#1543=CARTESIAN_POINT('',(-4.70857864376269,-0.85,-1.32142135623731));
#1544=CARTESIAN_POINT('',(-4.65,-0.85,-1.26284271247462));
#1545=CARTESIAN_POINT('',(-4.65,-0.85,-1.18));
#1552=EDGE_LOOP('',(#4325,#4326,#4327,#4328));
#1554=CARTESIAN_POINT('',(4.65,-1.35,-1.18));
#1555=CARTESIAN_POINT('',(4.65,-1.35,-1.26284271247462));
#1556=CARTESIAN_POINT('',(4.70857864376269,-1.35,-1.32142135623731));
#1557=CARTESIAN_POINT('',(4.76715728752538,-1.35,-1.38));
#1558=CARTESIAN_POINT('',(4.85,-1.35,-1.38));
#1559=CARTESIAN_POINT('',(4.65,-1.18333333333333,-1.18));
#1560=CARTESIAN_POINT('',(4.65,-1.18333333333333,-1.26284271247462));
#1561=CARTESIAN_POINT('',(4.70857864376269,-1.18333333333333,-1.32142135623731));
#1562=CARTESIAN_POINT('',(4.76715728752538,-1.18333333333333,-1.38));
#1563=CARTESIAN_POINT('',(4.85,-1.18333333333333,-1.38));
#1564=CARTESIAN_POINT('',(4.65,-1.01666666666667,-1.18));
#1565=CARTESIAN_POINT('',(4.65,-1.01666666666667,-1.26284271247462));
#1566=CARTESIAN_POINT('',(4.70857864376269,-1.01666666666667,-1.32142135623731));
#1567=CARTESIAN_POINT('',(4.76715728752538,-1.01666666666667,-1.38));
#1568=CARTESIAN_POINT('',(4.85,-1.01666666666667,-1.38));
#1569=CARTESIAN_POINT('',(4.65,-0.85,-1.18));
#1570=CARTESIAN_POINT('',(4.65,-0.85,-1.26284271247462));
#1571=CARTESIAN_POINT('',(4.70857864376269,-0.85,-1.32142135623731));
#1572=CARTESIAN_POINT('',(4.76715728752538,-0.85,-1.38));
#1573=CARTESIAN_POINT('',(4.85,-0.85,-1.38));
#1580=EDGE_LOOP('',(#4329,#4330,#4331,#4332));
#1582=CARTESIAN_POINT('',(4.65,0.85,-1.18));
#1583=CARTESIAN_POINT('',(4.65,0.85,-1.26284271247462));
#1584=CARTESIAN_POINT('',(4.70857864376269,0.85,-1.32142135623731));
#1585=CARTESIAN_POINT('',(4.76715728752538,0.85,-1.38));
#1586=CARTESIAN_POINT('',(4.85,0.85,-1.38));
#1587=CARTESIAN_POINT('',(4.65,1.01666666666667,-1.18));
#1588=CARTESIAN_POINT('',(4.65,1.01666666666667,-1.26284271247462));
#1589=CARTESIAN_POINT('',(4.70857864376269,1.01666666666667,-1.32142135623731));
#1590=CARTESIAN_POINT('',(4.76715728752538,1.01666666666667,-1.38));
#1591=CARTESIAN_POINT('',(4.85,1.01666666666667,-1.38));
#1592=CARTESIAN_POINT('',(4.65,1.18333333333333,-1.18));
#1593=CARTESIAN_POINT('',(4.65,1.18333333333333,-1.26284271247462));
#1594=CARTESIAN_POINT('',(4.70857864376269,1.18333333333333,-1.32142135623731));
#1595=CARTESIAN_POINT('',(4.76715728752538,1.18333333333333,-1.38));
#1596=CARTESIAN_POINT('',(4.85,1.18333333333333,-1.38));
#1597=CARTESIAN_POINT('',(4.65,1.35,-1.18));
#1598=CARTESIAN_POINT('',(4.65,1.35,-1.26284271247462));
#1599=CARTESIAN_POINT('',(4.70857864376269,1.35,-1.32142135623731));
#1600=CARTESIAN_POINT('',(4.76715728752538,1.35,-1.38));
#1601=CARTESIAN_POINT('',(4.85,1.35,-1.38));
#1608=EDGE_LOOP('',(#4333,#4334,#4335,#4336));
#1610=CARTESIAN_POINT('',(-4.85,0.85,-1.38));
#1611=CARTESIAN_POINT('',(-4.76715728752538,0.85,-1.38));
#1612=CARTESIAN_POINT('',(-4.70857864376269,0.85,-1.32142135623731));
#1613=CARTESIAN_POINT('',(-4.65,0.85,-1.26284271247462));
#1614=CARTESIAN_POINT('',(-4.65,0.85,-1.18));
#1615=CARTESIAN_POINT('',(-4.85,1.01666666666667,-1.38));
#1616=CARTESIAN_POINT('',(-4.76715728752538,1.01666666666667,-1.38));
#1617=CARTESIAN_POINT('',(-4.70857864376269,1.01666666666667,-1.32142135623731));
#1618=CARTESIAN_POINT('',(-4.65,1.01666666666667,-1.26284271247462));
#1619=CARTESIAN_POINT('',(-4.65,1.01666666666667,-1.18));
#1620=CARTESIAN_POINT('',(-4.85,1.18333333333333,-1.38));
#1621=CARTESIAN_POINT('',(-4.76715728752538,1.18333333333333,-1.38));
#1622=CARTESIAN_POINT('',(-4.70857864376269,1.18333333333333,-1.32142135623731));
#1623=CARTESIAN_POINT('',(-4.65,1.18333333333333,-1.26284271247462));
#1624=CARTESIAN_POINT('',(-4.65,1.18333333333333,-1.18));
#1625=CARTESIAN_POINT('',(-4.85,1.35,-1.38));
#1626=CARTESIAN_POINT('',(-4.76715728752538,1.35,-1.38));
#1627=CARTESIAN_POINT('',(-4.70857864376269,1.35,-1.32142135623731));
#1628=CARTESIAN_POINT('',(-4.65,1.35,-1.26284271247462));
#1629=CARTESIAN_POINT('',(-4.65,1.35,-1.18));
#1636=EDGE_LOOP('',(#4337,#4338,#4339,#4340));
#1637=CARTESIAN_POINT('',(-5.35,-1.35,-1.18));
#1638=CARTESIAN_POINT('',(-5.1,-1.35,-1.18));
#1639=CARTESIAN_POINT('',(-4.85,-1.35,-1.18));
#1640=CARTESIAN_POINT('',(-5.35,-1.35,-1.38));
#1641=CARTESIAN_POINT('',(-5.1,-1.35,-1.38));
#1642=CARTESIAN_POINT('',(-4.85,-1.35,-1.38));
#1643=EDGE_LOOP('',(#4341,#4342,#4343,#4344));
#1644=AXIS2_PLACEMENT_3D('',#4345,#4346,#4347);
#1645=EDGE_LOOP('',(#4348,#4349,#4350,#4351));
#1646=CARTESIAN_POINT('',(-4.85,-0.85,-1.18));
#1647=CARTESIAN_POINT('',(-5.1,-0.85,-1.18));
#1648=CARTESIAN_POINT('',(-5.35,-0.85,-1.18));
#1649=CARTESIAN_POINT('',(-4.85,-0.85,-1.38));
#1650=CARTESIAN_POINT('',(-5.1,-0.850000000000001,-1.38));
#1651=CARTESIAN_POINT('',(-5.35,-0.85,-1.38));
#1652=EDGE_LOOP('',(#4352,#4353,#4354,#4355));
#1653=CARTESIAN_POINT('',(-4.85,-0.85,-1.15));
#1654=CARTESIAN_POINT('',(-4.85,-0.85,-1.165));
#1655=CARTESIAN_POINT('',(-4.85,-0.85,-1.18));
#1656=CARTESIAN_POINT('',(-4.65,-0.85,-1.15));
#1657=CARTESIAN_POINT('',(-4.65,-0.85,-1.165));
#1658=CARTESIAN_POINT('',(-4.65,-0.85,-1.18));
#1659=EDGE_LOOP('',(#4356,#4357,#4358,#4359));
#1660=AXIS2_PLACEMENT_3D('',#4360,#4361,#4362);
#1661=EDGE_LOOP('',(#4363,#4364,#4365,#4366));
#1662=AXIS2_PLACEMENT_3D('',#4367,#4368,#4369);
#1663=EDGE_LOOP('',(#4370,#4371,#4372,#4373));
#1664=AXIS2_PLACEMENT_3D('',#4374,#4375,#4376);
#1665=EDGE_LOOP('',(#4377,#4378,#4379,#4380));
#1666=AXIS2_PLACEMENT_3D('',#4381,#4382,#4383);
#1667=EDGE_LOOP('',(#4384,#4385,#4386,#4387));
#1668=CARTESIAN_POINT('',(-4.85,1.35,-1.18));
#1669=CARTESIAN_POINT('',(-5.1,1.35,-1.18));
#1670=CARTESIAN_POINT('',(-5.35,1.35,-1.18));
#1671=CARTESIAN_POINT('',(-4.85,1.35,-1.38));
#1672=CARTESIAN_POINT('',(-5.1,1.35,-1.38));
#1673=CARTESIAN_POINT('',(-5.35,1.35,-1.38));
#1674=EDGE_LOOP('',(#4388,#4389,#4390,#4391));
#1675=CARTESIAN_POINT('',(-4.85,1.35,-0.541253812702719));
#1676=CARTESIAN_POINT('',(-4.85,1.35,-0.860626906351359));
#1677=CARTESIAN_POINT('',(-4.85,1.35,-1.18));
#1678=CARTESIAN_POINT('',(-4.65,1.35,-0.541253812702719));
#1679=CARTESIAN_POINT('',(-4.65,1.35,-0.860626906351359));
#1680=CARTESIAN_POINT('',(-4.65,1.35,-1.18));
#1681=EDGE_LOOP('',(#4392,#4393,#4394,#4395));
#1682=CARTESIAN_POINT('',(4.4985,1.35,0.0));
#1683=CARTESIAN_POINT('',(-1.11022302462516E-16,1.35,0.0));
#1684=CARTESIAN_POINT('',(-4.4985,1.35,0.0));
#1685=CARTESIAN_POINT('',(4.4985,1.35,-0.2));
#1686=CARTESIAN_POINT('',(3.20576898360514E-14,1.35,-0.2));
#1687=CARTESIAN_POINT('',(-4.4985,1.35,-0.2));
#1688=EDGE_LOOP('',(#4396,#4397,#4398,#4399));
#1689=CARTESIAN_POINT('',(4.85,1.35,-1.18));
#1690=CARTESIAN_POINT('',(4.85,1.35,-0.860626906351359));
#1691=CARTESIAN_POINT('',(4.85,1.35,-0.541253812702719));
#1692=CARTESIAN_POINT('',(4.65,1.35,-1.18));
#1693=CARTESIAN_POINT('',(4.65,1.35,-0.860626906351356));
#1694=CARTESIAN_POINT('',(4.65,1.35,-0.541253812702717));
#1695=EDGE_LOOP('',(#4400,#4401,#4402,#4403));
#1696=CARTESIAN_POINT('',(5.35,1.35,-1.18));
#1697=CARTESIAN_POINT('',(5.1,1.35,-1.18));
#1698=CARTESIAN_POINT('',(4.85,1.35,-1.18));
#1699=CARTESIAN_POINT('',(5.35,1.35,-1.38));
#1700=CARTESIAN_POINT('',(5.1,1.35,-1.38));
#1701=CARTESIAN_POINT('',(4.85,1.35,-1.38));
#1702=EDGE_LOOP('',(#4404,#4405,#4406,#4407));
#1703=AXIS2_PLACEMENT_3D('',#4408,#4409,#4410);
#1704=EDGE_LOOP('',(#4411,#4412,#4413,#4414));
#1705=AXIS2_PLACEMENT_3D('',#4415,#4416,#4417);
#1706=EDGE_LOOP('',(#4418,#4419,#4420,#4421));
#1707=AXIS2_PLACEMENT_3D('',#4422,#4423,#4424);
#1708=EDGE_LOOP('',(#4425,#4426,#4427,#4428));
#1709=AXIS2_PLACEMENT_3D('',#4429,#4430,#4431);
#1710=EDGE_LOOP('',(#4432,#4433,#4434,#4435));
#1711=AXIS2_PLACEMENT_3D('',#4436,#4437,#4438);
#1712=EDGE_LOOP('',(#4439,#4440,#4441,#4442));
#1713=AXIS2_PLACEMENT_3D('',#4443,#4444,#4445);
#1714=EDGE_LOOP('',(#4446,#4447,#4448,#4449));
#1715=AXIS2_PLACEMENT_3D('',#4450,#4451,#4452);
#1716=EDGE_LOOP('',(#4453,#4454,#4455,#4456));
#1717=CARTESIAN_POINT('',(4.85,-1.35,-1.18));
#1718=CARTESIAN_POINT('',(5.1,-1.35,-1.18));
#1719=CARTESIAN_POINT('',(5.35,-1.35,-1.18));
#1720=CARTESIAN_POINT('',(4.85,-1.35,-1.38));
#1721=CARTESIAN_POINT('',(5.1,-1.35,-1.38));
#1722=CARTESIAN_POINT('',(5.35,-1.35,-1.38));
#1723=EDGE_LOOP('',(#4457,#4458,#4459,#4460));
#1724=CARTESIAN_POINT('',(4.85,-1.35,-0.541253812702719));
#1725=CARTESIAN_POINT('',(4.85,-1.35,-0.860626906351359));
#1726=CARTESIAN_POINT('',(4.85,-1.35,-1.18));
#1727=CARTESIAN_POINT('',(4.65,-1.35,-0.541253812702719));
#1728=CARTESIAN_POINT('',(4.65,-1.35,-0.860626906351359));
#1729=CARTESIAN_POINT('',(4.65,-1.35,-1.18));
#1730=EDGE_LOOP('',(#4461,#4462,#4463,#4464));
#1731=CARTESIAN_POINT('',(-4.4985,-1.35,0.0));
#1732=CARTESIAN_POINT('',(2.77555756156289E-16,-1.35,0.0));
#1733=CARTESIAN_POINT('',(4.4985,-1.35,0.0));
#1734=CARTESIAN_POINT('',(-4.4985,-1.35,-0.2));
#1735=CARTESIAN_POINT('',(3.24323901068624E-14,-1.35,-0.2));
#1736=CARTESIAN_POINT('',(4.4985,-1.35,-0.2));
#1737=EDGE_LOOP('',(#4465,#4466,#4467,#4468));
#1738=CARTESIAN_POINT('',(-4.85,-1.35,-1.18));
#1739=CARTESIAN_POINT('',(-4.85,-1.35,-0.860626906351359));
#1740=CARTESIAN_POINT('',(-4.85,-1.35,-0.541253812702719));
#1741=CARTESIAN_POINT('',(-4.65,-1.35,-1.18));
#1742=CARTESIAN_POINT('',(-4.65,-1.35,-0.860626906351358));
#1743=CARTESIAN_POINT('',(-4.65,-1.35,-0.541253812702719));
#1744=EDGE_LOOP('',(#4469,#4470,#4471));
#1745=AXIS2_PLACEMENT_3D('',#4472,#4473,#4474);
#1746=EDGE_LOOP('',(#4475,#4476,#4477));
#1747=AXIS2_PLACEMENT_3D('',#4478,#4479,#4480);
#1748=EDGE_LOOP('',(#4481,#4482,#4483));
#1749=AXIS2_PLACEMENT_3D('',#4484,#4485,#4486);
#1750=EDGE_LOOP('',(#4487,#4488,#4489));
#1751=AXIS2_PLACEMENT_3D('',#4490,#4491,#4492);
#1752=EDGE_LOOP('',(#4493,#4494,#4495));
#1753=AXIS2_PLACEMENT_3D('',#4496,#4497,#4498);
#1754=EDGE_LOOP('',(#4499,#4500,#4501));
#1755=AXIS2_PLACEMENT_3D('',#4502,#4503,#4504);
#1756=EDGE_LOOP('',(#4505,#4506,#4507));
#1757=AXIS2_PLACEMENT_3D('',#4508,#4509,#4510);
#1758=EDGE_LOOP('',(#4511,#4512,#4513));
#1759=AXIS2_PLACEMENT_3D('',#4514,#4515,#4516);
#1760=EDGE_LOOP('',(#4517,#4518,#4519,#4520));
#1761=CARTESIAN_POINT('',(4.85,-0.751101887516054,1.72084568816899E-15));
#1762=CARTESIAN_POINT('',(4.85,-0.751101887516055,-0.0944962790413868));
#1763=CARTESIAN_POINT('',(4.85,-0.751101887516056,-0.188992558082775));
#1764=CARTESIAN_POINT('',(4.45,-0.751101887516054,1.77635683940025E-15));
#1765=CARTESIAN_POINT('',(4.45,-0.751101887516055,-0.0944962790413868));
#1766=CARTESIAN_POINT('',(4.45,-0.751101887516056,-0.188992558082775));
#1767=EDGE_LOOP('',(#4521,#4522,#4523,#4524));
#1769=CARTESIAN_POINT('',(4.85,-0.660327379008892,-0.306604747365963));
#1770=CARTESIAN_POINT('',(4.85,-0.603246791405288,-0.380561334782807));
#1771=CARTESIAN_POINT('',(4.85,-0.644448472387839,-0.464407573742764));
#1772=CARTESIAN_POINT('',(4.85,-0.685650153370389,-0.548253812702721));
#1773=CARTESIAN_POINT('',(4.85,-0.779072689749563,-0.548253812702722));
#1774=CARTESIAN_POINT('',(4.6489463514068,-0.660327379008892,-0.306604747365963));
#1775=CARTESIAN_POINT('',(4.6489463514068,-0.603246791405288,-0.380561334782807));
#1776=CARTESIAN_POINT('',(4.6489463514068,-0.644448472387839,-0.464407573742764));
#1777=CARTESIAN_POINT('',(4.6489463514068,-0.685650153370389,-0.548253812702721));
#1778=CARTESIAN_POINT('',(4.6489463514068,-0.779072689749563,-0.548253812702721));
#1785=EDGE_LOOP('',(#4525,#4526,#4527,#4528));
#1786=CARTESIAN_POINT('',(4.85,-0.779072689749563,-0.548253812702722));
#1787=CARTESIAN_POINT('',(4.85,-1.06503634487478,-0.548253812702721));
#1788=CARTESIAN_POINT('',(4.85,-1.351,-0.548253812702721));
#1789=CARTESIAN_POINT('',(4.649,-0.779072689749563,-0.548253812702721));
#1790=CARTESIAN_POINT('',(4.649,-1.06503634487478,-0.548253812702721));
#1791=CARTESIAN_POINT('',(4.649,-1.351,-0.548253812702721));
#1792=EDGE_LOOP('',(#4529,#4530,#4531,#4532,#4533,#4534,#4535));
#1793=CARTESIAN_POINT('',(4.85,-0.751101887516056,-0.188992558082775));
#1794=CARTESIAN_POINT('',(4.85,-0.705714633262474,-0.247798652724369));
#1795=CARTESIAN_POINT('',(4.85,-0.660327379008892,-0.306604747365963));
#1796=CARTESIAN_POINT('',(4.45,-0.751101887516056,-0.188992558082775));
#1797=CARTESIAN_POINT('',(4.45,-0.705714633262474,-0.247798652724369));
#1798=CARTESIAN_POINT('',(4.45,-0.660327379008892,-0.306604747365963));
#1799=EDGE_LOOP('',(#4536,#4537,#4538,#4539,#4540));
#1800=AXIS2_PLACEMENT_3D('',#4541,#4542,#4543);
#1801=EDGE_LOOP('',(#4544,#4545,#4546,#4547));
#1802=CARTESIAN_POINT('',(4.85,0.751101887516056,-0.188992558082775));
#1803=CARTESIAN_POINT('',(4.85,0.751101887516055,-0.0944962790413868));
#1804=CARTESIAN_POINT('',(4.85,0.751101887516054,1.77635683940025E-15));
#1805=CARTESIAN_POINT('',(4.45,0.751101887516056,-0.188992558082775));
#1806=CARTESIAN_POINT('',(4.45,0.751101887516055,-0.0944962790413867));
#1807=CARTESIAN_POINT('',(4.45,0.751101887516054,1.83186799063151E-15));
#1808=EDGE_LOOP('',(#4548,#4549,#4550,#4551,#4552,#4553,#4554));
#1809=CARTESIAN_POINT('',(4.85,0.660327379008893,-0.306604747365963));
#1810=CARTESIAN_POINT('',(4.85,0.705714633262474,-0.247798652724369));
#1811=CARTESIAN_POINT('',(4.85,0.751101887516056,-0.188992558082775));
#1812=CARTESIAN_POINT('',(4.45,0.660327379008893,-0.306604747365963));
#1813=CARTESIAN_POINT('',(4.45,0.705714633262474,-0.247798652724369));
#1814=CARTESIAN_POINT('',(4.45,0.751101887516056,-0.188992558082775));
#1815=EDGE_LOOP('',(#4555,#4556,#4557,#4558));
#1816=CARTESIAN_POINT('',(4.85,1.351,-0.548253812702721));
#1817=CARTESIAN_POINT('',(4.85,1.06503634487478,-0.548253812702721));
#1818=CARTESIAN_POINT('',(4.85,0.779072689749564,-0.548253812702721));
#1819=CARTESIAN_POINT('',(4.649,1.351,-0.548253812702721));
#1820=CARTESIAN_POINT('',(4.649,1.06503634487478,-0.548253812702721));
#1821=CARTESIAN_POINT('',(4.649,0.779072689749564,-0.548253812702721));
#1822=EDGE_LOOP('',(#4559,#4560,#4561,#4562));
#1824=CARTESIAN_POINT('',(4.85,0.779072689749564,-0.548253812702721));
#1825=CARTESIAN_POINT('',(4.85,0.68565015337039,-0.548253812702721));
#1826=CARTESIAN_POINT('',(4.85,0.644448472387839,-0.464407573742764));
#1827=CARTESIAN_POINT('',(4.85,0.603246791405288,-0.380561334782807));
#1828=CARTESIAN_POINT('',(4.85,0.660327379008893,-0.306604747365963));
#1829=CARTESIAN_POINT('',(4.6489463514068,0.779072689749564,-0.548253812702721));
#1830=CARTESIAN_POINT('',(4.6489463514068,0.68565015337039,-0.548253812702721));
#1831=CARTESIAN_POINT('',(4.6489463514068,0.644448472387839,-0.464407573742764));
#1832=CARTESIAN_POINT('',(4.6489463514068,0.603246791405288,-0.380561334782807));
#1833=CARTESIAN_POINT('',(4.6489463514068,0.660327379008893,-0.306604747365963));
#1840=EDGE_LOOP('',(#4563,#4564,#4565,#4566,#4567));
#1841=AXIS2_PLACEMENT_3D('',#4568,#4569,#4570);
#1842=EDGE_LOOP('',(#4571,#4572,#4573,#4574));
#1843=CARTESIAN_POINT('',(-4.85,0.751101887516054,1.88737914186277E-15));
#1844=CARTESIAN_POINT('',(-4.85,0.751101887516055,-0.0944962790413867));
#1845=CARTESIAN_POINT('',(-4.85,0.751101887516056,-0.188992558082775));
#1846=CARTESIAN_POINT('',(-4.45,0.751101887516054,1.83186799063151E-15));
#1847=CARTESIAN_POINT('',(-4.45,0.751101887516055,-0.0944962790413867));
#1848=CARTESIAN_POINT('',(-4.45,0.751101887516056,-0.188992558082775));
#1849=EDGE_LOOP('',(#4575,#4576,#4577,#4578));
#1851=CARTESIAN_POINT('',(-4.85,0.660327379008893,-0.306604747365963));
#1852=CARTESIAN_POINT('',(-4.85,0.603246791405288,-0.380561334782807));
#1853=CARTESIAN_POINT('',(-4.85,0.644448472387839,-0.464407573742764));
#1854=CARTESIAN_POINT('',(-4.85,0.68565015337039,-0.548253812702721));
#1855=CARTESIAN_POINT('',(-4.85,0.779072689749564,-0.548253812702721));
#1856=CARTESIAN_POINT('',(-4.6489463514068,0.660327379008893,-0.306604747365963));
#1857=CARTESIAN_POINT('',(-4.6489463514068,0.603246791405288,-0.380561334782807));
#1858=CARTESIAN_POINT('',(-4.6489463514068,0.644448472387839,-0.464407573742764));
#1859=CARTESIAN_POINT('',(-4.6489463514068,0.68565015337039,-0.548253812702721));
#1860=CARTESIAN_POINT('',(-4.6489463514068,0.779072689749564,-0.548253812702721));
#1867=EDGE_LOOP('',(#4579,#4580,#4581,#4582));
#1868=CARTESIAN_POINT('',(-4.85,0.779072689749564,-0.548253812702721));
#1869=CARTESIAN_POINT('',(-4.85,1.06503634487478,-0.548253812702721));
#1870=CARTESIAN_POINT('',(-4.85,1.351,-0.548253812702721));
#1871=CARTESIAN_POINT('',(-4.649,0.779072689749564,-0.548253812702721));
#1872=CARTESIAN_POINT('',(-4.649,1.06503634487478,-0.548253812702721));
#1873=CARTESIAN_POINT('',(-4.649,1.351,-0.548253812702721));
#1874=EDGE_LOOP('',(#4583,#4584,#4585,#4586,#4587,#4588,#4589));
#1875=CARTESIAN_POINT('',(-4.85,0.751101887516056,-0.188992558082775));
#1876=CARTESIAN_POINT('',(-4.85,0.705714633262474,-0.247798652724369));
#1877=CARTESIAN_POINT('',(-4.85,0.660327379008893,-0.306604747365963));
#1878=CARTESIAN_POINT('',(-4.45,0.751101887516056,-0.188992558082775));
#1879=CARTESIAN_POINT('',(-4.45,0.705714633262474,-0.247798652724369));
#1880=CARTESIAN_POINT('',(-4.45,0.660327379008893,-0.306604747365963));
#1881=EDGE_LOOP('',(#4590,#4591,#4592,#4593,#4594));
#1882=AXIS2_PLACEMENT_3D('',#4595,#4596,#4597);
#1883=EDGE_LOOP('',(#4598,#4599,#4600,#4601));
#1884=CARTESIAN_POINT('',(-4.85,-0.751101887516056,-0.188992558082775));
#1885=CARTESIAN_POINT('',(-4.85,-0.751101887516055,-0.0944962790413867));
#1886=CARTESIAN_POINT('',(-4.85,-0.751101887516054,1.83186799063151E-15));
#1887=CARTESIAN_POINT('',(-4.45,-0.751101887516056,-0.188992558082775));
#1888=CARTESIAN_POINT('',(-4.45,-0.751101887516055,-0.0944962790413868));
#1889=CARTESIAN_POINT('',(-4.45,-0.751101887516054,1.77635683940025E-15));
#1890=EDGE_LOOP('',(#4602,#4603,#4604,#4605,#4606,#4607,#4608));
#1891=CARTESIAN_POINT('',(-4.85,-0.660327379008892,-0.306604747365963));
#1892=CARTESIAN_POINT('',(-4.85,-0.705714633262474,-0.247798652724369));
#1893=CARTESIAN_POINT('',(-4.85,-0.751101887516056,-0.188992558082775));
#1894=CARTESIAN_POINT('',(-4.45,-0.660327379008892,-0.306604747365963));
#1895=CARTESIAN_POINT('',(-4.45,-0.705714633262474,-0.247798652724369));
#1896=CARTESIAN_POINT('',(-4.45,-0.751101887516056,-0.188992558082775));
#1897=EDGE_LOOP('',(#4609,#4610,#4611,#4612));
#1898=CARTESIAN_POINT('',(-4.85,-1.351,-0.548253812702721));
#1899=CARTESIAN_POINT('',(-4.85,-1.06503634487478,-0.548253812702721));
#1900=CARTESIAN_POINT('',(-4.85,-0.779072689749563,-0.548253812702721));
#1901=CARTESIAN_POINT('',(-4.649,-1.351,-0.548253812702721));
#1902=CARTESIAN_POINT('',(-4.649,-1.06503634487478,-0.548253812702721));
#1903=CARTESIAN_POINT('',(-4.649,-0.779072689749563,-0.548253812702721));
#1904=EDGE_LOOP('',(#4613,#4614,#4615,#4616));
#1906=CARTESIAN_POINT('',(-4.85,-0.779072689749563,-0.548253812702721));
#1907=CARTESIAN_POINT('',(-4.85,-0.685650153370389,-0.548253812702721));
#1908=CARTESIAN_POINT('',(-4.85,-0.644448472387839,-0.464407573742764));
#1909=CARTESIAN_POINT('',(-4.85,-0.603246791405288,-0.380561334782807));
#1910=CARTESIAN_POINT('',(-4.85,-0.660327379008892,-0.306604747365963));
#1911=CARTESIAN_POINT('',(-4.6489463514068,-0.779072689749563,-0.548253812702721));
#1912=CARTESIAN_POINT('',(-4.6489463514068,-0.685650153370389,-0.548253812702721));
#1913=CARTESIAN_POINT('',(-4.6489463514068,-0.644448472387839,-0.464407573742764));
#1914=CARTESIAN_POINT('',(-4.6489463514068,-0.603246791405288,-0.380561334782807));
#1915=CARTESIAN_POINT('',(-4.6489463514068,-0.660327379008892,-0.306604747365963));
#1922=EDGE_LOOP('',(#4617,#4618,#4619,#4620,#4621));
#1923=AXIS2_PLACEMENT_3D('',#4622,#4623,#4624);
#1924=EDGE_LOOP('',(#4625,#4626,#4627,#4628));
#1925=CARTESIAN_POINT('',(0.649999999999997,-1.95,-1.30000000000005));
#1926=CARTESIAN_POINT('',(-0.650000000000004,-1.94999999999999,-1.30000000000005));
#1927=CARTESIAN_POINT('',(0.649999999999994,-2.4,-1.30000000000005));
#1928=CARTESIAN_POINT('',(-0.650000000000006,-2.4,-1.30000000000005));
#1929=CARTESIAN_POINT('',(0.649999999999992,-2.85,-1.30000000000005));
#1930=CARTESIAN_POINT('',(-0.650000000000009,-2.85,-1.30000000000005));
#1931=EDGE_LOOP('',(#4629,#4630,#4631,#4632));
#1932=CARTESIAN_POINT('',(0.649999999999992,-2.85,-1.30000000000005));
#1933=CARTESIAN_POINT('',(-0.650000000000009,-2.85,-1.30000000000005));
#1934=CARTESIAN_POINT('',(0.649999999999992,-2.85,-0.750000000000049));
#1935=CARTESIAN_POINT('',(-0.650000000000009,-2.85,-0.750000000000049));
#1936=CARTESIAN_POINT('',(0.649999999999992,-2.85,-0.200000000000048));
#1937=CARTESIAN_POINT('',(-0.650000000000009,-2.85,-0.200000000000048));
#1938=EDGE_LOOP('',(#4633,#4634,#4635,#4636));
#1939=CARTESIAN_POINT('',(0.649999999999992,-2.85,-0.200000000000048));
#1940=CARTESIAN_POINT('',(-0.650000000000009,-2.85,-0.200000000000048));
#1941=CARTESIAN_POINT('',(0.649999999999997,-1.85,-0.200000000000048));
#1942=CARTESIAN_POINT('',(-0.650000000000003,-1.85,-0.200000000000048));
#1943=CARTESIAN_POINT('',(0.650000000000003,-0.850000000000005,-0.200000000000048));
#1944=CARTESIAN_POINT('',(-0.649999999999998,-0.849999999999998,-0.200000000000048));
#1945=EDGE_LOOP('',(#4637,#4638,#4639,#4640));
#1946=CARTESIAN_POINT('',(0.650000000000003,-0.850000000000005,-0.200000000000048));
#1947=CARTESIAN_POINT('',(-0.649999999999998,-0.849999999999998,-0.200000000000048));
#1948=CARTESIAN_POINT('',(0.650000000000003,-0.850000000000005,-0.400000000000047));
#1949=CARTESIAN_POINT('',(-0.649999999999998,-0.849999999999998,-0.400000000000047));
#1950=CARTESIAN_POINT('',(0.650000000000003,-0.850000000000005,-0.600000000000043));
#1951=CARTESIAN_POINT('',(-0.649999999999998,-0.849999999999998,-0.600000000000043));
#1952=EDGE_LOOP('',(#4641,#4642,#4643,#4644));
#1953=CARTESIAN_POINT('',(0.650000000000003,-0.850000000000005,-0.600000000000043));
#1954=CARTESIAN_POINT('',(-0.649999999999998,-0.849999999999998,-0.600000000000043));
#1955=CARTESIAN_POINT('',(0.650000000000001,-1.25,-0.600000000000043));
#1956=CARTESIAN_POINT('',(-0.65,-1.24999999999999,-0.600000000000043));
#1957=CARTESIAN_POINT('',(0.649999999999998,-1.64999999999999,-0.600000000000047));
#1958=CARTESIAN_POINT('',(-0.650000000000002,-1.64999999999998,-0.600000000000047));
#1959=EDGE_LOOP('',(#4645,#4646,#4647,#4648));
#1960=CARTESIAN_POINT('',(0.649999999999998,-1.64999999999999,-0.600000000000047));
#1961=CARTESIAN_POINT('',(-0.650000000000002,-1.64999999999998,-0.600000000000047));
#1962=CARTESIAN_POINT('',(0.649999999999998,-1.64999999999999,-0.800000000000053));
#1963=CARTESIAN_POINT('',(-0.650000000000002,-1.64999999999999,-0.800000000000053));
#1964=CARTESIAN_POINT('',(0.649999999999998,-1.65,-1.00000000000006));
#1965=CARTESIAN_POINT('',(-0.650000000000002,-1.64999999999999,-1.00000000000006));
#1966=EDGE_LOOP('',(#4649,#4650,#4651,#4652));
#1968=CARTESIAN_POINT('',(0.649999999999998,-1.65,-1.00000000000006));
#1969=CARTESIAN_POINT('',(-0.650000000000002,-1.64999999999999,-1.00000000000006));
#1970=CARTESIAN_POINT('',(0.649999999999998,-1.65000000000001,-1.30000000000005));
#1971=CARTESIAN_POINT('',(-0.650000000000002,-1.65,-1.30000000000005));
#1972=CARTESIAN_POINT('',(0.649999999999997,-1.95,-1.30000000000005));
#1973=CARTESIAN_POINT('',(-0.650000000000004,-1.94999999999999,-1.30000000000005));
#1980=EDGE_LOOP('',(#4653,#4654,#4655,#4656,#4657,#4658,#4659));
#1981=AXIS2_PLACEMENT_3D('',#4660,#4661,#4662);
#1982=EDGE_LOOP('',(#4663,#4664,#4665,#4666,#4667,#4668,#4669));
#1983=AXIS2_PLACEMENT_3D('',#4670,#4671,#4672);
#1984=EDGE_LOOP('',(#4673,#4674,#4675,#4676));
#1985=AXIS2_PLACEMENT_3D('',#4677,#4678,#4679);
#1986=EDGE_LOOP('',(#4680,#4681,#4682,#4683));
#1987=AXIS2_PLACEMENT_3D('',#4684,#4685,#4686);
#1988=EDGE_LOOP('',(#4687,#4688,#4689,#4690));
#1989=AXIS2_PLACEMENT_3D('',#4691,#4692,#4693);
#1990=EDGE_LOOP('',(#4694,#4695,#4696,#4697));
#1991=AXIS2_PLACEMENT_3D('',#4698,#4699,#4700);
#1992=EDGE_LOOP('',(#4701,#4702,#4703,#4704));
#1993=AXIS2_PLACEMENT_3D('',#4705,#4706,#4707);
#1994=EDGE_LOOP('',(#4708,#4709,#4710,#4711));
#1995=AXIS2_PLACEMENT_3D('',#4712,#4713,#4714);
#1996=EDGE_LOOP('',(#4715,#4716,#4717,#4718));
#1997=AXIS2_PLACEMENT_3D('',#4719,#4720,#4721);
#1998=EDGE_LOOP('',(#4722,#4723,#4724,#4725));
#1999=AXIS2_PLACEMENT_3D('',#4726,#4727,#4728);
#2000=EDGE_LOOP('',(#4729,#4730,#4731,#4732));
#2001=AXIS2_PLACEMENT_3D('',#4733,#4734,#4735);
#2002=EDGE_LOOP('',(#4736,#4737,#4738,#4739));
#2003=AXIS2_PLACEMENT_3D('',#4740,#4741,#4742);
#2004=EDGE_LOOP('',(#4743,#4744,#4745,#4746));
#2005=AXIS2_PLACEMENT_3D('',#4747,#4748,#4749);
#2006=EDGE_LOOP('',(#4750,#4751,#4752,#4753));
#2007=AXIS2_PLACEMENT_3D('',#4754,#4755,#4756);
#2008=EDGE_LOOP('',(#4757,#4758,#4759,#4760));
#2009=AXIS2_PLACEMENT_3D('',#4761,#4762,#4763);
#2010=EDGE_LOOP('',(#4764,#4765,#4766,#4767));
#2011=AXIS2_PLACEMENT_3D('',#4768,#4769,#4770);
#2012=EDGE_LOOP('',(#4771,#4772,#4773,#4774));
#2013=AXIS2_PLACEMENT_3D('',#4775,#4776,#4777);
#2014=EDGE_LOOP('',(#4778,#4779,#4780,#4781));
#2015=AXIS2_PLACEMENT_3D('',#4782,#4783,#4784);
#2016=EDGE_LOOP('',(#4785,#4786,#4787,#4788));
#2017=AXIS2_PLACEMENT_3D('',#4789,#4790,#4791);
#2018=EDGE_LOOP('',(#4792,#4793,#4794,#4795));
#2019=AXIS2_PLACEMENT_3D('',#4796,#4797,#4798);
#2020=EDGE_LOOP('',(#4799,#4800,#4801,#4802));
#2021=AXIS2_PLACEMENT_3D('',#4803,#4804,#4805);
#2022=EDGE_LOOP('',(#4806,#4807,#4808,#4809));
#2023=AXIS2_PLACEMENT_3D('',#4810,#4811,#4812);
#2024=EDGE_LOOP('',(#4813,#4814,#4815,#4816));
#2025=AXIS2_PLACEMENT_3D('',#4817,#4818,#4819);
#2026=EDGE_LOOP('',(#4820,#4821,#4822,#4823));
#2027=AXIS2_PLACEMENT_3D('',#4824,#4825,#4826);
#2028=EDGE_LOOP('',(#4827,#4828,#4829,#4830));
#2029=AXIS2_PLACEMENT_3D('',#4831,#4832,#4833);
#2030=EDGE_LOOP('',(#4834,#4835,#4836,#4837));
#2031=AXIS2_PLACEMENT_3D('',#4838,#4839,#4840);
#2032=EDGE_LOOP('',(#4841,#4842,#4843,#4844));
#2033=AXIS2_PLACEMENT_3D('',#4845,#4846,#4847);
#2034=EDGE_LOOP('',(#4848,#4849,#4850,#4851));
#2035=AXIS2_PLACEMENT_3D('',#4852,#4853,#4854);
#2036=EDGE_LOOP('',(#4855,#4856,#4857,#4858,#4859,#4860));
#2037=AXIS2_PLACEMENT_3D('',#4861,#4862,#4863);
#2038=EDGE_LOOP('',(#4864,#4865,#4866,#4867));
#2039=AXIS2_PLACEMENT_3D('',#4868,#4869,#4870);
#2040=EDGE_LOOP('',(#4871,#4872,#4873,#4874,#4875,#4876,#4877,#4878,#4879,#4880,#4881,#4882,#4883,#4884,#4885,#4886,#4887,#4888));
#2041=AXIS2_PLACEMENT_3D('',#4889,#4890,#4891);
#2042=EDGE_LOOP('',(#4892,#4893,#4894,#4895,#4896,#4897,#4898,#4899,#4900,#4901,#4902,#4903,#4904,#4905,#4906,#4907,#4908,#4909,#4910,#4911,#4912,#4913));
#2043=EDGE_LOOP('',(#4914,#4915,#4916,#4917,#4918,#4919,#4920,#4921,#4922,#4923,#4924,#4925,#4926,#4927,#4928,#4929,#4930,#4931,#4932,#4933));
#2044=EDGE_LOOP('',(#4934,#4935,#4936,#4937,#4938,#4939,#4940,#4941,#4942,#4943,#4944,#4945,#4946));
#2045=EDGE_LOOP('',(#4947,#4948,#4949,#4950,#4951,#4952,#4953,#4954));
#2046=EDGE_LOOP('',(#4955,#4956));
#2047=EDGE_LOOP('',(#4957,#4958));
#2048=EDGE_LOOP('',(#4959,#4960,#4961,#4962,#4963,#4964));
#2049=EDGE_LOOP('',(#4965,#4966,#4967,#4968,#4969,#4970,#4971,#4972,#4973,#4974,#4975,#4976,#4977,#4978,#4979));
#2050=EDGE_LOOP('',(#4980,#4981,#4982,#4983));
#2051=EDGE_LOOP('',(#4984,#4985,#4986,#4987,#4988,#4989,#4990,#4991,#4992,#4993,#4994,#4995,#4996,#4997));
#2052=EDGE_LOOP('',(#4998,#4999,#5000,#5001));
#2053=EDGE_LOOP('',(#5002,#5003,#5004,#5005,#5006,#5007,#5008,#5009,#5010,#5011));
#2054=EDGE_LOOP('',(#5012,#5013,#5014,#5015));
#2055=EDGE_LOOP('',(#5016,#5017,#5018,#5019));
#2056=EDGE_LOOP('',(#5020,#5021,#5022,#5023,#5024,#5025,#5026,#5027,#5028,#5029));
#2057=EDGE_LOOP('',(#5030,#5031,#5032,#5033,#5034,#5035,#5036,#5037,#5038,#5039));
#2058=EDGE_LOOP('',(#5040,#5041,#5042,#5043));
#2059=EDGE_LOOP('',(#5044,#5045,#5046,#5047));
#2060=EDGE_LOOP('',(#5048,#5049,#5050,#5051,#5052,#5053,#5054,#5055,#5056,#5057,#5058,#5059,#5060,#5061));
#2061=EDGE_LOOP('',(#5062,#5063,#5064,#5065,#5066,#5067,#5068,#5069));
#2062=AXIS2_PLACEMENT_3D('',#5070,#5071,#5072);
#2063=EDGE_LOOP('',(#5073,#5074,#5075,#5076));
#2064=AXIS2_PLACEMENT_3D('',#5077,#5078,#5079);
#2065=EDGE_LOOP('',(#5080,#5081,#5082,#5083,#5084,#5085));
#2066=AXIS2_PLACEMENT_3D('',#5086,#5087,#5088);
#2067=EDGE_LOOP('',(#5089,#5090,#5091,#5092));
#2068=AXIS2_PLACEMENT_3D('',#5093,#5094,#5095);
#2069=EDGE_LOOP('',(#5096,#5097,#5098,#5099,#5100,#5101));
#2070=CARTESIAN_POINT('',(-4.65,-0.780072689749564,-0.549653812702718));
#2071=CARTESIAN_POINT('',(-4.65,0.780072689749563,-0.549653812702718));
#2072=CARTESIAN_POINT('',(-4.65,-0.780072689749564,-0.374826906351359));
#2073=CARTESIAN_POINT('',(-4.65,0.780072689749563,-0.374826906351359));
#2074=CARTESIAN_POINT('',(-4.65,-0.780072689749564,-0.2));
#2075=CARTESIAN_POINT('',(-4.65,0.780072689749563,-0.2));
#2076=EDGE_LOOP('',(#5102,#5103,#5104,#5105));
#2078=CARTESIAN_POINT('',(4.85,-0.660327379008892,-0.306604747365963));
#2079=CARTESIAN_POINT('',(4.6489463514068,-0.660327379008892,-0.306604747365963));
#2080=CARTESIAN_POINT('',(4.85,-0.603246791405288,-0.380561334782807));
#2081=CARTESIAN_POINT('',(4.6489463514068,-0.603246791405288,-0.380561334782807));
#2082=CARTESIAN_POINT('',(4.85,-0.644448472387839,-0.464407573742764));
#2083=CARTESIAN_POINT('',(4.6489463514068,-0.644448472387839,-0.464407573742764));
#2084=CARTESIAN_POINT('',(4.85,-0.685650153370389,-0.548253812702721));
#2085=CARTESIAN_POINT('',(4.6489463514068,-0.685650153370389,-0.548253812702721));
#2086=CARTESIAN_POINT('',(4.85,-0.779072689749563,-0.548253812702722));
#2087=CARTESIAN_POINT('',(4.6489463514068,-0.779072689749563,-0.548253812702721));
#2094=EDGE_LOOP('',(#5106,#5107,#5108,#5109));
#2095=AXIS2_PLACEMENT_3D('',#5110,#5111,#5112);
#2096=EDGE_LOOP('',(#5113,#5114,#5115,#5116));
#2098=CARTESIAN_POINT('',(4.85,0.779072689749564,-0.548253812702721));
#2099=CARTESIAN_POINT('',(4.6489463514068,0.779072689749564,-0.548253812702721));
#2100=CARTESIAN_POINT('',(4.85,0.68565015337039,-0.548253812702721));
#2101=CARTESIAN_POINT('',(4.6489463514068,0.68565015337039,-0.548253812702721));
#2102=CARTESIAN_POINT('',(4.85,0.644448472387839,-0.464407573742764));
#2103=CARTESIAN_POINT('',(4.6489463514068,0.644448472387839,-0.464407573742764));
#2104=CARTESIAN_POINT('',(4.85,0.603246791405288,-0.380561334782807));
#2105=CARTESIAN_POINT('',(4.6489463514068,0.603246791405288,-0.380561334782807));
#2106=CARTESIAN_POINT('',(4.85,0.660327379008893,-0.306604747365963));
#2107=CARTESIAN_POINT('',(4.6489463514068,0.660327379008893,-0.306604747365963));
#2114=EDGE_LOOP('',(#5117,#5118,#5119,#5120));
#2116=CARTESIAN_POINT('',(-4.85,0.660327379008893,-0.306604747365963));
#2117=CARTESIAN_POINT('',(-4.6489463514068,0.660327379008893,-0.306604747365963));
#2118=CARTESIAN_POINT('',(-4.85,0.603246791405288,-0.380561334782807));
#2119=CARTESIAN_POINT('',(-4.6489463514068,0.603246791405288,-0.380561334782807));
#2120=CARTESIAN_POINT('',(-4.85,0.644448472387839,-0.464407573742764));
#2121=CARTESIAN_POINT('',(-4.6489463514068,0.644448472387839,-0.464407573742764));
#2122=CARTESIAN_POINT('',(-4.85,0.68565015337039,-0.548253812702721));
#2123=CARTESIAN_POINT('',(-4.6489463514068,0.68565015337039,-0.548253812702721));
#2124=CARTESIAN_POINT('',(-4.85,0.779072689749564,-0.548253812702721));
#2125=CARTESIAN_POINT('',(-4.6489463514068,0.779072689749564,-0.548253812702721));
#2132=EDGE_LOOP('',(#5121,#5122,#5123,#5124));
#2133=AXIS2_PLACEMENT_3D('',#5125,#5126,#5127);
#2134=EDGE_LOOP('',(#5128,#5129,#5130,#5131));
#2136=CARTESIAN_POINT('',(-4.85,-0.779072689749563,-0.548253812702721));
#2137=CARTESIAN_POINT('',(-4.6489463514068,-0.779072689749563,-0.548253812702721));
#2138=CARTESIAN_POINT('',(-4.85,-0.685650153370389,-0.548253812702721));
#2139=CARTESIAN_POINT('',(-4.6489463514068,-0.685650153370389,-0.548253812702721));
#2140=CARTESIAN_POINT('',(-4.85,-0.644448472387839,-0.464407573742764));
#2141=CARTESIAN_POINT('',(-4.6489463514068,-0.644448472387839,-0.464407573742764));
#2142=CARTESIAN_POINT('',(-4.85,-0.603246791405288,-0.380561334782807));
#2143=CARTESIAN_POINT('',(-4.6489463514068,-0.603246791405288,-0.380561334782807));
#2144=CARTESIAN_POINT('',(-4.85,-0.660327379008892,-0.306604747365963));
#2145=CARTESIAN_POINT('',(-4.6489463514068,-0.660327379008892,-0.306604747365963));
#2152=EDGE_LOOP('',(#5132,#5133,#5134,#5135,#5136,#5137));
#2153=AXIS2_PLACEMENT_3D('',#5138,#5139,#5140);
#2154=EDGE_LOOP('',(#5141,#5142,#5143,#5144,#5145,#5146));
#2155=AXIS2_PLACEMENT_3D('',#5147,#5148,#5149);
#2156=EDGE_LOOP('',(#5150,#5151,#5152,#5153,#5154,#5155));
#2157=AXIS2_PLACEMENT_3D('',#5156,#5157,#5158);
#2158=EDGE_LOOP('',(#5159,#5160,#5161,#5162,#5163,#5164));
#2159=AXIS2_PLACEMENT_3D('',#5165,#5166,#5167);
#2160=EDGE_LOOP('',(#5168,#5169,#5170,#5171,#5172,#5173));
#2161=AXIS2_PLACEMENT_3D('',#5174,#5175,#5176);
#2162=EDGE_LOOP('',(#5177,#5178,#5179,#5180));
#2163=AXIS2_PLACEMENT_3D('',#5181,#5182,#5183);
#2164=EDGE_LOOP('',(#5184,#5185,#5186,#5187,#5188,#5189));
#2165=AXIS2_PLACEMENT_3D('',#5190,#5191,#5192);
#2166=EDGE_LOOP('',(#5193,#5194,#5195,#5196));
#2167=AXIS2_PLACEMENT_3D('',#5197,#5198,#5199);
#2168=EDGE_LOOP('',(#5200,#5201,#5202,#5203,#5204,#5205));
#2169=CARTESIAN_POINT('',(4.65,-0.780072689749563,-0.199999999999997));
#2170=CARTESIAN_POINT('',(4.65,0.780072689749564,-0.199999999999997));
#2171=CARTESIAN_POINT('',(4.65,-0.780072689749563,-0.374826906351357));
#2172=CARTESIAN_POINT('',(4.65,0.780072689749564,-0.374826906351357));
#2173=CARTESIAN_POINT('',(4.65,-0.780072689749563,-0.549653812702718));
#2174=CARTESIAN_POINT('',(4.65,0.780072689749564,-0.549653812702718));
#2175=EDGE_LOOP('',(#5206,#5207,#5208,#5209));
#2176=CARTESIAN_POINT('',(4.85,-0.743217204637445,-0.199208364595062));
#2177=CARTESIAN_POINT('',(4.649,-0.743217204637445,-0.199208364595062));
#2178=CARTESIAN_POINT('',(4.85,-0.701772291823168,-0.252906555980513));
#2179=CARTESIAN_POINT('',(4.649,-0.701772291823168,-0.252906555980513));
#2180=CARTESIAN_POINT('',(4.85,-0.660327379008892,-0.306604747365963));
#2181=CARTESIAN_POINT('',(4.649,-0.660327379008892,-0.306604747365963));
#2182=EDGE_LOOP('',(#5210,#5211,#5212,#5213));
#2183=CARTESIAN_POINT('',(4.85,0.660327379008893,-0.306604747365963));
#2184=CARTESIAN_POINT('',(4.649,0.660327379008893,-0.306604747365963));
#2185=CARTESIAN_POINT('',(4.85,0.701772291823169,-0.252906555980512));
#2186=CARTESIAN_POINT('',(4.649,0.701772291823169,-0.252906555980512));
#2187=CARTESIAN_POINT('',(4.85,0.743217204637445,-0.199208364595062));
#2188=CARTESIAN_POINT('',(4.649,0.743217204637445,-0.199208364595062));
#2189=EDGE_LOOP('',(#5214,#5215,#5216,#5217));
#2190=AXIS2_PLACEMENT_3D('',#5218,#5219,#5220);
#2191=EDGE_LOOP('',(#5221,#5222,#5223,#5224));
#2192=CARTESIAN_POINT('',(-4.85,0.743217204637445,-0.199208364595062));
#2193=CARTESIAN_POINT('',(-4.649,0.743217204637445,-0.199208364595062));
#2194=CARTESIAN_POINT('',(-4.85,0.701772291823168,-0.252906555980512));
#2195=CARTESIAN_POINT('',(-4.649,0.701772291823168,-0.252906555980512));
#2196=CARTESIAN_POINT('',(-4.85,0.660327379008893,-0.306604747365963));
#2197=CARTESIAN_POINT('',(-4.649,0.660327379008893,-0.306604747365963));
#2198=EDGE_LOOP('',(#5225,#5226,#5227,#5228));
#2199=CARTESIAN_POINT('',(-4.85,-0.660327379008892,-0.306604747365963));
#2200=CARTESIAN_POINT('',(-4.649,-0.660327379008892,-0.306604747365963));
#2201=CARTESIAN_POINT('',(-4.85,-0.701772291823168,-0.252906555980513));
#2202=CARTESIAN_POINT('',(-4.649,-0.701772291823168,-0.252906555980513));
#2203=CARTESIAN_POINT('',(-4.85,-0.743217204637445,-0.199208364595062));
#2204=CARTESIAN_POINT('',(-4.649,-0.743217204637445,-0.199208364595062));
#2205=EDGE_LOOP('',(#5229,#5230,#5231,#5232));
#2206=AXIS2_PLACEMENT_3D('',#5233,#5234,#5235);
#2207=EDGE_LOOP('',(#5236,#5237,#5238,#5239));
#2208=AXIS2_PLACEMENT_3D('',#5240,#5241,#5242);
#2209=EDGE_LOOP('',(#5243,#5244,#5245,#5246));
#2210=AXIS2_PLACEMENT_3D('',#5247,#5248,#5249);
#2211=EDGE_LOOP('',(#5250,#5251,#5252,#5253));
#2212=AXIS2_PLACEMENT_3D('',#5254,#5255,#5256);
#2213=EDGE_LOOP('',(#5257,#5258,#5259,#5260));
#2214=AXIS2_PLACEMENT_3D('',#5261,#5262,#5263);
#2215=EDGE_LOOP('',(#5264,#5265,#5266,#5267,#5268,#5269,#5270,#5271,#5272,#5273,#5274,#5275,#5276,#5277,#5278,#5279,#5280,#5281,#5282,#5283,#5284,#5285,#5286,#5287));
#2216=AXIS2_PLACEMENT_3D('',#5288,#5289,#5290);
#2217=EDGE_LOOP('',(#5291,#5292,#5293,#5294));
#2218=AXIS2_PLACEMENT_3D('',#5295,#5296,#5297);
#2219=EDGE_LOOP('',(#5298,#5299,#5300,#5301));
#2220=AXIS2_PLACEMENT_3D('',#5302,#5303,#5304);
#2221=EDGE_LOOP('',(#5305,#5306,#5307,#5308));
#2222=AXIS2_PLACEMENT_3D('',#5309,#5310,#5311);
#2223=EDGE_LOOP('',(#5312,#5313,#5314,#5315,#5316,#5317));
#2224=AXIS2_PLACEMENT_3D('',#5318,#5319,#5320);
#2225=EDGE_LOOP('',(#5321,#5322,#5323,#5324));
#2226=AXIS2_PLACEMENT_3D('',#5325,#5326,#5327);
#2227=EDGE_LOOP('',(#5328,#5329,#5330,#5331));
#2228=AXIS2_PLACEMENT_3D('',#5332,#5333,#5334);
#2229=EDGE_LOOP('',(#5335,#5336,#5337,#5338));
#2230=AXIS2_PLACEMENT_3D('',#5339,#5340,#5341);
#2231=EDGE_LOOP('',(#5342,#5343,#5344,#5345,#5346,#5347));
#2232=AXIS2_PLACEMENT_3D('',#5348,#5349,#5350);
#2233=EDGE_LOOP('',(#5351,#5352,#5353,#5354));
#2234=AXIS2_PLACEMENT_3D('',#5355,#5356,#5357);
#2235=EDGE_LOOP('',(#5358,#5359,#5360,#5361));
#2237=CARTESIAN_POINT('',(4.76723390507802,-0.750047620889091,-0.159960826439526));
#2238=CARTESIAN_POINT('',(4.76723390507802,-1.35105426662696,-0.159960826439529));
#2239=CARTESIAN_POINT('',(4.71078212164081,-0.750047620889094,-0.132651542886023));
#2240=CARTESIAN_POINT('',(4.71078212164082,-1.35105426662696,-0.132651542886027));
#2241=CARTESIAN_POINT('',(4.71078212164081,-0.750047620889092,-0.0699410906356489));
#2242=CARTESIAN_POINT('',(4.71078212164082,-1.35105426662696,-0.0699410906356517));
#2249=EDGE_LOOP('',(#5362,#5363,#5364,#5365));
#2250=AXIS2_PLACEMENT_3D('',#5366,#5367,#5368);
#2251=EDGE_LOOP('',(#5369,#5370,#5371,#5372));
#2253=CARTESIAN_POINT('',(4.71078212164081,0.750047620889092,-0.0699410906356491));
#2254=CARTESIAN_POINT('',(4.71078212164081,1.35105426662696,-0.0699410906356464));
#2255=CARTESIAN_POINT('',(4.71078212164081,0.750047620889144,-0.132651542886026));
#2256=CARTESIAN_POINT('',(4.71078212164081,1.35105426662701,-0.132651542886022));
#2257=CARTESIAN_POINT('',(4.76723390507802,0.750047620889092,-0.159960826439527));
#2258=CARTESIAN_POINT('',(4.76723390507801,1.35105426662696,-0.159960826439524));
#2265=EDGE_LOOP('',(#5373,#5374,#5375,#5376));
#2266=AXIS2_PLACEMENT_3D('',#5377,#5378,#5379);
#2267=EDGE_LOOP('',(#5380,#5381,#5382,#5383));
#2269=CARTESIAN_POINT('',(-4.71078212164082,-0.750047620889087,-0.0699410906356491));
#2270=CARTESIAN_POINT('',(-4.71078212164081,-1.35105426662696,-0.0699410906356518));
#2271=CARTESIAN_POINT('',(-4.71078212164082,-0.750047620889111,-0.132651542886025));
#2272=CARTESIAN_POINT('',(-4.71078212164081,-1.35105426662699,-0.132651542886029));
#2273=CARTESIAN_POINT('',(-4.76723390507802,-0.750047620889088,-0.159960826439527));
#2274=CARTESIAN_POINT('',(-4.76723390507802,-1.35105426662697,-0.15996082643953));
#2281=EDGE_LOOP('',(#5384,#5385,#5386,#5387));
#2282=AXIS2_PLACEMENT_3D('',#5388,#5389,#5390);
#2283=EDGE_LOOP('',(#5391,#5392,#5393,#5394));
#2285=CARTESIAN_POINT('',(-4.76723390507801,0.750047620889097,-0.159960826439527));
#2286=CARTESIAN_POINT('',(-4.76723390507802,1.35105426662696,-0.159960826439524));
#2287=CARTESIAN_POINT('',(-4.71078212164081,0.750047620889058,-0.132651542886026));
#2288=CARTESIAN_POINT('',(-4.71078212164081,1.35105426662692,-0.132651542886023));
#2289=CARTESIAN_POINT('',(-4.71078212164081,0.750047620889096,-0.0699410906356491));
#2290=CARTESIAN_POINT('',(-4.71078212164081,1.35105426662696,-0.0699410906356465));
#2297=EDGE_LOOP('',(#5395,#5396,#5397,#5398));
#2298=CARTESIAN_POINT('',(3.0606160062182,-1.35,-0.563341089021886));
#2299=CARTESIAN_POINT('',(3.1039881115638,-1.35,-0.488809459491419));
#2300=CARTESIAN_POINT('',(3.1473602169094,-1.35,-0.414277829960954));
#2301=CARTESIAN_POINT('',(3.0606160062182,-1.25,-0.563341089021886));
#2302=CARTESIAN_POINT('',(3.1039881115638,-1.25,-0.488809459491419));
#2303=CARTESIAN_POINT('',(3.1473602169094,-1.25,-0.414277829960954));
#2304=EDGE_LOOP('',(#5399,#5400,#5401,#5402));
#2305=CARTESIAN_POINT('',(3.1473602169094,-1.35,-0.414277829960954));
#2306=CARTESIAN_POINT('',(3.23596229932867,-1.35,-0.414277829960953));
#2307=CARTESIAN_POINT('',(3.32456438174794,-1.35,-0.414277829960953));
#2308=CARTESIAN_POINT('',(3.1473602169094,-1.25,-0.414277829960954));
#2309=CARTESIAN_POINT('',(3.23596229932867,-1.25,-0.414277829960953));
#2310=CARTESIAN_POINT('',(3.32456438174794,-1.25,-0.414277829960953));
#2311=EDGE_LOOP('',(#5403,#5404,#5405,#5406));
#2312=CARTESIAN_POINT('',(3.32456438174794,-1.35,-0.414277829960953));
#2313=CARTESIAN_POINT('',(3.24054341120794,-1.35,-0.538780842432177));
#2314=CARTESIAN_POINT('',(3.15652244066794,-1.35,-0.663283854903399));
#2315=CARTESIAN_POINT('',(3.32456438174794,-1.25,-0.414277829960953));
#2316=CARTESIAN_POINT('',(3.24054341120794,-1.25,-0.538780842432177));
#2317=CARTESIAN_POINT('',(3.15652244066794,-1.25,-0.663283854903399));
#2318=EDGE_LOOP('',(#5407,#5408,#5409,#5410));
#2319=CARTESIAN_POINT('',(3.15652244066794,-1.35,-0.663283854903399));
#2320=CARTESIAN_POINT('',(3.13849364535452,-1.35,-0.657118642691704));
#2321=CARTESIAN_POINT('',(3.12046485004109,-1.35,-0.650953430480007));
#2322=CARTESIAN_POINT('',(3.15652244066794,-1.25,-0.663283854903399));
#2323=CARTESIAN_POINT('',(3.13849364535452,-1.25,-0.657118642691704));
#2324=CARTESIAN_POINT('',(3.12046485004109,-1.25,-0.650953430480007));
#2325=EDGE_LOOP('',(#5411,#5412,#5413,#5414));
#2326=CARTESIAN_POINT('',(3.12046485004109,-1.35,-0.650953430480007));
#2327=CARTESIAN_POINT('',(3.20584992781859,-1.35,-0.792560493728186));
#2328=CARTESIAN_POINT('',(3.29123500559608,-1.35,-0.934167556976365));
#2329=CARTESIAN_POINT('',(3.12046485004109,-1.25,-0.650953430480007));
#2330=CARTESIAN_POINT('',(3.20584992781859,-1.25,-0.792560493728186));
#2331=CARTESIAN_POINT('',(3.29123500559608,-1.25,-0.934167556976365));
#2332=EDGE_LOOP('',(#5415,#5416,#5417,#5418));
#2333=CARTESIAN_POINT('',(3.29123500559608,-1.35,-0.934167556976365));
#2334=CARTESIAN_POINT('',(3.20522398410533,-1.35,-0.934167556976365));
#2335=CARTESIAN_POINT('',(3.11921296261458,-1.35,-0.934167556976365));
#2336=CARTESIAN_POINT('',(3.29123500559608,-1.25,-0.934167556976365));
#2337=CARTESIAN_POINT('',(3.20522398410533,-1.25,-0.934167556976365));
#2338=CARTESIAN_POINT('',(3.11921296261458,-1.25,-0.934167556976365));
#2339=EDGE_LOOP('',(#5419,#5420,#5421,#5422));
#2340=CARTESIAN_POINT('',(3.11921296261458,-1.35,-0.934167556976365));
#2341=CARTESIAN_POINT('',(3.08870952116238,-1.35,-0.890351634194565));
#2342=CARTESIAN_POINT('',(3.05820607971019,-1.35,-0.846535711412766));
#2343=CARTESIAN_POINT('',(3.11921296261458,-1.25,-0.934167556976365));
#2344=CARTESIAN_POINT('',(3.08870952116238,-1.25,-0.890351634194565));
#2345=CARTESIAN_POINT('',(3.05820607971019,-1.25,-0.846535711412766));
#2346=EDGE_LOOP('',(#5423,#5424,#5425,#5426));
#2348=CARTESIAN_POINT('',(3.05820607971019,-1.35,-0.846535711412766));
#2349=CARTESIAN_POINT('',(3.05205586170659,-1.35,-0.837701381110737));
#2350=CARTESIAN_POINT('',(3.05527922511938,-1.35,-0.827431011025573));
#2351=CARTESIAN_POINT('',(3.05820607971019,-1.25,-0.846535711412766));
#2352=CARTESIAN_POINT('',(3.05205586170659,-1.25,-0.837701381110737));
#2353=CARTESIAN_POINT('',(3.05527922511938,-1.25,-0.827431011025573));
#2360=EDGE_LOOP('',(#5427,#5428,#5429,#5430));
#2361=CARTESIAN_POINT('',(3.05527922511938,-1.35,-0.827431011025573));
#2362=CARTESIAN_POINT('',(3.05954309241744,-1.35,-0.813845358544994));
#2363=CARTESIAN_POINT('',(3.06380695971549,-1.35,-0.800259706064414));
#2364=CARTESIAN_POINT('',(3.05527922511938,-1.25,-0.827431011025573));
#2365=CARTESIAN_POINT('',(3.05954309241744,-1.25,-0.813845358544994));
#2366=CARTESIAN_POINT('',(3.06380695971549,-1.25,-0.800259706064414));
#2367=EDGE_LOOP('',(#5431,#5432,#5433,#5434));
#2368=CARTESIAN_POINT('',(3.06380695971549,-1.35,-0.800259706064414));
#2369=CARTESIAN_POINT('',(3.05446263269087,-1.35,-0.813997902198821));
#2370=CARTESIAN_POINT('',(3.04511830566625,-1.35,-0.827736098333229));
#2371=CARTESIAN_POINT('',(3.06380695971549,-1.25,-0.800259706064414));
#2372=CARTESIAN_POINT('',(3.05446263269087,-1.25,-0.813997902198821));
#2373=CARTESIAN_POINT('',(3.04511830566625,-1.25,-0.827736098333229));
#2374=EDGE_LOOP('',(#5435,#5436,#5437,#5438));
#2375=CARTESIAN_POINT('',(3.04511830566625,-1.35,-0.827736098333229));
#2376=CARTESIAN_POINT('',(3.03840789841018,-1.35,-0.818097097873977));
#2377=CARTESIAN_POINT('',(3.03169749115411,-1.35,-0.808458097414724));
#2378=CARTESIAN_POINT('',(3.04511830566625,-1.25,-0.827736098333229));
#2379=CARTESIAN_POINT('',(3.03840789841018,-1.25,-0.818097097873977));
#2380=CARTESIAN_POINT('',(3.03169749115411,-1.25,-0.808458097414724));
#2381=EDGE_LOOP('',(#5439,#5440,#5441,#5442));
#2382=CARTESIAN_POINT('',(3.03169749115411,-1.35,-0.808458097414724));
#2383=CARTESIAN_POINT('',(2.9895775319927,-1.35,-0.87038361207275));
#2384=CARTESIAN_POINT('',(2.9474575728313,-1.35,-0.932309126730775));
#2385=CARTESIAN_POINT('',(3.03169749115411,-1.25,-0.808458097414724));
#2386=CARTESIAN_POINT('',(2.9895775319927,-1.25,-0.87038361207275));
#2387=CARTESIAN_POINT('',(2.9474575728313,-1.25,-0.932309126730775));
#2388=EDGE_LOOP('',(#5443,#5444,#5445,#5446));
#2389=CARTESIAN_POINT('',(2.9474575728313,-1.35,-0.932309126730775));
#2390=CARTESIAN_POINT('',(2.8554391154511,-1.35,-0.932309126730774));
#2391=CARTESIAN_POINT('',(2.7634206580709,-1.35,-0.932309126730774));
#2392=CARTESIAN_POINT('',(2.9474575728313,-1.25,-0.932309126730775));
#2393=CARTESIAN_POINT('',(2.8554391154511,-1.25,-0.932309126730774));
#2394=CARTESIAN_POINT('',(2.7634206580709,-1.25,-0.932309126730774));
#2395=EDGE_LOOP('',(#5447,#5448,#5449,#5450));
#2396=CARTESIAN_POINT('',(2.7634206580709,-1.35,-0.932309126730774));
#2397=CARTESIAN_POINT('',(2.85178857926518,-1.35,-0.804637702944242));
#2398=CARTESIAN_POINT('',(2.94015650045946,-1.35,-0.67696627915771));
#2399=CARTESIAN_POINT('',(2.7634206580709,-1.25,-0.932309126730774));
#2400=CARTESIAN_POINT('',(2.85178857926518,-1.25,-0.804637702944242));
#2401=CARTESIAN_POINT('',(2.94015650045946,-1.25,-0.67696627915771));
#2402=EDGE_LOOP('',(#5451,#5452,#5453,#5454));
#2403=CARTESIAN_POINT('',(2.94015650045946,-1.35,-0.67696627915771));
#2404=CARTESIAN_POINT('',(2.84932529691973,-1.35,-0.546494017307823));
#2405=CARTESIAN_POINT('',(2.75849409338,-1.35,-0.416021755457937));
#2406=CARTESIAN_POINT('',(2.94015650045946,-1.25,-0.67696627915771));
#2407=CARTESIAN_POINT('',(2.84932529691973,-1.25,-0.546494017307823));
#2408=CARTESIAN_POINT('',(2.75849409338,-1.25,-0.416021755457937));
#2409=EDGE_LOOP('',(#5455,#5456,#5457,#5458));
#2410=CARTESIAN_POINT('',(2.75849409338,-1.35,-0.416021755457937));
#2411=CARTESIAN_POINT('',(2.86206770560234,-1.35,-0.416383445060713));
#2412=CARTESIAN_POINT('',(2.96564131782468,-1.35,-0.41674513466349));
#2413=CARTESIAN_POINT('',(2.75849409338,-1.25,-0.416021755457937));
#2414=CARTESIAN_POINT('',(2.86206770560234,-1.25,-0.416383445060713));
#2415=CARTESIAN_POINT('',(2.96564131782468,-1.25,-0.41674513466349));
#2416=EDGE_LOOP('',(#5459,#5460,#5461,#5462));
#2417=CARTESIAN_POINT('',(2.96564131782468,-1.35,-0.41674513466349));
#2418=CARTESIAN_POINT('',(2.99682558523275,-1.35,-0.468678945156795));
#2419=CARTESIAN_POINT('',(3.02800985264082,-1.35,-0.520612755650102));
#2420=CARTESIAN_POINT('',(2.96564131782468,-1.25,-0.41674513466349));
#2421=CARTESIAN_POINT('',(2.99682558523275,-1.25,-0.468678945156795));
#2422=CARTESIAN_POINT('',(3.02800985264082,-1.25,-0.520612755650102));
#2423=EDGE_LOOP('',(#5463,#5464,#5465,#5466));
#2424=CARTESIAN_POINT('',(3.02800985264082,-1.35,-0.520612755650102));
#2425=CARTESIAN_POINT('',(3.00816512214279,-1.35,-0.574435440111754));
#2426=CARTESIAN_POINT('',(2.98832039164477,-1.35,-0.628258124573405));
#2427=CARTESIAN_POINT('',(3.02800985264082,-1.25,-0.520612755650102));
#2428=CARTESIAN_POINT('',(3.00816512214279,-1.25,-0.574435440111754));
#2429=CARTESIAN_POINT('',(2.98832039164477,-1.25,-0.628258124573405));
#2430=EDGE_LOOP('',(#5467,#5468,#5469,#5470));
#2431=CARTESIAN_POINT('',(2.98832039164477,-1.35,-0.628258124573405));
#2432=CARTESIAN_POINT('',(3.01761473623454,-1.35,-0.585766866386567));
#2433=CARTESIAN_POINT('',(3.0469090808243,-1.35,-0.543275608199731));
#2434=CARTESIAN_POINT('',(2.98832039164477,-1.25,-0.628258124573405));
#2435=CARTESIAN_POINT('',(3.01761473623454,-1.25,-0.585766866386567));
#2436=CARTESIAN_POINT('',(3.0469090808243,-1.25,-0.543275608199731));
#2437=EDGE_LOOP('',(#5471,#5472,#5473,#5474));
#2438=CARTESIAN_POINT('',(3.0469090808243,-1.35,-0.543275608199731));
#2439=CARTESIAN_POINT('',(3.05376254352125,-1.35,-0.553308348610809));
#2440=CARTESIAN_POINT('',(3.0606160062182,-1.35,-0.563341089021886));
#2441=CARTESIAN_POINT('',(3.0469090808243,-1.25,-0.543275608199731));
#2442=CARTESIAN_POINT('',(3.05376254352125,-1.25,-0.553308348610809));
#2443=CARTESIAN_POINT('',(3.0606160062182,-1.25,-0.563341089021886));
#2444=EDGE_LOOP('',(#5475,#5476,#5477,#5478,#5479,#5480,#5481,#5482,#5483,#5484,#5485,#5486,#5487,#5488,#5489,#5490,#5491,#5492,#5493,#5494));
#2445=AXIS2_PLACEMENT_3D('',#5495,#5496,#5497);
#2446=EDGE_LOOP('',(#5498,#5499,#5500,#5501));
#2448=CARTESIAN_POINT('',(3.55968938749089,-1.35,-0.501407728698594));
#2449=CARTESIAN_POINT('',(3.55968938749092,-1.35,-0.511848393909885));
#2450=CARTESIAN_POINT('',(3.55367040636205,-1.35,-0.520379475683294));
#2451=CARTESIAN_POINT('',(3.55968938749089,-1.25,-0.501407728698594));
#2452=CARTESIAN_POINT('',(3.55968938749092,-1.25,-0.511848393909885));
#2453=CARTESIAN_POINT('',(3.55367040636205,-1.25,-0.520379475683294));
#2460=EDGE_LOOP('',(#5502,#5503,#5504,#5505));
#2461=AXIS2_PLACEMENT_3D('',#5506,#5507,#5508);
#2462=EDGE_LOOP('',(#5509,#5510,#5511,#5512));
#2463=AXIS2_PLACEMENT_3D('',#5513,#5514,#5515);
#2464=EDGE_LOOP('',(#5516,#5517,#5518,#5519));
#2465=AXIS2_PLACEMENT_3D('',#5520,#5521,#5522);
#2466=EDGE_LOOP('',(#5523,#5524,#5525,#5526));
#2467=AXIS2_PLACEMENT_3D('',#5527,#5528,#5529);
#2468=EDGE_LOOP('',(#5530,#5531,#5532,#5533));
#2470=CARTESIAN_POINT('',(3.34567050320544,-1.35,-0.63224578346688));
#2471=CARTESIAN_POINT('',(3.34567050320545,-1.35,-0.639416852179949));
#2472=CARTESIAN_POINT('',(3.34143512208477,-1.35,-0.645203541496834));
#2473=CARTESIAN_POINT('',(3.34567050320544,-1.25,-0.63224578346688));
#2474=CARTESIAN_POINT('',(3.34567050320545,-1.25,-0.639416852179949));
#2475=CARTESIAN_POINT('',(3.34143512208477,-1.25,-0.645203541496834));
#2482=EDGE_LOOP('',(#5534,#5535,#5536,#5537));
#2483=AXIS2_PLACEMENT_3D('',#5538,#5539,#5540);
#2484=EDGE_LOOP('',(#5541,#5542,#5543,#5544));
#2485=AXIS2_PLACEMENT_3D('',#5545,#5546,#5547);
#2486=EDGE_LOOP('',(#5548,#5549,#5550,#5551));
#2488=CARTESIAN_POINT('',(3.25876792022615,-1.35,-0.646733972865239));
#2489=CARTESIAN_POINT('',(3.25854177435073,-1.35,-0.639612960049963));
#2490=CARTESIAN_POINT('',(3.26254255739532,-1.35,-0.633717733124527));
#2491=CARTESIAN_POINT('',(3.25876792022615,-1.25,-0.646733972865239));
#2492=CARTESIAN_POINT('',(3.25854177435073,-1.25,-0.639612960049963));
#2493=CARTESIAN_POINT('',(3.26254255739532,-1.25,-0.633717733124527));
#2500=EDGE_LOOP('',(#5552,#5553,#5554,#5555));
#2501=AXIS2_PLACEMENT_3D('',#5556,#5557,#5558);
#2502=EDGE_LOOP('',(#5559,#5560,#5561,#5562));
#2504=CARTESIAN_POINT('',(3.40144092316887,-1.35,-0.42904845296679));
#2505=CARTESIAN_POINT('',(3.40725065074494,-1.35,-0.420487713218112));
#2506=CARTESIAN_POINT('',(3.41755168051934,-1.35,-0.419524393364821));
#2507=CARTESIAN_POINT('',(3.40144092316887,-1.25,-0.42904845296679));
#2508=CARTESIAN_POINT('',(3.40725065074494,-1.25,-0.420487713218112));
#2509=CARTESIAN_POINT('',(3.41755168051934,-1.25,-0.419524393364821));
#2516=EDGE_LOOP('',(#5563,#5564,#5565,#5566));
#2517=AXIS2_PLACEMENT_3D('',#5567,#5568,#5569);
#2518=EDGE_LOOP('',(#5570,#5571,#5572,#5573));
#2519=AXIS2_PLACEMENT_3D('',#5574,#5575,#5576);
#2520=EDGE_LOOP('',(#5577,#5578,#5579,#5580,#5581,#5582,#5583,#5584,#5585,#5586,#5587,#5588,#5589));
#2521=AXIS2_PLACEMENT_3D('',#5590,#5591,#5592);
#2522=EDGE_LOOP('',(#5593,#5594,#5595,#5596));
#2523=CARTESIAN_POINT('',(3.26422749897816,-1.35,-0.799477815887765));
#2524=CARTESIAN_POINT('',(3.33675206406487,-1.35,-0.701632319948747));
#2525=CARTESIAN_POINT('',(3.40927662915158,-1.35,-0.603786824009727));
#2526=CARTESIAN_POINT('',(3.26422749897816,-1.25,-0.799477815887765));
#2527=CARTESIAN_POINT('',(3.33675206406487,-1.25,-0.701632319948747));
#2528=CARTESIAN_POINT('',(3.40927662915158,-1.25,-0.603786824009727));
#2529=EDGE_LOOP('',(#5597,#5598,#5599,#5600));
#2530=CARTESIAN_POINT('',(3.40927662915158,-1.35,-0.603786824009727));
#2531=CARTESIAN_POINT('',(3.44077786701523,-1.35,-0.603786824009727));
#2532=CARTESIAN_POINT('',(3.47227910487889,-1.35,-0.603786824009727));
#2533=CARTESIAN_POINT('',(3.52151554290511,-1.35,-0.602930310314687));
#2534=CARTESIAN_POINT('',(3.57075198093133,-1.35,-0.602073796619647));
#2535=CARTESIAN_POINT('',(3.40927662915158,-1.25,-0.603786824009727));
#2536=CARTESIAN_POINT('',(3.44077786701523,-1.25,-0.603786824009727));
#2537=CARTESIAN_POINT('',(3.47227910487889,-1.25,-0.603786824009727));
#2538=CARTESIAN_POINT('',(3.52151554290511,-1.25,-0.602930310314687));
#2539=CARTESIAN_POINT('',(3.57075198093133,-1.25,-0.602073796619647));
#2540=EDGE_LOOP('',(#5601,#5602,#5603,#5604));
#2541=CARTESIAN_POINT('',(3.57075198093133,-1.35,-0.602073796619647));
#2542=CARTESIAN_POINT('',(3.57075198093133,-1.35,-0.694654975339753));
#2543=CARTESIAN_POINT('',(3.57075198093133,-1.35,-0.787236154059859));
#2544=CARTESIAN_POINT('',(3.57075198093133,-1.25,-0.602073796619647));
#2545=CARTESIAN_POINT('',(3.57075198093133,-1.25,-0.694654975339753));
#2546=CARTESIAN_POINT('',(3.57075198093133,-1.25,-0.787236154059859));
#2547=EDGE_LOOP('',(#5605,#5606,#5607,#5608));
#2548=CARTESIAN_POINT('',(3.57075198093133,-1.35,-0.787236154059859));
#2549=CARTESIAN_POINT('',(3.52717341144529,-1.35,-0.833517882933359));
#2550=CARTESIAN_POINT('',(3.48359484195925,-1.35,-0.87979961180686));
#2551=CARTESIAN_POINT('',(3.57075198093133,-1.25,-0.787236154059859));
#2552=CARTESIAN_POINT('',(3.52717341144529,-1.25,-0.833517882933359));
#2553=CARTESIAN_POINT('',(3.48359484195925,-1.25,-0.87979961180686));
#2554=EDGE_LOOP('',(#5609,#5610,#5611,#5612));
#2555=CARTESIAN_POINT('',(3.48359484195925,-1.35,-0.87979961180686));
#2556=CARTESIAN_POINT('',(3.41267026846523,-1.35,-0.887575938267284));
#2557=CARTESIAN_POINT('',(3.34174569497122,-1.35,-0.895352264727708));
#2558=CARTESIAN_POINT('',(3.48359484195925,-1.25,-0.87979961180686));
#2559=CARTESIAN_POINT('',(3.41267026846523,-1.25,-0.887575938267284));
#2560=CARTESIAN_POINT('',(3.34174569497122,-1.25,-0.895352264727708));
#2561=EDGE_LOOP('',(#5613,#5614,#5615,#5616));
#2562=CARTESIAN_POINT('',(3.34174569497122,-1.35,-0.895352264727708));
#2563=CARTESIAN_POINT('',(3.32783843671007,-1.35,-0.914759910852037));
#2564=CARTESIAN_POINT('',(3.31393117844892,-1.35,-0.934167556976365));
#2565=CARTESIAN_POINT('',(3.34174569497122,-1.25,-0.895352264727708));
#2566=CARTESIAN_POINT('',(3.32783843671007,-1.25,-0.914759910852037));
#2567=CARTESIAN_POINT('',(3.31393117844892,-1.25,-0.934167556976365));
#2568=EDGE_LOOP('',(#5617,#5618,#5619,#5620));
#2569=CARTESIAN_POINT('',(3.31393117844892,-1.35,-0.934167556976365));
#2570=CARTESIAN_POINT('',(3.28793568308866,-1.35,-0.877959489841261));
#2571=CARTESIAN_POINT('',(3.2619401877284,-1.35,-0.82175142270616));
#2572=CARTESIAN_POINT('',(3.31393117844892,-1.25,-0.934167556976365));
#2573=CARTESIAN_POINT('',(3.28793568308866,-1.25,-0.877959489841261));
#2574=CARTESIAN_POINT('',(3.2619401877284,-1.25,-0.82175142270616));
#2575=EDGE_LOOP('',(#5621,#5622,#5623,#5624));
#2577=CARTESIAN_POINT('',(3.2619401877284,-1.35,-0.82175142270616));
#2578=CARTESIAN_POINT('',(3.25647571897142,-1.35,-0.809936020749287));
#2579=CARTESIAN_POINT('',(3.26422749897816,-1.35,-0.799477815887765));
#2580=CARTESIAN_POINT('',(3.2619401877284,-1.25,-0.82175142270616));
#2581=CARTESIAN_POINT('',(3.25647571897142,-1.25,-0.809936020749287));
#2582=CARTESIAN_POINT('',(3.26422749897816,-1.25,-0.799477815887765));
#2589=EDGE_LOOP('',(#5625,#5626,#5627,#5628));
#2591=CARTESIAN_POINT('',(3.35947776616096,-1.35,-0.726191215430041));
#2592=CARTESIAN_POINT('',(3.34903277001679,-1.35,-0.726691313839431));
#2593=CARTESIAN_POINT('',(3.34903277001679,-1.35,-0.737148275294398));
#2594=CARTESIAN_POINT('',(3.35947776616096,-1.25,-0.726191215430041));
#2595=CARTESIAN_POINT('',(3.34903277001679,-1.25,-0.726691313839431));
#2596=CARTESIAN_POINT('',(3.34903277001679,-1.25,-0.737148275294398));
#2603=EDGE_LOOP('',(#5629,#5630,#5631,#5632));
#2604=CARTESIAN_POINT('',(3.34903277001679,-1.35,-0.737148275294398));
#2605=CARTESIAN_POINT('',(3.35049714475902,-1.35,-0.803377222628429));
#2606=CARTESIAN_POINT('',(3.35196151950125,-1.35,-0.86960616996246));
#2607=CARTESIAN_POINT('',(3.34903277001679,-1.25,-0.737148275294398));
#2608=CARTESIAN_POINT('',(3.35049714475902,-1.25,-0.803377222628429));
#2609=CARTESIAN_POINT('',(3.35196151950125,-1.25,-0.86960616996246));
#2610=EDGE_LOOP('',(#5633,#5634,#5635,#5636));
#2611=CARTESIAN_POINT('',(3.35196151950125,-1.35,-0.86960616996246));
#2612=CARTESIAN_POINT('',(3.37762464040173,-1.35,-0.830505331416069));
#2613=CARTESIAN_POINT('',(3.40328776130221,-1.35,-0.791404492869678));
#2614=CARTESIAN_POINT('',(3.35196151950125,-1.25,-0.86960616996246));
#2615=CARTESIAN_POINT('',(3.37762464040173,-1.25,-0.830505331416069));
#2616=CARTESIAN_POINT('',(3.40328776130221,-1.25,-0.791404492869678));
#2617=EDGE_LOOP('',(#5637,#5638,#5639,#5640));
#2619=CARTESIAN_POINT('',(3.40328776130221,-1.35,-0.791404492869678));
#2620=CARTESIAN_POINT('',(3.40985124581753,-1.35,-0.782235204601959));
#2621=CARTESIAN_POINT('',(3.42112755622117,-1.35,-0.782235204601964));
#2622=CARTESIAN_POINT('',(3.40328776130221,-1.25,-0.791404492869678));
#2623=CARTESIAN_POINT('',(3.40985124581753,-1.25,-0.782235204601959));
#2624=CARTESIAN_POINT('',(3.42112755622117,-1.25,-0.782235204601964));
#2631=EDGE_LOOP('',(#5641,#5642,#5643,#5644));
#2632=CARTESIAN_POINT('',(3.42112755622117,-1.35,-0.782235204601964));
#2633=CARTESIAN_POINT('',(3.45112252614989,-1.35,-0.782235204601973));
#2634=CARTESIAN_POINT('',(3.4811174960786,-1.35,-0.782235204601973));
#2635=CARTESIAN_POINT('',(3.42112755622117,-1.25,-0.782235204601964));
#2636=CARTESIAN_POINT('',(3.45112252614989,-1.25,-0.782235204601973));
#2637=CARTESIAN_POINT('',(3.4811174960786,-1.25,-0.782235204601973));
#2638=EDGE_LOOP('',(#5645,#5646,#5647,#5648));
#2639=CARTESIAN_POINT('',(3.4811174960786,-1.35,-0.782235204601973));
#2640=CARTESIAN_POINT('',(3.4811174960786,-1.35,-0.751301201499679));
#2641=CARTESIAN_POINT('',(3.4811174960786,-1.35,-0.720367198397387));
#2642=CARTESIAN_POINT('',(3.4811174960786,-1.25,-0.782235204601973));
#2643=CARTESIAN_POINT('',(3.4811174960786,-1.25,-0.751301201499679));
#2644=CARTESIAN_POINT('',(3.4811174960786,-1.25,-0.720367198397387));
#2645=EDGE_LOOP('',(#5649,#5650,#5651,#5652));
#2646=CARTESIAN_POINT('',(3.4811174960786,-1.35,-0.720367198397387));
#2647=CARTESIAN_POINT('',(3.42029763111978,-1.35,-0.723279206913715));
#2648=CARTESIAN_POINT('',(3.35947776616096,-1.35,-0.726191215430041));
#2649=CARTESIAN_POINT('',(3.4811174960786,-1.25,-0.720367198397387));
#2650=CARTESIAN_POINT('',(3.42029763111978,-1.25,-0.723279206913715));
#2651=CARTESIAN_POINT('',(3.35947776616096,-1.25,-0.726191215430041));
#2652=EDGE_LOOP('',(#5653,#5654,#5655,#5656,#5657,#5658,#5659,#5660));
#2653=EDGE_LOOP('',(#5661,#5662,#5663,#5664,#5665,#5666,#5667));
#2654=AXIS2_PLACEMENT_3D('',#5668,#5669,#5670);
#2655=EDGE_LOOP('',(#5671,#5672,#5673,#5674,#5675,#5676,#5677));
#2656=AXIS2_PLACEMENT_3D('',#5678,#5679,#5680);
#2657=EDGE_LOOP('',(#5681,#5682,#5683,#5684));
#2658=CARTESIAN_POINT('',(3.19418773194426,-1.35,-1.08519157726419));
#2659=CARTESIAN_POINT('',(3.19418773194426,-1.35,-1.06009349104078));
#2660=CARTESIAN_POINT('',(3.2081405663193,-1.35,-1.04801237835019));
#2661=CARTESIAN_POINT('',(3.21979628771797,-1.35,-1.03797314386083));
#2662=CARTESIAN_POINT('',(3.2365567046197,-1.35,-1.03797314386083));
#2663=CARTESIAN_POINT('',(3.25518884320589,-1.35,-1.03797314386083));
#2664=CARTESIAN_POINT('',(3.26701472112132,-1.35,-1.050181873939));
#2665=CARTESIAN_POINT('',(3.27884059903675,-1.35,-1.06239060401716));
#2666=CARTESIAN_POINT('',(3.27884059903675,-1.35,-1.08391540338842));
#2667=CARTESIAN_POINT('',(3.19418773194426,-1.25,-1.08519157726419));
#2668=CARTESIAN_POINT('',(3.19418773194426,-1.25,-1.06009349104078));
#2669=CARTESIAN_POINT('',(3.2081405663193,-1.25,-1.04801237835019));
#2670=CARTESIAN_POINT('',(3.21979628771797,-1.25,-1.03797314386083));
#2671=CARTESIAN_POINT('',(3.2365567046197,-1.25,-1.03797314386083));
#2672=CARTESIAN_POINT('',(3.25518884320589,-1.25,-1.03797314386083));
#2673=CARTESIAN_POINT('',(3.26701472112132,-1.25,-1.050181873939));
#2674=CARTESIAN_POINT('',(3.27884059903675,-1.25,-1.06239060401716));
#2675=CARTESIAN_POINT('',(3.27884059903675,-1.25,-1.08391540338842));
#2676=EDGE_LOOP('',(#5685,#5686,#5687,#5688));
#2677=CARTESIAN_POINT('',(3.20992720974538,-1.35,-1.08519157726419));
#2678=CARTESIAN_POINT('',(3.20992720974538,-1.35,-1.10254754197461));
#2679=CARTESIAN_POINT('',(3.21749917474159,-1.35,-1.11118298520063));
#2680=CARTESIAN_POINT('',(3.22507113973781,-1.35,-1.11981842842665));
#2681=CARTESIAN_POINT('',(3.2365567046197,-1.35,-1.11981842842665));
#2682=CARTESIAN_POINT('',(3.24795719124321,-1.35,-1.11981842842665));
#2683=CARTESIAN_POINT('',(3.25552915623943,-1.35,-1.11114044607144));
#2684=CARTESIAN_POINT('',(3.26310112123564,-1.35,-1.10246246371622));
#2685=CARTESIAN_POINT('',(3.26310112123564,-1.35,-1.08468110771388));
#2686=CARTESIAN_POINT('',(3.20992720974538,-1.25,-1.08519157726419));
#2687=CARTESIAN_POINT('',(3.20992720974538,-1.25,-1.10254754197461));
#2688=CARTESIAN_POINT('',(3.21749917474159,-1.25,-1.11118298520063));
#2689=CARTESIAN_POINT('',(3.22507113973781,-1.25,-1.11981842842665));
#2690=CARTESIAN_POINT('',(3.2365567046197,-1.25,-1.11981842842665));
#2691=CARTESIAN_POINT('',(3.24795719124321,-1.25,-1.11981842842665));
#2692=CARTESIAN_POINT('',(3.25552915623943,-1.25,-1.11114044607144));
#2693=CARTESIAN_POINT('',(3.26310112123564,-1.25,-1.10246246371622));
#2694=CARTESIAN_POINT('',(3.26310112123564,-1.25,-1.08468110771388));
#2695=EDGE_LOOP('',(#5689,#5690));
#2696=EDGE_LOOP('',(#5691,#5692));
#2697=AXIS2_PLACEMENT_3D('',#5693,#5694,#5695);
#2698=EDGE_LOOP('',(#5696,#5697));
#2699=AXIS2_PLACEMENT_3D('',#5698,#5699,#5700);
#2700=EDGE_LOOP('',(#5701,#5702,#5703,#5704));
#2701=CARTESIAN_POINT('',(3.71733394275009,-1.35,-1.08519157726419));
#2702=CARTESIAN_POINT('',(3.71733394275009,-1.35,-1.06009349104078));
#2703=CARTESIAN_POINT('',(3.73128677712514,-1.35,-1.04801237835019));
#2704=CARTESIAN_POINT('',(3.7429424985238,-1.35,-1.03797314386083));
#2705=CARTESIAN_POINT('',(3.75970291542554,-1.35,-1.03797314386083));
#2706=CARTESIAN_POINT('',(3.77833505401173,-1.35,-1.03797314386083));
#2707=CARTESIAN_POINT('',(3.79016093192716,-1.35,-1.050181873939));
#2708=CARTESIAN_POINT('',(3.80198680984259,-1.35,-1.06239060401716));
#2709=CARTESIAN_POINT('',(3.80198680984259,-1.35,-1.08391540338842));
#2710=CARTESIAN_POINT('',(3.71733394275009,-1.25,-1.08519157726419));
#2711=CARTESIAN_POINT('',(3.71733394275009,-1.25,-1.06009349104078));
#2712=CARTESIAN_POINT('',(3.73128677712514,-1.25,-1.04801237835019));
#2713=CARTESIAN_POINT('',(3.7429424985238,-1.25,-1.03797314386083));
#2714=CARTESIAN_POINT('',(3.75970291542554,-1.25,-1.03797314386083));
#2715=CARTESIAN_POINT('',(3.77833505401173,-1.25,-1.03797314386083));
#2716=CARTESIAN_POINT('',(3.79016093192716,-1.25,-1.050181873939));
#2717=CARTESIAN_POINT('',(3.80198680984259,-1.25,-1.06239060401716));
#2718=CARTESIAN_POINT('',(3.80198680984259,-1.25,-1.08391540338842));
#2719=EDGE_LOOP('',(#5705,#5706,#5707,#5708));
#2720=CARTESIAN_POINT('',(3.73307342055122,-1.35,-1.08519157726419));
#2721=CARTESIAN_POINT('',(3.73307342055122,-1.35,-1.10254754197461));
#2722=CARTESIAN_POINT('',(3.74064538554742,-1.35,-1.11118298520063));
#2723=CARTESIAN_POINT('',(3.74821735054364,-1.35,-1.11981842842665));
#2724=CARTESIAN_POINT('',(3.75970291542554,-1.35,-1.11981842842665));
#2725=CARTESIAN_POINT('',(3.77110340204905,-1.35,-1.11981842842665));
#2726=CARTESIAN_POINT('',(3.77867536704527,-1.35,-1.11114044607144));
#2727=CARTESIAN_POINT('',(3.78624733204147,-1.35,-1.10246246371622));
#2728=CARTESIAN_POINT('',(3.78624733204147,-1.35,-1.08468110771388));
#2729=CARTESIAN_POINT('',(3.73307342055122,-1.25,-1.08519157726419));
#2730=CARTESIAN_POINT('',(3.73307342055122,-1.25,-1.10254754197461));
#2731=CARTESIAN_POINT('',(3.74064538554742,-1.25,-1.11118298520063));
#2732=CARTESIAN_POINT('',(3.74821735054364,-1.25,-1.11981842842665));
#2733=CARTESIAN_POINT('',(3.75970291542554,-1.25,-1.11981842842665));
#2734=CARTESIAN_POINT('',(3.77110340204905,-1.25,-1.11981842842665));
#2735=CARTESIAN_POINT('',(3.77867536704527,-1.25,-1.11114044607144));
#2736=CARTESIAN_POINT('',(3.78624733204147,-1.25,-1.10246246371622));
#2737=CARTESIAN_POINT('',(3.78624733204147,-1.25,-1.08468110771388));
#2738=EDGE_LOOP('',(#5709,#5710));
#2739=EDGE_LOOP('',(#5711,#5712));
#2740=AXIS2_PLACEMENT_3D('',#5713,#5714,#5715);
#2741=EDGE_LOOP('',(#5716,#5717));
#2742=AXIS2_PLACEMENT_3D('',#5718,#5719,#5720);
#2743=EDGE_LOOP('',(#5721,#5722,#5723,#5724));
#2744=CARTESIAN_POINT('',(2.46038775337858,-1.35,-1.09029627276725));
#2745=CARTESIAN_POINT('',(2.46817241402075,-1.35,-1.08961564670018));
#2746=CARTESIAN_POINT('',(2.47595707466293,-1.35,-1.0889350206331));
#2747=CARTESIAN_POINT('',(2.46038775337858,-1.25,-1.09029627276725));
#2748=CARTESIAN_POINT('',(2.46817241402075,-1.25,-1.08961564670018));
#2749=CARTESIAN_POINT('',(2.47595707466293,-1.25,-1.0889350206331));
#2750=EDGE_LOOP('',(#5725,#5726,#5727,#5728));
#2751=CARTESIAN_POINT('',(2.47595707466293,-1.35,-1.0889350206331));
#2752=CARTESIAN_POINT('',(2.47706309202192,-1.35,-1.09829362905539));
#2753=CARTESIAN_POINT('',(2.4811043092952,-1.35,-1.10429164627149));
#2754=CARTESIAN_POINT('',(2.48514552656845,-1.35,-1.11028966348759));
#2755=CARTESIAN_POINT('',(2.49365335240689,-1.35,-1.11399056772732));
#2756=CARTESIAN_POINT('',(2.50216117824534,-1.35,-1.11769147196704));
#2757=CARTESIAN_POINT('',(2.51279596054339,-1.35,-1.11769147196704));
#2758=CARTESIAN_POINT('',(2.52223964722406,-1.35,-1.11769147196704));
#2759=CARTESIAN_POINT('',(2.52947129918674,-1.35,-1.11488388944035));
#2760=CARTESIAN_POINT('',(2.53670295114941,-1.35,-1.11207630691367));
#2761=CARTESIAN_POINT('',(2.54023369887237,-1.35,-1.10718430705656));
#2762=CARTESIAN_POINT('',(2.54376444659532,-1.35,-1.10229230719946));
#2763=CARTESIAN_POINT('',(2.54376444659532,-1.35,-1.09650698562932));
#2764=CARTESIAN_POINT('',(2.54376444659532,-1.35,-1.09063658580079));
#2765=CARTESIAN_POINT('',(2.54036131625994,-1.35,-1.08625505549399));
#2766=CARTESIAN_POINT('',(2.53695818592457,-1.35,-1.08187352518719));
#2767=CARTESIAN_POINT('',(2.52913098615319,-1.35,-1.07889578614374));
#2768=CARTESIAN_POINT('',(2.52411136890852,-1.35,-1.0769389862009));
#2769=CARTESIAN_POINT('',(2.50692556071486,-1.35,-1.07281269066925));
#2770=CARTESIAN_POINT('',(2.47595707466293,-1.25,-1.0889350206331));
#2771=CARTESIAN_POINT('',(2.47706309202192,-1.25,-1.09829362905539));
#2772=CARTESIAN_POINT('',(2.4811043092952,-1.25,-1.10429164627149));
#2773=CARTESIAN_POINT('',(2.48514552656845,-1.25,-1.11028966348759));
#2774=CARTESIAN_POINT('',(2.49365335240689,-1.25,-1.11399056772732));
#2775=CARTESIAN_POINT('',(2.50216117824534,-1.25,-1.11769147196704));
#2776=CARTESIAN_POINT('',(2.51279596054339,-1.25,-1.11769147196704));
#2777=CARTESIAN_POINT('',(2.52223964722406,-1.25,-1.11769147196704));
#2778=CARTESIAN_POINT('',(2.52947129918674,-1.25,-1.11488388944035));
#2779=CARTESIAN_POINT('',(2.53670295114941,-1.25,-1.11207630691367));
#2780=CARTESIAN_POINT('',(2.54023369887237,-1.25,-1.10718430705656));
#2781=CARTESIAN_POINT('',(2.54376444659532,-1.25,-1.10229230719946));
#2782=CARTESIAN_POINT('',(2.54376444659532,-1.25,-1.09650698562932));
#2783=CARTESIAN_POINT('',(2.54376444659532,-1.25,-1.09063658580079));
#2784=CARTESIAN_POINT('',(2.54036131625994,-1.25,-1.08625505549399));
#2785=CARTESIAN_POINT('',(2.53695818592457,-1.25,-1.08187352518719));
#2786=CARTESIAN_POINT('',(2.52913098615319,-1.25,-1.07889578614374));
#2787=CARTESIAN_POINT('',(2.52411136890852,-1.25,-1.0769389862009));
#2788=CARTESIAN_POINT('',(2.50692556071486,-1.25,-1.07281269066925));
#2789=EDGE_LOOP('',(#5729,#5730,#5731,#5732));
#2790=CARTESIAN_POINT('',(2.50692556071486,-1.35,-1.07281269066925));
#2791=CARTESIAN_POINT('',(2.48973975252121,-1.35,-1.06868639513761));
#2792=CARTESIAN_POINT('',(2.48284841359206,-1.35,-1.06502803002708));
#2793=CARTESIAN_POINT('',(2.47391519646171,-1.35,-1.06034872581594));
#2794=CARTESIAN_POINT('',(2.4695336661549,-1.35,-1.0534148477576));
#2795=CARTESIAN_POINT('',(2.4651521358481,-1.35,-1.04648096969927));
#2796=CARTESIAN_POINT('',(2.4651521358481,-1.35,-1.03788806560245));
#2797=CARTESIAN_POINT('',(2.4651521358481,-1.35,-1.02844437892177));
#2798=CARTESIAN_POINT('',(2.47051206612633,-1.35,-1.02023432698768));
#2799=CARTESIAN_POINT('',(2.47587199640455,-1.35,-1.01202427505358));
#2800=CARTESIAN_POINT('',(2.48616646566907,-1.35,-1.00777036213436));
#2801=CARTESIAN_POINT('',(2.49646093493358,-1.35,-1.00351644921514));
#2802=CARTESIAN_POINT('',(2.50905251717448,-1.35,-1.00351644921514));
#2803=CARTESIAN_POINT('',(2.52292027329113,-1.35,-1.00351644921514));
#2804=CARTESIAN_POINT('',(2.53351251646,-1.35,-1.00798305778032));
#2805=CARTESIAN_POINT('',(2.54410475962885,-1.35,-1.0124496663455));
#2806=CARTESIAN_POINT('',(2.54980500294061,-1.35,-1.02112764870071));
#2807=CARTESIAN_POINT('',(2.55550524625238,-1.35,-1.02980563105593));
#2808=CARTESIAN_POINT('',(2.55593063754429,-1.35,-1.04078072638752));
#2809=CARTESIAN_POINT('',(2.50692556071486,-1.25,-1.07281269066925));
#2810=CARTESIAN_POINT('',(2.48973975252121,-1.25,-1.06868639513761));
#2811=CARTESIAN_POINT('',(2.48284841359206,-1.25,-1.06502803002708));
#2812=CARTESIAN_POINT('',(2.47391519646171,-1.25,-1.06034872581594));
#2813=CARTESIAN_POINT('',(2.4695336661549,-1.25,-1.0534148477576));
#2814=CARTESIAN_POINT('',(2.4651521358481,-1.25,-1.04648096969927));
#2815=CARTESIAN_POINT('',(2.4651521358481,-1.25,-1.03788806560245));
#2816=CARTESIAN_POINT('',(2.4651521358481,-1.25,-1.02844437892177));
#2817=CARTESIAN_POINT('',(2.47051206612633,-1.25,-1.02023432698768));
#2818=CARTESIAN_POINT('',(2.47587199640455,-1.25,-1.01202427505358));
#2819=CARTESIAN_POINT('',(2.48616646566907,-1.25,-1.00777036213436));
#2820=CARTESIAN_POINT('',(2.49646093493358,-1.25,-1.00351644921514));
#2821=CARTESIAN_POINT('',(2.50905251717448,-1.25,-1.00351644921514));
#2822=CARTESIAN_POINT('',(2.52292027329113,-1.25,-1.00351644921514));
#2823=CARTESIAN_POINT('',(2.53351251646,-1.25,-1.00798305778032));
#2824=CARTESIAN_POINT('',(2.54410475962885,-1.25,-1.0124496663455));
#2825=CARTESIAN_POINT('',(2.54980500294061,-1.25,-1.02112764870071));
#2826=CARTESIAN_POINT('',(2.55550524625238,-1.25,-1.02980563105593));
#2827=CARTESIAN_POINT('',(2.55593063754429,-1.25,-1.04078072638752));
#2828=EDGE_LOOP('',(#5733,#5734,#5735,#5736));
#2829=CARTESIAN_POINT('',(2.55593063754429,-1.35,-1.04078072638752));
#2830=CARTESIAN_POINT('',(2.54801835951454,-1.35,-1.04137627419621));
#2831=CARTESIAN_POINT('',(2.5401060814848,-1.35,-1.0419718220049));
#2832=CARTESIAN_POINT('',(2.55593063754429,-1.25,-1.04078072638752));
#2833=CARTESIAN_POINT('',(2.54801835951454,-1.25,-1.04137627419621));
#2834=CARTESIAN_POINT('',(2.5401060814848,-1.25,-1.0419718220049));
#2835=EDGE_LOOP('',(#5737,#5738,#5739,#5740));
#2836=CARTESIAN_POINT('',(2.5401060814848,-1.35,-1.0419718220049));
#2837=CARTESIAN_POINT('',(2.53882990760902,-1.35,-1.03014594408946));
#2838=CARTESIAN_POINT('',(2.53147063825876,-1.35,-1.02410538774417));
#2839=CARTESIAN_POINT('',(2.52411136890852,-1.35,-1.01806483139887));
#2840=CARTESIAN_POINT('',(2.50973314324155,-1.35,-1.01806483139888));
#2841=CARTESIAN_POINT('',(2.49475936976588,-1.35,-1.01806483139888));
#2842=CARTESIAN_POINT('',(2.48791056996595,-1.35,-1.02355237906467));
#2843=CARTESIAN_POINT('',(2.481061770166,-1.35,-1.02903992673047));
#2844=CARTESIAN_POINT('',(2.481061770166,-1.35,-1.03678204824345));
#2845=CARTESIAN_POINT('',(2.481061770166,-1.35,-1.04350323065582));
#2846=CARTESIAN_POINT('',(2.48591123089391,-1.35,-1.04784222183342));
#2847=CARTESIAN_POINT('',(2.49067561336344,-1.35,-1.05218121301103));
#2848=CARTESIAN_POINT('',(2.51079662147135,-1.35,-1.05673289983459));
#2849=CARTESIAN_POINT('',(2.5401060814848,-1.25,-1.0419718220049));
#2850=CARTESIAN_POINT('',(2.53882990760902,-1.25,-1.03014594408946));
#2851=CARTESIAN_POINT('',(2.53147063825876,-1.25,-1.02410538774417));
#2852=CARTESIAN_POINT('',(2.52411136890852,-1.25,-1.01806483139887));
#2853=CARTESIAN_POINT('',(2.50973314324155,-1.25,-1.01806483139888));
#2854=CARTESIAN_POINT('',(2.49475936976588,-1.25,-1.01806483139888));
#2855=CARTESIAN_POINT('',(2.48791056996595,-1.25,-1.02355237906467));
#2856=CARTESIAN_POINT('',(2.481061770166,-1.25,-1.02903992673047));
#2857=CARTESIAN_POINT('',(2.481061770166,-1.25,-1.03678204824345));
#2858=CARTESIAN_POINT('',(2.481061770166,-1.25,-1.04350323065582));
#2859=CARTESIAN_POINT('',(2.48591123089391,-1.25,-1.04784222183342));
#2860=CARTESIAN_POINT('',(2.49067561336344,-1.25,-1.05218121301103));
#2861=CARTESIAN_POINT('',(2.51079662147135,-1.25,-1.05673289983459));
#2862=EDGE_LOOP('',(#5741,#5742,#5743,#5744));
#2863=CARTESIAN_POINT('',(2.51079662147135,-1.35,-1.05673289983459));
#2864=CARTESIAN_POINT('',(2.53091762957927,-1.35,-1.06128458665816));
#2865=CARTESIAN_POINT('',(2.5384045163171,-1.35,-1.06468771699354));
#2866=CARTESIAN_POINT('',(2.54929452300477,-1.35,-1.06970733423822));
#2867=CARTESIAN_POINT('',(2.55448430715176,-1.35,-1.07740691662201));
#2868=CARTESIAN_POINT('',(2.55967408091321,-1.35,-1.0851064990058));
#2869=CARTESIAN_POINT('',(2.55967408091321,-1.35,-1.09514573349516));
#2870=CARTESIAN_POINT('',(2.55967408091321,-1.35,-1.10509988972614));
#2871=CARTESIAN_POINT('',(2.55397383760145,-1.35,-1.11390548946893));
#2872=CARTESIAN_POINT('',(2.54827359428969,-1.35,-1.12271108921172));
#2873=CARTESIAN_POINT('',(2.53759627286245,-1.35,-1.12760308906882));
#2874=CARTESIAN_POINT('',(2.5269189514352,-1.35,-1.13249508892593));
#2875=CARTESIAN_POINT('',(2.51356166486885,-1.35,-1.13249508892593));
#2876=CARTESIAN_POINT('',(2.49663109145035,-1.35,-1.13249508892593));
#2877=CARTESIAN_POINT('',(2.48518806569764,-1.35,-1.12756054993963));
#2878=CARTESIAN_POINT('',(2.47374503994494,-1.35,-1.12262601095333));
#2879=CARTESIAN_POINT('',(2.46723655317853,-1.35,-1.11271439385155));
#2880=CARTESIAN_POINT('',(2.46072806641212,-1.35,-1.10280277674976));
#2881=CARTESIAN_POINT('',(2.46038775337858,-1.35,-1.09029627276725));
#2882=CARTESIAN_POINT('',(2.51079662147135,-1.25,-1.05673289983459));
#2883=CARTESIAN_POINT('',(2.53091762957927,-1.25,-1.06128458665816));
#2884=CARTESIAN_POINT('',(2.5384045163171,-1.25,-1.06468771699354));
#2885=CARTESIAN_POINT('',(2.54929452300477,-1.25,-1.06970733423822));
#2886=CARTESIAN_POINT('',(2.55448430715176,-1.25,-1.07740691662201));
#2887=CARTESIAN_POINT('',(2.55967408091321,-1.25,-1.0851064990058));
#2888=CARTESIAN_POINT('',(2.55967408091321,-1.25,-1.09514573349516));
#2889=CARTESIAN_POINT('',(2.55967408091321,-1.25,-1.10509988972614));
#2890=CARTESIAN_POINT('',(2.55397383760145,-1.25,-1.11390548946893));
#2891=CARTESIAN_POINT('',(2.54827359428969,-1.25,-1.12271108921172));
#2892=CARTESIAN_POINT('',(2.53759627286245,-1.25,-1.12760308906882));
#2893=CARTESIAN_POINT('',(2.5269189514352,-1.25,-1.13249508892593));
#2894=CARTESIAN_POINT('',(2.51356166486885,-1.25,-1.13249508892593));
#2895=CARTESIAN_POINT('',(2.49663109145035,-1.25,-1.13249508892593));
#2896=CARTESIAN_POINT('',(2.48518806569764,-1.25,-1.12756054993963));
#2897=CARTESIAN_POINT('',(2.47374503994494,-1.25,-1.12262601095333));
#2898=CARTESIAN_POINT('',(2.46723655317853,-1.25,-1.11271439385155));
#2899=CARTESIAN_POINT('',(2.46072806641212,-1.25,-1.10280277674976));
#2900=CARTESIAN_POINT('',(2.46038775337858,-1.25,-1.09029627276725));
#2901=EDGE_LOOP('',(#5745,#5746,#5747,#5748,#5749,#5750));
#2902=AXIS2_PLACEMENT_3D('',#5751,#5752,#5753);
#2903=EDGE_LOOP('',(#5754,#5755,#5756,#5757));
#2904=CARTESIAN_POINT('',(2.63471310480827,-1.35,-1.07625836013382));
#2905=CARTESIAN_POINT('',(2.63296900051139,-1.35,-1.06855877775003));
#2906=CARTESIAN_POINT('',(2.63122489621451,-1.35,-1.06085919536624));
#2907=CARTESIAN_POINT('',(2.63471310480827,-1.25,-1.07625836013382));
#2908=CARTESIAN_POINT('',(2.63296900051139,-1.25,-1.06855877775003));
#2909=CARTESIAN_POINT('',(2.63122489621451,-1.25,-1.06085919536624));
#2910=EDGE_LOOP('',(#5758,#5759,#5760,#5761));
#2911=CARTESIAN_POINT('',(2.63122489621451,-1.35,-1.06085919536624));
#2912=CARTESIAN_POINT('',(2.62207898343819,-1.35,-1.09561366391628));
#2913=CARTESIAN_POINT('',(2.61293307066186,-1.35,-1.13036813246632));
#2914=CARTESIAN_POINT('',(2.63122489621451,-1.25,-1.06085919536624));
#2915=CARTESIAN_POINT('',(2.62207898343819,-1.25,-1.09561366391628));
#2916=CARTESIAN_POINT('',(2.61293307066186,-1.25,-1.13036813246632));
#2917=EDGE_LOOP('',(#5762,#5763,#5764,#5765));
#2918=CARTESIAN_POINT('',(2.61293307066186,-1.35,-1.13036813246632));
#2919=CARTESIAN_POINT('',(2.60493571437372,-1.35,-1.13036813246632));
#2920=CARTESIAN_POINT('',(2.59693835808559,-1.35,-1.13036813246632));
#2921=CARTESIAN_POINT('',(2.61293307066186,-1.25,-1.13036813246632));
#2922=CARTESIAN_POINT('',(2.60493571437372,-1.25,-1.13036813246632));
#2923=CARTESIAN_POINT('',(2.59693835808559,-1.25,-1.13036813246632));
#2924=EDGE_LOOP('',(#5766,#5767,#5768,#5769));
#2925=CARTESIAN_POINT('',(2.59693835808559,-1.35,-1.13036813246632));
#2926=CARTESIAN_POINT('',(2.58311314109812,-1.35,-1.08519157726419));
#2927=CARTESIAN_POINT('',(2.56928792411065,-1.35,-1.04001502206206));
#2928=CARTESIAN_POINT('',(2.59693835808559,-1.25,-1.13036813246632));
#2929=CARTESIAN_POINT('',(2.58311314109812,-1.25,-1.08519157726419));
#2930=CARTESIAN_POINT('',(2.56928792411065,-1.25,-1.04001502206206));
#2931=EDGE_LOOP('',(#5770,#5771,#5772,#5773));
#2932=CARTESIAN_POINT('',(2.56928792411065,-1.35,-1.04001502206206));
#2933=CARTESIAN_POINT('',(2.5772002021404,-1.35,-1.04001502206206));
#2934=CARTESIAN_POINT('',(2.58511248017015,-1.35,-1.04001502206206));
#2935=CARTESIAN_POINT('',(2.56928792411065,-1.25,-1.04001502206206));
#2936=CARTESIAN_POINT('',(2.5772002021404,-1.25,-1.04001502206206));
#2937=CARTESIAN_POINT('',(2.58511248017015,-1.25,-1.04001502206206));
#2938=EDGE_LOOP('',(#5774,#5775,#5776,#5777));
#2939=CARTESIAN_POINT('',(2.58511248017015,-1.35,-1.04001502206206));
#2940=CARTESIAN_POINT('',(2.59230159300363,-1.35,-1.06609150825688));
#2941=CARTESIAN_POINT('',(2.59949070583712,-1.35,-1.09216799445171));
#2942=CARTESIAN_POINT('',(2.60217067097623,-1.35,-1.10186691590753));
#2943=CARTESIAN_POINT('',(2.60485063611533,-1.35,-1.11156583736336));
#2944=CARTESIAN_POINT('',(2.58511248017015,-1.25,-1.04001502206206));
#2945=CARTESIAN_POINT('',(2.59230159300363,-1.25,-1.06609150825688));
#2946=CARTESIAN_POINT('',(2.59949070583712,-1.25,-1.09216799445171));
#2947=CARTESIAN_POINT('',(2.60217067097623,-1.25,-1.10186691590753));
#2948=CARTESIAN_POINT('',(2.60485063611533,-1.25,-1.11156583736336));
#2949=EDGE_LOOP('',(#5778,#5779,#5780,#5781));
#2950=CARTESIAN_POINT('',(2.60485063611533,-1.35,-1.11156583736336));
#2951=CARTESIAN_POINT('',(2.60519094914887,-1.35,-1.11011950697082));
#2952=CARTESIAN_POINT('',(2.60952994032648,-1.35,-1.09293369877717));
#2953=CARTESIAN_POINT('',(2.60485063611533,-1.25,-1.11156583736336));
#2954=CARTESIAN_POINT('',(2.60519094914887,-1.25,-1.11011950697082));
#2955=CARTESIAN_POINT('',(2.60952994032648,-1.25,-1.09293369877717));
#2956=EDGE_LOOP('',(#5782,#5783,#5784,#5785));
#2957=CARTESIAN_POINT('',(2.60952994032648,-1.35,-1.09293369877717));
#2958=CARTESIAN_POINT('',(2.61671905315996,-1.35,-1.06647436041961));
#2959=CARTESIAN_POINT('',(2.62390816599345,-1.35,-1.04001502206206));
#2960=CARTESIAN_POINT('',(2.60952994032648,-1.25,-1.09293369877717));
#2961=CARTESIAN_POINT('',(2.61671905315996,-1.25,-1.06647436041961));
#2962=CARTESIAN_POINT('',(2.62390816599345,-1.25,-1.04001502206206));
#2963=EDGE_LOOP('',(#5786,#5787,#5788,#5789));
#2964=CARTESIAN_POINT('',(2.62390816599345,-1.35,-1.04001502206206));
#2965=CARTESIAN_POINT('',(2.63177790489401,-1.35,-1.04001502206206));
#2966=CARTESIAN_POINT('',(2.63964764379457,-1.35,-1.04001502206206));
#2967=CARTESIAN_POINT('',(2.62390816599345,-1.25,-1.04001502206206));
#2968=CARTESIAN_POINT('',(2.63177790489401,-1.25,-1.04001502206206));
#2969=CARTESIAN_POINT('',(2.63964764379457,-1.25,-1.04001502206206));
#2970=EDGE_LOOP('',(#5790,#5791,#5792,#5793));
#2971=CARTESIAN_POINT('',(2.63964764379457,-1.35,-1.04001502206206));
#2972=CARTESIAN_POINT('',(2.64641136533613,-1.35,-1.06621912564446));
#2973=CARTESIAN_POINT('',(2.65317508687769,-1.35,-1.09242322922686));
#2974=CARTESIAN_POINT('',(2.65542966072488,-1.35,-1.10105867245288));
#2975=CARTESIAN_POINT('',(2.65768423457207,-1.35,-1.1096941156789));
#2976=CARTESIAN_POINT('',(2.63964764379457,-1.25,-1.04001502206206));
#2977=CARTESIAN_POINT('',(2.64641136533613,-1.25,-1.06621912564446));
#2978=CARTESIAN_POINT('',(2.65317508687769,-1.25,-1.09242322922686));
#2979=CARTESIAN_POINT('',(2.65542966072488,-1.25,-1.10105867245288));
#2980=CARTESIAN_POINT('',(2.65768423457207,-1.25,-1.1096941156789));
#2981=EDGE_LOOP('',(#5794,#5795,#5796,#5797));
#2982=CARTESIAN_POINT('',(2.65768423457207,-1.35,-1.1096941156789));
#2983=CARTESIAN_POINT('',(2.66027912145279,-1.35,-1.1009735941945));
#2984=CARTESIAN_POINT('',(2.66287400833351,-1.35,-1.09225307271009));
#2985=CARTESIAN_POINT('',(2.6706161298465,-1.35,-1.06613404738607));
#2986=CARTESIAN_POINT('',(2.67835825135948,-1.35,-1.04001502206206));
#2987=CARTESIAN_POINT('',(2.65768423457207,-1.25,-1.1096941156789));
#2988=CARTESIAN_POINT('',(2.66027912145279,-1.25,-1.1009735941945));
#2989=CARTESIAN_POINT('',(2.66287400833351,-1.25,-1.09225307271009));
#2990=CARTESIAN_POINT('',(2.6706161298465,-1.25,-1.06613404738607));
#2991=CARTESIAN_POINT('',(2.67835825135948,-1.25,-1.04001502206206));
#2992=EDGE_LOOP('',(#5798,#5799,#5800,#5801));
#2993=CARTESIAN_POINT('',(2.67835825135948,-1.35,-1.04001502206206));
#2994=CARTESIAN_POINT('',(2.68580259896812,-1.35,-1.04001502206206));
#2995=CARTESIAN_POINT('',(2.69324694657676,-1.35,-1.04001502206206));
#2996=CARTESIAN_POINT('',(2.67835825135948,-1.25,-1.04001502206206));
#2997=CARTESIAN_POINT('',(2.68580259896812,-1.25,-1.04001502206206));
#2998=CARTESIAN_POINT('',(2.69324694657676,-1.25,-1.04001502206206));
#2999=EDGE_LOOP('',(#5802,#5803,#5804,#5805));
#3000=CARTESIAN_POINT('',(2.69324694657676,-1.35,-1.04001502206206));
#3001=CARTESIAN_POINT('',(2.67912395568494,-1.35,-1.08519157726419));
#3002=CARTESIAN_POINT('',(2.66500096479313,-1.35,-1.13036813246632));
#3003=CARTESIAN_POINT('',(2.69324694657676,-1.25,-1.04001502206206));
#3004=CARTESIAN_POINT('',(2.67912395568494,-1.25,-1.08519157726419));
#3005=CARTESIAN_POINT('',(2.66500096479313,-1.25,-1.13036813246632));
#3006=EDGE_LOOP('',(#5806,#5807,#5808,#5809));
#3007=CARTESIAN_POINT('',(2.66500096479313,-1.35,-1.13036813246632));
#3008=CARTESIAN_POINT('',(2.65704614763418,-1.35,-1.13036813246632));
#3009=CARTESIAN_POINT('',(2.64909133047524,-1.35,-1.13036813246632));
#3010=CARTESIAN_POINT('',(2.66500096479313,-1.25,-1.13036813246632));
#3011=CARTESIAN_POINT('',(2.65704614763418,-1.25,-1.13036813246632));
#3012=CARTESIAN_POINT('',(2.64909133047524,-1.25,-1.13036813246632));
#3013=EDGE_LOOP('',(#5810,#5811,#5812,#5813));
#3014=CARTESIAN_POINT('',(2.64909133047524,-1.35,-1.13036813246632));
#3015=CARTESIAN_POINT('',(2.64190221764176,-1.35,-1.10331324630007));
#3016=CARTESIAN_POINT('',(2.63471310480827,-1.35,-1.07625836013382));
#3017=CARTESIAN_POINT('',(2.64909133047524,-1.25,-1.13036813246632));
#3018=CARTESIAN_POINT('',(2.64190221764176,-1.25,-1.10331324630007));
#3019=CARTESIAN_POINT('',(2.63471310480827,-1.25,-1.07625836013382));
#3020=EDGE_LOOP('',(#5814,#5815,#5816,#5817,#5818,#5819,#5820,#5821,#5822,#5823,#5824,#5825,#5826,#5827,#5828));
#3021=AXIS2_PLACEMENT_3D('',#5829,#5830,#5831);
#3022=EDGE_LOOP('',(#5832,#5833,#5834,#5835));
#3023=AXIS2_PLACEMENT_3D('',#5836,#5837,#5838);
#3024=EDGE_LOOP('',(#5839,#5840,#5841,#5842));
#3025=AXIS2_PLACEMENT_3D('',#5843,#5844,#5845);
#3026=EDGE_LOOP('',(#5846,#5847,#5848,#5849));
#3027=AXIS2_PLACEMENT_3D('',#5850,#5851,#5852);
#3028=EDGE_LOOP('',(#5853,#5854,#5855,#5856));
#3029=AXIS2_PLACEMENT_3D('',#5857,#5858,#5859);
#3030=EDGE_LOOP('',(#5860,#5861,#5862,#5863));
#3031=AXIS2_PLACEMENT_3D('',#5864,#5865,#5866);
#3032=EDGE_LOOP('',(#5867,#5868,#5869,#5870));
#3033=CARTESIAN_POINT('',(2.7476119536844,-1.35,-1.01763944010695));
#3034=CARTESIAN_POINT('',(2.75522645780981,-1.35,-1.01304521415419));
#3035=CARTESIAN_POINT('',(2.76284096193521,-1.35,-1.00845098820143));
#3036=CARTESIAN_POINT('',(2.7476119536844,-1.25,-1.01763944010695));
#3037=CARTESIAN_POINT('',(2.75522645780981,-1.25,-1.01304521415419));
#3038=CARTESIAN_POINT('',(2.76284096193521,-1.25,-1.00845098820143));
#3039=EDGE_LOOP('',(#5871,#5872,#5873,#5874));
#3040=CARTESIAN_POINT('',(2.76284096193521,-1.35,-1.00845098820143));
#3041=CARTESIAN_POINT('',(2.76284096193521,-1.35,-1.02423300513175));
#3042=CARTESIAN_POINT('',(2.76284096193521,-1.35,-1.04001502206206));
#3043=CARTESIAN_POINT('',(2.76284096193521,-1.25,-1.00845098820143));
#3044=CARTESIAN_POINT('',(2.76284096193521,-1.25,-1.02423300513175));
#3045=CARTESIAN_POINT('',(2.76284096193521,-1.25,-1.04001502206206));
#3046=EDGE_LOOP('',(#5875,#5876,#5877,#5878));
#3047=CARTESIAN_POINT('',(2.76284096193521,-1.35,-1.04001502206206));
#3048=CARTESIAN_POINT('',(2.770540544319,-1.35,-1.04001502206206));
#3049=CARTESIAN_POINT('',(2.77824012670279,-1.35,-1.04001502206206));
#3050=CARTESIAN_POINT('',(2.76284096193521,-1.25,-1.04001502206206));
#3051=CARTESIAN_POINT('',(2.770540544319,-1.25,-1.04001502206206));
#3052=CARTESIAN_POINT('',(2.77824012670279,-1.25,-1.04001502206206));
#3053=EDGE_LOOP('',(#5879,#5880,#5881,#5882));
#3054=CARTESIAN_POINT('',(2.77824012670279,-1.35,-1.04001502206206));
#3055=CARTESIAN_POINT('',(2.77824012670279,-1.35,-1.04597050014897));
#3056=CARTESIAN_POINT('',(2.77824012670279,-1.35,-1.05192597823588));
#3057=CARTESIAN_POINT('',(2.77824012670279,-1.25,-1.04001502206206));
#3058=CARTESIAN_POINT('',(2.77824012670279,-1.25,-1.04597050014897));
#3059=CARTESIAN_POINT('',(2.77824012670279,-1.25,-1.05192597823588));
#3060=EDGE_LOOP('',(#5883,#5884,#5885,#5886));
#3061=CARTESIAN_POINT('',(2.77824012670279,-1.35,-1.05192597823588));
#3062=CARTESIAN_POINT('',(2.770540544319,-1.35,-1.05192597823588));
#3063=CARTESIAN_POINT('',(2.76284096193521,-1.35,-1.05192597823588));
#3064=CARTESIAN_POINT('',(2.77824012670279,-1.25,-1.05192597823588));
#3065=CARTESIAN_POINT('',(2.770540544319,-1.25,-1.05192597823588));
#3066=CARTESIAN_POINT('',(2.76284096193521,-1.25,-1.05192597823588));
#3067=EDGE_LOOP('',(#5887,#5888,#5889,#5890));
#3068=CARTESIAN_POINT('',(2.76284096193521,-1.35,-1.05192597823588));
#3069=CARTESIAN_POINT('',(2.76284096193521,-1.35,-1.07834277746424));
#3070=CARTESIAN_POINT('',(2.76284096193521,-1.35,-1.1047595766926));
#3071=CARTESIAN_POINT('',(2.76284096193521,-1.25,-1.05192597823588));
#3072=CARTESIAN_POINT('',(2.76284096193521,-1.25,-1.07834277746424));
#3073=CARTESIAN_POINT('',(2.76284096193521,-1.25,-1.1047595766926));
#3074=EDGE_LOOP('',(#5891,#5892,#5893,#5894));
#3075=CARTESIAN_POINT('',(2.76284096193521,-1.35,-1.1047595766926));
#3076=CARTESIAN_POINT('',(2.76284096193521,-1.35,-1.11131060258821));
#3077=CARTESIAN_POINT('',(2.76364920538986,-1.35,-1.11318232427266));
#3078=CARTESIAN_POINT('',(2.76445744884451,-1.35,-1.11505404595712));
#3079=CARTESIAN_POINT('',(2.76628663139979,-1.35,-1.11616006331612));
#3080=CARTESIAN_POINT('',(2.76811581395505,-1.35,-1.11726608067512));
#3081=CARTESIAN_POINT('',(2.77151894429043,-1.35,-1.11726608067512));
#3082=CARTESIAN_POINT('',(2.77407129204196,-1.35,-1.11726608067512));
#3083=CARTESIAN_POINT('',(2.77824012670279,-1.35,-1.11667053286642));
#3084=CARTESIAN_POINT('',(2.76284096193521,-1.25,-1.1047595766926));
#3085=CARTESIAN_POINT('',(2.76284096193521,-1.25,-1.11131060258821));
#3086=CARTESIAN_POINT('',(2.76364920538986,-1.25,-1.11318232427266));
#3087=CARTESIAN_POINT('',(2.76445744884451,-1.25,-1.11505404595712));
#3088=CARTESIAN_POINT('',(2.76628663139979,-1.25,-1.11616006331612));
#3089=CARTESIAN_POINT('',(2.76811581395505,-1.25,-1.11726608067512));
#3090=CARTESIAN_POINT('',(2.77151894429043,-1.25,-1.11726608067512));
#3091=CARTESIAN_POINT('',(2.77407129204196,-1.25,-1.11726608067512));
#3092=CARTESIAN_POINT('',(2.77824012670279,-1.25,-1.11667053286642));
#3093=EDGE_LOOP('',(#5895,#5896,#5897,#5898));
#3094=CARTESIAN_POINT('',(2.77824012670279,-1.35,-1.11667053286642));
#3095=CARTESIAN_POINT('',(2.77934614406179,-1.35,-1.12343425440799));
#3096=CARTESIAN_POINT('',(2.78045216142079,-1.35,-1.13019797594955));
#3097=CARTESIAN_POINT('',(2.77824012670279,-1.25,-1.11667053286642));
#3098=CARTESIAN_POINT('',(2.77934614406179,-1.25,-1.12343425440799));
#3099=CARTESIAN_POINT('',(2.78045216142079,-1.25,-1.13019797594955));
#3100=EDGE_LOOP('',(#5899,#5900,#5901,#5902));
#3101=CARTESIAN_POINT('',(2.78045216142079,-1.35,-1.13019797594955));
#3102=CARTESIAN_POINT('',(2.77398621378357,-1.35,-1.1315592280837));
#3103=CARTESIAN_POINT('',(2.76888151828051,-1.35,-1.1315592280837));
#3104=CARTESIAN_POINT('',(2.76054384895884,-1.35,-1.1315592280837));
#3105=CARTESIAN_POINT('',(2.75594962300608,-1.35,-1.12892180207378));
#3106=CARTESIAN_POINT('',(2.75135539705332,-1.35,-1.12628437606387));
#3107=CARTESIAN_POINT('',(2.74948367536887,-1.35,-1.12198792401545));
#3108=CARTESIAN_POINT('',(2.7476119536844,-1.35,-1.11769147196704));
#3109=CARTESIAN_POINT('',(2.7476119536844,-1.35,-1.10390879410876));
#3110=CARTESIAN_POINT('',(2.78045216142079,-1.25,-1.13019797594955));
#3111=CARTESIAN_POINT('',(2.77398621378357,-1.25,-1.1315592280837));
#3112=CARTESIAN_POINT('',(2.76888151828051,-1.25,-1.1315592280837));
#3113=CARTESIAN_POINT('',(2.76054384895884,-1.25,-1.1315592280837));
#3114=CARTESIAN_POINT('',(2.75594962300608,-1.25,-1.12892180207378));
#3115=CARTESIAN_POINT('',(2.75135539705332,-1.25,-1.12628437606387));
#3116=CARTESIAN_POINT('',(2.74948367536887,-1.25,-1.12198792401545));
#3117=CARTESIAN_POINT('',(2.7476119536844,-1.25,-1.11769147196704));
#3118=CARTESIAN_POINT('',(2.7476119536844,-1.25,-1.10390879410876));
#3119=EDGE_LOOP('',(#5903,#5904,#5905,#5906));
#3120=CARTESIAN_POINT('',(2.7476119536844,-1.35,-1.10390879410876));
#3121=CARTESIAN_POINT('',(2.7476119536844,-1.35,-1.07791738617232));
#3122=CARTESIAN_POINT('',(2.7476119536844,-1.35,-1.05192597823588));
#3123=CARTESIAN_POINT('',(2.7476119536844,-1.25,-1.10390879410876));
#3124=CARTESIAN_POINT('',(2.7476119536844,-1.25,-1.07791738617232));
#3125=CARTESIAN_POINT('',(2.7476119536844,-1.25,-1.05192597823588));
#3126=EDGE_LOOP('',(#5907,#5908,#5909,#5910));
#3127=CARTESIAN_POINT('',(2.7476119536844,-1.35,-1.05192597823588));
#3128=CARTESIAN_POINT('',(2.74199678863103,-1.35,-1.05192597823588));
#3129=CARTESIAN_POINT('',(2.73638162357766,-1.35,-1.05192597823588));
#3130=CARTESIAN_POINT('',(2.7476119536844,-1.25,-1.05192597823588));
#3131=CARTESIAN_POINT('',(2.74199678863103,-1.25,-1.05192597823588));
#3132=CARTESIAN_POINT('',(2.73638162357766,-1.25,-1.05192597823588));
#3133=EDGE_LOOP('',(#5911,#5912,#5913,#5914));
#3134=CARTESIAN_POINT('',(2.73638162357766,-1.35,-1.05192597823588));
#3135=CARTESIAN_POINT('',(2.73638162357766,-1.35,-1.04597050014897));
#3136=CARTESIAN_POINT('',(2.73638162357766,-1.35,-1.04001502206206));
#3137=CARTESIAN_POINT('',(2.73638162357766,-1.25,-1.05192597823588));
#3138=CARTESIAN_POINT('',(2.73638162357766,-1.25,-1.04597050014897));
#3139=CARTESIAN_POINT('',(2.73638162357766,-1.25,-1.04001502206206));
#3140=EDGE_LOOP('',(#5915,#5916,#5917,#5918));
#3141=CARTESIAN_POINT('',(2.73638162357766,-1.35,-1.04001502206206));
#3142=CARTESIAN_POINT('',(2.74199678863103,-1.35,-1.04001502206206));
#3143=CARTESIAN_POINT('',(2.7476119536844,-1.35,-1.04001502206206));
#3144=CARTESIAN_POINT('',(2.73638162357766,-1.25,-1.04001502206206));
#3145=CARTESIAN_POINT('',(2.74199678863103,-1.25,-1.04001502206206));
#3146=CARTESIAN_POINT('',(2.7476119536844,-1.25,-1.04001502206206));
#3147=EDGE_LOOP('',(#5919,#5920,#5921,#5922));
#3148=CARTESIAN_POINT('',(2.7476119536844,-1.35,-1.04001502206206));
#3149=CARTESIAN_POINT('',(2.7476119536844,-1.35,-1.0288272310845));
#3150=CARTESIAN_POINT('',(2.7476119536844,-1.35,-1.01763944010695));
#3151=CARTESIAN_POINT('',(2.7476119536844,-1.25,-1.04001502206206));
#3152=CARTESIAN_POINT('',(2.7476119536844,-1.25,-1.0288272310845));
#3153=CARTESIAN_POINT('',(2.7476119536844,-1.25,-1.01763944010695));
#3154=EDGE_LOOP('',(#5923,#5924,#5925,#5926,#5927,#5928,#5929,#5930,#5931,#5932,#5933,#5934,#5935,#5936));
#3155=AXIS2_PLACEMENT_3D('',#5937,#5938,#5939);
#3156=EDGE_LOOP('',(#5940,#5941,#5942,#5943));
#3157=CARTESIAN_POINT('',(2.86578565458037,-1.35,-1.066559438678));
#3158=CARTESIAN_POINT('',(2.85834130697173,-1.35,-1.06770799516619));
#3159=CARTESIAN_POINT('',(2.8508969593631,-1.35,-1.06885655165438));
#3160=CARTESIAN_POINT('',(2.86578565458037,-1.25,-1.066559438678));
#3161=CARTESIAN_POINT('',(2.85834130697173,-1.25,-1.06770799516619));
#3162=CARTESIAN_POINT('',(2.8508969593631,-1.25,-1.06885655165438));
#3163=EDGE_LOOP('',(#5944,#5945,#5946,#5947));
#3164=CARTESIAN_POINT('',(2.8508969593631,-1.35,-1.06885655165438));
#3165=CARTESIAN_POINT('',(2.84877000290349,-1.35,-1.05975317800724));
#3166=CARTESIAN_POINT('',(2.84336753349608,-1.35,-1.05515895205449));
#3167=CARTESIAN_POINT('',(2.83796506408866,-1.35,-1.05056472610173));
#3168=CARTESIAN_POINT('',(2.83030802083406,-1.35,-1.05056472610173));
#3169=CARTESIAN_POINT('',(2.81873737769378,-1.35,-1.05056472610173));
#3170=CARTESIAN_POINT('',(2.81150572573111,-1.35,-1.05885985629421));
#3171=CARTESIAN_POINT('',(2.80427407376843,-1.35,-1.06715498648669));
#3172=CARTESIAN_POINT('',(2.80427407376843,-1.35,-1.0851064990058));
#3173=CARTESIAN_POINT('',(2.80427407376843,-1.35,-1.10331324630007));
#3174=CARTESIAN_POINT('',(2.81125049095596,-1.35,-1.11156583736336));
#3175=CARTESIAN_POINT('',(2.81822690814348,-1.35,-1.11981842842665));
#3176=CARTESIAN_POINT('',(2.82945723825022,-1.35,-1.11981842842665));
#3177=CARTESIAN_POINT('',(2.83847553363898,-1.35,-1.11981842842665));
#3178=CARTESIAN_POINT('',(2.84451608998427,-1.35,-1.11428834163166));
#3179=CARTESIAN_POINT('',(2.85055664632956,-1.35,-1.10875825483667));
#3180=CARTESIAN_POINT('',(2.85217313323886,-1.35,-1.09727268995478));
#3181=CARTESIAN_POINT('',(2.8508969593631,-1.25,-1.06885655165438));
#3182=CARTESIAN_POINT('',(2.84877000290349,-1.25,-1.05975317800724));
#3183=CARTESIAN_POINT('',(2.84336753349608,-1.25,-1.05515895205449));
#3184=CARTESIAN_POINT('',(2.83796506408866,-1.25,-1.05056472610173));
#3185=CARTESIAN_POINT('',(2.83030802083406,-1.25,-1.05056472610173));
#3186=CARTESIAN_POINT('',(2.81873737769378,-1.25,-1.05056472610173));
#3187=CARTESIAN_POINT('',(2.81150572573111,-1.25,-1.05885985629421));
#3188=CARTESIAN_POINT('',(2.80427407376843,-1.25,-1.06715498648669));
#3189=CARTESIAN_POINT('',(2.80427407376843,-1.25,-1.0851064990058));
#3190=CARTESIAN_POINT('',(2.80427407376843,-1.25,-1.10331324630007));
#3191=CARTESIAN_POINT('',(2.81125049095596,-1.25,-1.11156583736336));
#3192=CARTESIAN_POINT('',(2.81822690814348,-1.25,-1.11981842842665));
#3193=CARTESIAN_POINT('',(2.82945723825022,-1.25,-1.11981842842665));
#3194=CARTESIAN_POINT('',(2.83847553363898,-1.25,-1.11981842842665));
#3195=CARTESIAN_POINT('',(2.84451608998427,-1.25,-1.11428834163166));
#3196=CARTESIAN_POINT('',(2.85055664632956,-1.25,-1.10875825483667));
#3197=CARTESIAN_POINT('',(2.85217313323886,-1.25,-1.09727268995478));
#3198=EDGE_LOOP('',(#5948,#5949,#5950,#5951));
#3199=CARTESIAN_POINT('',(2.85217313323886,-1.35,-1.09727268995478));
#3200=CARTESIAN_POINT('',(2.85970255910588,-1.35,-1.0982510899262));
#3201=CARTESIAN_POINT('',(2.86723198497291,-1.35,-1.09922948989762));
#3202=CARTESIAN_POINT('',(2.85217313323886,-1.25,-1.09727268995478));
#3203=CARTESIAN_POINT('',(2.85970255910588,-1.25,-1.0982510899262));
#3204=CARTESIAN_POINT('',(2.86723198497291,-1.25,-1.09922948989762));
#3205=EDGE_LOOP('',(#5952,#5953,#5954,#5955));
#3206=CARTESIAN_POINT('',(2.86723198497291,-1.35,-1.09922948989762));
#3207=CARTESIAN_POINT('',(2.86476471547976,-1.35,-1.11479881118197));
#3208=CARTESIAN_POINT('',(2.85459786360283,-1.35,-1.12360441092476));
#3209=CARTESIAN_POINT('',(2.84443101172588,-1.35,-1.13241001066754));
#3210=CARTESIAN_POINT('',(2.82962739476699,-1.35,-1.13241001066754));
#3211=CARTESIAN_POINT('',(2.81108033443919,-1.35,-1.13241001066754));
#3212=CARTESIAN_POINT('',(2.79980746520325,-1.35,-1.12028635884776));
#3213=CARTESIAN_POINT('',(2.78853459596731,-1.35,-1.10816270702798));
#3214=CARTESIAN_POINT('',(2.78853459596731,-1.35,-1.08553189029772));
#3215=CARTESIAN_POINT('',(2.78853459596731,-1.35,-1.0708984298556));
#3216=CARTESIAN_POINT('',(2.79338405669522,-1.35,-1.05992333452401));
#3217=CARTESIAN_POINT('',(2.79823351742314,-1.35,-1.04894823919242));
#3218=CARTESIAN_POINT('',(2.80814513452492,-1.35,-1.04346069152663));
#3219=CARTESIAN_POINT('',(2.8180567516267,-1.35,-1.03797314386083));
#3220=CARTESIAN_POINT('',(2.82971247302538,-1.35,-1.03797314386083));
#3221=CARTESIAN_POINT('',(2.84443101172588,-1.35,-1.03797314386083));
#3222=CARTESIAN_POINT('',(2.85378962014817,-1.35,-1.04541749146947));
#3223=CARTESIAN_POINT('',(2.86314821818492,-1.35,-1.05286183907811));
#3224=CARTESIAN_POINT('',(2.86578565458037,-1.35,-1.066559438678));
#3225=CARTESIAN_POINT('',(2.86723198497291,-1.25,-1.09922948989762));
#3226=CARTESIAN_POINT('',(2.86476471547976,-1.25,-1.11479881118197));
#3227=CARTESIAN_POINT('',(2.85459786360283,-1.25,-1.12360441092476));
#3228=CARTESIAN_POINT('',(2.84443101172588,-1.25,-1.13241001066754));
#3229=CARTESIAN_POINT('',(2.82962739476699,-1.25,-1.13241001066754));
#3230=CARTESIAN_POINT('',(2.81108033443919,-1.25,-1.13241001066754));
#3231=CARTESIAN_POINT('',(2.79980746520325,-1.25,-1.12028635884776));
#3232=CARTESIAN_POINT('',(2.78853459596731,-1.25,-1.10816270702798));
#3233=CARTESIAN_POINT('',(2.78853459596731,-1.25,-1.08553189029772));
#3234=CARTESIAN_POINT('',(2.78853459596731,-1.25,-1.0708984298556));
#3235=CARTESIAN_POINT('',(2.79338405669522,-1.25,-1.05992333452401));
#3236=CARTESIAN_POINT('',(2.79823351742314,-1.25,-1.04894823919242));
#3237=CARTESIAN_POINT('',(2.80814513452492,-1.25,-1.04346069152663));
#3238=CARTESIAN_POINT('',(2.8180567516267,-1.25,-1.03797314386083));
#3239=CARTESIAN_POINT('',(2.82971247302538,-1.25,-1.03797314386083));
#3240=CARTESIAN_POINT('',(2.84443101172588,-1.25,-1.03797314386083));
#3241=CARTESIAN_POINT('',(2.85378962014817,-1.25,-1.04541749146947));
#3242=CARTESIAN_POINT('',(2.86314821818492,-1.25,-1.05286183907811));
#3243=CARTESIAN_POINT('',(2.86578565458037,-1.25,-1.066559438678));
#3244=EDGE_LOOP('',(#5956,#5957,#5958,#5959));
#3245=AXIS2_PLACEMENT_3D('',#5960,#5961,#5962);
#3246=EDGE_LOOP('',(#5963,#5964,#5965,#5966));
#3247=CARTESIAN_POINT('',(2.93861264375744,-1.35,-1.0731104645736));
#3248=CARTESIAN_POINT('',(2.93861264375744,-1.35,-1.0616248996917));
#3249=CARTESIAN_POINT('',(2.93363556564195,-1.35,-1.05639258680106));
#3250=CARTESIAN_POINT('',(2.92865848752647,-1.35,-1.05116027391042));
#3251=CARTESIAN_POINT('',(2.91955511387932,-1.35,-1.05116027391042));
#3252=CARTESIAN_POINT('',(2.91274885320857,-1.35,-1.05116027391042));
#3253=CARTESIAN_POINT('',(2.90675083599248,-1.35,-1.05469102163337));
#3254=CARTESIAN_POINT('',(2.90075281877637,-1.35,-1.05822176935632));
#3255=CARTESIAN_POINT('',(2.89820047102484,-1.35,-1.06426232570162));
#3256=CARTESIAN_POINT('',(2.89564812327331,-1.35,-1.07030288204691));
#3257=CARTESIAN_POINT('',(2.89564812327331,-1.35,-1.08093766434497));
#3258=CARTESIAN_POINT('',(2.93861264375744,-1.25,-1.0731104645736));
#3259=CARTESIAN_POINT('',(2.93861264375744,-1.25,-1.0616248996917));
#3260=CARTESIAN_POINT('',(2.93363556564195,-1.25,-1.05639258680106));
#3261=CARTESIAN_POINT('',(2.92865848752647,-1.25,-1.05116027391042));
#3262=CARTESIAN_POINT('',(2.91955511387932,-1.25,-1.05116027391042));
#3263=CARTESIAN_POINT('',(2.91274885320857,-1.25,-1.05116027391042));
#3264=CARTESIAN_POINT('',(2.90675083599248,-1.25,-1.05469102163337));
#3265=CARTESIAN_POINT('',(2.90075281877637,-1.25,-1.05822176935632));
#3266=CARTESIAN_POINT('',(2.89820047102484,-1.25,-1.06426232570162));
#3267=CARTESIAN_POINT('',(2.89564812327331,-1.25,-1.07030288204691));
#3268=CARTESIAN_POINT('',(2.89564812327331,-1.25,-1.08093766434497));
#3269=EDGE_LOOP('',(#5967,#5968,#5969,#5970));
#3270=CARTESIAN_POINT('',(2.89564812327331,-1.35,-1.08093766434497));
#3271=CARTESIAN_POINT('',(2.89564812327331,-1.35,-1.10565289840564));
#3272=CARTESIAN_POINT('',(2.89564812327331,-1.35,-1.13036813246632));
#3273=CARTESIAN_POINT('',(2.89564812327331,-1.25,-1.08093766434497));
#3274=CARTESIAN_POINT('',(2.89564812327331,-1.25,-1.10565289840564));
#3275=CARTESIAN_POINT('',(2.89564812327331,-1.25,-1.13036813246632));
#3276=EDGE_LOOP('',(#5971,#5972,#5973,#5974));
#3277=CARTESIAN_POINT('',(2.89564812327331,-1.35,-1.13036813246632));
#3278=CARTESIAN_POINT('',(2.88799108001871,-1.35,-1.13036813246632));
#3279=CARTESIAN_POINT('',(2.88033403676411,-1.35,-1.13036813246632));
#3280=CARTESIAN_POINT('',(2.89564812327331,-1.25,-1.13036813246632));
#3281=CARTESIAN_POINT('',(2.88799108001871,-1.25,-1.13036813246632));
#3282=CARTESIAN_POINT('',(2.88033403676411,-1.25,-1.13036813246632));
#3283=EDGE_LOOP('',(#5975,#5976,#5977,#5978));
#3284=CARTESIAN_POINT('',(2.88033403676411,-1.35,-1.13036813246632));
#3285=CARTESIAN_POINT('',(2.88033403676411,-1.35,-1.06800576907053));
#3286=CARTESIAN_POINT('',(2.88033403676411,-1.35,-1.00564340567475));
#3287=CARTESIAN_POINT('',(2.88033403676411,-1.25,-1.13036813246632));
#3288=CARTESIAN_POINT('',(2.88033403676411,-1.25,-1.06800576907053));
#3289=CARTESIAN_POINT('',(2.88033403676411,-1.25,-1.00564340567475));
#3290=EDGE_LOOP('',(#5979,#5980,#5981,#5982));
#3291=CARTESIAN_POINT('',(2.88033403676411,-1.35,-1.00564340567475));
#3292=CARTESIAN_POINT('',(2.88799108001871,-1.35,-1.00564340567475));
#3293=CARTESIAN_POINT('',(2.89564812327331,-1.35,-1.00564340567475));
#3294=CARTESIAN_POINT('',(2.88033403676411,-1.25,-1.00564340567475));
#3295=CARTESIAN_POINT('',(2.88799108001871,-1.25,-1.00564340567475));
#3296=CARTESIAN_POINT('',(2.89564812327331,-1.25,-1.00564340567475));
#3297=EDGE_LOOP('',(#5983,#5984,#5985,#5986));
#3298=CARTESIAN_POINT('',(2.89564812327331,-1.35,-1.00564340567475));
#3299=CARTESIAN_POINT('',(2.89564812327331,-1.35,-1.02801898762985));
#3300=CARTESIAN_POINT('',(2.89564812327331,-1.35,-1.05039456958496));
#3301=CARTESIAN_POINT('',(2.89564812327331,-1.25,-1.00564340567475));
#3302=CARTESIAN_POINT('',(2.89564812327331,-1.25,-1.02801898762985));
#3303=CARTESIAN_POINT('',(2.89564812327331,-1.25,-1.05039456958496));
#3304=EDGE_LOOP('',(#5987,#5988,#5989,#5990));
#3305=CARTESIAN_POINT('',(2.89564812327331,-1.35,-1.05039456958496));
#3306=CARTESIAN_POINT('',(2.90636798382974,-1.35,-1.03797314386083));
#3307=CARTESIAN_POINT('',(2.92270300943955,-1.35,-1.03797314386083));
#3308=CARTESIAN_POINT('',(2.93274224392891,-1.35,-1.03797314386083));
#3309=CARTESIAN_POINT('',(2.94014405240835,-1.35,-1.04192928287571));
#3310=CARTESIAN_POINT('',(2.94754586088781,-1.35,-1.04588542189058));
#3311=CARTESIAN_POINT('',(2.95073629557722,-1.35,-1.05286183907811));
#3312=CARTESIAN_POINT('',(2.95392673026663,-1.35,-1.05983825626563));
#3313=CARTESIAN_POINT('',(2.95392673026663,-1.35,-1.0731104645736));
#3314=CARTESIAN_POINT('',(2.89564812327331,-1.25,-1.05039456958496));
#3315=CARTESIAN_POINT('',(2.90636798382974,-1.25,-1.03797314386083));
#3316=CARTESIAN_POINT('',(2.92270300943955,-1.25,-1.03797314386083));
#3317=CARTESIAN_POINT('',(2.93274224392891,-1.25,-1.03797314386083));
#3318=CARTESIAN_POINT('',(2.94014405240835,-1.25,-1.04192928287571));
#3319=CARTESIAN_POINT('',(2.94754586088781,-1.25,-1.04588542189058));
#3320=CARTESIAN_POINT('',(2.95073629557722,-1.25,-1.05286183907811));
#3321=CARTESIAN_POINT('',(2.95392673026663,-1.25,-1.05983825626563));
#3322=CARTESIAN_POINT('',(2.95392673026663,-1.25,-1.0731104645736));
#3323=EDGE_LOOP('',(#5991,#5992,#5993,#5994));
#3324=CARTESIAN_POINT('',(2.95392673026663,-1.35,-1.0731104645736));
#3325=CARTESIAN_POINT('',(2.95392673026663,-1.35,-1.10173929851996));
#3326=CARTESIAN_POINT('',(2.95392673026663,-1.35,-1.13036813246632));
#3327=CARTESIAN_POINT('',(2.95392673026663,-1.25,-1.0731104645736));
#3328=CARTESIAN_POINT('',(2.95392673026663,-1.25,-1.10173929851996));
#3329=CARTESIAN_POINT('',(2.95392673026663,-1.25,-1.13036813246632));
#3330=EDGE_LOOP('',(#5995,#5996,#5997,#5998));
#3331=CARTESIAN_POINT('',(2.95392673026663,-1.35,-1.13036813246632));
#3332=CARTESIAN_POINT('',(2.94626968701204,-1.35,-1.13036813246632));
#3333=CARTESIAN_POINT('',(2.93861264375744,-1.35,-1.13036813246632));
#3334=CARTESIAN_POINT('',(2.95392673026663,-1.25,-1.13036813246632));
#3335=CARTESIAN_POINT('',(2.94626968701204,-1.25,-1.13036813246632));
#3336=CARTESIAN_POINT('',(2.93861264375744,-1.25,-1.13036813246632));
#3337=EDGE_LOOP('',(#5999,#6000,#6001,#6002));
#3338=CARTESIAN_POINT('',(2.93861264375744,-1.35,-1.13036813246632));
#3339=CARTESIAN_POINT('',(2.93861264375744,-1.35,-1.10173929851996));
#3340=CARTESIAN_POINT('',(2.93861264375744,-1.35,-1.0731104645736));
#3341=CARTESIAN_POINT('',(2.93861264375744,-1.25,-1.13036813246632));
#3342=CARTESIAN_POINT('',(2.93861264375744,-1.25,-1.10173929851996));
#3343=CARTESIAN_POINT('',(2.93861264375744,-1.25,-1.0731104645736));
#3344=EDGE_LOOP('',(#6003,#6004,#6005,#6006,#6007,#6008,#6009,#6010,#6011,#6012));
#3345=AXIS2_PLACEMENT_3D('',#6013,#6014,#6015);
#3346=EDGE_LOOP('',(#6016,#6017,#6018,#6019));
#3347=CARTESIAN_POINT('',(3.17938411498536,-1.35,-1.03984486554529));
#3348=CARTESIAN_POINT('',(3.17125914130965,-1.35,-1.04175912635894));
#3349=CARTESIAN_POINT('',(3.16313416763394,-1.35,-1.04367338717259));
#3350=CARTESIAN_POINT('',(3.17938411498536,-1.25,-1.03984486554529));
#3351=CARTESIAN_POINT('',(3.17125914130965,-1.25,-1.04175912635894));
#3352=CARTESIAN_POINT('',(3.16313416763394,-1.25,-1.04367338717259));
#3353=EDGE_LOOP('',(#6020,#6021,#6022,#6023));
#3354=CARTESIAN_POINT('',(3.16313416763394,-1.35,-1.04367338717259));
#3355=CARTESIAN_POINT('',(3.15879517645633,-1.35,-1.03006086583108));
#3356=CARTESIAN_POINT('',(3.15054258539305,-1.35,-1.02385015296902));
#3357=CARTESIAN_POINT('',(3.14228999432975,-1.35,-1.01763944010695));
#3358=CARTESIAN_POINT('',(3.12978349034724,-1.35,-1.01763944010695));
#3359=CARTESIAN_POINT('',(3.11540526468028,-1.35,-1.01763944010695));
#3360=CARTESIAN_POINT('',(3.10574888235365,-1.35,-1.02453077903609));
#3361=CARTESIAN_POINT('',(3.09609250002701,-1.35,-1.03142211796523));
#3362=CARTESIAN_POINT('',(3.09217890014133,-1.35,-1.0430353002347));
#3363=CARTESIAN_POINT('',(3.08826530025565,-1.35,-1.05464848250418));
#3364=CARTESIAN_POINT('',(3.08826530025565,-1.35,-1.06698482996992));
#3365=CARTESIAN_POINT('',(3.08826530025565,-1.35,-1.08289446428781));
#3366=CARTESIAN_POINT('',(3.0929020653376,-1.35,-1.09476288133244));
#3367=CARTESIAN_POINT('',(3.09753883041955,-1.35,-1.10663129837706));
#3368=CARTESIAN_POINT('',(3.10732283013376,-1.35,-1.11250169820559));
#3369=CARTESIAN_POINT('',(3.11710682984797,-1.35,-1.11837209803411));
#3370=CARTESIAN_POINT('',(3.12850731647148,-1.35,-1.11837209803411));
#3371=CARTESIAN_POINT('',(3.14237507258814,-1.35,-1.11837209803411));
#3372=CARTESIAN_POINT('',(3.15198891578558,-1.35,-1.11037474174598));
#3373=CARTESIAN_POINT('',(3.16160274859749,-1.35,-1.10237738545784));
#3374=CARTESIAN_POINT('',(3.1650058893184,-1.35,-1.08663790765672));
#3375=CARTESIAN_POINT('',(3.16313416763394,-1.25,-1.04367338717259));
#3376=CARTESIAN_POINT('',(3.15879517645633,-1.25,-1.03006086583108));
#3377=CARTESIAN_POINT('',(3.15054258539305,-1.25,-1.02385015296902));
#3378=CARTESIAN_POINT('',(3.14228999432975,-1.25,-1.01763944010695));
#3379=CARTESIAN_POINT('',(3.12978349034724,-1.25,-1.01763944010695));
#3380=CARTESIAN_POINT('',(3.11540526468028,-1.25,-1.01763944010695));
#3381=CARTESIAN_POINT('',(3.10574888235365,-1.25,-1.02453077903609));
#3382=CARTESIAN_POINT('',(3.09609250002701,-1.25,-1.03142211796523));
#3383=CARTESIAN_POINT('',(3.09217890014133,-1.25,-1.0430353002347));
#3384=CARTESIAN_POINT('',(3.08826530025565,-1.25,-1.05464848250418));
#3385=CARTESIAN_POINT('',(3.08826530025565,-1.25,-1.06698482996992));
#3386=CARTESIAN_POINT('',(3.08826530025565,-1.25,-1.08289446428781));
#3387=CARTESIAN_POINT('',(3.0929020653376,-1.25,-1.09476288133244));
#3388=CARTESIAN_POINT('',(3.09753883041955,-1.25,-1.10663129837706));
#3389=CARTESIAN_POINT('',(3.10732283013376,-1.25,-1.11250169820559));
#3390=CARTESIAN_POINT('',(3.11710682984797,-1.25,-1.11837209803411));
#3391=CARTESIAN_POINT('',(3.12850731647148,-1.25,-1.11837209803411));
#3392=CARTESIAN_POINT('',(3.14237507258814,-1.25,-1.11837209803411));
#3393=CARTESIAN_POINT('',(3.15198891578558,-1.25,-1.11037474174598));
#3394=CARTESIAN_POINT('',(3.16160274859749,-1.25,-1.10237738545784));
#3395=CARTESIAN_POINT('',(3.1650058893184,-1.25,-1.08663790765672));
#3396=EDGE_LOOP('',(#6024,#6025,#6026,#6027));
#3397=CARTESIAN_POINT('',(3.1650058893184,-1.35,-1.08663790765672));
#3398=CARTESIAN_POINT('',(3.17325848038169,-1.35,-1.08872232498714));
#3399=CARTESIAN_POINT('',(3.18151107144498,-1.35,-1.09080674231756));
#3400=CARTESIAN_POINT('',(3.1650058893184,-1.25,-1.08663790765672));
#3401=CARTESIAN_POINT('',(3.17325848038169,-1.25,-1.08872232498714));
#3402=CARTESIAN_POINT('',(3.18151107144498,-1.25,-1.09080674231756));
#3403=EDGE_LOOP('',(#6028,#6029,#6030,#6031));
#3404=CARTESIAN_POINT('',(3.18151107144498,-1.35,-1.09080674231756));
#3405=CARTESIAN_POINT('',(3.17632129768353,-1.35,-1.11114044607144));
#3406=CARTESIAN_POINT('',(3.1628363937296,-1.35,-1.12181776749868));
#3407=CARTESIAN_POINT('',(3.14935148977567,-1.35,-1.13249508892593));
#3408=CARTESIAN_POINT('',(3.12986856860563,-1.35,-1.13249508892593));
#3409=CARTESIAN_POINT('',(3.10970502136852,-1.35,-1.13249508892593));
#3410=CARTESIAN_POINT('',(3.09707089999844,-1.35,-1.12428503699183));
#3411=CARTESIAN_POINT('',(3.08443677862835,-1.35,-1.11607498505773));
#3412=CARTESIAN_POINT('',(3.07784321360356,-1.35,-1.10050566377338));
#3413=CARTESIAN_POINT('',(3.07124964857876,-1.35,-1.08493634248903));
#3414=CARTESIAN_POINT('',(3.07124964857876,-1.35,-1.0670699082283));
#3415=CARTESIAN_POINT('',(3.07124964857876,-1.35,-1.04758698705827));
#3416=CARTESIAN_POINT('',(3.0786939961874,-1.35,-1.03308114400373));
#3417=CARTESIAN_POINT('',(3.08613834379604,-1.35,-1.01857530094918));
#3418=CARTESIAN_POINT('',(3.09987848252512,-1.35,-1.01104587508216));
#3419=CARTESIAN_POINT('',(3.11361862125421,-1.35,-1.00351644921514));
#3420=CARTESIAN_POINT('',(3.13012380338078,-1.35,-1.00351644921514));
#3421=CARTESIAN_POINT('',(3.14884102022535,-1.35,-1.00351644921514));
#3422=CARTESIAN_POINT('',(3.16160275898302,-1.35,-1.01304521415419));
#3423=CARTESIAN_POINT('',(3.17436449774069,-1.35,-1.02257398947878));
#3424=CARTESIAN_POINT('',(3.17938411498536,-1.35,-1.03984486554529));
#3425=CARTESIAN_POINT('',(3.18151107144498,-1.25,-1.09080674231756));
#3426=CARTESIAN_POINT('',(3.17632129768353,-1.25,-1.11114044607144));
#3427=CARTESIAN_POINT('',(3.1628363937296,-1.25,-1.12181776749868));
#3428=CARTESIAN_POINT('',(3.14935148977567,-1.25,-1.13249508892593));
#3429=CARTESIAN_POINT('',(3.12986856860563,-1.25,-1.13249508892593));
#3430=CARTESIAN_POINT('',(3.10970502136852,-1.25,-1.13249508892593));
#3431=CARTESIAN_POINT('',(3.09707089999844,-1.25,-1.12428503699183));
#3432=CARTESIAN_POINT('',(3.08443677862835,-1.25,-1.11607498505773));
#3433=CARTESIAN_POINT('',(3.07784321360356,-1.25,-1.10050566377338));
#3434=CARTESIAN_POINT('',(3.07124964857876,-1.25,-1.08493634248903));
#3435=CARTESIAN_POINT('',(3.07124964857876,-1.25,-1.0670699082283));
#3436=CARTESIAN_POINT('',(3.07124964857876,-1.25,-1.04758698705827));
#3437=CARTESIAN_POINT('',(3.0786939961874,-1.25,-1.03308114400373));
#3438=CARTESIAN_POINT('',(3.08613834379604,-1.25,-1.01857530094918));
#3439=CARTESIAN_POINT('',(3.09987848252512,-1.25,-1.01104587508216));
#3440=CARTESIAN_POINT('',(3.11361862125421,-1.25,-1.00351644921514));
#3441=CARTESIAN_POINT('',(3.13012380338078,-1.25,-1.00351644921514));
#3442=CARTESIAN_POINT('',(3.14884102022535,-1.25,-1.00351644921514));
#3443=CARTESIAN_POINT('',(3.16160275898302,-1.25,-1.01304521415419));
#3444=CARTESIAN_POINT('',(3.17436449774069,-1.25,-1.02257398947878));
#3445=CARTESIAN_POINT('',(3.17938411498536,-1.25,-1.03984486554529));
#3446=EDGE_LOOP('',(#6032,#6033,#6034,#6035));
#3447=AXIS2_PLACEMENT_3D('',#6036,#6037,#6038);
#3448=EDGE_LOOP('',(#6039,#6040,#6041,#6042));
#3449=AXIS2_PLACEMENT_3D('',#6043,#6044,#6045);
#3450=EDGE_LOOP('',(#6046,#6047,#6048,#6049));
#3451=AXIS2_PLACEMENT_3D('',#6050,#6051,#6052);
#3452=EDGE_LOOP('',(#6053,#6054,#6055,#6056));
#3453=AXIS2_PLACEMENT_3D('',#6057,#6058,#6059);
#3454=EDGE_LOOP('',(#6060,#6061,#6062,#6063));
#3455=AXIS2_PLACEMENT_3D('',#6064,#6065,#6066);
#3456=EDGE_LOOP('',(#6067,#6068,#6069,#6070));
#3457=AXIS2_PLACEMENT_3D('',#6071,#6072,#6073);
#3458=EDGE_LOOP('',(#6074,#6075,#6076,#6077));
#3459=CARTESIAN_POINT('',(3.31057478941415,-1.35,-1.05286183907811));
#3460=CARTESIAN_POINT('',(3.32052894564513,-1.35,-1.03797314386083));
#3461=CARTESIAN_POINT('',(3.33933124074809,-1.35,-1.03797314386083));
#3462=CARTESIAN_POINT('',(3.34749875355299,-1.35,-1.03797314386083));
#3463=CARTESIAN_POINT('',(3.35434755335294,-1.35,-1.04090834377509));
#3464=CARTESIAN_POINT('',(3.36119635315288,-1.35,-1.04384354368936));
#3465=CARTESIAN_POINT('',(3.36459948348826,-1.35,-1.04860792615888));
#3466=CARTESIAN_POINT('',(3.36800261382364,-1.35,-1.05337230862841));
#3467=CARTESIAN_POINT('',(3.36936386595779,-1.35,-1.05992333452401));
#3468=CARTESIAN_POINT('',(3.37021464854164,-1.35,-1.06417724744323));
#3469=CARTESIAN_POINT('',(3.37021464854164,-1.35,-1.07481202974129));
#3470=CARTESIAN_POINT('',(3.31057478941415,-1.25,-1.05286183907811));
#3471=CARTESIAN_POINT('',(3.32052894564513,-1.25,-1.03797314386083));
#3472=CARTESIAN_POINT('',(3.33933124074809,-1.25,-1.03797314386083));
#3473=CARTESIAN_POINT('',(3.34749875355299,-1.25,-1.03797314386083));
#3474=CARTESIAN_POINT('',(3.35434755335294,-1.25,-1.04090834377509));
#3475=CARTESIAN_POINT('',(3.36119635315288,-1.25,-1.04384354368936));
#3476=CARTESIAN_POINT('',(3.36459948348826,-1.25,-1.04860792615888));
#3477=CARTESIAN_POINT('',(3.36800261382364,-1.25,-1.05337230862841));
#3478=CARTESIAN_POINT('',(3.36936386595779,-1.25,-1.05992333452401));
#3479=CARTESIAN_POINT('',(3.37021464854164,-1.25,-1.06417724744323));
#3480=CARTESIAN_POINT('',(3.37021464854164,-1.25,-1.07481202974129));
#3481=EDGE_LOOP('',(#6078,#6079,#6080,#6081));
#3482=CARTESIAN_POINT('',(3.37021464854164,-1.35,-1.07481202974129));
#3483=CARTESIAN_POINT('',(3.37021464854164,-1.35,-1.1025900811038));
#3484=CARTESIAN_POINT('',(3.37021464854164,-1.35,-1.13036813246632));
#3485=CARTESIAN_POINT('',(3.37021464854164,-1.25,-1.07481202974129));
#3486=CARTESIAN_POINT('',(3.37021464854164,-1.25,-1.1025900811038));
#3487=CARTESIAN_POINT('',(3.37021464854164,-1.25,-1.13036813246632));
#3488=EDGE_LOOP('',(#6082,#6083,#6084,#6085));
#3489=CARTESIAN_POINT('',(3.37021464854164,-1.35,-1.13036813246632));
#3490=CARTESIAN_POINT('',(3.36255760528704,-1.35,-1.13036813246632));
#3491=CARTESIAN_POINT('',(3.35490056203244,-1.35,-1.13036813246632));
#3492=CARTESIAN_POINT('',(3.37021464854164,-1.25,-1.13036813246632));
#3493=CARTESIAN_POINT('',(3.36255760528704,-1.25,-1.13036813246632));
#3494=CARTESIAN_POINT('',(3.35490056203244,-1.25,-1.13036813246632));
#3495=EDGE_LOOP('',(#6086,#6087,#6088,#6089));
#3496=CARTESIAN_POINT('',(3.35490056203244,-1.35,-1.13036813246632));
#3497=CARTESIAN_POINT('',(3.35490056203244,-1.35,-1.10288785500815));
#3498=CARTESIAN_POINT('',(3.35490056203244,-1.35,-1.07540757754998));
#3499=CARTESIAN_POINT('',(3.35490056203244,-1.25,-1.13036813246632));
#3500=CARTESIAN_POINT('',(3.35490056203244,-1.25,-1.10288785500815));
#3501=CARTESIAN_POINT('',(3.35490056203244,-1.25,-1.07540757754998));
#3502=EDGE_LOOP('',(#6090,#6091,#6092,#6093));
#3503=CARTESIAN_POINT('',(3.35490056203244,-1.35,-1.07540757754998));
#3504=CARTESIAN_POINT('',(3.35490056203244,-1.35,-1.06604896912769));
#3505=CARTESIAN_POINT('',(3.35311391860636,-1.35,-1.06141220404574));
#3506=CARTESIAN_POINT('',(3.35132727518029,-1.35,-1.05677543896379));
#3507=CARTESIAN_POINT('',(3.34677558835672,-1.35,-1.0540103955663));
#3508=CARTESIAN_POINT('',(3.34222390153316,-1.35,-1.0512453521688));
#3509=CARTESIAN_POINT('',(3.33609826692948,-1.35,-1.0512453521688));
#3510=CARTESIAN_POINT('',(3.32631426721527,-1.35,-1.0512453521688));
#3511=CARTESIAN_POINT('',(3.31921023264017,-1.35,-1.05745606503086));
#3512=CARTESIAN_POINT('',(3.31210619806507,-1.35,-1.06366677789293));
#3513=CARTESIAN_POINT('',(3.31210619806507,-1.35,-1.08102274260335));
#3514=CARTESIAN_POINT('',(3.35490056203244,-1.25,-1.07540757754998));
#3515=CARTESIAN_POINT('',(3.35490056203244,-1.25,-1.06604896912769));
#3516=CARTESIAN_POINT('',(3.35311391860636,-1.25,-1.06141220404574));
#3517=CARTESIAN_POINT('',(3.35132727518029,-1.25,-1.05677543896379));
#3518=CARTESIAN_POINT('',(3.34677558835672,-1.25,-1.0540103955663));
#3519=CARTESIAN_POINT('',(3.34222390153316,-1.25,-1.0512453521688));
#3520=CARTESIAN_POINT('',(3.33609826692948,-1.25,-1.0512453521688));
#3521=CARTESIAN_POINT('',(3.32631426721527,-1.25,-1.0512453521688));
#3522=CARTESIAN_POINT('',(3.31921023264017,-1.25,-1.05745606503086));
#3523=CARTESIAN_POINT('',(3.31210619806507,-1.25,-1.06366677789293));
#3524=CARTESIAN_POINT('',(3.31210619806507,-1.25,-1.08102274260335));
#3525=EDGE_LOOP('',(#6094,#6095,#6096,#6097));
#3526=CARTESIAN_POINT('',(3.31210619806507,-1.35,-1.08102274260335));
#3527=CARTESIAN_POINT('',(3.31210619806507,-1.35,-1.10569543753483));
#3528=CARTESIAN_POINT('',(3.31210619806507,-1.35,-1.13036813246632));
#3529=CARTESIAN_POINT('',(3.31210619806507,-1.25,-1.08102274260335));
#3530=CARTESIAN_POINT('',(3.31210619806507,-1.25,-1.10569543753483));
#3531=CARTESIAN_POINT('',(3.31210619806507,-1.25,-1.13036813246632));
#3532=EDGE_LOOP('',(#6098,#6099,#6100,#6101));
#3533=CARTESIAN_POINT('',(3.31210619806507,-1.35,-1.13036813246632));
#3534=CARTESIAN_POINT('',(3.30444915481047,-1.35,-1.13036813246632));
#3535=CARTESIAN_POINT('',(3.29679211155587,-1.35,-1.13036813246632));
#3536=CARTESIAN_POINT('',(3.31210619806507,-1.25,-1.13036813246632));
#3537=CARTESIAN_POINT('',(3.30444915481047,-1.25,-1.13036813246632));
#3538=CARTESIAN_POINT('',(3.29679211155587,-1.25,-1.13036813246632));
#3539=EDGE_LOOP('',(#6102,#6103,#6104,#6105));
#3540=CARTESIAN_POINT('',(3.29679211155587,-1.35,-1.13036813246632));
#3541=CARTESIAN_POINT('',(3.29679211155587,-1.35,-1.08519157726419));
#3542=CARTESIAN_POINT('',(3.29679211155587,-1.35,-1.04001502206206));
#3543=CARTESIAN_POINT('',(3.29679211155587,-1.25,-1.13036813246632));
#3544=CARTESIAN_POINT('',(3.29679211155587,-1.25,-1.08519157726419));
#3545=CARTESIAN_POINT('',(3.29679211155587,-1.25,-1.04001502206206));
#3546=EDGE_LOOP('',(#6106,#6107,#6108,#6109));
#3547=CARTESIAN_POINT('',(3.29679211155587,-1.35,-1.04001502206206));
#3548=CARTESIAN_POINT('',(3.30368345048501,-1.35,-1.04001502206206));
#3549=CARTESIAN_POINT('',(3.31057478941415,-1.35,-1.04001502206206));
#3550=CARTESIAN_POINT('',(3.29679211155587,-1.25,-1.04001502206206));
#3551=CARTESIAN_POINT('',(3.30368345048501,-1.25,-1.04001502206206));
#3552=CARTESIAN_POINT('',(3.31057478941415,-1.25,-1.04001502206206));
#3553=EDGE_LOOP('',(#6110,#6111,#6112,#6113));
#3554=CARTESIAN_POINT('',(3.31057478941415,-1.35,-1.04001502206206));
#3555=CARTESIAN_POINT('',(3.31057478941415,-1.35,-1.04643843057008));
#3556=CARTESIAN_POINT('',(3.31057478941415,-1.35,-1.05286183907811));
#3557=CARTESIAN_POINT('',(3.31057478941415,-1.25,-1.04001502206206));
#3558=CARTESIAN_POINT('',(3.31057478941415,-1.25,-1.04643843057008));
#3559=CARTESIAN_POINT('',(3.31057478941415,-1.25,-1.05286183907811));
#3560=EDGE_LOOP('',(#6114,#6115,#6116,#6117,#6118,#6119,#6120,#6121,#6122,#6123));
#3561=AXIS2_PLACEMENT_3D('',#6124,#6125,#6126);
#3562=EDGE_LOOP('',(#6127,#6128,#6129,#6130));
#3563=CARTESIAN_POINT('',(3.40747892571402,-1.35,-1.05286183907811));
#3564=CARTESIAN_POINT('',(3.41743308194499,-1.35,-1.03797314386083));
#3565=CARTESIAN_POINT('',(3.43623537704794,-1.35,-1.03797314386083));
#3566=CARTESIAN_POINT('',(3.44440288985285,-1.35,-1.03797314386083));
#3567=CARTESIAN_POINT('',(3.4512516896528,-1.35,-1.04090834377509));
#3568=CARTESIAN_POINT('',(3.45810048945274,-1.35,-1.04384354368936));
#3569=CARTESIAN_POINT('',(3.46150361978812,-1.35,-1.04860792615888));
#3570=CARTESIAN_POINT('',(3.4649067501235,-1.35,-1.05337230862841));
#3571=CARTESIAN_POINT('',(3.46626800225766,-1.35,-1.05992333452401));
#3572=CARTESIAN_POINT('',(3.4671187848415,-1.35,-1.06417724744323));
#3573=CARTESIAN_POINT('',(3.4671187848415,-1.35,-1.07481202974129));
#3574=CARTESIAN_POINT('',(3.40747892571402,-1.25,-1.05286183907811));
#3575=CARTESIAN_POINT('',(3.41743308194499,-1.25,-1.03797314386083));
#3576=CARTESIAN_POINT('',(3.43623537704794,-1.25,-1.03797314386083));
#3577=CARTESIAN_POINT('',(3.44440288985285,-1.25,-1.03797314386083));
#3578=CARTESIAN_POINT('',(3.4512516896528,-1.25,-1.04090834377509));
#3579=CARTESIAN_POINT('',(3.45810048945274,-1.25,-1.04384354368936));
#3580=CARTESIAN_POINT('',(3.46150361978812,-1.25,-1.04860792615888));
#3581=CARTESIAN_POINT('',(3.4649067501235,-1.25,-1.05337230862841));
#3582=CARTESIAN_POINT('',(3.46626800225766,-1.25,-1.05992333452401));
#3583=CARTESIAN_POINT('',(3.4671187848415,-1.25,-1.06417724744323));
#3584=CARTESIAN_POINT('',(3.4671187848415,-1.25,-1.07481202974129));
#3585=EDGE_LOOP('',(#6131,#6132,#6133,#6134));
#3586=CARTESIAN_POINT('',(3.4671187848415,-1.35,-1.07481202974129));
#3587=CARTESIAN_POINT('',(3.4671187848415,-1.35,-1.1025900811038));
#3588=CARTESIAN_POINT('',(3.4671187848415,-1.35,-1.13036813246632));
#3589=CARTESIAN_POINT('',(3.4671187848415,-1.25,-1.07481202974129));
#3590=CARTESIAN_POINT('',(3.4671187848415,-1.25,-1.1025900811038));
#3591=CARTESIAN_POINT('',(3.4671187848415,-1.25,-1.13036813246632));
#3592=EDGE_LOOP('',(#6135,#6136,#6137,#6138));
#3593=CARTESIAN_POINT('',(3.4671187848415,-1.35,-1.13036813246632));
#3594=CARTESIAN_POINT('',(3.4594617415869,-1.35,-1.13036813246632));
#3595=CARTESIAN_POINT('',(3.4518046983323,-1.35,-1.13036813246632));
#3596=CARTESIAN_POINT('',(3.4671187848415,-1.25,-1.13036813246632));
#3597=CARTESIAN_POINT('',(3.4594617415869,-1.25,-1.13036813246632));
#3598=CARTESIAN_POINT('',(3.4518046983323,-1.25,-1.13036813246632));
#3599=EDGE_LOOP('',(#6139,#6140,#6141,#6142));
#3600=CARTESIAN_POINT('',(3.4518046983323,-1.35,-1.13036813246632));
#3601=CARTESIAN_POINT('',(3.4518046983323,-1.35,-1.10288785500815));
#3602=CARTESIAN_POINT('',(3.4518046983323,-1.35,-1.07540757754998));
#3603=CARTESIAN_POINT('',(3.4518046983323,-1.25,-1.13036813246632));
#3604=CARTESIAN_POINT('',(3.4518046983323,-1.25,-1.10288785500815));
#3605=CARTESIAN_POINT('',(3.4518046983323,-1.25,-1.07540757754998));
#3606=EDGE_LOOP('',(#6143,#6144,#6145,#6146));
#3607=CARTESIAN_POINT('',(3.4518046983323,-1.35,-1.07540757754998));
#3608=CARTESIAN_POINT('',(3.4518046983323,-1.35,-1.06604896912769));
#3609=CARTESIAN_POINT('',(3.45001805490622,-1.35,-1.06141220404574));
#3610=CARTESIAN_POINT('',(3.44823141148016,-1.35,-1.05677543896379));
#3611=CARTESIAN_POINT('',(3.44367972465658,-1.35,-1.0540103955663));
#3612=CARTESIAN_POINT('',(3.43912803783301,-1.35,-1.0512453521688));
#3613=CARTESIAN_POINT('',(3.43300240322934,-1.35,-1.0512453521688));
#3614=CARTESIAN_POINT('',(3.42321840351513,-1.35,-1.0512453521688));
#3615=CARTESIAN_POINT('',(3.41611436894003,-1.35,-1.05745606503086));
#3616=CARTESIAN_POINT('',(3.40901033436493,-1.35,-1.06366677789293));
#3617=CARTESIAN_POINT('',(3.40901033436493,-1.35,-1.08102274260335));
#3618=CARTESIAN_POINT('',(3.4518046983323,-1.25,-1.07540757754998));
#3619=CARTESIAN_POINT('',(3.4518046983323,-1.25,-1.06604896912769));
#3620=CARTESIAN_POINT('',(3.45001805490622,-1.25,-1.06141220404574));
#3621=CARTESIAN_POINT('',(3.44823141148016,-1.25,-1.05677543896379));
#3622=CARTESIAN_POINT('',(3.44367972465658,-1.25,-1.0540103955663));
#3623=CARTESIAN_POINT('',(3.43912803783301,-1.25,-1.0512453521688));
#3624=CARTESIAN_POINT('',(3.43300240322934,-1.25,-1.0512453521688));
#3625=CARTESIAN_POINT('',(3.42321840351513,-1.25,-1.0512453521688));
#3626=CARTESIAN_POINT('',(3.41611436894003,-1.25,-1.05745606503086));
#3627=CARTESIAN_POINT('',(3.40901033436493,-1.25,-1.06366677789293));
#3628=CARTESIAN_POINT('',(3.40901033436493,-1.25,-1.08102274260335));
#3629=EDGE_LOOP('',(#6147,#6148,#6149,#6150));
#3630=CARTESIAN_POINT('',(3.40901033436493,-1.35,-1.08102274260335));
#3631=CARTESIAN_POINT('',(3.40901033436493,-1.35,-1.10569543753483));
#3632=CARTESIAN_POINT('',(3.40901033436493,-1.35,-1.13036813246632));
#3633=CARTESIAN_POINT('',(3.40901033436493,-1.25,-1.08102274260335));
#3634=CARTESIAN_POINT('',(3.40901033436493,-1.25,-1.10569543753483));
#3635=CARTESIAN_POINT('',(3.40901033436493,-1.25,-1.13036813246632));
#3636=EDGE_LOOP('',(#6151,#6152,#6153,#6154));
#3637=CARTESIAN_POINT('',(3.40901033436493,-1.35,-1.13036813246632));
#3638=CARTESIAN_POINT('',(3.40135329111033,-1.35,-1.13036813246632));
#3639=CARTESIAN_POINT('',(3.39369624785573,-1.35,-1.13036813246632));
#3640=CARTESIAN_POINT('',(3.40901033436493,-1.25,-1.13036813246632));
#3641=CARTESIAN_POINT('',(3.40135329111033,-1.25,-1.13036813246632));
#3642=CARTESIAN_POINT('',(3.39369624785573,-1.25,-1.13036813246632));
#3643=EDGE_LOOP('',(#6155,#6156,#6157,#6158));
#3644=CARTESIAN_POINT('',(3.39369624785573,-1.35,-1.13036813246632));
#3645=CARTESIAN_POINT('',(3.39369624785573,-1.35,-1.08519157726419));
#3646=CARTESIAN_POINT('',(3.39369624785573,-1.35,-1.04001502206206));
#3647=CARTESIAN_POINT('',(3.39369624785573,-1.25,-1.13036813246632));
#3648=CARTESIAN_POINT('',(3.39369624785573,-1.25,-1.08519157726419));
#3649=CARTESIAN_POINT('',(3.39369624785573,-1.25,-1.04001502206206));
#3650=EDGE_LOOP('',(#6159,#6160,#6161,#6162));
#3651=CARTESIAN_POINT('',(3.39369624785573,-1.35,-1.04001502206206));
#3652=CARTESIAN_POINT('',(3.40058758678487,-1.35,-1.04001502206206));
#3653=CARTESIAN_POINT('',(3.40747892571402,-1.35,-1.04001502206206));
#3654=CARTESIAN_POINT('',(3.39369624785573,-1.25,-1.04001502206206));
#3655=CARTESIAN_POINT('',(3.40058758678487,-1.25,-1.04001502206206));
#3656=CARTESIAN_POINT('',(3.40747892571402,-1.25,-1.04001502206206));
#3657=EDGE_LOOP('',(#6163,#6164,#6165,#6166));
#3658=CARTESIAN_POINT('',(3.40747892571402,-1.35,-1.04001502206206));
#3659=CARTESIAN_POINT('',(3.40747892571402,-1.35,-1.04643843057008));
#3660=CARTESIAN_POINT('',(3.40747892571402,-1.35,-1.05286183907811));
#3661=CARTESIAN_POINT('',(3.40747892571402,-1.25,-1.04001502206206));
#3662=CARTESIAN_POINT('',(3.40747892571402,-1.25,-1.04643843057008));
#3663=CARTESIAN_POINT('',(3.40747892571402,-1.25,-1.05286183907811));
#3664=EDGE_LOOP('',(#6167,#6168,#6169,#6170,#6171,#6172,#6173,#6174,#6175,#6176));
#3665=AXIS2_PLACEMENT_3D('',#6177,#6178,#6179);
#3666=EDGE_LOOP('',(#6180,#6181,#6182,#6183));
#3667=CARTESIAN_POINT('',(3.56827683406057,-1.35,-1.10322816804168));
#3668=CARTESIAN_POINT('',(3.56453339069167,-1.35,-1.11709592415835));
#3669=CARTESIAN_POINT('',(3.55440907794392,-1.35,-1.12475296741294));
#3670=CARTESIAN_POINT('',(3.54428476519617,-1.35,-1.13241001066754));
#3671=CARTESIAN_POINT('',(3.52854528739505,-1.35,-1.13241001066754));
#3672=CARTESIAN_POINT('',(3.50872205319148,-1.35,-1.13241001066754));
#3673=CARTESIAN_POINT('',(3.497108870922,-1.35,-1.12020128058938));
#3674=CARTESIAN_POINT('',(3.48549568865253,-1.35,-1.10799255051121));
#3675=CARTESIAN_POINT('',(3.48549568865253,-1.35,-1.08595728158965));
#3676=CARTESIAN_POINT('',(3.48549568865253,-1.35,-1.06315630834262));
#3677=CARTESIAN_POINT('',(3.49723648830958,-1.35,-1.05056472610173));
#3678=CARTESIAN_POINT('',(3.50897728796663,-1.35,-1.03797314386083));
#3679=CARTESIAN_POINT('',(3.52769450481121,-1.35,-1.03797314386083));
#3680=CARTESIAN_POINT('',(3.54581617384709,-1.35,-1.03797314386083));
#3681=CARTESIAN_POINT('',(3.55730173872899,-1.35,-1.05030949132657));
#3682=CARTESIAN_POINT('',(3.56878730361088,-1.35,-1.06264583879231));
#3683=CARTESIAN_POINT('',(3.56878730361088,-1.35,-1.08502142074742));
#3684=CARTESIAN_POINT('',(3.56878730361088,-1.35,-1.08638267288157));
#3685=CARTESIAN_POINT('',(3.5687022253525,-1.35,-1.08910517714987));
#3686=CARTESIAN_POINT('',(3.56827683406057,-1.25,-1.10322816804168));
#3687=CARTESIAN_POINT('',(3.56453339069167,-1.25,-1.11709592415835));
#3688=CARTESIAN_POINT('',(3.55440907794392,-1.25,-1.12475296741294));
#3689=CARTESIAN_POINT('',(3.54428476519617,-1.25,-1.13241001066754));
#3690=CARTESIAN_POINT('',(3.52854528739505,-1.25,-1.13241001066754));
#3691=CARTESIAN_POINT('',(3.50872205319148,-1.25,-1.13241001066754));
#3692=CARTESIAN_POINT('',(3.497108870922,-1.25,-1.12020128058938));
#3693=CARTESIAN_POINT('',(3.48549568865253,-1.25,-1.10799255051121));
#3694=CARTESIAN_POINT('',(3.48549568865253,-1.25,-1.08595728158965));
#3695=CARTESIAN_POINT('',(3.48549568865253,-1.25,-1.06315630834262));
#3696=CARTESIAN_POINT('',(3.49723648830958,-1.25,-1.05056472610173));
#3697=CARTESIAN_POINT('',(3.50897728796663,-1.25,-1.03797314386083));
#3698=CARTESIAN_POINT('',(3.52769450481121,-1.25,-1.03797314386083));
#3699=CARTESIAN_POINT('',(3.54581617384709,-1.25,-1.03797314386083));
#3700=CARTESIAN_POINT('',(3.55730173872899,-1.25,-1.05030949132657));
#3701=CARTESIAN_POINT('',(3.56878730361088,-1.25,-1.06264583879231));
#3702=CARTESIAN_POINT('',(3.56878730361088,-1.25,-1.08502142074742));
#3703=CARTESIAN_POINT('',(3.56878730361088,-1.25,-1.08638267288157));
#3704=CARTESIAN_POINT('',(3.5687022253525,-1.25,-1.08910517714987));
#3705=EDGE_LOOP('',(#6184,#6185,#6186,#6187));
#3706=CARTESIAN_POINT('',(3.5687022253525,-1.35,-1.08910517714987));
#3707=CARTESIAN_POINT('',(3.53501123503226,-1.35,-1.08910517714987));
#3708=CARTESIAN_POINT('',(3.50132024471203,-1.35,-1.08910517714987));
#3709=CARTESIAN_POINT('',(3.5687022253525,-1.25,-1.08910517714987));
#3710=CARTESIAN_POINT('',(3.53501123503226,-1.25,-1.08910517714987));
#3711=CARTESIAN_POINT('',(3.50132024471203,-1.25,-1.08910517714987));
#3712=EDGE_LOOP('',(#6188,#6189,#6190,#6191));
#3713=CARTESIAN_POINT('',(3.50132024471203,-1.35,-1.08910517714987));
#3714=CARTESIAN_POINT('',(3.50217102729588,-1.35,-1.10399387236715));
#3715=CARTESIAN_POINT('',(3.50974299229209,-1.35,-1.1119061503969));
#3716=CARTESIAN_POINT('',(3.51731495728831,-1.35,-1.11981842842665));
#3717=CARTESIAN_POINT('',(3.52863036565344,-1.35,-1.11981842842665));
#3718=CARTESIAN_POINT('',(3.53705311323349,-1.35,-1.11981842842665));
#3719=CARTESIAN_POINT('',(3.5430085913204,-1.35,-1.11539435899066));
#3720=CARTESIAN_POINT('',(3.54896406940731,-1.35,-1.11097028955467));
#3721=CARTESIAN_POINT('',(3.55245227800107,-1.35,-1.10127136809884));
#3722=CARTESIAN_POINT('',(3.50132024471203,-1.25,-1.08910517714987));
#3723=CARTESIAN_POINT('',(3.50217102729588,-1.25,-1.10399387236715));
#3724=CARTESIAN_POINT('',(3.50974299229209,-1.25,-1.1119061503969));
#3725=CARTESIAN_POINT('',(3.51731495728831,-1.25,-1.11981842842665));
#3726=CARTESIAN_POINT('',(3.52863036565344,-1.25,-1.11981842842665));
#3727=CARTESIAN_POINT('',(3.53705311323349,-1.25,-1.11981842842665));
#3728=CARTESIAN_POINT('',(3.5430085913204,-1.25,-1.11539435899066));
#3729=CARTESIAN_POINT('',(3.54896406940731,-1.25,-1.11097028955467));
#3730=CARTESIAN_POINT('',(3.55245227800107,-1.25,-1.10127136809884));
#3731=EDGE_LOOP('',(#6192,#6193,#6194,#6195));
#3732=CARTESIAN_POINT('',(3.55245227800107,-1.35,-1.10127136809884));
#3733=CARTESIAN_POINT('',(3.56036455603082,-1.35,-1.10224976807026));
#3734=CARTESIAN_POINT('',(3.56827683406057,-1.35,-1.10322816804168));
#3735=CARTESIAN_POINT('',(3.55245227800107,-1.25,-1.10127136809884));
#3736=CARTESIAN_POINT('',(3.56036455603082,-1.25,-1.10224976807026));
#3737=CARTESIAN_POINT('',(3.56827683406057,-1.25,-1.10322816804168));
#3738=EDGE_LOOP('',(#6196,#6197,#6198,#6199));
#3739=CARTESIAN_POINT('',(3.55262243451784,-1.35,-1.07651359490898));
#3740=CARTESIAN_POINT('',(3.55160149541723,-1.35,-1.06511310828546));
#3741=CARTESIAN_POINT('',(3.5468371129477,-1.35,-1.05941286497371));
#3742=CARTESIAN_POINT('',(3.53952038272664,-1.35,-1.05056472610173));
#3743=CARTESIAN_POINT('',(3.52786466132798,-1.35,-1.05056472610173));
#3744=CARTESIAN_POINT('',(3.51731495728831,-1.35,-1.05056472610173));
#3745=CARTESIAN_POINT('',(3.51012584445482,-1.35,-1.05762622154763));
#3746=CARTESIAN_POINT('',(3.50293673162134,-1.35,-1.06468771699354));
#3747=CARTESIAN_POINT('',(3.50217102729588,-1.35,-1.07651359490898));
#3748=CARTESIAN_POINT('',(3.55262243451784,-1.25,-1.07651359490898));
#3749=CARTESIAN_POINT('',(3.55160149541723,-1.25,-1.06511310828546));
#3750=CARTESIAN_POINT('',(3.5468371129477,-1.25,-1.05941286497371));
#3751=CARTESIAN_POINT('',(3.53952038272664,-1.25,-1.05056472610173));
#3752=CARTESIAN_POINT('',(3.52786466132798,-1.25,-1.05056472610173));
#3753=CARTESIAN_POINT('',(3.51731495728831,-1.25,-1.05056472610173));
#3754=CARTESIAN_POINT('',(3.51012584445482,-1.25,-1.05762622154763));
#3755=CARTESIAN_POINT('',(3.50293673162134,-1.25,-1.06468771699354));
#3756=CARTESIAN_POINT('',(3.50217102729588,-1.25,-1.07651359490898));
#3757=EDGE_LOOP('',(#6200,#6201,#6202,#6203));
#3758=CARTESIAN_POINT('',(3.50217102729588,-1.35,-1.07651359490898));
#3759=CARTESIAN_POINT('',(3.52739673090686,-1.35,-1.07651359490898));
#3760=CARTESIAN_POINT('',(3.55262243451784,-1.35,-1.07651359490898));
#3761=CARTESIAN_POINT('',(3.50217102729588,-1.25,-1.07651359490898));
#3762=CARTESIAN_POINT('',(3.52739673090686,-1.25,-1.07651359490898));
#3763=CARTESIAN_POINT('',(3.55262243451784,-1.25,-1.07651359490898));
#3764=EDGE_LOOP('',(#6204,#6205,#6206,#6207));
#3765=EDGE_LOOP('',(#6208,#6209));
#3766=AXIS2_PLACEMENT_3D('',#6210,#6211,#6212);
#3767=EDGE_LOOP('',(#6213,#6214));
#3768=AXIS2_PLACEMENT_3D('',#6215,#6216,#6217);
#3769=EDGE_LOOP('',(#6218,#6219,#6220,#6221));
#3770=CARTESIAN_POINT('',(3.66007627485737,-1.35,-1.066559438678));
#3771=CARTESIAN_POINT('',(3.65263192724874,-1.35,-1.06770799516619));
#3772=CARTESIAN_POINT('',(3.6451875796401,-1.35,-1.06885655165438));
#3773=CARTESIAN_POINT('',(3.66007627485737,-1.25,-1.066559438678));
#3774=CARTESIAN_POINT('',(3.65263192724874,-1.25,-1.06770799516619));
#3775=CARTESIAN_POINT('',(3.6451875796401,-1.25,-1.06885655165438));
#3776=EDGE_LOOP('',(#6222,#6223,#6224,#6225));
#3777=CARTESIAN_POINT('',(3.6451875796401,-1.35,-1.06885655165438));
#3778=CARTESIAN_POINT('',(3.64306062318048,-1.35,-1.05975317800724));
#3779=CARTESIAN_POINT('',(3.63765815377307,-1.35,-1.05515895205449));
#3780=CARTESIAN_POINT('',(3.63225568436567,-1.35,-1.05056472610173));
#3781=CARTESIAN_POINT('',(3.62459864111107,-1.35,-1.05056472610173));
#3782=CARTESIAN_POINT('',(3.61302799797079,-1.35,-1.05056472610173));
#3783=CARTESIAN_POINT('',(3.60579634600811,-1.35,-1.05885985629421));
#3784=CARTESIAN_POINT('',(3.59856469404544,-1.35,-1.06715498648669));
#3785=CARTESIAN_POINT('',(3.59856469404544,-1.35,-1.0851064990058));
#3786=CARTESIAN_POINT('',(3.59856469404544,-1.35,-1.10331324630007));
#3787=CARTESIAN_POINT('',(3.60554111123296,-1.35,-1.11156583736336));
#3788=CARTESIAN_POINT('',(3.61251752842048,-1.35,-1.11981842842665));
#3789=CARTESIAN_POINT('',(3.62374785852722,-1.35,-1.11981842842665));
#3790=CARTESIAN_POINT('',(3.63276615391597,-1.35,-1.11981842842665));
#3791=CARTESIAN_POINT('',(3.63880671026127,-1.35,-1.11428834163166));
#3792=CARTESIAN_POINT('',(3.64484726660656,-1.35,-1.10875825483667));
#3793=CARTESIAN_POINT('',(3.64646375351586,-1.35,-1.09727268995477));
#3794=CARTESIAN_POINT('',(3.6451875796401,-1.25,-1.06885655165438));
#3795=CARTESIAN_POINT('',(3.64306062318048,-1.25,-1.05975317800724));
#3796=CARTESIAN_POINT('',(3.63765815377307,-1.25,-1.05515895205449));
#3797=CARTESIAN_POINT('',(3.63225568436567,-1.25,-1.05056472610173));
#3798=CARTESIAN_POINT('',(3.62459864111107,-1.25,-1.05056472610173));
#3799=CARTESIAN_POINT('',(3.61302799797079,-1.25,-1.05056472610173));
#3800=CARTESIAN_POINT('',(3.60579634600811,-1.25,-1.05885985629421));
#3801=CARTESIAN_POINT('',(3.59856469404544,-1.25,-1.06715498648669));
#3802=CARTESIAN_POINT('',(3.59856469404544,-1.25,-1.0851064990058));
#3803=CARTESIAN_POINT('',(3.59856469404544,-1.25,-1.10331324630007));
#3804=CARTESIAN_POINT('',(3.60554111123296,-1.25,-1.11156583736336));
#3805=CARTESIAN_POINT('',(3.61251752842048,-1.25,-1.11981842842665));
#3806=CARTESIAN_POINT('',(3.62374785852722,-1.25,-1.11981842842665));
#3807=CARTESIAN_POINT('',(3.63276615391597,-1.25,-1.11981842842665));
#3808=CARTESIAN_POINT('',(3.63880671026127,-1.25,-1.11428834163166));
#3809=CARTESIAN_POINT('',(3.64484726660656,-1.25,-1.10875825483667));
#3810=CARTESIAN_POINT('',(3.64646375351586,-1.25,-1.09727268995477));
#3811=EDGE_LOOP('',(#6226,#6227,#6228,#6229));
#3812=CARTESIAN_POINT('',(3.64646375351586,-1.35,-1.09727268995477));
#3813=CARTESIAN_POINT('',(3.65399317938288,-1.35,-1.0982510899262));
#3814=CARTESIAN_POINT('',(3.66152260524991,-1.35,-1.09922948989762));
#3815=CARTESIAN_POINT('',(3.64646375351586,-1.25,-1.09727268995477));
#3816=CARTESIAN_POINT('',(3.65399317938288,-1.25,-1.0982510899262));
#3817=CARTESIAN_POINT('',(3.66152260524991,-1.25,-1.09922948989762));
#3818=EDGE_LOOP('',(#6230,#6231,#6232,#6233));
#3819=CARTESIAN_POINT('',(3.66152260524991,-1.35,-1.09922948989762));
#3820=CARTESIAN_POINT('',(3.65905533575676,-1.35,-1.11479881118197));
#3821=CARTESIAN_POINT('',(3.64888848387982,-1.35,-1.12360441092476));
#3822=CARTESIAN_POINT('',(3.63872163200288,-1.35,-1.13241001066754));
#3823=CARTESIAN_POINT('',(3.62391801504399,-1.35,-1.13241001066754));
#3824=CARTESIAN_POINT('',(3.60537095471618,-1.35,-1.13241001066754));
#3825=CARTESIAN_POINT('',(3.59409808548025,-1.35,-1.12028635884776));
#3826=CARTESIAN_POINT('',(3.58282521624432,-1.35,-1.10816270702798));
#3827=CARTESIAN_POINT('',(3.58282521624432,-1.35,-1.08553189029772));
#3828=CARTESIAN_POINT('',(3.58282521624432,-1.35,-1.0708984298556));
#3829=CARTESIAN_POINT('',(3.58767467697223,-1.35,-1.05992333452401));
#3830=CARTESIAN_POINT('',(3.59252413770014,-1.35,-1.04894823919242));
#3831=CARTESIAN_POINT('',(3.60243575480192,-1.35,-1.04346069152663));
#3832=CARTESIAN_POINT('',(3.61234737190371,-1.35,-1.03797314386083));
#3833=CARTESIAN_POINT('',(3.62400309330238,-1.35,-1.03797314386083));
#3834=CARTESIAN_POINT('',(3.63872163200288,-1.35,-1.03797314386083));
#3835=CARTESIAN_POINT('',(3.64808024042517,-1.35,-1.04541749146947));
#3836=CARTESIAN_POINT('',(3.65743883846193,-1.35,-1.05286183907811));
#3837=CARTESIAN_POINT('',(3.66007627485737,-1.35,-1.066559438678));
#3838=CARTESIAN_POINT('',(3.66152260524991,-1.25,-1.09922948989762));
#3839=CARTESIAN_POINT('',(3.65905533575676,-1.25,-1.11479881118197));
#3840=CARTESIAN_POINT('',(3.64888848387982,-1.25,-1.12360441092476));
#3841=CARTESIAN_POINT('',(3.63872163200288,-1.25,-1.13241001066754));
#3842=CARTESIAN_POINT('',(3.62391801504399,-1.25,-1.13241001066754));
#3843=CARTESIAN_POINT('',(3.60537095471618,-1.25,-1.13241001066754));
#3844=CARTESIAN_POINT('',(3.59409808548025,-1.25,-1.12028635884776));
#3845=CARTESIAN_POINT('',(3.58282521624432,-1.25,-1.10816270702798));
#3846=CARTESIAN_POINT('',(3.58282521624432,-1.25,-1.08553189029772));
#3847=CARTESIAN_POINT('',(3.58282521624432,-1.25,-1.0708984298556));
#3848=CARTESIAN_POINT('',(3.58767467697223,-1.25,-1.05992333452401));
#3849=CARTESIAN_POINT('',(3.59252413770014,-1.25,-1.04894823919242));
#3850=CARTESIAN_POINT('',(3.60243575480192,-1.25,-1.04346069152663));
#3851=CARTESIAN_POINT('',(3.61234737190371,-1.25,-1.03797314386083));
#3852=CARTESIAN_POINT('',(3.62400309330238,-1.25,-1.03797314386083));
#3853=CARTESIAN_POINT('',(3.63872163200288,-1.25,-1.03797314386083));
#3854=CARTESIAN_POINT('',(3.64808024042517,-1.25,-1.04541749146947));
#3855=CARTESIAN_POINT('',(3.65743883846193,-1.25,-1.05286183907811));
#3856=CARTESIAN_POINT('',(3.66007627485737,-1.25,-1.066559438678));
#3857=EDGE_LOOP('',(#6234,#6235,#6236,#6237));
#3858=AXIS2_PLACEMENT_3D('',#6238,#6239,#6240);
#3859=EDGE_LOOP('',(#6241,#6242,#6243,#6244));
#3860=CARTESIAN_POINT('',(3.67743223956779,-1.35,-1.01763944010695));
#3861=CARTESIAN_POINT('',(3.6850467436932,-1.35,-1.01304521415419));
#3862=CARTESIAN_POINT('',(3.69266124781861,-1.35,-1.00845098820143));
#3863=CARTESIAN_POINT('',(3.67743223956779,-1.25,-1.01763944010695));
#3864=CARTESIAN_POINT('',(3.6850467436932,-1.25,-1.01304521415419));
#3865=CARTESIAN_POINT('',(3.69266124781861,-1.25,-1.00845098820143));
#3866=EDGE_LOOP('',(#6245,#6246,#6247,#6248));
#3867=CARTESIAN_POINT('',(3.69266124781861,-1.35,-1.00845098820143));
#3868=CARTESIAN_POINT('',(3.69266124781861,-1.35,-1.02423300513175));
#3869=CARTESIAN_POINT('',(3.69266124781861,-1.35,-1.04001502206206));
#3870=CARTESIAN_POINT('',(3.69266124781861,-1.25,-1.00845098820143));
#3871=CARTESIAN_POINT('',(3.69266124781861,-1.25,-1.02423300513175));
#3872=CARTESIAN_POINT('',(3.69266124781861,-1.25,-1.04001502206206));
#3873=EDGE_LOOP('',(#6249,#6250,#6251,#6252));
#3874=CARTESIAN_POINT('',(3.69266124781861,-1.35,-1.04001502206206));
#3875=CARTESIAN_POINT('',(3.7003608302024,-1.35,-1.04001502206206));
#3876=CARTESIAN_POINT('',(3.70806041258619,-1.35,-1.04001502206206));
#3877=CARTESIAN_POINT('',(3.69266124781861,-1.25,-1.04001502206206));
#3878=CARTESIAN_POINT('',(3.7003608302024,-1.25,-1.04001502206206));
#3879=CARTESIAN_POINT('',(3.70806041258619,-1.25,-1.04001502206206));
#3880=EDGE_LOOP('',(#6253,#6254,#6255,#6256));
#3881=CARTESIAN_POINT('',(3.70806041258619,-1.35,-1.04001502206206));
#3882=CARTESIAN_POINT('',(3.70806041258619,-1.35,-1.04597050014897));
#3883=CARTESIAN_POINT('',(3.70806041258619,-1.35,-1.05192597823588));
#3884=CARTESIAN_POINT('',(3.70806041258619,-1.25,-1.04001502206206));
#3885=CARTESIAN_POINT('',(3.70806041258619,-1.25,-1.04597050014897));
#3886=CARTESIAN_POINT('',(3.70806041258619,-1.25,-1.05192597823588));
#3887=EDGE_LOOP('',(#6257,#6258,#6259,#6260));
#3888=CARTESIAN_POINT('',(3.70806041258619,-1.35,-1.05192597823588));
#3889=CARTESIAN_POINT('',(3.7003608302024,-1.35,-1.05192597823588));
#3890=CARTESIAN_POINT('',(3.69266124781861,-1.35,-1.05192597823588));
#3891=CARTESIAN_POINT('',(3.70806041258619,-1.25,-1.05192597823588));
#3892=CARTESIAN_POINT('',(3.7003608302024,-1.25,-1.05192597823588));
#3893=CARTESIAN_POINT('',(3.69266124781861,-1.25,-1.05192597823588));
#3894=EDGE_LOOP('',(#6261,#6262,#6263,#6264));
#3895=CARTESIAN_POINT('',(3.69266124781861,-1.35,-1.05192597823588));
#3896=CARTESIAN_POINT('',(3.69266124781861,-1.35,-1.07834277746424));
#3897=CARTESIAN_POINT('',(3.69266124781861,-1.35,-1.1047595766926));
#3898=CARTESIAN_POINT('',(3.69266124781861,-1.25,-1.05192597823588));
#3899=CARTESIAN_POINT('',(3.69266124781861,-1.25,-1.07834277746424));
#3900=CARTESIAN_POINT('',(3.69266124781861,-1.25,-1.1047595766926));
#3901=EDGE_LOOP('',(#6265,#6266,#6267,#6268));
#3902=CARTESIAN_POINT('',(3.69266124781861,-1.35,-1.1047595766926));
#3903=CARTESIAN_POINT('',(3.69266124781861,-1.35,-1.1113106025882));
#3904=CARTESIAN_POINT('',(3.69346949127326,-1.35,-1.11318232427266));
#3905=CARTESIAN_POINT('',(3.69427773472791,-1.35,-1.11505404595712));
#3906=CARTESIAN_POINT('',(3.69610691728318,-1.35,-1.11616006331612));
#3907=CARTESIAN_POINT('',(3.69793609983844,-1.35,-1.11726608067512));
#3908=CARTESIAN_POINT('',(3.70133923017382,-1.35,-1.11726608067512));
#3909=CARTESIAN_POINT('',(3.70389157792535,-1.35,-1.11726608067512));
#3910=CARTESIAN_POINT('',(3.70806041258619,-1.35,-1.11667053286642));
#3911=CARTESIAN_POINT('',(3.69266124781861,-1.25,-1.1047595766926));
#3912=CARTESIAN_POINT('',(3.69266124781861,-1.25,-1.1113106025882));
#3913=CARTESIAN_POINT('',(3.69346949127326,-1.25,-1.11318232427266));
#3914=CARTESIAN_POINT('',(3.69427773472791,-1.25,-1.11505404595712));
#3915=CARTESIAN_POINT('',(3.69610691728318,-1.25,-1.11616006331612));
#3916=CARTESIAN_POINT('',(3.69793609983844,-1.25,-1.11726608067512));
#3917=CARTESIAN_POINT('',(3.70133923017382,-1.25,-1.11726608067512));
#3918=CARTESIAN_POINT('',(3.70389157792535,-1.25,-1.11726608067512));
#3919=CARTESIAN_POINT('',(3.70806041258619,-1.25,-1.11667053286642));
#3920=EDGE_LOOP('',(#6269,#6270,#6271,#6272));
#3921=CARTESIAN_POINT('',(3.70806041258619,-1.35,-1.11667053286642));
#3922=CARTESIAN_POINT('',(3.70916642994519,-1.35,-1.12343425440799));
#3923=CARTESIAN_POINT('',(3.71027244730419,-1.35,-1.13019797594955));
#3924=CARTESIAN_POINT('',(3.70806041258619,-1.25,-1.11667053286642));
#3925=CARTESIAN_POINT('',(3.70916642994519,-1.25,-1.12343425440799));
#3926=CARTESIAN_POINT('',(3.71027244730419,-1.25,-1.13019797594955));
#3927=EDGE_LOOP('',(#6273,#6274,#6275,#6276));
#3928=CARTESIAN_POINT('',(3.71027244730419,-1.35,-1.13019797594955));
#3929=CARTESIAN_POINT('',(3.70380649966697,-1.35,-1.1315592280837));
#3930=CARTESIAN_POINT('',(3.6987018041639,-1.35,-1.1315592280837));
#3931=CARTESIAN_POINT('',(3.69036413484223,-1.35,-1.1315592280837));
#3932=CARTESIAN_POINT('',(3.68576990888947,-1.35,-1.12892180207378));
#3933=CARTESIAN_POINT('',(3.68117568293671,-1.35,-1.12628437606387));
#3934=CARTESIAN_POINT('',(3.67930396125225,-1.35,-1.12198792401545));
#3935=CARTESIAN_POINT('',(3.67743223956779,-1.35,-1.11769147196704));
#3936=CARTESIAN_POINT('',(3.67743223956779,-1.35,-1.10390879410876));
#3937=CARTESIAN_POINT('',(3.71027244730419,-1.25,-1.13019797594955));
#3938=CARTESIAN_POINT('',(3.70380649966697,-1.25,-1.1315592280837));
#3939=CARTESIAN_POINT('',(3.6987018041639,-1.25,-1.1315592280837));
#3940=CARTESIAN_POINT('',(3.69036413484223,-1.25,-1.1315592280837));
#3941=CARTESIAN_POINT('',(3.68576990888947,-1.25,-1.12892180207378));
#3942=CARTESIAN_POINT('',(3.68117568293671,-1.25,-1.12628437606387));
#3943=CARTESIAN_POINT('',(3.67930396125225,-1.25,-1.12198792401545));
#3944=CARTESIAN_POINT('',(3.67743223956779,-1.25,-1.11769147196704));
#3945=CARTESIAN_POINT('',(3.67743223956779,-1.25,-1.10390879410876));
#3946=EDGE_LOOP('',(#6277,#6278,#6279,#6280));
#3947=CARTESIAN_POINT('',(3.67743223956779,-1.35,-1.10390879410876));
#3948=CARTESIAN_POINT('',(3.67743223956779,-1.35,-1.07791738617232));
#3949=CARTESIAN_POINT('',(3.67743223956779,-1.35,-1.05192597823588));
#3950=CARTESIAN_POINT('',(3.67743223956779,-1.25,-1.10390879410876));
#3951=CARTESIAN_POINT('',(3.67743223956779,-1.25,-1.07791738617232));
#3952=CARTESIAN_POINT('',(3.67743223956779,-1.25,-1.05192597823588));
#3953=EDGE_LOOP('',(#6281,#6282,#6283,#6284));
#3954=CARTESIAN_POINT('',(3.67743223956779,-1.35,-1.05192597823588));
#3955=CARTESIAN_POINT('',(3.67181707451442,-1.35,-1.05192597823588));
#3956=CARTESIAN_POINT('',(3.66620190946105,-1.35,-1.05192597823588));
#3957=CARTESIAN_POINT('',(3.67743223956779,-1.25,-1.05192597823588));
#3958=CARTESIAN_POINT('',(3.67181707451442,-1.25,-1.05192597823588));
#3959=CARTESIAN_POINT('',(3.66620190946105,-1.25,-1.05192597823588));
#3960=EDGE_LOOP('',(#6285,#6286,#6287,#6288));
#3961=CARTESIAN_POINT('',(3.66620190946105,-1.35,-1.05192597823588));
#3962=CARTESIAN_POINT('',(3.66620190946105,-1.35,-1.04597050014897));
#3963=CARTESIAN_POINT('',(3.66620190946105,-1.35,-1.04001502206206));
#3964=CARTESIAN_POINT('',(3.66620190946105,-1.25,-1.05192597823588));
#3965=CARTESIAN_POINT('',(3.66620190946105,-1.25,-1.04597050014897));
#3966=CARTESIAN_POINT('',(3.66620190946105,-1.25,-1.04001502206206));
#3967=EDGE_LOOP('',(#6289,#6290,#6291,#6292));
#3968=CARTESIAN_POINT('',(3.66620190946105,-1.35,-1.04001502206206));
#3969=CARTESIAN_POINT('',(3.67181707451442,-1.35,-1.04001502206206));
#3970=CARTESIAN_POINT('',(3.67743223956779,-1.35,-1.04001502206206));
#3971=CARTESIAN_POINT('',(3.66620190946105,-1.25,-1.04001502206206));
#3972=CARTESIAN_POINT('',(3.67181707451442,-1.25,-1.04001502206206));
#3973=CARTESIAN_POINT('',(3.67743223956779,-1.25,-1.04001502206206));
#3974=EDGE_LOOP('',(#6293,#6294,#6295,#6296));
#3975=CARTESIAN_POINT('',(3.67743223956779,-1.35,-1.04001502206206));
#3976=CARTESIAN_POINT('',(3.67743223956779,-1.35,-1.0288272310845));
#3977=CARTESIAN_POINT('',(3.67743223956779,-1.35,-1.01763944010695));
#3978=CARTESIAN_POINT('',(3.67743223956779,-1.25,-1.04001502206206));
#3979=CARTESIAN_POINT('',(3.67743223956779,-1.25,-1.0288272310845));
#3980=CARTESIAN_POINT('',(3.67743223956779,-1.25,-1.01763944010695));
#3981=EDGE_LOOP('',(#6297,#6298,#6299,#6300,#6301,#6302,#6303,#6304,#6305,#6306,#6307,#6308,#6309,#6310));
#3982=AXIS2_PLACEMENT_3D('',#6311,#6312,#6313);
#3983=EDGE_LOOP('',(#6314,#6315,#6316,#6317));
#3984=CARTESIAN_POINT('',(3.83355084370322,-1.35,-1.05371262166195));
#3985=CARTESIAN_POINT('',(3.83882569572305,-1.35,-1.04409877846451));
#3986=CARTESIAN_POINT('',(3.84329230428823,-1.35,-1.04103596116267));
#3987=CARTESIAN_POINT('',(3.84775891285342,-1.35,-1.03797314386083));
#3988=CARTESIAN_POINT('',(3.85311884313164,-1.35,-1.03797314386083));
#3989=CARTESIAN_POINT('',(3.86086096464462,-1.35,-1.03797314386083));
#3990=CARTESIAN_POINT('',(3.86885832093276,-1.35,-1.04290768284713));
#3991=CARTESIAN_POINT('',(3.83355084370322,-1.25,-1.05371262166195));
#3992=CARTESIAN_POINT('',(3.83882569572305,-1.25,-1.04409877846451));
#3993=CARTESIAN_POINT('',(3.84329230428823,-1.25,-1.04103596116267));
#3994=CARTESIAN_POINT('',(3.84775891285342,-1.25,-1.03797314386083));
#3995=CARTESIAN_POINT('',(3.85311884313164,-1.25,-1.03797314386083));
#3996=CARTESIAN_POINT('',(3.86086096464462,-1.25,-1.03797314386083));
#3997=CARTESIAN_POINT('',(3.86885832093276,-1.25,-1.04290768284713));
#3998=EDGE_LOOP('',(#6318,#6319,#6320,#6321));
#3999=CARTESIAN_POINT('',(3.86885832093276,-1.35,-1.04290768284713));
#4000=CARTESIAN_POINT('',(3.86622089492284,-1.35,-1.05001171742223));
#4001=CARTESIAN_POINT('',(3.86358346891292,-1.35,-1.05711575199733));
#4002=CARTESIAN_POINT('',(3.86885832093276,-1.25,-1.04290768284713));
#4003=CARTESIAN_POINT('',(3.86622089492284,-1.25,-1.05001171742223));
#4004=CARTESIAN_POINT('',(3.86358346891292,-1.25,-1.05711575199733));
#4005=EDGE_LOOP('',(#6322,#6323,#6324,#6325));
#4006=CARTESIAN_POINT('',(3.86358346891292,-1.35,-1.05711575199733));
#4007=CARTESIAN_POINT('',(3.85796830385955,-1.35,-1.05379769992033));
#4008=CARTESIAN_POINT('',(3.85235313880617,-1.35,-1.05379769992033));
#4009=CARTESIAN_POINT('',(3.8473335215615,-1.35,-1.05379769992033));
#4010=CARTESIAN_POINT('',(3.84333484341742,-1.35,-1.05681797809298));
#4011=CARTESIAN_POINT('',(3.83933616527336,-1.35,-1.05983825626563));
#4012=CARTESIAN_POINT('',(3.83763460010568,-1.35,-1.06519818654385));
#4013=CARTESIAN_POINT('',(3.83508225235413,-1.35,-1.07336569934875));
#4014=CARTESIAN_POINT('',(3.83508225235413,-1.35,-1.08306462080457));
#4015=CARTESIAN_POINT('',(3.86358346891292,-1.25,-1.05711575199733));
#4016=CARTESIAN_POINT('',(3.85796830385955,-1.25,-1.05379769992033));
#4017=CARTESIAN_POINT('',(3.85235313880617,-1.25,-1.05379769992033));
#4018=CARTESIAN_POINT('',(3.8473335215615,-1.25,-1.05379769992033));
#4019=CARTESIAN_POINT('',(3.84333484341742,-1.25,-1.05681797809298));
#4020=CARTESIAN_POINT('',(3.83933616527336,-1.25,-1.05983825626563));
#4021=CARTESIAN_POINT('',(3.83763460010568,-1.25,-1.06519818654385));
#4022=CARTESIAN_POINT('',(3.83508225235413,-1.25,-1.07336569934875));
#4023=CARTESIAN_POINT('',(3.83508225235413,-1.25,-1.08306462080457));
#4024=EDGE_LOOP('',(#6326,#6327,#6328,#6329));
#4025=CARTESIAN_POINT('',(3.83508225235413,-1.35,-1.08306462080457));
#4026=CARTESIAN_POINT('',(3.83508225235413,-1.35,-1.10671637663545));
#4027=CARTESIAN_POINT('',(3.83508225235413,-1.35,-1.13036813246632));
#4028=CARTESIAN_POINT('',(3.83508225235413,-1.25,-1.08306462080457));
#4029=CARTESIAN_POINT('',(3.83508225235413,-1.25,-1.10671637663545));
#4030=CARTESIAN_POINT('',(3.83508225235413,-1.25,-1.13036813246632));
#4031=EDGE_LOOP('',(#6330,#6331,#6332,#6333));
#4032=CARTESIAN_POINT('',(3.83508225235413,-1.35,-1.13036813246632));
#4033=CARTESIAN_POINT('',(3.82742520909954,-1.35,-1.13036813246632));
#4034=CARTESIAN_POINT('',(3.81976816584495,-1.35,-1.13036813246632));
#4035=CARTESIAN_POINT('',(3.83508225235413,-1.25,-1.13036813246632));
#4036=CARTESIAN_POINT('',(3.82742520909954,-1.25,-1.13036813246632));
#4037=CARTESIAN_POINT('',(3.81976816584495,-1.25,-1.13036813246632));
#4038=EDGE_LOOP('',(#6334,#6335,#6336,#6337));
#4039=CARTESIAN_POINT('',(3.81976816584495,-1.35,-1.13036813246632));
#4040=CARTESIAN_POINT('',(3.81976816584495,-1.35,-1.08519157726419));
#4041=CARTESIAN_POINT('',(3.81976816584495,-1.35,-1.04001502206206));
#4042=CARTESIAN_POINT('',(3.81976816584495,-1.25,-1.13036813246632));
#4043=CARTESIAN_POINT('',(3.81976816584495,-1.25,-1.08519157726419));
#4044=CARTESIAN_POINT('',(3.81976816584495,-1.25,-1.04001502206206));
#4045=EDGE_LOOP('',(#6338,#6339,#6340,#6341));
#4046=CARTESIAN_POINT('',(3.81976816584495,-1.35,-1.04001502206206));
#4047=CARTESIAN_POINT('',(3.82665950477408,-1.35,-1.04001502206206));
#4048=CARTESIAN_POINT('',(3.83355084370322,-1.35,-1.04001502206206));
#4049=CARTESIAN_POINT('',(3.81976816584495,-1.25,-1.04001502206206));
#4050=CARTESIAN_POINT('',(3.82665950477408,-1.25,-1.04001502206206));
#4051=CARTESIAN_POINT('',(3.83355084370322,-1.25,-1.04001502206206));
#4052=EDGE_LOOP('',(#6342,#6343,#6344,#6345));
#4053=CARTESIAN_POINT('',(3.83355084370322,-1.35,-1.04001502206206));
#4054=CARTESIAN_POINT('',(3.83355084370322,-1.35,-1.046863821862));
#4055=CARTESIAN_POINT('',(3.83355084370322,-1.35,-1.05371262166195));
#4056=CARTESIAN_POINT('',(3.83355084370322,-1.25,-1.04001502206206));
#4057=CARTESIAN_POINT('',(3.83355084370322,-1.25,-1.046863821862));
#4058=CARTESIAN_POINT('',(3.83355084370322,-1.25,-1.05371262166195));
#4059=EDGE_LOOP('',(#6346,#6347,#6348,#6349,#6350,#6351,#6352,#6353));
#4060=AXIS2_PLACEMENT_3D('',#6354,#6355,#6356);
#4061=EDGE_LOOP('',(#6357,#6358,#6359,#6360));
#4062=CARTESIAN_POINT('',(3.27884059903675,-1.35,-1.08391540338842));
#4063=CARTESIAN_POINT('',(3.27884059903675,-1.35,-1.10135644635723));
#4064=CARTESIAN_POINT('',(3.27360828614612,-1.35,-1.1113531417174));
#4065=CARTESIAN_POINT('',(3.26837597325548,-1.35,-1.12134983707757));
#4066=CARTESIAN_POINT('',(3.2583792778953,-1.35,-1.12687992387255));
#4067=CARTESIAN_POINT('',(3.24838258253513,-1.35,-1.13241001066754));
#4068=CARTESIAN_POINT('',(3.2365567046197,-1.35,-1.13241001066754));
#4069=CARTESIAN_POINT('',(3.21758425299997,-1.35,-1.13241001066754));
#4070=CARTESIAN_POINT('',(3.20588599247212,-1.35,-1.12024381971857));
#4071=CARTESIAN_POINT('',(3.19418773194426,-1.35,-1.1080776287696));
#4072=CARTESIAN_POINT('',(3.19418773194426,-1.35,-1.08519157726419));
#4073=CARTESIAN_POINT('',(3.27884059903675,-1.25,-1.08391540338842));
#4074=CARTESIAN_POINT('',(3.27884059903675,-1.25,-1.10135644635723));
#4075=CARTESIAN_POINT('',(3.27360828614612,-1.25,-1.1113531417174));
#4076=CARTESIAN_POINT('',(3.26837597325548,-1.25,-1.12134983707757));
#4077=CARTESIAN_POINT('',(3.2583792778953,-1.25,-1.12687992387255));
#4078=CARTESIAN_POINT('',(3.24838258253513,-1.25,-1.13241001066754));
#4079=CARTESIAN_POINT('',(3.2365567046197,-1.25,-1.13241001066754));
#4080=CARTESIAN_POINT('',(3.21758425299997,-1.25,-1.13241001066754));
#4081=CARTESIAN_POINT('',(3.20588599247212,-1.25,-1.12024381971857));
#4082=CARTESIAN_POINT('',(3.19418773194426,-1.25,-1.1080776287696));
#4083=CARTESIAN_POINT('',(3.19418773194426,-1.25,-1.08519157726419));
#4084=EDGE_LOOP('',(#6361,#6362,#6363,#6364));
#4085=CARTESIAN_POINT('',(3.26310112123564,-1.35,-1.08468110771388));
#4086=CARTESIAN_POINT('',(3.26310112123564,-1.35,-1.06792069081215));
#4087=CARTESIAN_POINT('',(3.25548661711023,-1.35,-1.05928524758613));
#4088=CARTESIAN_POINT('',(3.24787211298483,-1.35,-1.05064980436011));
#4089=CARTESIAN_POINT('',(3.2365567046197,-1.35,-1.05064980436011));
#4090=CARTESIAN_POINT('',(3.22507113973781,-1.35,-1.05064980436011));
#4091=CARTESIAN_POINT('',(3.21749917474159,-1.35,-1.05924270845694));
#4092=CARTESIAN_POINT('',(3.20992720974538,-1.35,-1.06783561255377));
#4093=CARTESIAN_POINT('',(3.20992720974538,-1.35,-1.08519157726419));
#4094=CARTESIAN_POINT('',(3.26310112123564,-1.25,-1.08468110771388));
#4095=CARTESIAN_POINT('',(3.26310112123564,-1.25,-1.06792069081215));
#4096=CARTESIAN_POINT('',(3.25548661711023,-1.25,-1.05928524758613));
#4097=CARTESIAN_POINT('',(3.24787211298483,-1.25,-1.05064980436011));
#4098=CARTESIAN_POINT('',(3.2365567046197,-1.25,-1.05064980436011));
#4099=CARTESIAN_POINT('',(3.22507113973781,-1.25,-1.05064980436011));
#4100=CARTESIAN_POINT('',(3.21749917474159,-1.25,-1.05924270845694));
#4101=CARTESIAN_POINT('',(3.20992720974538,-1.25,-1.06783561255377));
#4102=CARTESIAN_POINT('',(3.20992720974538,-1.25,-1.08519157726419));
#4103=EDGE_LOOP('',(#6365,#6366,#6367,#6368));
#4104=CARTESIAN_POINT('',(3.80198680984259,-1.35,-1.08391540338842));
#4105=CARTESIAN_POINT('',(3.80198680984259,-1.35,-1.10135644635723));
#4106=CARTESIAN_POINT('',(3.79675449695195,-1.35,-1.1113531417174));
#4107=CARTESIAN_POINT('',(3.79152218406131,-1.35,-1.12134983707757));
#4108=CARTESIAN_POINT('',(3.78152548870114,-1.35,-1.12687992387255));
#4109=CARTESIAN_POINT('',(3.77152879334097,-1.35,-1.13241001066754));
#4110=CARTESIAN_POINT('',(3.75970291542554,-1.35,-1.13241001066754));
#4111=CARTESIAN_POINT('',(3.74073046380581,-1.35,-1.13241001066754));
#4112=CARTESIAN_POINT('',(3.72903220327795,-1.35,-1.12024381971857));
#4113=CARTESIAN_POINT('',(3.71733394275009,-1.35,-1.1080776287696));
#4114=CARTESIAN_POINT('',(3.71733394275009,-1.35,-1.08519157726419));
#4115=CARTESIAN_POINT('',(3.80198680984259,-1.25,-1.08391540338842));
#4116=CARTESIAN_POINT('',(3.80198680984259,-1.25,-1.10135644635723));
#4117=CARTESIAN_POINT('',(3.79675449695195,-1.25,-1.1113531417174));
#4118=CARTESIAN_POINT('',(3.79152218406131,-1.25,-1.12134983707757));
#4119=CARTESIAN_POINT('',(3.78152548870114,-1.25,-1.12687992387255));
#4120=CARTESIAN_POINT('',(3.77152879334097,-1.25,-1.13241001066754));
#4121=CARTESIAN_POINT('',(3.75970291542554,-1.25,-1.13241001066754));
#4122=CARTESIAN_POINT('',(3.74073046380581,-1.25,-1.13241001066754));
#4123=CARTESIAN_POINT('',(3.72903220327795,-1.25,-1.12024381971857));
#4124=CARTESIAN_POINT('',(3.71733394275009,-1.25,-1.1080776287696));
#4125=CARTESIAN_POINT('',(3.71733394275009,-1.25,-1.08519157726419));
#4126=EDGE_LOOP('',(#6369,#6370,#6371,#6372));
#4127=CARTESIAN_POINT('',(3.78624733204147,-1.35,-1.08468110771388));
#4128=CARTESIAN_POINT('',(3.78624733204147,-1.35,-1.06792069081215));
#4129=CARTESIAN_POINT('',(3.77863282791607,-1.35,-1.05928524758613));
#4130=CARTESIAN_POINT('',(3.77101832379067,-1.35,-1.05064980436011));
#4131=CARTESIAN_POINT('',(3.75970291542554,-1.35,-1.05064980436011));
#4132=CARTESIAN_POINT('',(3.74821735054364,-1.35,-1.05064980436011));
#4133=CARTESIAN_POINT('',(3.74064538554742,-1.35,-1.05924270845694));
#4134=CARTESIAN_POINT('',(3.73307342055122,-1.35,-1.06783561255376));
#4135=CARTESIAN_POINT('',(3.73307342055122,-1.35,-1.08519157726419));
#4136=CARTESIAN_POINT('',(3.78624733204147,-1.25,-1.08468110771388));
#4137=CARTESIAN_POINT('',(3.78624733204147,-1.25,-1.06792069081215));
#4138=CARTESIAN_POINT('',(3.77863282791607,-1.25,-1.05928524758613));
#4139=CARTESIAN_POINT('',(3.77101832379067,-1.25,-1.05064980436011));
#4140=CARTESIAN_POINT('',(3.75970291542554,-1.25,-1.05064980436011));
#4141=CARTESIAN_POINT('',(3.74821735054364,-1.25,-1.05064980436011));
#4142=CARTESIAN_POINT('',(3.74064538554742,-1.25,-1.05924270845694));
#4143=CARTESIAN_POINT('',(3.73307342055122,-1.25,-1.06783561255376));
#4144=CARTESIAN_POINT('',(3.73307342055122,-1.25,-1.08519157726419));
#4145=ORIENTED_EDGE('',*,*,#6373,.F.);
#4146=ORIENTED_EDGE('',*,*,#6374,.F.);
#4147=CARTESIAN_POINT('',(3.0,-0.5,-1.4));
#4148=DIRECTION('',(0.0,0.0,1.0));
#4149=DIRECTION('',(1.0,0.0,0.0));
#4150=ORIENTED_EDGE('',*,*,#6375,.T.);
#4151=ORIENTED_EDGE('',*,*,#6376,.F.);
#4152=ORIENTED_EDGE('',*,*,#6377,.F.);
#4153=ORIENTED_EDGE('',*,*,#6374,.T.);
#4154=ORIENTED_EDGE('',*,*,#6378,.T.);
#4155=ORIENTED_EDGE('',*,*,#6379,.T.);
#4156=CARTESIAN_POINT('',(3.0,-0.5,-1.9));
#4157=DIRECTION('',(0.0,0.0,-1.0));
#4158=DIRECTION('',(0.0,-1.0,0.0));
#4159=ORIENTED_EDGE('',*,*,#6380,.T.);
#4160=ORIENTED_EDGE('',*,*,#6378,.F.);
#4161=ORIENTED_EDGE('',*,*,#6381,.F.);
#4162=ORIENTED_EDGE('',*,*,#6376,.T.);
#4163=ORIENTED_EDGE('',*,*,#6373,.T.);
#4164=ORIENTED_EDGE('',*,*,#6377,.T.);
#4165=ORIENTED_EDGE('',*,*,#6382,.F.);
#4166=ORIENTED_EDGE('',*,*,#6375,.F.);
#4167=ORIENTED_EDGE('',*,*,#6382,.T.);
#4168=ORIENTED_EDGE('',*,*,#6381,.T.);
#4169=ORIENTED_EDGE('',*,*,#6379,.F.);
#4170=ORIENTED_EDGE('',*,*,#6380,.F.);
#4171=ORIENTED_EDGE('',*,*,#6383,.T.);
#4172=ORIENTED_EDGE('',*,*,#6384,.T.);
#4173=CARTESIAN_POINT('',(-3.0,-0.5,-1.4));
#4174=DIRECTION('',(0.0,0.0,1.0));
#4175=DIRECTION('',(1.0,0.0,0.0));
#4176=ORIENTED_EDGE('',*,*,#6383,.F.);
#4177=ORIENTED_EDGE('',*,*,#6385,.T.);
#4178=ORIENTED_EDGE('',*,*,#6386,.T.);
#4179=ORIENTED_EDGE('',*,*,#6387,.F.);
#4180=ORIENTED_EDGE('',*,*,#6388,.F.);
#4181=ORIENTED_EDGE('',*,*,#6389,.F.);
#4182=CARTESIAN_POINT('',(-3.0,-0.5,-1.9));
#4183=DIRECTION('',(0.0,0.0,-1.0));
#4184=DIRECTION('',(0.0,-1.0,0.0));
#4185=ORIENTED_EDGE('',*,*,#6386,.F.);
#4186=ORIENTED_EDGE('',*,*,#6390,.T.);
#4187=ORIENTED_EDGE('',*,*,#6389,.T.);
#4188=ORIENTED_EDGE('',*,*,#6391,.F.);
#4189=ORIENTED_EDGE('',*,*,#6387,.T.);
#4190=ORIENTED_EDGE('',*,*,#6392,.T.);
#4191=ORIENTED_EDGE('',*,*,#6385,.F.);
#4192=ORIENTED_EDGE('',*,*,#6384,.F.);
#4193=ORIENTED_EDGE('',*,*,#6391,.T.);
#4194=ORIENTED_EDGE('',*,*,#6388,.T.);
#4195=ORIENTED_EDGE('',*,*,#6390,.F.);
#4196=ORIENTED_EDGE('',*,*,#6392,.F.);
#4197=ORIENTED_EDGE('',*,*,#6393,.T.);
#4198=ORIENTED_EDGE('',*,*,#6394,.F.);
#4199=ORIENTED_EDGE('',*,*,#6395,.T.);
#4200=ORIENTED_EDGE('',*,*,#6396,.T.);
#4201=ORIENTED_EDGE('',*,*,#6397,.T.);
#4202=ORIENTED_EDGE('',*,*,#6398,.T.);
#4203=ORIENTED_EDGE('',*,*,#6399,.T.);
#4204=ORIENTED_EDGE('',*,*,#6400,.T.);
#4205=ORIENTED_EDGE('',*,*,#6401,.T.);
#4206=ORIENTED_EDGE('',*,*,#6402,.T.);
#4207=ORIENTED_EDGE('',*,*,#6403,.T.);
#4208=ORIENTED_EDGE('',*,*,#6404,.T.);
#4209=ORIENTED_EDGE('',*,*,#6405,.T.);
#4210=ORIENTED_EDGE('',*,*,#6406,.T.);
#4211=ORIENTED_EDGE('',*,*,#6407,.T.);
#4212=ORIENTED_EDGE('',*,*,#6408,.F.);
#4213=ORIENTED_EDGE('',*,*,#6409,.T.);
#4214=ORIENTED_EDGE('',*,*,#6410,.T.);
#4215=ORIENTED_EDGE('',*,*,#6411,.T.);
#4216=ORIENTED_EDGE('',*,*,#6412,.T.);
#4217=ORIENTED_EDGE('',*,*,#6413,.F.);
#4218=ORIENTED_EDGE('',*,*,#6407,.F.);
#4219=ORIENTED_EDGE('',*,*,#6414,.T.);
#4220=ORIENTED_EDGE('',*,*,#6415,.T.);
#4221=ORIENTED_EDGE('',*,*,#6416,.F.);
#4222=ORIENTED_EDGE('',*,*,#6417,.F.);
#4223=ORIENTED_EDGE('',*,*,#6418,.T.);
#4224=ORIENTED_EDGE('',*,*,#6403,.F.);
#4225=ORIENTED_EDGE('',*,*,#6419,.T.);
#4226=ORIENTED_EDGE('',*,*,#6420,.T.);
#4227=ORIENTED_EDGE('',*,*,#6421,.T.);
#4228=ORIENTED_EDGE('',*,*,#6422,.F.);
#4229=ORIENTED_EDGE('',*,*,#6423,.T.);
#4230=ORIENTED_EDGE('',*,*,#6424,.T.);
#4231=ORIENTED_EDGE('',*,*,#6425,.T.);
#4232=ORIENTED_EDGE('',*,*,#6426,.F.);
#4233=ORIENTED_EDGE('',*,*,#6415,.F.);
#4234=ORIENTED_EDGE('',*,*,#6427,.T.);
#4235=ORIENTED_EDGE('',*,*,#6428,.T.);
#4236=ORIENTED_EDGE('',*,*,#6429,.T.);
#4237=ORIENTED_EDGE('',*,*,#6396,.F.);
#4238=ORIENTED_EDGE('',*,*,#6430,.T.);
#4239=ORIENTED_EDGE('',*,*,#6431,.T.);
#4240=ORIENTED_EDGE('',*,*,#6432,.T.);
#4241=ORIENTED_EDGE('',*,*,#6433,.T.);
#4242=ORIENTED_EDGE('',*,*,#6434,.T.);
#4243=ORIENTED_EDGE('',*,*,#6435,.T.);
#4244=ORIENTED_EDGE('',*,*,#6436,.F.);
#4245=ORIENTED_EDGE('',*,*,#6437,.F.);
#4246=ORIENTED_EDGE('',*,*,#6438,.T.);
#4247=ORIENTED_EDGE('',*,*,#6439,.T.);
#4248=ORIENTED_EDGE('',*,*,#6440,.F.);
#4249=ORIENTED_EDGE('',*,*,#6441,.T.);
#4250=ORIENTED_EDGE('',*,*,#6442,.F.);
#4251=ORIENTED_EDGE('',*,*,#6443,.T.);
#4252=ORIENTED_EDGE('',*,*,#6444,.T.);
#4253=ORIENTED_EDGE('',*,*,#6445,.T.);
#4254=ORIENTED_EDGE('',*,*,#6446,.T.);
#4255=ORIENTED_EDGE('',*,*,#6443,.F.);
#4256=ORIENTED_EDGE('',*,*,#6447,.T.);
#4257=ORIENTED_EDGE('',*,*,#6448,.T.);
#4258=ORIENTED_EDGE('',*,*,#6422,.T.);
#4259=ORIENTED_EDGE('',*,*,#6449,.T.);
#4260=ORIENTED_EDGE('',*,*,#6450,.T.);
#4261=ORIENTED_EDGE('',*,*,#6437,.T.);
#4262=ORIENTED_EDGE('',*,*,#6451,.T.);
#4263=ORIENTED_EDGE('',*,*,#6452,.T.);
#4264=ORIENTED_EDGE('',*,*,#6398,.F.);
#4265=ORIENTED_EDGE('',*,*,#6453,.F.);
#4266=ORIENTED_EDGE('',*,*,#6454,.F.);
#4267=ORIENTED_EDGE('',*,*,#6455,.T.);
#4268=ORIENTED_EDGE('',*,*,#6456,.F.);
#4269=ORIENTED_EDGE('',*,*,#6457,.F.);
#4270=ORIENTED_EDGE('',*,*,#6458,.F.);
#4271=ORIENTED_EDGE('',*,*,#6459,.T.);
#4272=ORIENTED_EDGE('',*,*,#6460,.F.);
#4273=ORIENTED_EDGE('',*,*,#6461,.F.);
#4274=ORIENTED_EDGE('',*,*,#6462,.F.);
#4275=ORIENTED_EDGE('',*,*,#6463,.F.);
#4276=ORIENTED_EDGE('',*,*,#6464,.F.);
#4277=ORIENTED_EDGE('',*,*,#6465,.F.);
#4278=ORIENTED_EDGE('',*,*,#6466,.F.);
#4279=ORIENTED_EDGE('',*,*,#6467,.F.);
#4280=ORIENTED_EDGE('',*,*,#6468,.F.);
#4281=ORIENTED_EDGE('',*,*,#6469,.F.);
#4282=ORIENTED_EDGE('',*,*,#6470,.F.);
#4283=ORIENTED_EDGE('',*,*,#6471,.T.);
#4284=ORIENTED_EDGE('',*,*,#6472,.T.);
#4285=ORIENTED_EDGE('',*,*,#6473,.F.);
#4286=ORIENTED_EDGE('',*,*,#6474,.F.);
#4287=ORIENTED_EDGE('',*,*,#6475,.T.);
#4288=ORIENTED_EDGE('',*,*,#6476,.T.);
#4289=ORIENTED_EDGE('',*,*,#6477,.F.);
#4290=ORIENTED_EDGE('',*,*,#6478,.F.);
#4291=ORIENTED_EDGE('',*,*,#6479,.F.);
#4292=ORIENTED_EDGE('',*,*,#6480,.F.);
#4293=ORIENTED_EDGE('',*,*,#6481,.T.);
#4294=ORIENTED_EDGE('',*,*,#6482,.F.);
#4295=ORIENTED_EDGE('',*,*,#6483,.F.);
#4296=ORIENTED_EDGE('',*,*,#6484,.F.);
#4297=ORIENTED_EDGE('',*,*,#6485,.F.);
#4298=ORIENTED_EDGE('',*,*,#6486,.T.);
#4299=ORIENTED_EDGE('',*,*,#6487,.F.);
#4300=ORIENTED_EDGE('',*,*,#6488,.F.);
#4301=ORIENTED_EDGE('',*,*,#6489,.F.);
#4302=ORIENTED_EDGE('',*,*,#6490,.T.);
#4303=ORIENTED_EDGE('',*,*,#6491,.T.);
#4304=ORIENTED_EDGE('',*,*,#6492,.F.);
#4305=ORIENTED_EDGE('',*,*,#6493,.F.);
#4306=ORIENTED_EDGE('',*,*,#6494,.F.);
#4307=ORIENTED_EDGE('',*,*,#6495,.T.);
#4308=ORIENTED_EDGE('',*,*,#6496,.F.);
#4309=ORIENTED_EDGE('',*,*,#6495,.F.);
#4310=ORIENTED_EDGE('',*,*,#6497,.F.);
#4311=ORIENTED_EDGE('',*,*,#6498,.F.);
#4312=ORIENTED_EDGE('',*,*,#6499,.T.);
#4313=ORIENTED_EDGE('',*,*,#6500,.F.);
#4314=ORIENTED_EDGE('',*,*,#6501,.F.);
#4315=ORIENTED_EDGE('',*,*,#6469,.T.);
#4316=ORIENTED_EDGE('',*,*,#6502,.F.);
#4317=ORIENTED_EDGE('',*,*,#6503,.F.);
#4318=ORIENTED_EDGE('',*,*,#6504,.F.);
#4319=ORIENTED_EDGE('',*,*,#6505,.F.);
#4320=ORIENTED_EDGE('',*,*,#6506,.F.);
#4321=ORIENTED_EDGE('',*,*,#6453,.T.);
#4322=ORIENTED_EDGE('',*,*,#6507,.T.);
#4323=ORIENTED_EDGE('',*,*,#6486,.F.);
#4324=ORIENTED_EDGE('',*,*,#6508,.T.);
#4325=ORIENTED_EDGE('',*,*,#6464,.T.);
#4326=ORIENTED_EDGE('',*,*,#6509,.T.);
#4327=ORIENTED_EDGE('',*,*,#6481,.F.);
#4328=ORIENTED_EDGE('',*,*,#6510,.T.);
#4329=ORIENTED_EDGE('',*,*,#6460,.T.);
#4330=ORIENTED_EDGE('',*,*,#6511,.T.);
#4331=ORIENTED_EDGE('',*,*,#6471,.F.);
#4332=ORIENTED_EDGE('',*,*,#6512,.T.);
#4333=ORIENTED_EDGE('',*,*,#6477,.T.);
#4334=ORIENTED_EDGE('',*,*,#6513,.T.);
#4335=ORIENTED_EDGE('',*,*,#6490,.F.);
#4336=ORIENTED_EDGE('',*,*,#6514,.T.);
#4337=ORIENTED_EDGE('',*,*,#6515,.F.);
#4338=ORIENTED_EDGE('',*,*,#6454,.T.);
#4339=ORIENTED_EDGE('',*,*,#6516,.F.);
#4340=ORIENTED_EDGE('',*,*,#6395,.F.);
#4341=ORIENTED_EDGE('',*,*,#6517,.F.);
#4342=ORIENTED_EDGE('',*,*,#6455,.F.);
#4343=ORIENTED_EDGE('',*,*,#6515,.T.);
#4344=ORIENTED_EDGE('',*,*,#6394,.T.);
#4345=CARTESIAN_POINT('',(-5.35,-0.85,-1.18));
#4346=DIRECTION('',(-1.0,0.0,0.0));
#4347=DIRECTION('',(0.0,0.0,1.0));
#4348=ORIENTED_EDGE('',*,*,#6518,.F.);
#4349=ORIENTED_EDGE('',*,*,#6456,.T.);
#4350=ORIENTED_EDGE('',*,*,#6517,.T.);
#4351=ORIENTED_EDGE('',*,*,#6393,.F.);
#4352=ORIENTED_EDGE('',*,*,#6519,.F.);
#4353=ORIENTED_EDGE('',*,*,#6487,.T.);
#4354=ORIENTED_EDGE('',*,*,#6520,.F.);
#4355=ORIENTED_EDGE('',*,*,#6429,.F.);
#4356=ORIENTED_EDGE('',*,*,#6521,.F.);
#4357=ORIENTED_EDGE('',*,*,#6488,.T.);
#4358=ORIENTED_EDGE('',*,*,#6519,.T.);
#4359=ORIENTED_EDGE('',*,*,#6428,.F.);
#4360=CARTESIAN_POINT('',(-4.85,0.85,-1.15));
#4361=DIRECTION('',(0.0,0.0,-1.0));
#4362=DIRECTION('',(0.0,-1.0,0.0));
#4363=ORIENTED_EDGE('',*,*,#6522,.F.);
#4364=ORIENTED_EDGE('',*,*,#6489,.T.);
#4365=ORIENTED_EDGE('',*,*,#6521,.T.);
#4366=ORIENTED_EDGE('',*,*,#6427,.F.);
#4367=CARTESIAN_POINT('',(-4.85,0.85,-1.18));
#4368=DIRECTION('',(0.0,-1.0,0.0));
#4369=DIRECTION('',(0.0,0.0,-1.0));
#4370=ORIENTED_EDGE('',*,*,#6523,.F.);
#4371=ORIENTED_EDGE('',*,*,#6478,.T.);
#4372=ORIENTED_EDGE('',*,*,#6524,.F.);
#4373=ORIENTED_EDGE('',*,*,#6414,.F.);
#4374=CARTESIAN_POINT('',(-5.35,0.85,-1.18));
#4375=DIRECTION('',(0.0,-1.0,0.0));
#4376=DIRECTION('',(0.0,0.0,-1.0));
#4377=ORIENTED_EDGE('',*,*,#6525,.F.);
#4378=ORIENTED_EDGE('',*,*,#6475,.F.);
#4379=ORIENTED_EDGE('',*,*,#6523,.T.);
#4380=ORIENTED_EDGE('',*,*,#6417,.T.);
#4381=CARTESIAN_POINT('',(-5.35,1.35,-1.18));
#4382=DIRECTION('',(-1.0,0.0,0.0));
#4383=DIRECTION('',(0.0,0.0,1.0));
#4384=ORIENTED_EDGE('',*,*,#6526,.F.);
#4385=ORIENTED_EDGE('',*,*,#6476,.F.);
#4386=ORIENTED_EDGE('',*,*,#6525,.T.);
#4387=ORIENTED_EDGE('',*,*,#6416,.T.);
#4388=ORIENTED_EDGE('',*,*,#6491,.F.);
#4389=ORIENTED_EDGE('',*,*,#6527,.F.);
#4390=ORIENTED_EDGE('',*,*,#6426,.T.);
#4391=ORIENTED_EDGE('',*,*,#6528,.F.);
#4392=ORIENTED_EDGE('',*,*,#6440,.T.);
#4393=ORIENTED_EDGE('',*,*,#6529,.F.);
#4394=ORIENTED_EDGE('',*,*,#6499,.F.);
#4395=ORIENTED_EDGE('',*,*,#6530,.F.);
#4396=ORIENTED_EDGE('',*,*,#6408,.T.);
#4397=ORIENTED_EDGE('',*,*,#6531,.F.);
#4398=ORIENTED_EDGE('',*,*,#6459,.F.);
#4399=ORIENTED_EDGE('',*,*,#6532,.F.);
#4400=ORIENTED_EDGE('',*,*,#6533,.F.);
#4401=ORIENTED_EDGE('',*,*,#6472,.F.);
#4402=ORIENTED_EDGE('',*,*,#6534,.F.);
#4403=ORIENTED_EDGE('',*,*,#6413,.T.);
#4404=ORIENTED_EDGE('',*,*,#6535,.F.);
#4405=ORIENTED_EDGE('',*,*,#6473,.T.);
#4406=ORIENTED_EDGE('',*,*,#6533,.T.);
#4407=ORIENTED_EDGE('',*,*,#6412,.F.);
#4408=CARTESIAN_POINT('',(5.35,0.85,-1.18));
#4409=DIRECTION('',(1.0,0.0,0.0));
#4410=DIRECTION('',(0.0,1.0,0.0));
#4411=ORIENTED_EDGE('',*,*,#6536,.F.);
#4412=ORIENTED_EDGE('',*,*,#6474,.T.);
#4413=ORIENTED_EDGE('',*,*,#6535,.T.);
#4414=ORIENTED_EDGE('',*,*,#6411,.F.);
#4415=CARTESIAN_POINT('',(4.85,0.85,-1.18));
#4416=DIRECTION('',(0.0,-1.0,0.0));
#4417=DIRECTION('',(0.0,0.0,-1.0));
#4418=ORIENTED_EDGE('',*,*,#6537,.T.);
#4419=ORIENTED_EDGE('',*,*,#6461,.T.);
#4420=ORIENTED_EDGE('',*,*,#6538,.F.);
#4421=ORIENTED_EDGE('',*,*,#6406,.F.);
#4422=CARTESIAN_POINT('',(4.85,0.85,-1.15));
#4423=DIRECTION('',(0.0,-1.0,0.0));
#4424=DIRECTION('',(0.0,0.0,-1.0));
#4425=ORIENTED_EDGE('',*,*,#6539,.F.);
#4426=ORIENTED_EDGE('',*,*,#6462,.T.);
#4427=ORIENTED_EDGE('',*,*,#6537,.F.);
#4428=ORIENTED_EDGE('',*,*,#6405,.F.);
#4429=CARTESIAN_POINT('',(4.85,-0.85,-1.15));
#4430=DIRECTION('',(0.0,0.0,-1.0));
#4431=DIRECTION('',(0.0,-1.0,0.0));
#4432=ORIENTED_EDGE('',*,*,#6540,.F.);
#4433=ORIENTED_EDGE('',*,*,#6463,.T.);
#4434=ORIENTED_EDGE('',*,*,#6539,.T.);
#4435=ORIENTED_EDGE('',*,*,#6404,.F.);
#4436=CARTESIAN_POINT('',(4.85,-0.85,-1.18));
#4437=DIRECTION('',(-0.0,1.0,0.0));
#4438=DIRECTION('',(1.0,0.0,0.0));
#4439=ORIENTED_EDGE('',*,*,#6541,.F.);
#4440=ORIENTED_EDGE('',*,*,#6482,.T.);
#4441=ORIENTED_EDGE('',*,*,#6542,.F.);
#4442=ORIENTED_EDGE('',*,*,#6418,.F.);
#4443=CARTESIAN_POINT('',(5.35,-0.85,-1.18));
#4444=DIRECTION('',(-0.0,1.0,0.0));
#4445=DIRECTION('',(1.0,0.0,0.0));
#4446=ORIENTED_EDGE('',*,*,#6543,.F.);
#4447=ORIENTED_EDGE('',*,*,#6479,.T.);
#4448=ORIENTED_EDGE('',*,*,#6541,.T.);
#4449=ORIENTED_EDGE('',*,*,#6420,.F.);
#4450=CARTESIAN_POINT('',(5.35,-1.35,-1.18));
#4451=DIRECTION('',(1.0,0.0,0.0));
#4452=DIRECTION('',(0.0,1.0,0.0));
#4453=ORIENTED_EDGE('',*,*,#6544,.F.);
#4454=ORIENTED_EDGE('',*,*,#6480,.T.);
#4455=ORIENTED_EDGE('',*,*,#6543,.T.);
#4456=ORIENTED_EDGE('',*,*,#6419,.F.);
#4457=ORIENTED_EDGE('',*,*,#6465,.T.);
#4458=ORIENTED_EDGE('',*,*,#6545,.F.);
#4459=ORIENTED_EDGE('',*,*,#6402,.F.);
#4460=ORIENTED_EDGE('',*,*,#6546,.F.);
#4461=ORIENTED_EDGE('',*,*,#6504,.T.);
#4462=ORIENTED_EDGE('',*,*,#6547,.F.);
#4463=ORIENTED_EDGE('',*,*,#6434,.F.);
#4464=ORIENTED_EDGE('',*,*,#6548,.F.);
#4465=ORIENTED_EDGE('',*,*,#6430,.F.);
#4466=ORIENTED_EDGE('',*,*,#6549,.F.);
#4467=ORIENTED_EDGE('',*,*,#6485,.T.);
#4468=ORIENTED_EDGE('',*,*,#6550,.F.);
#4469=ORIENTED_EDGE('',*,*,#6549,.T.);
#4470=ORIENTED_EDGE('',*,*,#6516,.T.);
#4471=ORIENTED_EDGE('',*,*,#6508,.F.);
#4472=CARTESIAN_POINT('',(-4.65,-1.35,-1.18));
#4473=DIRECTION('',(0.0,-1.0,0.0));
#4474=DIRECTION('',(0.0,0.0,-1.0));
#4475=ORIENTED_EDGE('',*,*,#6518,.T.);
#4476=ORIENTED_EDGE('',*,*,#6520,.T.);
#4477=ORIENTED_EDGE('',*,*,#6507,.F.);
#4478=CARTESIAN_POINT('',(-4.85,-0.85,-1.38));
#4479=DIRECTION('',(-0.0,1.0,0.0));
#4480=DIRECTION('',(1.0,0.0,0.0));
#4481=ORIENTED_EDGE('',*,*,#6544,.T.);
#4482=ORIENTED_EDGE('',*,*,#6545,.T.);
#4483=ORIENTED_EDGE('',*,*,#6510,.F.);
#4484=CARTESIAN_POINT('',(4.85,-1.35,-1.38));
#4485=DIRECTION('',(0.0,-1.0,0.0));
#4486=DIRECTION('',(0.0,0.0,-1.0));
#4487=ORIENTED_EDGE('',*,*,#6531,.T.);
#4488=ORIENTED_EDGE('',*,*,#6534,.T.);
#4489=ORIENTED_EDGE('',*,*,#6511,.F.);
#4490=CARTESIAN_POINT('',(4.65,1.35,-1.18));
#4491=DIRECTION('',(-0.0,1.0,0.0));
#4492=DIRECTION('',(1.0,0.0,0.0));
#4493=ORIENTED_EDGE('',*,*,#6540,.T.);
#4494=ORIENTED_EDGE('',*,*,#6542,.T.);
#4495=ORIENTED_EDGE('',*,*,#6509,.F.);
#4496=CARTESIAN_POINT('',(4.65,-0.85,-1.18));
#4497=DIRECTION('',(-0.0,1.0,0.0));
#4498=DIRECTION('',(1.0,0.0,0.0));
#4499=ORIENTED_EDGE('',*,*,#6536,.T.);
#4500=ORIENTED_EDGE('',*,*,#6538,.T.);
#4501=ORIENTED_EDGE('',*,*,#6512,.F.);
#4502=CARTESIAN_POINT('',(4.85,0.85,-1.38));
#4503=DIRECTION('',(0.0,-1.0,0.0));
#4504=DIRECTION('',(0.0,0.0,-1.0));
#4505=ORIENTED_EDGE('',*,*,#6526,.T.);
#4506=ORIENTED_EDGE('',*,*,#6527,.T.);
#4507=ORIENTED_EDGE('',*,*,#6513,.F.);
#4508=CARTESIAN_POINT('',(-4.85,1.35,-1.38));
#4509=DIRECTION('',(-0.0,1.0,0.0));
#4510=DIRECTION('',(1.0,0.0,0.0));
#4511=ORIENTED_EDGE('',*,*,#6522,.T.);
#4512=ORIENTED_EDGE('',*,*,#6524,.T.);
#4513=ORIENTED_EDGE('',*,*,#6514,.F.);
#4514=CARTESIAN_POINT('',(-4.65,0.85,-1.18));
#4515=DIRECTION('',(0.0,-1.0,0.0));
#4516=DIRECTION('',(0.0,0.0,-1.0));
#4517=ORIENTED_EDGE('',*,*,#6436,.T.);
#4518=ORIENTED_EDGE('',*,*,#6551,.T.);
#4519=ORIENTED_EDGE('',*,*,#6552,.F.);
#4520=ORIENTED_EDGE('',*,*,#6451,.F.);
#4521=ORIENTED_EDGE('',*,*,#6467,.T.);
#4522=ORIENTED_EDGE('',*,*,#6553,.F.);
#4523=ORIENTED_EDGE('',*,*,#6400,.F.);
#4524=ORIENTED_EDGE('',*,*,#6554,.T.);
#4525=ORIENTED_EDGE('',*,*,#6466,.T.);
#4526=ORIENTED_EDGE('',*,*,#6546,.T.);
#4527=ORIENTED_EDGE('',*,*,#6401,.F.);
#4528=ORIENTED_EDGE('',*,*,#6553,.T.);
#4529=ORIENTED_EDGE('',*,*,#6468,.T.);
#4530=ORIENTED_EDGE('',*,*,#6554,.F.);
#4531=ORIENTED_EDGE('',*,*,#6399,.F.);
#4532=ORIENTED_EDGE('',*,*,#6452,.F.);
#4533=ORIENTED_EDGE('',*,*,#6552,.T.);
#4534=ORIENTED_EDGE('',*,*,#6555,.T.);
#4535=ORIENTED_EDGE('',*,*,#6502,.T.);
#4536=ORIENTED_EDGE('',*,*,#6503,.T.);
#4537=ORIENTED_EDGE('',*,*,#6555,.F.);
#4538=ORIENTED_EDGE('',*,*,#6551,.F.);
#4539=ORIENTED_EDGE('',*,*,#6435,.F.);
#4540=ORIENTED_EDGE('',*,*,#6547,.T.);
#4541=CARTESIAN_POINT('',(4.45,-1.77303883354162,0.0685317265878422));
#4542=DIRECTION('',(1.0,0.0,0.0));
#4543=DIRECTION('',(0.0,1.0,0.0));
#4544=ORIENTED_EDGE('',*,*,#6556,.T.);
#4545=ORIENTED_EDGE('',*,*,#6557,.T.);
#4546=ORIENTED_EDGE('',*,*,#6438,.F.);
#4547=ORIENTED_EDGE('',*,*,#6450,.F.);
#4548=ORIENTED_EDGE('',*,*,#6501,.T.);
#4549=ORIENTED_EDGE('',*,*,#6558,.T.);
#4550=ORIENTED_EDGE('',*,*,#6556,.F.);
#4551=ORIENTED_EDGE('',*,*,#6449,.F.);
#4552=ORIENTED_EDGE('',*,*,#6397,.F.);
#4553=ORIENTED_EDGE('',*,*,#6559,.T.);
#4554=ORIENTED_EDGE('',*,*,#6470,.T.);
#4555=ORIENTED_EDGE('',*,*,#6458,.T.);
#4556=ORIENTED_EDGE('',*,*,#6560,.F.);
#4557=ORIENTED_EDGE('',*,*,#6409,.F.);
#4558=ORIENTED_EDGE('',*,*,#6532,.T.);
#4559=ORIENTED_EDGE('',*,*,#6457,.T.);
#4560=ORIENTED_EDGE('',*,*,#6559,.F.);
#4561=ORIENTED_EDGE('',*,*,#6410,.F.);
#4562=ORIENTED_EDGE('',*,*,#6560,.T.);
#4563=ORIENTED_EDGE('',*,*,#6500,.T.);
#4564=ORIENTED_EDGE('',*,*,#6529,.T.);
#4565=ORIENTED_EDGE('',*,*,#6439,.F.);
#4566=ORIENTED_EDGE('',*,*,#6557,.F.);
#4567=ORIENTED_EDGE('',*,*,#6558,.F.);
#4568=CARTESIAN_POINT('',(4.45,1.77303883354162,-0.616785539290562));
#4569=DIRECTION('',(1.0,0.0,0.0));
#4570=DIRECTION('',(0.0,1.0,0.0));
#4571=ORIENTED_EDGE('',*,*,#6442,.T.);
#4572=ORIENTED_EDGE('',*,*,#6561,.T.);
#4573=ORIENTED_EDGE('',*,*,#6562,.F.);
#4574=ORIENTED_EDGE('',*,*,#6447,.F.);
#4575=ORIENTED_EDGE('',*,*,#6493,.T.);
#4576=ORIENTED_EDGE('',*,*,#6563,.F.);
#4577=ORIENTED_EDGE('',*,*,#6424,.F.);
#4578=ORIENTED_EDGE('',*,*,#6564,.T.);
#4579=ORIENTED_EDGE('',*,*,#6492,.T.);
#4580=ORIENTED_EDGE('',*,*,#6528,.T.);
#4581=ORIENTED_EDGE('',*,*,#6425,.F.);
#4582=ORIENTED_EDGE('',*,*,#6563,.T.);
#4583=ORIENTED_EDGE('',*,*,#6494,.T.);
#4584=ORIENTED_EDGE('',*,*,#6564,.F.);
#4585=ORIENTED_EDGE('',*,*,#6423,.F.);
#4586=ORIENTED_EDGE('',*,*,#6448,.F.);
#4587=ORIENTED_EDGE('',*,*,#6562,.T.);
#4588=ORIENTED_EDGE('',*,*,#6565,.T.);
#4589=ORIENTED_EDGE('',*,*,#6497,.T.);
#4590=ORIENTED_EDGE('',*,*,#6498,.T.);
#4591=ORIENTED_EDGE('',*,*,#6565,.F.);
#4592=ORIENTED_EDGE('',*,*,#6561,.F.);
#4593=ORIENTED_EDGE('',*,*,#6441,.F.);
#4594=ORIENTED_EDGE('',*,*,#6530,.T.);
#4595=CARTESIAN_POINT('',(-4.45,0.501965340439335,-0.616785539290562));
#4596=DIRECTION('',(-1.0,0.0,0.0));
#4597=DIRECTION('',(0.0,0.0,1.0));
#4598=ORIENTED_EDGE('',*,*,#6566,.T.);
#4599=ORIENTED_EDGE('',*,*,#6567,.T.);
#4600=ORIENTED_EDGE('',*,*,#6444,.F.);
#4601=ORIENTED_EDGE('',*,*,#6446,.F.);
#4602=ORIENTED_EDGE('',*,*,#6506,.T.);
#4603=ORIENTED_EDGE('',*,*,#6568,.T.);
#4604=ORIENTED_EDGE('',*,*,#6566,.F.);
#4605=ORIENTED_EDGE('',*,*,#6445,.F.);
#4606=ORIENTED_EDGE('',*,*,#6421,.F.);
#4607=ORIENTED_EDGE('',*,*,#6569,.T.);
#4608=ORIENTED_EDGE('',*,*,#6496,.T.);
#4609=ORIENTED_EDGE('',*,*,#6484,.T.);
#4610=ORIENTED_EDGE('',*,*,#6570,.F.);
#4611=ORIENTED_EDGE('',*,*,#6431,.F.);
#4612=ORIENTED_EDGE('',*,*,#6550,.T.);
#4613=ORIENTED_EDGE('',*,*,#6483,.T.);
#4614=ORIENTED_EDGE('',*,*,#6569,.F.);
#4615=ORIENTED_EDGE('',*,*,#6432,.F.);
#4616=ORIENTED_EDGE('',*,*,#6570,.T.);
#4617=ORIENTED_EDGE('',*,*,#6505,.T.);
#4618=ORIENTED_EDGE('',*,*,#6548,.T.);
#4619=ORIENTED_EDGE('',*,*,#6433,.F.);
#4620=ORIENTED_EDGE('',*,*,#6567,.F.);
#4621=ORIENTED_EDGE('',*,*,#6568,.F.);
#4622=CARTESIAN_POINT('',(-4.45,-0.501965340439335,0.0685317265878422));
#4623=DIRECTION('',(-1.0,0.0,0.0));
#4624=DIRECTION('',(0.0,0.0,1.0));
#4625=ORIENTED_EDGE('',*,*,#6571,.T.);
#4626=ORIENTED_EDGE('',*,*,#6572,.T.);
#4627=ORIENTED_EDGE('',*,*,#6573,.F.);
#4628=ORIENTED_EDGE('',*,*,#6574,.F.);
#4629=ORIENTED_EDGE('',*,*,#6575,.T.);
#4630=ORIENTED_EDGE('',*,*,#6576,.T.);
#4631=ORIENTED_EDGE('',*,*,#6577,.F.);
#4632=ORIENTED_EDGE('',*,*,#6572,.F.);
#4633=ORIENTED_EDGE('',*,*,#6578,.T.);
#4634=ORIENTED_EDGE('',*,*,#6579,.T.);
#4635=ORIENTED_EDGE('',*,*,#6580,.F.);
#4636=ORIENTED_EDGE('',*,*,#6576,.F.);
#4637=ORIENTED_EDGE('',*,*,#6581,.T.);
#4638=ORIENTED_EDGE('',*,*,#6582,.T.);
#4639=ORIENTED_EDGE('',*,*,#6583,.F.);
#4640=ORIENTED_EDGE('',*,*,#6579,.F.);
#4641=ORIENTED_EDGE('',*,*,#6584,.T.);
#4642=ORIENTED_EDGE('',*,*,#6585,.T.);
#4643=ORIENTED_EDGE('',*,*,#6586,.F.);
#4644=ORIENTED_EDGE('',*,*,#6582,.F.);
#4645=ORIENTED_EDGE('',*,*,#6587,.T.);
#4646=ORIENTED_EDGE('',*,*,#6588,.T.);
#4647=ORIENTED_EDGE('',*,*,#6589,.F.);
#4648=ORIENTED_EDGE('',*,*,#6585,.F.);
#4649=ORIENTED_EDGE('',*,*,#6590,.T.);
#4650=ORIENTED_EDGE('',*,*,#6574,.T.);
#4651=ORIENTED_EDGE('',*,*,#6591,.F.);
#4652=ORIENTED_EDGE('',*,*,#6588,.F.);
#4653=ORIENTED_EDGE('',*,*,#6590,.F.);
#4654=ORIENTED_EDGE('',*,*,#6587,.F.);
#4655=ORIENTED_EDGE('',*,*,#6584,.F.);
#4656=ORIENTED_EDGE('',*,*,#6581,.F.);
#4657=ORIENTED_EDGE('',*,*,#6578,.F.);
#4658=ORIENTED_EDGE('',*,*,#6575,.F.);
#4659=ORIENTED_EDGE('',*,*,#6571,.F.);
#4660=CARTESIAN_POINT('',(0.650000000000004,-0.600000000000005,-1.43750000000005));
#4661=DIRECTION('',(1.0,0.0,0.0));
#4662=DIRECTION('',(0.0,1.0,0.0));
#4663=ORIENTED_EDGE('',*,*,#6573,.T.);
#4664=ORIENTED_EDGE('',*,*,#6577,.T.);
#4665=ORIENTED_EDGE('',*,*,#6580,.T.);
#4666=ORIENTED_EDGE('',*,*,#6583,.T.);
#4667=ORIENTED_EDGE('',*,*,#6586,.T.);
#4668=ORIENTED_EDGE('',*,*,#6589,.T.);
#4669=ORIENTED_EDGE('',*,*,#6591,.T.);
#4670=CARTESIAN_POINT('',(-0.649999999999997,-0.599999999999998,-1.43750000000005));
#4671=DIRECTION('',(-1.0,0.0,0.0));
#4672=DIRECTION('',(0.0,0.0,1.0));
#4673=ORIENTED_EDGE('',*,*,#6592,.T.);
#4674=ORIENTED_EDGE('',*,*,#6593,.T.);
#4675=ORIENTED_EDGE('',*,*,#6594,.F.);
#4676=ORIENTED_EDGE('',*,*,#6595,.F.);
#4677=CARTESIAN_POINT('',(1.7,2.24999999999998,-1.4));
#4678=DIRECTION('',(0.0,0.0,-1.0));
#4679=DIRECTION('',(0.0,-1.0,0.0));
#4680=ORIENTED_EDGE('',*,*,#6596,.T.);
#4681=ORIENTED_EDGE('',*,*,#6597,.T.);
#4682=ORIENTED_EDGE('',*,*,#6598,.F.);
#4683=ORIENTED_EDGE('',*,*,#6593,.F.);
#4684=CARTESIAN_POINT('',(1.7,1.35,-1.4));
#4685=DIRECTION('',(0.0,-1.0,0.0));
#4686=DIRECTION('',(0.0,0.0,-1.0));
#4687=ORIENTED_EDGE('',*,*,#6599,.T.);
#4688=ORIENTED_EDGE('',*,*,#6600,.T.);
#4689=ORIENTED_EDGE('',*,*,#6601,.F.);
#4690=ORIENTED_EDGE('',*,*,#6597,.F.);
#4691=CARTESIAN_POINT('',(1.7,1.35,-1.25));
#4692=DIRECTION('',(0.0,0.0,1.0));
#4693=DIRECTION('',(1.0,0.0,0.0));
#4694=ORIENTED_EDGE('',*,*,#6602,.T.);
#4695=ORIENTED_EDGE('',*,*,#6595,.T.);
#4696=ORIENTED_EDGE('',*,*,#6603,.F.);
#4697=ORIENTED_EDGE('',*,*,#6600,.F.);
#4698=CARTESIAN_POINT('',(1.7,2.25,-1.25));
#4699=DIRECTION('',(-0.0,1.0,0.0));
#4700=DIRECTION('',(1.0,0.0,0.0));
#4701=ORIENTED_EDGE('',*,*,#6602,.F.);
#4702=ORIENTED_EDGE('',*,*,#6599,.F.);
#4703=ORIENTED_EDGE('',*,*,#6596,.F.);
#4704=ORIENTED_EDGE('',*,*,#6592,.F.);
#4705=CARTESIAN_POINT('',(1.7,1.35,-1.25));
#4706=DIRECTION('',(1.0,0.0,0.0));
#4707=DIRECTION('',(0.0,1.0,0.0));
#4708=ORIENTED_EDGE('',*,*,#6594,.T.);
#4709=ORIENTED_EDGE('',*,*,#6598,.T.);
#4710=ORIENTED_EDGE('',*,*,#6601,.T.);
#4711=ORIENTED_EDGE('',*,*,#6603,.T.);
#4712=CARTESIAN_POINT('',(1.3,1.35,-1.25));
#4713=DIRECTION('',(-1.0,0.0,0.0));
#4714=DIRECTION('',(0.0,0.0,1.0));
#4715=ORIENTED_EDGE('',*,*,#6604,.T.);
#4716=ORIENTED_EDGE('',*,*,#6605,.T.);
#4717=ORIENTED_EDGE('',*,*,#6606,.F.);
#4718=ORIENTED_EDGE('',*,*,#6607,.F.);
#4719=CARTESIAN_POINT('',(3.2,2.24999999999998,-1.4));
#4720=DIRECTION('',(0.0,0.0,-1.0));
#4721=DIRECTION('',(0.0,-1.0,0.0));
#4722=ORIENTED_EDGE('',*,*,#6608,.T.);
#4723=ORIENTED_EDGE('',*,*,#6609,.T.);
#4724=ORIENTED_EDGE('',*,*,#6610,.F.);
#4725=ORIENTED_EDGE('',*,*,#6605,.F.);
#4726=CARTESIAN_POINT('',(3.2,1.35,-1.4));
#4727=DIRECTION('',(0.0,-1.0,0.0));
#4728=DIRECTION('',(0.0,0.0,-1.0));
#4729=ORIENTED_EDGE('',*,*,#6611,.T.);
#4730=ORIENTED_EDGE('',*,*,#6612,.T.);
#4731=ORIENTED_EDGE('',*,*,#6613,.F.);
#4732=ORIENTED_EDGE('',*,*,#6609,.F.);
#4733=CARTESIAN_POINT('',(3.2,1.35,-1.25));
#4734=DIRECTION('',(0.0,0.0,1.0));
#4735=DIRECTION('',(1.0,0.0,0.0));
#4736=ORIENTED_EDGE('',*,*,#6614,.T.);
#4737=ORIENTED_EDGE('',*,*,#6607,.T.);
#4738=ORIENTED_EDGE('',*,*,#6615,.F.);
#4739=ORIENTED_EDGE('',*,*,#6612,.F.);
#4740=CARTESIAN_POINT('',(3.2,2.25,-1.25));
#4741=DIRECTION('',(-0.0,1.0,0.0));
#4742=DIRECTION('',(1.0,0.0,0.0));
#4743=ORIENTED_EDGE('',*,*,#6614,.F.);
#4744=ORIENTED_EDGE('',*,*,#6611,.F.);
#4745=ORIENTED_EDGE('',*,*,#6608,.F.);
#4746=ORIENTED_EDGE('',*,*,#6604,.F.);
#4747=CARTESIAN_POINT('',(3.2,1.35,-1.25));
#4748=DIRECTION('',(1.0,0.0,0.0));
#4749=DIRECTION('',(0.0,1.0,0.0));
#4750=ORIENTED_EDGE('',*,*,#6606,.T.);
#4751=ORIENTED_EDGE('',*,*,#6610,.T.);
#4752=ORIENTED_EDGE('',*,*,#6613,.T.);
#4753=ORIENTED_EDGE('',*,*,#6615,.T.);
#4754=CARTESIAN_POINT('',(2.8,1.35,-1.25));
#4755=DIRECTION('',(-1.0,0.0,0.0));
#4756=DIRECTION('',(0.0,0.0,1.0));
#4757=ORIENTED_EDGE('',*,*,#6616,.T.);
#4758=ORIENTED_EDGE('',*,*,#6617,.T.);
#4759=ORIENTED_EDGE('',*,*,#6618,.F.);
#4760=ORIENTED_EDGE('',*,*,#6619,.F.);
#4761=CARTESIAN_POINT('',(-1.7,2.24999999999998,-1.4));
#4762=DIRECTION('',(-0.0,1.0,0.0));
#4763=DIRECTION('',(1.0,0.0,0.0));
#4764=ORIENTED_EDGE('',*,*,#6620,.T.);
#4765=ORIENTED_EDGE('',*,*,#6621,.T.);
#4766=ORIENTED_EDGE('',*,*,#6622,.F.);
#4767=ORIENTED_EDGE('',*,*,#6617,.F.);
#4768=CARTESIAN_POINT('',(-1.7,2.25,-1.25));
#4769=DIRECTION('',(0.0,0.0,1.0));
#4770=DIRECTION('',(1.0,0.0,0.0));
#4771=ORIENTED_EDGE('',*,*,#6623,.T.);
#4772=ORIENTED_EDGE('',*,*,#6624,.T.);
#4773=ORIENTED_EDGE('',*,*,#6625,.F.);
#4774=ORIENTED_EDGE('',*,*,#6621,.F.);
#4775=CARTESIAN_POINT('',(-1.7,1.35,-1.25));
#4776=DIRECTION('',(0.0,-1.0,0.0));
#4777=DIRECTION('',(0.0,0.0,-1.0));
#4778=ORIENTED_EDGE('',*,*,#6626,.T.);
#4779=ORIENTED_EDGE('',*,*,#6619,.T.);
#4780=ORIENTED_EDGE('',*,*,#6627,.F.);
#4781=ORIENTED_EDGE('',*,*,#6624,.F.);
#4782=CARTESIAN_POINT('',(-1.7,1.35,-1.4));
#4783=DIRECTION('',(0.0,0.0,-1.0));
#4784=DIRECTION('',(0.0,-1.0,0.0));
#4785=ORIENTED_EDGE('',*,*,#6626,.F.);
#4786=ORIENTED_EDGE('',*,*,#6623,.F.);
#4787=ORIENTED_EDGE('',*,*,#6620,.F.);
#4788=ORIENTED_EDGE('',*,*,#6616,.F.);
#4789=CARTESIAN_POINT('',(-1.7,2.25,-1.25));
#4790=DIRECTION('',(-1.0,0.0,0.0));
#4791=DIRECTION('',(0.0,0.0,1.0));
#4792=ORIENTED_EDGE('',*,*,#6618,.T.);
#4793=ORIENTED_EDGE('',*,*,#6622,.T.);
#4794=ORIENTED_EDGE('',*,*,#6625,.T.);
#4795=ORIENTED_EDGE('',*,*,#6627,.T.);
#4796=CARTESIAN_POINT('',(-1.3,2.25,-1.25));
#4797=DIRECTION('',(1.0,0.0,0.0));
#4798=DIRECTION('',(0.0,1.0,0.0));
#4799=ORIENTED_EDGE('',*,*,#6628,.T.);
#4800=ORIENTED_EDGE('',*,*,#6629,.T.);
#4801=ORIENTED_EDGE('',*,*,#6630,.F.);
#4802=ORIENTED_EDGE('',*,*,#6631,.F.);
#4803=CARTESIAN_POINT('',(-3.2,2.24999999999998,-1.4));
#4804=DIRECTION('',(-0.0,1.0,0.0));
#4805=DIRECTION('',(1.0,0.0,0.0));
#4806=ORIENTED_EDGE('',*,*,#6632,.T.);
#4807=ORIENTED_EDGE('',*,*,#6633,.T.);
#4808=ORIENTED_EDGE('',*,*,#6634,.F.);
#4809=ORIENTED_EDGE('',*,*,#6629,.F.);
#4810=CARTESIAN_POINT('',(-3.2,2.25,-1.25));
#4811=DIRECTION('',(0.0,0.0,1.0));
#4812=DIRECTION('',(1.0,0.0,0.0));
#4813=ORIENTED_EDGE('',*,*,#6635,.T.);
#4814=ORIENTED_EDGE('',*,*,#6636,.T.);
#4815=ORIENTED_EDGE('',*,*,#6637,.F.);
#4816=ORIENTED_EDGE('',*,*,#6633,.F.);
#4817=CARTESIAN_POINT('',(-3.2,1.35,-1.25));
#4818=DIRECTION('',(0.0,-1.0,0.0));
#4819=DIRECTION('',(0.0,0.0,-1.0));
#4820=ORIENTED_EDGE('',*,*,#6638,.T.);
#4821=ORIENTED_EDGE('',*,*,#6631,.T.);
#4822=ORIENTED_EDGE('',*,*,#6639,.F.);
#4823=ORIENTED_EDGE('',*,*,#6636,.F.);
#4824=CARTESIAN_POINT('',(-3.2,1.35,-1.4));
#4825=DIRECTION('',(0.0,0.0,-1.0));
#4826=DIRECTION('',(0.0,-1.0,0.0));
#4827=ORIENTED_EDGE('',*,*,#6638,.F.);
#4828=ORIENTED_EDGE('',*,*,#6635,.F.);
#4829=ORIENTED_EDGE('',*,*,#6632,.F.);
#4830=ORIENTED_EDGE('',*,*,#6628,.F.);
#4831=CARTESIAN_POINT('',(-3.2,2.25,-1.25));
#4832=DIRECTION('',(-1.0,0.0,0.0));
#4833=DIRECTION('',(0.0,0.0,1.0));
#4834=ORIENTED_EDGE('',*,*,#6630,.T.);
#4835=ORIENTED_EDGE('',*,*,#6634,.T.);
#4836=ORIENTED_EDGE('',*,*,#6637,.T.);
#4837=ORIENTED_EDGE('',*,*,#6639,.T.);
#4838=CARTESIAN_POINT('',(-2.8,2.25,-1.25));
#4839=DIRECTION('',(1.0,0.0,0.0));
#4840=DIRECTION('',(0.0,1.0,0.0));
#4841=ORIENTED_EDGE('',*,*,#6640,.F.);
#4842=ORIENTED_EDGE('',*,*,#6641,.F.);
#4843=ORIENTED_EDGE('',*,*,#6642,.F.);
#4844=ORIENTED_EDGE('',*,*,#6643,.F.);
#4845=CARTESIAN_POINT('',(4.85,-1.35,0.0));
#4846=DIRECTION('',(0.0,0.0,1.0));
#4847=DIRECTION('',(1.0,0.0,0.0));
#4848=ORIENTED_EDGE('',*,*,#6644,.F.);
#4849=ORIENTED_EDGE('',*,*,#6645,.F.);
#4850=ORIENTED_EDGE('',*,*,#6646,.F.);
#4851=ORIENTED_EDGE('',*,*,#6647,.F.);
#4852=CARTESIAN_POINT('',(4.85,-1.35,0.0));
#4853=DIRECTION('',(0.0,0.0,1.0));
#4854=DIRECTION('',(1.0,0.0,0.0));
#4855=ORIENTED_EDGE('',*,*,#6648,.F.);
#4856=ORIENTED_EDGE('',*,*,#6649,.T.);
#4857=ORIENTED_EDGE('',*,*,#6650,.T.);
#4858=ORIENTED_EDGE('',*,*,#6651,.T.);
#4859=ORIENTED_EDGE('',*,*,#6652,.F.);
#4860=ORIENTED_EDGE('',*,*,#6653,.T.);
#4861=CARTESIAN_POINT('',(-4.65,1.35,-1.4));
#4862=DIRECTION('',(-1.0,0.0,0.0));
#4863=DIRECTION('',(0.0,0.0,1.0));
#4864=ORIENTED_EDGE('',*,*,#6654,.T.);
#4865=ORIENTED_EDGE('',*,*,#6651,.F.);
#4866=ORIENTED_EDGE('',*,*,#6655,.F.);
#4867=ORIENTED_EDGE('',*,*,#6656,.T.);
#4868=CARTESIAN_POINT('',(-4.65,-1.35,-0.548253812702719));
#4869=DIRECTION('',(0.0,0.0,-1.0));
#4870=DIRECTION('',(0.0,-1.0,0.0));
#4871=ORIENTED_EDGE('',*,*,#6657,.T.);
#4872=ORIENTED_EDGE('',*,*,#6658,.T.);
#4873=ORIENTED_EDGE('',*,*,#6659,.T.);
#4874=ORIENTED_EDGE('',*,*,#6660,.T.);
#4875=ORIENTED_EDGE('',*,*,#6661,.T.);
#4876=ORIENTED_EDGE('',*,*,#6644,.T.);
#4877=ORIENTED_EDGE('',*,*,#6662,.T.);
#4878=ORIENTED_EDGE('',*,*,#6663,.T.);
#4879=ORIENTED_EDGE('',*,*,#6664,.T.);
#4880=ORIENTED_EDGE('',*,*,#6665,.T.);
#4881=ORIENTED_EDGE('',*,*,#6666,.T.);
#4882=ORIENTED_EDGE('',*,*,#6667,.F.);
#4883=ORIENTED_EDGE('',*,*,#6668,.F.);
#4884=ORIENTED_EDGE('',*,*,#6648,.T.);
#4885=ORIENTED_EDGE('',*,*,#6669,.T.);
#4886=ORIENTED_EDGE('',*,*,#6670,.F.);
#4887=ORIENTED_EDGE('',*,*,#6671,.T.);
#4888=ORIENTED_EDGE('',*,*,#6672,.T.);
#4889=CARTESIAN_POINT('',(-4.85,1.35,0.0));
#4890=DIRECTION('',(-0.0,1.0,0.0));
#4891=DIRECTION('',(1.0,0.0,0.0));
#4892=ORIENTED_EDGE('',*,*,#6673,.T.);
#4893=ORIENTED_EDGE('',*,*,#6674,.T.);
#4894=ORIENTED_EDGE('',*,*,#6655,.T.);
#4895=ORIENTED_EDGE('',*,*,#6650,.F.);
#4896=ORIENTED_EDGE('',*,*,#6675,.F.);
#4897=ORIENTED_EDGE('',*,*,#6676,.T.);
#4898=ORIENTED_EDGE('',*,*,#6677,.T.);
#4899=ORIENTED_EDGE('',*,*,#6678,.F.);
#4900=ORIENTED_EDGE('',*,*,#6679,.T.);
#4901=ORIENTED_EDGE('',*,*,#6680,.T.);
#4902=ORIENTED_EDGE('',*,*,#6681,.T.);
#4903=ORIENTED_EDGE('',*,*,#6682,.T.);
#4904=ORIENTED_EDGE('',*,*,#6683,.T.);
#4905=ORIENTED_EDGE('',*,*,#6684,.F.);
#4906=ORIENTED_EDGE('',*,*,#6685,.T.);
#4907=ORIENTED_EDGE('',*,*,#6686,.T.);
#4908=ORIENTED_EDGE('',*,*,#6687,.T.);
#4909=ORIENTED_EDGE('',*,*,#6688,.F.);
#4910=ORIENTED_EDGE('',*,*,#6689,.T.);
#4911=ORIENTED_EDGE('',*,*,#6640,.T.);
#4912=ORIENTED_EDGE('',*,*,#6690,.T.);
#4913=ORIENTED_EDGE('',*,*,#6691,.T.);
#4914=ORIENTED_EDGE('',*,*,#6692,.T.);
#4915=ORIENTED_EDGE('',*,*,#6693,.T.);
#4916=ORIENTED_EDGE('',*,*,#6694,.T.);
#4917=ORIENTED_EDGE('',*,*,#6695,.T.);
#4918=ORIENTED_EDGE('',*,*,#6696,.T.);
#4919=ORIENTED_EDGE('',*,*,#6697,.T.);
#4920=ORIENTED_EDGE('',*,*,#6698,.T.);
#4921=ORIENTED_EDGE('',*,*,#6699,.T.);
#4922=ORIENTED_EDGE('',*,*,#6700,.T.);
#4923=ORIENTED_EDGE('',*,*,#6701,.T.);
#4924=ORIENTED_EDGE('',*,*,#6702,.T.);
#4925=ORIENTED_EDGE('',*,*,#6703,.T.);
#4926=ORIENTED_EDGE('',*,*,#6704,.T.);
#4927=ORIENTED_EDGE('',*,*,#6705,.T.);
#4928=ORIENTED_EDGE('',*,*,#6706,.T.);
#4929=ORIENTED_EDGE('',*,*,#6707,.T.);
#4930=ORIENTED_EDGE('',*,*,#6708,.T.);
#4931=ORIENTED_EDGE('',*,*,#6709,.T.);
#4932=ORIENTED_EDGE('',*,*,#6710,.T.);
#4933=ORIENTED_EDGE('',*,*,#6711,.T.);
#4934=ORIENTED_EDGE('',*,*,#6712,.T.);
#4935=ORIENTED_EDGE('',*,*,#6713,.T.);
#4936=ORIENTED_EDGE('',*,*,#6714,.T.);
#4937=ORIENTED_EDGE('',*,*,#6715,.T.);
#4938=ORIENTED_EDGE('',*,*,#6716,.T.);
#4939=ORIENTED_EDGE('',*,*,#6717,.T.);
#4940=ORIENTED_EDGE('',*,*,#6718,.T.);
#4941=ORIENTED_EDGE('',*,*,#6719,.T.);
#4942=ORIENTED_EDGE('',*,*,#6720,.T.);
#4943=ORIENTED_EDGE('',*,*,#6721,.T.);
#4944=ORIENTED_EDGE('',*,*,#6722,.T.);
#4945=ORIENTED_EDGE('',*,*,#6723,.T.);
#4946=ORIENTED_EDGE('',*,*,#6724,.T.);
#4947=ORIENTED_EDGE('',*,*,#6725,.T.);
#4948=ORIENTED_EDGE('',*,*,#6726,.T.);
#4949=ORIENTED_EDGE('',*,*,#6727,.T.);
#4950=ORIENTED_EDGE('',*,*,#6728,.T.);
#4951=ORIENTED_EDGE('',*,*,#6729,.T.);
#4952=ORIENTED_EDGE('',*,*,#6730,.T.);
#4953=ORIENTED_EDGE('',*,*,#6731,.T.);
#4954=ORIENTED_EDGE('',*,*,#6732,.T.);
#4955=ORIENTED_EDGE('',*,*,#6733,.T.);
#4956=ORIENTED_EDGE('',*,*,#6734,.T.);
#4957=ORIENTED_EDGE('',*,*,#6735,.T.);
#4958=ORIENTED_EDGE('',*,*,#6736,.T.);
#4959=ORIENTED_EDGE('',*,*,#6737,.T.);
#4960=ORIENTED_EDGE('',*,*,#6738,.T.);
#4961=ORIENTED_EDGE('',*,*,#6739,.T.);
#4962=ORIENTED_EDGE('',*,*,#6740,.T.);
#4963=ORIENTED_EDGE('',*,*,#6741,.T.);
#4964=ORIENTED_EDGE('',*,*,#6742,.T.);
#4965=ORIENTED_EDGE('',*,*,#6743,.T.);
#4966=ORIENTED_EDGE('',*,*,#6744,.T.);
#4967=ORIENTED_EDGE('',*,*,#6745,.T.);
#4968=ORIENTED_EDGE('',*,*,#6746,.T.);
#4969=ORIENTED_EDGE('',*,*,#6747,.T.);
#4970=ORIENTED_EDGE('',*,*,#6748,.T.);
#4971=ORIENTED_EDGE('',*,*,#6749,.T.);
#4972=ORIENTED_EDGE('',*,*,#6750,.T.);
#4973=ORIENTED_EDGE('',*,*,#6751,.T.);
#4974=ORIENTED_EDGE('',*,*,#6752,.T.);
#4975=ORIENTED_EDGE('',*,*,#6753,.T.);
#4976=ORIENTED_EDGE('',*,*,#6754,.T.);
#4977=ORIENTED_EDGE('',*,*,#6755,.T.);
#4978=ORIENTED_EDGE('',*,*,#6756,.T.);
#4979=ORIENTED_EDGE('',*,*,#6757,.T.);
#4980=ORIENTED_EDGE('',*,*,#6758,.T.);
#4981=ORIENTED_EDGE('',*,*,#6759,.T.);
#4982=ORIENTED_EDGE('',*,*,#6760,.T.);
#4983=ORIENTED_EDGE('',*,*,#6761,.T.);
#4984=ORIENTED_EDGE('',*,*,#6762,.T.);
#4985=ORIENTED_EDGE('',*,*,#6763,.T.);
#4986=ORIENTED_EDGE('',*,*,#6764,.T.);
#4987=ORIENTED_EDGE('',*,*,#6765,.T.);
#4988=ORIENTED_EDGE('',*,*,#6766,.T.);
#4989=ORIENTED_EDGE('',*,*,#6767,.T.);
#4990=ORIENTED_EDGE('',*,*,#6768,.T.);
#4991=ORIENTED_EDGE('',*,*,#6769,.T.);
#4992=ORIENTED_EDGE('',*,*,#6770,.T.);
#4993=ORIENTED_EDGE('',*,*,#6771,.T.);
#4994=ORIENTED_EDGE('',*,*,#6772,.T.);
#4995=ORIENTED_EDGE('',*,*,#6773,.T.);
#4996=ORIENTED_EDGE('',*,*,#6774,.T.);
#4997=ORIENTED_EDGE('',*,*,#6775,.T.);
#4998=ORIENTED_EDGE('',*,*,#6776,.T.);
#4999=ORIENTED_EDGE('',*,*,#6777,.T.);
#5000=ORIENTED_EDGE('',*,*,#6778,.T.);
#5001=ORIENTED_EDGE('',*,*,#6779,.T.);
#5002=ORIENTED_EDGE('',*,*,#6780,.T.);
#5003=ORIENTED_EDGE('',*,*,#6781,.T.);
#5004=ORIENTED_EDGE('',*,*,#6782,.T.);
#5005=ORIENTED_EDGE('',*,*,#6783,.T.);
#5006=ORIENTED_EDGE('',*,*,#6784,.T.);
#5007=ORIENTED_EDGE('',*,*,#6785,.T.);
#5008=ORIENTED_EDGE('',*,*,#6786,.T.);
#5009=ORIENTED_EDGE('',*,*,#6787,.T.);
#5010=ORIENTED_EDGE('',*,*,#6788,.T.);
#5011=ORIENTED_EDGE('',*,*,#6789,.T.);
#5012=ORIENTED_EDGE('',*,*,#6790,.T.);
#5013=ORIENTED_EDGE('',*,*,#6791,.T.);
#5014=ORIENTED_EDGE('',*,*,#6792,.T.);
#5015=ORIENTED_EDGE('',*,*,#6793,.T.);
#5016=ORIENTED_EDGE('',*,*,#6794,.T.);
#5017=ORIENTED_EDGE('',*,*,#6795,.T.);
#5018=ORIENTED_EDGE('',*,*,#6796,.T.);
#5019=ORIENTED_EDGE('',*,*,#6797,.T.);
#5020=ORIENTED_EDGE('',*,*,#6798,.T.);
#5021=ORIENTED_EDGE('',*,*,#6799,.T.);
#5022=ORIENTED_EDGE('',*,*,#6800,.T.);
#5023=ORIENTED_EDGE('',*,*,#6801,.T.);
#5024=ORIENTED_EDGE('',*,*,#6802,.T.);
#5025=ORIENTED_EDGE('',*,*,#6803,.T.);
#5026=ORIENTED_EDGE('',*,*,#6804,.T.);
#5027=ORIENTED_EDGE('',*,*,#6805,.T.);
#5028=ORIENTED_EDGE('',*,*,#6806,.T.);
#5029=ORIENTED_EDGE('',*,*,#6807,.T.);
#5030=ORIENTED_EDGE('',*,*,#6808,.T.);
#5031=ORIENTED_EDGE('',*,*,#6809,.T.);
#5032=ORIENTED_EDGE('',*,*,#6810,.T.);
#5033=ORIENTED_EDGE('',*,*,#6811,.T.);
#5034=ORIENTED_EDGE('',*,*,#6812,.T.);
#5035=ORIENTED_EDGE('',*,*,#6813,.T.);
#5036=ORIENTED_EDGE('',*,*,#6814,.T.);
#5037=ORIENTED_EDGE('',*,*,#6815,.T.);
#5038=ORIENTED_EDGE('',*,*,#6816,.T.);
#5039=ORIENTED_EDGE('',*,*,#6817,.T.);
#5040=ORIENTED_EDGE('',*,*,#6818,.T.);
#5041=ORIENTED_EDGE('',*,*,#6819,.T.);
#5042=ORIENTED_EDGE('',*,*,#6820,.T.);
#5043=ORIENTED_EDGE('',*,*,#6821,.T.);
#5044=ORIENTED_EDGE('',*,*,#6822,.T.);
#5045=ORIENTED_EDGE('',*,*,#6823,.T.);
#5046=ORIENTED_EDGE('',*,*,#6824,.T.);
#5047=ORIENTED_EDGE('',*,*,#6825,.T.);
#5048=ORIENTED_EDGE('',*,*,#6826,.T.);
#5049=ORIENTED_EDGE('',*,*,#6827,.T.);
#5050=ORIENTED_EDGE('',*,*,#6828,.T.);
#5051=ORIENTED_EDGE('',*,*,#6829,.T.);
#5052=ORIENTED_EDGE('',*,*,#6830,.T.);
#5053=ORIENTED_EDGE('',*,*,#6831,.T.);
#5054=ORIENTED_EDGE('',*,*,#6832,.T.);
#5055=ORIENTED_EDGE('',*,*,#6833,.T.);
#5056=ORIENTED_EDGE('',*,*,#6834,.T.);
#5057=ORIENTED_EDGE('',*,*,#6835,.T.);
#5058=ORIENTED_EDGE('',*,*,#6836,.T.);
#5059=ORIENTED_EDGE('',*,*,#6837,.T.);
#5060=ORIENTED_EDGE('',*,*,#6838,.T.);
#5061=ORIENTED_EDGE('',*,*,#6839,.T.);
#5062=ORIENTED_EDGE('',*,*,#6840,.T.);
#5063=ORIENTED_EDGE('',*,*,#6841,.T.);
#5064=ORIENTED_EDGE('',*,*,#6842,.T.);
#5065=ORIENTED_EDGE('',*,*,#6843,.T.);
#5066=ORIENTED_EDGE('',*,*,#6844,.T.);
#5067=ORIENTED_EDGE('',*,*,#6845,.T.);
#5068=ORIENTED_EDGE('',*,*,#6846,.T.);
#5069=ORIENTED_EDGE('',*,*,#6847,.T.);
#5070=CARTESIAN_POINT('',(4.85,-1.35,0.0));
#5071=DIRECTION('',(0.0,-1.0,0.0));
#5072=DIRECTION('',(0.0,0.0,-1.0));
#5073=ORIENTED_EDGE('',*,*,#6848,.T.);
#5074=ORIENTED_EDGE('',*,*,#6675,.T.);
#5075=ORIENTED_EDGE('',*,*,#6649,.F.);
#5076=ORIENTED_EDGE('',*,*,#6668,.T.);
#5077=CARTESIAN_POINT('',(4.85,-1.35,-1.4));
#5078=DIRECTION('',(0.0,0.0,-1.0));
#5079=DIRECTION('',(0.0,-1.0,0.0));
#5080=ORIENTED_EDGE('',*,*,#6849,.T.);
#5081=ORIENTED_EDGE('',*,*,#6850,.T.);
#5082=ORIENTED_EDGE('',*,*,#6851,.T.);
#5083=ORIENTED_EDGE('',*,*,#6676,.F.);
#5084=ORIENTED_EDGE('',*,*,#6848,.F.);
#5085=ORIENTED_EDGE('',*,*,#6667,.T.);
#5086=CARTESIAN_POINT('',(4.65,1.35,-1.4));
#5087=DIRECTION('',(1.0,0.0,0.0));
#5088=DIRECTION('',(0.0,1.0,0.0));
#5089=ORIENTED_EDGE('',*,*,#6852,.T.);
#5090=ORIENTED_EDGE('',*,*,#6677,.F.);
#5091=ORIENTED_EDGE('',*,*,#6851,.F.);
#5092=ORIENTED_EDGE('',*,*,#6853,.F.);
#5093=CARTESIAN_POINT('',(4.65,-1.35,-0.548253812702719));
#5094=DIRECTION('',(0.0,0.0,-1.0));
#5095=DIRECTION('',(0.0,-1.0,0.0));
#5096=ORIENTED_EDGE('',*,*,#6652,.T.);
#5097=ORIENTED_EDGE('',*,*,#6854,.T.);
#5098=ORIENTED_EDGE('',*,*,#6855,.T.);
#5099=ORIENTED_EDGE('',*,*,#6856,.F.);
#5100=ORIENTED_EDGE('',*,*,#6857,.T.);
#5101=ORIENTED_EDGE('',*,*,#6858,.T.);
#5102=ORIENTED_EDGE('',*,*,#6859,.F.);
#5103=ORIENTED_EDGE('',*,*,#6860,.T.);
#5104=ORIENTED_EDGE('',*,*,#6853,.T.);
#5105=ORIENTED_EDGE('',*,*,#6861,.F.);
#5106=ORIENTED_EDGE('',*,*,#6862,.F.);
#5107=ORIENTED_EDGE('',*,*,#6683,.F.);
#5108=ORIENTED_EDGE('',*,*,#6863,.T.);
#5109=ORIENTED_EDGE('',*,*,#6864,.T.);
#5110=CARTESIAN_POINT('',(4.45,-1.77303883354162,0.0685317265878422));
#5111=DIRECTION('',(-1.0,0.0,0.0));
#5112=DIRECTION('',(0.0,0.0,1.0));
#5113=ORIENTED_EDGE('',*,*,#6865,.F.);
#5114=ORIENTED_EDGE('',*,*,#6866,.T.);
#5115=ORIENTED_EDGE('',*,*,#6867,.T.);
#5116=ORIENTED_EDGE('',*,*,#6868,.F.);
#5117=ORIENTED_EDGE('',*,*,#6869,.F.);
#5118=ORIENTED_EDGE('',*,*,#6870,.T.);
#5119=ORIENTED_EDGE('',*,*,#6871,.T.);
#5120=ORIENTED_EDGE('',*,*,#6858,.F.);
#5121=ORIENTED_EDGE('',*,*,#6872,.F.);
#5122=ORIENTED_EDGE('',*,*,#6659,.F.);
#5123=ORIENTED_EDGE('',*,*,#6873,.T.);
#5124=ORIENTED_EDGE('',*,*,#6874,.T.);
#5125=CARTESIAN_POINT('',(-4.45,0.501965340439335,-0.616785539290562));
#5126=DIRECTION('',(1.0,0.0,0.0));
#5127=DIRECTION('',(0.0,1.0,0.0));
#5128=ORIENTED_EDGE('',*,*,#6654,.F.);
#5129=ORIENTED_EDGE('',*,*,#6875,.T.);
#5130=ORIENTED_EDGE('',*,*,#6876,.T.);
#5131=ORIENTED_EDGE('',*,*,#6854,.F.);
#5132=ORIENTED_EDGE('',*,*,#6877,.F.);
#5133=ORIENTED_EDGE('',*,*,#6878,.F.);
#5134=ORIENTED_EDGE('',*,*,#6879,.T.);
#5135=ORIENTED_EDGE('',*,*,#6874,.F.);
#5136=ORIENTED_EDGE('',*,*,#6880,.F.);
#5137=ORIENTED_EDGE('',*,*,#6881,.F.);
#5138=CARTESIAN_POINT('',(-4.85,0.75110188751606,0.0));
#5139=DIRECTION('',(0.0,-1.0,0.0));
#5140=DIRECTION('',(0.0,0.0,-1.0));
#5141=ORIENTED_EDGE('',*,*,#6882,.F.);
#5142=ORIENTED_EDGE('',*,*,#6883,.F.);
#5143=ORIENTED_EDGE('',*,*,#6646,.T.);
#5144=ORIENTED_EDGE('',*,*,#6884,.F.);
#5145=ORIENTED_EDGE('',*,*,#6885,.T.);
#5146=ORIENTED_EDGE('',*,*,#6886,.F.);
#5147=CARTESIAN_POINT('',(4.45,0.751101887516054,0.0));
#5148=DIRECTION('',(0.0,-1.0,0.0));
#5149=DIRECTION('',(0.0,0.0,-1.0));
#5150=ORIENTED_EDGE('',*,*,#6887,.F.);
#5151=ORIENTED_EDGE('',*,*,#6888,.F.);
#5152=ORIENTED_EDGE('',*,*,#6889,.T.);
#5153=ORIENTED_EDGE('',*,*,#6864,.F.);
#5154=ORIENTED_EDGE('',*,*,#6890,.F.);
#5155=ORIENTED_EDGE('',*,*,#6891,.F.);
#5156=CARTESIAN_POINT('',(4.85,-0.751101887516053,0.0));
#5157=DIRECTION('',(-0.0,1.0,0.0));
#5158=DIRECTION('',(1.0,0.0,0.0));
#5159=ORIENTED_EDGE('',*,*,#6892,.F.);
#5160=ORIENTED_EDGE('',*,*,#6893,.F.);
#5161=ORIENTED_EDGE('',*,*,#6642,.T.);
#5162=ORIENTED_EDGE('',*,*,#6894,.F.);
#5163=ORIENTED_EDGE('',*,*,#6895,.T.);
#5164=ORIENTED_EDGE('',*,*,#6896,.F.);
#5165=CARTESIAN_POINT('',(-4.45,-0.751101887516054,0.0));
#5166=DIRECTION('',(-0.0,1.0,0.0));
#5167=DIRECTION('',(1.0,0.0,0.0));
#5168=ORIENTED_EDGE('',*,*,#6897,.T.);
#5169=ORIENTED_EDGE('',*,*,#6898,.T.);
#5170=ORIENTED_EDGE('',*,*,#6899,.F.);
#5171=ORIENTED_EDGE('',*,*,#6866,.F.);
#5172=ORIENTED_EDGE('',*,*,#6900,.F.);
#5173=ORIENTED_EDGE('',*,*,#6665,.F.);
#5174=CARTESIAN_POINT('',(4.85,1.35,0.0));
#5175=DIRECTION('',(1.0,0.0,0.0));
#5176=DIRECTION('',(0.0,1.0,0.0));
#5177=ORIENTED_EDGE('',*,*,#6901,.T.);
#5178=ORIENTED_EDGE('',*,*,#6669,.F.);
#5179=ORIENTED_EDGE('',*,*,#6653,.F.);
#5180=ORIENTED_EDGE('',*,*,#6871,.F.);
#5181=CARTESIAN_POINT('',(-4.65,-1.35,-0.548253812702719));
#5182=DIRECTION('',(0.0,0.0,-1.0));
#5183=DIRECTION('',(0.0,-1.0,0.0));
#5184=ORIENTED_EDGE('',*,*,#6902,.T.);
#5185=ORIENTED_EDGE('',*,*,#6903,.T.);
#5186=ORIENTED_EDGE('',*,*,#6904,.F.);
#5187=ORIENTED_EDGE('',*,*,#6875,.F.);
#5188=ORIENTED_EDGE('',*,*,#6656,.F.);
#5189=ORIENTED_EDGE('',*,*,#6674,.F.);
#5190=CARTESIAN_POINT('',(-4.85,-1.35,0.0));
#5191=DIRECTION('',(-1.0,0.0,0.0));
#5192=DIRECTION('',(0.0,0.0,1.0));
#5193=ORIENTED_EDGE('',*,*,#6865,.T.);
#5194=ORIENTED_EDGE('',*,*,#6849,.F.);
#5195=ORIENTED_EDGE('',*,*,#6666,.F.);
#5196=ORIENTED_EDGE('',*,*,#6900,.T.);
#5197=CARTESIAN_POINT('',(4.65,-1.35,-0.548253812702719));
#5198=DIRECTION('',(0.0,0.0,-1.0));
#5199=DIRECTION('',(0.0,-1.0,0.0));
#5200=ORIENTED_EDGE('',*,*,#6868,.T.);
#5201=ORIENTED_EDGE('',*,*,#6905,.T.);
#5202=ORIENTED_EDGE('',*,*,#6906,.T.);
#5203=ORIENTED_EDGE('',*,*,#6907,.T.);
#5204=ORIENTED_EDGE('',*,*,#6861,.T.);
#5205=ORIENTED_EDGE('',*,*,#6850,.F.);
#5206=ORIENTED_EDGE('',*,*,#6908,.T.);
#5207=ORIENTED_EDGE('',*,*,#6859,.T.);
#5208=ORIENTED_EDGE('',*,*,#6907,.F.);
#5209=ORIENTED_EDGE('',*,*,#6909,.F.);
#5210=ORIENTED_EDGE('',*,*,#6905,.F.);
#5211=ORIENTED_EDGE('',*,*,#6867,.F.);
#5212=ORIENTED_EDGE('',*,*,#6899,.T.);
#5213=ORIENTED_EDGE('',*,*,#6910,.F.);
#5214=ORIENTED_EDGE('',*,*,#6884,.T.);
#5215=ORIENTED_EDGE('',*,*,#6645,.T.);
#5216=ORIENTED_EDGE('',*,*,#6661,.F.);
#5217=ORIENTED_EDGE('',*,*,#6911,.F.);
#5218=CARTESIAN_POINT('',(4.45,1.77303883354162,-0.616785539290562));
#5219=DIRECTION('',(-1.0,0.0,0.0));
#5220=DIRECTION('',(0.0,0.0,1.0));
#5221=ORIENTED_EDGE('',*,*,#6912,.T.);
#5222=ORIENTED_EDGE('',*,*,#6869,.T.);
#5223=ORIENTED_EDGE('',*,*,#6857,.F.);
#5224=ORIENTED_EDGE('',*,*,#6913,.F.);
#5225=ORIENTED_EDGE('',*,*,#6855,.F.);
#5226=ORIENTED_EDGE('',*,*,#6876,.F.);
#5227=ORIENTED_EDGE('',*,*,#6904,.T.);
#5228=ORIENTED_EDGE('',*,*,#6914,.F.);
#5229=ORIENTED_EDGE('',*,*,#6894,.T.);
#5230=ORIENTED_EDGE('',*,*,#6641,.T.);
#5231=ORIENTED_EDGE('',*,*,#6689,.F.);
#5232=ORIENTED_EDGE('',*,*,#6915,.F.);
#5233=CARTESIAN_POINT('',(-4.45,-0.501965340439335,0.0685317265878422));
#5234=DIRECTION('',(1.0,0.0,0.0));
#5235=DIRECTION('',(0.0,1.0,0.0));
#5236=ORIENTED_EDGE('',*,*,#6916,.T.);
#5237=ORIENTED_EDGE('',*,*,#6917,.T.);
#5238=ORIENTED_EDGE('',*,*,#6918,.F.);
#5239=ORIENTED_EDGE('',*,*,#6687,.F.);
#5240=CARTESIAN_POINT('',(-2.0,-1.35,-0.600000000000097));
#5241=DIRECTION('',(1.0,0.0,0.0));
#5242=DIRECTION('',(0.0,1.0,0.0));
#5243=ORIENTED_EDGE('',*,*,#6919,.T.);
#5244=ORIENTED_EDGE('',*,*,#6920,.T.);
#5245=ORIENTED_EDGE('',*,*,#6921,.F.);
#5246=ORIENTED_EDGE('',*,*,#6685,.F.);
#5247=CARTESIAN_POINT('',(2.00000000000001,-1.35,-0.199999999999999));
#5248=DIRECTION('',(-1.0,0.0,0.0));
#5249=DIRECTION('',(0.0,0.0,1.0));
#5250=ORIENTED_EDGE('',*,*,#6921,.T.);
#5251=ORIENTED_EDGE('',*,*,#6922,.T.);
#5252=ORIENTED_EDGE('',*,*,#6916,.F.);
#5253=ORIENTED_EDGE('',*,*,#6686,.F.);
#5254=CARTESIAN_POINT('',(2.00000000000001,-1.35,-0.59999999999999));
#5255=DIRECTION('',(0.0,0.0,1.0));
#5256=DIRECTION('',(1.0,0.0,0.0));
#5257=ORIENTED_EDGE('',*,*,#6922,.F.);
#5258=ORIENTED_EDGE('',*,*,#6920,.F.);
#5259=ORIENTED_EDGE('',*,*,#6923,.F.);
#5260=ORIENTED_EDGE('',*,*,#6917,.F.);
#5261=CARTESIAN_POINT('',(-2.00000000000001,-0.850000000000001,-0.199999999999999));
#5262=DIRECTION('',(0.0,-1.0,0.0));
#5263=DIRECTION('',(0.0,0.0,-1.0));
#5264=ORIENTED_EDGE('',*,*,#6918,.T.);
#5265=ORIENTED_EDGE('',*,*,#6923,.T.);
#5266=ORIENTED_EDGE('',*,*,#6919,.F.);
#5267=ORIENTED_EDGE('',*,*,#6684,.T.);
#5268=ORIENTED_EDGE('',*,*,#6862,.T.);
#5269=ORIENTED_EDGE('',*,*,#6889,.F.);
#5270=ORIENTED_EDGE('',*,*,#6924,.F.);
#5271=ORIENTED_EDGE('',*,*,#6909,.T.);
#5272=ORIENTED_EDGE('',*,*,#6906,.F.);
#5273=ORIENTED_EDGE('',*,*,#6910,.T.);
#5274=ORIENTED_EDGE('',*,*,#6898,.F.);
#5275=ORIENTED_EDGE('',*,*,#6885,.F.);
#5276=ORIENTED_EDGE('',*,*,#6911,.T.);
#5277=ORIENTED_EDGE('',*,*,#6660,.F.);
#5278=ORIENTED_EDGE('',*,*,#6872,.T.);
#5279=ORIENTED_EDGE('',*,*,#6879,.F.);
#5280=ORIENTED_EDGE('',*,*,#6925,.F.);
#5281=ORIENTED_EDGE('',*,*,#6913,.T.);
#5282=ORIENTED_EDGE('',*,*,#6856,.T.);
#5283=ORIENTED_EDGE('',*,*,#6914,.T.);
#5284=ORIENTED_EDGE('',*,*,#6903,.F.);
#5285=ORIENTED_EDGE('',*,*,#6895,.F.);
#5286=ORIENTED_EDGE('',*,*,#6915,.T.);
#5287=ORIENTED_EDGE('',*,*,#6688,.T.);
#5288=CARTESIAN_POINT('',(4.85,-1.35,-0.2));
#5289=DIRECTION('',(0.0,0.0,1.0));
#5290=DIRECTION('',(1.0,0.0,0.0));
#5291=ORIENTED_EDGE('',*,*,#6896,.T.);
#5292=ORIENTED_EDGE('',*,*,#6902,.F.);
#5293=ORIENTED_EDGE('',*,*,#6673,.F.);
#5294=ORIENTED_EDGE('',*,*,#6926,.F.);
#5295=CARTESIAN_POINT('',(-4.71078212164081,-1.34999999999999,-0.132651542886028));
#5296=DIRECTION('',(-0.435482165627947,-6.34338000029569E-15,0.900197358038777));
#5297=DIRECTION('',(-1.45663370419517E-14,1.0,0.0));
#5298=ORIENTED_EDGE('',*,*,#6881,.T.);
#5299=ORIENTED_EDGE('',*,*,#6927,.F.);
#5300=ORIENTED_EDGE('',*,*,#6657,.F.);
#5301=ORIENTED_EDGE('',*,*,#6928,.F.);
#5302=CARTESIAN_POINT('',(-4.71078212164081,1.35000000000001,-0.132651542886023));
#5303=DIRECTION('',(-1.0,0.0,0.0));
#5304=DIRECTION('',(0.0,0.0,1.0));
#5305=ORIENTED_EDGE('',*,*,#6927,.T.);
#5306=ORIENTED_EDGE('',*,*,#6880,.T.);
#5307=ORIENTED_EDGE('',*,*,#6873,.F.);
#5308=ORIENTED_EDGE('',*,*,#6658,.F.);
#5309=CARTESIAN_POINT('',(4.85,-1.35,0.0));
#5310=DIRECTION('',(0.0,0.0,1.0));
#5311=DIRECTION('',(1.0,0.0,0.0));
#5312=ORIENTED_EDGE('',*,*,#6670,.T.);
#5313=ORIENTED_EDGE('',*,*,#6901,.F.);
#5314=ORIENTED_EDGE('',*,*,#6870,.F.);
#5315=ORIENTED_EDGE('',*,*,#6912,.F.);
#5316=ORIENTED_EDGE('',*,*,#6925,.T.);
#5317=ORIENTED_EDGE('',*,*,#6929,.F.);
#5318=CARTESIAN_POINT('',(-4.85,-1.35,0.0));
#5319=DIRECTION('',(-1.0,0.0,0.0));
#5320=DIRECTION('',(0.0,0.0,1.0));
#5321=ORIENTED_EDGE('',*,*,#6886,.T.);
#5322=ORIENTED_EDGE('',*,*,#6897,.F.);
#5323=ORIENTED_EDGE('',*,*,#6664,.F.);
#5324=ORIENTED_EDGE('',*,*,#6930,.F.);
#5325=CARTESIAN_POINT('',(4.71078212164081,1.35,-0.132651542886023));
#5326=DIRECTION('',(0.435482165627947,-1.31516379852045E-15,0.900197358038777));
#5327=DIRECTION('',(-3.02001758585002E-15,-1.0,0.0));
#5328=ORIENTED_EDGE('',*,*,#6891,.T.);
#5329=ORIENTED_EDGE('',*,*,#6931,.F.);
#5330=ORIENTED_EDGE('',*,*,#6681,.F.);
#5331=ORIENTED_EDGE('',*,*,#6932,.F.);
#5332=CARTESIAN_POINT('',(4.71078212164082,-1.35,-0.132651542886028));
#5333=DIRECTION('',(1.0,0.0,0.0));
#5334=DIRECTION('',(0.0,1.0,0.0));
#5335=ORIENTED_EDGE('',*,*,#6931,.T.);
#5336=ORIENTED_EDGE('',*,*,#6890,.T.);
#5337=ORIENTED_EDGE('',*,*,#6863,.F.);
#5338=ORIENTED_EDGE('',*,*,#6682,.F.);
#5339=CARTESIAN_POINT('',(4.85,-1.35,0.0));
#5340=DIRECTION('',(0.0,0.0,1.0));
#5341=DIRECTION('',(1.0,0.0,0.0));
#5342=ORIENTED_EDGE('',*,*,#6678,.T.);
#5343=ORIENTED_EDGE('',*,*,#6852,.F.);
#5344=ORIENTED_EDGE('',*,*,#6860,.F.);
#5345=ORIENTED_EDGE('',*,*,#6908,.F.);
#5346=ORIENTED_EDGE('',*,*,#6924,.T.);
#5347=ORIENTED_EDGE('',*,*,#6933,.F.);
#5348=CARTESIAN_POINT('',(4.85,1.35,0.0));
#5349=DIRECTION('',(1.0,0.0,0.0));
#5350=DIRECTION('',(0.0,1.0,0.0));
#5351=ORIENTED_EDGE('',*,*,#6934,.T.);
#5352=ORIENTED_EDGE('',*,*,#6679,.F.);
#5353=ORIENTED_EDGE('',*,*,#6933,.T.);
#5354=ORIENTED_EDGE('',*,*,#6888,.T.);
#5355=CARTESIAN_POINT('',(4.85,-1.35,-0.2));
#5356=DIRECTION('',(0.435482165627947,-1.89534259103298E-15,0.900197358038777));
#5357=DIRECTION('',(-4.35228521540021E-15,-1.0,0.0));
#5358=ORIENTED_EDGE('',*,*,#6887,.T.);
#5359=ORIENTED_EDGE('',*,*,#6932,.T.);
#5360=ORIENTED_EDGE('',*,*,#6680,.F.);
#5361=ORIENTED_EDGE('',*,*,#6934,.F.);
#5362=ORIENTED_EDGE('',*,*,#6935,.T.);
#5363=ORIENTED_EDGE('',*,*,#6662,.F.);
#5364=ORIENTED_EDGE('',*,*,#6647,.T.);
#5365=ORIENTED_EDGE('',*,*,#6883,.T.);
#5366=CARTESIAN_POINT('',(4.71078212164081,1.35,5.32907051820075E-15));
#5367=DIRECTION('',(1.0,0.0,0.0));
#5368=DIRECTION('',(0.0,1.0,0.0));
#5369=ORIENTED_EDGE('',*,*,#6882,.T.);
#5370=ORIENTED_EDGE('',*,*,#6930,.T.);
#5371=ORIENTED_EDGE('',*,*,#6663,.F.);
#5372=ORIENTED_EDGE('',*,*,#6935,.F.);
#5373=ORIENTED_EDGE('',*,*,#6936,.T.);
#5374=ORIENTED_EDGE('',*,*,#6690,.F.);
#5375=ORIENTED_EDGE('',*,*,#6643,.T.);
#5376=ORIENTED_EDGE('',*,*,#6893,.T.);
#5377=CARTESIAN_POINT('',(-4.71078212164081,-1.35,5.24524185287053E-30));
#5378=DIRECTION('',(-1.0,0.0,0.0));
#5379=DIRECTION('',(0.0,0.0,1.0));
#5380=ORIENTED_EDGE('',*,*,#6892,.T.);
#5381=ORIENTED_EDGE('',*,*,#6926,.T.);
#5382=ORIENTED_EDGE('',*,*,#6691,.F.);
#5383=ORIENTED_EDGE('',*,*,#6936,.F.);
#5384=ORIENTED_EDGE('',*,*,#6937,.T.);
#5385=ORIENTED_EDGE('',*,*,#6671,.F.);
#5386=ORIENTED_EDGE('',*,*,#6929,.T.);
#5387=ORIENTED_EDGE('',*,*,#6878,.T.);
#5388=CARTESIAN_POINT('',(-4.84999999999999,1.35000000000001,-0.199999999999995));
#5389=DIRECTION('',(-0.435482165627947,-6.14998706945818E-15,0.900197358038777));
#5390=DIRECTION('',(-1.41222478321016E-14,1.0,0.0));
#5391=ORIENTED_EDGE('',*,*,#6877,.T.);
#5392=ORIENTED_EDGE('',*,*,#6928,.T.);
#5393=ORIENTED_EDGE('',*,*,#6672,.F.);
#5394=ORIENTED_EDGE('',*,*,#6937,.F.);
#5395=ORIENTED_EDGE('',*,*,#6938,.T.);
#5396=ORIENTED_EDGE('',*,*,#6939,.T.);
#5397=ORIENTED_EDGE('',*,*,#6940,.F.);
#5398=ORIENTED_EDGE('',*,*,#6692,.F.);
#5399=ORIENTED_EDGE('',*,*,#6940,.T.);
#5400=ORIENTED_EDGE('',*,*,#6941,.T.);
#5401=ORIENTED_EDGE('',*,*,#6942,.F.);
#5402=ORIENTED_EDGE('',*,*,#6693,.F.);
#5403=ORIENTED_EDGE('',*,*,#6942,.T.);
#5404=ORIENTED_EDGE('',*,*,#6943,.T.);
#5405=ORIENTED_EDGE('',*,*,#6944,.F.);
#5406=ORIENTED_EDGE('',*,*,#6694,.F.);
#5407=ORIENTED_EDGE('',*,*,#6944,.T.);
#5408=ORIENTED_EDGE('',*,*,#6945,.T.);
#5409=ORIENTED_EDGE('',*,*,#6946,.F.);
#5410=ORIENTED_EDGE('',*,*,#6695,.F.);
#5411=ORIENTED_EDGE('',*,*,#6946,.T.);
#5412=ORIENTED_EDGE('',*,*,#6947,.T.);
#5413=ORIENTED_EDGE('',*,*,#6948,.F.);
#5414=ORIENTED_EDGE('',*,*,#6696,.F.);
#5415=ORIENTED_EDGE('',*,*,#6948,.T.);
#5416=ORIENTED_EDGE('',*,*,#6949,.T.);
#5417=ORIENTED_EDGE('',*,*,#6950,.F.);
#5418=ORIENTED_EDGE('',*,*,#6697,.F.);
#5419=ORIENTED_EDGE('',*,*,#6950,.T.);
#5420=ORIENTED_EDGE('',*,*,#6951,.T.);
#5421=ORIENTED_EDGE('',*,*,#6952,.F.);
#5422=ORIENTED_EDGE('',*,*,#6698,.F.);
#5423=ORIENTED_EDGE('',*,*,#6952,.T.);
#5424=ORIENTED_EDGE('',*,*,#6953,.T.);
#5425=ORIENTED_EDGE('',*,*,#6954,.F.);
#5426=ORIENTED_EDGE('',*,*,#6699,.F.);
#5427=ORIENTED_EDGE('',*,*,#6954,.T.);
#5428=ORIENTED_EDGE('',*,*,#6955,.T.);
#5429=ORIENTED_EDGE('',*,*,#6956,.F.);
#5430=ORIENTED_EDGE('',*,*,#6700,.F.);
#5431=ORIENTED_EDGE('',*,*,#6956,.T.);
#5432=ORIENTED_EDGE('',*,*,#6957,.T.);
#5433=ORIENTED_EDGE('',*,*,#6958,.F.);
#5434=ORIENTED_EDGE('',*,*,#6701,.F.);
#5435=ORIENTED_EDGE('',*,*,#6958,.T.);
#5436=ORIENTED_EDGE('',*,*,#6959,.T.);
#5437=ORIENTED_EDGE('',*,*,#6960,.F.);
#5438=ORIENTED_EDGE('',*,*,#6702,.F.);
#5439=ORIENTED_EDGE('',*,*,#6960,.T.);
#5440=ORIENTED_EDGE('',*,*,#6961,.T.);
#5441=ORIENTED_EDGE('',*,*,#6962,.F.);
#5442=ORIENTED_EDGE('',*,*,#6703,.F.);
#5443=ORIENTED_EDGE('',*,*,#6962,.T.);
#5444=ORIENTED_EDGE('',*,*,#6963,.T.);
#5445=ORIENTED_EDGE('',*,*,#6964,.F.);
#5446=ORIENTED_EDGE('',*,*,#6704,.F.);
#5447=ORIENTED_EDGE('',*,*,#6964,.T.);
#5448=ORIENTED_EDGE('',*,*,#6965,.T.);
#5449=ORIENTED_EDGE('',*,*,#6966,.F.);
#5450=ORIENTED_EDGE('',*,*,#6705,.F.);
#5451=ORIENTED_EDGE('',*,*,#6966,.T.);
#5452=ORIENTED_EDGE('',*,*,#6967,.T.);
#5453=ORIENTED_EDGE('',*,*,#6968,.F.);
#5454=ORIENTED_EDGE('',*,*,#6706,.F.);
#5455=ORIENTED_EDGE('',*,*,#6968,.T.);
#5456=ORIENTED_EDGE('',*,*,#6969,.T.);
#5457=ORIENTED_EDGE('',*,*,#6970,.F.);
#5458=ORIENTED_EDGE('',*,*,#6707,.F.);
#5459=ORIENTED_EDGE('',*,*,#6970,.T.);
#5460=ORIENTED_EDGE('',*,*,#6971,.T.);
#5461=ORIENTED_EDGE('',*,*,#6972,.F.);
#5462=ORIENTED_EDGE('',*,*,#6708,.F.);
#5463=ORIENTED_EDGE('',*,*,#6972,.T.);
#5464=ORIENTED_EDGE('',*,*,#6973,.T.);
#5465=ORIENTED_EDGE('',*,*,#6974,.F.);
#5466=ORIENTED_EDGE('',*,*,#6709,.F.);
#5467=ORIENTED_EDGE('',*,*,#6974,.T.);
#5468=ORIENTED_EDGE('',*,*,#6975,.T.);
#5469=ORIENTED_EDGE('',*,*,#6976,.F.);
#5470=ORIENTED_EDGE('',*,*,#6710,.F.);
#5471=ORIENTED_EDGE('',*,*,#6976,.T.);
#5472=ORIENTED_EDGE('',*,*,#6977,.T.);
#5473=ORIENTED_EDGE('',*,*,#6938,.F.);
#5474=ORIENTED_EDGE('',*,*,#6711,.F.);
#5475=ORIENTED_EDGE('',*,*,#6977,.F.);
#5476=ORIENTED_EDGE('',*,*,#6975,.F.);
#5477=ORIENTED_EDGE('',*,*,#6973,.F.);
#5478=ORIENTED_EDGE('',*,*,#6971,.F.);
#5479=ORIENTED_EDGE('',*,*,#6969,.F.);
#5480=ORIENTED_EDGE('',*,*,#6967,.F.);
#5481=ORIENTED_EDGE('',*,*,#6965,.F.);
#5482=ORIENTED_EDGE('',*,*,#6963,.F.);
#5483=ORIENTED_EDGE('',*,*,#6961,.F.);
#5484=ORIENTED_EDGE('',*,*,#6959,.F.);
#5485=ORIENTED_EDGE('',*,*,#6957,.F.);
#5486=ORIENTED_EDGE('',*,*,#6955,.F.);
#5487=ORIENTED_EDGE('',*,*,#6953,.F.);
#5488=ORIENTED_EDGE('',*,*,#6951,.F.);
#5489=ORIENTED_EDGE('',*,*,#6949,.F.);
#5490=ORIENTED_EDGE('',*,*,#6947,.F.);
#5491=ORIENTED_EDGE('',*,*,#6945,.F.);
#5492=ORIENTED_EDGE('',*,*,#6943,.F.);
#5493=ORIENTED_EDGE('',*,*,#6941,.F.);
#5494=ORIENTED_EDGE('',*,*,#6939,.F.);
#5495=CARTESIAN_POINT('',(2.68773530733401,-1.25,-0.349291614084027));
#5496=DIRECTION('',(0.0,-1.0,0.0));
#5497=DIRECTION('',(0.0,0.0,-1.0));
#5498=ORIENTED_EDGE('',*,*,#6978,.T.);
#5499=ORIENTED_EDGE('',*,*,#6979,.T.);
#5500=ORIENTED_EDGE('',*,*,#6980,.F.);
#5501=ORIENTED_EDGE('',*,*,#6712,.F.);
#5502=ORIENTED_EDGE('',*,*,#6980,.T.);
#5503=ORIENTED_EDGE('',*,*,#6981,.T.);
#5504=ORIENTED_EDGE('',*,*,#6982,.F.);
#5505=ORIENTED_EDGE('',*,*,#6713,.F.);
#5506=CARTESIAN_POINT('',(3.55367040636205,-1.35,-0.520379475683294));
#5507=DIRECTION('',(-0.656664704977337,-3.34924375848066E-16,0.754182647133323));
#5508=DIRECTION('',(-5.10038644241775E-16,1.0,0.0));
#5509=ORIENTED_EDGE('',*,*,#6982,.T.);
#5510=ORIENTED_EDGE('',*,*,#6983,.T.);
#5511=ORIENTED_EDGE('',*,*,#6984,.F.);
#5512=ORIENTED_EDGE('',*,*,#6714,.F.);
#5513=CARTESIAN_POINT('',(3.47227910487889,-1.35,-0.591246652459785));
#5514=DIRECTION('',(1.0,0.0,0.0));
#5515=DIRECTION('',(0.0,1.0,0.0));
#5516=ORIENTED_EDGE('',*,*,#6984,.T.);
#5517=ORIENTED_EDGE('',*,*,#6985,.T.);
#5518=ORIENTED_EDGE('',*,*,#6986,.F.);
#5519=ORIENTED_EDGE('',*,*,#6715,.F.);
#5520=CARTESIAN_POINT('',(3.47227910487889,-1.35,-0.534034347971223));
#5521=DIRECTION('',(-0.0913980279711814,0.0,0.995814440788533));
#5522=DIRECTION('',(0.0,1.0,0.0));
#5523=ORIENTED_EDGE('',*,*,#6986,.T.);
#5524=ORIENTED_EDGE('',*,*,#6987,.T.);
#5525=ORIENTED_EDGE('',*,*,#6988,.F.);
#5526=ORIENTED_EDGE('',*,*,#6716,.F.);
#5527=CARTESIAN_POINT('',(3.34567050320544,-1.35,-0.545654762421107));
#5528=DIRECTION('',(-1.0,0.0,0.0));
#5529=DIRECTION('',(0.0,0.0,1.0));
#5530=ORIENTED_EDGE('',*,*,#6988,.T.);
#5531=ORIENTED_EDGE('',*,*,#6989,.T.);
#5532=ORIENTED_EDGE('',*,*,#6990,.F.);
#5533=ORIENTED_EDGE('',*,*,#6717,.F.);
#5534=ORIENTED_EDGE('',*,*,#6990,.T.);
#5535=ORIENTED_EDGE('',*,*,#6991,.T.);
#5536=ORIENTED_EDGE('',*,*,#6992,.F.);
#5537=ORIENTED_EDGE('',*,*,#6718,.F.);
#5538=CARTESIAN_POINT('',(3.34143512208477,-1.35,-0.645203541496834));
#5539=DIRECTION('',(-0.806949361166115,2.62288248872283E-16,0.590620629942435));
#5540=DIRECTION('',(3.2503681333021E-16,1.0,0.0));
#5541=ORIENTED_EDGE('',*,*,#6992,.T.);
#5542=ORIENTED_EDGE('',*,*,#6993,.T.);
#5543=ORIENTED_EDGE('',*,*,#6994,.F.);
#5544=ORIENTED_EDGE('',*,*,#6719,.F.);
#5545=CARTESIAN_POINT('',(3.2621590653771,-1.35,-0.753516323124961));
#5546=DIRECTION('',(0.999496110323458,3.56501957907862E-15,0.0317415413658285));
#5547=DIRECTION('',(0.0,-1.0,1.12314003217139E-13));
#5548=ORIENTED_EDGE('',*,*,#6994,.T.);
#5549=ORIENTED_EDGE('',*,*,#6995,.T.);
#5550=ORIENTED_EDGE('',*,*,#6996,.F.);
#5551=ORIENTED_EDGE('',*,*,#6720,.F.);
#5552=ORIENTED_EDGE('',*,*,#6996,.T.);
#5553=ORIENTED_EDGE('',*,*,#6997,.T.);
#5554=ORIENTED_EDGE('',*,*,#6998,.F.);
#5555=ORIENTED_EDGE('',*,*,#6721,.F.);
#5556=CARTESIAN_POINT('',(3.26254255739532,-1.35,-0.633717733124527));
#5557=DIRECTION('',(0.827446394816252,2.93968012533786E-15,-0.561544712116129));
#5558=DIRECTION('',(0.0,-1.0,-5.23498852702209E-15));
#5559=ORIENTED_EDGE('',*,*,#6998,.T.);
#5560=ORIENTED_EDGE('',*,*,#6999,.T.);
#5561=ORIENTED_EDGE('',*,*,#7000,.F.);
#5562=ORIENTED_EDGE('',*,*,#6722,.F.);
#5563=ORIENTED_EDGE('',*,*,#7000,.T.);
#5564=ORIENTED_EDGE('',*,*,#7001,.T.);
#5565=ORIENTED_EDGE('',*,*,#7002,.F.);
#5566=ORIENTED_EDGE('',*,*,#6723,.F.);
#5567=CARTESIAN_POINT('',(3.41755168051934,-1.35,-0.419524393364821));
#5568=DIRECTION('',(0.0931105912652064,1.11364714170497E-16,-0.995655772741887));
#5569=DIRECTION('',(0.0,-1.0,-1.1185061867699E-16));
#5570=ORIENTED_EDGE('',*,*,#7002,.T.);
#5571=ORIENTED_EDGE('',*,*,#7003,.T.);
#5572=ORIENTED_EDGE('',*,*,#6978,.F.);
#5573=ORIENTED_EDGE('',*,*,#6724,.F.);
#5574=CARTESIAN_POINT('',(3.55968938749089,-1.35,-0.406232122783437));
#5575=DIRECTION('',(-1.0,0.0,0.0));
#5576=DIRECTION('',(0.0,0.0,1.0));
#5577=ORIENTED_EDGE('',*,*,#7003,.F.);
#5578=ORIENTED_EDGE('',*,*,#7001,.F.);
#5579=ORIENTED_EDGE('',*,*,#6999,.F.);
#5580=ORIENTED_EDGE('',*,*,#6997,.F.);
#5581=ORIENTED_EDGE('',*,*,#6995,.F.);
#5582=ORIENTED_EDGE('',*,*,#6993,.F.);
#5583=ORIENTED_EDGE('',*,*,#6991,.F.);
#5584=ORIENTED_EDGE('',*,*,#6989,.F.);
#5585=ORIENTED_EDGE('',*,*,#6987,.F.);
#5586=ORIENTED_EDGE('',*,*,#6985,.F.);
#5587=ORIENTED_EDGE('',*,*,#6983,.F.);
#5588=ORIENTED_EDGE('',*,*,#6981,.F.);
#5589=ORIENTED_EDGE('',*,*,#6979,.F.);
#5590=CARTESIAN_POINT('',(3.22114030000127,-1.25,-0.362821597740746));
#5591=DIRECTION('',(0.0,-1.0,0.0));
#5592=DIRECTION('',(0.0,0.0,-1.0));
#5593=ORIENTED_EDGE('',*,*,#7004,.T.);
#5594=ORIENTED_EDGE('',*,*,#7005,.T.);
#5595=ORIENTED_EDGE('',*,*,#7006,.F.);
#5596=ORIENTED_EDGE('',*,*,#6725,.F.);
#5597=ORIENTED_EDGE('',*,*,#7006,.T.);
#5598=ORIENTED_EDGE('',*,*,#7007,.T.);
#5599=ORIENTED_EDGE('',*,*,#7008,.F.);
#5600=ORIENTED_EDGE('',*,*,#6726,.F.);
#5601=ORIENTED_EDGE('',*,*,#7008,.T.);
#5602=ORIENTED_EDGE('',*,*,#7009,.T.);
#5603=ORIENTED_EDGE('',*,*,#7010,.F.);
#5604=ORIENTED_EDGE('',*,*,#6727,.F.);
#5605=ORIENTED_EDGE('',*,*,#7010,.T.);
#5606=ORIENTED_EDGE('',*,*,#7011,.T.);
#5607=ORIENTED_EDGE('',*,*,#7012,.F.);
#5608=ORIENTED_EDGE('',*,*,#6728,.F.);
#5609=ORIENTED_EDGE('',*,*,#7012,.T.);
#5610=ORIENTED_EDGE('',*,*,#7013,.T.);
#5611=ORIENTED_EDGE('',*,*,#7014,.F.);
#5612=ORIENTED_EDGE('',*,*,#6729,.F.);
#5613=ORIENTED_EDGE('',*,*,#7014,.T.);
#5614=ORIENTED_EDGE('',*,*,#7015,.T.);
#5615=ORIENTED_EDGE('',*,*,#7016,.F.);
#5616=ORIENTED_EDGE('',*,*,#6730,.F.);
#5617=ORIENTED_EDGE('',*,*,#7016,.T.);
#5618=ORIENTED_EDGE('',*,*,#7017,.T.);
#5619=ORIENTED_EDGE('',*,*,#7018,.F.);
#5620=ORIENTED_EDGE('',*,*,#6731,.F.);
#5621=ORIENTED_EDGE('',*,*,#7018,.T.);
#5622=ORIENTED_EDGE('',*,*,#7019,.T.);
#5623=ORIENTED_EDGE('',*,*,#7004,.F.);
#5624=ORIENTED_EDGE('',*,*,#6732,.F.);
#5625=ORIENTED_EDGE('',*,*,#7020,.T.);
#5626=ORIENTED_EDGE('',*,*,#7021,.T.);
#5627=ORIENTED_EDGE('',*,*,#7022,.F.);
#5628=ORIENTED_EDGE('',*,*,#7023,.F.);
#5629=ORIENTED_EDGE('',*,*,#7022,.T.);
#5630=ORIENTED_EDGE('',*,*,#7024,.T.);
#5631=ORIENTED_EDGE('',*,*,#7025,.F.);
#5632=ORIENTED_EDGE('',*,*,#7026,.F.);
#5633=ORIENTED_EDGE('',*,*,#7025,.T.);
#5634=ORIENTED_EDGE('',*,*,#7027,.T.);
#5635=ORIENTED_EDGE('',*,*,#7028,.F.);
#5636=ORIENTED_EDGE('',*,*,#7029,.F.);
#5637=ORIENTED_EDGE('',*,*,#7028,.T.);
#5638=ORIENTED_EDGE('',*,*,#7030,.T.);
#5639=ORIENTED_EDGE('',*,*,#7031,.F.);
#5640=ORIENTED_EDGE('',*,*,#7032,.F.);
#5641=ORIENTED_EDGE('',*,*,#7031,.T.);
#5642=ORIENTED_EDGE('',*,*,#7033,.T.);
#5643=ORIENTED_EDGE('',*,*,#7034,.F.);
#5644=ORIENTED_EDGE('',*,*,#7035,.F.);
#5645=ORIENTED_EDGE('',*,*,#7034,.T.);
#5646=ORIENTED_EDGE('',*,*,#7036,.T.);
#5647=ORIENTED_EDGE('',*,*,#7037,.F.);
#5648=ORIENTED_EDGE('',*,*,#7038,.F.);
#5649=ORIENTED_EDGE('',*,*,#7037,.T.);
#5650=ORIENTED_EDGE('',*,*,#7039,.T.);
#5651=ORIENTED_EDGE('',*,*,#7020,.F.);
#5652=ORIENTED_EDGE('',*,*,#7040,.F.);
#5653=ORIENTED_EDGE('',*,*,#7019,.F.);
#5654=ORIENTED_EDGE('',*,*,#7017,.F.);
#5655=ORIENTED_EDGE('',*,*,#7015,.F.);
#5656=ORIENTED_EDGE('',*,*,#7013,.F.);
#5657=ORIENTED_EDGE('',*,*,#7011,.F.);
#5658=ORIENTED_EDGE('',*,*,#7009,.F.);
#5659=ORIENTED_EDGE('',*,*,#7007,.F.);
#5660=ORIENTED_EDGE('',*,*,#7005,.F.);
#5661=ORIENTED_EDGE('',*,*,#7039,.F.);
#5662=ORIENTED_EDGE('',*,*,#7036,.F.);
#5663=ORIENTED_EDGE('',*,*,#7033,.F.);
#5664=ORIENTED_EDGE('',*,*,#7030,.F.);
#5665=ORIENTED_EDGE('',*,*,#7027,.F.);
#5666=ORIENTED_EDGE('',*,*,#7024,.F.);
#5667=ORIENTED_EDGE('',*,*,#7021,.F.);
#5668=CARTESIAN_POINT('',(3.22105891041333,-1.25,-0.560562076575057));
#5669=DIRECTION('',(0.0,-1.0,0.0));
#5670=DIRECTION('',(0.0,0.0,-1.0));
#5671=ORIENTED_EDGE('',*,*,#7040,.T.);
#5672=ORIENTED_EDGE('',*,*,#7023,.T.);
#5673=ORIENTED_EDGE('',*,*,#7026,.T.);
#5674=ORIENTED_EDGE('',*,*,#7029,.T.);
#5675=ORIENTED_EDGE('',*,*,#7032,.T.);
#5676=ORIENTED_EDGE('',*,*,#7035,.T.);
#5677=ORIENTED_EDGE('',*,*,#7038,.T.);
#5678=CARTESIAN_POINT('',(4.85,-1.35,0.0));
#5679=DIRECTION('',(0.0,-1.0,0.0));
#5680=DIRECTION('',(0.0,0.0,-1.0));
#5681=ORIENTED_EDGE('',*,*,#6733,.F.);
#5682=ORIENTED_EDGE('',*,*,#7041,.T.);
#5683=ORIENTED_EDGE('',*,*,#7042,.T.);
#5684=ORIENTED_EDGE('',*,*,#7043,.F.);
#5685=ORIENTED_EDGE('',*,*,#7044,.F.);
#5686=ORIENTED_EDGE('',*,*,#7045,.T.);
#5687=ORIENTED_EDGE('',*,*,#7046,.T.);
#5688=ORIENTED_EDGE('',*,*,#7047,.F.);
#5689=ORIENTED_EDGE('',*,*,#7048,.F.);
#5690=ORIENTED_EDGE('',*,*,#7042,.F.);
#5691=ORIENTED_EDGE('',*,*,#7049,.F.);
#5692=ORIENTED_EDGE('',*,*,#7046,.F.);
#5693=CARTESIAN_POINT('',(3.18360612355769,-1.25,-1.02616853550999));
#5694=DIRECTION('',(0.0,-1.0,0.0));
#5695=DIRECTION('',(0.0,0.0,-1.0));
#5696=ORIENTED_EDGE('',*,*,#7044,.T.);
#5697=ORIENTED_EDGE('',*,*,#7050,.T.);
#5698=CARTESIAN_POINT('',(4.85,-1.35,0.0));
#5699=DIRECTION('',(0.0,-1.0,0.0));
#5700=DIRECTION('',(0.0,0.0,-1.0));
#5701=ORIENTED_EDGE('',*,*,#6735,.F.);
#5702=ORIENTED_EDGE('',*,*,#7051,.T.);
#5703=ORIENTED_EDGE('',*,*,#7052,.T.);
#5704=ORIENTED_EDGE('',*,*,#7053,.F.);
#5705=ORIENTED_EDGE('',*,*,#7054,.F.);
#5706=ORIENTED_EDGE('',*,*,#7055,.T.);
#5707=ORIENTED_EDGE('',*,*,#7056,.T.);
#5708=ORIENTED_EDGE('',*,*,#7057,.F.);
#5709=ORIENTED_EDGE('',*,*,#7058,.F.);
#5710=ORIENTED_EDGE('',*,*,#7052,.F.);
#5711=ORIENTED_EDGE('',*,*,#7059,.F.);
#5712=ORIENTED_EDGE('',*,*,#7056,.F.);
#5713=CARTESIAN_POINT('',(3.70675233436352,-1.25,-1.02616853550999));
#5714=DIRECTION('',(0.0,-1.0,0.0));
#5715=DIRECTION('',(0.0,0.0,-1.0));
#5716=ORIENTED_EDGE('',*,*,#7054,.T.);
#5717=ORIENTED_EDGE('',*,*,#7060,.T.);
#5718=CARTESIAN_POINT('',(4.85,-1.35,0.0));
#5719=DIRECTION('',(0.0,-1.0,0.0));
#5720=DIRECTION('',(0.0,0.0,-1.0));
#5721=ORIENTED_EDGE('',*,*,#7061,.T.);
#5722=ORIENTED_EDGE('',*,*,#7062,.T.);
#5723=ORIENTED_EDGE('',*,*,#7063,.F.);
#5724=ORIENTED_EDGE('',*,*,#6737,.F.);
#5725=ORIENTED_EDGE('',*,*,#7063,.T.);
#5726=ORIENTED_EDGE('',*,*,#7064,.T.);
#5727=ORIENTED_EDGE('',*,*,#7065,.F.);
#5728=ORIENTED_EDGE('',*,*,#6738,.F.);
#5729=ORIENTED_EDGE('',*,*,#7065,.T.);
#5730=ORIENTED_EDGE('',*,*,#7066,.T.);
#5731=ORIENTED_EDGE('',*,*,#7067,.F.);
#5732=ORIENTED_EDGE('',*,*,#6739,.F.);
#5733=ORIENTED_EDGE('',*,*,#7067,.T.);
#5734=ORIENTED_EDGE('',*,*,#7068,.T.);
#5735=ORIENTED_EDGE('',*,*,#7069,.F.);
#5736=ORIENTED_EDGE('',*,*,#6740,.F.);
#5737=ORIENTED_EDGE('',*,*,#7069,.T.);
#5738=ORIENTED_EDGE('',*,*,#7070,.T.);
#5739=ORIENTED_EDGE('',*,*,#7071,.F.);
#5740=ORIENTED_EDGE('',*,*,#6741,.F.);
#5741=ORIENTED_EDGE('',*,*,#7071,.T.);
#5742=ORIENTED_EDGE('',*,*,#7072,.T.);
#5743=ORIENTED_EDGE('',*,*,#7061,.F.);
#5744=ORIENTED_EDGE('',*,*,#6742,.F.);
#5745=ORIENTED_EDGE('',*,*,#7072,.F.);
#5746=ORIENTED_EDGE('',*,*,#7070,.F.);
#5747=ORIENTED_EDGE('',*,*,#7068,.F.);
#5748=ORIENTED_EDGE('',*,*,#7066,.F.);
#5749=ORIENTED_EDGE('',*,*,#7064,.F.);
#5750=ORIENTED_EDGE('',*,*,#7062,.F.);
#5751=CARTESIAN_POINT('',(2.57616360305037,-1.25,-1.14419647967336));
#5752=DIRECTION('',(0.0,-1.0,0.0));
#5753=DIRECTION('',(0.0,0.0,-1.0));
#5754=ORIENTED_EDGE('',*,*,#7073,.T.);
#5755=ORIENTED_EDGE('',*,*,#7074,.T.);
#5756=ORIENTED_EDGE('',*,*,#7075,.F.);
#5757=ORIENTED_EDGE('',*,*,#6743,.F.);
#5758=ORIENTED_EDGE('',*,*,#7075,.T.);
#5759=ORIENTED_EDGE('',*,*,#7076,.T.);
#5760=ORIENTED_EDGE('',*,*,#7077,.F.);
#5761=ORIENTED_EDGE('',*,*,#6744,.F.);
#5762=ORIENTED_EDGE('',*,*,#7077,.T.);
#5763=ORIENTED_EDGE('',*,*,#7078,.T.);
#5764=ORIENTED_EDGE('',*,*,#7079,.F.);
#5765=ORIENTED_EDGE('',*,*,#6745,.F.);
#5766=ORIENTED_EDGE('',*,*,#7079,.T.);
#5767=ORIENTED_EDGE('',*,*,#7080,.T.);
#5768=ORIENTED_EDGE('',*,*,#7081,.F.);
#5769=ORIENTED_EDGE('',*,*,#6746,.F.);
#5770=ORIENTED_EDGE('',*,*,#7081,.T.);
#5771=ORIENTED_EDGE('',*,*,#7082,.T.);
#5772=ORIENTED_EDGE('',*,*,#7083,.F.);
#5773=ORIENTED_EDGE('',*,*,#6747,.F.);
#5774=ORIENTED_EDGE('',*,*,#7083,.T.);
#5775=ORIENTED_EDGE('',*,*,#7084,.T.);
#5776=ORIENTED_EDGE('',*,*,#7085,.F.);
#5777=ORIENTED_EDGE('',*,*,#6748,.F.);
#5778=ORIENTED_EDGE('',*,*,#7085,.T.);
#5779=ORIENTED_EDGE('',*,*,#7086,.T.);
#5780=ORIENTED_EDGE('',*,*,#7087,.F.);
#5781=ORIENTED_EDGE('',*,*,#6749,.F.);
#5782=ORIENTED_EDGE('',*,*,#7087,.T.);
#5783=ORIENTED_EDGE('',*,*,#7088,.T.);
#5784=ORIENTED_EDGE('',*,*,#7089,.F.);
#5785=ORIENTED_EDGE('',*,*,#6750,.F.);
#5786=ORIENTED_EDGE('',*,*,#7089,.T.);
#5787=ORIENTED_EDGE('',*,*,#7090,.T.);
#5788=ORIENTED_EDGE('',*,*,#7091,.F.);
#5789=ORIENTED_EDGE('',*,*,#6751,.F.);
#5790=ORIENTED_EDGE('',*,*,#7091,.T.);
#5791=ORIENTED_EDGE('',*,*,#7092,.T.);
#5792=ORIENTED_EDGE('',*,*,#7093,.F.);
#5793=ORIENTED_EDGE('',*,*,#6752,.F.);
#5794=ORIENTED_EDGE('',*,*,#7093,.T.);
#5795=ORIENTED_EDGE('',*,*,#7094,.T.);
#5796=ORIENTED_EDGE('',*,*,#7095,.F.);
#5797=ORIENTED_EDGE('',*,*,#6753,.F.);
#5798=ORIENTED_EDGE('',*,*,#7095,.T.);
#5799=ORIENTED_EDGE('',*,*,#7096,.T.);
#5800=ORIENTED_EDGE('',*,*,#7097,.F.);
#5801=ORIENTED_EDGE('',*,*,#6754,.F.);
#5802=ORIENTED_EDGE('',*,*,#7097,.T.);
#5803=ORIENTED_EDGE('',*,*,#7098,.T.);
#5804=ORIENTED_EDGE('',*,*,#7099,.F.);
#5805=ORIENTED_EDGE('',*,*,#6755,.F.);
#5806=ORIENTED_EDGE('',*,*,#7099,.T.);
#5807=ORIENTED_EDGE('',*,*,#7100,.T.);
#5808=ORIENTED_EDGE('',*,*,#7101,.F.);
#5809=ORIENTED_EDGE('',*,*,#6756,.F.);
#5810=ORIENTED_EDGE('',*,*,#7101,.T.);
#5811=ORIENTED_EDGE('',*,*,#7102,.T.);
#5812=ORIENTED_EDGE('',*,*,#7073,.F.);
#5813=ORIENTED_EDGE('',*,*,#6757,.F.);
#5814=ORIENTED_EDGE('',*,*,#7102,.F.);
#5815=ORIENTED_EDGE('',*,*,#7100,.F.);
#5816=ORIENTED_EDGE('',*,*,#7098,.F.);
#5817=ORIENTED_EDGE('',*,*,#7096,.F.);
#5818=ORIENTED_EDGE('',*,*,#7094,.F.);
#5819=ORIENTED_EDGE('',*,*,#7092,.F.);
#5820=ORIENTED_EDGE('',*,*,#7090,.F.);
#5821=ORIENTED_EDGE('',*,*,#7088,.F.);
#5822=ORIENTED_EDGE('',*,*,#7086,.F.);
#5823=ORIENTED_EDGE('',*,*,#7084,.F.);
#5824=ORIENTED_EDGE('',*,*,#7082,.F.);
#5825=ORIENTED_EDGE('',*,*,#7080,.F.);
#5826=ORIENTED_EDGE('',*,*,#7078,.F.);
#5827=ORIENTED_EDGE('',*,*,#7076,.F.);
#5828=ORIENTED_EDGE('',*,*,#7074,.F.);
#5829=CARTESIAN_POINT('',(2.55379304630238,-1.25,-1.02872088326152));
#5830=DIRECTION('',(0.0,-1.0,0.0));
#5831=DIRECTION('',(0.0,0.0,-1.0));
#5832=ORIENTED_EDGE('',*,*,#7103,.T.);
#5833=ORIENTED_EDGE('',*,*,#7104,.T.);
#5834=ORIENTED_EDGE('',*,*,#7105,.F.);
#5835=ORIENTED_EDGE('',*,*,#6758,.F.);
#5836=CARTESIAN_POINT('',(2.72149292836039,-1.35,-1.04001502206206));
#5837=DIRECTION('',(-1.0,0.0,0.0));
#5838=DIRECTION('',(0.0,0.0,1.0));
#5839=ORIENTED_EDGE('',*,*,#7105,.T.);
#5840=ORIENTED_EDGE('',*,*,#7106,.T.);
#5841=ORIENTED_EDGE('',*,*,#7107,.F.);
#5842=ORIENTED_EDGE('',*,*,#6759,.F.);
#5843=CARTESIAN_POINT('',(2.72149292836039,-1.35,-1.13036813246632));
#5844=DIRECTION('',(0.0,0.0,1.0));
#5845=DIRECTION('',(1.0,0.0,0.0));
#5846=ORIENTED_EDGE('',*,*,#7107,.T.);
#5847=ORIENTED_EDGE('',*,*,#7108,.T.);
#5848=ORIENTED_EDGE('',*,*,#7109,.F.);
#5849=ORIENTED_EDGE('',*,*,#6760,.F.);
#5850=CARTESIAN_POINT('',(2.70617884185119,-1.35,-1.13036813246632));
#5851=DIRECTION('',(1.0,0.0,0.0));
#5852=DIRECTION('',(0.0,1.0,0.0));
#5853=ORIENTED_EDGE('',*,*,#7109,.T.);
#5854=ORIENTED_EDGE('',*,*,#7110,.T.);
#5855=ORIENTED_EDGE('',*,*,#7103,.F.);
#5856=ORIENTED_EDGE('',*,*,#6761,.F.);
#5857=CARTESIAN_POINT('',(2.70617884185119,-1.35,-1.04001502206206));
#5858=DIRECTION('',(0.0,0.0,-1.0));
#5859=DIRECTION('',(0.0,-1.0,0.0));
#5860=ORIENTED_EDGE('',*,*,#7110,.F.);
#5861=ORIENTED_EDGE('',*,*,#7108,.F.);
#5862=ORIENTED_EDGE('',*,*,#7106,.F.);
#5863=ORIENTED_EDGE('',*,*,#7104,.F.);
#5864=CARTESIAN_POINT('',(2.70617884185119,-1.25,-1.04001502206206));
#5865=DIRECTION('',(0.0,-1.0,0.0));
#5866=DIRECTION('',(0.0,0.0,-1.0));
#5867=ORIENTED_EDGE('',*,*,#7111,.T.);
#5868=ORIENTED_EDGE('',*,*,#7112,.T.);
#5869=ORIENTED_EDGE('',*,*,#7113,.F.);
#5870=ORIENTED_EDGE('',*,*,#6762,.F.);
#5871=ORIENTED_EDGE('',*,*,#7113,.T.);
#5872=ORIENTED_EDGE('',*,*,#7114,.T.);
#5873=ORIENTED_EDGE('',*,*,#7115,.F.);
#5874=ORIENTED_EDGE('',*,*,#6763,.F.);
#5875=ORIENTED_EDGE('',*,*,#7115,.T.);
#5876=ORIENTED_EDGE('',*,*,#7116,.T.);
#5877=ORIENTED_EDGE('',*,*,#7117,.F.);
#5878=ORIENTED_EDGE('',*,*,#6764,.F.);
#5879=ORIENTED_EDGE('',*,*,#7117,.T.);
#5880=ORIENTED_EDGE('',*,*,#7118,.T.);
#5881=ORIENTED_EDGE('',*,*,#7119,.F.);
#5882=ORIENTED_EDGE('',*,*,#6765,.F.);
#5883=ORIENTED_EDGE('',*,*,#7119,.T.);
#5884=ORIENTED_EDGE('',*,*,#7120,.T.);
#5885=ORIENTED_EDGE('',*,*,#7121,.F.);
#5886=ORIENTED_EDGE('',*,*,#6766,.F.);
#5887=ORIENTED_EDGE('',*,*,#7121,.T.);
#5888=ORIENTED_EDGE('',*,*,#7122,.T.);
#5889=ORIENTED_EDGE('',*,*,#7123,.F.);
#5890=ORIENTED_EDGE('',*,*,#6767,.F.);
#5891=ORIENTED_EDGE('',*,*,#7123,.T.);
#5892=ORIENTED_EDGE('',*,*,#7124,.T.);
#5893=ORIENTED_EDGE('',*,*,#7125,.F.);
#5894=ORIENTED_EDGE('',*,*,#6768,.F.);
#5895=ORIENTED_EDGE('',*,*,#7125,.T.);
#5896=ORIENTED_EDGE('',*,*,#7126,.T.);
#5897=ORIENTED_EDGE('',*,*,#7127,.F.);
#5898=ORIENTED_EDGE('',*,*,#6769,.F.);
#5899=ORIENTED_EDGE('',*,*,#7127,.T.);
#5900=ORIENTED_EDGE('',*,*,#7128,.T.);
#5901=ORIENTED_EDGE('',*,*,#7129,.F.);
#5902=ORIENTED_EDGE('',*,*,#6770,.F.);
#5903=ORIENTED_EDGE('',*,*,#7129,.T.);
#5904=ORIENTED_EDGE('',*,*,#7130,.T.);
#5905=ORIENTED_EDGE('',*,*,#7131,.F.);
#5906=ORIENTED_EDGE('',*,*,#6771,.F.);
#5907=ORIENTED_EDGE('',*,*,#7131,.T.);
#5908=ORIENTED_EDGE('',*,*,#7132,.T.);
#5909=ORIENTED_EDGE('',*,*,#7133,.F.);
#5910=ORIENTED_EDGE('',*,*,#6772,.F.);
#5911=ORIENTED_EDGE('',*,*,#7133,.T.);
#5912=ORIENTED_EDGE('',*,*,#7134,.T.);
#5913=ORIENTED_EDGE('',*,*,#7135,.F.);
#5914=ORIENTED_EDGE('',*,*,#6773,.F.);
#5915=ORIENTED_EDGE('',*,*,#7135,.T.);
#5916=ORIENTED_EDGE('',*,*,#7136,.T.);
#5917=ORIENTED_EDGE('',*,*,#7137,.F.);
#5918=ORIENTED_EDGE('',*,*,#6774,.F.);
#5919=ORIENTED_EDGE('',*,*,#7137,.T.);
#5920=ORIENTED_EDGE('',*,*,#7138,.T.);
#5921=ORIENTED_EDGE('',*,*,#7111,.F.);
#5922=ORIENTED_EDGE('',*,*,#6775,.F.);
#5923=ORIENTED_EDGE('',*,*,#7138,.F.);
#5924=ORIENTED_EDGE('',*,*,#7136,.F.);
#5925=ORIENTED_EDGE('',*,*,#7134,.F.);
#5926=ORIENTED_EDGE('',*,*,#7132,.F.);
#5927=ORIENTED_EDGE('',*,*,#7130,.F.);
#5928=ORIENTED_EDGE('',*,*,#7128,.F.);
#5929=ORIENTED_EDGE('',*,*,#7126,.F.);
#5930=ORIENTED_EDGE('',*,*,#7124,.F.);
#5931=ORIENTED_EDGE('',*,*,#7122,.F.);
#5932=ORIENTED_EDGE('',*,*,#7120,.F.);
#5933=ORIENTED_EDGE('',*,*,#7118,.F.);
#5934=ORIENTED_EDGE('',*,*,#7116,.F.);
#5935=ORIENTED_EDGE('',*,*,#7114,.F.);
#5936=ORIENTED_EDGE('',*,*,#7112,.F.);
#5937=CARTESIAN_POINT('',(2.73087280634727,-1.25,-0.99306245821615));
#5938=DIRECTION('',(0.0,-1.0,0.0));
#5939=DIRECTION('',(0.0,0.0,-1.0));
#5940=ORIENTED_EDGE('',*,*,#7139,.T.);
#5941=ORIENTED_EDGE('',*,*,#7140,.T.);
#5942=ORIENTED_EDGE('',*,*,#7141,.F.);
#5943=ORIENTED_EDGE('',*,*,#6776,.F.);
#5944=ORIENTED_EDGE('',*,*,#7141,.T.);
#5945=ORIENTED_EDGE('',*,*,#7142,.T.);
#5946=ORIENTED_EDGE('',*,*,#7143,.F.);
#5947=ORIENTED_EDGE('',*,*,#6777,.F.);
#5948=ORIENTED_EDGE('',*,*,#7143,.T.);
#5949=ORIENTED_EDGE('',*,*,#7144,.T.);
#5950=ORIENTED_EDGE('',*,*,#7145,.F.);
#5951=ORIENTED_EDGE('',*,*,#6778,.F.);
#5952=ORIENTED_EDGE('',*,*,#7145,.T.);
#5953=ORIENTED_EDGE('',*,*,#7146,.T.);
#5954=ORIENTED_EDGE('',*,*,#7139,.F.);
#5955=ORIENTED_EDGE('',*,*,#6779,.F.);
#5956=ORIENTED_EDGE('',*,*,#7146,.F.);
#5957=ORIENTED_EDGE('',*,*,#7144,.F.);
#5958=ORIENTED_EDGE('',*,*,#7142,.F.);
#5959=ORIENTED_EDGE('',*,*,#7140,.F.);
#5960=CARTESIAN_POINT('',(2.78623215734789,-1.25,-1.01995611204618));
#5961=DIRECTION('',(0.0,-1.0,0.0));
#5962=DIRECTION('',(0.0,0.0,-1.0));
#5963=ORIENTED_EDGE('',*,*,#7147,.T.);
#5964=ORIENTED_EDGE('',*,*,#7148,.T.);
#5965=ORIENTED_EDGE('',*,*,#7149,.F.);
#5966=ORIENTED_EDGE('',*,*,#6780,.F.);
#5967=ORIENTED_EDGE('',*,*,#7149,.T.);
#5968=ORIENTED_EDGE('',*,*,#7150,.T.);
#5969=ORIENTED_EDGE('',*,*,#7151,.F.);
#5970=ORIENTED_EDGE('',*,*,#6781,.F.);
#5971=ORIENTED_EDGE('',*,*,#7151,.T.);
#5972=ORIENTED_EDGE('',*,*,#7152,.T.);
#5973=ORIENTED_EDGE('',*,*,#7153,.F.);
#5974=ORIENTED_EDGE('',*,*,#6782,.F.);
#5975=ORIENTED_EDGE('',*,*,#7153,.T.);
#5976=ORIENTED_EDGE('',*,*,#7154,.T.);
#5977=ORIENTED_EDGE('',*,*,#7155,.F.);
#5978=ORIENTED_EDGE('',*,*,#6783,.F.);
#5979=ORIENTED_EDGE('',*,*,#7155,.T.);
#5980=ORIENTED_EDGE('',*,*,#7156,.T.);
#5981=ORIENTED_EDGE('',*,*,#7157,.F.);
#5982=ORIENTED_EDGE('',*,*,#6784,.F.);
#5983=ORIENTED_EDGE('',*,*,#7157,.T.);
#5984=ORIENTED_EDGE('',*,*,#7158,.T.);
#5985=ORIENTED_EDGE('',*,*,#7159,.F.);
#5986=ORIENTED_EDGE('',*,*,#6785,.F.);
#5987=ORIENTED_EDGE('',*,*,#7159,.T.);
#5988=ORIENTED_EDGE('',*,*,#7160,.T.);
#5989=ORIENTED_EDGE('',*,*,#7161,.F.);
#5990=ORIENTED_EDGE('',*,*,#6786,.F.);
#5991=ORIENTED_EDGE('',*,*,#7161,.T.);
#5992=ORIENTED_EDGE('',*,*,#7162,.T.);
#5993=ORIENTED_EDGE('',*,*,#7163,.F.);
#5994=ORIENTED_EDGE('',*,*,#6787,.F.);
#5995=ORIENTED_EDGE('',*,*,#7163,.T.);
#5996=ORIENTED_EDGE('',*,*,#7164,.T.);
#5997=ORIENTED_EDGE('',*,*,#7165,.F.);
#5998=ORIENTED_EDGE('',*,*,#6788,.F.);
#5999=ORIENTED_EDGE('',*,*,#7165,.T.);
#6000=ORIENTED_EDGE('',*,*,#7166,.T.);
#6001=ORIENTED_EDGE('',*,*,#7147,.F.);
#6002=ORIENTED_EDGE('',*,*,#6789,.F.);
#6003=ORIENTED_EDGE('',*,*,#7166,.F.);
#6004=ORIENTED_EDGE('',*,*,#7164,.F.);
#6005=ORIENTED_EDGE('',*,*,#7162,.F.);
#6006=ORIENTED_EDGE('',*,*,#7160,.F.);
#6007=ORIENTED_EDGE('',*,*,#7158,.F.);
#6008=ORIENTED_EDGE('',*,*,#7156,.F.);
#6009=ORIENTED_EDGE('',*,*,#7154,.F.);
#6010=ORIENTED_EDGE('',*,*,#7152,.F.);
#6011=ORIENTED_EDGE('',*,*,#7150,.F.);
#6012=ORIENTED_EDGE('',*,*,#7148,.F.);
#6013=CARTESIAN_POINT('',(2.8711349500763,-1.25,-0.990052814825803));
#6014=DIRECTION('',(0.0,-1.0,0.0));
#6015=DIRECTION('',(0.0,0.0,-1.0));
#6016=ORIENTED_EDGE('',*,*,#7167,.T.);
#6017=ORIENTED_EDGE('',*,*,#7168,.T.);
#6018=ORIENTED_EDGE('',*,*,#7169,.F.);
#6019=ORIENTED_EDGE('',*,*,#6790,.F.);
#6020=ORIENTED_EDGE('',*,*,#7169,.T.);
#6021=ORIENTED_EDGE('',*,*,#7170,.T.);
#6022=ORIENTED_EDGE('',*,*,#7171,.F.);
#6023=ORIENTED_EDGE('',*,*,#6791,.F.);
#6024=ORIENTED_EDGE('',*,*,#7171,.T.);
#6025=ORIENTED_EDGE('',*,*,#7172,.T.);
#6026=ORIENTED_EDGE('',*,*,#7173,.F.);
#6027=ORIENTED_EDGE('',*,*,#6792,.F.);
#6028=ORIENTED_EDGE('',*,*,#7173,.T.);
#6029=ORIENTED_EDGE('',*,*,#7174,.T.);
#6030=ORIENTED_EDGE('',*,*,#7167,.F.);
#6031=ORIENTED_EDGE('',*,*,#6793,.F.);
#6032=ORIENTED_EDGE('',*,*,#7174,.F.);
#6033=ORIENTED_EDGE('',*,*,#7172,.F.);
#6034=ORIENTED_EDGE('',*,*,#7170,.F.);
#6035=ORIENTED_EDGE('',*,*,#7168,.F.);
#6036=CARTESIAN_POINT('',(3.07771320048924,-1.25,-0.971548772830924));
#6037=DIRECTION('',(0.0,-1.0,0.0));
#6038=DIRECTION('',(0.0,0.0,-1.0));
#6039=ORIENTED_EDGE('',*,*,#7175,.T.);
#6040=ORIENTED_EDGE('',*,*,#7176,.T.);
#6041=ORIENTED_EDGE('',*,*,#7177,.F.);
#6042=ORIENTED_EDGE('',*,*,#6794,.F.);
#6043=CARTESIAN_POINT('',(2.72149292836039,-1.35,-1.00564340567475));
#6044=DIRECTION('',(-1.0,0.0,0.0));
#6045=DIRECTION('',(0.0,0.0,1.0));
#6046=ORIENTED_EDGE('',*,*,#7177,.T.);
#6047=ORIENTED_EDGE('',*,*,#7178,.T.);
#6048=ORIENTED_EDGE('',*,*,#7179,.F.);
#6049=ORIENTED_EDGE('',*,*,#6795,.F.);
#6050=CARTESIAN_POINT('',(2.72149292836039,-1.35,-1.02325460516033));
#6051=DIRECTION('',(0.0,0.0,1.0));
#6052=DIRECTION('',(1.0,0.0,0.0));
#6053=ORIENTED_EDGE('',*,*,#7179,.T.);
#6054=ORIENTED_EDGE('',*,*,#7180,.T.);
#6055=ORIENTED_EDGE('',*,*,#7181,.F.);
#6056=ORIENTED_EDGE('',*,*,#6796,.F.);
#6057=CARTESIAN_POINT('',(2.70617884185119,-1.35,-1.02325460516033));
#6058=DIRECTION('',(1.0,0.0,0.0));
#6059=DIRECTION('',(0.0,1.0,0.0));
#6060=ORIENTED_EDGE('',*,*,#7181,.T.);
#6061=ORIENTED_EDGE('',*,*,#7182,.T.);
#6062=ORIENTED_EDGE('',*,*,#7175,.F.);
#6063=ORIENTED_EDGE('',*,*,#6797,.F.);
#6064=CARTESIAN_POINT('',(2.70617884185119,-1.35,-1.00564340567475));
#6065=DIRECTION('',(0.0,0.0,-1.0));
#6066=DIRECTION('',(0.0,-1.0,0.0));
#6067=ORIENTED_EDGE('',*,*,#7182,.F.);
#6068=ORIENTED_EDGE('',*,*,#7180,.F.);
#6069=ORIENTED_EDGE('',*,*,#7178,.F.);
#6070=ORIENTED_EDGE('',*,*,#7176,.F.);
#6071=CARTESIAN_POINT('',(2.70617884185119,-1.25,-1.00564340567475));
#6072=DIRECTION('',(0.0,-1.0,0.0));
#6073=DIRECTION('',(0.0,0.0,-1.0));
#6074=ORIENTED_EDGE('',*,*,#7183,.T.);
#6075=ORIENTED_EDGE('',*,*,#7184,.T.);
#6076=ORIENTED_EDGE('',*,*,#7185,.F.);
#6077=ORIENTED_EDGE('',*,*,#6798,.F.);
#6078=ORIENTED_EDGE('',*,*,#7185,.T.);
#6079=ORIENTED_EDGE('',*,*,#7186,.T.);
#6080=ORIENTED_EDGE('',*,*,#7187,.F.);
#6081=ORIENTED_EDGE('',*,*,#6799,.F.);
#6082=ORIENTED_EDGE('',*,*,#7187,.T.);
#6083=ORIENTED_EDGE('',*,*,#7188,.T.);
#6084=ORIENTED_EDGE('',*,*,#7189,.F.);
#6085=ORIENTED_EDGE('',*,*,#6800,.F.);
#6086=ORIENTED_EDGE('',*,*,#7189,.T.);
#6087=ORIENTED_EDGE('',*,*,#7190,.T.);
#6088=ORIENTED_EDGE('',*,*,#7191,.F.);
#6089=ORIENTED_EDGE('',*,*,#6801,.F.);
#6090=ORIENTED_EDGE('',*,*,#7191,.T.);
#6091=ORIENTED_EDGE('',*,*,#7192,.T.);
#6092=ORIENTED_EDGE('',*,*,#7193,.F.);
#6093=ORIENTED_EDGE('',*,*,#6802,.F.);
#6094=ORIENTED_EDGE('',*,*,#7193,.T.);
#6095=ORIENTED_EDGE('',*,*,#7194,.T.);
#6096=ORIENTED_EDGE('',*,*,#7195,.F.);
#6097=ORIENTED_EDGE('',*,*,#6803,.F.);
#6098=ORIENTED_EDGE('',*,*,#7195,.T.);
#6099=ORIENTED_EDGE('',*,*,#7196,.T.);
#6100=ORIENTED_EDGE('',*,*,#7197,.F.);
#6101=ORIENTED_EDGE('',*,*,#6804,.F.);
#6102=ORIENTED_EDGE('',*,*,#7197,.T.);
#6103=ORIENTED_EDGE('',*,*,#7198,.T.);
#6104=ORIENTED_EDGE('',*,*,#7199,.F.);
#6105=ORIENTED_EDGE('',*,*,#6805,.F.);
#6106=ORIENTED_EDGE('',*,*,#7199,.T.);
#6107=ORIENTED_EDGE('',*,*,#7200,.T.);
#6108=ORIENTED_EDGE('',*,*,#7201,.F.);
#6109=ORIENTED_EDGE('',*,*,#6806,.F.);
#6110=ORIENTED_EDGE('',*,*,#7201,.T.);
#6111=ORIENTED_EDGE('',*,*,#7202,.T.);
#6112=ORIENTED_EDGE('',*,*,#7183,.F.);
#6113=ORIENTED_EDGE('',*,*,#6807,.F.);
#6114=ORIENTED_EDGE('',*,*,#7202,.F.);
#6115=ORIENTED_EDGE('',*,*,#7200,.F.);
#6116=ORIENTED_EDGE('',*,*,#7198,.F.);
#6117=ORIENTED_EDGE('',*,*,#7196,.F.);
#6118=ORIENTED_EDGE('',*,*,#7194,.F.);
#6119=ORIENTED_EDGE('',*,*,#7192,.F.);
#6120=ORIENTED_EDGE('',*,*,#7190,.F.);
#6121=ORIENTED_EDGE('',*,*,#7188,.F.);
#6122=ORIENTED_EDGE('',*,*,#7186,.F.);
#6123=ORIENTED_EDGE('',*,*,#7184,.F.);
#6124=CARTESIAN_POINT('',(3.28761429443265,-1.25,-1.02642377028515));
#6125=DIRECTION('',(0.0,-1.0,0.0));
#6126=DIRECTION('',(0.0,0.0,-1.0));
#6127=ORIENTED_EDGE('',*,*,#7203,.T.);
#6128=ORIENTED_EDGE('',*,*,#7204,.T.);
#6129=ORIENTED_EDGE('',*,*,#7205,.F.);
#6130=ORIENTED_EDGE('',*,*,#6808,.F.);
#6131=ORIENTED_EDGE('',*,*,#7205,.T.);
#6132=ORIENTED_EDGE('',*,*,#7206,.T.);
#6133=ORIENTED_EDGE('',*,*,#7207,.F.);
#6134=ORIENTED_EDGE('',*,*,#6809,.F.);
#6135=ORIENTED_EDGE('',*,*,#7207,.T.);
#6136=ORIENTED_EDGE('',*,*,#7208,.T.);
#6137=ORIENTED_EDGE('',*,*,#7209,.F.);
#6138=ORIENTED_EDGE('',*,*,#6810,.F.);
#6139=ORIENTED_EDGE('',*,*,#7209,.T.);
#6140=ORIENTED_EDGE('',*,*,#7210,.T.);
#6141=ORIENTED_EDGE('',*,*,#7211,.F.);
#6142=ORIENTED_EDGE('',*,*,#6811,.F.);
#6143=ORIENTED_EDGE('',*,*,#7211,.T.);
#6144=ORIENTED_EDGE('',*,*,#7212,.T.);
#6145=ORIENTED_EDGE('',*,*,#7213,.F.);
#6146=ORIENTED_EDGE('',*,*,#6812,.F.);
#6147=ORIENTED_EDGE('',*,*,#7213,.T.);
#6148=ORIENTED_EDGE('',*,*,#7214,.T.);
#6149=ORIENTED_EDGE('',*,*,#7215,.F.);
#6150=ORIENTED_EDGE('',*,*,#6813,.F.);
#6151=ORIENTED_EDGE('',*,*,#7215,.T.);
#6152=ORIENTED_EDGE('',*,*,#7216,.T.);
#6153=ORIENTED_EDGE('',*,*,#7217,.F.);
#6154=ORIENTED_EDGE('',*,*,#6814,.F.);
#6155=ORIENTED_EDGE('',*,*,#7217,.T.);
#6156=ORIENTED_EDGE('',*,*,#7218,.T.);
#6157=ORIENTED_EDGE('',*,*,#7219,.F.);
#6158=ORIENTED_EDGE('',*,*,#6815,.F.);
#6159=ORIENTED_EDGE('',*,*,#7219,.T.);
#6160=ORIENTED_EDGE('',*,*,#7220,.T.);
#6161=ORIENTED_EDGE('',*,*,#7221,.F.);
#6162=ORIENTED_EDGE('',*,*,#6816,.F.);
#6163=ORIENTED_EDGE('',*,*,#7221,.T.);
#6164=ORIENTED_EDGE('',*,*,#7222,.T.);
#6165=ORIENTED_EDGE('',*,*,#7203,.F.);
#6166=ORIENTED_EDGE('',*,*,#6817,.F.);
#6167=ORIENTED_EDGE('',*,*,#7222,.F.);
#6168=ORIENTED_EDGE('',*,*,#7220,.F.);
#6169=ORIENTED_EDGE('',*,*,#7218,.F.);
#6170=ORIENTED_EDGE('',*,*,#7216,.F.);
#6171=ORIENTED_EDGE('',*,*,#7214,.F.);
#6172=ORIENTED_EDGE('',*,*,#7212,.F.);
#6173=ORIENTED_EDGE('',*,*,#7210,.F.);
#6174=ORIENTED_EDGE('',*,*,#7208,.F.);
#6175=ORIENTED_EDGE('',*,*,#7206,.F.);
#6176=ORIENTED_EDGE('',*,*,#7204,.F.);
#6177=CARTESIAN_POINT('',(3.38451843073251,-1.25,-1.02642377028515));
#6178=DIRECTION('',(0.0,-1.0,0.0));
#6179=DIRECTION('',(0.0,0.0,-1.0));
#6180=ORIENTED_EDGE('',*,*,#7223,.T.);
#6181=ORIENTED_EDGE('',*,*,#7224,.T.);
#6182=ORIENTED_EDGE('',*,*,#7225,.F.);
#6183=ORIENTED_EDGE('',*,*,#6818,.F.);
#6184=ORIENTED_EDGE('',*,*,#7225,.T.);
#6185=ORIENTED_EDGE('',*,*,#7226,.T.);
#6186=ORIENTED_EDGE('',*,*,#7227,.F.);
#6187=ORIENTED_EDGE('',*,*,#6819,.F.);
#6188=ORIENTED_EDGE('',*,*,#7227,.T.);
#6189=ORIENTED_EDGE('',*,*,#7228,.T.);
#6190=ORIENTED_EDGE('',*,*,#7229,.F.);
#6191=ORIENTED_EDGE('',*,*,#6820,.F.);
#6192=ORIENTED_EDGE('',*,*,#7229,.T.);
#6193=ORIENTED_EDGE('',*,*,#7230,.T.);
#6194=ORIENTED_EDGE('',*,*,#7223,.F.);
#6195=ORIENTED_EDGE('',*,*,#6821,.F.);
#6196=ORIENTED_EDGE('',*,*,#7231,.T.);
#6197=ORIENTED_EDGE('',*,*,#7232,.T.);
#6198=ORIENTED_EDGE('',*,*,#7233,.F.);
#6199=ORIENTED_EDGE('',*,*,#7234,.F.);
#6200=ORIENTED_EDGE('',*,*,#7233,.T.);
#6201=ORIENTED_EDGE('',*,*,#7235,.T.);
#6202=ORIENTED_EDGE('',*,*,#7231,.F.);
#6203=ORIENTED_EDGE('',*,*,#7236,.F.);
#6204=ORIENTED_EDGE('',*,*,#7230,.F.);
#6205=ORIENTED_EDGE('',*,*,#7228,.F.);
#6206=ORIENTED_EDGE('',*,*,#7226,.F.);
#6207=ORIENTED_EDGE('',*,*,#7224,.F.);
#6208=ORIENTED_EDGE('',*,*,#7235,.F.);
#6209=ORIENTED_EDGE('',*,*,#7232,.F.);
#6210=CARTESIAN_POINT('',(3.47508423678273,-1.25,-1.02616853550999));
#6211=DIRECTION('',(0.0,-1.0,0.0));
#6212=DIRECTION('',(0.0,0.0,-1.0));
#6213=ORIENTED_EDGE('',*,*,#7236,.T.);
#6214=ORIENTED_EDGE('',*,*,#7234,.T.);
#6215=CARTESIAN_POINT('',(4.85,-1.35,0.0));
#6216=DIRECTION('',(0.0,-1.0,0.0));
#6217=DIRECTION('',(0.0,0.0,-1.0));
#6218=ORIENTED_EDGE('',*,*,#7237,.T.);
#6219=ORIENTED_EDGE('',*,*,#7238,.T.);
#6220=ORIENTED_EDGE('',*,*,#7239,.F.);
#6221=ORIENTED_EDGE('',*,*,#6822,.F.);
#6222=ORIENTED_EDGE('',*,*,#7239,.T.);
#6223=ORIENTED_EDGE('',*,*,#7240,.T.);
#6224=ORIENTED_EDGE('',*,*,#7241,.F.);
#6225=ORIENTED_EDGE('',*,*,#6823,.F.);
#6226=ORIENTED_EDGE('',*,*,#7241,.T.);
#6227=ORIENTED_EDGE('',*,*,#7242,.T.);
#6228=ORIENTED_EDGE('',*,*,#7243,.F.);
#6229=ORIENTED_EDGE('',*,*,#6824,.F.);
#6230=ORIENTED_EDGE('',*,*,#7243,.T.);
#6231=ORIENTED_EDGE('',*,*,#7244,.T.);
#6232=ORIENTED_EDGE('',*,*,#7237,.F.);
#6233=ORIENTED_EDGE('',*,*,#6825,.F.);
#6234=ORIENTED_EDGE('',*,*,#7244,.F.);
#6235=ORIENTED_EDGE('',*,*,#7242,.F.);
#6236=ORIENTED_EDGE('',*,*,#7240,.F.);
#6237=ORIENTED_EDGE('',*,*,#7238,.F.);
#6238=CARTESIAN_POINT('',(3.5805227776249,-1.25,-1.01995611204618));
#6239=DIRECTION('',(0.0,-1.0,0.0));
#6240=DIRECTION('',(0.0,0.0,-1.0));
#6241=ORIENTED_EDGE('',*,*,#7245,.T.);
#6242=ORIENTED_EDGE('',*,*,#7246,.T.);
#6243=ORIENTED_EDGE('',*,*,#7247,.F.);
#6244=ORIENTED_EDGE('',*,*,#6826,.F.);
#6245=ORIENTED_EDGE('',*,*,#7247,.T.);
#6246=ORIENTED_EDGE('',*,*,#7248,.T.);
#6247=ORIENTED_EDGE('',*,*,#7249,.F.);
#6248=ORIENTED_EDGE('',*,*,#6827,.F.);
#6249=ORIENTED_EDGE('',*,*,#7249,.T.);
#6250=ORIENTED_EDGE('',*,*,#7250,.T.);
#6251=ORIENTED_EDGE('',*,*,#7251,.F.);
#6252=ORIENTED_EDGE('',*,*,#6828,.F.);
#6253=ORIENTED_EDGE('',*,*,#7251,.T.);
#6254=ORIENTED_EDGE('',*,*,#7252,.T.);
#6255=ORIENTED_EDGE('',*,*,#7253,.F.);
#6256=ORIENTED_EDGE('',*,*,#6829,.F.);
#6257=ORIENTED_EDGE('',*,*,#7253,.T.);
#6258=ORIENTED_EDGE('',*,*,#7254,.T.);
#6259=ORIENTED_EDGE('',*,*,#7255,.F.);
#6260=ORIENTED_EDGE('',*,*,#6830,.F.);
#6261=ORIENTED_EDGE('',*,*,#7255,.T.);
#6262=ORIENTED_EDGE('',*,*,#7256,.T.);
#6263=ORIENTED_EDGE('',*,*,#7257,.F.);
#6264=ORIENTED_EDGE('',*,*,#6831,.F.);
#6265=ORIENTED_EDGE('',*,*,#7257,.T.);
#6266=ORIENTED_EDGE('',*,*,#7258,.T.);
#6267=ORIENTED_EDGE('',*,*,#7259,.F.);
#6268=ORIENTED_EDGE('',*,*,#6832,.F.);
#6269=ORIENTED_EDGE('',*,*,#7259,.T.);
#6270=ORIENTED_EDGE('',*,*,#7260,.T.);
#6271=ORIENTED_EDGE('',*,*,#7261,.F.);
#6272=ORIENTED_EDGE('',*,*,#6833,.F.);
#6273=ORIENTED_EDGE('',*,*,#7261,.T.);
#6274=ORIENTED_EDGE('',*,*,#7262,.T.);
#6275=ORIENTED_EDGE('',*,*,#7263,.F.);
#6276=ORIENTED_EDGE('',*,*,#6834,.F.);
#6277=ORIENTED_EDGE('',*,*,#7263,.T.);
#6278=ORIENTED_EDGE('',*,*,#7264,.T.);
#6279=ORIENTED_EDGE('',*,*,#7265,.F.);
#6280=ORIENTED_EDGE('',*,*,#6835,.F.);
#6281=ORIENTED_EDGE('',*,*,#7265,.T.);
#6282=ORIENTED_EDGE('',*,*,#7266,.T.);
#6283=ORIENTED_EDGE('',*,*,#7267,.F.);
#6284=ORIENTED_EDGE('',*,*,#6836,.F.);
#6285=ORIENTED_EDGE('',*,*,#7267,.T.);
#6286=ORIENTED_EDGE('',*,*,#7268,.T.);
#6287=ORIENTED_EDGE('',*,*,#7269,.F.);
#6288=ORIENTED_EDGE('',*,*,#6837,.F.);
#6289=ORIENTED_EDGE('',*,*,#7269,.T.);
#6290=ORIENTED_EDGE('',*,*,#7270,.T.);
#6291=ORIENTED_EDGE('',*,*,#7271,.F.);
#6292=ORIENTED_EDGE('',*,*,#6838,.F.);
#6293=ORIENTED_EDGE('',*,*,#7271,.T.);
#6294=ORIENTED_EDGE('',*,*,#7272,.T.);
#6295=ORIENTED_EDGE('',*,*,#7245,.F.);
#6296=ORIENTED_EDGE('',*,*,#6839,.F.);
#6297=ORIENTED_EDGE('',*,*,#7272,.F.);
#6298=ORIENTED_EDGE('',*,*,#7270,.F.);
#6299=ORIENTED_EDGE('',*,*,#7268,.F.);
#6300=ORIENTED_EDGE('',*,*,#7266,.F.);
#6301=ORIENTED_EDGE('',*,*,#7264,.F.);
#6302=ORIENTED_EDGE('',*,*,#7262,.F.);
#6303=ORIENTED_EDGE('',*,*,#7260,.F.);
#6304=ORIENTED_EDGE('',*,*,#7258,.F.);
#6305=ORIENTED_EDGE('',*,*,#7256,.F.);
#6306=ORIENTED_EDGE('',*,*,#7254,.F.);
#6307=ORIENTED_EDGE('',*,*,#7252,.F.);
#6308=ORIENTED_EDGE('',*,*,#7250,.F.);
#6309=ORIENTED_EDGE('',*,*,#7248,.F.);
#6310=ORIENTED_EDGE('',*,*,#7246,.F.);
#6311=CARTESIAN_POINT('',(3.66069309223065,-1.25,-0.99306245821615));
#6312=DIRECTION('',(0.0,-1.0,0.0));
#6313=DIRECTION('',(0.0,0.0,-1.0));
#6314=ORIENTED_EDGE('',*,*,#7273,.T.);
#6315=ORIENTED_EDGE('',*,*,#7274,.T.);
#6316=ORIENTED_EDGE('',*,*,#7275,.F.);
#6317=ORIENTED_EDGE('',*,*,#6840,.F.);
#6318=ORIENTED_EDGE('',*,*,#7275,.T.);
#6319=ORIENTED_EDGE('',*,*,#7276,.T.);
#6320=ORIENTED_EDGE('',*,*,#7277,.F.);
#6321=ORIENTED_EDGE('',*,*,#6841,.F.);
#6322=ORIENTED_EDGE('',*,*,#7277,.T.);
#6323=ORIENTED_EDGE('',*,*,#7278,.T.);
#6324=ORIENTED_EDGE('',*,*,#7279,.F.);
#6325=ORIENTED_EDGE('',*,*,#6842,.F.);
#6326=ORIENTED_EDGE('',*,*,#7279,.T.);
#6327=ORIENTED_EDGE('',*,*,#7280,.T.);
#6328=ORIENTED_EDGE('',*,*,#7281,.F.);
#6329=ORIENTED_EDGE('',*,*,#6843,.F.);
#6330=ORIENTED_EDGE('',*,*,#7281,.T.);
#6331=ORIENTED_EDGE('',*,*,#7282,.T.);
#6332=ORIENTED_EDGE('',*,*,#7283,.F.);
#6333=ORIENTED_EDGE('',*,*,#6844,.F.);
#6334=ORIENTED_EDGE('',*,*,#7283,.T.);
#6335=ORIENTED_EDGE('',*,*,#7284,.T.);
#6336=ORIENTED_EDGE('',*,*,#7285,.F.);
#6337=ORIENTED_EDGE('',*,*,#6845,.F.);
#6338=ORIENTED_EDGE('',*,*,#7285,.T.);
#6339=ORIENTED_EDGE('',*,*,#7286,.T.);
#6340=ORIENTED_EDGE('',*,*,#7287,.F.);
#6341=ORIENTED_EDGE('',*,*,#6846,.F.);
#6342=ORIENTED_EDGE('',*,*,#7287,.T.);
#6343=ORIENTED_EDGE('',*,*,#7288,.T.);
#6344=ORIENTED_EDGE('',*,*,#7273,.F.);
#6345=ORIENTED_EDGE('',*,*,#6847,.F.);
#6346=ORIENTED_EDGE('',*,*,#7288,.F.);
#6347=ORIENTED_EDGE('',*,*,#7286,.F.);
#6348=ORIENTED_EDGE('',*,*,#7284,.F.);
#6349=ORIENTED_EDGE('',*,*,#7282,.F.);
#6350=ORIENTED_EDGE('',*,*,#7280,.F.);
#6351=ORIENTED_EDGE('',*,*,#7278,.F.);
#6352=ORIENTED_EDGE('',*,*,#7276,.F.);
#6353=ORIENTED_EDGE('',*,*,#7274,.F.);
#6354=CARTESIAN_POINT('',(3.81363189645897,-1.25,-1.02642377028515));
#6355=DIRECTION('',(0.0,-1.0,0.0));
#6356=DIRECTION('',(0.0,0.0,-1.0));
#6357=ORIENTED_EDGE('',*,*,#7043,.T.);
#6358=ORIENTED_EDGE('',*,*,#7048,.T.);
#6359=ORIENTED_EDGE('',*,*,#7041,.F.);
#6360=ORIENTED_EDGE('',*,*,#6734,.F.);
#6361=ORIENTED_EDGE('',*,*,#7047,.T.);
#6362=ORIENTED_EDGE('',*,*,#7049,.T.);
#6363=ORIENTED_EDGE('',*,*,#7045,.F.);
#6364=ORIENTED_EDGE('',*,*,#7050,.F.);
#6365=ORIENTED_EDGE('',*,*,#7053,.T.);
#6366=ORIENTED_EDGE('',*,*,#7058,.T.);
#6367=ORIENTED_EDGE('',*,*,#7051,.F.);
#6368=ORIENTED_EDGE('',*,*,#6736,.F.);
#6369=ORIENTED_EDGE('',*,*,#7057,.T.);
#6370=ORIENTED_EDGE('',*,*,#7059,.T.);
#6371=ORIENTED_EDGE('',*,*,#7055,.F.);
#6372=ORIENTED_EDGE('',*,*,#7060,.F.);
#6373=EDGE_CURVE('',#7289,#7290,#7291,.T.);
#6374=EDGE_CURVE('',#7290,#7289,#7292,.T.);
#6375=EDGE_CURVE('',#7289,#7293,#7294,.T.);
#6376=EDGE_CURVE('',#7295,#7293,#7296,.T.);
#6377=EDGE_CURVE('',#7290,#7295,#7297,.T.);
#6378=EDGE_CURVE('',#7298,#7299,#7300,.T.);
#6379=EDGE_CURVE('',#7299,#7298,#7301,.T.);
#6380=EDGE_CURVE('',#7293,#7299,#7302,.T.);
#6381=EDGE_CURVE('',#7295,#7298,#7303,.T.);
#6382=EDGE_CURVE('',#7293,#7295,#7304,.T.);
#6383=EDGE_CURVE('',#7305,#7306,#7307,.T.);
#6384=EDGE_CURVE('',#7306,#7305,#7308,.T.);
#6385=EDGE_CURVE('',#7305,#7309,#7310,.T.);
#6386=EDGE_CURVE('',#7309,#7311,#7312,.T.);
#6387=EDGE_CURVE('',#7306,#7311,#7313,.T.);
#6388=EDGE_CURVE('',#7314,#7315,#7316,.T.);
#6389=EDGE_CURVE('',#7315,#7314,#7317,.T.);
#6390=EDGE_CURVE('',#7309,#7315,#7318,.T.);
#6391=EDGE_CURVE('',#7311,#7314,#7319,.T.);
#6392=EDGE_CURVE('',#7311,#7309,#7320,.T.);
#6393=EDGE_CURVE('',#7321,#7322,#7323,.T.);
#6394=EDGE_CURVE('',#7324,#7322,#7325,.T.);
#6395=EDGE_CURVE('',#7324,#7326,#7327,.T.);
#6396=EDGE_CURVE('',#7326,#7321,#7328,.T.);
#6397=EDGE_CURVE('',#7329,#7330,#7331,.T.);
#6398=EDGE_CURVE('',#7330,#7332,#7333,.T.);
#6399=EDGE_CURVE('',#7332,#7334,#7335,.T.);
#6400=EDGE_CURVE('',#7334,#7336,#7337,.T.);
#6401=EDGE_CURVE('',#7336,#7338,#7339,.T.);
#6402=EDGE_CURVE('',#7338,#7340,#7341,.T.);
#6403=EDGE_CURVE('',#7340,#7342,#7343,.T.);
#6404=EDGE_CURVE('',#7342,#7344,#7345,.T.);
#6405=EDGE_CURVE('',#7344,#7346,#7347,.T.);
#6406=EDGE_CURVE('',#7346,#7348,#7349,.T.);
#6407=EDGE_CURVE('',#7348,#7350,#7351,.T.);
#6408=EDGE_CURVE('',#7352,#7350,#7353,.T.);
#6409=EDGE_CURVE('',#7352,#7354,#7355,.T.);
#6410=EDGE_CURVE('',#7354,#7329,#7356,.T.);
#6411=EDGE_CURVE('',#7348,#7357,#7358,.T.);
#6412=EDGE_CURVE('',#7357,#7359,#7360,.T.);
#6413=EDGE_CURVE('',#7350,#7359,#7361,.T.);
#6414=EDGE_CURVE('',#7362,#7363,#7364,.T.);
#6415=EDGE_CURVE('',#7363,#7365,#7366,.T.);
#6416=EDGE_CURVE('',#7367,#7365,#7368,.T.);
#6417=EDGE_CURVE('',#7362,#7367,#7369,.T.);
#6418=EDGE_CURVE('',#7370,#7342,#7371,.T.);
#6419=EDGE_CURVE('',#7340,#7372,#7373,.T.);
#6420=EDGE_CURVE('',#7372,#7370,#7374,.T.);
#6421=EDGE_CURVE('',#7375,#7376,#7377,.T.);
#6422=EDGE_CURVE('',#7378,#7376,#7379,.T.);
#6423=EDGE_CURVE('',#7378,#7380,#7381,.T.);
#6424=EDGE_CURVE('',#7380,#7382,#7383,.T.);
#6425=EDGE_CURVE('',#7382,#7384,#7385,.T.);
#6426=EDGE_CURVE('',#7365,#7384,#7386,.T.);
#6427=EDGE_CURVE('',#7363,#7387,#7388,.T.);
#6428=EDGE_CURVE('',#7387,#7389,#7390,.T.);
#6429=EDGE_CURVE('',#7389,#7321,#7391,.T.);
#6430=EDGE_CURVE('',#7326,#7392,#7393,.T.);
#6431=EDGE_CURVE('',#7392,#7394,#7395,.T.);
#6432=EDGE_CURVE('',#7394,#7375,#7396,.T.);
#6433=EDGE_CURVE('',#7397,#7398,#7399,.T.);
#6434=EDGE_CURVE('',#7398,#7400,#7401,.T.);
#6435=EDGE_CURVE('',#7400,#7402,#7403,.T.);
#6436=EDGE_CURVE('',#7404,#7402,#7405,.T.);
#6437=EDGE_CURVE('',#7406,#7404,#7407,.T.);
#6438=EDGE_CURVE('',#7406,#7408,#7409,.T.);
#6439=EDGE_CURVE('',#7408,#7410,#7411,.T.);
#6440=EDGE_CURVE('',#7412,#7410,#7413,.T.);
#6441=EDGE_CURVE('',#7412,#7414,#7415,.T.);
#6442=EDGE_CURVE('',#7416,#7414,#7417,.T.);
#6443=EDGE_CURVE('',#7416,#7418,#7419,.T.);
#6444=EDGE_CURVE('',#7418,#7397,#7420,.T.);
#6445=EDGE_CURVE('',#7376,#7421,#7422,.T.);
#6446=EDGE_CURVE('',#7421,#7418,#7423,.T.);
#6447=EDGE_CURVE('',#7416,#7424,#7425,.T.);
#6448=EDGE_CURVE('',#7424,#7378,#7426,.T.);
#6449=EDGE_CURVE('',#7330,#7427,#7428,.T.);
#6450=EDGE_CURVE('',#7427,#7406,#7429,.T.);
#6451=EDGE_CURVE('',#7404,#7430,#7431,.T.);
#6452=EDGE_CURVE('',#7430,#7332,#7432,.T.);
#6453=EDGE_CURVE('',#7433,#7434,#7435,.T.);
#6454=EDGE_CURVE('',#7436,#7433,#7437,.T.);
#6455=EDGE_CURVE('',#7436,#7438,#7439,.T.);
#6456=EDGE_CURVE('',#7434,#7438,#7440,.T.);
#6457=EDGE_CURVE('',#7441,#7442,#7443,.T.);
#6458=EDGE_CURVE('',#7444,#7441,#7445,.T.);
#6459=EDGE_CURVE('',#7444,#7446,#7447,.T.);
#6460=EDGE_CURVE('',#7448,#7446,#7449,.T.);
#6461=EDGE_CURVE('',#7450,#7448,#7451,.T.);
#6462=EDGE_CURVE('',#7452,#7450,#7453,.T.);
#6463=EDGE_CURVE('',#7454,#7452,#7455,.T.);
#6464=EDGE_CURVE('',#7456,#7454,#7457,.T.);
#6465=EDGE_CURVE('',#7458,#7456,#7459,.T.);
#6466=EDGE_CURVE('',#7460,#7458,#7461,.T.);
#6467=EDGE_CURVE('',#7462,#7460,#7463,.T.);
#6468=EDGE_CURVE('',#7464,#7462,#7465,.T.);
#6469=EDGE_CURVE('',#7466,#7464,#7467,.T.);
#6470=EDGE_CURVE('',#7442,#7466,#7468,.T.);
#6471=EDGE_CURVE('',#7469,#7470,#7471,.T.);
#6472=EDGE_CURVE('',#7470,#7472,#7473,.T.);
#6473=EDGE_CURVE('',#7474,#7472,#7475,.T.);
#6474=EDGE_CURVE('',#7469,#7474,#7476,.T.);
#6475=EDGE_CURVE('',#7477,#7478,#7479,.T.);
#6476=EDGE_CURVE('',#7478,#7480,#7481,.T.);
#6477=EDGE_CURVE('',#7482,#7480,#7483,.T.);
#6478=EDGE_CURVE('',#7477,#7482,#7484,.T.);
#6479=EDGE_CURVE('',#7485,#7486,#7487,.T.);
#6480=EDGE_CURVE('',#7488,#7485,#7489,.T.);
#6481=EDGE_CURVE('',#7488,#7490,#7491,.T.);
#6482=EDGE_CURVE('',#7486,#7490,#7492,.T.);
#6483=EDGE_CURVE('',#7493,#7494,#7495,.T.);
#6484=EDGE_CURVE('',#7496,#7493,#7497,.T.);
#6485=EDGE_CURVE('',#7498,#7496,#7499,.T.);
#6486=EDGE_CURVE('',#7498,#7500,#7501,.T.);
#6487=EDGE_CURVE('',#7502,#7500,#7503,.T.);
#6488=EDGE_CURVE('',#7504,#7502,#7505,.T.);
#6489=EDGE_CURVE('',#7506,#7504,#7507,.T.);
#6490=EDGE_CURVE('',#7506,#7508,#7509,.T.);
#6491=EDGE_CURVE('',#7508,#7510,#7511,.T.);
#6492=EDGE_CURVE('',#7512,#7510,#7513,.T.);
#6493=EDGE_CURVE('',#7514,#7512,#7515,.T.);
#6494=EDGE_CURVE('',#7516,#7514,#7517,.T.);
#6495=EDGE_CURVE('',#7516,#7518,#7519,.T.);
#6496=EDGE_CURVE('',#7494,#7518,#7520,.T.);
#6497=EDGE_CURVE('',#7521,#7516,#7522,.T.);
#6498=EDGE_CURVE('',#7523,#7521,#7524,.T.);
#6499=EDGE_CURVE('',#7523,#7525,#7526,.T.);
#6500=EDGE_CURVE('',#7527,#7525,#7528,.T.);
#6501=EDGE_CURVE('',#7466,#7527,#7529,.T.);
#6502=EDGE_CURVE('',#7530,#7464,#7531,.T.);
#6503=EDGE_CURVE('',#7532,#7530,#7533,.T.);
#6504=EDGE_CURVE('',#7534,#7532,#7535,.T.);
#6505=EDGE_CURVE('',#7536,#7534,#7537,.T.);
#6506=EDGE_CURVE('',#7518,#7536,#7538,.T.);
#6507=EDGE_CURVE('',#7434,#7500,#7539,.T.);
#6508=EDGE_CURVE('',#7498,#7433,#7540,.T.);
#6509=EDGE_CURVE('',#7454,#7490,#7541,.T.);
#6510=EDGE_CURVE('',#7488,#7456,#7542,.T.);
#6511=EDGE_CURVE('',#7446,#7470,#7543,.T.);
#6512=EDGE_CURVE('',#7469,#7448,#7544,.T.);
#6513=EDGE_CURVE('',#7480,#7508,#7545,.T.);
#6514=EDGE_CURVE('',#7506,#7482,#7546,.T.);
#6515=EDGE_CURVE('',#7436,#7324,#7547,.T.);
#6516=EDGE_CURVE('',#7326,#7433,#7548,.T.);
#6517=EDGE_CURVE('',#7438,#7322,#7549,.T.);
#6518=EDGE_CURVE('',#7434,#7321,#7550,.T.);
#6519=EDGE_CURVE('',#7502,#7389,#7551,.T.);
#6520=EDGE_CURVE('',#7321,#7500,#7552,.T.);
#6521=EDGE_CURVE('',#7504,#7387,#7553,.T.);
#6522=EDGE_CURVE('',#7506,#7363,#7554,.T.);
#6523=EDGE_CURVE('',#7477,#7362,#7555,.T.);
#6524=EDGE_CURVE('',#7363,#7482,#7556,.T.);
#6525=EDGE_CURVE('',#7478,#7367,#7557,.T.);
#6526=EDGE_CURVE('',#7480,#7365,#7558,.T.);
#6527=EDGE_CURVE('',#7365,#7508,#7559,.T.);
#6528=EDGE_CURVE('',#7510,#7384,#7560,.T.);
#6529=EDGE_CURVE('',#7525,#7410,#7561,.T.);
#6530=EDGE_CURVE('',#7412,#7523,#7562,.T.);
#6531=EDGE_CURVE('',#7446,#7350,#7563,.T.);
#6532=EDGE_CURVE('',#7352,#7444,#7564,.T.);
#6533=EDGE_CURVE('',#7472,#7359,#7565,.T.);
#6534=EDGE_CURVE('',#7350,#7470,#7566,.T.);
#6535=EDGE_CURVE('',#7474,#7357,#7567,.T.);
#6536=EDGE_CURVE('',#7469,#7348,#7568,.T.);
#6537=EDGE_CURVE('',#7346,#7450,#7569,.T.);
#6538=EDGE_CURVE('',#7348,#7448,#7570,.T.);
#6539=EDGE_CURVE('',#7452,#7344,#7571,.T.);
#6540=EDGE_CURVE('',#7454,#7342,#7572,.T.);
#6541=EDGE_CURVE('',#7486,#7370,#7573,.T.);
#6542=EDGE_CURVE('',#7342,#7490,#7574,.T.);
#6543=EDGE_CURVE('',#7485,#7372,#7575,.T.);
#6544=EDGE_CURVE('',#7488,#7340,#7576,.T.);
#6545=EDGE_CURVE('',#7340,#7456,#7577,.T.);
#6546=EDGE_CURVE('',#7458,#7338,#7578,.T.);
#6547=EDGE_CURVE('',#7400,#7532,#7579,.T.);
#6548=EDGE_CURVE('',#7534,#7398,#7580,.T.);
#6549=EDGE_CURVE('',#7498,#7326,#7581,.T.);
#6550=EDGE_CURVE('',#7392,#7496,#7582,.T.);
#6551=EDGE_CURVE('',#7402,#7583,#7584,.T.);
#6552=EDGE_CURVE('',#7430,#7583,#7585,.T.);
#6553=EDGE_CURVE('',#7336,#7460,#7586,.T.);
#6554=EDGE_CURVE('',#7334,#7462,#7587,.T.);
#6555=EDGE_CURVE('',#7583,#7530,#7588,.T.);
#6556=EDGE_CURVE('',#7427,#7589,#7590,.T.);
#6557=EDGE_CURVE('',#7589,#7408,#7591,.T.);
#6558=EDGE_CURVE('',#7527,#7589,#7592,.T.);
#6559=EDGE_CURVE('',#7329,#7442,#7593,.T.);
#6560=EDGE_CURVE('',#7354,#7441,#7594,.T.);
#6561=EDGE_CURVE('',#7414,#7595,#7596,.T.);
#6562=EDGE_CURVE('',#7424,#7595,#7597,.T.);
#6563=EDGE_CURVE('',#7382,#7512,#7598,.T.);
#6564=EDGE_CURVE('',#7380,#7514,#7599,.T.);
#6565=EDGE_CURVE('',#7595,#7521,#7600,.T.);
#6566=EDGE_CURVE('',#7421,#7601,#7602,.T.);
#6567=EDGE_CURVE('',#7601,#7397,#7603,.T.);
#6568=EDGE_CURVE('',#7536,#7601,#7604,.T.);
#6569=EDGE_CURVE('',#7375,#7494,#7605,.T.);
#6570=EDGE_CURVE('',#7394,#7493,#7606,.T.);
#6571=EDGE_CURVE('',#7607,#7608,#7609,.T.);
#6572=EDGE_CURVE('',#7608,#7610,#7611,.T.);
#6573=EDGE_CURVE('',#7612,#7610,#7613,.T.);
#6574=EDGE_CURVE('',#7607,#7612,#7614,.T.);
#6575=EDGE_CURVE('',#7608,#7615,#7616,.T.);
#6576=EDGE_CURVE('',#7615,#7617,#7618,.T.);
#6577=EDGE_CURVE('',#7610,#7617,#7619,.T.);
#6578=EDGE_CURVE('',#7615,#7620,#7621,.T.);
#6579=EDGE_CURVE('',#7620,#7622,#7623,.T.);
#6580=EDGE_CURVE('',#7617,#7622,#7624,.T.);
#6581=EDGE_CURVE('',#7620,#7625,#7626,.T.);
#6582=EDGE_CURVE('',#7625,#7627,#7628,.T.);
#6583=EDGE_CURVE('',#7622,#7627,#7629,.T.);
#6584=EDGE_CURVE('',#7625,#7630,#7631,.T.);
#6585=EDGE_CURVE('',#7630,#7632,#7633,.T.);
#6586=EDGE_CURVE('',#7627,#7632,#7634,.T.);
#6587=EDGE_CURVE('',#7630,#7635,#7636,.T.);
#6588=EDGE_CURVE('',#7635,#7637,#7638,.T.);
#6589=EDGE_CURVE('',#7632,#7637,#7639,.T.);
#6590=EDGE_CURVE('',#7635,#7607,#7640,.T.);
#6591=EDGE_CURVE('',#7637,#7612,#7641,.T.);
#6592=EDGE_CURVE('',#7642,#7643,#7644,.T.);
#6593=EDGE_CURVE('',#7643,#7645,#7646,.T.);
#6594=EDGE_CURVE('',#7647,#7645,#7648,.T.);
#6595=EDGE_CURVE('',#7642,#7647,#7649,.T.);
#6596=EDGE_CURVE('',#7643,#7650,#7651,.T.);
#6597=EDGE_CURVE('',#7650,#7652,#7653,.T.);
#6598=EDGE_CURVE('',#7645,#7652,#7654,.T.);
#6599=EDGE_CURVE('',#7650,#7655,#7656,.T.);
#6600=EDGE_CURVE('',#7655,#7657,#7658,.T.);
#6601=EDGE_CURVE('',#7652,#7657,#7659,.T.);
#6602=EDGE_CURVE('',#7655,#7642,#7660,.T.);
#6603=EDGE_CURVE('',#7657,#7647,#7661,.T.);
#6604=EDGE_CURVE('',#7662,#7663,#7664,.T.);
#6605=EDGE_CURVE('',#7663,#7665,#7666,.T.);
#6606=EDGE_CURVE('',#7667,#7665,#7668,.T.);
#6607=EDGE_CURVE('',#7662,#7667,#7669,.T.);
#6608=EDGE_CURVE('',#7663,#7670,#7671,.T.);
#6609=EDGE_CURVE('',#7670,#7672,#7673,.T.);
#6610=EDGE_CURVE('',#7665,#7672,#7674,.T.);
#6611=EDGE_CURVE('',#7670,#7675,#7676,.T.);
#6612=EDGE_CURVE('',#7675,#7677,#7678,.T.);
#6613=EDGE_CURVE('',#7672,#7677,#7679,.T.);
#6614=EDGE_CURVE('',#7675,#7662,#7680,.T.);
#6615=EDGE_CURVE('',#7677,#7667,#7681,.T.);
#6616=EDGE_CURVE('',#7682,#7683,#7684,.T.);
#6617=EDGE_CURVE('',#7683,#7685,#7686,.T.);
#6618=EDGE_CURVE('',#7687,#7685,#7688,.T.);
#6619=EDGE_CURVE('',#7682,#7687,#7689,.T.);
#6620=EDGE_CURVE('',#7683,#7690,#7691,.T.);
#6621=EDGE_CURVE('',#7690,#7692,#7693,.T.);
#6622=EDGE_CURVE('',#7685,#7692,#7694,.T.);
#6623=EDGE_CURVE('',#7690,#7695,#7696,.T.);
#6624=EDGE_CURVE('',#7695,#7697,#7698,.T.);
#6625=EDGE_CURVE('',#7692,#7697,#7699,.T.);
#6626=EDGE_CURVE('',#7695,#7682,#7700,.T.);
#6627=EDGE_CURVE('',#7697,#7687,#7701,.T.);
#6628=EDGE_CURVE('',#7702,#7703,#7704,.T.);
#6629=EDGE_CURVE('',#7703,#7705,#7706,.T.);
#6630=EDGE_CURVE('',#7707,#7705,#7708,.T.);
#6631=EDGE_CURVE('',#7702,#7707,#7709,.T.);
#6632=EDGE_CURVE('',#7703,#7710,#7711,.T.);
#6633=EDGE_CURVE('',#7710,#7712,#7713,.T.);
#6634=EDGE_CURVE('',#7705,#7712,#7714,.T.);
#6635=EDGE_CURVE('',#7710,#7715,#7716,.T.);
#6636=EDGE_CURVE('',#7715,#7717,#7718,.T.);
#6637=EDGE_CURVE('',#7712,#7717,#7719,.T.);
#6638=EDGE_CURVE('',#7715,#7702,#7720,.T.);
#6639=EDGE_CURVE('',#7717,#7707,#7721,.T.);
#6640=EDGE_CURVE('',#7722,#7723,#7724,.T.);
#6641=EDGE_CURVE('',#7725,#7722,#7726,.T.);
#6642=EDGE_CURVE('',#7727,#7725,#7728,.T.);
#6643=EDGE_CURVE('',#7723,#7727,#7729,.T.);
#6644=EDGE_CURVE('',#7730,#7731,#7732,.T.);
#6645=EDGE_CURVE('',#7733,#7730,#7734,.T.);
#6646=EDGE_CURVE('',#7735,#7733,#7736,.T.);
#6647=EDGE_CURVE('',#7731,#7735,#7737,.T.);
#6648=EDGE_CURVE('',#7738,#7739,#7740,.T.);
#6649=EDGE_CURVE('',#7738,#7741,#7742,.T.);
#6650=EDGE_CURVE('',#7741,#7743,#7744,.T.);
#6651=EDGE_CURVE('',#7743,#7745,#7746,.T.);
#6652=EDGE_CURVE('',#7747,#7745,#7748,.T.);
#6653=EDGE_CURVE('',#7747,#7739,#7749,.T.);
#6654=EDGE_CURVE('',#7750,#7745,#7751,.T.);
#6655=EDGE_CURVE('',#7752,#7743,#7753,.T.);
#6656=EDGE_CURVE('',#7752,#7750,#7754,.T.);
#6657=EDGE_CURVE('',#7755,#7756,#7757,.T.);
#6658=EDGE_CURVE('',#7756,#7758,#7759,.T.);
#6659=EDGE_CURVE('',#7758,#7760,#7761,.T.);
#6660=EDGE_CURVE('',#7760,#7762,#7763,.T.);
#6661=EDGE_CURVE('',#7762,#7730,#7764,.T.);
#6662=EDGE_CURVE('',#7731,#7765,#7766,.T.);
#6663=EDGE_CURVE('',#7765,#7767,#7768,.T.);
#6664=EDGE_CURVE('',#7767,#7769,#7770,.T.);
#6665=EDGE_CURVE('',#7769,#7771,#7772,.T.);
#6666=EDGE_CURVE('',#7771,#7773,#7774,.T.);
#6667=EDGE_CURVE('',#7775,#7773,#7776,.T.);
#6668=EDGE_CURVE('',#7738,#7775,#7777,.T.);
#6669=EDGE_CURVE('',#7739,#7778,#7779,.T.);
#6670=EDGE_CURVE('',#7780,#7778,#7781,.T.);
#6671=EDGE_CURVE('',#7780,#7782,#7783,.T.);
#6672=EDGE_CURVE('',#7782,#7755,#7784,.T.);
#6673=EDGE_CURVE('',#7785,#7786,#7787,.T.);
#6674=EDGE_CURVE('',#7786,#7752,#7788,.T.);
#6675=EDGE_CURVE('',#7789,#7741,#7790,.T.);
#6676=EDGE_CURVE('',#7789,#7791,#7792,.T.);
#6677=EDGE_CURVE('',#7791,#7793,#7794,.T.);
#6678=EDGE_CURVE('',#7795,#7793,#7796,.T.);
#6679=EDGE_CURVE('',#7795,#7797,#7798,.T.);
#6680=EDGE_CURVE('',#7797,#7799,#7800,.T.);
#6681=EDGE_CURVE('',#7799,#7801,#7802,.T.);
#6682=EDGE_CURVE('',#7801,#7803,#7804,.T.);
#6683=EDGE_CURVE('',#7803,#7805,#7806,.T.);
#6684=EDGE_CURVE('',#7807,#7805,#7808,.T.);
#6685=EDGE_CURVE('',#7807,#7809,#7810,.T.);
#6686=EDGE_CURVE('',#7809,#7811,#7812,.T.);
#6687=EDGE_CURVE('',#7811,#7813,#7814,.T.);
#6688=EDGE_CURVE('',#7815,#7813,#7816,.T.);
#6689=EDGE_CURVE('',#7815,#7722,#7817,.T.);
#6690=EDGE_CURVE('',#7723,#7818,#7819,.T.);
#6691=EDGE_CURVE('',#7818,#7785,#7820,.T.);
#6692=EDGE_CURVE('',#7821,#7822,#7823,.T.);
#6693=EDGE_CURVE('',#7822,#7824,#7825,.T.);
#6694=EDGE_CURVE('',#7824,#7826,#7827,.T.);
#6695=EDGE_CURVE('',#7826,#7828,#7829,.T.);
#6696=EDGE_CURVE('',#7828,#7830,#7831,.T.);
#6697=EDGE_CURVE('',#7830,#7832,#7833,.T.);
#6698=EDGE_CURVE('',#7832,#7834,#7835,.T.);
#6699=EDGE_CURVE('',#7834,#7836,#7837,.T.);
#6700=EDGE_CURVE('',#7836,#7838,#7839,.T.);
#6701=EDGE_CURVE('',#7838,#7840,#7841,.T.);
#6702=EDGE_CURVE('',#7840,#7842,#7843,.T.);
#6703=EDGE_CURVE('',#7842,#7844,#7845,.T.);
#6704=EDGE_CURVE('',#7844,#7846,#7847,.T.);
#6705=EDGE_CURVE('',#7846,#7848,#7849,.T.);
#6706=EDGE_CURVE('',#7848,#7850,#7851,.T.);
#6707=EDGE_CURVE('',#7850,#7852,#7853,.T.);
#6708=EDGE_CURVE('',#7852,#7854,#7855,.T.);
#6709=EDGE_CURVE('',#7854,#7856,#7857,.T.);
#6710=EDGE_CURVE('',#7856,#7858,#7859,.T.);
#6711=EDGE_CURVE('',#7858,#7821,#7860,.T.);
#6712=EDGE_CURVE('',#7861,#7862,#7863,.T.);
#6713=EDGE_CURVE('',#7862,#7864,#7865,.T.);
#6714=EDGE_CURVE('',#7864,#7866,#7867,.T.);
#6715=EDGE_CURVE('',#7866,#7868,#7869,.T.);
#6716=EDGE_CURVE('',#7868,#7870,#7871,.T.);
#6717=EDGE_CURVE('',#7870,#7872,#7873,.T.);
#6718=EDGE_CURVE('',#7872,#7874,#7875,.T.);
#6719=EDGE_CURVE('',#7874,#7876,#7877,.T.);
#6720=EDGE_CURVE('',#7876,#7878,#7879,.T.);
#6721=EDGE_CURVE('',#7878,#7880,#7881,.T.);
#6722=EDGE_CURVE('',#7880,#7882,#7883,.T.);
#6723=EDGE_CURVE('',#7882,#7884,#7885,.T.);
#6724=EDGE_CURVE('',#7884,#7861,#7886,.T.);
#6725=EDGE_CURVE('',#7887,#7888,#7889,.T.);
#6726=EDGE_CURVE('',#7888,#7890,#7891,.T.);
#6727=EDGE_CURVE('',#7890,#7892,#7893,.T.);
#6728=EDGE_CURVE('',#7892,#7894,#7895,.T.);
#6729=EDGE_CURVE('',#7894,#7896,#7897,.T.);
#6730=EDGE_CURVE('',#7896,#7898,#7899,.T.);
#6731=EDGE_CURVE('',#7898,#7900,#7901,.T.);
#6732=EDGE_CURVE('',#7900,#7887,#7902,.T.);
#6733=EDGE_CURVE('',#7903,#7904,#7905,.T.);
#6734=EDGE_CURVE('',#7904,#7903,#7906,.T.);
#6735=EDGE_CURVE('',#7907,#7908,#7909,.T.);
#6736=EDGE_CURVE('',#7908,#7907,#7910,.T.);
#6737=EDGE_CURVE('',#7911,#7912,#7913,.T.);
#6738=EDGE_CURVE('',#7912,#7914,#7915,.T.);
#6739=EDGE_CURVE('',#7914,#7916,#7917,.T.);
#6740=EDGE_CURVE('',#7916,#7918,#7919,.T.);
#6741=EDGE_CURVE('',#7918,#7920,#7921,.T.);
#6742=EDGE_CURVE('',#7920,#7911,#7922,.T.);
#6743=EDGE_CURVE('',#7923,#7924,#7925,.T.);
#6744=EDGE_CURVE('',#7924,#7926,#7927,.T.);
#6745=EDGE_CURVE('',#7926,#7928,#7929,.T.);
#6746=EDGE_CURVE('',#7928,#7930,#7931,.T.);
#6747=EDGE_CURVE('',#7930,#7932,#7933,.T.);
#6748=EDGE_CURVE('',#7932,#7934,#7935,.T.);
#6749=EDGE_CURVE('',#7934,#7936,#7937,.T.);
#6750=EDGE_CURVE('',#7936,#7938,#7939,.T.);
#6751=EDGE_CURVE('',#7938,#7940,#7941,.T.);
#6752=EDGE_CURVE('',#7940,#7942,#7943,.T.);
#6753=EDGE_CURVE('',#7942,#7944,#7945,.T.);
#6754=EDGE_CURVE('',#7944,#7946,#7947,.T.);
#6755=EDGE_CURVE('',#7946,#7948,#7949,.T.);
#6756=EDGE_CURVE('',#7948,#7950,#7951,.T.);
#6757=EDGE_CURVE('',#7950,#7923,#7952,.T.);
#6758=EDGE_CURVE('',#7953,#7954,#7955,.T.);
#6759=EDGE_CURVE('',#7954,#7956,#7957,.T.);
#6760=EDGE_CURVE('',#7956,#7958,#7959,.T.);
#6761=EDGE_CURVE('',#7958,#7953,#7960,.T.);
#6762=EDGE_CURVE('',#7961,#7962,#7963,.T.);
#6763=EDGE_CURVE('',#7962,#7964,#7965,.T.);
#6764=EDGE_CURVE('',#7964,#7966,#7967,.T.);
#6765=EDGE_CURVE('',#7966,#7968,#7969,.T.);
#6766=EDGE_CURVE('',#7968,#7970,#7971,.T.);
#6767=EDGE_CURVE('',#7970,#7972,#7973,.T.);
#6768=EDGE_CURVE('',#7972,#7974,#7975,.T.);
#6769=EDGE_CURVE('',#7974,#7976,#7977,.T.);
#6770=EDGE_CURVE('',#7976,#7978,#7979,.T.);
#6771=EDGE_CURVE('',#7978,#7980,#7981,.T.);
#6772=EDGE_CURVE('',#7980,#7982,#7983,.T.);
#6773=EDGE_CURVE('',#7982,#7984,#7985,.T.);
#6774=EDGE_CURVE('',#7984,#7986,#7987,.T.);
#6775=EDGE_CURVE('',#7986,#7961,#7988,.T.);
#6776=EDGE_CURVE('',#7989,#7990,#7991,.T.);
#6777=EDGE_CURVE('',#7990,#7992,#7993,.T.);
#6778=EDGE_CURVE('',#7992,#7994,#7995,.T.);
#6779=EDGE_CURVE('',#7994,#7989,#7996,.T.);
#6780=EDGE_CURVE('',#7997,#7998,#7999,.T.);
#6781=EDGE_CURVE('',#7998,#8000,#8001,.T.);
#6782=EDGE_CURVE('',#8000,#8002,#8003,.T.);
#6783=EDGE_CURVE('',#8002,#8004,#8005,.T.);
#6784=EDGE_CURVE('',#8004,#8006,#8007,.T.);
#6785=EDGE_CURVE('',#8006,#8008,#8009,.T.);
#6786=EDGE_CURVE('',#8008,#8010,#8011,.T.);
#6787=EDGE_CURVE('',#8010,#8012,#8013,.T.);
#6788=EDGE_CURVE('',#8012,#8014,#8015,.T.);
#6789=EDGE_CURVE('',#8014,#7997,#8016,.T.);
#6790=EDGE_CURVE('',#8017,#8018,#8019,.T.);
#6791=EDGE_CURVE('',#8018,#8020,#8021,.T.);
#6792=EDGE_CURVE('',#8020,#8022,#8023,.T.);
#6793=EDGE_CURVE('',#8022,#8017,#8024,.T.);
#6794=EDGE_CURVE('',#8025,#8026,#8027,.T.);
#6795=EDGE_CURVE('',#8026,#8028,#8029,.T.);
#6796=EDGE_CURVE('',#8028,#8030,#8031,.T.);
#6797=EDGE_CURVE('',#8030,#8025,#8032,.T.);
#6798=EDGE_CURVE('',#8033,#8034,#8035,.T.);
#6799=EDGE_CURVE('',#8034,#8036,#8037,.T.);
#6800=EDGE_CURVE('',#8036,#8038,#8039,.T.);
#6801=EDGE_CURVE('',#8038,#8040,#8041,.T.);
#6802=EDGE_CURVE('',#8040,#8042,#8043,.T.);
#6803=EDGE_CURVE('',#8042,#8044,#8045,.T.);
#6804=EDGE_CURVE('',#8044,#8046,#8047,.T.);
#6805=EDGE_CURVE('',#8046,#8048,#8049,.T.);
#6806=EDGE_CURVE('',#8048,#8050,#8051,.T.);
#6807=EDGE_CURVE('',#8050,#8033,#8052,.T.);
#6808=EDGE_CURVE('',#8053,#8054,#8055,.T.);
#6809=EDGE_CURVE('',#8054,#8056,#8057,.T.);
#6810=EDGE_CURVE('',#8056,#8058,#8059,.T.);
#6811=EDGE_CURVE('',#8058,#8060,#8061,.T.);
#6812=EDGE_CURVE('',#8060,#8062,#8063,.T.);
#6813=EDGE_CURVE('',#8062,#8064,#8065,.T.);
#6814=EDGE_CURVE('',#8064,#8066,#8067,.T.);
#6815=EDGE_CURVE('',#8066,#8068,#8069,.T.);
#6816=EDGE_CURVE('',#8068,#8070,#8071,.T.);
#6817=EDGE_CURVE('',#8070,#8053,#8072,.T.);
#6818=EDGE_CURVE('',#8073,#8074,#8075,.T.);
#6819=EDGE_CURVE('',#8074,#8076,#8077,.T.);
#6820=EDGE_CURVE('',#8076,#8078,#8079,.T.);
#6821=EDGE_CURVE('',#8078,#8073,#8080,.T.);
#6822=EDGE_CURVE('',#8081,#8082,#8083,.T.);
#6823=EDGE_CURVE('',#8082,#8084,#8085,.T.);
#6824=EDGE_CURVE('',#8084,#8086,#8087,.T.);
#6825=EDGE_CURVE('',#8086,#8081,#8088,.T.);
#6826=EDGE_CURVE('',#8089,#8090,#8091,.T.);
#6827=EDGE_CURVE('',#8090,#8092,#8093,.T.);
#6828=EDGE_CURVE('',#8092,#8094,#8095,.T.);
#6829=EDGE_CURVE('',#8094,#8096,#8097,.T.);
#6830=EDGE_CURVE('',#8096,#8098,#8099,.T.);
#6831=EDGE_CURVE('',#8098,#8100,#8101,.T.);
#6832=EDGE_CURVE('',#8100,#8102,#8103,.T.);
#6833=EDGE_CURVE('',#8102,#8104,#8105,.T.);
#6834=EDGE_CURVE('',#8104,#8106,#8107,.T.);
#6835=EDGE_CURVE('',#8106,#8108,#8109,.T.);
#6836=EDGE_CURVE('',#8108,#8110,#8111,.T.);
#6837=EDGE_CURVE('',#8110,#8112,#8113,.T.);
#6838=EDGE_CURVE('',#8112,#8114,#8115,.T.);
#6839=EDGE_CURVE('',#8114,#8089,#8116,.T.);
#6840=EDGE_CURVE('',#8117,#8118,#8119,.T.);
#6841=EDGE_CURVE('',#8118,#8120,#8121,.T.);
#6842=EDGE_CURVE('',#8120,#8122,#8123,.T.);
#6843=EDGE_CURVE('',#8122,#8124,#8125,.T.);
#6844=EDGE_CURVE('',#8124,#8126,#8127,.T.);
#6845=EDGE_CURVE('',#8126,#8128,#8129,.T.);
#6846=EDGE_CURVE('',#8128,#8130,#8131,.T.);
#6847=EDGE_CURVE('',#8130,#8117,#8132,.T.);
#6848=EDGE_CURVE('',#7775,#7789,#8133,.T.);
#6849=EDGE_CURVE('',#7773,#8134,#8135,.T.);
#6850=EDGE_CURVE('',#8134,#8136,#8137,.T.);
#6851=EDGE_CURVE('',#8136,#7791,#8138,.T.);
#6852=EDGE_CURVE('',#8139,#7793,#8140,.T.);
#6853=EDGE_CURVE('',#8139,#8136,#8141,.T.);
#6854=EDGE_CURVE('',#7745,#8142,#8143,.T.);
#6855=EDGE_CURVE('',#8142,#8144,#8145,.T.);
#6856=EDGE_CURVE('',#8146,#8144,#8147,.T.);
#6857=EDGE_CURVE('',#8146,#8148,#8149,.T.);
#6858=EDGE_CURVE('',#8148,#7747,#8150,.T.);
#6859=EDGE_CURVE('',#8151,#8152,#8153,.T.);
#6860=EDGE_CURVE('',#8151,#8139,#8154,.T.);
#6861=EDGE_CURVE('',#8152,#8136,#8155,.T.);
#6862=EDGE_CURVE('',#7805,#8156,#8157,.T.);
#6863=EDGE_CURVE('',#7803,#8158,#8159,.T.);
#6864=EDGE_CURVE('',#8158,#8156,#8160,.T.);
#6865=EDGE_CURVE('',#8161,#8134,#8162,.T.);
#6866=EDGE_CURVE('',#8161,#8163,#8164,.T.);
#6867=EDGE_CURVE('',#8163,#8165,#8166,.T.);
#6868=EDGE_CURVE('',#8134,#8165,#8167,.T.);
#6869=EDGE_CURVE('',#8168,#8148,#8169,.T.);
#6870=EDGE_CURVE('',#8168,#8170,#8171,.T.);
#6871=EDGE_CURVE('',#8170,#7747,#8172,.T.);
#6872=EDGE_CURVE('',#7760,#8173,#8174,.T.);
#6873=EDGE_CURVE('',#7758,#8175,#8176,.T.);
#6874=EDGE_CURVE('',#8175,#8173,#8177,.T.);
#6875=EDGE_CURVE('',#7750,#8178,#8179,.T.);
#6876=EDGE_CURVE('',#8178,#8142,#8180,.T.);
#6877=EDGE_CURVE('',#8181,#8182,#8183,.T.);
#6878=EDGE_CURVE('',#8184,#8181,#8185,.T.);
#6879=EDGE_CURVE('',#8184,#8173,#8186,.T.);
#6880=EDGE_CURVE('',#8187,#8175,#8188,.T.);
#6881=EDGE_CURVE('',#8182,#8187,#8189,.T.);
#6882=EDGE_CURVE('',#8190,#8191,#8192,.T.);
#6883=EDGE_CURVE('',#7735,#8190,#8193,.T.);
#6884=EDGE_CURVE('',#8194,#7733,#8195,.T.);
#6885=EDGE_CURVE('',#8194,#8196,#8197,.T.);
#6886=EDGE_CURVE('',#8191,#8196,#8198,.T.);
#6887=EDGE_CURVE('',#8199,#8200,#8201,.T.);
#6888=EDGE_CURVE('',#8202,#8199,#8203,.T.);
#6889=EDGE_CURVE('',#8202,#8156,#8204,.T.);
#6890=EDGE_CURVE('',#8205,#8158,#8206,.T.);
#6891=EDGE_CURVE('',#8200,#8205,#8207,.T.);
#6892=EDGE_CURVE('',#8208,#8209,#8210,.T.);
#6893=EDGE_CURVE('',#7727,#8208,#8211,.T.);
#6894=EDGE_CURVE('',#8212,#7725,#8213,.T.);
#6895=EDGE_CURVE('',#8212,#8214,#8215,.T.);
#6896=EDGE_CURVE('',#8209,#8214,#8216,.T.);
#6897=EDGE_CURVE('',#7769,#8196,#8217,.T.);
#6898=EDGE_CURVE('',#8196,#8218,#8219,.T.);
#6899=EDGE_CURVE('',#8163,#8218,#8220,.T.);
#6900=EDGE_CURVE('',#7771,#8161,#8221,.T.);
#6901=EDGE_CURVE('',#8170,#7778,#8222,.T.);
#6902=EDGE_CURVE('',#7786,#8214,#8223,.T.);
#6903=EDGE_CURVE('',#8214,#8224,#8225,.T.);
#6904=EDGE_CURVE('',#8178,#8224,#8226,.T.);
#6905=EDGE_CURVE('',#8165,#8227,#8228,.T.);
#6906=EDGE_CURVE('',#8227,#8229,#8230,.T.);
#6907=EDGE_CURVE('',#8229,#8152,#8231,.T.);
#6908=EDGE_CURVE('',#8232,#8151,#8233,.T.);
#6909=EDGE_CURVE('',#8232,#8229,#8234,.T.);
#6910=EDGE_CURVE('',#8227,#8218,#8235,.T.);
#6911=EDGE_CURVE('',#8194,#7762,#8236,.T.);
#6912=EDGE_CURVE('',#8237,#8168,#8238,.T.);
#6913=EDGE_CURVE('',#8237,#8146,#8239,.T.);
#6914=EDGE_CURVE('',#8144,#8224,#8240,.T.);
#6915=EDGE_CURVE('',#8212,#7815,#8241,.T.);
#6916=EDGE_CURVE('',#7811,#8242,#8243,.T.);
#6917=EDGE_CURVE('',#8242,#8244,#8245,.T.);
#6918=EDGE_CURVE('',#7813,#8244,#8246,.T.);
#6919=EDGE_CURVE('',#7807,#8247,#8248,.T.);
#6920=EDGE_CURVE('',#8247,#8249,#8250,.T.);
#6921=EDGE_CURVE('',#7809,#8249,#8251,.T.);
#6922=EDGE_CURVE('',#8249,#8242,#8252,.T.);
#6923=EDGE_CURVE('',#8244,#8247,#8253,.T.);
#6924=EDGE_CURVE('',#8232,#8202,#8254,.T.);
#6925=EDGE_CURVE('',#8237,#8184,#8255,.T.);
#6926=EDGE_CURVE('',#8209,#7785,#8256,.T.);
#6927=EDGE_CURVE('',#7756,#8187,#8257,.T.);
#6928=EDGE_CURVE('',#8182,#7755,#8258,.T.);
#6929=EDGE_CURVE('',#7780,#8184,#8259,.T.);
#6930=EDGE_CURVE('',#8191,#7767,#8260,.T.);
#6931=EDGE_CURVE('',#7801,#8205,#8261,.T.);
#6932=EDGE_CURVE('',#8200,#7799,#8262,.T.);
#6933=EDGE_CURVE('',#7795,#8202,#8263,.T.);
#6934=EDGE_CURVE('',#8199,#7797,#8264,.T.);
#6935=EDGE_CURVE('',#8190,#7765,#8265,.T.);
#6936=EDGE_CURVE('',#8208,#7818,#8266,.T.);
#6937=EDGE_CURVE('',#8181,#7782,#8267,.T.);
#6938=EDGE_CURVE('',#7821,#8268,#8269,.T.);
#6939=EDGE_CURVE('',#8268,#8270,#8271,.T.);
#6940=EDGE_CURVE('',#7822,#8270,#8272,.T.);
#6941=EDGE_CURVE('',#8270,#8273,#8274,.T.);
#6942=EDGE_CURVE('',#7824,#8273,#8275,.T.);
#6943=EDGE_CURVE('',#8273,#8276,#8277,.T.);
#6944=EDGE_CURVE('',#7826,#8276,#8278,.T.);
#6945=EDGE_CURVE('',#8276,#8279,#8280,.T.);
#6946=EDGE_CURVE('',#7828,#8279,#8281,.T.);
#6947=EDGE_CURVE('',#8279,#8282,#8283,.T.);
#6948=EDGE_CURVE('',#7830,#8282,#8284,.T.);
#6949=EDGE_CURVE('',#8282,#8285,#8286,.T.);
#6950=EDGE_CURVE('',#7832,#8285,#8287,.T.);
#6951=EDGE_CURVE('',#8285,#8288,#8289,.T.);
#6952=EDGE_CURVE('',#7834,#8288,#8290,.T.);
#6953=EDGE_CURVE('',#8288,#8291,#8292,.T.);
#6954=EDGE_CURVE('',#7836,#8291,#8293,.T.);
#6955=EDGE_CURVE('',#8291,#8294,#8295,.T.);
#6956=EDGE_CURVE('',#7838,#8294,#8296,.T.);
#6957=EDGE_CURVE('',#8294,#8297,#8298,.T.);
#6958=EDGE_CURVE('',#7840,#8297,#8299,.T.);
#6959=EDGE_CURVE('',#8297,#8300,#8301,.T.);
#6960=EDGE_CURVE('',#7842,#8300,#8302,.T.);
#6961=EDGE_CURVE('',#8300,#8303,#8304,.T.);
#6962=EDGE_CURVE('',#7844,#8303,#8305,.T.);
#6963=EDGE_CURVE('',#8303,#8306,#8307,.T.);
#6964=EDGE_CURVE('',#7846,#8306,#8308,.T.);
#6965=EDGE_CURVE('',#8306,#8309,#8310,.T.);
#6966=EDGE_CURVE('',#7848,#8309,#8311,.T.);
#6967=EDGE_CURVE('',#8309,#8312,#8313,.T.);
#6968=EDGE_CURVE('',#7850,#8312,#8314,.T.);
#6969=EDGE_CURVE('',#8312,#8315,#8316,.T.);
#6970=EDGE_CURVE('',#7852,#8315,#8317,.T.);
#6971=EDGE_CURVE('',#8315,#8318,#8319,.T.);
#6972=EDGE_CURVE('',#7854,#8318,#8320,.T.);
#6973=EDGE_CURVE('',#8318,#8321,#8322,.T.);
#6974=EDGE_CURVE('',#7856,#8321,#8323,.T.);
#6975=EDGE_CURVE('',#8321,#8324,#8325,.T.);
#6976=EDGE_CURVE('',#7858,#8324,#8326,.T.);
#6977=EDGE_CURVE('',#8324,#8268,#8327,.T.);
#6978=EDGE_CURVE('',#7861,#8328,#8329,.T.);
#6979=EDGE_CURVE('',#8328,#8330,#8331,.T.);
#6980=EDGE_CURVE('',#7862,#8330,#8332,.T.);
#6981=EDGE_CURVE('',#8330,#8333,#8334,.T.);
#6982=EDGE_CURVE('',#7864,#8333,#8335,.T.);
#6983=EDGE_CURVE('',#8333,#8336,#8337,.T.);
#6984=EDGE_CURVE('',#7866,#8336,#8338,.T.);
#6985=EDGE_CURVE('',#8336,#8339,#8340,.T.);
#6986=EDGE_CURVE('',#7868,#8339,#8341,.T.);
#6987=EDGE_CURVE('',#8339,#8342,#8343,.T.);
#6988=EDGE_CURVE('',#7870,#8342,#8344,.T.);
#6989=EDGE_CURVE('',#8342,#8345,#8346,.T.);
#6990=EDGE_CURVE('',#7872,#8345,#8347,.T.);
#6991=EDGE_CURVE('',#8345,#8348,#8349,.T.);
#6992=EDGE_CURVE('',#7874,#8348,#8350,.T.);
#6993=EDGE_CURVE('',#8348,#8351,#8352,.T.);
#6994=EDGE_CURVE('',#7876,#8351,#8353,.T.);
#6995=EDGE_CURVE('',#8351,#8354,#8355,.T.);
#6996=EDGE_CURVE('',#7878,#8354,#8356,.T.);
#6997=EDGE_CURVE('',#8354,#8357,#8358,.T.);
#6998=EDGE_CURVE('',#7880,#8357,#8359,.T.);
#6999=EDGE_CURVE('',#8357,#8360,#8361,.T.);
#7000=EDGE_CURVE('',#7882,#8360,#8362,.T.);
#7001=EDGE_CURVE('',#8360,#8363,#8364,.T.);
#7002=EDGE_CURVE('',#7884,#8363,#8365,.T.);
#7003=EDGE_CURVE('',#8363,#8328,#8366,.T.);
#7004=EDGE_CURVE('',#7887,#8367,#8368,.T.);
#7005=EDGE_CURVE('',#8367,#8369,#8370,.T.);
#7006=EDGE_CURVE('',#7888,#8369,#8371,.T.);
#7007=EDGE_CURVE('',#8369,#8372,#8373,.T.);
#7008=EDGE_CURVE('',#7890,#8372,#8374,.T.);
#7009=EDGE_CURVE('',#8372,#8375,#8376,.T.);
#7010=EDGE_CURVE('',#7892,#8375,#8377,.T.);
#7011=EDGE_CURVE('',#8375,#8378,#8379,.T.);
#7012=EDGE_CURVE('',#7894,#8378,#8380,.T.);
#7013=EDGE_CURVE('',#8378,#8381,#8382,.T.);
#7014=EDGE_CURVE('',#7896,#8381,#8383,.T.);
#7015=EDGE_CURVE('',#8381,#8384,#8385,.T.);
#7016=EDGE_CURVE('',#7898,#8384,#8386,.T.);
#7017=EDGE_CURVE('',#8384,#8387,#8388,.T.);
#7018=EDGE_CURVE('',#7900,#8387,#8389,.T.);
#7019=EDGE_CURVE('',#8387,#8367,#8390,.T.);
#7020=EDGE_CURVE('',#8391,#8392,#8393,.T.);
#7021=EDGE_CURVE('',#8392,#8394,#8395,.T.);
#7022=EDGE_CURVE('',#8396,#8394,#8397,.T.);
#7023=EDGE_CURVE('',#8391,#8396,#8398,.T.);
#7024=EDGE_CURVE('',#8394,#8399,#8400,.T.);
#7025=EDGE_CURVE('',#8401,#8399,#8402,.T.);
#7026=EDGE_CURVE('',#8396,#8401,#8403,.T.);
#7027=EDGE_CURVE('',#8399,#8404,#8405,.T.);
#7028=EDGE_CURVE('',#8406,#8404,#8407,.T.);
#7029=EDGE_CURVE('',#8401,#8406,#8408,.T.);
#7030=EDGE_CURVE('',#8404,#8409,#8410,.T.);
#7031=EDGE_CURVE('',#8411,#8409,#8412,.T.);
#7032=EDGE_CURVE('',#8406,#8411,#8413,.T.);
#7033=EDGE_CURVE('',#8409,#8414,#8415,.T.);
#7034=EDGE_CURVE('',#8416,#8414,#8417,.T.);
#7035=EDGE_CURVE('',#8411,#8416,#8418,.T.);
#7036=EDGE_CURVE('',#8414,#8419,#8420,.T.);
#7037=EDGE_CURVE('',#8421,#8419,#8422,.T.);
#7038=EDGE_CURVE('',#8416,#8421,#8423,.T.);
#7039=EDGE_CURVE('',#8419,#8392,#8424,.T.);
#7040=EDGE_CURVE('',#8421,#8391,#8425,.T.);
#7041=EDGE_CURVE('',#7903,#8426,#8427,.T.);
#7042=EDGE_CURVE('',#8426,#8428,#8429,.T.);
#7043=EDGE_CURVE('',#7904,#8428,#8430,.T.);
#7044=EDGE_CURVE('',#8431,#8432,#8433,.T.);
#7045=EDGE_CURVE('',#8431,#8434,#8435,.T.);
#7046=EDGE_CURVE('',#8434,#8436,#8437,.T.);
#7047=EDGE_CURVE('',#8432,#8436,#8438,.T.);
#7048=EDGE_CURVE('',#8428,#8426,#8439,.T.);
#7049=EDGE_CURVE('',#8436,#8434,#8440,.T.);
#7050=EDGE_CURVE('',#8432,#8431,#8441,.T.);
#7051=EDGE_CURVE('',#7907,#8442,#8443,.T.);
#7052=EDGE_CURVE('',#8442,#8444,#8445,.T.);
#7053=EDGE_CURVE('',#7908,#8444,#8446,.T.);
#7054=EDGE_CURVE('',#8447,#8448,#8449,.T.);
#7055=EDGE_CURVE('',#8447,#8450,#8451,.T.);
#7056=EDGE_CURVE('',#8450,#8452,#8453,.T.);
#7057=EDGE_CURVE('',#8448,#8452,#8454,.T.);
#7058=EDGE_CURVE('',#8444,#8442,#8455,.T.);
#7059=EDGE_CURVE('',#8452,#8450,#8456,.T.);
#7060=EDGE_CURVE('',#8448,#8447,#8457,.T.);
#7061=EDGE_CURVE('',#7911,#8458,#8459,.T.);
#7062=EDGE_CURVE('',#8458,#8460,#8461,.T.);
#7063=EDGE_CURVE('',#7912,#8460,#8462,.T.);
#7064=EDGE_CURVE('',#8460,#8463,#8464,.T.);
#7065=EDGE_CURVE('',#7914,#8463,#8465,.T.);
#7066=EDGE_CURVE('',#8463,#8466,#8467,.T.);
#7067=EDGE_CURVE('',#7916,#8466,#8468,.T.);
#7068=EDGE_CURVE('',#8466,#8469,#8470,.T.);
#7069=EDGE_CURVE('',#7918,#8469,#8471,.T.);
#7070=EDGE_CURVE('',#8469,#8472,#8473,.T.);
#7071=EDGE_CURVE('',#7920,#8472,#8474,.T.);
#7072=EDGE_CURVE('',#8472,#8458,#8475,.T.);
#7073=EDGE_CURVE('',#7923,#8476,#8477,.T.);
#7074=EDGE_CURVE('',#8476,#8478,#8479,.T.);
#7075=EDGE_CURVE('',#7924,#8478,#8480,.T.);
#7076=EDGE_CURVE('',#8478,#8481,#8482,.T.);
#7077=EDGE_CURVE('',#7926,#8481,#8483,.T.);
#7078=EDGE_CURVE('',#8481,#8484,#8485,.T.);
#7079=EDGE_CURVE('',#7928,#8484,#8486,.T.);
#7080=EDGE_CURVE('',#8484,#8487,#8488,.T.);
#7081=EDGE_CURVE('',#7930,#8487,#8489,.T.);
#7082=EDGE_CURVE('',#8487,#8490,#8491,.T.);
#7083=EDGE_CURVE('',#7932,#8490,#8492,.T.);
#7084=EDGE_CURVE('',#8490,#8493,#8494,.T.);
#7085=EDGE_CURVE('',#7934,#8493,#8495,.T.);
#7086=EDGE_CURVE('',#8493,#8496,#8497,.T.);
#7087=EDGE_CURVE('',#7936,#8496,#8498,.T.);
#7088=EDGE_CURVE('',#8496,#8499,#8500,.T.);
#7089=EDGE_CURVE('',#7938,#8499,#8501,.T.);
#7090=EDGE_CURVE('',#8499,#8502,#8503,.T.);
#7091=EDGE_CURVE('',#7940,#8502,#8504,.T.);
#7092=EDGE_CURVE('',#8502,#8505,#8506,.T.);
#7093=EDGE_CURVE('',#7942,#8505,#8507,.T.);
#7094=EDGE_CURVE('',#8505,#8508,#8509,.T.);
#7095=EDGE_CURVE('',#7944,#8508,#8510,.T.);
#7096=EDGE_CURVE('',#8508,#8511,#8512,.T.);
#7097=EDGE_CURVE('',#7946,#8511,#8513,.T.);
#7098=EDGE_CURVE('',#8511,#8514,#8515,.T.);
#7099=EDGE_CURVE('',#7948,#8514,#8516,.T.);
#7100=EDGE_CURVE('',#8514,#8517,#8518,.T.);
#7101=EDGE_CURVE('',#7950,#8517,#8519,.T.);
#7102=EDGE_CURVE('',#8517,#8476,#8520,.T.);
#7103=EDGE_CURVE('',#7953,#8521,#8522,.T.);
#7104=EDGE_CURVE('',#8521,#8523,#8524,.T.);
#7105=EDGE_CURVE('',#7954,#8523,#8525,.T.);
#7106=EDGE_CURVE('',#8523,#8526,#8527,.T.);
#7107=EDGE_CURVE('',#7956,#8526,#8528,.T.);
#7108=EDGE_CURVE('',#8526,#8529,#8530,.T.);
#7109=EDGE_CURVE('',#7958,#8529,#8531,.T.);
#7110=EDGE_CURVE('',#8529,#8521,#8532,.T.);
#7111=EDGE_CURVE('',#7961,#8533,#8534,.T.);
#7112=EDGE_CURVE('',#8533,#8535,#8536,.T.);
#7113=EDGE_CURVE('',#7962,#8535,#8537,.T.);
#7114=EDGE_CURVE('',#8535,#8538,#8539,.T.);
#7115=EDGE_CURVE('',#7964,#8538,#8540,.T.);
#7116=EDGE_CURVE('',#8538,#8541,#8542,.T.);
#7117=EDGE_CURVE('',#7966,#8541,#8543,.T.);
#7118=EDGE_CURVE('',#8541,#8544,#8545,.T.);
#7119=EDGE_CURVE('',#7968,#8544,#8546,.T.);
#7120=EDGE_CURVE('',#8544,#8547,#8548,.T.);
#7121=EDGE_CURVE('',#7970,#8547,#8549,.T.);
#7122=EDGE_CURVE('',#8547,#8550,#8551,.T.);
#7123=EDGE_CURVE('',#7972,#8550,#8552,.T.);
#7124=EDGE_CURVE('',#8550,#8553,#8554,.T.);
#7125=EDGE_CURVE('',#7974,#8553,#8555,.T.);
#7126=EDGE_CURVE('',#8553,#8556,#8557,.T.);
#7127=EDGE_CURVE('',#7976,#8556,#8558,.T.);
#7128=EDGE_CURVE('',#8556,#8559,#8560,.T.);
#7129=EDGE_CURVE('',#7978,#8559,#8561,.T.);
#7130=EDGE_CURVE('',#8559,#8562,#8563,.T.);
#7131=EDGE_CURVE('',#7980,#8562,#8564,.T.);
#7132=EDGE_CURVE('',#8562,#8565,#8566,.T.);
#7133=EDGE_CURVE('',#7982,#8565,#8567,.T.);
#7134=EDGE_CURVE('',#8565,#8568,#8569,.T.);
#7135=EDGE_CURVE('',#7984,#8568,#8570,.T.);
#7136=EDGE_CURVE('',#8568,#8571,#8572,.T.);
#7137=EDGE_CURVE('',#7986,#8571,#8573,.T.);
#7138=EDGE_CURVE('',#8571,#8533,#8574,.T.);
#7139=EDGE_CURVE('',#7989,#8575,#8576,.T.);
#7140=EDGE_CURVE('',#8575,#8577,#8578,.T.);
#7141=EDGE_CURVE('',#7990,#8577,#8579,.T.);
#7142=EDGE_CURVE('',#8577,#8580,#8581,.T.);
#7143=EDGE_CURVE('',#7992,#8580,#8582,.T.);
#7144=EDGE_CURVE('',#8580,#8583,#8584,.T.);
#7145=EDGE_CURVE('',#7994,#8583,#8585,.T.);
#7146=EDGE_CURVE('',#8583,#8575,#8586,.T.);
#7147=EDGE_CURVE('',#7997,#8587,#8588,.T.);
#7148=EDGE_CURVE('',#8587,#8589,#8590,.T.);
#7149=EDGE_CURVE('',#7998,#8589,#8591,.T.);
#7150=EDGE_CURVE('',#8589,#8592,#8593,.T.);
#7151=EDGE_CURVE('',#8000,#8592,#8594,.T.);
#7152=EDGE_CURVE('',#8592,#8595,#8596,.T.);
#7153=EDGE_CURVE('',#8002,#8595,#8597,.T.);
#7154=EDGE_CURVE('',#8595,#8598,#8599,.T.);
#7155=EDGE_CURVE('',#8004,#8598,#8600,.T.);
#7156=EDGE_CURVE('',#8598,#8601,#8602,.T.);
#7157=EDGE_CURVE('',#8006,#8601,#8603,.T.);
#7158=EDGE_CURVE('',#8601,#8604,#8605,.T.);
#7159=EDGE_CURVE('',#8008,#8604,#8606,.T.);
#7160=EDGE_CURVE('',#8604,#8607,#8608,.T.);
#7161=EDGE_CURVE('',#8010,#8607,#8609,.T.);
#7162=EDGE_CURVE('',#8607,#8610,#8611,.T.);
#7163=EDGE_CURVE('',#8012,#8610,#8612,.T.);
#7164=EDGE_CURVE('',#8610,#8613,#8614,.T.);
#7165=EDGE_CURVE('',#8014,#8613,#8615,.T.);
#7166=EDGE_CURVE('',#8613,#8587,#8616,.T.);
#7167=EDGE_CURVE('',#8017,#8617,#8618,.T.);
#7168=EDGE_CURVE('',#8617,#8619,#8620,.T.);
#7169=EDGE_CURVE('',#8018,#8619,#8621,.T.);
#7170=EDGE_CURVE('',#8619,#8622,#8623,.T.);
#7171=EDGE_CURVE('',#8020,#8622,#8624,.T.);
#7172=EDGE_CURVE('',#8622,#8625,#8626,.T.);
#7173=EDGE_CURVE('',#8022,#8625,#8627,.T.);
#7174=EDGE_CURVE('',#8625,#8617,#8628,.T.);
#7175=EDGE_CURVE('',#8025,#8629,#8630,.T.);
#7176=EDGE_CURVE('',#8629,#8631,#8632,.T.);
#7177=EDGE_CURVE('',#8026,#8631,#8633,.T.);
#7178=EDGE_CURVE('',#8631,#8634,#8635,.T.);
#7179=EDGE_CURVE('',#8028,#8634,#8636,.T.);
#7180=EDGE_CURVE('',#8634,#8637,#8638,.T.);
#7181=EDGE_CURVE('',#8030,#8637,#8639,.T.);
#7182=EDGE_CURVE('',#8637,#8629,#8640,.T.);
#7183=EDGE_CURVE('',#8033,#8641,#8642,.T.);
#7184=EDGE_CURVE('',#8641,#8643,#8644,.T.);
#7185=EDGE_CURVE('',#8034,#8643,#8645,.T.);
#7186=EDGE_CURVE('',#8643,#8646,#8647,.T.);
#7187=EDGE_CURVE('',#8036,#8646,#8648,.T.);
#7188=EDGE_CURVE('',#8646,#8649,#8650,.T.);
#7189=EDGE_CURVE('',#8038,#8649,#8651,.T.);
#7190=EDGE_CURVE('',#8649,#8652,#8653,.T.);
#7191=EDGE_CURVE('',#8040,#8652,#8654,.T.);
#7192=EDGE_CURVE('',#8652,#8655,#8656,.T.);
#7193=EDGE_CURVE('',#8042,#8655,#8657,.T.);
#7194=EDGE_CURVE('',#8655,#8658,#8659,.T.);
#7195=EDGE_CURVE('',#8044,#8658,#8660,.T.);
#7196=EDGE_CURVE('',#8658,#8661,#8662,.T.);
#7197=EDGE_CURVE('',#8046,#8661,#8663,.T.);
#7198=EDGE_CURVE('',#8661,#8664,#8665,.T.);
#7199=EDGE_CURVE('',#8048,#8664,#8666,.T.);
#7200=EDGE_CURVE('',#8664,#8667,#8668,.T.);
#7201=EDGE_CURVE('',#8050,#8667,#8669,.T.);
#7202=EDGE_CURVE('',#8667,#8641,#8670,.T.);
#7203=EDGE_CURVE('',#8053,#8671,#8672,.T.);
#7204=EDGE_CURVE('',#8671,#8673,#8674,.T.);
#7205=EDGE_CURVE('',#8054,#8673,#8675,.T.);
#7206=EDGE_CURVE('',#8673,#8676,#8677,.T.);
#7207=EDGE_CURVE('',#8056,#8676,#8678,.T.);
#7208=EDGE_CURVE('',#8676,#8679,#8680,.T.);
#7209=EDGE_CURVE('',#8058,#8679,#8681,.T.);
#7210=EDGE_CURVE('',#8679,#8682,#8683,.T.);
#7211=EDGE_CURVE('',#8060,#8682,#8684,.T.);
#7212=EDGE_CURVE('',#8682,#8685,#8686,.T.);
#7213=EDGE_CURVE('',#8062,#8685,#8687,.T.);
#7214=EDGE_CURVE('',#8685,#8688,#8689,.T.);
#7215=EDGE_CURVE('',#8064,#8688,#8690,.T.);
#7216=EDGE_CURVE('',#8688,#8691,#8692,.T.);
#7217=EDGE_CURVE('',#8066,#8691,#8693,.T.);
#7218=EDGE_CURVE('',#8691,#8694,#8695,.T.);
#7219=EDGE_CURVE('',#8068,#8694,#8696,.T.);
#7220=EDGE_CURVE('',#8694,#8697,#8698,.T.);
#7221=EDGE_CURVE('',#8070,#8697,#8699,.T.);
#7222=EDGE_CURVE('',#8697,#8671,#8700,.T.);
#7223=EDGE_CURVE('',#8073,#8701,#8702,.T.);
#7224=EDGE_CURVE('',#8701,#8703,#8704,.T.);
#7225=EDGE_CURVE('',#8074,#8703,#8705,.T.);
#7226=EDGE_CURVE('',#8703,#8706,#8707,.T.);
#7227=EDGE_CURVE('',#8076,#8706,#8708,.T.);
#7228=EDGE_CURVE('',#8706,#8709,#8710,.T.);
#7229=EDGE_CURVE('',#8078,#8709,#8711,.T.);
#7230=EDGE_CURVE('',#8709,#8701,#8712,.T.);
#7231=EDGE_CURVE('',#8713,#8714,#8715,.T.);
#7232=EDGE_CURVE('',#8714,#8716,#8717,.T.);
#7233=EDGE_CURVE('',#8718,#8716,#8719,.T.);
#7234=EDGE_CURVE('',#8713,#8718,#8720,.T.);
#7235=EDGE_CURVE('',#8716,#8714,#8721,.T.);
#7236=EDGE_CURVE('',#8718,#8713,#8722,.T.);
#7237=EDGE_CURVE('',#8081,#8723,#8724,.T.);
#7238=EDGE_CURVE('',#8723,#8725,#8726,.T.);
#7239=EDGE_CURVE('',#8082,#8725,#8727,.T.);
#7240=EDGE_CURVE('',#8725,#8728,#8729,.T.);
#7241=EDGE_CURVE('',#8084,#8728,#8730,.T.);
#7242=EDGE_CURVE('',#8728,#8731,#8732,.T.);
#7243=EDGE_CURVE('',#8086,#8731,#8733,.T.);
#7244=EDGE_CURVE('',#8731,#8723,#8734,.T.);
#7245=EDGE_CURVE('',#8089,#8735,#8736,.T.);
#7246=EDGE_CURVE('',#8735,#8737,#8738,.T.);
#7247=EDGE_CURVE('',#8090,#8737,#8739,.T.);
#7248=EDGE_CURVE('',#8737,#8740,#8741,.T.);
#7249=EDGE_CURVE('',#8092,#8740,#8742,.T.);
#7250=EDGE_CURVE('',#8740,#8743,#8744,.T.);
#7251=EDGE_CURVE('',#8094,#8743,#8745,.T.);
#7252=EDGE_CURVE('',#8743,#8746,#8747,.T.);
#7253=EDGE_CURVE('',#8096,#8746,#8748,.T.);
#7254=EDGE_CURVE('',#8746,#8749,#8750,.T.);
#7255=EDGE_CURVE('',#8098,#8749,#8751,.T.);
#7256=EDGE_CURVE('',#8749,#8752,#8753,.T.);
#7257=EDGE_CURVE('',#8100,#8752,#8754,.T.);
#7258=EDGE_CURVE('',#8752,#8755,#8756,.T.);
#7259=EDGE_CURVE('',#8102,#8755,#8757,.T.);
#7260=EDGE_CURVE('',#8755,#8758,#8759,.T.);
#7261=EDGE_CURVE('',#8104,#8758,#8760,.T.);
#7262=EDGE_CURVE('',#8758,#8761,#8762,.T.);
#7263=EDGE_CURVE('',#8106,#8761,#8763,.T.);
#7264=EDGE_CURVE('',#8761,#8764,#8765,.T.);
#7265=EDGE_CURVE('',#8108,#8764,#8766,.T.);
#7266=EDGE_CURVE('',#8764,#8767,#8768,.T.);
#7267=EDGE_CURVE('',#8110,#8767,#8769,.T.);
#7268=EDGE_CURVE('',#8767,#8770,#8771,.T.);
#7269=EDGE_CURVE('',#8112,#8770,#8772,.T.);
#7270=EDGE_CURVE('',#8770,#8773,#8774,.T.);
#7271=EDGE_CURVE('',#8114,#8773,#8775,.T.);
#7272=EDGE_CURVE('',#8773,#8735,#8776,.T.);
#7273=EDGE_CURVE('',#8117,#8777,#8778,.T.);
#7274=EDGE_CURVE('',#8777,#8779,#8780,.T.);
#7275=EDGE_CURVE('',#8118,#8779,#8781,.T.);
#7276=EDGE_CURVE('',#8779,#8782,#8783,.T.);
#7277=EDGE_CURVE('',#8120,#8782,#8784,.T.);
#7278=EDGE_CURVE('',#8782,#8785,#8786,.T.);
#7279=EDGE_CURVE('',#8122,#8785,#8787,.T.);
#7280=EDGE_CURVE('',#8785,#8788,#8789,.T.);
#7281=EDGE_CURVE('',#8124,#8788,#8790,.T.);
#7282=EDGE_CURVE('',#8788,#8791,#8792,.T.);
#7283=EDGE_CURVE('',#8126,#8791,#8793,.T.);
#7284=EDGE_CURVE('',#8791,#8794,#8795,.T.);
#7285=EDGE_CURVE('',#8128,#8794,#8796,.T.);
#7286=EDGE_CURVE('',#8794,#8797,#8798,.T.);
#7287=EDGE_CURVE('',#8130,#8797,#8799,.T.);
#7288=EDGE_CURVE('',#8797,#8777,#8800,.T.);
#7289=VERTEX_POINT('',#8801);
#7290=VERTEX_POINT('',#8802);
#7291=(B_SPLINE_CURVE(2,(#8804,#8805,#8806,#8807,#8808),.UNSPECIFIED.,.F.,.F.)B_SPLINE_CURVE_WITH_KNOTS((3,2,3),(-1.25663706143592,-0.62831853071796,0.0),.UNSPECIFIED.)RATIONAL_B_SPLINE_CURVE((1.0,0.707106781186548,1.0,0.707106781186548,1.0))BOUNDED_CURVE()REPRESENTATION_ITEM('')GEOMETRIC_REPRESENTATION_ITEM()CURVE());
#7292=(B_SPLINE_CURVE(2,(#8816,#8817,#8818,#8819,#8820),.UNSPECIFIED.,.F.,.F.)B_SPLINE_CURVE_WITH_KNOTS((3,2,3),(-2.51327412287183,-1.88495559215387,-1.25663706143592),.UNSPECIFIED.)RATIONAL_B_SPLINE_CURVE((1.0,0.707106781186548,1.0,0.707106781186548,1.0))BOUNDED_CURVE()REPRESENTATION_ITEM('')GEOMETRIC_REPRESENTATION_ITEM()CURVE());
#7293=VERTEX_POINT('',#8827);
#7294=B_SPLINE_CURVE_WITH_KNOTS('',1,(#8828,#8829),.UNSPECIFIED.,.F.,.F.,(2,2),(0.0,0.4),.UNSPECIFIED.);
#7295=VERTEX_POINT('',#8830);
#7296=(B_SPLINE_CURVE(2,(#8832,#8833,#8834,#8835,#8836),.UNSPECIFIED.,.F.,.F.)B_SPLINE_CURVE_WITH_KNOTS((3,2,3),(8.38443471423103E-18,0.471226992390474,0.942453984780949),.UNSPECIFIED.)RATIONAL_B_SPLINE_CURVE((1.0,0.707106781186548,1.0,0.707106781186548,1.0))BOUNDED_CURVE()REPRESENTATION_ITEM('')GEOMETRIC_REPRESENTATION_ITEM()CURVE());
#7297=B_SPLINE_CURVE_WITH_KNOTS('',1,(#8843,#8844),.UNSPECIFIED.,.F.,.F.,(2,2),(0.0,0.4),.UNSPECIFIED.);
#7298=VERTEX_POINT('',#8845);
#7299=VERTEX_POINT('',#8846);
#7300=(B_SPLINE_CURVE(2,(#8848,#8849,#8850,#8851,#8852),.UNSPECIFIED.,.F.,.F.)B_SPLINE_CURVE_WITH_KNOTS((3,2,3),(1.03875593022509E-16,0.471226992390475,0.942453984780949),.UNSPECIFIED.)RATIONAL_B_SPLINE_CURVE((1.0,0.707106781186548,1.0,0.707106781186548,1.0))BOUNDED_CURVE()REPRESENTATION_ITEM('')GEOMETRIC_REPRESENTATION_ITEM()CURVE());
#7301=(B_SPLINE_CURVE(2,(#8860,#8861,#8862,#8863,#8864),.UNSPECIFIED.,.F.,.F.)B_SPLINE_CURVE_WITH_KNOTS((3,2,3),(0.942453984780949,1.41368097717142,1.8849079695619),.UNSPECIFIED.)RATIONAL_B_SPLINE_CURVE((1.0,0.707106781186548,1.0,0.707106781186548,1.0))BOUNDED_CURVE()REPRESENTATION_ITEM('')GEOMETRIC_REPRESENTATION_ITEM()CURVE());
#7302=B_SPLINE_CURVE_WITH_KNOTS('',1,(#8871,#8872),.UNSPECIFIED.,.F.,.F.,(2,2),(1.05037105532165E-30,0.149326939624774),.UNSPECIFIED.);
#7303=B_SPLINE_CURVE_WITH_KNOTS('',1,(#8873,#8874),.UNSPECIFIED.,.F.,.F.,(2,2),(0.0,0.149326939624774),.UNSPECIFIED.);
#7304=(B_SPLINE_CURVE(2,(#8876,#8877,#8878,#8879,#8880),.UNSPECIFIED.,.F.,.F.)B_SPLINE_CURVE_WITH_KNOTS((3,2,3),(0.942453984780949,1.41368097717142,1.8849079695619),.UNSPECIFIED.)RATIONAL_B_SPLINE_CURVE((1.0,0.707106781186547,1.0,0.707106781186547,1.0))BOUNDED_CURVE()REPRESENTATION_ITEM('')GEOMETRIC_REPRESENTATION_ITEM()CURVE());
#7305=VERTEX_POINT('',#8887);
#7306=VERTEX_POINT('',#8888);
#7307=(B_SPLINE_CURVE(2,(#8890,#8891,#8892,#8893,#8894),.UNSPECIFIED.,.F.,.F.)B_SPLINE_CURVE_WITH_KNOTS((3,2,3),(-2.51327412287183,-1.88495559215387,-1.25663706143592),.UNSPECIFIED.)RATIONAL_B_SPLINE_CURVE((1.0,0.707106781186548,1.0,0.707106781186548,1.0))BOUNDED_CURVE()REPRESENTATION_ITEM('')GEOMETRIC_REPRESENTATION_ITEM()CURVE());
#7308=(B_SPLINE_CURVE(2,(#8902,#8903,#8904,#8905,#8906),.UNSPECIFIED.,.F.,.F.)B_SPLINE_CURVE_WITH_KNOTS((3,2,3),(-1.25663706143592,-0.62831853071796,0.0),.UNSPECIFIED.)RATIONAL_B_SPLINE_CURVE((1.0,0.707106781186548,1.0,0.707106781186548,1.0))BOUNDED_CURVE()REPRESENTATION_ITEM('')GEOMETRIC_REPRESENTATION_ITEM()CURVE());
#7309=VERTEX_POINT('',#8913);
#7310=B_SPLINE_CURVE_WITH_KNOTS('',1,(#8914,#8915),.UNSPECIFIED.,.F.,.F.,(2,2),(0.0,0.4),.UNSPECIFIED.);
#7311=VERTEX_POINT('',#8916);
#7312=(B_SPLINE_CURVE(2,(#8918,#8919,#8920,#8921,#8922),.UNSPECIFIED.,.F.,.F.)B_SPLINE_CURVE_WITH_KNOTS((3,2,3),(8.38443471423103E-18,0.471226992390474,0.942453984780949),.UNSPECIFIED.)RATIONAL_B_SPLINE_CURVE((1.0,0.707106781186548,1.0,0.707106781186548,1.0))BOUNDED_CURVE()REPRESENTATION_ITEM('')GEOMETRIC_REPRESENTATION_ITEM()CURVE());
#7313=B_SPLINE_CURVE_WITH_KNOTS('',1,(#8929,#8930),.UNSPECIFIED.,.F.,.F.,(2,2),(0.0,0.4),.UNSPECIFIED.);
#7314=VERTEX_POINT('',#8931);
#7315=VERTEX_POINT('',#8932);
#7316=(B_SPLINE_CURVE(2,(#8934,#8935,#8936,#8937,#8938),.UNSPECIFIED.,.F.,.F.)B_SPLINE_CURVE_WITH_KNOTS((3,2,3),(0.942453984780949,1.41368097717142,1.8849079695619),.UNSPECIFIED.)RATIONAL_B_SPLINE_CURVE((1.0,0.707106781186548,1.0,0.707106781186548,1.0))BOUNDED_CURVE()REPRESENTATION_ITEM('')GEOMETRIC_REPRESENTATION_ITEM()CURVE());
#7317=(B_SPLINE_CURVE(2,(#8946,#8947,#8948,#8949,#8950),.UNSPECIFIED.,.F.,.F.)B_SPLINE_CURVE_WITH_KNOTS((3,2,3),(1.03875593022509E-16,0.471226992390475,0.942453984780949),.UNSPECIFIED.)RATIONAL_B_SPLINE_CURVE((1.0,0.707106781186548,1.0,0.707106781186548,1.0))BOUNDED_CURVE()REPRESENTATION_ITEM('')GEOMETRIC_REPRESENTATION_ITEM()CURVE());
#7318=B_SPLINE_CURVE_WITH_KNOTS('',1,(#8957,#8958),.UNSPECIFIED.,.F.,.F.,(2,2),(0.0,0.149326939624774),.UNSPECIFIED.);
#7319=B_SPLINE_CURVE_WITH_KNOTS('',1,(#8959,#8960),.UNSPECIFIED.,.F.,.F.,(2,2),(1.05037105532165E-30,0.149326939624774),.UNSPECIFIED.);
#7320=(B_SPLINE_CURVE(2,(#8962,#8963,#8964,#8965,#8966),.UNSPECIFIED.,.F.,.F.)B_SPLINE_CURVE_WITH_KNOTS((3,2,3),(0.942453984780949,1.41368097717142,1.8849079695619),.UNSPECIFIED.)RATIONAL_B_SPLINE_CURVE((1.0,0.707106781186547,1.0,0.707106781186547,1.0))BOUNDED_CURVE()REPRESENTATION_ITEM('')GEOMETRIC_REPRESENTATION_ITEM()CURVE());
#7321=VERTEX_POINT('',#8973);
#7322=VERTEX_POINT('',#8974);
#7323=B_SPLINE_CURVE_WITH_KNOTS('',2,(#8975,#8976,#8977),.UNSPECIFIED.,.F.,.F.,(3,3),(-9.39997411419165,-8.89997411419165),.UNSPECIFIED.);
#7324=VERTEX_POINT('',#8978);
#7325=B_SPLINE_CURVE_WITH_KNOTS('',1,(#8979,#8980),.UNSPECIFIED.,.F.,.F.,(2,2),(0.0,0.5),.UNSPECIFIED.);
#7326=VERTEX_POINT('',#8981);
#7327=B_SPLINE_CURVE_WITH_KNOTS('',2,(#8982,#8983,#8984),.UNSPECIFIED.,.F.,.F.,(3,3),(8.89997411419165,9.39997411419165),.UNSPECIFIED.);
#7328=B_SPLINE_CURVE_WITH_KNOTS('',1,(#8985,#8986),.UNSPECIFIED.,.F.,.F.,(2,2),(0.0,0.5),.UNSPECIFIED.);
#7329=VERTEX_POINT('',#8987);
#7330=VERTEX_POINT('',#8988);
#7331=B_SPLINE_CURVE_WITH_KNOTS('',2,(#8989,#8990,#8991),.UNSPECIFIED.,.F.,.F.,(3,3),(-3.31928133145842,-3.1846173855295),.UNSPECIFIED.);
#7332=VERTEX_POINT('',#8992);
#7333=B_SPLINE_CURVE_WITH_KNOTS('',1,(#8993,#8994),.UNSPECIFIED.,.F.,.F.,(2,2),(0.607393789131466,2.09260621086853),.UNSPECIFIED.);
#7334=VERTEX_POINT('',#8995);
#7335=B_SPLINE_CURVE_WITH_KNOTS('',2,(#8996,#8997,#8998),.UNSPECIFIED.,.F.,.F.,(3,3),(3.1846173855295,3.31928133145842),.UNSPECIFIED.);
#7336=VERTEX_POINT('',#8999);
#7337=(B_SPLINE_CURVE(2,(#9001,#9002,#9003,#9004,#9005),.UNSPECIFIED.,.F.,.F.)B_SPLINE_CURVE_WITH_KNOTS((3,2,3),(0.337561190245496,0.504669563779294,0.671777937313091),.UNSPECIFIED.)RATIONAL_B_SPLINE_CURVE((1.0,0.848830098900919,1.0,0.848830098900919,1.0))BOUNDED_CURVE()REPRESENTATION_ITEM('')GEOMETRIC_REPRESENTATION_ITEM()CURVE());
#7338=VERTEX_POINT('',#9012);
#7339=B_SPLINE_CURVE_WITH_KNOTS('',2,(#9013,#9014,#9015),.UNSPECIFIED.,.F.,.F.,(3,3),(0.671777937313091,1.24270524756353),.UNSPECIFIED.);
#7340=VERTEX_POINT('',#9016);
#7341=B_SPLINE_CURVE_WITH_KNOTS('',2,(#9017,#9018,#9019),.UNSPECIFIED.,.F.,.F.,(3,3),(11.634441123265,12.0856883999059),.UNSPECIFIED.);
#7342=VERTEX_POINT('',#9020);
#7343=B_SPLINE_CURVE_WITH_KNOTS('',1,(#9021,#9022),.UNSPECIFIED.,.F.,.F.,(2,2),(0.0,0.5),.UNSPECIFIED.);
#7344=VERTEX_POINT('',#9023);
#7345=B_SPLINE_CURVE_WITH_KNOTS('',1,(#9024,#9025),.UNSPECIFIED.,.F.,.F.,(2,2),(0.220000000000001,0.25),.UNSPECIFIED.);
#7346=VERTEX_POINT('',#9026);
#7347=B_SPLINE_CURVE_WITH_KNOTS('',1,(#9027,#9028),.UNSPECIFIED.,.F.,.F.,(2,2),(0.25,1.95),.UNSPECIFIED.);
#7348=VERTEX_POINT('',#9029);
#7349=B_SPLINE_CURVE_WITH_KNOTS('',1,(#9030,#9031),.UNSPECIFIED.,.F.,.F.,(2,2),(1.95,1.98),.UNSPECIFIED.);
#7350=VERTEX_POINT('',#9032);
#7351=B_SPLINE_CURVE_WITH_KNOTS('',1,(#9033,#9034),.UNSPECIFIED.,.F.,.F.,(2,2),(2.2,2.7),.UNSPECIFIED.);
#7352=VERTEX_POINT('',#9035);
#7353=B_SPLINE_CURVE_WITH_KNOTS('',2,(#9036,#9037,#9038),.UNSPECIFIED.,.F.,.F.,(3,3),(11.634441123265,12.0856883999059),.UNSPECIFIED.);
#7354=VERTEX_POINT('',#9039);
#7355=B_SPLINE_CURVE_WITH_KNOTS('',2,(#9040,#9041,#9042),.UNSPECIFIED.,.F.,.F.,(3,3),(-1.24270524756353,-0.671777937313091),.UNSPECIFIED.);
#7356=(B_SPLINE_CURVE(2,(#9044,#9045,#9046,#9047,#9048),.UNSPECIFIED.,.F.,.F.)B_SPLINE_CURVE_WITH_KNOTS((3,2,3),(-0.671777937313091,-0.504669563779294,-0.337561190245496),.UNSPECIFIED.)RATIONAL_B_SPLINE_CURVE((1.0,0.848830098900919,1.0,0.848830098900919,1.0))BOUNDED_CURVE()REPRESENTATION_ITEM('')GEOMETRIC_REPRESENTATION_ITEM()CURVE());
#7357=VERTEX_POINT('',#9055);
#7358=B_SPLINE_CURVE_WITH_KNOTS('',1,(#9056,#9057),.UNSPECIFIED.,.F.,.F.,(2,2),(-0.5,0.0),.UNSPECIFIED.);
#7359=VERTEX_POINT('',#9058);
#7360=B_SPLINE_CURVE_WITH_KNOTS('',1,(#9059,#9060),.UNSPECIFIED.,.F.,.F.,(2,2),(2.2,2.7),.UNSPECIFIED.);
#7361=B_SPLINE_CURVE_WITH_KNOTS('',2,(#9061,#9062,#9063),.UNSPECIFIED.,.F.,.F.,(3,3),(12.0856883999059,12.5856883999059),.UNSPECIFIED.);
#7362=VERTEX_POINT('',#9064);
#7363=VERTEX_POINT('',#9065);
#7364=B_SPLINE_CURVE_WITH_KNOTS('',1,(#9066,#9067),.UNSPECIFIED.,.F.,.F.,(2,2),(0.0,0.500000000000001),.UNSPECIFIED.);
#7365=VERTEX_POINT('',#9068);
#7366=B_SPLINE_CURVE_WITH_KNOTS('',1,(#9069,#9070),.UNSPECIFIED.,.F.,.F.,(2,2),(2.2,2.7),.UNSPECIFIED.);
#7367=VERTEX_POINT('',#9071);
#7368=B_SPLINE_CURVE_WITH_KNOTS('',2,(#9072,#9073,#9074),.UNSPECIFIED.,.F.,.F.,(3,3),(8.89997411419165,9.39997411419165),.UNSPECIFIED.);
#7369=B_SPLINE_CURVE_WITH_KNOTS('',1,(#9075,#9076),.UNSPECIFIED.,.F.,.F.,(2,2),(2.2,2.7),.UNSPECIFIED.);
#7370=VERTEX_POINT('',#9077);
#7371=B_SPLINE_CURVE_WITH_KNOTS('',1,(#9078,#9079),.UNSPECIFIED.,.F.,.F.,(2,2),(0.0,0.5),.UNSPECIFIED.);
#7372=VERTEX_POINT('',#9080);
#7373=B_SPLINE_CURVE_WITH_KNOTS('',2,(#9081,#9082,#9083),.UNSPECIFIED.,.F.,.F.,(3,3),(12.0856883999059,12.5856883999059),.UNSPECIFIED.);
#7374=B_SPLINE_CURVE_WITH_KNOTS('',1,(#9084,#9085),.UNSPECIFIED.,.F.,.F.,(2,2),(0.0,0.5),.UNSPECIFIED.);
#7375=VERTEX_POINT('',#9086);
#7376=VERTEX_POINT('',#9087);
#7377=B_SPLINE_CURVE_WITH_KNOTS('',2,(#9088,#9089,#9090),.UNSPECIFIED.,.F.,.F.,(3,3),(0.337561190245496,0.472225136174418),.UNSPECIFIED.);
#7378=VERTEX_POINT('',#9091);
#7379=B_SPLINE_CURVE_WITH_KNOTS('',1,(#9092,#9093),.UNSPECIFIED.,.F.,.F.,(2,2),(0.607393789131468,2.09260621086853),.UNSPECIFIED.);
#7380=VERTEX_POINT('',#9094);
#7381=B_SPLINE_CURVE_WITH_KNOTS('',2,(#9095,#9096,#9097),.UNSPECIFIED.,.F.,.F.,(3,3),(-0.472225136174418,-0.337561190245496),.UNSPECIFIED.);
#7382=VERTEX_POINT('',#9098);
#7383=(B_SPLINE_CURVE(2,(#9100,#9101,#9102,#9103,#9104),.UNSPECIFIED.,.F.,.F.)B_SPLINE_CURVE_WITH_KNOTS((3,2,3),(-3.31928133145842,-3.15217295792463,-2.98506458439083),.UNSPECIFIED.)RATIONAL_B_SPLINE_CURVE((1.0,0.848830098900919,1.0,0.848830098900919,1.0))BOUNDED_CURVE()REPRESENTATION_ITEM('')GEOMETRIC_REPRESENTATION_ITEM()CURVE());
#7384=VERTEX_POINT('',#9111);
#7385=B_SPLINE_CURVE_WITH_KNOTS('',2,(#9112,#9113,#9114),.UNSPECIFIED.,.F.,.F.,(3,3),(-2.98506458439083,-2.41413727414039),.UNSPECIFIED.);
#7386=B_SPLINE_CURVE_WITH_KNOTS('',2,(#9115,#9116,#9117),.UNSPECIFIED.,.F.,.F.,(3,3),(9.39997411419165,9.85122139083256),.UNSPECIFIED.);
#7387=VERTEX_POINT('',#9118);
#7388=B_SPLINE_CURVE_WITH_KNOTS('',1,(#9119,#9120),.UNSPECIFIED.,.F.,.F.,(2,2),(1.92,1.95),.UNSPECIFIED.);
#7389=VERTEX_POINT('',#9121);
#7390=B_SPLINE_CURVE_WITH_KNOTS('',1,(#9122,#9123),.UNSPECIFIED.,.F.,.F.,(2,2),(1.95,3.65),.UNSPECIFIED.);
#7391=B_SPLINE_CURVE_WITH_KNOTS('',2,(#9124,#9125,#9126),.UNSPECIFIED.,.F.,.F.,(3,3),(-9.42140268562022,-9.39997411419165),.UNSPECIFIED.);
#7392=VERTEX_POINT('',#9127);
#7393=B_SPLINE_CURVE_WITH_KNOTS('',2,(#9128,#9129,#9130),.UNSPECIFIED.,.F.,.F.,(3,3),(9.39997411419165,9.85122139083256),.UNSPECIFIED.);
#7394=VERTEX_POINT('',#9131);
#7395=B_SPLINE_CURVE_WITH_KNOTS('',2,(#9132,#9133,#9134),.UNSPECIFIED.,.F.,.F.,(3,3),(2.41413727414039,2.98506458439083),.UNSPECIFIED.);
#7396=(B_SPLINE_CURVE(2,(#9136,#9137,#9138,#9139,#9140),.UNSPECIFIED.,.F.,.F.)B_SPLINE_CURVE_WITH_KNOTS((3,2,3),(2.98506458439083,3.15217295792463,3.31928133145842),.UNSPECIFIED.)RATIONAL_B_SPLINE_CURVE((1.0,0.848830098900919,1.0,0.848830098900919,1.0))BOUNDED_CURVE()REPRESENTATION_ITEM('')GEOMETRIC_REPRESENTATION_ITEM()CURVE());
#7397=VERTEX_POINT('',#9147);
#7398=VERTEX_POINT('',#9148);
#7399=B_SPLINE_CURVE_WITH_KNOTS('',2,(#9149,#9150,#9151),.UNSPECIFIED.,.F.,.F.,(3,3),(0.675122380490992,1.27402049297494),.UNSPECIFIED.);
#7400=VERTEX_POINT('',#9152);
#7401=B_SPLINE_CURVE_WITH_KNOTS('',2,(#9153,#9154,#9155),.UNSPECIFIED.,.F.,.F.,(3,3),(10.2840683704509,11.2015941436467),.UNSPECIFIED.);
#7402=VERTEX_POINT('',#9156);
#7403=B_SPLINE_CURVE_WITH_KNOTS('',2,(#9157,#9158,#9159),.UNSPECIFIED.,.F.,.F.,(3,3),(2.38282202872898,2.98172014121292),.UNSPECIFIED.);
#7404=VERTEX_POINT('',#9160);
#7405=B_SPLINE_CURVE_WITH_KNOTS('',1,(#9161,#9162),.UNSPECIFIED.,.F.,.F.,(2,2),(0.199999999999999,0.4),.UNSPECIFIED.);
#7406=VERTEX_POINT('',#9163);
#7407=B_SPLINE_CURVE_WITH_KNOTS('',1,(#9164,#9165),.UNSPECIFIED.,.F.,.F.,(2,2),(0.598898112483947,2.10110188751605),.UNSPECIFIED.);
#7408=VERTEX_POINT('',#9166);
#7409=B_SPLINE_CURVE_WITH_KNOTS('',1,(#9167,#9168),.UNSPECIFIED.,.F.,.F.,(2,2),(0.199999999999999,0.4),.UNSPECIFIED.);
#7410=VERTEX_POINT('',#9169);
#7411=B_SPLINE_CURVE_WITH_KNOTS('',2,(#9170,#9171,#9172),.UNSPECIFIED.,.F.,.F.,(3,3),(-2.98172014121292,-2.38282202872898),.UNSPECIFIED.);
#7412=VERTEX_POINT('',#9173);
#7413=B_SPLINE_CURVE_WITH_KNOTS('',2,(#9174,#9175,#9176),.UNSPECIFIED.,.F.,.F.,(3,3),(10.2840683704509,11.2015941436467),.UNSPECIFIED.);
#7414=VERTEX_POINT('',#9177);
#7415=B_SPLINE_CURVE_WITH_KNOTS('',2,(#9178,#9179,#9180),.UNSPECIFIED.,.F.,.F.,(3,3),(-1.27402049297494,-0.675122380490992),.UNSPECIFIED.);
#7416=VERTEX_POINT('',#9181);
#7417=B_SPLINE_CURVE_WITH_KNOTS('',1,(#9182,#9183),.UNSPECIFIED.,.F.,.F.,(2,2),(0.199999999999999,0.4),.UNSPECIFIED.);
#7418=VERTEX_POINT('',#9184);
#7419=B_SPLINE_CURVE_WITH_KNOTS('',1,(#9185,#9186),.UNSPECIFIED.,.F.,.F.,(2,2),(0.598898112483945,2.10110188751605),.UNSPECIFIED.);
#7420=B_SPLINE_CURVE_WITH_KNOTS('',1,(#9187,#9188),.UNSPECIFIED.,.F.,.F.,(2,2),(0.199999999999999,0.4),.UNSPECIFIED.);
#7421=VERTEX_POINT('',#9189);
#7422=B_SPLINE_CURVE_WITH_KNOTS('',3,(#9190,#9191,#9192,#9193),.UNSPECIFIED.,.F.,.F.,(4,4),(5.30997602971859E-15,0.0139101942703625),.UNSPECIFIED.);
#7423=(B_SPLINE_CURVE(2,(#9195,#9196,#9197),.UNSPECIFIED.,.F.,.F.)B_SPLINE_CURVE_WITH_KNOTS((3,3),(0.012097468063663,0.314159265358986),.UNSPECIFIED.)RATIONAL_B_SPLINE_CURVE((1.0,0.726304760271511,1.0))BOUNDED_CURVE()REPRESENTATION_ITEM('')GEOMETRIC_REPRESENTATION_ITEM()CURVE());
#7424=VERTEX_POINT('',#9204);
#7425=(B_SPLINE_CURVE(2,(#9206,#9207,#9208),.UNSPECIFIED.,.F.,.F.)B_SPLINE_CURVE_WITH_KNOTS((3,3),(-0.314159265358986,-0.012097468063663),.UNSPECIFIED.)RATIONAL_B_SPLINE_CURVE((1.0,0.726304760271517,1.0))BOUNDED_CURVE()REPRESENTATION_ITEM('')GEOMETRIC_REPRESENTATION_ITEM()CURVE());
#7426=B_SPLINE_CURVE_WITH_KNOTS('',3,(#9215,#9216,#9217,#9218),.UNSPECIFIED.,.F.,.F.,(4,4),(0.0,0.0139101942703623),.UNSPECIFIED.);
#7427=VERTEX_POINT('',#9219);
#7428=B_SPLINE_CURVE_WITH_KNOTS('',3,(#9220,#9221,#9222,#9223),.UNSPECIFIED.,.F.,.F.,(4,4),(0.0,0.0139101942703617),.UNSPECIFIED.);
#7429=(B_SPLINE_CURVE(2,(#9225,#9226,#9227),.UNSPECIFIED.,.F.,.F.)B_SPLINE_CURVE_WITH_KNOTS((3,3),(-0.302061797295319,0.0),.UNSPECIFIED.)RATIONAL_B_SPLINE_CURVE((1.0,0.726304760271514,1.0))BOUNDED_CURVE()REPRESENTATION_ITEM('')GEOMETRIC_REPRESENTATION_ITEM()CURVE());
#7430=VERTEX_POINT('',#9234);
#7431=(B_SPLINE_CURVE(2,(#9236,#9237,#9238),.UNSPECIFIED.,.F.,.F.)B_SPLINE_CURVE_WITH_KNOTS((3,3),(0.0,0.302061797295319),.UNSPECIFIED.)RATIONAL_B_SPLINE_CURVE((1.0,0.72630476027153,1.0))BOUNDED_CURVE()REPRESENTATION_ITEM('')GEOMETRIC_REPRESENTATION_ITEM()CURVE());
#7432=B_SPLINE_CURVE_WITH_KNOTS('',3,(#9245,#9246,#9247,#9248),.UNSPECIFIED.,.F.,.F.,(4,4),(0.0,0.0139101942703616),.UNSPECIFIED.);
#7433=VERTEX_POINT('',#9249);
#7434=VERTEX_POINT('',#9250);
#7435=B_SPLINE_CURVE_WITH_KNOTS('',1,(#9251,#9252),.UNSPECIFIED.,.F.,.F.,(2,2),(0.0,0.5),.UNSPECIFIED.);
#7436=VERTEX_POINT('',#9253);
#7437=B_SPLINE_CURVE_WITH_KNOTS('',2,(#9254,#9255,#9256),.UNSPECIFIED.,.F.,.F.,(3,3),(8.89997411419165,9.39997411419165),.UNSPECIFIED.);
#7438=VERTEX_POINT('',#9257);
#7439=B_SPLINE_CURVE_WITH_KNOTS('',1,(#9258,#9259),.UNSPECIFIED.,.F.,.F.,(2,2),(0.0,0.5),.UNSPECIFIED.);
#7440=B_SPLINE_CURVE_WITH_KNOTS('',2,(#9260,#9261,#9262),.UNSPECIFIED.,.F.,.F.,(3,3),(-9.39997411419165,-8.89997411419165),.UNSPECIFIED.);
#7441=VERTEX_POINT('',#9263);
#7442=VERTEX_POINT('',#9264);
#7443=(B_SPLINE_CURVE(2,(#9266,#9267,#9268,#9269,#9270),.UNSPECIFIED.,.F.,.F.)B_SPLINE_CURVE_WITH_KNOTS((3,2,3),(-0.671777937313091,-0.504669563779294,-0.337561190245496),.UNSPECIFIED.)RATIONAL_B_SPLINE_CURVE((1.0,0.848830098900918,1.0,0.848830098900918,1.0))BOUNDED_CURVE()REPRESENTATION_ITEM('')GEOMETRIC_REPRESENTATION_ITEM()CURVE());
#7444=VERTEX_POINT('',#9277);
#7445=B_SPLINE_CURVE_WITH_KNOTS('',2,(#9278,#9279,#9280),.UNSPECIFIED.,.F.,.F.,(3,3),(-1.24270524756353,-0.671777937313091),.UNSPECIFIED.);
#7446=VERTEX_POINT('',#9281);
#7447=B_SPLINE_CURVE_WITH_KNOTS('',2,(#9282,#9283,#9284),.UNSPECIFIED.,.F.,.F.,(3,3),(11.634441123265,12.0856883999059),.UNSPECIFIED.);
#7448=VERTEX_POINT('',#9285);
#7449=B_SPLINE_CURVE_WITH_KNOTS('',1,(#9286,#9287),.UNSPECIFIED.,.F.,.F.,(2,2),(2.2,2.7),.UNSPECIFIED.);
#7450=VERTEX_POINT('',#9288);
#7451=B_SPLINE_CURVE_WITH_KNOTS('',1,(#9289,#9290),.UNSPECIFIED.,.F.,.F.,(2,2),(1.95,1.98),.UNSPECIFIED.);
#7452=VERTEX_POINT('',#9291);
#7453=B_SPLINE_CURVE_WITH_KNOTS('',1,(#9292,#9293),.UNSPECIFIED.,.F.,.F.,(2,2),(0.25,1.95),.UNSPECIFIED.);
#7454=VERTEX_POINT('',#9294);
#7455=B_SPLINE_CURVE_WITH_KNOTS('',1,(#9295,#9296),.UNSPECIFIED.,.F.,.F.,(2,2),(0.220000000000001,0.25),.UNSPECIFIED.);
#7456=VERTEX_POINT('',#9297);
#7457=B_SPLINE_CURVE_WITH_KNOTS('',1,(#9298,#9299),.UNSPECIFIED.,.F.,.F.,(2,2),(0.0,0.5),.UNSPECIFIED.);
#7458=VERTEX_POINT('',#9300);
#7459=B_SPLINE_CURVE_WITH_KNOTS('',2,(#9301,#9302,#9303),.UNSPECIFIED.,.F.,.F.,(3,3),(11.634441123265,12.0856883999059),.UNSPECIFIED.);
#7460=VERTEX_POINT('',#9304);
#7461=B_SPLINE_CURVE_WITH_KNOTS('',2,(#9305,#9306,#9307),.UNSPECIFIED.,.F.,.F.,(3,3),(0.671777937313091,1.24270524756353),.UNSPECIFIED.);
#7462=VERTEX_POINT('',#9308);
#7463=(B_SPLINE_CURVE(2,(#9310,#9311,#9312,#9313,#9314),.UNSPECIFIED.,.F.,.F.)B_SPLINE_CURVE_WITH_KNOTS((3,2,3),(0.337561190245496,0.504669563779294,0.671777937313091),.UNSPECIFIED.)RATIONAL_B_SPLINE_CURVE((1.0,0.848830098900919,1.0,0.848830098900919,1.0))BOUNDED_CURVE()REPRESENTATION_ITEM('')GEOMETRIC_REPRESENTATION_ITEM()CURVE());
#7464=VERTEX_POINT('',#9321);
#7465=B_SPLINE_CURVE_WITH_KNOTS('',2,(#9322,#9323,#9324),.UNSPECIFIED.,.F.,.F.,(3,3),(3.1846173855295,3.31928133145842),.UNSPECIFIED.);
#7466=VERTEX_POINT('',#9325);
#7467=B_SPLINE_CURVE_WITH_KNOTS('',3,(#9326,#9327,#9328,#9329),.UNSPECIFIED.,.F.,.F.,(4,4),(0.607393789131466,2.09260621086853),.UNSPECIFIED.);
#7468=B_SPLINE_CURVE_WITH_KNOTS('',2,(#9330,#9331,#9332),.UNSPECIFIED.,.F.,.F.,(3,3),(-3.31928133145842,-3.18461738552949),.UNSPECIFIED.);
#7469=VERTEX_POINT('',#9333);
#7470=VERTEX_POINT('',#9334);
#7471=B_SPLINE_CURVE_WITH_KNOTS('',1,(#9335,#9336),.UNSPECIFIED.,.F.,.F.,(2,2),(2.2,2.7),.UNSPECIFIED.);
#7472=VERTEX_POINT('',#9337);
#7473=B_SPLINE_CURVE_WITH_KNOTS('',2,(#9338,#9339,#9340),.UNSPECIFIED.,.F.,.F.,(3,3),(12.0856883999059,12.5856883999059),.UNSPECIFIED.);
#7474=VERTEX_POINT('',#9341);
#7475=B_SPLINE_CURVE_WITH_KNOTS('',1,(#9342,#9343),.UNSPECIFIED.,.F.,.F.,(2,2),(2.2,2.7),.UNSPECIFIED.);
#7476=B_SPLINE_CURVE_WITH_KNOTS('',1,(#9344,#9345),.UNSPECIFIED.,.F.,.F.,(2,2),(-0.5,0.0),.UNSPECIFIED.);
#7477=VERTEX_POINT('',#9346);
#7478=VERTEX_POINT('',#9347);
#7479=B_SPLINE_CURVE_WITH_KNOTS('',1,(#9348,#9349),.UNSPECIFIED.,.F.,.F.,(2,2),(2.2,2.7),.UNSPECIFIED.);
#7480=VERTEX_POINT('',#9350);
#7481=B_SPLINE_CURVE_WITH_KNOTS('',2,(#9351,#9352,#9353),.UNSPECIFIED.,.F.,.F.,(3,3),(8.89997411419165,9.39997411419165),.UNSPECIFIED.);
#7482=VERTEX_POINT('',#9354);
#7483=B_SPLINE_CURVE_WITH_KNOTS('',1,(#9355,#9356),.UNSPECIFIED.,.F.,.F.,(2,2),(2.2,2.7),.UNSPECIFIED.);
#7484=B_SPLINE_CURVE_WITH_KNOTS('',1,(#9357,#9358),.UNSPECIFIED.,.F.,.F.,(2,2),(0.0,0.500000000000001),.UNSPECIFIED.);
#7485=VERTEX_POINT('',#9359);
#7486=VERTEX_POINT('',#9360);
#7487=B_SPLINE_CURVE_WITH_KNOTS('',1,(#9361,#9362),.UNSPECIFIED.,.F.,.F.,(2,2),(0.0,0.5),.UNSPECIFIED.);
#7488=VERTEX_POINT('',#9363);
#7489=B_SPLINE_CURVE_WITH_KNOTS('',2,(#9364,#9365,#9366),.UNSPECIFIED.,.F.,.F.,(3,3),(12.0856883999059,12.5856883999059),.UNSPECIFIED.);
#7490=VERTEX_POINT('',#9367);
#7491=B_SPLINE_CURVE_WITH_KNOTS('',1,(#9368,#9369),.UNSPECIFIED.,.F.,.F.,(2,2),(0.0,0.5),.UNSPECIFIED.);
#7492=B_SPLINE_CURVE_WITH_KNOTS('',1,(#9370,#9371),.UNSPECIFIED.,.F.,.F.,(2,2),(0.0,0.5),.UNSPECIFIED.);
#7493=VERTEX_POINT('',#9372);
#7494=VERTEX_POINT('',#9373);
#7495=(B_SPLINE_CURVE(2,(#9375,#9376,#9377,#9378,#9379),.UNSPECIFIED.,.F.,.F.)B_SPLINE_CURVE_WITH_KNOTS((3,2,3),(2.98506458439083,3.15217295792463,3.31928133145842),.UNSPECIFIED.)RATIONAL_B_SPLINE_CURVE((1.0,0.848830098900919,1.0,0.848830098900919,1.0))BOUNDED_CURVE()REPRESENTATION_ITEM('')GEOMETRIC_REPRESENTATION_ITEM()CURVE());
#7496=VERTEX_POINT('',#9386);
#7497=B_SPLINE_CURVE_WITH_KNOTS('',2,(#9387,#9388,#9389),.UNSPECIFIED.,.F.,.F.,(3,3),(2.41413727414039,2.98506458439083),.UNSPECIFIED.);
#7498=VERTEX_POINT('',#9390);
#7499=B_SPLINE_CURVE_WITH_KNOTS('',2,(#9391,#9392,#9393),.UNSPECIFIED.,.F.,.F.,(3,3),(9.39997411419165,9.85122139083256),.UNSPECIFIED.);
#7500=VERTEX_POINT('',#9394);
#7501=B_SPLINE_CURVE_WITH_KNOTS('',1,(#9395,#9396),.UNSPECIFIED.,.F.,.F.,(2,2),(0.0,0.5),.UNSPECIFIED.);
#7502=VERTEX_POINT('',#9397);
#7503=B_SPLINE_CURVE_WITH_KNOTS('',2,(#9398,#9399,#9400),.UNSPECIFIED.,.F.,.F.,(3,3),(-9.42140268562022,-9.39997411419165),.UNSPECIFIED.);
#7504=VERTEX_POINT('',#9401);
#7505=B_SPLINE_CURVE_WITH_KNOTS('',1,(#9402,#9403),.UNSPECIFIED.,.F.,.F.,(2,2),(1.95,3.65),.UNSPECIFIED.);
#7506=VERTEX_POINT('',#9404);
#7507=B_SPLINE_CURVE_WITH_KNOTS('',1,(#9405,#9406),.UNSPECIFIED.,.F.,.F.,(2,2),(1.92,1.95),.UNSPECIFIED.);
#7508=VERTEX_POINT('',#9407);
#7509=B_SPLINE_CURVE_WITH_KNOTS('',1,(#9408,#9409),.UNSPECIFIED.,.F.,.F.,(2,2),(2.2,2.7),.UNSPECIFIED.);
#7510=VERTEX_POINT('',#9410);
#7511=B_SPLINE_CURVE_WITH_KNOTS('',2,(#9411,#9412,#9413),.UNSPECIFIED.,.F.,.F.,(3,3),(9.39997411419165,9.85122139083256),.UNSPECIFIED.);
#7512=VERTEX_POINT('',#9414);
#7513=B_SPLINE_CURVE_WITH_KNOTS('',2,(#9415,#9416,#9417),.UNSPECIFIED.,.F.,.F.,(3,3),(-2.98506458439083,-2.41413727414039),.UNSPECIFIED.);
#7514=VERTEX_POINT('',#9418);
#7515=(B_SPLINE_CURVE(2,(#9420,#9421,#9422,#9423,#9424),.UNSPECIFIED.,.F.,.F.)B_SPLINE_CURVE_WITH_KNOTS((3,2,3),(-3.31928133145842,-3.15217295792463,-2.98506458439083),.UNSPECIFIED.)RATIONAL_B_SPLINE_CURVE((1.0,0.848830098900919,1.0,0.848830098900919,1.0))BOUNDED_CURVE()REPRESENTATION_ITEM('')GEOMETRIC_REPRESENTATION_ITEM()CURVE());
#7516=VERTEX_POINT('',#9431);
#7517=B_SPLINE_CURVE_WITH_KNOTS('',2,(#9432,#9433,#9434),.UNSPECIFIED.,.F.,.F.,(3,3),(-0.472225136174418,-0.337561190245496),.UNSPECIFIED.);
#7518=VERTEX_POINT('',#9435);
#7519=B_SPLINE_CURVE_WITH_KNOTS('',3,(#9436,#9437,#9438,#9439),.UNSPECIFIED.,.F.,.F.,(4,4),(0.607393789131468,2.09260621086853),.UNSPECIFIED.);
#7520=B_SPLINE_CURVE_WITH_KNOTS('',2,(#9440,#9441,#9442),.UNSPECIFIED.,.F.,.F.,(3,3),(0.337561190245496,0.472225136174418),.UNSPECIFIED.);
#7521=VERTEX_POINT('',#9443);
#7522=B_SPLINE_CURVE_WITH_KNOTS('',1,(#9444,#9445),.UNSPECIFIED.,.F.,.F.,(2,2),(-0.4,-0.19999999999998),.UNSPECIFIED.);
#7523=VERTEX_POINT('',#9446);
#7524=B_SPLINE_CURVE_WITH_KNOTS('',1,(#9447,#9448),.UNSPECIFIED.,.F.,.F.,(2,2),(-0.689672620991107,-0.0822788318596402),.UNSPECIFIED.);
#7525=VERTEX_POINT('',#9449);
#7526=B_SPLINE_CURVE_WITH_KNOTS('',2,(#9450,#9451,#9452),.UNSPECIFIED.,.F.,.F.,(3,3),(10.2840683704509,11.2015941436467),.UNSPECIFIED.);
#7527=VERTEX_POINT('',#9453);
#7528=B_SPLINE_CURVE_WITH_KNOTS('',1,(#9454,#9455),.UNSPECIFIED.,.F.,.F.,(2,2),(0.0822788318596402,0.689672620991107),.UNSPECIFIED.);
#7529=B_SPLINE_CURVE_WITH_KNOTS('',2,(#9456,#9457,#9458),.UNSPECIFIED.,.F.,.F.,(3,3),(-11.2222127003478,-11.2015941436467),.UNSPECIFIED.);
#7530=VERTEX_POINT('',#9459);
#7531=B_SPLINE_CURVE_WITH_KNOTS('',2,(#9460,#9461,#9462),.UNSPECIFIED.,.F.,.F.,(3,3),(11.2015941436467,11.2222127003478),.UNSPECIFIED.);
#7532=VERTEX_POINT('',#9463);
#7533=B_SPLINE_CURVE_WITH_KNOTS('',1,(#9464,#9465),.UNSPECIFIED.,.F.,.F.,(2,2),(-2.01032737900889,-1.40293358987743),.UNSPECIFIED.);
#7534=VERTEX_POINT('',#9466);
#7535=B_SPLINE_CURVE_WITH_KNOTS('',2,(#9467,#9468,#9469),.UNSPECIFIED.,.F.,.F.,(3,3),(10.2840683704509,11.2015941436467),.UNSPECIFIED.);
#7536=VERTEX_POINT('',#9470);
#7537=B_SPLINE_CURVE_WITH_KNOTS('',1,(#9471,#9472),.UNSPECIFIED.,.F.,.F.,(2,2),(1.40293358987743,2.01032737900889),.UNSPECIFIED.);
#7538=B_SPLINE_CURVE_WITH_KNOTS('',1,(#9473,#9474),.UNSPECIFIED.,.F.,.F.,(2,2),(0.199999999999981,0.4),.UNSPECIFIED.);
#7539=(B_SPLINE_CURVE(2,(#9476,#9477,#9478,#9479,#9480),.UNSPECIFIED.,.F.,.F.)B_SPLINE_CURVE_WITH_KNOTS((3,2,3),(0.0,0.5,1.0),.UNSPECIFIED.)RATIONAL_B_SPLINE_CURVE((1.0,0.923879532511287,1.0,0.923879532511287,1.0))BOUNDED_CURVE()REPRESENTATION_ITEM('')GEOMETRIC_REPRESENTATION_ITEM()CURVE());
#7540=(B_SPLINE_CURVE(2,(#9488,#9489,#9490,#9491,#9492),.UNSPECIFIED.,.F.,.F.)B_SPLINE_CURVE_WITH_KNOTS((3,2,3),(-1.0,-0.5,0.0),.UNSPECIFIED.)RATIONAL_B_SPLINE_CURVE((1.0,0.923879532511287,1.0,0.923879532511287,1.0))BOUNDED_CURVE()REPRESENTATION_ITEM('')GEOMETRIC_REPRESENTATION_ITEM()CURVE());
#7541=(B_SPLINE_CURVE(2,(#9500,#9501,#9502,#9503,#9504),.UNSPECIFIED.,.F.,.F.)B_SPLINE_CURVE_WITH_KNOTS((3,2,3),(0.0,0.5,1.0),.UNSPECIFIED.)RATIONAL_B_SPLINE_CURVE((1.0,0.923879532511287,1.0,0.923879532511287,1.0))BOUNDED_CURVE()REPRESENTATION_ITEM('')GEOMETRIC_REPRESENTATION_ITEM()CURVE());
#7542=(B_SPLINE_CURVE(2,(#9512,#9513,#9514,#9515,#9516),.UNSPECIFIED.,.F.,.F.)B_SPLINE_CURVE_WITH_KNOTS((3,2,3),(-1.0,-0.5,0.0),.UNSPECIFIED.)RATIONAL_B_SPLINE_CURVE((1.0,0.923879532511287,1.0,0.923879532511287,1.0))BOUNDED_CURVE()REPRESENTATION_ITEM('')GEOMETRIC_REPRESENTATION_ITEM()CURVE());
#7543=(B_SPLINE_CURVE(2,(#9524,#9525,#9526,#9527,#9528),.UNSPECIFIED.,.F.,.F.)B_SPLINE_CURVE_WITH_KNOTS((3,2,3),(0.0,0.5,1.0),.UNSPECIFIED.)RATIONAL_B_SPLINE_CURVE((1.0,0.923879532511288,1.0,0.923879532511288,1.0))BOUNDED_CURVE()REPRESENTATION_ITEM('')GEOMETRIC_REPRESENTATION_ITEM()CURVE());
#7544=(B_SPLINE_CURVE(2,(#9536,#9537,#9538,#9539,#9540),.UNSPECIFIED.,.F.,.F.)B_SPLINE_CURVE_WITH_KNOTS((3,2,3),(-1.0,-0.5,0.0),.UNSPECIFIED.)RATIONAL_B_SPLINE_CURVE((1.0,0.923879532511287,1.0,0.923879532511287,1.0))BOUNDED_CURVE()REPRESENTATION_ITEM('')GEOMETRIC_REPRESENTATION_ITEM()CURVE());
#7545=(B_SPLINE_CURVE(2,(#9548,#9549,#9550,#9551,#9552),.UNSPECIFIED.,.F.,.F.)B_SPLINE_CURVE_WITH_KNOTS((3,2,3),(0.0,0.5,1.0),.UNSPECIFIED.)RATIONAL_B_SPLINE_CURVE((1.0,0.923879532511286,0.999999999999999,0.923879532511286,1.0))BOUNDED_CURVE()REPRESENTATION_ITEM('')GEOMETRIC_REPRESENTATION_ITEM()CURVE());
#7546=(B_SPLINE_CURVE(2,(#9560,#9561,#9562,#9563,#9564),.UNSPECIFIED.,.F.,.F.)B_SPLINE_CURVE_WITH_KNOTS((3,2,3),(-1.0,-0.5,0.0),.UNSPECIFIED.)RATIONAL_B_SPLINE_CURVE((1.0,0.923879532511287,1.0,0.923879532511287,1.0))BOUNDED_CURVE()REPRESENTATION_ITEM('')GEOMETRIC_REPRESENTATION_ITEM()CURVE());
#7547=B_SPLINE_CURVE_WITH_KNOTS('',1,(#9571,#9572),.UNSPECIFIED.,.F.,.F.,(2,2),(-1.0,0.0),.UNSPECIFIED.);
#7548=B_SPLINE_CURVE_WITH_KNOTS('',1,(#9573,#9574),.UNSPECIFIED.,.F.,.F.,(2,2),(0.0,1.0),.UNSPECIFIED.);
#7549=B_SPLINE_CURVE_WITH_KNOTS('',1,(#9575,#9576),.UNSPECIFIED.,.F.,.F.,(2,2),(-1.0,0.0),.UNSPECIFIED.);
#7550=B_SPLINE_CURVE_WITH_KNOTS('',1,(#9577,#9578),.UNSPECIFIED.,.F.,.F.,(2,2),(-1.0,0.0),.UNSPECIFIED.);
#7551=B_SPLINE_CURVE_WITH_KNOTS('',1,(#9579,#9580),.UNSPECIFIED.,.F.,.F.,(2,2),(-1.0,0.0),.UNSPECIFIED.);
#7552=B_SPLINE_CURVE_WITH_KNOTS('',1,(#9581,#9582),.UNSPECIFIED.,.F.,.F.,(2,2),(0.0,1.0),.UNSPECIFIED.);
#7553=B_SPLINE_CURVE_WITH_KNOTS('',1,(#9583,#9584),.UNSPECIFIED.,.F.,.F.,(2,2),(-1.0,0.0),.UNSPECIFIED.);
#7554=B_SPLINE_CURVE_WITH_KNOTS('',1,(#9585,#9586),.UNSPECIFIED.,.F.,.F.,(2,2),(-1.0,0.0),.UNSPECIFIED.);
#7555=B_SPLINE_CURVE_WITH_KNOTS('',1,(#9587,#9588),.UNSPECIFIED.,.F.,.F.,(2,2),(-1.0,0.0),.UNSPECIFIED.);
#7556=B_SPLINE_CURVE_WITH_KNOTS('',1,(#9589,#9590),.UNSPECIFIED.,.F.,.F.,(2,2),(0.0,1.0),.UNSPECIFIED.);
#7557=B_SPLINE_CURVE_WITH_KNOTS('',1,(#9591,#9592),.UNSPECIFIED.,.F.,.F.,(2,2),(-1.0,0.0),.UNSPECIFIED.);
#7558=B_SPLINE_CURVE_WITH_KNOTS('',1,(#9593,#9594),.UNSPECIFIED.,.F.,.F.,(2,2),(-1.0,0.0),.UNSPECIFIED.);
#7559=B_SPLINE_CURVE_WITH_KNOTS('',1,(#9595,#9596),.UNSPECIFIED.,.F.,.F.,(2,2),(0.0,1.0),.UNSPECIFIED.);
#7560=B_SPLINE_CURVE_WITH_KNOTS('',1,(#9597,#9598),.UNSPECIFIED.,.F.,.F.,(2,2),(-0.2,0.0),.UNSPECIFIED.);
#7561=B_SPLINE_CURVE_WITH_KNOTS('',1,(#9599,#9600),.UNSPECIFIED.,.F.,.F.,(2,2),(0.106604747365963,0.306604747365963),.UNSPECIFIED.);
#7562=B_SPLINE_CURVE_WITH_KNOTS('',1,(#9601,#9602),.UNSPECIFIED.,.F.,.F.,(2,2),(-0.306604747365963,-0.106604747365963),.UNSPECIFIED.);
#7563=B_SPLINE_CURVE_WITH_KNOTS('',1,(#9603,#9604),.UNSPECIFIED.,.F.,.F.,(2,2),(-1.0,0.0),.UNSPECIFIED.);
#7564=B_SPLINE_CURVE_WITH_KNOTS('',1,(#9605,#9606),.UNSPECIFIED.,.F.,.F.,(2,2),(0.0,0.199999999999998),.UNSPECIFIED.);
#7565=B_SPLINE_CURVE_WITH_KNOTS('',1,(#9607,#9608),.UNSPECIFIED.,.F.,.F.,(2,2),(-1.0,0.0),.UNSPECIFIED.);
#7566=B_SPLINE_CURVE_WITH_KNOTS('',1,(#9609,#9610),.UNSPECIFIED.,.F.,.F.,(2,2),(0.0,1.0),.UNSPECIFIED.);
#7567=B_SPLINE_CURVE_WITH_KNOTS('',1,(#9611,#9612),.UNSPECIFIED.,.F.,.F.,(2,2),(-1.0,0.0),.UNSPECIFIED.);
#7568=B_SPLINE_CURVE_WITH_KNOTS('',1,(#9613,#9614),.UNSPECIFIED.,.F.,.F.,(2,2),(-1.0,0.0),.UNSPECIFIED.);
#7569=B_SPLINE_CURVE_WITH_KNOTS('',1,(#9615,#9616),.UNSPECIFIED.,.F.,.F.,(2,2),(0.0,1.0),.UNSPECIFIED.);
#7570=B_SPLINE_CURVE_WITH_KNOTS('',1,(#9617,#9618),.UNSPECIFIED.,.F.,.F.,(2,2),(0.0,1.0),.UNSPECIFIED.);
#7571=B_SPLINE_CURVE_WITH_KNOTS('',1,(#9619,#9620),.UNSPECIFIED.,.F.,.F.,(2,2),(-1.0,0.0),.UNSPECIFIED.);
#7572=B_SPLINE_CURVE_WITH_KNOTS('',1,(#9621,#9622),.UNSPECIFIED.,.F.,.F.,(2,2),(-1.0,0.0),.UNSPECIFIED.);
#7573=B_SPLINE_CURVE_WITH_KNOTS('',1,(#9623,#9624),.UNSPECIFIED.,.F.,.F.,(2,2),(-1.0,0.0),.UNSPECIFIED.);
#7574=B_SPLINE_CURVE_WITH_KNOTS('',1,(#9625,#9626),.UNSPECIFIED.,.F.,.F.,(2,2),(0.0,1.0),.UNSPECIFIED.);
#7575=B_SPLINE_CURVE_WITH_KNOTS('',1,(#9627,#9628),.UNSPECIFIED.,.F.,.F.,(2,2),(-1.0,0.0),.UNSPECIFIED.);
#7576=B_SPLINE_CURVE_WITH_KNOTS('',1,(#9629,#9630),.UNSPECIFIED.,.F.,.F.,(2,2),(-1.0,0.0),.UNSPECIFIED.);
#7577=B_SPLINE_CURVE_WITH_KNOTS('',1,(#9631,#9632),.UNSPECIFIED.,.F.,.F.,(2,2),(0.0,1.0),.UNSPECIFIED.);
#7578=B_SPLINE_CURVE_WITH_KNOTS('',1,(#9633,#9634),.UNSPECIFIED.,.F.,.F.,(2,2),(-0.199999999999999,0.0),.UNSPECIFIED.);
#7579=B_SPLINE_CURVE_WITH_KNOTS('',1,(#9635,#9636),.UNSPECIFIED.,.F.,.F.,(2,2),(-0.306604747365963,-0.106604747365963),.UNSPECIFIED.);
#7580=B_SPLINE_CURVE_WITH_KNOTS('',1,(#9637,#9638),.UNSPECIFIED.,.F.,.F.,(2,2),(0.106604747365963,0.306604747365963),.UNSPECIFIED.);
#7581=B_SPLINE_CURVE_WITH_KNOTS('',1,(#9639,#9640),.UNSPECIFIED.,.F.,.F.,(2,2),(-1.0,0.0),.UNSPECIFIED.);
#7582=B_SPLINE_CURVE_WITH_KNOTS('',1,(#9641,#9642),.UNSPECIFIED.,.F.,.F.,(2,2),(0.0,0.2),.UNSPECIFIED.);
#7583=VERTEX_POINT('',#9643);
#7584=B_SPLINE_CURVE_WITH_KNOTS('',2,(#9644,#9645,#9646),.UNSPECIFIED.,.F.,.F.,(3,3),(2.98172014121292,3.1707126992957),.UNSPECIFIED.);
#7585=B_SPLINE_CURVE_WITH_KNOTS('',1,(#9647,#9648),.UNSPECIFIED.,.F.,.F.,(2,2),(0.000303139177304309,0.4),.UNSPECIFIED.);
#7586=B_SPLINE_CURVE_WITH_KNOTS('',1,(#9649,#9650),.UNSPECIFIED.,.F.,.F.,(2,2),(0.0,0.199999999999999),.UNSPECIFIED.);
#7587=B_SPLINE_CURVE_WITH_KNOTS('',1,(#9651,#9652),.UNSPECIFIED.,.F.,.F.,(2,2),(0.0,0.199999999999999),.UNSPECIFIED.);
#7588=B_SPLINE_CURVE_WITH_KNOTS('',2,(#9653,#9654,#9655),.UNSPECIFIED.,.F.,.F.,(3,3),(3.1707126992957,3.1846173855295),.UNSPECIFIED.);
#7589=VERTEX_POINT('',#9656);
#7590=B_SPLINE_CURVE_WITH_KNOTS('',1,(#9657,#9658),.UNSPECIFIED.,.F.,.F.,(2,2),(0.000303139177303394,0.4),.UNSPECIFIED.);
#7591=B_SPLINE_CURVE_WITH_KNOTS('',2,(#9659,#9660,#9661),.UNSPECIFIED.,.F.,.F.,(3,3),(-3.1707126992957,-2.98172014121292),.UNSPECIFIED.);
#7592=B_SPLINE_CURVE_WITH_KNOTS('',2,(#9662,#9663,#9664),.UNSPECIFIED.,.F.,.F.,(3,3),(-3.1846173855295,-3.1707126992957),.UNSPECIFIED.);
#7593=B_SPLINE_CURVE_WITH_KNOTS('',1,(#9665,#9666),.UNSPECIFIED.,.F.,.F.,(2,2),(0.0,0.199999999999999),.UNSPECIFIED.);
#7594=B_SPLINE_CURVE_WITH_KNOTS('',1,(#9667,#9668),.UNSPECIFIED.,.F.,.F.,(2,2),(0.0,0.199999999999999),.UNSPECIFIED.);
#7595=VERTEX_POINT('',#9669);
#7596=B_SPLINE_CURVE_WITH_KNOTS('',2,(#9670,#9671,#9672),.UNSPECIFIED.,.F.,.F.,(3,3),(-0.675122380490992,-0.486129822408215),.UNSPECIFIED.);
#7597=B_SPLINE_CURVE_WITH_KNOTS('',1,(#9673,#9674),.UNSPECIFIED.,.F.,.F.,(2,2),(0.000303139177305285,0.4),.UNSPECIFIED.);
#7598=B_SPLINE_CURVE_WITH_KNOTS('',1,(#9675,#9676),.UNSPECIFIED.,.F.,.F.,(2,2),(0.0,0.200000000000001),.UNSPECIFIED.);
#7599=B_SPLINE_CURVE_WITH_KNOTS('',1,(#9677,#9678),.UNSPECIFIED.,.F.,.F.,(2,2),(0.0,0.200000000000001),.UNSPECIFIED.);
#7600=B_SPLINE_CURVE_WITH_KNOTS('',2,(#9679,#9680,#9681),.UNSPECIFIED.,.F.,.F.,(3,3),(-0.486129822408215,-0.472225136174418),.UNSPECIFIED.);
#7601=VERTEX_POINT('',#9682);
#7602=B_SPLINE_CURVE_WITH_KNOTS('',1,(#9683,#9684),.UNSPECIFIED.,.F.,.F.,(2,2),(0.000303139177306215,0.4),.UNSPECIFIED.);
#7603=B_SPLINE_CURVE_WITH_KNOTS('',2,(#9685,#9686,#9687),.UNSPECIFIED.,.F.,.F.,(3,3),(0.486129822408215,0.675122380490992),.UNSPECIFIED.);
#7604=B_SPLINE_CURVE_WITH_KNOTS('',2,(#9688,#9689,#9690),.UNSPECIFIED.,.F.,.F.,(3,3),(0.472225136174418,0.486129822408215),.UNSPECIFIED.);
#7605=B_SPLINE_CURVE_WITH_KNOTS('',1,(#9691,#9692),.UNSPECIFIED.,.F.,.F.,(2,2),(0.0,0.200000000000001),.UNSPECIFIED.);
#7606=B_SPLINE_CURVE_WITH_KNOTS('',1,(#9693,#9694),.UNSPECIFIED.,.F.,.F.,(2,2),(0.0,0.200000000000001),.UNSPECIFIED.);
#7607=VERTEX_POINT('',#9695);
#7608=VERTEX_POINT('',#9696);
#7609=B_SPLINE_CURVE_WITH_KNOTS('',2,(#9697,#9698,#9699),.UNSPECIFIED.,.F.,.F.,(3,3),(-15.5424777960769,-14.6424777960769),.UNSPECIFIED.);
#7610=VERTEX_POINT('',#9700);
#7611=B_SPLINE_CURVE_WITH_KNOTS('',1,(#9701,#9702),.UNSPECIFIED.,.F.,.F.,(2,2),(0.0,1.3),.UNSPECIFIED.);
#7612=VERTEX_POINT('',#9703);
#7613=B_SPLINE_CURVE_WITH_KNOTS('',2,(#9704,#9705,#9706),.UNSPECIFIED.,.F.,.F.,(3,3),(-15.5424777960769,-14.6424777960769),.UNSPECIFIED.);
#7614=B_SPLINE_CURVE_WITH_KNOTS('',1,(#9707,#9708),.UNSPECIFIED.,.F.,.F.,(2,2),(0.0,1.3),.UNSPECIFIED.);
#7615=VERTEX_POINT('',#9709);
#7616=B_SPLINE_CURVE_WITH_KNOTS('',2,(#9710,#9711,#9712),.UNSPECIFIED.,.F.,.F.,(3,3),(-14.6424777960769,-13.5424777960769),.UNSPECIFIED.);
#7617=VERTEX_POINT('',#9713);
#7618=B_SPLINE_CURVE_WITH_KNOTS('',1,(#9714,#9715),.UNSPECIFIED.,.F.,.F.,(2,2),(0.0,1.3),.UNSPECIFIED.);
#7619=B_SPLINE_CURVE_WITH_KNOTS('',2,(#9716,#9717,#9718),.UNSPECIFIED.,.F.,.F.,(3,3),(-14.6424777960769,-13.5424777960769),.UNSPECIFIED.);
#7620=VERTEX_POINT('',#9719);
#7621=B_SPLINE_CURVE_WITH_KNOTS('',2,(#9720,#9721,#9722),.UNSPECIFIED.,.F.,.F.,(3,3),(-13.5424777960769,-11.5424777960769),.UNSPECIFIED.);
#7622=VERTEX_POINT('',#9723);
#7623=B_SPLINE_CURVE_WITH_KNOTS('',1,(#9724,#9725),.UNSPECIFIED.,.F.,.F.,(2,2),(0.0,1.3),.UNSPECIFIED.);
#7624=B_SPLINE_CURVE_WITH_KNOTS('',2,(#9726,#9727,#9728),.UNSPECIFIED.,.F.,.F.,(3,3),(-13.5424777960769,-11.5424777960769),.UNSPECIFIED.);
#7625=VERTEX_POINT('',#9729);
#7626=B_SPLINE_CURVE_WITH_KNOTS('',2,(#9730,#9731,#9732),.UNSPECIFIED.,.F.,.F.,(3,3),(-11.5424777960769,-11.1424777960769),.UNSPECIFIED.);
#7627=VERTEX_POINT('',#9733);
#7628=B_SPLINE_CURVE_WITH_KNOTS('',1,(#9734,#9735),.UNSPECIFIED.,.F.,.F.,(2,2),(0.0,1.3),.UNSPECIFIED.);
#7629=B_SPLINE_CURVE_WITH_KNOTS('',2,(#9736,#9737,#9738),.UNSPECIFIED.,.F.,.F.,(3,3),(-11.5424777960769,-11.1424777960769),.UNSPECIFIED.);
#7630=VERTEX_POINT('',#9739);
#7631=B_SPLINE_CURVE_WITH_KNOTS('',2,(#9740,#9741,#9742),.UNSPECIFIED.,.F.,.F.,(3,3),(-11.1424777960769,-10.3424777960769),.UNSPECIFIED.);
#7632=VERTEX_POINT('',#9743);
#7633=B_SPLINE_CURVE_WITH_KNOTS('',1,(#9744,#9745),.UNSPECIFIED.,.F.,.F.,(2,2),(0.0,1.3),.UNSPECIFIED.);
#7634=B_SPLINE_CURVE_WITH_KNOTS('',2,(#9746,#9747,#9748),.UNSPECIFIED.,.F.,.F.,(3,3),(-11.1424777960769,-10.3424777960769),.UNSPECIFIED.);
#7635=VERTEX_POINT('',#9749);
#7636=B_SPLINE_CURVE_WITH_KNOTS('',2,(#9750,#9751,#9752),.UNSPECIFIED.,.F.,.F.,(3,3),(-10.3424777960769,-9.94247779607692),.UNSPECIFIED.);
#7637=VERTEX_POINT('',#9753);
#7638=B_SPLINE_CURVE_WITH_KNOTS('',1,(#9754,#9755),.UNSPECIFIED.,.F.,.F.,(2,2),(0.0,1.3),.UNSPECIFIED.);
#7639=B_SPLINE_CURVE_WITH_KNOTS('',2,(#9756,#9757,#9758),.UNSPECIFIED.,.F.,.F.,(3,3),(-10.3424777960769,-9.94247779607692),.UNSPECIFIED.);
#7640=(B_SPLINE_CURVE(2,(#9760,#9761,#9762),.UNSPECIFIED.,.F.,.F.)B_SPLINE_CURVE_WITH_KNOTS((3,3),(-9.94247779607692,-9.47123889803846),.UNSPECIFIED.)RATIONAL_B_SPLINE_CURVE((1.0,0.707106781186556,1.0))BOUNDED_CURVE()REPRESENTATION_ITEM('')GEOMETRIC_REPRESENTATION_ITEM()CURVE());
#7641=(B_SPLINE_CURVE(2,(#9770,#9771,#9772),.UNSPECIFIED.,.F.,.F.)B_SPLINE_CURVE_WITH_KNOTS((3,3),(-9.94247779607692,-9.47123889803846),.UNSPECIFIED.)RATIONAL_B_SPLINE_CURVE((1.0,0.707106781186556,1.0))BOUNDED_CURVE()REPRESENTATION_ITEM('')GEOMETRIC_REPRESENTATION_ITEM()CURVE());
#7642=VERTEX_POINT('',#9779);
#7643=VERTEX_POINT('',#9780);
#7644=B_SPLINE_CURVE_WITH_KNOTS('',1,(#9781,#9782),.UNSPECIFIED.,.F.,.F.,(2,2),(0.0,1.0),.UNSPECIFIED.);
#7645=VERTEX_POINT('',#9783);
#7646=B_SPLINE_CURVE_WITH_KNOTS('',1,(#9784,#9785),.UNSPECIFIED.,.F.,.F.,(2,2),(0.0,0.4),.UNSPECIFIED.);
#7647=VERTEX_POINT('',#9786);
#7648=B_SPLINE_CURVE_WITH_KNOTS('',1,(#9787,#9788),.UNSPECIFIED.,.F.,.F.,(2,2),(0.0,1.0),.UNSPECIFIED.);
#7649=B_SPLINE_CURVE_WITH_KNOTS('',1,(#9789,#9790),.UNSPECIFIED.,.F.,.F.,(2,2),(0.0,0.4),.UNSPECIFIED.);
#7650=VERTEX_POINT('',#9791);
#7651=B_SPLINE_CURVE_WITH_KNOTS('',1,(#9792,#9793),.UNSPECIFIED.,.F.,.F.,(2,2),(1.0,2.0),.UNSPECIFIED.);
#7652=VERTEX_POINT('',#9794);
#7653=B_SPLINE_CURVE_WITH_KNOTS('',1,(#9795,#9796),.UNSPECIFIED.,.F.,.F.,(2,2),(0.0,0.4),.UNSPECIFIED.);
#7654=B_SPLINE_CURVE_WITH_KNOTS('',1,(#9797,#9798),.UNSPECIFIED.,.F.,.F.,(2,2),(1.0,2.0),.UNSPECIFIED.);
#7655=VERTEX_POINT('',#9799);
#7656=B_SPLINE_CURVE_WITH_KNOTS('',1,(#9800,#9801),.UNSPECIFIED.,.F.,.F.,(2,2),(2.0,3.0),.UNSPECIFIED.);
#7657=VERTEX_POINT('',#9802);
#7658=B_SPLINE_CURVE_WITH_KNOTS('',1,(#9803,#9804),.UNSPECIFIED.,.F.,.F.,(2,2),(0.0,0.4),.UNSPECIFIED.);
#7659=B_SPLINE_CURVE_WITH_KNOTS('',1,(#9805,#9806),.UNSPECIFIED.,.F.,.F.,(2,2),(2.0,3.0),.UNSPECIFIED.);
#7660=B_SPLINE_CURVE_WITH_KNOTS('',1,(#9807,#9808),.UNSPECIFIED.,.F.,.F.,(2,2),(3.0,4.0),.UNSPECIFIED.);
#7661=B_SPLINE_CURVE_WITH_KNOTS('',1,(#9809,#9810),.UNSPECIFIED.,.F.,.F.,(2,2),(3.0,4.0),.UNSPECIFIED.);
#7662=VERTEX_POINT('',#9811);
#7663=VERTEX_POINT('',#9812);
#7664=B_SPLINE_CURVE_WITH_KNOTS('',1,(#9813,#9814),.UNSPECIFIED.,.F.,.F.,(2,2),(0.0,1.0),.UNSPECIFIED.);
#7665=VERTEX_POINT('',#9815);
#7666=B_SPLINE_CURVE_WITH_KNOTS('',1,(#9816,#9817),.UNSPECIFIED.,.F.,.F.,(2,2),(0.0,0.4),.UNSPECIFIED.);
#7667=VERTEX_POINT('',#9818);
#7668=B_SPLINE_CURVE_WITH_KNOTS('',1,(#9819,#9820),.UNSPECIFIED.,.F.,.F.,(2,2),(0.0,1.0),.UNSPECIFIED.);
#7669=B_SPLINE_CURVE_WITH_KNOTS('',1,(#9821,#9822),.UNSPECIFIED.,.F.,.F.,(2,2),(0.0,0.4),.UNSPECIFIED.);
#7670=VERTEX_POINT('',#9823);
#7671=B_SPLINE_CURVE_WITH_KNOTS('',1,(#9824,#9825),.UNSPECIFIED.,.F.,.F.,(2,2),(1.0,2.0),.UNSPECIFIED.);
#7672=VERTEX_POINT('',#9826);
#7673=B_SPLINE_CURVE_WITH_KNOTS('',1,(#9827,#9828),.UNSPECIFIED.,.F.,.F.,(2,2),(0.0,0.4),.UNSPECIFIED.);
#7674=B_SPLINE_CURVE_WITH_KNOTS('',1,(#9829,#9830),.UNSPECIFIED.,.F.,.F.,(2,2),(1.0,2.0),.UNSPECIFIED.);
#7675=VERTEX_POINT('',#9831);
#7676=B_SPLINE_CURVE_WITH_KNOTS('',1,(#9832,#9833),.UNSPECIFIED.,.F.,.F.,(2,2),(2.0,3.0),.UNSPECIFIED.);
#7677=VERTEX_POINT('',#9834);
#7678=B_SPLINE_CURVE_WITH_KNOTS('',1,(#9835,#9836),.UNSPECIFIED.,.F.,.F.,(2,2),(0.0,0.4),.UNSPECIFIED.);
#7679=B_SPLINE_CURVE_WITH_KNOTS('',1,(#9837,#9838),.UNSPECIFIED.,.F.,.F.,(2,2),(2.0,3.0),.UNSPECIFIED.);
#7680=B_SPLINE_CURVE_WITH_KNOTS('',1,(#9839,#9840),.UNSPECIFIED.,.F.,.F.,(2,2),(3.0,4.0),.UNSPECIFIED.);
#7681=B_SPLINE_CURVE_WITH_KNOTS('',1,(#9841,#9842),.UNSPECIFIED.,.F.,.F.,(2,2),(3.0,4.0),.UNSPECIFIED.);
#7682=VERTEX_POINT('',#9843);
#7683=VERTEX_POINT('',#9844);
#7684=B_SPLINE_CURVE_WITH_KNOTS('',1,(#9845,#9846),.UNSPECIFIED.,.F.,.F.,(2,2),(0.0,1.0),.UNSPECIFIED.);
#7685=VERTEX_POINT('',#9847);
#7686=B_SPLINE_CURVE_WITH_KNOTS('',1,(#9848,#9849),.UNSPECIFIED.,.F.,.F.,(2,2),(0.0,0.4),.UNSPECIFIED.);
#7687=VERTEX_POINT('',#9850);
#7688=B_SPLINE_CURVE_WITH_KNOTS('',1,(#9851,#9852),.UNSPECIFIED.,.F.,.F.,(2,2),(0.0,1.0),.UNSPECIFIED.);
#7689=B_SPLINE_CURVE_WITH_KNOTS('',1,(#9853,#9854),.UNSPECIFIED.,.F.,.F.,(2,2),(0.0,0.4),.UNSPECIFIED.);
#7690=VERTEX_POINT('',#9855);
#7691=B_SPLINE_CURVE_WITH_KNOTS('',1,(#9856,#9857),.UNSPECIFIED.,.F.,.F.,(2,2),(1.0,2.0),.UNSPECIFIED.);
#7692=VERTEX_POINT('',#9858);
#7693=B_SPLINE_CURVE_WITH_KNOTS('',1,(#9859,#9860),.UNSPECIFIED.,.F.,.F.,(2,2),(0.0,0.4),.UNSPECIFIED.);
#7694=B_SPLINE_CURVE_WITH_KNOTS('',1,(#9861,#9862),.UNSPECIFIED.,.F.,.F.,(2,2),(1.0,2.0),.UNSPECIFIED.);
#7695=VERTEX_POINT('',#9863);
#7696=B_SPLINE_CURVE_WITH_KNOTS('',1,(#9864,#9865),.UNSPECIFIED.,.F.,.F.,(2,2),(2.0,3.0),.UNSPECIFIED.);
#7697=VERTEX_POINT('',#9866);
#7698=B_SPLINE_CURVE_WITH_KNOTS('',1,(#9867,#9868),.UNSPECIFIED.,.F.,.F.,(2,2),(0.0,0.4),.UNSPECIFIED.);
#7699=B_SPLINE_CURVE_WITH_KNOTS('',1,(#9869,#9870),.UNSPECIFIED.,.F.,.F.,(2,2),(2.0,3.0),.UNSPECIFIED.);
#7700=B_SPLINE_CURVE_WITH_KNOTS('',1,(#9871,#9872),.UNSPECIFIED.,.F.,.F.,(2,2),(3.0,4.0),.UNSPECIFIED.);
#7701=B_SPLINE_CURVE_WITH_KNOTS('',1,(#9873,#9874),.UNSPECIFIED.,.F.,.F.,(2,2),(3.0,4.0),.UNSPECIFIED.);
#7702=VERTEX_POINT('',#9875);
#7703=VERTEX_POINT('',#9876);
#7704=B_SPLINE_CURVE_WITH_KNOTS('',1,(#9877,#9878),.UNSPECIFIED.,.F.,.F.,(2,2),(0.0,1.0),.UNSPECIFIED.);
#7705=VERTEX_POINT('',#9879);
#7706=B_SPLINE_CURVE_WITH_KNOTS('',1,(#9880,#9881),.UNSPECIFIED.,.F.,.F.,(2,2),(0.0,0.4),.UNSPECIFIED.);
#7707=VERTEX_POINT('',#9882);
#7708=B_SPLINE_CURVE_WITH_KNOTS('',1,(#9883,#9884),.UNSPECIFIED.,.F.,.F.,(2,2),(0.0,1.0),.UNSPECIFIED.);
#7709=B_SPLINE_CURVE_WITH_KNOTS('',1,(#9885,#9886),.UNSPECIFIED.,.F.,.F.,(2,2),(0.0,0.4),.UNSPECIFIED.);
#7710=VERTEX_POINT('',#9887);
#7711=B_SPLINE_CURVE_WITH_KNOTS('',1,(#9888,#9889),.UNSPECIFIED.,.F.,.F.,(2,2),(1.0,2.0),.UNSPECIFIED.);
#7712=VERTEX_POINT('',#9890);
#7713=B_SPLINE_CURVE_WITH_KNOTS('',1,(#9891,#9892),.UNSPECIFIED.,.F.,.F.,(2,2),(0.0,0.4),.UNSPECIFIED.);
#7714=B_SPLINE_CURVE_WITH_KNOTS('',1,(#9893,#9894),.UNSPECIFIED.,.F.,.F.,(2,2),(1.0,2.0),.UNSPECIFIED.);
#7715=VERTEX_POINT('',#9895);
#7716=B_SPLINE_CURVE_WITH_KNOTS('',1,(#9896,#9897),.UNSPECIFIED.,.F.,.F.,(2,2),(2.0,3.0),.UNSPECIFIED.);
#7717=VERTEX_POINT('',#9898);
#7718=B_SPLINE_CURVE_WITH_KNOTS('',1,(#9899,#9900),.UNSPECIFIED.,.F.,.F.,(2,2),(0.0,0.4),.UNSPECIFIED.);
#7719=B_SPLINE_CURVE_WITH_KNOTS('',1,(#9901,#9902),.UNSPECIFIED.,.F.,.F.,(2,2),(2.0,3.0),.UNSPECIFIED.);
#7720=B_SPLINE_CURVE_WITH_KNOTS('',1,(#9903,#9904),.UNSPECIFIED.,.F.,.F.,(2,2),(3.0,4.0),.UNSPECIFIED.);
#7721=B_SPLINE_CURVE_WITH_KNOTS('',1,(#9905,#9906),.UNSPECIFIED.,.F.,.F.,(2,2),(3.0,4.0),.UNSPECIFIED.);
#7722=VERTEX_POINT('',#9907);
#7723=VERTEX_POINT('',#9908);
#7724=B_SPLINE_CURVE_WITH_KNOTS('',1,(#9909,#9910),.UNSPECIFIED.,.F.,.F.,(2,2),(-0.399999999999996,-0.139217878359187),.UNSPECIFIED.);
#7725=VERTEX_POINT('',#9911);
#7726=B_SPLINE_CURVE_WITH_KNOTS('',1,(#9912,#9913),.UNSPECIFIED.,.F.,.F.,(2,2),(2.0,3.0),.UNSPECIFIED.);
#7727=VERTEX_POINT('',#9914);
#7728=B_SPLINE_CURVE_WITH_KNOTS('',1,(#9915,#9916,#9917),.UNSPECIFIED.,.F.,.F.,(2,1,2),(1.34804469589799,1.50000000000002,2.0),.UNSPECIFIED.);
#7729=B_SPLINE_CURVE_WITH_KNOTS('',1,(#9918,#9919),.UNSPECIFIED.,.F.,.F.,(2,2),(0.0,0.59889811248394),.UNSPECIFIED.);
#7730=VERTEX_POINT('',#9920);
#7731=VERTEX_POINT('',#9921);
#7732=B_SPLINE_CURVE_WITH_KNOTS('',1,(#9922,#9923),.UNSPECIFIED.,.F.,.F.,(2,2),(-12.8,-12.5392178783592),.UNSPECIFIED.);
#7733=VERTEX_POINT('',#9924);
#7734=B_SPLINE_CURVE_WITH_KNOTS('',1,(#9925,#9926),.UNSPECIFIED.,.F.,.F.,(2,2),(8.0,9.0),.UNSPECIFIED.);
#7735=VERTEX_POINT('',#9927);
#7736=B_SPLINE_CURVE_WITH_KNOTS('',1,(#9928,#9929,#9930),.UNSPECIFIED.,.F.,.F.,(2,1,2),(7.34804469589797,7.5,8.0),.UNSPECIFIED.);
#7737=B_SPLINE_CURVE_WITH_KNOTS('',1,(#9931,#9932),.UNSPECIFIED.,.F.,.F.,(2,2),(0.0,0.598898112483943),.UNSPECIFIED.);
#7738=VERTEX_POINT('',#9933);
#7739=VERTEX_POINT('',#9934);
#7740=B_SPLINE_CURVE_WITH_KNOTS('',1,(#9935,#9936,#9937),.UNSPECIFIED.,.F.,.F.,(2,1,2),(0.0,0.220000000000001,0.851746187297281),.UNSPECIFIED.);
#7741=VERTEX_POINT('',#9938);
#7742=B_SPLINE_CURVE_WITH_KNOTS('',1,(#9939,#9940),.UNSPECIFIED.,.F.,.F.,(2,2),(2.88657986402541E-15,2.7),.UNSPECIFIED.);
#7743=VERTEX_POINT('',#9941);
#7744=B_SPLINE_CURVE_WITH_KNOTS('',1,(#9942,#9943,#9944),.UNSPECIFIED.,.F.,.F.,(2,1,2),(0.0,0.220000000000001,0.851746187297281),.UNSPECIFIED.);
#7745=VERTEX_POINT('',#9945);
#7746=B_SPLINE_CURVE_WITH_KNOTS('',1,(#9946,#9947),.UNSPECIFIED.,.F.,.F.,(2,2),(-2.7,-2.12907268974957),.UNSPECIFIED.);
#7747=VERTEX_POINT('',#9948);
#7748=B_SPLINE_CURVE_WITH_KNOTS('',1,(#9949,#9950),.UNSPECIFIED.,.F.,.F.,(2,2),(0.57092731025044,2.12907268974957),.UNSPECIFIED.);
#7749=B_SPLINE_CURVE_WITH_KNOTS('',1,(#9951,#9952),.UNSPECIFIED.,.F.,.F.,(2,2),(-0.57092731025044,0.0),.UNSPECIFIED.);
#7750=VERTEX_POINT('',#9953);
#7751=B_SPLINE_CURVE_WITH_KNOTS('',1,(#9954,#9955),.UNSPECIFIED.,.F.,.F.,(2,2),(0.0,0.199999999999996),.UNSPECIFIED.);
#7752=VERTEX_POINT('',#9956);
#7753=B_SPLINE_CURVE_WITH_KNOTS('',1,(#9957,#9958),.UNSPECIFIED.,.F.,.F.,(2,2),(-0.199999999999998,0.0),.UNSPECIFIED.);
#7754=B_SPLINE_CURVE_WITH_KNOTS('',1,(#9959,#9960),.UNSPECIFIED.,.F.,.F.,(2,2),(0.0,0.570927310250437),.UNSPECIFIED.);
#7755=VERTEX_POINT('',#9961);
#7756=VERTEX_POINT('',#9962);
#7757=B_SPLINE_CURVE_WITH_KNOTS('',1,(#9963,#9964),.UNSPECIFIED.,.F.,.F.,(2,2),(3.47274574336653,3.99999999999996),.UNSPECIFIED.);
#7758=VERTEX_POINT('',#9965);
#7759=B_SPLINE_CURVE_WITH_KNOTS('',1,(#9966,#9967),.UNSPECIFIED.,.F.,.F.,(2,2),(-21.9607821216408,-21.7),.UNSPECIFIED.);
#7760=VERTEX_POINT('',#9968);
#7761=B_SPLINE_CURVE_WITH_KNOTS('',1,(#9969,#9970),.UNSPECIFIED.,.F.,.F.,(2,2),(0.0,0.2),.UNSPECIFIED.);
#7762=VERTEX_POINT('',#9971);
#7763=B_SPLINE_CURVE_WITH_KNOTS('',1,(#9972,#9973),.UNSPECIFIED.,.F.,.F.,(2,2),(-10.0,-9.0),.UNSPECIFIED.);
#7764=B_SPLINE_CURVE_WITH_KNOTS('',1,(#9974,#9975),.UNSPECIFIED.,.F.,.F.,(2,2),(-0.2,0.0),.UNSPECIFIED.);
#7765=VERTEX_POINT('',#9976);
#7766=B_SPLINE_CURVE_WITH_KNOTS('',1,(#9977,#9978),.UNSPECIFIED.,.F.,.F.,(2,2),(1.00000000000004,1.52725425663345),.UNSPECIFIED.);
#7767=VERTEX_POINT('',#9979);
#7768=(B_SPLINE_CURVE(2,(#9981,#9982,#9983),.UNSPECIFIED.,.F.,.F.)B_SPLINE_CURVE_WITH_KNOTS((3,3),(0.0,0.112022249724251),.UNSPECIFIED.)RATIONAL_B_SPLINE_CURVE((1.0,0.847196012038521,1.0))BOUNDED_CURVE()REPRESENTATION_ITEM('')GEOMETRIC_REPRESENTATION_ITEM()CURVE());
#7769=VERTEX_POINT('',#9990);
#7770=B_SPLINE_CURVE_WITH_KNOTS('',1,(#9991,#9992),.UNSPECIFIED.,.F.,.F.,(2,2),(2.4054923412319,3.0),.UNSPECIFIED.);
#7771=VERTEX_POINT('',#9993);
#7772=B_SPLINE_CURVE_WITH_KNOTS('',1,(#9994,#9995),.UNSPECIFIED.,.F.,.F.,(2,2),(0.199999999999995,0.548253812702719),.UNSPECIFIED.);
#7773=VERTEX_POINT('',#9996);
#7774=B_SPLINE_CURVE_WITH_KNOTS('',1,(#9997,#9998),.UNSPECIFIED.,.F.,.F.,(2,2),(0.0,0.199999999999998),.UNSPECIFIED.);
#7775=VERTEX_POINT('',#9999);
#7776=B_SPLINE_CURVE_WITH_KNOTS('',1,(#10000,#10001,#10002),.UNSPECIFIED.,.F.,.F.,(2,1,2),(0.0,0.220000000000001,0.851746187297281),.UNSPECIFIED.);
#7777=B_SPLINE_CURVE_WITH_KNOTS('',1,(#10003,#10004),.UNSPECIFIED.,.F.,.F.,(2,2),(-21.9,-12.6),.UNSPECIFIED.);
#7778=VERTEX_POINT('',#10005);
#7779=B_SPLINE_CURVE_WITH_KNOTS('',1,(#10006,#10007),.UNSPECIFIED.,.F.,.F.,(2,2),(-0.199999999999998,0.0),.UNSPECIFIED.);
#7780=VERTEX_POINT('',#10008);
#7781=B_SPLINE_CURVE_WITH_KNOTS('',1,(#10009,#10010),.UNSPECIFIED.,.F.,.F.,(2,2),(0.199999999999995,0.548253812702719),.UNSPECIFIED.);
#7782=VERTEX_POINT('',#10011);
#7783=B_SPLINE_CURVE_WITH_KNOTS('',1,(#10012,#10013),.UNSPECIFIED.,.F.,.F.,(2,2),(2.0,2.59450765876809),.UNSPECIFIED.);
#7784=(B_SPLINE_CURVE(2,(#10015,#10016,#10017),.UNSPECIFIED.,.F.,.F.)B_SPLINE_CURVE_WITH_KNOTS((3,3),(0.0,0.112022249724242),.UNSPECIFIED.)RATIONAL_B_SPLINE_CURVE((1.0,0.847196012038507,1.0))BOUNDED_CURVE()REPRESENTATION_ITEM('')GEOMETRIC_REPRESENTATION_ITEM()CURVE());
#7785=VERTEX_POINT('',#10024);
#7786=VERTEX_POINT('',#10025);
#7787=B_SPLINE_CURVE_WITH_KNOTS('',1,(#10026,#10027),.UNSPECIFIED.,.F.,.F.,(2,2),(2.4054923412319,3.0),.UNSPECIFIED.);
#7788=B_SPLINE_CURVE_WITH_KNOTS('',1,(#10028,#10029),.UNSPECIFIED.,.F.,.F.,(2,2),(0.2,0.548253812702719),.UNSPECIFIED.);
#7789=VERTEX_POINT('',#10030);
#7790=B_SPLINE_CURVE_WITH_KNOTS('',1,(#10031,#10032),.UNSPECIFIED.,.F.,.F.,(2,2),(-9.5,-0.199999999999995),.UNSPECIFIED.);
#7791=VERTEX_POINT('',#10033);
#7792=B_SPLINE_CURVE_WITH_KNOTS('',1,(#10034,#10035,#10036),.UNSPECIFIED.,.F.,.F.,(2,1,2),(0.0,0.220000000000001,0.851746187297281),.UNSPECIFIED.);
#7793=VERTEX_POINT('',#10037);
#7794=B_SPLINE_CURVE_WITH_KNOTS('',1,(#10038,#10039),.UNSPECIFIED.,.F.,.F.,(2,2),(0.0,0.199999999999998),.UNSPECIFIED.);
#7795=VERTEX_POINT('',#10040);
#7796=B_SPLINE_CURVE_WITH_KNOTS('',1,(#10041,#10042),.UNSPECIFIED.,.F.,.F.,(2,2),(0.2,0.548253812702719),.UNSPECIFIED.);
#7797=VERTEX_POINT('',#10043);
#7798=B_SPLINE_CURVE_WITH_KNOTS('',1,(#10044,#10045),.UNSPECIFIED.,.F.,.F.,(2,2),(2.0,2.59450765876809),.UNSPECIFIED.);
#7799=VERTEX_POINT('',#10046);
#7800=(B_SPLINE_CURVE(2,(#10048,#10049,#10050),.UNSPECIFIED.,.F.,.F.)B_SPLINE_CURVE_WITH_KNOTS((3,3),(0.0,0.112022249724242),.UNSPECIFIED.)RATIONAL_B_SPLINE_CURVE((1.0,0.847196012038531,1.0))BOUNDED_CURVE()REPRESENTATION_ITEM('')GEOMETRIC_REPRESENTATION_ITEM()CURVE());
#7801=VERTEX_POINT('',#10057);
#7802=B_SPLINE_CURVE_WITH_KNOTS('',1,(#10058,#10059),.UNSPECIFIED.,.F.,.F.,(2,2),(3.47274574336655,4.0),.UNSPECIFIED.);
#7803=VERTEX_POINT('',#10060);
#7804=B_SPLINE_CURVE_WITH_KNOTS('',1,(#10061,#10062),.UNSPECIFIED.,.F.,.F.,(2,2),(-9.56078212164082,-9.3),.UNSPECIFIED.);
#7805=VERTEX_POINT('',#10063);
#7806=B_SPLINE_CURVE_WITH_KNOTS('',1,(#10064,#10065),.UNSPECIFIED.,.F.,.F.,(2,2),(0.0,0.2),.UNSPECIFIED.);
#7807=VERTEX_POINT('',#10066);
#7808=B_SPLINE_CURVE_WITH_KNOTS('',1,(#10067,#10068),.UNSPECIFIED.,.F.,.F.,(2,2),(3.7247191011236,4.0),.UNSPECIFIED.);
#7809=VERTEX_POINT('',#10069);
#7810=B_SPLINE_CURVE_WITH_KNOTS('',1,(#10070,#10071),.UNSPECIFIED.,.F.,.F.,(2,2),(2.0,3.0),.UNSPECIFIED.);
#7811=VERTEX_POINT('',#10072);
#7812=B_SPLINE_CURVE_WITH_KNOTS('',1,(#10073,#10074),.UNSPECIFIED.,.F.,.F.,(2,2),(3.0,4.0),.UNSPECIFIED.);
#7813=VERTEX_POINT('',#10075);
#7814=B_SPLINE_CURVE_WITH_KNOTS('',1,(#10076,#10077),.UNSPECIFIED.,.F.,.F.,(2,2),(0.0,1.0),.UNSPECIFIED.);
#7815=VERTEX_POINT('',#10078);
#7816=B_SPLINE_CURVE_WITH_KNOTS('',1,(#10079,#10080),.UNSPECIFIED.,.F.,.F.,(2,2),(3.0,3.2752808988764),.UNSPECIFIED.);
#7817=B_SPLINE_CURVE_WITH_KNOTS('',1,(#10081,#10082),.UNSPECIFIED.,.F.,.F.,(2,2),(-0.2,0.0),.UNSPECIFIED.);
#7818=VERTEX_POINT('',#10083);
#7819=B_SPLINE_CURVE_WITH_KNOTS('',1,(#10084,#10085),.UNSPECIFIED.,.F.,.F.,(2,2),(1.0,1.52725425663344),.UNSPECIFIED.);
#7820=(B_SPLINE_CURVE(2,(#10087,#10088,#10089),.UNSPECIFIED.,.F.,.F.)B_SPLINE_CURVE_WITH_KNOTS((3,3),(0.0,0.112022249724245),.UNSPECIFIED.)RATIONAL_B_SPLINE_CURVE((1.0,0.847196012038523,1.0))BOUNDED_CURVE()REPRESENTATION_ITEM('')GEOMETRIC_REPRESENTATION_ITEM()CURVE());
#7821=VERTEX_POINT('',#10096);
#7822=VERTEX_POINT('',#10097);
#7823=B_SPLINE_CURVE_WITH_KNOTS('',2,(#10098,#10099,#10100),.UNSPECIFIED.,.F.,.F.,(3,3),(-5.91495154362585,-5.1288449298777),.UNSPECIFIED.);
#7824=VERTEX_POINT('',#10101);
#7825=B_SPLINE_CURVE_WITH_KNOTS('',2,(#10102,#10103,#10104),.UNSPECIFIED.,.F.,.F.,(3,3),(-5.1288449298777,-4.32114011533101),.UNSPECIFIED.);
#7826=VERTEX_POINT('',#10105);
#7827=B_SPLINE_CURVE_WITH_KNOTS('',2,(#10106,#10107,#10108),.UNSPECIFIED.,.F.,.F.,(3,3),(-4.32114011533101,-2.95188828597258),.UNSPECIFIED.);
#7828=VERTEX_POINT('',#10109);
#7829=B_SPLINE_CURVE_WITH_KNOTS('',2,(#10110,#10111,#10112),.UNSPECIFIED.,.F.,.F.,(3,3),(-2.95188828597258,-2.77819207323255),.UNSPECIFIED.);
#7830=VERTEX_POINT('',#10113);
#7831=B_SPLINE_CURVE_WITH_KNOTS('',2,(#10114,#10115,#10116),.UNSPECIFIED.,.F.,.F.,(3,3),(-2.77819207323255,-1.27077583767769),.UNSPECIFIED.);
#7832=VERTEX_POINT('',#10117);
#7833=B_SPLINE_CURVE_WITH_KNOTS('',2,(#10118,#10119,#10120),.UNSPECIFIED.,.F.,.F.,(3,3),(-1.27077583767769,-0.486691375267267),.UNSPECIFIED.);
#7834=VERTEX_POINT('',#10121);
#7835=B_SPLINE_CURVE_WITH_KNOTS('',2,(#10122,#10123,#10124),.UNSPECIFIED.,.F.,.F.,(3,3),(-0.486691375267267,0.0),.UNSPECIFIED.);
#7836=VERTEX_POINT('',#10125);
#7837=(B_SPLINE_CURVE(2,(#10127,#10128,#10129),.UNSPECIFIED.,.F.,.F.)B_SPLINE_CURVE_WITH_KNOTS((3,3),(0.0,0.0912267541749396),.UNSPECIFIED.)RATIONAL_B_SPLINE_CURVE((1.0,0.897762201385315,1.0))BOUNDED_CURVE()REPRESENTATION_ITEM('')GEOMETRIC_REPRESENTATION_ITEM()CURVE());
#7838=VERTEX_POINT('',#10136);
#7839=B_SPLINE_CURVE_WITH_KNOTS('',2,(#10137,#10138,#10139),.UNSPECIFIED.,.F.,.F.,(3,3),(0.0912267541749396,0.221031248074474),.UNSPECIFIED.);
#7840=VERTEX_POINT('',#10140);
#7841=B_SPLINE_CURVE_WITH_KNOTS('',2,(#10141,#10142,#10143),.UNSPECIFIED.,.F.,.F.,(3,3),(0.221031248074474,0.372494104397969),.UNSPECIFIED.);
#7842=VERTEX_POINT('',#10144);
#7843=B_SPLINE_CURVE_WITH_KNOTS('',2,(#10145,#10146,#10147),.UNSPECIFIED.,.F.,.F.,(3,3),(0.372494104397969,0.479560624783042),.UNSPECIFIED.);
#7844=VERTEX_POINT('',#10148);
#7845=B_SPLINE_CURVE_WITH_KNOTS('',2,(#10149,#10150,#10151),.UNSPECIFIED.,.F.,.F.,(3,3),(0.479560624783042,1.16228601592185),.UNSPECIFIED.);
#7846=VERTEX_POINT('',#10152);
#7847=B_SPLINE_CURVE_WITH_KNOTS('',2,(#10153,#10154,#10155),.UNSPECIFIED.,.F.,.F.,(3,3),(1.16228601592185,2.00113482199664),.UNSPECIFIED.);
#7848=VERTEX_POINT('',#10156);
#7849=B_SPLINE_CURVE_WITH_KNOTS('',2,(#10157,#10158,#10159),.UNSPECIFIED.,.F.,.F.,(3,3),(2.00113482199664,3.41659376788241),.UNSPECIFIED.);
#7850=VERTEX_POINT('',#10160);
#7851=B_SPLINE_CURVE_WITH_KNOTS('',2,(#10161,#10162,#10163),.UNSPECIFIED.,.F.,.F.,(3,3),(3.41659376788241,4.86583232141417),.UNSPECIFIED.);
#7852=VERTEX_POINT('',#10164);
#7853=B_SPLINE_CURVE_WITH_KNOTS('',2,(#10165,#10166,#10167),.UNSPECIFIED.,.F.,.F.,(3,3),(4.86583232141417,5.81002474956871),.UNSPECIFIED.);
#7854=VERTEX_POINT('',#10168);
#7855=B_SPLINE_CURVE_WITH_KNOTS('',2,(#10169,#10170,#10171),.UNSPECIFIED.,.F.,.F.,(3,3),(5.81002474956871,6.36225078154149),.UNSPECIFIED.);
#7856=VERTEX_POINT('',#10172);
#7857=B_SPLINE_CURVE_WITH_KNOTS('',2,(#10173,#10174,#10175),.UNSPECIFIED.,.F.,.F.,(3,3),(6.36225078154149,6.88519159444033),.UNSPECIFIED.);
#7858=VERTEX_POINT('',#10176);
#7859=B_SPLINE_CURVE_WITH_KNOTS('',2,(#10177,#10178,#10179),.UNSPECIFIED.,.F.,.F.,(3,3),(6.88519159444033,7.3556796444911),.UNSPECIFIED.);
#7860=B_SPLINE_CURVE_WITH_KNOTS('',2,(#10180,#10181,#10182),.UNSPECIFIED.,.F.,.F.,(3,3),(7.3556796444911,7.46644142288281),.UNSPECIFIED.);
#7861=VERTEX_POINT('',#10183);
#7862=VERTEX_POINT('',#10184);
#7863=(B_SPLINE_CURVE(2,(#10186,#10187,#10188),.UNSPECIFIED.,.F.,.F.)B_SPLINE_CURVE_WITH_KNOTS((3,3),(6.5165136290714,6.60867834182876),.UNSPECIFIED.)RATIONAL_B_SPLINE_CURVE((1.0,0.953179249372349,1.0))BOUNDED_CURVE()REPRESENTATION_ITEM('')GEOMETRIC_REPRESENTATION_ITEM()CURVE());
#7864=VERTEX_POINT('',#10195);
#7865=B_SPLINE_CURVE_WITH_KNOTS('',1,(#10196,#10197),.UNSPECIFIED.,.F.,.F.,(2,2),(6.60867834182876,7.10058217206499),.UNSPECIFIED.);
#7866=VERTEX_POINT('',#10198);
#7867=B_SPLINE_CURVE_WITH_KNOTS('',1,(#10199,#10200),.UNSPECIFIED.,.F.,.F.,(2,2),(7.10058217206499,7.36135851346102),.UNSPECIFIED.);
#7868=VERTEX_POINT('',#10201);
#7869=B_SPLINE_CURVE_WITH_KNOTS('',1,(#10202,#10203),.UNSPECIFIED.,.F.,.F.,(2,2),(7.36135851346102,7.94087198887989),.UNSPECIFIED.);
#7870=VERTEX_POINT('',#10204);
#7871=B_SPLINE_CURVE_WITH_KNOTS('',1,(#10205,#10206),.UNSPECIFIED.,.F.,.F.,(2,2),(7.94087198887989,8.33555788499823),.UNSPECIFIED.);
#7872=VERTEX_POINT('',#10207);
#7873=(B_SPLINE_CURVE(2,(#10209,#10210,#10211),.UNSPECIFIED.,.F.,.F.)B_SPLINE_CURVE_WITH_KNOTS((3,3),(8.33555788499823,8.39874065809144),.UNSPECIFIED.)RATIONAL_B_SPLINE_CURVE((1.0,0.950512851350493,1.0))BOUNDED_CURVE()REPRESENTATION_ITEM('')GEOMETRIC_REPRESENTATION_ITEM()CURVE());
#7874=VERTEX_POINT('',#10218);
#7875=B_SPLINE_CURVE_WITH_KNOTS('',1,(#10219,#10220),.UNSPECIFIED.,.F.,.F.,(2,2),(8.39874065809144,9.01054446338169),.UNSPECIFIED.);
#7876=VERTEX_POINT('',#10221);
#7877=B_SPLINE_CURVE_WITH_KNOTS('',1,(#10222,#10223),.UNSPECIFIED.,.F.,.F.,(2,2),(9.01054446338169,9.49750875223138),.UNSPECIFIED.);
#7878=VERTEX_POINT('',#10224);
#7879=(B_SPLINE_CURVE(2,(#10226,#10227,#10228),.UNSPECIFIED.,.F.,.F.)B_SPLINE_CURVE_WITH_KNOTS((3,3),(9.49750875223138,9.56030858586905),.UNSPECIFIED.)RATIONAL_B_SPLINE_CURVE((1.0,0.95110597685321,1.0))BOUNDED_CURVE()REPRESENTATION_ITEM('')GEOMETRIC_REPRESENTATION_ITEM()CURVE());
#7880=VERTEX_POINT('',#10235);
#7881=B_SPLINE_CURVE_WITH_KNOTS('',1,(#10236,#10237),.UNSPECIFIED.,.F.,.F.,(2,2),(9.56030858586905,10.6877436581383),.UNSPECIFIED.);
#7882=VERTEX_POINT('',#10238);
#7883=(B_SPLINE_CURVE(2,(#10240,#10241,#10242),.UNSPECIFIED.,.F.,.F.)B_SPLINE_CURVE_WITH_KNOTS((3,3),(10.6877436581383,10.7758735788468),.UNSPECIFIED.)RATIONAL_B_SPLINE_CURVE((1.0,0.904474780558574,1.0))BOUNDED_CURVE()REPRESENTATION_ITEM('')GEOMETRIC_REPRESENTATION_ITEM()CURVE());
#7884=VERTEX_POINT('',#10249);
#7885=B_SPLINE_CURVE_WITH_KNOTS('',1,(#10250,#10251),.UNSPECIFIED.,.F.,.F.,(2,2),(10.7758735788468,11.4265706254297),.UNSPECIFIED.);
#7886=B_SPLINE_CURVE_WITH_KNOTS('',1,(#10252,#10253),.UNSPECIFIED.,.F.,.F.,(2,2),(11.4265706254297,11.8603854581406),.UNSPECIFIED.);
#7887=VERTEX_POINT('',#10254);
#7888=VERTEX_POINT('',#10255);
#7889=B_SPLINE_CURVE_WITH_KNOTS('',2,(#10256,#10257,#10258),.UNSPECIFIED.,.F.,.F.,(3,3),(7.77279635836423,8.88307336341004),.UNSPECIFIED.);
#7890=VERTEX_POINT('',#10259);
#7891=B_SPLINE_CURVE_WITH_KNOTS('',2,(#10260,#10261,#10262,#10263,#10264),.UNSPECIFIED.,.F.,.F.,(3,2,3),(8.88307336341004,9.17024157426827,9.61915342651118),.UNSPECIFIED.);
#7892=VERTEX_POINT('',#10265);
#7893=B_SPLINE_CURVE_WITH_KNOTS('',2,(#10266,#10267,#10268),.UNSPECIFIED.,.F.,.F.,(3,3),(9.61915342651118,10.4631320525979),.UNSPECIFIED.);
#7894=VERTEX_POINT('',#10269);
#7895=B_SPLINE_CURVE_WITH_KNOTS('',2,(#10270,#10271,#10272),.UNSPECIFIED.,.F.,.F.,(3,3),(10.4631320525979,11.0426381523637),.UNSPECIFIED.);
#7896=VERTEX_POINT('',#10273);
#7897=B_SPLINE_CURVE_WITH_KNOTS('',2,(#10274,#10275,#10276),.UNSPECIFIED.,.F.,.F.,(3,3),(11.0426381523637,11.693067795629),.UNSPECIFIED.);
#7898=VERTEX_POINT('',#10277);
#7899=B_SPLINE_CURVE_WITH_KNOTS('',2,(#10278,#10279,#10280),.UNSPECIFIED.,.F.,.F.,(3,3),(11.693067795629,11.9107246194616),.UNSPECIFIED.);
#7900=VERTEX_POINT('',#10281);
#7901=B_SPLINE_CURVE_WITH_KNOTS('',2,(#10282,#10283,#10284),.UNSPECIFIED.,.F.,.F.,(3,3),(11.9107246194616,12.4752686265934),.UNSPECIFIED.);
#7902=(B_SPLINE_CURVE(2,(#10286,#10287,#10288),.UNSPECIFIED.,.F.,.F.)B_SPLINE_CURVE_WITH_KNOTS((3,3),(12.4752686265934,12.5823730716198),.UNSPECIFIED.)RATIONAL_B_SPLINE_CURVE((1.0,0.860002260176907,1.0))BOUNDED_CURVE()REPRESENTATION_ITEM('')GEOMETRIC_REPRESENTATION_ITEM()CURVE());
#7903=VERTEX_POINT('',#10295);
#7904=VERTEX_POINT('',#10296);
#7905=B_SPLINE_CURVE_WITH_KNOTS('',2,(#10297,#10298,#10299,#10300,#10301,#10302,#10303,#10304,#10305),.UNSPECIFIED.,.F.,.F.,(3,2,2,2,3),(0.0,1.0,2.0,3.0,4.0),.UNSPECIFIED.);
#7906=B_SPLINE_CURVE_WITH_KNOTS('',2,(#10306,#10307,#10308,#10309,#10310,#10311,#10312,#10313,#10314,#10315,#10316),.UNSPECIFIED.,.F.,.F.,(3,2,2,2,2,3),(4.0,5.0,6.0,7.0,8.0,9.0),.UNSPECIFIED.);
#7907=VERTEX_POINT('',#10317);
#7908=VERTEX_POINT('',#10318);
#7909=B_SPLINE_CURVE_WITH_KNOTS('',2,(#10319,#10320,#10321,#10322,#10323,#10324,#10325,#10326,#10327),.UNSPECIFIED.,.F.,.F.,(3,2,2,2,3),(0.0,1.0,2.0,3.0,4.0),.UNSPECIFIED.);
#7910=B_SPLINE_CURVE_WITH_KNOTS('',2,(#10328,#10329,#10330,#10331,#10332,#10333,#10334,#10335,#10336,#10337,#10338),.UNSPECIFIED.,.F.,.F.,(3,2,2,2,2,3),(4.0,5.0,6.0,7.0,8.0,9.0),.UNSPECIFIED.);
#7911=VERTEX_POINT('',#10339);
#7912=VERTEX_POINT('',#10340);
#7913=B_SPLINE_CURVE_WITH_KNOTS('',2,(#10341,#10342,#10343),.UNSPECIFIED.,.F.,.F.,(3,3),(50.0,51.0),.UNSPECIFIED.);
#7914=VERTEX_POINT('',#10344);
#7915=B_SPLINE_CURVE_WITH_KNOTS('',2,(#10345,#10346,#10347,#10348,#10349,#10350,#10351,#10352,#10353,#10354,#10355,#10356,#10357,#10358,#10359,#10360,#10361,#10362,#10363),.UNSPECIFIED.,.F.,.F.,(3,2,2,2,2,2,2,2,2,3),(51.0,52.0,53.0,54.0,55.0,56.0,57.0,58.0,59.0,60.0),.UNSPECIFIED.);
#7916=VERTEX_POINT('',#10364);
#7917=B_SPLINE_CURVE_WITH_KNOTS('',2,(#10365,#10366,#10367,#10368,#10369,#10370,#10371,#10372,#10373,#10374,#10375,#10376,#10377,#10378,#10379,#10380,#10381,#10382,#10383),.UNSPECIFIED.,.F.,.F.,(3,2,2,2,2,2,2,2,2,3),(60.0,61.0,62.0,63.0,64.0,65.0,66.0,67.0,68.0,69.0),.UNSPECIFIED.);
#7918=VERTEX_POINT('',#10384);
#7919=B_SPLINE_CURVE_WITH_KNOTS('',2,(#10385,#10386,#10387),.UNSPECIFIED.,.F.,.F.,(3,3),(69.0,70.0),.UNSPECIFIED.);
#7920=VERTEX_POINT('',#10388);
#7921=B_SPLINE_CURVE_WITH_KNOTS('',2,(#10389,#10390,#10391,#10392,#10393,#10394,#10395,#10396,#10397,#10398,#10399,#10400,#10401),.UNSPECIFIED.,.F.,.F.,(3,2,2,2,2,2,3),(70.0,71.0,72.0,73.0,74.0,75.0,76.0),.UNSPECIFIED.);
#7922=B_SPLINE_CURVE_WITH_KNOTS('',2,(#10402,#10403,#10404,#10405,#10406,#10407,#10408,#10409,#10410,#10411,#10412,#10413,#10414,#10415,#10416,#10417,#10418,#10419,#10420),.UNSPECIFIED.,.F.,.F.,(3,2,2,2,2,2,2,2,2,3),(76.0,77.0,78.0,79.0,80.0,81.0,82.0,83.0,84.0,85.0),.UNSPECIFIED.);
#7923=VERTEX_POINT('',#10421);
#7924=VERTEX_POINT('',#10422);
#7925=B_SPLINE_CURVE_WITH_KNOTS('',2,(#10423,#10424,#10425),.UNSPECIFIED.,.F.,.F.,(3,3),(-5.77271874549166,-5.45645160203037),.UNSPECIFIED.);
#7926=VERTEX_POINT('',#10426);
#7927=B_SPLINE_CURVE_WITH_KNOTS('',2,(#10427,#10428,#10429),.UNSPECIFIED.,.F.,.F.,(3,3),(-5.45645160203037,-4.01675160835501),.UNSPECIFIED.);
#7928=VERTEX_POINT('',#10430);
#7929=B_SPLINE_CURVE_WITH_KNOTS('',2,(#10431,#10432,#10433),.UNSPECIFIED.,.F.,.F.,(3,3),(-4.01675160835501,-3.69636987693033),.UNSPECIFIED.);
#7930=VERTEX_POINT('',#10434);
#7931=B_SPLINE_CURVE_WITH_KNOTS('',2,(#10435,#10436,#10437),.UNSPECIFIED.,.F.,.F.,(3,3),(-3.69636987693033,-1.80370372923866),.UNSPECIFIED.);
#7932=VERTEX_POINT('',#10438);
#7933=B_SPLINE_CURVE_WITH_KNOTS('',2,(#10439,#10440,#10441),.UNSPECIFIED.,.F.,.F.,(3,3),(-1.80370372923866,-1.48673031410574),.UNSPECIFIED.);
#7934=VERTEX_POINT('',#10442);
#7935=B_SPLINE_CURVE_WITH_KNOTS('',2,(#10443,#10444,#10445,#10446,#10447),.UNSPECIFIED.,.F.,.F.,(3,2,3),(-1.48673031410574,-0.403108154147677,0.0),.UNSPECIFIED.);
#7936=VERTEX_POINT('',#10448);
#7937=B_SPLINE_CURVE_WITH_KNOTS('',2,(#10449,#10450,#10451),.UNSPECIFIED.,.F.,.F.,(3,3),(0.0,1.0),.UNSPECIFIED.);
#7938=VERTEX_POINT('',#10452);
#7939=B_SPLINE_CURVE_WITH_KNOTS('',2,(#10453,#10454,#10455),.UNSPECIFIED.,.F.,.F.,(3,3),(1.0,2.09841552621187),.UNSPECIFIED.);
#7940=VERTEX_POINT('',#10456);
#7941=B_SPLINE_CURVE_WITH_KNOTS('',2,(#10457,#10458,#10459),.UNSPECIFIED.,.F.,.F.,(3,3),(2.09841552621187,2.41368478319891),.UNSPECIFIED.);
#7942=VERTEX_POINT('',#10460);
#7943=B_SPLINE_CURVE_WITH_KNOTS('',2,(#10461,#10462,#10463,#10464,#10465),.UNSPECIFIED.,.F.,.F.,(3,2,3),(2.41368478319891,3.49785219491702,3.85539253415245),.UNSPECIFIED.);
#7944=VERTEX_POINT('',#10466);
#7945=B_SPLINE_CURVE_WITH_KNOTS('',2,(#10467,#10468,#10469,#10470,#10471),.UNSPECIFIED.,.F.,.F.,(3,2,3),(3.85539253415245,4.2198832391048,5.31123654712288),.UNSPECIFIED.);
#7946=VERTEX_POINT('',#10472);
#7947=B_SPLINE_CURVE_WITH_KNOTS('',2,(#10473,#10474,#10475),.UNSPECIFIED.,.F.,.F.,(3,3),(5.31123654712288,5.60946422265117),.UNSPECIFIED.);
#7948=VERTEX_POINT('',#10476);
#7949=B_SPLINE_CURVE_WITH_KNOTS('',2,(#10477,#10478,#10479),.UNSPECIFIED.,.F.,.F.,(3,3),(5.60946422265117,7.50565549870941),.UNSPECIFIED.);
#7950=VERTEX_POINT('',#10480);
#7951=B_SPLINE_CURVE_WITH_KNOTS('',2,(#10481,#10482,#10483),.UNSPECIFIED.,.F.,.F.,(3,3),(7.50565549870941,7.8243330719882),.UNSPECIFIED.);
#7952=B_SPLINE_CURVE_WITH_KNOTS('',2,(#10484,#10485,#10486),.UNSPECIFIED.,.F.,.F.,(3,3),(7.8243330719882,8.94578955613703),.UNSPECIFIED.);
#7953=VERTEX_POINT('',#10487);
#7954=VERTEX_POINT('',#10488);
#7955=B_SPLINE_CURVE_WITH_KNOTS('',1,(#10489,#10490),.UNSPECIFIED.,.F.,.F.,(2,2),(6.0,7.0),.UNSPECIFIED.);
#7956=VERTEX_POINT('',#10491);
#7957=B_SPLINE_CURVE_WITH_KNOTS('',1,(#10492,#10493),.UNSPECIFIED.,.F.,.F.,(2,2),(7.0,8.0),.UNSPECIFIED.);
#7958=VERTEX_POINT('',#10494);
#7959=B_SPLINE_CURVE_WITH_KNOTS('',1,(#10495,#10496),.UNSPECIFIED.,.F.,.F.,(2,2),(8.0,9.0),.UNSPECIFIED.);
#7960=B_SPLINE_CURVE_WITH_KNOTS('',1,(#10497,#10498),.UNSPECIFIED.,.F.,.F.,(2,2),(9.0,10.0),.UNSPECIFIED.);
#7961=VERTEX_POINT('',#10499);
#7962=VERTEX_POINT('',#10500);
#7963=B_SPLINE_CURVE_WITH_KNOTS('',2,(#10501,#10502,#10503),.UNSPECIFIED.,.F.,.F.,(3,3),(30.0,31.0),.UNSPECIFIED.);
#7964=VERTEX_POINT('',#10504);
#7965=B_SPLINE_CURVE_WITH_KNOTS('',2,(#10505,#10506,#10507),.UNSPECIFIED.,.F.,.F.,(3,3),(31.0,32.0),.UNSPECIFIED.);
#7966=VERTEX_POINT('',#10508);
#7967=B_SPLINE_CURVE_WITH_KNOTS('',2,(#10509,#10510,#10511),.UNSPECIFIED.,.F.,.F.,(3,3),(32.0,33.0),.UNSPECIFIED.);
#7968=VERTEX_POINT('',#10512);
#7969=B_SPLINE_CURVE_WITH_KNOTS('',2,(#10513,#10514,#10515),.UNSPECIFIED.,.F.,.F.,(3,3),(33.0,34.0),.UNSPECIFIED.);
#7970=VERTEX_POINT('',#10516);
#7971=B_SPLINE_CURVE_WITH_KNOTS('',2,(#10517,#10518,#10519),.UNSPECIFIED.,.F.,.F.,(3,3),(34.0,35.0),.UNSPECIFIED.);
#7972=VERTEX_POINT('',#10520);
#7973=B_SPLINE_CURVE_WITH_KNOTS('',2,(#10521,#10522,#10523),.UNSPECIFIED.,.F.,.F.,(3,3),(35.0,36.0),.UNSPECIFIED.);
#7974=VERTEX_POINT('',#10524);
#7975=B_SPLINE_CURVE_WITH_KNOTS('',2,(#10525,#10526,#10527,#10528,#10529,#10530,#10531,#10532,#10533),.UNSPECIFIED.,.F.,.F.,(3,2,2,2,3),(36.0,37.0,38.0,39.0,40.0),.UNSPECIFIED.);
#7976=VERTEX_POINT('',#10534);
#7977=B_SPLINE_CURVE_WITH_KNOTS('',2,(#10535,#10536,#10537),.UNSPECIFIED.,.F.,.F.,(3,3),(40.0,41.0),.UNSPECIFIED.);
#7978=VERTEX_POINT('',#10538);
#7979=B_SPLINE_CURVE_WITH_KNOTS('',2,(#10539,#10540,#10541,#10542,#10543,#10544,#10545,#10546,#10547),.UNSPECIFIED.,.F.,.F.,(3,2,2,2,3),(41.0,42.0,43.0,44.0,45.0),.UNSPECIFIED.);
#7980=VERTEX_POINT('',#10548);
#7981=B_SPLINE_CURVE_WITH_KNOTS('',2,(#10549,#10550,#10551),.UNSPECIFIED.,.F.,.F.,(3,3),(45.0,46.0),.UNSPECIFIED.);
#7982=VERTEX_POINT('',#10552);
#7983=B_SPLINE_CURVE_WITH_KNOTS('',2,(#10553,#10554,#10555),.UNSPECIFIED.,.F.,.F.,(3,3),(46.0,47.0),.UNSPECIFIED.);
#7984=VERTEX_POINT('',#10556);
#7985=B_SPLINE_CURVE_WITH_KNOTS('',2,(#10557,#10558,#10559),.UNSPECIFIED.,.F.,.F.,(3,3),(47.0,48.0),.UNSPECIFIED.);
#7986=VERTEX_POINT('',#10560);
#7987=B_SPLINE_CURVE_WITH_KNOTS('',2,(#10561,#10562,#10563),.UNSPECIFIED.,.F.,.F.,(3,3),(48.0,49.0),.UNSPECIFIED.);
#7988=B_SPLINE_CURVE_WITH_KNOTS('',2,(#10564,#10565,#10566),.UNSPECIFIED.,.F.,.F.,(3,3),(49.0,50.0),.UNSPECIFIED.);
#7989=VERTEX_POINT('',#10567);
#7990=VERTEX_POINT('',#10568);
#7991=B_SPLINE_CURVE_WITH_KNOTS('',2,(#10569,#10570,#10571),.UNSPECIFIED.,.F.,.F.,(3,3),(37.0,38.0),.UNSPECIFIED.);
#7992=VERTEX_POINT('',#10572);
#7993=B_SPLINE_CURVE_WITH_KNOTS('',2,(#10573,#10574,#10575,#10576,#10577,#10578,#10579,#10580,#10581,#10582,#10583,#10584,#10585,#10586,#10587,#10588,#10589),.UNSPECIFIED.,.F.,.F.,(3,2,2,2,2,2,2,2,3),(38.0,39.0,40.0,41.0,42.0,43.0,44.0,45.0,46.0),.UNSPECIFIED.);
#7994=VERTEX_POINT('',#10590);
#7995=B_SPLINE_CURVE_WITH_KNOTS('',2,(#10591,#10592,#10593),.UNSPECIFIED.,.F.,.F.,(3,3),(46.0,47.0),.UNSPECIFIED.);
#7996=B_SPLINE_CURVE_WITH_KNOTS('',2,(#10594,#10595,#10596,#10597,#10598,#10599,#10600,#10601,#10602,#10603,#10604,#10605,#10606,#10607,#10608,#10609,#10610,#10611,#10612),.UNSPECIFIED.,.F.,.F.,(3,2,2,2,2,2,2,2,2,3),(47.0,48.0,49.0,50.0,51.0,52.0,53.0,54.0,55.0,56.0),.UNSPECIFIED.);
#7997=VERTEX_POINT('',#10613);
#7998=VERTEX_POINT('',#10614);
#7999=B_SPLINE_CURVE_WITH_KNOTS('',2,(#10615,#10616,#10617,#10618,#10619,#10620,#10621,#10622,#10623,#10624,#10625),.UNSPECIFIED.,.F.,.F.,(3,2,2,2,2,3),(23.9982958418541,24.9982958418541,25.9982958418541,26.9982958418541,27.9982958418541,28.9982958418541),.UNSPECIFIED.);
#8000=VERTEX_POINT('',#10626);
#8001=B_SPLINE_CURVE_WITH_KNOTS('',2,(#10627,#10628,#10629),.UNSPECIFIED.,.F.,.F.,(3,3),(28.9982958418541,29.988411724608),.UNSPECIFIED.);
#8002=VERTEX_POINT('',#10630);
#8003=B_SPLINE_CURVE_WITH_KNOTS('',2,(#10631,#10632,#10633),.UNSPECIFIED.,.F.,.F.,(3,3),(29.988411724608,30.2951601908657),.UNSPECIFIED.);
#8004=VERTEX_POINT('',#10634);
#8005=B_SPLINE_CURVE_WITH_KNOTS('',2,(#10635,#10636,#10637),.UNSPECIFIED.,.F.,.F.,(3,3),(30.2951601908657,32.7934560327198),.UNSPECIFIED.);
#8006=VERTEX_POINT('',#10638);
#8007=B_SPLINE_CURVE_WITH_KNOTS('',2,(#10639,#10640,#10641),.UNSPECIFIED.,.F.,.F.,(3,3),(32.7934560327198,33.1002044989775),.UNSPECIFIED.);
#8008=VERTEX_POINT('',#10642);
#8009=B_SPLINE_CURVE_WITH_KNOTS('',2,(#10643,#10644,#10645),.UNSPECIFIED.,.F.,.F.,(3,3),(33.1002044989775,33.9965916837082),.UNSPECIFIED.);
#8010=VERTEX_POINT('',#10646);
#8011=B_SPLINE_CURVE_WITH_KNOTS('',2,(#10647,#10648,#10649,#10650,#10651,#10652,#10653,#10654,#10655),.UNSPECIFIED.,.F.,.F.,(3,2,2,2,3),(33.9965916837082,34.9965916837082,35.9965916837082,36.9965916837082,37.9965916837082),.UNSPECIFIED.);
#8012=VERTEX_POINT('',#10656);
#8013=B_SPLINE_CURVE_WITH_KNOTS('',2,(#10657,#10658,#10659),.UNSPECIFIED.,.F.,.F.,(3,3),(37.9965916837082,38.9965916837082),.UNSPECIFIED.);
#8014=VERTEX_POINT('',#10660);
#8015=B_SPLINE_CURVE_WITH_KNOTS('',2,(#10661,#10662,#10663),.UNSPECIFIED.,.F.,.F.,(3,3),(38.9965916837082,39.9965916837082),.UNSPECIFIED.);
#8016=B_SPLINE_CURVE_WITH_KNOTS('',2,(#10664,#10665,#10666),.UNSPECIFIED.,.F.,.F.,(3,3),(39.9965916837082,40.9965916837082),.UNSPECIFIED.);
#8017=VERTEX_POINT('',#10667);
#8018=VERTEX_POINT('',#10668);
#8019=B_SPLINE_CURVE_WITH_KNOTS('',2,(#10669,#10670,#10671),.UNSPECIFIED.,.F.,.F.,(3,3),(43.0,44.0),.UNSPECIFIED.);
#8020=VERTEX_POINT('',#10672);
#8021=B_SPLINE_CURVE_WITH_KNOTS('',2,(#10673,#10674,#10675,#10676,#10677,#10678,#10679,#10680,#10681,#10682,#10683,#10684,#10685,#10686,#10687,#10688,#10689,#10690,#10691,#10692,#10693),.UNSPECIFIED.,.F.,.F.,(3,2,2,2,2,2,2,2,2,2,3),(44.0,45.0,46.0,47.0,48.0,49.0,50.0,51.0,52.0,53.0,54.0),.UNSPECIFIED.);
#8022=VERTEX_POINT('',#10694);
#8023=B_SPLINE_CURVE_WITH_KNOTS('',2,(#10695,#10696,#10697),.UNSPECIFIED.,.F.,.F.,(3,3),(54.0,55.0),.UNSPECIFIED.);
#8024=B_SPLINE_CURVE_WITH_KNOTS('',2,(#10698,#10699,#10700,#10701,#10702,#10703,#10704,#10705,#10706,#10707,#10708,#10709,#10710,#10711,#10712,#10713,#10714,#10715,#10716,#10717,#10718),.UNSPECIFIED.,.F.,.F.,(3,2,2,2,2,2,2,2,2,2,3),(55.0,56.0,57.0,58.0,59.0,60.0,61.0,62.0,63.0,64.0,65.0),.UNSPECIFIED.);
#8025=VERTEX_POINT('',#10719);
#8026=VERTEX_POINT('',#10720);
#8027=B_SPLINE_CURVE_WITH_KNOTS('',1,(#10721,#10722),.UNSPECIFIED.,.F.,.F.,(2,2),(6.0,7.0),.UNSPECIFIED.);
#8028=VERTEX_POINT('',#10723);
#8029=B_SPLINE_CURVE_WITH_KNOTS('',1,(#10724,#10725),.UNSPECIFIED.,.F.,.F.,(2,2),(7.0,8.0),.UNSPECIFIED.);
#8030=VERTEX_POINT('',#10726);
#8031=B_SPLINE_CURVE_WITH_KNOTS('',1,(#10727,#10728),.UNSPECIFIED.,.F.,.F.,(2,2),(8.0,9.0),.UNSPECIFIED.);
#8032=B_SPLINE_CURVE_WITH_KNOTS('',1,(#10729,#10730),.UNSPECIFIED.,.F.,.F.,(2,2),(9.0,10.0),.UNSPECIFIED.);
#8033=VERTEX_POINT('',#10731);
#8034=VERTEX_POINT('',#10732);
#8035=B_SPLINE_CURVE_WITH_KNOTS('',2,(#10733,#10734,#10735,#10736,#10737,#10738,#10739,#10740,#10741,#10742,#10743),.UNSPECIFIED.,.F.,.F.,(3,2,2,2,2,3),(16.6383776414451,17.6383776414451,18.6383776414451,19.6383776414451,20.6383776414451,21.6383776414451),.UNSPECIFIED.);
#8036=VERTEX_POINT('',#10744);
#8037=B_SPLINE_CURVE_WITH_KNOTS('',2,(#10745,#10746,#10747),.UNSPECIFIED.,.F.,.F.,(3,3),(21.6383776414451,22.6383776414451),.UNSPECIFIED.);
#8038=VERTEX_POINT('',#10748);
#8039=B_SPLINE_CURVE_WITH_KNOTS('',2,(#10749,#10750,#10751),.UNSPECIFIED.,.F.,.F.,(3,3),(22.6383776414451,23.6383776414451),.UNSPECIFIED.);
#8040=VERTEX_POINT('',#10752);
#8041=B_SPLINE_CURVE_WITH_KNOTS('',2,(#10753,#10754,#10755),.UNSPECIFIED.,.F.,.F.,(3,3),(23.6383776414451,24.6383776414451),.UNSPECIFIED.);
#8042=VERTEX_POINT('',#10756);
#8043=B_SPLINE_CURVE_WITH_KNOTS('',2,(#10757,#10758,#10759,#10760,#10761,#10762,#10763,#10764,#10765,#10766,#10767),.UNSPECIFIED.,.F.,.F.,(3,2,2,2,2,3),(24.6383776414451,25.6383776414451,26.6383776414451,27.6383776414451,28.6383776414451,29.6383776414451),.UNSPECIFIED.);
#8044=VERTEX_POINT('',#10768);
#8045=B_SPLINE_CURVE_WITH_KNOTS('',2,(#10769,#10770,#10771),.UNSPECIFIED.,.F.,.F.,(3,3),(29.6383776414451,30.6267893660532),.UNSPECIFIED.);
#8046=VERTEX_POINT('',#10772);
#8047=B_SPLINE_CURVE_WITH_KNOTS('',2,(#10773,#10774,#10775),.UNSPECIFIED.,.F.,.F.,(3,3),(30.6267893660532,30.9335378323108),.UNSPECIFIED.);
#8048=VERTEX_POINT('',#10776);
#8049=B_SPLINE_CURVE_WITH_KNOTS('',2,(#10777,#10778,#10779),.UNSPECIFIED.,.F.,.F.,(3,3),(30.9335378323108,32.7433537832311),.UNSPECIFIED.);
#8050=VERTEX_POINT('',#10780);
#8051=B_SPLINE_CURVE_WITH_KNOTS('',2,(#10781,#10782,#10783),.UNSPECIFIED.,.F.,.F.,(3,3),(32.7433537832311,33.019427402863),.UNSPECIFIED.);
#8052=B_SPLINE_CURVE_WITH_KNOTS('',2,(#10784,#10785,#10786),.UNSPECIFIED.,.F.,.F.,(3,3),(33.019427402863,33.2767552828903),.UNSPECIFIED.);
#8053=VERTEX_POINT('',#10787);
#8054=VERTEX_POINT('',#10788);
#8055=B_SPLINE_CURVE_WITH_KNOTS('',2,(#10789,#10790,#10791,#10792,#10793,#10794,#10795,#10796,#10797,#10798,#10799),.UNSPECIFIED.,.F.,.F.,(3,2,2,2,2,3),(16.6383776414451,17.6383776414451,18.6383776414451,19.6383776414451,20.6383776414451,21.6383776414451),.UNSPECIFIED.);
#8056=VERTEX_POINT('',#10800);
#8057=B_SPLINE_CURVE_WITH_KNOTS('',2,(#10801,#10802,#10803),.UNSPECIFIED.,.F.,.F.,(3,3),(21.6383776414451,22.6383776414451),.UNSPECIFIED.);
#8058=VERTEX_POINT('',#10804);
#8059=B_SPLINE_CURVE_WITH_KNOTS('',2,(#10805,#10806,#10807),.UNSPECIFIED.,.F.,.F.,(3,3),(22.6383776414451,23.6383776414451),.UNSPECIFIED.);
#8060=VERTEX_POINT('',#10808);
#8061=B_SPLINE_CURVE_WITH_KNOTS('',2,(#10809,#10810,#10811),.UNSPECIFIED.,.F.,.F.,(3,3),(23.6383776414451,24.6383776414451),.UNSPECIFIED.);
#8062=VERTEX_POINT('',#10812);
#8063=B_SPLINE_CURVE_WITH_KNOTS('',2,(#10813,#10814,#10815,#10816,#10817,#10818,#10819,#10820,#10821,#10822,#10823),.UNSPECIFIED.,.F.,.F.,(3,2,2,2,2,3),(24.6383776414451,25.6383776414451,26.6383776414451,27.6383776414451,28.6383776414451,29.6383776414451),.UNSPECIFIED.);
#8064=VERTEX_POINT('',#10824);
#8065=B_SPLINE_CURVE_WITH_KNOTS('',2,(#10825,#10826,#10827),.UNSPECIFIED.,.F.,.F.,(3,3),(29.6383776414451,30.6267893660532),.UNSPECIFIED.);
#8066=VERTEX_POINT('',#10828);
#8067=B_SPLINE_CURVE_WITH_KNOTS('',2,(#10829,#10830,#10831),.UNSPECIFIED.,.F.,.F.,(3,3),(30.6267893660532,30.9335378323108),.UNSPECIFIED.);
#8068=VERTEX_POINT('',#10832);
#8069=B_SPLINE_CURVE_WITH_KNOTS('',2,(#10833,#10834,#10835),.UNSPECIFIED.,.F.,.F.,(3,3),(30.9335378323108,32.7433537832311),.UNSPECIFIED.);
#8070=VERTEX_POINT('',#10836);
#8071=B_SPLINE_CURVE_WITH_KNOTS('',2,(#10837,#10838,#10839),.UNSPECIFIED.,.F.,.F.,(3,3),(32.7433537832311,33.019427402863),.UNSPECIFIED.);
#8072=B_SPLINE_CURVE_WITH_KNOTS('',2,(#10840,#10841,#10842),.UNSPECIFIED.,.F.,.F.,(3,3),(33.019427402863,33.2767552828903),.UNSPECIFIED.);
#8073=VERTEX_POINT('',#10843);
#8074=VERTEX_POINT('',#10844);
#8075=B_SPLINE_CURVE_WITH_KNOTS('',2,(#10845,#10846,#10847,#10848,#10849,#10850,#10851,#10852,#10853,#10854,#10855,#10856,#10857,#10858,#10859,#10860,#10861,#10862,#10863),.UNSPECIFIED.,.F.,.F.,(3,2,2,2,2,2,2,2,2,3),(20.0,21.0,22.0,23.0,24.0,25.0,26.0,27.0,28.0,29.0),.UNSPECIFIED.);
#8076=VERTEX_POINT('',#10864);
#8077=B_SPLINE_CURVE_WITH_KNOTS('',2,(#10865,#10866,#10867),.UNSPECIFIED.,.F.,.F.,(3,3),(29.0,30.0),.UNSPECIFIED.);
#8078=VERTEX_POINT('',#10868);
#8079=B_SPLINE_CURVE_WITH_KNOTS('',2,(#10869,#10870,#10871,#10872,#10873,#10874,#10875,#10876,#10877),.UNSPECIFIED.,.F.,.F.,(3,2,2,2,3),(30.0,31.0,32.0,33.0,34.0),.UNSPECIFIED.);
#8080=B_SPLINE_CURVE_WITH_KNOTS('',2,(#10878,#10879,#10880),.UNSPECIFIED.,.F.,.F.,(3,3),(34.0,35.0),.UNSPECIFIED.);
#8081=VERTEX_POINT('',#10881);
#8082=VERTEX_POINT('',#10882);
#8083=B_SPLINE_CURVE_WITH_KNOTS('',2,(#10883,#10884,#10885),.UNSPECIFIED.,.F.,.F.,(3,3),(37.0,38.0),.UNSPECIFIED.);
#8084=VERTEX_POINT('',#10886);
#8085=B_SPLINE_CURVE_WITH_KNOTS('',2,(#10887,#10888,#10889,#10890,#10891,#10892,#10893,#10894,#10895,#10896,#10897,#10898,#10899,#10900,#10901,#10902,#10903),.UNSPECIFIED.,.F.,.F.,(3,2,2,2,2,2,2,2,3),(38.0,39.0,40.0,41.0,42.0,43.0,44.0,45.0,46.0),.UNSPECIFIED.);
#8086=VERTEX_POINT('',#10904);
#8087=B_SPLINE_CURVE_WITH_KNOTS('',2,(#10905,#10906,#10907),.UNSPECIFIED.,.F.,.F.,(3,3),(46.0,47.0),.UNSPECIFIED.);
#8088=B_SPLINE_CURVE_WITH_KNOTS('',2,(#10908,#10909,#10910,#10911,#10912,#10913,#10914,#10915,#10916,#10917,#10918,#10919,#10920,#10921,#10922,#10923,#10924,#10925,#10926),.UNSPECIFIED.,.F.,.F.,(3,2,2,2,2,2,2,2,2,3),(47.0,48.0,49.0,50.0,51.0,52.0,53.0,54.0,55.0,56.0),.UNSPECIFIED.);
#8089=VERTEX_POINT('',#10927);
#8090=VERTEX_POINT('',#10928);
#8091=B_SPLINE_CURVE_WITH_KNOTS('',2,(#10929,#10930,#10931),.UNSPECIFIED.,.F.,.F.,(3,3),(30.0,31.0),.UNSPECIFIED.);
#8092=VERTEX_POINT('',#10932);
#8093=B_SPLINE_CURVE_WITH_KNOTS('',2,(#10933,#10934,#10935),.UNSPECIFIED.,.F.,.F.,(3,3),(31.0,32.0),.UNSPECIFIED.);
#8094=VERTEX_POINT('',#10936);
#8095=B_SPLINE_CURVE_WITH_KNOTS('',2,(#10937,#10938,#10939),.UNSPECIFIED.,.F.,.F.,(3,3),(32.0,33.0),.UNSPECIFIED.);
#8096=VERTEX_POINT('',#10940);
#8097=B_SPLINE_CURVE_WITH_KNOTS('',2,(#10941,#10942,#10943),.UNSPECIFIED.,.F.,.F.,(3,3),(33.0,34.0),.UNSPECIFIED.);
#8098=VERTEX_POINT('',#10944);
#8099=B_SPLINE_CURVE_WITH_KNOTS('',2,(#10945,#10946,#10947),.UNSPECIFIED.,.F.,.F.,(3,3),(34.0,35.0),.UNSPECIFIED.);
#8100=VERTEX_POINT('',#10948);
#8101=B_SPLINE_CURVE_WITH_KNOTS('',2,(#10949,#10950,#10951),.UNSPECIFIED.,.F.,.F.,(3,3),(35.0,36.0),.UNSPECIFIED.);
#8102=VERTEX_POINT('',#10952);
#8103=B_SPLINE_CURVE_WITH_KNOTS('',2,(#10953,#10954,#10955,#10956,#10957,#10958,#10959,#10960,#10961),.UNSPECIFIED.,.F.,.F.,(3,2,2,2,3),(36.0,37.0,38.0,39.0,40.0),.UNSPECIFIED.);
#8104=VERTEX_POINT('',#10962);
#8105=B_SPLINE_CURVE_WITH_KNOTS('',2,(#10963,#10964,#10965),.UNSPECIFIED.,.F.,.F.,(3,3),(40.0,41.0),.UNSPECIFIED.);
#8106=VERTEX_POINT('',#10966);
#8107=B_SPLINE_CURVE_WITH_KNOTS('',2,(#10967,#10968,#10969,#10970,#10971,#10972,#10973,#10974,#10975),.UNSPECIFIED.,.F.,.F.,(3,2,2,2,3),(41.0,42.0,43.0,44.0,45.0),.UNSPECIFIED.);
#8108=VERTEX_POINT('',#10976);
#8109=B_SPLINE_CURVE_WITH_KNOTS('',2,(#10977,#10978,#10979),.UNSPECIFIED.,.F.,.F.,(3,3),(45.0,46.0),.UNSPECIFIED.);
#8110=VERTEX_POINT('',#10980);
#8111=B_SPLINE_CURVE_WITH_KNOTS('',2,(#10981,#10982,#10983),.UNSPECIFIED.,.F.,.F.,(3,3),(46.0,47.0),.UNSPECIFIED.);
#8112=VERTEX_POINT('',#10984);
#8113=B_SPLINE_CURVE_WITH_KNOTS('',2,(#10985,#10986,#10987),.UNSPECIFIED.,.F.,.F.,(3,3),(47.0,48.0),.UNSPECIFIED.);
#8114=VERTEX_POINT('',#10988);
#8115=B_SPLINE_CURVE_WITH_KNOTS('',2,(#10989,#10990,#10991),.UNSPECIFIED.,.F.,.F.,(3,3),(48.0,49.0),.UNSPECIFIED.);
#8116=B_SPLINE_CURVE_WITH_KNOTS('',2,(#10992,#10993,#10994),.UNSPECIFIED.,.F.,.F.,(3,3),(49.0,50.0),.UNSPECIFIED.);
#8117=VERTEX_POINT('',#10995);
#8118=VERTEX_POINT('',#10996);
#8119=B_SPLINE_CURVE_WITH_KNOTS('',2,(#10997,#10998,#10999,#11000,#11001,#11002,#11003),.UNSPECIFIED.,.F.,.F.,(3,2,2,3),(11.6145194274029,12.6145194274029,13.6145194274029,14.6145194274029),.UNSPECIFIED.);
#8120=VERTEX_POINT('',#11004);
#8121=B_SPLINE_CURVE_WITH_KNOTS('',2,(#11005,#11006,#11007),.UNSPECIFIED.,.F.,.F.,(3,3),(14.6145194274029,15.6145194274029),.UNSPECIFIED.);
#8122=VERTEX_POINT('',#11008);
#8123=B_SPLINE_CURVE_WITH_KNOTS('',2,(#11009,#11010,#11011,#11012,#11013,#11014,#11015,#11016,#11017),.UNSPECIFIED.,.F.,.F.,(3,2,2,2,3),(15.6145194274029,16.6145194274029,17.6145194274029,18.6145194274029,19.6145194274029),.UNSPECIFIED.);
#8124=VERTEX_POINT('',#11018);
#8125=B_SPLINE_CURVE_WITH_KNOTS('',2,(#11019,#11020,#11021),.UNSPECIFIED.,.F.,.F.,(3,3),(19.6145194274029,20.5620313565099),.UNSPECIFIED.);
#8126=VERTEX_POINT('',#11022);
#8127=B_SPLINE_CURVE_WITH_KNOTS('',2,(#11023,#11024,#11025),.UNSPECIFIED.,.F.,.F.,(3,3),(20.5620313565099,20.8687798227676),.UNSPECIFIED.);
#8128=VERTEX_POINT('',#11026);
#8129=B_SPLINE_CURVE_WITH_KNOTS('',2,(#11027,#11028,#11029),.UNSPECIFIED.,.F.,.F.,(3,3),(20.8687798227676,22.6785957736878),.UNSPECIFIED.);
#8130=VERTEX_POINT('',#11030);
#8131=B_SPLINE_CURVE_WITH_KNOTS('',2,(#11031,#11032,#11033),.UNSPECIFIED.,.F.,.F.,(3,3),(22.6785957736878,22.9546693933197),.UNSPECIFIED.);
#8132=B_SPLINE_CURVE_WITH_KNOTS('',2,(#11034,#11035,#11036),.UNSPECIFIED.,.F.,.F.,(3,3),(22.9546693933197,23.2290388548057),.UNSPECIFIED.);
#8133=B_SPLINE_CURVE_WITH_KNOTS('',1,(#11037,#11038),.UNSPECIFIED.,.F.,.F.,(2,2),(0.0,2.7),.UNSPECIFIED.);
#8134=VERTEX_POINT('',#11039);
#8135=B_SPLINE_CURVE_WITH_KNOTS('',1,(#11040,#11041),.UNSPECIFIED.,.F.,.F.,(2,2),(0.0,0.570927310250436),.UNSPECIFIED.);
#8136=VERTEX_POINT('',#11042);
#8137=B_SPLINE_CURVE_WITH_KNOTS('',1,(#11043,#11044),.UNSPECIFIED.,.F.,.F.,(2,2),(0.570927310250436,2.12907268974956),.UNSPECIFIED.);
#8138=B_SPLINE_CURVE_WITH_KNOTS('',1,(#11045,#11046),.UNSPECIFIED.,.F.,.F.,(2,2),(2.12907268974956,2.7),.UNSPECIFIED.);
#8139=VERTEX_POINT('',#11047);
#8140=B_SPLINE_CURVE_WITH_KNOTS('',1,(#11048,#11049),.UNSPECIFIED.,.F.,.F.,(2,2),(-0.570927310250437,0.0),.UNSPECIFIED.);
#8141=B_SPLINE_CURVE_WITH_KNOTS('',1,(#11050,#11051),.UNSPECIFIED.,.F.,.F.,(2,2),(0.0,0.199999999999999),.UNSPECIFIED.);
#8142=VERTEX_POINT('',#11052);
#8143=(B_SPLINE_CURVE(2,(#11054,#11055,#11056,#11057,#11058),.UNSPECIFIED.,.F.,.F.)B_SPLINE_CURVE_WITH_KNOTS((3,2,3),(2.98506458439083,3.15217295792463,3.31928133145842),.UNSPECIFIED.)RATIONAL_B_SPLINE_CURVE((1.0,0.848830098900919,1.0,0.848830098900919,1.0))BOUNDED_CURVE()REPRESENTATION_ITEM('')GEOMETRIC_REPRESENTATION_ITEM()CURVE());
#8144=VERTEX_POINT('',#11065);
#8145=B_SPLINE_CURVE_WITH_KNOTS('',2,(#11066,#11067,#11068),.UNSPECIFIED.,.F.,.F.,(3,3),(0.337561190245496,0.472225136174418),.UNSPECIFIED.);
#8146=VERTEX_POINT('',#11069);
#8147=B_SPLINE_CURVE_WITH_KNOTS('',3,(#11070,#11071,#11072,#11073),.UNSPECIFIED.,.F.,.F.,(4,4),(0.607393789131468,2.09260621086853),.UNSPECIFIED.);
#8148=VERTEX_POINT('',#11074);
#8149=B_SPLINE_CURVE_WITH_KNOTS('',2,(#11075,#11076,#11077),.UNSPECIFIED.,.F.,.F.,(3,3),(-0.472225136174418,-0.337561190245496),.UNSPECIFIED.);
#8150=(B_SPLINE_CURVE(2,(#11079,#11080,#11081,#11082,#11083),.UNSPECIFIED.,.F.,.F.)B_SPLINE_CURVE_WITH_KNOTS((3,2,3),(-3.31928133145842,-3.15217295792463,-2.98506458439083),.UNSPECIFIED.)RATIONAL_B_SPLINE_CURVE((1.0,0.848830098900919,1.0,0.848830098900919,1.0))BOUNDED_CURVE()REPRESENTATION_ITEM('')GEOMETRIC_REPRESENTATION_ITEM()CURVE());
#8151=VERTEX_POINT('',#11090);
#8152=VERTEX_POINT('',#11091);
#8153=B_SPLINE_CURVE_WITH_KNOTS('',1,(#11092,#11093),.UNSPECIFIED.,.F.,.F.,(2,2),(0.0,0.199999999999999),.UNSPECIFIED.);
#8154=(B_SPLINE_CURVE(2,(#11095,#11096,#11097,#11098,#11099),.UNSPECIFIED.,.F.,.F.)B_SPLINE_CURVE_WITH_KNOTS((3,2,3),(0.337561190245496,0.504669563779294,0.671777937313091),.UNSPECIFIED.)RATIONAL_B_SPLINE_CURVE((1.0,0.848830098900918,1.0,0.848830098900918,1.0))BOUNDED_CURVE()REPRESENTATION_ITEM('')GEOMETRIC_REPRESENTATION_ITEM()CURVE());
#8155=(B_SPLINE_CURVE(2,(#11107,#11108,#11109,#11110,#11111),.UNSPECIFIED.,.F.,.F.)B_SPLINE_CURVE_WITH_KNOTS((3,2,3),(0.337561190245496,0.504669563779294,0.671777937313091),.UNSPECIFIED.)RATIONAL_B_SPLINE_CURVE((1.0,0.848830098900919,1.0,0.848830098900919,1.0))BOUNDED_CURVE()REPRESENTATION_ITEM('')GEOMETRIC_REPRESENTATION_ITEM()CURVE());
#8156=VERTEX_POINT('',#11118);
#8157=B_SPLINE_CURVE_WITH_KNOTS('',1,(#11119,#11120),.UNSPECIFIED.,.F.,.F.,(2,2),(4.0,5.0),.UNSPECIFIED.);
#8158=VERTEX_POINT('',#11121);
#8159=B_SPLINE_CURVE_WITH_KNOTS('',1,(#11122,#11123),.UNSPECIFIED.,.F.,.F.,(2,2),(4.0,5.0),.UNSPECIFIED.);
#8160=B_SPLINE_CURVE_WITH_KNOTS('',1,(#11124,#11125,#11126),.UNSPECIFIED.,.F.,.F.,(2,1,2),(0.0,0.188992558082775,0.2),.UNSPECIFIED.);
#8161=VERTEX_POINT('',#11127);
#8162=B_SPLINE_CURVE_WITH_KNOTS('',1,(#11128,#11129),.UNSPECIFIED.,.F.,.F.,(2,2),(0.0,0.199999999999999),.UNSPECIFIED.);
#8163=VERTEX_POINT('',#11130);
#8164=(B_SPLINE_CURVE(2,(#11132,#11133,#11134,#11135,#11136),.UNSPECIFIED.,.F.,.F.)B_SPLINE_CURVE_WITH_KNOTS((3,2,3),(-0.671777937313091,-0.504669563779294,-0.337561190245496),.UNSPECIFIED.)RATIONAL_B_SPLINE_CURVE((1.0,0.848830098900919,1.0,0.848830098900919,1.0))BOUNDED_CURVE()REPRESENTATION_ITEM('')GEOMETRIC_REPRESENTATION_ITEM()CURVE());
#8165=VERTEX_POINT('',#11143);
#8166=B_SPLINE_CURVE_WITH_KNOTS('',1,(#11144,#11145),.UNSPECIFIED.,.F.,.F.,(2,2),(0.0,0.199999999999999),.UNSPECIFIED.);
#8167=(B_SPLINE_CURVE(2,(#11147,#11148,#11149,#11150,#11151),.UNSPECIFIED.,.F.,.F.)B_SPLINE_CURVE_WITH_KNOTS((3,2,3),(-0.671777937313091,-0.504669563779294,-0.337561190245496),.UNSPECIFIED.)RATIONAL_B_SPLINE_CURVE((1.0,0.848830098900918,1.0,0.848830098900918,1.0))BOUNDED_CURVE()REPRESENTATION_ITEM('')GEOMETRIC_REPRESENTATION_ITEM()CURVE());
#8168=VERTEX_POINT('',#11158);
#8169=B_SPLINE_CURVE_WITH_KNOTS('',1,(#11159,#11160),.UNSPECIFIED.,.F.,.F.,(2,2),(0.0,0.200000000000001),.UNSPECIFIED.);
#8170=VERTEX_POINT('',#11161);
#8171=(B_SPLINE_CURVE(2,(#11163,#11164,#11165,#11166,#11167),.UNSPECIFIED.,.F.,.F.)B_SPLINE_CURVE_WITH_KNOTS((3,2,3),(-3.31928133145842,-3.15217295792463,-2.98506458439083),.UNSPECIFIED.)RATIONAL_B_SPLINE_CURVE((1.0,0.848830098900918,1.0,0.848830098900918,1.0))BOUNDED_CURVE()REPRESENTATION_ITEM('')GEOMETRIC_REPRESENTATION_ITEM()CURVE());
#8172=B_SPLINE_CURVE_WITH_KNOTS('',1,(#11174,#11175),.UNSPECIFIED.,.F.,.F.,(2,2),(0.0,0.199999999999997),.UNSPECIFIED.);
#8173=VERTEX_POINT('',#11176);
#8174=B_SPLINE_CURVE_WITH_KNOTS('',1,(#11177,#11178),.UNSPECIFIED.,.F.,.F.,(2,2),(10.0,11.0),.UNSPECIFIED.);
#8175=VERTEX_POINT('',#11179);
#8176=B_SPLINE_CURVE_WITH_KNOTS('',1,(#11180,#11181),.UNSPECIFIED.,.F.,.F.,(2,2),(10.0,11.0),.UNSPECIFIED.);
#8177=B_SPLINE_CURVE_WITH_KNOTS('',1,(#11182,#11183,#11184),.UNSPECIFIED.,.F.,.F.,(2,1,2),(0.0,0.188992558082775,0.2),.UNSPECIFIED.);
#8178=VERTEX_POINT('',#11185);
#8179=(B_SPLINE_CURVE(2,(#11187,#11188,#11189,#11190,#11191),.UNSPECIFIED.,.F.,.F.)B_SPLINE_CURVE_WITH_KNOTS((3,2,3),(2.98506458439083,3.15217295792463,3.31928133145842),.UNSPECIFIED.)RATIONAL_B_SPLINE_CURVE((1.0,0.848830098900919,1.0,0.848830098900919,1.0))BOUNDED_CURVE()REPRESENTATION_ITEM('')GEOMETRIC_REPRESENTATION_ITEM()CURVE());
#8180=B_SPLINE_CURVE_WITH_KNOTS('',1,(#11198,#11199),.UNSPECIFIED.,.F.,.F.,(2,2),(0.0,0.200000000000001),.UNSPECIFIED.);
#8181=VERTEX_POINT('',#11200);
#8182=VERTEX_POINT('',#11201);
#8183=(B_SPLINE_CURVE(2,(#11203,#11204,#11205),.UNSPECIFIED.,.F.,.F.)B_SPLINE_CURVE_WITH_KNOTS((3,3),(0.0,0.112022249724242),.UNSPECIFIED.)RATIONAL_B_SPLINE_CURVE((1.0,0.84719601203851,1.0))BOUNDED_CURVE()REPRESENTATION_ITEM('')GEOMETRIC_REPRESENTATION_ITEM()CURVE());
#8184=VERTEX_POINT('',#11212);
#8185=B_SPLINE_CURVE_WITH_KNOTS('',1,(#11213,#11214),.UNSPECIFIED.,.F.,.F.,(2,2),(2.0,2.5945076587681),.UNSPECIFIED.);
#8186=B_SPLINE_CURVE_WITH_KNOTS('',1,(#11215,#11216),.UNSPECIFIED.,.F.,.F.,(2,2),(-12.0,-11.0),.UNSPECIFIED.);
#8187=VERTEX_POINT('',#11217);
#8188=B_SPLINE_CURVE_WITH_KNOTS('',1,(#11218,#11219,#11220),.UNSPECIFIED.,.F.,.F.,(2,1,2),(-11.651955304102,-11.5,-11.0),.UNSPECIFIED.);
#8189=B_SPLINE_CURVE_WITH_KNOTS('',1,(#11221,#11222),.UNSPECIFIED.,.F.,.F.,(2,2),(3.47274574336654,3.99999999999998),.UNSPECIFIED.);
#8190=VERTEX_POINT('',#11223);
#8191=VERTEX_POINT('',#11224);
#8192=(B_SPLINE_CURVE(2,(#11226,#11227,#11228),.UNSPECIFIED.,.F.,.F.)B_SPLINE_CURVE_WITH_KNOTS((3,3),(0.0,0.112022249724251),.UNSPECIFIED.)RATIONAL_B_SPLINE_CURVE((1.0,0.847196012038516,1.0))BOUNDED_CURVE()REPRESENTATION_ITEM('')GEOMETRIC_REPRESENTATION_ITEM()CURVE());
#8193=B_SPLINE_CURVE_WITH_KNOTS('',1,(#11235,#11236),.UNSPECIFIED.,.F.,.F.,(2,2),(1.00000000000002,1.52725425663344),.UNSPECIFIED.);
#8194=VERTEX_POINT('',#11237);
#8195=B_SPLINE_CURVE_WITH_KNOTS('',1,(#11238,#11239,#11240),.UNSPECIFIED.,.F.,.F.,(2,1,2),(-0.2,-0.188992558082775,0.0),.UNSPECIFIED.);
#8196=VERTEX_POINT('',#11241);
#8197=B_SPLINE_CURVE_WITH_KNOTS('',1,(#11242,#11243),.UNSPECIFIED.,.F.,.F.,(2,2),(-8.0,-7.0),.UNSPECIFIED.);
#8198=B_SPLINE_CURVE_WITH_KNOTS('',1,(#11244,#11245),.UNSPECIFIED.,.F.,.F.,(2,2),(2.40549234123189,3.0),.UNSPECIFIED.);
#8199=VERTEX_POINT('',#11246);
#8200=VERTEX_POINT('',#11247);
#8201=(B_SPLINE_CURVE(2,(#11249,#11250,#11251),.UNSPECIFIED.,.F.,.F.)B_SPLINE_CURVE_WITH_KNOTS((3,3),(0.0,0.112022249724242),.UNSPECIFIED.)RATIONAL_B_SPLINE_CURVE((1.0,0.847196012038531,1.0))BOUNDED_CURVE()REPRESENTATION_ITEM('')GEOMETRIC_REPRESENTATION_ITEM()CURVE());
#8202=VERTEX_POINT('',#11258);
#8203=B_SPLINE_CURVE_WITH_KNOTS('',1,(#11259,#11260),.UNSPECIFIED.,.F.,.F.,(2,2),(2.0,2.5945076587681),.UNSPECIFIED.);
#8204=B_SPLINE_CURVE_WITH_KNOTS('',1,(#11261,#11262),.UNSPECIFIED.,.F.,.F.,(2,2),(-6.0,-5.0),.UNSPECIFIED.);
#8205=VERTEX_POINT('',#11263);
#8206=B_SPLINE_CURVE_WITH_KNOTS('',1,(#11264,#11265,#11266),.UNSPECIFIED.,.F.,.F.,(2,1,2),(-5.65195530410203,-5.5,-5.0),.UNSPECIFIED.);
#8207=B_SPLINE_CURVE_WITH_KNOTS('',1,(#11267,#11268),.UNSPECIFIED.,.F.,.F.,(2,2),(3.47274574336655,3.99999999999998),.UNSPECIFIED.);
#8208=VERTEX_POINT('',#11269);
#8209=VERTEX_POINT('',#11270);
#8210=(B_SPLINE_CURVE(2,(#11272,#11273,#11274),.UNSPECIFIED.,.F.,.F.)B_SPLINE_CURVE_WITH_KNOTS((3,3),(0.0,0.112022249724245),.UNSPECIFIED.)RATIONAL_B_SPLINE_CURVE((1.0,0.847196012038521,1.0))BOUNDED_CURVE()REPRESENTATION_ITEM('')GEOMETRIC_REPRESENTATION_ITEM()CURVE());
#8211=B_SPLINE_CURVE_WITH_KNOTS('',1,(#11281,#11282),.UNSPECIFIED.,.F.,.F.,(2,2),(1.00000000000002,1.52725425663344),.UNSPECIFIED.);
#8212=VERTEX_POINT('',#11283);
#8213=B_SPLINE_CURVE_WITH_KNOTS('',1,(#11284,#11285,#11286),.UNSPECIFIED.,.F.,.F.,(2,1,2),(-0.2,-0.188992558082775,0.0),.UNSPECIFIED.);
#8214=VERTEX_POINT('',#11287);
#8215=B_SPLINE_CURVE_WITH_KNOTS('',1,(#11288,#11289),.UNSPECIFIED.,.F.,.F.,(2,2),(-2.0,-1.0),.UNSPECIFIED.);
#8216=B_SPLINE_CURVE_WITH_KNOTS('',1,(#11290,#11291),.UNSPECIFIED.,.F.,.F.,(2,2),(2.40549234123189,3.0),.UNSPECIFIED.);
#8217=B_SPLINE_CURVE_WITH_KNOTS('',1,(#11292,#11293),.UNSPECIFIED.,.F.,.F.,(2,2),(0.0,0.598898112483943),.UNSPECIFIED.);
#8218=VERTEX_POINT('',#11294);
#8219=B_SPLINE_CURVE_WITH_KNOTS('',1,(#11295,#11296),.UNSPECIFIED.,.F.,.F.,(2,2),(-7.0,-6.99434452449879),.UNSPECIFIED.);
#8220=B_SPLINE_CURVE_WITH_KNOTS('',2,(#11297,#11298,#11299),.UNSPECIFIED.,.F.,.F.,(3,3),(-3.31928133145842,-3.1846173855295),.UNSPECIFIED.);
#8221=B_SPLINE_CURVE_WITH_KNOTS('',1,(#11300,#11301),.UNSPECIFIED.,.F.,.F.,(2,2),(-2.7,-2.12907268974956),.UNSPECIFIED.);
#8222=B_SPLINE_CURVE_WITH_KNOTS('',1,(#11302,#11303),.UNSPECIFIED.,.F.,.F.,(2,2),(2.12907268974956,2.7),.UNSPECIFIED.);
#8223=B_SPLINE_CURVE_WITH_KNOTS('',1,(#11304,#11305),.UNSPECIFIED.,.F.,.F.,(2,2),(0.0,0.598898112483939),.UNSPECIFIED.);
#8224=VERTEX_POINT('',#11306);
#8225=B_SPLINE_CURVE_WITH_KNOTS('',1,(#11307,#11308),.UNSPECIFIED.,.F.,.F.,(2,2),(-1.0,-0.994344524498787),.UNSPECIFIED.);
#8226=B_SPLINE_CURVE_WITH_KNOTS('',2,(#11309,#11310,#11311),.UNSPECIFIED.,.F.,.F.,(3,3),(0.337561190245496,0.472225136174418),.UNSPECIFIED.);
#8227=VERTEX_POINT('',#11312);
#8228=B_SPLINE_CURVE_WITH_KNOTS('',2,(#11313,#11314,#11315),.UNSPECIFIED.,.F.,.F.,(3,3),(-3.31928133145842,-3.18461738552949),.UNSPECIFIED.);
#8229=VERTEX_POINT('',#11316);
#8230=B_SPLINE_CURVE_WITH_KNOTS('',3,(#11317,#11318,#11319,#11320),.UNSPECIFIED.,.F.,.F.,(4,4),(0.607393789131466,2.09260621086853),.UNSPECIFIED.);
#8231=B_SPLINE_CURVE_WITH_KNOTS('',2,(#11321,#11322,#11323),.UNSPECIFIED.,.F.,.F.,(3,3),(3.1846173855295,3.31928133145842),.UNSPECIFIED.);
#8232=VERTEX_POINT('',#11324);
#8233=B_SPLINE_CURVE_WITH_KNOTS('',2,(#11325,#11326,#11327),.UNSPECIFIED.,.F.,.F.,(3,3),(3.1846173855295,3.31928133145842),.UNSPECIFIED.);
#8234=B_SPLINE_CURVE_WITH_KNOTS('',1,(#11328,#11329),.UNSPECIFIED.,.F.,.F.,(2,2),(-9.7,-9.5),.UNSPECIFIED.);
#8235=B_SPLINE_CURVE_WITH_KNOTS('',1,(#11330,#11331),.UNSPECIFIED.,.F.,.F.,(2,2),(9.5,9.7),.UNSPECIFIED.);
#8236=B_SPLINE_CURVE_WITH_KNOTS('',1,(#11332,#11333),.UNSPECIFIED.,.F.,.F.,(2,2),(8.0,9.0),.UNSPECIFIED.);
#8237=VERTEX_POINT('',#11334);
#8238=B_SPLINE_CURVE_WITH_KNOTS('',2,(#11335,#11336,#11337),.UNSPECIFIED.,.F.,.F.,(3,3),(-0.472225136174418,-0.337561190245496),.UNSPECIFIED.);
#8239=B_SPLINE_CURVE_WITH_KNOTS('',1,(#11338,#11339),.UNSPECIFIED.,.F.,.F.,(2,2),(-4.46600745496724E-15,0.2),.UNSPECIFIED.);
#8240=B_SPLINE_CURVE_WITH_KNOTS('',1,(#11340,#11341),.UNSPECIFIED.,.F.,.F.,(2,2),(-0.199999999999999,0.0),.UNSPECIFIED.);
#8241=B_SPLINE_CURVE_WITH_KNOTS('',1,(#11342,#11343),.UNSPECIFIED.,.F.,.F.,(2,2),(2.0,3.0),.UNSPECIFIED.);
#8242=VERTEX_POINT('',#11344);
#8243=B_SPLINE_CURVE_WITH_KNOTS('',1,(#11345,#11346),.UNSPECIFIED.,.F.,.F.,(2,2),(0.0,0.5),.UNSPECIFIED.);
#8244=VERTEX_POINT('',#11347);
#8245=B_SPLINE_CURVE_WITH_KNOTS('',1,(#11348,#11349),.UNSPECIFIED.,.F.,.F.,(2,2),(0.0,1.0),.UNSPECIFIED.);
#8246=B_SPLINE_CURVE_WITH_KNOTS('',1,(#11350,#11351),.UNSPECIFIED.,.F.,.F.,(2,2),(0.0,0.5),.UNSPECIFIED.);
#8247=VERTEX_POINT('',#11352);
#8248=B_SPLINE_CURVE_WITH_KNOTS('',1,(#11353,#11354),.UNSPECIFIED.,.F.,.F.,(2,2),(0.0,0.5),.UNSPECIFIED.);
#8249=VERTEX_POINT('',#11355);
#8250=B_SPLINE_CURVE_WITH_KNOTS('',1,(#11356,#11357),.UNSPECIFIED.,.F.,.F.,(2,2),(2.0,3.0),.UNSPECIFIED.);
#8251=B_SPLINE_CURVE_WITH_KNOTS('',1,(#11358,#11359),.UNSPECIFIED.,.F.,.F.,(2,2),(0.0,0.5),.UNSPECIFIED.);
#8252=B_SPLINE_CURVE_WITH_KNOTS('',1,(#11360,#11361),.UNSPECIFIED.,.F.,.F.,(2,2),(3.0,4.0),.UNSPECIFIED.);
#8253=B_SPLINE_CURVE_WITH_KNOTS('',1,(#11362,#11363),.UNSPECIFIED.,.F.,.F.,(2,2),(1.0,2.0),.UNSPECIFIED.);
#8254=B_SPLINE_CURVE_WITH_KNOTS('',1,(#11364,#11365),.UNSPECIFIED.,.F.,.F.,(2,2),(-6.00565547550121,-6.0),.UNSPECIFIED.);
#8255=B_SPLINE_CURVE_WITH_KNOTS('',1,(#11366,#11367),.UNSPECIFIED.,.F.,.F.,(2,2),(-0.0056554755012147,0.0),.UNSPECIFIED.);
#8256=B_SPLINE_CURVE_WITH_KNOTS('',1,(#11368,#11369),.UNSPECIFIED.,.F.,.F.,(2,2),(0.0,0.598898112483947),.UNSPECIFIED.);
#8257=B_SPLINE_CURVE_WITH_KNOTS('',1,(#11370,#11371),.UNSPECIFIED.,.F.,.F.,(2,2),(5.3388702542665E-15,0.598898112483947),.UNSPECIFIED.);
#8258=B_SPLINE_CURVE_WITH_KNOTS('',1,(#11372,#11373),.UNSPECIFIED.,.F.,.F.,(2,2),(0.0,0.598898112483947),.UNSPECIFIED.);
#8259=B_SPLINE_CURVE_WITH_KNOTS('',1,(#11374,#11375),.UNSPECIFIED.,.F.,.F.,(2,2),(0.0,0.598898112483946),.UNSPECIFIED.);
#8260=B_SPLINE_CURVE_WITH_KNOTS('',1,(#11376,#11377),.UNSPECIFIED.,.F.,.F.,(2,2),(0.0,0.598898112483947),.UNSPECIFIED.);
#8261=B_SPLINE_CURVE_WITH_KNOTS('',1,(#11378,#11379),.UNSPECIFIED.,.F.,.F.,(2,2),(0.0,0.598898112483947),.UNSPECIFIED.);
#8262=B_SPLINE_CURVE_WITH_KNOTS('',1,(#11380,#11381),.UNSPECIFIED.,.F.,.F.,(2,2),(0.0,0.598898112483947),.UNSPECIFIED.);
#8263=B_SPLINE_CURVE_WITH_KNOTS('',1,(#11382,#11383),.UNSPECIFIED.,.F.,.F.,(2,2),(0.0,0.598898112483946),.UNSPECIFIED.);
#8264=B_SPLINE_CURVE_WITH_KNOTS('',1,(#11384,#11385),.UNSPECIFIED.,.F.,.F.,(2,2),(0.0,0.598898112483947),.UNSPECIFIED.);
#8265=B_SPLINE_CURVE_WITH_KNOTS('',1,(#11386,#11387),.UNSPECIFIED.,.F.,.F.,(2,2),(0.0,0.598898112483947),.UNSPECIFIED.);
#8266=B_SPLINE_CURVE_WITH_KNOTS('',1,(#11388,#11389),.UNSPECIFIED.,.F.,.F.,(2,2),(0.0,0.598898112483947),.UNSPECIFIED.);
#8267=B_SPLINE_CURVE_WITH_KNOTS('',1,(#11390,#11391),.UNSPECIFIED.,.F.,.F.,(2,2),(0.0,0.598898112483947),.UNSPECIFIED.);
#8268=VERTEX_POINT('',#11392);
#8269=B_SPLINE_CURVE_WITH_KNOTS('',1,(#11393,#11394),.UNSPECIFIED.,.F.,.F.,(2,2),(0.0,0.1),.UNSPECIFIED.);
#8270=VERTEX_POINT('',#11395);
#8271=B_SPLINE_CURVE_WITH_KNOTS('',2,(#11396,#11397,#11398),.UNSPECIFIED.,.F.,.F.,(3,3),(-5.91495154362585,-5.1288449298777),.UNSPECIFIED.);
#8272=B_SPLINE_CURVE_WITH_KNOTS('',1,(#11399,#11400),.UNSPECIFIED.,.F.,.F.,(2,2),(0.0,0.1),.UNSPECIFIED.);
#8273=VERTEX_POINT('',#11401);
#8274=B_SPLINE_CURVE_WITH_KNOTS('',2,(#11402,#11403,#11404),.UNSPECIFIED.,.F.,.F.,(3,3),(-5.1288449298777,-4.32114011533101),.UNSPECIFIED.);
#8275=B_SPLINE_CURVE_WITH_KNOTS('',1,(#11405,#11406),.UNSPECIFIED.,.F.,.F.,(2,2),(0.0,0.1),.UNSPECIFIED.);
#8276=VERTEX_POINT('',#11407);
#8277=B_SPLINE_CURVE_WITH_KNOTS('',2,(#11408,#11409,#11410),.UNSPECIFIED.,.F.,.F.,(3,3),(-4.32114011533101,-2.95188828597258),.UNSPECIFIED.);
#8278=B_SPLINE_CURVE_WITH_KNOTS('',1,(#11411,#11412),.UNSPECIFIED.,.F.,.F.,(2,2),(0.0,0.1),.UNSPECIFIED.);
#8279=VERTEX_POINT('',#11413);
#8280=B_SPLINE_CURVE_WITH_KNOTS('',2,(#11414,#11415,#11416),.UNSPECIFIED.,.F.,.F.,(3,3),(-2.95188828597258,-2.77819207323255),.UNSPECIFIED.);
#8281=B_SPLINE_CURVE_WITH_KNOTS('',1,(#11417,#11418),.UNSPECIFIED.,.F.,.F.,(2,2),(0.0,0.1),.UNSPECIFIED.);
#8282=VERTEX_POINT('',#11419);
#8283=B_SPLINE_CURVE_WITH_KNOTS('',2,(#11420,#11421,#11422),.UNSPECIFIED.,.F.,.F.,(3,3),(-2.77819207323255,-1.27077583767769),.UNSPECIFIED.);
#8284=B_SPLINE_CURVE_WITH_KNOTS('',1,(#11423,#11424),.UNSPECIFIED.,.F.,.F.,(2,2),(0.0,0.1),.UNSPECIFIED.);
#8285=VERTEX_POINT('',#11425);
#8286=B_SPLINE_CURVE_WITH_KNOTS('',2,(#11426,#11427,#11428),.UNSPECIFIED.,.F.,.F.,(3,3),(-1.27077583767769,-0.486691375267267),.UNSPECIFIED.);
#8287=B_SPLINE_CURVE_WITH_KNOTS('',1,(#11429,#11430),.UNSPECIFIED.,.F.,.F.,(2,2),(0.0,0.1),.UNSPECIFIED.);
#8288=VERTEX_POINT('',#11431);
#8289=B_SPLINE_CURVE_WITH_KNOTS('',2,(#11432,#11433,#11434),.UNSPECIFIED.,.F.,.F.,(3,3),(-0.486691375267267,0.0),.UNSPECIFIED.);
#8290=B_SPLINE_CURVE_WITH_KNOTS('',1,(#11435,#11436),.UNSPECIFIED.,.F.,.F.,(2,2),(0.0,0.1),.UNSPECIFIED.);
#8291=VERTEX_POINT('',#11437);
#8292=(B_SPLINE_CURVE(2,(#11439,#11440,#11441),.UNSPECIFIED.,.F.,.F.)B_SPLINE_CURVE_WITH_KNOTS((3,3),(0.0,0.0912267541749396),.UNSPECIFIED.)RATIONAL_B_SPLINE_CURVE((1.0,0.897762201385315,1.0))BOUNDED_CURVE()REPRESENTATION_ITEM('')GEOMETRIC_REPRESENTATION_ITEM()CURVE());
#8293=B_SPLINE_CURVE_WITH_KNOTS('',1,(#11448,#11449),.UNSPECIFIED.,.F.,.F.,(2,2),(0.0,0.1),.UNSPECIFIED.);
#8294=VERTEX_POINT('',#11450);
#8295=B_SPLINE_CURVE_WITH_KNOTS('',2,(#11451,#11452,#11453),.UNSPECIFIED.,.F.,.F.,(3,3),(0.0912267541749396,0.221031248074474),.UNSPECIFIED.);
#8296=B_SPLINE_CURVE_WITH_KNOTS('',1,(#11454,#11455),.UNSPECIFIED.,.F.,.F.,(2,2),(0.0,0.1),.UNSPECIFIED.);
#8297=VERTEX_POINT('',#11456);
#8298=B_SPLINE_CURVE_WITH_KNOTS('',2,(#11457,#11458,#11459),.UNSPECIFIED.,.F.,.F.,(3,3),(0.221031248074474,0.372494104397969),.UNSPECIFIED.);
#8299=B_SPLINE_CURVE_WITH_KNOTS('',1,(#11460,#11461),.UNSPECIFIED.,.F.,.F.,(2,2),(0.0,0.1),.UNSPECIFIED.);
#8300=VERTEX_POINT('',#11462);
#8301=B_SPLINE_CURVE_WITH_KNOTS('',2,(#11463,#11464,#11465),.UNSPECIFIED.,.F.,.F.,(3,3),(0.372494104397969,0.479560624783042),.UNSPECIFIED.);
#8302=B_SPLINE_CURVE_WITH_KNOTS('',1,(#11466,#11467),.UNSPECIFIED.,.F.,.F.,(2,2),(0.0,0.1),.UNSPECIFIED.);
#8303=VERTEX_POINT('',#11468);
#8304=B_SPLINE_CURVE_WITH_KNOTS('',2,(#11469,#11470,#11471),.UNSPECIFIED.,.F.,.F.,(3,3),(0.479560624783042,1.16228601592185),.UNSPECIFIED.);
#8305=B_SPLINE_CURVE_WITH_KNOTS('',1,(#11472,#11473),.UNSPECIFIED.,.F.,.F.,(2,2),(0.0,0.1),.UNSPECIFIED.);
#8306=VERTEX_POINT('',#11474);
#8307=B_SPLINE_CURVE_WITH_KNOTS('',2,(#11475,#11476,#11477),.UNSPECIFIED.,.F.,.F.,(3,3),(1.16228601592185,2.00113482199664),.UNSPECIFIED.);
#8308=B_SPLINE_CURVE_WITH_KNOTS('',1,(#11478,#11479),.UNSPECIFIED.,.F.,.F.,(2,2),(0.0,0.1),.UNSPECIFIED.);
#8309=VERTEX_POINT('',#11480);
#8310=B_SPLINE_CURVE_WITH_KNOTS('',2,(#11481,#11482,#11483),.UNSPECIFIED.,.F.,.F.,(3,3),(2.00113482199664,3.41659376788241),.UNSPECIFIED.);
#8311=B_SPLINE_CURVE_WITH_KNOTS('',1,(#11484,#11485),.UNSPECIFIED.,.F.,.F.,(2,2),(0.0,0.1),.UNSPECIFIED.);
#8312=VERTEX_POINT('',#11486);
#8313=B_SPLINE_CURVE_WITH_KNOTS('',2,(#11487,#11488,#11489),.UNSPECIFIED.,.F.,.F.,(3,3),(3.41659376788241,4.86583232141417),.UNSPECIFIED.);
#8314=B_SPLINE_CURVE_WITH_KNOTS('',1,(#11490,#11491),.UNSPECIFIED.,.F.,.F.,(2,2),(0.0,0.1),.UNSPECIFIED.);
#8315=VERTEX_POINT('',#11492);
#8316=B_SPLINE_CURVE_WITH_KNOTS('',2,(#11493,#11494,#11495),.UNSPECIFIED.,.F.,.F.,(3,3),(4.86583232141417,5.81002474956871),.UNSPECIFIED.);
#8317=B_SPLINE_CURVE_WITH_KNOTS('',1,(#11496,#11497),.UNSPECIFIED.,.F.,.F.,(2,2),(0.0,0.1),.UNSPECIFIED.);
#8318=VERTEX_POINT('',#11498);
#8319=B_SPLINE_CURVE_WITH_KNOTS('',2,(#11499,#11500,#11501),.UNSPECIFIED.,.F.,.F.,(3,3),(5.81002474956871,6.36225078154149),.UNSPECIFIED.);
#8320=B_SPLINE_CURVE_WITH_KNOTS('',1,(#11502,#11503),.UNSPECIFIED.,.F.,.F.,(2,2),(0.0,0.1),.UNSPECIFIED.);
#8321=VERTEX_POINT('',#11504);
#8322=B_SPLINE_CURVE_WITH_KNOTS('',2,(#11505,#11506,#11507),.UNSPECIFIED.,.F.,.F.,(3,3),(6.36225078154149,6.88519159444033),.UNSPECIFIED.);
#8323=B_SPLINE_CURVE_WITH_KNOTS('',1,(#11508,#11509),.UNSPECIFIED.,.F.,.F.,(2,2),(0.0,0.1),.UNSPECIFIED.);
#8324=VERTEX_POINT('',#11510);
#8325=B_SPLINE_CURVE_WITH_KNOTS('',2,(#11511,#11512,#11513),.UNSPECIFIED.,.F.,.F.,(3,3),(6.88519159444033,7.3556796444911),.UNSPECIFIED.);
#8326=B_SPLINE_CURVE_WITH_KNOTS('',1,(#11514,#11515),.UNSPECIFIED.,.F.,.F.,(2,2),(0.0,0.1),.UNSPECIFIED.);
#8327=B_SPLINE_CURVE_WITH_KNOTS('',2,(#11516,#11517,#11518),.UNSPECIFIED.,.F.,.F.,(3,3),(7.3556796444911,7.46644142288281),.UNSPECIFIED.);
#8328=VERTEX_POINT('',#11519);
#8329=B_SPLINE_CURVE_WITH_KNOTS('',1,(#11520,#11521),.UNSPECIFIED.,.F.,.F.,(2,2),(0.0,0.1),.UNSPECIFIED.);
#8330=VERTEX_POINT('',#11522);
#8331=(B_SPLINE_CURVE(2,(#11524,#11525,#11526),.UNSPECIFIED.,.F.,.F.)B_SPLINE_CURVE_WITH_KNOTS((3,3),(6.5165136290714,6.60867834182876),.UNSPECIFIED.)RATIONAL_B_SPLINE_CURVE((1.0,0.953179249372349,1.0))BOUNDED_CURVE()REPRESENTATION_ITEM('')GEOMETRIC_REPRESENTATION_ITEM()CURVE());
#8332=B_SPLINE_CURVE_WITH_KNOTS('',1,(#11533,#11534),.UNSPECIFIED.,.F.,.F.,(2,2),(0.0,0.1),.UNSPECIFIED.);
#8333=VERTEX_POINT('',#11535);
#8334=B_SPLINE_CURVE_WITH_KNOTS('',1,(#11536,#11537),.UNSPECIFIED.,.F.,.F.,(2,2),(6.60867834182876,7.10058217206499),.UNSPECIFIED.);
#8335=B_SPLINE_CURVE_WITH_KNOTS('',1,(#11538,#11539),.UNSPECIFIED.,.F.,.F.,(2,2),(0.0,0.1),.UNSPECIFIED.);
#8336=VERTEX_POINT('',#11540);
#8337=B_SPLINE_CURVE_WITH_KNOTS('',1,(#11541,#11542),.UNSPECIFIED.,.F.,.F.,(2,2),(7.10058217206499,7.36135851346102),.UNSPECIFIED.);
#8338=B_SPLINE_CURVE_WITH_KNOTS('',1,(#11543,#11544),.UNSPECIFIED.,.F.,.F.,(2,2),(0.0,0.1),.UNSPECIFIED.);
#8339=VERTEX_POINT('',#11545);
#8340=B_SPLINE_CURVE_WITH_KNOTS('',1,(#11546,#11547),.UNSPECIFIED.,.F.,.F.,(2,2),(7.36135851346102,7.94087198887989),.UNSPECIFIED.);
#8341=B_SPLINE_CURVE_WITH_KNOTS('',1,(#11548,#11549),.UNSPECIFIED.,.F.,.F.,(2,2),(0.0,0.1),.UNSPECIFIED.);
#8342=VERTEX_POINT('',#11550);
#8343=B_SPLINE_CURVE_WITH_KNOTS('',1,(#11551,#11552),.UNSPECIFIED.,.F.,.F.,(2,2),(7.94087198887989,8.33555788499823),.UNSPECIFIED.);
#8344=B_SPLINE_CURVE_WITH_KNOTS('',1,(#11553,#11554),.UNSPECIFIED.,.F.,.F.,(2,2),(0.0,0.1),.UNSPECIFIED.);
#8345=VERTEX_POINT('',#11555);
#8346=(B_SPLINE_CURVE(2,(#11557,#11558,#11559),.UNSPECIFIED.,.F.,.F.)B_SPLINE_CURVE_WITH_KNOTS((3,3),(8.33555788499823,8.39874065809144),.UNSPECIFIED.)RATIONAL_B_SPLINE_CURVE((1.0,0.950512851350493,1.0))BOUNDED_CURVE()REPRESENTATION_ITEM('')GEOMETRIC_REPRESENTATION_ITEM()CURVE());
#8347=B_SPLINE_CURVE_WITH_KNOTS('',1,(#11566,#11567),.UNSPECIFIED.,.F.,.F.,(2,2),(0.0,0.1),.UNSPECIFIED.);
#8348=VERTEX_POINT('',#11568);
#8349=B_SPLINE_CURVE_WITH_KNOTS('',1,(#11569,#11570),.UNSPECIFIED.,.F.,.F.,(2,2),(8.39874065809144,9.01054446338169),.UNSPECIFIED.);
#8350=B_SPLINE_CURVE_WITH_KNOTS('',1,(#11571,#11572),.UNSPECIFIED.,.F.,.F.,(2,2),(0.0,0.1),.UNSPECIFIED.);
#8351=VERTEX_POINT('',#11573);
#8352=B_SPLINE_CURVE_WITH_KNOTS('',1,(#11574,#11575),.UNSPECIFIED.,.F.,.F.,(2,2),(9.01054446338169,9.49750875223138),.UNSPECIFIED.);
#8353=B_SPLINE_CURVE_WITH_KNOTS('',1,(#11576,#11577),.UNSPECIFIED.,.F.,.F.,(2,2),(0.0,0.1),.UNSPECIFIED.);
#8354=VERTEX_POINT('',#11578);
#8355=(B_SPLINE_CURVE(2,(#11580,#11581,#11582),.UNSPECIFIED.,.F.,.F.)B_SPLINE_CURVE_WITH_KNOTS((3,3),(9.49750875223138,9.56030858586905),.UNSPECIFIED.)RATIONAL_B_SPLINE_CURVE((1.0,0.95110597685321,1.0))BOUNDED_CURVE()REPRESENTATION_ITEM('')GEOMETRIC_REPRESENTATION_ITEM()CURVE());
#8356=B_SPLINE_CURVE_WITH_KNOTS('',1,(#11589,#11590),.UNSPECIFIED.,.F.,.F.,(2,2),(0.0,0.1),.UNSPECIFIED.);
#8357=VERTEX_POINT('',#11591);
#8358=B_SPLINE_CURVE_WITH_KNOTS('',1,(#11592,#11593),.UNSPECIFIED.,.F.,.F.,(2,2),(9.56030858586905,10.6877436581383),.UNSPECIFIED.);
#8359=B_SPLINE_CURVE_WITH_KNOTS('',1,(#11594,#11595),.UNSPECIFIED.,.F.,.F.,(2,2),(0.0,0.1),.UNSPECIFIED.);
#8360=VERTEX_POINT('',#11596);
#8361=(B_SPLINE_CURVE(2,(#11598,#11599,#11600),.UNSPECIFIED.,.F.,.F.)B_SPLINE_CURVE_WITH_KNOTS((3,3),(10.6877436581383,10.7758735788468),.UNSPECIFIED.)RATIONAL_B_SPLINE_CURVE((1.0,0.904474780558574,1.0))BOUNDED_CURVE()REPRESENTATION_ITEM('')GEOMETRIC_REPRESENTATION_ITEM()CURVE());
#8362=B_SPLINE_CURVE_WITH_KNOTS('',1,(#11607,#11608),.UNSPECIFIED.,.F.,.F.,(2,2),(0.0,0.1),.UNSPECIFIED.);
#8363=VERTEX_POINT('',#11609);
#8364=B_SPLINE_CURVE_WITH_KNOTS('',1,(#11610,#11611),.UNSPECIFIED.,.F.,.F.,(2,2),(10.7758735788468,11.4265706254297),.UNSPECIFIED.);
#8365=B_SPLINE_CURVE_WITH_KNOTS('',1,(#11612,#11613),.UNSPECIFIED.,.F.,.F.,(2,2),(0.0,0.1),.UNSPECIFIED.);
#8366=B_SPLINE_CURVE_WITH_KNOTS('',1,(#11614,#11615),.UNSPECIFIED.,.F.,.F.,(2,2),(11.4265706254297,11.8603854581406),.UNSPECIFIED.);
#8367=VERTEX_POINT('',#11616);
#8368=B_SPLINE_CURVE_WITH_KNOTS('',1,(#11617,#11618),.UNSPECIFIED.,.F.,.F.,(2,2),(0.0,0.1),.UNSPECIFIED.);
#8369=VERTEX_POINT('',#11619);
#8370=B_SPLINE_CURVE_WITH_KNOTS('',2,(#11620,#11621,#11622),.UNSPECIFIED.,.F.,.F.,(3,3),(7.77279635836423,8.88307336341004),.UNSPECIFIED.);
#8371=B_SPLINE_CURVE_WITH_KNOTS('',1,(#11623,#11624),.UNSPECIFIED.,.F.,.F.,(2,2),(0.0,0.1),.UNSPECIFIED.);
#8372=VERTEX_POINT('',#11625);
#8373=B_SPLINE_CURVE_WITH_KNOTS('',2,(#11626,#11627,#11628,#11629,#11630),.UNSPECIFIED.,.F.,.F.,(3,2,3),(8.88307336341004,9.17024157426827,9.61915342651118),.UNSPECIFIED.);
#8374=B_SPLINE_CURVE_WITH_KNOTS('',1,(#11631,#11632),.UNSPECIFIED.,.F.,.F.,(2,2),(0.0,0.1),.UNSPECIFIED.);
#8375=VERTEX_POINT('',#11633);
#8376=B_SPLINE_CURVE_WITH_KNOTS('',2,(#11634,#11635,#11636),.UNSPECIFIED.,.F.,.F.,(3,3),(9.61915342651118,10.4631320525979),.UNSPECIFIED.);
#8377=B_SPLINE_CURVE_WITH_KNOTS('',1,(#11637,#11638),.UNSPECIFIED.,.F.,.F.,(2,2),(0.0,0.1),.UNSPECIFIED.);
#8378=VERTEX_POINT('',#11639);
#8379=B_SPLINE_CURVE_WITH_KNOTS('',2,(#11640,#11641,#11642),.UNSPECIFIED.,.F.,.F.,(3,3),(10.4631320525979,11.0426381523637),.UNSPECIFIED.);
#8380=B_SPLINE_CURVE_WITH_KNOTS('',1,(#11643,#11644),.UNSPECIFIED.,.F.,.F.,(2,2),(0.0,0.1),.UNSPECIFIED.);
#8381=VERTEX_POINT('',#11645);
#8382=B_SPLINE_CURVE_WITH_KNOTS('',2,(#11646,#11647,#11648),.UNSPECIFIED.,.F.,.F.,(3,3),(11.0426381523637,11.693067795629),.UNSPECIFIED.);
#8383=B_SPLINE_CURVE_WITH_KNOTS('',1,(#11649,#11650),.UNSPECIFIED.,.F.,.F.,(2,2),(0.0,0.1),.UNSPECIFIED.);
#8384=VERTEX_POINT('',#11651);
#8385=B_SPLINE_CURVE_WITH_KNOTS('',2,(#11652,#11653,#11654),.UNSPECIFIED.,.F.,.F.,(3,3),(11.693067795629,11.9107246194616),.UNSPECIFIED.);
#8386=B_SPLINE_CURVE_WITH_KNOTS('',1,(#11655,#11656),.UNSPECIFIED.,.F.,.F.,(2,2),(0.0,0.1),.UNSPECIFIED.);
#8387=VERTEX_POINT('',#11657);
#8388=B_SPLINE_CURVE_WITH_KNOTS('',2,(#11658,#11659,#11660),.UNSPECIFIED.,.F.,.F.,(3,3),(11.9107246194616,12.4752686265934),.UNSPECIFIED.);
#8389=B_SPLINE_CURVE_WITH_KNOTS('',1,(#11661,#11662),.UNSPECIFIED.,.F.,.F.,(2,2),(0.0,0.1),.UNSPECIFIED.);
#8390=(B_SPLINE_CURVE(2,(#11664,#11665,#11666),.UNSPECIFIED.,.F.,.F.)B_SPLINE_CURVE_WITH_KNOTS((3,3),(12.4752686265934,12.5823730716198),.UNSPECIFIED.)RATIONAL_B_SPLINE_CURVE((1.0,0.860002260176907,1.0))BOUNDED_CURVE()REPRESENTATION_ITEM('')GEOMETRIC_REPRESENTATION_ITEM()CURVE());
#8391=VERTEX_POINT('',#11673);
#8392=VERTEX_POINT('',#11674);
#8393=B_SPLINE_CURVE_WITH_KNOTS('',1,(#11675,#11676),.UNSPECIFIED.,.F.,.F.,(2,2),(0.0,0.1),.UNSPECIFIED.);
#8394=VERTEX_POINT('',#11677);
#8395=(B_SPLINE_CURVE(2,(#11679,#11680,#11681),.UNSPECIFIED.,.F.,.F.)B_SPLINE_CURVE_WITH_KNOTS((3,3),(12.5823730716198,12.6585207530948),.UNSPECIFIED.)RATIONAL_B_SPLINE_CURVE((1.0,0.72381781133269,1.0))BOUNDED_CURVE()REPRESENTATION_ITEM('')GEOMETRIC_REPRESENTATION_ITEM()CURVE());
#8396=VERTEX_POINT('',#11688);
#8397=B_SPLINE_CURVE_WITH_KNOTS('',1,(#11689,#11690),.UNSPECIFIED.,.F.,.F.,(2,2),(0.0,0.1),.UNSPECIFIED.);
#8398=(B_SPLINE_CURVE(2,(#11692,#11693,#11694),.UNSPECIFIED.,.F.,.F.)B_SPLINE_CURVE_WITH_KNOTS((3,3),(12.5823730716198,12.6585207530948),.UNSPECIFIED.)RATIONAL_B_SPLINE_CURVE((1.0,0.72381781133269,1.0))BOUNDED_CURVE()REPRESENTATION_ITEM('')GEOMETRIC_REPRESENTATION_ITEM()CURVE());
#8399=VERTEX_POINT('',#11701);
#8400=B_SPLINE_CURVE_WITH_KNOTS('',2,(#11702,#11703,#11704),.UNSPECIFIED.,.F.,.F.,(3,3),(12.6585207530948,13.2624175543536),.UNSPECIFIED.);
#8401=VERTEX_POINT('',#11705);
#8402=B_SPLINE_CURVE_WITH_KNOTS('',1,(#11706,#11707),.UNSPECIFIED.,.F.,.F.,(2,2),(0.0,0.1),.UNSPECIFIED.);
#8403=B_SPLINE_CURVE_WITH_KNOTS('',2,(#11708,#11709,#11710),.UNSPECIFIED.,.F.,.F.,(3,3),(12.6585207530948,13.2624175543536),.UNSPECIFIED.);
#8404=VERTEX_POINT('',#11711);
#8405=B_SPLINE_CURVE_WITH_KNOTS('',2,(#11712,#11713,#11714),.UNSPECIFIED.,.F.,.F.,(3,3),(13.2624175543536,13.6887809664592),.UNSPECIFIED.);
#8406=VERTEX_POINT('',#11715);
#8407=B_SPLINE_CURVE_WITH_KNOTS('',1,(#11716,#11717),.UNSPECIFIED.,.F.,.F.,(2,2),(0.0,0.1),.UNSPECIFIED.);
#8408=B_SPLINE_CURVE_WITH_KNOTS('',2,(#11718,#11719,#11720),.UNSPECIFIED.,.F.,.F.,(3,3),(13.2624175543536,13.6887809664592),.UNSPECIFIED.);
#8409=VERTEX_POINT('',#11721);
#8410=(B_SPLINE_CURVE(2,(#11723,#11724,#11725),.UNSPECIFIED.,.F.,.F.)B_SPLINE_CURVE_WITH_KNOTS((3,3),(13.6887809664592,13.7837346734565),.UNSPECIFIED.)RATIONAL_B_SPLINE_CURVE((1.0,0.889398555648739,1.0))BOUNDED_CURVE()REPRESENTATION_ITEM('')GEOMETRIC_REPRESENTATION_ITEM()CURVE());
#8411=VERTEX_POINT('',#11732);
#8412=B_SPLINE_CURVE_WITH_KNOTS('',1,(#11733,#11734),.UNSPECIFIED.,.F.,.F.,(2,2),(0.0,0.1),.UNSPECIFIED.);
#8413=(B_SPLINE_CURVE(2,(#11736,#11737,#11738),.UNSPECIFIED.,.F.,.F.)B_SPLINE_CURVE_WITH_KNOTS((3,3),(13.6887809664592,13.7837346734565),.UNSPECIFIED.)RATIONAL_B_SPLINE_CURVE((1.0,0.889398555648739,1.0))BOUNDED_CURVE()REPRESENTATION_ITEM('')GEOMETRIC_REPRESENTATION_ITEM()CURVE());
#8414=VERTEX_POINT('',#11745);
#8415=B_SPLINE_CURVE_WITH_KNOTS('',2,(#11746,#11747,#11748),.UNSPECIFIED.,.F.,.F.,(3,3),(13.7837346734565,14.0571716058861),.UNSPECIFIED.);
#8416=VERTEX_POINT('',#11749);
#8417=B_SPLINE_CURVE_WITH_KNOTS('',1,(#11750,#11751),.UNSPECIFIED.,.F.,.F.,(2,2),(0.0,0.1),.UNSPECIFIED.);
#8418=B_SPLINE_CURVE_WITH_KNOTS('',2,(#11752,#11753,#11754),.UNSPECIFIED.,.F.,.F.,(3,3),(13.7837346734565,14.0571716058861),.UNSPECIFIED.);
#8419=VERTEX_POINT('',#11755);
#8420=B_SPLINE_CURVE_WITH_KNOTS('',2,(#11756,#11757,#11758),.UNSPECIFIED.,.F.,.F.,(3,3),(14.0571716058861,14.3391688519631),.UNSPECIFIED.);
#8421=VERTEX_POINT('',#11759);
#8422=B_SPLINE_CURVE_WITH_KNOTS('',1,(#11760,#11761),.UNSPECIFIED.,.F.,.F.,(2,2),(0.0,0.1),.UNSPECIFIED.);
#8423=B_SPLINE_CURVE_WITH_KNOTS('',2,(#11762,#11763,#11764),.UNSPECIFIED.,.F.,.F.,(3,3),(14.0571716058861,14.3391688519631),.UNSPECIFIED.);
#8424=B_SPLINE_CURVE_WITH_KNOTS('',2,(#11765,#11766,#11767),.UNSPECIFIED.,.F.,.F.,(3,3),(14.3391688519631,14.8942435317752),.UNSPECIFIED.);
#8425=B_SPLINE_CURVE_WITH_KNOTS('',2,(#11768,#11769,#11770),.UNSPECIFIED.,.F.,.F.,(3,3),(14.3391688519631,14.8942435317752),.UNSPECIFIED.);
#8426=VERTEX_POINT('',#11771);
#8427=B_SPLINE_CURVE_WITH_KNOTS('',1,(#11772,#11773),.UNSPECIFIED.,.F.,.F.,(2,2),(0.0,0.1),.UNSPECIFIED.);
#8428=VERTEX_POINT('',#11774);
#8429=B_SPLINE_CURVE_WITH_KNOTS('',2,(#11775,#11776,#11777,#11778,#11779,#11780,#11781,#11782,#11783),.UNSPECIFIED.,.F.,.F.,(3,2,2,2,3),(0.0,1.0,2.0,3.0,4.0),.UNSPECIFIED.);
#8430=B_SPLINE_CURVE_WITH_KNOTS('',1,(#11784,#11785),.UNSPECIFIED.,.F.,.F.,(2,2),(0.0,0.1),.UNSPECIFIED.);
#8431=VERTEX_POINT('',#11786);
#8432=VERTEX_POINT('',#11787);
#8433=B_SPLINE_CURVE_WITH_KNOTS('',2,(#11788,#11789,#11790,#11791,#11792,#11793,#11794,#11795,#11796),.UNSPECIFIED.,.F.,.F.,(3,2,2,2,3),(9.0,10.0,11.0,12.0,13.0),.UNSPECIFIED.);
#8434=VERTEX_POINT('',#11797);
#8435=B_SPLINE_CURVE_WITH_KNOTS('',1,(#11798,#11799),.UNSPECIFIED.,.F.,.F.,(2,2),(0.0,0.1),.UNSPECIFIED.);
#8436=VERTEX_POINT('',#11800);
#8437=B_SPLINE_CURVE_WITH_KNOTS('',2,(#11801,#11802,#11803,#11804,#11805,#11806,#11807,#11808,#11809),.UNSPECIFIED.,.F.,.F.,(3,2,2,2,3),(9.0,10.0,11.0,12.0,13.0),.UNSPECIFIED.);
#8438=B_SPLINE_CURVE_WITH_KNOTS('',1,(#11810,#11811),.UNSPECIFIED.,.F.,.F.,(2,2),(0.0,0.1),.UNSPECIFIED.);
#8439=B_SPLINE_CURVE_WITH_KNOTS('',2,(#11812,#11813,#11814,#11815,#11816,#11817,#11818,#11819,#11820,#11821,#11822),.UNSPECIFIED.,.F.,.F.,(3,2,2,2,2,3),(4.0,5.0,6.0,7.0,8.0,9.0),.UNSPECIFIED.);
#8440=B_SPLINE_CURVE_WITH_KNOTS('',2,(#11823,#11824,#11825,#11826,#11827,#11828,#11829,#11830,#11831),.UNSPECIFIED.,.F.,.F.,(3,2,2,2,3),(13.0,14.0,15.0,16.0,17.0),.UNSPECIFIED.);
#8441=B_SPLINE_CURVE_WITH_KNOTS('',2,(#11832,#11833,#11834,#11835,#11836,#11837,#11838,#11839,#11840),.UNSPECIFIED.,.F.,.F.,(3,2,2,2,3),(13.0,14.0,15.0,16.0,17.0),.UNSPECIFIED.);
#8442=VERTEX_POINT('',#11841);
#8443=B_SPLINE_CURVE_WITH_KNOTS('',1,(#11842,#11843),.UNSPECIFIED.,.F.,.F.,(2,2),(0.0,0.1),.UNSPECIFIED.);
#8444=VERTEX_POINT('',#11844);
#8445=B_SPLINE_CURVE_WITH_KNOTS('',2,(#11845,#11846,#11847,#11848,#11849,#11850,#11851,#11852,#11853),.UNSPECIFIED.,.F.,.F.,(3,2,2,2,3),(0.0,1.0,2.0,3.0,4.0),.UNSPECIFIED.);
#8446=B_SPLINE_CURVE_WITH_KNOTS('',1,(#11854,#11855),.UNSPECIFIED.,.F.,.F.,(2,2),(0.0,0.1),.UNSPECIFIED.);
#8447=VERTEX_POINT('',#11856);
#8448=VERTEX_POINT('',#11857);
#8449=B_SPLINE_CURVE_WITH_KNOTS('',2,(#11858,#11859,#11860,#11861,#11862,#11863,#11864,#11865,#11866),.UNSPECIFIED.,.F.,.F.,(3,2,2,2,3),(9.0,10.0,11.0,12.0,13.0),.UNSPECIFIED.);
#8450=VERTEX_POINT('',#11867);
#8451=B_SPLINE_CURVE_WITH_KNOTS('',1,(#11868,#11869),.UNSPECIFIED.,.F.,.F.,(2,2),(0.0,0.1),.UNSPECIFIED.);
#8452=VERTEX_POINT('',#11870);
#8453=B_SPLINE_CURVE_WITH_KNOTS('',2,(#11871,#11872,#11873,#11874,#11875,#11876,#11877,#11878,#11879),.UNSPECIFIED.,.F.,.F.,(3,2,2,2,3),(9.0,10.0,11.0,12.0,13.0),.UNSPECIFIED.);
#8454=B_SPLINE_CURVE_WITH_KNOTS('',1,(#11880,#11881),.UNSPECIFIED.,.F.,.F.,(2,2),(0.0,0.1),.UNSPECIFIED.);
#8455=B_SPLINE_CURVE_WITH_KNOTS('',2,(#11882,#11883,#11884,#11885,#11886,#11887,#11888,#11889,#11890,#11891,#11892),.UNSPECIFIED.,.F.,.F.,(3,2,2,2,2,3),(4.0,5.0,6.0,7.0,8.0,9.0),.UNSPECIFIED.);
#8456=B_SPLINE_CURVE_WITH_KNOTS('',2,(#11893,#11894,#11895,#11896,#11897,#11898,#11899,#11900,#11901),.UNSPECIFIED.,.F.,.F.,(3,2,2,2,3),(13.0,14.0,15.0,16.0,17.0),.UNSPECIFIED.);
#8457=B_SPLINE_CURVE_WITH_KNOTS('',2,(#11902,#11903,#11904,#11905,#11906,#11907,#11908,#11909,#11910),.UNSPECIFIED.,.F.,.F.,(3,2,2,2,3),(13.0,14.0,15.0,16.0,17.0),.UNSPECIFIED.);
#8458=VERTEX_POINT('',#11911);
#8459=B_SPLINE_CURVE_WITH_KNOTS('',1,(#11912,#11913),.UNSPECIFIED.,.F.,.F.,(2,2),(0.0,0.1),.UNSPECIFIED.);
#8460=VERTEX_POINT('',#11914);
#8461=B_SPLINE_CURVE_WITH_KNOTS('',2,(#11915,#11916,#11917),.UNSPECIFIED.,.F.,.F.,(3,3),(50.0,51.0),.UNSPECIFIED.);
#8462=B_SPLINE_CURVE_WITH_KNOTS('',1,(#11918,#11919),.UNSPECIFIED.,.F.,.F.,(2,2),(0.0,0.1),.UNSPECIFIED.);
#8463=VERTEX_POINT('',#11920);
#8464=B_SPLINE_CURVE_WITH_KNOTS('',2,(#11921,#11922,#11923,#11924,#11925,#11926,#11927,#11928,#11929,#11930,#11931,#11932,#11933,#11934,#11935,#11936,#11937,#11938,#11939),.UNSPECIFIED.,.F.,.F.,(3,2,2,2,2,2,2,2,2,3),(51.0,52.0,53.0,54.0,55.0,56.0,57.0,58.0,59.0,60.0),.UNSPECIFIED.);
#8465=B_SPLINE_CURVE_WITH_KNOTS('',1,(#11940,#11941),.UNSPECIFIED.,.F.,.F.,(2,2),(0.0,0.1),.UNSPECIFIED.);
#8466=VERTEX_POINT('',#11942);
#8467=B_SPLINE_CURVE_WITH_KNOTS('',2,(#11943,#11944,#11945,#11946,#11947,#11948,#11949,#11950,#11951,#11952,#11953,#11954,#11955,#11956,#11957,#11958,#11959,#11960,#11961),.UNSPECIFIED.,.F.,.F.,(3,2,2,2,2,2,2,2,2,3),(60.0,61.0,62.0,63.0,64.0,65.0,66.0,67.0,68.0,69.0),.UNSPECIFIED.);
#8468=B_SPLINE_CURVE_WITH_KNOTS('',1,(#11962,#11963),.UNSPECIFIED.,.F.,.F.,(2,2),(0.0,0.1),.UNSPECIFIED.);
#8469=VERTEX_POINT('',#11964);
#8470=B_SPLINE_CURVE_WITH_KNOTS('',2,(#11965,#11966,#11967),.UNSPECIFIED.,.F.,.F.,(3,3),(69.0,70.0),.UNSPECIFIED.);
#8471=B_SPLINE_CURVE_WITH_KNOTS('',1,(#11968,#11969),.UNSPECIFIED.,.F.,.F.,(2,2),(0.0,0.1),.UNSPECIFIED.);
#8472=VERTEX_POINT('',#11970);
#8473=B_SPLINE_CURVE_WITH_KNOTS('',2,(#11971,#11972,#11973,#11974,#11975,#11976,#11977,#11978,#11979,#11980,#11981,#11982,#11983),.UNSPECIFIED.,.F.,.F.,(3,2,2,2,2,2,3),(70.0,71.0,72.0,73.0,74.0,75.0,76.0),.UNSPECIFIED.);
#8474=B_SPLINE_CURVE_WITH_KNOTS('',1,(#11984,#11985),.UNSPECIFIED.,.F.,.F.,(2,2),(0.0,0.1),.UNSPECIFIED.);
#8475=B_SPLINE_CURVE_WITH_KNOTS('',2,(#11986,#11987,#11988,#11989,#11990,#11991,#11992,#11993,#11994,#11995,#11996,#11997,#11998,#11999,#12000,#12001,#12002,#12003,#12004),.UNSPECIFIED.,.F.,.F.,(3,2,2,2,2,2,2,2,2,3),(76.0,77.0,78.0,79.0,80.0,81.0,82.0,83.0,84.0,85.0),.UNSPECIFIED.);
#8476=VERTEX_POINT('',#12005);
#8477=B_SPLINE_CURVE_WITH_KNOTS('',1,(#12006,#12007),.UNSPECIFIED.,.F.,.F.,(2,2),(0.0,0.1),.UNSPECIFIED.);
#8478=VERTEX_POINT('',#12008);
#8479=B_SPLINE_CURVE_WITH_KNOTS('',2,(#12009,#12010,#12011),.UNSPECIFIED.,.F.,.F.,(3,3),(-5.77271874549166,-5.45645160203037),.UNSPECIFIED.);
#8480=B_SPLINE_CURVE_WITH_KNOTS('',1,(#12012,#12013),.UNSPECIFIED.,.F.,.F.,(2,2),(0.0,0.1),.UNSPECIFIED.);
#8481=VERTEX_POINT('',#12014);
#8482=B_SPLINE_CURVE_WITH_KNOTS('',2,(#12015,#12016,#12017),.UNSPECIFIED.,.F.,.F.,(3,3),(-5.45645160203037,-4.01675160835501),.UNSPECIFIED.);
#8483=B_SPLINE_CURVE_WITH_KNOTS('',1,(#12018,#12019),.UNSPECIFIED.,.F.,.F.,(2,2),(0.0,0.1),.UNSPECIFIED.);
#8484=VERTEX_POINT('',#12020);
#8485=B_SPLINE_CURVE_WITH_KNOTS('',2,(#12021,#12022,#12023),.UNSPECIFIED.,.F.,.F.,(3,3),(-4.01675160835501,-3.69636987693033),.UNSPECIFIED.);
#8486=B_SPLINE_CURVE_WITH_KNOTS('',1,(#12024,#12025),.UNSPECIFIED.,.F.,.F.,(2,2),(0.0,0.1),.UNSPECIFIED.);
#8487=VERTEX_POINT('',#12026);
#8488=B_SPLINE_CURVE_WITH_KNOTS('',2,(#12027,#12028,#12029),.UNSPECIFIED.,.F.,.F.,(3,3),(-3.69636987693033,-1.80370372923866),.UNSPECIFIED.);
#8489=B_SPLINE_CURVE_WITH_KNOTS('',1,(#12030,#12031),.UNSPECIFIED.,.F.,.F.,(2,2),(0.0,0.1),.UNSPECIFIED.);
#8490=VERTEX_POINT('',#12032);
#8491=B_SPLINE_CURVE_WITH_KNOTS('',2,(#12033,#12034,#12035),.UNSPECIFIED.,.F.,.F.,(3,3),(-1.80370372923866,-1.48673031410574),.UNSPECIFIED.);
#8492=B_SPLINE_CURVE_WITH_KNOTS('',1,(#12036,#12037),.UNSPECIFIED.,.F.,.F.,(2,2),(0.0,0.1),.UNSPECIFIED.);
#8493=VERTEX_POINT('',#12038);
#8494=B_SPLINE_CURVE_WITH_KNOTS('',2,(#12039,#12040,#12041,#12042,#12043),.UNSPECIFIED.,.F.,.F.,(3,2,3),(-1.48673031410574,-0.403108154147677,0.0),.UNSPECIFIED.);
#8495=B_SPLINE_CURVE_WITH_KNOTS('',1,(#12044,#12045),.UNSPECIFIED.,.F.,.F.,(2,2),(0.0,0.1),.UNSPECIFIED.);
#8496=VERTEX_POINT('',#12046);
#8497=B_SPLINE_CURVE_WITH_KNOTS('',2,(#12047,#12048,#12049),.UNSPECIFIED.,.F.,.F.,(3,3),(0.0,1.0),.UNSPECIFIED.);
#8498=B_SPLINE_CURVE_WITH_KNOTS('',1,(#12050,#12051),.UNSPECIFIED.,.F.,.F.,(2,2),(0.0,0.1),.UNSPECIFIED.);
#8499=VERTEX_POINT('',#12052);
#8500=B_SPLINE_CURVE_WITH_KNOTS('',2,(#12053,#12054,#12055),.UNSPECIFIED.,.F.,.F.,(3,3),(1.0,2.09841552621187),.UNSPECIFIED.);
#8501=B_SPLINE_CURVE_WITH_KNOTS('',1,(#12056,#12057),.UNSPECIFIED.,.F.,.F.,(2,2),(0.0,0.1),.UNSPECIFIED.);
#8502=VERTEX_POINT('',#12058);
#8503=B_SPLINE_CURVE_WITH_KNOTS('',2,(#12059,#12060,#12061),.UNSPECIFIED.,.F.,.F.,(3,3),(2.09841552621187,2.41368478319891),.UNSPECIFIED.);
#8504=B_SPLINE_CURVE_WITH_KNOTS('',1,(#12062,#12063),.UNSPECIFIED.,.F.,.F.,(2,2),(0.0,0.1),.UNSPECIFIED.);
#8505=VERTEX_POINT('',#12064);
#8506=B_SPLINE_CURVE_WITH_KNOTS('',2,(#12065,#12066,#12067,#12068,#12069),.UNSPECIFIED.,.F.,.F.,(3,2,3),(2.41368478319891,3.49785219491702,3.85539253415245),.UNSPECIFIED.);
#8507=B_SPLINE_CURVE_WITH_KNOTS('',1,(#12070,#12071),.UNSPECIFIED.,.F.,.F.,(2,2),(0.0,0.1),.UNSPECIFIED.);
#8508=VERTEX_POINT('',#12072);
#8509=B_SPLINE_CURVE_WITH_KNOTS('',2,(#12073,#12074,#12075,#12076,#12077),.UNSPECIFIED.,.F.,.F.,(3,2,3),(3.85539253415245,4.2198832391048,5.31123654712288),.UNSPECIFIED.);
#8510=B_SPLINE_CURVE_WITH_KNOTS('',1,(#12078,#12079),.UNSPECIFIED.,.F.,.F.,(2,2),(0.0,0.1),.UNSPECIFIED.);
#8511=VERTEX_POINT('',#12080);
#8512=B_SPLINE_CURVE_WITH_KNOTS('',2,(#12081,#12082,#12083),.UNSPECIFIED.,.F.,.F.,(3,3),(5.31123654712288,5.60946422265117),.UNSPECIFIED.);
#8513=B_SPLINE_CURVE_WITH_KNOTS('',1,(#12084,#12085),.UNSPECIFIED.,.F.,.F.,(2,2),(0.0,0.1),.UNSPECIFIED.);
#8514=VERTEX_POINT('',#12086);
#8515=B_SPLINE_CURVE_WITH_KNOTS('',2,(#12087,#12088,#12089),.UNSPECIFIED.,.F.,.F.,(3,3),(5.60946422265117,7.50565549870941),.UNSPECIFIED.);
#8516=B_SPLINE_CURVE_WITH_KNOTS('',1,(#12090,#12091),.UNSPECIFIED.,.F.,.F.,(2,2),(0.0,0.1),.UNSPECIFIED.);
#8517=VERTEX_POINT('',#12092);
#8518=B_SPLINE_CURVE_WITH_KNOTS('',2,(#12093,#12094,#12095),.UNSPECIFIED.,.F.,.F.,(3,3),(7.50565549870941,7.8243330719882),.UNSPECIFIED.);
#8519=B_SPLINE_CURVE_WITH_KNOTS('',1,(#12096,#12097),.UNSPECIFIED.,.F.,.F.,(2,2),(0.0,0.1),.UNSPECIFIED.);
#8520=B_SPLINE_CURVE_WITH_KNOTS('',2,(#12098,#12099,#12100),.UNSPECIFIED.,.F.,.F.,(3,3),(7.8243330719882,8.94578955613703),.UNSPECIFIED.);
#8521=VERTEX_POINT('',#12101);
#8522=B_SPLINE_CURVE_WITH_KNOTS('',1,(#12102,#12103),.UNSPECIFIED.,.F.,.F.,(2,2),(0.0,0.1),.UNSPECIFIED.);
#8523=VERTEX_POINT('',#12104);
#8524=B_SPLINE_CURVE_WITH_KNOTS('',1,(#12105,#12106),.UNSPECIFIED.,.F.,.F.,(2,2),(6.0,7.0),.UNSPECIFIED.);
#8525=B_SPLINE_CURVE_WITH_KNOTS('',1,(#12107,#12108),.UNSPECIFIED.,.F.,.F.,(2,2),(0.0,0.1),.UNSPECIFIED.);
#8526=VERTEX_POINT('',#12109);
#8527=B_SPLINE_CURVE_WITH_KNOTS('',1,(#12110,#12111),.UNSPECIFIED.,.F.,.F.,(2,2),(7.0,8.0),.UNSPECIFIED.);
#8528=B_SPLINE_CURVE_WITH_KNOTS('',1,(#12112,#12113),.UNSPECIFIED.,.F.,.F.,(2,2),(0.0,0.1),.UNSPECIFIED.);
#8529=VERTEX_POINT('',#12114);
#8530=B_SPLINE_CURVE_WITH_KNOTS('',1,(#12115,#12116),.UNSPECIFIED.,.F.,.F.,(2,2),(8.0,9.0),.UNSPECIFIED.);
#8531=B_SPLINE_CURVE_WITH_KNOTS('',1,(#12117,#12118),.UNSPECIFIED.,.F.,.F.,(2,2),(0.0,0.1),.UNSPECIFIED.);
#8532=B_SPLINE_CURVE_WITH_KNOTS('',1,(#12119,#12120),.UNSPECIFIED.,.F.,.F.,(2,2),(9.0,10.0),.UNSPECIFIED.);
#8533=VERTEX_POINT('',#12121);
#8534=B_SPLINE_CURVE_WITH_KNOTS('',1,(#12122,#12123),.UNSPECIFIED.,.F.,.F.,(2,2),(0.0,0.1),.UNSPECIFIED.);
#8535=VERTEX_POINT('',#12124);
#8536=B_SPLINE_CURVE_WITH_KNOTS('',2,(#12125,#12126,#12127),.UNSPECIFIED.,.F.,.F.,(3,3),(30.0,31.0),.UNSPECIFIED.);
#8537=B_SPLINE_CURVE_WITH_KNOTS('',1,(#12128,#12129),.UNSPECIFIED.,.F.,.F.,(2,2),(0.0,0.1),.UNSPECIFIED.);
#8538=VERTEX_POINT('',#12130);
#8539=B_SPLINE_CURVE_WITH_KNOTS('',2,(#12131,#12132,#12133),.UNSPECIFIED.,.F.,.F.,(3,3),(31.0,32.0),.UNSPECIFIED.);
#8540=B_SPLINE_CURVE_WITH_KNOTS('',1,(#12134,#12135),.UNSPECIFIED.,.F.,.F.,(2,2),(0.0,0.1),.UNSPECIFIED.);
#8541=VERTEX_POINT('',#12136);
#8542=B_SPLINE_CURVE_WITH_KNOTS('',2,(#12137,#12138,#12139),.UNSPECIFIED.,.F.,.F.,(3,3),(32.0,33.0),.UNSPECIFIED.);
#8543=B_SPLINE_CURVE_WITH_KNOTS('',1,(#12140,#12141),.UNSPECIFIED.,.F.,.F.,(2,2),(0.0,0.1),.UNSPECIFIED.);
#8544=VERTEX_POINT('',#12142);
#8545=B_SPLINE_CURVE_WITH_KNOTS('',2,(#12143,#12144,#12145),.UNSPECIFIED.,.F.,.F.,(3,3),(33.0,34.0),.UNSPECIFIED.);
#8546=B_SPLINE_CURVE_WITH_KNOTS('',1,(#12146,#12147),.UNSPECIFIED.,.F.,.F.,(2,2),(0.0,0.1),.UNSPECIFIED.);
#8547=VERTEX_POINT('',#12148);
#8548=B_SPLINE_CURVE_WITH_KNOTS('',2,(#12149,#12150,#12151),.UNSPECIFIED.,.F.,.F.,(3,3),(34.0,35.0),.UNSPECIFIED.);
#8549=B_SPLINE_CURVE_WITH_KNOTS('',1,(#12152,#12153),.UNSPECIFIED.,.F.,.F.,(2,2),(0.0,0.1),.UNSPECIFIED.);
#8550=VERTEX_POINT('',#12154);
#8551=B_SPLINE_CURVE_WITH_KNOTS('',2,(#12155,#12156,#12157),.UNSPECIFIED.,.F.,.F.,(3,3),(35.0,36.0),.UNSPECIFIED.);
#8552=B_SPLINE_CURVE_WITH_KNOTS('',1,(#12158,#12159),.UNSPECIFIED.,.F.,.F.,(2,2),(0.0,0.1),.UNSPECIFIED.);
#8553=VERTEX_POINT('',#12160);
#8554=B_SPLINE_CURVE_WITH_KNOTS('',2,(#12161,#12162,#12163,#12164,#12165,#12166,#12167,#12168,#12169),.UNSPECIFIED.,.F.,.F.,(3,2,2,2,3),(36.0,37.0,38.0,39.0,40.0),.UNSPECIFIED.);
#8555=B_SPLINE_CURVE_WITH_KNOTS('',1,(#12170,#12171),.UNSPECIFIED.,.F.,.F.,(2,2),(0.0,0.1),.UNSPECIFIED.);
#8556=VERTEX_POINT('',#12172);
#8557=B_SPLINE_CURVE_WITH_KNOTS('',2,(#12173,#12174,#12175),.UNSPECIFIED.,.F.,.F.,(3,3),(40.0,41.0),.UNSPECIFIED.);
#8558=B_SPLINE_CURVE_WITH_KNOTS('',1,(#12176,#12177),.UNSPECIFIED.,.F.,.F.,(2,2),(0.0,0.1),.UNSPECIFIED.);
#8559=VERTEX_POINT('',#12178);
#8560=B_SPLINE_CURVE_WITH_KNOTS('',2,(#12179,#12180,#12181,#12182,#12183,#12184,#12185,#12186,#12187),.UNSPECIFIED.,.F.,.F.,(3,2,2,2,3),(41.0,42.0,43.0,44.0,45.0),.UNSPECIFIED.);
#8561=B_SPLINE_CURVE_WITH_KNOTS('',1,(#12188,#12189),.UNSPECIFIED.,.F.,.F.,(2,2),(0.0,0.1),.UNSPECIFIED.);
#8562=VERTEX_POINT('',#12190);
#8563=B_SPLINE_CURVE_WITH_KNOTS('',2,(#12191,#12192,#12193),.UNSPECIFIED.,.F.,.F.,(3,3),(45.0,46.0),.UNSPECIFIED.);
#8564=B_SPLINE_CURVE_WITH_KNOTS('',1,(#12194,#12195),.UNSPECIFIED.,.F.,.F.,(2,2),(0.0,0.1),.UNSPECIFIED.);
#8565=VERTEX_POINT('',#12196);
#8566=B_SPLINE_CURVE_WITH_KNOTS('',2,(#12197,#12198,#12199),.UNSPECIFIED.,.F.,.F.,(3,3),(46.0,47.0),.UNSPECIFIED.);
#8567=B_SPLINE_CURVE_WITH_KNOTS('',1,(#12200,#12201),.UNSPECIFIED.,.F.,.F.,(2,2),(0.0,0.1),.UNSPECIFIED.);
#8568=VERTEX_POINT('',#12202);
#8569=B_SPLINE_CURVE_WITH_KNOTS('',2,(#12203,#12204,#12205),.UNSPECIFIED.,.F.,.F.,(3,3),(47.0,48.0),.UNSPECIFIED.);
#8570=B_SPLINE_CURVE_WITH_KNOTS('',1,(#12206,#12207),.UNSPECIFIED.,.F.,.F.,(2,2),(0.0,0.1),.UNSPECIFIED.);
#8571=VERTEX_POINT('',#12208);
#8572=B_SPLINE_CURVE_WITH_KNOTS('',2,(#12209,#12210,#12211),.UNSPECIFIED.,.F.,.F.,(3,3),(48.0,49.0),.UNSPECIFIED.);
#8573=B_SPLINE_CURVE_WITH_KNOTS('',1,(#12212,#12213),.UNSPECIFIED.,.F.,.F.,(2,2),(0.0,0.1),.UNSPECIFIED.);
#8574=B_SPLINE_CURVE_WITH_KNOTS('',2,(#12214,#12215,#12216),.UNSPECIFIED.,.F.,.F.,(3,3),(49.0,50.0),.UNSPECIFIED.);
#8575=VERTEX_POINT('',#12217);
#8576=B_SPLINE_CURVE_WITH_KNOTS('',1,(#12218,#12219),.UNSPECIFIED.,.F.,.F.,(2,2),(0.0,0.1),.UNSPECIFIED.);
#8577=VERTEX_POINT('',#12220);
#8578=B_SPLINE_CURVE_WITH_KNOTS('',2,(#12221,#12222,#12223),.UNSPECIFIED.,.F.,.F.,(3,3),(37.0,38.0),.UNSPECIFIED.);
#8579=B_SPLINE_CURVE_WITH_KNOTS('',1,(#12224,#12225),.UNSPECIFIED.,.F.,.F.,(2,2),(0.0,0.1),.UNSPECIFIED.);
#8580=VERTEX_POINT('',#12226);
#8581=B_SPLINE_CURVE_WITH_KNOTS('',2,(#12227,#12228,#12229,#12230,#12231,#12232,#12233,#12234,#12235,#12236,#12237,#12238,#12239,#12240,#12241,#12242,#12243),.UNSPECIFIED.,.F.,.F.,(3,2,2,2,2,2,2,2,3),(38.0,39.0,40.0,41.0,42.0,43.0,44.0,45.0,46.0),.UNSPECIFIED.);
#8582=B_SPLINE_CURVE_WITH_KNOTS('',1,(#12244,#12245),.UNSPECIFIED.,.F.,.F.,(2,2),(0.0,0.1),.UNSPECIFIED.);
#8583=VERTEX_POINT('',#12246);
#8584=B_SPLINE_CURVE_WITH_KNOTS('',2,(#12247,#12248,#12249),.UNSPECIFIED.,.F.,.F.,(3,3),(46.0,47.0),.UNSPECIFIED.);
#8585=B_SPLINE_CURVE_WITH_KNOTS('',1,(#12250,#12251),.UNSPECIFIED.,.F.,.F.,(2,2),(0.0,0.1),.UNSPECIFIED.);
#8586=B_SPLINE_CURVE_WITH_KNOTS('',2,(#12252,#12253,#12254,#12255,#12256,#12257,#12258,#12259,#12260,#12261,#12262,#12263,#12264,#12265,#12266,#12267,#12268,#12269,#12270),.UNSPECIFIED.,.F.,.F.,(3,2,2,2,2,2,2,2,2,3),(47.0,48.0,49.0,50.0,51.0,52.0,53.0,54.0,55.0,56.0),.UNSPECIFIED.);
#8587=VERTEX_POINT('',#12271);
#8588=B_SPLINE_CURVE_WITH_KNOTS('',1,(#12272,#12273),.UNSPECIFIED.,.F.,.F.,(2,2),(0.0,0.1),.UNSPECIFIED.);
#8589=VERTEX_POINT('',#12274);
#8590=B_SPLINE_CURVE_WITH_KNOTS('',2,(#12275,#12276,#12277,#12278,#12279,#12280,#12281,#12282,#12283,#12284,#12285),.UNSPECIFIED.,.F.,.F.,(3,2,2,2,2,3),(23.9982958418541,24.9982958418541,25.9982958418541,26.9982958418541,27.9982958418541,28.9982958418541),.UNSPECIFIED.);
#8591=B_SPLINE_CURVE_WITH_KNOTS('',1,(#12286,#12287),.UNSPECIFIED.,.F.,.F.,(2,2),(0.0,0.1),.UNSPECIFIED.);
#8592=VERTEX_POINT('',#12288);
#8593=B_SPLINE_CURVE_WITH_KNOTS('',2,(#12289,#12290,#12291),.UNSPECIFIED.,.F.,.F.,(3,3),(28.9982958418541,29.988411724608),.UNSPECIFIED.);
#8594=B_SPLINE_CURVE_WITH_KNOTS('',1,(#12292,#12293),.UNSPECIFIED.,.F.,.F.,(2,2),(0.0,0.1),.UNSPECIFIED.);
#8595=VERTEX_POINT('',#12294);
#8596=B_SPLINE_CURVE_WITH_KNOTS('',2,(#12295,#12296,#12297),.UNSPECIFIED.,.F.,.F.,(3,3),(29.988411724608,30.2951601908657),.UNSPECIFIED.);
#8597=B_SPLINE_CURVE_WITH_KNOTS('',1,(#12298,#12299),.UNSPECIFIED.,.F.,.F.,(2,2),(0.0,0.1),.UNSPECIFIED.);
#8598=VERTEX_POINT('',#12300);
#8599=B_SPLINE_CURVE_WITH_KNOTS('',2,(#12301,#12302,#12303),.UNSPECIFIED.,.F.,.F.,(3,3),(30.2951601908657,32.7934560327198),.UNSPECIFIED.);
#8600=B_SPLINE_CURVE_WITH_KNOTS('',1,(#12304,#12305),.UNSPECIFIED.,.F.,.F.,(2,2),(0.0,0.1),.UNSPECIFIED.);
#8601=VERTEX_POINT('',#12306);
#8602=B_SPLINE_CURVE_WITH_KNOTS('',2,(#12307,#12308,#12309),.UNSPECIFIED.,.F.,.F.,(3,3),(32.7934560327198,33.1002044989775),.UNSPECIFIED.);
#8603=B_SPLINE_CURVE_WITH_KNOTS('',1,(#12310,#12311),.UNSPECIFIED.,.F.,.F.,(2,2),(0.0,0.1),.UNSPECIFIED.);
#8604=VERTEX_POINT('',#12312);
#8605=B_SPLINE_CURVE_WITH_KNOTS('',2,(#12313,#12314,#12315),.UNSPECIFIED.,.F.,.F.,(3,3),(33.1002044989775,33.9965916837082),.UNSPECIFIED.);
#8606=B_SPLINE_CURVE_WITH_KNOTS('',1,(#12316,#12317),.UNSPECIFIED.,.F.,.F.,(2,2),(0.0,0.1),.UNSPECIFIED.);
#8607=VERTEX_POINT('',#12318);
#8608=B_SPLINE_CURVE_WITH_KNOTS('',2,(#12319,#12320,#12321,#12322,#12323,#12324,#12325,#12326,#12327),.UNSPECIFIED.,.F.,.F.,(3,2,2,2,3),(33.9965916837082,34.9965916837082,35.9965916837082,36.9965916837082,37.9965916837082),.UNSPECIFIED.);
#8609=B_SPLINE_CURVE_WITH_KNOTS('',1,(#12328,#12329),.UNSPECIFIED.,.F.,.F.,(2,2),(0.0,0.1),.UNSPECIFIED.);
#8610=VERTEX_POINT('',#12330);
#8611=B_SPLINE_CURVE_WITH_KNOTS('',2,(#12331,#12332,#12333),.UNSPECIFIED.,.F.,.F.,(3,3),(37.9965916837082,38.9965916837082),.UNSPECIFIED.);
#8612=B_SPLINE_CURVE_WITH_KNOTS('',1,(#12334,#12335),.UNSPECIFIED.,.F.,.F.,(2,2),(0.0,0.1),.UNSPECIFIED.);
#8613=VERTEX_POINT('',#12336);
#8614=B_SPLINE_CURVE_WITH_KNOTS('',2,(#12337,#12338,#12339),.UNSPECIFIED.,.F.,.F.,(3,3),(38.9965916837082,39.9965916837082),.UNSPECIFIED.);
#8615=B_SPLINE_CURVE_WITH_KNOTS('',1,(#12340,#12341),.UNSPECIFIED.,.F.,.F.,(2,2),(0.0,0.1),.UNSPECIFIED.);
#8616=B_SPLINE_CURVE_WITH_KNOTS('',2,(#12342,#12343,#12344),.UNSPECIFIED.,.F.,.F.,(3,3),(39.9965916837082,40.9965916837082),.UNSPECIFIED.);
#8617=VERTEX_POINT('',#12345);
#8618=B_SPLINE_CURVE_WITH_KNOTS('',1,(#12346,#12347),.UNSPECIFIED.,.F.,.F.,(2,2),(0.0,0.1),.UNSPECIFIED.);
#8619=VERTEX_POINT('',#12348);
#8620=B_SPLINE_CURVE_WITH_KNOTS('',2,(#12349,#12350,#12351),.UNSPECIFIED.,.F.,.F.,(3,3),(43.0,44.0),.UNSPECIFIED.);
#8621=B_SPLINE_CURVE_WITH_KNOTS('',1,(#12352,#12353),.UNSPECIFIED.,.F.,.F.,(2,2),(0.0,0.1),.UNSPECIFIED.);
#8622=VERTEX_POINT('',#12354);
#8623=B_SPLINE_CURVE_WITH_KNOTS('',2,(#12355,#12356,#12357,#12358,#12359,#12360,#12361,#12362,#12363,#12364,#12365,#12366,#12367,#12368,#12369,#12370,#12371,#12372,#12373,#12374,#12375),.UNSPECIFIED.,.F.,.F.,(3,2,2,2,2,2,2,2,2,2,3),(44.0,45.0,46.0,47.0,48.0,49.0,50.0,51.0,52.0,53.0,54.0),.UNSPECIFIED.);
#8624=B_SPLINE_CURVE_WITH_KNOTS('',1,(#12376,#12377),.UNSPECIFIED.,.F.,.F.,(2,2),(0.0,0.1),.UNSPECIFIED.);
#8625=VERTEX_POINT('',#12378);
#8626=B_SPLINE_CURVE_WITH_KNOTS('',2,(#12379,#12380,#12381),.UNSPECIFIED.,.F.,.F.,(3,3),(54.0,55.0),.UNSPECIFIED.);
#8627=B_SPLINE_CURVE_WITH_KNOTS('',1,(#12382,#12383),.UNSPECIFIED.,.F.,.F.,(2,2),(0.0,0.1),.UNSPECIFIED.);
#8628=B_SPLINE_CURVE_WITH_KNOTS('',2,(#12384,#12385,#12386,#12387,#12388,#12389,#12390,#12391,#12392,#12393,#12394,#12395,#12396,#12397,#12398,#12399,#12400,#12401,#12402,#12403,#12404),.UNSPECIFIED.,.F.,.F.,(3,2,2,2,2,2,2,2,2,2,3),(55.0,56.0,57.0,58.0,59.0,60.0,61.0,62.0,63.0,64.0,65.0),.UNSPECIFIED.);
#8629=VERTEX_POINT('',#12405);
#8630=B_SPLINE_CURVE_WITH_KNOTS('',1,(#12406,#12407),.UNSPECIFIED.,.F.,.F.,(2,2),(0.0,0.1),.UNSPECIFIED.);
#8631=VERTEX_POINT('',#12408);
#8632=B_SPLINE_CURVE_WITH_KNOTS('',1,(#12409,#12410),.UNSPECIFIED.,.F.,.F.,(2,2),(6.0,7.0),.UNSPECIFIED.);
#8633=B_SPLINE_CURVE_WITH_KNOTS('',1,(#12411,#12412),.UNSPECIFIED.,.F.,.F.,(2,2),(0.0,0.1),.UNSPECIFIED.);
#8634=VERTEX_POINT('',#12413);
#8635=B_SPLINE_CURVE_WITH_KNOTS('',1,(#12414,#12415),.UNSPECIFIED.,.F.,.F.,(2,2),(7.0,8.0),.UNSPECIFIED.);
#8636=B_SPLINE_CURVE_WITH_KNOTS('',1,(#12416,#12417),.UNSPECIFIED.,.F.,.F.,(2,2),(0.0,0.1),.UNSPECIFIED.);
#8637=VERTEX_POINT('',#12418);
#8638=B_SPLINE_CURVE_WITH_KNOTS('',1,(#12419,#12420),.UNSPECIFIED.,.F.,.F.,(2,2),(8.0,9.0),.UNSPECIFIED.);
#8639=B_SPLINE_CURVE_WITH_KNOTS('',1,(#12421,#12422),.UNSPECIFIED.,.F.,.F.,(2,2),(0.0,0.1),.UNSPECIFIED.);
#8640=B_SPLINE_CURVE_WITH_KNOTS('',1,(#12423,#12424),.UNSPECIFIED.,.F.,.F.,(2,2),(9.0,10.0),.UNSPECIFIED.);
#8641=VERTEX_POINT('',#12425);
#8642=B_SPLINE_CURVE_WITH_KNOTS('',1,(#12426,#12427),.UNSPECIFIED.,.F.,.F.,(2,2),(0.0,0.1),.UNSPECIFIED.);
#8643=VERTEX_POINT('',#12428);
#8644=B_SPLINE_CURVE_WITH_KNOTS('',2,(#12429,#12430,#12431,#12432,#12433,#12434,#12435,#12436,#12437,#12438,#12439),.UNSPECIFIED.,.F.,.F.,(3,2,2,2,2,3),(16.6383776414451,17.6383776414451,18.6383776414451,19.6383776414451,20.6383776414451,21.6383776414451),.UNSPECIFIED.);
#8645=B_SPLINE_CURVE_WITH_KNOTS('',1,(#12440,#12441),.UNSPECIFIED.,.F.,.F.,(2,2),(0.0,0.1),.UNSPECIFIED.);
#8646=VERTEX_POINT('',#12442);
#8647=B_SPLINE_CURVE_WITH_KNOTS('',2,(#12443,#12444,#12445),.UNSPECIFIED.,.F.,.F.,(3,3),(21.6383776414451,22.6383776414451),.UNSPECIFIED.);
#8648=B_SPLINE_CURVE_WITH_KNOTS('',1,(#12446,#12447),.UNSPECIFIED.,.F.,.F.,(2,2),(0.0,0.1),.UNSPECIFIED.);
#8649=VERTEX_POINT('',#12448);
#8650=B_SPLINE_CURVE_WITH_KNOTS('',2,(#12449,#12450,#12451),.UNSPECIFIED.,.F.,.F.,(3,3),(22.6383776414451,23.6383776414451),.UNSPECIFIED.);
#8651=B_SPLINE_CURVE_WITH_KNOTS('',1,(#12452,#12453),.UNSPECIFIED.,.F.,.F.,(2,2),(0.0,0.1),.UNSPECIFIED.);
#8652=VERTEX_POINT('',#12454);
#8653=B_SPLINE_CURVE_WITH_KNOTS('',2,(#12455,#12456,#12457),.UNSPECIFIED.,.F.,.F.,(3,3),(23.6383776414451,24.6383776414451),.UNSPECIFIED.);
#8654=B_SPLINE_CURVE_WITH_KNOTS('',1,(#12458,#12459),.UNSPECIFIED.,.F.,.F.,(2,2),(0.0,0.1),.UNSPECIFIED.);
#8655=VERTEX_POINT('',#12460);
#8656=B_SPLINE_CURVE_WITH_KNOTS('',2,(#12461,#12462,#12463,#12464,#12465,#12466,#12467,#12468,#12469,#12470,#12471),.UNSPECIFIED.,.F.,.F.,(3,2,2,2,2,3),(24.6383776414451,25.6383776414451,26.6383776414451,27.6383776414451,28.6383776414451,29.6383776414451),.UNSPECIFIED.);
#8657=B_SPLINE_CURVE_WITH_KNOTS('',1,(#12472,#12473),.UNSPECIFIED.,.F.,.F.,(2,2),(0.0,0.1),.UNSPECIFIED.);
#8658=VERTEX_POINT('',#12474);
#8659=B_SPLINE_CURVE_WITH_KNOTS('',2,(#12475,#12476,#12477),.UNSPECIFIED.,.F.,.F.,(3,3),(29.6383776414451,30.6267893660532),.UNSPECIFIED.);
#8660=B_SPLINE_CURVE_WITH_KNOTS('',1,(#12478,#12479),.UNSPECIFIED.,.F.,.F.,(2,2),(0.0,0.1),.UNSPECIFIED.);
#8661=VERTEX_POINT('',#12480);
#8662=B_SPLINE_CURVE_WITH_KNOTS('',2,(#12481,#12482,#12483),.UNSPECIFIED.,.F.,.F.,(3,3),(30.6267893660532,30.9335378323108),.UNSPECIFIED.);
#8663=B_SPLINE_CURVE_WITH_KNOTS('',1,(#12484,#12485),.UNSPECIFIED.,.F.,.F.,(2,2),(0.0,0.1),.UNSPECIFIED.);
#8664=VERTEX_POINT('',#12486);
#8665=B_SPLINE_CURVE_WITH_KNOTS('',2,(#12487,#12488,#12489),.UNSPECIFIED.,.F.,.F.,(3,3),(30.9335378323108,32.7433537832311),.UNSPECIFIED.);
#8666=B_SPLINE_CURVE_WITH_KNOTS('',1,(#12490,#12491),.UNSPECIFIED.,.F.,.F.,(2,2),(0.0,0.1),.UNSPECIFIED.);
#8667=VERTEX_POINT('',#12492);
#8668=B_SPLINE_CURVE_WITH_KNOTS('',2,(#12493,#12494,#12495),.UNSPECIFIED.,.F.,.F.,(3,3),(32.7433537832311,33.019427402863),.UNSPECIFIED.);
#8669=B_SPLINE_CURVE_WITH_KNOTS('',1,(#12496,#12497),.UNSPECIFIED.,.F.,.F.,(2,2),(0.0,0.1),.UNSPECIFIED.);
#8670=B_SPLINE_CURVE_WITH_KNOTS('',2,(#12498,#12499,#12500),.UNSPECIFIED.,.F.,.F.,(3,3),(33.019427402863,33.2767552828903),.UNSPECIFIED.);
#8671=VERTEX_POINT('',#12501);
#8672=B_SPLINE_CURVE_WITH_KNOTS('',1,(#12502,#12503),.UNSPECIFIED.,.F.,.F.,(2,2),(0.0,0.1),.UNSPECIFIED.);
#8673=VERTEX_POINT('',#12504);
#8674=B_SPLINE_CURVE_WITH_KNOTS('',2,(#12505,#12506,#12507,#12508,#12509,#12510,#12511,#12512,#12513,#12514,#12515),.UNSPECIFIED.,.F.,.F.,(3,2,2,2,2,3),(16.6383776414451,17.6383776414451,18.6383776414451,19.6383776414451,20.6383776414451,21.6383776414451),.UNSPECIFIED.);
#8675=B_SPLINE_CURVE_WITH_KNOTS('',1,(#12516,#12517),.UNSPECIFIED.,.F.,.F.,(2,2),(0.0,0.1),.UNSPECIFIED.);
#8676=VERTEX_POINT('',#12518);
#8677=B_SPLINE_CURVE_WITH_KNOTS('',2,(#12519,#12520,#12521),.UNSPECIFIED.,.F.,.F.,(3,3),(21.6383776414451,22.6383776414451),.UNSPECIFIED.);
#8678=B_SPLINE_CURVE_WITH_KNOTS('',1,(#12522,#12523),.UNSPECIFIED.,.F.,.F.,(2,2),(0.0,0.1),.UNSPECIFIED.);
#8679=VERTEX_POINT('',#12524);
#8680=B_SPLINE_CURVE_WITH_KNOTS('',2,(#12525,#12526,#12527),.UNSPECIFIED.,.F.,.F.,(3,3),(22.6383776414451,23.6383776414451),.UNSPECIFIED.);
#8681=B_SPLINE_CURVE_WITH_KNOTS('',1,(#12528,#12529),.UNSPECIFIED.,.F.,.F.,(2,2),(0.0,0.1),.UNSPECIFIED.);
#8682=VERTEX_POINT('',#12530);
#8683=B_SPLINE_CURVE_WITH_KNOTS('',2,(#12531,#12532,#12533),.UNSPECIFIED.,.F.,.F.,(3,3),(23.6383776414451,24.6383776414451),.UNSPECIFIED.);
#8684=B_SPLINE_CURVE_WITH_KNOTS('',1,(#12534,#12535),.UNSPECIFIED.,.F.,.F.,(2,2),(0.0,0.1),.UNSPECIFIED.);
#8685=VERTEX_POINT('',#12536);
#8686=B_SPLINE_CURVE_WITH_KNOTS('',2,(#12537,#12538,#12539,#12540,#12541,#12542,#12543,#12544,#12545,#12546,#12547),.UNSPECIFIED.,.F.,.F.,(3,2,2,2,2,3),(24.6383776414451,25.6383776414451,26.6383776414451,27.6383776414451,28.6383776414451,29.6383776414451),.UNSPECIFIED.);
#8687=B_SPLINE_CURVE_WITH_KNOTS('',1,(#12548,#12549),.UNSPECIFIED.,.F.,.F.,(2,2),(0.0,0.1),.UNSPECIFIED.);
#8688=VERTEX_POINT('',#12550);
#8689=B_SPLINE_CURVE_WITH_KNOTS('',2,(#12551,#12552,#12553),.UNSPECIFIED.,.F.,.F.,(3,3),(29.6383776414451,30.6267893660532),.UNSPECIFIED.);
#8690=B_SPLINE_CURVE_WITH_KNOTS('',1,(#12554,#12555),.UNSPECIFIED.,.F.,.F.,(2,2),(0.0,0.1),.UNSPECIFIED.);
#8691=VERTEX_POINT('',#12556);
#8692=B_SPLINE_CURVE_WITH_KNOTS('',2,(#12557,#12558,#12559),.UNSPECIFIED.,.F.,.F.,(3,3),(30.6267893660532,30.9335378323108),.UNSPECIFIED.);
#8693=B_SPLINE_CURVE_WITH_KNOTS('',1,(#12560,#12561),.UNSPECIFIED.,.F.,.F.,(2,2),(0.0,0.1),.UNSPECIFIED.);
#8694=VERTEX_POINT('',#12562);
#8695=B_SPLINE_CURVE_WITH_KNOTS('',2,(#12563,#12564,#12565),.UNSPECIFIED.,.F.,.F.,(3,3),(30.9335378323108,32.7433537832311),.UNSPECIFIED.);
#8696=B_SPLINE_CURVE_WITH_KNOTS('',1,(#12566,#12567),.UNSPECIFIED.,.F.,.F.,(2,2),(0.0,0.1),.UNSPECIFIED.);
#8697=VERTEX_POINT('',#12568);
#8698=B_SPLINE_CURVE_WITH_KNOTS('',2,(#12569,#12570,#12571),.UNSPECIFIED.,.F.,.F.,(3,3),(32.7433537832311,33.019427402863),.UNSPECIFIED.);
#8699=B_SPLINE_CURVE_WITH_KNOTS('',1,(#12572,#12573),.UNSPECIFIED.,.F.,.F.,(2,2),(0.0,0.1),.UNSPECIFIED.);
#8700=B_SPLINE_CURVE_WITH_KNOTS('',2,(#12574,#12575,#12576),.UNSPECIFIED.,.F.,.F.,(3,3),(33.019427402863,33.2767552828903),.UNSPECIFIED.);
#8701=VERTEX_POINT('',#12577);
#8702=B_SPLINE_CURVE_WITH_KNOTS('',1,(#12578,#12579),.UNSPECIFIED.,.F.,.F.,(2,2),(0.0,0.1),.UNSPECIFIED.);
#8703=VERTEX_POINT('',#12580);
#8704=B_SPLINE_CURVE_WITH_KNOTS('',2,(#12581,#12582,#12583,#12584,#12585,#12586,#12587,#12588,#12589,#12590,#12591,#12592,#12593,#12594,#12595,#12596,#12597,#12598,#12599),.UNSPECIFIED.,.F.,.F.,(3,2,2,2,2,2,2,2,2,3),(20.0,21.0,22.0,23.0,24.0,25.0,26.0,27.0,28.0,29.0),.UNSPECIFIED.);
#8705=B_SPLINE_CURVE_WITH_KNOTS('',1,(#12600,#12601),.UNSPECIFIED.,.F.,.F.,(2,2),(0.0,0.1),.UNSPECIFIED.);
#8706=VERTEX_POINT('',#12602);
#8707=B_SPLINE_CURVE_WITH_KNOTS('',2,(#12603,#12604,#12605),.UNSPECIFIED.,.F.,.F.,(3,3),(29.0,30.0),.UNSPECIFIED.);
#8708=B_SPLINE_CURVE_WITH_KNOTS('',1,(#12606,#12607),.UNSPECIFIED.,.F.,.F.,(2,2),(0.0,0.1),.UNSPECIFIED.);
#8709=VERTEX_POINT('',#12608);
#8710=B_SPLINE_CURVE_WITH_KNOTS('',2,(#12609,#12610,#12611,#12612,#12613,#12614,#12615,#12616,#12617),.UNSPECIFIED.,.F.,.F.,(3,2,2,2,3),(30.0,31.0,32.0,33.0,34.0),.UNSPECIFIED.);
#8711=B_SPLINE_CURVE_WITH_KNOTS('',1,(#12618,#12619),.UNSPECIFIED.,.F.,.F.,(2,2),(0.0,0.1),.UNSPECIFIED.);
#8712=B_SPLINE_CURVE_WITH_KNOTS('',2,(#12620,#12621,#12622),.UNSPECIFIED.,.F.,.F.,(3,3),(34.0,35.0),.UNSPECIFIED.);
#8713=VERTEX_POINT('',#12623);
#8714=VERTEX_POINT('',#12624);
#8715=B_SPLINE_CURVE_WITH_KNOTS('',1,(#12625,#12626),.UNSPECIFIED.,.F.,.F.,(2,2),(0.0,0.1),.UNSPECIFIED.);
#8716=VERTEX_POINT('',#12627);
#8717=B_SPLINE_CURVE_WITH_KNOTS('',2,(#12628,#12629,#12630,#12631,#12632,#12633,#12634,#12635,#12636),.UNSPECIFIED.,.F.,.F.,(3,2,2,2,3),(35.0,36.0,37.0,38.0,39.0),.UNSPECIFIED.);
#8718=VERTEX_POINT('',#12637);
#8719=B_SPLINE_CURVE_WITH_KNOTS('',1,(#12638,#12639),.UNSPECIFIED.,.F.,.F.,(2,2),(0.0,0.1),.UNSPECIFIED.);
#8720=B_SPLINE_CURVE_WITH_KNOTS('',2,(#12640,#12641,#12642,#12643,#12644,#12645,#12646,#12647,#12648),.UNSPECIFIED.,.F.,.F.,(3,2,2,2,3),(35.0,36.0,37.0,38.0,39.0),.UNSPECIFIED.);
#8721=B_SPLINE_CURVE_WITH_KNOTS('',2,(#12649,#12650,#12651),.UNSPECIFIED.,.F.,.F.,(3,3),(39.0,40.0),.UNSPECIFIED.);
#8722=B_SPLINE_CURVE_WITH_KNOTS('',2,(#12652,#12653,#12654),.UNSPECIFIED.,.F.,.F.,(3,3),(39.0,40.0),.UNSPECIFIED.);
#8723=VERTEX_POINT('',#12655);
#8724=B_SPLINE_CURVE_WITH_KNOTS('',1,(#12656,#12657),.UNSPECIFIED.,.F.,.F.,(2,2),(0.0,0.1),.UNSPECIFIED.);
#8725=VERTEX_POINT('',#12658);
#8726=B_SPLINE_CURVE_WITH_KNOTS('',2,(#12659,#12660,#12661),.UNSPECIFIED.,.F.,.F.,(3,3),(37.0,38.0),.UNSPECIFIED.);
#8727=B_SPLINE_CURVE_WITH_KNOTS('',1,(#12662,#12663),.UNSPECIFIED.,.F.,.F.,(2,2),(0.0,0.1),.UNSPECIFIED.);
#8728=VERTEX_POINT('',#12664);
#8729=B_SPLINE_CURVE_WITH_KNOTS('',2,(#12665,#12666,#12667,#12668,#12669,#12670,#12671,#12672,#12673,#12674,#12675,#12676,#12677,#12678,#12679,#12680,#12681),.UNSPECIFIED.,.F.,.F.,(3,2,2,2,2,2,2,2,3),(38.0,39.0,40.0,41.0,42.0,43.0,44.0,45.0,46.0),.UNSPECIFIED.);
#8730=B_SPLINE_CURVE_WITH_KNOTS('',1,(#12682,#12683),.UNSPECIFIED.,.F.,.F.,(2,2),(0.0,0.1),.UNSPECIFIED.);
#8731=VERTEX_POINT('',#12684);
#8732=B_SPLINE_CURVE_WITH_KNOTS('',2,(#12685,#12686,#12687),.UNSPECIFIED.,.F.,.F.,(3,3),(46.0,47.0),.UNSPECIFIED.);
#8733=B_SPLINE_CURVE_WITH_KNOTS('',1,(#12688,#12689),.UNSPECIFIED.,.F.,.F.,(2,2),(0.0,0.1),.UNSPECIFIED.);
#8734=B_SPLINE_CURVE_WITH_KNOTS('',2,(#12690,#12691,#12692,#12693,#12694,#12695,#12696,#12697,#12698,#12699,#12700,#12701,#12702,#12703,#12704,#12705,#12706,#12707,#12708),.UNSPECIFIED.,.F.,.F.,(3,2,2,2,2,2,2,2,2,3),(47.0,48.0,49.0,50.0,51.0,52.0,53.0,54.0,55.0,56.0),.UNSPECIFIED.);
#8735=VERTEX_POINT('',#12709);
#8736=B_SPLINE_CURVE_WITH_KNOTS('',1,(#12710,#12711),.UNSPECIFIED.,.F.,.F.,(2,2),(0.0,0.1),.UNSPECIFIED.);
#8737=VERTEX_POINT('',#12712);
#8738=B_SPLINE_CURVE_WITH_KNOTS('',2,(#12713,#12714,#12715),.UNSPECIFIED.,.F.,.F.,(3,3),(30.0,31.0),.UNSPECIFIED.);
#8739=B_SPLINE_CURVE_WITH_KNOTS('',1,(#12716,#12717),.UNSPECIFIED.,.F.,.F.,(2,2),(0.0,0.1),.UNSPECIFIED.);
#8740=VERTEX_POINT('',#12718);
#8741=B_SPLINE_CURVE_WITH_KNOTS('',2,(#12719,#12720,#12721),.UNSPECIFIED.,.F.,.F.,(3,3),(31.0,32.0),.UNSPECIFIED.);
#8742=B_SPLINE_CURVE_WITH_KNOTS('',1,(#12722,#12723),.UNSPECIFIED.,.F.,.F.,(2,2),(0.0,0.1),.UNSPECIFIED.);
#8743=VERTEX_POINT('',#12724);
#8744=B_SPLINE_CURVE_WITH_KNOTS('',2,(#12725,#12726,#12727),.UNSPECIFIED.,.F.,.F.,(3,3),(32.0,33.0),.UNSPECIFIED.);
#8745=B_SPLINE_CURVE_WITH_KNOTS('',1,(#12728,#12729),.UNSPECIFIED.,.F.,.F.,(2,2),(0.0,0.1),.UNSPECIFIED.);
#8746=VERTEX_POINT('',#12730);
#8747=B_SPLINE_CURVE_WITH_KNOTS('',2,(#12731,#12732,#12733),.UNSPECIFIED.,.F.,.F.,(3,3),(33.0,34.0),.UNSPECIFIED.);
#8748=B_SPLINE_CURVE_WITH_KNOTS('',1,(#12734,#12735),.UNSPECIFIED.,.F.,.F.,(2,2),(0.0,0.1),.UNSPECIFIED.);
#8749=VERTEX_POINT('',#12736);
#8750=B_SPLINE_CURVE_WITH_KNOTS('',2,(#12737,#12738,#12739),.UNSPECIFIED.,.F.,.F.,(3,3),(34.0,35.0),.UNSPECIFIED.);
#8751=B_SPLINE_CURVE_WITH_KNOTS('',1,(#12740,#12741),.UNSPECIFIED.,.F.,.F.,(2,2),(0.0,0.1),.UNSPECIFIED.);
#8752=VERTEX_POINT('',#12742);
#8753=B_SPLINE_CURVE_WITH_KNOTS('',2,(#12743,#12744,#12745),.UNSPECIFIED.,.F.,.F.,(3,3),(35.0,36.0),.UNSPECIFIED.);
#8754=B_SPLINE_CURVE_WITH_KNOTS('',1,(#12746,#12747),.UNSPECIFIED.,.F.,.F.,(2,2),(0.0,0.1),.UNSPECIFIED.);
#8755=VERTEX_POINT('',#12748);
#8756=B_SPLINE_CURVE_WITH_KNOTS('',2,(#12749,#12750,#12751,#12752,#12753,#12754,#12755,#12756,#12757),.UNSPECIFIED.,.F.,.F.,(3,2,2,2,3),(36.0,37.0,38.0,39.0,40.0),.UNSPECIFIED.);
#8757=B_SPLINE_CURVE_WITH_KNOTS('',1,(#12758,#12759),.UNSPECIFIED.,.F.,.F.,(2,2),(0.0,0.1),.UNSPECIFIED.);
#8758=VERTEX_POINT('',#12760);
#8759=B_SPLINE_CURVE_WITH_KNOTS('',2,(#12761,#12762,#12763),.UNSPECIFIED.,.F.,.F.,(3,3),(40.0,41.0),.UNSPECIFIED.);
#8760=B_SPLINE_CURVE_WITH_KNOTS('',1,(#12764,#12765),.UNSPECIFIED.,.F.,.F.,(2,2),(0.0,0.1),.UNSPECIFIED.);
#8761=VERTEX_POINT('',#12766);
#8762=B_SPLINE_CURVE_WITH_KNOTS('',2,(#12767,#12768,#12769,#12770,#12771,#12772,#12773,#12774,#12775),.UNSPECIFIED.,.F.,.F.,(3,2,2,2,3),(41.0,42.0,43.0,44.0,45.0),.UNSPECIFIED.);
#8763=B_SPLINE_CURVE_WITH_KNOTS('',1,(#12776,#12777),.UNSPECIFIED.,.F.,.F.,(2,2),(0.0,0.1),.UNSPECIFIED.);
#8764=VERTEX_POINT('',#12778);
#8765=B_SPLINE_CURVE_WITH_KNOTS('',2,(#12779,#12780,#12781),.UNSPECIFIED.,.F.,.F.,(3,3),(45.0,46.0),.UNSPECIFIED.);
#8766=B_SPLINE_CURVE_WITH_KNOTS('',1,(#12782,#12783),.UNSPECIFIED.,.F.,.F.,(2,2),(0.0,0.1),.UNSPECIFIED.);
#8767=VERTEX_POINT('',#12784);
#8768=B_SPLINE_CURVE_WITH_KNOTS('',2,(#12785,#12786,#12787),.UNSPECIFIED.,.F.,.F.,(3,3),(46.0,47.0),.UNSPECIFIED.);
#8769=B_SPLINE_CURVE_WITH_KNOTS('',1,(#12788,#12789),.UNSPECIFIED.,.F.,.F.,(2,2),(0.0,0.1),.UNSPECIFIED.);
#8770=VERTEX_POINT('',#12790);
#8771=B_SPLINE_CURVE_WITH_KNOTS('',2,(#12791,#12792,#12793),.UNSPECIFIED.,.F.,.F.,(3,3),(47.0,48.0),.UNSPECIFIED.);
#8772=B_SPLINE_CURVE_WITH_KNOTS('',1,(#12794,#12795),.UNSPECIFIED.,.F.,.F.,(2,2),(0.0,0.1),.UNSPECIFIED.);
#8773=VERTEX_POINT('',#12796);
#8774=B_SPLINE_CURVE_WITH_KNOTS('',2,(#12797,#12798,#12799),.UNSPECIFIED.,.F.,.F.,(3,3),(48.0,49.0),.UNSPECIFIED.);
#8775=B_SPLINE_CURVE_WITH_KNOTS('',1,(#12800,#12801),.UNSPECIFIED.,.F.,.F.,(2,2),(0.0,0.1),.UNSPECIFIED.);
#8776=B_SPLINE_CURVE_WITH_KNOTS('',2,(#12802,#12803,#12804),.UNSPECIFIED.,.F.,.F.,(3,3),(49.0,50.0),.UNSPECIFIED.);
#8777=VERTEX_POINT('',#12805);
#8778=B_SPLINE_CURVE_WITH_KNOTS('',1,(#12806,#12807),.UNSPECIFIED.,.F.,.F.,(2,2),(0.0,0.1),.UNSPECIFIED.);
#8779=VERTEX_POINT('',#12808);
#8780=B_SPLINE_CURVE_WITH_KNOTS('',2,(#12809,#12810,#12811,#12812,#12813,#12814,#12815),.UNSPECIFIED.,.F.,.F.,(3,2,2,3),(11.6145194274029,12.6145194274029,13.6145194274029,14.6145194274029),.UNSPECIFIED.);
#8781=B_SPLINE_CURVE_WITH_KNOTS('',1,(#12816,#12817),.UNSPECIFIED.,.F.,.F.,(2,2),(0.0,0.1),.UNSPECIFIED.);
#8782=VERTEX_POINT('',#12818);
#8783=B_SPLINE_CURVE_WITH_KNOTS('',2,(#12819,#12820,#12821),.UNSPECIFIED.,.F.,.F.,(3,3),(14.6145194274029,15.6145194274029),.UNSPECIFIED.);
#8784=B_SPLINE_CURVE_WITH_KNOTS('',1,(#12822,#12823),.UNSPECIFIED.,.F.,.F.,(2,2),(0.0,0.1),.UNSPECIFIED.);
#8785=VERTEX_POINT('',#12824);
#8786=B_SPLINE_CURVE_WITH_KNOTS('',2,(#12825,#12826,#12827,#12828,#12829,#12830,#12831,#12832,#12833),.UNSPECIFIED.,.F.,.F.,(3,2,2,2,3),(15.6145194274029,16.6145194274029,17.6145194274029,18.6145194274029,19.6145194274029),.UNSPECIFIED.);
#8787=B_SPLINE_CURVE_WITH_KNOTS('',1,(#12834,#12835),.UNSPECIFIED.,.F.,.F.,(2,2),(0.0,0.1),.UNSPECIFIED.);
#8788=VERTEX_POINT('',#12836);
#8789=B_SPLINE_CURVE_WITH_KNOTS('',2,(#12837,#12838,#12839),.UNSPECIFIED.,.F.,.F.,(3,3),(19.6145194274029,20.5620313565099),.UNSPECIFIED.);
#8790=B_SPLINE_CURVE_WITH_KNOTS('',1,(#12840,#12841),.UNSPECIFIED.,.F.,.F.,(2,2),(0.0,0.1),.UNSPECIFIED.);
#8791=VERTEX_POINT('',#12842);
#8792=B_SPLINE_CURVE_WITH_KNOTS('',2,(#12843,#12844,#12845),.UNSPECIFIED.,.F.,.F.,(3,3),(20.5620313565099,20.8687798227676),.UNSPECIFIED.);
#8793=B_SPLINE_CURVE_WITH_KNOTS('',1,(#12846,#12847),.UNSPECIFIED.,.F.,.F.,(2,2),(0.0,0.1),.UNSPECIFIED.);
#8794=VERTEX_POINT('',#12848);
#8795=B_SPLINE_CURVE_WITH_KNOTS('',2,(#12849,#12850,#12851),.UNSPECIFIED.,.F.,.F.,(3,3),(20.8687798227676,22.6785957736878),.UNSPECIFIED.);
#8796=B_SPLINE_CURVE_WITH_KNOTS('',1,(#12852,#12853),.UNSPECIFIED.,.F.,.F.,(2,2),(0.0,0.1),.UNSPECIFIED.);
#8797=VERTEX_POINT('',#12854);
#8798=B_SPLINE_CURVE_WITH_KNOTS('',2,(#12855,#12856,#12857),.UNSPECIFIED.,.F.,.F.,(3,3),(22.6785957736878,22.9546693933197),.UNSPECIFIED.);
#8799=B_SPLINE_CURVE_WITH_KNOTS('',1,(#12858,#12859),.UNSPECIFIED.,.F.,.F.,(2,2),(0.0,0.1),.UNSPECIFIED.);
#8800=B_SPLINE_CURVE_WITH_KNOTS('',2,(#12860,#12861,#12862),.UNSPECIFIED.,.F.,.F.,(3,3),(22.9546693933197,23.2290388548057),.UNSPECIFIED.);
#8801=CARTESIAN_POINT('',(2.1,4.89858719658941E-17,-1.4));
#8802=CARTESIAN_POINT('',(2.9,0.0,-1.4));
#8804=CARTESIAN_POINT('',(2.1,4.89858719658941E-17,-1.4));
#8805=CARTESIAN_POINT('',(2.1,0.4,-1.4));
#8806=CARTESIAN_POINT('',(2.5,0.4,-1.4));
#8807=CARTESIAN_POINT('',(2.9,0.4,-1.4));
#8808=CARTESIAN_POINT('',(2.9,0.0,-1.4));
#8816=CARTESIAN_POINT('',(2.9,0.0,-1.4));
#8817=CARTESIAN_POINT('',(2.9,-0.4,-1.4));
#8818=CARTESIAN_POINT('',(2.5,-0.4,-1.4));
#8819=CARTESIAN_POINT('',(2.1,-0.4,-1.4));
#8820=CARTESIAN_POINT('',(2.1,4.89858719658941E-17,-1.4));
#8827=CARTESIAN_POINT('',(2.1,1.35766921010434E-16,-1.8));
#8828=CARTESIAN_POINT('',(2.1,4.89858719658941E-17,-1.4));
#8829=CARTESIAN_POINT('',(2.1,4.89858719658941E-17,-1.8));
#8830=CARTESIAN_POINT('',(2.9,-3.55855451815179E-18,-1.8));
#8832=CARTESIAN_POINT('',(2.9,-7.11710903630359E-18,-1.8));
#8833=CARTESIAN_POINT('',(2.9,-0.4,-1.8));
#8834=CARTESIAN_POINT('',(2.5,-0.4,-1.8));
#8835=CARTESIAN_POINT('',(2.1,-0.4,-1.8));
#8836=CARTESIAN_POINT('',(2.1,1.35766921010434E-16,-1.8));
#8843=CARTESIAN_POINT('',(2.9,0.0,-1.4));
#8844=CARTESIAN_POINT('',(2.9,-3.55855451815179E-18,-1.8));
#8845=CARTESIAN_POINT('',(2.8,-9.33509727609431E-18,-1.9));
#8846=CARTESIAN_POINT('',(2.2,9.41600801745524E-16,-1.9));
#8848=CARTESIAN_POINT('',(2.8,-5.34223820453991E-17,-1.9));
#8849=CARTESIAN_POINT('',(2.8,-0.300000000000001,-1.9));
#8850=CARTESIAN_POINT('',(2.5,-0.3,-1.9));
#8851=CARTESIAN_POINT('',(2.2,-0.3,-1.9));
#8852=CARTESIAN_POINT('',(2.2,9.41600801745524E-16,-1.9));
#8860=CARTESIAN_POINT('',(2.2,9.41600801745524E-16,-1.9));
#8861=CARTESIAN_POINT('',(2.2,0.300000000000002,-1.9));
#8862=CARTESIAN_POINT('',(2.5,0.300000000000001,-1.9));
#8863=CARTESIAN_POINT('',(2.8,0.300000000000001,-1.9));
#8864=CARTESIAN_POINT('',(2.8,-5.34223820453991E-17,-1.9));
#8871=CARTESIAN_POINT('',(2.1,8.95295528736429E-16,-1.8));
#8872=CARTESIAN_POINT('',(2.2,9.41600801745524E-16,-1.9));
#8873=CARTESIAN_POINT('',(2.9,-3.55855451815179E-18,-1.8));
#8874=CARTESIAN_POINT('',(2.8,-9.33509727609431E-18,-1.9));
#8876=CARTESIAN_POINT('',(2.1,1.35766921010434E-16,-1.8));
#8877=CARTESIAN_POINT('',(2.1,0.400000000000001,-1.8));
#8878=CARTESIAN_POINT('',(2.5,0.400000000000001,-1.8));
#8879=CARTESIAN_POINT('',(2.9,0.400000000000001,-1.8));
#8880=CARTESIAN_POINT('',(2.9,-7.11710903630359E-18,-1.8));
#8887=CARTESIAN_POINT('',(-2.9,0.0,-1.4));
#8888=CARTESIAN_POINT('',(-2.1,4.89858719658941E-17,-1.4));
#8890=CARTESIAN_POINT('',(-2.9,0.0,-1.4));
#8891=CARTESIAN_POINT('',(-2.9,-0.4,-1.4));
#8892=CARTESIAN_POINT('',(-2.5,-0.4,-1.4));
#8893=CARTESIAN_POINT('',(-2.1,-0.4,-1.4));
#8894=CARTESIAN_POINT('',(-2.1,4.89858719658941E-17,-1.4));
#8902=CARTESIAN_POINT('',(-2.1,4.89858719658941E-17,-1.4));
#8903=CARTESIAN_POINT('',(-2.1,0.4,-1.4));
#8904=CARTESIAN_POINT('',(-2.5,0.4,-1.4));
#8905=CARTESIAN_POINT('',(-2.9,0.4,-1.4));
#8906=CARTESIAN_POINT('',(-2.9,0.0,-1.4));
#8913=CARTESIAN_POINT('',(-2.9,-3.55855451815179E-18,-1.8));
#8914=CARTESIAN_POINT('',(-2.9,0.0,-1.4));
#8915=CARTESIAN_POINT('',(-2.9,-3.55855451815179E-18,-1.8));
#8916=CARTESIAN_POINT('',(-2.1,1.35766921010434E-16,-1.8));
#8918=CARTESIAN_POINT('',(-2.9,-7.11710903630359E-18,-1.8));
#8919=CARTESIAN_POINT('',(-2.9,-0.4,-1.8));
#8920=CARTESIAN_POINT('',(-2.5,-0.4,-1.8));
#8921=CARTESIAN_POINT('',(-2.1,-0.4,-1.8));
#8922=CARTESIAN_POINT('',(-2.1,1.35766921010434E-16,-1.8));
#8929=CARTESIAN_POINT('',(-2.1,4.89858719658941E-17,-1.4));
#8930=CARTESIAN_POINT('',(-2.1,4.89858719658941E-17,-1.8));
#8931=CARTESIAN_POINT('',(-2.2,9.41600801745524E-16,-1.9));
#8932=CARTESIAN_POINT('',(-2.8,-9.33509727609431E-18,-1.9));
#8934=CARTESIAN_POINT('',(-2.2,9.41600801745524E-16,-1.9));
#8935=CARTESIAN_POINT('',(-2.2,0.300000000000002,-1.9));
#8936=CARTESIAN_POINT('',(-2.5,0.300000000000001,-1.9));
#8937=CARTESIAN_POINT('',(-2.8,0.300000000000001,-1.9));
#8938=CARTESIAN_POINT('',(-2.8,-5.34223820453991E-17,-1.9));
#8946=CARTESIAN_POINT('',(-2.8,-5.34223820453991E-17,-1.9));
#8947=CARTESIAN_POINT('',(-2.8,-0.300000000000001,-1.9));
#8948=CARTESIAN_POINT('',(-2.5,-0.3,-1.9));
#8949=CARTESIAN_POINT('',(-2.2,-0.3,-1.9));
#8950=CARTESIAN_POINT('',(-2.2,9.41600801745524E-16,-1.9));
#8957=CARTESIAN_POINT('',(-2.9,-3.55855451815179E-18,-1.8));
#8958=CARTESIAN_POINT('',(-2.8,-9.33509727609431E-18,-1.9));
#8959=CARTESIAN_POINT('',(-2.1,8.95295528736429E-16,-1.8));
#8960=CARTESIAN_POINT('',(-2.2,9.41600801745524E-16,-1.9));
#8962=CARTESIAN_POINT('',(-2.1,1.35766921010434E-16,-1.8));
#8963=CARTESIAN_POINT('',(-2.1,0.400000000000001,-1.8));
#8964=CARTESIAN_POINT('',(-2.5,0.400000000000001,-1.8));
#8965=CARTESIAN_POINT('',(-2.9,0.400000000000001,-1.8));
#8966=CARTESIAN_POINT('',(-2.9,-7.11710903630359E-18,-1.8));
#8973=CARTESIAN_POINT('',(-4.85,-0.85,-1.18));
#8974=CARTESIAN_POINT('',(-5.35,-0.85,-1.18));
#8975=CARTESIAN_POINT('',(-4.85,-0.85,-1.18));
#8976=CARTESIAN_POINT('',(-5.1,-0.85,-1.18));
#8977=CARTESIAN_POINT('',(-5.35,-0.85,-1.18));
#8978=CARTESIAN_POINT('',(-5.35,-1.35,-1.18));
#8979=CARTESIAN_POINT('',(-5.35,-1.35,-1.18));
#8980=CARTESIAN_POINT('',(-5.35,-0.85,-1.18));
#8981=CARTESIAN_POINT('',(-4.85,-1.35,-1.18));
#8982=CARTESIAN_POINT('',(-5.35,-1.35,-1.18));
#8983=CARTESIAN_POINT('',(-5.1,-1.35,-1.18));
#8984=CARTESIAN_POINT('',(-4.85,-1.35,-1.18));
#8985=CARTESIAN_POINT('',(-4.85,-1.35,-1.18));
#8986=CARTESIAN_POINT('',(-4.85,-0.85,-1.18));
#8987=CARTESIAN_POINT('',(4.85,0.660327379008893,-0.306604747365963));
#8988=CARTESIAN_POINT('',(4.85,0.742606210868533,-0.2));
#8989=CARTESIAN_POINT('',(4.85,0.660327379008893,-0.306604747365963));
#8990=CARTESIAN_POINT('',(4.85,0.701466794938713,-0.253302373682981));
#8991=CARTESIAN_POINT('',(4.85,0.742606210868533,-0.2));
#8992=CARTESIAN_POINT('',(4.85,-0.742606210868533,-0.2));
#8993=CARTESIAN_POINT('',(4.85,0.742606210868533,-0.2));
#8994=CARTESIAN_POINT('',(4.85,-0.742606210868533,-0.2));
#8995=CARTESIAN_POINT('',(4.85,-0.660327379008892,-0.306604747365963));
#8996=CARTESIAN_POINT('',(4.85,-0.742606210868533,-0.2));
#8997=CARTESIAN_POINT('',(4.85,-0.701466794938713,-0.253302373682981));
#8998=CARTESIAN_POINT('',(4.85,-0.660327379008892,-0.306604747365963));
#8999=CARTESIAN_POINT('',(4.85,-0.779072689749563,-0.548253812702722));
#9001=CARTESIAN_POINT('',(4.85,-0.660327379008892,-0.306604747365963));
#9002=CARTESIAN_POINT('',(4.85,-0.603246791405288,-0.380561334782807));
#9003=CARTESIAN_POINT('',(4.85,-0.644448472387839,-0.464407573742764));
#9004=CARTESIAN_POINT('',(4.85,-0.685650153370389,-0.548253812702721));
#9005=CARTESIAN_POINT('',(4.85,-0.779072689749563,-0.548253812702722));
#9012=CARTESIAN_POINT('',(4.85,-1.35,-0.548253812702721));
#9013=CARTESIAN_POINT('',(4.85,-0.779072689749563,-0.548253812702722));
#9014=CARTESIAN_POINT('',(4.85,-1.06453634487478,-0.548253812702721));
#9015=CARTESIAN_POINT('',(4.85,-1.35,-0.548253812702721));
#9016=CARTESIAN_POINT('',(4.85,-1.35,-1.18));
#9017=CARTESIAN_POINT('',(4.85,-1.35,-0.548253812702721));
#9018=CARTESIAN_POINT('',(4.85,-1.35,-0.86412690635136));
#9019=CARTESIAN_POINT('',(4.85,-1.35,-1.18));
#9020=CARTESIAN_POINT('',(4.85,-0.85,-1.18));
#9021=CARTESIAN_POINT('',(4.85,-1.35,-1.18));
#9022=CARTESIAN_POINT('',(4.85,-0.85,-1.18));
#9023=CARTESIAN_POINT('',(4.85,-0.85,-1.15));
#9024=CARTESIAN_POINT('',(4.85,-0.85,-1.18));
#9025=CARTESIAN_POINT('',(4.85,-0.85,-1.15));
#9026=CARTESIAN_POINT('',(4.85,0.85,-1.15));
#9027=CARTESIAN_POINT('',(4.85,-0.85,-1.15));
#9028=CARTESIAN_POINT('',(4.85,0.85,-1.15));
#9029=CARTESIAN_POINT('',(4.85,0.85,-1.18));
#9030=CARTESIAN_POINT('',(4.85,0.85,-1.15));
#9031=CARTESIAN_POINT('',(4.85,0.85,-1.18));
#9032=CARTESIAN_POINT('',(4.85,1.35,-1.18));
#9033=CARTESIAN_POINT('',(4.85,0.85,-1.18));
#9034=CARTESIAN_POINT('',(4.85,1.35,-1.18));
#9035=CARTESIAN_POINT('',(4.85,1.35,-0.548253812702721));
#9036=CARTESIAN_POINT('',(4.85,1.35,-0.548253812702721));
#9037=CARTESIAN_POINT('',(4.85,1.35,-0.86412690635136));
#9038=CARTESIAN_POINT('',(4.85,1.35,-1.18));
#9039=CARTESIAN_POINT('',(4.85,0.779072689749564,-0.548253812702721));
#9040=CARTESIAN_POINT('',(4.85,1.35,-0.548253812702721));
#9041=CARTESIAN_POINT('',(4.85,1.06453634487478,-0.548253812702721));
#9042=CARTESIAN_POINT('',(4.85,0.779072689749564,-0.548253812702721));
#9044=CARTESIAN_POINT('',(4.85,0.779072689749564,-0.548253812702721));
#9045=CARTESIAN_POINT('',(4.85,0.68565015337039,-0.548253812702721));
#9046=CARTESIAN_POINT('',(4.85,0.644448472387839,-0.464407573742764));
#9047=CARTESIAN_POINT('',(4.85,0.603246791405288,-0.380561334782807));
#9048=CARTESIAN_POINT('',(4.85,0.660327379008893,-0.306604747365963));
#9055=CARTESIAN_POINT('',(5.35,0.85,-1.18));
#9056=CARTESIAN_POINT('',(4.85,0.85,-1.18));
#9057=CARTESIAN_POINT('',(5.35,0.85,-1.18));
#9058=CARTESIAN_POINT('',(5.35,1.35,-1.18));
#9059=CARTESIAN_POINT('',(5.35,0.85,-1.18));
#9060=CARTESIAN_POINT('',(5.35,1.35,-1.18));
#9061=CARTESIAN_POINT('',(4.85,1.35,-1.18));
#9062=CARTESIAN_POINT('',(5.1,1.35,-1.18));
#9063=CARTESIAN_POINT('',(5.35,1.35,-1.18));
#9064=CARTESIAN_POINT('',(-5.35,0.85,-1.18));
#9065=CARTESIAN_POINT('',(-4.85,0.85,-1.18));
#9066=CARTESIAN_POINT('',(-5.35,0.85,-1.18));
#9067=CARTESIAN_POINT('',(-4.85,0.85,-1.18));
#9068=CARTESIAN_POINT('',(-4.85,1.35,-1.18));
#9069=CARTESIAN_POINT('',(-4.85,0.85,-1.18));
#9070=CARTESIAN_POINT('',(-4.85,1.35,-1.18));
#9071=CARTESIAN_POINT('',(-5.35,1.35,-1.18));
#9072=CARTESIAN_POINT('',(-5.35,1.35,-1.18));
#9073=CARTESIAN_POINT('',(-5.1,1.35,-1.18));
#9074=CARTESIAN_POINT('',(-4.85,1.35,-1.18));
#9075=CARTESIAN_POINT('',(-5.35,0.85,-1.18));
#9076=CARTESIAN_POINT('',(-5.35,1.35,-1.18));
#9077=CARTESIAN_POINT('',(5.35,-0.85,-1.18));
#9078=CARTESIAN_POINT('',(5.35,-0.85,-1.18));
#9079=CARTESIAN_POINT('',(4.85,-0.85,-1.18));
#9080=CARTESIAN_POINT('',(5.35,-1.35,-1.18));
#9081=CARTESIAN_POINT('',(4.85,-1.35,-1.18));
#9082=CARTESIAN_POINT('',(5.1,-1.35,-1.18));
#9083=CARTESIAN_POINT('',(5.35,-1.35,-1.18));
#9084=CARTESIAN_POINT('',(5.35,-1.35,-1.18));
#9085=CARTESIAN_POINT('',(5.35,-0.85,-1.18));
#9086=CARTESIAN_POINT('',(-4.85,-0.660327379008892,-0.306604747365963));
#9087=CARTESIAN_POINT('',(-4.85,-0.742606210868533,-0.2));
#9088=CARTESIAN_POINT('',(-4.85,-0.660327379008892,-0.306604747365963));
#9089=CARTESIAN_POINT('',(-4.85,-0.701466794938713,-0.253302373682981));
#9090=CARTESIAN_POINT('',(-4.85,-0.742606210868533,-0.2));
#9091=CARTESIAN_POINT('',(-4.85,0.742606210868533,-0.2));
#9092=CARTESIAN_POINT('',(-4.85,0.742606210868533,-0.2));
#9093=CARTESIAN_POINT('',(-4.85,-0.742606210868533,-0.2));
#9094=CARTESIAN_POINT('',(-4.85,0.660327379008893,-0.306604747365963));
#9095=CARTESIAN_POINT('',(-4.85,0.742606210868533,-0.2));
#9096=CARTESIAN_POINT('',(-4.85,0.701466794938713,-0.253302373682981));
#9097=CARTESIAN_POINT('',(-4.85,0.660327379008893,-0.306604747365963));
#9098=CARTESIAN_POINT('',(-4.85,0.779072689749564,-0.548253812702721));
#9100=CARTESIAN_POINT('',(-4.85,0.660327379008893,-0.306604747365963));
#9101=CARTESIAN_POINT('',(-4.85,0.603246791405288,-0.380561334782807));
#9102=CARTESIAN_POINT('',(-4.85,0.644448472387839,-0.464407573742764));
#9103=CARTESIAN_POINT('',(-4.85,0.68565015337039,-0.548253812702721));
#9104=CARTESIAN_POINT('',(-4.85,0.779072689749564,-0.548253812702721));
#9111=CARTESIAN_POINT('',(-4.85,1.35,-0.548253812702721));
#9112=CARTESIAN_POINT('',(-4.85,0.779072689749564,-0.548253812702721));
#9113=CARTESIAN_POINT('',(-4.85,1.06453634487478,-0.548253812702721));
#9114=CARTESIAN_POINT('',(-4.85,1.35,-0.548253812702721));
#9115=CARTESIAN_POINT('',(-4.85,1.35,-1.18));
#9116=CARTESIAN_POINT('',(-4.85,1.35,-0.86412690635136));
#9117=CARTESIAN_POINT('',(-4.85,1.35,-0.548253812702721));
#9118=CARTESIAN_POINT('',(-4.85,0.85,-1.15));
#9119=CARTESIAN_POINT('',(-4.85,0.85,-1.18));
#9120=CARTESIAN_POINT('',(-4.85,0.85,-1.15));
#9121=CARTESIAN_POINT('',(-4.85,-0.85,-1.15));
#9122=CARTESIAN_POINT('',(-4.85,0.85,-1.15));
#9123=CARTESIAN_POINT('',(-4.85,-0.85,-1.15));
#9124=CARTESIAN_POINT('',(-4.85,-0.85,-1.15));
#9125=CARTESIAN_POINT('',(-4.85,-0.85,-1.165));
#9126=CARTESIAN_POINT('',(-4.85,-0.85,-1.18));
#9127=CARTESIAN_POINT('',(-4.85,-1.35,-0.548253812702721));
#9128=CARTESIAN_POINT('',(-4.85,-1.35,-1.18));
#9129=CARTESIAN_POINT('',(-4.85,-1.35,-0.86412690635136));
#9130=CARTESIAN_POINT('',(-4.85,-1.35,-0.548253812702721));
#9131=CARTESIAN_POINT('',(-4.85,-0.779072689749563,-0.548253812702721));
#9132=CARTESIAN_POINT('',(-4.85,-1.35,-0.548253812702721));
#9133=CARTESIAN_POINT('',(-4.85,-1.06453634487478,-0.548253812702721));
#9134=CARTESIAN_POINT('',(-4.85,-0.779072689749563,-0.548253812702721));
#9136=CARTESIAN_POINT('',(-4.85,-0.779072689749563,-0.548253812702721));
#9137=CARTESIAN_POINT('',(-4.85,-0.685650153370389,-0.548253812702721));
#9138=CARTESIAN_POINT('',(-4.85,-0.644448472387839,-0.464407573742764));
#9139=CARTESIAN_POINT('',(-4.85,-0.603246791405288,-0.380561334782807));
#9140=CARTESIAN_POINT('',(-4.85,-0.660327379008892,-0.306604747365963));
#9147=CARTESIAN_POINT('',(-4.45,-0.751101887516054,1.77635683940025E-15));
#9148=CARTESIAN_POINT('',(-4.45,-1.35,0.0));
#9149=CARTESIAN_POINT('',(-4.45,-0.751101887516054,1.77635683940025E-15));
#9150=CARTESIAN_POINT('',(-4.45,-1.05055094375803,9.0061140576955E-16));
#9151=CARTESIAN_POINT('',(-4.45,-1.35,0.0));
#9152=CARTESIAN_POINT('',(4.45,-1.35,0.0));
#9153=CARTESIAN_POINT('',(-4.45,-1.35,0.0));
#9154=CARTESIAN_POINT('',(-9.71445146547012E-16,-1.35,0.0));
#9155=CARTESIAN_POINT('',(4.45,-1.35,0.0));
#9156=CARTESIAN_POINT('',(4.45,-0.751101887516054,1.77635683940025E-15));
#9157=CARTESIAN_POINT('',(4.45,-1.35,0.0));
#9158=CARTESIAN_POINT('',(4.45,-1.05055094375803,9.0061140576955E-16));
#9159=CARTESIAN_POINT('',(4.45,-0.751101887516054,1.77635683940025E-15));
#9160=CARTESIAN_POINT('',(4.65,-0.751101887516053,0.0));
#9161=CARTESIAN_POINT('',(4.65,-0.751101887516053,0.0));
#9162=CARTESIAN_POINT('',(4.45,-0.751101887516054,1.77635683940025E-15));
#9163=CARTESIAN_POINT('',(4.65,0.751101887516054,1.80411241501588E-15));
#9164=CARTESIAN_POINT('',(4.65,0.751101887516054,1.80411241501588E-15));
#9165=CARTESIAN_POINT('',(4.65,-0.751101887516053,0.0));
#9166=CARTESIAN_POINT('',(4.45,0.751101887516054,1.83186799063151E-15));
#9167=CARTESIAN_POINT('',(4.65,0.751101887516054,1.80411241501588E-15));
#9168=CARTESIAN_POINT('',(4.45,0.751101887516054,1.83186799063151E-15));
#9169=CARTESIAN_POINT('',(4.45,1.35,0.0));
#9170=CARTESIAN_POINT('',(4.45,0.751101887516054,1.83186799063151E-15));
#9171=CARTESIAN_POINT('',(4.45,1.05055094375803,9.28366981385179E-16));
#9172=CARTESIAN_POINT('',(4.45,1.35,0.0));
#9173=CARTESIAN_POINT('',(-4.45,1.35,0.0));
#9174=CARTESIAN_POINT('',(-4.45,1.35,0.0));
#9175=CARTESIAN_POINT('',(-9.71445146547012E-16,1.35,0.0));
#9176=CARTESIAN_POINT('',(4.45,1.35,0.0));
#9177=CARTESIAN_POINT('',(-4.45,0.751101887516054,1.83186799063151E-15));
#9178=CARTESIAN_POINT('',(-4.45,1.35,0.0));
#9179=CARTESIAN_POINT('',(-4.45,1.05055094375803,9.28366981385179E-16));
#9180=CARTESIAN_POINT('',(-4.45,0.751101887516054,1.83186799063151E-15));
#9181=CARTESIAN_POINT('',(-4.65,0.751101887516054,0.0));
#9182=CARTESIAN_POINT('',(-4.65,0.751101887516054,0.0));
#9183=CARTESIAN_POINT('',(-4.45,0.751101887516054,1.83186799063151E-15));
#9184=CARTESIAN_POINT('',(-4.65,-0.751101887516054,1.80411241501588E-15));
#9185=CARTESIAN_POINT('',(-4.65,0.751101887516054,0.0));
#9186=CARTESIAN_POINT('',(-4.65,-0.751101887516054,1.80411241501588E-15));
#9187=CARTESIAN_POINT('',(-4.65,-0.751101887516054,1.80411241501588E-15));
#9188=CARTESIAN_POINT('',(-4.45,-0.751101887516054,1.77635683940025E-15));
#9189=CARTESIAN_POINT('',(-4.84969686082269,-0.751101887516056,-0.188992558082775));
#9190=CARTESIAN_POINT('',(-4.85,-0.742606210868533,-0.2));
#9191=CARTESIAN_POINT('',(-4.85,-0.745438911786018,-0.196329804898214));
#9192=CARTESIAN_POINT('',(-4.84989897248048,-0.748271878809111,-0.19265926501612));
#9193=CARTESIAN_POINT('',(-4.84969686082269,-0.751101887516056,-0.188992558082775));
#9195=CARTESIAN_POINT('',(-4.84969686082269,-0.751101887516056,-0.188992558082775));
#9196=CARTESIAN_POINT('',(-4.83927944816376,-0.75110188751602,4.71844785465688E-16));
#9197=CARTESIAN_POINT('',(-4.65,-0.751101887516054,1.80411241501588E-15));
#9204=CARTESIAN_POINT('',(-4.84969686082269,0.751101887516056,-0.188992558082775));
#9206=CARTESIAN_POINT('',(-4.65,0.751101887516054,0.0));
#9207=CARTESIAN_POINT('',(-4.83927944816376,0.751101887516089,-5.13478148889138E-16));
#9208=CARTESIAN_POINT('',(-4.84969686082269,0.751101887516056,-0.188992558082775));
#9215=CARTESIAN_POINT('',(-4.84969686082269,0.751101887516056,-0.188992558082775));
#9216=CARTESIAN_POINT('',(-4.84989897248048,0.74827187880916,-0.192659265016057));
#9217=CARTESIAN_POINT('',(-4.85,0.745438911785967,-0.196329804898281));
#9218=CARTESIAN_POINT('',(-4.85,0.742606210868533,-0.2));
#9219=CARTESIAN_POINT('',(4.8496968608227,0.751101887516056,-0.188992558082775));
#9220=CARTESIAN_POINT('',(4.85,0.742606210868533,-0.2));
#9221=CARTESIAN_POINT('',(4.85,0.745438911785984,-0.196329804898259));
#9222=CARTESIAN_POINT('',(4.84989897248048,0.748271878809144,-0.192659265016079));
#9223=CARTESIAN_POINT('',(4.8496968608227,0.751101887516056,-0.188992558082775));
#9225=CARTESIAN_POINT('',(4.8496968608227,0.751101887516056,-0.188992558082775));
#9226=CARTESIAN_POINT('',(4.83927944816376,0.751101887516055,2.2204460492503E-16));
#9227=CARTESIAN_POINT('',(4.65,0.751101887516054,1.80411241501588E-15));
#9234=CARTESIAN_POINT('',(4.8496968608227,-0.751101887516056,-0.188992558082775));
#9236=CARTESIAN_POINT('',(4.65,-0.751101887516053,0.0));
#9237=CARTESIAN_POINT('',(4.83927944816376,-0.751101887516053,-4.61563518794585E-15));
#9238=CARTESIAN_POINT('',(4.8496968608227,-0.751101887516056,-0.188992558082775));
#9245=CARTESIAN_POINT('',(4.8496968608227,-0.751101887516056,-0.188992558082775));
#9246=CARTESIAN_POINT('',(4.84989897248048,-0.748271878809143,-0.19265926501608));
#9247=CARTESIAN_POINT('',(4.85,-0.745438911785985,-0.196329804898259));
#9248=CARTESIAN_POINT('',(4.85,-0.742606210868533,-0.2));
#9249=CARTESIAN_POINT('',(-4.85,-1.35,-1.38));
#9250=CARTESIAN_POINT('',(-4.85,-0.85,-1.38));
#9251=CARTESIAN_POINT('',(-4.85,-1.35,-1.38));
#9252=CARTESIAN_POINT('',(-4.85,-0.85,-1.38));
#9253=CARTESIAN_POINT('',(-5.35,-1.35,-1.38));
#9254=CARTESIAN_POINT('',(-5.35,-1.35,-1.38));
#9255=CARTESIAN_POINT('',(-5.1,-1.35,-1.38));
#9256=CARTESIAN_POINT('',(-4.85,-1.35,-1.38));
#9257=CARTESIAN_POINT('',(-5.35,-0.85,-1.38));
#9258=CARTESIAN_POINT('',(-5.35,-1.35,-1.38));
#9259=CARTESIAN_POINT('',(-5.35,-0.85,-1.38));
#9260=CARTESIAN_POINT('',(-4.85,-0.85,-1.38));
#9261=CARTESIAN_POINT('',(-5.1,-0.85,-1.38));
#9262=CARTESIAN_POINT('',(-5.35,-0.85,-1.38));
#9263=CARTESIAN_POINT('',(4.65,0.779072689749564,-0.548253812702722));
#9264=CARTESIAN_POINT('',(4.65,0.660327379008893,-0.306604747365962));
#9266=CARTESIAN_POINT('',(4.65,0.779072689749564,-0.548253812702722));
#9267=CARTESIAN_POINT('',(4.65,0.685650153370389,-0.548253812702722));
#9268=CARTESIAN_POINT('',(4.65,0.644448472387839,-0.464407573742764));
#9269=CARTESIAN_POINT('',(4.65,0.603246791405288,-0.380561334782806));
#9270=CARTESIAN_POINT('',(4.65,0.660327379008893,-0.306604747365962));
#9277=CARTESIAN_POINT('',(4.65,1.35,-0.54825381270272));
#9278=CARTESIAN_POINT('',(4.65,1.35,-0.54825381270272));
#9279=CARTESIAN_POINT('',(4.65,1.06453634487478,-0.548253812702721));
#9280=CARTESIAN_POINT('',(4.65,0.779072689749564,-0.548253812702722));
#9281=CARTESIAN_POINT('',(4.65,1.35,-1.18));
#9282=CARTESIAN_POINT('',(4.65,1.35,-0.54825381270272));
#9283=CARTESIAN_POINT('',(4.65,1.35,-0.86412690635136));
#9284=CARTESIAN_POINT('',(4.65,1.35,-1.18));
#9285=CARTESIAN_POINT('',(4.65,0.85,-1.18));
#9286=CARTESIAN_POINT('',(4.65,0.85,-1.18));
#9287=CARTESIAN_POINT('',(4.65,1.35,-1.18));
#9288=CARTESIAN_POINT('',(4.65,0.85,-1.15));
#9289=CARTESIAN_POINT('',(4.65,0.85,-1.15));
#9290=CARTESIAN_POINT('',(4.65,0.85,-1.18));
#9291=CARTESIAN_POINT('',(4.65,-0.85,-1.15));
#9292=CARTESIAN_POINT('',(4.65,-0.85,-1.15));
#9293=CARTESIAN_POINT('',(4.65,0.85,-1.15));
#9294=CARTESIAN_POINT('',(4.65,-0.85,-1.18));
#9295=CARTESIAN_POINT('',(4.65,-0.85,-1.18));
#9296=CARTESIAN_POINT('',(4.65,-0.85,-1.15));
#9297=CARTESIAN_POINT('',(4.65,-1.35,-1.18));
#9298=CARTESIAN_POINT('',(4.65,-1.35,-1.18));
#9299=CARTESIAN_POINT('',(4.65,-0.85,-1.18));
#9300=CARTESIAN_POINT('',(4.65,-1.35,-0.548253812702719));
#9301=CARTESIAN_POINT('',(4.65,-1.35,-0.548253812702719));
#9302=CARTESIAN_POINT('',(4.65,-1.35,-0.864126906351359));
#9303=CARTESIAN_POINT('',(4.65,-1.35,-1.18));
#9304=CARTESIAN_POINT('',(4.65,-0.779072689749563,-0.548253812702722));
#9305=CARTESIAN_POINT('',(4.65,-0.779072689749563,-0.548253812702722));
#9306=CARTESIAN_POINT('',(4.65,-1.06453634487478,-0.548253812702721));
#9307=CARTESIAN_POINT('',(4.65,-1.35,-0.548253812702719));
#9308=CARTESIAN_POINT('',(4.65,-0.660327379008893,-0.306604747365963));
#9310=CARTESIAN_POINT('',(4.65,-0.660327379008893,-0.306604747365963));
#9311=CARTESIAN_POINT('',(4.65,-0.603246791405289,-0.380561334782808));
#9312=CARTESIAN_POINT('',(4.65,-0.644448472387839,-0.464407573742765));
#9313=CARTESIAN_POINT('',(4.65,-0.68565015337039,-0.548253812702722));
#9314=CARTESIAN_POINT('',(4.65,-0.779072689749563,-0.548253812702722));
#9321=CARTESIAN_POINT('',(4.65,-0.742606210868533,-0.2));
#9322=CARTESIAN_POINT('',(4.65,-0.742606210868533,-0.2));
#9323=CARTESIAN_POINT('',(4.65,-0.701466794938714,-0.25330237368298));
#9324=CARTESIAN_POINT('',(4.65,-0.660327379008893,-0.306604747365963));
#9325=CARTESIAN_POINT('',(4.65,0.742606210868533,-0.2));
#9326=CARTESIAN_POINT('',(4.65,0.742606210868533,-0.2));
#9327=CARTESIAN_POINT('',(4.65,0.247535403622845,-0.2));
#9328=CARTESIAN_POINT('',(4.65,-0.247535403622844,-0.200000000000001));
#9329=CARTESIAN_POINT('',(4.65,-0.742606210868533,-0.2));
#9330=CARTESIAN_POINT('',(4.65,0.660327379008893,-0.306604747365962));
#9331=CARTESIAN_POINT('',(4.65,0.701466794938714,-0.25330237368298));
#9332=CARTESIAN_POINT('',(4.65,0.742606210868533,-0.2));
#9333=CARTESIAN_POINT('',(4.85,0.85,-1.38));
#9334=CARTESIAN_POINT('',(4.85,1.35,-1.38));
#9335=CARTESIAN_POINT('',(4.85,0.85,-1.38));
#9336=CARTESIAN_POINT('',(4.85,1.35,-1.38));
#9337=CARTESIAN_POINT('',(5.35,1.35,-1.38));
#9338=CARTESIAN_POINT('',(4.85,1.35,-1.38));
#9339=CARTESIAN_POINT('',(5.1,1.35,-1.38));
#9340=CARTESIAN_POINT('',(5.35,1.35,-1.38));
#9341=CARTESIAN_POINT('',(5.35,0.85,-1.38));
#9342=CARTESIAN_POINT('',(5.35,0.85,-1.38));
#9343=CARTESIAN_POINT('',(5.35,1.35,-1.38));
#9344=CARTESIAN_POINT('',(4.85,0.85,-1.38));
#9345=CARTESIAN_POINT('',(5.35,0.85,-1.38));
#9346=CARTESIAN_POINT('',(-5.35,0.85,-1.38));
#9347=CARTESIAN_POINT('',(-5.35,1.35,-1.38));
#9348=CARTESIAN_POINT('',(-5.35,0.85,-1.38));
#9349=CARTESIAN_POINT('',(-5.35,1.35,-1.38));
#9350=CARTESIAN_POINT('',(-4.85,1.35,-1.38));
#9351=CARTESIAN_POINT('',(-5.35,1.35,-1.38));
#9352=CARTESIAN_POINT('',(-5.1,1.35,-1.38));
#9353=CARTESIAN_POINT('',(-4.85,1.35,-1.38));
#9354=CARTESIAN_POINT('',(-4.85,0.85,-1.38));
#9355=CARTESIAN_POINT('',(-4.85,0.85,-1.38));
#9356=CARTESIAN_POINT('',(-4.85,1.35,-1.38));
#9357=CARTESIAN_POINT('',(-5.35,0.85,-1.38));
#9358=CARTESIAN_POINT('',(-4.85,0.85,-1.38));
#9359=CARTESIAN_POINT('',(5.35,-1.35,-1.38));
#9360=CARTESIAN_POINT('',(5.35,-0.85,-1.38));
#9361=CARTESIAN_POINT('',(5.35,-1.35,-1.38));
#9362=CARTESIAN_POINT('',(5.35,-0.85,-1.38));
#9363=CARTESIAN_POINT('',(4.85,-1.35,-1.38));
#9364=CARTESIAN_POINT('',(4.85,-1.35,-1.38));
#9365=CARTESIAN_POINT('',(5.1,-1.35,-1.38));
#9366=CARTESIAN_POINT('',(5.35,-1.35,-1.38));
#9367=CARTESIAN_POINT('',(4.85,-0.85,-1.38));
#9368=CARTESIAN_POINT('',(4.85,-1.35,-1.38));
#9369=CARTESIAN_POINT('',(4.85,-0.85,-1.38));
#9370=CARTESIAN_POINT('',(5.35,-0.85,-1.38));
#9371=CARTESIAN_POINT('',(4.85,-0.85,-1.38));
#9372=CARTESIAN_POINT('',(-4.65,-0.779072689749563,-0.548253812702721));
#9373=CARTESIAN_POINT('',(-4.65,-0.660327379008892,-0.306604747365962));
#9375=CARTESIAN_POINT('',(-4.65,-0.779072689749563,-0.548253812702721));
#9376=CARTESIAN_POINT('',(-4.65,-0.685650153370389,-0.548253812702721));
#9377=CARTESIAN_POINT('',(-4.65,-0.644448472387839,-0.464407573742764));
#9378=CARTESIAN_POINT('',(-4.65,-0.603246791405288,-0.380561334782807));
#9379=CARTESIAN_POINT('',(-4.65,-0.660327379008892,-0.306604747365962));
#9386=CARTESIAN_POINT('',(-4.65,-1.35,-0.548253812702721));
#9387=CARTESIAN_POINT('',(-4.65,-1.35,-0.548253812702721));
#9388=CARTESIAN_POINT('',(-4.65,-1.06453634487478,-0.548253812702721));
#9389=CARTESIAN_POINT('',(-4.65,-0.779072689749563,-0.548253812702721));
#9390=CARTESIAN_POINT('',(-4.65,-1.35,-1.18));
#9391=CARTESIAN_POINT('',(-4.65,-1.35,-1.18));
#9392=CARTESIAN_POINT('',(-4.65,-1.35,-0.86412690635136));
#9393=CARTESIAN_POINT('',(-4.65,-1.35,-0.548253812702721));
#9394=CARTESIAN_POINT('',(-4.65,-0.85,-1.18));
#9395=CARTESIAN_POINT('',(-4.65,-1.35,-1.18));
#9396=CARTESIAN_POINT('',(-4.65,-0.85,-1.18));
#9397=CARTESIAN_POINT('',(-4.65,-0.85,-1.15));
#9398=CARTESIAN_POINT('',(-4.65,-0.85,-1.15));
#9399=CARTESIAN_POINT('',(-4.65,-0.85,-1.165));
#9400=CARTESIAN_POINT('',(-4.65,-0.85,-1.18));
#9401=CARTESIAN_POINT('',(-4.65,0.85,-1.15));
#9402=CARTESIAN_POINT('',(-4.65,0.85,-1.15));
#9403=CARTESIAN_POINT('',(-4.65,-0.85,-1.15));
#9404=CARTESIAN_POINT('',(-4.65,0.85,-1.18));
#9405=CARTESIAN_POINT('',(-4.65,0.85,-1.18));
#9406=CARTESIAN_POINT('',(-4.65,0.85,-1.15));
#9407=CARTESIAN_POINT('',(-4.65,1.35,-1.18));
#9408=CARTESIAN_POINT('',(-4.65,0.85,-1.18));
#9409=CARTESIAN_POINT('',(-4.65,1.35,-1.18));
#9410=CARTESIAN_POINT('',(-4.65,1.35,-0.548253812702721));
#9411=CARTESIAN_POINT('',(-4.65,1.35,-1.18));
#9412=CARTESIAN_POINT('',(-4.65,1.35,-0.86412690635136));
#9413=CARTESIAN_POINT('',(-4.65,1.35,-0.548253812702721));
#9414=CARTESIAN_POINT('',(-4.65,0.779072689749564,-0.548253812702721));
#9415=CARTESIAN_POINT('',(-4.65,0.779072689749564,-0.548253812702721));
#9416=CARTESIAN_POINT('',(-4.65,1.06453634487478,-0.548253812702721));
#9417=CARTESIAN_POINT('',(-4.65,1.35,-0.548253812702721));
#9418=CARTESIAN_POINT('',(-4.65,0.660327379008893,-0.306604747365963));
#9420=CARTESIAN_POINT('',(-4.65,0.660327379008893,-0.306604747365963));
#9421=CARTESIAN_POINT('',(-4.65,0.603246791405289,-0.380561334782808));
#9422=CARTESIAN_POINT('',(-4.65,0.644448472387839,-0.464407573742764));
#9423=CARTESIAN_POINT('',(-4.65,0.68565015337039,-0.548253812702721));
#9424=CARTESIAN_POINT('',(-4.65,0.779072689749564,-0.548253812702721));
#9431=CARTESIAN_POINT('',(-4.65,0.742606210868533,-0.199999999999999));
#9432=CARTESIAN_POINT('',(-4.65,0.742606210868533,-0.199999999999999));
#9433=CARTESIAN_POINT('',(-4.65,0.701466794938713,-0.253302373682981));
#9434=CARTESIAN_POINT('',(-4.65,0.660327379008893,-0.306604747365963));
#9435=CARTESIAN_POINT('',(-4.65,-0.742606210868533,-0.2));
#9436=CARTESIAN_POINT('',(-4.65,0.742606210868533,-0.199999999999999));
#9437=CARTESIAN_POINT('',(-4.65,0.247535403622844,-0.199999999999998));
#9438=CARTESIAN_POINT('',(-4.65,-0.247535403622845,-0.2));
#9439=CARTESIAN_POINT('',(-4.65,-0.742606210868533,-0.2));
#9440=CARTESIAN_POINT('',(-4.65,-0.660327379008892,-0.306604747365962));
#9441=CARTESIAN_POINT('',(-4.65,-0.701466794938713,-0.253302373682981));
#9442=CARTESIAN_POINT('',(-4.65,-0.742606210868533,-0.2));
#9443=CARTESIAN_POINT('',(-4.45,0.742606210868533,-0.2));
#9444=CARTESIAN_POINT('',(-4.45,0.742606210868533,-0.2));
#9445=CARTESIAN_POINT('',(-4.65,0.742606210868533,-0.199999999999999));
#9446=CARTESIAN_POINT('',(-4.45,1.35,-0.2));
#9447=CARTESIAN_POINT('',(-4.45,1.35,-0.2));
#9448=CARTESIAN_POINT('',(-4.45,0.742606210868533,-0.2));
#9449=CARTESIAN_POINT('',(4.45,1.35,-0.2));
#9450=CARTESIAN_POINT('',(-4.45,1.35,-0.2));
#9451=CARTESIAN_POINT('',(-6.5225602696728E-16,1.35,-0.2));
#9452=CARTESIAN_POINT('',(4.45,1.35,-0.2));
#9453=CARTESIAN_POINT('',(4.45,0.742606210868533,-0.2));
#9454=CARTESIAN_POINT('',(4.45,0.742606210868533,-0.2));
#9455=CARTESIAN_POINT('',(4.45,1.35,-0.2));
#9456=CARTESIAN_POINT('',(4.65,0.742606210868533,-0.2));
#9457=CARTESIAN_POINT('',(4.55,0.742606210868532,-0.2));
#9458=CARTESIAN_POINT('',(4.45,0.742606210868533,-0.2));
#9459=CARTESIAN_POINT('',(4.45,-0.742606210868532,-0.2));
#9460=CARTESIAN_POINT('',(4.45,-0.742606210868532,-0.2));
#9461=CARTESIAN_POINT('',(4.55,-0.742606210868532,-0.2));
#9462=CARTESIAN_POINT('',(4.65,-0.742606210868533,-0.2));
#9463=CARTESIAN_POINT('',(4.45,-1.35,-0.2));
#9464=CARTESIAN_POINT('',(4.45,-1.35,-0.2));
#9465=CARTESIAN_POINT('',(4.45,-0.742606210868532,-0.2));
#9466=CARTESIAN_POINT('',(-4.45,-1.35,-0.2));
#9467=CARTESIAN_POINT('',(-4.45,-1.35,-0.2));
#9468=CARTESIAN_POINT('',(-6.5225602696728E-16,-1.35,-0.2));
#9469=CARTESIAN_POINT('',(4.45,-1.35,-0.2));
#9470=CARTESIAN_POINT('',(-4.45,-0.742606210868533,-0.2));
#9471=CARTESIAN_POINT('',(-4.45,-0.742606210868533,-0.2));
#9472=CARTESIAN_POINT('',(-4.45,-1.35,-0.2));
#9473=CARTESIAN_POINT('',(-4.65,-0.742606210868533,-0.2));
#9474=CARTESIAN_POINT('',(-4.45,-0.742606210868533,-0.2));
#9476=CARTESIAN_POINT('',(-4.85,-0.85,-1.38));
#9477=CARTESIAN_POINT('',(-4.76715728752538,-0.85,-1.38));
#9478=CARTESIAN_POINT('',(-4.70857864376269,-0.85,-1.32142135623731));
#9479=CARTESIAN_POINT('',(-4.65,-0.85,-1.26284271247462));
#9480=CARTESIAN_POINT('',(-4.65,-0.85,-1.18));
#9488=CARTESIAN_POINT('',(-4.65,-1.35,-1.18));
#9489=CARTESIAN_POINT('',(-4.65,-1.35,-1.26284271247462));
#9490=CARTESIAN_POINT('',(-4.70857864376269,-1.35,-1.32142135623731));
#9491=CARTESIAN_POINT('',(-4.76715728752538,-1.35,-1.38));
#9492=CARTESIAN_POINT('',(-4.85,-1.35,-1.38));
#9500=CARTESIAN_POINT('',(4.65,-0.85,-1.18));
#9501=CARTESIAN_POINT('',(4.65,-0.85,-1.26284271247462));
#9502=CARTESIAN_POINT('',(4.70857864376269,-0.85,-1.32142135623731));
#9503=CARTESIAN_POINT('',(4.76715728752538,-0.85,-1.38));
#9504=CARTESIAN_POINT('',(4.85,-0.85,-1.38));
#9512=CARTESIAN_POINT('',(4.85,-1.35,-1.38));
#9513=CARTESIAN_POINT('',(4.76715728752538,-1.35,-1.38));
#9514=CARTESIAN_POINT('',(4.70857864376269,-1.35,-1.32142135623731));
#9515=CARTESIAN_POINT('',(4.65,-1.35,-1.26284271247462));
#9516=CARTESIAN_POINT('',(4.65,-1.35,-1.18));
#9524=CARTESIAN_POINT('',(4.65,1.35,-1.18));
#9525=CARTESIAN_POINT('',(4.65,1.35,-1.26284271247462));
#9526=CARTESIAN_POINT('',(4.70857864376269,1.35,-1.32142135623731));
#9527=CARTESIAN_POINT('',(4.76715728752538,1.35,-1.38));
#9528=CARTESIAN_POINT('',(4.85,1.35,-1.38));
#9536=CARTESIAN_POINT('',(4.85,0.85,-1.38));
#9537=CARTESIAN_POINT('',(4.76715728752538,0.85,-1.38));
#9538=CARTESIAN_POINT('',(4.70857864376269,0.85,-1.32142135623731));
#9539=CARTESIAN_POINT('',(4.65,0.85,-1.26284271247462));
#9540=CARTESIAN_POINT('',(4.65,0.85,-1.18));
#9548=CARTESIAN_POINT('',(-4.85,1.35,-1.38));
#9549=CARTESIAN_POINT('',(-4.76715728752538,1.35,-1.38));
#9550=CARTESIAN_POINT('',(-4.70857864376269,1.35,-1.32142135623731));
#9551=CARTESIAN_POINT('',(-4.65,1.35,-1.26284271247462));
#9552=CARTESIAN_POINT('',(-4.65,1.35,-1.18));
#9560=CARTESIAN_POINT('',(-4.65,0.85,-1.18));
#9561=CARTESIAN_POINT('',(-4.65,0.85,-1.26284271247462));
#9562=CARTESIAN_POINT('',(-4.70857864376269,0.85,-1.32142135623731));
#9563=CARTESIAN_POINT('',(-4.76715728752538,0.85,-1.38));
#9564=CARTESIAN_POINT('',(-4.85,0.85,-1.38));
#9571=CARTESIAN_POINT('',(-5.35,-1.35,-1.38));
#9572=CARTESIAN_POINT('',(-5.35,-1.35,-1.18));
#9573=CARTESIAN_POINT('',(-4.85,-1.35,-1.18));
#9574=CARTESIAN_POINT('',(-4.85,-1.35,-1.38));
#9575=CARTESIAN_POINT('',(-5.35,-0.85,-1.38));
#9576=CARTESIAN_POINT('',(-5.35,-0.85,-1.18));
#9577=CARTESIAN_POINT('',(-4.85,-0.85,-1.38));
#9578=CARTESIAN_POINT('',(-4.85,-0.85,-1.18));
#9579=CARTESIAN_POINT('',(-4.65,-0.85,-1.15));
#9580=CARTESIAN_POINT('',(-4.85,-0.85,-1.15));
#9581=CARTESIAN_POINT('',(-4.85,-0.85,-1.18));
#9582=CARTESIAN_POINT('',(-4.65,-0.85,-1.18));
#9583=CARTESIAN_POINT('',(-4.65,0.85,-1.15));
#9584=CARTESIAN_POINT('',(-4.85,0.85,-1.15));
#9585=CARTESIAN_POINT('',(-4.65,0.85,-1.18));
#9586=CARTESIAN_POINT('',(-4.85,0.85,-1.18));
#9587=CARTESIAN_POINT('',(-5.35,0.85,-1.38));
#9588=CARTESIAN_POINT('',(-5.35,0.85,-1.18));
#9589=CARTESIAN_POINT('',(-4.85,0.85,-1.18));
#9590=CARTESIAN_POINT('',(-4.85,0.85,-1.38));
#9591=CARTESIAN_POINT('',(-5.35,1.35,-1.38));
#9592=CARTESIAN_POINT('',(-5.35,1.35,-1.18));
#9593=CARTESIAN_POINT('',(-4.85,1.35,-1.38));
#9594=CARTESIAN_POINT('',(-4.85,1.35,-1.18));
#9595=CARTESIAN_POINT('',(-4.85,1.35,-1.18));
#9596=CARTESIAN_POINT('',(-4.65,1.35,-1.18));
#9597=CARTESIAN_POINT('',(-4.65,1.35,-0.548253812702721));
#9598=CARTESIAN_POINT('',(-4.85,1.35,-0.548253812702721));
#9599=CARTESIAN_POINT('',(4.45,1.35,-0.2));
#9600=CARTESIAN_POINT('',(4.45,1.35,0.0));
#9601=CARTESIAN_POINT('',(-4.45,1.35,0.0));
#9602=CARTESIAN_POINT('',(-4.45,1.35,-0.2));
#9603=CARTESIAN_POINT('',(4.65,1.35,-1.18));
#9604=CARTESIAN_POINT('',(4.85,1.35,-1.18));
#9605=CARTESIAN_POINT('',(4.85,1.35,-0.548253812702721));
#9606=CARTESIAN_POINT('',(4.65,1.35,-0.54825381270272));
#9607=CARTESIAN_POINT('',(5.35,1.35,-1.38));
#9608=CARTESIAN_POINT('',(5.35,1.35,-1.18));
#9609=CARTESIAN_POINT('',(4.85,1.35,-1.18));
#9610=CARTESIAN_POINT('',(4.85,1.35,-1.38));
#9611=CARTESIAN_POINT('',(5.35,0.85,-1.38));
#9612=CARTESIAN_POINT('',(5.35,0.85,-1.18));
#9613=CARTESIAN_POINT('',(4.85,0.85,-1.38));
#9614=CARTESIAN_POINT('',(4.85,0.85,-1.18));
#9615=CARTESIAN_POINT('',(4.85,0.85,-1.15));
#9616=CARTESIAN_POINT('',(4.65,0.85,-1.15));
#9617=CARTESIAN_POINT('',(4.85,0.85,-1.18));
#9618=CARTESIAN_POINT('',(4.65,0.85,-1.18));
#9619=CARTESIAN_POINT('',(4.65,-0.85,-1.15));
#9620=CARTESIAN_POINT('',(4.85,-0.85,-1.15));
#9621=CARTESIAN_POINT('',(4.65,-0.85,-1.18));
#9622=CARTESIAN_POINT('',(4.85,-0.85,-1.18));
#9623=CARTESIAN_POINT('',(5.35,-0.85,-1.38));
#9624=CARTESIAN_POINT('',(5.35,-0.85,-1.18));
#9625=CARTESIAN_POINT('',(4.85,-0.85,-1.18));
#9626=CARTESIAN_POINT('',(4.85,-0.85,-1.38));
#9627=CARTESIAN_POINT('',(5.35,-1.35,-1.38));
#9628=CARTESIAN_POINT('',(5.35,-1.35,-1.18));
#9629=CARTESIAN_POINT('',(4.85,-1.35,-1.38));
#9630=CARTESIAN_POINT('',(4.85,-1.35,-1.18));
#9631=CARTESIAN_POINT('',(4.85,-1.35,-1.18));
#9632=CARTESIAN_POINT('',(4.65,-1.35,-1.18));
#9633=CARTESIAN_POINT('',(4.65,-1.35,-0.548253812702719));
#9634=CARTESIAN_POINT('',(4.85,-1.35,-0.548253812702721));
#9635=CARTESIAN_POINT('',(4.45,-1.35,0.0));
#9636=CARTESIAN_POINT('',(4.45,-1.35,-0.2));
#9637=CARTESIAN_POINT('',(-4.45,-1.35,-0.2));
#9638=CARTESIAN_POINT('',(-4.45,-1.35,0.0));
#9639=CARTESIAN_POINT('',(-4.65,-1.35,-1.18));
#9640=CARTESIAN_POINT('',(-4.85,-1.35,-1.18));
#9641=CARTESIAN_POINT('',(-4.85,-1.35,-0.548253812702721));
#9642=CARTESIAN_POINT('',(-4.65,-1.35,-0.548253812702721));
#9643=CARTESIAN_POINT('',(4.45,-0.751101887516056,-0.188992558082775));
#9644=CARTESIAN_POINT('',(4.45,-0.751101887516054,1.77635683940025E-15));
#9645=CARTESIAN_POINT('',(4.45,-0.751101887516055,-0.0944962790413868));
#9646=CARTESIAN_POINT('',(4.45,-0.751101887516056,-0.188992558082775));
#9647=CARTESIAN_POINT('',(4.8496968608227,-0.751101887516056,-0.188992558082775));
#9648=CARTESIAN_POINT('',(4.45,-0.751101887516056,-0.188992558082775));
#9649=CARTESIAN_POINT('',(4.85,-0.779072689749563,-0.548253812702722));
#9650=CARTESIAN_POINT('',(4.65,-0.779072689749563,-0.548253812702722));
#9651=CARTESIAN_POINT('',(4.85,-0.660327379008892,-0.306604747365963));
#9652=CARTESIAN_POINT('',(4.65,-0.660327379008893,-0.306604747365963));
#9653=CARTESIAN_POINT('',(4.45,-0.751101887516056,-0.188992558082775));
#9654=CARTESIAN_POINT('',(4.45,-0.746854049192294,-0.194496279041388));
#9655=CARTESIAN_POINT('',(4.45,-0.742606210868532,-0.2));
#9656=CARTESIAN_POINT('',(4.45,0.751101887516056,-0.188992558082775));
#9657=CARTESIAN_POINT('',(4.8496968608227,0.751101887516056,-0.188992558082775));
#9658=CARTESIAN_POINT('',(4.45,0.751101887516056,-0.188992558082775));
#9659=CARTESIAN_POINT('',(4.45,0.751101887516056,-0.188992558082775));
#9660=CARTESIAN_POINT('',(4.45,0.751101887516055,-0.0944962790413867));
#9661=CARTESIAN_POINT('',(4.45,0.751101887516054,1.83186799063151E-15));
#9662=CARTESIAN_POINT('',(4.45,0.742606210868533,-0.2));
#9663=CARTESIAN_POINT('',(4.45,0.746854049192294,-0.194496279041388));
#9664=CARTESIAN_POINT('',(4.45,0.751101887516056,-0.188992558082775));
#9665=CARTESIAN_POINT('',(4.85,0.660327379008893,-0.306604747365963));
#9666=CARTESIAN_POINT('',(4.65,0.660327379008893,-0.306604747365962));
#9667=CARTESIAN_POINT('',(4.85,0.779072689749564,-0.548253812702721));
#9668=CARTESIAN_POINT('',(4.65,0.779072689749564,-0.548253812702722));
#9669=CARTESIAN_POINT('',(-4.45,0.751101887516056,-0.188992558082775));
#9670=CARTESIAN_POINT('',(-4.45,0.751101887516054,1.83186799063151E-15));
#9671=CARTESIAN_POINT('',(-4.45,0.751101887516055,-0.0944962790413867));
#9672=CARTESIAN_POINT('',(-4.45,0.751101887516056,-0.188992558082775));
#9673=CARTESIAN_POINT('',(-4.84969686082269,0.751101887516056,-0.188992558082775));
#9674=CARTESIAN_POINT('',(-4.45,0.751101887516056,-0.188992558082775));
#9675=CARTESIAN_POINT('',(-4.85,0.779072689749564,-0.548253812702721));
#9676=CARTESIAN_POINT('',(-4.65,0.779072689749564,-0.548253812702721));
#9677=CARTESIAN_POINT('',(-4.85,0.660327379008893,-0.306604747365963));
#9678=CARTESIAN_POINT('',(-4.65,0.660327379008893,-0.306604747365963));
#9679=CARTESIAN_POINT('',(-4.45,0.751101887516056,-0.188992558082775));
#9680=CARTESIAN_POINT('',(-4.45,0.746854049192294,-0.194496279041388));
#9681=CARTESIAN_POINT('',(-4.45,0.742606210868533,-0.2));
#9682=CARTESIAN_POINT('',(-4.45,-0.751101887516056,-0.188992558082775));
#9683=CARTESIAN_POINT('',(-4.84969686082269,-0.751101887516056,-0.188992558082775));
#9684=CARTESIAN_POINT('',(-4.45,-0.751101887516056,-0.188992558082775));
#9685=CARTESIAN_POINT('',(-4.45,-0.751101887516056,-0.188992558082775));
#9686=CARTESIAN_POINT('',(-4.45,-0.751101887516055,-0.0944962790413868));
#9687=CARTESIAN_POINT('',(-4.45,-0.751101887516054,1.77635683940025E-15));
#9688=CARTESIAN_POINT('',(-4.45,-0.742606210868533,-0.2));
#9689=CARTESIAN_POINT('',(-4.45,-0.746854049192294,-0.194496279041388));
#9690=CARTESIAN_POINT('',(-4.45,-0.751101887516056,-0.188992558082775));
#9691=CARTESIAN_POINT('',(-4.85,-0.660327379008892,-0.306604747365963));
#9692=CARTESIAN_POINT('',(-4.65,-0.660327379008892,-0.306604747365962));
#9693=CARTESIAN_POINT('',(-4.85,-0.779072689749563,-0.548253812702721));
#9694=CARTESIAN_POINT('',(-4.65,-0.779072689749563,-0.548253812702721));
#9695=CARTESIAN_POINT('',(0.649999999999997,-1.95,-1.30000000000005));
#9696=CARTESIAN_POINT('',(0.649999999999992,-2.85,-1.30000000000005));
#9697=CARTESIAN_POINT('',(0.649999999999997,-1.95,-1.30000000000005));
#9698=CARTESIAN_POINT('',(0.649999999999994,-2.4,-1.30000000000005));
#9699=CARTESIAN_POINT('',(0.649999999999992,-2.85,-1.30000000000005));
#9700=CARTESIAN_POINT('',(-0.650000000000009,-2.85,-1.30000000000005));
#9701=CARTESIAN_POINT('',(0.649999999999992,-2.85,-1.30000000000005));
#9702=CARTESIAN_POINT('',(-0.650000000000009,-2.85,-1.30000000000005));
#9703=CARTESIAN_POINT('',(-0.650000000000004,-1.94999999999999,-1.30000000000005));
#9704=CARTESIAN_POINT('',(-0.650000000000004,-1.94999999999999,-1.30000000000005));
#9705=CARTESIAN_POINT('',(-0.650000000000006,-2.4,-1.30000000000005));
#9706=CARTESIAN_POINT('',(-0.650000000000009,-2.85,-1.30000000000005));
#9707=CARTESIAN_POINT('',(0.649999999999997,-1.95,-1.30000000000005));
#9708=CARTESIAN_POINT('',(-0.650000000000004,-1.94999999999999,-1.30000000000005));
#9709=CARTESIAN_POINT('',(0.649999999999992,-2.85,-0.200000000000048));
#9710=CARTESIAN_POINT('',(0.649999999999992,-2.85,-1.30000000000005));
#9711=CARTESIAN_POINT('',(0.649999999999992,-2.85,-0.750000000000049));
#9712=CARTESIAN_POINT('',(0.649999999999992,-2.85,-0.200000000000048));
#9713=CARTESIAN_POINT('',(-0.650000000000009,-2.85,-0.200000000000048));
#9714=CARTESIAN_POINT('',(0.649999999999992,-2.85,-0.200000000000048));
#9715=CARTESIAN_POINT('',(-0.650000000000009,-2.85,-0.200000000000048));
#9716=CARTESIAN_POINT('',(-0.650000000000009,-2.85,-1.30000000000005));
#9717=CARTESIAN_POINT('',(-0.650000000000009,-2.85,-0.750000000000049));
#9718=CARTESIAN_POINT('',(-0.650000000000009,-2.85,-0.200000000000048));
#9719=CARTESIAN_POINT('',(0.650000000000003,-0.850000000000005,-0.200000000000048));
#9720=CARTESIAN_POINT('',(0.649999999999992,-2.85,-0.200000000000048));
#9721=CARTESIAN_POINT('',(0.649999999999997,-1.85,-0.200000000000048));
#9722=CARTESIAN_POINT('',(0.650000000000003,-0.850000000000005,-0.200000000000048));
#9723=CARTESIAN_POINT('',(-0.649999999999998,-0.849999999999998,-0.200000000000048));
#9724=CARTESIAN_POINT('',(0.650000000000003,-0.850000000000005,-0.200000000000048));
#9725=CARTESIAN_POINT('',(-0.649999999999998,-0.849999999999998,-0.200000000000048));
#9726=CARTESIAN_POINT('',(-0.650000000000009,-2.85,-0.200000000000048));
#9727=CARTESIAN_POINT('',(-0.650000000000003,-1.85,-0.200000000000048));
#9728=CARTESIAN_POINT('',(-0.649999999999998,-0.849999999999998,-0.200000000000048));
#9729=CARTESIAN_POINT('',(0.650000000000003,-0.850000000000005,-0.600000000000043));
#9730=CARTESIAN_POINT('',(0.650000000000003,-0.850000000000005,-0.200000000000048));
#9731=CARTESIAN_POINT('',(0.650000000000003,-0.850000000000005,-0.400000000000047));
#9732=CARTESIAN_POINT('',(0.650000000000003,-0.850000000000005,-0.600000000000043));
#9733=CARTESIAN_POINT('',(-0.649999999999998,-0.849999999999998,-0.600000000000043));
#9734=CARTESIAN_POINT('',(0.650000000000003,-0.850000000000005,-0.600000000000043));
#9735=CARTESIAN_POINT('',(-0.649999999999998,-0.849999999999998,-0.600000000000043));
#9736=CARTESIAN_POINT('',(-0.649999999999998,-0.849999999999998,-0.200000000000048));
#9737=CARTESIAN_POINT('',(-0.649999999999998,-0.849999999999998,-0.400000000000047));
#9738=CARTESIAN_POINT('',(-0.649999999999998,-0.849999999999998,-0.600000000000043));
#9739=CARTESIAN_POINT('',(0.649999999999998,-1.64999999999999,-0.600000000000047));
#9740=CARTESIAN_POINT('',(0.650000000000003,-0.850000000000005,-0.600000000000043));
#9741=CARTESIAN_POINT('',(0.650000000000001,-1.25,-0.600000000000043));
#9742=CARTESIAN_POINT('',(0.649999999999998,-1.64999999999999,-0.600000000000047));
#9743=CARTESIAN_POINT('',(-0.650000000000002,-1.64999999999998,-0.600000000000047));
#9744=CARTESIAN_POINT('',(0.649999999999998,-1.64999999999999,-0.600000000000047));
#9745=CARTESIAN_POINT('',(-0.650000000000002,-1.64999999999998,-0.600000000000047));
#9746=CARTESIAN_POINT('',(-0.649999999999998,-0.849999999999998,-0.600000000000043));
#9747=CARTESIAN_POINT('',(-0.65,-1.24999999999999,-0.600000000000043));
#9748=CARTESIAN_POINT('',(-0.650000000000002,-1.64999999999998,-0.600000000000047));
#9749=CARTESIAN_POINT('',(0.649999999999998,-1.65,-1.00000000000006));
#9750=CARTESIAN_POINT('',(0.649999999999998,-1.64999999999999,-0.600000000000047));
#9751=CARTESIAN_POINT('',(0.649999999999998,-1.64999999999999,-0.800000000000053));
#9752=CARTESIAN_POINT('',(0.649999999999998,-1.65,-1.00000000000006));
#9753=CARTESIAN_POINT('',(-0.650000000000002,-1.64999999999999,-1.00000000000006));
#9754=CARTESIAN_POINT('',(0.649999999999998,-1.65,-1.00000000000006));
#9755=CARTESIAN_POINT('',(-0.650000000000002,-1.64999999999999,-1.00000000000006));
#9756=CARTESIAN_POINT('',(-0.650000000000002,-1.64999999999998,-0.600000000000047));
#9757=CARTESIAN_POINT('',(-0.650000000000002,-1.64999999999999,-0.800000000000053));
#9758=CARTESIAN_POINT('',(-0.650000000000002,-1.64999999999999,-1.00000000000006));
#9760=CARTESIAN_POINT('',(0.649999999999998,-1.65,-1.00000000000006));
#9761=CARTESIAN_POINT('',(0.649999999999998,-1.65000000000001,-1.30000000000005));
#9762=CARTESIAN_POINT('',(0.649999999999997,-1.95,-1.30000000000005));
#9770=CARTESIAN_POINT('',(-0.650000000000002,-1.64999999999999,-1.00000000000006));
#9771=CARTESIAN_POINT('',(-0.650000000000002,-1.65,-1.30000000000005));
#9772=CARTESIAN_POINT('',(-0.650000000000004,-1.94999999999999,-1.30000000000005));
#9779=CARTESIAN_POINT('',(1.7,2.24999999999998,-1.4));
#9780=CARTESIAN_POINT('',(1.7,1.35,-1.4));
#9781=CARTESIAN_POINT('',(1.7,2.24999999999998,-1.4));
#9782=CARTESIAN_POINT('',(1.7,1.35,-1.4));
#9783=CARTESIAN_POINT('',(1.3,1.35,-1.4));
#9784=CARTESIAN_POINT('',(1.7,1.35,-1.4));
#9785=CARTESIAN_POINT('',(1.3,1.35,-1.4));
#9786=CARTESIAN_POINT('',(1.3,2.24999999999998,-1.4));
#9787=CARTESIAN_POINT('',(1.3,2.24999999999998,-1.4));
#9788=CARTESIAN_POINT('',(1.3,1.35,-1.4));
#9789=CARTESIAN_POINT('',(1.7,2.24999999999998,-1.4));
#9790=CARTESIAN_POINT('',(1.3,2.24999999999998,-1.4));
#9791=CARTESIAN_POINT('',(1.7,1.35,-1.25));
#9792=CARTESIAN_POINT('',(1.7,1.35,-1.4));
#9793=CARTESIAN_POINT('',(1.7,1.35,-1.25));
#9794=CARTESIAN_POINT('',(1.3,1.35,-1.25));
#9795=CARTESIAN_POINT('',(1.7,1.35,-1.25));
#9796=CARTESIAN_POINT('',(1.3,1.35,-1.25));
#9797=CARTESIAN_POINT('',(1.3,1.35,-1.4));
#9798=CARTESIAN_POINT('',(1.3,1.35,-1.25));
#9799=CARTESIAN_POINT('',(1.7,2.25,-1.25));
#9800=CARTESIAN_POINT('',(1.7,1.35,-1.25));
#9801=CARTESIAN_POINT('',(1.7,2.25,-1.25));
#9802=CARTESIAN_POINT('',(1.3,2.25,-1.25));
#9803=CARTESIAN_POINT('',(1.7,2.25,-1.25));
#9804=CARTESIAN_POINT('',(1.3,2.25,-1.25));
#9805=CARTESIAN_POINT('',(1.3,1.35,-1.25));
#9806=CARTESIAN_POINT('',(1.3,2.25,-1.25));
#9807=CARTESIAN_POINT('',(1.7,2.25,-1.25));
#9808=CARTESIAN_POINT('',(1.7,2.24999999999998,-1.4));
#9809=CARTESIAN_POINT('',(1.3,2.25,-1.25));
#9810=CARTESIAN_POINT('',(1.3,2.24999999999998,-1.4));
#9811=CARTESIAN_POINT('',(3.2,2.24999999999998,-1.4));
#9812=CARTESIAN_POINT('',(3.2,1.35,-1.4));
#9813=CARTESIAN_POINT('',(3.2,2.24999999999998,-1.4));
#9814=CARTESIAN_POINT('',(3.2,1.35,-1.4));
#9815=CARTESIAN_POINT('',(2.8,1.35,-1.4));
#9816=CARTESIAN_POINT('',(3.2,1.35,-1.4));
#9817=CARTESIAN_POINT('',(2.8,1.35,-1.4));
#9818=CARTESIAN_POINT('',(2.8,2.24999999999998,-1.4));
#9819=CARTESIAN_POINT('',(2.8,2.24999999999998,-1.4));
#9820=CARTESIAN_POINT('',(2.8,1.35,-1.4));
#9821=CARTESIAN_POINT('',(3.2,2.24999999999998,-1.4));
#9822=CARTESIAN_POINT('',(2.8,2.24999999999998,-1.4));
#9823=CARTESIAN_POINT('',(3.2,1.35,-1.25));
#9824=CARTESIAN_POINT('',(3.2,1.35,-1.4));
#9825=CARTESIAN_POINT('',(3.2,1.35,-1.25));
#9826=CARTESIAN_POINT('',(2.8,1.35,-1.25));
#9827=CARTESIAN_POINT('',(3.2,1.35,-1.25));
#9828=CARTESIAN_POINT('',(2.8,1.35,-1.25));
#9829=CARTESIAN_POINT('',(2.8,1.35,-1.4));
#9830=CARTESIAN_POINT('',(2.8,1.35,-1.25));
#9831=CARTESIAN_POINT('',(3.2,2.25,-1.25));
#9832=CARTESIAN_POINT('',(3.2,1.35,-1.25));
#9833=CARTESIAN_POINT('',(3.2,2.25,-1.25));
#9834=CARTESIAN_POINT('',(2.8,2.25,-1.25));
#9835=CARTESIAN_POINT('',(3.2,2.25,-1.25));
#9836=CARTESIAN_POINT('',(2.8,2.25,-1.25));
#9837=CARTESIAN_POINT('',(2.8,1.35,-1.25));
#9838=CARTESIAN_POINT('',(2.8,2.25,-1.25));
#9839=CARTESIAN_POINT('',(3.2,2.25,-1.25));
#9840=CARTESIAN_POINT('',(3.2,2.24999999999998,-1.4));
#9841=CARTESIAN_POINT('',(2.8,2.25,-1.25));
#9842=CARTESIAN_POINT('',(2.8,2.24999999999998,-1.4));
#9843=CARTESIAN_POINT('',(-1.7,2.24999999999998,-1.4));
#9844=CARTESIAN_POINT('',(-1.7,2.25,-1.25));
#9845=CARTESIAN_POINT('',(-1.7,2.24999999999998,-1.4));
#9846=CARTESIAN_POINT('',(-1.7,2.25,-1.25));
#9847=CARTESIAN_POINT('',(-1.3,2.25,-1.25));
#9848=CARTESIAN_POINT('',(-1.7,2.25,-1.25));
#9849=CARTESIAN_POINT('',(-1.3,2.25,-1.25));
#9850=CARTESIAN_POINT('',(-1.3,2.24999999999998,-1.4));
#9851=CARTESIAN_POINT('',(-1.3,2.24999999999998,-1.4));
#9852=CARTESIAN_POINT('',(-1.3,2.25,-1.25));
#9853=CARTESIAN_POINT('',(-1.7,2.24999999999998,-1.4));
#9854=CARTESIAN_POINT('',(-1.3,2.24999999999998,-1.4));
#9855=CARTESIAN_POINT('',(-1.7,1.35,-1.25));
#9856=CARTESIAN_POINT('',(-1.7,2.25,-1.25));
#9857=CARTESIAN_POINT('',(-1.7,1.35,-1.25));
#9858=CARTESIAN_POINT('',(-1.3,1.35,-1.25));
#9859=CARTESIAN_POINT('',(-1.7,1.35,-1.25));
#9860=CARTESIAN_POINT('',(-1.3,1.35,-1.25));
#9861=CARTESIAN_POINT('',(-1.3,2.25,-1.25));
#9862=CARTESIAN_POINT('',(-1.3,1.35,-1.25));
#9863=CARTESIAN_POINT('',(-1.7,1.35,-1.4));
#9864=CARTESIAN_POINT('',(-1.7,1.35,-1.25));
#9865=CARTESIAN_POINT('',(-1.7,1.35,-1.4));
#9866=CARTESIAN_POINT('',(-1.3,1.35,-1.4));
#9867=CARTESIAN_POINT('',(-1.7,1.35,-1.4));
#9868=CARTESIAN_POINT('',(-1.3,1.35,-1.4));
#9869=CARTESIAN_POINT('',(-1.3,1.35,-1.25));
#9870=CARTESIAN_POINT('',(-1.3,1.35,-1.4));
#9871=CARTESIAN_POINT('',(-1.7,1.35,-1.4));
#9872=CARTESIAN_POINT('',(-1.7,2.24999999999998,-1.4));
#9873=CARTESIAN_POINT('',(-1.3,1.35,-1.4));
#9874=CARTESIAN_POINT('',(-1.3,2.24999999999998,-1.4));
#9875=CARTESIAN_POINT('',(-3.2,2.24999999999998,-1.4));
#9876=CARTESIAN_POINT('',(-3.2,2.25,-1.25));
#9877=CARTESIAN_POINT('',(-3.2,2.24999999999998,-1.4));
#9878=CARTESIAN_POINT('',(-3.2,2.25,-1.25));
#9879=CARTESIAN_POINT('',(-2.8,2.25,-1.25));
#9880=CARTESIAN_POINT('',(-3.2,2.25,-1.25));
#9881=CARTESIAN_POINT('',(-2.8,2.25,-1.25));
#9882=CARTESIAN_POINT('',(-2.8,2.24999999999998,-1.4));
#9883=CARTESIAN_POINT('',(-2.8,2.24999999999998,-1.4));
#9884=CARTESIAN_POINT('',(-2.8,2.25,-1.25));
#9885=CARTESIAN_POINT('',(-3.2,2.24999999999998,-1.4));
#9886=CARTESIAN_POINT('',(-2.8,2.24999999999998,-1.4));
#9887=CARTESIAN_POINT('',(-3.2,1.35,-1.25));
#9888=CARTESIAN_POINT('',(-3.2,2.25,-1.25));
#9889=CARTESIAN_POINT('',(-3.2,1.35,-1.25));
#9890=CARTESIAN_POINT('',(-2.8,1.35,-1.25));
#9891=CARTESIAN_POINT('',(-3.2,1.35,-1.25));
#9892=CARTESIAN_POINT('',(-2.8,1.35,-1.25));
#9893=CARTESIAN_POINT('',(-2.8,2.25,-1.25));
#9894=CARTESIAN_POINT('',(-2.8,1.35,-1.25));
#9895=CARTESIAN_POINT('',(-3.2,1.35,-1.4));
#9896=CARTESIAN_POINT('',(-3.2,1.35,-1.25));
#9897=CARTESIAN_POINT('',(-3.2,1.35,-1.4));
#9898=CARTESIAN_POINT('',(-2.8,1.35,-1.4));
#9899=CARTESIAN_POINT('',(-3.2,1.35,-1.4));
#9900=CARTESIAN_POINT('',(-2.8,1.35,-1.4));
#9901=CARTESIAN_POINT('',(-2.8,1.35,-1.25));
#9902=CARTESIAN_POINT('',(-2.8,1.35,-1.4));
#9903=CARTESIAN_POINT('',(-3.2,1.35,-1.4));
#9904=CARTESIAN_POINT('',(-3.2,2.24999999999998,-1.4));
#9905=CARTESIAN_POINT('',(-2.8,1.35,-1.4));
#9906=CARTESIAN_POINT('',(-2.8,2.24999999999998,-1.4));
#9907=CARTESIAN_POINT('',(-4.45,-1.35,0.0));
#9908=CARTESIAN_POINT('',(-4.71078212164081,-1.35,0.0));
#9909=CARTESIAN_POINT('',(-4.45,-1.35,0.0));
#9910=CARTESIAN_POINT('',(-4.71078212164081,-1.35,0.0));
#9911=CARTESIAN_POINT('',(-4.45,-0.751101887516054,0.0));
#9912=CARTESIAN_POINT('',(-4.45,-0.751101887516054,0.0));
#9913=CARTESIAN_POINT('',(-4.45,-1.35,0.0));
#9914=CARTESIAN_POINT('',(-4.71078212164082,-0.751101887516056,0.0));
#9915=CARTESIAN_POINT('',(-4.71078212164082,-0.751101887516056,0.0));
#9916=CARTESIAN_POINT('',(-4.65,-0.751101887516055,0.0));
#9917=CARTESIAN_POINT('',(-4.45,-0.751101887516054,0.0));
#9918=CARTESIAN_POINT('',(-4.71078212164081,-1.35,0.0));
#9919=CARTESIAN_POINT('',(-4.71078212164082,-0.751101887516056,0.0));
#9920=CARTESIAN_POINT('',(4.45,1.35,0.0));
#9921=CARTESIAN_POINT('',(4.71078212164081,1.35,0.0));
#9922=CARTESIAN_POINT('',(4.45,1.35,0.0));
#9923=CARTESIAN_POINT('',(4.71078212164081,1.35,0.0));
#9924=CARTESIAN_POINT('',(4.45,0.751101887516054,0.0));
#9925=CARTESIAN_POINT('',(4.45,0.751101887516054,0.0));
#9926=CARTESIAN_POINT('',(4.45,1.35,0.0));
#9927=CARTESIAN_POINT('',(4.71078212164081,0.751101887516057,0.0));
#9928=CARTESIAN_POINT('',(4.71078212164081,0.751101887516057,0.0));
#9929=CARTESIAN_POINT('',(4.65,0.751101887516056,0.0));
#9930=CARTESIAN_POINT('',(4.45,0.751101887516054,0.0));
#9931=CARTESIAN_POINT('',(4.71078212164081,1.35,0.0));
#9932=CARTESIAN_POINT('',(4.71078212164081,0.751101887516057,0.0));
#9933=CARTESIAN_POINT('',(-4.65,1.35,-1.4));
#9934=CARTESIAN_POINT('',(-4.65,1.35,-0.548253812702719));
#9935=CARTESIAN_POINT('',(-4.65,1.35,-1.4));
#9936=CARTESIAN_POINT('',(-4.65,1.35,-1.18));
#9937=CARTESIAN_POINT('',(-4.65,1.35,-0.548253812702719));
#9938=CARTESIAN_POINT('',(-4.65,-1.35,-1.4));
#9939=CARTESIAN_POINT('',(-4.65,1.35,-1.4));
#9940=CARTESIAN_POINT('',(-4.65,-1.35,-1.4));
#9941=CARTESIAN_POINT('',(-4.65,-1.35,-0.548253812702719));
#9942=CARTESIAN_POINT('',(-4.65,-1.35,-1.4));
#9943=CARTESIAN_POINT('',(-4.65,-1.35,-1.18));
#9944=CARTESIAN_POINT('',(-4.65,-1.35,-0.548253812702719));
#9945=CARTESIAN_POINT('',(-4.65,-0.779072689749564,-0.548253812702719));
#9946=CARTESIAN_POINT('',(-4.65,-1.35,-0.548253812702719));
#9947=CARTESIAN_POINT('',(-4.65,-0.779072689749564,-0.548253812702719));
#9948=CARTESIAN_POINT('',(-4.65,0.779072689749563,-0.548253812702719));
#9949=CARTESIAN_POINT('',(-4.65,0.779072689749563,-0.548253812702719));
#9950=CARTESIAN_POINT('',(-4.65,-0.779072689749564,-0.548253812702719));
#9951=CARTESIAN_POINT('',(-4.65,0.779072689749563,-0.548253812702719));
#9952=CARTESIAN_POINT('',(-4.65,1.35,-0.548253812702719));
#9953=CARTESIAN_POINT('',(-4.85,-0.779072689749563,-0.548253812702719));
#9954=CARTESIAN_POINT('',(-4.85,-0.779072689749563,-0.548253812702719));
#9955=CARTESIAN_POINT('',(-4.65,-0.779072689749564,-0.548253812702719));
#9956=CARTESIAN_POINT('',(-4.85,-1.35,-0.548253812702719));
#9957=CARTESIAN_POINT('',(-4.85,-1.35,-0.548253812702719));
#9958=CARTESIAN_POINT('',(-4.65,-1.35,-0.548253812702719));
#9959=CARTESIAN_POINT('',(-4.85,-1.35,-0.548253812702719));
#9960=CARTESIAN_POINT('',(-4.85,-0.779072689749563,-0.548253812702719));
#9961=CARTESIAN_POINT('',(-4.71078212164081,1.35,-0.0699410906356469));
#9962=CARTESIAN_POINT('',(-4.71078212164081,1.35,5.32907051820073E-15));
#9963=CARTESIAN_POINT('',(-4.71078212164081,1.35,-0.0699410906356469));
#9964=CARTESIAN_POINT('',(-4.71078212164081,1.35,5.32907051820073E-15));
#9965=CARTESIAN_POINT('',(-4.45,1.35,0.0));
#9966=CARTESIAN_POINT('',(-4.71078212164081,1.35,5.32907051820073E-15));
#9967=CARTESIAN_POINT('',(-4.45,1.35,0.0));
#9968=CARTESIAN_POINT('',(-4.45,1.35,-0.2));
#9969=CARTESIAN_POINT('',(-4.45,1.35,0.0));
#9970=CARTESIAN_POINT('',(-4.45,1.35,-0.2));
#9971=CARTESIAN_POINT('',(4.45,1.35,-0.2));
#9972=CARTESIAN_POINT('',(-4.45,1.35,-0.2));
#9973=CARTESIAN_POINT('',(4.45,1.35,-0.2));
#9974=CARTESIAN_POINT('',(4.45,1.35,-0.2));
#9975=CARTESIAN_POINT('',(4.45,1.35,0.0));
#9976=CARTESIAN_POINT('',(4.71078212164081,1.35,-0.0699410906356468));
#9977=CARTESIAN_POINT('',(4.71078212164081,1.35,0.0));
#9978=CARTESIAN_POINT('',(4.71078212164081,1.35,-0.0699410906356468));
#9979=CARTESIAN_POINT('',(4.76723390507801,1.35,-0.159960826439524));
#9981=CARTESIAN_POINT('',(4.71078212164081,1.35,-0.0699410906356468));
#9982=CARTESIAN_POINT('',(4.71078212164081,1.35000000000005,-0.132651542886023));
#9983=CARTESIAN_POINT('',(4.76723390507801,1.35,-0.159960826439524));
#9990=CARTESIAN_POINT('',(4.84999999999999,1.35,-0.199999999999995));
#9991=CARTESIAN_POINT('',(4.76723390507801,1.35,-0.159960826439524));
#9992=CARTESIAN_POINT('',(4.84999999999999,1.35,-0.199999999999995));
#9993=CARTESIAN_POINT('',(4.85,1.35,-0.548253812702719));
#9994=CARTESIAN_POINT('',(4.84999999999999,1.35,-0.199999999999995));
#9995=CARTESIAN_POINT('',(4.85,1.35,-0.548253812702719));
#9996=CARTESIAN_POINT('',(4.65,1.35,-0.548253812702719));
#9997=CARTESIAN_POINT('',(4.85,1.35,-0.548253812702719));
#9998=CARTESIAN_POINT('',(4.65,1.35,-0.548253812702719));
#9999=CARTESIAN_POINT('',(4.65,1.35,-1.4));
#10000=CARTESIAN_POINT('',(4.65,1.35,-1.4));
#10001=CARTESIAN_POINT('',(4.65,1.35,-1.18));
#10002=CARTESIAN_POINT('',(4.65,1.35,-0.548253812702719));
#10003=CARTESIAN_POINT('',(-4.65,1.35,-1.4));
#10004=CARTESIAN_POINT('',(4.65,1.35,-1.4));
#10005=CARTESIAN_POINT('',(-4.85,1.35,-0.548253812702719));
#10006=CARTESIAN_POINT('',(-4.65,1.35,-0.548253812702719));
#10007=CARTESIAN_POINT('',(-4.85,1.35,-0.548253812702719));
#10008=CARTESIAN_POINT('',(-4.85,1.35,-0.199999999999995));
#10009=CARTESIAN_POINT('',(-4.85,1.35,-0.199999999999995));
#10010=CARTESIAN_POINT('',(-4.85,1.35,-0.548253812702719));
#10011=CARTESIAN_POINT('',(-4.76723390507802,1.35,-0.159960826439524));
#10012=CARTESIAN_POINT('',(-4.85,1.35,-0.199999999999995));
#10013=CARTESIAN_POINT('',(-4.76723390507802,1.35,-0.159960826439524));
#10015=CARTESIAN_POINT('',(-4.76723390507802,1.35,-0.159960826439524));
#10016=CARTESIAN_POINT('',(-4.71078212164081,1.34999999999997,-0.132651542886024));
#10017=CARTESIAN_POINT('',(-4.71078212164081,1.35,-0.0699410906356469));
#10024=CARTESIAN_POINT('',(-4.76723390507802,-1.34999999999999,-0.159960826439529));
#10025=CARTESIAN_POINT('',(-4.85,-1.35,-0.2));
#10026=CARTESIAN_POINT('',(-4.76723390507802,-1.34999999999999,-0.159960826439529));
#10027=CARTESIAN_POINT('',(-4.85,-1.35,-0.2));
#10028=CARTESIAN_POINT('',(-4.85,-1.35,-0.2));
#10029=CARTESIAN_POINT('',(-4.85,-1.35,-0.548253812702719));
#10030=CARTESIAN_POINT('',(4.65,-1.35,-1.4));
#10031=CARTESIAN_POINT('',(4.65,-1.35,-1.4));
#10032=CARTESIAN_POINT('',(-4.65,-1.35,-1.4));
#10033=CARTESIAN_POINT('',(4.65,-1.35,-0.548253812702719));
#10034=CARTESIAN_POINT('',(4.65,-1.35,-1.4));
#10035=CARTESIAN_POINT('',(4.65,-1.35,-1.18));
#10036=CARTESIAN_POINT('',(4.65,-1.35,-0.548253812702719));
#10037=CARTESIAN_POINT('',(4.85,-1.35,-0.548253812702719));
#10038=CARTESIAN_POINT('',(4.65,-1.35,-0.548253812702719));
#10039=CARTESIAN_POINT('',(4.85,-1.35,-0.548253812702719));
#10040=CARTESIAN_POINT('',(4.85,-1.35,-0.2));
#10041=CARTESIAN_POINT('',(4.85,-1.35,-0.2));
#10042=CARTESIAN_POINT('',(4.85,-1.35,-0.548253812702719));
#10043=CARTESIAN_POINT('',(4.76723390507802,-1.35,-0.159960826439529));
#10044=CARTESIAN_POINT('',(4.85,-1.35,-0.2));
#10045=CARTESIAN_POINT('',(4.76723390507802,-1.35,-0.159960826439529));
#10046=CARTESIAN_POINT('',(4.71078212164082,-1.35,-0.0699410906356521));
#10048=CARTESIAN_POINT('',(4.76723390507802,-1.35,-0.159960826439529));
#10049=CARTESIAN_POINT('',(4.71078212164082,-1.35,-0.132651542886027));
#10050=CARTESIAN_POINT('',(4.71078212164082,-1.35,-0.0699410906356521));
#10057=CARTESIAN_POINT('',(4.71078212164082,-1.35,-2.08979823198648E-30));
#10058=CARTESIAN_POINT('',(4.71078212164082,-1.35,-0.0699410906356521));
#10059=CARTESIAN_POINT('',(4.71078212164082,-1.35,-2.08979823198648E-30));
#10060=CARTESIAN_POINT('',(4.45,-1.35,0.0));
#10061=CARTESIAN_POINT('',(4.71078212164082,-1.35,-2.08979823198648E-30));
#10062=CARTESIAN_POINT('',(4.45,-1.35,0.0));
#10063=CARTESIAN_POINT('',(4.45,-1.35,-0.2));
#10064=CARTESIAN_POINT('',(4.45,-1.35,0.0));
#10065=CARTESIAN_POINT('',(4.45,-1.35,-0.2));
#10066=CARTESIAN_POINT('',(2.0,-1.35,-0.2));
#10067=CARTESIAN_POINT('',(2.0,-1.35,-0.2));
#10068=CARTESIAN_POINT('',(4.45,-1.35,-0.2));
#10069=CARTESIAN_POINT('',(2.00000000000001,-1.35,-0.59999999999999));
#10070=CARTESIAN_POINT('',(2.0,-1.35,-0.2));
#10071=CARTESIAN_POINT('',(2.00000000000001,-1.35,-0.59999999999999));
#10072=CARTESIAN_POINT('',(-2.0,-1.35,-0.600000000000097));
#10073=CARTESIAN_POINT('',(2.00000000000001,-1.35,-0.59999999999999));
#10074=CARTESIAN_POINT('',(-2.0,-1.35,-0.600000000000097));
#10075=CARTESIAN_POINT('',(-2.00000000000001,-1.35,-0.200000000000001));
#10076=CARTESIAN_POINT('',(-2.0,-1.35,-0.600000000000097));
#10077=CARTESIAN_POINT('',(-2.00000000000001,-1.35,-0.200000000000001));
#10078=CARTESIAN_POINT('',(-4.45,-1.35,-0.2));
#10079=CARTESIAN_POINT('',(-4.45,-1.35,-0.2));
#10080=CARTESIAN_POINT('',(-2.00000000000001,-1.35,-0.200000000000001));
#10081=CARTESIAN_POINT('',(-4.45,-1.35,-0.2));
#10082=CARTESIAN_POINT('',(-4.45,-1.35,0.0));
#10083=CARTESIAN_POINT('',(-4.71078212164081,-1.35,-0.0699410906356518));
#10084=CARTESIAN_POINT('',(-4.71078212164081,-1.35,0.0));
#10085=CARTESIAN_POINT('',(-4.71078212164081,-1.35,-0.0699410906356518));
#10087=CARTESIAN_POINT('',(-4.71078212164081,-1.35,-0.0699410906356518));
#10088=CARTESIAN_POINT('',(-4.71078212164081,-1.35000000000002,-0.132651542886028));
#10089=CARTESIAN_POINT('',(-4.76723390507802,-1.34999999999999,-0.159960826439529));
#10096=CARTESIAN_POINT('',(3.0606160062182,-1.35,-0.563341089021886));
#10097=CARTESIAN_POINT('',(3.1473602169094,-1.35,-0.414277829960954));
#10098=CARTESIAN_POINT('',(3.0606160062182,-1.35,-0.563341089021886));
#10099=CARTESIAN_POINT('',(3.1039881115638,-1.35,-0.488809459491419));
#10100=CARTESIAN_POINT('',(3.1473602169094,-1.35,-0.414277829960954));
#10101=CARTESIAN_POINT('',(3.32456438174794,-1.35,-0.414277829960953));
#10102=CARTESIAN_POINT('',(3.1473602169094,-1.35,-0.414277829960954));
#10103=CARTESIAN_POINT('',(3.23596229932867,-1.35,-0.414277829960953));
#10104=CARTESIAN_POINT('',(3.32456438174794,-1.35,-0.414277829960953));
#10105=CARTESIAN_POINT('',(3.15652244066794,-1.35,-0.663283854903399));
#10106=CARTESIAN_POINT('',(3.32456438174794,-1.35,-0.414277829960953));
#10107=CARTESIAN_POINT('',(3.24054341120794,-1.35,-0.538780842432177));
#10108=CARTESIAN_POINT('',(3.15652244066794,-1.35,-0.663283854903399));
#10109=CARTESIAN_POINT('',(3.12046485004109,-1.35,-0.650953430480007));
#10110=CARTESIAN_POINT('',(3.15652244066794,-1.35,-0.663283854903399));
#10111=CARTESIAN_POINT('',(3.13849364535452,-1.35,-0.657118642691704));
#10112=CARTESIAN_POINT('',(3.12046485004109,-1.35,-0.650953430480007));
#10113=CARTESIAN_POINT('',(3.29123500559608,-1.35,-0.934167556976365));
#10114=CARTESIAN_POINT('',(3.12046485004109,-1.35,-0.650953430480007));
#10115=CARTESIAN_POINT('',(3.20584992781859,-1.35,-0.792560493728186));
#10116=CARTESIAN_POINT('',(3.29123500559608,-1.35,-0.934167556976365));
#10117=CARTESIAN_POINT('',(3.11921296261458,-1.35,-0.934167556976365));
#10118=CARTESIAN_POINT('',(3.29123500559608,-1.35,-0.934167556976365));
#10119=CARTESIAN_POINT('',(3.20522398410533,-1.35,-0.934167556976365));
#10120=CARTESIAN_POINT('',(3.11921296261458,-1.35,-0.934167556976365));
#10121=CARTESIAN_POINT('',(3.05820607971019,-1.35,-0.846535711412766));
#10122=CARTESIAN_POINT('',(3.11921296261458,-1.35,-0.934167556976365));
#10123=CARTESIAN_POINT('',(3.08870952116238,-1.35,-0.890351634194565));
#10124=CARTESIAN_POINT('',(3.05820607971019,-1.35,-0.846535711412766));
#10125=CARTESIAN_POINT('',(3.05527922511938,-1.35,-0.827431011025573));
#10127=CARTESIAN_POINT('',(3.05820607971019,-1.35,-0.846535711412766));
#10128=CARTESIAN_POINT('',(3.05205586170659,-1.35,-0.837701381110737));
#10129=CARTESIAN_POINT('',(3.05527922511938,-1.35,-0.827431011025573));
#10136=CARTESIAN_POINT('',(3.06380695971549,-1.35,-0.800259706064414));
#10137=CARTESIAN_POINT('',(3.05527922511938,-1.35,-0.827431011025573));
#10138=CARTESIAN_POINT('',(3.05954309241744,-1.35,-0.813845358544994));
#10139=CARTESIAN_POINT('',(3.06380695971549,-1.35,-0.800259706064414));
#10140=CARTESIAN_POINT('',(3.04511830566625,-1.35,-0.827736098333229));
#10141=CARTESIAN_POINT('',(3.06380695971549,-1.35,-0.800259706064414));
#10142=CARTESIAN_POINT('',(3.05446263269087,-1.35,-0.813997902198821));
#10143=CARTESIAN_POINT('',(3.04511830566625,-1.35,-0.827736098333229));
#10144=CARTESIAN_POINT('',(3.03169749115411,-1.35,-0.808458097414724));
#10145=CARTESIAN_POINT('',(3.04511830566625,-1.35,-0.827736098333229));
#10146=CARTESIAN_POINT('',(3.03840789841018,-1.35,-0.818097097873977));
#10147=CARTESIAN_POINT('',(3.03169749115411,-1.35,-0.808458097414724));
#10148=CARTESIAN_POINT('',(2.9474575728313,-1.35,-0.932309126730775));
#10149=CARTESIAN_POINT('',(3.03169749115411,-1.35,-0.808458097414724));
#10150=CARTESIAN_POINT('',(2.9895775319927,-1.35,-0.87038361207275));
#10151=CARTESIAN_POINT('',(2.9474575728313,-1.35,-0.932309126730775));
#10152=CARTESIAN_POINT('',(2.7634206580709,-1.35,-0.932309126730774));
#10153=CARTESIAN_POINT('',(2.9474575728313,-1.35,-0.932309126730775));
#10154=CARTESIAN_POINT('',(2.8554391154511,-1.35,-0.932309126730774));
#10155=CARTESIAN_POINT('',(2.7634206580709,-1.35,-0.932309126730774));
#10156=CARTESIAN_POINT('',(2.94015650045946,-1.35,-0.67696627915771));
#10157=CARTESIAN_POINT('',(2.7634206580709,-1.35,-0.932309126730774));
#10158=CARTESIAN_POINT('',(2.85178857926518,-1.35,-0.804637702944242));
#10159=CARTESIAN_POINT('',(2.94015650045946,-1.35,-0.67696627915771));
#10160=CARTESIAN_POINT('',(2.75849409338,-1.35,-0.416021755457937));
#10161=CARTESIAN_POINT('',(2.94015650045946,-1.35,-0.67696627915771));
#10162=CARTESIAN_POINT('',(2.84932529691973,-1.35,-0.546494017307823));
#10163=CARTESIAN_POINT('',(2.75849409338,-1.35,-0.416021755457937));
#10164=CARTESIAN_POINT('',(2.96564131782468,-1.35,-0.41674513466349));
#10165=CARTESIAN_POINT('',(2.75849409338,-1.35,-0.416021755457937));
#10166=CARTESIAN_POINT('',(2.86206770560234,-1.35,-0.416383445060713));
#10167=CARTESIAN_POINT('',(2.96564131782468,-1.35,-0.41674513466349));
#10168=CARTESIAN_POINT('',(3.02800985264082,-1.35,-0.520612755650102));
#10169=CARTESIAN_POINT('',(2.96564131782468,-1.35,-0.41674513466349));
#10170=CARTESIAN_POINT('',(2.99682558523275,-1.35,-0.468678945156795));
#10171=CARTESIAN_POINT('',(3.02800985264082,-1.35,-0.520612755650102));
#10172=CARTESIAN_POINT('',(2.98832039164477,-1.35,-0.628258124573405));
#10173=CARTESIAN_POINT('',(3.02800985264082,-1.35,-0.520612755650102));
#10174=CARTESIAN_POINT('',(3.00816512214279,-1.35,-0.574435440111754));
#10175=CARTESIAN_POINT('',(2.98832039164477,-1.35,-0.628258124573405));
#10176=CARTESIAN_POINT('',(3.0469090808243,-1.35,-0.543275608199731));
#10177=CARTESIAN_POINT('',(2.98832039164477,-1.35,-0.628258124573405));
#10178=CARTESIAN_POINT('',(3.01761473623454,-1.35,-0.585766866386567));
#10179=CARTESIAN_POINT('',(3.0469090808243,-1.35,-0.543275608199731));
#10180=CARTESIAN_POINT('',(3.0469090808243,-1.35,-0.543275608199731));
#10181=CARTESIAN_POINT('',(3.05376254352125,-1.35,-0.553308348610809));
#10182=CARTESIAN_POINT('',(3.0606160062182,-1.35,-0.563341089021886));
#10183=CARTESIAN_POINT('',(3.55968938749089,-1.35,-0.501407728698594));
#10184=CARTESIAN_POINT('',(3.55367040636205,-1.35,-0.520379475683294));
#10186=CARTESIAN_POINT('',(3.55968938749089,-1.35,-0.501407728698594));
#10187=CARTESIAN_POINT('',(3.55968938749092,-1.35,-0.511848393909885));
#10188=CARTESIAN_POINT('',(3.55367040636205,-1.35,-0.520379475683294));
#10195=CARTESIAN_POINT('',(3.47227910487889,-1.35,-0.591246652459785));
#10196=CARTESIAN_POINT('',(3.55367040636205,-1.35,-0.520379475683294));
#10197=CARTESIAN_POINT('',(3.47227910487889,-1.35,-0.591246652459785));
#10198=CARTESIAN_POINT('',(3.47227910487889,-1.35,-0.534034347971223));
#10199=CARTESIAN_POINT('',(3.47227910487889,-1.35,-0.591246652459785));
#10200=CARTESIAN_POINT('',(3.47227910487889,-1.35,-0.534034347971223));
#10201=CARTESIAN_POINT('',(3.34567050320544,-1.35,-0.545654762421107));
#10202=CARTESIAN_POINT('',(3.47227910487889,-1.35,-0.534034347971223));
#10203=CARTESIAN_POINT('',(3.34567050320544,-1.35,-0.545654762421107));
#10204=CARTESIAN_POINT('',(3.34567050320544,-1.35,-0.63224578346688));
#10205=CARTESIAN_POINT('',(3.34567050320544,-1.35,-0.545654762421107));
#10206=CARTESIAN_POINT('',(3.34567050320544,-1.35,-0.63224578346688));
#10207=CARTESIAN_POINT('',(3.34143512208477,-1.35,-0.645203541496834));
#10209=CARTESIAN_POINT('',(3.34567050320544,-1.35,-0.63224578346688));
#10210=CARTESIAN_POINT('',(3.34567050320545,-1.35,-0.639416852179949));
#10211=CARTESIAN_POINT('',(3.34143512208477,-1.35,-0.645203541496834));
#10218=CARTESIAN_POINT('',(3.2621590653771,-1.35,-0.753516323124961));
#10219=CARTESIAN_POINT('',(3.34143512208477,-1.35,-0.645203541496834));
#10220=CARTESIAN_POINT('',(3.2621590653771,-1.35,-0.753516323124961));
#10221=CARTESIAN_POINT('',(3.25876792022615,-1.35,-0.646733972865239));
#10222=CARTESIAN_POINT('',(3.2621590653771,-1.35,-0.753516323124961));
#10223=CARTESIAN_POINT('',(3.25876792022615,-1.35,-0.646733972865239));
#10224=CARTESIAN_POINT('',(3.26254255739532,-1.35,-0.633717733124527));
#10226=CARTESIAN_POINT('',(3.25876792022615,-1.35,-0.646733972865239));
#10227=CARTESIAN_POINT('',(3.25854177435073,-1.35,-0.639612960049963));
#10228=CARTESIAN_POINT('',(3.26254255739532,-1.35,-0.633717733124527));
#10235=CARTESIAN_POINT('',(3.40144092316887,-1.35,-0.42904845296679));
#10236=CARTESIAN_POINT('',(3.26254255739532,-1.35,-0.633717733124527));
#10237=CARTESIAN_POINT('',(3.40144092316887,-1.35,-0.42904845296679));
#10238=CARTESIAN_POINT('',(3.41755168051934,-1.35,-0.419524393364821));
#10240=CARTESIAN_POINT('',(3.40144092316887,-1.35,-0.42904845296679));
#10241=CARTESIAN_POINT('',(3.40725065074494,-1.35,-0.420487713218112));
#10242=CARTESIAN_POINT('',(3.41755168051934,-1.35,-0.419524393364821));
#10249=CARTESIAN_POINT('',(3.55968938749089,-1.35,-0.406232122783437));
#10250=CARTESIAN_POINT('',(3.41755168051934,-1.35,-0.419524393364821));
#10251=CARTESIAN_POINT('',(3.55968938749089,-1.35,-0.406232122783437));
#10252=CARTESIAN_POINT('',(3.55968938749089,-1.35,-0.406232122783437));
#10253=CARTESIAN_POINT('',(3.55968938749089,-1.35,-0.501407728698594));
#10254=CARTESIAN_POINT('',(3.26422749897816,-1.35,-0.799477815887765));
#10255=CARTESIAN_POINT('',(3.40927662915158,-1.35,-0.603786824009727));
#10256=CARTESIAN_POINT('',(3.26422749897816,-1.35,-0.799477815887765));
#10257=CARTESIAN_POINT('',(3.33675206406487,-1.35,-0.701632319948747));
#10258=CARTESIAN_POINT('',(3.40927662915158,-1.35,-0.603786824009727));
#10259=CARTESIAN_POINT('',(3.57075198093133,-1.35,-0.602073796619647));
#10260=CARTESIAN_POINT('',(3.40927662915158,-1.35,-0.603786824009727));
#10261=CARTESIAN_POINT('',(3.44077786701523,-1.35,-0.603786824009727));
#10262=CARTESIAN_POINT('',(3.47227910487889,-1.35,-0.603786824009727));
#10263=CARTESIAN_POINT('',(3.52151554290511,-1.35,-0.602930310314687));
#10264=CARTESIAN_POINT('',(3.57075198093133,-1.35,-0.602073796619647));
#10265=CARTESIAN_POINT('',(3.57075198093133,-1.35,-0.787236154059859));
#10266=CARTESIAN_POINT('',(3.57075198093133,-1.35,-0.602073796619647));
#10267=CARTESIAN_POINT('',(3.57075198093133,-1.35,-0.694654975339753));
#10268=CARTESIAN_POINT('',(3.57075198093133,-1.35,-0.787236154059859));
#10269=CARTESIAN_POINT('',(3.48359484195925,-1.35,-0.87979961180686));
#10270=CARTESIAN_POINT('',(3.57075198093133,-1.35,-0.787236154059859));
#10271=CARTESIAN_POINT('',(3.52717341144529,-1.35,-0.833517882933359));
#10272=CARTESIAN_POINT('',(3.48359484195925,-1.35,-0.87979961180686));
#10273=CARTESIAN_POINT('',(3.34174569497122,-1.35,-0.895352264727708));
#10274=CARTESIAN_POINT('',(3.48359484195925,-1.35,-0.87979961180686));
#10275=CARTESIAN_POINT('',(3.41267026846523,-1.35,-0.887575938267284));
#10276=CARTESIAN_POINT('',(3.34174569497122,-1.35,-0.895352264727708));
#10277=CARTESIAN_POINT('',(3.31393117844892,-1.35,-0.934167556976365));
#10278=CARTESIAN_POINT('',(3.34174569497122,-1.35,-0.895352264727708));
#10279=CARTESIAN_POINT('',(3.32783843671007,-1.35,-0.914759910852037));
#10280=CARTESIAN_POINT('',(3.31393117844892,-1.35,-0.934167556976365));
#10281=CARTESIAN_POINT('',(3.2619401877284,-1.35,-0.82175142270616));
#10282=CARTESIAN_POINT('',(3.31393117844892,-1.35,-0.934167556976365));
#10283=CARTESIAN_POINT('',(3.28793568308866,-1.35,-0.877959489841261));
#10284=CARTESIAN_POINT('',(3.2619401877284,-1.35,-0.82175142270616));
#10286=CARTESIAN_POINT('',(3.2619401877284,-1.35,-0.82175142270616));
#10287=CARTESIAN_POINT('',(3.25647571897142,-1.35,-0.809936020749287));
#10288=CARTESIAN_POINT('',(3.26422749897816,-1.35,-0.799477815887765));
#10295=CARTESIAN_POINT('',(3.19418773194426,-1.35,-1.08519157726419));
#10296=CARTESIAN_POINT('',(3.27884059903675,-1.35,-1.08391540338842));
#10297=CARTESIAN_POINT('',(3.19418773194426,-1.35,-1.08519157726419));
#10298=CARTESIAN_POINT('',(3.19418773194426,-1.35,-1.06009349104078));
#10299=CARTESIAN_POINT('',(3.2081405663193,-1.35,-1.04801237835019));
#10300=CARTESIAN_POINT('',(3.21979628771797,-1.35,-1.03797314386083));
#10301=CARTESIAN_POINT('',(3.2365567046197,-1.35,-1.03797314386083));
#10302=CARTESIAN_POINT('',(3.25518884320589,-1.35,-1.03797314386083));
#10303=CARTESIAN_POINT('',(3.26701472112132,-1.35,-1.050181873939));
#10304=CARTESIAN_POINT('',(3.27884059903675,-1.35,-1.06239060401716));
#10305=CARTESIAN_POINT('',(3.27884059903675,-1.35,-1.08391540338842));
#10306=CARTESIAN_POINT('',(3.27884059903675,-1.35,-1.08391540338842));
#10307=CARTESIAN_POINT('',(3.27884059903675,-1.35,-1.10135644635723));
#10308=CARTESIAN_POINT('',(3.27360828614612,-1.35,-1.1113531417174));
#10309=CARTESIAN_POINT('',(3.26837597325548,-1.35,-1.12134983707757));
#10310=CARTESIAN_POINT('',(3.2583792778953,-1.35,-1.12687992387255));
#10311=CARTESIAN_POINT('',(3.24838258253513,-1.35,-1.13241001066754));
#10312=CARTESIAN_POINT('',(3.2365567046197,-1.35,-1.13241001066754));
#10313=CARTESIAN_POINT('',(3.21758425299997,-1.35,-1.13241001066754));
#10314=CARTESIAN_POINT('',(3.20588599247212,-1.35,-1.12024381971857));
#10315=CARTESIAN_POINT('',(3.19418773194426,-1.35,-1.1080776287696));
#10316=CARTESIAN_POINT('',(3.19418773194426,-1.35,-1.08519157726419));
#10317=CARTESIAN_POINT('',(3.71733394275009,-1.35,-1.08519157726419));
#10318=CARTESIAN_POINT('',(3.80198680984259,-1.35,-1.08391540338842));
#10319=CARTESIAN_POINT('',(3.71733394275009,-1.35,-1.08519157726419));
#10320=CARTESIAN_POINT('',(3.71733394275009,-1.35,-1.06009349104078));
#10321=CARTESIAN_POINT('',(3.73128677712514,-1.35,-1.04801237835019));
#10322=CARTESIAN_POINT('',(3.7429424985238,-1.35,-1.03797314386083));
#10323=CARTESIAN_POINT('',(3.75970291542554,-1.35,-1.03797314386083));
#10324=CARTESIAN_POINT('',(3.77833505401173,-1.35,-1.03797314386083));
#10325=CARTESIAN_POINT('',(3.79016093192716,-1.35,-1.050181873939));
#10326=CARTESIAN_POINT('',(3.80198680984259,-1.35,-1.06239060401716));
#10327=CARTESIAN_POINT('',(3.80198680984259,-1.35,-1.08391540338842));
#10328=CARTESIAN_POINT('',(3.80198680984259,-1.35,-1.08391540338842));
#10329=CARTESIAN_POINT('',(3.80198680984259,-1.35,-1.10135644635723));
#10330=CARTESIAN_POINT('',(3.79675449695195,-1.35,-1.1113531417174));
#10331=CARTESIAN_POINT('',(3.79152218406131,-1.35,-1.12134983707757));
#10332=CARTESIAN_POINT('',(3.78152548870114,-1.35,-1.12687992387255));
#10333=CARTESIAN_POINT('',(3.77152879334097,-1.35,-1.13241001066754));
#10334=CARTESIAN_POINT('',(3.75970291542554,-1.35,-1.13241001066754));
#10335=CARTESIAN_POINT('',(3.74073046380581,-1.35,-1.13241001066754));
#10336=CARTESIAN_POINT('',(3.72903220327795,-1.35,-1.12024381971857));
#10337=CARTESIAN_POINT('',(3.71733394275009,-1.35,-1.1080776287696));
#10338=CARTESIAN_POINT('',(3.71733394275009,-1.35,-1.08519157726419));
#10339=CARTESIAN_POINT('',(2.46038775337858,-1.35,-1.09029627276725));
#10340=CARTESIAN_POINT('',(2.47595707466293,-1.35,-1.0889350206331));
#10341=CARTESIAN_POINT('',(2.46038775337858,-1.35,-1.09029627276725));
#10342=CARTESIAN_POINT('',(2.46817241402075,-1.35,-1.08961564670018));
#10343=CARTESIAN_POINT('',(2.47595707466293,-1.35,-1.0889350206331));
#10344=CARTESIAN_POINT('',(2.50692556071486,-1.35,-1.07281269066925));
#10345=CARTESIAN_POINT('',(2.47595707466293,-1.35,-1.0889350206331));
#10346=CARTESIAN_POINT('',(2.47706309202192,-1.35,-1.09829362905539));
#10347=CARTESIAN_POINT('',(2.4811043092952,-1.35,-1.10429164627149));
#10348=CARTESIAN_POINT('',(2.48514552656845,-1.35,-1.11028966348759));
#10349=CARTESIAN_POINT('',(2.49365335240689,-1.35,-1.11399056772732));
#10350=CARTESIAN_POINT('',(2.50216117824534,-1.35,-1.11769147196704));
#10351=CARTESIAN_POINT('',(2.51279596054339,-1.35,-1.11769147196704));
#10352=CARTESIAN_POINT('',(2.52223964722406,-1.35,-1.11769147196704));
#10353=CARTESIAN_POINT('',(2.52947129918674,-1.35,-1.11488388944035));
#10354=CARTESIAN_POINT('',(2.53670295114941,-1.35,-1.11207630691367));
#10355=CARTESIAN_POINT('',(2.54023369887237,-1.35,-1.10718430705656));
#10356=CARTESIAN_POINT('',(2.54376444659532,-1.35,-1.10229230719946));
#10357=CARTESIAN_POINT('',(2.54376444659532,-1.35,-1.09650698562932));
#10358=CARTESIAN_POINT('',(2.54376444659532,-1.35,-1.09063658580079));
#10359=CARTESIAN_POINT('',(2.54036131625994,-1.35,-1.08625505549399));
#10360=CARTESIAN_POINT('',(2.53695818592457,-1.35,-1.08187352518719));
#10361=CARTESIAN_POINT('',(2.52913098615319,-1.35,-1.07889578614374));
#10362=CARTESIAN_POINT('',(2.52411136890852,-1.35,-1.0769389862009));
#10363=CARTESIAN_POINT('',(2.50692556071486,-1.35,-1.07281269066925));
#10364=CARTESIAN_POINT('',(2.55593063754429,-1.35,-1.04078072638752));
#10365=CARTESIAN_POINT('',(2.50692556071486,-1.35,-1.07281269066925));
#10366=CARTESIAN_POINT('',(2.48973975252121,-1.35,-1.06868639513761));
#10367=CARTESIAN_POINT('',(2.48284841359206,-1.35,-1.06502803002708));
#10368=CARTESIAN_POINT('',(2.47391519646171,-1.35,-1.06034872581594));
#10369=CARTESIAN_POINT('',(2.4695336661549,-1.35,-1.0534148477576));
#10370=CARTESIAN_POINT('',(2.4651521358481,-1.35,-1.04648096969927));
#10371=CARTESIAN_POINT('',(2.4651521358481,-1.35,-1.03788806560245));
#10372=CARTESIAN_POINT('',(2.4651521358481,-1.35,-1.02844437892177));
#10373=CARTESIAN_POINT('',(2.47051206612633,-1.35,-1.02023432698768));
#10374=CARTESIAN_POINT('',(2.47587199640455,-1.35,-1.01202427505358));
#10375=CARTESIAN_POINT('',(2.48616646566907,-1.35,-1.00777036213436));
#10376=CARTESIAN_POINT('',(2.49646093493358,-1.35,-1.00351644921514));
#10377=CARTESIAN_POINT('',(2.50905251717448,-1.35,-1.00351644921514));
#10378=CARTESIAN_POINT('',(2.52292027329113,-1.35,-1.00351644921514));
#10379=CARTESIAN_POINT('',(2.53351251646,-1.35,-1.00798305778032));
#10380=CARTESIAN_POINT('',(2.54410475962885,-1.35,-1.0124496663455));
#10381=CARTESIAN_POINT('',(2.54980500294061,-1.35,-1.02112764870071));
#10382=CARTESIAN_POINT('',(2.55550524625238,-1.35,-1.02980563105593));
#10383=CARTESIAN_POINT('',(2.55593063754429,-1.35,-1.04078072638752));
#10384=CARTESIAN_POINT('',(2.5401060814848,-1.35,-1.0419718220049));
#10385=CARTESIAN_POINT('',(2.55593063754429,-1.35,-1.04078072638752));
#10386=CARTESIAN_POINT('',(2.54801835951454,-1.35,-1.04137627419621));
#10387=CARTESIAN_POINT('',(2.5401060814848,-1.35,-1.0419718220049));
#10388=CARTESIAN_POINT('',(2.51079662147135,-1.35,-1.05673289983459));
#10389=CARTESIAN_POINT('',(2.5401060814848,-1.35,-1.0419718220049));
#10390=CARTESIAN_POINT('',(2.53882990760902,-1.35,-1.03014594408946));
#10391=CARTESIAN_POINT('',(2.53147063825876,-1.35,-1.02410538774417));
#10392=CARTESIAN_POINT('',(2.52411136890852,-1.35,-1.01806483139887));
#10393=CARTESIAN_POINT('',(2.50973314324155,-1.35,-1.01806483139888));
#10394=CARTESIAN_POINT('',(2.49475936976588,-1.35,-1.01806483139888));
#10395=CARTESIAN_POINT('',(2.48791056996595,-1.35,-1.02355237906467));
#10396=CARTESIAN_POINT('',(2.481061770166,-1.35,-1.02903992673047));
#10397=CARTESIAN_POINT('',(2.481061770166,-1.35,-1.03678204824345));
#10398=CARTESIAN_POINT('',(2.481061770166,-1.35,-1.04350323065582));
#10399=CARTESIAN_POINT('',(2.48591123089391,-1.35,-1.04784222183342));
#10400=CARTESIAN_POINT('',(2.49067561336344,-1.35,-1.05218121301103));
#10401=CARTESIAN_POINT('',(2.51079662147135,-1.35,-1.05673289983459));
#10402=CARTESIAN_POINT('',(2.51079662147135,-1.35,-1.05673289983459));
#10403=CARTESIAN_POINT('',(2.53091762957927,-1.35,-1.06128458665816));
#10404=CARTESIAN_POINT('',(2.5384045163171,-1.35,-1.06468771699354));
#10405=CARTESIAN_POINT('',(2.54929452300477,-1.35,-1.06970733423822));
#10406=CARTESIAN_POINT('',(2.55448430715176,-1.35,-1.07740691662201));
#10407=CARTESIAN_POINT('',(2.55967408091321,-1.35,-1.0851064990058));
#10408=CARTESIAN_POINT('',(2.55967408091321,-1.35,-1.09514573349516));
#10409=CARTESIAN_POINT('',(2.55967408091321,-1.35,-1.10509988972614));
#10410=CARTESIAN_POINT('',(2.55397383760145,-1.35,-1.11390548946893));
#10411=CARTESIAN_POINT('',(2.54827359428969,-1.35,-1.12271108921172));
#10412=CARTESIAN_POINT('',(2.53759627286245,-1.35,-1.12760308906882));
#10413=CARTESIAN_POINT('',(2.5269189514352,-1.35,-1.13249508892593));
#10414=CARTESIAN_POINT('',(2.51356166486885,-1.35,-1.13249508892593));
#10415=CARTESIAN_POINT('',(2.49663109145035,-1.35,-1.13249508892593));
#10416=CARTESIAN_POINT('',(2.48518806569764,-1.35,-1.12756054993963));
#10417=CARTESIAN_POINT('',(2.47374503994494,-1.35,-1.12262601095333));
#10418=CARTESIAN_POINT('',(2.46723655317853,-1.35,-1.11271439385155));
#10419=CARTESIAN_POINT('',(2.46072806641212,-1.35,-1.10280277674976));
#10420=CARTESIAN_POINT('',(2.46038775337858,-1.35,-1.09029627276725));
#10421=CARTESIAN_POINT('',(2.63471310480827,-1.35,-1.07625836013382));
#10422=CARTESIAN_POINT('',(2.63122489621451,-1.35,-1.06085919536624));
#10423=CARTESIAN_POINT('',(2.63471310480827,-1.35,-1.07625836013382));
#10424=CARTESIAN_POINT('',(2.63296900051139,-1.35,-1.06855877775003));
#10425=CARTESIAN_POINT('',(2.63122489621451,-1.35,-1.06085919536624));
#10426=CARTESIAN_POINT('',(2.61293307066186,-1.35,-1.13036813246632));
#10427=CARTESIAN_POINT('',(2.63122489621451,-1.35,-1.06085919536624));
#10428=CARTESIAN_POINT('',(2.62207898343819,-1.35,-1.09561366391628));
#10429=CARTESIAN_POINT('',(2.61293307066186,-1.35,-1.13036813246632));
#10430=CARTESIAN_POINT('',(2.59693835808559,-1.35,-1.13036813246632));
#10431=CARTESIAN_POINT('',(2.61293307066186,-1.35,-1.13036813246632));
#10432=CARTESIAN_POINT('',(2.60493571437372,-1.35,-1.13036813246632));
#10433=CARTESIAN_POINT('',(2.59693835808559,-1.35,-1.13036813246632));
#10434=CARTESIAN_POINT('',(2.56928792411065,-1.35,-1.04001502206206));
#10435=CARTESIAN_POINT('',(2.59693835808559,-1.35,-1.13036813246632));
#10436=CARTESIAN_POINT('',(2.58311314109812,-1.35,-1.08519157726419));
#10437=CARTESIAN_POINT('',(2.56928792411065,-1.35,-1.04001502206206));
#10438=CARTESIAN_POINT('',(2.58511248017015,-1.35,-1.04001502206206));
#10439=CARTESIAN_POINT('',(2.56928792411065,-1.35,-1.04001502206206));
#10440=CARTESIAN_POINT('',(2.5772002021404,-1.35,-1.04001502206206));
#10441=CARTESIAN_POINT('',(2.58511248017015,-1.35,-1.04001502206206));
#10442=CARTESIAN_POINT('',(2.60485063611533,-1.35,-1.11156583736336));
#10443=CARTESIAN_POINT('',(2.58511248017015,-1.35,-1.04001502206206));
#10444=CARTESIAN_POINT('',(2.59230159300363,-1.35,-1.06609150825688));
#10445=CARTESIAN_POINT('',(2.59949070583712,-1.35,-1.09216799445171));
#10446=CARTESIAN_POINT('',(2.60217067097623,-1.35,-1.10186691590753));
#10447=CARTESIAN_POINT('',(2.60485063611533,-1.35,-1.11156583736336));
#10448=CARTESIAN_POINT('',(2.60952994032648,-1.35,-1.09293369877717));
#10449=CARTESIAN_POINT('',(2.60485063611533,-1.35,-1.11156583736336));
#10450=CARTESIAN_POINT('',(2.60519094914887,-1.35,-1.11011950697082));
#10451=CARTESIAN_POINT('',(2.60952994032648,-1.35,-1.09293369877717));
#10452=CARTESIAN_POINT('',(2.62390816599345,-1.35,-1.04001502206206));
#10453=CARTESIAN_POINT('',(2.60952994032648,-1.35,-1.09293369877717));
#10454=CARTESIAN_POINT('',(2.61671905315996,-1.35,-1.06647436041961));
#10455=CARTESIAN_POINT('',(2.62390816599345,-1.35,-1.04001502206206));
#10456=CARTESIAN_POINT('',(2.63964764379457,-1.35,-1.04001502206206));
#10457=CARTESIAN_POINT('',(2.62390816599345,-1.35,-1.04001502206206));
#10458=CARTESIAN_POINT('',(2.63177790489401,-1.35,-1.04001502206206));
#10459=CARTESIAN_POINT('',(2.63964764379457,-1.35,-1.04001502206206));
#10460=CARTESIAN_POINT('',(2.65768423457207,-1.35,-1.1096941156789));
#10461=CARTESIAN_POINT('',(2.63964764379457,-1.35,-1.04001502206206));
#10462=CARTESIAN_POINT('',(2.64641136533613,-1.35,-1.06621912564446));
#10463=CARTESIAN_POINT('',(2.65317508687769,-1.35,-1.09242322922686));
#10464=CARTESIAN_POINT('',(2.65542966072488,-1.35,-1.10105867245288));
#10465=CARTESIAN_POINT('',(2.65768423457207,-1.35,-1.1096941156789));
#10466=CARTESIAN_POINT('',(2.67835825135948,-1.35,-1.04001502206206));
#10467=CARTESIAN_POINT('',(2.65768423457207,-1.35,-1.1096941156789));
#10468=CARTESIAN_POINT('',(2.66027912145279,-1.35,-1.1009735941945));
#10469=CARTESIAN_POINT('',(2.66287400833351,-1.35,-1.09225307271009));
#10470=CARTESIAN_POINT('',(2.6706161298465,-1.35,-1.06613404738607));
#10471=CARTESIAN_POINT('',(2.67835825135948,-1.35,-1.04001502206206));
#10472=CARTESIAN_POINT('',(2.69324694657676,-1.35,-1.04001502206206));
#10473=CARTESIAN_POINT('',(2.67835825135948,-1.35,-1.04001502206206));
#10474=CARTESIAN_POINT('',(2.68580259896812,-1.35,-1.04001502206206));
#10475=CARTESIAN_POINT('',(2.69324694657676,-1.35,-1.04001502206206));
#10476=CARTESIAN_POINT('',(2.66500096479313,-1.35,-1.13036813246632));
#10477=CARTESIAN_POINT('',(2.69324694657676,-1.35,-1.04001502206206));
#10478=CARTESIAN_POINT('',(2.67912395568494,-1.35,-1.08519157726419));
#10479=CARTESIAN_POINT('',(2.66500096479313,-1.35,-1.13036813246632));
#10480=CARTESIAN_POINT('',(2.64909133047524,-1.35,-1.13036813246632));
#10481=CARTESIAN_POINT('',(2.66500096479313,-1.35,-1.13036813246632));
#10482=CARTESIAN_POINT('',(2.65704614763418,-1.35,-1.13036813246632));
#10483=CARTESIAN_POINT('',(2.64909133047524,-1.35,-1.13036813246632));
#10484=CARTESIAN_POINT('',(2.64909133047524,-1.35,-1.13036813246632));
#10485=CARTESIAN_POINT('',(2.64190221764176,-1.35,-1.10331324630007));
#10486=CARTESIAN_POINT('',(2.63471310480827,-1.35,-1.07625836013382));
#10487=CARTESIAN_POINT('',(2.72149292836039,-1.35,-1.04001502206206));
#10488=CARTESIAN_POINT('',(2.72149292836039,-1.35,-1.13036813246632));
#10489=CARTESIAN_POINT('',(2.72149292836039,-1.35,-1.04001502206206));
#10490=CARTESIAN_POINT('',(2.72149292836039,-1.35,-1.13036813246632));
#10491=CARTESIAN_POINT('',(2.70617884185119,-1.35,-1.13036813246632));
#10492=CARTESIAN_POINT('',(2.72149292836039,-1.35,-1.13036813246632));
#10493=CARTESIAN_POINT('',(2.70617884185119,-1.35,-1.13036813246632));
#10494=CARTESIAN_POINT('',(2.70617884185119,-1.35,-1.04001502206206));
#10495=CARTESIAN_POINT('',(2.70617884185119,-1.35,-1.13036813246632));
#10496=CARTESIAN_POINT('',(2.70617884185119,-1.35,-1.04001502206206));
#10497=CARTESIAN_POINT('',(2.70617884185119,-1.35,-1.04001502206206));
#10498=CARTESIAN_POINT('',(2.72149292836039,-1.35,-1.04001502206206));
#10499=CARTESIAN_POINT('',(2.7476119536844,-1.35,-1.01763944010695));
#10500=CARTESIAN_POINT('',(2.76284096193521,-1.35,-1.00845098820143));
#10501=CARTESIAN_POINT('',(2.7476119536844,-1.35,-1.01763944010695));
#10502=CARTESIAN_POINT('',(2.75522645780981,-1.35,-1.01304521415419));
#10503=CARTESIAN_POINT('',(2.76284096193521,-1.35,-1.00845098820143));
#10504=CARTESIAN_POINT('',(2.76284096193521,-1.35,-1.04001502206206));
#10505=CARTESIAN_POINT('',(2.76284096193521,-1.35,-1.00845098820143));
#10506=CARTESIAN_POINT('',(2.76284096193521,-1.35,-1.02423300513175));
#10507=CARTESIAN_POINT('',(2.76284096193521,-1.35,-1.04001502206206));
#10508=CARTESIAN_POINT('',(2.77824012670279,-1.35,-1.04001502206206));
#10509=CARTESIAN_POINT('',(2.76284096193521,-1.35,-1.04001502206206));
#10510=CARTESIAN_POINT('',(2.770540544319,-1.35,-1.04001502206206));
#10511=CARTESIAN_POINT('',(2.77824012670279,-1.35,-1.04001502206206));
#10512=CARTESIAN_POINT('',(2.77824012670279,-1.35,-1.05192597823588));
#10513=CARTESIAN_POINT('',(2.77824012670279,-1.35,-1.04001502206206));
#10514=CARTESIAN_POINT('',(2.77824012670279,-1.35,-1.04597050014897));
#10515=CARTESIAN_POINT('',(2.77824012670279,-1.35,-1.05192597823588));
#10516=CARTESIAN_POINT('',(2.76284096193521,-1.35,-1.05192597823588));
#10517=CARTESIAN_POINT('',(2.77824012670279,-1.35,-1.05192597823588));
#10518=CARTESIAN_POINT('',(2.770540544319,-1.35,-1.05192597823588));
#10519=CARTESIAN_POINT('',(2.76284096193521,-1.35,-1.05192597823588));
#10520=CARTESIAN_POINT('',(2.76284096193521,-1.35,-1.1047595766926));
#10521=CARTESIAN_POINT('',(2.76284096193521,-1.35,-1.05192597823588));
#10522=CARTESIAN_POINT('',(2.76284096193521,-1.35,-1.07834277746424));
#10523=CARTESIAN_POINT('',(2.76284096193521,-1.35,-1.1047595766926));
#10524=CARTESIAN_POINT('',(2.77824012670279,-1.35,-1.11667053286642));
#10525=CARTESIAN_POINT('',(2.76284096193521,-1.35,-1.1047595766926));
#10526=CARTESIAN_POINT('',(2.76284096193521,-1.35,-1.11131060258821));
#10527=CARTESIAN_POINT('',(2.76364920538986,-1.35,-1.11318232427266));
#10528=CARTESIAN_POINT('',(2.76445744884451,-1.35,-1.11505404595712));
#10529=CARTESIAN_POINT('',(2.76628663139979,-1.35,-1.11616006331612));
#10530=CARTESIAN_POINT('',(2.76811581395505,-1.35,-1.11726608067512));
#10531=CARTESIAN_POINT('',(2.77151894429043,-1.35,-1.11726608067512));
#10532=CARTESIAN_POINT('',(2.77407129204196,-1.35,-1.11726608067512));
#10533=CARTESIAN_POINT('',(2.77824012670279,-1.35,-1.11667053286642));
#10534=CARTESIAN_POINT('',(2.78045216142079,-1.35,-1.13019797594955));
#10535=CARTESIAN_POINT('',(2.77824012670279,-1.35,-1.11667053286642));
#10536=CARTESIAN_POINT('',(2.77934614406179,-1.35,-1.12343425440799));
#10537=CARTESIAN_POINT('',(2.78045216142079,-1.35,-1.13019797594955));
#10538=CARTESIAN_POINT('',(2.7476119536844,-1.35,-1.10390879410876));
#10539=CARTESIAN_POINT('',(2.78045216142079,-1.35,-1.13019797594955));
#10540=CARTESIAN_POINT('',(2.77398621378357,-1.35,-1.1315592280837));
#10541=CARTESIAN_POINT('',(2.76888151828051,-1.35,-1.1315592280837));
#10542=CARTESIAN_POINT('',(2.76054384895884,-1.35,-1.1315592280837));
#10543=CARTESIAN_POINT('',(2.75594962300608,-1.35,-1.12892180207378));
#10544=CARTESIAN_POINT('',(2.75135539705332,-1.35,-1.12628437606387));
#10545=CARTESIAN_POINT('',(2.74948367536887,-1.35,-1.12198792401545));
#10546=CARTESIAN_POINT('',(2.7476119536844,-1.35,-1.11769147196704));
#10547=CARTESIAN_POINT('',(2.7476119536844,-1.35,-1.10390879410876));
#10548=CARTESIAN_POINT('',(2.7476119536844,-1.35,-1.05192597823588));
#10549=CARTESIAN_POINT('',(2.7476119536844,-1.35,-1.10390879410876));
#10550=CARTESIAN_POINT('',(2.7476119536844,-1.35,-1.07791738617232));
#10551=CARTESIAN_POINT('',(2.7476119536844,-1.35,-1.05192597823588));
#10552=CARTESIAN_POINT('',(2.73638162357766,-1.35,-1.05192597823588));
#10553=CARTESIAN_POINT('',(2.7476119536844,-1.35,-1.05192597823588));
#10554=CARTESIAN_POINT('',(2.74199678863103,-1.35,-1.05192597823588));
#10555=CARTESIAN_POINT('',(2.73638162357766,-1.35,-1.05192597823588));
#10556=CARTESIAN_POINT('',(2.73638162357766,-1.35,-1.04001502206206));
#10557=CARTESIAN_POINT('',(2.73638162357766,-1.35,-1.05192597823588));
#10558=CARTESIAN_POINT('',(2.73638162357766,-1.35,-1.04597050014897));
#10559=CARTESIAN_POINT('',(2.73638162357766,-1.35,-1.04001502206206));
#10560=CARTESIAN_POINT('',(2.7476119536844,-1.35,-1.04001502206206));
#10561=CARTESIAN_POINT('',(2.73638162357766,-1.35,-1.04001502206206));
#10562=CARTESIAN_POINT('',(2.74199678863103,-1.35,-1.04001502206206));
#10563=CARTESIAN_POINT('',(2.7476119536844,-1.35,-1.04001502206206));
#10564=CARTESIAN_POINT('',(2.7476119536844,-1.35,-1.04001502206206));
#10565=CARTESIAN_POINT('',(2.7476119536844,-1.35,-1.0288272310845));
#10566=CARTESIAN_POINT('',(2.7476119536844,-1.35,-1.01763944010695));
#10567=CARTESIAN_POINT('',(2.86578565458037,-1.35,-1.066559438678));
#10568=CARTESIAN_POINT('',(2.8508969593631,-1.35,-1.06885655165438));
#10569=CARTESIAN_POINT('',(2.86578565458037,-1.35,-1.066559438678));
#10570=CARTESIAN_POINT('',(2.85834130697173,-1.35,-1.06770799516619));
#10571=CARTESIAN_POINT('',(2.8508969593631,-1.35,-1.06885655165438));
#10572=CARTESIAN_POINT('',(2.85217313323886,-1.35,-1.09727268995478));
#10573=CARTESIAN_POINT('',(2.8508969593631,-1.35,-1.06885655165438));
#10574=CARTESIAN_POINT('',(2.84877000290349,-1.35,-1.05975317800724));
#10575=CARTESIAN_POINT('',(2.84336753349608,-1.35,-1.05515895205449));
#10576=CARTESIAN_POINT('',(2.83796506408866,-1.35,-1.05056472610173));
#10577=CARTESIAN_POINT('',(2.83030802083406,-1.35,-1.05056472610173));
#10578=CARTESIAN_POINT('',(2.81873737769378,-1.35,-1.05056472610173));
#10579=CARTESIAN_POINT('',(2.81150572573111,-1.35,-1.05885985629421));
#10580=CARTESIAN_POINT('',(2.80427407376843,-1.35,-1.06715498648669));
#10581=CARTESIAN_POINT('',(2.80427407376843,-1.35,-1.0851064990058));
#10582=CARTESIAN_POINT('',(2.80427407376843,-1.35,-1.10331324630007));
#10583=CARTESIAN_POINT('',(2.81125049095596,-1.35,-1.11156583736336));
#10584=CARTESIAN_POINT('',(2.81822690814348,-1.35,-1.11981842842665));
#10585=CARTESIAN_POINT('',(2.82945723825022,-1.35,-1.11981842842665));
#10586=CARTESIAN_POINT('',(2.83847553363898,-1.35,-1.11981842842665));
#10587=CARTESIAN_POINT('',(2.84451608998427,-1.35,-1.11428834163166));
#10588=CARTESIAN_POINT('',(2.85055664632956,-1.35,-1.10875825483667));
#10589=CARTESIAN_POINT('',(2.85217313323886,-1.35,-1.09727268995478));
#10590=CARTESIAN_POINT('',(2.86723198497291,-1.35,-1.09922948989762));
#10591=CARTESIAN_POINT('',(2.85217313323886,-1.35,-1.09727268995478));
#10592=CARTESIAN_POINT('',(2.85970255910588,-1.35,-1.0982510899262));
#10593=CARTESIAN_POINT('',(2.86723198497291,-1.35,-1.09922948989762));
#10594=CARTESIAN_POINT('',(2.86723198497291,-1.35,-1.09922948989762));
#10595=CARTESIAN_POINT('',(2.86476471547976,-1.35,-1.11479881118197));
#10596=CARTESIAN_POINT('',(2.85459786360283,-1.35,-1.12360441092476));
#10597=CARTESIAN_POINT('',(2.84443101172588,-1.35,-1.13241001066754));
#10598=CARTESIAN_POINT('',(2.82962739476699,-1.35,-1.13241001066754));
#10599=CARTESIAN_POINT('',(2.81108033443919,-1.35,-1.13241001066754));
#10600=CARTESIAN_POINT('',(2.79980746520325,-1.35,-1.12028635884776));
#10601=CARTESIAN_POINT('',(2.78853459596731,-1.35,-1.10816270702798));
#10602=CARTESIAN_POINT('',(2.78853459596731,-1.35,-1.08553189029772));
#10603=CARTESIAN_POINT('',(2.78853459596731,-1.35,-1.0708984298556));
#10604=CARTESIAN_POINT('',(2.79338405669522,-1.35,-1.05992333452401));
#10605=CARTESIAN_POINT('',(2.79823351742314,-1.35,-1.04894823919242));
#10606=CARTESIAN_POINT('',(2.80814513452492,-1.35,-1.04346069152663));
#10607=CARTESIAN_POINT('',(2.8180567516267,-1.35,-1.03797314386083));
#10608=CARTESIAN_POINT('',(2.82971247302538,-1.35,-1.03797314386083));
#10609=CARTESIAN_POINT('',(2.84443101172588,-1.35,-1.03797314386083));
#10610=CARTESIAN_POINT('',(2.85378962014817,-1.35,-1.04541749146947));
#10611=CARTESIAN_POINT('',(2.86314821818492,-1.35,-1.05286183907811));
#10612=CARTESIAN_POINT('',(2.86578565458037,-1.35,-1.066559438678));
#10613=CARTESIAN_POINT('',(2.93861264375744,-1.35,-1.0731104645736));
#10614=CARTESIAN_POINT('',(2.89564812327331,-1.35,-1.08093766434497));
#10615=CARTESIAN_POINT('',(2.93861264375744,-1.35,-1.0731104645736));
#10616=CARTESIAN_POINT('',(2.93861264375744,-1.35,-1.0616248996917));
#10617=CARTESIAN_POINT('',(2.93363556564195,-1.35,-1.05639258680106));
#10618=CARTESIAN_POINT('',(2.92865848752647,-1.35,-1.05116027391042));
#10619=CARTESIAN_POINT('',(2.91955511387932,-1.35,-1.05116027391042));
#10620=CARTESIAN_POINT('',(2.91274885320857,-1.35,-1.05116027391042));
#10621=CARTESIAN_POINT('',(2.90675083599248,-1.35,-1.05469102163337));
#10622=CARTESIAN_POINT('',(2.90075281877637,-1.35,-1.05822176935632));
#10623=CARTESIAN_POINT('',(2.89820047102484,-1.35,-1.06426232570162));
#10624=CARTESIAN_POINT('',(2.89564812327331,-1.35,-1.07030288204691));
#10625=CARTESIAN_POINT('',(2.89564812327331,-1.35,-1.08093766434497));
#10626=CARTESIAN_POINT('',(2.89564812327331,-1.35,-1.13036813246632));
#10627=CARTESIAN_POINT('',(2.89564812327331,-1.35,-1.08093766434497));
#10628=CARTESIAN_POINT('',(2.89564812327331,-1.35,-1.10565289840564));
#10629=CARTESIAN_POINT('',(2.89564812327331,-1.35,-1.13036813246632));
#10630=CARTESIAN_POINT('',(2.88033403676411,-1.35,-1.13036813246632));
#10631=CARTESIAN_POINT('',(2.89564812327331,-1.35,-1.13036813246632));
#10632=CARTESIAN_POINT('',(2.88799108001871,-1.35,-1.13036813246632));
#10633=CARTESIAN_POINT('',(2.88033403676411,-1.35,-1.13036813246632));
#10634=CARTESIAN_POINT('',(2.88033403676411,-1.35,-1.00564340567475));
#10635=CARTESIAN_POINT('',(2.88033403676411,-1.35,-1.13036813246632));
#10636=CARTESIAN_POINT('',(2.88033403676411,-1.35,-1.06800576907053));
#10637=CARTESIAN_POINT('',(2.88033403676411,-1.35,-1.00564340567475));
#10638=CARTESIAN_POINT('',(2.89564812327331,-1.35,-1.00564340567475));
#10639=CARTESIAN_POINT('',(2.88033403676411,-1.35,-1.00564340567475));
#10640=CARTESIAN_POINT('',(2.88799108001871,-1.35,-1.00564340567475));
#10641=CARTESIAN_POINT('',(2.89564812327331,-1.35,-1.00564340567475));
#10642=CARTESIAN_POINT('',(2.89564812327331,-1.35,-1.05039456958496));
#10643=CARTESIAN_POINT('',(2.89564812327331,-1.35,-1.00564340567475));
#10644=CARTESIAN_POINT('',(2.89564812327331,-1.35,-1.02801898762985));
#10645=CARTESIAN_POINT('',(2.89564812327331,-1.35,-1.05039456958496));
#10646=CARTESIAN_POINT('',(2.95392673026663,-1.35,-1.0731104645736));
#10647=CARTESIAN_POINT('',(2.89564812327331,-1.35,-1.05039456958496));
#10648=CARTESIAN_POINT('',(2.90636798382974,-1.35,-1.03797314386083));
#10649=CARTESIAN_POINT('',(2.92270300943955,-1.35,-1.03797314386083));
#10650=CARTESIAN_POINT('',(2.93274224392891,-1.35,-1.03797314386083));
#10651=CARTESIAN_POINT('',(2.94014405240835,-1.35,-1.04192928287571));
#10652=CARTESIAN_POINT('',(2.94754586088781,-1.35,-1.04588542189058));
#10653=CARTESIAN_POINT('',(2.95073629557722,-1.35,-1.05286183907811));
#10654=CARTESIAN_POINT('',(2.95392673026663,-1.35,-1.05983825626563));
#10655=CARTESIAN_POINT('',(2.95392673026663,-1.35,-1.0731104645736));
#10656=CARTESIAN_POINT('',(2.95392673026663,-1.35,-1.13036813246632));
#10657=CARTESIAN_POINT('',(2.95392673026663,-1.35,-1.0731104645736));
#10658=CARTESIAN_POINT('',(2.95392673026663,-1.35,-1.10173929851996));
#10659=CARTESIAN_POINT('',(2.95392673026663,-1.35,-1.13036813246632));
#10660=CARTESIAN_POINT('',(2.93861264375744,-1.35,-1.13036813246632));
#10661=CARTESIAN_POINT('',(2.95392673026663,-1.35,-1.13036813246632));
#10662=CARTESIAN_POINT('',(2.94626968701204,-1.35,-1.13036813246632));
#10663=CARTESIAN_POINT('',(2.93861264375744,-1.35,-1.13036813246632));
#10664=CARTESIAN_POINT('',(2.93861264375744,-1.35,-1.13036813246632));
#10665=CARTESIAN_POINT('',(2.93861264375744,-1.35,-1.10173929851996));
#10666=CARTESIAN_POINT('',(2.93861264375744,-1.35,-1.0731104645736));
#10667=CARTESIAN_POINT('',(3.17938411498536,-1.35,-1.03984486554529));
#10668=CARTESIAN_POINT('',(3.16313416763394,-1.35,-1.04367338717259));
#10669=CARTESIAN_POINT('',(3.17938411498536,-1.35,-1.03984486554529));
#10670=CARTESIAN_POINT('',(3.17125914130965,-1.35,-1.04175912635894));
#10671=CARTESIAN_POINT('',(3.16313416763394,-1.35,-1.04367338717259));
#10672=CARTESIAN_POINT('',(3.1650058893184,-1.35,-1.08663790765672));
#10673=CARTESIAN_POINT('',(3.16313416763394,-1.35,-1.04367338717259));
#10674=CARTESIAN_POINT('',(3.15879517645633,-1.35,-1.03006086583108));
#10675=CARTESIAN_POINT('',(3.15054258539305,-1.35,-1.02385015296902));
#10676=CARTESIAN_POINT('',(3.14228999432975,-1.35,-1.01763944010695));
#10677=CARTESIAN_POINT('',(3.12978349034724,-1.35,-1.01763944010695));
#10678=CARTESIAN_POINT('',(3.11540526468028,-1.35,-1.01763944010695));
#10679=CARTESIAN_POINT('',(3.10574888235365,-1.35,-1.02453077903609));
#10680=CARTESIAN_POINT('',(3.09609250002701,-1.35,-1.03142211796523));
#10681=CARTESIAN_POINT('',(3.09217890014133,-1.35,-1.0430353002347));
#10682=CARTESIAN_POINT('',(3.08826530025565,-1.35,-1.05464848250418));
#10683=CARTESIAN_POINT('',(3.08826530025565,-1.35,-1.06698482996992));
#10684=CARTESIAN_POINT('',(3.08826530025565,-1.35,-1.08289446428781));
#10685=CARTESIAN_POINT('',(3.0929020653376,-1.35,-1.09476288133244));
#10686=CARTESIAN_POINT('',(3.09753883041955,-1.35,-1.10663129837706));
#10687=CARTESIAN_POINT('',(3.10732283013376,-1.35,-1.11250169820559));
#10688=CARTESIAN_POINT('',(3.11710682984797,-1.35,-1.11837209803411));
#10689=CARTESIAN_POINT('',(3.12850731647148,-1.35,-1.11837209803411));
#10690=CARTESIAN_POINT('',(3.14237507258814,-1.35,-1.11837209803411));
#10691=CARTESIAN_POINT('',(3.15198891578558,-1.35,-1.11037474174598));
#10692=CARTESIAN_POINT('',(3.16160274859749,-1.35,-1.10237738545784));
#10693=CARTESIAN_POINT('',(3.1650058893184,-1.35,-1.08663790765672));
#10694=CARTESIAN_POINT('',(3.18151107144498,-1.35,-1.09080674231756));
#10695=CARTESIAN_POINT('',(3.1650058893184,-1.35,-1.08663790765672));
#10696=CARTESIAN_POINT('',(3.17325848038169,-1.35,-1.08872232498714));
#10697=CARTESIAN_POINT('',(3.18151107144498,-1.35,-1.09080674231756));
#10698=CARTESIAN_POINT('',(3.18151107144498,-1.35,-1.09080674231756));
#10699=CARTESIAN_POINT('',(3.17632129768353,-1.35,-1.11114044607144));
#10700=CARTESIAN_POINT('',(3.1628363937296,-1.35,-1.12181776749868));
#10701=CARTESIAN_POINT('',(3.14935148977567,-1.35,-1.13249508892593));
#10702=CARTESIAN_POINT('',(3.12986856860563,-1.35,-1.13249508892593));
#10703=CARTESIAN_POINT('',(3.10970502136852,-1.35,-1.13249508892593));
#10704=CARTESIAN_POINT('',(3.09707089999844,-1.35,-1.12428503699183));
#10705=CARTESIAN_POINT('',(3.08443677862835,-1.35,-1.11607498505773));
#10706=CARTESIAN_POINT('',(3.07784321360356,-1.35,-1.10050566377338));
#10707=CARTESIAN_POINT('',(3.07124964857876,-1.35,-1.08493634248903));
#10708=CARTESIAN_POINT('',(3.07124964857876,-1.35,-1.0670699082283));
#10709=CARTESIAN_POINT('',(3.07124964857876,-1.35,-1.04758698705827));
#10710=CARTESIAN_POINT('',(3.0786939961874,-1.35,-1.03308114400373));
#10711=CARTESIAN_POINT('',(3.08613834379604,-1.35,-1.01857530094918));
#10712=CARTESIAN_POINT('',(3.09987848252512,-1.35,-1.01104587508216));
#10713=CARTESIAN_POINT('',(3.11361862125421,-1.35,-1.00351644921514));
#10714=CARTESIAN_POINT('',(3.13012380338078,-1.35,-1.00351644921514));
#10715=CARTESIAN_POINT('',(3.14884102022535,-1.35,-1.00351644921514));
#10716=CARTESIAN_POINT('',(3.16160275898302,-1.35,-1.01304521415419));
#10717=CARTESIAN_POINT('',(3.17436449774069,-1.35,-1.02257398947878));
#10718=CARTESIAN_POINT('',(3.17938411498536,-1.35,-1.03984486554529));
#10719=CARTESIAN_POINT('',(2.72149292836039,-1.35,-1.00564340567475));
#10720=CARTESIAN_POINT('',(2.72149292836039,-1.35,-1.02325460516033));
#10721=CARTESIAN_POINT('',(2.72149292836039,-1.35,-1.00564340567475));
#10722=CARTESIAN_POINT('',(2.72149292836039,-1.35,-1.02325460516033));
#10723=CARTESIAN_POINT('',(2.70617884185119,-1.35,-1.02325460516033));
#10724=CARTESIAN_POINT('',(2.72149292836039,-1.35,-1.02325460516033));
#10725=CARTESIAN_POINT('',(2.70617884185119,-1.35,-1.02325460516033));
#10726=CARTESIAN_POINT('',(2.70617884185119,-1.35,-1.00564340567475));
#10727=CARTESIAN_POINT('',(2.70617884185119,-1.35,-1.02325460516033));
#10728=CARTESIAN_POINT('',(2.70617884185119,-1.35,-1.00564340567475));
#10729=CARTESIAN_POINT('',(2.70617884185119,-1.35,-1.00564340567475));
#10730=CARTESIAN_POINT('',(2.72149292836039,-1.35,-1.00564340567475));
#10731=CARTESIAN_POINT('',(3.31057478941415,-1.35,-1.05286183907811));
#10732=CARTESIAN_POINT('',(3.37021464854164,-1.35,-1.07481202974129));
#10733=CARTESIAN_POINT('',(3.31057478941415,-1.35,-1.05286183907811));
#10734=CARTESIAN_POINT('',(3.32052894564513,-1.35,-1.03797314386083));
#10735=CARTESIAN_POINT('',(3.33933124074809,-1.35,-1.03797314386083));
#10736=CARTESIAN_POINT('',(3.34749875355299,-1.35,-1.03797314386083));
#10737=CARTESIAN_POINT('',(3.35434755335294,-1.35,-1.04090834377509));
#10738=CARTESIAN_POINT('',(3.36119635315288,-1.35,-1.04384354368936));
#10739=CARTESIAN_POINT('',(3.36459948348826,-1.35,-1.04860792615888));
#10740=CARTESIAN_POINT('',(3.36800261382364,-1.35,-1.05337230862841));
#10741=CARTESIAN_POINT('',(3.36936386595779,-1.35,-1.05992333452401));
#10742=CARTESIAN_POINT('',(3.37021464854164,-1.35,-1.06417724744323));
#10743=CARTESIAN_POINT('',(3.37021464854164,-1.35,-1.07481202974129));
#10744=CARTESIAN_POINT('',(3.37021464854164,-1.35,-1.13036813246632));
#10745=CARTESIAN_POINT('',(3.37021464854164,-1.35,-1.07481202974129));
#10746=CARTESIAN_POINT('',(3.37021464854164,-1.35,-1.1025900811038));
#10747=CARTESIAN_POINT('',(3.37021464854164,-1.35,-1.13036813246632));
#10748=CARTESIAN_POINT('',(3.35490056203244,-1.35,-1.13036813246632));
#10749=CARTESIAN_POINT('',(3.37021464854164,-1.35,-1.13036813246632));
#10750=CARTESIAN_POINT('',(3.36255760528704,-1.35,-1.13036813246632));
#10751=CARTESIAN_POINT('',(3.35490056203244,-1.35,-1.13036813246632));
#10752=CARTESIAN_POINT('',(3.35490056203244,-1.35,-1.07540757754998));
#10753=CARTESIAN_POINT('',(3.35490056203244,-1.35,-1.13036813246632));
#10754=CARTESIAN_POINT('',(3.35490056203244,-1.35,-1.10288785500815));
#10755=CARTESIAN_POINT('',(3.35490056203244,-1.35,-1.07540757754998));
#10756=CARTESIAN_POINT('',(3.31210619806507,-1.35,-1.08102274260335));
#10757=CARTESIAN_POINT('',(3.35490056203244,-1.35,-1.07540757754998));
#10758=CARTESIAN_POINT('',(3.35490056203244,-1.35,-1.06604896912769));
#10759=CARTESIAN_POINT('',(3.35311391860636,-1.35,-1.06141220404574));
#10760=CARTESIAN_POINT('',(3.35132727518029,-1.35,-1.05677543896379));
#10761=CARTESIAN_POINT('',(3.34677558835672,-1.35,-1.0540103955663));
#10762=CARTESIAN_POINT('',(3.34222390153316,-1.35,-1.0512453521688));
#10763=CARTESIAN_POINT('',(3.33609826692948,-1.35,-1.0512453521688));
#10764=CARTESIAN_POINT('',(3.32631426721527,-1.35,-1.0512453521688));
#10765=CARTESIAN_POINT('',(3.31921023264017,-1.35,-1.05745606503086));
#10766=CARTESIAN_POINT('',(3.31210619806507,-1.35,-1.06366677789293));
#10767=CARTESIAN_POINT('',(3.31210619806507,-1.35,-1.08102274260335));
#10768=CARTESIAN_POINT('',(3.31210619806507,-1.35,-1.13036813246632));
#10769=CARTESIAN_POINT('',(3.31210619806507,-1.35,-1.08102274260335));
#10770=CARTESIAN_POINT('',(3.31210619806507,-1.35,-1.10569543753483));
#10771=CARTESIAN_POINT('',(3.31210619806507,-1.35,-1.13036813246632));
#10772=CARTESIAN_POINT('',(3.29679211155587,-1.35,-1.13036813246632));
#10773=CARTESIAN_POINT('',(3.31210619806507,-1.35,-1.13036813246632));
#10774=CARTESIAN_POINT('',(3.30444915481047,-1.35,-1.13036813246632));
#10775=CARTESIAN_POINT('',(3.29679211155587,-1.35,-1.13036813246632));
#10776=CARTESIAN_POINT('',(3.29679211155587,-1.35,-1.04001502206206));
#10777=CARTESIAN_POINT('',(3.29679211155587,-1.35,-1.13036813246632));
#10778=CARTESIAN_POINT('',(3.29679211155587,-1.35,-1.08519157726419));
#10779=CARTESIAN_POINT('',(3.29679211155587,-1.35,-1.04001502206206));
#10780=CARTESIAN_POINT('',(3.31057478941415,-1.35,-1.04001502206206));
#10781=CARTESIAN_POINT('',(3.29679211155587,-1.35,-1.04001502206206));
#10782=CARTESIAN_POINT('',(3.30368345048501,-1.35,-1.04001502206206));
#10783=CARTESIAN_POINT('',(3.31057478941415,-1.35,-1.04001502206206));
#10784=CARTESIAN_POINT('',(3.31057478941415,-1.35,-1.04001502206206));
#10785=CARTESIAN_POINT('',(3.31057478941415,-1.35,-1.04643843057008));
#10786=CARTESIAN_POINT('',(3.31057478941415,-1.35,-1.05286183907811));
#10787=CARTESIAN_POINT('',(3.40747892571402,-1.35,-1.05286183907811));
#10788=CARTESIAN_POINT('',(3.4671187848415,-1.35,-1.07481202974129));
#10789=CARTESIAN_POINT('',(3.40747892571402,-1.35,-1.05286183907811));
#10790=CARTESIAN_POINT('',(3.41743308194499,-1.35,-1.03797314386083));
#10791=CARTESIAN_POINT('',(3.43623537704794,-1.35,-1.03797314386083));
#10792=CARTESIAN_POINT('',(3.44440288985285,-1.35,-1.03797314386083));
#10793=CARTESIAN_POINT('',(3.4512516896528,-1.35,-1.04090834377509));
#10794=CARTESIAN_POINT('',(3.45810048945274,-1.35,-1.04384354368936));
#10795=CARTESIAN_POINT('',(3.46150361978812,-1.35,-1.04860792615888));
#10796=CARTESIAN_POINT('',(3.4649067501235,-1.35,-1.05337230862841));
#10797=CARTESIAN_POINT('',(3.46626800225766,-1.35,-1.05992333452401));
#10798=CARTESIAN_POINT('',(3.4671187848415,-1.35,-1.06417724744323));
#10799=CARTESIAN_POINT('',(3.4671187848415,-1.35,-1.07481202974129));
#10800=CARTESIAN_POINT('',(3.4671187848415,-1.35,-1.13036813246632));
#10801=CARTESIAN_POINT('',(3.4671187848415,-1.35,-1.07481202974129));
#10802=CARTESIAN_POINT('',(3.4671187848415,-1.35,-1.1025900811038));
#10803=CARTESIAN_POINT('',(3.4671187848415,-1.35,-1.13036813246632));
#10804=CARTESIAN_POINT('',(3.4518046983323,-1.35,-1.13036813246632));
#10805=CARTESIAN_POINT('',(3.4671187848415,-1.35,-1.13036813246632));
#10806=CARTESIAN_POINT('',(3.4594617415869,-1.35,-1.13036813246632));
#10807=CARTESIAN_POINT('',(3.4518046983323,-1.35,-1.13036813246632));
#10808=CARTESIAN_POINT('',(3.4518046983323,-1.35,-1.07540757754998));
#10809=CARTESIAN_POINT('',(3.4518046983323,-1.35,-1.13036813246632));
#10810=CARTESIAN_POINT('',(3.4518046983323,-1.35,-1.10288785500815));
#10811=CARTESIAN_POINT('',(3.4518046983323,-1.35,-1.07540757754998));
#10812=CARTESIAN_POINT('',(3.40901033436493,-1.35,-1.08102274260335));
#10813=CARTESIAN_POINT('',(3.4518046983323,-1.35,-1.07540757754998));
#10814=CARTESIAN_POINT('',(3.4518046983323,-1.35,-1.06604896912769));
#10815=CARTESIAN_POINT('',(3.45001805490622,-1.35,-1.06141220404574));
#10816=CARTESIAN_POINT('',(3.44823141148016,-1.35,-1.05677543896379));
#10817=CARTESIAN_POINT('',(3.44367972465658,-1.35,-1.0540103955663));
#10818=CARTESIAN_POINT('',(3.43912803783301,-1.35,-1.0512453521688));
#10819=CARTESIAN_POINT('',(3.43300240322934,-1.35,-1.0512453521688));
#10820=CARTESIAN_POINT('',(3.42321840351513,-1.35,-1.0512453521688));
#10821=CARTESIAN_POINT('',(3.41611436894003,-1.35,-1.05745606503086));
#10822=CARTESIAN_POINT('',(3.40901033436493,-1.35,-1.06366677789293));
#10823=CARTESIAN_POINT('',(3.40901033436493,-1.35,-1.08102274260335));
#10824=CARTESIAN_POINT('',(3.40901033436493,-1.35,-1.13036813246632));
#10825=CARTESIAN_POINT('',(3.40901033436493,-1.35,-1.08102274260335));
#10826=CARTESIAN_POINT('',(3.40901033436493,-1.35,-1.10569543753483));
#10827=CARTESIAN_POINT('',(3.40901033436493,-1.35,-1.13036813246632));
#10828=CARTESIAN_POINT('',(3.39369624785573,-1.35,-1.13036813246632));
#10829=CARTESIAN_POINT('',(3.40901033436493,-1.35,-1.13036813246632));
#10830=CARTESIAN_POINT('',(3.40135329111033,-1.35,-1.13036813246632));
#10831=CARTESIAN_POINT('',(3.39369624785573,-1.35,-1.13036813246632));
#10832=CARTESIAN_POINT('',(3.39369624785573,-1.35,-1.04001502206206));
#10833=CARTESIAN_POINT('',(3.39369624785573,-1.35,-1.13036813246632));
#10834=CARTESIAN_POINT('',(3.39369624785573,-1.35,-1.08519157726419));
#10835=CARTESIAN_POINT('',(3.39369624785573,-1.35,-1.04001502206206));
#10836=CARTESIAN_POINT('',(3.40747892571402,-1.35,-1.04001502206206));
#10837=CARTESIAN_POINT('',(3.39369624785573,-1.35,-1.04001502206206));
#10838=CARTESIAN_POINT('',(3.40058758678487,-1.35,-1.04001502206206));
#10839=CARTESIAN_POINT('',(3.40747892571402,-1.35,-1.04001502206206));
#10840=CARTESIAN_POINT('',(3.40747892571402,-1.35,-1.04001502206206));
#10841=CARTESIAN_POINT('',(3.40747892571402,-1.35,-1.04643843057008));
#10842=CARTESIAN_POINT('',(3.40747892571402,-1.35,-1.05286183907811));
#10843=CARTESIAN_POINT('',(3.56827683406057,-1.35,-1.10322816804168));
#10844=CARTESIAN_POINT('',(3.5687022253525,-1.35,-1.08910517714987));
#10845=CARTESIAN_POINT('',(3.56827683406057,-1.35,-1.10322816804168));
#10846=CARTESIAN_POINT('',(3.56453339069167,-1.35,-1.11709592415835));
#10847=CARTESIAN_POINT('',(3.55440907794392,-1.35,-1.12475296741294));
#10848=CARTESIAN_POINT('',(3.54428476519617,-1.35,-1.13241001066754));
#10849=CARTESIAN_POINT('',(3.52854528739505,-1.35,-1.13241001066754));
#10850=CARTESIAN_POINT('',(3.50872205319148,-1.35,-1.13241001066754));
#10851=CARTESIAN_POINT('',(3.497108870922,-1.35,-1.12020128058938));
#10852=CARTESIAN_POINT('',(3.48549568865253,-1.35,-1.10799255051121));
#10853=CARTESIAN_POINT('',(3.48549568865253,-1.35,-1.08595728158965));
#10854=CARTESIAN_POINT('',(3.48549568865253,-1.35,-1.06315630834262));
#10855=CARTESIAN_POINT('',(3.49723648830958,-1.35,-1.05056472610173));
#10856=CARTESIAN_POINT('',(3.50897728796663,-1.35,-1.03797314386083));
#10857=CARTESIAN_POINT('',(3.52769450481121,-1.35,-1.03797314386083));
#10858=CARTESIAN_POINT('',(3.54581617384709,-1.35,-1.03797314386083));
#10859=CARTESIAN_POINT('',(3.55730173872899,-1.35,-1.05030949132657));
#10860=CARTESIAN_POINT('',(3.56878730361088,-1.35,-1.06264583879231));
#10861=CARTESIAN_POINT('',(3.56878730361088,-1.35,-1.08502142074742));
#10862=CARTESIAN_POINT('',(3.56878730361088,-1.35,-1.08638267288157));
#10863=CARTESIAN_POINT('',(3.5687022253525,-1.35,-1.08910517714987));
#10864=CARTESIAN_POINT('',(3.50132024471203,-1.35,-1.08910517714987));
#10865=CARTESIAN_POINT('',(3.5687022253525,-1.35,-1.08910517714987));
#10866=CARTESIAN_POINT('',(3.53501123503226,-1.35,-1.08910517714987));
#10867=CARTESIAN_POINT('',(3.50132024471203,-1.35,-1.08910517714987));
#10868=CARTESIAN_POINT('',(3.55245227800107,-1.35,-1.10127136809884));
#10869=CARTESIAN_POINT('',(3.50132024471203,-1.35,-1.08910517714987));
#10870=CARTESIAN_POINT('',(3.50217102729588,-1.35,-1.10399387236715));
#10871=CARTESIAN_POINT('',(3.50974299229209,-1.35,-1.1119061503969));
#10872=CARTESIAN_POINT('',(3.51731495728831,-1.35,-1.11981842842665));
#10873=CARTESIAN_POINT('',(3.52863036565344,-1.35,-1.11981842842665));
#10874=CARTESIAN_POINT('',(3.53705311323349,-1.35,-1.11981842842665));
#10875=CARTESIAN_POINT('',(3.5430085913204,-1.35,-1.11539435899066));
#10876=CARTESIAN_POINT('',(3.54896406940731,-1.35,-1.11097028955467));
#10877=CARTESIAN_POINT('',(3.55245227800107,-1.35,-1.10127136809884));
#10878=CARTESIAN_POINT('',(3.55245227800107,-1.35,-1.10127136809884));
#10879=CARTESIAN_POINT('',(3.56036455603082,-1.35,-1.10224976807026));
#10880=CARTESIAN_POINT('',(3.56827683406057,-1.35,-1.10322816804168));
#10881=CARTESIAN_POINT('',(3.66007627485737,-1.35,-1.066559438678));
#10882=CARTESIAN_POINT('',(3.6451875796401,-1.35,-1.06885655165438));
#10883=CARTESIAN_POINT('',(3.66007627485737,-1.35,-1.066559438678));
#10884=CARTESIAN_POINT('',(3.65263192724874,-1.35,-1.06770799516619));
#10885=CARTESIAN_POINT('',(3.6451875796401,-1.35,-1.06885655165438));
#10886=CARTESIAN_POINT('',(3.64646375351586,-1.35,-1.09727268995477));
#10887=CARTESIAN_POINT('',(3.6451875796401,-1.35,-1.06885655165438));
#10888=CARTESIAN_POINT('',(3.64306062318048,-1.35,-1.05975317800724));
#10889=CARTESIAN_POINT('',(3.63765815377307,-1.35,-1.05515895205449));
#10890=CARTESIAN_POINT('',(3.63225568436567,-1.35,-1.05056472610173));
#10891=CARTESIAN_POINT('',(3.62459864111107,-1.35,-1.05056472610173));
#10892=CARTESIAN_POINT('',(3.61302799797079,-1.35,-1.05056472610173));
#10893=CARTESIAN_POINT('',(3.60579634600811,-1.35,-1.05885985629421));
#10894=CARTESIAN_POINT('',(3.59856469404544,-1.35,-1.06715498648669));
#10895=CARTESIAN_POINT('',(3.59856469404544,-1.35,-1.0851064990058));
#10896=CARTESIAN_POINT('',(3.59856469404544,-1.35,-1.10331324630007));
#10897=CARTESIAN_POINT('',(3.60554111123296,-1.35,-1.11156583736336));
#10898=CARTESIAN_POINT('',(3.61251752842048,-1.35,-1.11981842842665));
#10899=CARTESIAN_POINT('',(3.62374785852722,-1.35,-1.11981842842665));
#10900=CARTESIAN_POINT('',(3.63276615391597,-1.35,-1.11981842842665));
#10901=CARTESIAN_POINT('',(3.63880671026127,-1.35,-1.11428834163166));
#10902=CARTESIAN_POINT('',(3.64484726660656,-1.35,-1.10875825483667));
#10903=CARTESIAN_POINT('',(3.64646375351586,-1.35,-1.09727268995477));
#10904=CARTESIAN_POINT('',(3.66152260524991,-1.35,-1.09922948989762));
#10905=CARTESIAN_POINT('',(3.64646375351586,-1.35,-1.09727268995477));
#10906=CARTESIAN_POINT('',(3.65399317938288,-1.35,-1.0982510899262));
#10907=CARTESIAN_POINT('',(3.66152260524991,-1.35,-1.09922948989762));
#10908=CARTESIAN_POINT('',(3.66152260524991,-1.35,-1.09922948989762));
#10909=CARTESIAN_POINT('',(3.65905533575676,-1.35,-1.11479881118197));
#10910=CARTESIAN_POINT('',(3.64888848387982,-1.35,-1.12360441092476));
#10911=CARTESIAN_POINT('',(3.63872163200288,-1.35,-1.13241001066754));
#10912=CARTESIAN_POINT('',(3.62391801504399,-1.35,-1.13241001066754));
#10913=CARTESIAN_POINT('',(3.60537095471618,-1.35,-1.13241001066754));
#10914=CARTESIAN_POINT('',(3.59409808548025,-1.35,-1.12028635884776));
#10915=CARTESIAN_POINT('',(3.58282521624432,-1.35,-1.10816270702798));
#10916=CARTESIAN_POINT('',(3.58282521624432,-1.35,-1.08553189029772));
#10917=CARTESIAN_POINT('',(3.58282521624432,-1.35,-1.0708984298556));
#10918=CARTESIAN_POINT('',(3.58767467697223,-1.35,-1.05992333452401));
#10919=CARTESIAN_POINT('',(3.59252413770014,-1.35,-1.04894823919242));
#10920=CARTESIAN_POINT('',(3.60243575480192,-1.35,-1.04346069152663));
#10921=CARTESIAN_POINT('',(3.61234737190371,-1.35,-1.03797314386083));
#10922=CARTESIAN_POINT('',(3.62400309330238,-1.35,-1.03797314386083));
#10923=CARTESIAN_POINT('',(3.63872163200288,-1.35,-1.03797314386083));
#10924=CARTESIAN_POINT('',(3.64808024042517,-1.35,-1.04541749146947));
#10925=CARTESIAN_POINT('',(3.65743883846193,-1.35,-1.05286183907811));
#10926=CARTESIAN_POINT('',(3.66007627485737,-1.35,-1.066559438678));
#10927=CARTESIAN_POINT('',(3.67743223956779,-1.35,-1.01763944010695));
#10928=CARTESIAN_POINT('',(3.69266124781861,-1.35,-1.00845098820143));
#10929=CARTESIAN_POINT('',(3.67743223956779,-1.35,-1.01763944010695));
#10930=CARTESIAN_POINT('',(3.6850467436932,-1.35,-1.01304521415419));
#10931=CARTESIAN_POINT('',(3.69266124781861,-1.35,-1.00845098820143));
#10932=CARTESIAN_POINT('',(3.69266124781861,-1.35,-1.04001502206206));
#10933=CARTESIAN_POINT('',(3.69266124781861,-1.35,-1.00845098820143));
#10934=CARTESIAN_POINT('',(3.69266124781861,-1.35,-1.02423300513175));
#10935=CARTESIAN_POINT('',(3.69266124781861,-1.35,-1.04001502206206));
#10936=CARTESIAN_POINT('',(3.70806041258619,-1.35,-1.04001502206206));
#10937=CARTESIAN_POINT('',(3.69266124781861,-1.35,-1.04001502206206));
#10938=CARTESIAN_POINT('',(3.7003608302024,-1.35,-1.04001502206206));
#10939=CARTESIAN_POINT('',(3.70806041258619,-1.35,-1.04001502206206));
#10940=CARTESIAN_POINT('',(3.70806041258619,-1.35,-1.05192597823588));
#10941=CARTESIAN_POINT('',(3.70806041258619,-1.35,-1.04001502206206));
#10942=CARTESIAN_POINT('',(3.70806041258619,-1.35,-1.04597050014897));
#10943=CARTESIAN_POINT('',(3.70806041258619,-1.35,-1.05192597823588));
#10944=CARTESIAN_POINT('',(3.69266124781861,-1.35,-1.05192597823588));
#10945=CARTESIAN_POINT('',(3.70806041258619,-1.35,-1.05192597823588));
#10946=CARTESIAN_POINT('',(3.7003608302024,-1.35,-1.05192597823588));
#10947=CARTESIAN_POINT('',(3.69266124781861,-1.35,-1.05192597823588));
#10948=CARTESIAN_POINT('',(3.69266124781861,-1.35,-1.1047595766926));
#10949=CARTESIAN_POINT('',(3.69266124781861,-1.35,-1.05192597823588));
#10950=CARTESIAN_POINT('',(3.69266124781861,-1.35,-1.07834277746424));
#10951=CARTESIAN_POINT('',(3.69266124781861,-1.35,-1.1047595766926));
#10952=CARTESIAN_POINT('',(3.70806041258619,-1.35,-1.11667053286642));
#10953=CARTESIAN_POINT('',(3.69266124781861,-1.35,-1.1047595766926));
#10954=CARTESIAN_POINT('',(3.69266124781861,-1.35,-1.1113106025882));
#10955=CARTESIAN_POINT('',(3.69346949127326,-1.35,-1.11318232427266));
#10956=CARTESIAN_POINT('',(3.69427773472791,-1.35,-1.11505404595712));
#10957=CARTESIAN_POINT('',(3.69610691728318,-1.35,-1.11616006331612));
#10958=CARTESIAN_POINT('',(3.69793609983844,-1.35,-1.11726608067512));
#10959=CARTESIAN_POINT('',(3.70133923017382,-1.35,-1.11726608067512));
#10960=CARTESIAN_POINT('',(3.70389157792535,-1.35,-1.11726608067512));
#10961=CARTESIAN_POINT('',(3.70806041258619,-1.35,-1.11667053286642));
#10962=CARTESIAN_POINT('',(3.71027244730419,-1.35,-1.13019797594955));
#10963=CARTESIAN_POINT('',(3.70806041258619,-1.35,-1.11667053286642));
#10964=CARTESIAN_POINT('',(3.70916642994519,-1.35,-1.12343425440799));
#10965=CARTESIAN_POINT('',(3.71027244730419,-1.35,-1.13019797594955));
#10966=CARTESIAN_POINT('',(3.67743223956779,-1.35,-1.10390879410876));
#10967=CARTESIAN_POINT('',(3.71027244730419,-1.35,-1.13019797594955));
#10968=CARTESIAN_POINT('',(3.70380649966697,-1.35,-1.1315592280837));
#10969=CARTESIAN_POINT('',(3.6987018041639,-1.35,-1.1315592280837));
#10970=CARTESIAN_POINT('',(3.69036413484223,-1.35,-1.1315592280837));
#10971=CARTESIAN_POINT('',(3.68576990888947,-1.35,-1.12892180207378));
#10972=CARTESIAN_POINT('',(3.68117568293671,-1.35,-1.12628437606387));
#10973=CARTESIAN_POINT('',(3.67930396125225,-1.35,-1.12198792401545));
#10974=CARTESIAN_POINT('',(3.67743223956779,-1.35,-1.11769147196704));
#10975=CARTESIAN_POINT('',(3.67743223956779,-1.35,-1.10390879410876));
#10976=CARTESIAN_POINT('',(3.67743223956779,-1.35,-1.05192597823588));
#10977=CARTESIAN_POINT('',(3.67743223956779,-1.35,-1.10390879410876));
#10978=CARTESIAN_POINT('',(3.67743223956779,-1.35,-1.07791738617232));
#10979=CARTESIAN_POINT('',(3.67743223956779,-1.35,-1.05192597823588));
#10980=CARTESIAN_POINT('',(3.66620190946105,-1.35,-1.05192597823588));
#10981=CARTESIAN_POINT('',(3.67743223956779,-1.35,-1.05192597823588));
#10982=CARTESIAN_POINT('',(3.67181707451442,-1.35,-1.05192597823588));
#10983=CARTESIAN_POINT('',(3.66620190946105,-1.35,-1.05192597823588));
#10984=CARTESIAN_POINT('',(3.66620190946105,-1.35,-1.04001502206206));
#10985=CARTESIAN_POINT('',(3.66620190946105,-1.35,-1.05192597823588));
#10986=CARTESIAN_POINT('',(3.66620190946105,-1.35,-1.04597050014897));
#10987=CARTESIAN_POINT('',(3.66620190946105,-1.35,-1.04001502206206));
#10988=CARTESIAN_POINT('',(3.67743223956779,-1.35,-1.04001502206206));
#10989=CARTESIAN_POINT('',(3.66620190946105,-1.35,-1.04001502206206));
#10990=CARTESIAN_POINT('',(3.67181707451442,-1.35,-1.04001502206206));
#10991=CARTESIAN_POINT('',(3.67743223956779,-1.35,-1.04001502206206));
#10992=CARTESIAN_POINT('',(3.67743223956779,-1.35,-1.04001502206206));
#10993=CARTESIAN_POINT('',(3.67743223956779,-1.35,-1.0288272310845));
#10994=CARTESIAN_POINT('',(3.67743223956779,-1.35,-1.01763944010695));
#10995=CARTESIAN_POINT('',(3.83355084370322,-1.35,-1.05371262166195));
#10996=CARTESIAN_POINT('',(3.86885832093276,-1.35,-1.04290768284713));
#10997=CARTESIAN_POINT('',(3.83355084370322,-1.35,-1.05371262166195));
#10998=CARTESIAN_POINT('',(3.83882569572305,-1.35,-1.04409877846451));
#10999=CARTESIAN_POINT('',(3.84329230428823,-1.35,-1.04103596116267));
#11000=CARTESIAN_POINT('',(3.84775891285342,-1.35,-1.03797314386083));
#11001=CARTESIAN_POINT('',(3.85311884313164,-1.35,-1.03797314386083));
#11002=CARTESIAN_POINT('',(3.86086096464462,-1.35,-1.03797314386083));
#11003=CARTESIAN_POINT('',(3.86885832093276,-1.35,-1.04290768284713));
#11004=CARTESIAN_POINT('',(3.86358346891292,-1.35,-1.05711575199733));
#11005=CARTESIAN_POINT('',(3.86885832093276,-1.35,-1.04290768284713));
#11006=CARTESIAN_POINT('',(3.86622089492284,-1.35,-1.05001171742223));
#11007=CARTESIAN_POINT('',(3.86358346891292,-1.35,-1.05711575199733));
#11008=CARTESIAN_POINT('',(3.83508225235413,-1.35,-1.08306462080457));
#11009=CARTESIAN_POINT('',(3.86358346891292,-1.35,-1.05711575199733));
#11010=CARTESIAN_POINT('',(3.85796830385955,-1.35,-1.05379769992033));
#11011=CARTESIAN_POINT('',(3.85235313880617,-1.35,-1.05379769992033));
#11012=CARTESIAN_POINT('',(3.8473335215615,-1.35,-1.05379769992033));
#11013=CARTESIAN_POINT('',(3.84333484341742,-1.35,-1.05681797809298));
#11014=CARTESIAN_POINT('',(3.83933616527336,-1.35,-1.05983825626563));
#11015=CARTESIAN_POINT('',(3.83763460010568,-1.35,-1.06519818654385));
#11016=CARTESIAN_POINT('',(3.83508225235413,-1.35,-1.07336569934875));
#11017=CARTESIAN_POINT('',(3.83508225235413,-1.35,-1.08306462080457));
#11018=CARTESIAN_POINT('',(3.83508225235413,-1.35,-1.13036813246632));
#11019=CARTESIAN_POINT('',(3.83508225235413,-1.35,-1.08306462080457));
#11020=CARTESIAN_POINT('',(3.83508225235413,-1.35,-1.10671637663545));
#11021=CARTESIAN_POINT('',(3.83508225235413,-1.35,-1.13036813246632));
#11022=CARTESIAN_POINT('',(3.81976816584495,-1.35,-1.13036813246632));
#11023=CARTESIAN_POINT('',(3.83508225235413,-1.35,-1.13036813246632));
#11024=CARTESIAN_POINT('',(3.82742520909954,-1.35,-1.13036813246632));
#11025=CARTESIAN_POINT('',(3.81976816584495,-1.35,-1.13036813246632));
#11026=CARTESIAN_POINT('',(3.81976816584495,-1.35,-1.04001502206206));
#11027=CARTESIAN_POINT('',(3.81976816584495,-1.35,-1.13036813246632));
#11028=CARTESIAN_POINT('',(3.81976816584495,-1.35,-1.08519157726419));
#11029=CARTESIAN_POINT('',(3.81976816584495,-1.35,-1.04001502206206));
#11030=CARTESIAN_POINT('',(3.83355084370322,-1.35,-1.04001502206206));
#11031=CARTESIAN_POINT('',(3.81976816584495,-1.35,-1.04001502206206));
#11032=CARTESIAN_POINT('',(3.82665950477408,-1.35,-1.04001502206206));
#11033=CARTESIAN_POINT('',(3.83355084370322,-1.35,-1.04001502206206));
#11034=CARTESIAN_POINT('',(3.83355084370322,-1.35,-1.04001502206206));
#11035=CARTESIAN_POINT('',(3.83355084370322,-1.35,-1.046863821862));
#11036=CARTESIAN_POINT('',(3.83355084370322,-1.35,-1.05371262166195));
#11037=CARTESIAN_POINT('',(4.65,1.35,-1.4));
#11038=CARTESIAN_POINT('',(4.65,-1.35,-1.4));
#11039=CARTESIAN_POINT('',(4.65,0.779072689749564,-0.548253812702719));
#11040=CARTESIAN_POINT('',(4.65,1.35,-0.548253812702719));
#11041=CARTESIAN_POINT('',(4.65,0.779072689749564,-0.548253812702719));
#11042=CARTESIAN_POINT('',(4.65,-0.779072689749563,-0.548253812702719));
#11043=CARTESIAN_POINT('',(4.65,0.779072689749564,-0.548253812702719));
#11044=CARTESIAN_POINT('',(4.65,-0.779072689749563,-0.548253812702719));
#11045=CARTESIAN_POINT('',(4.65,-0.779072689749563,-0.548253812702719));
#11046=CARTESIAN_POINT('',(4.65,-1.35,-0.548253812702719));
#11047=CARTESIAN_POINT('',(4.85,-0.779072689749563,-0.548253812702719));
#11048=CARTESIAN_POINT('',(4.85,-0.779072689749563,-0.548253812702719));
#11049=CARTESIAN_POINT('',(4.85,-1.35,-0.548253812702719));
#11050=CARTESIAN_POINT('',(4.85,-0.779072689749563,-0.548253812702719));
#11051=CARTESIAN_POINT('',(4.65,-0.779072689749563,-0.548253812702719));
#11052=CARTESIAN_POINT('',(-4.65,-0.660327379008892,-0.306604747365962));
#11054=CARTESIAN_POINT('',(-4.65,-0.779072689749564,-0.548253812702719));
#11055=CARTESIAN_POINT('',(-4.65,-0.685650153370389,-0.548253812702719));
#11056=CARTESIAN_POINT('',(-4.65,-0.644448472387839,-0.464407573742763));
#11057=CARTESIAN_POINT('',(-4.65,-0.603246791405288,-0.380561334782806));
#11058=CARTESIAN_POINT('',(-4.65,-0.660327379008892,-0.306604747365962));
#11065=CARTESIAN_POINT('',(-4.65,-0.742606210868533,-0.2));
#11066=CARTESIAN_POINT('',(-4.65,-0.660327379008892,-0.306604747365962));
#11067=CARTESIAN_POINT('',(-4.65,-0.701466794938713,-0.253302373682981));
#11068=CARTESIAN_POINT('',(-4.65,-0.742606210868533,-0.2));
#11069=CARTESIAN_POINT('',(-4.65,0.742606210868533,-0.199999999999999));
#11070=CARTESIAN_POINT('',(-4.65,0.742606210868533,-0.199999999999999));
#11071=CARTESIAN_POINT('',(-4.65,0.247535403622844,-0.199999999999998));
#11072=CARTESIAN_POINT('',(-4.65,-0.247535403622845,-0.2));
#11073=CARTESIAN_POINT('',(-4.65,-0.742606210868533,-0.2));
#11074=CARTESIAN_POINT('',(-4.65,0.660327379008893,-0.306604747365963));
#11075=CARTESIAN_POINT('',(-4.65,0.742606210868533,-0.199999999999999));
#11076=CARTESIAN_POINT('',(-4.65,0.701466794938713,-0.253302373682981));
#11077=CARTESIAN_POINT('',(-4.65,0.660327379008893,-0.306604747365963));
#11079=CARTESIAN_POINT('',(-4.65,0.660327379008893,-0.306604747365963));
#11080=CARTESIAN_POINT('',(-4.65,0.603246791405289,-0.380561334782807));
#11081=CARTESIAN_POINT('',(-4.65,0.644448472387839,-0.464407573742763));
#11082=CARTESIAN_POINT('',(-4.65,0.68565015337039,-0.548253812702719));
#11083=CARTESIAN_POINT('',(-4.65,0.779072689749563,-0.548253812702719));
#11090=CARTESIAN_POINT('',(4.85,-0.660327379008892,-0.306604747365963));
#11091=CARTESIAN_POINT('',(4.65,-0.660327379008893,-0.306604747365963));
#11092=CARTESIAN_POINT('',(4.85,-0.660327379008892,-0.306604747365963));
#11093=CARTESIAN_POINT('',(4.65,-0.660327379008893,-0.306604747365963));
#11095=CARTESIAN_POINT('',(4.85,-0.660327379008892,-0.306604747365963));
#11096=CARTESIAN_POINT('',(4.85,-0.603246791405288,-0.380561334782807));
#11097=CARTESIAN_POINT('',(4.85,-0.644448472387839,-0.464407573742763));
#11098=CARTESIAN_POINT('',(4.85,-0.685650153370389,-0.54825381270272));
#11099=CARTESIAN_POINT('',(4.85,-0.779072689749563,-0.548253812702719));
#11107=CARTESIAN_POINT('',(4.65,-0.660327379008893,-0.306604747365963));
#11108=CARTESIAN_POINT('',(4.65,-0.603246791405289,-0.380561334782807));
#11109=CARTESIAN_POINT('',(4.65,-0.644448472387839,-0.464407573742763));
#11110=CARTESIAN_POINT('',(4.65,-0.685650153370389,-0.54825381270272));
#11111=CARTESIAN_POINT('',(4.65,-0.779072689749563,-0.548253812702719));
#11118=CARTESIAN_POINT('',(4.45,-0.751101887516054,-0.2));
#11119=CARTESIAN_POINT('',(4.45,-1.35,-0.2));
#11120=CARTESIAN_POINT('',(4.45,-0.751101887516054,-0.2));
#11121=CARTESIAN_POINT('',(4.45,-0.751101887516054,0.0));
#11122=CARTESIAN_POINT('',(4.45,-1.35,0.0));
#11123=CARTESIAN_POINT('',(4.45,-0.751101887516054,0.0));
#11124=CARTESIAN_POINT('',(4.45,-0.751101887516054,0.0));
#11125=CARTESIAN_POINT('',(4.45,-0.751101887516054,-0.188992558082775));
#11126=CARTESIAN_POINT('',(4.45,-0.751101887516054,-0.2));
#11127=CARTESIAN_POINT('',(4.85,0.779072689749563,-0.548253812702719));
#11128=CARTESIAN_POINT('',(4.85,0.779072689749563,-0.548253812702719));
#11129=CARTESIAN_POINT('',(4.65,0.779072689749564,-0.548253812702719));
#11130=CARTESIAN_POINT('',(4.85,0.660327379008893,-0.306604747365963));
#11132=CARTESIAN_POINT('',(4.85,0.779072689749563,-0.548253812702719));
#11133=CARTESIAN_POINT('',(4.85,0.685650153370389,-0.548253812702719));
#11134=CARTESIAN_POINT('',(4.85,0.644448472387839,-0.464407573742763));
#11135=CARTESIAN_POINT('',(4.85,0.603246791405289,-0.380561334782807));
#11136=CARTESIAN_POINT('',(4.85,0.660327379008893,-0.306604747365963));
#11143=CARTESIAN_POINT('',(4.65,0.660327379008893,-0.306604747365962));
#11144=CARTESIAN_POINT('',(4.85,0.660327379008893,-0.306604747365963));
#11145=CARTESIAN_POINT('',(4.65,0.660327379008893,-0.306604747365962));
#11147=CARTESIAN_POINT('',(4.65,0.779072689749564,-0.548253812702719));
#11148=CARTESIAN_POINT('',(4.65,0.685650153370389,-0.548253812702719));
#11149=CARTESIAN_POINT('',(4.65,0.644448472387839,-0.464407573742763));
#11150=CARTESIAN_POINT('',(4.65,0.603246791405288,-0.380561334782806));
#11151=CARTESIAN_POINT('',(4.65,0.660327379008893,-0.306604747365962));
#11158=CARTESIAN_POINT('',(-4.85,0.660327379008893,-0.306604747365963));
#11159=CARTESIAN_POINT('',(-4.85,0.660327379008893,-0.306604747365963));
#11160=CARTESIAN_POINT('',(-4.65,0.660327379008893,-0.306604747365963));
#11161=CARTESIAN_POINT('',(-4.85,0.779072689749563,-0.548253812702719));
#11163=CARTESIAN_POINT('',(-4.85,0.660327379008893,-0.306604747365963));
#11164=CARTESIAN_POINT('',(-4.85,0.603246791405289,-0.380561334782807));
#11165=CARTESIAN_POINT('',(-4.85,0.644448472387839,-0.464407573742763));
#11166=CARTESIAN_POINT('',(-4.85,0.685650153370389,-0.54825381270272));
#11167=CARTESIAN_POINT('',(-4.85,0.779072689749563,-0.548253812702719));
#11174=CARTESIAN_POINT('',(-4.85,0.779072689749563,-0.548253812702719));
#11175=CARTESIAN_POINT('',(-4.65,0.779072689749563,-0.548253812702719));
#11176=CARTESIAN_POINT('',(-4.45,0.751101887516054,-0.2));
#11177=CARTESIAN_POINT('',(-4.45,1.35,-0.2));
#11178=CARTESIAN_POINT('',(-4.45,0.751101887516054,-0.2));
#11179=CARTESIAN_POINT('',(-4.45,0.751101887516054,0.0));
#11180=CARTESIAN_POINT('',(-4.45,1.35,0.0));
#11181=CARTESIAN_POINT('',(-4.45,0.751101887516054,0.0));
#11182=CARTESIAN_POINT('',(-4.45,0.751101887516054,0.0));
#11183=CARTESIAN_POINT('',(-4.45,0.751101887516054,-0.188992558082775));
#11184=CARTESIAN_POINT('',(-4.45,0.751101887516054,-0.2));
#11185=CARTESIAN_POINT('',(-4.85,-0.660327379008892,-0.306604747365963));
#11187=CARTESIAN_POINT('',(-4.85,-0.779072689749563,-0.548253812702719));
#11188=CARTESIAN_POINT('',(-4.85,-0.685650153370389,-0.548253812702719));
#11189=CARTESIAN_POINT('',(-4.85,-0.644448472387839,-0.464407573742763));
#11190=CARTESIAN_POINT('',(-4.85,-0.603246791405288,-0.380561334782807));
#11191=CARTESIAN_POINT('',(-4.85,-0.660327379008892,-0.306604747365963));
#11198=CARTESIAN_POINT('',(-4.85,-0.660327379008892,-0.306604747365963));
#11199=CARTESIAN_POINT('',(-4.65,-0.660327379008892,-0.306604747365962));
#11200=CARTESIAN_POINT('',(-4.76723390507801,0.751101887516059,-0.159960826439527));
#11201=CARTESIAN_POINT('',(-4.71078212164081,0.751101887516059,-0.0699410906356496));
#11203=CARTESIAN_POINT('',(-4.76723390507801,0.751101887516059,-0.159960826439527));
#11204=CARTESIAN_POINT('',(-4.71078212164081,0.751101887516021,-0.132651542886026));
#11205=CARTESIAN_POINT('',(-4.71078212164081,0.751101887516059,-0.0699410906356496));
#11212=CARTESIAN_POINT('',(-4.85,0.75110188751606,-0.2));
#11213=CARTESIAN_POINT('',(-4.85,0.75110188751606,-0.2));
#11214=CARTESIAN_POINT('',(-4.76723390507801,0.751101887516059,-0.159960826439527));
#11215=CARTESIAN_POINT('',(-4.85,0.75110188751606,-0.2));
#11216=CARTESIAN_POINT('',(-4.45,0.751101887516054,-0.2));
#11217=CARTESIAN_POINT('',(-4.71078212164081,0.751101887516058,2.66453525910038E-15));
#11218=CARTESIAN_POINT('',(-4.71078212164081,0.751101887516058,2.66453525910038E-15));
#11219=CARTESIAN_POINT('',(-4.65,0.751101887516057,2.04349534572041E-15));
#11220=CARTESIAN_POINT('',(-4.45,0.751101887516054,0.0));
#11221=CARTESIAN_POINT('',(-4.71078212164081,0.751101887516059,-0.0699410906356496));
#11222=CARTESIAN_POINT('',(-4.71078212164081,0.751101887516058,2.66453525910038E-15));
#11223=CARTESIAN_POINT('',(4.71078212164081,0.751101887516054,-0.0699410906356491));
#11224=CARTESIAN_POINT('',(4.76723390507802,0.751101887516055,-0.159960826439527));
#11226=CARTESIAN_POINT('',(4.71078212164081,0.751101887516054,-0.0699410906356491));
#11227=CARTESIAN_POINT('',(4.71078212164081,0.751101887516108,-0.132651542886026));
#11228=CARTESIAN_POINT('',(4.76723390507802,0.751101887516055,-0.159960826439527));
#11235=CARTESIAN_POINT('',(4.71078212164081,0.751101887516057,0.0));
#11236=CARTESIAN_POINT('',(4.71078212164081,0.751101887516054,-0.0699410906356491));
#11237=CARTESIAN_POINT('',(4.45,0.751101887516054,-0.2));
#11238=CARTESIAN_POINT('',(4.45,0.751101887516054,-0.2));
#11239=CARTESIAN_POINT('',(4.45,0.751101887516054,-0.188992558082775));
#11240=CARTESIAN_POINT('',(4.45,0.751101887516054,0.0));
#11241=CARTESIAN_POINT('',(4.85,0.751101887516059,-0.2));
#11242=CARTESIAN_POINT('',(4.45,0.751101887516054,-0.2));
#11243=CARTESIAN_POINT('',(4.85,0.751101887516059,-0.2));
#11244=CARTESIAN_POINT('',(4.76723390507802,0.751101887516055,-0.159960826439527));
#11245=CARTESIAN_POINT('',(4.85,0.751101887516059,-0.2));
#11246=CARTESIAN_POINT('',(4.76723390507802,-0.751101887516053,-0.159960826439527));
#11247=CARTESIAN_POINT('',(4.71078212164081,-0.751101887516054,-0.0699410906356493));
#11249=CARTESIAN_POINT('',(4.76723390507802,-0.751101887516053,-0.159960826439527));
#11250=CARTESIAN_POINT('',(4.71078212164081,-0.751101887516058,-0.132651542886024));
#11251=CARTESIAN_POINT('',(4.71078212164081,-0.751101887516054,-0.0699410906356493));
#11258=CARTESIAN_POINT('',(4.85,-0.751101887516053,-0.2));
#11259=CARTESIAN_POINT('',(4.85,-0.751101887516053,-0.2));
#11260=CARTESIAN_POINT('',(4.76723390507802,-0.751101887516053,-0.159960826439527));
#11261=CARTESIAN_POINT('',(4.85,-0.751101887516053,-0.2));
#11262=CARTESIAN_POINT('',(4.45,-0.751101887516054,-0.2));
#11263=CARTESIAN_POINT('',(4.71078212164081,-0.751101887516054,2.66453525910037E-15));
#11264=CARTESIAN_POINT('',(4.71078212164081,-0.751101887516054,2.66453525910037E-15));
#11265=CARTESIAN_POINT('',(4.65,-0.751101887516054,2.04349534572036E-15));
#11266=CARTESIAN_POINT('',(4.45,-0.751101887516054,0.0));
#11267=CARTESIAN_POINT('',(4.71078212164081,-0.751101887516054,-0.0699410906356493));
#11268=CARTESIAN_POINT('',(4.71078212164081,-0.751101887516054,2.66453525910037E-15));
#11269=CARTESIAN_POINT('',(-4.71078212164082,-0.75110188751605,-0.0699410906356494));
#11270=CARTESIAN_POINT('',(-4.76723390507802,-0.75110188751605,-0.159960826439527));
#11272=CARTESIAN_POINT('',(-4.71078212164082,-0.75110188751605,-0.0699410906356494));
#11273=CARTESIAN_POINT('',(-4.71078212164082,-0.751101887516073,-0.132651542886026));
#11274=CARTESIAN_POINT('',(-4.76723390507802,-0.75110188751605,-0.159960826439527));
#11281=CARTESIAN_POINT('',(-4.71078212164082,-0.751101887516056,0.0));
#11282=CARTESIAN_POINT('',(-4.71078212164082,-0.75110188751605,-0.0699410906356494));
#11283=CARTESIAN_POINT('',(-4.45,-0.751101887516054,-0.2));
#11284=CARTESIAN_POINT('',(-4.45,-0.751101887516054,-0.2));
#11285=CARTESIAN_POINT('',(-4.45,-0.751101887516054,-0.188992558082775));
#11286=CARTESIAN_POINT('',(-4.45,-0.751101887516054,0.0));
#11287=CARTESIAN_POINT('',(-4.85000000000001,-0.751101887516057,-0.2));
#11288=CARTESIAN_POINT('',(-4.45,-0.751101887516054,-0.2));
#11289=CARTESIAN_POINT('',(-4.85000000000001,-0.751101887516057,-0.2));
#11290=CARTESIAN_POINT('',(-4.76723390507802,-0.75110188751605,-0.159960826439527));
#11291=CARTESIAN_POINT('',(-4.85000000000001,-0.751101887516057,-0.2));
#11292=CARTESIAN_POINT('',(4.84999999999999,1.35,-0.199999999999995));
#11293=CARTESIAN_POINT('',(4.85,0.751101887516059,-0.2));
#11294=CARTESIAN_POINT('',(4.85,0.742606210868534,-0.2));
#11295=CARTESIAN_POINT('',(4.85,0.751101887516059,-0.2));
#11296=CARTESIAN_POINT('',(4.85,0.742606210868534,-0.2));
#11297=CARTESIAN_POINT('',(4.85,0.660327379008893,-0.306604747365963));
#11298=CARTESIAN_POINT('',(4.85,0.701466794938714,-0.253302373682981));
#11299=CARTESIAN_POINT('',(4.85,0.742606210868534,-0.2));
#11300=CARTESIAN_POINT('',(4.85,1.35,-0.548253812702719));
#11301=CARTESIAN_POINT('',(4.85,0.779072689749563,-0.548253812702719));
#11302=CARTESIAN_POINT('',(-4.85,0.779072689749563,-0.548253812702719));
#11303=CARTESIAN_POINT('',(-4.85,1.35,-0.548253812702719));
#11304=CARTESIAN_POINT('',(-4.85,-1.35,-0.2));
#11305=CARTESIAN_POINT('',(-4.85000000000001,-0.751101887516057,-0.2));
#11306=CARTESIAN_POINT('',(-4.85000000000001,-0.742606210868533,-0.2));
#11307=CARTESIAN_POINT('',(-4.85000000000001,-0.751101887516057,-0.2));
#11308=CARTESIAN_POINT('',(-4.85000000000001,-0.742606210868533,-0.2));
#11309=CARTESIAN_POINT('',(-4.85,-0.660327379008892,-0.306604747365963));
#11310=CARTESIAN_POINT('',(-4.85,-0.701466794938713,-0.253302373682981));
#11311=CARTESIAN_POINT('',(-4.85000000000001,-0.742606210868533,-0.2));
#11312=CARTESIAN_POINT('',(4.65,0.742606210868533,-0.2));
#11313=CARTESIAN_POINT('',(4.65,0.660327379008893,-0.306604747365962));
#11314=CARTESIAN_POINT('',(4.65,0.701466794938714,-0.25330237368298));
#11315=CARTESIAN_POINT('',(4.65,0.742606210868533,-0.2));
#11316=CARTESIAN_POINT('',(4.65,-0.742606210868533,-0.2));
#11317=CARTESIAN_POINT('',(4.65,0.742606210868533,-0.2));
#11318=CARTESIAN_POINT('',(4.65,0.247535403622845,-0.2));
#11319=CARTESIAN_POINT('',(4.65,-0.247535403622844,-0.200000000000001));
#11320=CARTESIAN_POINT('',(4.65,-0.742606210868533,-0.2));
#11321=CARTESIAN_POINT('',(4.65,-0.742606210868533,-0.2));
#11322=CARTESIAN_POINT('',(4.65,-0.701466794938714,-0.25330237368298));
#11323=CARTESIAN_POINT('',(4.65,-0.660327379008893,-0.306604747365963));
#11324=CARTESIAN_POINT('',(4.85,-0.742606210868533,-0.2));
#11325=CARTESIAN_POINT('',(4.85,-0.742606210868533,-0.2));
#11326=CARTESIAN_POINT('',(4.85,-0.701466794938713,-0.253302373682981));
#11327=CARTESIAN_POINT('',(4.85,-0.660327379008892,-0.306604747365963));
#11328=CARTESIAN_POINT('',(4.85,-0.742606210868533,-0.2));
#11329=CARTESIAN_POINT('',(4.65,-0.742606210868533,-0.2));
#11330=CARTESIAN_POINT('',(4.65,0.742606210868533,-0.2));
#11331=CARTESIAN_POINT('',(4.85,0.742606210868534,-0.2));
#11332=CARTESIAN_POINT('',(4.45,0.751101887516054,-0.2));
#11333=CARTESIAN_POINT('',(4.45,1.35,-0.2));
#11334=CARTESIAN_POINT('',(-4.85,0.742606210868533,-0.2));
#11335=CARTESIAN_POINT('',(-4.85,0.742606210868533,-0.2));
#11336=CARTESIAN_POINT('',(-4.85,0.701466794938713,-0.253302373682981));
#11337=CARTESIAN_POINT('',(-4.85,0.660327379008893,-0.306604747365963));
#11338=CARTESIAN_POINT('',(-4.85,0.742606210868533,-0.2));
#11339=CARTESIAN_POINT('',(-4.65,0.742606210868533,-0.199999999999999));
#11340=CARTESIAN_POINT('',(-4.65,-0.742606210868533,-0.2));
#11341=CARTESIAN_POINT('',(-4.85000000000001,-0.742606210868533,-0.2));
#11342=CARTESIAN_POINT('',(-4.45,-0.751101887516054,-0.2));
#11343=CARTESIAN_POINT('',(-4.45,-1.35,-0.2));
#11344=CARTESIAN_POINT('',(-2.0,-0.850000000000001,-0.600000000000097));
#11345=CARTESIAN_POINT('',(-2.0,-1.35,-0.600000000000097));
#11346=CARTESIAN_POINT('',(-2.0,-0.850000000000001,-0.600000000000097));
#11347=CARTESIAN_POINT('',(-2.00000000000001,-0.850000000000001,-0.200000000000001));
#11348=CARTESIAN_POINT('',(-2.0,-0.850000000000001,-0.600000000000097));
#11349=CARTESIAN_POINT('',(-2.00000000000001,-0.850000000000001,-0.200000000000001));
#11350=CARTESIAN_POINT('',(-2.00000000000001,-1.35,-0.200000000000001));
#11351=CARTESIAN_POINT('',(-2.00000000000001,-0.850000000000001,-0.200000000000001));
#11352=CARTESIAN_POINT('',(2.00000000000001,-0.850000000000001,-0.199999999999999));
#11353=CARTESIAN_POINT('',(2.0,-1.35,-0.2));
#11354=CARTESIAN_POINT('',(2.00000000000001,-0.850000000000001,-0.199999999999999));
#11355=CARTESIAN_POINT('',(2.00000000000001,-0.850000000000001,-0.59999999999999));
#11356=CARTESIAN_POINT('',(2.00000000000001,-0.850000000000001,-0.199999999999999));
#11357=CARTESIAN_POINT('',(2.00000000000001,-0.850000000000001,-0.59999999999999));
#11358=CARTESIAN_POINT('',(2.00000000000001,-1.35,-0.59999999999999));
#11359=CARTESIAN_POINT('',(2.00000000000001,-0.850000000000001,-0.59999999999999));
#11360=CARTESIAN_POINT('',(2.00000000000001,-0.850000000000001,-0.59999999999999));
#11361=CARTESIAN_POINT('',(-2.0,-0.850000000000001,-0.600000000000097));
#11362=CARTESIAN_POINT('',(-2.00000000000001,-0.850000000000001,-0.200000000000001));
#11363=CARTESIAN_POINT('',(2.00000000000001,-0.850000000000001,-0.199999999999999));
#11364=CARTESIAN_POINT('',(4.85,-0.742606210868533,-0.2));
#11365=CARTESIAN_POINT('',(4.85,-0.751101887516053,-0.2));
#11366=CARTESIAN_POINT('',(-4.85,0.742606210868533,-0.2));
#11367=CARTESIAN_POINT('',(-4.85,0.75110188751606,-0.2));
#11368=CARTESIAN_POINT('',(-4.76723390507802,-0.75110188751605,-0.159960826439527));
#11369=CARTESIAN_POINT('',(-4.76723390507802,-1.34999999999999,-0.159960826439529));
#11370=CARTESIAN_POINT('',(-4.71078212164081,1.35,5.32907051820073E-15));
#11371=CARTESIAN_POINT('',(-4.71078212164081,0.751101887516058,2.66453525910038E-15));
#11372=CARTESIAN_POINT('',(-4.71078212164081,0.751101887516059,-0.0699410906356496));
#11373=CARTESIAN_POINT('',(-4.71078212164081,1.35,-0.0699410906356469));
#11374=CARTESIAN_POINT('',(-4.85,1.35,-0.199999999999995));
#11375=CARTESIAN_POINT('',(-4.85,0.75110188751606,-0.2));
#11376=CARTESIAN_POINT('',(4.76723390507802,0.751101887516055,-0.159960826439527));
#11377=CARTESIAN_POINT('',(4.76723390507801,1.35,-0.159960826439524));
#11378=CARTESIAN_POINT('',(4.71078212164082,-1.35,-2.08979823198648E-30));
#11379=CARTESIAN_POINT('',(4.71078212164081,-0.751101887516054,2.66453525910037E-15));
#11380=CARTESIAN_POINT('',(4.71078212164081,-0.751101887516054,-0.0699410906356493));
#11381=CARTESIAN_POINT('',(4.71078212164082,-1.35,-0.0699410906356521));
#11382=CARTESIAN_POINT('',(4.85,-1.35,-0.2));
#11383=CARTESIAN_POINT('',(4.85,-0.751101887516053,-0.2));
#11384=CARTESIAN_POINT('',(4.76723390507802,-0.751101887516053,-0.159960826439527));
#11385=CARTESIAN_POINT('',(4.76723390507802,-1.35,-0.159960826439529));
#11386=CARTESIAN_POINT('',(4.71078212164081,0.751101887516054,-0.0699410906356491));
#11387=CARTESIAN_POINT('',(4.71078212164081,1.35,-0.0699410906356468));
#11388=CARTESIAN_POINT('',(-4.71078212164082,-0.75110188751605,-0.0699410906356494));
#11389=CARTESIAN_POINT('',(-4.71078212164081,-1.35,-0.0699410906356518));
#11390=CARTESIAN_POINT('',(-4.76723390507801,0.751101887516059,-0.159960826439527));
#11391=CARTESIAN_POINT('',(-4.76723390507802,1.35,-0.159960826439524));
#11392=CARTESIAN_POINT('',(3.0606160062182,-1.25,-0.563341089021886));
#11393=CARTESIAN_POINT('',(3.0606160062182,-1.35,-0.563341089021886));
#11394=CARTESIAN_POINT('',(3.0606160062182,-1.25,-0.563341089021886));
#11395=CARTESIAN_POINT('',(3.1473602169094,-1.25,-0.414277829960954));
#11396=CARTESIAN_POINT('',(3.0606160062182,-1.25,-0.563341089021886));
#11397=CARTESIAN_POINT('',(3.1039881115638,-1.25,-0.488809459491419));
#11398=CARTESIAN_POINT('',(3.1473602169094,-1.25,-0.414277829960954));
#11399=CARTESIAN_POINT('',(3.1473602169094,-1.35,-0.414277829960954));
#11400=CARTESIAN_POINT('',(3.1473602169094,-1.25,-0.414277829960954));
#11401=CARTESIAN_POINT('',(3.32456438174794,-1.25,-0.414277829960953));
#11402=CARTESIAN_POINT('',(3.1473602169094,-1.25,-0.414277829960954));
#11403=CARTESIAN_POINT('',(3.23596229932867,-1.25,-0.414277829960953));
#11404=CARTESIAN_POINT('',(3.32456438174794,-1.25,-0.414277829960953));
#11405=CARTESIAN_POINT('',(3.32456438174794,-1.35,-0.414277829960953));
#11406=CARTESIAN_POINT('',(3.32456438174794,-1.25,-0.414277829960953));
#11407=CARTESIAN_POINT('',(3.15652244066794,-1.25,-0.663283854903399));
#11408=CARTESIAN_POINT('',(3.32456438174794,-1.25,-0.414277829960953));
#11409=CARTESIAN_POINT('',(3.24054341120794,-1.25,-0.538780842432177));
#11410=CARTESIAN_POINT('',(3.15652244066794,-1.25,-0.663283854903399));
#11411=CARTESIAN_POINT('',(3.15652244066794,-1.35,-0.663283854903399));
#11412=CARTESIAN_POINT('',(3.15652244066794,-1.25,-0.663283854903399));
#11413=CARTESIAN_POINT('',(3.12046485004109,-1.25,-0.650953430480007));
#11414=CARTESIAN_POINT('',(3.15652244066794,-1.25,-0.663283854903399));
#11415=CARTESIAN_POINT('',(3.13849364535452,-1.25,-0.657118642691704));
#11416=CARTESIAN_POINT('',(3.12046485004109,-1.25,-0.650953430480007));
#11417=CARTESIAN_POINT('',(3.12046485004109,-1.35,-0.650953430480007));
#11418=CARTESIAN_POINT('',(3.12046485004109,-1.25,-0.650953430480007));
#11419=CARTESIAN_POINT('',(3.29123500559608,-1.25,-0.934167556976365));
#11420=CARTESIAN_POINT('',(3.12046485004109,-1.25,-0.650953430480007));
#11421=CARTESIAN_POINT('',(3.20584992781859,-1.25,-0.792560493728186));
#11422=CARTESIAN_POINT('',(3.29123500559608,-1.25,-0.934167556976365));
#11423=CARTESIAN_POINT('',(3.29123500559608,-1.35,-0.934167556976365));
#11424=CARTESIAN_POINT('',(3.29123500559608,-1.25,-0.934167556976365));
#11425=CARTESIAN_POINT('',(3.11921296261458,-1.25,-0.934167556976365));
#11426=CARTESIAN_POINT('',(3.29123500559608,-1.25,-0.934167556976365));
#11427=CARTESIAN_POINT('',(3.20522398410533,-1.25,-0.934167556976365));
#11428=CARTESIAN_POINT('',(3.11921296261458,-1.25,-0.934167556976365));
#11429=CARTESIAN_POINT('',(3.11921296261458,-1.35,-0.934167556976365));
#11430=CARTESIAN_POINT('',(3.11921296261458,-1.25,-0.934167556976365));
#11431=CARTESIAN_POINT('',(3.05820607971019,-1.25,-0.846535711412766));
#11432=CARTESIAN_POINT('',(3.11921296261458,-1.25,-0.934167556976365));
#11433=CARTESIAN_POINT('',(3.08870952116238,-1.25,-0.890351634194565));
#11434=CARTESIAN_POINT('',(3.05820607971019,-1.25,-0.846535711412766));
#11435=CARTESIAN_POINT('',(3.05820607971019,-1.35,-0.846535711412766));
#11436=CARTESIAN_POINT('',(3.05820607971019,-1.25,-0.846535711412766));
#11437=CARTESIAN_POINT('',(3.05527922511938,-1.25,-0.827431011025573));
#11439=CARTESIAN_POINT('',(3.05820607971019,-1.25,-0.846535711412766));
#11440=CARTESIAN_POINT('',(3.05205586170659,-1.25,-0.837701381110737));
#11441=CARTESIAN_POINT('',(3.05527922511938,-1.25,-0.827431011025573));
#11448=CARTESIAN_POINT('',(3.05527922511938,-1.35,-0.827431011025573));
#11449=CARTESIAN_POINT('',(3.05527922511938,-1.25,-0.827431011025573));
#11450=CARTESIAN_POINT('',(3.06380695971549,-1.25,-0.800259706064414));
#11451=CARTESIAN_POINT('',(3.05527922511938,-1.25,-0.827431011025573));
#11452=CARTESIAN_POINT('',(3.05954309241744,-1.25,-0.813845358544994));
#11453=CARTESIAN_POINT('',(3.06380695971549,-1.25,-0.800259706064414));
#11454=CARTESIAN_POINT('',(3.06380695971549,-1.35,-0.800259706064414));
#11455=CARTESIAN_POINT('',(3.06380695971549,-1.25,-0.800259706064414));
#11456=CARTESIAN_POINT('',(3.04511830566625,-1.25,-0.827736098333229));
#11457=CARTESIAN_POINT('',(3.06380695971549,-1.25,-0.800259706064414));
#11458=CARTESIAN_POINT('',(3.05446263269087,-1.25,-0.813997902198821));
#11459=CARTESIAN_POINT('',(3.04511830566625,-1.25,-0.827736098333229));
#11460=CARTESIAN_POINT('',(3.04511830566625,-1.35,-0.827736098333229));
#11461=CARTESIAN_POINT('',(3.04511830566625,-1.25,-0.827736098333229));
#11462=CARTESIAN_POINT('',(3.03169749115411,-1.25,-0.808458097414724));
#11463=CARTESIAN_POINT('',(3.04511830566625,-1.25,-0.827736098333229));
#11464=CARTESIAN_POINT('',(3.03840789841018,-1.25,-0.818097097873977));
#11465=CARTESIAN_POINT('',(3.03169749115411,-1.25,-0.808458097414724));
#11466=CARTESIAN_POINT('',(3.03169749115411,-1.35,-0.808458097414724));
#11467=CARTESIAN_POINT('',(3.03169749115411,-1.25,-0.808458097414724));
#11468=CARTESIAN_POINT('',(2.9474575728313,-1.25,-0.932309126730775));
#11469=CARTESIAN_POINT('',(3.03169749115411,-1.25,-0.808458097414724));
#11470=CARTESIAN_POINT('',(2.9895775319927,-1.25,-0.87038361207275));
#11471=CARTESIAN_POINT('',(2.9474575728313,-1.25,-0.932309126730775));
#11472=CARTESIAN_POINT('',(2.9474575728313,-1.35,-0.932309126730775));
#11473=CARTESIAN_POINT('',(2.9474575728313,-1.25,-0.932309126730775));
#11474=CARTESIAN_POINT('',(2.7634206580709,-1.25,-0.932309126730774));
#11475=CARTESIAN_POINT('',(2.9474575728313,-1.25,-0.932309126730775));
#11476=CARTESIAN_POINT('',(2.8554391154511,-1.25,-0.932309126730774));
#11477=CARTESIAN_POINT('',(2.7634206580709,-1.25,-0.932309126730774));
#11478=CARTESIAN_POINT('',(2.7634206580709,-1.35,-0.932309126730774));
#11479=CARTESIAN_POINT('',(2.7634206580709,-1.25,-0.932309126730774));
#11480=CARTESIAN_POINT('',(2.94015650045946,-1.25,-0.67696627915771));
#11481=CARTESIAN_POINT('',(2.7634206580709,-1.25,-0.932309126730774));
#11482=CARTESIAN_POINT('',(2.85178857926518,-1.25,-0.804637702944242));
#11483=CARTESIAN_POINT('',(2.94015650045946,-1.25,-0.67696627915771));
#11484=CARTESIAN_POINT('',(2.94015650045946,-1.35,-0.67696627915771));
#11485=CARTESIAN_POINT('',(2.94015650045946,-1.25,-0.67696627915771));
#11486=CARTESIAN_POINT('',(2.75849409338,-1.25,-0.416021755457937));
#11487=CARTESIAN_POINT('',(2.94015650045946,-1.25,-0.67696627915771));
#11488=CARTESIAN_POINT('',(2.84932529691973,-1.25,-0.546494017307823));
#11489=CARTESIAN_POINT('',(2.75849409338,-1.25,-0.416021755457937));
#11490=CARTESIAN_POINT('',(2.75849409338,-1.35,-0.416021755457937));
#11491=CARTESIAN_POINT('',(2.75849409338,-1.25,-0.416021755457937));
#11492=CARTESIAN_POINT('',(2.96564131782468,-1.25,-0.41674513466349));
#11493=CARTESIAN_POINT('',(2.75849409338,-1.25,-0.416021755457937));
#11494=CARTESIAN_POINT('',(2.86206770560234,-1.25,-0.416383445060713));
#11495=CARTESIAN_POINT('',(2.96564131782468,-1.25,-0.41674513466349));
#11496=CARTESIAN_POINT('',(2.96564131782468,-1.35,-0.41674513466349));
#11497=CARTESIAN_POINT('',(2.96564131782468,-1.25,-0.41674513466349));
#11498=CARTESIAN_POINT('',(3.02800985264082,-1.25,-0.520612755650102));
#11499=CARTESIAN_POINT('',(2.96564131782468,-1.25,-0.41674513466349));
#11500=CARTESIAN_POINT('',(2.99682558523275,-1.25,-0.468678945156795));
#11501=CARTESIAN_POINT('',(3.02800985264082,-1.25,-0.520612755650102));
#11502=CARTESIAN_POINT('',(3.02800985264082,-1.35,-0.520612755650102));
#11503=CARTESIAN_POINT('',(3.02800985264082,-1.25,-0.520612755650102));
#11504=CARTESIAN_POINT('',(2.98832039164477,-1.25,-0.628258124573405));
#11505=CARTESIAN_POINT('',(3.02800985264082,-1.25,-0.520612755650102));
#11506=CARTESIAN_POINT('',(3.00816512214279,-1.25,-0.574435440111754));
#11507=CARTESIAN_POINT('',(2.98832039164477,-1.25,-0.628258124573405));
#11508=CARTESIAN_POINT('',(2.98832039164477,-1.35,-0.628258124573405));
#11509=CARTESIAN_POINT('',(2.98832039164477,-1.25,-0.628258124573405));
#11510=CARTESIAN_POINT('',(3.0469090808243,-1.25,-0.543275608199731));
#11511=CARTESIAN_POINT('',(2.98832039164477,-1.25,-0.628258124573405));
#11512=CARTESIAN_POINT('',(3.01761473623454,-1.25,-0.585766866386567));
#11513=CARTESIAN_POINT('',(3.0469090808243,-1.25,-0.543275608199731));
#11514=CARTESIAN_POINT('',(3.0469090808243,-1.35,-0.543275608199731));
#11515=CARTESIAN_POINT('',(3.0469090808243,-1.25,-0.543275608199731));
#11516=CARTESIAN_POINT('',(3.0469090808243,-1.25,-0.543275608199731));
#11517=CARTESIAN_POINT('',(3.05376254352125,-1.25,-0.553308348610809));
#11518=CARTESIAN_POINT('',(3.0606160062182,-1.25,-0.563341089021886));
#11519=CARTESIAN_POINT('',(3.55968938749089,-1.25,-0.501407728698594));
#11520=CARTESIAN_POINT('',(3.55968938749089,-1.35,-0.501407728698594));
#11521=CARTESIAN_POINT('',(3.55968938749089,-1.25,-0.501407728698594));
#11522=CARTESIAN_POINT('',(3.55367040636205,-1.25,-0.520379475683294));
#11524=CARTESIAN_POINT('',(3.55968938749089,-1.25,-0.501407728698594));
#11525=CARTESIAN_POINT('',(3.55968938749092,-1.25,-0.511848393909885));
#11526=CARTESIAN_POINT('',(3.55367040636205,-1.25,-0.520379475683294));
#11533=CARTESIAN_POINT('',(3.55367040636205,-1.35,-0.520379475683294));
#11534=CARTESIAN_POINT('',(3.55367040636205,-1.25,-0.520379475683294));
#11535=CARTESIAN_POINT('',(3.47227910487889,-1.25,-0.591246652459785));
#11536=CARTESIAN_POINT('',(3.55367040636205,-1.25,-0.520379475683294));
#11537=CARTESIAN_POINT('',(3.47227910487889,-1.25,-0.591246652459785));
#11538=CARTESIAN_POINT('',(3.47227910487889,-1.35,-0.591246652459785));
#11539=CARTESIAN_POINT('',(3.47227910487889,-1.25,-0.591246652459785));
#11540=CARTESIAN_POINT('',(3.47227910487889,-1.25,-0.534034347971223));
#11541=CARTESIAN_POINT('',(3.47227910487889,-1.25,-0.591246652459785));
#11542=CARTESIAN_POINT('',(3.47227910487889,-1.25,-0.534034347971223));
#11543=CARTESIAN_POINT('',(3.47227910487889,-1.35,-0.534034347971223));
#11544=CARTESIAN_POINT('',(3.47227910487889,-1.25,-0.534034347971223));
#11545=CARTESIAN_POINT('',(3.34567050320544,-1.25,-0.545654762421107));
#11546=CARTESIAN_POINT('',(3.47227910487889,-1.25,-0.534034347971223));
#11547=CARTESIAN_POINT('',(3.34567050320544,-1.25,-0.545654762421107));
#11548=CARTESIAN_POINT('',(3.34567050320544,-1.35,-0.545654762421107));
#11549=CARTESIAN_POINT('',(3.34567050320544,-1.25,-0.545654762421107));
#11550=CARTESIAN_POINT('',(3.34567050320544,-1.25,-0.63224578346688));
#11551=CARTESIAN_POINT('',(3.34567050320544,-1.25,-0.545654762421107));
#11552=CARTESIAN_POINT('',(3.34567050320544,-1.25,-0.63224578346688));
#11553=CARTESIAN_POINT('',(3.34567050320544,-1.35,-0.63224578346688));
#11554=CARTESIAN_POINT('',(3.34567050320544,-1.25,-0.63224578346688));
#11555=CARTESIAN_POINT('',(3.34143512208477,-1.25,-0.645203541496834));
#11557=CARTESIAN_POINT('',(3.34567050320544,-1.25,-0.63224578346688));
#11558=CARTESIAN_POINT('',(3.34567050320545,-1.25,-0.639416852179949));
#11559=CARTESIAN_POINT('',(3.34143512208477,-1.25,-0.645203541496834));
#11566=CARTESIAN_POINT('',(3.34143512208477,-1.35,-0.645203541496834));
#11567=CARTESIAN_POINT('',(3.34143512208477,-1.25,-0.645203541496834));
#11568=CARTESIAN_POINT('',(3.2621590653771,-1.25,-0.753516323124961));
#11569=CARTESIAN_POINT('',(3.34143512208477,-1.25,-0.645203541496834));
#11570=CARTESIAN_POINT('',(3.2621590653771,-1.25,-0.753516323124961));
#11571=CARTESIAN_POINT('',(3.2621590653771,-1.35,-0.753516323124961));
#11572=CARTESIAN_POINT('',(3.2621590653771,-1.25,-0.753516323124961));
#11573=CARTESIAN_POINT('',(3.25876792022615,-1.25,-0.646733972865239));
#11574=CARTESIAN_POINT('',(3.2621590653771,-1.25,-0.753516323124961));
#11575=CARTESIAN_POINT('',(3.25876792022615,-1.25,-0.646733972865239));
#11576=CARTESIAN_POINT('',(3.25876792022615,-1.35,-0.646733972865239));
#11577=CARTESIAN_POINT('',(3.25876792022615,-1.25,-0.646733972865239));
#11578=CARTESIAN_POINT('',(3.26254255739532,-1.25,-0.633717733124527));
#11580=CARTESIAN_POINT('',(3.25876792022615,-1.25,-0.646733972865239));
#11581=CARTESIAN_POINT('',(3.25854177435073,-1.25,-0.639612960049963));
#11582=CARTESIAN_POINT('',(3.26254255739532,-1.25,-0.633717733124527));
#11589=CARTESIAN_POINT('',(3.26254255739532,-1.35,-0.633717733124527));
#11590=CARTESIAN_POINT('',(3.26254255739532,-1.25,-0.633717733124527));
#11591=CARTESIAN_POINT('',(3.40144092316887,-1.25,-0.42904845296679));
#11592=CARTESIAN_POINT('',(3.26254255739532,-1.25,-0.633717733124527));
#11593=CARTESIAN_POINT('',(3.40144092316887,-1.25,-0.42904845296679));
#11594=CARTESIAN_POINT('',(3.40144092316887,-1.35,-0.42904845296679));
#11595=CARTESIAN_POINT('',(3.40144092316887,-1.25,-0.42904845296679));
#11596=CARTESIAN_POINT('',(3.41755168051934,-1.25,-0.419524393364821));
#11598=CARTESIAN_POINT('',(3.40144092316887,-1.25,-0.42904845296679));
#11599=CARTESIAN_POINT('',(3.40725065074494,-1.25,-0.420487713218112));
#11600=CARTESIAN_POINT('',(3.41755168051934,-1.25,-0.419524393364821));
#11607=CARTESIAN_POINT('',(3.41755168051934,-1.35,-0.419524393364821));
#11608=CARTESIAN_POINT('',(3.41755168051934,-1.25,-0.419524393364821));
#11609=CARTESIAN_POINT('',(3.55968938749089,-1.25,-0.406232122783437));
#11610=CARTESIAN_POINT('',(3.41755168051934,-1.25,-0.419524393364821));
#11611=CARTESIAN_POINT('',(3.55968938749089,-1.25,-0.406232122783437));
#11612=CARTESIAN_POINT('',(3.55968938749089,-1.35,-0.406232122783437));
#11613=CARTESIAN_POINT('',(3.55968938749089,-1.25,-0.406232122783437));
#11614=CARTESIAN_POINT('',(3.55968938749089,-1.25,-0.406232122783437));
#11615=CARTESIAN_POINT('',(3.55968938749089,-1.25,-0.501407728698594));
#11616=CARTESIAN_POINT('',(3.26422749897816,-1.25,-0.799477815887765));
#11617=CARTESIAN_POINT('',(3.26422749897816,-1.35,-0.799477815887765));
#11618=CARTESIAN_POINT('',(3.26422749897816,-1.25,-0.799477815887765));
#11619=CARTESIAN_POINT('',(3.40927662915158,-1.25,-0.603786824009727));
#11620=CARTESIAN_POINT('',(3.26422749897816,-1.25,-0.799477815887765));
#11621=CARTESIAN_POINT('',(3.33675206406487,-1.25,-0.701632319948747));
#11622=CARTESIAN_POINT('',(3.40927662915158,-1.25,-0.603786824009727));
#11623=CARTESIAN_POINT('',(3.40927662915158,-1.35,-0.603786824009727));
#11624=CARTESIAN_POINT('',(3.40927662915158,-1.25,-0.603786824009727));
#11625=CARTESIAN_POINT('',(3.57075198093133,-1.25,-0.602073796619647));
#11626=CARTESIAN_POINT('',(3.40927662915158,-1.25,-0.603786824009727));
#11627=CARTESIAN_POINT('',(3.44077786701523,-1.25,-0.603786824009727));
#11628=CARTESIAN_POINT('',(3.47227910487889,-1.25,-0.603786824009727));
#11629=CARTESIAN_POINT('',(3.52151554290511,-1.25,-0.602930310314687));
#11630=CARTESIAN_POINT('',(3.57075198093133,-1.25,-0.602073796619647));
#11631=CARTESIAN_POINT('',(3.57075198093133,-1.35,-0.602073796619647));
#11632=CARTESIAN_POINT('',(3.57075198093133,-1.25,-0.602073796619647));
#11633=CARTESIAN_POINT('',(3.57075198093133,-1.25,-0.787236154059859));
#11634=CARTESIAN_POINT('',(3.57075198093133,-1.25,-0.602073796619647));
#11635=CARTESIAN_POINT('',(3.57075198093133,-1.25,-0.694654975339753));
#11636=CARTESIAN_POINT('',(3.57075198093133,-1.25,-0.787236154059859));
#11637=CARTESIAN_POINT('',(3.57075198093133,-1.35,-0.787236154059859));
#11638=CARTESIAN_POINT('',(3.57075198093133,-1.25,-0.787236154059859));
#11639=CARTESIAN_POINT('',(3.48359484195925,-1.25,-0.87979961180686));
#11640=CARTESIAN_POINT('',(3.57075198093133,-1.25,-0.787236154059859));
#11641=CARTESIAN_POINT('',(3.52717341144529,-1.25,-0.833517882933359));
#11642=CARTESIAN_POINT('',(3.48359484195925,-1.25,-0.87979961180686));
#11643=CARTESIAN_POINT('',(3.48359484195925,-1.35,-0.87979961180686));
#11644=CARTESIAN_POINT('',(3.48359484195925,-1.25,-0.87979961180686));
#11645=CARTESIAN_POINT('',(3.34174569497122,-1.25,-0.895352264727708));
#11646=CARTESIAN_POINT('',(3.48359484195925,-1.25,-0.87979961180686));
#11647=CARTESIAN_POINT('',(3.41267026846523,-1.25,-0.887575938267284));
#11648=CARTESIAN_POINT('',(3.34174569497122,-1.25,-0.895352264727708));
#11649=CARTESIAN_POINT('',(3.34174569497122,-1.35,-0.895352264727708));
#11650=CARTESIAN_POINT('',(3.34174569497122,-1.25,-0.895352264727708));
#11651=CARTESIAN_POINT('',(3.31393117844892,-1.25,-0.934167556976365));
#11652=CARTESIAN_POINT('',(3.34174569497122,-1.25,-0.895352264727708));
#11653=CARTESIAN_POINT('',(3.32783843671007,-1.25,-0.914759910852037));
#11654=CARTESIAN_POINT('',(3.31393117844892,-1.25,-0.934167556976365));
#11655=CARTESIAN_POINT('',(3.31393117844892,-1.35,-0.934167556976365));
#11656=CARTESIAN_POINT('',(3.31393117844892,-1.25,-0.934167556976365));
#11657=CARTESIAN_POINT('',(3.2619401877284,-1.25,-0.82175142270616));
#11658=CARTESIAN_POINT('',(3.31393117844892,-1.25,-0.934167556976365));
#11659=CARTESIAN_POINT('',(3.28793568308866,-1.25,-0.877959489841261));
#11660=CARTESIAN_POINT('',(3.2619401877284,-1.25,-0.82175142270616));
#11661=CARTESIAN_POINT('',(3.2619401877284,-1.35,-0.82175142270616));
#11662=CARTESIAN_POINT('',(3.2619401877284,-1.25,-0.82175142270616));
#11664=CARTESIAN_POINT('',(3.2619401877284,-1.25,-0.82175142270616));
#11665=CARTESIAN_POINT('',(3.25647571897142,-1.25,-0.809936020749287));
#11666=CARTESIAN_POINT('',(3.26422749897816,-1.25,-0.799477815887765));
#11673=CARTESIAN_POINT('',(3.35947776616096,-1.35,-0.726191215430041));
#11674=CARTESIAN_POINT('',(3.35947776616096,-1.25,-0.726191215430041));
#11675=CARTESIAN_POINT('',(3.35947776616096,-1.35,-0.726191215430041));
#11676=CARTESIAN_POINT('',(3.35947776616096,-1.25,-0.726191215430041));
#11677=CARTESIAN_POINT('',(3.34903277001679,-1.25,-0.737148275294398));
#11679=CARTESIAN_POINT('',(3.35947776616096,-1.25,-0.726191215430041));
#11680=CARTESIAN_POINT('',(3.34903277001679,-1.25,-0.726691313839431));
#11681=CARTESIAN_POINT('',(3.34903277001679,-1.25,-0.737148275294398));
#11688=CARTESIAN_POINT('',(3.34903277001679,-1.35,-0.737148275294398));
#11689=CARTESIAN_POINT('',(3.34903277001679,-1.35,-0.737148275294398));
#11690=CARTESIAN_POINT('',(3.34903277001679,-1.25,-0.737148275294398));
#11692=CARTESIAN_POINT('',(3.35947776616096,-1.35,-0.726191215430041));
#11693=CARTESIAN_POINT('',(3.34903277001679,-1.35,-0.726691313839431));
#11694=CARTESIAN_POINT('',(3.34903277001679,-1.35,-0.737148275294398));
#11701=CARTESIAN_POINT('',(3.35196151950125,-1.25,-0.86960616996246));
#11702=CARTESIAN_POINT('',(3.34903277001679,-1.25,-0.737148275294398));
#11703=CARTESIAN_POINT('',(3.35049714475902,-1.25,-0.803377222628429));
#11704=CARTESIAN_POINT('',(3.35196151950125,-1.25,-0.86960616996246));
#11705=CARTESIAN_POINT('',(3.35196151950125,-1.35,-0.86960616996246));
#11706=CARTESIAN_POINT('',(3.35196151950125,-1.35,-0.86960616996246));
#11707=CARTESIAN_POINT('',(3.35196151950125,-1.25,-0.86960616996246));
#11708=CARTESIAN_POINT('',(3.34903277001679,-1.35,-0.737148275294398));
#11709=CARTESIAN_POINT('',(3.35049714475902,-1.35,-0.803377222628429));
#11710=CARTESIAN_POINT('',(3.35196151950125,-1.35,-0.86960616996246));
#11711=CARTESIAN_POINT('',(3.40328776130221,-1.25,-0.791404492869678));
#11712=CARTESIAN_POINT('',(3.35196151950125,-1.25,-0.86960616996246));
#11713=CARTESIAN_POINT('',(3.37762464040173,-1.25,-0.830505331416069));
#11714=CARTESIAN_POINT('',(3.40328776130221,-1.25,-0.791404492869678));
#11715=CARTESIAN_POINT('',(3.40328776130221,-1.35,-0.791404492869678));
#11716=CARTESIAN_POINT('',(3.40328776130221,-1.35,-0.791404492869678));
#11717=CARTESIAN_POINT('',(3.40328776130221,-1.25,-0.791404492869678));
#11718=CARTESIAN_POINT('',(3.35196151950125,-1.35,-0.86960616996246));
#11719=CARTESIAN_POINT('',(3.37762464040173,-1.35,-0.830505331416069));
#11720=CARTESIAN_POINT('',(3.40328776130221,-1.35,-0.791404492869678));
#11721=CARTESIAN_POINT('',(3.42112755622117,-1.25,-0.782235204601964));
#11723=CARTESIAN_POINT('',(3.40328776130221,-1.25,-0.791404492869678));
#11724=CARTESIAN_POINT('',(3.40985124581753,-1.25,-0.782235204601959));
#11725=CARTESIAN_POINT('',(3.42112755622117,-1.25,-0.782235204601964));
#11732=CARTESIAN_POINT('',(3.42112755622117,-1.35,-0.782235204601964));
#11733=CARTESIAN_POINT('',(3.42112755622117,-1.35,-0.782235204601964));
#11734=CARTESIAN_POINT('',(3.42112755622117,-1.25,-0.782235204601964));
#11736=CARTESIAN_POINT('',(3.40328776130221,-1.35,-0.791404492869678));
#11737=CARTESIAN_POINT('',(3.40985124581753,-1.35,-0.782235204601959));
#11738=CARTESIAN_POINT('',(3.42112755622117,-1.35,-0.782235204601964));
#11745=CARTESIAN_POINT('',(3.4811174960786,-1.25,-0.782235204601973));
#11746=CARTESIAN_POINT('',(3.42112755622117,-1.25,-0.782235204601964));
#11747=CARTESIAN_POINT('',(3.45112252614989,-1.25,-0.782235204601973));
#11748=CARTESIAN_POINT('',(3.4811174960786,-1.25,-0.782235204601973));
#11749=CARTESIAN_POINT('',(3.4811174960786,-1.35,-0.782235204601973));
#11750=CARTESIAN_POINT('',(3.4811174960786,-1.35,-0.782235204601973));
#11751=CARTESIAN_POINT('',(3.4811174960786,-1.25,-0.782235204601973));
#11752=CARTESIAN_POINT('',(3.42112755622117,-1.35,-0.782235204601964));
#11753=CARTESIAN_POINT('',(3.45112252614989,-1.35,-0.782235204601973));
#11754=CARTESIAN_POINT('',(3.4811174960786,-1.35,-0.782235204601973));
#11755=CARTESIAN_POINT('',(3.4811174960786,-1.25,-0.720367198397387));
#11756=CARTESIAN_POINT('',(3.4811174960786,-1.25,-0.782235204601973));
#11757=CARTESIAN_POINT('',(3.4811174960786,-1.25,-0.751301201499679));
#11758=CARTESIAN_POINT('',(3.4811174960786,-1.25,-0.720367198397387));
#11759=CARTESIAN_POINT('',(3.4811174960786,-1.35,-0.720367198397387));
#11760=CARTESIAN_POINT('',(3.4811174960786,-1.35,-0.720367198397387));
#11761=CARTESIAN_POINT('',(3.4811174960786,-1.25,-0.720367198397387));
#11762=CARTESIAN_POINT('',(3.4811174960786,-1.35,-0.782235204601973));
#11763=CARTESIAN_POINT('',(3.4811174960786,-1.35,-0.751301201499679));
#11764=CARTESIAN_POINT('',(3.4811174960786,-1.35,-0.720367198397387));
#11765=CARTESIAN_POINT('',(3.4811174960786,-1.25,-0.720367198397387));
#11766=CARTESIAN_POINT('',(3.42029763111978,-1.25,-0.723279206913715));
#11767=CARTESIAN_POINT('',(3.35947776616096,-1.25,-0.726191215430041));
#11768=CARTESIAN_POINT('',(3.4811174960786,-1.35,-0.720367198397387));
#11769=CARTESIAN_POINT('',(3.42029763111978,-1.35,-0.723279206913715));
#11770=CARTESIAN_POINT('',(3.35947776616096,-1.35,-0.726191215430041));
#11771=CARTESIAN_POINT('',(3.19418773194426,-1.25,-1.08519157726419));
#11772=CARTESIAN_POINT('',(3.19418773194426,-1.35,-1.08519157726419));
#11773=CARTESIAN_POINT('',(3.19418773194426,-1.25,-1.08519157726419));
#11774=CARTESIAN_POINT('',(3.27884059903675,-1.25,-1.08391540338842));
#11775=CARTESIAN_POINT('',(3.19418773194426,-1.25,-1.08519157726419));
#11776=CARTESIAN_POINT('',(3.19418773194426,-1.25,-1.06009349104078));
#11777=CARTESIAN_POINT('',(3.2081405663193,-1.25,-1.04801237835019));
#11778=CARTESIAN_POINT('',(3.21979628771797,-1.25,-1.03797314386083));
#11779=CARTESIAN_POINT('',(3.2365567046197,-1.25,-1.03797314386083));
#11780=CARTESIAN_POINT('',(3.25518884320589,-1.25,-1.03797314386083));
#11781=CARTESIAN_POINT('',(3.26701472112132,-1.25,-1.050181873939));
#11782=CARTESIAN_POINT('',(3.27884059903675,-1.25,-1.06239060401716));
#11783=CARTESIAN_POINT('',(3.27884059903675,-1.25,-1.08391540338842));
#11784=CARTESIAN_POINT('',(3.27884059903675,-1.35,-1.08391540338842));
#11785=CARTESIAN_POINT('',(3.27884059903675,-1.25,-1.08391540338842));
#11786=CARTESIAN_POINT('',(3.20992720974538,-1.35,-1.08519157726419));
#11787=CARTESIAN_POINT('',(3.26310112123564,-1.35,-1.08468110771388));
#11788=CARTESIAN_POINT('',(3.20992720974538,-1.35,-1.08519157726419));
#11789=CARTESIAN_POINT('',(3.20992720974538,-1.35,-1.10254754197461));
#11790=CARTESIAN_POINT('',(3.21749917474159,-1.35,-1.11118298520063));
#11791=CARTESIAN_POINT('',(3.22507113973781,-1.35,-1.11981842842665));
#11792=CARTESIAN_POINT('',(3.2365567046197,-1.35,-1.11981842842665));
#11793=CARTESIAN_POINT('',(3.24795719124321,-1.35,-1.11981842842665));
#11794=CARTESIAN_POINT('',(3.25552915623943,-1.35,-1.11114044607144));
#11795=CARTESIAN_POINT('',(3.26310112123564,-1.35,-1.10246246371622));
#11796=CARTESIAN_POINT('',(3.26310112123564,-1.35,-1.08468110771388));
#11797=CARTESIAN_POINT('',(3.20992720974538,-1.25,-1.08519157726419));
#11798=CARTESIAN_POINT('',(3.20992720974538,-1.35,-1.08519157726419));
#11799=CARTESIAN_POINT('',(3.20992720974538,-1.25,-1.08519157726419));
#11800=CARTESIAN_POINT('',(3.26310112123564,-1.25,-1.08468110771388));
#11801=CARTESIAN_POINT('',(3.20992720974538,-1.25,-1.08519157726419));
#11802=CARTESIAN_POINT('',(3.20992720974538,-1.25,-1.10254754197461));
#11803=CARTESIAN_POINT('',(3.21749917474159,-1.25,-1.11118298520063));
#11804=CARTESIAN_POINT('',(3.22507113973781,-1.25,-1.11981842842665));
#11805=CARTESIAN_POINT('',(3.2365567046197,-1.25,-1.11981842842665));
#11806=CARTESIAN_POINT('',(3.24795719124321,-1.25,-1.11981842842665));
#11807=CARTESIAN_POINT('',(3.25552915623943,-1.25,-1.11114044607144));
#11808=CARTESIAN_POINT('',(3.26310112123564,-1.25,-1.10246246371622));
#11809=CARTESIAN_POINT('',(3.26310112123564,-1.25,-1.08468110771388));
#11810=CARTESIAN_POINT('',(3.26310112123564,-1.35,-1.08468110771388));
#11811=CARTESIAN_POINT('',(3.26310112123564,-1.25,-1.08468110771388));
#11812=CARTESIAN_POINT('',(3.27884059903675,-1.25,-1.08391540338842));
#11813=CARTESIAN_POINT('',(3.27884059903675,-1.25,-1.10135644635723));
#11814=CARTESIAN_POINT('',(3.27360828614612,-1.25,-1.1113531417174));
#11815=CARTESIAN_POINT('',(3.26837597325548,-1.25,-1.12134983707757));
#11816=CARTESIAN_POINT('',(3.2583792778953,-1.25,-1.12687992387255));
#11817=CARTESIAN_POINT('',(3.24838258253513,-1.25,-1.13241001066754));
#11818=CARTESIAN_POINT('',(3.2365567046197,-1.25,-1.13241001066754));
#11819=CARTESIAN_POINT('',(3.21758425299997,-1.25,-1.13241001066754));
#11820=CARTESIAN_POINT('',(3.20588599247212,-1.25,-1.12024381971857));
#11821=CARTESIAN_POINT('',(3.19418773194426,-1.25,-1.1080776287696));
#11822=CARTESIAN_POINT('',(3.19418773194426,-1.25,-1.08519157726419));
#11823=CARTESIAN_POINT('',(3.26310112123564,-1.25,-1.08468110771388));
#11824=CARTESIAN_POINT('',(3.26310112123564,-1.25,-1.06792069081215));
#11825=CARTESIAN_POINT('',(3.25548661711023,-1.25,-1.05928524758613));
#11826=CARTESIAN_POINT('',(3.24787211298483,-1.25,-1.05064980436011));
#11827=CARTESIAN_POINT('',(3.2365567046197,-1.25,-1.05064980436011));
#11828=CARTESIAN_POINT('',(3.22507113973781,-1.25,-1.05064980436011));
#11829=CARTESIAN_POINT('',(3.21749917474159,-1.25,-1.05924270845694));
#11830=CARTESIAN_POINT('',(3.20992720974538,-1.25,-1.06783561255377));
#11831=CARTESIAN_POINT('',(3.20992720974538,-1.25,-1.08519157726419));
#11832=CARTESIAN_POINT('',(3.26310112123564,-1.35,-1.08468110771388));
#11833=CARTESIAN_POINT('',(3.26310112123564,-1.35,-1.06792069081215));
#11834=CARTESIAN_POINT('',(3.25548661711023,-1.35,-1.05928524758613));
#11835=CARTESIAN_POINT('',(3.24787211298483,-1.35,-1.05064980436011));
#11836=CARTESIAN_POINT('',(3.2365567046197,-1.35,-1.05064980436011));
#11837=CARTESIAN_POINT('',(3.22507113973781,-1.35,-1.05064980436011));
#11838=CARTESIAN_POINT('',(3.21749917474159,-1.35,-1.05924270845694));
#11839=CARTESIAN_POINT('',(3.20992720974538,-1.35,-1.06783561255377));
#11840=CARTESIAN_POINT('',(3.20992720974538,-1.35,-1.08519157726419));
#11841=CARTESIAN_POINT('',(3.71733394275009,-1.25,-1.08519157726419));
#11842=CARTESIAN_POINT('',(3.71733394275009,-1.35,-1.08519157726419));
#11843=CARTESIAN_POINT('',(3.71733394275009,-1.25,-1.08519157726419));
#11844=CARTESIAN_POINT('',(3.80198680984259,-1.25,-1.08391540338842));
#11845=CARTESIAN_POINT('',(3.71733394275009,-1.25,-1.08519157726419));
#11846=CARTESIAN_POINT('',(3.71733394275009,-1.25,-1.06009349104078));
#11847=CARTESIAN_POINT('',(3.73128677712514,-1.25,-1.04801237835019));
#11848=CARTESIAN_POINT('',(3.7429424985238,-1.25,-1.03797314386083));
#11849=CARTESIAN_POINT('',(3.75970291542554,-1.25,-1.03797314386083));
#11850=CARTESIAN_POINT('',(3.77833505401173,-1.25,-1.03797314386083));
#11851=CARTESIAN_POINT('',(3.79016093192716,-1.25,-1.050181873939));
#11852=CARTESIAN_POINT('',(3.80198680984259,-1.25,-1.06239060401716));
#11853=CARTESIAN_POINT('',(3.80198680984259,-1.25,-1.08391540338842));
#11854=CARTESIAN_POINT('',(3.80198680984259,-1.35,-1.08391540338842));
#11855=CARTESIAN_POINT('',(3.80198680984259,-1.25,-1.08391540338842));
#11856=CARTESIAN_POINT('',(3.73307342055122,-1.35,-1.08519157726419));
#11857=CARTESIAN_POINT('',(3.78624733204147,-1.35,-1.08468110771388));
#11858=CARTESIAN_POINT('',(3.73307342055122,-1.35,-1.08519157726419));
#11859=CARTESIAN_POINT('',(3.73307342055122,-1.35,-1.10254754197461));
#11860=CARTESIAN_POINT('',(3.74064538554742,-1.35,-1.11118298520063));
#11861=CARTESIAN_POINT('',(3.74821735054364,-1.35,-1.11981842842665));
#11862=CARTESIAN_POINT('',(3.75970291542554,-1.35,-1.11981842842665));
#11863=CARTESIAN_POINT('',(3.77110340204905,-1.35,-1.11981842842665));
#11864=CARTESIAN_POINT('',(3.77867536704527,-1.35,-1.11114044607144));
#11865=CARTESIAN_POINT('',(3.78624733204147,-1.35,-1.10246246371622));
#11866=CARTESIAN_POINT('',(3.78624733204147,-1.35,-1.08468110771388));
#11867=CARTESIAN_POINT('',(3.73307342055122,-1.25,-1.08519157726419));
#11868=CARTESIAN_POINT('',(3.73307342055122,-1.35,-1.08519157726419));
#11869=CARTESIAN_POINT('',(3.73307342055122,-1.25,-1.08519157726419));
#11870=CARTESIAN_POINT('',(3.78624733204147,-1.25,-1.08468110771388));
#11871=CARTESIAN_POINT('',(3.73307342055122,-1.25,-1.08519157726419));
#11872=CARTESIAN_POINT('',(3.73307342055122,-1.25,-1.10254754197461));
#11873=CARTESIAN_POINT('',(3.74064538554742,-1.25,-1.11118298520063));
#11874=CARTESIAN_POINT('',(3.74821735054364,-1.25,-1.11981842842665));
#11875=CARTESIAN_POINT('',(3.75970291542554,-1.25,-1.11981842842665));
#11876=CARTESIAN_POINT('',(3.77110340204905,-1.25,-1.11981842842665));
#11877=CARTESIAN_POINT('',(3.77867536704527,-1.25,-1.11114044607144));
#11878=CARTESIAN_POINT('',(3.78624733204147,-1.25,-1.10246246371622));
#11879=CARTESIAN_POINT('',(3.78624733204147,-1.25,-1.08468110771388));
#11880=CARTESIAN_POINT('',(3.78624733204147,-1.35,-1.08468110771388));
#11881=CARTESIAN_POINT('',(3.78624733204147,-1.25,-1.08468110771388));
#11882=CARTESIAN_POINT('',(3.80198680984259,-1.25,-1.08391540338842));
#11883=CARTESIAN_POINT('',(3.80198680984259,-1.25,-1.10135644635723));
#11884=CARTESIAN_POINT('',(3.79675449695195,-1.25,-1.1113531417174));
#11885=CARTESIAN_POINT('',(3.79152218406131,-1.25,-1.12134983707757));
#11886=CARTESIAN_POINT('',(3.78152548870114,-1.25,-1.12687992387255));
#11887=CARTESIAN_POINT('',(3.77152879334097,-1.25,-1.13241001066754));
#11888=CARTESIAN_POINT('',(3.75970291542554,-1.25,-1.13241001066754));
#11889=CARTESIAN_POINT('',(3.74073046380581,-1.25,-1.13241001066754));
#11890=CARTESIAN_POINT('',(3.72903220327795,-1.25,-1.12024381971857));
#11891=CARTESIAN_POINT('',(3.71733394275009,-1.25,-1.1080776287696));
#11892=CARTESIAN_POINT('',(3.71733394275009,-1.25,-1.08519157726419));
#11893=CARTESIAN_POINT('',(3.78624733204147,-1.25,-1.08468110771388));
#11894=CARTESIAN_POINT('',(3.78624733204147,-1.25,-1.06792069081215));
#11895=CARTESIAN_POINT('',(3.77863282791607,-1.25,-1.05928524758613));
#11896=CARTESIAN_POINT('',(3.77101832379067,-1.25,-1.05064980436011));
#11897=CARTESIAN_POINT('',(3.75970291542554,-1.25,-1.05064980436011));
#11898=CARTESIAN_POINT('',(3.74821735054364,-1.25,-1.05064980436011));
#11899=CARTESIAN_POINT('',(3.74064538554742,-1.25,-1.05924270845694));
#11900=CARTESIAN_POINT('',(3.73307342055122,-1.25,-1.06783561255376));
#11901=CARTESIAN_POINT('',(3.73307342055122,-1.25,-1.08519157726419));
#11902=CARTESIAN_POINT('',(3.78624733204147,-1.35,-1.08468110771388));
#11903=CARTESIAN_POINT('',(3.78624733204147,-1.35,-1.06792069081215));
#11904=CARTESIAN_POINT('',(3.77863282791607,-1.35,-1.05928524758613));
#11905=CARTESIAN_POINT('',(3.77101832379067,-1.35,-1.05064980436011));
#11906=CARTESIAN_POINT('',(3.75970291542554,-1.35,-1.05064980436011));
#11907=CARTESIAN_POINT('',(3.74821735054364,-1.35,-1.05064980436011));
#11908=CARTESIAN_POINT('',(3.74064538554742,-1.35,-1.05924270845694));
#11909=CARTESIAN_POINT('',(3.73307342055122,-1.35,-1.06783561255376));
#11910=CARTESIAN_POINT('',(3.73307342055122,-1.35,-1.08519157726419));
#11911=CARTESIAN_POINT('',(2.46038775337858,-1.25,-1.09029627276725));
#11912=CARTESIAN_POINT('',(2.46038775337858,-1.35,-1.09029627276725));
#11913=CARTESIAN_POINT('',(2.46038775337858,-1.25,-1.09029627276725));
#11914=CARTESIAN_POINT('',(2.47595707466293,-1.25,-1.0889350206331));
#11915=CARTESIAN_POINT('',(2.46038775337858,-1.25,-1.09029627276725));
#11916=CARTESIAN_POINT('',(2.46817241402075,-1.25,-1.08961564670018));
#11917=CARTESIAN_POINT('',(2.47595707466293,-1.25,-1.0889350206331));
#11918=CARTESIAN_POINT('',(2.47595707466293,-1.35,-1.0889350206331));
#11919=CARTESIAN_POINT('',(2.47595707466293,-1.25,-1.0889350206331));
#11920=CARTESIAN_POINT('',(2.50692556071486,-1.25,-1.07281269066925));
#11921=CARTESIAN_POINT('',(2.47595707466293,-1.25,-1.0889350206331));
#11922=CARTESIAN_POINT('',(2.47706309202192,-1.25,-1.09829362905539));
#11923=CARTESIAN_POINT('',(2.4811043092952,-1.25,-1.10429164627149));
#11924=CARTESIAN_POINT('',(2.48514552656845,-1.25,-1.11028966348759));
#11925=CARTESIAN_POINT('',(2.49365335240689,-1.25,-1.11399056772732));
#11926=CARTESIAN_POINT('',(2.50216117824534,-1.25,-1.11769147196704));
#11927=CARTESIAN_POINT('',(2.51279596054339,-1.25,-1.11769147196704));
#11928=CARTESIAN_POINT('',(2.52223964722406,-1.25,-1.11769147196704));
#11929=CARTESIAN_POINT('',(2.52947129918674,-1.25,-1.11488388944035));
#11930=CARTESIAN_POINT('',(2.53670295114941,-1.25,-1.11207630691367));
#11931=CARTESIAN_POINT('',(2.54023369887237,-1.25,-1.10718430705656));
#11932=CARTESIAN_POINT('',(2.54376444659532,-1.25,-1.10229230719946));
#11933=CARTESIAN_POINT('',(2.54376444659532,-1.25,-1.09650698562932));
#11934=CARTESIAN_POINT('',(2.54376444659532,-1.25,-1.09063658580079));
#11935=CARTESIAN_POINT('',(2.54036131625994,-1.25,-1.08625505549399));
#11936=CARTESIAN_POINT('',(2.53695818592457,-1.25,-1.08187352518719));
#11937=CARTESIAN_POINT('',(2.52913098615319,-1.25,-1.07889578614374));
#11938=CARTESIAN_POINT('',(2.52411136890852,-1.25,-1.0769389862009));
#11939=CARTESIAN_POINT('',(2.50692556071486,-1.25,-1.07281269066925));
#11940=CARTESIAN_POINT('',(2.50692556071486,-1.35,-1.07281269066925));
#11941=CARTESIAN_POINT('',(2.50692556071486,-1.25,-1.07281269066925));
#11942=CARTESIAN_POINT('',(2.55593063754429,-1.25,-1.04078072638752));
#11943=CARTESIAN_POINT('',(2.50692556071486,-1.25,-1.07281269066925));
#11944=CARTESIAN_POINT('',(2.48973975252121,-1.25,-1.06868639513761));
#11945=CARTESIAN_POINT('',(2.48284841359206,-1.25,-1.06502803002708));
#11946=CARTESIAN_POINT('',(2.47391519646171,-1.25,-1.06034872581594));
#11947=CARTESIAN_POINT('',(2.4695336661549,-1.25,-1.0534148477576));
#11948=CARTESIAN_POINT('',(2.4651521358481,-1.25,-1.04648096969927));
#11949=CARTESIAN_POINT('',(2.4651521358481,-1.25,-1.03788806560245));
#11950=CARTESIAN_POINT('',(2.4651521358481,-1.25,-1.02844437892177));
#11951=CARTESIAN_POINT('',(2.47051206612633,-1.25,-1.02023432698768));
#11952=CARTESIAN_POINT('',(2.47587199640455,-1.25,-1.01202427505358));
#11953=CARTESIAN_POINT('',(2.48616646566907,-1.25,-1.00777036213436));
#11954=CARTESIAN_POINT('',(2.49646093493358,-1.25,-1.00351644921514));
#11955=CARTESIAN_POINT('',(2.50905251717448,-1.25,-1.00351644921514));
#11956=CARTESIAN_POINT('',(2.52292027329113,-1.25,-1.00351644921514));
#11957=CARTESIAN_POINT('',(2.53351251646,-1.25,-1.00798305778032));
#11958=CARTESIAN_POINT('',(2.54410475962885,-1.25,-1.0124496663455));
#11959=CARTESIAN_POINT('',(2.54980500294061,-1.25,-1.02112764870071));
#11960=CARTESIAN_POINT('',(2.55550524625238,-1.25,-1.02980563105593));
#11961=CARTESIAN_POINT('',(2.55593063754429,-1.25,-1.04078072638752));
#11962=CARTESIAN_POINT('',(2.55593063754429,-1.35,-1.04078072638752));
#11963=CARTESIAN_POINT('',(2.55593063754429,-1.25,-1.04078072638752));
#11964=CARTESIAN_POINT('',(2.5401060814848,-1.25,-1.0419718220049));
#11965=CARTESIAN_POINT('',(2.55593063754429,-1.25,-1.04078072638752));
#11966=CARTESIAN_POINT('',(2.54801835951454,-1.25,-1.04137627419621));
#11967=CARTESIAN_POINT('',(2.5401060814848,-1.25,-1.0419718220049));
#11968=CARTESIAN_POINT('',(2.5401060814848,-1.35,-1.0419718220049));
#11969=CARTESIAN_POINT('',(2.5401060814848,-1.25,-1.0419718220049));
#11970=CARTESIAN_POINT('',(2.51079662147135,-1.25,-1.05673289983459));
#11971=CARTESIAN_POINT('',(2.5401060814848,-1.25,-1.0419718220049));
#11972=CARTESIAN_POINT('',(2.53882990760902,-1.25,-1.03014594408946));
#11973=CARTESIAN_POINT('',(2.53147063825876,-1.25,-1.02410538774417));
#11974=CARTESIAN_POINT('',(2.52411136890852,-1.25,-1.01806483139887));
#11975=CARTESIAN_POINT('',(2.50973314324155,-1.25,-1.01806483139888));
#11976=CARTESIAN_POINT('',(2.49475936976588,-1.25,-1.01806483139888));
#11977=CARTESIAN_POINT('',(2.48791056996595,-1.25,-1.02355237906467));
#11978=CARTESIAN_POINT('',(2.481061770166,-1.25,-1.02903992673047));
#11979=CARTESIAN_POINT('',(2.481061770166,-1.25,-1.03678204824345));
#11980=CARTESIAN_POINT('',(2.481061770166,-1.25,-1.04350323065582));
#11981=CARTESIAN_POINT('',(2.48591123089391,-1.25,-1.04784222183342));
#11982=CARTESIAN_POINT('',(2.49067561336344,-1.25,-1.05218121301103));
#11983=CARTESIAN_POINT('',(2.51079662147135,-1.25,-1.05673289983459));
#11984=CARTESIAN_POINT('',(2.51079662147135,-1.35,-1.05673289983459));
#11985=CARTESIAN_POINT('',(2.51079662147135,-1.25,-1.05673289983459));
#11986=CARTESIAN_POINT('',(2.51079662147135,-1.25,-1.05673289983459));
#11987=CARTESIAN_POINT('',(2.53091762957927,-1.25,-1.06128458665816));
#11988=CARTESIAN_POINT('',(2.5384045163171,-1.25,-1.06468771699354));
#11989=CARTESIAN_POINT('',(2.54929452300477,-1.25,-1.06970733423822));
#11990=CARTESIAN_POINT('',(2.55448430715176,-1.25,-1.07740691662201));
#11991=CARTESIAN_POINT('',(2.55967408091321,-1.25,-1.0851064990058));
#11992=CARTESIAN_POINT('',(2.55967408091321,-1.25,-1.09514573349516));
#11993=CARTESIAN_POINT('',(2.55967408091321,-1.25,-1.10509988972614));
#11994=CARTESIAN_POINT('',(2.55397383760145,-1.25,-1.11390548946893));
#11995=CARTESIAN_POINT('',(2.54827359428969,-1.25,-1.12271108921172));
#11996=CARTESIAN_POINT('',(2.53759627286245,-1.25,-1.12760308906882));
#11997=CARTESIAN_POINT('',(2.5269189514352,-1.25,-1.13249508892593));
#11998=CARTESIAN_POINT('',(2.51356166486885,-1.25,-1.13249508892593));
#11999=CARTESIAN_POINT('',(2.49663109145035,-1.25,-1.13249508892593));
#12000=CARTESIAN_POINT('',(2.48518806569764,-1.25,-1.12756054993963));
#12001=CARTESIAN_POINT('',(2.47374503994494,-1.25,-1.12262601095333));
#12002=CARTESIAN_POINT('',(2.46723655317853,-1.25,-1.11271439385155));
#12003=CARTESIAN_POINT('',(2.46072806641212,-1.25,-1.10280277674976));
#12004=CARTESIAN_POINT('',(2.46038775337858,-1.25,-1.09029627276725));
#12005=CARTESIAN_POINT('',(2.63471310480827,-1.25,-1.07625836013382));
#12006=CARTESIAN_POINT('',(2.63471310480827,-1.35,-1.07625836013382));
#12007=CARTESIAN_POINT('',(2.63471310480827,-1.25,-1.07625836013382));
#12008=CARTESIAN_POINT('',(2.63122489621451,-1.25,-1.06085919536624));
#12009=CARTESIAN_POINT('',(2.63471310480827,-1.25,-1.07625836013382));
#12010=CARTESIAN_POINT('',(2.63296900051139,-1.25,-1.06855877775003));
#12011=CARTESIAN_POINT('',(2.63122489621451,-1.25,-1.06085919536624));
#12012=CARTESIAN_POINT('',(2.63122489621451,-1.35,-1.06085919536624));
#12013=CARTESIAN_POINT('',(2.63122489621451,-1.25,-1.06085919536624));
#12014=CARTESIAN_POINT('',(2.61293307066186,-1.25,-1.13036813246632));
#12015=CARTESIAN_POINT('',(2.63122489621451,-1.25,-1.06085919536624));
#12016=CARTESIAN_POINT('',(2.62207898343819,-1.25,-1.09561366391628));
#12017=CARTESIAN_POINT('',(2.61293307066186,-1.25,-1.13036813246632));
#12018=CARTESIAN_POINT('',(2.61293307066186,-1.35,-1.13036813246632));
#12019=CARTESIAN_POINT('',(2.61293307066186,-1.25,-1.13036813246632));
#12020=CARTESIAN_POINT('',(2.59693835808559,-1.25,-1.13036813246632));
#12021=CARTESIAN_POINT('',(2.61293307066186,-1.25,-1.13036813246632));
#12022=CARTESIAN_POINT('',(2.60493571437372,-1.25,-1.13036813246632));
#12023=CARTESIAN_POINT('',(2.59693835808559,-1.25,-1.13036813246632));
#12024=CARTESIAN_POINT('',(2.59693835808559,-1.35,-1.13036813246632));
#12025=CARTESIAN_POINT('',(2.59693835808559,-1.25,-1.13036813246632));
#12026=CARTESIAN_POINT('',(2.56928792411065,-1.25,-1.04001502206206));
#12027=CARTESIAN_POINT('',(2.59693835808559,-1.25,-1.13036813246632));
#12028=CARTESIAN_POINT('',(2.58311314109812,-1.25,-1.08519157726419));
#12029=CARTESIAN_POINT('',(2.56928792411065,-1.25,-1.04001502206206));
#12030=CARTESIAN_POINT('',(2.56928792411065,-1.35,-1.04001502206206));
#12031=CARTESIAN_POINT('',(2.56928792411065,-1.25,-1.04001502206206));
#12032=CARTESIAN_POINT('',(2.58511248017015,-1.25,-1.04001502206206));
#12033=CARTESIAN_POINT('',(2.56928792411065,-1.25,-1.04001502206206));
#12034=CARTESIAN_POINT('',(2.5772002021404,-1.25,-1.04001502206206));
#12035=CARTESIAN_POINT('',(2.58511248017015,-1.25,-1.04001502206206));
#12036=CARTESIAN_POINT('',(2.58511248017015,-1.35,-1.04001502206206));
#12037=CARTESIAN_POINT('',(2.58511248017015,-1.25,-1.04001502206206));
#12038=CARTESIAN_POINT('',(2.60485063611533,-1.25,-1.11156583736336));
#12039=CARTESIAN_POINT('',(2.58511248017015,-1.25,-1.04001502206206));
#12040=CARTESIAN_POINT('',(2.59230159300363,-1.25,-1.06609150825688));
#12041=CARTESIAN_POINT('',(2.59949070583712,-1.25,-1.09216799445171));
#12042=CARTESIAN_POINT('',(2.60217067097623,-1.25,-1.10186691590753));
#12043=CARTESIAN_POINT('',(2.60485063611533,-1.25,-1.11156583736336));
#12044=CARTESIAN_POINT('',(2.60485063611533,-1.35,-1.11156583736336));
#12045=CARTESIAN_POINT('',(2.60485063611533,-1.25,-1.11156583736336));
#12046=CARTESIAN_POINT('',(2.60952994032648,-1.25,-1.09293369877717));
#12047=CARTESIAN_POINT('',(2.60485063611533,-1.25,-1.11156583736336));
#12048=CARTESIAN_POINT('',(2.60519094914887,-1.25,-1.11011950697082));
#12049=CARTESIAN_POINT('',(2.60952994032648,-1.25,-1.09293369877717));
#12050=CARTESIAN_POINT('',(2.60952994032648,-1.35,-1.09293369877717));
#12051=CARTESIAN_POINT('',(2.60952994032648,-1.25,-1.09293369877717));
#12052=CARTESIAN_POINT('',(2.62390816599345,-1.25,-1.04001502206206));
#12053=CARTESIAN_POINT('',(2.60952994032648,-1.25,-1.09293369877717));
#12054=CARTESIAN_POINT('',(2.61671905315996,-1.25,-1.06647436041961));
#12055=CARTESIAN_POINT('',(2.62390816599345,-1.25,-1.04001502206206));
#12056=CARTESIAN_POINT('',(2.62390816599345,-1.35,-1.04001502206206));
#12057=CARTESIAN_POINT('',(2.62390816599345,-1.25,-1.04001502206206));
#12058=CARTESIAN_POINT('',(2.63964764379457,-1.25,-1.04001502206206));
#12059=CARTESIAN_POINT('',(2.62390816599345,-1.25,-1.04001502206206));
#12060=CARTESIAN_POINT('',(2.63177790489401,-1.25,-1.04001502206206));
#12061=CARTESIAN_POINT('',(2.63964764379457,-1.25,-1.04001502206206));
#12062=CARTESIAN_POINT('',(2.63964764379457,-1.35,-1.04001502206206));
#12063=CARTESIAN_POINT('',(2.63964764379457,-1.25,-1.04001502206206));
#12064=CARTESIAN_POINT('',(2.65768423457207,-1.25,-1.1096941156789));
#12065=CARTESIAN_POINT('',(2.63964764379457,-1.25,-1.04001502206206));
#12066=CARTESIAN_POINT('',(2.64641136533613,-1.25,-1.06621912564446));
#12067=CARTESIAN_POINT('',(2.65317508687769,-1.25,-1.09242322922686));
#12068=CARTESIAN_POINT('',(2.65542966072488,-1.25,-1.10105867245288));
#12069=CARTESIAN_POINT('',(2.65768423457207,-1.25,-1.1096941156789));
#12070=CARTESIAN_POINT('',(2.65768423457207,-1.35,-1.1096941156789));
#12071=CARTESIAN_POINT('',(2.65768423457207,-1.25,-1.1096941156789));
#12072=CARTESIAN_POINT('',(2.67835825135948,-1.25,-1.04001502206206));
#12073=CARTESIAN_POINT('',(2.65768423457207,-1.25,-1.1096941156789));
#12074=CARTESIAN_POINT('',(2.66027912145279,-1.25,-1.1009735941945));
#12075=CARTESIAN_POINT('',(2.66287400833351,-1.25,-1.09225307271009));
#12076=CARTESIAN_POINT('',(2.6706161298465,-1.25,-1.06613404738607));
#12077=CARTESIAN_POINT('',(2.67835825135948,-1.25,-1.04001502206206));
#12078=CARTESIAN_POINT('',(2.67835825135948,-1.35,-1.04001502206206));
#12079=CARTESIAN_POINT('',(2.67835825135948,-1.25,-1.04001502206206));
#12080=CARTESIAN_POINT('',(2.69324694657676,-1.25,-1.04001502206206));
#12081=CARTESIAN_POINT('',(2.67835825135948,-1.25,-1.04001502206206));
#12082=CARTESIAN_POINT('',(2.68580259896812,-1.25,-1.04001502206206));
#12083=CARTESIAN_POINT('',(2.69324694657676,-1.25,-1.04001502206206));
#12084=CARTESIAN_POINT('',(2.69324694657676,-1.35,-1.04001502206206));
#12085=CARTESIAN_POINT('',(2.69324694657676,-1.25,-1.04001502206206));
#12086=CARTESIAN_POINT('',(2.66500096479313,-1.25,-1.13036813246632));
#12087=CARTESIAN_POINT('',(2.69324694657676,-1.25,-1.04001502206206));
#12088=CARTESIAN_POINT('',(2.67912395568494,-1.25,-1.08519157726419));
#12089=CARTESIAN_POINT('',(2.66500096479313,-1.25,-1.13036813246632));
#12090=CARTESIAN_POINT('',(2.66500096479313,-1.35,-1.13036813246632));
#12091=CARTESIAN_POINT('',(2.66500096479313,-1.25,-1.13036813246632));
#12092=CARTESIAN_POINT('',(2.64909133047524,-1.25,-1.13036813246632));
#12093=CARTESIAN_POINT('',(2.66500096479313,-1.25,-1.13036813246632));
#12094=CARTESIAN_POINT('',(2.65704614763418,-1.25,-1.13036813246632));
#12095=CARTESIAN_POINT('',(2.64909133047524,-1.25,-1.13036813246632));
#12096=CARTESIAN_POINT('',(2.64909133047524,-1.35,-1.13036813246632));
#12097=CARTESIAN_POINT('',(2.64909133047524,-1.25,-1.13036813246632));
#12098=CARTESIAN_POINT('',(2.64909133047524,-1.25,-1.13036813246632));
#12099=CARTESIAN_POINT('',(2.64190221764176,-1.25,-1.10331324630007));
#12100=CARTESIAN_POINT('',(2.63471310480827,-1.25,-1.07625836013382));
#12101=CARTESIAN_POINT('',(2.72149292836039,-1.25,-1.04001502206206));
#12102=CARTESIAN_POINT('',(2.72149292836039,-1.35,-1.04001502206206));
#12103=CARTESIAN_POINT('',(2.72149292836039,-1.25,-1.04001502206206));
#12104=CARTESIAN_POINT('',(2.72149292836039,-1.25,-1.13036813246632));
#12105=CARTESIAN_POINT('',(2.72149292836039,-1.25,-1.04001502206206));
#12106=CARTESIAN_POINT('',(2.72149292836039,-1.25,-1.13036813246632));
#12107=CARTESIAN_POINT('',(2.72149292836039,-1.35,-1.13036813246632));
#12108=CARTESIAN_POINT('',(2.72149292836039,-1.25,-1.13036813246632));
#12109=CARTESIAN_POINT('',(2.70617884185119,-1.25,-1.13036813246632));
#12110=CARTESIAN_POINT('',(2.72149292836039,-1.25,-1.13036813246632));
#12111=CARTESIAN_POINT('',(2.70617884185119,-1.25,-1.13036813246632));
#12112=CARTESIAN_POINT('',(2.70617884185119,-1.35,-1.13036813246632));
#12113=CARTESIAN_POINT('',(2.70617884185119,-1.25,-1.13036813246632));
#12114=CARTESIAN_POINT('',(2.70617884185119,-1.25,-1.04001502206206));
#12115=CARTESIAN_POINT('',(2.70617884185119,-1.25,-1.13036813246632));
#12116=CARTESIAN_POINT('',(2.70617884185119,-1.25,-1.04001502206206));
#12117=CARTESIAN_POINT('',(2.70617884185119,-1.35,-1.04001502206206));
#12118=CARTESIAN_POINT('',(2.70617884185119,-1.25,-1.04001502206206));
#12119=CARTESIAN_POINT('',(2.70617884185119,-1.25,-1.04001502206206));
#12120=CARTESIAN_POINT('',(2.72149292836039,-1.25,-1.04001502206206));
#12121=CARTESIAN_POINT('',(2.7476119536844,-1.25,-1.01763944010695));
#12122=CARTESIAN_POINT('',(2.7476119536844,-1.35,-1.01763944010695));
#12123=CARTESIAN_POINT('',(2.7476119536844,-1.25,-1.01763944010695));
#12124=CARTESIAN_POINT('',(2.76284096193521,-1.25,-1.00845098820143));
#12125=CARTESIAN_POINT('',(2.7476119536844,-1.25,-1.01763944010695));
#12126=CARTESIAN_POINT('',(2.75522645780981,-1.25,-1.01304521415419));
#12127=CARTESIAN_POINT('',(2.76284096193521,-1.25,-1.00845098820143));
#12128=CARTESIAN_POINT('',(2.76284096193521,-1.35,-1.00845098820143));
#12129=CARTESIAN_POINT('',(2.76284096193521,-1.25,-1.00845098820143));
#12130=CARTESIAN_POINT('',(2.76284096193521,-1.25,-1.04001502206206));
#12131=CARTESIAN_POINT('',(2.76284096193521,-1.25,-1.00845098820143));
#12132=CARTESIAN_POINT('',(2.76284096193521,-1.25,-1.02423300513175));
#12133=CARTESIAN_POINT('',(2.76284096193521,-1.25,-1.04001502206206));
#12134=CARTESIAN_POINT('',(2.76284096193521,-1.35,-1.04001502206206));
#12135=CARTESIAN_POINT('',(2.76284096193521,-1.25,-1.04001502206206));
#12136=CARTESIAN_POINT('',(2.77824012670279,-1.25,-1.04001502206206));
#12137=CARTESIAN_POINT('',(2.76284096193521,-1.25,-1.04001502206206));
#12138=CARTESIAN_POINT('',(2.770540544319,-1.25,-1.04001502206206));
#12139=CARTESIAN_POINT('',(2.77824012670279,-1.25,-1.04001502206206));
#12140=CARTESIAN_POINT('',(2.77824012670279,-1.35,-1.04001502206206));
#12141=CARTESIAN_POINT('',(2.77824012670279,-1.25,-1.04001502206206));
#12142=CARTESIAN_POINT('',(2.77824012670279,-1.25,-1.05192597823588));
#12143=CARTESIAN_POINT('',(2.77824012670279,-1.25,-1.04001502206206));
#12144=CARTESIAN_POINT('',(2.77824012670279,-1.25,-1.04597050014897));
#12145=CARTESIAN_POINT('',(2.77824012670279,-1.25,-1.05192597823588));
#12146=CARTESIAN_POINT('',(2.77824012670279,-1.35,-1.05192597823588));
#12147=CARTESIAN_POINT('',(2.77824012670279,-1.25,-1.05192597823588));
#12148=CARTESIAN_POINT('',(2.76284096193521,-1.25,-1.05192597823588));
#12149=CARTESIAN_POINT('',(2.77824012670279,-1.25,-1.05192597823588));
#12150=CARTESIAN_POINT('',(2.770540544319,-1.25,-1.05192597823588));
#12151=CARTESIAN_POINT('',(2.76284096193521,-1.25,-1.05192597823588));
#12152=CARTESIAN_POINT('',(2.76284096193521,-1.35,-1.05192597823588));
#12153=CARTESIAN_POINT('',(2.76284096193521,-1.25,-1.05192597823588));
#12154=CARTESIAN_POINT('',(2.76284096193521,-1.25,-1.1047595766926));
#12155=CARTESIAN_POINT('',(2.76284096193521,-1.25,-1.05192597823588));
#12156=CARTESIAN_POINT('',(2.76284096193521,-1.25,-1.07834277746424));
#12157=CARTESIAN_POINT('',(2.76284096193521,-1.25,-1.1047595766926));
#12158=CARTESIAN_POINT('',(2.76284096193521,-1.35,-1.1047595766926));
#12159=CARTESIAN_POINT('',(2.76284096193521,-1.25,-1.1047595766926));
#12160=CARTESIAN_POINT('',(2.77824012670279,-1.25,-1.11667053286642));
#12161=CARTESIAN_POINT('',(2.76284096193521,-1.25,-1.1047595766926));
#12162=CARTESIAN_POINT('',(2.76284096193521,-1.25,-1.11131060258821));
#12163=CARTESIAN_POINT('',(2.76364920538986,-1.25,-1.11318232427266));
#12164=CARTESIAN_POINT('',(2.76445744884451,-1.25,-1.11505404595712));
#12165=CARTESIAN_POINT('',(2.76628663139979,-1.25,-1.11616006331612));
#12166=CARTESIAN_POINT('',(2.76811581395505,-1.25,-1.11726608067512));
#12167=CARTESIAN_POINT('',(2.77151894429043,-1.25,-1.11726608067512));
#12168=CARTESIAN_POINT('',(2.77407129204196,-1.25,-1.11726608067512));
#12169=CARTESIAN_POINT('',(2.77824012670279,-1.25,-1.11667053286642));
#12170=CARTESIAN_POINT('',(2.77824012670279,-1.35,-1.11667053286642));
#12171=CARTESIAN_POINT('',(2.77824012670279,-1.25,-1.11667053286642));
#12172=CARTESIAN_POINT('',(2.78045216142079,-1.25,-1.13019797594955));
#12173=CARTESIAN_POINT('',(2.77824012670279,-1.25,-1.11667053286642));
#12174=CARTESIAN_POINT('',(2.77934614406179,-1.25,-1.12343425440799));
#12175=CARTESIAN_POINT('',(2.78045216142079,-1.25,-1.13019797594955));
#12176=CARTESIAN_POINT('',(2.78045216142079,-1.35,-1.13019797594955));
#12177=CARTESIAN_POINT('',(2.78045216142079,-1.25,-1.13019797594955));
#12178=CARTESIAN_POINT('',(2.7476119536844,-1.25,-1.10390879410876));
#12179=CARTESIAN_POINT('',(2.78045216142079,-1.25,-1.13019797594955));
#12180=CARTESIAN_POINT('',(2.77398621378357,-1.25,-1.1315592280837));
#12181=CARTESIAN_POINT('',(2.76888151828051,-1.25,-1.1315592280837));
#12182=CARTESIAN_POINT('',(2.76054384895884,-1.25,-1.1315592280837));
#12183=CARTESIAN_POINT('',(2.75594962300608,-1.25,-1.12892180207378));
#12184=CARTESIAN_POINT('',(2.75135539705332,-1.25,-1.12628437606387));
#12185=CARTESIAN_POINT('',(2.74948367536887,-1.25,-1.12198792401545));
#12186=CARTESIAN_POINT('',(2.7476119536844,-1.25,-1.11769147196704));
#12187=CARTESIAN_POINT('',(2.7476119536844,-1.25,-1.10390879410876));
#12188=CARTESIAN_POINT('',(2.7476119536844,-1.35,-1.10390879410876));
#12189=CARTESIAN_POINT('',(2.7476119536844,-1.25,-1.10390879410876));
#12190=CARTESIAN_POINT('',(2.7476119536844,-1.25,-1.05192597823588));
#12191=CARTESIAN_POINT('',(2.7476119536844,-1.25,-1.10390879410876));
#12192=CARTESIAN_POINT('',(2.7476119536844,-1.25,-1.07791738617232));
#12193=CARTESIAN_POINT('',(2.7476119536844,-1.25,-1.05192597823588));
#12194=CARTESIAN_POINT('',(2.7476119536844,-1.35,-1.05192597823588));
#12195=CARTESIAN_POINT('',(2.7476119536844,-1.25,-1.05192597823588));
#12196=CARTESIAN_POINT('',(2.73638162357766,-1.25,-1.05192597823588));
#12197=CARTESIAN_POINT('',(2.7476119536844,-1.25,-1.05192597823588));
#12198=CARTESIAN_POINT('',(2.74199678863103,-1.25,-1.05192597823588));
#12199=CARTESIAN_POINT('',(2.73638162357766,-1.25,-1.05192597823588));
#12200=CARTESIAN_POINT('',(2.73638162357766,-1.35,-1.05192597823588));
#12201=CARTESIAN_POINT('',(2.73638162357766,-1.25,-1.05192597823588));
#12202=CARTESIAN_POINT('',(2.73638162357766,-1.25,-1.04001502206206));
#12203=CARTESIAN_POINT('',(2.73638162357766,-1.25,-1.05192597823588));
#12204=CARTESIAN_POINT('',(2.73638162357766,-1.25,-1.04597050014897));
#12205=CARTESIAN_POINT('',(2.73638162357766,-1.25,-1.04001502206206));
#12206=CARTESIAN_POINT('',(2.73638162357766,-1.35,-1.04001502206206));
#12207=CARTESIAN_POINT('',(2.73638162357766,-1.25,-1.04001502206206));
#12208=CARTESIAN_POINT('',(2.7476119536844,-1.25,-1.04001502206206));
#12209=CARTESIAN_POINT('',(2.73638162357766,-1.25,-1.04001502206206));
#12210=CARTESIAN_POINT('',(2.74199678863103,-1.25,-1.04001502206206));
#12211=CARTESIAN_POINT('',(2.7476119536844,-1.25,-1.04001502206206));
#12212=CARTESIAN_POINT('',(2.7476119536844,-1.35,-1.04001502206206));
#12213=CARTESIAN_POINT('',(2.7476119536844,-1.25,-1.04001502206206));
#12214=CARTESIAN_POINT('',(2.7476119536844,-1.25,-1.04001502206206));
#12215=CARTESIAN_POINT('',(2.7476119536844,-1.25,-1.0288272310845));
#12216=CARTESIAN_POINT('',(2.7476119536844,-1.25,-1.01763944010695));
#12217=CARTESIAN_POINT('',(2.86578565458037,-1.25,-1.066559438678));
#12218=CARTESIAN_POINT('',(2.86578565458037,-1.35,-1.066559438678));
#12219=CARTESIAN_POINT('',(2.86578565458037,-1.25,-1.066559438678));
#12220=CARTESIAN_POINT('',(2.8508969593631,-1.25,-1.06885655165438));
#12221=CARTESIAN_POINT('',(2.86578565458037,-1.25,-1.066559438678));
#12222=CARTESIAN_POINT('',(2.85834130697173,-1.25,-1.06770799516619));
#12223=CARTESIAN_POINT('',(2.8508969593631,-1.25,-1.06885655165438));
#12224=CARTESIAN_POINT('',(2.8508969593631,-1.35,-1.06885655165438));
#12225=CARTESIAN_POINT('',(2.8508969593631,-1.25,-1.06885655165438));
#12226=CARTESIAN_POINT('',(2.85217313323886,-1.25,-1.09727268995478));
#12227=CARTESIAN_POINT('',(2.8508969593631,-1.25,-1.06885655165438));
#12228=CARTESIAN_POINT('',(2.84877000290349,-1.25,-1.05975317800724));
#12229=CARTESIAN_POINT('',(2.84336753349608,-1.25,-1.05515895205449));
#12230=CARTESIAN_POINT('',(2.83796506408866,-1.25,-1.05056472610173));
#12231=CARTESIAN_POINT('',(2.83030802083406,-1.25,-1.05056472610173));
#12232=CARTESIAN_POINT('',(2.81873737769378,-1.25,-1.05056472610173));
#12233=CARTESIAN_POINT('',(2.81150572573111,-1.25,-1.05885985629421));
#12234=CARTESIAN_POINT('',(2.80427407376843,-1.25,-1.06715498648669));
#12235=CARTESIAN_POINT('',(2.80427407376843,-1.25,-1.0851064990058));
#12236=CARTESIAN_POINT('',(2.80427407376843,-1.25,-1.10331324630007));
#12237=CARTESIAN_POINT('',(2.81125049095596,-1.25,-1.11156583736336));
#12238=CARTESIAN_POINT('',(2.81822690814348,-1.25,-1.11981842842665));
#12239=CARTESIAN_POINT('',(2.82945723825022,-1.25,-1.11981842842665));
#12240=CARTESIAN_POINT('',(2.83847553363898,-1.25,-1.11981842842665));
#12241=CARTESIAN_POINT('',(2.84451608998427,-1.25,-1.11428834163166));
#12242=CARTESIAN_POINT('',(2.85055664632956,-1.25,-1.10875825483667));
#12243=CARTESIAN_POINT('',(2.85217313323886,-1.25,-1.09727268995478));
#12244=CARTESIAN_POINT('',(2.85217313323886,-1.35,-1.09727268995478));
#12245=CARTESIAN_POINT('',(2.85217313323886,-1.25,-1.09727268995478));
#12246=CARTESIAN_POINT('',(2.86723198497291,-1.25,-1.09922948989762));
#12247=CARTESIAN_POINT('',(2.85217313323886,-1.25,-1.09727268995478));
#12248=CARTESIAN_POINT('',(2.85970255910588,-1.25,-1.0982510899262));
#12249=CARTESIAN_POINT('',(2.86723198497291,-1.25,-1.09922948989762));
#12250=CARTESIAN_POINT('',(2.86723198497291,-1.35,-1.09922948989762));
#12251=CARTESIAN_POINT('',(2.86723198497291,-1.25,-1.09922948989762));
#12252=CARTESIAN_POINT('',(2.86723198497291,-1.25,-1.09922948989762));
#12253=CARTESIAN_POINT('',(2.86476471547976,-1.25,-1.11479881118197));
#12254=CARTESIAN_POINT('',(2.85459786360283,-1.25,-1.12360441092476));
#12255=CARTESIAN_POINT('',(2.84443101172588,-1.25,-1.13241001066754));
#12256=CARTESIAN_POINT('',(2.82962739476699,-1.25,-1.13241001066754));
#12257=CARTESIAN_POINT('',(2.81108033443919,-1.25,-1.13241001066754));
#12258=CARTESIAN_POINT('',(2.79980746520325,-1.25,-1.12028635884776));
#12259=CARTESIAN_POINT('',(2.78853459596731,-1.25,-1.10816270702798));
#12260=CARTESIAN_POINT('',(2.78853459596731,-1.25,-1.08553189029772));
#12261=CARTESIAN_POINT('',(2.78853459596731,-1.25,-1.0708984298556));
#12262=CARTESIAN_POINT('',(2.79338405669522,-1.25,-1.05992333452401));
#12263=CARTESIAN_POINT('',(2.79823351742314,-1.25,-1.04894823919242));
#12264=CARTESIAN_POINT('',(2.80814513452492,-1.25,-1.04346069152663));
#12265=CARTESIAN_POINT('',(2.8180567516267,-1.25,-1.03797314386083));
#12266=CARTESIAN_POINT('',(2.82971247302538,-1.25,-1.03797314386083));
#12267=CARTESIAN_POINT('',(2.84443101172588,-1.25,-1.03797314386083));
#12268=CARTESIAN_POINT('',(2.85378962014817,-1.25,-1.04541749146947));
#12269=CARTESIAN_POINT('',(2.86314821818492,-1.25,-1.05286183907811));
#12270=CARTESIAN_POINT('',(2.86578565458037,-1.25,-1.066559438678));
#12271=CARTESIAN_POINT('',(2.93861264375744,-1.25,-1.0731104645736));
#12272=CARTESIAN_POINT('',(2.93861264375744,-1.35,-1.0731104645736));
#12273=CARTESIAN_POINT('',(2.93861264375744,-1.25,-1.0731104645736));
#12274=CARTESIAN_POINT('',(2.89564812327331,-1.25,-1.08093766434497));
#12275=CARTESIAN_POINT('',(2.93861264375744,-1.25,-1.0731104645736));
#12276=CARTESIAN_POINT('',(2.93861264375744,-1.25,-1.0616248996917));
#12277=CARTESIAN_POINT('',(2.93363556564195,-1.25,-1.05639258680106));
#12278=CARTESIAN_POINT('',(2.92865848752647,-1.25,-1.05116027391042));
#12279=CARTESIAN_POINT('',(2.91955511387932,-1.25,-1.05116027391042));
#12280=CARTESIAN_POINT('',(2.91274885320857,-1.25,-1.05116027391042));
#12281=CARTESIAN_POINT('',(2.90675083599248,-1.25,-1.05469102163337));
#12282=CARTESIAN_POINT('',(2.90075281877637,-1.25,-1.05822176935632));
#12283=CARTESIAN_POINT('',(2.89820047102484,-1.25,-1.06426232570162));
#12284=CARTESIAN_POINT('',(2.89564812327331,-1.25,-1.07030288204691));
#12285=CARTESIAN_POINT('',(2.89564812327331,-1.25,-1.08093766434497));
#12286=CARTESIAN_POINT('',(2.89564812327331,-1.35,-1.08093766434497));
#12287=CARTESIAN_POINT('',(2.89564812327331,-1.25,-1.08093766434497));
#12288=CARTESIAN_POINT('',(2.89564812327331,-1.25,-1.13036813246632));
#12289=CARTESIAN_POINT('',(2.89564812327331,-1.25,-1.08093766434497));
#12290=CARTESIAN_POINT('',(2.89564812327331,-1.25,-1.10565289840564));
#12291=CARTESIAN_POINT('',(2.89564812327331,-1.25,-1.13036813246632));
#12292=CARTESIAN_POINT('',(2.89564812327331,-1.35,-1.13036813246632));
#12293=CARTESIAN_POINT('',(2.89564812327331,-1.25,-1.13036813246632));
#12294=CARTESIAN_POINT('',(2.88033403676411,-1.25,-1.13036813246632));
#12295=CARTESIAN_POINT('',(2.89564812327331,-1.25,-1.13036813246632));
#12296=CARTESIAN_POINT('',(2.88799108001871,-1.25,-1.13036813246632));
#12297=CARTESIAN_POINT('',(2.88033403676411,-1.25,-1.13036813246632));
#12298=CARTESIAN_POINT('',(2.88033403676411,-1.35,-1.13036813246632));
#12299=CARTESIAN_POINT('',(2.88033403676411,-1.25,-1.13036813246632));
#12300=CARTESIAN_POINT('',(2.88033403676411,-1.25,-1.00564340567475));
#12301=CARTESIAN_POINT('',(2.88033403676411,-1.25,-1.13036813246632));
#12302=CARTESIAN_POINT('',(2.88033403676411,-1.25,-1.06800576907053));
#12303=CARTESIAN_POINT('',(2.88033403676411,-1.25,-1.00564340567475));
#12304=CARTESIAN_POINT('',(2.88033403676411,-1.35,-1.00564340567475));
#12305=CARTESIAN_POINT('',(2.88033403676411,-1.25,-1.00564340567475));
#12306=CARTESIAN_POINT('',(2.89564812327331,-1.25,-1.00564340567475));
#12307=CARTESIAN_POINT('',(2.88033403676411,-1.25,-1.00564340567475));
#12308=CARTESIAN_POINT('',(2.88799108001871,-1.25,-1.00564340567475));
#12309=CARTESIAN_POINT('',(2.89564812327331,-1.25,-1.00564340567475));
#12310=CARTESIAN_POINT('',(2.89564812327331,-1.35,-1.00564340567475));
#12311=CARTESIAN_POINT('',(2.89564812327331,-1.25,-1.00564340567475));
#12312=CARTESIAN_POINT('',(2.89564812327331,-1.25,-1.05039456958496));
#12313=CARTESIAN_POINT('',(2.89564812327331,-1.25,-1.00564340567475));
#12314=CARTESIAN_POINT('',(2.89564812327331,-1.25,-1.02801898762985));
#12315=CARTESIAN_POINT('',(2.89564812327331,-1.25,-1.05039456958496));
#12316=CARTESIAN_POINT('',(2.89564812327331,-1.35,-1.05039456958496));
#12317=CARTESIAN_POINT('',(2.89564812327331,-1.25,-1.05039456958496));
#12318=CARTESIAN_POINT('',(2.95392673026663,-1.25,-1.0731104645736));
#12319=CARTESIAN_POINT('',(2.89564812327331,-1.25,-1.05039456958496));
#12320=CARTESIAN_POINT('',(2.90636798382974,-1.25,-1.03797314386083));
#12321=CARTESIAN_POINT('',(2.92270300943955,-1.25,-1.03797314386083));
#12322=CARTESIAN_POINT('',(2.93274224392891,-1.25,-1.03797314386083));
#12323=CARTESIAN_POINT('',(2.94014405240835,-1.25,-1.04192928287571));
#12324=CARTESIAN_POINT('',(2.94754586088781,-1.25,-1.04588542189058));
#12325=CARTESIAN_POINT('',(2.95073629557722,-1.25,-1.05286183907811));
#12326=CARTESIAN_POINT('',(2.95392673026663,-1.25,-1.05983825626563));
#12327=CARTESIAN_POINT('',(2.95392673026663,-1.25,-1.0731104645736));
#12328=CARTESIAN_POINT('',(2.95392673026663,-1.35,-1.0731104645736));
#12329=CARTESIAN_POINT('',(2.95392673026663,-1.25,-1.0731104645736));
#12330=CARTESIAN_POINT('',(2.95392673026663,-1.25,-1.13036813246632));
#12331=CARTESIAN_POINT('',(2.95392673026663,-1.25,-1.0731104645736));
#12332=CARTESIAN_POINT('',(2.95392673026663,-1.25,-1.10173929851996));
#12333=CARTESIAN_POINT('',(2.95392673026663,-1.25,-1.13036813246632));
#12334=CARTESIAN_POINT('',(2.95392673026663,-1.35,-1.13036813246632));
#12335=CARTESIAN_POINT('',(2.95392673026663,-1.25,-1.13036813246632));
#12336=CARTESIAN_POINT('',(2.93861264375744,-1.25,-1.13036813246632));
#12337=CARTESIAN_POINT('',(2.95392673026663,-1.25,-1.13036813246632));
#12338=CARTESIAN_POINT('',(2.94626968701204,-1.25,-1.13036813246632));
#12339=CARTESIAN_POINT('',(2.93861264375744,-1.25,-1.13036813246632));
#12340=CARTESIAN_POINT('',(2.93861264375744,-1.35,-1.13036813246632));
#12341=CARTESIAN_POINT('',(2.93861264375744,-1.25,-1.13036813246632));
#12342=CARTESIAN_POINT('',(2.93861264375744,-1.25,-1.13036813246632));
#12343=CARTESIAN_POINT('',(2.93861264375744,-1.25,-1.10173929851996));
#12344=CARTESIAN_POINT('',(2.93861264375744,-1.25,-1.0731104645736));
#12345=CARTESIAN_POINT('',(3.17938411498536,-1.25,-1.03984486554529));
#12346=CARTESIAN_POINT('',(3.17938411498536,-1.35,-1.03984486554529));
#12347=CARTESIAN_POINT('',(3.17938411498536,-1.25,-1.03984486554529));
#12348=CARTESIAN_POINT('',(3.16313416763394,-1.25,-1.04367338717259));
#12349=CARTESIAN_POINT('',(3.17938411498536,-1.25,-1.03984486554529));
#12350=CARTESIAN_POINT('',(3.17125914130965,-1.25,-1.04175912635894));
#12351=CARTESIAN_POINT('',(3.16313416763394,-1.25,-1.04367338717259));
#12352=CARTESIAN_POINT('',(3.16313416763394,-1.35,-1.04367338717259));
#12353=CARTESIAN_POINT('',(3.16313416763394,-1.25,-1.04367338717259));
#12354=CARTESIAN_POINT('',(3.1650058893184,-1.25,-1.08663790765672));
#12355=CARTESIAN_POINT('',(3.16313416763394,-1.25,-1.04367338717259));
#12356=CARTESIAN_POINT('',(3.15879517645633,-1.25,-1.03006086583108));
#12357=CARTESIAN_POINT('',(3.15054258539305,-1.25,-1.02385015296902));
#12358=CARTESIAN_POINT('',(3.14228999432975,-1.25,-1.01763944010695));
#12359=CARTESIAN_POINT('',(3.12978349034724,-1.25,-1.01763944010695));
#12360=CARTESIAN_POINT('',(3.11540526468028,-1.25,-1.01763944010695));
#12361=CARTESIAN_POINT('',(3.10574888235365,-1.25,-1.02453077903609));
#12362=CARTESIAN_POINT('',(3.09609250002701,-1.25,-1.03142211796523));
#12363=CARTESIAN_POINT('',(3.09217890014133,-1.25,-1.0430353002347));
#12364=CARTESIAN_POINT('',(3.08826530025565,-1.25,-1.05464848250418));
#12365=CARTESIAN_POINT('',(3.08826530025565,-1.25,-1.06698482996992));
#12366=CARTESIAN_POINT('',(3.08826530025565,-1.25,-1.08289446428781));
#12367=CARTESIAN_POINT('',(3.0929020653376,-1.25,-1.09476288133244));
#12368=CARTESIAN_POINT('',(3.09753883041955,-1.25,-1.10663129837706));
#12369=CARTESIAN_POINT('',(3.10732283013376,-1.25,-1.11250169820559));
#12370=CARTESIAN_POINT('',(3.11710682984797,-1.25,-1.11837209803411));
#12371=CARTESIAN_POINT('',(3.12850731647148,-1.25,-1.11837209803411));
#12372=CARTESIAN_POINT('',(3.14237507258814,-1.25,-1.11837209803411));
#12373=CARTESIAN_POINT('',(3.15198891578558,-1.25,-1.11037474174598));
#12374=CARTESIAN_POINT('',(3.16160274859749,-1.25,-1.10237738545784));
#12375=CARTESIAN_POINT('',(3.1650058893184,-1.25,-1.08663790765672));
#12376=CARTESIAN_POINT('',(3.1650058893184,-1.35,-1.08663790765672));
#12377=CARTESIAN_POINT('',(3.1650058893184,-1.25,-1.08663790765672));
#12378=CARTESIAN_POINT('',(3.18151107144498,-1.25,-1.09080674231756));
#12379=CARTESIAN_POINT('',(3.1650058893184,-1.25,-1.08663790765672));
#12380=CARTESIAN_POINT('',(3.17325848038169,-1.25,-1.08872232498714));
#12381=CARTESIAN_POINT('',(3.18151107144498,-1.25,-1.09080674231756));
#12382=CARTESIAN_POINT('',(3.18151107144498,-1.35,-1.09080674231756));
#12383=CARTESIAN_POINT('',(3.18151107144498,-1.25,-1.09080674231756));
#12384=CARTESIAN_POINT('',(3.18151107144498,-1.25,-1.09080674231756));
#12385=CARTESIAN_POINT('',(3.17632129768353,-1.25,-1.11114044607144));
#12386=CARTESIAN_POINT('',(3.1628363937296,-1.25,-1.12181776749868));
#12387=CARTESIAN_POINT('',(3.14935148977567,-1.25,-1.13249508892593));
#12388=CARTESIAN_POINT('',(3.12986856860563,-1.25,-1.13249508892593));
#12389=CARTESIAN_POINT('',(3.10970502136852,-1.25,-1.13249508892593));
#12390=CARTESIAN_POINT('',(3.09707089999844,-1.25,-1.12428503699183));
#12391=CARTESIAN_POINT('',(3.08443677862835,-1.25,-1.11607498505773));
#12392=CARTESIAN_POINT('',(3.07784321360356,-1.25,-1.10050566377338));
#12393=CARTESIAN_POINT('',(3.07124964857876,-1.25,-1.08493634248903));
#12394=CARTESIAN_POINT('',(3.07124964857876,-1.25,-1.0670699082283));
#12395=CARTESIAN_POINT('',(3.07124964857876,-1.25,-1.04758698705827));
#12396=CARTESIAN_POINT('',(3.0786939961874,-1.25,-1.03308114400373));
#12397=CARTESIAN_POINT('',(3.08613834379604,-1.25,-1.01857530094918));
#12398=CARTESIAN_POINT('',(3.09987848252512,-1.25,-1.01104587508216));
#12399=CARTESIAN_POINT('',(3.11361862125421,-1.25,-1.00351644921514));
#12400=CARTESIAN_POINT('',(3.13012380338078,-1.25,-1.00351644921514));
#12401=CARTESIAN_POINT('',(3.14884102022535,-1.25,-1.00351644921514));
#12402=CARTESIAN_POINT('',(3.16160275898302,-1.25,-1.01304521415419));
#12403=CARTESIAN_POINT('',(3.17436449774069,-1.25,-1.02257398947878));
#12404=CARTESIAN_POINT('',(3.17938411498536,-1.25,-1.03984486554529));
#12405=CARTESIAN_POINT('',(2.72149292836039,-1.25,-1.00564340567475));
#12406=CARTESIAN_POINT('',(2.72149292836039,-1.35,-1.00564340567475));
#12407=CARTESIAN_POINT('',(2.72149292836039,-1.25,-1.00564340567475));
#12408=CARTESIAN_POINT('',(2.72149292836039,-1.25,-1.02325460516033));
#12409=CARTESIAN_POINT('',(2.72149292836039,-1.25,-1.00564340567475));
#12410=CARTESIAN_POINT('',(2.72149292836039,-1.25,-1.02325460516033));
#12411=CARTESIAN_POINT('',(2.72149292836039,-1.35,-1.02325460516033));
#12412=CARTESIAN_POINT('',(2.72149292836039,-1.25,-1.02325460516033));
#12413=CARTESIAN_POINT('',(2.70617884185119,-1.25,-1.02325460516033));
#12414=CARTESIAN_POINT('',(2.72149292836039,-1.25,-1.02325460516033));
#12415=CARTESIAN_POINT('',(2.70617884185119,-1.25,-1.02325460516033));
#12416=CARTESIAN_POINT('',(2.70617884185119,-1.35,-1.02325460516033));
#12417=CARTESIAN_POINT('',(2.70617884185119,-1.25,-1.02325460516033));
#12418=CARTESIAN_POINT('',(2.70617884185119,-1.25,-1.00564340567475));
#12419=CARTESIAN_POINT('',(2.70617884185119,-1.25,-1.02325460516033));
#12420=CARTESIAN_POINT('',(2.70617884185119,-1.25,-1.00564340567475));
#12421=CARTESIAN_POINT('',(2.70617884185119,-1.35,-1.00564340567475));
#12422=CARTESIAN_POINT('',(2.70617884185119,-1.25,-1.00564340567475));
#12423=CARTESIAN_POINT('',(2.70617884185119,-1.25,-1.00564340567475));
#12424=CARTESIAN_POINT('',(2.72149292836039,-1.25,-1.00564340567475));
#12425=CARTESIAN_POINT('',(3.31057478941415,-1.25,-1.05286183907811));
#12426=CARTESIAN_POINT('',(3.31057478941415,-1.35,-1.05286183907811));
#12427=CARTESIAN_POINT('',(3.31057478941415,-1.25,-1.05286183907811));
#12428=CARTESIAN_POINT('',(3.37021464854164,-1.25,-1.07481202974129));
#12429=CARTESIAN_POINT('',(3.31057478941415,-1.25,-1.05286183907811));
#12430=CARTESIAN_POINT('',(3.32052894564513,-1.25,-1.03797314386083));
#12431=CARTESIAN_POINT('',(3.33933124074809,-1.25,-1.03797314386083));
#12432=CARTESIAN_POINT('',(3.34749875355299,-1.25,-1.03797314386083));
#12433=CARTESIAN_POINT('',(3.35434755335294,-1.25,-1.04090834377509));
#12434=CARTESIAN_POINT('',(3.36119635315288,-1.25,-1.04384354368936));
#12435=CARTESIAN_POINT('',(3.36459948348826,-1.25,-1.04860792615888));
#12436=CARTESIAN_POINT('',(3.36800261382364,-1.25,-1.05337230862841));
#12437=CARTESIAN_POINT('',(3.36936386595779,-1.25,-1.05992333452401));
#12438=CARTESIAN_POINT('',(3.37021464854164,-1.25,-1.06417724744323));
#12439=CARTESIAN_POINT('',(3.37021464854164,-1.25,-1.07481202974129));
#12440=CARTESIAN_POINT('',(3.37021464854164,-1.35,-1.07481202974129));
#12441=CARTESIAN_POINT('',(3.37021464854164,-1.25,-1.07481202974129));
#12442=CARTESIAN_POINT('',(3.37021464854164,-1.25,-1.13036813246632));
#12443=CARTESIAN_POINT('',(3.37021464854164,-1.25,-1.07481202974129));
#12444=CARTESIAN_POINT('',(3.37021464854164,-1.25,-1.1025900811038));
#12445=CARTESIAN_POINT('',(3.37021464854164,-1.25,-1.13036813246632));
#12446=CARTESIAN_POINT('',(3.37021464854164,-1.35,-1.13036813246632));
#12447=CARTESIAN_POINT('',(3.37021464854164,-1.25,-1.13036813246632));
#12448=CARTESIAN_POINT('',(3.35490056203244,-1.25,-1.13036813246632));
#12449=CARTESIAN_POINT('',(3.37021464854164,-1.25,-1.13036813246632));
#12450=CARTESIAN_POINT('',(3.36255760528704,-1.25,-1.13036813246632));
#12451=CARTESIAN_POINT('',(3.35490056203244,-1.25,-1.13036813246632));
#12452=CARTESIAN_POINT('',(3.35490056203244,-1.35,-1.13036813246632));
#12453=CARTESIAN_POINT('',(3.35490056203244,-1.25,-1.13036813246632));
#12454=CARTESIAN_POINT('',(3.35490056203244,-1.25,-1.07540757754998));
#12455=CARTESIAN_POINT('',(3.35490056203244,-1.25,-1.13036813246632));
#12456=CARTESIAN_POINT('',(3.35490056203244,-1.25,-1.10288785500815));
#12457=CARTESIAN_POINT('',(3.35490056203244,-1.25,-1.07540757754998));
#12458=CARTESIAN_POINT('',(3.35490056203244,-1.35,-1.07540757754998));
#12459=CARTESIAN_POINT('',(3.35490056203244,-1.25,-1.07540757754998));
#12460=CARTESIAN_POINT('',(3.31210619806507,-1.25,-1.08102274260335));
#12461=CARTESIAN_POINT('',(3.35490056203244,-1.25,-1.07540757754998));
#12462=CARTESIAN_POINT('',(3.35490056203244,-1.25,-1.06604896912769));
#12463=CARTESIAN_POINT('',(3.35311391860636,-1.25,-1.06141220404574));
#12464=CARTESIAN_POINT('',(3.35132727518029,-1.25,-1.05677543896379));
#12465=CARTESIAN_POINT('',(3.34677558835672,-1.25,-1.0540103955663));
#12466=CARTESIAN_POINT('',(3.34222390153316,-1.25,-1.0512453521688));
#12467=CARTESIAN_POINT('',(3.33609826692948,-1.25,-1.0512453521688));
#12468=CARTESIAN_POINT('',(3.32631426721527,-1.25,-1.0512453521688));
#12469=CARTESIAN_POINT('',(3.31921023264017,-1.25,-1.05745606503086));
#12470=CARTESIAN_POINT('',(3.31210619806507,-1.25,-1.06366677789293));
#12471=CARTESIAN_POINT('',(3.31210619806507,-1.25,-1.08102274260335));
#12472=CARTESIAN_POINT('',(3.31210619806507,-1.35,-1.08102274260335));
#12473=CARTESIAN_POINT('',(3.31210619806507,-1.25,-1.08102274260335));
#12474=CARTESIAN_POINT('',(3.31210619806507,-1.25,-1.13036813246632));
#12475=CARTESIAN_POINT('',(3.31210619806507,-1.25,-1.08102274260335));
#12476=CARTESIAN_POINT('',(3.31210619806507,-1.25,-1.10569543753483));
#12477=CARTESIAN_POINT('',(3.31210619806507,-1.25,-1.13036813246632));
#12478=CARTESIAN_POINT('',(3.31210619806507,-1.35,-1.13036813246632));
#12479=CARTESIAN_POINT('',(3.31210619806507,-1.25,-1.13036813246632));
#12480=CARTESIAN_POINT('',(3.29679211155587,-1.25,-1.13036813246632));
#12481=CARTESIAN_POINT('',(3.31210619806507,-1.25,-1.13036813246632));
#12482=CARTESIAN_POINT('',(3.30444915481047,-1.25,-1.13036813246632));
#12483=CARTESIAN_POINT('',(3.29679211155587,-1.25,-1.13036813246632));
#12484=CARTESIAN_POINT('',(3.29679211155587,-1.35,-1.13036813246632));
#12485=CARTESIAN_POINT('',(3.29679211155587,-1.25,-1.13036813246632));
#12486=CARTESIAN_POINT('',(3.29679211155587,-1.25,-1.04001502206206));
#12487=CARTESIAN_POINT('',(3.29679211155587,-1.25,-1.13036813246632));
#12488=CARTESIAN_POINT('',(3.29679211155587,-1.25,-1.08519157726419));
#12489=CARTESIAN_POINT('',(3.29679211155587,-1.25,-1.04001502206206));
#12490=CARTESIAN_POINT('',(3.29679211155587,-1.35,-1.04001502206206));
#12491=CARTESIAN_POINT('',(3.29679211155587,-1.25,-1.04001502206206));
#12492=CARTESIAN_POINT('',(3.31057478941415,-1.25,-1.04001502206206));
#12493=CARTESIAN_POINT('',(3.29679211155587,-1.25,-1.04001502206206));
#12494=CARTESIAN_POINT('',(3.30368345048501,-1.25,-1.04001502206206));
#12495=CARTESIAN_POINT('',(3.31057478941415,-1.25,-1.04001502206206));
#12496=CARTESIAN_POINT('',(3.31057478941415,-1.35,-1.04001502206206));
#12497=CARTESIAN_POINT('',(3.31057478941415,-1.25,-1.04001502206206));
#12498=CARTESIAN_POINT('',(3.31057478941415,-1.25,-1.04001502206206));
#12499=CARTESIAN_POINT('',(3.31057478941415,-1.25,-1.04643843057008));
#12500=CARTESIAN_POINT('',(3.31057478941415,-1.25,-1.05286183907811));
#12501=CARTESIAN_POINT('',(3.40747892571402,-1.25,-1.05286183907811));
#12502=CARTESIAN_POINT('',(3.40747892571402,-1.35,-1.05286183907811));
#12503=CARTESIAN_POINT('',(3.40747892571402,-1.25,-1.05286183907811));
#12504=CARTESIAN_POINT('',(3.4671187848415,-1.25,-1.07481202974129));
#12505=CARTESIAN_POINT('',(3.40747892571402,-1.25,-1.05286183907811));
#12506=CARTESIAN_POINT('',(3.41743308194499,-1.25,-1.03797314386083));
#12507=CARTESIAN_POINT('',(3.43623537704794,-1.25,-1.03797314386083));
#12508=CARTESIAN_POINT('',(3.44440288985285,-1.25,-1.03797314386083));
#12509=CARTESIAN_POINT('',(3.4512516896528,-1.25,-1.04090834377509));
#12510=CARTESIAN_POINT('',(3.45810048945274,-1.25,-1.04384354368936));
#12511=CARTESIAN_POINT('',(3.46150361978812,-1.25,-1.04860792615888));
#12512=CARTESIAN_POINT('',(3.4649067501235,-1.25,-1.05337230862841));
#12513=CARTESIAN_POINT('',(3.46626800225766,-1.25,-1.05992333452401));
#12514=CARTESIAN_POINT('',(3.4671187848415,-1.25,-1.06417724744323));
#12515=CARTESIAN_POINT('',(3.4671187848415,-1.25,-1.07481202974129));
#12516=CARTESIAN_POINT('',(3.4671187848415,-1.35,-1.07481202974129));
#12517=CARTESIAN_POINT('',(3.4671187848415,-1.25,-1.07481202974129));
#12518=CARTESIAN_POINT('',(3.4671187848415,-1.25,-1.13036813246632));
#12519=CARTESIAN_POINT('',(3.4671187848415,-1.25,-1.07481202974129));
#12520=CARTESIAN_POINT('',(3.4671187848415,-1.25,-1.1025900811038));
#12521=CARTESIAN_POINT('',(3.4671187848415,-1.25,-1.13036813246632));
#12522=CARTESIAN_POINT('',(3.4671187848415,-1.35,-1.13036813246632));
#12523=CARTESIAN_POINT('',(3.4671187848415,-1.25,-1.13036813246632));
#12524=CARTESIAN_POINT('',(3.4518046983323,-1.25,-1.13036813246632));
#12525=CARTESIAN_POINT('',(3.4671187848415,-1.25,-1.13036813246632));
#12526=CARTESIAN_POINT('',(3.4594617415869,-1.25,-1.13036813246632));
#12527=CARTESIAN_POINT('',(3.4518046983323,-1.25,-1.13036813246632));
#12528=CARTESIAN_POINT('',(3.4518046983323,-1.35,-1.13036813246632));
#12529=CARTESIAN_POINT('',(3.4518046983323,-1.25,-1.13036813246632));
#12530=CARTESIAN_POINT('',(3.4518046983323,-1.25,-1.07540757754998));
#12531=CARTESIAN_POINT('',(3.4518046983323,-1.25,-1.13036813246632));
#12532=CARTESIAN_POINT('',(3.4518046983323,-1.25,-1.10288785500815));
#12533=CARTESIAN_POINT('',(3.4518046983323,-1.25,-1.07540757754998));
#12534=CARTESIAN_POINT('',(3.4518046983323,-1.35,-1.07540757754998));
#12535=CARTESIAN_POINT('',(3.4518046983323,-1.25,-1.07540757754998));
#12536=CARTESIAN_POINT('',(3.40901033436493,-1.25,-1.08102274260335));
#12537=CARTESIAN_POINT('',(3.4518046983323,-1.25,-1.07540757754998));
#12538=CARTESIAN_POINT('',(3.4518046983323,-1.25,-1.06604896912769));
#12539=CARTESIAN_POINT('',(3.45001805490622,-1.25,-1.06141220404574));
#12540=CARTESIAN_POINT('',(3.44823141148016,-1.25,-1.05677543896379));
#12541=CARTESIAN_POINT('',(3.44367972465658,-1.25,-1.0540103955663));
#12542=CARTESIAN_POINT('',(3.43912803783301,-1.25,-1.0512453521688));
#12543=CARTESIAN_POINT('',(3.43300240322934,-1.25,-1.0512453521688));
#12544=CARTESIAN_POINT('',(3.42321840351513,-1.25,-1.0512453521688));
#12545=CARTESIAN_POINT('',(3.41611436894003,-1.25,-1.05745606503086));
#12546=CARTESIAN_POINT('',(3.40901033436493,-1.25,-1.06366677789293));
#12547=CARTESIAN_POINT('',(3.40901033436493,-1.25,-1.08102274260335));
#12548=CARTESIAN_POINT('',(3.40901033436493,-1.35,-1.08102274260335));
#12549=CARTESIAN_POINT('',(3.40901033436493,-1.25,-1.08102274260335));
#12550=CARTESIAN_POINT('',(3.40901033436493,-1.25,-1.13036813246632));
#12551=CARTESIAN_POINT('',(3.40901033436493,-1.25,-1.08102274260335));
#12552=CARTESIAN_POINT('',(3.40901033436493,-1.25,-1.10569543753483));
#12553=CARTESIAN_POINT('',(3.40901033436493,-1.25,-1.13036813246632));
#12554=CARTESIAN_POINT('',(3.40901033436493,-1.35,-1.13036813246632));
#12555=CARTESIAN_POINT('',(3.40901033436493,-1.25,-1.13036813246632));
#12556=CARTESIAN_POINT('',(3.39369624785573,-1.25,-1.13036813246632));
#12557=CARTESIAN_POINT('',(3.40901033436493,-1.25,-1.13036813246632));
#12558=CARTESIAN_POINT('',(3.40135329111033,-1.25,-1.13036813246632));
#12559=CARTESIAN_POINT('',(3.39369624785573,-1.25,-1.13036813246632));
#12560=CARTESIAN_POINT('',(3.39369624785573,-1.35,-1.13036813246632));
#12561=CARTESIAN_POINT('',(3.39369624785573,-1.25,-1.13036813246632));
#12562=CARTESIAN_POINT('',(3.39369624785573,-1.25,-1.04001502206206));
#12563=CARTESIAN_POINT('',(3.39369624785573,-1.25,-1.13036813246632));
#12564=CARTESIAN_POINT('',(3.39369624785573,-1.25,-1.08519157726419));
#12565=CARTESIAN_POINT('',(3.39369624785573,-1.25,-1.04001502206206));
#12566=CARTESIAN_POINT('',(3.39369624785573,-1.35,-1.04001502206206));
#12567=CARTESIAN_POINT('',(3.39369624785573,-1.25,-1.04001502206206));
#12568=CARTESIAN_POINT('',(3.40747892571402,-1.25,-1.04001502206206));
#12569=CARTESIAN_POINT('',(3.39369624785573,-1.25,-1.04001502206206));
#12570=CARTESIAN_POINT('',(3.40058758678487,-1.25,-1.04001502206206));
#12571=CARTESIAN_POINT('',(3.40747892571402,-1.25,-1.04001502206206));
#12572=CARTESIAN_POINT('',(3.40747892571402,-1.35,-1.04001502206206));
#12573=CARTESIAN_POINT('',(3.40747892571402,-1.25,-1.04001502206206));
#12574=CARTESIAN_POINT('',(3.40747892571402,-1.25,-1.04001502206206));
#12575=CARTESIAN_POINT('',(3.40747892571402,-1.25,-1.04643843057008));
#12576=CARTESIAN_POINT('',(3.40747892571402,-1.25,-1.05286183907811));
#12577=CARTESIAN_POINT('',(3.56827683406057,-1.25,-1.10322816804168));
#12578=CARTESIAN_POINT('',(3.56827683406057,-1.35,-1.10322816804168));
#12579=CARTESIAN_POINT('',(3.56827683406057,-1.25,-1.10322816804168));
#12580=CARTESIAN_POINT('',(3.5687022253525,-1.25,-1.08910517714987));
#12581=CARTESIAN_POINT('',(3.56827683406057,-1.25,-1.10322816804168));
#12582=CARTESIAN_POINT('',(3.56453339069167,-1.25,-1.11709592415835));
#12583=CARTESIAN_POINT('',(3.55440907794392,-1.25,-1.12475296741294));
#12584=CARTESIAN_POINT('',(3.54428476519617,-1.25,-1.13241001066754));
#12585=CARTESIAN_POINT('',(3.52854528739505,-1.25,-1.13241001066754));
#12586=CARTESIAN_POINT('',(3.50872205319148,-1.25,-1.13241001066754));
#12587=CARTESIAN_POINT('',(3.497108870922,-1.25,-1.12020128058938));
#12588=CARTESIAN_POINT('',(3.48549568865253,-1.25,-1.10799255051121));
#12589=CARTESIAN_POINT('',(3.48549568865253,-1.25,-1.08595728158965));
#12590=CARTESIAN_POINT('',(3.48549568865253,-1.25,-1.06315630834262));
#12591=CARTESIAN_POINT('',(3.49723648830958,-1.25,-1.05056472610173));
#12592=CARTESIAN_POINT('',(3.50897728796663,-1.25,-1.03797314386083));
#12593=CARTESIAN_POINT('',(3.52769450481121,-1.25,-1.03797314386083));
#12594=CARTESIAN_POINT('',(3.54581617384709,-1.25,-1.03797314386083));
#12595=CARTESIAN_POINT('',(3.55730173872899,-1.25,-1.05030949132657));
#12596=CARTESIAN_POINT('',(3.56878730361088,-1.25,-1.06264583879231));
#12597=CARTESIAN_POINT('',(3.56878730361088,-1.25,-1.08502142074742));
#12598=CARTESIAN_POINT('',(3.56878730361088,-1.25,-1.08638267288157));
#12599=CARTESIAN_POINT('',(3.5687022253525,-1.25,-1.08910517714987));
#12600=CARTESIAN_POINT('',(3.5687022253525,-1.35,-1.08910517714987));
#12601=CARTESIAN_POINT('',(3.5687022253525,-1.25,-1.08910517714987));
#12602=CARTESIAN_POINT('',(3.50132024471203,-1.25,-1.08910517714987));
#12603=CARTESIAN_POINT('',(3.5687022253525,-1.25,-1.08910517714987));
#12604=CARTESIAN_POINT('',(3.53501123503226,-1.25,-1.08910517714987));
#12605=CARTESIAN_POINT('',(3.50132024471203,-1.25,-1.08910517714987));
#12606=CARTESIAN_POINT('',(3.50132024471203,-1.35,-1.08910517714987));
#12607=CARTESIAN_POINT('',(3.50132024471203,-1.25,-1.08910517714987));
#12608=CARTESIAN_POINT('',(3.55245227800107,-1.25,-1.10127136809884));
#12609=CARTESIAN_POINT('',(3.50132024471203,-1.25,-1.08910517714987));
#12610=CARTESIAN_POINT('',(3.50217102729588,-1.25,-1.10399387236715));
#12611=CARTESIAN_POINT('',(3.50974299229209,-1.25,-1.1119061503969));
#12612=CARTESIAN_POINT('',(3.51731495728831,-1.25,-1.11981842842665));
#12613=CARTESIAN_POINT('',(3.52863036565344,-1.25,-1.11981842842665));
#12614=CARTESIAN_POINT('',(3.53705311323349,-1.25,-1.11981842842665));
#12615=CARTESIAN_POINT('',(3.5430085913204,-1.25,-1.11539435899066));
#12616=CARTESIAN_POINT('',(3.54896406940731,-1.25,-1.11097028955467));
#12617=CARTESIAN_POINT('',(3.55245227800107,-1.25,-1.10127136809884));
#12618=CARTESIAN_POINT('',(3.55245227800107,-1.35,-1.10127136809884));
#12619=CARTESIAN_POINT('',(3.55245227800107,-1.25,-1.10127136809884));
#12620=CARTESIAN_POINT('',(3.55245227800107,-1.25,-1.10127136809884));
#12621=CARTESIAN_POINT('',(3.56036455603082,-1.25,-1.10224976807026));
#12622=CARTESIAN_POINT('',(3.56827683406057,-1.25,-1.10322816804168));
#12623=CARTESIAN_POINT('',(3.55262243451784,-1.35,-1.07651359490898));
#12624=CARTESIAN_POINT('',(3.55262243451784,-1.25,-1.07651359490898));
#12625=CARTESIAN_POINT('',(3.55262243451784,-1.35,-1.07651359490898));
#12626=CARTESIAN_POINT('',(3.55262243451784,-1.25,-1.07651359490898));
#12627=CARTESIAN_POINT('',(3.50217102729588,-1.25,-1.07651359490898));
#12628=CARTESIAN_POINT('',(3.55262243451784,-1.25,-1.07651359490898));
#12629=CARTESIAN_POINT('',(3.55160149541723,-1.25,-1.06511310828546));
#12630=CARTESIAN_POINT('',(3.5468371129477,-1.25,-1.05941286497371));
#12631=CARTESIAN_POINT('',(3.53952038272664,-1.25,-1.05056472610173));
#12632=CARTESIAN_POINT('',(3.52786466132798,-1.25,-1.05056472610173));
#12633=CARTESIAN_POINT('',(3.51731495728831,-1.25,-1.05056472610173));
#12634=CARTESIAN_POINT('',(3.51012584445482,-1.25,-1.05762622154763));
#12635=CARTESIAN_POINT('',(3.50293673162134,-1.25,-1.06468771699354));
#12636=CARTESIAN_POINT('',(3.50217102729588,-1.25,-1.07651359490898));
#12637=CARTESIAN_POINT('',(3.50217102729588,-1.35,-1.07651359490898));
#12638=CARTESIAN_POINT('',(3.50217102729588,-1.35,-1.07651359490898));
#12639=CARTESIAN_POINT('',(3.50217102729588,-1.25,-1.07651359490898));
#12640=CARTESIAN_POINT('',(3.55262243451784,-1.35,-1.07651359490898));
#12641=CARTESIAN_POINT('',(3.55160149541723,-1.35,-1.06511310828546));
#12642=CARTESIAN_POINT('',(3.5468371129477,-1.35,-1.05941286497371));
#12643=CARTESIAN_POINT('',(3.53952038272664,-1.35,-1.05056472610173));
#12644=CARTESIAN_POINT('',(3.52786466132798,-1.35,-1.05056472610173));
#12645=CARTESIAN_POINT('',(3.51731495728831,-1.35,-1.05056472610173));
#12646=CARTESIAN_POINT('',(3.51012584445482,-1.35,-1.05762622154763));
#12647=CARTESIAN_POINT('',(3.50293673162134,-1.35,-1.06468771699354));
#12648=CARTESIAN_POINT('',(3.50217102729588,-1.35,-1.07651359490898));
#12649=CARTESIAN_POINT('',(3.50217102729588,-1.25,-1.07651359490898));
#12650=CARTESIAN_POINT('',(3.52739673090686,-1.25,-1.07651359490898));
#12651=CARTESIAN_POINT('',(3.55262243451784,-1.25,-1.07651359490898));
#12652=CARTESIAN_POINT('',(3.50217102729588,-1.35,-1.07651359490898));
#12653=CARTESIAN_POINT('',(3.52739673090686,-1.35,-1.07651359490898));
#12654=CARTESIAN_POINT('',(3.55262243451784,-1.35,-1.07651359490898));
#12655=CARTESIAN_POINT('',(3.66007627485737,-1.25,-1.066559438678));
#12656=CARTESIAN_POINT('',(3.66007627485737,-1.35,-1.066559438678));
#12657=CARTESIAN_POINT('',(3.66007627485737,-1.25,-1.066559438678));
#12658=CARTESIAN_POINT('',(3.6451875796401,-1.25,-1.06885655165438));
#12659=CARTESIAN_POINT('',(3.66007627485737,-1.25,-1.066559438678));
#12660=CARTESIAN_POINT('',(3.65263192724874,-1.25,-1.06770799516619));
#12661=CARTESIAN_POINT('',(3.6451875796401,-1.25,-1.06885655165438));
#12662=CARTESIAN_POINT('',(3.6451875796401,-1.35,-1.06885655165438));
#12663=CARTESIAN_POINT('',(3.6451875796401,-1.25,-1.06885655165438));
#12664=CARTESIAN_POINT('',(3.64646375351586,-1.25,-1.09727268995477));
#12665=CARTESIAN_POINT('',(3.6451875796401,-1.25,-1.06885655165438));
#12666=CARTESIAN_POINT('',(3.64306062318048,-1.25,-1.05975317800724));
#12667=CARTESIAN_POINT('',(3.63765815377307,-1.25,-1.05515895205449));
#12668=CARTESIAN_POINT('',(3.63225568436567,-1.25,-1.05056472610173));
#12669=CARTESIAN_POINT('',(3.62459864111107,-1.25,-1.05056472610173));
#12670=CARTESIAN_POINT('',(3.61302799797079,-1.25,-1.05056472610173));
#12671=CARTESIAN_POINT('',(3.60579634600811,-1.25,-1.05885985629421));
#12672=CARTESIAN_POINT('',(3.59856469404544,-1.25,-1.06715498648669));
#12673=CARTESIAN_POINT('',(3.59856469404544,-1.25,-1.0851064990058));
#12674=CARTESIAN_POINT('',(3.59856469404544,-1.25,-1.10331324630007));
#12675=CARTESIAN_POINT('',(3.60554111123296,-1.25,-1.11156583736336));
#12676=CARTESIAN_POINT('',(3.61251752842048,-1.25,-1.11981842842665));
#12677=CARTESIAN_POINT('',(3.62374785852722,-1.25,-1.11981842842665));
#12678=CARTESIAN_POINT('',(3.63276615391597,-1.25,-1.11981842842665));
#12679=CARTESIAN_POINT('',(3.63880671026127,-1.25,-1.11428834163166));
#12680=CARTESIAN_POINT('',(3.64484726660656,-1.25,-1.10875825483667));
#12681=CARTESIAN_POINT('',(3.64646375351586,-1.25,-1.09727268995477));
#12682=CARTESIAN_POINT('',(3.64646375351586,-1.35,-1.09727268995477));
#12683=CARTESIAN_POINT('',(3.64646375351586,-1.25,-1.09727268995477));
#12684=CARTESIAN_POINT('',(3.66152260524991,-1.25,-1.09922948989762));
#12685=CARTESIAN_POINT('',(3.64646375351586,-1.25,-1.09727268995477));
#12686=CARTESIAN_POINT('',(3.65399317938288,-1.25,-1.0982510899262));
#12687=CARTESIAN_POINT('',(3.66152260524991,-1.25,-1.09922948989762));
#12688=CARTESIAN_POINT('',(3.66152260524991,-1.35,-1.09922948989762));
#12689=CARTESIAN_POINT('',(3.66152260524991,-1.25,-1.09922948989762));
#12690=CARTESIAN_POINT('',(3.66152260524991,-1.25,-1.09922948989762));
#12691=CARTESIAN_POINT('',(3.65905533575676,-1.25,-1.11479881118197));
#12692=CARTESIAN_POINT('',(3.64888848387982,-1.25,-1.12360441092476));
#12693=CARTESIAN_POINT('',(3.63872163200288,-1.25,-1.13241001066754));
#12694=CARTESIAN_POINT('',(3.62391801504399,-1.25,-1.13241001066754));
#12695=CARTESIAN_POINT('',(3.60537095471618,-1.25,-1.13241001066754));
#12696=CARTESIAN_POINT('',(3.59409808548025,-1.25,-1.12028635884776));
#12697=CARTESIAN_POINT('',(3.58282521624432,-1.25,-1.10816270702798));
#12698=CARTESIAN_POINT('',(3.58282521624432,-1.25,-1.08553189029772));
#12699=CARTESIAN_POINT('',(3.58282521624432,-1.25,-1.0708984298556));
#12700=CARTESIAN_POINT('',(3.58767467697223,-1.25,-1.05992333452401));
#12701=CARTESIAN_POINT('',(3.59252413770014,-1.25,-1.04894823919242));
#12702=CARTESIAN_POINT('',(3.60243575480192,-1.25,-1.04346069152663));
#12703=CARTESIAN_POINT('',(3.61234737190371,-1.25,-1.03797314386083));
#12704=CARTESIAN_POINT('',(3.62400309330238,-1.25,-1.03797314386083));
#12705=CARTESIAN_POINT('',(3.63872163200288,-1.25,-1.03797314386083));
#12706=CARTESIAN_POINT('',(3.64808024042517,-1.25,-1.04541749146947));
#12707=CARTESIAN_POINT('',(3.65743883846193,-1.25,-1.05286183907811));
#12708=CARTESIAN_POINT('',(3.66007627485737,-1.25,-1.066559438678));
#12709=CARTESIAN_POINT('',(3.67743223956779,-1.25,-1.01763944010695));
#12710=CARTESIAN_POINT('',(3.67743223956779,-1.35,-1.01763944010695));
#12711=CARTESIAN_POINT('',(3.67743223956779,-1.25,-1.01763944010695));
#12712=CARTESIAN_POINT('',(3.69266124781861,-1.25,-1.00845098820143));
#12713=CARTESIAN_POINT('',(3.67743223956779,-1.25,-1.01763944010695));
#12714=CARTESIAN_POINT('',(3.6850467436932,-1.25,-1.01304521415419));
#12715=CARTESIAN_POINT('',(3.69266124781861,-1.25,-1.00845098820143));
#12716=CARTESIAN_POINT('',(3.69266124781861,-1.35,-1.00845098820143));
#12717=CARTESIAN_POINT('',(3.69266124781861,-1.25,-1.00845098820143));
#12718=CARTESIAN_POINT('',(3.69266124781861,-1.25,-1.04001502206206));
#12719=CARTESIAN_POINT('',(3.69266124781861,-1.25,-1.00845098820143));
#12720=CARTESIAN_POINT('',(3.69266124781861,-1.25,-1.02423300513175));
#12721=CARTESIAN_POINT('',(3.69266124781861,-1.25,-1.04001502206206));
#12722=CARTESIAN_POINT('',(3.69266124781861,-1.35,-1.04001502206206));
#12723=CARTESIAN_POINT('',(3.69266124781861,-1.25,-1.04001502206206));
#12724=CARTESIAN_POINT('',(3.70806041258619,-1.25,-1.04001502206206));
#12725=CARTESIAN_POINT('',(3.69266124781861,-1.25,-1.04001502206206));
#12726=CARTESIAN_POINT('',(3.7003608302024,-1.25,-1.04001502206206));
#12727=CARTESIAN_POINT('',(3.70806041258619,-1.25,-1.04001502206206));
#12728=CARTESIAN_POINT('',(3.70806041258619,-1.35,-1.04001502206206));
#12729=CARTESIAN_POINT('',(3.70806041258619,-1.25,-1.04001502206206));
#12730=CARTESIAN_POINT('',(3.70806041258619,-1.25,-1.05192597823588));
#12731=CARTESIAN_POINT('',(3.70806041258619,-1.25,-1.04001502206206));
#12732=CARTESIAN_POINT('',(3.70806041258619,-1.25,-1.04597050014897));
#12733=CARTESIAN_POINT('',(3.70806041258619,-1.25,-1.05192597823588));
#12734=CARTESIAN_POINT('',(3.70806041258619,-1.35,-1.05192597823588));
#12735=CARTESIAN_POINT('',(3.70806041258619,-1.25,-1.05192597823588));
#12736=CARTESIAN_POINT('',(3.69266124781861,-1.25,-1.05192597823588));
#12737=CARTESIAN_POINT('',(3.70806041258619,-1.25,-1.05192597823588));
#12738=CARTESIAN_POINT('',(3.7003608302024,-1.25,-1.05192597823588));
#12739=CARTESIAN_POINT('',(3.69266124781861,-1.25,-1.05192597823588));
#12740=CARTESIAN_POINT('',(3.69266124781861,-1.35,-1.05192597823588));
#12741=CARTESIAN_POINT('',(3.69266124781861,-1.25,-1.05192597823588));
#12742=CARTESIAN_POINT('',(3.69266124781861,-1.25,-1.1047595766926));
#12743=CARTESIAN_POINT('',(3.69266124781861,-1.25,-1.05192597823588));
#12744=CARTESIAN_POINT('',(3.69266124781861,-1.25,-1.07834277746424));
#12745=CARTESIAN_POINT('',(3.69266124781861,-1.25,-1.1047595766926));
#12746=CARTESIAN_POINT('',(3.69266124781861,-1.35,-1.1047595766926));
#12747=CARTESIAN_POINT('',(3.69266124781861,-1.25,-1.1047595766926));
#12748=CARTESIAN_POINT('',(3.70806041258619,-1.25,-1.11667053286642));
#12749=CARTESIAN_POINT('',(3.69266124781861,-1.25,-1.1047595766926));
#12750=CARTESIAN_POINT('',(3.69266124781861,-1.25,-1.1113106025882));
#12751=CARTESIAN_POINT('',(3.69346949127326,-1.25,-1.11318232427266));
#12752=CARTESIAN_POINT('',(3.69427773472791,-1.25,-1.11505404595712));
#12753=CARTESIAN_POINT('',(3.69610691728318,-1.25,-1.11616006331612));
#12754=CARTESIAN_POINT('',(3.69793609983844,-1.25,-1.11726608067512));
#12755=CARTESIAN_POINT('',(3.70133923017382,-1.25,-1.11726608067512));
#12756=CARTESIAN_POINT('',(3.70389157792535,-1.25,-1.11726608067512));
#12757=CARTESIAN_POINT('',(3.70806041258619,-1.25,-1.11667053286642));
#12758=CARTESIAN_POINT('',(3.70806041258619,-1.35,-1.11667053286642));
#12759=CARTESIAN_POINT('',(3.70806041258619,-1.25,-1.11667053286642));
#12760=CARTESIAN_POINT('',(3.71027244730419,-1.25,-1.13019797594955));
#12761=CARTESIAN_POINT('',(3.70806041258619,-1.25,-1.11667053286642));
#12762=CARTESIAN_POINT('',(3.70916642994519,-1.25,-1.12343425440799));
#12763=CARTESIAN_POINT('',(3.71027244730419,-1.25,-1.13019797594955));
#12764=CARTESIAN_POINT('',(3.71027244730419,-1.35,-1.13019797594955));
#12765=CARTESIAN_POINT('',(3.71027244730419,-1.25,-1.13019797594955));
#12766=CARTESIAN_POINT('',(3.67743223956779,-1.25,-1.10390879410876));
#12767=CARTESIAN_POINT('',(3.71027244730419,-1.25,-1.13019797594955));
#12768=CARTESIAN_POINT('',(3.70380649966697,-1.25,-1.1315592280837));
#12769=CARTESIAN_POINT('',(3.6987018041639,-1.25,-1.1315592280837));
#12770=CARTESIAN_POINT('',(3.69036413484223,-1.25,-1.1315592280837));
#12771=CARTESIAN_POINT('',(3.68576990888947,-1.25,-1.12892180207378));
#12772=CARTESIAN_POINT('',(3.68117568293671,-1.25,-1.12628437606387));
#12773=CARTESIAN_POINT('',(3.67930396125225,-1.25,-1.12198792401545));
#12774=CARTESIAN_POINT('',(3.67743223956779,-1.25,-1.11769147196704));
#12775=CARTESIAN_POINT('',(3.67743223956779,-1.25,-1.10390879410876));
#12776=CARTESIAN_POINT('',(3.67743223956779,-1.35,-1.10390879410876));
#12777=CARTESIAN_POINT('',(3.67743223956779,-1.25,-1.10390879410876));
#12778=CARTESIAN_POINT('',(3.67743223956779,-1.25,-1.05192597823588));
#12779=CARTESIAN_POINT('',(3.67743223956779,-1.25,-1.10390879410876));
#12780=CARTESIAN_POINT('',(3.67743223956779,-1.25,-1.07791738617232));
#12781=CARTESIAN_POINT('',(3.67743223956779,-1.25,-1.05192597823588));
#12782=CARTESIAN_POINT('',(3.67743223956779,-1.35,-1.05192597823588));
#12783=CARTESIAN_POINT('',(3.67743223956779,-1.25,-1.05192597823588));
#12784=CARTESIAN_POINT('',(3.66620190946105,-1.25,-1.05192597823588));
#12785=CARTESIAN_POINT('',(3.67743223956779,-1.25,-1.05192597823588));
#12786=CARTESIAN_POINT('',(3.67181707451442,-1.25,-1.05192597823588));
#12787=CARTESIAN_POINT('',(3.66620190946105,-1.25,-1.05192597823588));
#12788=CARTESIAN_POINT('',(3.66620190946105,-1.35,-1.05192597823588));
#12789=CARTESIAN_POINT('',(3.66620190946105,-1.25,-1.05192597823588));
#12790=CARTESIAN_POINT('',(3.66620190946105,-1.25,-1.04001502206206));
#12791=CARTESIAN_POINT('',(3.66620190946105,-1.25,-1.05192597823588));
#12792=CARTESIAN_POINT('',(3.66620190946105,-1.25,-1.04597050014897));
#12793=CARTESIAN_POINT('',(3.66620190946105,-1.25,-1.04001502206206));
#12794=CARTESIAN_POINT('',(3.66620190946105,-1.35,-1.04001502206206));
#12795=CARTESIAN_POINT('',(3.66620190946105,-1.25,-1.04001502206206));
#12796=CARTESIAN_POINT('',(3.67743223956779,-1.25,-1.04001502206206));
#12797=CARTESIAN_POINT('',(3.66620190946105,-1.25,-1.04001502206206));
#12798=CARTESIAN_POINT('',(3.67181707451442,-1.25,-1.04001502206206));
#12799=CARTESIAN_POINT('',(3.67743223956779,-1.25,-1.04001502206206));
#12800=CARTESIAN_POINT('',(3.67743223956779,-1.35,-1.04001502206206));
#12801=CARTESIAN_POINT('',(3.67743223956779,-1.25,-1.04001502206206));
#12802=CARTESIAN_POINT('',(3.67743223956779,-1.25,-1.04001502206206));
#12803=CARTESIAN_POINT('',(3.67743223956779,-1.25,-1.0288272310845));
#12804=CARTESIAN_POINT('',(3.67743223956779,-1.25,-1.01763944010695));
#12805=CARTESIAN_POINT('',(3.83355084370322,-1.25,-1.05371262166195));
#12806=CARTESIAN_POINT('',(3.83355084370322,-1.35,-1.05371262166195));
#12807=CARTESIAN_POINT('',(3.83355084370322,-1.25,-1.05371262166195));
#12808=CARTESIAN_POINT('',(3.86885832093276,-1.25,-1.04290768284713));
#12809=CARTESIAN_POINT('',(3.83355084370322,-1.25,-1.05371262166195));
#12810=CARTESIAN_POINT('',(3.83882569572305,-1.25,-1.04409877846451));
#12811=CARTESIAN_POINT('',(3.84329230428823,-1.25,-1.04103596116267));
#12812=CARTESIAN_POINT('',(3.84775891285342,-1.25,-1.03797314386083));
#12813=CARTESIAN_POINT('',(3.85311884313164,-1.25,-1.03797314386083));
#12814=CARTESIAN_POINT('',(3.86086096464462,-1.25,-1.03797314386083));
#12815=CARTESIAN_POINT('',(3.86885832093276,-1.25,-1.04290768284713));
#12816=CARTESIAN_POINT('',(3.86885832093276,-1.35,-1.04290768284713));
#12817=CARTESIAN_POINT('',(3.86885832093276,-1.25,-1.04290768284713));
#12818=CARTESIAN_POINT('',(3.86358346891292,-1.25,-1.05711575199733));
#12819=CARTESIAN_POINT('',(3.86885832093276,-1.25,-1.04290768284713));
#12820=CARTESIAN_POINT('',(3.86622089492284,-1.25,-1.05001171742223));
#12821=CARTESIAN_POINT('',(3.86358346891292,-1.25,-1.05711575199733));
#12822=CARTESIAN_POINT('',(3.86358346891292,-1.35,-1.05711575199733));
#12823=CARTESIAN_POINT('',(3.86358346891292,-1.25,-1.05711575199733));
#12824=CARTESIAN_POINT('',(3.83508225235413,-1.25,-1.08306462080457));
#12825=CARTESIAN_POINT('',(3.86358346891292,-1.25,-1.05711575199733));
#12826=CARTESIAN_POINT('',(3.85796830385955,-1.25,-1.05379769992033));
#12827=CARTESIAN_POINT('',(3.85235313880617,-1.25,-1.05379769992033));
#12828=CARTESIAN_POINT('',(3.8473335215615,-1.25,-1.05379769992033));
#12829=CARTESIAN_POINT('',(3.84333484341742,-1.25,-1.05681797809298));
#12830=CARTESIAN_POINT('',(3.83933616527336,-1.25,-1.05983825626563));
#12831=CARTESIAN_POINT('',(3.83763460010568,-1.25,-1.06519818654385));
#12832=CARTESIAN_POINT('',(3.83508225235413,-1.25,-1.07336569934875));
#12833=CARTESIAN_POINT('',(3.83508225235413,-1.25,-1.08306462080457));
#12834=CARTESIAN_POINT('',(3.83508225235413,-1.35,-1.08306462080457));
#12835=CARTESIAN_POINT('',(3.83508225235413,-1.25,-1.08306462080457));
#12836=CARTESIAN_POINT('',(3.83508225235413,-1.25,-1.13036813246632));
#12837=CARTESIAN_POINT('',(3.83508225235413,-1.25,-1.08306462080457));
#12838=CARTESIAN_POINT('',(3.83508225235413,-1.25,-1.10671637663545));
#12839=CARTESIAN_POINT('',(3.83508225235413,-1.25,-1.13036813246632));
#12840=CARTESIAN_POINT('',(3.83508225235413,-1.35,-1.13036813246632));
#12841=CARTESIAN_POINT('',(3.83508225235413,-1.25,-1.13036813246632));
#12842=CARTESIAN_POINT('',(3.81976816584495,-1.25,-1.13036813246632));
#12843=CARTESIAN_POINT('',(3.83508225235413,-1.25,-1.13036813246632));
#12844=CARTESIAN_POINT('',(3.82742520909954,-1.25,-1.13036813246632));
#12845=CARTESIAN_POINT('',(3.81976816584495,-1.25,-1.13036813246632));
#12846=CARTESIAN_POINT('',(3.81976816584495,-1.35,-1.13036813246632));
#12847=CARTESIAN_POINT('',(3.81976816584495,-1.25,-1.13036813246632));
#12848=CARTESIAN_POINT('',(3.81976816584495,-1.25,-1.04001502206206));
#12849=CARTESIAN_POINT('',(3.81976816584495,-1.25,-1.13036813246632));
#12850=CARTESIAN_POINT('',(3.81976816584495,-1.25,-1.08519157726419));
#12851=CARTESIAN_POINT('',(3.81976816584495,-1.25,-1.04001502206206));
#12852=CARTESIAN_POINT('',(3.81976816584495,-1.35,-1.04001502206206));
#12853=CARTESIAN_POINT('',(3.81976816584495,-1.25,-1.04001502206206));
#12854=CARTESIAN_POINT('',(3.83355084370322,-1.25,-1.04001502206206));
#12855=CARTESIAN_POINT('',(3.81976816584495,-1.25,-1.04001502206206));
#12856=CARTESIAN_POINT('',(3.82665950477408,-1.25,-1.04001502206206));
#12857=CARTESIAN_POINT('',(3.83355084370322,-1.25,-1.04001502206206));
#12858=CARTESIAN_POINT('',(3.83355084370322,-1.35,-1.04001502206206));
#12859=CARTESIAN_POINT('',(3.83355084370322,-1.25,-1.04001502206206));
#12860=CARTESIAN_POINT('',(3.83355084370322,-1.25,-1.04001502206206));
#12861=CARTESIAN_POINT('',(3.83355084370322,-1.25,-1.046863821862));
#12862=CARTESIAN_POINT('',(3.83355084370322,-1.25,-1.05371262166195));
ENDSEC;
END-ISO-10303-21;
