  0
SECTION
  2
HEADER
  9
$ACADVER
  1
AC1014
  9
$HANDSEED
  5
FFFF
  9
$MEASUREMENT
 70
     1
  0
ENDSEC
  0
SECTION
  2
TABLES
  0
TABLE
  2
VPORT
  5
8
330
0
100
AcDbSymbolTable
 70
     4
  0
VPORT
  5
2E
330
8
100
AcDbSymbolTableRecord
100
AcDbViewportTableRecord
  2
*ACTIVE
 70
     0
 10
0.0
 20
0.0
 11
1.0
 21
1.0
 12
210.0
 22
148.5
 13
0.0
 23
0.0
 14
10.0
 24
10.0
 15
10.0
 25
10.0
 16
0.0
 26
0.0
 36
1.0
 17
0.0
 27
0.0
 37
0.0
 40
341.0
 41
1.24
 42
50.0
 43
0.0
 44
0.0
 50
0.0
 51
0.0
 71
     0
 72
   100
 73
     1
 74
     3
 75
     0
 76
     0
 77
     0
 78
     0
  0
ENDTAB
  0
TABLE
  2
LTYPE
  5
5
330
0
100
AcDbSymbolTable
 70
     1
  0
LTYPE
  5
14
330
5
100
AcDbSymbolTableRecord
100
AcDbLinetypeTableRecord
  2
BYBLOCK
 70
     0
  3

 72
    65
 73
     0
 40
0.0
  0
LTYPE
  5
15
330
5
100
AcDbSymbolTableRecord
100
AcDbLinetypeTableRecord
  2
BYLAYER
 70
     0
  3

 72
    65
 73
     0
 40
0.0
  0
LTYPE
  5
16
330
5
100
AcDbSymbolTableRecord
100
AcDbLinetypeTableRecord
  2
CONTINUOUS
 70
     0
  3
Solid line
 72
    65
 73
     0
 40
0.0
  0
ENDTAB
  0
TABLE
  2
LAYER
  5
2
100
AcDbSymbolTable
 70
1
  0
LAYER
  5
50
100
AcDbSymbolTableRecord
100
AcDbLayerTableRecord
  2
0
 70
0
  6
CONTINUOUS
  0
ENDTAB
  0
TABLE
  2
STYLE
  5
3
330
0
100
AcDbSymbolTable
 70
     1
  0
STYLE
  5
11
330
3
100
AcDbSymbolTableRecord
100
AcDbTextStyleTableRecord
  2
STANDARD
 70
     0
 40
0.0
 41
1.0
 50
0.0
 71
     0
 42
2.5
  3
txt
  4

  0
ENDTAB
  0
TABLE
  2
VIEW
  5
6
330
0
100
AcDbSymbolTable
 70
     0
  0
ENDTAB
  0
TABLE
  2
UCS
  5
7
330
0
100
AcDbSymbolTable
 70
     0
  0
ENDTAB
  0
TABLE
  2
APPID
  5
9
330
0
100
AcDbSymbolTable
 70
     2
  0
APPID
  5
12
330
9
100
AcDbSymbolTableRecord
100
AcDbRegAppTableRecord
  2
ACAD
 70
     0
  0
ENDTAB
  0
TABLE
  2
DIMSTYLE
  5
A
330
0
100
AcDbSymbolTable
 70
     1
  0
DIMSTYLE
105
27
330
A
100
AcDbSymbolTableRecord
100
AcDbDimStyleTableRecord
  2
ISO-25
 70
     0
  3

  4

  5

  6

  7

 40
1.0
 41
2.5
 42
0.625
 43
3.75
 44
1.25
 45
0.0
 46
0.0
 47
0.0
 48
0.0
140
2.5
141
2.5
142
0.0
143
0.03937007874016
144
1.0
145
0.0
146
1.0
147
0.625
 71
     0
 72
     0
 73
     0
 74
     0
 75
     0
 76
     0
 77
     1
 78
     8
170
     0
171
     3
172
     1
173
     0
174
     0
175
     0
176
     0
177
     0
178
     0
270
     2
271
     2
272
     2
273
     2
274
     3
340
11
275
     0
280
     0
281
     0
282
     0
283
     0
284
     8
285
     0
286
     0
287
     3
288
     0
  0
ENDTAB
  0
TABLE
  2
BLOCK_RECORD
  5
1
330
0
100
AcDbSymbolTable
 70
     1
  0
BLOCK_RECORD
  5
1F
330
1
100
AcDbSymbolTableRecord
100
AcDbBlockTableRecord
  2
*MODEL_SPACE
  0
BLOCK_RECORD
  5
1B
330
1
100
AcDbSymbolTableRecord
100
AcDbBlockTableRecord
  2
*PAPER_SPACE
  0
ENDTAB
  0
ENDSEC
  0
SECTION
  2
BLOCKS
  0
BLOCK
  5
20
330
1F
100
AcDbEntity
  8
0
100
AcDbBlockBegin
  2
*MODEL_SPACE
 70
     0
 10
0.0
 20
0.0
 30
0.0
  3
*MODEL_SPACE
  1

  0
ENDBLK
  5
21
330
1F
100
AcDbEntity
  8
0
100
AcDbBlockEnd
  0
BLOCK
  5
1C
330
1B
100
AcDbEntity
 67
     1
  8
0
100
AcDbBlockBegin
  2
*PAPER_SPACE
  1

  0
ENDBLK
  5
1D
330
1B
100
AcDbEntity
 67
     1
  8
0
100
AcDbBlockEnd
  0
ENDSEC
  0
SECTION
  2
ENTITIES
  0
LWPOLYLINE
  5
100
100
AcDbEntity
  8
0
 62
7
100
AcDbPolyline
 90
9
 70
0
 10
9.328300
 20
221.418945
 30
0.0
 10
7.506805
 20
221.599920
 30
0.0
 10
5.771906
 20
222.126706
 30
0.0
 10
4.172370
 20
222.980780
 30
0.0
 10
2.756929
 20
224.140713
 30
0.0
 10
1.596360
 20
225.556760
 30
0.0
 10
0.742389
 20
227.155902
 30
0.0
 10
0.215198
 20
228.890774
 30
0.0
 10
0.034981
 20
230.712692
 30
0.0
  0
LWPOLYLINE
  5
101
100
AcDbEntity
  8
0
 62
7
100
AcDbPolyline
 90
5
 70
0
 10
0.034981
 20
295.965759
 30
0.0
 10
0.113512
 20
296.354760
 30
0.0
 10
0.327668
 20
296.671760
 30
0.0
 10
0.645297
 20
296.885758
 30
0.0
 10
1.034259
 20
296.964759
 30
0.0
  0
LWPOLYLINE
  5
102
100
AcDbEntity
  8
0
 62
7
100
AcDbPolyline
 90
5
 70
0
 10
96.565427
 20
296.964759
 30
0.0
 10
96.954629
 20
296.885758
 30
0.0
 10
97.272129
 20
296.671760
 30
0.0
 10
97.485912
 20
296.354760
 30
0.0
 10
97.564496
 20
295.965759
 30
0.0
  0
LWPOLYLINE
  5
103
100
AcDbEntity
  8
0
 62
7
100
AcDbPolyline
 90
2
 70
0
 10
0.034981
 20
230.712692
 30
0.0
 10
0.034981
 20
295.965759
 30
0.0
  0
LWPOLYLINE
  5
104
100
AcDbEntity
  8
0
 62
7
100
AcDbPolyline
 90
9
 70
0
 10
97.564496
 20
230.712692
 30
0.0
 10
97.384312
 20
228.890774
 30
0.0
 10
96.857530
 20
227.155902
 30
0.0
 10
96.003190
 20
225.556760
 30
0.0
 10
94.842993
 20
224.140713
 30
0.0
 10
93.427208
 20
222.980780
 30
0.0
 10
91.827802
 20
222.126706
 30
0.0
 10
90.092932
 20
221.599920
 30
0.0
 10
88.271541
 20
221.418945
 30
0.0
  0
LWPOLYLINE
  5
105
100
AcDbEntity
  8
0
 62
7
100
AcDbPolyline
 90
2
 70
0
 10
1.034259
 20
296.964759
 30
0.0
 10
96.565427
 20
296.964759
 30
0.0
  0
LWPOLYLINE
  5
106
100
AcDbEntity
  8
0
 62
7
100
AcDbPolyline
 90
16
 70
1
 10
1.533899
 20
232.411846
 30
0.0
 10
1.714987
 20
233.305872
 30
0.0
 10
2.207646
 20
234.035855
 30
0.0
 10
2.938036
 20
234.527715
 30
0.0
 10
3.832248
 20
234.707896
 30
0.0
 10
4.726460
 20
234.527715
 30
0.0
 10
5.456842
 20
234.035855
 30
0.0
 10
5.949495
 20
233.305872
 30
0.0
 10
6.130575
 20
232.411846
 30
0.0
 10
5.949495
 20
231.516760
 30
0.0
 10
5.456842
 20
230.786775
 30
0.0
 10
4.726460
 20
230.294915
 30
0.0
 10
3.832248
 20
230.114734
 30
0.0
 10
2.938010
 20
230.294915
 30
0.0
 10
2.207646
 20
230.786775
 30
0.0
 10
1.714978
 20
231.516760
 30
0.0
  0
LWPOLYLINE
  5
107
100
AcDbEntity
  8
0
 62
7
100
AcDbPolyline
 90
2
 70
0
 10
97.564496
 20
295.965759
 30
0.0
 10
97.564496
 20
230.712692
 30
0.0
  0
LWPOLYLINE
  5
108
100
AcDbEntity
  8
0
 62
7
100
AcDbPolyline
 90
20
 70
1
 10
91.469291
 20
276.379763
 30
0.0
 10
91.548402
 20
276.979785
 30
0.0
 10
91.777002
 20
277.528769
 30
0.0
 10
92.138952
 20
278.001765
 30
0.0
 10
92.618112
 20
278.369773
 30
0.0
 10
93.177441
 20
278.600780
 30
0.0
 10
93.767197
 20
278.677774
 30
0.0
 10
94.357747
 20
278.600780
 30
0.0
 10
94.916811
 20
278.369773
 30
0.0
 10
95.396236
 20
278.001765
 30
0.0
 10
95.757921
 20
277.528769
 30
0.0
 10
95.985992
 20
276.979785
 30
0.0
 10
96.065896
 20
276.379763
 30
0.0
 10
95.884921
 20
275.484785
 30
0.0
 10
95.392797
 20
274.754774
 30
0.0
 10
94.662018
 20
274.261776
 30
0.0
 10
93.767197
 20
274.081780
 30
0.0
 10
92.872906
 20
274.261776
 30
0.0
 10
92.142391
 20
274.754774
 30
0.0
 10
91.649737
 20
275.484785
 30
0.0
  0
LWPOLYLINE
  5
109
100
AcDbEntity
  8
0
 62
7
100
AcDbPolyline
 90
24
 70
1
 10
1.533899
 20
276.379763
 30
0.0
 10
1.613460
 20
276.979785
 30
0.0
 10
1.841819
 20
277.528769
 30
0.0
 10
2.203520
 20
278.001765
 30
0.0
 10
2.683084
 20
278.369773
 30
0.0
 10
3.242201
 20
278.600780
 30
0.0
 10
3.832248
 20
278.677774
 30
0.0
 10
4.422296
 20
278.600780
 30
0.0
 10
4.981439
 20
278.369773
 30
0.0
 10
5.460995
 20
278.001765
 30
0.0
 10
5.822680
 20
277.528769
 30
0.0
 10
6.051042
 20
276.979785
 30
0.0
 10
6.130602
 20
276.379763
 30
0.0
 10
6.051042
 20
275.779769
 30
0.0
 10
5.822680
 20
275.230786
 30
0.0
 10
5.460995
 20
274.757764
 30
0.0
 10
4.981439
 20
274.388776
 30
0.0
 10
4.422296
 20
274.157769
 30
0.0
 10
3.832248
 20
274.081780
 30
0.0
 10
3.242201
 20
274.157769
 30
0.0
 10
2.683084
 20
274.388776
 30
0.0
 10
2.203520
 20
274.757764
 30
0.0
 10
1.841819
 20
275.230786
 30
0.0
 10
1.613460
 20
275.779769
 30
0.0
  0
LWPOLYLINE
  5
10a
100
AcDbEntity
  8
0
 62
7
100
AcDbPolyline
 90
16
 70
1
 10
91.469291
 20
232.411846
 30
0.0
 10
91.650002
 20
233.305872
 30
0.0
 10
92.142920
 20
234.035855
 30
0.0
 10
92.873435
 20
234.527715
 30
0.0
 10
93.767197
 20
234.707896
 30
0.0
 10
94.661753
 20
234.527715
 30
0.0
 10
95.392000
 20
234.035855
 30
0.0
 10
95.884921
 20
233.305872
 30
0.0
 10
96.065896
 20
232.411846
 30
0.0
 10
95.884921
 20
231.516760
 30
0.0
 10
95.392000
 20
230.786775
 30
0.0
 10
94.661753
 20
230.294915
 30
0.0
 10
93.767197
 20
230.114734
 30
0.0
 10
92.873435
 20
230.294915
 30
0.0
 10
92.142920
 20
230.786775
 30
0.0
 10
91.650002
 20
231.516760
 30
0.0
  0
LWPOLYLINE
  5
10b
100
AcDbEntity
  8
0
 62
7
100
AcDbPolyline
 90
8
 70
1
 10
57.014222
 20
232.814806
 30
0.0
 10
57.234090
 20
233.343705
 30
0.0
 10
57.763786
 20
233.562780
 30
0.0
 10
58.293217
 20
233.343705
 30
0.0
 10
58.513086
 20
232.814806
 30
0.0
 10
58.293217
 20
232.285904
 30
0.0
 10
57.763786
 20
232.066829
 30
0.0
 10
57.234090
 20
232.285904
 30
0.0
  0
LWPOLYLINE
  5
10c
100
AcDbEntity
  8
0
 62
7
100
AcDbPolyline
 90
13
 70
0
 10
92.568106
 20
294.965759
 30
0.0
 10
93.350214
 20
294.862759
 30
0.0
 10
94.067234
 20
294.564759
 30
0.0
 10
94.683713
 20
294.092756
 30
0.0
 10
95.164723
 20
293.467758
 30
0.0
 10
95.465822
 20
292.737774
 30
0.0
 10
95.566099
 20
291.968763
 30
0.0
 10
95.465822
 20
291.198773
 30
0.0
 10
95.164723
 20
290.469766
 30
0.0
 10
94.683713
 20
289.843764
 30
0.0
 10
94.067234
 20
289.371774
 30
0.0
 10
93.350214
 20
289.074753
 30
0.0
 10
92.568106
 20
288.970772
 30
0.0
  0
LWPOLYLINE
  5
10d
100
AcDbEntity
  8
0
 62
7
100
AcDbPolyline
 90
13
 70
0
 10
56.594328
 20
288.970772
 30
0.0
 10
55.812220
 20
289.074753
 30
0.0
 10
55.095464
 20
289.371774
 30
0.0
 10
54.478988
 20
289.843764
 30
0.0
 10
53.997975
 20
290.469766
 30
0.0
 10
53.696879
 20
291.198773
 30
0.0
 10
53.596338
 20
291.968763
 30
0.0
 10
53.696879
 20
292.737774
 30
0.0
 10
53.997975
 20
293.467758
 30
0.0
 10
54.478988
 20
294.092756
 30
0.0
 10
55.095464
 20
294.564759
 30
0.0
 10
55.812220
 20
294.862759
 30
0.0
 10
56.594328
 20
294.965759
 30
0.0
  0
LWPOLYLINE
  5
10e
100
AcDbEntity
  8
0
 62
7
100
AcDbPolyline
 90
2
 70
0
 10
88.271541
 20
221.418945
 30
0.0
 10
9.328300
 20
221.418945
 30
0.0
  0
LWPOLYLINE
  5
10f
100
AcDbEntity
  8
0
 62
7
100
AcDbPolyline
 90
2
 70
0
 10
92.568106
 20
288.970772
 30
0.0
 10
56.594328
 20
288.970772
 30
0.0
  0
LWPOLYLINE
  5
110
100
AcDbEntity
  8
0
 62
7
100
AcDbPolyline
 90
9
 70
0
 10
45.002676
 20
229.413853
 30
0.0
 10
46.169488
 20
229.177847
 30
0.0
 10
47.122517
 20
228.535701
 30
0.0
 10
47.764925
 20
227.582939
 30
0.0
 10
48.000404
 20
226.415862
 30
0.0
 10
47.764925
 20
225.248788
 30
0.0
 10
47.122517
 20
224.295759
 30
0.0
 10
46.169488
 20
223.653880
 30
0.0
 10
45.002676
 20
223.417869
 30
0.0
  0
LWPOLYLINE
  5
111
100
AcDbEntity
  8
0
 62
7
100
AcDbPolyline
 90
2
 70
0
 10
56.594328
 20
294.965759
 30
0.0
 10
92.568106
 20
294.965759
 30
0.0
  0
LWPOLYLINE
  5
112
100
AcDbEntity
  8
0
 62
7
100
AcDbPolyline
 90
14
 70
0
 10
9.028502
 20
223.417869
 30
0.0
 10
8.246315
 20
223.521853
 30
0.0
 10
7.529559
 20
223.819771
 30
0.0
 10
6.913239
 20
224.290732
 30
0.0
 10
6.432280
 20
224.916736
 30
0.0
 10
6.131052
 20
225.645925
 30
0.0
 10
6.030642
 20
226.415862
 30
0.0
 10
6.131052
 20
227.185800
 30
0.0
 10
6.432280
 20
227.914726
 30
0.0
 10
6.913239
 20
228.539937
 30
0.0
 10
7.529559
 20
229.011689
 30
0.0
 10
8.246315
 20
229.309874
 30
0.0
 10
9.028502
 20
229.413853
 30
0.0
 10
45.002676
 20
229.413853
 30
0.0
  0
LWPOLYLINE
  5
113
100
AcDbEntity
  8
0
 62
7
100
AcDbPolyline
 90
13
 70
0
 10
52.597271
 20
223.417869
 30
0.0
 10
51.814899
 20
223.521853
 30
0.0
 10
51.098143
 20
223.819771
 30
0.0
 10
50.481928
 20
224.290732
 30
0.0
 10
50.000916
 20
224.916736
 30
0.0
 10
49.699823
 20
225.645925
 30
0.0
 10
49.599278
 20
226.415862
 30
0.0
 10
49.699823
 20
227.185800
 30
0.0
 10
50.000916
 20
227.914726
 30
0.0
 10
50.481928
 20
228.539937
 30
0.0
 10
51.098143
 20
229.011689
 30
0.0
 10
51.814899
 20
229.309874
 30
0.0
 10
52.597271
 20
229.413853
 30
0.0
  0
LWPOLYLINE
  5
114
100
AcDbEntity
  8
0
 62
7
100
AcDbPolyline
 90
2
 70
0
 10
45.002676
 20
223.417869
 30
0.0
 10
9.028502
 20
223.417869
 30
0.0
  0
LWPOLYLINE
  5
115
100
AcDbEntity
  8
0
 62
7
100
AcDbPolyline
 90
14
 70
0
 10
88.571314
 20
229.413853
 30
0.0
 10
89.353422
 20
229.309874
 30
0.0
 10
90.069913
 20
229.011689
 30
0.0
 10
90.686657
 20
228.539937
 30
0.0
 10
91.167405
 20
227.914726
 30
0.0
 10
91.468498
 20
227.185800
 30
0.0
 10
91.569039
 20
226.415862
 30
0.0
 10
91.468498
 20
225.645925
 30
0.0
 10
91.167405
 20
224.916736
 30
0.0
 10
90.686657
 20
224.290732
 30
0.0
 10
90.069913
 20
223.819771
 30
0.0
 10
89.353422
 20
223.521853
 30
0.0
 10
88.571314
 20
223.417869
 30
0.0
 10
52.597271
 20
223.417869
 30
0.0
  0
LWPOLYLINE
  5
116
100
AcDbEntity
  8
0
 62
7
100
AcDbPolyline
 90
13
 70
0
 10
5.031393
 20
288.970772
 30
0.0
 10
4.249205
 20
289.074753
 30
0.0
 10
3.532476
 20
289.371774
 30
0.0
 10
2.916129
 20
289.843764
 30
0.0
 10
2.435167
 20
290.469766
 30
0.0
 10
2.133947
 20
291.198773
 30
0.0
 10
2.033539
 20
291.968763
 30
0.0
 10
2.133947
 20
292.737774
 30
0.0
 10
2.435167
 20
293.467758
 30
0.0
 10
2.916129
 20
294.092756
 30
0.0
 10
3.532476
 20
294.564759
 30
0.0
 10
4.249205
 20
294.862759
 30
0.0
 10
5.031393
 20
294.965759
 30
0.0
  0
LWPOLYLINE
  5
117
100
AcDbEntity
  8
0
 62
7
100
AcDbPolyline
 90
13
 70
0
 10
41.005622
 20
294.965759
 30
0.0
 10
41.787728
 20
294.862759
 30
0.0
 10
42.504484
 20
294.564759
 30
0.0
 10
43.120698
 20
294.092756
 30
0.0
 10
43.601710
 20
293.467758
 30
0.0
 10
43.903071
 20
292.737774
 30
0.0
 10
44.003348
 20
291.968763
 30
0.0
 10
43.903071
 20
291.198773
 30
0.0
 10
43.601710
 20
290.469766
 30
0.0
 10
43.120698
 20
289.843764
 30
0.0
 10
42.504484
 20
289.371774
 30
0.0
 10
41.787728
 20
289.074753
 30
0.0
 10
41.005622
 20
288.970772
 30
0.0
  0
LWPOLYLINE
  5
118
100
AcDbEntity
  8
0
 62
7
100
AcDbPolyline
 90
2
 70
0
 10
52.597271
 20
229.413853
 30
0.0
 10
88.571314
 20
229.413853
 30
0.0
  0
LWPOLYLINE
  5
119
100
AcDbEntity
  8
0
 62
7
100
AcDbPolyline
 90
2
 70
0
 10
5.031393
 20
294.965759
 30
0.0
 10
41.005622
 20
294.965759
 30
0.0
  0
SPLINE
  5
11a
100
AcDbEntity
  8
0
 62
7
100
AcDbSpline
 70
8
 71
3
 72
8
 73
4
 74
0
 40
0
 40
0
 40
0
 40
0
 40
1
 40
1
 40
1
 40
1
 10
40.611716
 20
282.320296
 30
0.0
 10
40.571728
 20
282.289269
 30
0.0
 10
39.865698
 20
281.891439
 30
0.0
 10
39.865698
 20
281.006835
 30
0.0
  0
SPLINE
  5
11b
100
AcDbEntity
  8
0
 62
7
100
AcDbSpline
 70
8
 71
3
 72
8
 73
4
 74
0
 40
0
 40
0
 40
0
 40
0
 40
1
 40
1
 40
1
 40
1
 10
39.865698
 20
281.006835
 30
0.0
 10
39.865698
 20
279.983645
 30
0.0
 10
40.764091
 20
279.621668
 30
0.0
 10
40.790981
 20
279.612705
 30
0.0
  0
SPLINE
  5
11c
100
AcDbEntity
  8
0
 62
7
100
AcDbSpline
 70
8
 71
3
 72
8
 73
4
 74
0
 40
0
 40
0
 40
0
 40
0
 40
1
 40
1
 40
1
 40
1
 10
40.790981
 20
279.612705
 30
0.0
 10
40.786851
 20
279.590638
 30
0.0
 10
40.648259
 20
279.116968
 30
0.0
 10
40.317308
 20
278.634331
 30
0.0
  0
SPLINE
  5
11d
100
AcDbEntity
  8
0
 62
7
100
AcDbSpline
 70
8
 71
3
 72
8
 73
4
 74
0
 40
0
 40
0
 40
0
 40
0
 40
1
 40
1
 40
1
 40
1
 10
40.317308
 20
278.634331
 30
0.0
 10
40.022210
 20
278.209611
 30
0.0
 10
39.714012
 20
277.785580
 30
0.0
 10
39.245165
 20
277.785580
 30
0.0
  0
SPLINE
  5
11e
100
AcDbEntity
  8
0
 62
7
100
AcDbSpline
 70
8
 71
3
 72
8
 73
4
 74
0
 40
0
 40
0
 40
0
 40
0
 40
1
 40
1
 40
1
 40
1
 10
39.245165
 20
277.785580
 30
0.0
 10
38.776318
 20
277.785580
 30
0.0
 10
38.655659
 20
278.057925
 30
0.0
 10
38.114416
 20
278.057925
 30
0.0
  0
SPLINE
  5
11f
100
AcDbEntity
  8
0
 62
7
100
AcDbSpline
 70
8
 71
3
 72
8
 73
4
 74
0
 40
0
 40
0
 40
0
 40
0
 40
1
 40
1
 40
1
 40
1
 10
38.114416
 20
278.057925
 30
0.0
 10
37.586964
 20
278.057925
 30
0.0
 10
37.399425
 20
277.776617
 30
0.0
 10
36.970568
 20
277.776617
 30
0.0
  0
SPLINE
  5
120
100
AcDbEntity
  8
0
 62
7
100
AcDbSpline
 70
8
 71
3
 72
8
 73
4
 74
0
 40
0
 40
0
 40
0
 40
0
 40
1
 40
1
 40
1
 40
1
 10
36.970568
 20
277.776617
 30
0.0
 10
36.541710
 20
277.776617
 30
0.0
 10
36.242476
 20
278.169622
 30
0.0
 10
35.898425
 20
278.652258
 30
0.0
  0
SPLINE
  5
121
100
AcDbEntity
  8
0
 62
7
100
AcDbSpline
 70
8
 71
3
 72
8
 73
4
 74
0
 40
0
 40
0
 40
0
 40
0
 40
1
 40
1
 40
1
 40
1
 10
35.898425
 20
278.652258
 30
0.0
 10
35.499905
 20
279.219011
 30
0.0
 10
35.177917
 20
280.099479
 30
0.0
 10
35.177917
 20
280.935129
 30
0.0
  0
SPLINE
  5
122
100
AcDbEntity
  8
0
 62
7
100
AcDbSpline
 70
8
 71
3
 72
8
 73
4
 74
0
 40
0
 40
0
 40
0
 40
0
 40
1
 40
1
 40
1
 40
1
 10
35.177917
 20
280.935129
 30
0.0
 10
35.177917
 20
282.275480
 30
0.0
 10
36.049421
 20
282.986335
 30
0.0
 10
36.907135
 20
282.986335
 30
0.0
  0
SPLINE
  5
123
100
AcDbEntity
  8
0
 62
7
100
AcDbSpline
 70
8
 71
3
 72
8
 73
4
 74
0
 40
0
 40
0
 40
0
 40
0
 40
1
 40
1
 40
1
 40
1
 10
36.907135
 20
282.986335
 30
0.0
 10
37.362882
 20
282.986335
 30
0.0
 10
37.742786
 20
282.687100
 30
0.0
 10
38.028921
 20
282.687100
 30
0.0
  0
SPLINE
  5
124
100
AcDbEntity
  8
0
 62
7
100
AcDbSpline
 70
8
 71
3
 72
8
 73
4
 74
0
 40
0
 40
0
 40
0
 40
0
 40
1
 40
1
 40
1
 40
1
 10
38.028921
 20
282.687100
 30
0.0
 10
38.301266
 20
282.687100
 30
0.0
 10
38.725986
 20
283.004262
 30
0.0
 10
39.244476
 20
283.004262
 30
0.0
  0
SPLINE
  5
125
100
AcDbEntity
  8
0
 62
7
100
AcDbSpline
 70
8
 71
3
 72
8
 73
4
 74
0
 40
0
 40
0
 40
0
 40
0
 40
1
 40
1
 40
1
 40
1
 10
39.244476
 20
283.004262
 30
0.0
 10
39.440978
 20
283.004262
 30
0.0
 10
40.147006
 20
282.986330
 30
0.0
 10
40.611716
 20
282.320296
 30
0.0
  0
LWPOLYLINE
  5
126
100
AcDbEntity
  8
0
 62
7
100
AcDbPolyline
 90
2
 70
0
 10
41.005622
 20
288.970772
 30
0.0
 10
5.031393
 20
288.970772
 30
0.0
  0
SPLINE
  5
127
100
AcDbEntity
  8
0
 62
7
100
AcDbSpline
 70
8
 71
3
 72
8
 73
4
 74
0
 40
0
 40
0
 40
0
 40
0
 40
1
 40
1
 40
1
 40
1
 10
38.998331
 20
283.571704
 30
0.0
 10
39.212759
 20
283.826123
 30
0.0
 10
39.364445
 20
284.179137
 30
0.0
 10
39.364445
 20
284.532151
 30
0.0
  0
SPLINE
  5
128
100
AcDbEntity
  8
0
 62
7
100
AcDbSpline
 70
8
 71
3
 72
8
 73
4
 74
0
 40
0
 40
0
 40
0
 40
0
 40
1
 40
1
 40
1
 40
1
 10
39.364445
 20
284.532151
 30
0.0
 10
39.364445
 20
284.581104
 30
0.0
 10
39.360315
 20
284.630747
 30
0.0
 10
39.351343
 20
284.670736
 30
0.0
  0
SPLINE
  5
129
100
AcDbEntity
  8
0
 62
7
100
AcDbSpline
 70
8
 71
3
 72
8
 73
4
 74
0
 40
0
 40
0
 40
0
 40
0
 40
1
 40
1
 40
1
 40
1
 10
39.351343
 20
284.670736
 30
0.0
 10
39.002466
 20
284.657635
 30
0.0
 10
38.587399
 20
284.438381
 30
0.0
 10
38.337117
 20
284.148110
 30
0.0
  0
SPLINE
  5
12a
100
AcDbEntity
  8
0
 62
7
100
AcDbSpline
 70
8
 71
3
 72
8
 73
4
 74
0
 40
0
 40
0
 40
0
 40
0
 40
1
 40
1
 40
1
 40
1
 10
38.337117
 20
284.148110
 30
0.0
 10
38.140615
 20
283.924718
 30
0.0
 10
37.957213
 20
283.571704
 30
0.0
 10
37.957213
 20
283.213863
 30
0.0
  0
SPLINE
  5
12b
100
AcDbEntity
  8
0
 62
7
100
AcDbSpline
 70
8
 71
3
 72
8
 73
4
 74
0
 40
0
 40
0
 40
0
 40
0
 40
1
 40
1
 40
1
 40
1
 10
37.957213
 20
283.213863
 30
0.0
 10
37.957213
 20
283.160086
 30
0.0
 10
37.966179
 20
283.106304
 30
0.0
 10
37.970315
 20
283.089068
 30
0.0
  0
SPLINE
  5
12c
100
AcDbEntity
  8
0
 62
7
100
AcDbSpline
 70
8
 71
3
 72
8
 73
4
 74
0
 40
0
 40
0
 40
0
 40
0
 40
1
 40
1
 40
1
 40
1
 10
37.970315
 20
283.089068
 30
0.0
 10
37.992382
 20
283.084937
 30
0.0
 10
38.028231
 20
283.080102
 30
0.0
 10
38.064084
 20
283.080102
 30
0.0
  0
SPLINE
  5
12d
100
AcDbEntity
  8
0
 62
7
100
AcDbSpline
 70
8
 71
3
 72
8
 73
4
 74
0
 40
0
 40
0
 40
0
 40
0
 40
1
 40
1
 40
1
 40
1
 10
38.064084
 20
283.080102
 30
0.0
 10
38.377108
 20
283.080102
 30
0.0
 10
38.770802
 20
283.289704
 30
0.0
 10
38.998331
 20
283.571702
 30
0.0
  0
LWPOLYLINE
  5
12e
100
AcDbEntity
  8
0
 62
7
100
AcDbPolyline
 90
1
 70
1
 10
40.611716
 20
282.320296
 30
0.0
  0
LWPOLYLINE
  5
12f
100
AcDbEntity
  8
0
 62
7
100
AcDbPolyline
 90
1
 70
1
 10
38.998331
 20
283.571702
 30
0.0
  0
SPLINE
  5
130
100
AcDbEntity
  8
0
 62
7
100
AcDbSpline
 70
8
 71
3
 72
8
 73
4
 74
0
 40
0
 40
0
 40
0
 40
0
 40
1
 40
1
 40
1
 40
1
 10
34.843279
 20
287.556658
 30
0.0
 10
34.843279
 20
287.050041
 30
0.0
 10
34.433881
 20
286.640642
 30
0.0
 10
33.927264
 20
286.640642
 30
0.0
  0
LWPOLYLINE
  5
131
100
AcDbEntity
  8
0
 62
7
100
AcDbPolyline
 90
2
 70
0
 10
34.843279
 20
288.187517
 30
0.0
 10
34.843279
 20
287.556658
 30
0.0
  0
SPLINE
  5
132
100
AcDbEntity
  8
0
 62
7
100
AcDbSpline
 70
8
 71
3
 72
8
 73
4
 74
0
 40
0
 40
0
 40
0
 40
0
 40
1
 40
1
 40
1
 40
1
 10
28.714375
 20
286.640642
 30
0.0
 10
28.116424
 20
286.640642
 30
0.0
 10
27.628438
 20
286.154609
 30
0.0
 10
27.628438
 20
285.556658
 30
0.0
  0
LWPOLYLINE
  5
133
100
AcDbEntity
  8
0
 62
7
100
AcDbPolyline
 90
2
 70
0
 10
33.927264
 20
286.640642
 30
0.0
 10
28.714375
 20
286.640642
 30
0.0
  0
SPLINE
  5
134
100
AcDbEntity
  8
0
 62
7
100
AcDbSpline
 70
8
 71
3
 72
8
 73
4
 74
0
 40
0
 40
0
 40
0
 40
0
 40
1
 40
1
 40
1
 40
1
 10
27.798360
 20
285.556658
 30
0.0
 10
27.798360
 20
286.063275
 30
0.0
 10
28.207758
 20
286.472674
 30
0.0
 10
28.714375
 20
286.472673
 30
0.0
  0
LWPOLYLINE
  5
135
100
AcDbEntity
  8
0
 62
7
100
AcDbPolyline
 90
4
 70
0
 10
27.628438
 20
285.556658
 30
0.0
 10
27.628438
 20
284.886737
 30
0.0
 10
27.798360
 20
284.886737
 30
0.0
 10
27.798360
 20
285.556658
 30
0.0
  0
SPLINE
  5
136
100
AcDbEntity
  8
0
 62
7
100
AcDbSpline
 70
8
 71
3
 72
8
 73
4
 74
0
 40
0
 40
0
 40
0
 40
0
 40
1
 40
1
 40
1
 40
1
 10
33.927264
 20
286.472673
 30
0.0
 10
34.525215
 20
286.472673
 30
0.0
 10
35.011248
 20
286.958707
 30
0.0
 10
35.011248
 20
287.556658
 30
0.0
  0
LWPOLYLINE
  5
137
100
AcDbEntity
  8
0
 62
7
100
AcDbPolyline
 90
2
 70
0
 10
28.714375
 20
286.472673
 30
0.0
 10
33.927264
 20
286.472673
 30
0.0
  0
LWPOLYLINE
  5
138
100
AcDbEntity
  8
0
 62
7
100
AcDbPolyline
 90
3
 70
0
 10
35.011248
 20
287.556658
 30
0.0
 10
35.011248
 20
288.187517
 30
0.0
 10
34.843279
 20
288.187517
 30
0.0
  0
SPLINE
  5
139
100
AcDbEntity
  8
0
 62
7
100
AcDbSpline
 70
8
 71
3
 72
8
 73
4
 74
0
 40
0
 40
0
 40
0
 40
0
 40
1
 40
1
 40
1
 40
1
 10
40.938982
 20
287.556658
 30
0.0
 10
40.938982
 20
286.958707
 30
0.0
 10
41.425014
 20
286.472673
 30
0.0
 10
42.022965
 20
286.472673
 30
0.0
  0
LWPOLYLINE
  5
13a
100
AcDbEntity
  8
0
 62
7
100
AcDbPolyline
 90
2
 70
0
 10
40.938982
 20
288.187517
 30
0.0
 10
40.938982
 20
287.556658
 30
0.0
  0
SPLINE
  5
13b
100
AcDbEntity
  8
0
 62
7
100
AcDbSpline
 70
8
 71
3
 72
8
 73
4
 74
0
 40
0
 40
0
 40
0
 40
0
 40
1
 40
1
 40
1
 40
1
 10
47.235855
 20
286.472673
 30
0.0
 10
47.742472
 20
286.472673
 30
0.0
 10
48.151870
 20
286.063275
 30
0.0
 10
48.151870
 20
285.556658
 30
0.0
  0
LWPOLYLINE
  5
13c
100
AcDbEntity
  8
0
 62
7
100
AcDbPolyline
 90
2
 70
0
 10
42.022965
 20
286.472673
 30
0.0
 10
47.235855
 20
286.472673
 30
0.0
  0
SPLINE
  5
13d
100
AcDbEntity
  8
0
 62
7
100
AcDbSpline
 70
8
 71
3
 72
8
 73
4
 74
0
 40
0
 40
0
 40
0
 40
0
 40
1
 40
1
 40
1
 40
1
 10
48.319839
 20
285.556658
 30
0.0
 10
48.319839
 20
286.154609
 30
0.0
 10
47.833806
 20
286.640642
 30
0.0
 10
47.235855
 20
286.640642
 30
0.0
  0
LWPOLYLINE
  5
13e
100
AcDbEntity
  8
0
 62
7
100
AcDbPolyline
 90
4
 70
0
 10
48.151870
 20
285.556658
 30
0.0
 10
48.151870
 20
284.886737
 30
0.0
 10
48.319839
 20
284.886737
 30
0.0
 10
48.319839
 20
285.556658
 30
0.0
  0
SPLINE
  5
13f
100
AcDbEntity
  8
0
 62
7
100
AcDbSpline
 70
8
 71
3
 72
8
 73
4
 74
0
 40
0
 40
0
 40
0
 40
0
 40
1
 40
1
 40
1
 40
1
 10
42.022965
 20
286.640642
 30
0.0
 10
41.516348
 20
286.640642
 30
0.0
 10
41.106950
 20
287.050041
 30
0.0
 10
41.106950
 20
287.556658
 30
0.0
  0
LWPOLYLINE
  5
140
100
AcDbEntity
  8
0
 62
7
100
AcDbPolyline
 90
2
 70
0
 10
47.235855
 20
286.640642
 30
0.0
 10
42.022965
 20
286.640642
 30
0.0
  0
SPLINE
  5
141
100
AcDbEntity
  8
0
 62
7
100
AcDbSpline
 70
8
 71
3
 72
8
 73
4
 74
0
 40
0
 40
0
 40
0
 40
0
 40
1
 40
1
 40
1
 40
1
 10
25.592657
 20
277.212833
 30
0.0
 10
25.592657
 20
277.197493
 30
0.0
 10
25.592234
 20
277.184921
 30
0.0
 10
25.591387
 20
277.175119
 30
0.0
  0
SPLINE
  5
142
100
AcDbEntity
  8
0
 62
7
100
AcDbSpline
 70
8
 71
3
 72
8
 73
4
 74
0
 40
0
 40
0
 40
0
 40
0
 40
1
 40
1
 40
1
 40
1
 10
25.591387
 20
277.175119
 30
0.0
 10
25.590540
 20
277.165317
 30
0.0
 10
25.589261
 20
277.157647
 30
0.0
 10
25.587550
 20
277.152108
 30
0.0
  0
SPLINE
  5
143
100
AcDbEntity
  8
0
 62
7
100
AcDbSpline
 70
8
 71
3
 72
8
 73
4
 74
0
 40
0
 40
0
 40
0
 40
0
 40
1
 40
1
 40
1
 40
1
 10
25.587550
 20
277.152108
 30
0.0
 10
25.585839
 20
277.146568
 30
0.0
 10
25.583495
 20
277.142732
 30
0.0
 10
25.580518
 20
277.140601
 30
0.0
  0
SPLINE
  5
144
100
AcDbEntity
  8
0
 62
7
100
AcDbSpline
 70
8
 71
3
 72
8
 73
4
 74
0
 40
0
 40
0
 40
0
 40
0
 40
1
 40
1
 40
1
 40
1
 10
25.580518
 20
277.140601
 30
0.0
 10
25.577960
 20
277.138471
 30
0.0
 10
25.574551
 20
277.137405
 30
0.0
 10
25.570289
 20
277.137405
 30
0.0
  0
SPLINE
  5
145
100
AcDbEntity
  8
0
 62
7
100
AcDbSpline
 70
8
 71
3
 72
8
 73
4
 74
0
 40
0
 40
0
 40
0
 40
0
 40
1
 40
1
 40
1
 40
1
 10
25.570289
 20
277.137405
 30
0.0
 10
25.566879
 20
277.137405
 30
0.0
 10
25.563044
 20
277.138040
 30
0.0
 10
25.558782
 20
277.139310
 30
0.0
  0
SPLINE
  5
146
100
AcDbEntity
  8
0
 62
7
100
AcDbSpline
 70
8
 71
3
 72
8
 73
4
 74
0
 40
0
 40
0
 40
0
 40
0
 40
1
 40
1
 40
1
 40
1
 10
25.558782
 20
277.139310
 30
0.0
 10
25.554521
 20
277.141021
 30
0.0
 10
25.549620
 20
277.142726
 30
0.0
 10
25.544079
 20
277.144425
 30
0.0
  0
SPLINE
  5
147
100
AcDbEntity
  8
0
 62
7
100
AcDbSpline
 70
8
 71
3
 72
8
 73
4
 74
0
 40
0
 40
0
 40
0
 40
0
 40
1
 40
1
 40
1
 40
1
 10
25.544079
 20
277.144425
 30
0.0
 10
25.538966
 20
277.146136
 30
0.0
 10
25.533213
 20
277.147627
 30
0.0
 10
25.526821
 20
277.148899
 30
0.0
  0
SPLINE
  5
148
100
AcDbEntity
  8
0
 62
7
100
AcDbSpline
 70
8
 71
3
 72
8
 73
4
 74
0
 40
0
 40
0
 40
0
 40
0
 40
1
 40
1
 40
1
 40
1
 10
25.526821
 20
277.148899
 30
0.0
 10
25.520428
 20
277.150610
 30
0.0
 10
25.513397
 20
277.151465
 30
0.0
 10
25.505725
 20
277.151465
 30
0.0
  0
SPLINE
  5
149
100
AcDbEntity
  8
0
 62
7
100
AcDbSpline
 70
8
 71
3
 72
8
 73
4
 74
0
 40
0
 40
0
 40
0
 40
0
 40
1
 40
1
 40
1
 40
1
 10
25.505725
 20
277.151465
 30
0.0
 10
25.496775
 20
277.151465
 30
0.0
 10
25.487826
 20
277.149548
 30
0.0
 10
25.478878
 20
277.145713
 30
0.0
  0
SPLINE
  5
14a
100
AcDbEntity
  8
0
 62
7
100
AcDbSpline
 70
8
 71
3
 72
8
 73
4
 74
0
 40
0
 40
0
 40
0
 40
0
 40
1
 40
1
 40
1
 40
1
 10
25.478878
 20
277.145713
 30
0.0
 10
25.469928
 20
277.142304
 30
0.0
 10
25.460553
 20
277.136763
 30
0.0
 10
25.450752
 20
277.129092
 30
0.0
  0
SPLINE
  5
14b
100
AcDbEntity
  8
0
 62
7
100
AcDbSpline
 70
8
 71
3
 72
8
 73
4
 74
0
 40
0
 40
0
 40
0
 40
0
 40
1
 40
1
 40
1
 40
1
 10
25.450752
 20
277.129092
 30
0.0
 10
25.441377
 20
277.121421
 30
0.0
 10
25.431363
 20
277.111193
 30
0.0
 10
25.420709
 20
277.098409
 30
0.0
  0
SPLINE
  5
14c
100
AcDbEntity
  8
0
 62
7
100
AcDbSpline
 70
8
 71
3
 72
8
 73
4
 74
0
 40
0
 40
0
 40
0
 40
0
 40
1
 40
1
 40
1
 40
1
 10
25.420709
 20
277.098409
 30
0.0
 10
25.410482
 20
277.085625
 30
0.0
 10
25.399402
 20
277.069857
 30
0.0
 10
25.387469
 20
277.051107
 30
0.0
  0
LWPOLYLINE
  5
14d
100
AcDbEntity
  8
0
 62
7
100
AcDbPolyline
 90
3
 70
0
 10
41.106950
 20
287.556658
 30
0.0
 10
41.106950
 20
288.187517
 30
0.0
 10
40.938982
 20
288.187517
 30
0.0
  0
SPLINE
  5
14e
100
AcDbEntity
  8
0
 62
7
100
AcDbSpline
 70
8
 71
3
 72
8
 73
4
 74
0
 40
0
 40
0
 40
0
 40
0
 40
1
 40
1
 40
1
 40
1
 10
25.387469
 20
276.695699
 30
0.0
 10
25.387469
 20
276.691437
 30
0.0
 10
25.386190
 20
276.687602
 30
0.0
 10
25.383633
 20
276.684192
 30
0.0
  0
SPLINE
  5
14f
100
AcDbEntity
  8
0
 62
7
100
AcDbSpline
 70
8
 71
3
 72
8
 73
4
 74
0
 40
0
 40
0
 40
0
 40
0
 40
1
 40
1
 40
1
 40
1
 10
25.383633
 20
276.684192
 30
0.0
 10
25.381075
 20
276.681209
 30
0.0
 10
25.376600
 20
276.678653
 30
0.0
 10
25.370208
 20
276.676522
 30
0.0
  0
SPLINE
  5
150
100
AcDbEntity
  8
0
 62
7
100
AcDbSpline
 70
8
 71
3
 72
8
 73
4
 74
0
 40
0
 40
0
 40
0
 40
0
 40
1
 40
1
 40
1
 40
1
 10
25.370208
 20
276.676522
 30
0.0
 10
25.364242
 20
276.674391
 30
0.0
 10
25.356145
 20
276.672900
 30
0.0
 10
25.345916
 20
276.672048
 30
0.0
  0
SPLINE
  5
151
100
AcDbEntity
  8
0
 62
7
100
AcDbSpline
 70
8
 71
3
 72
8
 73
4
 74
0
 40
0
 40
0
 40
0
 40
0
 40
1
 40
1
 40
1
 40
1
 10
25.345916
 20
276.672048
 30
0.0
 10
25.335689
 20
276.670778
 30
0.0
 10
25.322692
 20
276.670143
 30
0.0
 10
25.306924
 20
276.670143
 30
0.0
  0
SPLINE
  5
152
100
AcDbEntity
  8
0
 62
7
100
AcDbSpline
 70
8
 71
3
 72
8
 73
4
 74
0
 40
0
 40
0
 40
0
 40
0
 40
1
 40
1
 40
1
 40
1
 10
25.306924
 20
276.670143
 30
0.0
 10
25.291157
 20
276.670143
 30
0.0
 10
25.278159
 20
276.670778
 30
0.0
 10
25.267931
 20
276.672048
 30
0.0
  0
SPLINE
  5
153
100
AcDbEntity
  8
0
 62
7
100
AcDbSpline
 70
8
 71
3
 72
8
 73
4
 74
0
 40
0
 40
0
 40
0
 40
0
 40
1
 40
1
 40
1
 40
1
 10
25.267931
 20
276.672048
 30
0.0
 10
25.257704
 20
276.672894
 30
0.0
 10
25.249395
 20
276.674386
 30
0.0
 10
25.243002
 20
276.676522
 30
0.0
  0
SPLINE
  5
154
100
AcDbEntity
  8
0
 62
7
100
AcDbSpline
 70
8
 71
3
 72
8
 73
4
 74
0
 40
0
 40
0
 40
0
 40
0
 40
1
 40
1
 40
1
 40
1
 10
25.243002
 20
276.676522
 30
0.0
 10
25.237037
 20
276.678653
 30
0.0
 10
25.232775
 20
276.681209
 30
0.0
 10
25.230218
 20
276.684192
 30
0.0
  0
SPLINE
  5
155
100
AcDbEntity
  8
0
 62
7
100
AcDbSpline
 70
8
 71
3
 72
8
 73
4
 74
0
 40
0
 40
0
 40
0
 40
0
 40
1
 40
1
 40
1
 40
1
 10
25.230218
 20
276.684192
 30
0.0
 10
25.227660
 20
276.687602
 30
0.0
 10
25.226381
 20
276.691437
 30
0.0
 10
25.226381
 20
276.695699
 30
0.0
  0
LWPOLYLINE
  5
156
100
AcDbEntity
  8
0
 62
7
100
AcDbPolyline
 90
2
 70
0
 10
25.387469
 20
277.051107
 30
0.0
 10
25.387469
 20
276.695699
 30
0.0
  0
SPLINE
  5
157
100
AcDbEntity
  8
0
 62
7
100
AcDbSpline
 70
8
 71
3
 72
8
 73
4
 74
0
 40
0
 40
0
 40
0
 40
0
 40
1
 40
1
 40
1
 40
1
 10
25.226381
 20
277.265886
 30
0.0
 10
25.226381
 20
277.270147
 30
0.0
 10
25.227446
 20
277.273770
 30
0.0
 10
25.229577
 20
277.276752
 30
0.0
  0
SPLINE
  5
158
100
AcDbEntity
  8
0
 62
7
100
AcDbSpline
 70
8
 71
3
 72
8
 73
4
 74
0
 40
0
 40
0
 40
0
 40
0
 40
1
 40
1
 40
1
 40
1
 10
25.229577
 20
277.276752
 30
0.0
 10
25.231708
 20
277.280162
 30
0.0
 10
25.235544
 20
277.282932
 30
0.0
 10
25.241084
 20
277.285063
 30
0.0
  0
SPLINE
  5
159
100
AcDbEntity
  8
0
 62
7
100
AcDbSpline
 70
8
 71
3
 72
8
 73
4
 74
0
 40
0
 40
0
 40
0
 40
0
 40
1
 40
1
 40
1
 40
1
 10
25.241084
 20
277.285063
 30
0.0
 10
25.246624
 20
277.287194
 30
0.0
 10
25.253656
 20
277.288685
 30
0.0
 10
25.262179
 20
277.289537
 30
0.0
  0
SPLINE
  5
15a
100
AcDbEntity
  8
0
 62
7
100
AcDbSpline
 70
8
 71
3
 72
8
 73
4
 74
0
 40
0
 40
0
 40
0
 40
0
 40
1
 40
1
 40
1
 40
1
 10
25.262179
 20
277.289537
 30
0.0
 10
25.271129
 20
277.290807
 30
0.0
 10
25.282209
 20
277.291442
 30
0.0
 10
25.295419
 20
277.291442
 30
0.0
  0
SPLINE
  5
15b
100
AcDbEntity
  8
0
 62
7
100
AcDbSpline
 70
8
 71
3
 72
8
 73
4
 74
0
 40
0
 40
0
 40
0
 40
0
 40
1
 40
1
 40
1
 40
1
 10
25.295419
 20
277.291442
 30
0.0
 10
25.309055
 20
277.291442
 30
0.0
 10
25.320348
 20
277.290807
 30
0.0
 10
25.329298
 20
277.289537
 30
0.0
  0
SPLINE
  5
15c
100
AcDbEntity
  8
0
 62
7
100
AcDbSpline
 70
8
 71
3
 72
8
 73
4
 74
0
 40
0
 40
0
 40
0
 40
0
 40
1
 40
1
 40
1
 40
1
 10
25.329298
 20
277.289537
 30
0.0
 10
25.338246
 20
277.288690
 30
0.0
 10
25.345064
 20
277.287199
 30
0.0
 10
25.349753
 20
277.285063
 30
0.0
  0
SPLINE
  5
15d
100
AcDbEntity
  8
0
 62
7
100
AcDbSpline
 70
8
 71
3
 72
8
 73
4
 74
0
 40
0
 40
0
 40
0
 40
0
 40
1
 40
1
 40
1
 40
1
 10
25.349753
 20
277.285063
 30
0.0
 10
25.354866
 20
277.282932
 30
0.0
 10
25.358488
 20
277.280162
 30
0.0
 10
25.360619
 20
277.276752
 30
0.0
  0
SPLINE
  5
15e
100
AcDbEntity
  8
0
 62
7
100
AcDbSpline
 70
8
 71
3
 72
8
 73
4
 74
0
 40
0
 40
0
 40
0
 40
0
 40
1
 40
1
 40
1
 40
1
 10
25.360619
 20
277.276752
 30
0.0
 10
25.362750
 20
277.273770
 30
0.0
 10
25.363815
 20
277.270147
 30
0.0
 10
25.363815
 20
277.265886
 30
0.0
  0
LWPOLYLINE
  5
15f
100
AcDbEntity
  8
0
 62
7
100
AcDbPolyline
 90
2
 70
0
 10
25.226381
 20
276.695699
 30
0.0
 10
25.226381
 20
277.265886
 30
0.0
  0
SPLINE
  5
160
100
AcDbEntity
  8
0
 62
7
100
AcDbSpline
 70
8
 71
3
 72
8
 73
4
 74
0
 40
0
 40
0
 40
0
 40
0
 40
1
 40
1
 40
1
 40
1
 10
25.363815
 20
277.194932
 30
0.0
 10
25.378731
 20
277.216239
 30
0.0
 10
25.392794
 20
277.233712
 30
0.0
 10
25.406004
 20
277.247348
 30
0.0
  0
SPLINE
  5
161
100
AcDbEntity
  8
0
 62
7
100
AcDbSpline
 70
8
 71
3
 72
8
 73
4
 74
0
 40
0
 40
0
 40
0
 40
0
 40
1
 40
1
 40
1
 40
1
 10
25.406004
 20
277.247348
 30
0.0
 10
25.419214
 20
277.261412
 30
0.0
 10
25.431785
 20
277.272492
 30
0.0
 10
25.443718
 20
277.280588
 30
0.0
  0
SPLINE
  5
162
100
AcDbEntity
  8
0
 62
7
100
AcDbSpline
 70
8
 71
3
 72
8
 73
4
 74
0
 40
0
 40
0
 40
0
 40
0
 40
1
 40
1
 40
1
 40
1
 10
25.443718
 20
277.280588
 30
0.0
 10
25.455651
 20
277.288684
 30
0.0
 10
25.467583
 20
277.294225
 30
0.0
 10
25.479515
 20
277.297209
 30
0.0
  0
SPLINE
  5
163
100
AcDbEntity
  8
0
 62
7
100
AcDbSpline
 70
8
 71
3
 72
8
 73
4
 74
0
 40
0
 40
0
 40
0
 40
0
 40
1
 40
1
 40
1
 40
1
 10
25.479515
 20
277.297209
 30
0.0
 10
25.491447
 20
277.300619
 30
0.0
 10
25.503379
 20
277.302324
 30
0.0
 10
25.515311
 20
277.302324
 30
0.0
  0
SPLINE
  5
164
100
AcDbEntity
  8
0
 62
7
100
AcDbSpline
 70
8
 71
3
 72
8
 73
4
 74
0
 40
0
 40
0
 40
0
 40
0
 40
1
 40
1
 40
1
 40
1
 10
25.515311
 20
277.302324
 30
0.0
 10
25.520851
 20
277.302324
 30
0.0
 10
25.526818
 20
277.301900
 30
0.0
 10
25.533210
 20
277.301054
 30
0.0
  0
SPLINE
  5
165
100
AcDbEntity
  8
0
 62
7
100
AcDbSpline
 70
8
 71
3
 72
8
 73
4
 74
0
 40
0
 40
0
 40
0
 40
0
 40
1
 40
1
 40
1
 40
1
 10
25.533210
 20
277.301054
 30
0.0
 10
25.539602
 20
277.300630
 30
0.0
 10
25.546207
 20
277.299565
 30
0.0
 10
25.553025
 20
277.297857
 30
0.0
  0
SPLINE
  5
166
100
AcDbEntity
  8
0
 62
7
100
AcDbSpline
 70
8
 71
3
 72
8
 73
4
 74
0
 40
0
 40
0
 40
0
 40
0
 40
1
 40
1
 40
1
 40
1
 10
25.553025
 20
277.297857
 30
0.0
 10
25.559844
 20
277.296587
 30
0.0
 10
25.565810
 20
277.294883
 30
0.0
 10
25.570924
 20
277.292743
 30
0.0
  0
SPLINE
  5
167
100
AcDbEntity
  8
0
 62
7
100
AcDbSpline
 70
8
 71
3
 72
8
 73
4
 74
0
 40
0
 40
0
 40
0
 40
0
 40
1
 40
1
 40
1
 40
1
 10
25.570924
 20
277.292743
 30
0.0
 10
25.576037
 20
277.291032
 30
0.0
 10
25.579659
 20
277.289115
 30
0.0
 10
25.581790
 20
277.286991
 30
0.0
  0
SPLINE
  5
168
100
AcDbEntity
  8
0
 62
7
100
AcDbSpline
 70
8
 71
3
 72
8
 73
4
 74
0
 40
0
 40
0
 40
0
 40
0
 40
1
 40
1
 40
1
 40
1
 10
25.581790
 20
277.286991
 30
0.0
 10
25.584348
 20
277.284860
 30
0.0
 10
25.586053
 20
277.282516
 30
0.0
 10
25.586905
 20
277.279958
 30
0.0
  0
SPLINE
  5
169
100
AcDbEntity
  8
0
 62
7
100
AcDbSpline
 70
8
 71
3
 72
8
 73
4
 74
0
 40
0
 40
0
 40
0
 40
0
 40
1
 40
1
 40
1
 40
1
 10
25.586905
 20
277.279958
 30
0.0
 10
25.588175
 20
277.277401
 30
0.0
 10
25.589240
 20
277.273779
 30
0.0
 10
25.590101
 20
277.269092
 30
0.0
  0
SPLINE
  5
16a
100
AcDbEntity
  8
0
 62
7
100
AcDbSpline
 70
8
 71
3
 72
8
 73
4
 74
0
 40
0
 40
0
 40
0
 40
0
 40
1
 40
1
 40
1
 40
1
 10
25.590101
 20
277.269092
 30
0.0
 10
25.590947
 20
277.264830
 30
0.0
 10
25.591582
 20
277.258225
 30
0.0
 10
25.592006
 20
277.249277
 30
0.0
  0
SPLINE
  5
16b
100
AcDbEntity
  8
0
 62
7
100
AcDbSpline
 70
8
 71
3
 72
8
 73
4
 74
0
 40
0
 40
0
 40
0
 40
0
 40
1
 40
1
 40
1
 40
1
 10
25.592006
 20
277.249277
 30
0.0
 10
25.592429
 20
277.240327
 30
0.0
 10
25.592641
 20
277.228182
 30
0.0
 10
25.592641
 20
277.212841
 30
0.0
  0
LWPOLYLINE
  5
16c
100
AcDbEntity
  8
0
 62
7
100
AcDbPolyline
 90
2
 70
0
 10
25.363815
 20
277.265886
 30
0.0
 10
25.363815
 20
277.194932
 30
0.0
  0
SPLINE
  5
16d
100
AcDbEntity
  8
0
 62
7
100
AcDbSpline
 70
8
 71
3
 72
8
 73
4
 74
0
 40
0
 40
0
 40
0
 40
0
 40
1
 40
1
 40
1
 40
1
 10
26.203754
 20
276.997415
 30
0.0
 10
26.203754
 20
276.977812
 30
0.0
 10
26.199280
 20
276.963323
 30
0.0
 10
26.190332
 20
276.953948
 30
0.0
  0
SPLINE
  5
16e
100
AcDbEntity
  8
0
 62
7
100
AcDbSpline
 70
8
 71
3
 72
8
 73
4
 74
0
 40
0
 40
0
 40
0
 40
0
 40
1
 40
1
 40
1
 40
1
 10
26.190332
 20
276.953948
 30
0.0
 10
26.181809
 20
276.944573
 30
0.0
 10
26.169877
 20
276.939885
 30
0.0
 10
26.154535
 20
276.939885
 30
0.0
  0
LWPOLYLINE
  5
16f
100
AcDbEntity
  8
0
 62
7
100
AcDbPolyline
 90
1
 70
1
 10
25.592641
 20
277.212841
 30
0.0
  0
SPLINE
  5
170
100
AcDbEntity
  8
0
 62
7
100
AcDbSpline
 70
8
 71
3
 72
8
 73
4
 74
0
 40
0
 40
0
 40
0
 40
0
 40
1
 40
1
 40
1
 40
1
 10
25.807437
 20
276.939885
 30
0.0
 10
25.807437
 20
276.915595
 30
0.0
 10
25.810208
 20
276.893435
 30
0.0
 10
25.815748
 20
276.873406
 30
0.0
  0
SPLINE
  5
171
100
AcDbEntity
  8
0
 62
7
100
AcDbSpline
 70
8
 71
3
 72
8
 73
4
 74
0
 40
0
 40
0
 40
0
 40
0
 40
1
 40
1
 40
1
 40
1
 10
25.815748
 20
276.873406
 30
0.0
 10
25.821713
 20
276.853803
 30
0.0
 10
25.830876
 20
276.836971
 30
0.0
 10
25.843234
 20
276.822908
 30
0.0
  0
SPLINE
  5
172
100
AcDbEntity
  8
0
 62
7
100
AcDbSpline
 70
8
 71
3
 72
8
 73
4
 74
0
 40
0
 40
0
 40
0
 40
0
 40
1
 40
1
 40
1
 40
1
 10
25.843234
 20
276.822908
 30
0.0
 10
25.856019
 20
276.809271
 30
0.0
 10
25.872213
 20
276.798830
 30
0.0
 10
25.891816
 20
276.791586
 30
0.0
  0
SPLINE
  5
173
100
AcDbEntity
  8
0
 62
7
100
AcDbSpline
 70
8
 71
3
 72
8
 73
4
 74
0
 40
0
 40
0
 40
0
 40
0
 40
1
 40
1
 40
1
 40
1
 10
25.891816
 20
276.791586
 30
0.0
 10
25.911845
 20
276.784341
 30
0.0
 10
25.935709
 20
276.780719
 30
0.0
 10
25.963408
 20
276.780719
 30
0.0
  0
SPLINE
  5
174
100
AcDbEntity
  8
0
 62
7
100
AcDbSpline
 70
8
 71
3
 72
8
 73
4
 74
0
 40
0
 40
0
 40
0
 40
0
 40
1
 40
1
 40
1
 40
1
 10
25.963408
 20
276.780719
 30
0.0
 10
25.991534
 20
276.780719
 30
0.0
 10
26.016251
 20
276.782637
 30
0.0
 10
26.037558
 20
276.786471
 30
0.0
  0
SPLINE
  5
175
100
AcDbEntity
  8
0
 62
7
100
AcDbSpline
 70
8
 71
3
 72
8
 73
4
 74
0
 40
0
 40
0
 40
0
 40
0
 40
1
 40
1
 40
1
 40
1
 10
26.037558
 20
276.786471
 30
0.0
 10
26.058866
 20
276.790733
 30
0.0
 10
26.077190
 20
276.795208
 30
0.0
 10
26.092532
 20
276.799896
 30
0.0
  0
SPLINE
  5
176
100
AcDbEntity
  8
0
 62
7
100
AcDbSpline
 70
8
 71
3
 72
8
 73
4
 74
0
 40
0
 40
0
 40
0
 40
0
 40
1
 40
1
 40
1
 40
1
 10
26.092532
 20
276.799896
 30
0.0
 10
26.108299
 20
276.805010
 30
0.0
 10
26.121297
 20
276.809485
 30
0.0
 10
26.131524
 20
276.813321
 30
0.0
  0
SPLINE
  5
177
100
AcDbEntity
  8
0
 62
7
100
AcDbSpline
 70
8
 71
3
 72
8
 73
4
 74
0
 40
0
 40
0
 40
0
 40
0
 40
1
 40
1
 40
1
 40
1
 10
26.131524
 20
276.813321
 30
0.0
 10
26.141751
 20
276.817583
 30
0.0
 10
26.150061
 20
276.819714
 30
0.0
 10
26.156453
 20
276.819714
 30
0.0
  0
SPLINE
  5
178
100
AcDbEntity
  8
0
 62
7
100
AcDbSpline
 70
8
 71
3
 72
8
 73
4
 74
0
 40
0
 40
0
 40
0
 40
0
 40
1
 40
1
 40
1
 40
1
 10
26.156453
 20
276.819714
 30
0.0
 10
26.160288
 20
276.819714
 30
0.0
 10
26.163484
 20
276.818858
 30
0.0
 10
26.166042
 20
276.817147
 30
0.0
  0
SPLINE
  5
179
100
AcDbEntity
  8
0
 62
7
100
AcDbSpline
 70
8
 71
3
 72
8
 73
4
 74
0
 40
0
 40
0
 40
0
 40
0
 40
1
 40
1
 40
1
 40
1
 10
26.166042
 20
276.817147
 30
0.0
 10
26.168599
 20
276.815877
 30
0.0
 10
26.170730
 20
276.813320
 30
0.0
 10
26.172434
 20
276.809477
 30
0.0
  0
SPLINE
  5
17a
100
AcDbEntity
  8
0
 62
7
100
AcDbSpline
 70
8
 71
3
 72
8
 73
4
 74
0
 40
0
 40
0
 40
0
 40
0
 40
1
 40
1
 40
1
 40
1
 10
26.172434
 20
276.809477
 30
0.0
 10
26.174145
 20
276.805642
 30
0.0
 10
26.175210
 20
276.800102
 30
0.0
 10
26.175630
 20
276.792856
 30
0.0
  0
SPLINE
  5
17b
100
AcDbEntity
  8
0
 62
7
100
AcDbSpline
 70
8
 71
3
 72
8
 73
4
 74
0
 40
0
 40
0
 40
0
 40
0
 40
1
 40
1
 40
1
 40
1
 10
26.175630
 20
276.792856
 30
0.0
 10
26.176477
 20
276.786038
 30
0.0
 10
26.176900
 20
276.777303
 30
0.0
 10
26.176900
 20
276.766649
 30
0.0
  0
SPLINE
  5
17c
100
AcDbEntity
  8
0
 62
7
100
AcDbSpline
 70
8
 71
3
 72
8
 73
4
 74
0
 40
0
 40
0
 40
0
 40
0
 40
1
 40
1
 40
1
 40
1
 10
26.176900
 20
276.766649
 30
0.0
 10
26.176900
 20
276.757274
 30
0.0
 10
26.176688
 20
276.749177
 30
0.0
 10
26.176265
 20
276.742357
 30
0.0
  0
SPLINE
  5
17d
100
AcDbEntity
  8
0
 62
7
100
AcDbSpline
 70
8
 71
3
 72
8
 73
4
 74
0
 40
0
 40
0
 40
0
 40
0
 40
1
 40
1
 40
1
 40
1
 10
26.176265
 20
276.742357
 30
0.0
 10
26.175842
 20
276.735965
 30
0.0
 10
26.175207
 20
276.730425
 30
0.0
 10
26.174360
 20
276.725736
 30
0.0
  0
SPLINE
  5
17e
100
AcDbEntity
  8
0
 62
7
100
AcDbSpline
 70
8
 71
3
 72
8
 73
4
 74
0
 40
0
 40
0
 40
0
 40
0
 40
1
 40
1
 40
1
 40
1
 10
26.174360
 20
276.725736
 30
0.0
 10
26.173513
 20
276.721050
 30
0.0
 10
26.172235
 20
276.717001
 30
0.0
 10
26.170524
 20
276.713592
 30
0.0
  0
SPLINE
  5
17f
100
AcDbEntity
  8
0
 62
7
100
AcDbSpline
 70
8
 71
3
 72
8
 73
4
 74
0
 40
0
 40
0
 40
0
 40
0
 40
1
 40
1
 40
1
 40
1
 10
26.170524
 20
276.713592
 30
0.0
 10
26.168813
 20
276.710609
 30
0.0
 10
26.166469
 20
276.707626
 30
0.0
 10
26.163491
 20
276.704644
 30
0.0
  0
SPLINE
  5
180
100
AcDbEntity
  8
0
 62
7
100
AcDbSpline
 70
8
 71
3
 72
8
 73
4
 74
0
 40
0
 40
0
 40
0
 40
0
 40
1
 40
1
 40
1
 40
1
 10
26.163491
 20
276.704644
 30
0.0
 10
26.160935
 20
276.701661
 30
0.0
 10
26.153477
 20
276.697613
 30
0.0
 10
26.141118
 20
276.692499
 30
0.0
  0
SPLINE
  5
181
100
AcDbEntity
  8
0
 62
7
100
AcDbSpline
 70
8
 71
3
 72
8
 73
4
 74
0
 40
0
 40
0
 40
0
 40
0
 40
1
 40
1
 40
1
 40
1
 10
26.141118
 20
276.692499
 30
0.0
 10
26.128760
 20
276.687386
 30
0.0
 10
26.112993
 20
276.682272
 30
0.0
 10
26.093815
 20
276.677159
 30
0.0
  0
SPLINE
  5
182
100
AcDbEntity
  8
0
 62
7
100
AcDbSpline
 70
8
 71
3
 72
8
 73
4
 74
0
 40
0
 40
0
 40
0
 40
0
 40
1
 40
1
 40
1
 40
1
 10
26.093815
 20
276.677159
 30
0.0
 10
26.074639
 20
276.672470
 30
0.0
 10
26.052692
 20
276.668422
 30
0.0
 10
26.027975
 20
276.665014
 30
0.0
  0
SPLINE
  5
183
100
AcDbEntity
  8
0
 62
7
100
AcDbSpline
 70
8
 71
3
 72
8
 73
4
 74
0
 40
0
 40
0
 40
0
 40
0
 40
1
 40
1
 40
1
 40
1
 10
26.027975
 20
276.665014
 30
0.0
 10
26.003259
 20
276.661180
 30
0.0
 10
25.976838
 20
276.659262
 30
0.0
 10
25.948712
 20
276.659262
 30
0.0
  0
SPLINE
  5
184
100
AcDbEntity
  8
0
 62
7
100
AcDbSpline
 70
8
 71
3
 72
8
 73
4
 74
0
 40
0
 40
0
 40
0
 40
0
 40
1
 40
1
 40
1
 40
1
 10
25.948712
 20
276.659262
 30
0.0
 10
25.898000
 20
276.659262
 30
0.0
 10
25.853467
 20
276.665655
 30
0.0
 10
25.815114
 20
276.678439
 30
0.0
  0
SPLINE
  5
185
100
AcDbEntity
  8
0
 62
7
100
AcDbSpline
 70
8
 71
3
 72
8
 73
4
 74
0
 40
0
 40
0
 40
0
 40
0
 40
1
 40
1
 40
1
 40
1
 10
25.815114
 20
276.678439
 30
0.0
 10
25.777187
 20
276.691224
 30
0.0
 10
25.745439
 20
276.710614
 30
0.0
 10
25.719870
 20
276.736609
 30
0.0
  0
SPLINE
  5
186
100
AcDbEntity
  8
0
 62
7
100
AcDbSpline
 70
8
 71
3
 72
8
 73
4
 74
0
 40
0
 40
0
 40
0
 40
0
 40
1
 40
1
 40
1
 40
1
 10
25.719870
 20
276.736609
 30
0.0
 10
25.694301
 20
276.762604
 30
0.0
 10
25.675124
 20
276.795417
 30
0.0
 10
25.662340
 20
276.835049
 30
0.0
  0
SPLINE
  5
187
100
AcDbEntity
  8
0
 62
7
100
AcDbSpline
 70
8
 71
3
 72
8
 73
4
 74
0
 40
0
 40
0
 40
0
 40
0
 40
1
 40
1
 40
1
 40
1
 10
25.662340
 20
276.835049
 30
0.0
 10
25.649982
 20
276.874681
 30
0.0
 10
25.643803
 20
276.921131
 30
0.0
 10
25.643803
 20
276.974400
 30
0.0
  0
SPLINE
  5
188
100
AcDbEntity
  8
0
 62
7
100
AcDbSpline
 70
8
 71
3
 72
8
 73
4
 74
0
 40
0
 40
0
 40
0
 40
0
 40
1
 40
1
 40
1
 40
1
 10
25.643803
 20
276.974400
 30
0.0
 10
25.643803
 20
277.025111
 30
0.0
 10
25.650409
 20
277.070709
 30
0.0
 10
25.663620
 20
277.111193
 30
0.0
  0
SPLINE
  5
189
100
AcDbEntity
  8
0
 62
7
100
AcDbSpline
 70
8
 71
3
 72
8
 73
4
 74
0
 40
0
 40
0
 40
0
 40
0
 40
1
 40
1
 40
1
 40
1
 10
25.663620
 20
277.111193
 30
0.0
 10
25.676830
 20
277.152104
 30
0.0
 10
25.696007
 20
277.186622
 30
0.0
 10
25.721150
 20
277.214748
 30
0.0
  0
SPLINE
  5
18a
100
AcDbEntity
  8
0
 62
7
100
AcDbSpline
 70
8
 71
3
 72
8
 73
4
 74
0
 40
0
 40
0
 40
0
 40
0
 40
1
 40
1
 40
1
 40
1
 10
25.721150
 20
277.214748
 30
0.0
 10
25.746293
 20
277.243299
 30
0.0
 10
25.776763
 20
277.265033
 30
0.0
 10
25.812559
 20
277.279948
 30
0.0
  0
SPLINE
  5
18b
100
AcDbEntity
  8
0
 62
7
100
AcDbSpline
 70
8
 71
3
 72
8
 73
4
 74
0
 40
0
 40
0
 40
0
 40
0
 40
1
 40
1
 40
1
 40
1
 10
25.812559
 20
277.279948
 30
0.0
 10
25.848782
 20
277.294864
 30
0.0
 10
25.889479
 20
277.302321
 30
0.0
 10
25.934651
 20
277.302321
 30
0.0
  0
SPLINE
  5
18c
100
AcDbEntity
  8
0
 62
7
100
AcDbSpline
 70
8
 71
3
 72
8
 73
4
 74
0
 40
0
 40
0
 40
0
 40
0
 40
1
 40
1
 40
1
 40
1
 10
25.934651
 20
277.302321
 30
0.0
 10
25.982380
 20
277.302321
 30
0.0
 10
26.023077
 20
277.295290
 30
0.0
 10
26.056743
 20
277.281226
 30
0.0
  0
SPLINE
  5
18d
100
AcDbEntity
  8
0
 62
7
100
AcDbSpline
 70
8
 71
3
 72
8
 73
4
 74
0
 40
0
 40
0
 40
0
 40
0
 40
1
 40
1
 40
1
 40
1
 10
26.056743
 20
277.281226
 30
0.0
 10
26.090834
 20
277.267163
 30
0.0
 10
26.118747
 20
277.247560
 30
0.0
 10
26.140481
 20
277.222418
 30
0.0
  0
SPLINE
  5
18e
100
AcDbEntity
  8
0
 62
7
100
AcDbSpline
 70
8
 71
3
 72
8
 73
4
 74
0
 40
0
 40
0
 40
0
 40
0
 40
1
 40
1
 40
1
 40
1
 10
26.140481
 20
277.222418
 30
0.0
 10
26.162214
 20
277.197701
 30
0.0
 10
26.178195
 20
277.168297
 30
0.0
 10
26.188422
 20
277.134205
 30
0.0
  0
SPLINE
  5
18f
100
AcDbEntity
  8
0
 62
7
100
AcDbSpline
 70
8
 71
3
 72
8
 73
4
 74
0
 40
0
 40
0
 40
0
 40
0
 40
1
 40
1
 40
1
 40
1
 10
26.188422
 20
277.134205
 30
0.0
 10
26.198650
 20
277.100113
 30
0.0
 10
26.203763
 20
277.063038
 30
0.0
 10
26.203763
 20
277.022980
 30
0.0
  0
LWPOLYLINE
  5
190
100
AcDbEntity
  8
0
 62
7
100
AcDbPolyline
 90
2
 70
0
 10
26.154535
 20
276.939885
 30
0.0
 10
25.807437
 20
276.939885
 30
0.0
  0
SPLINE
  5
191
100
AcDbEntity
  8
0
 62
7
100
AcDbSpline
 70
8
 71
3
 72
8
 73
4
 74
0
 40
0
 40
0
 40
0
 40
0
 40
1
 40
1
 40
1
 40
1
 10
26.047784
 20
277.043439
 30
0.0
 10
26.049054
 20
277.088611
 30
0.0
 10
26.039892
 20
277.123981
 30
0.0
 10
26.020297
 20
277.149550
 30
0.0
  0
SPLINE
  5
192
100
AcDbEntity
  8
0
 62
7
100
AcDbSpline
 70
8
 71
3
 72
8
 73
4
 74
0
 40
0
 40
0
 40
0
 40
0
 40
1
 40
1
 40
1
 40
1
 10
26.020297
 20
277.149550
 30
0.0
 10
26.001121
 20
277.175545
 30
0.0
 10
25.971290
 20
277.188543
 30
0.0
 10
25.930806
 20
277.188543
 30
0.0
  0
SPLINE
  5
193
100
AcDbEntity
  8
0
 62
7
100
AcDbSpline
 70
8
 71
3
 72
8
 73
4
 74
0
 40
0
 40
0
 40
0
 40
0
 40
1
 40
1
 40
1
 40
1
 10
25.930806
 20
277.188543
 30
0.0
 10
25.910351
 20
277.188543
 30
0.0
 10
25.892453
 20
277.184707
 30
0.0
 10
25.877111
 20
277.177036
 30
0.0
  0
SPLINE
  5
194
100
AcDbEntity
  8
0
 62
7
100
AcDbSpline
 70
8
 71
3
 72
8
 73
4
 74
0
 40
0
 40
0
 40
0
 40
0
 40
1
 40
1
 40
1
 40
1
 10
25.877111
 20
277.177036
 30
0.0
 10
25.862196
 20
277.169365
 30
0.0
 10
25.849624
 20
277.158924
 30
0.0
 10
25.839397
 20
277.145714
 30
0.0
  0
SPLINE
  5
195
100
AcDbEntity
  8
0
 62
7
100
AcDbSpline
 70
8
 71
3
 72
8
 73
4
 74
0
 40
0
 40
0
 40
0
 40
0
 40
1
 40
1
 40
1
 40
1
 10
25.839397
 20
277.145714
 30
0.0
 10
25.829595
 20
277.132930
 30
0.0
 10
25.821924
 20
277.117588
 30
0.0
 10
25.816384
 20
277.099690
 30
0.0
  0
SPLINE
  5
196
100
AcDbEntity
  8
0
 62
7
100
AcDbSpline
 70
8
 71
3
 72
8
 73
4
 74
0
 40
0
 40
0
 40
0
 40
0
 40
1
 40
1
 40
1
 40
1
 10
25.816384
 20
277.099690
 30
0.0
 10
25.811270
 20
277.082219
 30
0.0
 10
25.808288
 20
277.063468
 30
0.0
 10
25.807436
 20
277.043439
 30
0.0
  0
LWPOLYLINE
  5
197
100
AcDbEntity
  8
0
 62
7
100
AcDbPolyline
 90
2
 70
0
 10
26.203763
 20
277.022980
 30
0.0
 10
26.203754
 20
276.997415
 30
0.0
  0
SPLINE
  5
198
100
AcDbEntity
  8
0
 62
7
100
AcDbSpline
 70
8
 71
3
 72
8
 73
4
 74
0
 40
0
 40
0
 40
0
 40
0
 40
1
 40
1
 40
1
 40
1
 10
26.876857
 20
276.469417
 30
0.0
 10
26.876857
 20
276.465155
 30
0.0
 10
26.875578
 20
276.461320
 30
0.0
 10
26.873021
 20
276.457910
 30
0.0
  0
SPLINE
  5
199
100
AcDbEntity
  8
0
 62
7
100
AcDbSpline
 70
8
 71
3
 72
8
 73
4
 74
0
 40
0
 40
0
 40
0
 40
0
 40
1
 40
1
 40
1
 40
1
 10
26.873021
 20
276.457910
 30
0.0
 10
26.870463
 20
276.454501
 30
0.0
 10
26.866203
 20
276.451730
 30
0.0
 10
26.860241
 20
276.449600
 30
0.0
  0
SPLINE
  5
19a
100
AcDbEntity
  8
0
 62
7
100
AcDbSpline
 70
8
 71
3
 72
8
 73
4
 74
0
 40
0
 40
0
 40
0
 40
0
 40
1
 40
1
 40
1
 40
1
 10
26.860241
 20
276.449600
 30
0.0
 10
26.854280
 20
276.447042
 30
0.0
 10
26.846183
 20
276.445125
 30
0.0
 10
26.835953
 20
276.443848
 30
0.0
  0
SPLINE
  5
19b
100
AcDbEntity
  8
0
 62
7
100
AcDbSpline
 70
8
 71
3
 72
8
 73
4
 74
0
 40
0
 40
0
 40
0
 40
0
 40
1
 40
1
 40
1
 40
1
 10
26.835953
 20
276.443848
 30
0.0
 10
26.825722
 20
276.442578
 30
0.0
 10
26.812725
 20
276.441943
 30
0.0
 10
26.796961
 20
276.441943
 30
0.0
  0
SPLINE
  5
19c
100
AcDbEntity
  8
0
 62
7
100
AcDbSpline
 70
8
 71
3
 72
8
 73
4
 74
0
 40
0
 40
0
 40
0
 40
0
 40
1
 40
1
 40
1
 40
1
 10
26.796961
 20
276.441943
 30
0.0
 10
26.781192
 20
276.441943
 30
0.0
 10
26.768195
 20
276.442578
 30
0.0
 10
26.757969
 20
276.443848
 30
0.0
  0
SPLINE
  5
19d
100
AcDbEntity
  8
0
 62
7
100
AcDbSpline
 70
8
 71
3
 72
8
 73
4
 74
0
 40
0
 40
0
 40
0
 40
0
 40
1
 40
1
 40
1
 40
1
 10
26.757969
 20
276.443848
 30
0.0
 10
26.747739
 20
276.445118
 30
0.0
 10
26.739431
 20
276.447035
 30
0.0
 10
26.733046
 20
276.449600
 30
0.0
  0
SPLINE
  5
19e
100
AcDbEntity
  8
0
 62
7
100
AcDbSpline
 70
8
 71
3
 72
8
 73
4
 74
0
 40
0
 40
0
 40
0
 40
0
 40
1
 40
1
 40
1
 40
1
 10
26.733046
 20
276.449600
 30
0.0
 10
26.727084
 20
276.451730
 30
0.0
 10
26.722824
 20
276.454501
 30
0.0
 10
26.720266
 20
276.457910
 30
0.0
  0
SPLINE
  5
19f
100
AcDbEntity
  8
0
 62
7
100
AcDbSpline
 70
8
 71
3
 72
8
 73
4
 74
0
 40
0
 40
0
 40
0
 40
0
 40
1
 40
1
 40
1
 40
1
 10
26.720266
 20
276.457910
 30
0.0
 10
26.718132
 20
276.461320
 30
0.0
 10
26.717065
 20
276.465155
 30
0.0
 10
26.717065
 20
276.469417
 30
0.0
  0
LWPOLYLINE
  5
1a0
100
AcDbEntity
  8
0
 62
7
100
AcDbPolyline
 90
2
 70
0
 10
25.807436
 20
277.043439
 30
0.0
 10
26.047784
 20
277.043439
 30
0.0
  0
SPLINE
  5
1a1
100
AcDbEntity
  8
0
 62
7
100
AcDbSpline
 70
8
 71
3
 72
8
 73
4
 74
0
 40
0
 40
0
 40
0
 40
0
 40
1
 40
1
 40
1
 40
1
 10
26.717065
 20
276.740447
 30
0.0
 10
26.701719
 20
276.726384
 30
0.0
 10
26.686804
 20
276.714026
 30
0.0
 10
26.672319
 20
276.703373
 30
0.0
  0
SPLINE
  5
1a2
100
AcDbEntity
  8
0
 62
7
100
AcDbSpline
 70
8
 71
3
 72
8
 73
4
 74
0
 40
0
 40
0
 40
0
 40
0
 40
1
 40
1
 40
1
 40
1
 10
26.672319
 20
276.703373
 30
0.0
 10
26.657837
 20
276.693146
 30
0.0
 10
26.643348
 20
276.684622
 30
0.0
 10
26.628850
 20
276.677803
 30
0.0
  0
SPLINE
  5
1a3
100
AcDbEntity
  8
0
 62
7
100
AcDbSpline
 70
8
 71
3
 72
8
 73
4
 74
0
 40
0
 40
0
 40
0
 40
0
 40
1
 40
1
 40
1
 40
1
 10
26.628850
 20
276.677803
 30
0.0
 10
26.614369
 20
276.671411
 30
0.0
 10
26.599454
 20
276.666723
 30
0.0
 10
26.584106
 20
276.663741
 30
0.0
  0
SPLINE
  5
1a4
100
AcDbEntity
  8
0
 62
7
100
AcDbSpline
 70
8
 71
3
 72
8
 73
4
 74
0
 40
0
 40
0
 40
0
 40
0
 40
1
 40
1
 40
1
 40
1
 10
26.584106
 20
276.663741
 30
0.0
 10
26.568761
 20
276.660758
 30
0.0
 10
26.552566
 20
276.659267
 30
0.0
 10
26.535524
 20
276.659267
 30
0.0
  0
SPLINE
  5
1a5
100
AcDbEntity
  8
0
 62
7
100
AcDbSpline
 70
8
 71
3
 72
8
 73
4
 74
0
 40
0
 40
0
 40
0
 40
0
 40
1
 40
1
 40
1
 40
1
 10
26.535524
 20
276.659267
 30
0.0
 10
26.493762
 20
276.659267
 30
0.0
 10
26.458179
 20
276.667576
 30
0.0
 10
26.428774
 20
276.684196
 30
0.0
  0
SPLINE
  5
1a6
100
AcDbEntity
  8
0
 62
7
100
AcDbSpline
 70
8
 71
3
 72
8
 73
4
 74
0
 40
0
 40
0
 40
0
 40
0
 40
1
 40
1
 40
1
 40
1
 10
26.428774
 20
276.684196
 30
0.0
 10
26.399370
 20
276.701242
 30
0.0
 10
26.375292
 20
276.724041
 30
0.0
 10
26.356542
 20
276.752593
 30
0.0
  0
SPLINE
  5
1a7
100
AcDbEntity
  8
0
 62
7
100
AcDbSpline
 70
8
 71
3
 72
8
 73
4
 74
0
 40
0
 40
0
 40
0
 40
0
 40
1
 40
1
 40
1
 40
1
 10
26.356542
 20
276.752593
 30
0.0
 10
26.338218
 20
276.781144
 30
0.0
 10
26.324794
 20
276.814384
 30
0.0
 10
26.316271
 20
276.852311
 30
0.0
  0
SPLINE
  5
1a8
100
AcDbEntity
  8
0
 62
7
100
AcDbSpline
 70
8
 71
3
 72
8
 73
4
 74
0
 40
0
 40
0
 40
0
 40
0
 40
1
 40
1
 40
1
 40
1
 10
26.316271
 20
276.852311
 30
0.0
 10
26.307748
 20
276.890665
 30
0.0
 10
26.303486
 20
276.930936
 30
0.0
 10
26.303486
 20
276.973124
 30
0.0
  0
SPLINE
  5
1a9
100
AcDbEntity
  8
0
 62
7
100
AcDbSpline
 70
8
 71
3
 72
8
 73
4
 74
0
 40
0
 40
0
 40
0
 40
0
 40
1
 40
1
 40
1
 40
1
 10
26.303486
 20
276.973124
 30
0.0
 10
26.303486
 20
277.023836
 30
0.0
 10
26.309026
 20
277.069434
 30
0.0
 10
26.320107
 20
277.109918
 30
0.0
  0
SPLINE
  5
1aa
100
AcDbEntity
  8
0
 62
7
100
AcDbSpline
 70
8
 71
3
 72
8
 73
4
 74
0
 40
0
 40
0
 40
0
 40
0
 40
1
 40
1
 40
1
 40
1
 10
26.320107
 20
277.109918
 30
0.0
 10
26.331188
 20
277.150402
 30
0.0
 10
26.347382
 20
277.184920
 30
0.0
 10
26.368688
 20
277.213472
 30
0.0
  0
SPLINE
  5
1ab
100
AcDbEntity
  8
0
 62
7
100
AcDbSpline
 70
8
 71
3
 72
8
 73
4
 74
0
 40
0
 40
0
 40
0
 40
0
 40
1
 40
1
 40
1
 40
1
 10
26.368688
 20
277.213472
 30
0.0
 10
26.389996
 20
277.242024
 30
0.0
 10
26.416204
 20
277.263971
 30
0.0
 10
26.447313
 20
277.279312
 30
0.0
  0
SPLINE
  5
1ac
100
AcDbEntity
  8
0
 62
7
100
AcDbSpline
 70
8
 71
3
 72
8
 73
4
 74
0
 40
0
 40
0
 40
0
 40
0
 40
1
 40
1
 40
1
 40
1
 10
26.447313
 20
277.279312
 30
0.0
 10
26.478421
 20
277.294653
 30
0.0
 10
26.514430
 20
277.302323
 30
0.0
 10
26.555342
 20
277.302323
 30
0.0
  0
SPLINE
  5
1ad
100
AcDbEntity
  8
0
 62
7
100
AcDbSpline
 70
8
 71
3
 72
8
 73
4
 74
0
 40
0
 40
0
 40
0
 40
0
 40
1
 40
1
 40
1
 40
1
 10
26.555342
 20
277.302323
 30
0.0
 10
26.571111
 20
277.302323
 30
0.0
 10
26.586239
 20
277.300618
 30
0.0
 10
26.600726
 20
277.297209
 30
0.0
  0
SPLINE
  5
1ae
100
AcDbEntity
  8
0
 62
7
100
AcDbSpline
 70
8
 71
3
 72
8
 73
4
 74
0
 40
0
 40
0
 40
0
 40
0
 40
1
 40
1
 40
1
 40
1
 10
26.600726
 20
277.297209
 30
0.0
 10
26.615208
 20
277.294226
 30
0.0
 10
26.629697
 20
277.288685
 30
0.0
 10
26.644194
 20
277.280587
 30
0.0
  0
SPLINE
  5
1af
100
AcDbEntity
  8
0
 62
7
100
AcDbSpline
 70
8
 71
3
 72
8
 73
4
 74
0
 40
0
 40
0
 40
0
 40
0
 40
1
 40
1
 40
1
 40
1
 10
26.644194
 20
277.280587
 30
0.0
 10
26.658676
 20
277.272916
 30
0.0
 10
26.673590
 20
277.262689
 30
0.0
 10
26.688938
 20
277.249905
 30
0.0
  0
SPLINE
  5
1b0
100
AcDbEntity
  8
0
 62
7
100
AcDbSpline
 70
8
 71
3
 72
8
 73
4
 74
0
 40
0
 40
0
 40
0
 40
0
 40
1
 40
1
 40
1
 40
1
 10
26.688938
 20
277.249905
 30
0.0
 10
26.704707
 20
277.237547
 30
0.0
 10
26.721967
 20
277.222206
 30
0.0
 10
26.740717
 20
277.203881
 30
0.0
  0
LWPOLYLINE
  5
1b1
100
AcDbEntity
  8
0
 62
7
100
AcDbPolyline
 90
2
 70
0
 10
26.717065
 20
276.469417
 30
0.0
 10
26.717065
 20
276.740447
 30
0.0
  0
SPLINE
  5
1b2
100
AcDbEntity
  8
0
 62
7
100
AcDbSpline
 70
8
 71
3
 72
8
 73
4
 74
0
 40
0
 40
0
 40
0
 40
0
 40
1
 40
1
 40
1
 40
1
 10
26.740717
 20
277.265885
 30
0.0
 10
26.740717
 20
277.270147
 30
0.0
 10
26.741784
 20
277.273769
 30
0.0
 10
26.743918
 20
277.276752
 30
0.0
  0
SPLINE
  5
1b3
100
AcDbEntity
  8
0
 62
7
100
AcDbSpline
 70
8
 71
3
 72
8
 73
4
 74
0
 40
0
 40
0
 40
0
 40
0
 40
1
 40
1
 40
1
 40
1
 10
26.743918
 20
277.276752
 30
0.0
 10
26.746476
 20
277.280161
 30
0.0
 10
26.750313
 20
277.282932
 30
0.0
 10
26.755428
 20
277.285062
 30
0.0
  0
SPLINE
  5
1b4
100
AcDbEntity
  8
0
 62
7
100
AcDbSpline
 70
8
 71
3
 72
8
 73
4
 74
0
 40
0
 40
0
 40
0
 40
0
 40
1
 40
1
 40
1
 40
1
 10
26.755428
 20
277.285062
 30
0.0
 10
26.760966
 20
277.287193
 30
0.0
 10
26.767996
 20
277.288685
 30
0.0
 10
26.776515
 20
277.289536
 30
0.0
  0
SPLINE
  5
1b5
100
AcDbEntity
  8
0
 62
7
100
AcDbSpline
 70
8
 71
3
 72
8
 73
4
 74
0
 40
0
 40
0
 40
0
 40
0
 40
1
 40
1
 40
1
 40
1
 10
26.776515
 20
277.289536
 30
0.0
 10
26.785035
 20
277.290806
 30
0.0
 10
26.796115
 20
277.291441
 30
0.0
 10
26.809755
 20
277.291441
 30
0.0
  0
SPLINE
  5
1b6
100
AcDbEntity
  8
0
 62
7
100
AcDbSpline
 70
8
 71
3
 72
8
 73
4
 74
0
 40
0
 40
0
 40
0
 40
0
 40
1
 40
1
 40
1
 40
1
 10
26.809755
 20
277.291441
 30
0.0
 10
26.822543
 20
277.291441
 30
0.0
 10
26.833197
 20
277.290806
 30
0.0
 10
26.841716
 20
277.289536
 30
0.0
  0
SPLINE
  5
1b7
100
AcDbEntity
  8
0
 62
7
100
AcDbSpline
 70
8
 71
3
 72
8
 73
4
 74
0
 40
0
 40
0
 40
0
 40
0
 40
1
 40
1
 40
1
 40
1
 10
26.841716
 20
277.289536
 30
0.0
 10
26.850659
 20
277.288690
 30
0.0
 10
26.857688
 20
277.287198
 30
0.0
 10
26.862804
 20
277.285062
 30
0.0
  0
SPLINE
  5
1b8
100
AcDbEntity
  8
0
 62
7
100
AcDbSpline
 70
8
 71
3
 72
8
 73
4
 74
0
 40
0
 40
0
 40
0
 40
0
 40
1
 40
1
 40
1
 40
1
 10
26.862804
 20
277.285062
 30
0.0
 10
26.867919
 20
277.282932
 30
0.0
 10
26.871544
 20
277.280161
 30
0.0
 10
26.873678
 20
277.276752
 30
0.0
  0
SPLINE
  5
1b9
100
AcDbEntity
  8
0
 62
7
100
AcDbSpline
 70
8
 71
3
 72
8
 73
4
 74
0
 40
0
 40
0
 40
0
 40
0
 40
1
 40
1
 40
1
 40
1
 10
26.873678
 20
277.276752
 30
0.0
 10
26.875812
 20
277.273769
 30
0.0
 10
26.876880
 20
277.270147
 30
0.0
 10
26.876880
 20
277.265885
 30
0.0
  0
LWPOLYLINE
  5
1ba
100
AcDbEntity
  8
0
 62
7
100
AcDbPolyline
 90
2
 70
0
 10
26.740717
 20
277.203881
 30
0.0
 10
26.740717
 20
277.265885
 30
0.0
  0
SPLINE
  5
1bb
100
AcDbEntity
  8
0
 62
7
100
AcDbSpline
 70
8
 71
3
 72
8
 73
4
 74
0
 40
0
 40
0
 40
0
 40
0
 40
1
 40
1
 40
1
 40
1
 10
26.717052
 20
277.076679
 30
0.0
 10
26.694038
 20
277.105657
 30
0.0
 10
26.671878
 20
277.127817
 30
0.0
 10
26.650572
 20
277.143158
 30
0.0
  0
SPLINE
  5
1bc
100
AcDbEntity
  8
0
 62
7
100
AcDbSpline
 70
8
 71
3
 72
8
 73
4
 74
0
 40
0
 40
0
 40
0
 40
0
 40
1
 40
1
 40
1
 40
1
 10
26.650572
 20
277.143158
 30
0.0
 10
26.629690
 20
277.158498
 30
0.0
 10
26.607743
 20
277.166169
 30
0.0
 10
26.584731
 20
277.166169
 30
0.0
  0
SPLINE
  5
1bd
100
AcDbEntity
  8
0
 62
7
100
AcDbSpline
 70
8
 71
3
 72
8
 73
4
 74
0
 40
0
 40
0
 40
0
 40
0
 40
1
 40
1
 40
1
 40
1
 10
26.584731
 20
277.166169
 30
0.0
 10
26.563850
 20
277.166169
 30
0.0
 10
26.545738
 20
277.160842
 30
0.0
 10
26.530396
 20
277.150188
 30
0.0
  0
SPLINE
  5
1be
100
AcDbEntity
  8
0
 62
7
100
AcDbSpline
 70
8
 71
3
 72
8
 73
4
 74
0
 40
0
 40
0
 40
0
 40
0
 40
1
 40
1
 40
1
 40
1
 10
26.530396
 20
277.150188
 30
0.0
 10
26.515474
 20
277.139961
 30
0.0
 10
26.503328
 20
277.126111
 30
0.0
 10
26.493960
 20
277.108638
 30
0.0
  0
SPLINE
  5
1bf
100
AcDbEntity
  8
0
 62
7
100
AcDbSpline
 70
8
 71
3
 72
8
 73
4
 74
0
 40
0
 40
0
 40
0
 40
0
 40
1
 40
1
 40
1
 40
1
 10
26.493960
 20
277.108638
 30
0.0
 10
26.485017
 20
277.091167
 30
0.0
 10
26.478200
 20
277.071564
 30
0.0
 10
26.473508
 20
277.049830
 30
0.0
  0
SPLINE
  5
1c0
100
AcDbEntity
  8
0
 62
7
100
AcDbSpline
 70
8
 71
3
 72
8
 73
4
 74
0
 40
0
 40
0
 40
0
 40
0
 40
1
 40
1
 40
1
 40
1
 10
26.473508
 20
277.049830
 30
0.0
 10
26.469239
 20
277.028522
 30
0.0
 10
26.467105
 20
277.006576
 30
0.0
 10
26.467105
 20
276.983990
 30
0.0
  0
SPLINE
  5
1c1
100
AcDbEntity
  8
0
 62
7
100
AcDbSpline
 70
8
 71
3
 72
8
 73
4
 74
0
 40
0
 40
0
 40
0
 40
0
 40
1
 40
1
 40
1
 40
1
 10
26.467105
 20
276.983990
 30
0.0
 10
26.467105
 20
276.960126
 30
0.0
 10
26.469019
 20
276.936687
 30
0.0
 10
26.472847
 20
276.913675
 30
0.0
  0
SPLINE
  5
1c2
100
AcDbEntity
  8
0
 62
7
100
AcDbSpline
 70
8
 71
3
 72
8
 73
4
 74
0
 40
0
 40
0
 40
0
 40
0
 40
1
 40
1
 40
1
 40
1
 10
26.472847
 20
276.913675
 30
0.0
 10
26.476674
 20
276.891089
 30
0.0
 10
26.482857
 20
276.871060
 30
0.0
 10
26.491394
 20
276.853588
 30
0.0
  0
SPLINE
  5
1c3
100
AcDbEntity
  8
0
 62
7
100
AcDbSpline
 70
8
 71
3
 72
8
 73
4
 74
0
 40
0
 40
0
 40
0
 40
0
 40
1
 40
1
 40
1
 40
1
 10
26.491394
 20
276.853588
 30
0.0
 10
26.500337
 20
276.836117
 30
0.0
 10
26.512056
 20
276.822054
 30
0.0
 10
26.526552
 20
276.811400
 30
0.0
  0
SPLINE
  5
1c4
100
AcDbEntity
  8
0
 62
7
100
AcDbSpline
 70
8
 71
3
 72
8
 73
4
 74
0
 40
0
 40
0
 40
0
 40
0
 40
1
 40
1
 40
1
 40
1
 10
26.526552
 20
276.811400
 30
0.0
 10
26.541033
 20
276.800746
 30
0.0
 10
26.559357
 20
276.795419
 30
0.0
 10
26.581524
 20
276.795419
 30
0.0
  0
SPLINE
  5
1c5
100
AcDbEntity
  8
0
 62
7
100
AcDbSpline
 70
8
 71
3
 72
8
 73
4
 74
0
 40
0
 40
0
 40
0
 40
0
 40
1
 40
1
 40
1
 40
1
 10
26.581524
 20
276.795419
 30
0.0
 10
26.592601
 20
276.795419
 30
0.0
 10
26.603255
 20
276.796910
 30
0.0
 10
26.613486
 20
276.799893
 30
0.0
  0
SPLINE
  5
1c6
100
AcDbEntity
  8
0
 62
7
100
AcDbSpline
 70
8
 71
3
 72
8
 73
4
 74
0
 40
0
 40
0
 40
0
 40
0
 40
1
 40
1
 40
1
 40
1
 10
26.613486
 20
276.799893
 30
0.0
 10
26.624140
 20
276.803302
 30
0.0
 10
26.634794
 20
276.808629
 30
0.0
 10
26.645447
 20
276.815874
 30
0.0
  0
SPLINE
  5
1c7
100
AcDbEntity
  8
0
 62
7
100
AcDbSpline
 70
8
 71
3
 72
8
 73
4
 74
0
 40
0
 40
0
 40
0
 40
0
 40
1
 40
1
 40
1
 40
1
 10
26.645447
 20
276.815874
 30
0.0
 10
26.656525
 20
276.823118
 30
0.0
 10
26.667817
 20
276.832493
 30
0.0
 10
26.679325
 20
276.843999
 30
0.0
  0
SPLINE
  5
1c8
100
AcDbEntity
  8
0
 62
7
100
AcDbSpline
 70
8
 71
3
 72
8
 73
4
 74
0
 40
0
 40
0
 40
0
 40
0
 40
1
 40
1
 40
1
 40
1
 10
26.679325
 20
276.843999
 30
0.0
 10
26.690825
 20
276.855932
 30
0.0
 10
26.703397
 20
276.870421
 30
0.0
 10
26.717041
 20
276.887467
 30
0.0
  0
LWPOLYLINE
  5
1c9
100
AcDbEntity
  8
0
 62
7
100
AcDbPolyline
 90
2
 70
0
 10
26.876880
 20
277.265885
 30
0.0
 10
26.876857
 20
276.469417
 30
0.0
  0
SPLINE
  5
1ca
100
AcDbEntity
  8
0
 62
7
100
AcDbSpline
 70
8
 71
3
 72
8
 73
4
 74
0
 40
0
 40
0
 40
0
 40
0
 40
1
 40
1
 40
1
 40
1
 10
27.579363
 20
276.695702
 30
0.0
 10
27.579363
 20
276.691440
 30
0.0
 10
27.578296
 20
276.687605
 30
0.0
 10
27.576161
 20
276.684195
 30
0.0
  0
SPLINE
  5
1cb
100
AcDbEntity
  8
0
 62
7
100
AcDbSpline
 70
8
 71
3
 72
8
 73
4
 74
0
 40
0
 40
0
 40
0
 40
0
 40
1
 40
1
 40
1
 40
1
 10
27.576161
 20
276.684195
 30
0.0
 10
27.574027
 20
276.681212
 30
0.0
 10
27.570191
 20
276.678656
 30
0.0
 10
27.564652
 20
276.676525
 30
0.0
  0
SPLINE
  5
1cc
100
AcDbEntity
  8
0
 62
7
100
AcDbSpline
 70
8
 71
3
 72
8
 73
4
 74
0
 40
0
 40
0
 40
0
 40
0
 40
1
 40
1
 40
1
 40
1
 10
27.564652
 20
276.676525
 30
0.0
 10
27.559537
 20
276.674394
 30
0.0
 10
27.552508
 20
276.672903
 30
0.0
 10
27.543565
 20
276.672051
 30
0.0
  0
SPLINE
  5
1cd
100
AcDbEntity
  8
0
 62
7
100
AcDbSpline
 70
8
 71
3
 72
8
 73
4
 74
0
 40
0
 40
0
 40
0
 40
0
 40
1
 40
1
 40
1
 40
1
 10
27.543565
 20
276.672051
 30
0.0
 10
27.535045
 20
276.670781
 30
0.0
 10
27.524179
 20
276.670146
 30
0.0
 10
27.510965
 20
276.670146
 30
0.0
  0
SPLINE
  5
1ce
100
AcDbEntity
  8
0
 62
7
100
AcDbSpline
 70
8
 71
3
 72
8
 73
4
 74
0
 40
0
 40
0
 40
0
 40
0
 40
1
 40
1
 40
1
 40
1
 10
27.510965
 20
276.670146
 30
0.0
 10
27.496907
 20
276.670146
 30
0.0
 10
27.485401
 20
276.670781
 30
0.0
 10
27.476448
 20
276.672051
 30
0.0
  0
SPLINE
  5
1cf
100
AcDbEntity
  8
0
 62
7
100
AcDbSpline
 70
8
 71
3
 72
8
 73
4
 74
0
 40
0
 40
0
 40
0
 40
0
 40
1
 40
1
 40
1
 40
1
 10
27.476448
 20
276.672051
 30
0.0
 10
27.467928
 20
276.672897
 30
0.0
 10
27.461111
 20
276.674389
 30
0.0
 10
27.455996
 20
276.676525
 30
0.0
  0
SPLINE
  5
1d0
100
AcDbEntity
  8
0
 62
7
100
AcDbSpline
 70
8
 71
3
 72
8
 73
4
 74
0
 40
0
 40
0
 40
0
 40
0
 40
1
 40
1
 40
1
 40
1
 10
27.455996
 20
276.676525
 30
0.0
 10
27.450880
 20
276.678656
 30
0.0
 10
27.447256
 20
276.681212
 30
0.0
 10
27.445121
 20
276.684195
 30
0.0
  0
SPLINE
  5
1d1
100
AcDbEntity
  8
0
 62
7
100
AcDbSpline
 70
8
 71
3
 72
8
 73
4
 74
0
 40
0
 40
0
 40
0
 40
0
 40
1
 40
1
 40
1
 40
1
 10
27.445121
 20
276.684195
 30
0.0
 10
27.442987
 20
276.687605
 30
0.0
 10
27.441920
 20
276.691440
 30
0.0
 10
27.441920
 20
276.695702
 30
0.0
  0
LWPOLYLINE
  5
1d2
100
AcDbEntity
  8
0
 62
7
100
AcDbPolyline
 90
2
 70
0
 10
26.717041
 20
276.887467
 30
0.0
 10
26.717052
 20
277.076679
 30
0.0
  0
SPLINE
  5
1d3
100
AcDbEntity
  8
0
 62
7
100
AcDbSpline
 70
8
 71
3
 72
8
 73
4
 74
0
 40
0
 40
0
 40
0
 40
0
 40
1
 40
1
 40
1
 40
1
 10
27.441920
 20
276.761542
 30
0.0
 10
27.410383
 20
276.727450
 30
0.0
 10
27.378209
 20
276.701881
 30
0.0
 10
27.345397
 20
276.684835
 30
0.0
  0
SPLINE
  5
1d4
100
AcDbEntity
  8
0
 62
7
100
AcDbSpline
 70
8
 71
3
 72
8
 73
4
 74
0
 40
0
 40
0
 40
0
 40
0
 40
1
 40
1
 40
1
 40
1
 10
27.345397
 20
276.684835
 30
0.0
 10
27.313009
 20
276.667789
 30
0.0
 10
27.279342
 20
276.659266
 30
0.0
 10
27.244398
 20
276.659266
 30
0.0
  0
SPLINE
  5
1d5
100
AcDbEntity
  8
0
 62
7
100
AcDbSpline
 70
8
 71
3
 72
8
 73
4
 74
0
 40
0
 40
0
 40
0
 40
0
 40
1
 40
1
 40
1
 40
1
 10
27.244398
 20
276.659266
 30
0.0
 10
27.205194
 20
276.659266
 30
0.0
 10
27.172167
 20
276.665658
 30
0.0
 10
27.145319
 20
276.678443
 30
0.0
  0
SPLINE
  5
1d6
100
AcDbEntity
  8
0
 62
7
100
AcDbSpline
 70
8
 71
3
 72
8
 73
4
 74
0
 40
0
 40
0
 40
0
 40
0
 40
1
 40
1
 40
1
 40
1
 10
27.145319
 20
276.678443
 30
0.0
 10
27.118898
 20
276.691227
 30
0.0
 10
27.097378
 20
276.708700
 30
0.0
 10
27.080758
 20
276.730859
 30
0.0
  0
SPLINE
  5
1d7
100
AcDbEntity
  8
0
 62
7
100
AcDbSpline
 70
8
 71
3
 72
8
 73
4
 74
0
 40
0
 40
0
 40
0
 40
0
 40
1
 40
1
 40
1
 40
1
 10
27.080758
 20
276.730859
 30
0.0
 10
27.064566
 20
276.753019
 30
0.0
 10
27.052847
 20
276.778588
 30
0.0
 10
27.045601
 20
276.807566
 30
0.0
  0
SPLINE
  5
1d8
100
AcDbEntity
  8
0
 62
7
100
AcDbSpline
 70
8
 71
3
 72
8
 73
4
 74
0
 40
0
 40
0
 40
0
 40
0
 40
1
 40
1
 40
1
 40
1
 10
27.045601
 20
276.807566
 30
0.0
 10
27.038774
 20
276.836970
 30
0.0
 10
27.035361
 20
276.873406
 30
0.0
 10
27.035361
 20
276.916873
 30
0.0
  0
LWPOLYLINE
  5
1d9
100
AcDbEntity
  8
0
 62
7
100
AcDbPolyline
 90
2
 70
0
 10
27.441920
 20
276.695702
 30
0.0
 10
27.441920
 20
276.761542
 30
0.0
  0
SPLINE
  5
1da
100
AcDbEntity
  8
0
 62
7
100
AcDbSpline
 70
8
 71
3
 72
8
 73
4
 74
0
 40
0
 40
0
 40
0
 40
0
 40
1
 40
1
 40
1
 40
1
 10
27.035361
 20
277.265889
 30
0.0
 10
27.035361
 20
277.270150
 30
0.0
 10
27.036428
 20
277.273773
 30
0.0
 10
27.038563
 20
277.276755
 30
0.0
  0
SPLINE
  5
1db
100
AcDbEntity
  8
0
 62
7
100
AcDbSpline
 70
8
 71
3
 72
8
 73
4
 74
0
 40
0
 40
0
 40
0
 40
0
 40
1
 40
1
 40
1
 40
1
 10
27.038563
 20
277.276755
 30
0.0
 10
27.041120
 20
277.280165
 30
0.0
 10
27.045380
 20
277.282935
 30
0.0
 10
27.051342
 20
277.285066
 30
0.0
  0
SPLINE
  5
1dc
100
AcDbEntity
  8
0
 62
7
100
AcDbSpline
 70
8
 71
3
 72
8
 73
4
 74
0
 40
0
 40
0
 40
0
 40
0
 40
1
 40
1
 40
1
 40
1
 10
27.051342
 20
277.285066
 30
0.0
 10
27.057727
 20
277.287197
 30
0.0
 10
27.066035
 20
277.288688
 30
0.0
 10
27.076266
 20
277.289540
 30
0.0
  0
SPLINE
  5
1dd
100
AcDbEntity
  8
0
 62
7
100
AcDbSpline
 70
8
 71
3
 72
8
 73
4
 74
0
 40
0
 40
0
 40
0
 40
0
 40
1
 40
1
 40
1
 40
1
 10
27.076266
 20
277.289540
 30
0.0
 10
27.086920
 20
277.290810
 30
0.0
 10
27.099917
 20
277.291445
 30
0.0
 10
27.115257
 20
277.291445
 30
0.0
  0
SPLINE
  5
1de
100
AcDbEntity
  8
0
 62
7
100
AcDbSpline
 70
8
 71
3
 72
8
 73
4
 74
0
 40
0
 40
0
 40
0
 40
0
 40
1
 40
1
 40
1
 40
1
 10
27.115257
 20
277.291445
 30
0.0
 10
27.131027
 20
277.291445
 30
0.0
 10
27.144024
 20
277.290810
 30
0.0
 10
27.154249
 20
277.289540
 30
0.0
  0
SPLINE
  5
1df
100
AcDbEntity
  8
0
 62
7
100
AcDbSpline
 70
8
 71
3
 72
8
 73
4
 74
0
 40
0
 40
0
 40
0
 40
0
 40
1
 40
1
 40
1
 40
1
 10
27.154249
 20
277.289540
 30
0.0
 10
27.164480
 20
277.288693
 30
0.0
 10
27.172576
 20
277.287202
 30
0.0
 10
27.178538
 20
277.285066
 30
0.0
  0
SPLINE
  5
1e0
100
AcDbEntity
  8
0
 62
7
100
AcDbSpline
 70
8
 71
3
 72
8
 73
4
 74
0
 40
0
 40
0
 40
0
 40
0
 40
1
 40
1
 40
1
 40
1
 10
27.178538
 20
277.285066
 30
0.0
 10
27.184923
 20
277.282935
 30
0.0
 10
27.189395
 20
277.280165
 30
0.0
 10
27.191952
 20
277.276755
 30
0.0
  0
SPLINE
  5
1e1
100
AcDbEntity
  8
0
 62
7
100
AcDbSpline
 70
8
 71
3
 72
8
 73
4
 74
0
 40
0
 40
0
 40
0
 40
0
 40
1
 40
1
 40
1
 40
1
 10
27.191952
 20
277.276755
 30
0.0
 10
27.194510
 20
277.273773
 30
0.0
 10
27.195789
 20
277.270150
 30
0.0
 10
27.195789
 20
277.265889
 30
0.0
  0
LWPOLYLINE
  5
1e2
100
AcDbEntity
  8
0
 62
7
100
AcDbPolyline
 90
2
 70
0
 10
27.035361
 20
276.916873
 30
0.0
 10
27.035361
 20
277.265889
 30
0.0
  0
SPLINE
  5
1e3
100
AcDbEntity
  8
0
 62
7
100
AcDbSpline
 70
8
 71
3
 72
8
 73
4
 74
0
 40
0
 40
0
 40
0
 40
0
 40
1
 40
1
 40
1
 40
1
 10
27.195789
 20
276.943720
 30
0.0
 10
27.195789
 20
276.913890
 30
0.0
 10
27.197702
 20
276.891091
 30
0.0
 10
27.201530
 20
276.875323
 30
0.0
  0
SPLINE
  5
1e4
100
AcDbEntity
  8
0
 62
7
100
AcDbSpline
 70
8
 71
3
 72
8
 73
4
 74
0
 40
0
 40
0
 40
0
 40
0
 40
1
 40
1
 40
1
 40
1
 10
27.201530
 20
276.875323
 30
0.0
 10
27.205358
 20
276.859556
 30
0.0
 10
27.211108
 20
276.845919
 30
0.0
 10
27.218781
 20
276.834413
 30
0.0
  0
SPLINE
  5
1e5
100
AcDbEntity
  8
0
 62
7
100
AcDbSpline
 70
8
 71
3
 72
8
 73
4
 74
0
 40
0
 40
0
 40
0
 40
0
 40
1
 40
1
 40
1
 40
1
 10
27.218781
 20
276.834413
 30
0.0
 10
27.226877
 20
276.823333
 30
0.0
 10
27.236892
 20
276.814597
 30
0.0
 10
27.248824
 20
276.808206
 30
0.0
  0
SPLINE
  5
1e6
100
AcDbEntity
  8
0
 62
7
100
AcDbSpline
 70
8
 71
3
 72
8
 73
4
 74
0
 40
0
 40
0
 40
0
 40
0
 40
1
 40
1
 40
1
 40
1
 10
27.248824
 20
276.808206
 30
0.0
 10
27.261189
 20
276.802241
 30
0.0
 10
27.275464
 20
276.799258
 30
0.0
 10
27.291650
 20
276.799258
 30
0.0
  0
SPLINE
  5
1e7
100
AcDbEntity
  8
0
 62
7
100
AcDbSpline
 70
8
 71
3
 72
8
 73
4
 74
0
 40
0
 40
0
 40
0
 40
0
 40
1
 40
1
 40
1
 40
1
 10
27.291650
 20
276.799258
 30
0.0
 10
27.312106
 20
276.799258
 30
0.0
 10
27.332561
 20
276.806716
 30
0.0
 10
27.353017
 20
276.821631
 30
0.0
  0
SPLINE
  5
1e8
100
AcDbEntity
  8
0
 62
7
100
AcDbSpline
 70
8
 71
3
 72
8
 73
4
 74
0
 40
0
 40
0
 40
0
 40
0
 40
1
 40
1
 40
1
 40
1
 10
27.353017
 20
276.821631
 30
0.0
 10
27.373898
 20
276.836547
 30
0.0
 10
27.396058
 20
276.858280
 30
0.0
 10
27.419496
 20
276.886832
 30
0.0
  0
LWPOLYLINE
  5
1e9
100
AcDbEntity
  8
0
 62
7
100
AcDbPolyline
 90
2
 70
0
 10
27.195789
 20
277.265889
 30
0.0
 10
27.195789
 20
276.943720
 30
0.0
  0
SPLINE
  5
1ea
100
AcDbEntity
  8
0
 62
7
100
AcDbSpline
 70
8
 71
3
 72
8
 73
4
 74
0
 40
0
 40
0
 40
0
 40
0
 40
1
 40
1
 40
1
 40
1
 10
27.419496
 20
277.265891
 30
0.0
 10
27.419496
 20
277.270153
 30
0.0
 10
27.420564
 20
277.273775
 30
0.0
 10
27.422698
 20
277.276758
 30
0.0
  0
SPLINE
  5
1eb
100
AcDbEntity
  8
0
 62
7
100
AcDbSpline
 70
8
 71
3
 72
8
 73
4
 74
0
 40
0
 40
0
 40
0
 40
0
 40
1
 40
1
 40
1
 40
1
 10
27.422698
 20
277.276758
 30
0.0
 10
27.425255
 20
277.280167
 30
0.0
 10
27.429515
 20
277.282937
 30
0.0
 10
27.435477
 20
277.285068
 30
0.0
  0
SPLINE
  5
1ec
100
AcDbEntity
  8
0
 62
7
100
AcDbSpline
 70
8
 71
3
 72
8
 73
4
 74
0
 40
0
 40
0
 40
0
 40
0
 40
1
 40
1
 40
1
 40
1
 10
27.435477
 20
277.285068
 30
0.0
 10
27.441863
 20
277.287199
 30
0.0
 10
27.450170
 20
277.288690
 30
0.0
 10
27.460401
 20
277.289542
 30
0.0
  0
SPLINE
  5
1ed
100
AcDbEntity
  8
0
 62
7
100
AcDbSpline
 70
8
 71
3
 72
8
 73
4
 74
0
 40
0
 40
0
 40
0
 40
0
 40
1
 40
1
 40
1
 40
1
 10
27.460401
 20
277.289542
 30
0.0
 10
27.470632
 20
277.290812
 30
0.0
 10
27.483629
 20
277.291447
 30
0.0
 10
27.499393
 20
277.291447
 30
0.0
  0
SPLINE
  5
1ee
100
AcDbEntity
  8
0
 62
7
100
AcDbSpline
 70
8
 71
3
 72
8
 73
4
 74
0
 40
0
 40
0
 40
0
 40
0
 40
1
 40
1
 40
1
 40
1
 10
27.499393
 20
277.291447
 30
0.0
 10
27.515162
 20
277.291447
 30
0.0
 10
27.528160
 20
277.290812
 30
0.0
 10
27.538387
 20
277.289542
 30
0.0
  0
SPLINE
  5
1ef
100
AcDbEntity
  8
0
 62
7
100
AcDbSpline
 70
8
 71
3
 72
8
 73
4
 74
0
 40
0
 40
0
 40
0
 40
0
 40
1
 40
1
 40
1
 40
1
 10
27.538387
 20
277.289542
 30
0.0
 10
27.548617
 20
277.288696
 30
0.0
 10
27.556714
 20
277.287204
 30
0.0
 10
27.562676
 20
277.285068
 30
0.0
  0
SPLINE
  5
1f0
100
AcDbEntity
  8
0
 62
7
100
AcDbSpline
 70
8
 71
3
 72
8
 73
4
 74
0
 40
0
 40
0
 40
0
 40
0
 40
1
 40
1
 40
1
 40
1
 10
27.562676
 20
277.285068
 30
0.0
 10
27.568638
 20
277.282937
 30
0.0
 10
27.572897
 20
277.280167
 30
0.0
 10
27.575455
 20
277.276758
 30
0.0
  0
SPLINE
  5
1f1
100
AcDbEntity
  8
0
 62
7
100
AcDbSpline
 70
8
 71
3
 72
8
 73
4
 74
0
 40
0
 40
0
 40
0
 40
0
 40
1
 40
1
 40
1
 40
1
 10
27.575455
 20
277.276758
 30
0.0
 10
27.578013
 20
277.273775
 30
0.0
 10
27.579291
 20
277.270153
 30
0.0
 10
27.579291
 20
277.265891
 30
0.0
  0
LWPOLYLINE
  5
1f2
100
AcDbEntity
  8
0
 62
7
100
AcDbPolyline
 90
2
 70
0
 10
27.419496
 20
276.886832
 30
0.0
 10
27.419496
 20
277.265891
 30
0.0
  0
SPLINE
  5
1f3
100
AcDbEntity
  8
0
 62
7
100
AcDbSpline
 70
8
 71
3
 72
8
 73
4
 74
0
 40
0
 40
0
 40
0
 40
0
 40
1
 40
1
 40
1
 40
1
 10
50.672004
 20
278.673329
 30
0.0
 10
50.473514
 20
278.754620
 30
0.0
 10
50.388606
 20
278.862498
 30
0.0
 10
50.396817
 20
279.023460
 30
0.0
  0
SPLINE
  5
1f4
100
AcDbEntity
  8
0
 62
7
100
AcDbSpline
 70
8
 71
3
 72
8
 73
4
 74
0
 40
0
 40
0
 40
0
 40
0
 40
1
 40
1
 40
1
 40
1
 10
50.396817
 20
279.023460
 30
0.0
 10
50.405272
 20
279.211341
 30
0.0
 10
50.298682
 20
279.348957
 30
0.0
 10
50.248061
 20
279.403328
 30
0.0
  0
SPLINE
  5
1f5
100
AcDbEntity
  8
0
 62
7
100
AcDbSpline
 70
8
 71
3
 72
8
 73
4
 74
0
 40
0
 40
0
 40
0
 40
0
 40
1
 40
1
 40
1
 40
1
 10
50.248061
 20
279.403328
 30
0.0
 10
50.278642
 20
279.520149
 30
0.0
 10
50.368011
 20
279.924274
 30
0.0
 10
50.248149
 20
280.275293
 30
0.0
  0
SPLINE
  5
1f6
100
AcDbEntity
  8
0
 62
7
100
AcDbSpline
 70
8
 71
3
 72
8
 73
4
 74
0
 40
0
 40
0
 40
0
 40
0
 40
1
 40
1
 40
1
 40
1
 10
50.248149
 20
280.275293
 30
0.0
 10
50.119344
 20
280.651011
 30
0.0
 10
49.726094
 20
281.224842
 30
0.0
 10
49.320327
 20
281.788908
 30
0.0
  0
SPLINE
  5
1f7
100
AcDbEntity
  8
0
 62
7
100
AcDbSpline
 70
8
 71
3
 72
8
 73
4
 74
0
 40
0
 40
0
 40
0
 40
0
 40
1
 40
1
 40
1
 40
1
 10
49.320327
 20
281.788908
 30
0.0
 10
49.154216
 20
282.020553
 30
0.0
 10
49.146360
 20
282.272349
 30
0.0
 10
49.137283
 20
282.563913
 30
0.0
  0
SPLINE
  5
1f8
100
AcDbEntity
  8
0
 62
7
100
AcDbSpline
 70
8
 71
3
 72
8
 73
4
 74
0
 40
0
 40
0
 40
0
 40
0
 40
1
 40
1
 40
1
 40
1
 10
49.137283
 20
282.563913
 30
0.0
 10
49.128584
 20
282.842007
 30
0.0
 10
49.118775
 20
283.157229
 30
0.0
 10
48.963694
 20
283.507648
 30
0.0
  0
SPLINE
  5
1f9
100
AcDbEntity
  8
0
 62
7
100
AcDbSpline
 70
8
 71
3
 72
8
 73
4
 74
0
 40
0
 40
0
 40
0
 40
0
 40
1
 40
1
 40
1
 40
1
 10
48.963694
 20
283.507648
 30
0.0
 10
48.795075
 20
283.889203
 30
0.0
 10
48.456729
 20
284.107999
 30
0.0
 10
48.035360
 20
284.107999
 30
0.0
  0
SPLINE
  5
1fa
100
AcDbEntity
  8
0
 62
7
100
AcDbSpline
 70
8
 71
3
 72
8
 73
4
 74
0
 40
0
 40
0
 40
0
 40
0
 40
1
 40
1
 40
1
 40
1
 10
48.035360
 20
284.107999
 30
0.0
 10
47.784696
 20
284.107999
 30
0.0
 10
47.527397
 20
284.029660
 30
0.0
 10
47.329396
 20
283.893087
 30
0.0
  0
SPLINE
  5
1fb
100
AcDbEntity
  8
0
 62
7
100
AcDbSpline
 70
8
 71
3
 72
8
 73
4
 74
0
 40
0
 40
0
 40
0
 40
0
 40
1
 40
1
 40
1
 40
1
 10
47.329396
 20
283.893087
 30
0.0
 10
46.923939
 20
283.613262
 30
0.0
 10
46.977534
 20
283.003169
 30
0.0
 10
47.012998
 20
282.599466
 30
0.0
  0
SPLINE
  5
1fc
100
AcDbEntity
  8
0
 62
7
100
AcDbSpline
 70
8
 71
3
 72
8
 73
4
 74
0
 40
0
 40
0
 40
0
 40
0
 40
1
 40
1
 40
1
 40
1
 10
47.012998
 20
282.599466
 30
0.0
 10
47.017858
 20
282.544184
 30
0.0
 10
47.022429
 20
282.491965
 30
0.0
 10
47.025092
 20
282.447381
 30
0.0
  0
SPLINE
  5
1fd
100
AcDbEntity
  8
0
 62
7
100
AcDbSpline
 70
8
 71
3
 72
8
 73
4
 74
0
 40
0
 40
0
 40
0
 40
0
 40
1
 40
1
 40
1
 40
1
 10
47.025092
 20
282.447381
 30
0.0
 10
47.048705
 20
282.052000
 30
0.0
 10
47.027223
 20
281.843612
 30
0.0
 10
46.999127
 20
281.780275
 30
0.0
  0
SPLINE
  5
1fe
100
AcDbEntity
  8
0
 62
7
100
AcDbSpline
 70
8
 71
3
 72
8
 73
4
 74
0
 40
0
 40
0
 40
0
 40
0
 40
1
 40
1
 40
1
 40
1
 10
46.999127
 20
281.780275
 30
0.0
 10
46.980952
 20
281.738886
 30
0.0
 10
46.891472
 20
281.621088
 30
0.0
 10
46.796776
 20
281.496367
 30
0.0
  0
SPLINE
  5
1ff
100
AcDbEntity
  8
0
 62
7
100
AcDbSpline
 70
8
 71
3
 72
8
 73
4
 74
0
 40
0
 40
0
 40
0
 40
0
 40
1
 40
1
 40
1
 40
1
 10
46.796776
 20
281.496367
 30
0.0
 10
46.698841
 20
281.367384
 30
0.0
 10
46.587812
 20
281.221180
 30
0.0
 10
46.496801
 20
281.084940
 30
0.0
  0
SPLINE
  5
200
100
AcDbEntity
  8
0
 62
7
100
AcDbSpline
 70
8
 71
3
 72
8
 73
4
 74
0
 40
0
 40
0
 40
0
 40
0
 40
1
 40
1
 40
1
 40
1
 10
46.496801
 20
281.084940
 30
0.0
 10
46.388213
 20
280.921005
 30
0.0
 10
46.300553
 20
280.670429
 30
0.0
 10
46.215777
 20
280.428110
 30
0.0
  0
SPLINE
  5
201
100
AcDbEntity
  8
0
 62
7
100
AcDbSpline
 70
8
 71
3
 72
8
 73
4
 74
0
 40
0
 40
0
 40
0
 40
0
 40
1
 40
1
 40
1
 40
1
 10
46.215777
 20
280.428110
 30
0.0
 10
46.153749
 20
280.250792
 30
0.0
 10
46.095161
 20
280.083305
 30
0.0
 10
46.038127
 20
279.983217
 30
0.0
  0
SPLINE
  5
202
100
AcDbEntity
  8
0
 62
7
100
AcDbSpline
 70
8
 71
3
 72
8
 73
4
 74
0
 40
0
 40
0
 40
0
 40
0
 40
1
 40
1
 40
1
 40
1
 10
46.038127
 20
279.983217
 30
0.0
 10
45.930027
 20
279.790676
 30
0.0
 10
45.956924
 20
279.611138
 30
0.0
 10
45.979383
 20
279.528161
 30
0.0
  0
SPLINE
  5
203
100
AcDbEntity
  8
0
 62
7
100
AcDbSpline
 70
8
 71
3
 72
8
 73
4
 74
0
 40
0
 40
0
 40
0
 40
0
 40
1
 40
1
 40
1
 40
1
 10
45.979383
 20
279.528161
 30
0.0
 10
45.938460
 20
279.499732
 30
0.0
 10
45.879340
 20
279.443763
 30
0.0
 10
45.829429
 20
279.338260
 30
0.0
  0
SPLINE
  5
204
100
AcDbEntity
  8
0
 62
7
100
AcDbSpline
 70
8
 71
3
 72
8
 73
4
 74
0
 40
0
 40
0
 40
0
 40
0
 40
1
 40
1
 40
1
 40
1
 10
45.829429
 20
279.338260
 30
0.0
 10
45.769110
 20
279.209543
 30
0.0
 10
45.646718
 20
279.140370
 30
0.0
 10
45.392215
 20
279.091435
 30
0.0
  0
SPLINE
  5
205
100
AcDbEntity
  8
0
 62
7
100
AcDbSpline
 70
8
 71
3
 72
8
 73
4
 74
0
 40
0
 40
0
 40
0
 40
0
 40
1
 40
1
 40
1
 40
1
 10
45.392215
 20
279.091435
 30
0.0
 10
45.275260
 20
279.067512
 30
0.0
 10
45.194613
 20
279.018333
 30
0.0
 10
45.152447
 20
278.945276
 30
0.0
  0
SPLINE
  5
206
100
AcDbEntity
  8
0
 62
7
100
AcDbSpline
 70
8
 71
3
 72
8
 73
4
 74
0
 40
0
 40
0
 40
0
 40
0
 40
1
 40
1
 40
1
 40
1
 10
45.152447
 20
278.945276
 30
0.0
 10
45.091085
 20
278.838951
 30
0.0
 10
45.124507
 20
278.705353
 30
0.0
 10
45.154999
 20
278.614053
 30
0.0
  0
SPLINE
  5
207
100
AcDbEntity
  8
0
 62
7
100
AcDbSpline
 70
8
 71
3
 72
8
 73
4
 74
0
 40
0
 40
0
 40
0
 40
0
 40
1
 40
1
 40
1
 40
1
 10
45.154999
 20
278.614053
 30
0.0
 10
45.200050
 20
278.479833
 30
0.0
 10
45.171977
 20
278.394880
 30
0.0
 10
45.120934
 20
278.240642
 30
0.0
  0
SPLINE
  5
208
100
AcDbEntity
  8
0
 62
7
100
AcDbSpline
 70
8
 71
3
 72
8
 73
4
 74
0
 40
0
 40
0
 40
0
 40
0
 40
1
 40
1
 40
1
 40
1
 10
45.120934
 20
278.240642
 30
0.0
 10
45.109172
 20
278.205046
 30
0.0
 10
45.095834
 20
278.164744
 30
0.0
 10
45.082319
 20
278.120293
 30
0.0
  0
SPLINE
  5
209
100
AcDbEntity
  8
0
 62
7
100
AcDbSpline
 70
8
 71
3
 72
8
 73
4
 74
0
 40
0
 40
0
 40
0
 40
0
 40
1
 40
1
 40
1
 40
1
 10
45.082319
 20
278.120293
 30
0.0
 10
45.061037
 20
278.050142
 30
0.0
 10
45.068715
 20
277.986361
 30
0.0
 10
45.105089
 20
277.930724
 30
0.0
  0
SPLINE
  5
20a
100
AcDbEntity
  8
0
 62
7
100
AcDbSpline
 70
8
 71
3
 72
8
 73
4
 74
0
 40
0
 40
0
 40
0
 40
0
 40
1
 40
1
 40
1
 40
1
 10
45.105089
 20
277.930724
 30
0.0
 10
45.201204
 20
277.783788
 30
0.0
 10
45.481673
 20
277.731969
 30
0.0
 10
45.770397
 20
277.697881
 30
0.0
  0
SPLINE
  5
20b
100
AcDbEntity
  8
0
 62
7
100
AcDbSpline
 70
8
 71
3
 72
8
 73
4
 74
0
 40
0
 40
0
 40
0
 40
0
 40
1
 40
1
 40
1
 40
1
 10
45.770397
 20
277.697881
 30
0.0
 10
45.942788
 20
277.677420
 30
0.0
 10
46.131468
 20
277.608468
 30
0.0
 10
46.313957
 20
277.541757
 30
0.0
  0
SPLINE
  5
20c
100
AcDbEntity
  8
0
 62
7
100
AcDbSpline
 70
8
 71
3
 72
8
 73
4
 74
0
 40
0
 40
0
 40
0
 40
0
 40
1
 40
1
 40
1
 40
1
 10
46.313957
 20
277.541757
 30
0.0
 10
46.492762
 20
277.476422
 30
0.0
 10
46.677647
 20
277.408846
 30
0.0
 10
46.845711
 20
277.388340
 30
0.0
  0
SPLINE
  5
20d
100
AcDbEntity
  8
0
 62
7
100
AcDbSpline
 70
8
 71
3
 72
8
 73
4
 74
0
 40
0
 40
0
 40
0
 40
0
 40
1
 40
1
 40
1
 40
1
 10
46.845711
 20
277.388340
 30
0.0
 10
46.871254
 20
277.385123
 30
0.0
 10
46.896554
 20
277.383503
 30
0.0
 10
46.920943
 20
277.383503
 30
0.0
  0
SPLINE
  5
20e
100
AcDbEntity
  8
0
 62
7
100
AcDbSpline
 70
8
 71
3
 72
8
 73
4
 74
0
 40
0
 40
0
 40
0
 40
0
 40
1
 40
1
 40
1
 40
1
 10
46.920943
 20
277.383503
 30
0.0
 10
47.174692
 20
277.383503
 30
0.0
 10
47.289338
 20
277.551877
 30
0.0
 10
47.325690
 20
277.621051
 30
0.0
  0
SPLINE
  5
20f
100
AcDbEntity
  8
0
 62
7
100
AcDbSpline
 70
8
 71
3
 72
8
 73
4
 74
0
 40
0
 40
0
 40
0
 40
0
 40
1
 40
1
 40
1
 40
1
 10
47.325690
 20
277.621051
 30
0.0
 10
47.416834
 20
277.639648
 30
0.0
 10
47.731190
 20
277.699213
 30
0.0
 10
48.055178
 20
277.707202
 30
0.0
  0
SPLINE
  5
210
100
AcDbEntity
  8
0
 62
7
100
AcDbSpline
 70
8
 71
3
 72
8
 73
4
 74
0
 40
0
 40
0
 40
0
 40
0
 40
1
 40
1
 40
1
 40
1
 10
48.055178
 20
277.707202
 30
0.0
 10
48.378656
 20
277.716434
 30
0.0
 10
48.691636
 20
277.652564
 30
0.0
 10
48.780295
 20
277.632702
 30
0.0
  0
SPLINE
  5
211
100
AcDbEntity
  8
0
 62
7
100
AcDbSpline
 70
8
 71
3
 72
8
 73
4
 74
0
 40
0
 40
0
 40
0
 40
0
 40
1
 40
1
 40
1
 40
1
 10
48.780295
 20
277.632702
 30
0.0
 10
48.808169
 20
277.579351
 30
0.0
 10
48.881648
 20
277.457492
 30
0.0
 10
48.998780
 20
277.394710
 30
0.0
  0
SPLINE
  5
212
100
AcDbEntity
  8
0
 62
7
100
AcDbSpline
 70
8
 71
3
 72
8
 73
4
 74
0
 40
0
 40
0
 40
0
 40
0
 40
1
 40
1
 40
1
 40
1
 10
48.998780
 20
277.394710
 30
0.0
 10
49.063160
 20
277.359512
 30
0.0
 10
49.152751
 20
277.339340
 30
0.0
 10
49.244517
 20
277.339340
 30
0.0
  0
LWPOLYLINE
  5
213
100
AcDbEntity
  8
0
 62
7
100
AcDbPolyline
 90
2
 70
0
 10
27.579291
 20
277.265891
 30
0.0
 10
27.579363
 20
276.695702
 30
0.0
  0
SPLINE
  5
214
100
AcDbEntity
  8
0
 62
7
100
AcDbSpline
 70
8
 71
3
 72
8
 73
4
 74
0
 40
0
 40
0
 40
0
 40
0
 40
1
 40
1
 40
1
 40
1
 10
49.244539
 20
277.339340
 30
0.0
 10
49.342541
 20
277.339340
 30
0.0
 10
49.528980
 20
277.362508
 30
0.0
 10
49.676538
 20
277.517745
 30
0.0
  0
SPLINE
  5
215
100
AcDbEntity
  8
0
 62
7
100
AcDbSpline
 70
8
 71
3
 72
8
 73
4
 74
0
 40
0
 40
0
 40
0
 40
0
 40
1
 40
1
 40
1
 40
1
 10
49.676538
 20
277.517745
 30
0.0
 10
49.823718
 20
277.673713
 30
0.0
 10
50.191448
 20
277.872824
 30
0.0
 10
50.459977
 20
278.018207
 30
0.0
  0
SPLINE
  5
216
100
AcDbEntity
  8
0
 62
7
100
AcDbSpline
 70
8
 71
3
 72
8
 73
4
 74
0
 40
0
 40
0
 40
0
 40
0
 40
1
 40
1
 40
1
 40
1
 10
50.459977
 20
278.018207
 30
0.0
 10
50.519896
 20
278.050653
 30
0.0
 10
50.575954
 20
278.081012
 30
0.0
 10
50.625111
 20
278.108420
 30
0.0
  0
SPLINE
  5
217
100
AcDbEntity
  8
0
 62
7
100
AcDbSpline
 70
8
 71
3
 72
8
 73
4
 74
0
 40
0
 40
0
 40
0
 40
0
 40
1
 40
1
 40
1
 40
1
 10
50.625111
 20
278.108420
 30
0.0
 10
50.775953
 20
278.192041
 30
0.0
 10
50.858265
 20
278.311525
 30
0.0
 10
50.850919
 20
278.436225
 30
0.0
  0
SPLINE
  5
218
100
AcDbEntity
  8
0
 62
7
100
AcDbSpline
 70
8
 71
3
 72
8
 73
4
 74
0
 40
0
 40
0
 40
0
 40
0
 40
1
 40
1
 40
1
 40
1
 10
50.850919
 20
278.436225
 30
0.0
 10
50.844794
 20
278.539797
 30
0.0
 10
50.776242
 20
278.630653
 30
0.0
 10
50.672004
 20
278.673329
 30
0.0
  0
LWPOLYLINE
  5
219
100
AcDbEntity
  8
0
 62
7
100
AcDbPolyline
 90
1
 70
1
 10
49.244517
 20
277.339340
 30
0.0
  0
SPLINE
  5
21a
100
AcDbEntity
  8
0
 62
7
100
AcDbSpline
 70
8
 71
3
 72
8
 73
4
 74
0
 40
0
 40
0
 40
0
 40
0
 40
1
 40
1
 40
1
 40
1
 10
47.332702
 20
278.703355
 30
0.0
 10
47.313927
 20
278.835623
 30
0.0
 10
47.143778
 20
278.966802
 30
0.0
 10
46.946731
 20
279.118687
 30
0.0
  0
SPLINE
  5
21b
100
AcDbEntity
  8
0
 62
7
100
AcDbSpline
 70
8
 71
3
 72
8
 73
4
 74
0
 40
0
 40
0
 40
0
 40
0
 40
1
 40
1
 40
1
 40
1
 10
46.946731
 20
279.118687
 30
0.0
 10
46.785614
 20
279.242899
 30
0.0
 10
46.602992
 20
279.383666
 30
0.0
 10
46.552681
 20
279.502884
 30
0.0
  0
SPLINE
  5
21c
100
AcDbEntity
  8
0
 62
7
100
AcDbSpline
 70
8
 71
3
 72
8
 73
4
 74
0
 40
0
 40
0
 40
0
 40
0
 40
1
 40
1
 40
1
 40
1
 10
46.552681
 20
279.502884
 30
0.0
 10
46.448710
 20
279.748821
 30
0.0
 10
46.530666
 20
280.181263
 30
0.0
 10
46.673564
 20
280.403942
 30
0.0
  0
SPLINE
  5
21d
100
AcDbEntity
  8
0
 62
7
100
AcDbSpline
 70
8
 71
3
 72
8
 73
4
 74
0
 40
0
 40
0
 40
0
 40
0
 40
1
 40
1
 40
1
 40
1
 10
46.673564
 20
280.403942
 30
0.0
 10
46.744180
 20
280.515437
 30
0.0
 10
46.801858
 20
280.684522
 30
0.0
 10
46.857650
 20
280.848036
 30
0.0
  0
SPLINE
  5
21e
100
AcDbEntity
  8
0
 62
7
100
AcDbSpline
 70
8
 71
3
 72
8
 73
4
 74
0
 40
0
 40
0
 40
0
 40
0
 40
1
 40
1
 40
1
 40
1
 10
46.857650
 20
280.848036
 30
0.0
 10
46.917881
 20
281.024599
 30
0.0
 10
46.980175
 20
281.207154
 30
0.0
 10
47.049837
 20
281.287069
 30
0.0
  0
SPLINE
  5
21f
100
AcDbEntity
  8
0
 62
7
100
AcDbSpline
 70
8
 71
3
 72
8
 73
4
 74
0
 40
0
 40
0
 40
0
 40
0
 40
1
 40
1
 40
1
 40
1
 10
47.049837
 20
281.287069
 30
0.0
 10
47.160156
 20
281.411836
 30
0.0
 10
47.262108
 20
281.654599
 30
0.0
 10
47.280173
 20
281.845920
 30
0.0
  0
SPLINE
  5
220
100
AcDbEntity
  8
0
 62
7
100
AcDbSpline
 70
8
 71
3
 72
8
 73
4
 74
0
 40
0
 40
0
 40
0
 40
0
 40
1
 40
1
 40
1
 40
1
 10
47.280173
 20
281.845920
 30
0.0
 10
47.383479
 20
281.747297
 30
0.0
 10
47.543731
 20
281.622154
 30
0.0
 10
47.691777
 20
281.622154
 30
0.0
  0
SPLINE
  5
221
100
AcDbEntity
  8
0
 62
7
100
AcDbSpline
 70
8
 71
3
 72
8
 73
4
 74
0
 40
0
 40
0
 40
0
 40
0
 40
1
 40
1
 40
1
 40
1
 10
47.691777
 20
281.622154
 30
0.0
 10
47.714568
 20
281.622154
 30
0.0
 10
47.736694
 20
281.625127
 30
0.0
 10
47.757844
 20
281.631097
 30
0.0
  0
SPLINE
  5
222
100
AcDbEntity
  8
0
 62
7
100
AcDbSpline
 70
8
 71
3
 72
8
 73
4
 74
0
 40
0
 40
0
 40
0
 40
0
 40
1
 40
1
 40
1
 40
1
 10
47.757844
 20
281.631097
 30
0.0
 10
47.859130
 20
281.660347
 30
0.0
 10
48.008108
 20
281.746432
 30
0.0
 10
48.152182
 20
281.829653
 30
0.0
  0
SPLINE
  5
223
100
AcDbEntity
  8
0
 62
7
100
AcDbSpline
 70
8
 71
3
 72
8
 73
4
 74
0
 40
0
 40
0
 40
0
 40
0
 40
1
 40
1
 40
1
 40
1
 10
48.152182
 20
281.829653
 30
0.0
 10
48.276393
 20
281.901424
 30
0.0
 10
48.429565
 20
281.989927
 30
0.0
 10
48.487199
 20
281.997983
 30
0.0
  0
SPLINE
  5
224
100
AcDbEntity
  8
0
 62
7
100
AcDbSpline
 70
8
 71
3
 72
8
 73
4
 74
0
 40
0
 40
0
 40
0
 40
0
 40
1
 40
1
 40
1
 40
1
 10
48.487199
 20
281.997983
 30
0.0
 10
48.586022
 20
281.856085
 30
0.0
 10
49.160252
 20
280.585321
 30
0.0
 10
49.218929
 20
280.177224
 30
0.0
  0
SPLINE
  5
225
100
AcDbEntity
  8
0
 62
7
100
AcDbSpline
 70
8
 71
3
 72
8
 73
4
 74
0
 40
0
 40
0
 40
0
 40
0
 40
1
 40
1
 40
1
 40
1
 10
49.218929
 20
280.177224
 30
0.0
 10
49.265356
 20
279.854324
 30
0.0
 10
49.216311
 20
279.587392
 30
0.0
 10
49.191655
 20
279.482844
 30
0.0
  0
SPLINE
  5
226
100
AcDbEntity
  8
0
 62
7
100
AcDbSpline
 70
8
 71
3
 72
8
 73
4
 74
0
 40
0
 40
0
 40
0
 40
0
 40
1
 40
1
 40
1
 40
1
 10
49.191655
 20
279.482844
 30
0.0
 10
49.171815
 20
279.485551
 30
0.0
 10
49.148157
 20
279.487748
 30
0.0
 10
49.123302
 20
279.487748
 30
0.0
  0
SPLINE
  5
227
100
AcDbEntity
  8
0
 62
7
100
AcDbSpline
 70
8
 71
3
 72
8
 73
4
 74
0
 40
0
 40
0
 40
0
 40
0
 40
1
 40
1
 40
1
 40
1
 10
49.123302
 20
279.487748
 30
0.0
 10
48.963361
 20
279.487748
 30
0.0
 10
48.921018
 20
279.400443
 30
0.0
 10
48.909988
 20
279.348313
 30
0.0
  0
SPLINE
  5
228
100
AcDbEntity
  8
0
 62
7
100
AcDbSpline
 70
8
 71
3
 72
8
 73
4
 74
0
 40
0
 40
0
 40
0
 40
0
 40
1
 40
1
 40
1
 40
1
 10
48.909988
 20
279.348313
 30
0.0
 10
48.881626
 20
279.212872
 30
0.0
 10
48.878630
 20
278.779786
 30
0.0
 10
48.878319
 20
278.682472
 30
0.0
  0
SPLINE
  5
229
100
AcDbEntity
  8
0
 62
7
100
AcDbSpline
 70
8
 71
3
 72
8
 73
4
 74
0
 40
0
 40
0
 40
0
 40
0
 40
1
 40
1
 40
1
 40
1
 10
48.878319
 20
278.682472
 30
0.0
 10
48.820486
 20
278.608993
 30
0.0
 10
48.528011
 20
278.262968
 30
0.0
 10
48.108107
 20
278.200762
 30
0.0
  0
SPLINE
  5
22a
100
AcDbEntity
  8
0
 62
7
100
AcDbSpline
 70
8
 71
3
 72
8
 73
4
 74
0
 40
0
 40
0
 40
0
 40
0
 40
1
 40
1
 40
1
 40
1
 10
48.108107
 20
278.200762
 30
0.0
 10
47.937070
 20
278.175907
 30
0.0
 10
47.777351
 20
278.163302
 30
0.0
 10
47.633410
 20
278.163302
 30
0.0
  0
SPLINE
  5
22b
100
AcDbEntity
  8
0
 62
7
100
AcDbSpline
 70
8
 71
3
 72
8
 73
4
 74
0
 40
0
 40
0
 40
0
 40
0
 40
1
 40
1
 40
1
 40
1
 10
47.633410
 20
278.163302
 30
0.0
 10
47.510375
 20
278.163302
 30
0.0
 10
47.431858
 20
278.172800
 30
0.0
 10
47.399258
 20
278.177749
 30
0.0
  0
LWPOLYLINE
  5
22c
100
AcDbEntity
  8
0
 62
7
100
AcDbPolyline
 90
1
 70
1
 10
50.672004
 20
278.673329
 30
0.0
  0
SPLINE
  5
22d
100
AcDbEntity
  8
0
 62
7
100
AcDbSpline
 70
8
 71
3
 72
8
 73
4
 74
0
 40
0
 40
0
 40
0
 40
0
 40
1
 40
1
 40
1
 40
1
 10
47.188252
 20
278.419181
 30
0.0
 10
47.271451
 20
278.460259
 30
0.0
 10
47.354628
 20
278.546943
 30
0.0
 10
47.332702
 20
278.703355
 30
0.0
  0
LWPOLYLINE
  5
22e
100
AcDbEntity
  8
0
 62
7
100
AcDbPolyline
 90
2
 70
0
 10
47.399258
 20
278.177749
 30
0.0
 10
47.188252
 20
278.419181
 30
0.0
  0
SPLINE
  5
22f
100
AcDbEntity
  8
0
 62
7
100
AcDbSpline
 70
8
 71
3
 72
8
 73
4
 74
0
 40
0
 40
0
 40
0
 40
0
 40
1
 40
1
 40
1
 40
1
 10
47.600454
 20
282.684374
 30
0.0
 10
47.593863
 20
282.681534
 30
0.0
 10
47.587383
 20
282.678493
 30
0.0
 10
47.581014
 20
282.675253
 30
0.0
  0
SPLINE
  5
230
100
AcDbEntity
  8
0
 62
7
100
AcDbSpline
 70
8
 71
3
 72
8
 73
4
 74
0
 40
0
 40
0
 40
0
 40
0
 40
1
 40
1
 40
1
 40
1
 10
47.581014
 20
282.675253
 30
0.0
 10
47.580370
 20
282.689545
 30
0.0
 10
47.578883
 20
282.704037
 30
0.0
 10
47.576598
 20
282.718573
 30
0.0
  0
SPLINE
  5
231
100
AcDbEntity
  8
0
 62
7
100
AcDbSpline
 70
8
 71
3
 72
8
 73
4
 74
0
 40
0
 40
0
 40
0
 40
0
 40
1
 40
1
 40
1
 40
1
 10
47.576598
 20
282.718573
 30
0.0
 10
47.553562
 20
282.851173
 30
0.0
 10
47.465635
 20
282.947422
 30
0.0
 10
47.367567
 20
282.947422
 30
0.0
  0
SPLINE
  5
232
100
AcDbEntity
  8
0
 62
7
100
AcDbSpline
 70
8
 71
3
 72
8
 73
4
 74
0
 40
0
 40
0
 40
0
 40
0
 40
1
 40
1
 40
1
 40
1
 10
47.367567
 20
282.947422
 30
0.0
 10
47.360310
 20
282.947422
 30
0.0
 10
47.353008
 20
282.946867
 30
0.0
 10
47.344997
 20
282.945646
 30
0.0
  0
SPLINE
  5
233
100
AcDbEntity
  8
0
 62
7
100
AcDbSpline
 70
8
 71
3
 72
8
 73
4
 74
0
 40
0
 40
0
 40
0
 40
0
 40
1
 40
1
 40
1
 40
1
 10
47.344997
 20
282.945646
 30
0.0
 10
47.286653
 20
282.935926
 30
0.0
 10
47.240892
 20
282.892096
 30
0.0
 10
47.215815
 20
282.829957
 30
0.0
  0
SPLINE
  5
234
100
AcDbEntity
  8
0
 62
7
100
AcDbSpline
 70
8
 71
3
 72
8
 73
4
 74
0
 40
0
 40
0
 40
0
 40
0
 40
1
 40
1
 40
1
 40
1
 10
47.215815
 20
282.829957
 30
0.0
 10
47.237807
 20
282.966307
 30
0.0
 10
47.315059
 20
283.067261
 30
0.0
 10
47.406714
 20
283.067261
 30
0.0
  0
SPLINE
  5
235
100
AcDbEntity
  8
0
 62
7
100
AcDbSpline
 70
8
 71
3
 72
8
 73
4
 74
0
 40
0
 40
0
 40
0
 40
0
 40
1
 40
1
 40
1
 40
1
 10
47.406714
 20
283.067261
 30
0.0
 10
47.514348
 20
283.067261
 30
0.0
 10
47.605270
 20
282.922211
 30
0.0
 10
47.605270
 20
282.750530
 30
0.0
  0
SPLINE
  5
236
100
AcDbEntity
  8
0
 62
7
100
AcDbSpline
 70
8
 71
3
 72
8
 73
4
 74
0
 40
0
 40
0
 40
0
 40
0
 40
1
 40
1
 40
1
 40
1
 10
47.605270
 20
282.750530
 30
0.0
 10
47.605270
 20
282.728892
 30
0.0
 10
47.603695
 20
282.707366
 30
0.0
 10
47.600454
 20
282.684374
 30
0.0
  0
LWPOLYLINE
  5
237
100
AcDbEntity
  8
0
 62
7
100
AcDbPolyline
 90
1
 70
1
 10
47.332702
 20
278.703355
 30
0.0
  0
SPLINE
  5
238
100
AcDbEntity
  8
0
 62
7
100
AcDbSpline
 70
8
 71
3
 72
8
 73
4
 74
0
 40
0
 40
0
 40
0
 40
0
 40
1
 40
1
 40
1
 40
1
 10
48.436800
 20
282.582133
 30
0.0
 10
48.446653
 20
282.613514
 30
0.0
 10
48.451980
 20
282.647468
 30
0.0
 10
48.451980
 20
282.682710
 30
0.0
  0
SPLINE
  5
239
100
AcDbEntity
  8
0
 62
7
100
AcDbSpline
 70
8
 71
3
 72
8
 73
4
 74
0
 40
0
 40
0
 40
0
 40
0
 40
1
 40
1
 40
1
 40
1
 10
48.451980
 20
282.682710
 30
0.0
 10
48.451980
 20
282.838368
 30
0.0
 10
48.353223
 20
282.960315
 30
0.0
 10
48.227148
 20
282.960315
 30
0.0
  0
SPLINE
  5
23a
100
AcDbEntity
  8
0
 62
7
100
AcDbSpline
 70
8
 71
3
 72
8
 73
4
 74
0
 40
0
 40
0
 40
0
 40
0
 40
1
 40
1
 40
1
 40
1
 10
48.227148
 20
282.960315
 30
0.0
 10
48.103935
 20
282.960315
 30
0.0
 10
48.003692
 20
282.835793
 30
0.0
 10
48.003692
 20
282.682710
 30
0.0
  0
SPLINE
  5
23b
100
AcDbEntity
  8
0
 62
7
100
AcDbSpline
 70
8
 71
3
 72
8
 73
4
 74
0
 40
0
 40
0
 40
0
 40
0
 40
1
 40
1
 40
1
 40
1
 10
48.003692
 20
282.682710
 30
0.0
 10
48.003692
 20
282.672279
 30
0.0
 10
48.004202
 20
282.661827
 30
0.0
 10
48.005179
 20
282.651396
 30
0.0
  0
SPLINE
  5
23c
100
AcDbEntity
  8
0
 62
7
100
AcDbSpline
 70
8
 71
3
 72
8
 73
4
 74
0
 40
0
 40
0
 40
0
 40
0
 40
1
 40
1
 40
1
 40
1
 10
48.005179
 20
282.651396
 30
0.0
 10
47.998654
 20
282.653904
 30
0.0
 10
47.992285
 20
282.656345
 30
0.0
 10
47.986071
 20
282.658697
 30
0.0
  0
SPLINE
  5
23d
100
AcDbEntity
  8
0
 62
7
100
AcDbSpline
 70
8
 71
3
 72
8
 73
4
 74
0
 40
0
 40
0
 40
0
 40
0
 40
1
 40
1
 40
1
 40
1
 10
47.986071
 20
282.658697
 30
0.0
 10
47.971890
 20
282.701640
 30
0.0
 10
47.964722
 20
282.746447
 30
0.0
 10
47.964722
 20
282.792185
 30
0.0
  0
SPLINE
  5
23e
100
AcDbEntity
  8
0
 62
7
100
AcDbSpline
 70
8
 71
3
 72
8
 73
4
 74
0
 40
0
 40
0
 40
0
 40
0
 40
1
 40
1
 40
1
 40
1
 10
47.964722
 20
282.792185
 30
0.0
 10
47.964722
 20
282.978313
 30
0.0
 10
48.083673
 20
283.129755
 30
0.0
 10
48.229922
 20
283.129755
 30
0.0
  0
SPLINE
  5
23f
100
AcDbEntity
  8
0
 62
7
100
AcDbSpline
 70
8
 71
3
 72
8
 73
4
 74
0
 40
0
 40
0
 40
0
 40
0
 40
1
 40
1
 40
1
 40
1
 10
48.229922
 20
283.129755
 30
0.0
 10
48.376148
 20
283.129755
 30
0.0
 10
48.495122
 20
282.978313
 30
0.0
 10
48.495122
 20
282.792185
 30
0.0
  0
SPLINE
  5
240
100
AcDbEntity
  8
0
 62
7
100
AcDbSpline
 70
8
 71
3
 72
8
 73
4
 74
0
 40
0
 40
0
 40
0
 40
0
 40
1
 40
1
 40
1
 40
1
 10
48.495122
 20
282.792185
 30
0.0
 10
48.495122
 20
282.714756
 30
0.0
 10
48.473750
 20
282.640855
 30
0.0
 10
48.436800
 20
282.582133
 30
0.0
  0
LWPOLYLINE
  5
241
100
AcDbEntity
  8
0
 62
7
100
AcDbPolyline
 90
1
 70
1
 10
47.600454
 20
282.684374
 30
0.0
  0
SPLINE
  5
242
100
AcDbEntity
  8
0
 62
7
100
AcDbSpline
 70
8
 71
3
 72
8
 73
4
 74
0
 40
0
 40
0
 40
0
 40
0
 40
1
 40
1
 40
1
 40
1
 10
48.328967
 20
282.219864
 30
0.0
 10
48.326858
 20
282.210454
 30
0.0
 10
48.322376
 20
282.206282
 30
0.0
 10
48.272798
 20
282.180494
 30
0.0
  0
SPLINE
  5
243
100
AcDbEntity
  8
0
 62
7
100
AcDbSpline
 70
8
 71
3
 72
8
 73
4
 74
0
 40
0
 40
0
 40
0
 40
0
 40
1
 40
1
 40
1
 40
1
 10
48.272798
 20
282.180494
 30
0.0
 10
48.247765
 20
282.167467
 30
0.0
 10
48.216606
 20
282.151244
 30
0.0
 10
48.177614
 20
282.127498
 30
0.0
  0
LWPOLYLINE
  5
244
100
AcDbEntity
  8
0
 62
7
100
AcDbPolyline
 90
1
 70
1
 10
48.436800
 20
282.582133
 30
0.0
  0
SPLINE
  5
245
100
AcDbEntity
  8
0
 62
7
100
AcDbSpline
 70
8
 71
3
 72
8
 73
4
 74
0
 40
0
 40
0
 40
0
 40
0
 40
1
 40
1
 40
1
 40
1
 10
48.151560
 20
282.111720
 30
0.0
 10
48.046856
 20
282.048249
 30
0.0
 10
47.801696
 20
281.899582
 30
0.0
 10
47.735141
 20
281.890860
 30
0.0
  0
SPLINE
  5
246
100
AcDbEntity
  8
0
 62
7
100
AcDbSpline
 70
8
 71
3
 72
8
 73
4
 74
0
 40
0
 40
0
 40
0
 40
0
 40
1
 40
1
 40
1
 40
1
 10
47.735141
 20
281.890860
 30
0.0
 10
47.689935
 20
281.884779
 30
0.0
 10
47.661972
 20
281.902311
 30
0.0
 10
47.599101
 20
281.945032
 30
0.0
  0
SPLINE
  5
247
100
AcDbEntity
  8
0
 62
7
100
AcDbSpline
 70
8
 71
3
 72
8
 73
4
 74
0
 40
0
 40
0
 40
0
 40
0
 40
1
 40
1
 40
1
 40
1
 10
47.599101
 20
281.945032
 30
0.0
 10
47.584920
 20
281.954686
 30
0.0
 10
47.569829
 20
281.964939
 30
0.0
 10
47.553739
 20
281.975258
 30
0.0
  0
SPLINE
  5
248
100
AcDbEntity
  8
0
 62
7
100
AcDbSpline
 70
8
 71
3
 72
8
 73
4
 74
0
 40
0
 40
0
 40
0
 40
0
 40
1
 40
1
 40
1
 40
1
 10
47.553739
 20
281.975258
 30
0.0
 10
47.440402
 20
282.049625
 30
0.0
 10
47.367500
 20
282.131538
 30
0.0
 10
47.359267
 20
282.163561
 30
0.0
  0
SPLINE
  5
249
100
AcDbEntity
  8
0
 62
7
100
AcDbSpline
 70
8
 71
3
 72
8
 73
4
 74
0
 40
0
 40
0
 40
0
 40
0
 40
1
 40
1
 40
1
 40
1
 10
47.359267
 20
282.163561
 30
0.0
 10
47.396217
 20
282.192123
 30
0.0
 10
47.487806
 20
282.263605
 30
0.0
 10
47.534698
 20
282.305926
 30
0.0
  0
SPLINE
  5
24a
100
AcDbEntity
  8
0
 62
7
100
AcDbSpline
 70
8
 71
3
 72
8
 73
4
 74
0
 40
0
 40
0
 40
0
 40
0
 40
1
 40
1
 40
1
 40
1
 10
47.534698
 20
282.305926
 30
0.0
 10
47.629882
 20
282.394430
 30
0.0
 10
47.725664
 20
282.453905
 30
0.0
 10
47.773068
 20
282.453905
 30
0.0
  0
SPLINE
  5
24b
100
AcDbEntity
  8
0
 62
7
100
AcDbSpline
 70
8
 71
3
 72
8
 73
4
 74
0
 40
0
 40
0
 40
0
 40
0
 40
1
 40
1
 40
1
 40
1
 10
47.773068
 20
282.453905
 30
0.0
 10
47.775575
 20
282.453905
 30
0.0
 10
47.777839
 20
282.453728
 30
0.0
 10
47.780191
 20
282.453284
 30
0.0
  0
SPLINE
  5
24c
100
AcDbEntity
  8
0
 62
7
100
AcDbSpline
 70
8
 71
3
 72
8
 73
4
 74
0
 40
0
 40
0
 40
0
 40
0
 40
1
 40
1
 40
1
 40
1
 10
47.780191
 20
282.453284
 30
0.0
 10
47.835894
 20
282.443453
 30
0.0
 10
47.973288
 20
282.388615
 30
0.0
 10
48.073642
 20
282.348580
 30
0.0
  0
SPLINE
  5
24d
100
AcDbEntity
  8
0
 62
7
100
AcDbSpline
 70
8
 71
3
 72
8
 73
4
 74
0
 40
0
 40
0
 40
0
 40
0
 40
1
 40
1
 40
1
 40
1
 10
48.073642
 20
282.348580
 30
0.0
 10
48.120025
 20
282.330071
 30
0.0
 10
48.160082
 20
282.314093
 30
0.0
 10
48.188266
 20
282.303973
 30
0.0
  0
SPLINE
  5
24e
100
AcDbEntity
  8
0
 62
7
100
AcDbSpline
 70
8
 71
3
 72
8
 73
4
 74
0
 40
0
 40
0
 40
0
 40
0
 40
1
 40
1
 40
1
 40
1
 10
48.188266
 20
282.303973
 30
0.0
 10
48.277059
 20
282.273481
 30
0.0
 10
48.323352
 20
282.234466
 30
0.0
 10
48.328967
 20
282.219864
 30
0.0
  0
LWPOLYLINE
  5
24f
100
AcDbEntity
  8
0
 62
7
100
AcDbPolyline
 90
2
 70
0
 10
48.177614
 20
282.127498
 30
0.0
 10
48.151560
 20
282.111720
 30
0.0
  0
SPLINE
  5
250
100
AcDbEntity
  8
0
 62
7
100
AcDbSpline
 70
8
 71
3
 72
8
 73
4
 74
0
 40
0
 40
0
 40
0
 40
0
 40
1
 40
1
 40
1
 40
1
 10
49.126720
 20
278.083853
 30
0.0
 10
49.176808
 20
278.309794
 30
0.0
 10
49.234508
 20
278.617160
 30
0.0
 10
49.225165
 20
278.798361
 30
0.0
  0
SPLINE
  5
251
100
AcDbEntity
  8
0
 62
7
100
AcDbSpline
 70
8
 71
3
 72
8
 73
4
 74
0
 40
0
 40
0
 40
0
 40
0
 40
1
 40
1
 40
1
 40
1
 10
49.225165
 20
278.798361
 30
0.0
 10
49.223013
 20
278.839528
 30
0.0
 10
49.219373
 20
278.884335
 30
0.0
 10
49.215844
 20
278.927655
 30
0.0
  0
SPLINE
  5
252
100
AcDbEntity
  8
0
 62
7
100
AcDbSpline
 70
8
 71
3
 72
8
 73
4
 74
0
 40
0
 40
0
 40
0
 40
0
 40
1
 40
1
 40
1
 40
1
 10
49.215844
 20
278.927655
 30
0.0
 10
49.209253
 20
279.008657
 30
0.0
 10
49.199466
 20
279.129051
 30
0.0
 10
49.209564
 20
279.164759
 30
0.0
  0
SPLINE
  5
253
100
AcDbEntity
  8
0
 62
7
100
AcDbSpline
 70
8
 71
3
 72
8
 73
4
 74
0
 40
0
 40
0
 40
0
 40
0
 40
1
 40
1
 40
1
 40
1
 10
49.209564
 20
279.164759
 30
0.0
 10
49.211561
 20
279.165691
 30
0.0
 10
49.213781
 20
279.166490
 30
0.0
 10
49.216244
 20
279.167178
 30
0.0
  0
SPLINE
  5
254
100
AcDbEntity
  8
0
 62
7
100
AcDbSpline
 70
8
 71
3
 72
8
 73
4
 74
0
 40
0
 40
0
 40
0
 40
0
 40
1
 40
1
 40
1
 40
1
 10
49.216244
 20
279.167178
 30
0.0
 10
49.216666
 20
279.063584
 30
0.0
 10
49.239169
 20
278.856949
 30
0.0
 10
49.404414
 20
278.784891
 30
0.0
  0
SPLINE
  5
255
100
AcDbEntity
  8
0
 62
7
100
AcDbSpline
 70
8
 71
3
 72
8
 73
4
 74
0
 40
0
 40
0
 40
0
 40
0
 40
1
 40
1
 40
1
 40
1
 10
49.404414
 20
278.784891
 30
0.0
 10
49.453659
 20
278.763408
 30
0.0
 10
49.509939
 20
278.752534
 30
0.0
 10
49.571679
 20
278.752534
 30
0.0
  0
SPLINE
  5
256
100
AcDbEntity
  8
0
 62
7
100
AcDbSpline
 70
8
 71
3
 72
8
 73
4
 74
0
 40
0
 40
0
 40
0
 40
0
 40
1
 40
1
 40
1
 40
1
 10
49.571679
 20
278.752534
 30
0.0
 10
49.737212
 20
278.752534
 30
0.0
 10
49.920877
 20
278.833736
 30
0.0
 10
49.996110
 20
278.908969
 30
0.0
  0
SPLINE
  5
257
100
AcDbEntity
  8
0
 62
7
100
AcDbSpline
 70
8
 71
3
 72
8
 73
4
 74
0
 40
0
 40
0
 40
0
 40
0
 40
1
 40
1
 40
1
 40
1
 10
49.996110
 20
278.908969
 30
0.0
 10
50.040406
 20
278.953265
 30
0.0
 10
50.077667
 20
279.007459
 30
0.0
 10
50.103765
 20
279.050379
 30
0.0
  0
SPLINE
  5
258
100
AcDbEntity
  8
0
 62
7
100
AcDbSpline
 70
8
 71
3
 72
8
 73
4
 74
0
 40
0
 40
0
 40
0
 40
0
 40
1
 40
1
 40
1
 40
1
 10
50.103765
 20
279.050379
 30
0.0
 10
50.109469
 20
279.033668
 30
0.0
 10
50.112975
 20
279.011831
 30
0.0
 10
50.111133
 20
278.983691
 30
0.0
  0
SPLINE
  5
259
100
AcDbEntity
  8
0
 62
7
100
AcDbSpline
 70
8
 71
3
 72
8
 73
4
 74
0
 40
0
 40
0
 40
0
 40
0
 40
1
 40
1
 40
1
 40
1
 10
50.111133
 20
278.983691
 30
0.0
 10
50.101302
 20
278.830896
 30
0.0
 10
50.175558
 20
278.628189
 30
0.0
 10
50.316880
 20
278.553490
 30
0.0
  0
LWPOLYLINE
  5
25a
100
AcDbEntity
  8
0
 62
7
100
AcDbPolyline
 90
1
 70
1
 10
48.328967
 20
282.219864
 30
0.0
  0
SPLINE
  5
25b
100
AcDbEntity
  8
0
 62
7
100
AcDbSpline
 70
8
 71
3
 72
8
 73
4
 74
0
 40
0
 40
0
 40
0
 40
0
 40
1
 40
1
 40
1
 40
1
 10
50.337452
 20
278.542682
 30
0.0
 10
50.387785
 20
278.516273
 30
0.0
 10
50.521472
 20
278.446078
 30
0.0
 10
50.523625
 20
278.412789
 30
0.0
  0
SPLINE
  5
25c
100
AcDbEntity
  8
0
 62
7
100
AcDbSpline
 70
8
 71
3
 72
8
 73
4
 74
0
 40
0
 40
0
 40
0
 40
0
 40
1
 40
1
 40
1
 40
1
 10
50.523625
 20
278.412789
 30
0.0
 10
50.523602
 20
278.412767
 30
0.0
 10
50.522493
 20
278.408861
 30
0.0
 10
50.515036
 20
278.401937
 30
0.0
  0
SPLINE
  5
25d
100
AcDbEntity
  8
0
 62
7
100
AcDbSpline
 70
8
 71
3
 72
8
 73
4
 74
0
 40
0
 40
0
 40
0
 40
0
 40
1
 40
1
 40
1
 40
1
 10
50.515036
 20
278.401937
 30
0.0
 10
50.481548
 20
278.371334
 30
0.0
 10
50.363684
 20
278.311148
 30
0.0
 10
50.249703
 20
278.252937
 30
0.0
  0
SPLINE
  5
25e
100
AcDbEntity
  8
0
 62
7
100
AcDbSpline
 70
8
 71
3
 72
8
 73
4
 74
0
 40
0
 40
0
 40
0
 40
0
 40
1
 40
1
 40
1
 40
1
 10
50.249703
 20
278.252937
 30
0.0
 10
50.047507
 20
278.149698
 30
0.0
 10
49.818326
 20
278.032677
 30
0.0
 10
49.715397
 20
277.924422
 30
0.0
  0
SPLINE
  5
25f
100
AcDbEntity
  8
0
 62
7
100
AcDbSpline
 70
8
 71
3
 72
8
 73
4
 74
0
 40
0
 40
0
 40
0
 40
0
 40
1
 40
1
 40
1
 40
1
 10
49.715397
 20
277.924422
 30
0.0
 10
49.570480
 20
277.771915
 30
0.0
 10
49.406567
 20
277.669475
 30
0.0
 10
49.307588
 20
277.669475
 30
0.0
  0
SPLINE
  5
260
100
AcDbEntity
  8
0
 62
7
100
AcDbSpline
 70
8
 71
3
 72
8
 73
4
 74
0
 40
0
 40
0
 40
0
 40
0
 40
1
 40
1
 40
1
 40
1
 10
49.307588
 20
277.669475
 30
0.0
 10
49.295671
 20
277.669475
 30
0.0
 10
49.284819
 20
277.670984
 30
0.0
 10
49.275165
 20
277.674046
 30
0.0
  0
SPLINE
  5
261
100
AcDbEntity
  8
0
 62
7
100
AcDbSpline
 70
8
 71
3
 72
8
 73
4
 74
0
 40
0
 40
0
 40
0
 40
0
 40
1
 40
1
 40
1
 40
1
 10
49.275165
 20
277.674046
 30
0.0
 10
49.167665
 20
277.707557
 30
0.0
 10
49.079183
 20
277.862660
 30
0.0
 10
49.126720
 20
278.083853
 30
0.0
  0
LWPOLYLINE
  5
262
100
AcDbEntity
  8
0
 62
7
100
AcDbPolyline
 90
2
 70
0
 10
50.316880
 20
278.553490
 30
0.0
 10
50.337452
 20
278.542682
 30
0.0
  0
SPLINE
  5
263
100
AcDbEntity
  8
0
 62
7
100
AcDbSpline
 70
8
 71
3
 72
8
 73
4
 74
0
 40
0
 40
0
 40
0
 40
0
 40
1
 40
1
 40
1
 40
1
 10
45.462498
 20
278.660258
 30
0.0
 10
45.451535
 20
278.711567
 30
0.0
 10
45.442880
 20
278.752068
 30
0.0
 10
45.452179
 20
278.791304
 30
0.0
  0
SPLINE
  5
264
100
AcDbEntity
  8
0
 62
7
100
AcDbSpline
 70
8
 71
3
 72
8
 73
4
 74
0
 40
0
 40
0
 40
0
 40
0
 40
1
 40
1
 40
1
 40
1
 10
45.452179
 20
278.791304
 30
0.0
 10
45.458925
 20
278.820376
 30
0.0
 10
45.602444
 20
278.851535
 30
0.0
 10
45.663740
 20
278.864828
 30
0.0
  0
SPLINE
  5
265
100
AcDbEntity
  8
0
 62
7
100
AcDbSpline
 70
8
 71
3
 72
8
 73
4
 74
0
 40
0
 40
0
 40
0
 40
0
 40
1
 40
1
 40
1
 40
1
 10
45.663740
 20
278.864828
 30
0.0
 10
45.749913
 20
278.883536
 30
0.0
 10
45.839038
 20
278.902866
 30
0.0
 10
45.897315
 20
278.938241
 30
0.0
  0
SPLINE
  5
266
100
AcDbEntity
  8
0
 62
7
100
AcDbSpline
 70
8
 71
3
 72
8
 73
4
 74
0
 40
0
 40
0
 40
0
 40
0
 40
1
 40
1
 40
1
 40
1
 10
45.897315
 20
278.938241
 30
0.0
 10
45.976121
 20
278.985977
 30
0.0
 10
46.018797
 20
279.074014
 30
0.0
 10
46.056435
 20
279.151688
 30
0.0
  0
SPLINE
  5
267
100
AcDbEntity
  8
0
 62
7
100
AcDbSpline
 70
8
 71
3
 72
8
 73
4
 74
0
 40
0
 40
0
 40
0
 40
0
 40
1
 40
1
 40
1
 40
1
 10
46.056435
 20
279.151688
 30
0.0
 10
46.083688
 20
279.207857
 30
0.0
 10
46.111828
 20
279.265935
 30
0.0
 10
46.145316
 20
279.284998
 30
0.0
  0
SPLINE
  5
268
100
AcDbEntity
  8
0
 62
7
100
AcDbSpline
 70
8
 71
3
 72
8
 73
4
 74
0
 40
0
 40
0
 40
0
 40
0
 40
1
 40
1
 40
1
 40
1
 10
46.145316
 20
279.284998
 30
0.0
 10
46.147203
 20
279.286108
 30
0.0
 10
46.150088
 20
279.287395
 30
0.0
 10
46.155591
 20
279.287395
 30
0.0
  0
SPLINE
  5
269
100
AcDbEntity
  8
0
 62
7
100
AcDbSpline
 70
8
 71
3
 72
8
 73
4
 74
0
 40
0
 40
0
 40
0
 40
0
 40
1
 40
1
 40
1
 40
1
 10
46.155591
 20
279.287395
 30
0.0
 10
46.218330
 20
279.287395
 30
0.0
 10
46.349975
 20
279.155505
 30
0.0
 10
46.425829
 20
279.037463
 30
0.0
  0
SPLINE
  5
26a
100
AcDbEntity
  8
0
 62
7
100
AcDbSpline
 70
8
 71
3
 72
8
 73
4
 74
0
 40
0
 40
0
 40
0
 40
0
 40
1
 40
1
 40
1
 40
1
 10
46.425829
 20
279.037463
 30
0.0
 10
46.445070
 20
279.007703
 30
0.0
 10
46.480711
 20
278.948072
 30
0.0
 10
46.521945
 20
278.879031
 30
0.0
  0
SPLINE
  5
26b
100
AcDbEntity
  8
0
 62
7
100
AcDbSpline
 70
8
 71
3
 72
8
 73
4
 74
0
 40
0
 40
0
 40
0
 40
0
 40
1
 40
1
 40
1
 40
1
 10
46.521945
 20
278.879031
 30
0.0
 10
46.645268
 20
278.672685
 30
0.0
 10
46.814131
 20
278.390064
 30
0.0
 10
46.902324
 20
278.295347
 30
0.0
  0
SPLINE
  5
26c
100
AcDbEntity
  8
0
 62
7
100
AcDbSpline
 70
8
 71
3
 72
8
 73
4
 74
0
 40
0
 40
0
 40
0
 40
0
 40
1
 40
1
 40
1
 40
1
 10
46.902324
 20
278.295347
 30
0.0
 10
46.981795
 20
278.210194
 30
0.0
 10
47.110445
 20
278.046480
 30
0.0
 10
47.078798
 20
277.906069
 30
0.0
  0
SPLINE
  5
26d
100
AcDbEntity
  8
0
 62
7
100
AcDbSpline
 70
8
 71
3
 72
8
 73
4
 74
0
 40
0
 40
0
 40
0
 40
0
 40
1
 40
1
 40
1
 40
1
 10
47.078798
 20
277.906069
 30
0.0
 10
47.055629
 20
277.797126
 30
0.0
 10
46.932284
 20
277.708533
 30
0.0
 10
46.903189
 20
277.688938
 30
0.0
  0
SPLINE
  5
26e
100
AcDbEntity
  8
0
 62
7
100
AcDbSpline
 70
8
 71
3
 72
8
 73
4
 74
0
 40
0
 40
0
 40
0
 40
0
 40
1
 40
1
 40
1
 40
1
 10
46.903189
 20
277.688938
 30
0.0
 10
46.892626
 20
277.686541
 30
0.0
 10
46.879554
 20
277.685320
 30
0.0
 10
46.864175
 20
277.685320
 30
0.0
  0
SPLINE
  5
26f
100
AcDbEntity
  8
0
 62
7
100
AcDbSpline
 70
8
 71
3
 72
8
 73
4
 74
0
 40
0
 40
0
 40
0
 40
0
 40
1
 40
1
 40
1
 40
1
 10
46.864175
 20
277.685320
 30
0.0
 10
46.695379
 20
277.685320
 30
0.0
 10
46.361249
 20
277.825754
 30
0.0
 10
46.181734
 20
277.901209
 30
0.0
  0
LWPOLYLINE
  5
270
100
AcDbEntity
  8
0
 62
7
100
AcDbPolyline
 90
1
 70
1
 10
49.126720
 20
278.083853
 30
0.0
  0
SPLINE
  5
271
100
AcDbEntity
  8
0
 62
7
100
AcDbSpline
 70
8
 71
3
 72
8
 73
4
 74
0
 40
0
 40
0
 40
0
 40
0
 40
1
 40
1
 40
1
 40
1
 10
46.155170
 20
277.912371
 30
0.0
 10
46.054926
 20
277.954404
 30
0.0
 10
45.891279
 20
277.980879
 30
0.0
 10
45.733025
 20
278.006490
 30
0.0
  0
SPLINE
  5
272
100
AcDbEntity
  8
0
 62
7
100
AcDbSpline
 70
8
 71
3
 72
8
 73
4
 74
0
 40
0
 40
0
 40
0
 40
0
 40
1
 40
1
 40
1
 40
1
 10
45.733025
 20
278.006490
 30
0.0
 10
45.607105
 20
278.026884
 30
0.0
 10
45.434669
 20
278.054780
 30
0.0
 10
45.406085
 20
278.079991
 30
0.0
  0
SPLINE
  5
273
100
AcDbEntity
  8
0
 62
7
100
AcDbSpline
 70
8
 71
3
 72
8
 73
4
 74
0
 40
0
 40
0
 40
0
 40
0
 40
1
 40
1
 40
1
 40
1
 10
45.406085
 20
278.079991
 30
0.0
 10
45.382916
 20
278.105978
 30
0.0
 10
45.409791
 20
278.190465
 30
0.0
 10
45.433493
 20
278.265010
 30
0.0
  0
SPLINE
  5
274
100
AcDbEntity
  8
0
 62
7
100
AcDbSpline
 70
8
 71
3
 72
8
 73
4
 74
0
 40
0
 40
0
 40
0
 40
0
 40
1
 40
1
 40
1
 40
1
 10
45.433493
 20
278.265010
 30
0.0
 10
45.450559
 20
278.318582
 30
0.0
 10
45.468180
 20
278.373975
 30
0.0
 10
45.477833
 20
278.431964
 30
0.0
  0
SPLINE
  5
275
100
AcDbEntity
  8
0
 62
7
100
AcDbSpline
 70
8
 71
3
 72
8
 73
4
 74
0
 40
0
 40
0
 40
0
 40
0
 40
1
 40
1
 40
1
 40
1
 10
45.477833
 20
278.431964
 30
0.0
 10
45.491526
 20
278.524462
 30
0.0
 10
45.475414
 20
278.599761
 30
0.0
 10
45.462498
 20
278.660258
 30
0.0
  0
LWPOLYLINE
  5
276
100
AcDbEntity
  8
0
 62
7
100
AcDbPolyline
 90
2
 70
0
 10
46.181734
 20
277.901209
 30
0.0
 10
46.155170
 20
277.912371
 30
0.0
  0
SPLINE
  5
277
100
AcDbEntity
  8
0
 62
7
100
AcDbSpline
 70
8
 71
3
 72
8
 73
4
 74
0
 40
0
 40
0
 40
0
 40
0
 40
1
 40
1
 40
1
 40
1
 10
27.902170
 20
276.695702
 30
0.0
 10
27.902170
 20
276.691440
 30
0.0
 10
27.900892
 20
276.687605
 30
0.0
 10
27.898334
 20
276.684195
 30
0.0
  0
SPLINE
  5
278
100
AcDbEntity
  8
0
 62
7
100
AcDbSpline
 70
8
 71
3
 72
8
 73
4
 74
0
 40
0
 40
0
 40
0
 40
0
 40
1
 40
1
 40
1
 40
1
 10
27.898334
 20
276.684195
 30
0.0
 10
27.895776
 20
276.681212
 30
0.0
 10
27.891305
 20
276.678656
 30
0.0
 10
27.884920
 20
276.676525
 30
0.0
  0
SPLINE
  5
279
100
AcDbEntity
  8
0
 62
7
100
AcDbSpline
 70
8
 71
3
 72
8
 73
4
 74
0
 40
0
 40
0
 40
0
 40
0
 40
1
 40
1
 40
1
 40
1
 10
27.884920
 20
276.676525
 30
0.0
 10
27.878958
 20
276.674394
 30
0.0
 10
27.870861
 20
276.672903
 30
0.0
 10
27.860631
 20
276.672051
 30
0.0
  0
SPLINE
  5
27a
100
AcDbEntity
  8
0
 62
7
100
AcDbSpline
 70
8
 71
3
 72
8
 73
4
 74
0
 40
0
 40
0
 40
0
 40
0
 40
1
 40
1
 40
1
 40
1
 10
27.860631
 20
276.672051
 30
0.0
 10
27.850400
 20
276.670781
 30
0.0
 10
27.837403
 20
276.670146
 30
0.0
 10
27.821639
 20
276.670146
 30
0.0
  0
SPLINE
  5
27b
100
AcDbEntity
  8
0
 62
7
100
AcDbSpline
 70
8
 71
3
 72
8
 73
4
 74
0
 40
0
 40
0
 40
0
 40
0
 40
1
 40
1
 40
1
 40
1
 10
27.821639
 20
276.670146
 30
0.0
 10
27.805870
 20
276.670146
 30
0.0
 10
27.792872
 20
276.670781
 30
0.0
 10
27.782645
 20
276.672051
 30
0.0
  0
SPLINE
  5
27c
100
AcDbEntity
  8
0
 62
7
100
AcDbSpline
 70
8
 71
3
 72
8
 73
4
 74
0
 40
0
 40
0
 40
0
 40
0
 40
1
 40
1
 40
1
 40
1
 10
27.782645
 20
276.672051
 30
0.0
 10
27.772414
 20
276.672897
 30
0.0
 10
27.764106
 20
276.674389
 30
0.0
 10
27.757721
 20
276.676525
 30
0.0
  0
SPLINE
  5
27d
100
AcDbEntity
  8
0
 62
7
100
AcDbSpline
 70
8
 71
3
 72
8
 73
4
 74
0
 40
0
 40
0
 40
0
 40
0
 40
1
 40
1
 40
1
 40
1
 10
27.757721
 20
276.676525
 30
0.0
 10
27.751759
 20
276.678656
 30
0.0
 10
27.747499
 20
276.681212
 30
0.0
 10
27.744942
 20
276.684195
 30
0.0
  0
SPLINE
  5
27e
100
AcDbEntity
  8
0
 62
7
100
AcDbSpline
 70
8
 71
3
 72
8
 73
4
 74
0
 40
0
 40
0
 40
0
 40
0
 40
1
 40
1
 40
1
 40
1
 10
27.744942
 20
276.684195
 30
0.0
 10
27.742384
 20
276.687605
 30
0.0
 10
27.741105
 20
276.691440
 30
0.0
 10
27.741105
 20
276.695702
 30
0.0
  0
LWPOLYLINE
  5
27f
100
AcDbEntity
  8
0
 62
7
100
AcDbPolyline
 90
1
 70
1
 10
45.462498
 20
278.660258
 30
0.0
  0
SPLINE
  5
280
100
AcDbEntity
  8
0
 62
7
100
AcDbSpline
 70
8
 71
3
 72
8
 73
4
 74
0
 40
0
 40
0
 40
0
 40
0
 40
1
 40
1
 40
1
 40
1
 10
27.741105
 20
277.264610
 30
0.0
 10
27.741105
 20
277.268872
 30
0.0
 10
27.742384
 20
277.272494
 30
0.0
 10
27.744942
 20
277.275477
 30
0.0
  0
SPLINE
  5
281
100
AcDbEntity
  8
0
 62
7
100
AcDbSpline
 70
8
 71
3
 72
8
 73
4
 74
0
 40
0
 40
0
 40
0
 40
0
 40
1
 40
1
 40
1
 40
1
 10
27.744942
 20
277.275477
 30
0.0
 10
27.747499
 20
277.278886
 30
0.0
 10
27.751759
 20
277.281657
 30
0.0
 10
27.757721
 20
277.283787
 30
0.0
  0
SPLINE
  5
282
100
AcDbEntity
  8
0
 62
7
100
AcDbSpline
 70
8
 71
3
 72
8
 73
4
 74
0
 40
0
 40
0
 40
0
 40
0
 40
1
 40
1
 40
1
 40
1
 10
27.757721
 20
277.283787
 30
0.0
 10
27.764106
 20
277.286345
 30
0.0
 10
27.772414
 20
277.288262
 30
0.0
 10
27.782645
 20
277.289539
 30
0.0
  0
SPLINE
  5
283
100
AcDbEntity
  8
0
 62
7
100
AcDbSpline
 70
8
 71
3
 72
8
 73
4
 74
0
 40
0
 40
0
 40
0
 40
0
 40
1
 40
1
 40
1
 40
1
 10
27.782645
 20
277.289539
 30
0.0
 10
27.792875
 20
277.290809
 30
0.0
 10
27.805874
 20
277.291444
 30
0.0
 10
27.821639
 20
277.291444
 30
0.0
  0
SPLINE
  5
284
100
AcDbEntity
  8
0
 62
7
100
AcDbSpline
 70
8
 71
3
 72
8
 73
4
 74
0
 40
0
 40
0
 40
0
 40
0
 40
1
 40
1
 40
1
 40
1
 10
27.821639
 20
277.291444
 30
0.0
 10
27.837408
 20
277.291444
 30
0.0
 10
27.850406
 20
277.290809
 30
0.0
 10
27.860631
 20
277.289539
 30
0.0
  0
SPLINE
  5
285
100
AcDbEntity
  8
0
 62
7
100
AcDbSpline
 70
8
 71
3
 72
8
 73
4
 74
0
 40
0
 40
0
 40
0
 40
0
 40
1
 40
1
 40
1
 40
1
 10
27.860631
 20
277.289539
 30
0.0
 10
27.870861
 20
277.288269
 30
0.0
 10
27.878958
 20
277.286352
 30
0.0
 10
27.884920
 20
277.283787
 30
0.0
  0
SPLINE
  5
286
100
AcDbEntity
  8
0
 62
7
100
AcDbSpline
 70
8
 71
3
 72
8
 73
4
 74
0
 40
0
 40
0
 40
0
 40
0
 40
1
 40
1
 40
1
 40
1
 10
27.884920
 20
277.283787
 30
0.0
 10
27.891305
 20
277.281657
 30
0.0
 10
27.895776
 20
277.278886
 30
0.0
 10
27.898334
 20
277.275477
 30
0.0
  0
SPLINE
  5
287
100
AcDbEntity
  8
0
 62
7
100
AcDbSpline
 70
8
 71
3
 72
8
 73
4
 74
0
 40
0
 40
0
 40
0
 40
0
 40
1
 40
1
 40
1
 40
1
 10
27.898334
 20
277.275477
 30
0.0
 10
27.900892
 20
277.272494
 30
0.0
 10
27.902170
 20
277.268872
 30
0.0
 10
27.902170
 20
277.264610
 30
0.0
  0
LWPOLYLINE
  5
288
100
AcDbEntity
  8
0
 62
7
100
AcDbPolyline
 90
2
 70
0
 10
27.741105
 20
276.695702
 30
0.0
 10
27.741105
 20
277.264610
 30
0.0
  0
SPLINE
  5
289
100
AcDbEntity
  8
0
 62
7
100
AcDbSpline
 70
8
 71
3
 72
8
 73
4
 74
0
 40
0
 40
0
 40
0
 40
0
 40
1
 40
1
 40
1
 40
1
 10
27.914315
 20
277.458934
 30
0.0
 10
27.914315
 20
277.426547
 30
0.0
 10
27.907709
 20
277.404174
 30
0.0
 10
27.894497
 20
277.391816
 30
0.0
  0
SPLINE
  5
28a
100
AcDbEntity
  8
0
 62
7
100
AcDbSpline
 70
8
 71
3
 72
8
 73
4
 74
0
 40
0
 40
0
 40
0
 40
0
 40
1
 40
1
 40
1
 40
1
 10
27.894497
 20
277.391816
 30
0.0
 10
27.881286
 20
277.379458
 30
0.0
 10
27.856782
 20
277.373279
 30
0.0
 10
27.820986
 20
277.373279
 30
0.0
  0
SPLINE
  5
28b
100
AcDbEntity
  8
0
 62
7
100
AcDbSpline
 70
8
 71
3
 72
8
 73
4
 74
0
 40
0
 40
0
 40
0
 40
0
 40
1
 40
1
 40
1
 40
1
 10
27.820986
 20
277.373279
 30
0.0
 10
27.784762
 20
277.373279
 30
0.0
 10
27.760259
 20
277.379245
 30
0.0
 10
27.747476
 20
277.391178
 30
0.0
  0
SPLINE
  5
28c
100
AcDbEntity
  8
0
 62
7
100
AcDbSpline
 70
8
 71
3
 72
8
 73
4
 74
0
 40
0
 40
0
 40
0
 40
0
 40
1
 40
1
 40
1
 40
1
 10
27.747476
 20
277.391178
 30
0.0
 10
27.735112
 20
277.403111
 30
0.0
 10
27.728929
 20
277.424631
 30
0.0
 10
27.728929
 20
277.455739
 30
0.0
  0
SPLINE
  5
28d
100
AcDbEntity
  8
0
 62
7
100
AcDbSpline
 70
8
 71
3
 72
8
 73
4
 74
0
 40
0
 40
0
 40
0
 40
0
 40
1
 40
1
 40
1
 40
1
 10
27.728929
 20
277.455739
 30
0.0
 10
27.728929
 20
277.488127
 30
0.0
 10
27.735323
 20
277.510500
 30
0.0
 10
27.748111
 20
277.522858
 30
0.0
  0
SPLINE
  5
28e
100
AcDbEntity
  8
0
 62
7
100
AcDbSpline
 70
8
 71
3
 72
8
 73
4
 74
0
 40
0
 40
0
 40
0
 40
0
 40
1
 40
1
 40
1
 40
1
 10
27.748111
 20
277.522858
 30
0.0
 10
27.761323
 20
277.535643
 30
0.0
 10
27.786039
 20
277.542035
 30
0.0
 10
27.822261
 20
277.542035
 30
0.0
  0
SPLINE
  5
28f
100
AcDbEntity
  8
0
 62
7
100
AcDbSpline
 70
8
 71
3
 72
8
 73
4
 74
0
 40
0
 40
0
 40
0
 40
0
 40
1
 40
1
 40
1
 40
1
 10
27.822261
 20
277.542035
 30
0.0
 10
27.858057
 20
277.542035
 30
0.0
 10
27.882348
 20
277.535856
 30
0.0
 10
27.895132
 20
277.523498
 30
0.0
  0
SPLINE
  5
290
100
AcDbEntity
  8
0
 62
7
100
AcDbSpline
 70
8
 71
3
 72
8
 73
4
 74
0
 40
0
 40
0
 40
0
 40
0
 40
1
 40
1
 40
1
 40
1
 10
27.895132
 20
277.523498
 30
0.0
 10
27.907921
 20
277.511565
 30
0.0
 10
27.914315
 20
277.490045
 30
0.0
 10
27.914315
 20
277.458936
 30
0.0
  0
LWPOLYLINE
  5
291
100
AcDbEntity
  8
0
 62
7
100
AcDbPolyline
 90
2
 70
0
 10
27.902170
 20
277.264610
 30
0.0
 10
27.902170
 20
276.695702
 30
0.0
  0
SPLINE
  5
292
100
AcDbEntity
  8
0
 62
7
100
AcDbSpline
 70
8
 71
3
 72
8
 73
4
 74
0
 40
0
 40
0
 40
0
 40
0
 40
1
 40
1
 40
1
 40
1
 10
28.428889
 20
277.212833
 30
0.0
 10
28.428889
 20
277.197493
 30
0.0
 10
28.428449
 20
277.184921
 30
0.0
 10
28.427567
 20
277.175119
 30
0.0
  0
SPLINE
  5
293
100
AcDbEntity
  8
0
 62
7
100
AcDbSpline
 70
8
 71
3
 72
8
 73
4
 74
0
 40
0
 40
0
 40
0
 40
0
 40
1
 40
1
 40
1
 40
1
 10
28.427567
 20
277.175119
 30
0.0
 10
28.426685
 20
277.165317
 30
0.0
 10
28.425406
 20
277.157647
 30
0.0
 10
28.423730
 20
277.152108
 30
0.0
  0
SPLINE
  5
294
100
AcDbEntity
  8
0
 62
7
100
AcDbSpline
 70
8
 71
3
 72
8
 73
4
 74
0
 40
0
 40
0
 40
0
 40
0
 40
1
 40
1
 40
1
 40
1
 10
28.423730
 20
277.152108
 30
0.0
 10
28.421966
 20
277.146568
 30
0.0
 10
28.419620
 20
277.142732
 30
0.0
 10
28.416692
 20
277.140601
 30
0.0
  0
SPLINE
  5
295
100
AcDbEntity
  8
0
 62
7
100
AcDbSpline
 70
8
 71
3
 72
8
 73
4
 74
0
 40
0
 40
0
 40
0
 40
0
 40
1
 40
1
 40
1
 40
1
 10
28.416692
 20
277.140601
 30
0.0
 10
28.414135
 20
277.138471
 30
0.0
 10
28.410721
 20
277.137405
 30
0.0
 10
28.406453
 20
277.137405
 30
0.0
  0
SPLINE
  5
296
100
AcDbEntity
  8
0
 62
7
100
AcDbSpline
 70
8
 71
3
 72
8
 73
4
 74
0
 40
0
 40
0
 40
0
 40
0
 40
1
 40
1
 40
1
 40
1
 10
28.406453
 20
277.137405
 30
0.0
 10
28.403049
 20
277.137405
 30
0.0
 10
28.399212
 20
277.138040
 30
0.0
 10
28.394943
 20
277.139310
 30
0.0
  0
SPLINE
  5
297
100
AcDbEntity
  8
0
 62
7
100
AcDbSpline
 70
8
 71
3
 72
8
 73
4
 74
0
 40
0
 40
0
 40
0
 40
0
 40
1
 40
1
 40
1
 40
1
 10
28.394943
 20
277.139310
 30
0.0
 10
28.390675
 20
277.141021
 30
0.0
 10
28.385771
 20
277.142726
 30
0.0
 10
28.380233
 20
277.144425
 30
0.0
  0
SPLINE
  5
298
100
AcDbEntity
  8
0
 62
7
100
AcDbSpline
 70
8
 71
3
 72
8
 73
4
 74
0
 40
0
 40
0
 40
0
 40
0
 40
1
 40
1
 40
1
 40
1
 10
28.380233
 20
277.144425
 30
0.0
 10
28.375117
 20
277.146136
 30
0.0
 10
28.369367
 20
277.147627
 30
0.0
 10
28.362982
 20
277.148899
 30
0.0
  0
SPLINE
  5
299
100
AcDbEntity
  8
0
 62
7
100
AcDbSpline
 70
8
 71
3
 72
8
 73
4
 74
0
 40
0
 40
0
 40
0
 40
0
 40
1
 40
1
 40
1
 40
1
 10
28.362982
 20
277.148899
 30
0.0
 10
28.356597
 20
277.150610
 30
0.0
 10
28.349567
 20
277.151465
 30
0.0
 10
28.341895
 20
277.151465
 30
0.0
  0
SPLINE
  5
29a
100
AcDbEntity
  8
0
 62
7
100
AcDbSpline
 70
8
 71
3
 72
8
 73
4
 74
0
 40
0
 40
0
 40
0
 40
0
 40
1
 40
1
 40
1
 40
1
 10
28.341895
 20
277.151465
 30
0.0
 10
28.332952
 20
277.151465
 30
0.0
 10
28.324003
 20
277.149548
 30
0.0
 10
28.315047
 20
277.145713
 30
0.0
  0
SPLINE
  5
29b
100
AcDbEntity
  8
0
 62
7
100
AcDbSpline
 70
8
 71
3
 72
8
 73
4
 74
0
 40
0
 40
0
 40
0
 40
0
 40
1
 40
1
 40
1
 40
1
 10
28.315047
 20
277.145713
 30
0.0
 10
28.306104
 20
277.142304
 30
0.0
 10
28.296729
 20
277.136763
 30
0.0
 10
28.286922
 20
277.129092
 30
0.0
  0
SPLINE
  5
29c
100
AcDbEntity
  8
0
 62
7
100
AcDbSpline
 70
8
 71
3
 72
8
 73
4
 74
0
 40
0
 40
0
 40
0
 40
0
 40
1
 40
1
 40
1
 40
1
 10
28.286922
 20
277.129092
 30
0.0
 10
28.277538
 20
277.121421
 30
0.0
 10
28.267524
 20
277.111193
 30
0.0
 10
28.256879
 20
277.098409
 30
0.0
  0
SPLINE
  5
29d
100
AcDbEntity
  8
0
 62
7
100
AcDbSpline
 70
8
 71
3
 72
8
 73
4
 74
0
 40
0
 40
0
 40
0
 40
0
 40
1
 40
1
 40
1
 40
1
 10
28.256879
 20
277.098409
 30
0.0
 10
28.246648
 20
277.085625
 30
0.0
 10
28.235568
 20
277.069857
 30
0.0
 10
28.223639
 20
277.051107
 30
0.0
  0
LWPOLYLINE
  5
29e
100
AcDbEntity
  8
0
 62
7
100
AcDbPolyline
 90
1
 70
1
 10
27.914315
 20
277.458936
 30
0.0
  0
SPLINE
  5
29f
100
AcDbEntity
  8
0
 62
7
100
AcDbSpline
 70
8
 71
3
 72
8
 73
4
 74
0
 40
0
 40
0
 40
0
 40
0
 40
1
 40
1
 40
1
 40
1
 10
28.223639
 20
276.695699
 30
0.0
 10
28.223639
 20
276.691437
 30
0.0
 10
28.222360
 20
276.687602
 30
0.0
 10
28.219803
 20
276.684192
 30
0.0
  0
SPLINE
  5
2a0
100
AcDbEntity
  8
0
 62
7
100
AcDbSpline
 70
8
 71
3
 72
8
 73
4
 74
0
 40
0
 40
0
 40
0
 40
0
 40
1
 40
1
 40
1
 40
1
 10
28.219803
 20
276.684192
 30
0.0
 10
28.217245
 20
276.681209
 30
0.0
 10
28.212773
 20
276.678653
 30
0.0
 10
28.206388
 20
276.676522
 30
0.0
  0
SPLINE
  5
2a1
100
AcDbEntity
  8
0
 62
7
100
AcDbSpline
 70
8
 71
3
 72
8
 73
4
 74
0
 40
0
 40
0
 40
0
 40
0
 40
1
 40
1
 40
1
 40
1
 10
28.206388
 20
276.676522
 30
0.0
 10
28.200426
 20
276.674391
 30
0.0
 10
28.192330
 20
276.672900
 30
0.0
 10
28.182099
 20
276.672048
 30
0.0
  0
SPLINE
  5
2a2
100
AcDbEntity
  8
0
 62
7
100
AcDbSpline
 70
8
 71
3
 72
8
 73
4
 74
0
 40
0
 40
0
 40
0
 40
0
 40
1
 40
1
 40
1
 40
1
 10
28.182099
 20
276.672048
 30
0.0
 10
28.171869
 20
276.670778
 30
0.0
 10
28.158872
 20
276.670143
 30
0.0
 10
28.143108
 20
276.670143
 30
0.0
  0
SPLINE
  5
2a3
100
AcDbEntity
  8
0
 62
7
100
AcDbSpline
 70
8
 71
3
 72
8
 73
4
 74
0
 40
0
 40
0
 40
0
 40
0
 40
1
 40
1
 40
1
 40
1
 10
28.143108
 20
276.670143
 30
0.0
 10
28.127339
 20
276.670143
 30
0.0
 10
28.114341
 20
276.670778
 30
0.0
 10
28.104114
 20
276.672048
 30
0.0
  0
SPLINE
  5
2a4
100
AcDbEntity
  8
0
 62
7
100
AcDbSpline
 70
8
 71
3
 72
8
 73
4
 74
0
 40
0
 40
0
 40
0
 40
0
 40
1
 40
1
 40
1
 40
1
 10
28.104114
 20
276.672048
 30
0.0
 10
28.093883
 20
276.672894
 30
0.0
 10
28.085575
 20
276.674386
 30
0.0
 10
28.079190
 20
276.676522
 30
0.0
  0
SPLINE
  5
2a5
100
AcDbEntity
  8
0
 62
7
100
AcDbSpline
 70
8
 71
3
 72
8
 73
4
 74
0
 40
0
 40
0
 40
0
 40
0
 40
1
 40
1
 40
1
 40
1
 10
28.079190
 20
276.676522
 30
0.0
 10
28.073228
 20
276.678653
 30
0.0
 10
28.068968
 20
276.681209
 30
0.0
 10
28.066410
 20
276.684192
 30
0.0
  0
SPLINE
  5
2a6
100
AcDbEntity
  8
0
 62
7
100
AcDbSpline
 70
8
 71
3
 72
8
 73
4
 74
0
 40
0
 40
0
 40
0
 40
0
 40
1
 40
1
 40
1
 40
1
 10
28.066410
 20
276.684192
 30
0.0
 10
28.063853
 20
276.687602
 30
0.0
 10
28.062574
 20
276.691437
 30
0.0
 10
28.062574
 20
276.695699
 30
0.0
  0
LWPOLYLINE
  5
2a7
100
AcDbEntity
  8
0
 62
7
100
AcDbPolyline
 90
2
 70
0
 10
28.223639
 20
277.051107
 30
0.0
 10
28.223639
 20
276.695699
 30
0.0
  0
SPLINE
  5
2a8
100
AcDbEntity
  8
0
 62
7
100
AcDbSpline
 70
8
 71
3
 72
8
 73
4
 74
0
 40
0
 40
0
 40
0
 40
0
 40
1
 40
1
 40
1
 40
1
 10
28.062574
 20
277.265886
 30
0.0
 10
28.062574
 20
277.270147
 30
0.0
 10
28.063641
 20
277.273770
 30
0.0
 10
28.065775
 20
277.276752
 30
0.0
  0
SPLINE
  5
2a9
100
AcDbEntity
  8
0
 62
7
100
AcDbSpline
 70
8
 71
3
 72
8
 73
4
 74
0
 40
0
 40
0
 40
0
 40
0
 40
1
 40
1
 40
1
 40
1
 10
28.065775
 20
277.276752
 30
0.0
 10
28.067910
 20
277.280162
 30
0.0
 10
28.071746
 20
277.282932
 30
0.0
 10
28.077285
 20
277.285063
 30
0.0
  0
SPLINE
  5
2aa
100
AcDbEntity
  8
0
 62
7
100
AcDbSpline
 70
8
 71
3
 72
8
 73
4
 74
0
 40
0
 40
0
 40
0
 40
0
 40
1
 40
1
 40
1
 40
1
 10
28.077285
 20
277.285063
 30
0.0
 10
28.082823
 20
277.287194
 30
0.0
 10
28.089852
 20
277.288685
 30
0.0
 10
28.098372
 20
277.289537
 30
0.0
  0
SPLINE
  5
2ab
100
AcDbEntity
  8
0
 62
7
100
AcDbSpline
 70
8
 71
3
 72
8
 73
4
 74
0
 40
0
 40
0
 40
0
 40
0
 40
1
 40
1
 40
1
 40
1
 10
28.098372
 20
277.289537
 30
0.0
 10
28.107315
 20
277.290807
 30
0.0
 10
28.118395
 20
277.291442
 30
0.0
 10
28.131612
 20
277.291442
 30
0.0
  0
SPLINE
  5
2ac
100
AcDbEntity
  8
0
 62
7
100
AcDbSpline
 70
8
 71
3
 72
8
 73
4
 74
0
 40
0
 40
0
 40
0
 40
0
 40
1
 40
1
 40
1
 40
1
 10
28.131612
 20
277.291442
 30
0.0
 10
28.145247
 20
277.291442
 30
0.0
 10
28.156539
 20
277.290807
 30
0.0
 10
28.165489
 20
277.289537
 30
0.0
  0
SPLINE
  5
2ad
100
AcDbEntity
  8
0
 62
7
100
AcDbSpline
 70
8
 71
3
 72
8
 73
4
 74
0
 40
0
 40
0
 40
0
 40
0
 40
1
 40
1
 40
1
 40
1
 10
28.165489
 20
277.289537
 30
0.0
 10
28.174432
 20
277.288690
 30
0.0
 10
28.181249
 20
277.287199
 30
0.0
 10
28.185941
 20
277.285063
 30
0.0
  0
SPLINE
  5
2ae
100
AcDbEntity
  8
0
 62
7
100
AcDbSpline
 70
8
 71
3
 72
8
 73
4
 74
0
 40
0
 40
0
 40
0
 40
0
 40
1
 40
1
 40
1
 40
1
 10
28.185941
 20
277.285063
 30
0.0
 10
28.191056
 20
277.282932
 30
0.0
 10
28.194681
 20
277.280162
 30
0.0
 10
28.196816
 20
277.276752
 30
0.0
  0
SPLINE
  5
2af
100
AcDbEntity
  8
0
 62
7
100
AcDbSpline
 70
8
 71
3
 72
8
 73
4
 74
0
 40
0
 40
0
 40
0
 40
0
 40
1
 40
1
 40
1
 40
1
 10
28.196816
 20
277.276752
 30
0.0
 10
28.198950
 20
277.273770
 30
0.0
 10
28.200017
 20
277.270147
 30
0.0
 10
28.200017
 20
277.265886
 30
0.0
  0
LWPOLYLINE
  5
2b0
100
AcDbEntity
  8
0
 62
7
100
AcDbPolyline
 90
2
 70
0
 10
28.062574
 20
276.695699
 30
0.0
 10
28.062574
 20
277.265886
 30
0.0
  0
SPLINE
  5
2b1
100
AcDbEntity
  8
0
 62
7
100
AcDbSpline
 70
8
 71
3
 72
8
 73
4
 74
0
 40
0
 40
0
 40
0
 40
0
 40
1
 40
1
 40
1
 40
1
 10
28.200017
 20
277.194932
 30
0.0
 10
28.214940
 20
277.216239
 30
0.0
 10
28.229002
 20
277.233712
 30
0.0
 10
28.242205
 20
277.247348
 30
0.0
  0
SPLINE
  5
2b2
100
AcDbEntity
  8
0
 62
7
100
AcDbSpline
 70
8
 71
3
 72
8
 73
4
 74
0
 40
0
 40
0
 40
0
 40
0
 40
1
 40
1
 40
1
 40
1
 10
28.242205
 20
277.247348
 30
0.0
 10
28.255416
 20
277.261412
 30
0.0
 10
28.267988
 20
277.272492
 30
0.0
 10
28.279919
 20
277.280588
 30
0.0
  0
SPLINE
  5
2b3
100
AcDbEntity
  8
0
 62
7
100
AcDbSpline
 70
8
 71
3
 72
8
 73
4
 74
0
 40
0
 40
0
 40
0
 40
0
 40
1
 40
1
 40
1
 40
1
 10
28.279919
 20
277.280588
 30
0.0
 10
28.291860
 20
277.288684
 30
0.0
 10
28.303793
 20
277.294225
 30
0.0
 10
28.315717
 20
277.297209
 30
0.0
  0
SPLINE
  5
2b4
100
AcDbEntity
  8
0
 62
7
100
AcDbSpline
 70
8
 71
3
 72
8
 73
4
 74
0
 40
0
 40
0
 40
0
 40
0
 40
1
 40
1
 40
1
 40
1
 10
28.315717
 20
277.297209
 30
0.0
 10
28.327641
 20
277.300619
 30
0.0
 10
28.339572
 20
277.302324
 30
0.0
 10
28.351512
 20
277.302324
 30
0.0
  0
SPLINE
  5
2b5
100
AcDbEntity
  8
0
 62
7
100
AcDbSpline
 70
8
 71
3
 72
8
 73
4
 74
0
 40
0
 40
0
 40
0
 40
0
 40
1
 40
1
 40
1
 40
1
 10
28.351512
 20
277.302324
 30
0.0
 10
28.357051
 20
277.302324
 30
0.0
 10
28.363021
 20
277.301900
 30
0.0
 10
28.369424
 20
277.301054
 30
0.0
  0
SPLINE
  5
2b6
100
AcDbEntity
  8
0
 62
7
100
AcDbSpline
 70
8
 71
3
 72
8
 73
4
 74
0
 40
0
 40
0
 40
0
 40
0
 40
1
 40
1
 40
1
 40
1
 10
28.369424
 20
277.301054
 30
0.0
 10
28.375810
 20
277.300630
 30
0.0
 10
28.382415
 20
277.299565
 30
0.0
 10
28.389242
 20
277.297857
 30
0.0
  0
SPLINE
  5
2b7
100
AcDbEntity
  8
0
 62
7
100
AcDbSpline
 70
8
 71
3
 72
8
 73
4
 74
0
 40
0
 40
0
 40
0
 40
0
 40
1
 40
1
 40
1
 40
1
 10
28.389242
 20
277.297857
 30
0.0
 10
28.396068
 20
277.296587
 30
0.0
 10
28.402039
 20
277.294883
 30
0.0
 10
28.407154
 20
277.292743
 30
0.0
  0
SPLINE
  5
2b8
100
AcDbEntity
  8
0
 62
7
100
AcDbSpline
 70
8
 71
3
 72
8
 73
4
 74
0
 40
0
 40
0
 40
0
 40
0
 40
1
 40
1
 40
1
 40
1
 10
28.407154
 20
277.292743
 30
0.0
 10
28.412269
 20
277.291032
 30
0.0
 10
28.415894
 20
277.289115
 30
0.0
 10
28.418028
 20
277.286991
 30
0.0
  0
SPLINE
  5
2b9
100
AcDbEntity
  8
0
 62
7
100
AcDbSpline
 70
8
 71
3
 72
8
 73
4
 74
0
 40
0
 40
0
 40
0
 40
0
 40
1
 40
1
 40
1
 40
1
 10
28.418028
 20
277.286991
 30
0.0
 10
28.420586
 20
277.284860
 30
0.0
 10
28.422288
 20
277.282516
 30
0.0
 10
28.423135
 20
277.279958
 30
0.0
  0
SPLINE
  5
2ba
100
AcDbEntity
  8
0
 62
7
100
AcDbSpline
 70
8
 71
3
 72
8
 73
4
 74
0
 40
0
 40
0
 40
0
 40
0
 40
1
 40
1
 40
1
 40
1
 10
28.423135
 20
277.279958
 30
0.0
 10
28.424370
 20
277.277401
 30
0.0
 10
28.425437
 20
277.273779
 30
0.0
 10
28.426336
 20
277.269092
 30
0.0
  0
SPLINE
  5
2bb
100
AcDbEntity
  8
0
 62
7
100
AcDbSpline
 70
8
 71
3
 72
8
 73
4
 74
0
 40
0
 40
0
 40
0
 40
0
 40
1
 40
1
 40
1
 40
1
 10
28.426336
 20
277.269092
 30
0.0
 10
28.427218
 20
277.264830
 30
0.0
 10
28.427836
 20
277.258225
 30
0.0
 10
28.428188
 20
277.249277
 30
0.0
  0
SPLINE
  5
2bc
100
AcDbEntity
  8
0
 62
7
100
AcDbSpline
 70
8
 71
3
 72
8
 73
4
 74
0
 40
0
 40
0
 40
0
 40
0
 40
1
 40
1
 40
1
 40
1
 10
28.428188
 20
277.249277
 30
0.0
 10
28.428541
 20
277.240327
 30
0.0
 10
28.428718
 20
277.228182
 30
0.0
 10
28.428718
 20
277.212841
 30
0.0
  0
LWPOLYLINE
  5
2bd
100
AcDbEntity
  8
0
 62
7
100
AcDbPolyline
 90
2
 70
0
 10
28.200017
 20
277.265886
 30
0.0
 10
28.200017
 20
277.194932
 30
0.0
  0
SPLINE
  5
2be
100
AcDbEntity
  8
0
 62
7
100
AcDbSpline
 70
8
 71
3
 72
8
 73
4
 74
0
 40
0
 40
0
 40
0
 40
0
 40
1
 40
1
 40
1
 40
1
 10
29.039987
 20
276.997415
 30
0.0
 10
29.039987
 20
276.977812
 30
0.0
 10
29.035515
 20
276.963323
 30
0.0
 10
29.026572
 20
276.953948
 30
0.0
  0
SPLINE
  5
2bf
100
AcDbEntity
  8
0
 62
7
100
AcDbSpline
 70
8
 71
3
 72
8
 73
4
 74
0
 40
0
 40
0
 40
0
 40
0
 40
1
 40
1
 40
1
 40
1
 10
29.026572
 20
276.953948
 30
0.0
 10
29.018053
 20
276.944573
 30
0.0
 10
29.006120
 20
276.939885
 30
0.0
 10
28.990774
 20
276.939885
 30
0.0
  0
LWPOLYLINE
  5
2c0
100
AcDbEntity
  8
0
 62
7
100
AcDbPolyline
 90
2
 70
0
 10
28.428718
 20
277.212841
 30
0.0
 10
28.428889
 20
277.212833
 30
0.0
  0
SPLINE
  5
2c1
100
AcDbEntity
  8
0
 62
7
100
AcDbSpline
 70
8
 71
3
 72
8
 73
4
 74
0
 40
0
 40
0
 40
0
 40
0
 40
1
 40
1
 40
1
 40
1
 10
28.643676
 20
276.939885
 30
0.0
 10
28.643676
 20
276.915595
 30
0.0
 10
28.646445
 20
276.893435
 30
0.0
 10
28.651983
 20
276.873406
 30
0.0
  0
SPLINE
  5
2c2
100
AcDbEntity
  8
0
 62
7
100
AcDbSpline
 70
8
 71
3
 72
8
 73
4
 74
0
 40
0
 40
0
 40
0
 40
0
 40
1
 40
1
 40
1
 40
1
 10
28.651983
 20
276.873406
 30
0.0
 10
28.657945
 20
276.853803
 30
0.0
 10
28.667108
 20
276.836971
 30
0.0
 10
28.679471
 20
276.822908
 30
0.0
  0
SPLINE
  5
2c3
100
AcDbEntity
  8
0
 62
7
100
AcDbSpline
 70
8
 71
3
 72
8
 73
4
 74
0
 40
0
 40
0
 40
0
 40
0
 40
1
 40
1
 40
1
 40
1
 10
28.679471
 20
276.822908
 30
0.0
 10
28.692259
 20
276.809271
 30
0.0
 10
28.708453
 20
276.798830
 30
0.0
 10
28.728051
 20
276.791586
 30
0.0
  0
SPLINE
  5
2c4
100
AcDbEntity
  8
0
 62
7
100
AcDbSpline
 70
8
 71
3
 72
8
 73
4
 74
0
 40
0
 40
0
 40
0
 40
0
 40
1
 40
1
 40
1
 40
1
 10
28.728051
 20
276.791586
 30
0.0
 10
28.748080
 20
276.784341
 30
0.0
 10
28.771945
 20
276.780719
 30
0.0
 10
28.799645
 20
276.780719
 30
0.0
  0
SPLINE
  5
2c5
100
AcDbEntity
  8
0
 62
7
100
AcDbSpline
 70
8
 71
3
 72
8
 73
4
 74
0
 40
0
 40
0
 40
0
 40
0
 40
1
 40
1
 40
1
 40
1
 10
28.799645
 20
276.780719
 30
0.0
 10
28.827770
 20
276.780719
 30
0.0
 10
28.852486
 20
276.782637
 30
0.0
 10
28.873794
 20
276.786471
 30
0.0
  0
SPLINE
  5
2c6
100
AcDbEntity
  8
0
 62
7
100
AcDbSpline
 70
8
 71
3
 72
8
 73
4
 74
0
 40
0
 40
0
 40
0
 40
0
 40
1
 40
1
 40
1
 40
1
 10
28.873794
 20
276.786471
 30
0.0
 10
28.895102
 20
276.790733
 30
0.0
 10
28.913426
 20
276.795208
 30
0.0
 10
28.928767
 20
276.799896
 30
0.0
  0
SPLINE
  5
2c7
100
AcDbEntity
  8
0
 62
7
100
AcDbSpline
 70
8
 71
3
 72
8
 73
4
 74
0
 40
0
 40
0
 40
0
 40
0
 40
1
 40
1
 40
1
 40
1
 10
28.928767
 20
276.799896
 30
0.0
 10
28.944536
 20
276.805010
 30
0.0
 10
28.957534
 20
276.809485
 30
0.0
 10
28.967761
 20
276.813321
 30
0.0
  0
SPLINE
  5
2c8
100
AcDbEntity
  8
0
 62
7
100
AcDbSpline
 70
8
 71
3
 72
8
 73
4
 74
0
 40
0
 40
0
 40
0
 40
0
 40
1
 40
1
 40
1
 40
1
 10
28.967761
 20
276.813321
 30
0.0
 10
28.977991
 20
276.817583
 30
0.0
 10
28.986299
 20
276.819714
 30
0.0
 10
28.992685
 20
276.819714
 30
0.0
  0
SPLINE
  5
2c9
100
AcDbEntity
  8
0
 62
7
100
AcDbSpline
 70
8
 71
3
 72
8
 73
4
 74
0
 40
0
 40
0
 40
0
 40
0
 40
1
 40
1
 40
1
 40
1
 10
28.992685
 20
276.819714
 30
0.0
 10
28.996512
 20
276.819714
 30
0.0
 10
28.999705
 20
276.818858
 30
0.0
 10
29.002263
 20
276.817147
 30
0.0
  0
SPLINE
  5
2ca
100
AcDbEntity
  8
0
 62
7
100
AcDbSpline
 70
8
 71
3
 72
8
 73
4
 74
0
 40
0
 40
0
 40
0
 40
0
 40
1
 40
1
 40
1
 40
1
 10
29.002263
 20
276.817147
 30
0.0
 10
29.004820
 20
276.815877
 30
0.0
 10
29.006955
 20
276.813320
 30
0.0
 10
29.008665
 20
276.809477
 30
0.0
  0
SPLINE
  5
2cb
100
AcDbEntity
  8
0
 62
7
100
AcDbSpline
 70
8
 71
3
 72
8
 73
4
 74
0
 40
0
 40
0
 40
0
 40
0
 40
1
 40
1
 40
1
 40
1
 10
29.008665
 20
276.809477
 30
0.0
 10
29.010429
 20
276.805642
 30
0.0
 10
29.011497
 20
276.800102
 30
0.0
 10
29.011867
 20
276.792856
 30
0.0
  0
SPLINE
  5
2cc
100
AcDbEntity
  8
0
 62
7
100
AcDbSpline
 70
8
 71
3
 72
8
 73
4
 74
0
 40
0
 40
0
 40
0
 40
0
 40
1
 40
1
 40
1
 40
1
 10
29.011867
 20
276.792856
 30
0.0
 10
29.012749
 20
276.786038
 30
0.0
 10
29.013190
 20
276.777303
 30
0.0
 10
29.013190
 20
276.766649
 30
0.0
  0
SPLINE
  5
2cd
100
AcDbEntity
  8
0
 62
7
100
AcDbSpline
 70
8
 71
3
 72
8
 73
4
 74
0
 40
0
 40
0
 40
0
 40
0
 40
1
 40
1
 40
1
 40
1
 10
29.013190
 20
276.766649
 30
0.0
 10
29.013190
 20
276.757274
 30
0.0
 10
29.013013
 20
276.749177
 30
0.0
 10
29.012661
 20
276.742357
 30
0.0
  0
SPLINE
  5
2ce
100
AcDbEntity
  8
0
 62
7
100
AcDbSpline
 70
8
 71
3
 72
8
 73
4
 74
0
 40
0
 40
0
 40
0
 40
0
 40
1
 40
1
 40
1
 40
1
 10
29.012661
 20
276.742357
 30
0.0
 10
29.012308
 20
276.735965
 30
0.0
 10
29.011691
 20
276.730425
 30
0.0
 10
29.010809
 20
276.725736
 30
0.0
  0
SPLINE
  5
2cf
100
AcDbEntity
  8
0
 62
7
100
AcDbSpline
 70
8
 71
3
 72
8
 73
4
 74
0
 40
0
 40
0
 40
0
 40
0
 40
1
 40
1
 40
1
 40
1
 10
29.010809
 20
276.725736
 30
0.0
 10
29.009927
 20
276.721050
 30
0.0
 10
29.008648
 20
276.717001
 30
0.0
 10
29.006972
 20
276.713592
 30
0.0
  0
SPLINE
  5
2d0
100
AcDbEntity
  8
0
 62
7
100
AcDbSpline
 70
8
 71
3
 72
8
 73
4
 74
0
 40
0
 40
0
 40
0
 40
0
 40
1
 40
1
 40
1
 40
1
 10
29.006972
 20
276.713592
 30
0.0
 10
29.005208
 20
276.710609
 30
0.0
 10
29.002862
 20
276.707626
 30
0.0
 10
28.999934
 20
276.704644
 30
0.0
  0
SPLINE
  5
2d1
100
AcDbEntity
  8
0
 62
7
100
AcDbSpline
 70
8
 71
3
 72
8
 73
4
 74
0
 40
0
 40
0
 40
0
 40
0
 40
1
 40
1
 40
1
 40
1
 10
28.999934
 20
276.704644
 30
0.0
 10
28.997377
 20
276.701661
 30
0.0
 10
28.989924
 20
276.697613
 30
0.0
 10
28.977577
 20
276.692499
 30
0.0
  0
SPLINE
  5
2d2
100
AcDbEntity
  8
0
 62
7
100
AcDbSpline
 70
8
 71
3
 72
8
 73
4
 74
0
 40
0
 40
0
 40
0
 40
0
 40
1
 40
1
 40
1
 40
1
 10
28.977577
 20
276.692499
 30
0.0
 10
28.965212
 20
276.687386
 30
0.0
 10
28.949444
 20
276.682272
 30
0.0
 10
28.930272
 20
276.677159
 30
0.0
  0
SPLINE
  5
2d3
100
AcDbEntity
  8
0
 62
7
100
AcDbSpline
 70
8
 71
3
 72
8
 73
4
 74
0
 40
0
 40
0
 40
0
 40
0
 40
1
 40
1
 40
1
 40
1
 10
28.930272
 20
276.677159
 30
0.0
 10
28.911097
 20
276.672470
 30
0.0
 10
28.889151
 20
276.668422
 30
0.0
 10
28.864433
 20
276.665014
 30
0.0
  0
SPLINE
  5
2d4
100
AcDbEntity
  8
0
 62
7
100
AcDbSpline
 70
8
 71
3
 72
8
 73
4
 74
0
 40
0
 40
0
 40
0
 40
0
 40
1
 40
1
 40
1
 40
1
 10
28.864433
 20
276.665014
 30
0.0
 10
28.839716
 20
276.661180
 30
0.0
 10
28.813295
 20
276.659262
 30
0.0
 10
28.785169
 20
276.659262
 30
0.0
  0
SPLINE
  5
2d5
100
AcDbEntity
  8
0
 62
7
100
AcDbSpline
 70
8
 71
3
 72
8
 73
4
 74
0
 40
0
 40
0
 40
0
 40
0
 40
1
 40
1
 40
1
 40
1
 10
28.785169
 20
276.659262
 30
0.0
 10
28.734458
 20
276.659262
 30
0.0
 10
28.689926
 20
276.665655
 30
0.0
 10
28.651573
 20
276.678439
 30
0.0
  0
SPLINE
  5
2d6
100
AcDbEntity
  8
0
 62
7
100
AcDbSpline
 70
8
 71
3
 72
8
 73
4
 74
0
 40
0
 40
0
 40
0
 40
0
 40
1
 40
1
 40
1
 40
1
 10
28.651573
 20
276.678439
 30
0.0
 10
28.613644
 20
276.691224
 30
0.0
 10
28.581896
 20
276.710614
 30
0.0
 10
28.556329
 20
276.736609
 30
0.0
  0
SPLINE
  5
2d7
100
AcDbEntity
  8
0
 62
7
100
AcDbSpline
 70
8
 71
3
 72
8
 73
4
 74
0
 40
0
 40
0
 40
0
 40
0
 40
1
 40
1
 40
1
 40
1
 10
28.556329
 20
276.736609
 30
0.0
 10
28.530759
 20
276.762604
 30
0.0
 10
28.511582
 20
276.795417
 30
0.0
 10
28.498798
 20
276.835049
 30
0.0
  0
SPLINE
  5
2d8
100
AcDbEntity
  8
0
 62
7
100
AcDbSpline
 70
8
 71
3
 72
8
 73
4
 74
0
 40
0
 40
0
 40
0
 40
0
 40
1
 40
1
 40
1
 40
1
 10
28.498798
 20
276.835049
 30
0.0
 10
28.486433
 20
276.874681
 30
0.0
 10
28.480250
 20
276.921131
 30
0.0
 10
28.480250
 20
276.974400
 30
0.0
  0
SPLINE
  5
2d9
100
AcDbEntity
  8
0
 62
7
100
AcDbSpline
 70
8
 71
3
 72
8
 73
4
 74
0
 40
0
 40
0
 40
0
 40
0
 40
1
 40
1
 40
1
 40
1
 10
28.480250
 20
276.974400
 30
0.0
 10
28.480250
 20
277.025111
 30
0.0
 10
28.486856
 20
277.070709
 30
0.0
 10
28.500068
 20
277.111193
 30
0.0
  0
SPLINE
  5
2da
100
AcDbEntity
  8
0
 62
7
100
AcDbSpline
 70
8
 71
3
 72
8
 73
4
 74
0
 40
0
 40
0
 40
0
 40
0
 40
1
 40
1
 40
1
 40
1
 10
28.500068
 20
277.111193
 30
0.0
 10
28.513279
 20
277.152104
 30
0.0
 10
28.532456
 20
277.186622
 30
0.0
 10
28.557599
 20
277.214748
 30
0.0
  0
SPLINE
  5
2db
100
AcDbEntity
  8
0
 62
7
100
AcDbSpline
 70
8
 71
3
 72
8
 73
4
 74
0
 40
0
 40
0
 40
0
 40
0
 40
1
 40
1
 40
1
 40
1
 10
28.557599
 20
277.214748
 30
0.0
 10
28.582741
 20
277.243299
 30
0.0
 10
28.613211
 20
277.265033
 30
0.0
 10
28.649007
 20
277.279948
 30
0.0
  0
SPLINE
  5
2dc
100
AcDbEntity
  8
0
 62
7
100
AcDbSpline
 70
8
 71
3
 72
8
 73
4
 74
0
 40
0
 40
0
 40
0
 40
0
 40
1
 40
1
 40
1
 40
1
 10
28.649007
 20
277.279948
 30
0.0
 10
28.685230
 20
277.294864
 30
0.0
 10
28.725927
 20
277.302321
 30
0.0
 10
28.771099
 20
277.302321
 30
0.0
  0
SPLINE
  5
2dd
100
AcDbEntity
  8
0
 62
7
100
AcDbSpline
 70
8
 71
3
 72
8
 73
4
 74
0
 40
0
 40
0
 40
0
 40
0
 40
1
 40
1
 40
1
 40
1
 10
28.771099
 20
277.302321
 30
0.0
 10
28.818828
 20
277.302321
 30
0.0
 10
28.859525
 20
277.295290
 30
0.0
 10
28.893191
 20
277.281226
 30
0.0
  0
SPLINE
  5
2de
100
AcDbEntity
  8
0
 62
7
100
AcDbSpline
 70
8
 71
3
 72
8
 73
4
 74
0
 40
0
 40
0
 40
0
 40
0
 40
1
 40
1
 40
1
 40
1
 10
28.893191
 20
277.281226
 30
0.0
 10
28.927283
 20
277.267163
 30
0.0
 10
28.955196
 20
277.247560
 30
0.0
 10
28.976929
 20
277.222418
 30
0.0
  0
SPLINE
  5
2df
100
AcDbEntity
  8
0
 62
7
100
AcDbSpline
 70
8
 71
3
 72
8
 73
4
 74
0
 40
0
 40
0
 40
0
 40
0
 40
1
 40
1
 40
1
 40
1
 10
28.976929
 20
277.222418
 30
0.0
 10
28.998662
 20
277.197701
 30
0.0
 10
29.014642
 20
277.168297
 30
0.0
 10
29.024871
 20
277.134205
 30
0.0
  0
SPLINE
  5
2e0
100
AcDbEntity
  8
0
 62
7
100
AcDbSpline
 70
8
 71
3
 72
8
 73
4
 74
0
 40
0
 40
0
 40
0
 40
0
 40
1
 40
1
 40
1
 40
1
 10
29.024871
 20
277.134205
 30
0.0
 10
29.035102
 20
277.100113
 30
0.0
 10
29.040217
 20
277.063038
 30
0.0
 10
29.040217
 20
277.022980
 30
0.0
  0
LWPOLYLINE
  5
2e1
100
AcDbEntity
  8
0
 62
7
100
AcDbPolyline
 90
2
 70
0
 10
28.990774
 20
276.939885
 30
0.0
 10
28.643676
 20
276.939885
 30
0.0
  0
SPLINE
  5
2e2
100
AcDbEntity
  8
0
 62
7
100
AcDbSpline
 70
8
 71
3
 72
8
 73
4
 74
0
 40
0
 40
0
 40
0
 40
0
 40
1
 40
1
 40
1
 40
1
 10
28.884018
 20
277.043439
 30
0.0
 10
28.885252
 20
277.088611
 30
0.0
 10
28.876090
 20
277.123981
 30
0.0
 10
28.856530
 20
277.149550
 30
0.0
  0
SPLINE
  5
2e3
100
AcDbEntity
  8
0
 62
7
100
AcDbSpline
 70
8
 71
3
 72
8
 73
4
 74
0
 40
0
 40
0
 40
0
 40
0
 40
1
 40
1
 40
1
 40
1
 10
28.856530
 20
277.149550
 30
0.0
 10
28.837353
 20
277.175545
 30
0.0
 10
28.807522
 20
277.188543
 30
0.0
 10
28.767037
 20
277.188543
 30
0.0
  0
SPLINE
  5
2e4
100
AcDbEntity
  8
0
 62
7
100
AcDbSpline
 70
8
 71
3
 72
8
 73
4
 74
0
 40
0
 40
0
 40
0
 40
0
 40
1
 40
1
 40
1
 40
1
 10
28.767037
 20
277.188543
 30
0.0
 10
28.746583
 20
277.188543
 30
0.0
 10
28.728685
 20
277.184707
 30
0.0
 10
28.713343
 20
277.177036
 30
0.0
  0
SPLINE
  5
2e5
100
AcDbEntity
  8
0
 62
7
100
AcDbSpline
 70
8
 71
3
 72
8
 73
4
 74
0
 40
0
 40
0
 40
0
 40
0
 40
1
 40
1
 40
1
 40
1
 10
28.713343
 20
277.177036
 30
0.0
 10
28.698420
 20
277.169365
 30
0.0
 10
28.685849
 20
277.158924
 30
0.0
 10
28.675629
 20
277.145714
 30
0.0
  0
SPLINE
  5
2e6
100
AcDbEntity
  8
0
 62
7
100
AcDbSpline
 70
8
 71
3
 72
8
 73
4
 74
0
 40
0
 40
0
 40
0
 40
0
 40
1
 40
1
 40
1
 40
1
 10
28.675629
 20
277.145714
 30
0.0
 10
28.665822
 20
277.132930
 30
0.0
 10
28.658149
 20
277.117588
 30
0.0
 10
28.652611
 20
277.099690
 30
0.0
  0
SPLINE
  5
2e7
100
AcDbEntity
  8
0
 62
7
100
AcDbSpline
 70
8
 71
3
 72
8
 73
4
 74
0
 40
0
 40
0
 40
0
 40
0
 40
1
 40
1
 40
1
 40
1
 10
28.652611
 20
277.099690
 30
0.0
 10
28.647495
 20
277.082219
 30
0.0
 10
28.644514
 20
277.063468
 30
0.0
 10
28.643668
 20
277.043439
 30
0.0
  0
LWPOLYLINE
  5
2e8
100
AcDbEntity
  8
0
 62
7
100
AcDbPolyline
 90
2
 70
0
 10
29.040217
 20
277.022980
 30
0.0
 10
29.039987
 20
276.997415
 30
0.0
  0
SPLINE
  5
2e9
100
AcDbEntity
  8
0
 62
7
100
AcDbSpline
 70
8
 71
3
 72
8
 73
4
 74
0
 40
0
 40
0
 40
0
 40
0
 40
1
 40
1
 40
1
 40
1
 10
29.573739
 20
276.856786
 30
0.0
 10
29.573739
 20
276.824399
 30
0.0
 10
29.567556
 20
276.795847
 30
0.0
 10
29.555191
 20
276.771130
 30
0.0
  0
SPLINE
  5
2ea
100
AcDbEntity
  8
0
 62
7
100
AcDbSpline
 70
8
 71
3
 72
8
 73
4
 74
0
 40
0
 40
0
 40
0
 40
0
 40
1
 40
1
 40
1
 40
1
 10
29.555191
 20
276.771130
 30
0.0
 10
29.543250
 20
276.746414
 30
0.0
 10
29.526204
 20
276.725745
 30
0.0
 10
29.504053
 20
276.709125
 30
0.0
  0
SPLINE
  5
2eb
100
AcDbEntity
  8
0
 62
7
100
AcDbSpline
 70
8
 71
3
 72
8
 73
4
 74
0
 40
0
 40
0
 40
0
 40
0
 40
1
 40
1
 40
1
 40
1
 10
29.504053
 20
276.709125
 30
0.0
 10
29.481893
 20
276.692506
 30
0.0
 10
29.455685
 20
276.680148
 30
0.0
 10
29.425429
 20
276.672050
 30
0.0
  0
SPLINE
  5
2ec
100
AcDbEntity
  8
0
 62
7
100
AcDbSpline
 70
8
 71
3
 72
8
 73
4
 74
0
 40
0
 40
0
 40
0
 40
0
 40
1
 40
1
 40
1
 40
1
 10
29.425429
 20
276.672050
 30
0.0
 10
29.395171
 20
276.663527
 30
0.0
 10
29.362358
 20
276.659266
 30
0.0
 10
29.326988
 20
276.659266
 30
0.0
  0
SPLINE
  5
2ed
100
AcDbEntity
  8
0
 62
7
100
AcDbSpline
 70
8
 71
3
 72
8
 73
4
 74
0
 40
0
 40
0
 40
0
 40
0
 40
1
 40
1
 40
1
 40
1
 10
29.326988
 20
276.659266
 30
0.0
 10
29.305680
 20
276.659266
 30
0.0
 10
29.285226
 20
276.660971
 30
0.0
 10
29.265623
 20
276.664380
 30
0.0
  0
SPLINE
  5
2ee
100
AcDbEntity
  8
0
 62
7
100
AcDbSpline
 70
8
 71
3
 72
8
 73
4
 74
0
 40
0
 40
0
 40
0
 40
0
 40
1
 40
1
 40
1
 40
1
 10
29.265623
 20
276.664380
 30
0.0
 10
29.246446
 20
276.667363
 30
0.0
 10
29.229187
 20
276.671199
 30
0.0
 10
29.213845
 20
276.675887
 30
0.0
  0
SPLINE
  5
2ef
100
AcDbEntity
  8
0
 62
7
100
AcDbSpline
 70
8
 71
3
 72
8
 73
4
 74
0
 40
0
 40
0
 40
0
 40
0
 40
1
 40
1
 40
1
 40
1
 10
29.213845
 20
276.675887
 30
0.0
 10
29.198499
 20
276.681000
 30
0.0
 10
29.185714
 20
276.686114
 30
0.0
 10
29.175491
 20
276.691227
 30
0.0
  0
SPLINE
  5
2f0
100
AcDbEntity
  8
0
 62
7
100
AcDbSpline
 70
8
 71
3
 72
8
 73
4
 74
0
 40
0
 40
0
 40
0
 40
0
 40
1
 40
1
 40
1
 40
1
 10
29.175491
 20
276.691227
 30
0.0
 10
29.165260
 20
276.696341
 30
0.0
 10
29.157808
 20
276.701029
 30
0.0
 10
29.153133
 20
276.705290
 30
0.0
  0
SPLINE
  5
2f1
100
AcDbEntity
  8
0
 62
7
100
AcDbSpline
 70
8
 71
3
 72
8
 73
4
 74
0
 40
0
 40
0
 40
0
 40
0
 40
1
 40
1
 40
1
 40
1
 10
29.153133
 20
276.705290
 30
0.0
 10
29.148441
 20
276.709978
 30
0.0
 10
29.144817
 20
276.717010
 30
0.0
 10
29.142259
 20
276.726385
 30
0.0
  0
SPLINE
  5
2f2
100
AcDbEntity
  8
0
 62
7
100
AcDbSpline
 70
8
 71
3
 72
8
 73
4
 74
0
 40
0
 40
0
 40
0
 40
0
 40
1
 40
1
 40
1
 40
1
 10
29.142259
 20
276.726385
 30
0.0
 10
29.139701
 20
276.736187
 30
0.0
 10
29.138422
 20
276.750463
 30
0.0
 10
29.138422
 20
276.769213
 30
0.0
  0
SPLINE
  5
2f3
100
AcDbEntity
  8
0
 62
7
100
AcDbSpline
 70
8
 71
3
 72
8
 73
4
 74
0
 40
0
 40
0
 40
0
 40
0
 40
1
 40
1
 40
1
 40
1
 10
29.138422
 20
276.769213
 30
0.0
 10
29.138422
 20
276.781571
 30
0.0
 10
29.138863
 20
276.791373
 30
0.0
 10
29.139745
 20
276.798618
 30
0.0
  0
SPLINE
  5
2f4
100
AcDbEntity
  8
0
 62
7
100
AcDbSpline
 70
8
 71
3
 72
8
 73
4
 74
0
 40
0
 40
0
 40
0
 40
0
 40
1
 40
1
 40
1
 40
1
 10
29.139745
 20
276.798618
 30
0.0
 10
29.140627
 20
276.806289
 30
0.0
 10
29.141906
 20
276.812255
 30
0.0
 10
29.143582
 20
276.816517
 30
0.0
  0
SPLINE
  5
2f5
100
AcDbEntity
  8
0
 62
7
100
AcDbSpline
 70
8
 71
3
 72
8
 73
4
 74
0
 40
0
 40
0
 40
0
 40
0
 40
1
 40
1
 40
1
 40
1
 10
29.143582
 20
276.816517
 30
0.0
 10
29.145346
 20
276.821203
 30
0.0
 10
29.147480
 20
276.824186
 30
0.0
 10
29.149985
 20
276.825465
 30
0.0
  0
SPLINE
  5
2f6
100
AcDbEntity
  8
0
 62
7
100
AcDbSpline
 70
8
 71
3
 72
8
 73
4
 74
0
 40
0
 40
0
 40
0
 40
0
 40
1
 40
1
 40
1
 40
1
 10
29.149985
 20
276.825465
 30
0.0
 10
29.152542
 20
276.827176
 30
0.0
 10
29.155735
 20
276.828031
 30
0.0
 10
29.159563
 20
276.828031
 30
0.0
  0
SPLINE
  5
2f7
100
AcDbEntity
  8
0
 62
7
100
AcDbSpline
 70
8
 71
3
 72
8
 73
4
 74
0
 40
0
 40
0
 40
0
 40
0
 40
1
 40
1
 40
1
 40
1
 10
29.159563
 20
276.828031
 30
0.0
 10
29.164255
 20
276.828031
 30
0.0
 10
29.171072
 20
276.825261
 30
0.0
 10
29.180015
 20
276.819721
 30
0.0
  0
SPLINE
  5
2f8
100
AcDbEntity
  8
0
 62
7
100
AcDbSpline
 70
8
 71
3
 72
8
 73
4
 74
0
 40
0
 40
0
 40
0
 40
0
 40
1
 40
1
 40
1
 40
1
 10
29.180015
 20
276.819721
 30
0.0
 10
29.189399
 20
276.814607
 30
0.0
 10
29.200905
 20
276.808854
 30
0.0
 10
29.214532
 20
276.802462
 30
0.0
  0
SPLINE
  5
2f9
100
AcDbEntity
  8
0
 62
7
100
AcDbSpline
 70
8
 71
3
 72
8
 73
4
 74
0
 40
0
 40
0
 40
0
 40
0
 40
1
 40
1
 40
1
 40
1
 10
29.214532
 20
276.802462
 30
0.0
 10
29.228167
 20
276.796070
 30
0.0
 10
29.243935
 20
276.790103
 30
0.0
 10
29.261835
 20
276.784563
 30
0.0
  0
SPLINE
  5
2fa
100
AcDbEntity
  8
0
 62
7
100
AcDbSpline
 70
8
 71
3
 72
8
 73
4
 74
0
 40
0
 40
0
 40
0
 40
0
 40
1
 40
1
 40
1
 40
1
 10
29.261835
 20
276.784563
 30
0.0
 10
29.280160
 20
276.779023
 30
0.0
 10
29.300828
 20
276.776252
 30
0.0
 10
29.323840
 20
276.776252
 30
0.0
  0
SPLINE
  5
2fb
100
AcDbEntity
  8
0
 62
7
100
AcDbSpline
 70
8
 71
3
 72
8
 73
4
 74
0
 40
0
 40
0
 40
0
 40
0
 40
1
 40
1
 40
1
 40
1
 10
29.323840
 20
276.776252
 30
0.0
 10
29.338321
 20
276.776252
 30
0.0
 10
29.351106
 20
276.777744
 30
0.0
 10
29.362194
 20
276.780726
 30
0.0
  0
SPLINE
  5
2fc
100
AcDbEntity
  8
0
 62
7
100
AcDbSpline
 70
8
 71
3
 72
8
 73
4
 74
0
 40
0
 40
0
 40
0
 40
0
 40
1
 40
1
 40
1
 40
1
 10
29.362194
 20
276.780726
 30
0.0
 10
29.373694
 20
276.783709
 30
0.0
 10
29.383495
 20
276.787971
 30
0.0
 10
29.391597
 20
276.793511
 30
0.0
  0
SPLINE
  5
2fd
100
AcDbEntity
  8
0
 62
7
100
AcDbSpline
 70
8
 71
3
 72
8
 73
4
 74
0
 40
0
 40
0
 40
0
 40
0
 40
1
 40
1
 40
1
 40
1
 10
29.391597
 20
276.793511
 30
0.0
 10
29.400116
 20
276.799051
 30
0.0
 10
29.406511
 20
276.806083
 30
0.0
 10
29.410779
 20
276.814606
 30
0.0
  0
SPLINE
  5
2fe
100
AcDbEntity
  8
0
 62
7
100
AcDbSpline
 70
8
 71
3
 72
8
 73
4
 74
0
 40
0
 40
0
 40
0
 40
0
 40
1
 40
1
 40
1
 40
1
 10
29.410779
 20
276.814606
 30
0.0
 10
29.415048
 20
276.823129
 30
0.0
 10
29.417182
 20
276.832931
 30
0.0
 10
29.417182
 20
276.844011
 30
0.0
  0
SPLINE
  5
2ff
100
AcDbEntity
  8
0
 62
7
100
AcDbSpline
 70
8
 71
3
 72
8
 73
4
 74
0
 40
0
 40
0
 40
0
 40
0
 40
1
 40
1
 40
1
 40
1
 10
29.417182
 20
276.844011
 30
0.0
 10
29.417182
 20
276.856795
 30
0.0
 10
29.413134
 20
276.867662
 30
0.0
 10
29.405038
 20
276.876611
 30
0.0
  0
SPLINE
  5
300
100
AcDbEntity
  8
0
 62
7
100
AcDbSpline
 70
8
 71
3
 72
8
 73
4
 74
0
 40
0
 40
0
 40
0
 40
0
 40
1
 40
1
 40
1
 40
1
 10
29.405038
 20
276.876611
 30
0.0
 10
29.397365
 20
276.885986
 30
0.0
 10
29.386924
 20
276.894083
 30
0.0
 10
29.373716
 20
276.900902
 30
0.0
  0
SPLINE
  5
301
100
AcDbEntity
  8
0
 62
7
100
AcDbSpline
 70
8
 71
3
 72
8
 73
4
 74
0
 40
0
 40
0
 40
0
 40
0
 40
1
 40
1
 40
1
 40
1
 10
29.373716
 20
276.900902
 30
0.0
 10
29.360928
 20
276.907721
 30
0.0
 10
29.346226
 20
276.914114
 30
0.0
 10
29.329610
 20
276.920079
 30
0.0
  0
SPLINE
  5
302
100
AcDbEntity
  8
0
 62
7
100
AcDbSpline
 70
8
 71
3
 72
8
 73
4
 74
0
 40
0
 40
0
 40
0
 40
0
 40
1
 40
1
 40
1
 40
1
 10
29.329610
 20
276.920079
 30
0.0
 10
29.313418
 20
276.926045
 30
0.0
 10
29.296585
 20
276.932650
 30
0.0
 10
29.279112
 20
276.939894
 30
0.0
  0
SPLINE
  5
303
100
AcDbEntity
  8
0
 62
7
100
AcDbSpline
 70
8
 71
3
 72
8
 73
4
 74
0
 40
0
 40
0
 40
0
 40
0
 40
1
 40
1
 40
1
 40
1
 10
29.279112
 20
276.939894
 30
0.0
 10
29.262073
 20
276.947138
 30
0.0
 10
29.245240
 20
276.955448
 30
0.0
 10
29.228614
 20
276.964823
 30
0.0
  0
SPLINE
  5
304
100
AcDbEntity
  8
0
 62
7
100
AcDbSpline
 70
8
 71
3
 72
8
 73
4
 74
0
 40
0
 40
0
 40
0
 40
0
 40
1
 40
1
 40
1
 40
1
 10
29.228614
 20
276.964823
 30
0.0
 10
29.212421
 20
276.974198
 30
0.0
 10
29.197719
 20
276.985704
 30
0.0
 10
29.184508
 20
276.999341
 30
0.0
  0
SPLINE
  5
305
100
AcDbEntity
  8
0
 62
7
100
AcDbSpline
 70
8
 71
3
 72
8
 73
4
 74
0
 40
0
 40
0
 40
0
 40
0
 40
1
 40
1
 40
1
 40
1
 10
29.184508
 20
276.999341
 30
0.0
 10
29.171719
 20
277.012978
 30
0.0
 10
29.161279
 20
277.029384
 30
0.0
 10
29.153186
 20
277.048561
 30
0.0
  0
SPLINE
  5
306
100
AcDbEntity
  8
0
 62
7
100
AcDbSpline
 70
8
 71
3
 72
8
 73
4
 74
0
 40
0
 40
0
 40
0
 40
0
 40
1
 40
1
 40
1
 40
1
 10
29.153186
 20
277.048561
 30
0.0
 10
29.145513
 20
277.067738
 30
0.0
 10
29.141677
 20
277.090750
 30
0.0
 10
29.141677
 20
277.117597
 30
0.0
  0
SPLINE
  5
307
100
AcDbEntity
  8
0
 62
7
100
AcDbSpline
 70
8
 71
3
 72
8
 73
4
 74
0
 40
0
 40
0
 40
0
 40
0
 40
1
 40
1
 40
1
 40
1
 10
29.141677
 20
277.117597
 30
0.0
 10
29.141677
 20
277.144871
 30
0.0
 10
29.147004
 20
277.169800
 30
0.0
 10
29.157658
 20
277.192386
 30
0.0
  0
SPLINE
  5
308
100
AcDbEntity
  8
0
 62
7
100
AcDbSpline
 70
8
 71
3
 72
8
 73
4
 74
0
 40
0
 40
0
 40
0
 40
0
 40
1
 40
1
 40
1
 40
1
 10
29.157658
 20
277.192386
 30
0.0
 10
29.168312
 20
277.215398
 30
0.0
 10
29.183653
 20
277.235001
 30
0.0
 10
29.203682
 20
277.251195
 30
0.0
  0
SPLINE
  5
309
100
AcDbEntity
  8
0
 62
7
100
AcDbSpline
 70
8
 71
3
 72
8
 73
4
 74
0
 40
0
 40
0
 40
0
 40
0
 40
1
 40
1
 40
1
 40
1
 10
29.203682
 20
277.251195
 30
0.0
 10
29.223711
 20
277.267389
 30
0.0
 10
29.248001
 20
277.279961
 30
0.0
 10
29.276553
 20
277.288909
 30
0.0
  0
SPLINE
  5
30a
100
AcDbEntity
  8
0
 62
7
100
AcDbSpline
 70
8
 71
3
 72
8
 73
4
 74
0
 40
0
 40
0
 40
0
 40
0
 40
1
 40
1
 40
1
 40
1
 10
29.276553
 20
277.288909
 30
0.0
 10
29.305531
 20
277.297859
 30
0.0
 10
29.337917
 20
277.302334
 30
0.0
 10
29.373714
 20
277.302334
 30
0.0
  0
SPLINE
  5
30b
100
AcDbEntity
  8
0
 62
7
100
AcDbSpline
 70
8
 71
3
 72
8
 73
4
 74
0
 40
0
 40
0
 40
0
 40
0
 40
1
 40
1
 40
1
 40
1
 10
29.373714
 20
277.302334
 30
0.0
 10
29.391612
 20
277.302334
 30
0.0
 10
29.408871
 20
277.301055
 30
0.0
 10
29.425493
 20
277.298498
 30
0.0
  0
SPLINE
  5
30c
100
AcDbEntity
  8
0
 62
7
100
AcDbSpline
 70
8
 71
3
 72
8
 73
4
 74
0
 40
0
 40
0
 40
0
 40
0
 40
1
 40
1
 40
1
 40
1
 10
29.425493
 20
277.298498
 30
0.0
 10
29.442532
 20
277.295940
 30
0.0
 10
29.457872
 20
277.292744
 30
0.0
 10
29.471514
 20
277.288909
 30
0.0
  0
SPLINE
  5
30d
100
AcDbEntity
  8
0
 62
7
100
AcDbSpline
 70
8
 71
3
 72
8
 73
4
 74
0
 40
0
 40
0
 40
0
 40
0
 40
1
 40
1
 40
1
 40
1
 10
29.471514
 20
277.288909
 30
0.0
 10
29.485149
 20
277.285074
 30
0.0
 10
29.496656
 20
277.280813
 30
0.0
 10
29.506034
 20
277.276124
 30
0.0
  0
SPLINE
  5
30e
100
AcDbEntity
  8
0
 62
7
100
AcDbSpline
 70
8
 71
3
 72
8
 73
4
 74
0
 40
0
 40
0
 40
0
 40
0
 40
1
 40
1
 40
1
 40
1
 10
29.506034
 20
277.276124
 30
0.0
 10
29.515418
 20
277.271863
 30
0.0
 10
29.522024
 20
277.268027
 30
0.0
 10
29.525852
 20
277.264618
 30
0.0
  0
SPLINE
  5
30f
100
AcDbEntity
  8
0
 62
7
100
AcDbSpline
 70
8
 71
3
 72
8
 73
4
 74
0
 40
0
 40
0
 40
0
 40
0
 40
1
 40
1
 40
1
 40
1
 10
29.525852
 20
277.264618
 30
0.0
 10
29.530120
 20
277.261635
 30
0.0
 10
29.533101
 20
277.258439
 30
0.0
 10
29.534795
 20
277.255029
 30
0.0
  0
SPLINE
  5
310
100
AcDbEntity
  8
0
 62
7
100
AcDbSpline
 70
8
 71
3
 72
8
 73
4
 74
0
 40
0
 40
0
 40
0
 40
0
 40
1
 40
1
 40
1
 40
1
 10
29.534795
 20
277.255029
 30
0.0
 10
29.536558
 20
277.252047
 30
0.0
 10
29.537837
 20
277.248211
 30
0.0
 10
29.538631
 20
277.243523
 30
0.0
  0
SPLINE
  5
311
100
AcDbEntity
  8
0
 62
7
100
AcDbSpline
 70
8
 71
3
 72
8
 73
4
 74
0
 40
0
 40
0
 40
0
 40
0
 40
1
 40
1
 40
1
 40
1
 10
29.538631
 20
277.243523
 30
0.0
 10
29.539513
 20
277.239261
 30
0.0
 10
29.540130
 20
277.233721
 30
0.0
 10
29.540483
 20
277.226901
 30
0.0
  0
SPLINE
  5
312
100
AcDbEntity
  8
0
 62
7
100
AcDbSpline
 70
8
 71
3
 72
8
 73
4
 74
0
 40
0
 40
0
 40
0
 40
0
 40
1
 40
1
 40
1
 40
1
 10
29.540483
 20
277.226901
 30
0.0
 10
29.541365
 20
277.220509
 30
0.0
 10
29.541806
 20
277.212412
 30
0.0
 10
29.541806
 20
277.202610
 30
0.0
  0
SPLINE
  5
313
100
AcDbEntity
  8
0
 62
7
100
AcDbSpline
 70
8
 71
3
 72
8
 73
4
 74
0
 40
0
 40
0
 40
0
 40
0
 40
1
 40
1
 40
1
 40
1
 10
29.541806
 20
277.202610
 30
0.0
 10
29.541806
 20
277.191104
 30
0.0
 10
29.541365
 20
277.181729
 30
0.0
 10
29.540483
 20
277.174484
 30
0.0
  0
SPLINE
  5
314
100
AcDbEntity
  8
0
 62
7
100
AcDbSpline
 70
8
 71
3
 72
8
 73
4
 74
0
 40
0
 40
0
 40
0
 40
0
 40
1
 40
1
 40
1
 40
1
 10
29.540483
 20
277.174484
 30
0.0
 10
29.540130
 20
277.167240
 30
0.0
 10
29.539063
 20
277.161487
 30
0.0
 10
29.537282
 20
277.157225
 30
0.0
  0
SPLINE
  5
315
100
AcDbEntity
  8
0
 62
7
100
AcDbSpline
 70
8
 71
3
 72
8
 73
4
 74
0
 40
0
 40
0
 40
0
 40
0
 40
1
 40
1
 40
1
 40
1
 10
29.537282
 20
277.157225
 30
0.0
 10
29.536047
 20
277.152964
 30
0.0
 10
29.534133
 20
277.149981
 30
0.0
 10
29.531540
 20
277.148277
 30
0.0
  0
SPLINE
  5
316
100
AcDbEntity
  8
0
 62
7
100
AcDbSpline
 70
8
 71
3
 72
8
 73
4
 74
0
 40
0
 40
0
 40
0
 40
0
 40
1
 40
1
 40
1
 40
1
 10
29.531540
 20
277.148277
 30
0.0
 10
29.528983
 20
277.147007
 30
0.0
 10
29.526002
 20
277.146372
 30
0.0
 10
29.522597
 20
277.146372
 30
0.0
  0
SPLINE
  5
317
100
AcDbEntity
  8
0
 62
7
100
AcDbSpline
 70
8
 71
3
 72
8
 73
4
 74
0
 40
0
 40
0
 40
0
 40
0
 40
1
 40
1
 40
1
 40
1
 10
29.522597
 20
277.146372
 30
0.0
 10
29.518770
 20
277.146372
 30
0.0
 10
29.512808
 20
277.148503
 30
0.0
 10
29.504711
 20
277.152764
 30
0.0
  0
SPLINE
  5
318
100
AcDbEntity
  8
0
 62
7
100
AcDbSpline
 70
8
 71
3
 72
8
 73
4
 74
0
 40
0
 40
0
 40
0
 40
0
 40
1
 40
1
 40
1
 40
1
 10
29.504711
 20
277.152764
 30
0.0
 10
29.496615
 20
277.157453
 30
0.0
 10
29.486387
 20
277.162354
 30
0.0
 10
29.474028
 20
277.167467
 30
0.0
  0
SPLINE
  5
319
100
AcDbEntity
  8
0
 62
7
100
AcDbSpline
 70
8
 71
3
 72
8
 73
4
 74
0
 40
0
 40
0
 40
0
 40
0
 40
1
 40
1
 40
1
 40
1
 10
29.474028
 20
277.167467
 30
0.0
 10
29.462086
 20
277.172581
 30
0.0
 10
29.448024
 20
277.177268
 30
0.0
 10
29.431840
 20
277.181530
 30
0.0
  0
SPLINE
  5
31a
100
AcDbEntity
  8
0
 62
7
100
AcDbSpline
 70
8
 71
3
 72
8
 73
4
 74
0
 40
0
 40
0
 40
0
 40
0
 40
1
 40
1
 40
1
 40
1
 10
29.431840
 20
277.181530
 30
0.0
 10
29.416071
 20
277.186218
 30
0.0
 10
29.397959
 20
277.188562
 30
0.0
 10
29.377505
 20
277.188562
 30
0.0
  0
SPLINE
  5
31b
100
AcDbEntity
  8
0
 62
7
100
AcDbSpline
 70
8
 71
3
 72
8
 73
4
 74
0
 40
0
 40
0
 40
0
 40
0
 40
1
 40
1
 40
1
 40
1
 10
29.377505
 20
277.188562
 30
0.0
 10
29.363024
 20
277.188562
 30
0.0
 10
29.350452
 20
277.187071
 30
0.0
 10
29.339791
 20
277.184088
 30
0.0
  0
SPLINE
  5
31c
100
AcDbEntity
  8
0
 62
7
100
AcDbSpline
 70
8
 71
3
 72
8
 73
4
 74
0
 40
0
 40
0
 40
0
 40
0
 40
1
 40
1
 40
1
 40
1
 10
29.339791
 20
277.184088
 30
0.0
 10
29.329138
 20
277.181106
 30
0.0
 10
29.320397
 20
277.176844
 30
0.0
 10
29.313571
 20
277.171304
 30
0.0
  0
SPLINE
  5
31d
100
AcDbEntity
  8
0
 62
7
100
AcDbSpline
 70
8
 71
3
 72
8
 73
4
 74
0
 40
0
 40
0
 40
0
 40
0
 40
1
 40
1
 40
1
 40
1
 10
29.313571
 20
277.171304
 30
0.0
 10
29.306763
 20
277.165763
 30
0.0
 10
29.301647
 20
277.159158
 30
0.0
 10
29.298225
 20
277.151489
 30
0.0
  0
SPLINE
  5
31e
100
AcDbEntity
  8
0
 62
7
100
AcDbSpline
 70
8
 71
3
 72
8
 73
4
 74
0
 40
0
 40
0
 40
0
 40
0
 40
1
 40
1
 40
1
 40
1
 10
29.298225
 20
277.151489
 30
0.0
 10
29.294821
 20
277.144245
 30
0.0
 10
29.293119
 20
277.136361
 30
0.0
 10
29.293119
 20
277.127838
 30
0.0
  0
SPLINE
  5
31f
100
AcDbEntity
  8
0
 62
7
100
AcDbSpline
 70
8
 71
3
 72
8
 73
4
 74
0
 40
0
 40
0
 40
0
 40
0
 40
1
 40
1
 40
1
 40
1
 10
29.293119
 20
277.127838
 30
0.0
 10
29.293119
 20
277.114628
 30
0.0
 10
29.297167
 20
277.103548
 30
0.0
 10
29.305263
 20
277.094598
 30
0.0
  0
SPLINE
  5
320
100
AcDbEntity
  8
0
 62
7
100
AcDbSpline
 70
8
 71
3
 72
8
 73
4
 74
0
 40
0
 40
0
 40
0
 40
0
 40
1
 40
1
 40
1
 40
1
 10
29.305263
 20
277.094598
 30
0.0
 10
29.313360
 20
277.085650
 30
0.0
 10
29.324013
 20
277.077766
 30
0.0
 10
29.337225
 20
277.070947
 30
0.0
  0
SPLINE
  5
321
100
AcDbEntity
  8
0
 62
7
100
AcDbSpline
 70
8
 71
3
 72
8
 73
4
 74
0
 40
0
 40
0
 40
0
 40
0
 40
1
 40
1
 40
1
 40
1
 10
29.337225
 20
277.070947
 30
0.0
 10
29.350437
 20
277.064128
 30
0.0
 10
29.365352
 20
277.057736
 30
0.0
 10
29.381971
 20
277.051770
 30
0.0
  0
SPLINE
  5
322
100
AcDbEntity
  8
0
 62
7
100
AcDbSpline
 70
8
 71
3
 72
8
 73
4
 74
0
 40
0
 40
0
 40
0
 40
0
 40
1
 40
1
 40
1
 40
1
 10
29.381971
 20
277.051770
 30
0.0
 10
29.399010
 20
277.045805
 30
0.0
 10
29.416057
 20
277.039200
 30
0.0
 10
29.433110
 20
277.031956
 30
0.0
  0
SPLINE
  5
323
100
AcDbEntity
  8
0
 62
7
100
AcDbSpline
 70
8
 71
3
 72
8
 73
4
 74
0
 40
0
 40
0
 40
0
 40
0
 40
1
 40
1
 40
1
 40
1
 10
29.433110
 20
277.031956
 30
0.0
 10
29.450590
 20
277.025136
 30
0.0
 10
29.467635
 20
277.017039
 30
0.0
 10
29.484246
 20
277.007664
 30
0.0
  0
SPLINE
  5
324
100
AcDbEntity
  8
0
 62
7
100
AcDbSpline
 70
8
 71
3
 72
8
 73
4
 74
0
 40
0
 40
0
 40
0
 40
0
 40
1
 40
1
 40
1
 40
1
 10
29.484246
 20
277.007664
 30
0.0
 10
29.501285
 20
276.998289
 30
0.0
 10
29.516414
 20
276.986783
 30
0.0
 10
29.529633
 20
276.973146
 30
0.0
  0
SPLINE
  5
325
100
AcDbEntity
  8
0
 62
7
100
AcDbSpline
 70
8
 71
3
 72
8
 73
4
 74
0
 40
0
 40
0
 40
0
 40
0
 40
1
 40
1
 40
1
 40
1
 10
29.529633
 20
276.973146
 30
0.0
 10
29.542844
 20
276.959510
 30
0.0
 10
29.553498
 20
276.943103
 30
0.0
 10
29.561594
 20
276.923926
 30
0.0
  0
SPLINE
  5
326
100
AcDbEntity
  8
0
 62
7
100
AcDbSpline
 70
8
 71
3
 72
8
 73
4
 74
0
 40
0
 40
0
 40
0
 40
0
 40
1
 40
1
 40
1
 40
1
 10
29.561594
 20
276.923926
 30
0.0
 10
29.569690
 20
276.905176
 30
0.0
 10
29.573739
 20
276.882803
 30
0.0
 10
29.573739
 20
276.856808
 30
0.0
  0
LWPOLYLINE
  5
327
100
AcDbEntity
  8
0
 62
7
100
AcDbPolyline
 90
2
 70
0
 10
28.643668
 20
277.043439
 30
0.0
 10
28.884018
 20
277.043439
 30
0.0
  0
SPLINE
  5
328
100
AcDbEntity
  8
0
 62
7
100
AcDbSpline
 70
8
 71
3
 72
8
 73
4
 74
0
 40
0
 40
0
 40
0
 40
0
 40
1
 40
1
 40
1
 40
1
 10
24.710849
 20
275.358797
 30
0.0
 10
24.708291
 20
275.348570
 30
0.0
 10
24.704669
 20
275.340261
 30
0.0
 10
24.699982
 20
275.333868
 30
0.0
  0
SPLINE
  5
329
100
AcDbEntity
  8
0
 62
7
100
AcDbSpline
 70
8
 71
3
 72
8
 73
4
 74
0
 40
0
 40
0
 40
0
 40
0
 40
1
 40
1
 40
1
 40
1
 10
24.699982
 20
275.333868
 30
0.0
 10
24.695721
 20
275.327903
 30
0.0
 10
24.689116
 20
275.323215
 30
0.0
 10
24.680168
 20
275.319806
 30
0.0
  0
SPLINE
  5
32a
100
AcDbEntity
  8
0
 62
7
100
AcDbSpline
 70
8
 71
3
 72
8
 73
4
 74
0
 40
0
 40
0
 40
0
 40
0
 40
1
 40
1
 40
1
 40
1
 10
24.680168
 20
275.319806
 30
0.0
 10
24.671218
 20
275.316823
 30
0.0
 10
24.659712
 20
275.314906
 30
0.0
 10
24.645650
 20
275.314054
 30
0.0
  0
SPLINE
  5
32b
100
AcDbEntity
  8
0
 62
7
100
AcDbSpline
 70
8
 71
3
 72
8
 73
4
 74
0
 40
0
 40
0
 40
0
 40
0
 40
1
 40
1
 40
1
 40
1
 10
24.645650
 20
275.314054
 30
0.0
 10
24.631586
 20
275.312784
 30
0.0
 10
24.613688
 20
275.312149
 30
0.0
 10
24.591955
 20
275.312149
 30
0.0
  0
SPLINE
  5
32c
100
AcDbEntity
  8
0
 62
7
100
AcDbSpline
 70
8
 71
3
 72
8
 73
4
 74
0
 40
0
 40
0
 40
0
 40
0
 40
1
 40
1
 40
1
 40
1
 10
24.591955
 20
275.312149
 30
0.0
 10
24.567664
 20
275.312149
 30
0.0
 10
24.548062
 20
275.312784
 30
0.0
 10
24.533146
 20
275.314054
 30
0.0
  0
SPLINE
  5
32d
100
AcDbEntity
  8
0
 62
7
100
AcDbSpline
 70
8
 71
3
 72
8
 73
4
 74
0
 40
0
 40
0
 40
0
 40
0
 40
1
 40
1
 40
1
 40
1
 10
24.533146
 20
275.314054
 30
0.0
 10
24.518658
 20
275.314900
 30
0.0
 10
24.507152
 20
275.316818
 30
0.0
 10
24.498628
 20
275.319806
 30
0.0
  0
SPLINE
  5
32e
100
AcDbEntity
  8
0
 62
7
100
AcDbSpline
 70
8
 71
3
 72
8
 73
4
 74
0
 40
0
 40
0
 40
0
 40
0
 40
1
 40
1
 40
1
 40
1
 10
24.498628
 20
275.319806
 30
0.0
 10
24.490105
 20
275.323215
 30
0.0
 10
24.483926
 20
275.327903
 30
0.0
 10
24.480092
 20
275.333868
 30
0.0
  0
SPLINE
  5
32f
100
AcDbEntity
  8
0
 62
7
100
AcDbSpline
 70
8
 71
3
 72
8
 73
4
 74
0
 40
0
 40
0
 40
0
 40
0
 40
1
 40
1
 40
1
 40
1
 10
24.480092
 20
275.333868
 30
0.0
 10
24.476257
 20
275.340261
 30
0.0
 10
24.473274
 20
275.348570
 30
0.0
 10
24.471144
 20
275.358797
 30
0.0
  0
LWPOLYLINE
  5
330
100
AcDbEntity
  8
0
 62
7
100
AcDbPolyline
 90
1
 70
1
 10
29.573739
 20
276.856808
 30
0.0
  0
SPLINE
  5
331
100
AcDbEntity
  8
0
 62
7
100
AcDbSpline
 70
8
 71
3
 72
8
 73
4
 74
0
 40
0
 40
0
 40
0
 40
0
 40
1
 40
1
 40
1
 40
1
 10
24.212267
 20
275.358797
 30
0.0
 10
24.210136
 20
275.348995
 30
0.0
 10
24.207153
 20
275.340898
 30
0.0
 10
24.203319
 20
275.334506
 30
0.0
  0
SPLINE
  5
332
100
AcDbEntity
  8
0
 62
7
100
AcDbSpline
 70
8
 71
3
 72
8
 73
4
 74
0
 40
0
 40
0
 40
0
 40
0
 40
1
 40
1
 40
1
 40
1
 10
24.203319
 20
275.334506
 30
0.0
 10
24.199484
 20
275.328540
 30
0.0
 10
24.193305
 20
275.323853
 30
0.0
 10
24.184782
 20
275.320443
 30
0.0
  0
SPLINE
  5
333
100
AcDbEntity
  8
0
 62
7
100
AcDbSpline
 70
8
 71
3
 72
8
 73
4
 74
0
 40
0
 40
0
 40
0
 40
0
 40
1
 40
1
 40
1
 40
1
 10
24.184782
 20
275.320443
 30
0.0
 10
24.176686
 20
275.317034
 30
0.0
 10
24.165393
 20
275.314903
 30
0.0
 10
24.150903
 20
275.314051
 30
0.0
  0
SPLINE
  5
334
100
AcDbEntity
  8
0
 62
7
100
AcDbSpline
 70
8
 71
3
 72
8
 73
4
 74
0
 40
0
 40
0
 40
0
 40
0
 40
1
 40
1
 40
1
 40
1
 10
24.150903
 20
275.314051
 30
0.0
 10
24.136840
 20
275.312781
 30
0.0
 10
24.118089
 20
275.312146
 30
0.0
 10
24.094651
 20
275.312146
 30
0.0
  0
SPLINE
  5
335
100
AcDbEntity
  8
0
 62
7
100
AcDbSpline
 70
8
 71
3
 72
8
 73
4
 74
0
 40
0
 40
0
 40
0
 40
0
 40
1
 40
1
 40
1
 40
1
 10
24.094651
 20
275.312146
 30
0.0
 10
24.069935
 20
275.312146
 30
0.0
 10
24.050119
 20
275.312781
 30
0.0
 10
24.035203
 20
275.314051
 30
0.0
  0
SPLINE
  5
336
100
AcDbEntity
  8
0
 62
7
100
AcDbSpline
 70
8
 71
3
 72
8
 73
4
 74
0
 40
0
 40
0
 40
0
 40
0
 40
1
 40
1
 40
1
 40
1
 10
24.035203
 20
275.314051
 30
0.0
 10
24.020715
 20
275.314898
 30
0.0
 10
24.009209
 20
275.316815
 30
0.0
 10
24.000686
 20
275.319803
 30
0.0
  0
SPLINE
  5
337
100
AcDbEntity
  8
0
 62
7
100
AcDbSpline
 70
8
 71
3
 72
8
 73
4
 74
0
 40
0
 40
0
 40
0
 40
0
 40
1
 40
1
 40
1
 40
1
 10
24.000686
 20
275.319803
 30
0.0
 10
23.992163
 20
275.323213
 30
0.0
 10
23.985984
 20
275.327900
 30
0.0
 10
23.982149
 20
275.333866
 30
0.0
  0
SPLINE
  5
338
100
AcDbEntity
  8
0
 62
7
100
AcDbSpline
 70
8
 71
3
 72
8
 73
4
 74
0
 40
0
 40
0
 40
0
 40
0
 40
1
 40
1
 40
1
 40
1
 10
23.982149
 20
275.333866
 30
0.0
 10
23.978314
 20
275.340258
 30
0.0
 10
23.975118
 20
275.348568
 30
0.0
 10
23.972560
 20
275.358795
 30
0.0
  0
LWPOLYLINE
  5
339
100
AcDbEntity
  8
0
 62
7
100
AcDbPolyline
 90
4
 70
0
 10
24.471144
 20
275.358797
 30
0.0
 10
24.338824
 20
275.882960
 30
0.0
 10
24.337554
 20
275.882960
 30
0.0
 10
24.212267
 20
275.358797
 30
0.0
  0
SPLINE
  5
33a
100
AcDbEntity
  8
0
 62
7
100
AcDbSpline
 70
8
 71
3
 72
8
 73
4
 74
0
 40
0
 40
0
 40
0
 40
0
 40
1
 40
1
 40
1
 40
1
 10
23.784614
 20
276.080480
 30
0.0
 10
23.780780
 20
276.095821
 30
0.0
 10
23.778649
 20
276.107753
 30
0.0
 10
23.778222
 20
276.116276
 30
0.0
  0
SPLINE
  5
33b
100
AcDbEntity
  8
0
 62
7
100
AcDbSpline
 70
8
 71
3
 72
8
 73
4
 74
0
 40
0
 40
0
 40
0
 40
0
 40
1
 40
1
 40
1
 40
1
 10
23.778222
 20
276.116276
 30
0.0
 10
23.777799
 20
276.125226
 30
0.0
 10
23.780143
 20
276.132045
 30
0.0
 10
23.785255
 20
276.136731
 30
0.0
  0
SPLINE
  5
33c
100
AcDbEntity
  8
0
 62
7
100
AcDbSpline
 70
8
 71
3
 72
8
 73
4
 74
0
 40
0
 40
0
 40
0
 40
0
 40
1
 40
1
 40
1
 40
1
 10
23.785255
 20
276.136731
 30
0.0
 10
23.790795
 20
276.141420
 30
0.0
 10
23.799531
 20
276.144190
 30
0.0
 10
23.811462
 20
276.145042
 30
0.0
  0
SPLINE
  5
33d
100
AcDbEntity
  8
0
 62
7
100
AcDbSpline
 70
8
 71
3
 72
8
 73
4
 74
0
 40
0
 40
0
 40
0
 40
0
 40
1
 40
1
 40
1
 40
1
 10
23.811462
 20
276.145042
 30
0.0
 10
23.823820
 20
276.146312
 30
0.0
 10
23.840866
 20
276.146947
 30
0.0
 10
23.862600
 20
276.146947
 30
0.0
  0
SPLINE
  5
33e
100
AcDbEntity
  8
0
 62
7
100
AcDbSpline
 70
8
 71
3
 72
8
 73
4
 74
0
 40
0
 40
0
 40
0
 40
0
 40
1
 40
1
 40
1
 40
1
 10
23.862600
 20
276.146947
 30
0.0
 10
23.882629
 20
276.146947
 30
0.0
 10
23.898396
 20
276.146524
 30
0.0
 10
23.909902
 20
276.145677
 30
0.0
  0
SPLINE
  5
33f
100
AcDbEntity
  8
0
 62
7
100
AcDbSpline
 70
8
 71
3
 72
8
 73
4
 74
0
 40
0
 40
0
 40
0
 40
0
 40
1
 40
1
 40
1
 40
1
 10
23.909902
 20
276.145677
 30
0.0
 10
23.921835
 20
276.145254
 30
0.0
 10
23.930784
 20
276.143762
 30
0.0
 10
23.936749
 20
276.141203
 30
0.0
  0
SPLINE
  5
340
100
AcDbEntity
  8
0
 62
7
100
AcDbSpline
 70
8
 71
3
 72
8
 73
4
 74
0
 40
0
 40
0
 40
0
 40
0
 40
1
 40
1
 40
1
 40
1
 10
23.936749
 20
276.141203
 30
0.0
 10
23.942715
 20
276.139072
 30
0.0
 10
23.946763
 20
276.135663
 30
0.0
 10
23.948894
 20
276.130977
 30
0.0
  0
SPLINE
  5
341
100
AcDbEntity
  8
0
 62
7
100
AcDbSpline
 70
8
 71
3
 72
8
 73
4
 74
0
 40
0
 40
0
 40
0
 40
0
 40
1
 40
1
 40
1
 40
1
 10
23.948894
 20
276.130977
 30
0.0
 10
23.951024
 20
276.126715
 30
0.0
 10
23.952729
 20
276.120536
 30
0.0
 10
23.954008
 20
276.112440
 30
0.0
  0
LWPOLYLINE
  5
342
100
AcDbEntity
  8
0
 62
7
100
AcDbPolyline
 90
2
 70
0
 10
23.972560
 20
275.358795
 30
0.0
 10
23.784614
 20
276.080480
 30
0.0
  0
SPLINE
  5
343
100
AcDbEntity
  8
0
 62
7
100
AcDbSpline
 70
8
 71
3
 72
8
 73
4
 74
0
 40
0
 40
0
 40
0
 40
0
 40
1
 40
1
 40
1
 40
1
 10
24.250604
 20
276.107965
 30
0.0
 10
24.252315
 20
276.116062
 30
0.0
 10
24.254445
 20
276.122666
 30
0.0
 10
24.256996
 20
276.127780
 30
0.0
  0
SPLINE
  5
344
100
AcDbEntity
  8
0
 62
7
100
AcDbSpline
 70
8
 71
3
 72
8
 73
4
 74
0
 40
0
 40
0
 40
0
 40
0
 40
1
 40
1
 40
1
 40
1
 10
24.256996
 20
276.127780
 30
0.0
 10
24.259979
 20
276.132893
 30
0.0
 10
24.264666
 20
276.136729
 30
0.0
 10
24.271058
 20
276.139287
 30
0.0
  0
SPLINE
  5
345
100
AcDbEntity
  8
0
 62
7
100
AcDbSpline
 70
8
 71
3
 72
8
 73
4
 74
0
 40
0
 40
0
 40
0
 40
0
 40
1
 40
1
 40
1
 40
1
 10
24.271058
 20
276.139287
 30
0.0
 10
24.277878
 20
276.142269
 30
0.0
 10
24.287040
 20
276.144187
 30
0.0
 10
24.298545
 20
276.145039
 30
0.0
  0
SPLINE
  5
346
100
AcDbEntity
  8
0
 62
7
100
AcDbSpline
 70
8
 71
3
 72
8
 73
4
 74
0
 40
0
 40
0
 40
0
 40
0
 40
1
 40
1
 40
1
 40
1
 10
24.298545
 20
276.145039
 30
0.0
 10
24.310051
 20
276.146309
 30
0.0
 10
24.325392
 20
276.146944
 30
0.0
 10
24.344569
 20
276.146944
 30
0.0
  0
SPLINE
  5
347
100
AcDbEntity
  8
0
 62
7
100
AcDbSpline
 70
8
 71
3
 72
8
 73
4
 74
0
 40
0
 40
0
 40
0
 40
0
 40
1
 40
1
 40
1
 40
1
 10
24.344569
 20
276.146944
 30
0.0
 10
24.365024
 20
276.146944
 30
0.0
 10
24.381218
 20
276.146520
 30
0.0
 10
24.393150
 20
276.145674
 30
0.0
  0
SPLINE
  5
348
100
AcDbEntity
  8
0
 62
7
100
AcDbSpline
 70
8
 71
3
 72
8
 73
4
 74
0
 40
0
 40
0
 40
0
 40
0
 40
1
 40
1
 40
1
 40
1
 10
24.393150
 20
276.145674
 30
0.0
 10
24.405508
 20
276.144827
 30
0.0
 10
24.414883
 20
276.142910
 30
0.0
 10
24.421276
 20
276.139922
 30
0.0
  0
SPLINE
  5
349
100
AcDbEntity
  8
0
 62
7
100
AcDbSpline
 70
8
 71
3
 72
8
 73
4
 74
0
 40
0
 40
0
 40
0
 40
0
 40
1
 40
1
 40
1
 40
1
 10
24.421276
 20
276.139922
 30
0.0
 10
24.428095
 20
276.137364
 30
0.0
 10
24.432996
 20
276.133528
 30
0.0
 10
24.435979
 20
276.128415
 30
0.0
  0
SPLINE
  5
34a
100
AcDbEntity
  8
0
 62
7
100
AcDbSpline
 70
8
 71
3
 72
8
 73
4
 74
0
 40
0
 40
0
 40
0
 40
0
 40
1
 40
1
 40
1
 40
1
 10
24.435979
 20
276.128415
 30
0.0
 10
24.438962
 20
276.123301
 30
0.0
 10
24.441305
 20
276.116483
 30
0.0
 10
24.443009
 20
276.107960
 30
0.0
  0
LWPOLYLINE
  5
34b
100
AcDbEntity
  8
0
 62
7
100
AcDbPolyline
 90
4
 70
0
 10
23.954008
 20
276.112440
 30
0.0
 10
24.099112
 20
275.478970
 30
0.0
 10
24.099747
 20
275.478970
 30
0.0
 10
24.250604
 20
276.107965
 30
0.0
  0
SPLINE
  5
34c
100
AcDbEntity
  8
0
 62
7
100
AcDbSpline
 70
8
 71
3
 72
8
 73
4
 74
0
 40
0
 40
0
 40
0
 40
0
 40
1
 40
1
 40
1
 40
1
 10
24.745353
 20
276.110517
 30
0.0
 10
24.746623
 20
276.117336
 30
0.0
 10
24.748328
 20
276.123089
 30
0.0
 10
24.750467
 20
276.127776
 30
0.0
  0
SPLINE
  5
34d
100
AcDbEntity
  8
0
 62
7
100
AcDbSpline
 70
8
 71
3
 72
8
 73
4
 74
0
 40
0
 40
0
 40
0
 40
0
 40
1
 40
1
 40
1
 40
1
 10
24.750467
 20
276.127776
 30
0.0
 10
24.752598
 20
276.132889
 30
0.0
 10
24.756646
 20
276.136725
 30
0.0
 10
24.762612
 20
276.139282
 30
0.0
  0
SPLINE
  5
34e
100
AcDbEntity
  8
0
 62
7
100
AcDbSpline
 70
8
 71
3
 72
8
 73
4
 74
0
 40
0
 40
0
 40
0
 40
0
 40
1
 40
1
 40
1
 40
1
 10
24.762612
 20
276.139282
 30
0.0
 10
24.768577
 20
276.142265
 30
0.0
 10
24.777100
 20
276.144183
 30
0.0
 10
24.788181
 20
276.145034
 30
0.0
  0
SPLINE
  5
34f
100
AcDbEntity
  8
0
 62
7
100
AcDbSpline
 70
8
 71
3
 72
8
 73
4
 74
0
 40
0
 40
0
 40
0
 40
0
 40
1
 40
1
 40
1
 40
1
 10
24.788181
 20
276.145034
 30
0.0
 10
24.799262
 20
276.146304
 30
0.0
 10
24.814816
 20
276.146939
 30
0.0
 10
24.834844
 20
276.146939
 30
0.0
  0
SPLINE
  5
350
100
AcDbEntity
  8
0
 62
7
100
AcDbSpline
 70
8
 71
3
 72
8
 73
4
 74
0
 40
0
 40
0
 40
0
 40
0
 40
1
 40
1
 40
1
 40
1
 10
24.834844
 20
276.146939
 30
0.0
 10
24.853595
 20
276.146939
 30
0.0
 10
24.868084
 20
276.146304
 30
0.0
 10
24.878311
 20
276.145034
 30
0.0
  0
SPLINE
  5
351
100
AcDbEntity
  8
0
 62
7
100
AcDbSpline
 70
8
 71
3
 72
8
 73
4
 74
0
 40
0
 40
0
 40
0
 40
0
 40
1
 40
1
 40
1
 40
1
 10
24.878311
 20
276.145034
 30
0.0
 10
24.888965
 20
276.144188
 30
0.0
 10
24.896636
 20
276.141418
 30
0.0
 10
24.901325
 20
276.136724
 30
0.0
  0
SPLINE
  5
352
100
AcDbEntity
  8
0
 62
7
100
AcDbSpline
 70
8
 71
3
 72
8
 73
4
 74
0
 40
0
 40
0
 40
0
 40
0
 40
1
 40
1
 40
1
 40
1
 10
24.901325
 20
276.136724
 30
0.0
 10
24.906011
 20
276.132035
 30
0.0
 10
24.907929
 20
276.125004
 30
0.0
 10
24.907077
 20
276.115629
 30
0.0
  0
SPLINE
  5
353
100
AcDbEntity
  8
0
 62
7
100
AcDbSpline
 70
8
 71
3
 72
8
 73
4
 74
0
 40
0
 40
0
 40
0
 40
0
 40
1
 40
1
 40
1
 40
1
 10
24.907077
 20
276.115629
 30
0.0
 10
24.906653
 20
276.106679
 30
0.0
 10
24.904523
 20
276.094320
 30
0.0
 10
24.900684
 20
276.078554
 30
0.0
  0
LWPOLYLINE
  5
354
100
AcDbEntity
  8
0
 62
7
100
AcDbPolyline
 90
4
 70
0
 10
24.443009
 20
276.107960
 30
0.0
 10
24.598979
 20
275.478965
 30
0.0
 10
24.600249
 20
275.478965
 30
0.0
 10
24.745353
 20
276.110517
 30
0.0
  0
SPLINE
  5
355
100
AcDbEntity
  8
0
 62
7
100
AcDbSpline
 70
8
 71
3
 72
8
 73
4
 74
0
 40
0
 40
0
 40
0
 40
0
 40
1
 40
1
 40
1
 40
1
 10
25.178121
 20
275.337703
 30
0.0
 10
25.178121
 20
275.333441
 30
0.0
 10
25.176842
 20
275.329606
 30
0.0
 10
25.174284
 20
275.326196
 30
0.0
  0
SPLINE
  5
356
100
AcDbEntity
  8
0
 62
7
100
AcDbSpline
 70
8
 71
3
 72
8
 73
4
 74
0
 40
0
 40
0
 40
0
 40
0
 40
1
 40
1
 40
1
 40
1
 10
25.174284
 20
275.326196
 30
0.0
 10
25.171728
 20
275.323213
 30
0.0
 10
25.167254
 20
275.320657
 30
0.0
 10
25.160862
 20
275.318526
 30
0.0
  0
SPLINE
  5
357
100
AcDbEntity
  8
0
 62
7
100
AcDbSpline
 70
8
 71
3
 72
8
 73
4
 74
0
 40
0
 40
0
 40
0
 40
0
 40
1
 40
1
 40
1
 40
1
 10
25.160862
 20
275.318526
 30
0.0
 10
25.154897
 20
275.316395
 30
0.0
 10
25.146799
 20
275.314904
 30
0.0
 10
25.136571
 20
275.314052
 30
0.0
  0
SPLINE
  5
358
100
AcDbEntity
  8
0
 62
7
100
AcDbSpline
 70
8
 71
3
 72
8
 73
4
 74
0
 40
0
 40
0
 40
0
 40
0
 40
1
 40
1
 40
1
 40
1
 10
25.136571
 20
275.314052
 30
0.0
 10
25.126344
 20
275.312782
 30
0.0
 10
25.113346
 20
275.312147
 30
0.0
 10
25.097578
 20
275.312147
 30
0.0
  0
SPLINE
  5
359
100
AcDbEntity
  8
0
 62
7
100
AcDbSpline
 70
8
 71
3
 72
8
 73
4
 74
0
 40
0
 40
0
 40
0
 40
0
 40
1
 40
1
 40
1
 40
1
 10
25.097578
 20
275.312147
 30
0.0
 10
25.081811
 20
275.312147
 30
0.0
 10
25.068813
 20
275.312782
 30
0.0
 10
25.058585
 20
275.314052
 30
0.0
  0
SPLINE
  5
35a
100
AcDbEntity
  8
0
 62
7
100
AcDbSpline
 70
8
 71
3
 72
8
 73
4
 74
0
 40
0
 40
0
 40
0
 40
0
 40
1
 40
1
 40
1
 40
1
 10
25.058585
 20
275.314052
 30
0.0
 10
25.048358
 20
275.314898
 30
0.0
 10
25.040049
 20
275.316390
 30
0.0
 10
25.033656
 20
275.318526
 30
0.0
  0
SPLINE
  5
35b
100
AcDbEntity
  8
0
 62
7
100
AcDbSpline
 70
8
 71
3
 72
8
 73
4
 74
0
 40
0
 40
0
 40
0
 40
0
 40
1
 40
1
 40
1
 40
1
 10
25.033656
 20
275.318526
 30
0.0
 10
25.027691
 20
275.320657
 30
0.0
 10
25.023429
 20
275.323213
 30
0.0
 10
25.020872
 20
275.326196
 30
0.0
  0
SPLINE
  5
35c
100
AcDbEntity
  8
0
 62
7
100
AcDbSpline
 70
8
 71
3
 72
8
 73
4
 74
0
 40
0
 40
0
 40
0
 40
0
 40
1
 40
1
 40
1
 40
1
 10
25.020872
 20
275.326196
 30
0.0
 10
25.018316
 20
275.329606
 30
0.0
 10
25.017038
 20
275.333441
 30
0.0
 10
25.017038
 20
275.337703
 30
0.0
  0
LWPOLYLINE
  5
35d
100
AcDbEntity
  8
0
 62
7
100
AcDbPolyline
 90
2
 70
0
 10
24.900684
 20
276.078554
 30
0.0
 10
24.710849
 20
275.358797
 30
0.0
  0
SPLINE
  5
35e
100
AcDbEntity
  8
0
 62
7
100
AcDbSpline
 70
8
 71
3
 72
8
 73
4
 74
0
 40
0
 40
0
 40
0
 40
0
 40
1
 40
1
 40
1
 40
1
 10
25.017038
 20
275.906611
 30
0.0
 10
25.017038
 20
275.910873
 30
0.0
 10
25.018316
 20
275.914495
 30
0.0
 10
25.020872
 20
275.917478
 30
0.0
  0
SPLINE
  5
35f
100
AcDbEntity
  8
0
 62
7
100
AcDbSpline
 70
8
 71
3
 72
8
 73
4
 74
0
 40
0
 40
0
 40
0
 40
0
 40
1
 40
1
 40
1
 40
1
 10
25.020872
 20
275.917478
 30
0.0
 10
25.023429
 20
275.920887
 30
0.0
 10
25.027691
 20
275.923658
 30
0.0
 10
25.033656
 20
275.925788
 30
0.0
  0
SPLINE
  5
360
100
AcDbEntity
  8
0
 62
7
100
AcDbSpline
 70
8
 71
3
 72
8
 73
4
 74
0
 40
0
 40
0
 40
0
 40
0
 40
1
 40
1
 40
1
 40
1
 10
25.033656
 20
275.925788
 30
0.0
 10
25.040049
 20
275.928346
 30
0.0
 10
25.048358
 20
275.930263
 30
0.0
 10
25.058585
 20
275.931540
 30
0.0
  0
SPLINE
  5
361
100
AcDbEntity
  8
0
 62
7
100
AcDbSpline
 70
8
 71
3
 72
8
 73
4
 74
0
 40
0
 40
0
 40
0
 40
0
 40
1
 40
1
 40
1
 40
1
 10
25.058585
 20
275.931540
 30
0.0
 10
25.068812
 20
275.932810
 30
0.0
 10
25.081810
 20
275.933445
 30
0.0
 10
25.097578
 20
275.933445
 30
0.0
  0
SPLINE
  5
362
100
AcDbEntity
  8
0
 62
7
100
AcDbSpline
 70
8
 71
3
 72
8
 73
4
 74
0
 40
0
 40
0
 40
0
 40
0
 40
1
 40
1
 40
1
 40
1
 10
25.097578
 20
275.933445
 30
0.0
 10
25.113345
 20
275.933445
 30
0.0
 10
25.126343
 20
275.932810
 30
0.0
 10
25.136571
 20
275.931540
 30
0.0
  0
SPLINE
  5
363
100
AcDbEntity
  8
0
 62
7
100
AcDbSpline
 70
8
 71
3
 72
8
 73
4
 74
0
 40
0
 40
0
 40
0
 40
0
 40
1
 40
1
 40
1
 40
1
 10
25.136571
 20
275.931540
 30
0.0
 10
25.146798
 20
275.930270
 30
0.0
 10
25.154895
 20
275.928353
 30
0.0
 10
25.160862
 20
275.925788
 30
0.0
  0
SPLINE
  5
364
100
AcDbEntity
  8
0
 62
7
100
AcDbSpline
 70
8
 71
3
 72
8
 73
4
 74
0
 40
0
 40
0
 40
0
 40
0
 40
1
 40
1
 40
1
 40
1
 10
25.160862
 20
275.925788
 30
0.0
 10
25.167254
 20
275.923658
 30
0.0
 10
25.171728
 20
275.920887
 30
0.0
 10
25.174284
 20
275.917478
 30
0.0
  0
SPLINE
  5
365
100
AcDbEntity
  8
0
 62
7
100
AcDbSpline
 70
8
 71
3
 72
8
 73
4
 74
0
 40
0
 40
0
 40
0
 40
0
 40
1
 40
1
 40
1
 40
1
 10
25.174284
 20
275.917478
 30
0.0
 10
25.176842
 20
275.914495
 30
0.0
 10
25.178121
 20
275.910873
 30
0.0
 10
25.178121
 20
275.906611
 30
0.0
  0
LWPOLYLINE
  5
366
100
AcDbEntity
  8
0
 62
7
100
AcDbPolyline
 90
2
 70
0
 10
25.017038
 20
275.337703
 30
0.0
 10
25.017038
 20
275.906611
 30
0.0
  0
SPLINE
  5
367
100
AcDbEntity
  8
0
 62
7
100
AcDbSpline
 70
8
 71
3
 72
8
 73
4
 74
0
 40
0
 40
0
 40
0
 40
0
 40
1
 40
1
 40
1
 40
1
 10
25.190265
 20
276.100935
 30
0.0
 10
25.190265
 20
276.068548
 30
0.0
 10
25.183660
 20
276.046175
 30
0.0
 10
25.170451
 20
276.033817
 30
0.0
  0
SPLINE
  5
368
100
AcDbEntity
  8
0
 62
7
100
AcDbSpline
 70
8
 71
3
 72
8
 73
4
 74
0
 40
0
 40
0
 40
0
 40
0
 40
1
 40
1
 40
1
 40
1
 10
25.170451
 20
276.033817
 30
0.0
 10
25.157241
 20
276.021459
 30
0.0
 10
25.132737
 20
276.015280
 30
0.0
 10
25.096940
 20
276.015280
 30
0.0
  0
SPLINE
  5
369
100
AcDbEntity
  8
0
 62
7
100
AcDbSpline
 70
8
 71
3
 72
8
 73
4
 74
0
 40
0
 40
0
 40
0
 40
0
 40
1
 40
1
 40
1
 40
1
 10
25.096940
 20
276.015280
 30
0.0
 10
25.060717
 20
276.015280
 30
0.0
 10
25.036214
 20
276.021246
 30
0.0
 10
25.023429
 20
276.033179
 30
0.0
  0
SPLINE
  5
36a
100
AcDbEntity
  8
0
 62
7
100
AcDbSpline
 70
8
 71
3
 72
8
 73
4
 74
0
 40
0
 40
0
 40
0
 40
0
 40
1
 40
1
 40
1
 40
1
 10
25.023429
 20
276.033179
 30
0.0
 10
25.011071
 20
276.045112
 30
0.0
 10
25.004892
 20
276.066632
 30
0.0
 10
25.004892
 20
276.097741
 30
0.0
  0
SPLINE
  5
36b
100
AcDbEntity
  8
0
 62
7
100
AcDbSpline
 70
8
 71
3
 72
8
 73
4
 74
0
 40
0
 40
0
 40
0
 40
0
 40
1
 40
1
 40
1
 40
1
 10
25.004892
 20
276.097741
 30
0.0
 10
25.004892
 20
276.130128
 30
0.0
 10
25.011285
 20
276.152501
 30
0.0
 10
25.024069
 20
276.164859
 30
0.0
  0
SPLINE
  5
36c
100
AcDbEntity
  8
0
 62
7
100
AcDbSpline
 70
8
 71
3
 72
8
 73
4
 74
0
 40
0
 40
0
 40
0
 40
0
 40
1
 40
1
 40
1
 40
1
 10
25.024069
 20
276.164859
 30
0.0
 10
25.037281
 20
276.177644
 30
0.0
 10
25.061998
 20
276.184036
 30
0.0
 10
25.098219
 20
276.184036
 30
0.0
  0
SPLINE
  5
36d
100
AcDbEntity
  8
0
 62
7
100
AcDbSpline
 70
8
 71
3
 72
8
 73
4
 74
0
 40
0
 40
0
 40
0
 40
0
 40
1
 40
1
 40
1
 40
1
 10
25.098219
 20
276.184036
 30
0.0
 10
25.134016
 20
276.184036
 30
0.0
 10
25.158306
 20
276.177857
 30
0.0
 10
25.171091
 20
276.165499
 30
0.0
  0
SPLINE
  5
36e
100
AcDbEntity
  8
0
 62
7
100
AcDbSpline
 70
8
 71
3
 72
8
 73
4
 74
0
 40
0
 40
0
 40
0
 40
0
 40
1
 40
1
 40
1
 40
1
 10
25.171091
 20
276.165499
 30
0.0
 10
25.183876
 20
276.153567
 30
0.0
 10
25.190268
 20
276.132046
 30
0.0
 10
25.190268
 20
276.100938
 30
0.0
  0
LWPOLYLINE
  5
36f
100
AcDbEntity
  8
0
 62
7
100
AcDbPolyline
 90
2
 70
0
 10
25.178121
 20
275.906611
 30
0.0
 10
25.178121
 20
275.337703
 30
0.0
  0
SPLINE
  5
370
100
AcDbEntity
  8
0
 62
7
100
AcDbSpline
 70
8
 71
3
 72
8
 73
4
 74
0
 40
0
 40
0
 40
0
 40
0
 40
1
 40
1
 40
1
 40
1
 10
25.883184
 20
275.337703
 30
0.0
 10
25.883184
 20
275.333441
 30
0.0
 10
25.881905
 20
275.329606
 30
0.0
 10
25.879347
 20
275.326196
 30
0.0
  0
SPLINE
  5
371
100
AcDbEntity
  8
0
 62
7
100
AcDbSpline
 70
8
 71
3
 72
8
 73
4
 74
0
 40
0
 40
0
 40
0
 40
0
 40
1
 40
1
 40
1
 40
1
 10
25.879347
 20
275.326196
 30
0.0
 10
25.876792
 20
275.323213
 30
0.0
 10
25.872530
 20
275.320657
 30
0.0
 10
25.866563
 20
275.318526
 30
0.0
  0
SPLINE
  5
372
100
AcDbEntity
  8
0
 62
7
100
AcDbSpline
 70
8
 71
3
 72
8
 73
4
 74
0
 40
0
 40
0
 40
0
 40
0
 40
1
 40
1
 40
1
 40
1
 10
25.866563
 20
275.318526
 30
0.0
 10
25.860597
 20
275.316395
 30
0.0
 10
25.852288
 20
275.314904
 30
0.0
 10
25.841634
 20
275.314052
 30
0.0
  0
SPLINE
  5
373
100
AcDbEntity
  8
0
 62
7
100
AcDbSpline
 70
8
 71
3
 72
8
 73
4
 74
0
 40
0
 40
0
 40
0
 40
0
 40
1
 40
1
 40
1
 40
1
 10
25.841634
 20
275.314052
 30
0.0
 10
25.831407
 20
275.312782
 30
0.0
 10
25.818622
 20
275.312147
 30
0.0
 10
25.803280
 20
275.312147
 30
0.0
  0
SPLINE
  5
374
100
AcDbEntity
  8
0
 62
7
100
AcDbSpline
 70
8
 71
3
 72
8
 73
4
 74
0
 40
0
 40
0
 40
0
 40
0
 40
1
 40
1
 40
1
 40
1
 10
25.803280
 20
275.312147
 30
0.0
 10
25.787513
 20
275.312147
 30
0.0
 10
25.774302
 20
275.312782
 30
0.0
 10
25.763648
 20
275.314052
 30
0.0
  0
SPLINE
  5
375
100
AcDbEntity
  8
0
 62
7
100
AcDbSpline
 70
8
 71
3
 72
8
 73
4
 74
0
 40
0
 40
0
 40
0
 40
0
 40
1
 40
1
 40
1
 40
1
 10
25.763648
 20
275.314052
 30
0.0
 10
25.753421
 20
275.314898
 30
0.0
 10
25.745324
 20
275.316390
 30
0.0
 10
25.739357
 20
275.318526
 30
0.0
  0
SPLINE
  5
376
100
AcDbEntity
  8
0
 62
7
100
AcDbSpline
 70
8
 71
3
 72
8
 73
4
 74
0
 40
0
 40
0
 40
0
 40
0
 40
1
 40
1
 40
1
 40
1
 10
25.739357
 20
275.318526
 30
0.0
 10
25.733391
 20
275.320657
 30
0.0
 10
25.729130
 20
275.323213
 30
0.0
 10
25.726572
 20
275.326196
 30
0.0
  0
SPLINE
  5
377
100
AcDbEntity
  8
0
 62
7
100
AcDbSpline
 70
8
 71
3
 72
8
 73
4
 74
0
 40
0
 40
0
 40
0
 40
0
 40
1
 40
1
 40
1
 40
1
 10
25.726572
 20
275.326196
 30
0.0
 10
25.724015
 20
275.329606
 30
0.0
 10
25.722736
 20
275.333441
 30
0.0
 10
25.722736
 20
275.337703
 30
0.0
  0
LWPOLYLINE
  5
378
100
AcDbEntity
  8
0
 62
7
100
AcDbPolyline
 90
1
 70
1
 10
25.190268
 20
276.100938
 30
0.0
  0
SPLINE
  5
379
100
AcDbEntity
  8
0
 62
7
100
AcDbSpline
 70
8
 71
3
 72
8
 73
4
 74
0
 40
0
 40
0
 40
0
 40
0
 40
1
 40
1
 40
1
 40
1
 10
25.722736
 20
275.663067
 30
0.0
 10
25.722736
 20
275.690767
 30
0.0
 10
25.720605
 20
275.712501
 30
0.0
 10
25.716344
 20
275.728268
 30
0.0
  0
SPLINE
  5
37a
100
AcDbEntity
  8
0
 62
7
100
AcDbSpline
 70
8
 71
3
 72
8
 73
4
 74
0
 40
0
 40
0
 40
0
 40
0
 40
1
 40
1
 40
1
 40
1
 10
25.716344
 20
275.728268
 30
0.0
 10
25.712509
 20
275.744036
 30
0.0
 10
25.706756
 20
275.757459
 30
0.0
 10
25.699085
 20
275.768539
 30
0.0
  0
SPLINE
  5
37b
100
AcDbEntity
  8
0
 62
7
100
AcDbSpline
 70
8
 71
3
 72
8
 73
4
 74
0
 40
0
 40
0
 40
0
 40
0
 40
1
 40
1
 40
1
 40
1
 10
25.699085
 20
275.768539
 30
0.0
 10
25.691414
 20
275.780045
 30
0.0
 10
25.681399
 20
275.788781
 30
0.0
 10
25.669041
 20
275.794749
 30
0.0
  0
SPLINE
  5
37c
100
AcDbEntity
  8
0
 62
7
100
AcDbSpline
 70
8
 71
3
 72
8
 73
4
 74
0
 40
0
 40
0
 40
0
 40
0
 40
1
 40
1
 40
1
 40
1
 10
25.669041
 20
275.794749
 30
0.0
 10
25.657109
 20
275.801141
 30
0.0
 10
25.643046
 20
275.804337
 30
0.0
 10
25.626853
 20
275.804337
 30
0.0
  0
SPLINE
  5
37d
100
AcDbEntity
  8
0
 62
7
100
AcDbSpline
 70
8
 71
3
 72
8
 73
4
 74
0
 40
0
 40
0
 40
0
 40
0
 40
1
 40
1
 40
1
 40
1
 10
25.626853
 20
275.804337
 30
0.0
 10
25.606397
 20
275.804337
 30
0.0
 10
25.585729
 20
275.796879
 30
0.0
 10
25.564848
 20
275.781964
 30
0.0
  0
SPLINE
  5
37e
100
AcDbEntity
  8
0
 62
7
100
AcDbSpline
 70
8
 71
3
 72
8
 73
4
 74
0
 40
0
 40
0
 40
0
 40
0
 40
1
 40
1
 40
1
 40
1
 10
25.564848
 20
275.781964
 30
0.0
 10
25.543967
 20
275.767049
 30
0.0
 10
25.522233
 20
275.745315
 30
0.0
 10
25.499647
 20
275.716763
 30
0.0
  0
LWPOLYLINE
  5
37f
100
AcDbEntity
  8
0
 62
7
100
AcDbPolyline
 90
2
 70
0
 10
25.722736
 20
275.337703
 30
0.0
 10
25.722736
 20
275.663067
 30
0.0
  0
SPLINE
  5
380
100
AcDbEntity
  8
0
 62
7
100
AcDbSpline
 70
8
 71
3
 72
8
 73
4
 74
0
 40
0
 40
0
 40
0
 40
0
 40
1
 40
1
 40
1
 40
1
 10
25.499647
 20
275.337704
 30
0.0
 10
25.499647
 20
275.333443
 30
0.0
 10
25.498368
 20
275.329607
 30
0.0
 10
25.495811
 20
275.326197
 30
0.0
  0
SPLINE
  5
381
100
AcDbEntity
  8
0
 62
7
100
AcDbSpline
 70
8
 71
3
 72
8
 73
4
 74
0
 40
0
 40
0
 40
0
 40
0
 40
1
 40
1
 40
1
 40
1
 10
25.495811
 20
275.326197
 30
0.0
 10
25.493255
 20
275.323215
 30
0.0
 10
25.488780
 20
275.320658
 30
0.0
 10
25.482386
 20
275.318527
 30
0.0
  0
SPLINE
  5
382
100
AcDbEntity
  8
0
 62
7
100
AcDbSpline
 70
8
 71
3
 72
8
 73
4
 74
0
 40
0
 40
0
 40
0
 40
0
 40
1
 40
1
 40
1
 40
1
 10
25.482386
 20
275.318527
 30
0.0
 10
25.476420
 20
275.316396
 30
0.0
 10
25.468323
 20
275.314905
 30
0.0
 10
25.458094
 20
275.314053
 30
0.0
  0
SPLINE
  5
383
100
AcDbEntity
  8
0
 62
7
100
AcDbSpline
 70
8
 71
3
 72
8
 73
4
 74
0
 40
0
 40
0
 40
0
 40
0
 40
1
 40
1
 40
1
 40
1
 10
25.458094
 20
275.314053
 30
0.0
 10
25.447867
 20
275.312783
 30
0.0
 10
25.434870
 20
275.312148
 30
0.0
 10
25.419102
 20
275.312148
 30
0.0
  0
SPLINE
  5
384
100
AcDbEntity
  8
0
 62
7
100
AcDbSpline
 70
8
 71
3
 72
8
 73
4
 74
0
 40
0
 40
0
 40
0
 40
0
 40
1
 40
1
 40
1
 40
1
 10
25.419102
 20
275.312148
 30
0.0
 10
25.403334
 20
275.312148
 30
0.0
 10
25.390337
 20
275.312783
 30
0.0
 10
25.380109
 20
275.314053
 30
0.0
  0
SPLINE
  5
385
100
AcDbEntity
  8
0
 62
7
100
AcDbSpline
 70
8
 71
3
 72
8
 73
4
 74
0
 40
0
 40
0
 40
0
 40
0
 40
1
 40
1
 40
1
 40
1
 10
25.380109
 20
275.314053
 30
0.0
 10
25.369882
 20
275.314900
 30
0.0
 10
25.361572
 20
275.316391
 30
0.0
 10
25.355180
 20
275.318527
 30
0.0
  0
SPLINE
  5
386
100
AcDbEntity
  8
0
 62
7
100
AcDbSpline
 70
8
 71
3
 72
8
 73
4
 74
0
 40
0
 40
0
 40
0
 40
0
 40
1
 40
1
 40
1
 40
1
 10
25.355180
 20
275.318527
 30
0.0
 10
25.349214
 20
275.320658
 30
0.0
 10
25.344953
 20
275.323215
 30
0.0
 10
25.342395
 20
275.326197
 30
0.0
  0
SPLINE
  5
387
100
AcDbEntity
  8
0
 62
7
100
AcDbSpline
 70
8
 71
3
 72
8
 73
4
 74
0
 40
0
 40
0
 40
0
 40
0
 40
1
 40
1
 40
1
 40
1
 10
25.342395
 20
275.326197
 30
0.0
 10
25.339838
 20
275.329607
 30
0.0
 10
25.338559
 20
275.333443
 30
0.0
 10
25.338559
 20
275.337704
 30
0.0
  0
LWPOLYLINE
  5
388
100
AcDbEntity
  8
0
 62
7
100
AcDbPolyline
 90
2
 70
0
 10
25.499647
 20
275.716763
 30
0.0
 10
25.499647
 20
275.337704
 30
0.0
  0
SPLINE
  5
389
100
AcDbEntity
  8
0
 62
7
100
AcDbSpline
 70
8
 71
3
 72
8
 73
4
 74
0
 40
0
 40
0
 40
0
 40
0
 40
1
 40
1
 40
1
 40
1
 10
25.338559
 20
275.907891
 30
0.0
 10
25.338559
 20
275.912153
 30
0.0
 10
25.339624
 20
275.915775
 30
0.0
 10
25.341755
 20
275.918758
 30
0.0
  0
SPLINE
  5
38a
100
AcDbEntity
  8
0
 62
7
100
AcDbSpline
 70
8
 71
3
 72
8
 73
4
 74
0
 40
0
 40
0
 40
0
 40
0
 40
1
 40
1
 40
1
 40
1
 10
25.341755
 20
275.918758
 30
0.0
 10
25.343886
 20
275.922167
 30
0.0
 10
25.347721
 20
275.924937
 30
0.0
 10
25.353262
 20
275.927068
 30
0.0
  0
SPLINE
  5
38b
100
AcDbEntity
  8
0
 62
7
100
AcDbSpline
 70
8
 71
3
 72
8
 73
4
 74
0
 40
0
 40
0
 40
0
 40
0
 40
1
 40
1
 40
1
 40
1
 10
25.353262
 20
275.927068
 30
0.0
 10
25.358802
 20
275.929199
 30
0.0
 10
25.365834
 20
275.930690
 30
0.0
 10
25.374357
 20
275.931542
 30
0.0
  0
SPLINE
  5
38c
100
AcDbEntity
  8
0
 62
7
100
AcDbSpline
 70
8
 71
3
 72
8
 73
4
 74
0
 40
0
 40
0
 40
0
 40
0
 40
1
 40
1
 40
1
 40
1
 10
25.374357
 20
275.931542
 30
0.0
 10
25.383307
 20
275.932812
 30
0.0
 10
25.394387
 20
275.933447
 30
0.0
 10
25.407597
 20
275.933447
 30
0.0
  0
SPLINE
  5
38d
100
AcDbEntity
  8
0
 62
7
100
AcDbSpline
 70
8
 71
3
 72
8
 73
4
 74
0
 40
0
 40
0
 40
0
 40
0
 40
1
 40
1
 40
1
 40
1
 10
25.407597
 20
275.933447
 30
0.0
 10
25.421233
 20
275.933447
 30
0.0
 10
25.432526
 20
275.932812
 30
0.0
 10
25.441475
 20
275.931542
 30
0.0
  0
SPLINE
  5
38e
100
AcDbEntity
  8
0
 62
7
100
AcDbSpline
 70
8
 71
3
 72
8
 73
4
 74
0
 40
0
 40
0
 40
0
 40
0
 40
1
 40
1
 40
1
 40
1
 10
25.441475
 20
275.931542
 30
0.0
 10
25.450425
 20
275.930696
 30
0.0
 10
25.457244
 20
275.929204
 30
0.0
 10
25.461930
 20
275.927068
 30
0.0
  0
SPLINE
  5
38f
100
AcDbEntity
  8
0
 62
7
100
AcDbSpline
 70
8
 71
3
 72
8
 73
4
 74
0
 40
0
 40
0
 40
0
 40
0
 40
1
 40
1
 40
1
 40
1
 10
25.461930
 20
275.927068
 30
0.0
 10
25.467044
 20
275.924937
 30
0.0
 10
25.470666
 20
275.922167
 30
0.0
 10
25.472797
 20
275.918758
 30
0.0
  0
SPLINE
  5
390
100
AcDbEntity
  8
0
 62
7
100
AcDbSpline
 70
8
 71
3
 72
8
 73
4
 74
0
 40
0
 40
0
 40
0
 40
0
 40
1
 40
1
 40
1
 40
1
 10
25.472797
 20
275.918758
 30
0.0
 10
25.474928
 20
275.915775
 30
0.0
 10
25.475993
 20
275.912153
 30
0.0
 10
25.475993
 20
275.907891
 30
0.0
  0
LWPOLYLINE
  5
391
100
AcDbEntity
  8
0
 62
7
100
AcDbPolyline
 90
2
 70
0
 10
25.338559
 20
275.337704
 30
0.0
 10
25.338559
 20
275.907891
 30
0.0
  0
SPLINE
  5
392
100
AcDbEntity
  8
0
 62
7
100
AcDbSpline
 70
8
 71
3
 72
8
 73
4
 74
0
 40
0
 40
0
 40
0
 40
0
 40
1
 40
1
 40
1
 40
1
 10
25.475993
 20
275.842051
 30
0.0
 10
25.507528
 20
275.876143
 30
0.0
 10
25.539489
 20
275.901712
 30
0.0
 10
25.571876
 20
275.918758
 30
0.0
  0
SPLINE
  5
393
100
AcDbEntity
  8
0
 62
7
100
AcDbSpline
 70
8
 71
3
 72
8
 73
4
 74
0
 40
0
 40
0
 40
0
 40
0
 40
1
 40
1
 40
1
 40
1
 10
25.571876
 20
275.918758
 30
0.0
 10
25.604690
 20
275.935804
 30
0.0
 10
25.638782
 20
275.944327
 30
0.0
 10
25.674152
 20
275.944327
 30
0.0
  0
SPLINE
  5
394
100
AcDbEntity
  8
0
 62
7
100
AcDbSpline
 70
8
 71
3
 72
8
 73
4
 74
0
 40
0
 40
0
 40
0
 40
0
 40
1
 40
1
 40
1
 40
1
 10
25.674152
 20
275.944327
 30
0.0
 10
25.712931
 20
275.944327
 30
0.0
 10
25.745532
 20
275.937935
 30
0.0
 10
25.771953
 20
275.925150
 30
0.0
  0
SPLINE
  5
395
100
AcDbEntity
  8
0
 62
7
100
AcDbSpline
 70
8
 71
3
 72
8
 73
4
 74
0
 40
0
 40
0
 40
0
 40
0
 40
1
 40
1
 40
1
 40
1
 10
25.771953
 20
275.925150
 30
0.0
 10
25.798800
 20
275.912366
 30
0.0
 10
25.820321
 20
275.894893
 30
0.0
 10
25.836515
 20
275.872734
 30
0.0
  0
SPLINE
  5
396
100
AcDbEntity
  8
0
 62
7
100
AcDbSpline
 70
8
 71
3
 72
8
 73
4
 74
0
 40
0
 40
0
 40
0
 40
0
 40
1
 40
1
 40
1
 40
1
 10
25.836515
 20
275.872734
 30
0.0
 10
25.853134
 20
275.851000
 30
0.0
 10
25.865066
 20
275.825431
 30
0.0
 10
25.872311
 20
275.796027
 30
0.0
  0
SPLINE
  5
397
100
AcDbEntity
  8
0
 62
7
100
AcDbSpline
 70
8
 71
3
 72
8
 73
4
 74
0
 40
0
 40
0
 40
0
 40
0
 40
1
 40
1
 40
1
 40
1
 10
25.872311
 20
275.796027
 30
0.0
 10
25.879555
 20
275.766623
 30
0.0
 10
25.883178
 20
275.731252
 30
0.0
 10
25.883178
 20
275.689916
 30
0.0
  0
LWPOLYLINE
  5
398
100
AcDbEntity
  8
0
 62
7
100
AcDbPolyline
 90
2
 70
0
 10
25.475993
 20
275.907891
 30
0.0
 10
25.475993
 20
275.842051
 30
0.0
  0
SPLINE
  5
399
100
AcDbEntity
  8
0
 62
7
100
AcDbSpline
 70
8
 71
3
 72
8
 73
4
 74
0
 40
0
 40
0
 40
0
 40
0
 40
1
 40
1
 40
1
 40
1
 10
26.622765
 20
275.441257
 30
0.0
 10
26.622765
 20
275.430603
 30
0.0
 10
26.622324
 20
275.421441
 30
0.0
 10
26.621442
 20
275.413770
 30
0.0
  0
SPLINE
  5
39a
100
AcDbEntity
  8
0
 62
7
100
AcDbSpline
 70
8
 71
3
 72
8
 73
4
 74
0
 40
0
 40
0
 40
0
 40
0
 40
1
 40
1
 40
1
 40
1
 10
26.621442
 20
275.413770
 30
0.0
 10
26.621089
 20
275.406526
 30
0.0
 10
26.620207
 20
275.400134
 30
0.0
 10
26.618796
 20
275.394593
 30
0.0
  0
SPLINE
  5
39b
100
AcDbEntity
  8
0
 62
7
100
AcDbSpline
 70
8
 71
3
 72
8
 73
4
 74
0
 40
0
 40
0
 40
0
 40
0
 40
1
 40
1
 40
1
 40
1
 10
26.618796
 20
275.394593
 30
0.0
 10
26.617561
 20
275.389480
 30
0.0
 10
26.615859
 20
275.385005
 30
0.0
 10
26.613690
 20
275.381168
 30
0.0
  0
SPLINE
  5
39c
100
AcDbEntity
  8
0
 62
7
100
AcDbSpline
 70
8
 71
3
 72
8
 73
4
 74
0
 40
0
 40
0
 40
0
 40
0
 40
1
 40
1
 40
1
 40
1
 10
26.613690
 20
275.381168
 30
0.0
 10
26.611555
 20
275.377334
 30
0.0
 10
26.608142
 20
275.372860
 30
0.0
 10
26.603450
 20
275.367746
 30
0.0
  0
SPLINE
  5
39d
100
AcDbEntity
  8
0
 62
7
100
AcDbSpline
 70
8
 71
3
 72
8
 73
4
 74
0
 40
0
 40
0
 40
0
 40
0
 40
1
 40
1
 40
1
 40
1
 10
26.603450
 20
275.367746
 30
0.0
 10
26.598758
 20
275.363058
 30
0.0
 10
26.589597
 20
275.356879
 30
0.0
 10
26.575965
 20
275.349209
 30
0.0
  0
SPLINE
  5
39e
100
AcDbEntity
  8
0
 62
7
100
AcDbSpline
 70
8
 71
3
 72
8
 73
4
 74
0
 40
0
 40
0
 40
0
 40
0
 40
1
 40
1
 40
1
 40
1
 10
26.575965
 20
275.349209
 30
0.0
 10
26.562754
 20
275.341538
 30
0.0
 10
26.546347
 20
275.334080
 30
0.0
 10
26.526745
 20
275.326836
 30
0.0
  0
SPLINE
  5
39f
100
AcDbEntity
  8
0
 62
7
100
AcDbSpline
 70
8
 71
3
 72
8
 73
4
 74
0
 40
0
 40
0
 40
0
 40
0
 40
1
 40
1
 40
1
 40
1
 10
26.526745
 20
275.326836
 30
0.0
 10
26.507568
 20
275.320017
 30
0.0
 10
26.485408
 20
275.314264
 30
0.0
 10
26.460266
 20
275.309577
 30
0.0
  0
SPLINE
  5
3a0
100
AcDbEntity
  8
0
 62
7
100
AcDbSpline
 70
8
 71
3
 72
8
 73
4
 74
0
 40
0
 40
0
 40
0
 40
0
 40
1
 40
1
 40
1
 40
1
 10
26.460266
 20
275.309577
 30
0.0
 10
26.435548
 20
275.304889
 30
0.0
 10
26.408701
 20
275.302545
 30
0.0
 10
26.379723
 20
275.302545
 30
0.0
  0
SPLINE
  5
3a1
100
AcDbEntity
  8
0
 62
7
100
AcDbSpline
 70
8
 71
3
 72
8
 73
4
 74
0
 40
0
 40
0
 40
0
 40
0
 40
1
 40
1
 40
1
 40
1
 10
26.379723
 20
275.302545
 30
0.0
 10
26.323045
 20
275.302545
 30
0.0
 10
26.271907
 20
275.311280
 30
0.0
 10
26.226309
 20
275.328752
 30
0.0
  0
SPLINE
  5
3a2
100
AcDbEntity
  8
0
 62
7
100
AcDbSpline
 70
8
 71
3
 72
8
 73
4
 74
0
 40
0
 40
0
 40
0
 40
0
 40
1
 40
1
 40
1
 40
1
 10
26.226309
 20
275.328752
 30
0.0
 10
26.180711
 20
275.346223
 30
0.0
 10
26.141932
 20
275.372218
 30
0.0
 10
26.109970
 20
275.406737
 30
0.0
  0
SPLINE
  5
3a3
100
AcDbEntity
  8
0
 62
7
100
AcDbSpline
 70
8
 71
3
 72
8
 73
4
 74
0
 40
0
 40
0
 40
0
 40
0
 40
1
 40
1
 40
1
 40
1
 10
26.109970
 20
275.406737
 30
0.0
 10
26.078009
 20
275.441681
 30
0.0
 10
26.053506
 20
275.485148
 30
0.0
 10
26.036460
 20
275.537139
 30
0.0
  0
SPLINE
  5
3a4
100
AcDbEntity
  8
0
 62
7
100
AcDbSpline
 70
8
 71
3
 72
8
 73
4
 74
0
 40
0
 40
0
 40
0
 40
0
 40
1
 40
1
 40
1
 40
1
 10
26.036460
 20
275.537139
 30
0.0
 10
26.019414
 20
275.589129
 30
0.0
 10
26.010891
 20
275.649642
 30
0.0
 10
26.010891
 20
275.718678
 30
0.0
  0
SPLINE
  5
3a5
100
AcDbEntity
  8
0
 62
7
100
AcDbSpline
 70
8
 71
3
 72
8
 73
4
 74
0
 40
0
 40
0
 40
0
 40
0
 40
1
 40
1
 40
1
 40
1
 10
26.010891
 20
275.718678
 30
0.0
 10
26.010891
 20
275.788992
 30
0.0
 10
26.020266
 20
275.851423
 30
0.0
 10
26.039017
 20
275.905970
 30
0.0
  0
SPLINE
  5
3a6
100
AcDbEntity
  8
0
 62
7
100
AcDbSpline
 70
8
 71
3
 72
8
 73
4
 74
0
 40
0
 40
0
 40
0
 40
0
 40
1
 40
1
 40
1
 40
1
 10
26.039017
 20
275.905970
 30
0.0
 10
26.057767
 20
275.960517
 30
0.0
 10
26.083975
 20
276.006328
 30
0.0
 10
26.117641
 20
276.043403
 30
0.0
  0
SPLINE
  5
3a7
100
AcDbEntity
  8
0
 62
7
100
AcDbSpline
 70
8
 71
3
 72
8
 73
4
 74
0
 40
0
 40
0
 40
0
 40
0
 40
1
 40
1
 40
1
 40
1
 10
26.117641
 20
276.043403
 30
0.0
 10
26.151307
 20
276.080478
 30
0.0
 10
26.191578
 20
276.108604
 30
0.0
 10
26.238454
 20
276.127781
 30
0.0
  0
SPLINE
  5
3a8
100
AcDbEntity
  8
0
 62
7
100
AcDbSpline
 70
8
 71
3
 72
8
 73
4
 74
0
 40
0
 40
0
 40
0
 40
0
 40
1
 40
1
 40
1
 40
1
 10
26.238454
 20
276.127781
 30
0.0
 10
26.285757
 20
276.146957
 30
0.0
 10
26.337747
 20
276.156546
 30
0.0
 10
26.394424
 20
276.156546
 30
0.0
  0
SPLINE
  5
3a9
100
AcDbEntity
  8
0
 62
7
100
AcDbSpline
 70
8
 71
3
 72
8
 73
4
 74
0
 40
0
 40
0
 40
0
 40
0
 40
1
 40
1
 40
1
 40
1
 10
26.394424
 20
276.156546
 30
0.0
 10
26.417436
 20
276.156546
 30
0.0
 10
26.439596
 20
276.154628
 30
0.0
 10
26.460903
 20
276.150794
 30
0.0
  0
SPLINE
  5
3aa
100
AcDbEntity
  8
0
 62
7
100
AcDbSpline
 70
8
 71
3
 72
8
 73
4
 74
0
 40
0
 40
0
 40
0
 40
0
 40
1
 40
1
 40
1
 40
1
 10
26.460903
 20
276.150794
 30
0.0
 10
26.482211
 20
276.146959
 30
0.0
 10
26.501814
 20
276.141845
 30
0.0
 10
26.519712
 20
276.135453
 30
0.0
  0
SPLINE
  5
3ab
100
AcDbEntity
  8
0
 62
7
100
AcDbSpline
 70
8
 71
3
 72
8
 73
4
 74
0
 40
0
 40
0
 40
0
 40
0
 40
1
 40
1
 40
1
 40
1
 10
26.519712
 20
276.135453
 30
0.0
 10
26.538037
 20
276.129488
 30
0.0
 10
26.554444
 20
276.122456
 30
0.0
 10
26.568932
 20
276.114358
 30
0.0
  0
SPLINE
  5
3ac
100
AcDbEntity
  8
0
 62
7
100
AcDbSpline
 70
8
 71
3
 72
8
 73
4
 74
0
 40
0
 40
0
 40
0
 40
0
 40
1
 40
1
 40
1
 40
1
 10
26.568932
 20
276.114358
 30
0.0
 10
26.583414
 20
276.106262
 30
0.0
 10
26.593428
 20
276.099230
 30
0.0
 10
26.598976
 20
276.093263
 30
0.0
  0
SPLINE
  5
3ad
100
AcDbEntity
  8
0
 62
7
100
AcDbSpline
 70
8
 71
3
 72
8
 73
4
 74
0
 40
0
 40
0
 40
0
 40
0
 40
1
 40
1
 40
1
 40
1
 10
26.598976
 20
276.093263
 30
0.0
 10
26.604938
 20
276.087722
 30
0.0
 10
26.608986
 20
276.083035
 30
0.0
 10
26.611120
 20
276.079200
 30
0.0
  0
SPLINE
  5
3ae
100
AcDbEntity
  8
0
 62
7
100
AcDbSpline
 70
8
 71
3
 72
8
 73
4
 74
0
 40
0
 40
0
 40
0
 40
0
 40
1
 40
1
 40
1
 40
1
 10
26.611120
 20
276.079200
 30
0.0
 10
26.613254
 20
276.075365
 30
0.0
 10
26.614957
 20
276.070464
 30
0.0
 10
26.616227
 20
276.064497
 30
0.0
  0
SPLINE
  5
3af
100
AcDbEntity
  8
0
 62
7
100
AcDbSpline
 70
8
 71
3
 72
8
 73
4
 74
0
 40
0
 40
0
 40
0
 40
0
 40
1
 40
1
 40
1
 40
1
 10
26.616227
 20
276.064497
 30
0.0
 10
26.617461
 20
276.058532
 30
0.0
 10
26.618343
 20
276.051500
 30
0.0
 10
26.618872
 20
276.043402
 30
0.0
  0
SPLINE
  5
3b0
100
AcDbEntity
  8
0
 62
7
100
AcDbSpline
 70
8
 71
3
 72
8
 73
4
 74
0
 40
0
 40
0
 40
0
 40
0
 40
1
 40
1
 40
1
 40
1
 10
26.618872
 20
276.043402
 30
0.0
 10
26.619754
 20
276.035306
 30
0.0
 10
26.620195
 20
276.025291
 30
0.0
 10
26.620195
 20
276.013359
 30
0.0
  0
SPLINE
  5
3b1
100
AcDbEntity
  8
0
 62
7
100
AcDbSpline
 70
8
 71
3
 72
8
 73
4
 74
0
 40
0
 40
0
 40
0
 40
0
 40
1
 40
1
 40
1
 40
1
 10
26.620195
 20
276.013359
 30
0.0
 10
26.620195
 20
276.000574
 30
0.0
 10
26.619754
 20
275.989707
 30
0.0
 10
26.618872
 20
275.980758
 30
0.0
  0
SPLINE
  5
3b2
100
AcDbEntity
  8
0
 62
7
100
AcDbSpline
 70
8
 71
3
 72
8
 73
4
 74
0
 40
0
 40
0
 40
0
 40
0
 40
1
 40
1
 40
1
 40
1
 10
26.618872
 20
275.980758
 30
0.0
 10
26.617991
 20
275.971808
 30
0.0
 10
26.616500
 20
275.964564
 30
0.0
 10
26.614401
 20
275.959025
 30
0.0
  0
SPLINE
  5
3b3
100
AcDbEntity
  8
0
 62
7
100
AcDbSpline
 70
8
 71
3
 72
8
 73
4
 74
0
 40
0
 40
0
 40
0
 40
0
 40
1
 40
1
 40
1
 40
1
 10
26.614401
 20
275.959025
 30
0.0
 10
26.612267
 20
275.953485
 30
0.0
 10
26.609709
 20
275.949437
 30
0.0
 10
26.606728
 20
275.946881
 30
0.0
  0
SPLINE
  5
3b4
100
AcDbEntity
  8
0
 62
7
100
AcDbSpline
 70
8
 71
3
 72
8
 73
4
 74
0
 40
0
 40
0
 40
0
 40
0
 40
1
 40
1
 40
1
 40
1
 10
26.606728
 20
275.946881
 30
0.0
 10
26.603747
 20
275.944323
 30
0.0
 10
26.600343
 20
275.943044
 30
0.0
 10
26.596515
 20
275.943044
 30
0.0
  0
SPLINE
  5
3b5
100
AcDbEntity
  8
0
 62
7
100
AcDbSpline
 70
8
 71
3
 72
8
 73
4
 74
0
 40
0
 40
0
 40
0
 40
0
 40
1
 40
1
 40
1
 40
1
 10
26.596515
 20
275.943044
 30
0.0
 10
26.590130
 20
275.943044
 30
0.0
 10
26.582034
 20
275.946667
 30
0.0
 10
26.572226
 20
275.953911
 30
0.0
  0
SPLINE
  5
3b6
100
AcDbEntity
  8
0
 62
7
100
AcDbSpline
 70
8
 71
3
 72
8
 73
4
 74
0
 40
0
 40
0
 40
0
 40
0
 40
1
 40
1
 40
1
 40
1
 10
26.572226
 20
275.953911
 30
0.0
 10
26.562419
 20
275.961582
 30
0.0
 10
26.549635
 20
275.969892
 30
0.0
 10
26.533872
 20
275.978840
 30
0.0
  0
SPLINE
  5
3b7
100
AcDbEntity
  8
0
 62
7
100
AcDbSpline
 70
8
 71
3
 72
8
 73
4
 74
0
 40
0
 40
0
 40
0
 40
0
 40
1
 40
1
 40
1
 40
1
 10
26.533872
 20
275.978840
 30
0.0
 10
26.518527
 20
275.988215
 30
0.0
 10
26.499989
 20
275.996525
 30
0.0
 10
26.478260
 20
276.003769
 30
0.0
  0
SPLINE
  5
3b8
100
AcDbEntity
  8
0
 62
7
100
AcDbSpline
 70
8
 71
3
 72
8
 73
4
 74
0
 40
0
 40
0
 40
0
 40
0
 40
1
 40
1
 40
1
 40
1
 10
26.478260
 20
276.003769
 30
0.0
 10
26.456953
 20
276.011440
 30
0.0
 10
26.431384
 20
276.015276
 30
0.0
 10
26.401554
 20
276.015276
 30
0.0
  0
SPLINE
  5
3b9
100
AcDbEntity
  8
0
 62
7
100
AcDbSpline
 70
8
 71
3
 72
8
 73
4
 74
0
 40
0
 40
0
 40
0
 40
0
 40
1
 40
1
 40
1
 40
1
 10
26.401554
 20
276.015276
 30
0.0
 10
26.368740
 20
276.015276
 30
0.0
 10
26.339336
 20
276.008457
 30
0.0
 10
26.313341
 20
275.994821
 30
0.0
  0
SPLINE
  5
3ba
100
AcDbEntity
  8
0
 62
7
100
AcDbSpline
 70
8
 71
3
 72
8
 73
4
 74
0
 40
0
 40
0
 40
0
 40
0
 40
1
 40
1
 40
1
 40
1
 10
26.313341
 20
275.994821
 30
0.0
 10
26.287772
 20
275.981611
 30
0.0
 10
26.265826
 20
275.962434
 30
0.0
 10
26.247501
 20
275.937291
 30
0.0
  0
SPLINE
  5
3bb
100
AcDbEntity
  8
0
 62
7
100
AcDbSpline
 70
8
 71
3
 72
8
 73
4
 74
0
 40
0
 40
0
 40
0
 40
0
 40
1
 40
1
 40
1
 40
1
 10
26.247501
 20
275.937291
 30
0.0
 10
26.229603
 20
275.912574
 30
0.0
 10
26.215966
 20
275.882530
 30
0.0
 10
26.206591
 20
275.847160
 30
0.0
  0
SPLINE
  5
3bc
100
AcDbEntity
  8
0
 62
7
100
AcDbSpline
 70
8
 71
3
 72
8
 73
4
 74
0
 40
0
 40
0
 40
0
 40
0
 40
1
 40
1
 40
1
 40
1
 10
26.206591
 20
275.847160
 30
0.0
 10
26.197216
 20
275.811790
 30
0.0
 10
26.192528
 20
275.771945
 30
0.0
 10
26.192528
 20
275.727626
 30
0.0
  0
SPLINE
  5
3bd
100
AcDbEntity
  8
0
 62
7
100
AcDbSpline
 70
8
 71
3
 72
8
 73
4
 74
0
 40
0
 40
0
 40
0
 40
0
 40
1
 40
1
 40
1
 40
1
 10
26.192528
 20
275.727626
 30
0.0
 10
26.192528
 20
275.679045
 30
0.0
 10
26.197429
 20
275.636856
 30
0.0
 10
26.207231
 20
275.601059
 30
0.0
  0
SPLINE
  5
3be
100
AcDbEntity
  8
0
 62
7
100
AcDbSpline
 70
8
 71
3
 72
8
 73
4
 74
0
 40
0
 40
0
 40
0
 40
0
 40
1
 40
1
 40
1
 40
1
 10
26.207231
 20
275.601059
 30
0.0
 10
26.217458
 20
275.565689
 30
0.0
 10
26.231734
 20
275.536498
 30
0.0
 10
26.250059
 20
275.513486
 30
0.0
  0
SPLINE
  5
3bf
100
AcDbEntity
  8
0
 62
7
100
AcDbSpline
 70
8
 71
3
 72
8
 73
4
 74
0
 40
0
 40
0
 40
0
 40
0
 40
1
 40
1
 40
1
 40
1
 10
26.250059
 20
275.513486
 30
0.0
 10
26.268810
 20
275.490474
 30
0.0
 10
26.291182
 20
275.473215
 30
0.0
 10
26.317177
 20
275.461709
 30
0.0
  0
SPLINE
  5
3c0
100
AcDbEntity
  8
0
 62
7
100
AcDbSpline
 70
8
 71
3
 72
8
 73
4
 74
0
 40
0
 40
0
 40
0
 40
0
 40
1
 40
1
 40
1
 40
1
 10
26.317177
 20
275.461709
 30
0.0
 10
26.343599
 20
275.450628
 30
0.0
 10
26.373216
 20
275.445088
 30
0.0
 10
26.406030
 20
275.445088
 30
0.0
  0
SPLINE
  5
3c1
100
AcDbEntity
  8
0
 62
7
100
AcDbSpline
 70
8
 71
3
 72
8
 73
4
 74
0
 40
0
 40
0
 40
0
 40
0
 40
1
 40
1
 40
1
 40
1
 10
26.406030
 20
275.445088
 30
0.0
 10
26.435860
 20
275.445088
 30
0.0
 10
26.461642
 20
275.448497
 30
0.0
 10
26.483375
 20
275.455316
 30
0.0
  0
SPLINE
  5
3c2
100
AcDbEntity
  8
0
 62
7
100
AcDbSpline
 70
8
 71
3
 72
8
 73
4
 74
0
 40
0
 40
0
 40
0
 40
0
 40
1
 40
1
 40
1
 40
1
 10
26.483375
 20
275.455316
 30
0.0
 10
26.505110
 20
275.462561
 30
0.0
 10
26.523647
 20
275.470444
 30
0.0
 10
26.538988
 20
275.478968
 30
0.0
  0
SPLINE
  5
3c3
100
AcDbEntity
  8
0
 62
7
100
AcDbSpline
 70
8
 71
3
 72
8
 73
4
 74
0
 40
0
 40
0
 40
0
 40
0
 40
1
 40
1
 40
1
 40
1
 10
26.538988
 20
275.478968
 30
0.0
 10
26.554757
 20
275.487491
 30
0.0
 10
26.567542
 20
275.495161
 30
0.0
 10
26.577342
 20
275.501978
 30
0.0
  0
SPLINE
  5
3c4
100
AcDbEntity
  8
0
 62
7
100
AcDbSpline
 70
8
 71
3
 72
8
 73
4
 74
0
 40
0
 40
0
 40
0
 40
0
 40
1
 40
1
 40
1
 40
1
 10
26.577342
 20
275.501978
 30
0.0
 10
26.587572
 20
275.508798
 30
0.0
 10
26.595457
 20
275.512207
 30
0.0
 10
26.600996
 20
275.512207
 30
0.0
  0
SPLINE
  5
3c5
100
AcDbEntity
  8
0
 62
7
100
AcDbSpline
 70
8
 71
3
 72
8
 73
4
 74
0
 40
0
 40
0
 40
0
 40
0
 40
1
 40
1
 40
1
 40
1
 10
26.600996
 20
275.512207
 30
0.0
 10
26.605264
 20
275.512207
 30
0.0
 10
26.608677
 20
275.511352
 30
0.0
 10
26.611235
 20
275.509641
 30
0.0
  0
SPLINE
  5
3c6
100
AcDbEntity
  8
0
 62
7
100
AcDbSpline
 70
8
 71
3
 72
8
 73
4
 74
0
 40
0
 40
0
 40
0
 40
0
 40
1
 40
1
 40
1
 40
1
 10
26.611235
 20
275.509641
 30
0.0
 10
26.613793
 20
275.507930
 30
0.0
 10
26.615927
 20
275.504520
 30
0.0
 10
26.617638
 20
275.499412
 30
0.0
  0
SPLINE
  5
3c7
100
AcDbEntity
  8
0
 62
7
100
AcDbSpline
 70
8
 71
3
 72
8
 73
4
 74
0
 40
0
 40
0
 40
0
 40
0
 40
1
 40
1
 40
1
 40
1
 10
26.617638
 20
275.499412
 30
0.0
 10
26.619402
 20
275.494298
 30
0.0
 10
26.620681
 20
275.487054
 30
0.0
 10
26.621474
 20
275.477679
 30
0.0
  0
SPLINE
  5
3c8
100
AcDbEntity
  8
0
 62
7
100
AcDbSpline
 70
8
 71
3
 72
8
 73
4
 74
0
 40
0
 40
0
 40
0
 40
0
 40
1
 40
1
 40
1
 40
1
 10
26.621474
 20
275.477679
 30
0.0
 10
26.622356
 20
275.468729
 30
0.0
 10
26.622797
 20
275.456584
 30
0.0
 10
26.622797
 20
275.441243
 30
0.0
  0
LWPOLYLINE
  5
3c9
100
AcDbEntity
  8
0
 62
7
100
AcDbPolyline
 90
2
 70
0
 10
25.883178
 20
275.689916
 30
0.0
 10
25.883184
 20
275.337703
 30
0.0
  0
SPLINE
  5
3ca
100
AcDbEntity
  8
0
 62
7
100
AcDbSpline
 70
8
 71
3
 72
8
 73
4
 74
0
 40
0
 40
0
 40
0
 40
0
 40
1
 40
1
 40
1
 40
1
 10
27.310570
 20
275.628549
 30
0.0
 10
27.310570
 20
275.579968
 30
0.0
 10
27.304176
 20
275.535649
 30
0.0
 10
27.291388
 20
275.495591
 30
0.0
  0
SPLINE
  5
3cb
100
AcDbEntity
  8
0
 62
7
100
AcDbSpline
 70
8
 71
3
 72
8
 73
4
 74
0
 40
0
 40
0
 40
0
 40
0
 40
1
 40
1
 40
1
 40
1
 10
27.291388
 20
275.495591
 30
0.0
 10
27.278600
 20
275.455533
 30
0.0
 10
27.259209
 20
275.421015
 30
0.0
 10
27.233217
 20
275.392037
 30
0.0
  0
SPLINE
  5
3cc
100
AcDbEntity
  8
0
 62
7
100
AcDbSpline
 70
8
 71
3
 72
8
 73
4
 74
0
 40
0
 40
0
 40
0
 40
0
 40
1
 40
1
 40
1
 40
1
 10
27.233217
 20
275.392037
 30
0.0
 10
27.207222
 20
275.363059
 30
0.0
 10
27.174622
 20
275.340686
 30
0.0
 10
27.135416
 20
275.324918
 30
0.0
  0
SPLINE
  5
3cd
100
AcDbEntity
  8
0
 62
7
100
AcDbSpline
 70
8
 71
3
 72
8
 73
4
 74
0
 40
0
 40
0
 40
0
 40
0
 40
1
 40
1
 40
1
 40
1
 10
27.135416
 20
275.324918
 30
0.0
 10
27.096210
 20
275.309151
 30
0.0
 10
27.050399
 20
275.301267
 30
0.0
 10
26.997984
 20
275.301267
 30
0.0
  0
SPLINE
  5
3ce
100
AcDbEntity
  8
0
 62
7
100
AcDbSpline
 70
8
 71
3
 72
8
 73
4
 74
0
 40
0
 40
0
 40
0
 40
0
 40
1
 40
1
 40
1
 40
1
 10
26.997984
 20
275.301267
 30
0.0
 10
26.947272
 20
275.301267
 30
0.0
 10
26.903166
 20
275.308299
 30
0.0
 10
26.865665
 20
275.322363
 30
0.0
  0
SPLINE
  5
3cf
100
AcDbEntity
  8
0
 62
7
100
AcDbSpline
 70
8
 71
3
 72
8
 73
4
 74
0
 40
0
 40
0
 40
0
 40
0
 40
1
 40
1
 40
1
 40
1
 10
26.865665
 20
275.322363
 30
0.0
 10
26.828163
 20
275.336426
 30
0.0
 10
26.797055
 20
275.356881
 30
0.0
 10
26.772339
 20
275.383728
 30
0.0
  0
SPLINE
  5
3d0
100
AcDbEntity
  8
0
 62
7
100
AcDbSpline
 70
8
 71
3
 72
8
 73
4
 74
0
 40
0
 40
0
 40
0
 40
0
 40
1
 40
1
 40
1
 40
1
 10
26.772339
 20
275.383728
 30
0.0
 10
26.747622
 20
275.410575
 30
0.0
 10
26.729297
 20
275.443602
 30
0.0
 10
26.717364
 20
275.482807
 30
0.0
  0
SPLINE
  5
3d1
100
AcDbEntity
  8
0
 62
7
100
AcDbSpline
 70
8
 71
3
 72
8
 73
4
 74
0
 40
0
 40
0
 40
0
 40
0
 40
1
 40
1
 40
1
 40
1
 10
26.717364
 20
275.482807
 30
0.0
 10
26.705440
 20
275.522013
 30
0.0
 10
26.699478
 20
275.566759
 30
0.0
 10
26.699478
 20
275.617044
 30
0.0
  0
SPLINE
  5
3d2
100
AcDbEntity
  8
0
 62
7
100
AcDbSpline
 70
8
 71
3
 72
8
 73
4
 74
0
 40
0
 40
0
 40
0
 40
0
 40
1
 40
1
 40
1
 40
1
 10
26.699478
 20
275.617044
 30
0.0
 10
26.699478
 20
275.665625
 30
0.0
 10
26.705872
 20
275.709945
 30
0.0
 10
26.718660
 20
275.750003
 30
0.0
  0
SPLINE
  5
3d3
100
AcDbEntity
  8
0
 62
7
100
AcDbSpline
 70
8
 71
3
 72
8
 73
4
 74
0
 40
0
 40
0
 40
0
 40
0
 40
1
 40
1
 40
1
 40
1
 10
26.718660
 20
275.750003
 30
0.0
 10
26.731872
 20
275.790487
 30
0.0
 10
26.751474
 20
275.825005
 30
0.0
 10
26.777467
 20
275.853557
 30
0.0
  0
SPLINE
  5
3d4
100
AcDbEntity
  8
0
 62
7
100
AcDbSpline
 70
8
 71
3
 72
8
 73
4
 74
0
 40
0
 40
0
 40
0
 40
0
 40
1
 40
1
 40
1
 40
1
 10
26.777467
 20
275.853557
 30
0.0
 10
26.803463
 20
275.882535
 30
0.0
 10
26.835850
 20
275.904908
 30
0.0
 10
26.874630
 20
275.920675
 30
0.0
  0
SPLINE
  5
3d5
100
AcDbEntity
  8
0
 62
7
100
AcDbSpline
 70
8
 71
3
 72
8
 73
4
 74
0
 40
0
 40
0
 40
0
 40
0
 40
1
 40
1
 40
1
 40
1
 10
26.874630
 20
275.920675
 30
0.0
 10
26.913835
 20
275.936443
 30
0.0
 10
26.959646
 20
275.944326
 30
0.0
 10
27.012062
 20
275.944326
 30
0.0
  0
SPLINE
  5
3d6
100
AcDbEntity
  8
0
 62
7
100
AcDbSpline
 70
8
 71
3
 72
8
 73
4
 74
0
 40
0
 40
0
 40
0
 40
0
 40
1
 40
1
 40
1
 40
1
 10
27.012062
 20
275.944326
 30
0.0
 10
27.063201
 20
275.944326
 30
0.0
 10
27.107520
 20
275.937295
 30
0.0
 10
27.145020
 20
275.923231
 30
0.0
  0
SPLINE
  5
3d7
100
AcDbEntity
  8
0
 62
7
100
AcDbSpline
 70
8
 71
3
 72
8
 73
4
 74
0
 40
0
 40
0
 40
0
 40
0
 40
1
 40
1
 40
1
 40
1
 10
27.145020
 20
275.923231
 30
0.0
 10
27.182522
 20
275.909595
 30
0.0
 10
27.213419
 20
275.889352
 30
0.0
 10
27.237709
 20
275.862505
 30
0.0
  0
SPLINE
  5
3d8
100
AcDbEntity
  8
0
 62
7
100
AcDbSpline
 70
8
 71
3
 72
8
 73
4
 74
0
 40
0
 40
0
 40
0
 40
0
 40
1
 40
1
 40
1
 40
1
 10
27.237709
 20
275.862505
 30
0.0
 10
27.262425
 20
275.835658
 30
0.0
 10
27.280749
 20
275.802631
 30
0.0
 10
27.292682
 20
275.763425
 30
0.0
  0
SPLINE
  5
3d9
100
AcDbEntity
  8
0
 62
7
100
AcDbSpline
 70
8
 71
3
 72
8
 73
4
 74
0
 40
0
 40
0
 40
0
 40
0
 40
1
 40
1
 40
1
 40
1
 10
27.292682
 20
275.763425
 30
0.0
 10
27.304623
 20
275.724220
 30
0.0
 10
27.310594
 20
275.679261
 30
0.0
 10
27.310594
 20
275.628549
 30
0.0
  0
LWPOLYLINE
  5
3da
100
AcDbEntity
  8
0
 62
7
100
AcDbPolyline
 90
1
 70
1
 10
26.622797
 20
275.441243
 30
0.0
  0
SPLINE
  5
3db
100
AcDbEntity
  8
0
 62
7
100
AcDbSpline
 70
8
 71
3
 72
8
 73
4
 74
0
 40
0
 40
0
 40
0
 40
0
 40
1
 40
1
 40
1
 40
1
 10
27.145010
 20
275.622157
 30
0.0
 10
27.145010
 20
275.650283
 30
0.0
 10
27.142664
 20
275.676065
 30
0.0
 10
27.137972
 20
275.699503
 30
0.0
  0
SPLINE
  5
3dc
100
AcDbEntity
  8
0
 62
7
100
AcDbSpline
 70
8
 71
3
 72
8
 73
4
 74
0
 40
0
 40
0
 40
0
 40
0
 40
1
 40
1
 40
1
 40
1
 10
27.137972
 20
275.699503
 30
0.0
 10
27.133703
 20
275.723367
 30
0.0
 10
27.126242
 20
275.744036
 30
0.0
 10
27.115588
 20
275.761508
 30
0.0
  0
SPLINE
  5
3dd
100
AcDbEntity
  8
0
 62
7
100
AcDbSpline
 70
8
 71
3
 72
8
 73
4
 74
0
 40
0
 40
0
 40
0
 40
0
 40
1
 40
1
 40
1
 40
1
 10
27.115588
 20
275.761508
 30
0.0
 10
27.104934
 20
275.778979
 30
0.0
 10
27.090658
 20
275.792616
 30
0.0
 10
27.072760
 20
275.802418
 30
0.0
  0
SPLINE
  5
3de
100
AcDbEntity
  8
0
 62
7
100
AcDbSpline
 70
8
 71
3
 72
8
 73
4
 74
0
 40
0
 40
0
 40
0
 40
0
 40
1
 40
1
 40
1
 40
1
 10
27.072760
 20
275.802418
 30
0.0
 10
27.055280
 20
275.812220
 30
0.0
 10
27.033120
 20
275.817121
 30
0.0
 10
27.006281
 20
275.817121
 30
0.0
  0
SPLINE
  5
3df
100
AcDbEntity
  8
0
 62
7
100
AcDbSpline
 70
8
 71
3
 72
8
 73
4
 74
0
 40
0
 40
0
 40
0
 40
0
 40
1
 40
1
 40
1
 40
1
 10
27.006281
 20
275.817121
 30
0.0
 10
26.982415
 20
275.817121
 30
0.0
 10
26.961534
 20
275.812646
 30
0.0
 10
26.943635
 20
275.803696
 30
0.0
  0
SPLINE
  5
3e0
100
AcDbEntity
  8
0
 62
7
100
AcDbSpline
 70
8
 71
3
 72
8
 73
4
 74
0
 40
0
 40
0
 40
0
 40
0
 40
1
 40
1
 40
1
 40
1
 10
26.943635
 20
275.803696
 30
0.0
 10
26.925737
 20
275.795173
 30
0.0
 10
26.911035
 20
275.782388
 30
0.0
 10
26.899529
 20
275.765342
 30
0.0
  0
SPLINE
  5
3e1
100
AcDbEntity
  8
0
 62
7
100
AcDbSpline
 70
8
 71
3
 72
8
 73
4
 74
0
 40
0
 40
0
 40
0
 40
0
 40
1
 40
1
 40
1
 40
1
 10
26.899529
 20
275.765342
 30
0.0
 10
26.888029
 20
275.748723
 30
0.0
 10
26.879298
 20
275.728481
 30
0.0
 10
26.873336
 20
275.704616
 30
0.0
  0
SPLINE
  5
3e2
100
AcDbEntity
  8
0
 62
7
100
AcDbSpline
 70
8
 71
3
 72
8
 73
4
 74
0
 40
0
 40
0
 40
0
 40
0
 40
1
 40
1
 40
1
 40
1
 10
26.873336
 20
275.704616
 30
0.0
 10
26.867797
 20
275.681178
 30
0.0
 10
26.865028
 20
275.654331
 30
0.0
 10
26.865028
 20
275.624074
 30
0.0
  0
SPLINE
  5
3e3
100
AcDbEntity
  8
0
 62
7
100
AcDbSpline
 70
8
 71
3
 72
8
 73
4
 74
0
 40
0
 40
0
 40
0
 40
0
 40
1
 40
1
 40
1
 40
1
 10
26.865028
 20
275.624074
 30
0.0
 10
26.865028
 20
275.595948
 30
0.0
 10
26.867374
 20
275.569953
 30
0.0
 10
26.872066
 20
275.546089
 30
0.0
  0
SPLINE
  5
3e4
100
AcDbEntity
  8
0
 62
7
100
AcDbSpline
 70
8
 71
3
 72
8
 73
4
 74
0
 40
0
 40
0
 40
0
 40
0
 40
1
 40
1
 40
1
 40
1
 10
26.872066
 20
275.546089
 30
0.0
 10
26.876758
 20
275.522651
 30
0.0
 10
26.884219
 20
275.502196
 30
0.0
 10
26.894449
 20
275.484724
 30
0.0
  0
SPLINE
  5
3e5
100
AcDbEntity
  8
0
 62
7
100
AcDbSpline
 70
8
 71
3
 72
8
 73
4
 74
0
 40
0
 40
0
 40
0
 40
0
 40
1
 40
1
 40
1
 40
1
 10
26.894449
 20
275.484724
 30
0.0
 10
26.905103
 20
275.467252
 30
0.0
 10
26.919378
 20
275.453616
 30
0.0
 10
26.937275
 20
275.443813
 30
0.0
  0
SPLINE
  5
3e6
100
AcDbEntity
  8
0
 62
7
100
AcDbSpline
 70
8
 71
3
 72
8
 73
4
 74
0
 40
0
 40
0
 40
0
 40
0
 40
1
 40
1
 40
1
 40
1
 10
26.937275
 20
275.443813
 30
0.0
 10
26.955173
 20
275.434438
 30
0.0
 10
26.977333
 20
275.429751
 30
0.0
 10
27.003754
 20
275.429751
 30
0.0
  0
SPLINE
  5
3e7
100
AcDbEntity
  8
0
 62
7
100
AcDbSpline
 70
8
 71
3
 72
8
 73
4
 74
0
 40
0
 40
0
 40
0
 40
0
 40
1
 40
1
 40
1
 40
1
 10
27.003754
 20
275.429751
 30
0.0
 10
27.028045
 20
275.429751
 30
0.0
 10
27.049139
 20
275.434012
 30
0.0
 10
27.067037
 20
275.442535
 30
0.0
  0
SPLINE
  5
3e8
100
AcDbEntity
  8
0
 62
7
100
AcDbSpline
 70
8
 71
3
 72
8
 73
4
 74
0
 40
0
 40
0
 40
0
 40
0
 40
1
 40
1
 40
1
 40
1
 10
27.067037
 20
275.442535
 30
0.0
 10
27.084937
 20
275.451485
 30
0.0
 10
27.099640
 20
275.464270
 30
0.0
 10
27.111146
 20
275.480889
 30
0.0
  0
SPLINE
  5
3e9
100
AcDbEntity
  8
0
 62
7
100
AcDbSpline
 70
8
 71
3
 72
8
 73
4
 74
0
 40
0
 40
0
 40
0
 40
0
 40
1
 40
1
 40
1
 40
1
 10
27.111146
 20
275.480889
 30
0.0
 10
27.122646
 20
275.497508
 30
0.0
 10
27.131166
 20
275.517537
 30
0.0
 10
27.136705
 20
275.540976
 30
0.0
  0
SPLINE
  5
3ea
100
AcDbEntity
  8
0
 62
7
100
AcDbSpline
 70
8
 71
3
 72
8
 73
4
 74
0
 40
0
 40
0
 40
0
 40
0
 40
1
 40
1
 40
1
 40
1
 10
27.136705
 20
275.540976
 30
0.0
 10
27.142243
 20
275.564840
 30
0.0
 10
27.145012
 20
275.591901
 30
0.0
 10
27.145012
 20
275.622157
 30
0.0
  0
LWPOLYLINE
  5
3eb
100
AcDbEntity
  8
0
 62
7
100
AcDbPolyline
 90
1
 70
1
 10
27.310594
 20
275.628549
 30
0.0
  0
SPLINE
  5
3ec
100
AcDbEntity
  8
0
 62
7
100
AcDbSpline
 70
8
 71
3
 72
8
 73
4
 74
0
 40
0
 40
0
 40
0
 40
0
 40
1
 40
1
 40
1
 40
1
 10
28.344831
 20
275.337703
 30
0.0
 10
28.344831
 20
275.333441
 30
0.0
 10
28.343553
 20
275.329606
 30
0.0
 10
28.340995
 20
275.326196
 30
0.0
  0
SPLINE
  5
3ed
100
AcDbEntity
  8
0
 62
7
100
AcDbSpline
 70
8
 71
3
 72
8
 73
4
 74
0
 40
0
 40
0
 40
0
 40
0
 40
1
 40
1
 40
1
 40
1
 10
28.340995
 20
275.326196
 30
0.0
 10
28.338437
 20
275.323213
 30
0.0
 10
28.334177
 20
275.320657
 30
0.0
 10
28.328216
 20
275.318526
 30
0.0
  0
SPLINE
  5
3ee
100
AcDbEntity
  8
0
 62
7
100
AcDbSpline
 70
8
 71
3
 72
8
 73
4
 74
0
 40
0
 40
0
 40
0
 40
0
 40
1
 40
1
 40
1
 40
1
 10
28.328216
 20
275.318526
 30
0.0
 10
28.322254
 20
275.316395
 30
0.0
 10
28.314157
 20
275.314904
 30
0.0
 10
28.303927
 20
275.314052
 30
0.0
  0
SPLINE
  5
3ef
100
AcDbEntity
  8
0
 62
7
100
AcDbSpline
 70
8
 71
3
 72
8
 73
4
 74
0
 40
0
 40
0
 40
0
 40
0
 40
1
 40
1
 40
1
 40
1
 10
28.303927
 20
275.314052
 30
0.0
 10
28.293696
 20
275.312782
 30
0.0
 10
28.280699
 20
275.312147
 30
0.0
 10
28.264935
 20
275.312147
 30
0.0
  0
SPLINE
  5
3f0
100
AcDbEntity
  8
0
 62
7
100
AcDbSpline
 70
8
 71
3
 72
8
 73
4
 74
0
 40
0
 40
0
 40
0
 40
0
 40
1
 40
1
 40
1
 40
1
 10
28.264935
 20
275.312147
 30
0.0
 10
28.248743
 20
275.312147
 30
0.0
 10
28.235532
 20
275.312782
 30
0.0
 10
28.225303
 20
275.314052
 30
0.0
  0
SPLINE
  5
3f1
100
AcDbEntity
  8
0
 62
7
100
AcDbSpline
 70
8
 71
3
 72
8
 73
4
 74
0
 40
0
 40
0
 40
0
 40
0
 40
1
 40
1
 40
1
 40
1
 10
28.225303
 20
275.314052
 30
0.0
 10
28.215073
 20
275.314898
 30
0.0
 10
28.206765
 20
275.316390
 30
0.0
 10
28.200380
 20
275.318526
 30
0.0
  0
SPLINE
  5
3f2
100
AcDbEntity
  8
0
 62
7
100
AcDbSpline
 70
8
 71
3
 72
8
 73
4
 74
0
 40
0
 40
0
 40
0
 40
0
 40
1
 40
1
 40
1
 40
1
 10
28.200380
 20
275.318526
 30
0.0
 10
28.194418
 20
275.320657
 30
0.0
 10
28.190158
 20
275.323213
 30
0.0
 10
28.187600
 20
275.326196
 30
0.0
  0
SPLINE
  5
3f3
100
AcDbEntity
  8
0
 62
7
100
AcDbSpline
 70
8
 71
3
 72
8
 73
4
 74
0
 40
0
 40
0
 40
0
 40
0
 40
1
 40
1
 40
1
 40
1
 10
28.187600
 20
275.326196
 30
0.0
 10
28.185466
 20
275.329606
 30
0.0
 10
28.184399
 20
275.333441
 30
0.0
 10
28.184399
 20
275.337703
 30
0.0
  0
LWPOLYLINE
  5
3f4
100
AcDbEntity
  8
0
 62
7
100
AcDbPolyline
 90
1
 70
1
 10
27.145012
 20
275.622157
 30
0.0
  0
SPLINE
  5
3f5
100
AcDbEntity
  8
0
 62
7
100
AcDbSpline
 70
8
 71
3
 72
8
 73
4
 74
0
 40
0
 40
0
 40
0
 40
0
 40
1
 40
1
 40
1
 40
1
 10
28.184399
 20
275.675852
 30
0.0
 10
28.184399
 20
275.695029
 30
0.0
 10
28.182476
 20
275.712501
 30
0.0
 10
28.178631
 20
275.728268
 30
0.0
  0
SPLINE
  5
3f6
100
AcDbEntity
  8
0
 62
7
100
AcDbSpline
 70
8
 71
3
 72
8
 73
4
 74
0
 40
0
 40
0
 40
0
 40
0
 40
1
 40
1
 40
1
 40
1
 10
28.178631
 20
275.728268
 30
0.0
 10
28.175226
 20
275.744036
 30
0.0
 10
28.169688
 20
275.757459
 30
0.0
 10
28.162015
 20
275.768539
 30
0.0
  0
SPLINE
  5
3f7
100
AcDbEntity
  8
0
 62
7
100
AcDbSpline
 70
8
 71
3
 72
8
 73
4
 74
0
 40
0
 40
0
 40
0
 40
0
 40
1
 40
1
 40
1
 40
1
 10
28.162015
 20
275.768539
 30
0.0
 10
28.154765
 20
275.780045
 30
0.0
 10
28.145389
 20
275.788781
 30
0.0
 10
28.133887
 20
275.794749
 30
0.0
  0
SPLINE
  5
3f8
100
AcDbEntity
  8
0
 62
7
100
AcDbSpline
 70
8
 71
3
 72
8
 73
4
 74
0
 40
0
 40
0
 40
0
 40
0
 40
1
 40
1
 40
1
 40
1
 10
28.133887
 20
275.794749
 30
0.0
 10
28.122810
 20
275.801141
 30
0.0
 10
28.109387
 20
275.804337
 30
0.0
 10
28.093618
 20
275.804337
 30
0.0
  0
SPLINE
  5
3f9
100
AcDbEntity
  8
0
 62
7
100
AcDbSpline
 70
8
 71
3
 72
8
 73
4
 74
0
 40
0
 40
0
 40
0
 40
0
 40
1
 40
1
 40
1
 40
1
 10
28.093618
 20
275.804337
 30
0.0
 10
28.074441
 20
275.804337
 30
0.0
 10
28.055051
 20
275.796879
 30
0.0
 10
28.035449
 20
275.781964
 30
0.0
  0
SPLINE
  5
3fa
100
AcDbEntity
  8
0
 62
7
100
AcDbSpline
 70
8
 71
3
 72
8
 73
4
 74
0
 40
0
 40
0
 40
0
 40
0
 40
1
 40
1
 40
1
 40
1
 10
28.035449
 20
275.781964
 30
0.0
 10
28.015845
 20
275.767049
 30
0.0
 10
27.994537
 20
275.745315
 30
0.0
 10
27.971526
 20
275.716763
 30
0.0
  0
LWPOLYLINE
  5
3fb
100
AcDbEntity
  8
0
 62
7
100
AcDbPolyline
 90
2
 70
0
 10
28.184399
 20
275.337703
 30
0.0
 10
28.184399
 20
275.675852
 30
0.0
  0
SPLINE
  5
3fc
100
AcDbEntity
  8
0
 62
7
100
AcDbSpline
 70
8
 71
3
 72
8
 73
4
 74
0
 40
0
 40
0
 40
0
 40
0
 40
1
 40
1
 40
1
 40
1
 10
27.971526
 20
275.337704
 30
0.0
 10
27.971526
 20
275.333443
 30
0.0
 10
27.970247
 20
275.329607
 30
0.0
 10
27.967689
 20
275.326197
 30
0.0
  0
SPLINE
  5
3fd
100
AcDbEntity
  8
0
 62
7
100
AcDbSpline
 70
8
 71
3
 72
8
 73
4
 74
0
 40
0
 40
0
 40
0
 40
0
 40
1
 40
1
 40
1
 40
1
 10
27.967689
 20
275.326197
 30
0.0
 10
27.965131
 20
275.323215
 30
0.0
 10
27.960660
 20
275.320658
 30
0.0
 10
27.954275
 20
275.318527
 30
0.0
  0
SPLINE
  5
3fe
100
AcDbEntity
  8
0
 62
7
100
AcDbSpline
 70
8
 71
3
 72
8
 73
4
 74
0
 40
0
 40
0
 40
0
 40
0
 40
1
 40
1
 40
1
 40
1
 10
27.954275
 20
275.318527
 30
0.0
 10
27.948313
 20
275.316396
 30
0.0
 10
27.940217
 20
275.314905
 30
0.0
 10
27.929986
 20
275.314053
 30
0.0
  0
SPLINE
  5
3ff
100
AcDbEntity
  8
0
 62
7
100
AcDbSpline
 70
8
 71
3
 72
8
 73
4
 74
0
 40
0
 40
0
 40
0
 40
0
 40
1
 40
1
 40
1
 40
1
 10
27.929986
 20
275.314053
 30
0.0
 10
27.919755
 20
275.312783
 30
0.0
 10
27.906971
 20
275.312148
 30
0.0
 10
27.891632
 20
275.312148
 30
0.0
  0
SPLINE
  5
400
100
AcDbEntity
  8
0
 62
7
100
AcDbSpline
 70
8
 71
3
 72
8
 73
4
 74
0
 40
0
 40
0
 40
0
 40
0
 40
1
 40
1
 40
1
 40
1
 10
27.891632
 20
275.312148
 30
0.0
 10
27.875863
 20
275.312148
 30
0.0
 10
27.862866
 20
275.312783
 30
0.0
 10
27.852640
 20
275.314053
 30
0.0
  0
SPLINE
  5
401
100
AcDbEntity
  8
0
 62
7
100
AcDbSpline
 70
8
 71
3
 72
8
 73
4
 74
0
 40
0
 40
0
 40
0
 40
0
 40
1
 40
1
 40
1
 40
1
 10
27.852640
 20
275.314053
 30
0.0
 10
27.842410
 20
275.314900
 30
0.0
 10
27.834102
 20
275.316391
 30
0.0
 10
27.827717
 20
275.318527
 30
0.0
  0
SPLINE
  5
402
100
AcDbEntity
  8
0
 62
7
100
AcDbSpline
 70
8
 71
3
 72
8
 73
4
 74
0
 40
0
 40
0
 40
0
 40
0
 40
1
 40
1
 40
1
 40
1
 10
27.827717
 20
275.318527
 30
0.0
 10
27.821755
 20
275.320658
 30
0.0
 10
27.817495
 20
275.323215
 30
0.0
 10
27.814937
 20
275.326197
 30
0.0
  0
SPLINE
  5
403
100
AcDbEntity
  8
0
 62
7
100
AcDbSpline
 70
8
 71
3
 72
8
 73
4
 74
0
 40
0
 40
0
 40
0
 40
0
 40
1
 40
1
 40
1
 40
1
 10
27.814937
 20
275.326197
 30
0.0
 10
27.812380
 20
275.329607
 30
0.0
 10
27.811101
 20
275.333443
 30
0.0
 10
27.811101
 20
275.337704
 30
0.0
  0
LWPOLYLINE
  5
404
100
AcDbEntity
  8
0
 62
7
100
AcDbPolyline
 90
2
 70
0
 10
27.971526
 20
275.716763
 30
0.0
 10
27.971526
 20
275.337704
 30
0.0
  0
SPLINE
  5
405
100
AcDbEntity
  8
0
 62
7
100
AcDbSpline
 70
8
 71
3
 72
8
 73
4
 74
0
 40
0
 40
0
 40
0
 40
0
 40
1
 40
1
 40
1
 40
1
 10
27.811101
 20
275.675853
 30
0.0
 10
27.811101
 20
275.695030
 30
0.0
 10
27.809187
 20
275.712502
 30
0.0
 10
27.805359
 20
275.728270
 30
0.0
  0
SPLINE
  5
406
100
AcDbEntity
  8
0
 62
7
100
AcDbSpline
 70
8
 71
3
 72
8
 73
4
 74
0
 40
0
 40
0
 40
0
 40
0
 40
1
 40
1
 40
1
 40
1
 10
27.805359
 20
275.728270
 30
0.0
 10
27.801955
 20
275.744037
 30
0.0
 10
27.796628
 20
275.757461
 30
0.0
 10
27.789379
 20
275.768540
 30
0.0
  0
SPLINE
  5
407
100
AcDbEntity
  8
0
 62
7
100
AcDbSpline
 70
8
 71
3
 72
8
 73
4
 74
0
 40
0
 40
0
 40
0
 40
0
 40
1
 40
1
 40
1
 40
1
 10
27.789379
 20
275.768540
 30
0.0
 10
27.782129
 20
275.780046
 30
0.0
 10
27.772754
 20
275.788783
 30
0.0
 10
27.761253
 20
275.794750
 30
0.0
  0
SPLINE
  5
408
100
AcDbEntity
  8
0
 62
7
100
AcDbSpline
 70
8
 71
3
 72
8
 73
4
 74
0
 40
0
 40
0
 40
0
 40
0
 40
1
 40
1
 40
1
 40
1
 10
27.761253
 20
275.794750
 30
0.0
 10
27.749753
 20
275.801142
 30
0.0
 10
27.736329
 20
275.804339
 30
0.0
 10
27.720981
 20
275.804339
 30
0.0
  0
SPLINE
  5
409
100
AcDbEntity
  8
0
 62
7
100
AcDbSpline
 70
8
 71
3
 72
8
 73
4
 74
0
 40
0
 40
0
 40
0
 40
0
 40
1
 40
1
 40
1
 40
1
 10
27.720981
 20
275.804339
 30
0.0
 10
27.701379
 20
275.804339
 30
0.0
 10
27.681776
 20
275.796881
 30
0.0
 10
27.662172
 20
275.781965
 30
0.0
  0
SPLINE
  5
40a
100
AcDbEntity
  8
0
 62
7
100
AcDbSpline
 70
8
 71
3
 72
8
 73
4
 74
0
 40
0
 40
0
 40
0
 40
0
 40
1
 40
1
 40
1
 40
1
 10
27.662172
 20
275.781965
 30
0.0
 10
27.642570
 20
275.767050
 30
0.0
 10
27.621476
 20
275.745316
 30
0.0
 10
27.598889
 20
275.716765
 30
0.0
  0
LWPOLYLINE
  5
40b
100
AcDbEntity
  8
0
 62
7
100
AcDbPolyline
 90
2
 70
0
 10
27.811101
 20
275.337704
 30
0.0
 10
27.811101
 20
275.675853
 30
0.0
  0
SPLINE
  5
40c
100
AcDbEntity
  8
0
 62
7
100
AcDbSpline
 70
8
 71
3
 72
8
 73
4
 74
0
 40
0
 40
0
 40
0
 40
0
 40
1
 40
1
 40
1
 40
1
 10
27.598889
 20
275.337705
 30
0.0
 10
27.598889
 20
275.333444
 30
0.0
 10
27.597610
 20
275.329608
 30
0.0
 10
27.595053
 20
275.326199
 30
0.0
  0
SPLINE
  5
40d
100
AcDbEntity
  8
0
 62
7
100
AcDbSpline
 70
8
 71
3
 72
8
 73
4
 74
0
 40
0
 40
0
 40
0
 40
0
 40
1
 40
1
 40
1
 40
1
 10
27.595053
 20
275.326199
 30
0.0
 10
27.592495
 20
275.323216
 30
0.0
 10
27.588024
 20
275.320659
 30
0.0
 10
27.581638
 20
275.318528
 30
0.0
  0
SPLINE
  5
40e
100
AcDbEntity
  8
0
 62
7
100
AcDbSpline
 70
8
 71
3
 72
8
 73
4
 74
0
 40
0
 40
0
 40
0
 40
0
 40
1
 40
1
 40
1
 40
1
 10
27.581638
 20
275.318528
 30
0.0
 10
27.575676
 20
275.316398
 30
0.0
 10
27.567580
 20
275.314906
 30
0.0
 10
27.557350
 20
275.314054
 30
0.0
  0
SPLINE
  5
40f
100
AcDbEntity
  8
0
 62
7
100
AcDbSpline
 70
8
 71
3
 72
8
 73
4
 74
0
 40
0
 40
0
 40
0
 40
0
 40
1
 40
1
 40
1
 40
1
 10
27.557350
 20
275.314054
 30
0.0
 10
27.547119
 20
275.312784
 30
0.0
 10
27.534121
 20
275.312149
 30
0.0
 10
27.518355
 20
275.312149
 30
0.0
  0
SPLINE
  5
410
100
AcDbEntity
  8
0
 62
7
100
AcDbSpline
 70
8
 71
3
 72
8
 73
4
 74
0
 40
0
 40
0
 40
0
 40
0
 40
1
 40
1
 40
1
 40
1
 10
27.518355
 20
275.312149
 30
0.0
 10
27.502586
 20
275.312149
 30
0.0
 10
27.489589
 20
275.312784
 30
0.0
 10
27.479364
 20
275.314054
 30
0.0
  0
SPLINE
  5
411
100
AcDbEntity
  8
0
 62
7
100
AcDbSpline
 70
8
 71
3
 72
8
 73
4
 74
0
 40
0
 40
0
 40
0
 40
0
 40
1
 40
1
 40
1
 40
1
 10
27.479364
 20
275.314054
 30
0.0
 10
27.469133
 20
275.314901
 30
0.0
 10
27.460825
 20
275.316392
 30
0.0
 10
27.454440
 20
275.318528
 30
0.0
  0
SPLINE
  5
412
100
AcDbEntity
  8
0
 62
7
100
AcDbSpline
 70
8
 71
3
 72
8
 73
4
 74
0
 40
0
 40
0
 40
0
 40
0
 40
1
 40
1
 40
1
 40
1
 10
27.454440
 20
275.318528
 30
0.0
 10
27.448478
 20
275.320659
 30
0.0
 10
27.444218
 20
275.323216
 30
0.0
 10
27.441661
 20
275.326199
 30
0.0
  0
SPLINE
  5
413
100
AcDbEntity
  8
0
 62
7
100
AcDbSpline
 70
8
 71
3
 72
8
 73
4
 74
0
 40
0
 40
0
 40
0
 40
0
 40
1
 40
1
 40
1
 40
1
 10
27.441661
 20
275.326199
 30
0.0
 10
27.439103
 20
275.329608
 30
0.0
 10
27.437824
 20
275.333444
 30
0.0
 10
27.437824
 20
275.337705
 30
0.0
  0
LWPOLYLINE
  5
414
100
AcDbEntity
  8
0
 62
7
100
AcDbPolyline
 90
2
 70
0
 10
27.598889
 20
275.716765
 30
0.0
 10
27.598889
 20
275.337705
 30
0.0
  0
SPLINE
  5
415
100
AcDbEntity
  8
0
 62
7
100
AcDbSpline
 70
8
 71
3
 72
8
 73
4
 74
0
 40
0
 40
0
 40
0
 40
0
 40
1
 40
1
 40
1
 40
1
 10
27.437824
 20
275.907892
 30
0.0
 10
27.437824
 20
275.912154
 30
0.0
 10
27.438891
 20
275.915776
 30
0.0
 10
27.441026
 20
275.918759
 30
0.0
  0
SPLINE
  5
416
100
AcDbEntity
  8
0
 62
7
100
AcDbSpline
 70
8
 71
3
 72
8
 73
4
 74
0
 40
0
 40
0
 40
0
 40
0
 40
1
 40
1
 40
1
 40
1
 10
27.441026
 20
275.918759
 30
0.0
 10
27.443160
 20
275.922168
 30
0.0
 10
27.446996
 20
275.924939
 30
0.0
 10
27.452535
 20
275.927069
 30
0.0
  0
SPLINE
  5
417
100
AcDbEntity
  8
0
 62
7
100
AcDbSpline
 70
8
 71
3
 72
8
 73
4
 74
0
 40
0
 40
0
 40
0
 40
0
 40
1
 40
1
 40
1
 40
1
 10
27.452535
 20
275.927069
 30
0.0
 10
27.458074
 20
275.929200
 30
0.0
 10
27.465103
 20
275.930692
 30
0.0
 10
27.473622
 20
275.931544
 30
0.0
  0
SPLINE
  5
418
100
AcDbEntity
  8
0
 62
7
100
AcDbSpline
 70
8
 71
3
 72
8
 73
4
 74
0
 40
0
 40
0
 40
0
 40
0
 40
1
 40
1
 40
1
 40
1
 10
27.473622
 20
275.931544
 30
0.0
 10
27.482565
 20
275.932814
 30
0.0
 10
27.493645
 20
275.933449
 30
0.0
 10
27.506862
 20
275.933449
 30
0.0
  0
SPLINE
  5
419
100
AcDbEntity
  8
0
 62
7
100
AcDbSpline
 70
8
 71
3
 72
8
 73
4
 74
0
 40
0
 40
0
 40
0
 40
0
 40
1
 40
1
 40
1
 40
1
 10
27.506862
 20
275.933449
 30
0.0
 10
27.520497
 20
275.933449
 30
0.0
 10
27.531789
 20
275.932814
 30
0.0
 10
27.540739
 20
275.931544
 30
0.0
  0
SPLINE
  5
41a
100
AcDbEntity
  8
0
 62
7
100
AcDbSpline
 70
8
 71
3
 72
8
 73
4
 74
0
 40
0
 40
0
 40
0
 40
0
 40
1
 40
1
 40
1
 40
1
 10
27.540739
 20
275.931544
 30
0.0
 10
27.549682
 20
275.930697
 30
0.0
 10
27.556499
 20
275.929206
 30
0.0
 10
27.561191
 20
275.927069
 30
0.0
  0
SPLINE
  5
41b
100
AcDbEntity
  8
0
 62
7
100
AcDbSpline
 70
8
 71
3
 72
8
 73
4
 74
0
 40
0
 40
0
 40
0
 40
0
 40
1
 40
1
 40
1
 40
1
 10
27.561191
 20
275.927069
 30
0.0
 10
27.566307
 20
275.924939
 30
0.0
 10
27.569931
 20
275.922168
 30
0.0
 10
27.572066
 20
275.918759
 30
0.0
  0
SPLINE
  5
41c
100
AcDbEntity
  8
0
 62
7
100
AcDbSpline
 70
8
 71
3
 72
8
 73
4
 74
0
 40
0
 40
0
 40
0
 40
0
 40
1
 40
1
 40
1
 40
1
 10
27.572066
 20
275.918759
 30
0.0
 10
27.574200
 20
275.915776
 30
0.0
 10
27.575267
 20
275.912154
 30
0.0
 10
27.575267
 20
275.907892
 30
0.0
  0
LWPOLYLINE
  5
41d
100
AcDbEntity
  8
0
 62
7
100
AcDbPolyline
 90
2
 70
0
 10
27.437824
 20
275.337705
 30
0.0
 10
27.437824
 20
275.907892
 30
0.0
  0
SPLINE
  5
41e
100
AcDbEntity
  8
0
 62
7
100
AcDbSpline
 70
8
 71
3
 72
8
 73
4
 74
0
 40
0
 40
0
 40
0
 40
0
 40
1
 40
1
 40
1
 40
1
 10
27.575267
 20
275.842053
 30
0.0
 10
27.606802
 20
275.876144
 30
0.0
 10
27.638124
 20
275.901713
 30
0.0
 10
27.669234
 20
275.918759
 30
0.0
  0
SPLINE
  5
41f
100
AcDbEntity
  8
0
 62
7
100
AcDbSpline
 70
8
 71
3
 72
8
 73
4
 74
0
 40
0
 40
0
 40
0
 40
0
 40
1
 40
1
 40
1
 40
1
 10
27.669234
 20
275.918759
 30
0.0
 10
27.700769
 20
275.935805
 30
0.0
 10
27.733582
 20
275.944328
 30
0.0
 10
27.767675
 20
275.944328
 30
0.0
  0
SPLINE
  5
420
100
AcDbEntity
  8
0
 62
7
100
AcDbSpline
 70
8
 71
3
 72
8
 73
4
 74
0
 40
0
 40
0
 40
0
 40
0
 40
1
 40
1
 40
1
 40
1
 10
27.767675
 20
275.944328
 30
0.0
 10
27.791113
 20
275.944328
 30
0.0
 10
27.812208
 20
275.941772
 30
0.0
 10
27.830958
 20
275.936658
 30
0.0
  0
SPLINE
  5
421
100
AcDbEntity
  8
0
 62
7
100
AcDbSpline
 70
8
 71
3
 72
8
 73
4
 74
0
 40
0
 40
0
 40
0
 40
0
 40
1
 40
1
 40
1
 40
1
 10
27.830958
 20
275.936658
 30
0.0
 10
27.849708
 20
275.931970
 30
0.0
 10
27.866327
 20
275.924938
 30
0.0
 10
27.880816
 20
275.915563
 30
0.0
  0
SPLINE
  5
422
100
AcDbEntity
  8
0
 62
7
100
AcDbSpline
 70
8
 71
3
 72
8
 73
4
 74
0
 40
0
 40
0
 40
0
 40
0
 40
1
 40
1
 40
1
 40
1
 10
27.880816
 20
275.915563
 30
0.0
 10
27.895738
 20
275.906613
 30
0.0
 10
27.908523
 20
275.895746
 30
0.0
 10
27.919170
 20
275.882963
 30
0.0
  0
SPLINE
  5
423
100
AcDbEntity
  8
0
 62
7
100
AcDbSpline
 70
8
 71
3
 72
8
 73
4
 74
0
 40
0
 40
0
 40
0
 40
0
 40
1
 40
1
 40
1
 40
1
 10
27.919170
 20
275.882963
 30
0.0
 10
27.929824
 20
275.870178
 30
0.0
 10
27.938773
 20
275.855902
 30
0.0
 10
27.946017
 20
275.840135
 30
0.0
  0
SPLINE
  5
424
100
AcDbEntity
  8
0
 62
7
100
AcDbSpline
 70
8
 71
3
 72
8
 73
4
 74
0
 40
0
 40
0
 40
0
 40
0
 40
1
 40
1
 40
1
 40
1
 10
27.946017
 20
275.840135
 30
0.0
 10
27.963056
 20
275.858459
 30
0.0
 10
27.979676
 20
275.874227
 30
0.0
 10
27.995878
 20
275.887437
 30
0.0
  0
SPLINE
  5
425
100
AcDbEntity
  8
0
 62
7
100
AcDbSpline
 70
8
 71
3
 72
8
 73
4
 74
0
 40
0
 40
0
 40
0
 40
0
 40
1
 40
1
 40
1
 40
1
 10
27.995878
 20
275.887437
 30
0.0
 10
28.012494
 20
275.900647
 30
0.0
 10
28.028687
 20
275.911301
 30
0.0
 10
28.044458
 20
275.919398
 30
0.0
  0
SPLINE
  5
426
100
AcDbEntity
  8
0
 62
7
100
AcDbSpline
 70
8
 71
3
 72
8
 73
4
 74
0
 40
0
 40
0
 40
0
 40
0
 40
1
 40
1
 40
1
 40
1
 10
28.044458
 20
275.919398
 30
0.0
 10
28.060650
 20
275.927921
 30
0.0
 10
28.076631
 20
275.934100
 30
0.0
 10
28.092400
 20
275.937935
 30
0.0
  0
SPLINE
  5
427
100
AcDbEntity
  8
0
 62
7
100
AcDbSpline
 70
8
 71
3
 72
8
 73
4
 74
0
 40
0
 40
0
 40
0
 40
0
 40
1
 40
1
 40
1
 40
1
 10
28.092400
 20
275.937935
 30
0.0
 10
28.108593
 20
275.942197
 30
0.0
 10
28.125000
 20
275.944327
 30
0.0
 10
28.141621
 20
275.944327
 30
0.0
  0
SPLINE
  5
428
100
AcDbEntity
  8
0
 62
7
100
AcDbSpline
 70
8
 71
3
 72
8
 73
4
 74
0
 40
0
 40
0
 40
0
 40
0
 40
1
 40
1
 40
1
 40
1
 10
28.141621
 20
275.944327
 30
0.0
 10
28.179548
 20
275.944327
 30
0.0
 10
28.211509
 20
275.937935
 30
0.0
 10
28.237503
 20
275.925150
 30
0.0
  0
SPLINE
  5
429
100
AcDbEntity
  8
0
 62
7
100
AcDbSpline
 70
8
 71
3
 72
8
 73
4
 74
0
 40
0
 40
0
 40
0
 40
0
 40
1
 40
1
 40
1
 40
1
 10
28.237503
 20
275.925150
 30
0.0
 10
28.263498
 20
275.912366
 30
0.0
 10
28.284379
 20
275.894894
 30
0.0
 10
28.300146
 20
275.872734
 30
0.0
  0
SPLINE
  5
42a
100
AcDbEntity
  8
0
 62
7
100
AcDbSpline
 70
8
 71
3
 72
8
 73
4
 74
0
 40
0
 40
0
 40
0
 40
0
 40
1
 40
1
 40
1
 40
1
 10
28.300146
 20
275.872734
 30
0.0
 10
28.316338
 20
275.851001
 30
0.0
 10
28.327845
 20
275.825432
 30
0.0
 10
28.334666
 20
275.796027
 30
0.0
  0
SPLINE
  5
42b
100
AcDbEntity
  8
0
 62
7
100
AcDbSpline
 70
8
 71
3
 72
8
 73
4
 74
0
 40
0
 40
0
 40
0
 40
0
 40
1
 40
1
 40
1
 40
1
 10
28.334666
 20
275.796027
 30
0.0
 10
28.341492
 20
275.766623
 30
0.0
 10
28.344905
 20
275.735514
 30
0.0
 10
28.344905
 20
275.702701
 30
0.0
  0
LWPOLYLINE
  5
42c
100
AcDbEntity
  8
0
 62
7
100
AcDbPolyline
 90
2
 70
0
 10
27.575267
 20
275.907892
 30
0.0
 10
27.575267
 20
275.842053
 30
0.0
  0
SPLINE
  5
42d
100
AcDbEntity
  8
0
 62
7
100
AcDbSpline
 70
8
 71
3
 72
8
 73
4
 74
0
 40
0
 40
0
 40
0
 40
0
 40
1
 40
1
 40
1
 40
1
 10
29.076743
 20
275.631106
 30
0.0
 10
29.076743
 20
275.580394
 30
0.0
 10
29.071204
 20
275.534584
 30
0.0
 10
29.060127
 20
275.493673
 30
0.0
  0
SPLINE
  5
42e
100
AcDbEntity
  8
0
 62
7
100
AcDbSpline
 70
8
 71
3
 72
8
 73
4
 74
0
 40
0
 40
0
 40
0
 40
0
 40
1
 40
1
 40
1
 40
1
 10
29.060127
 20
275.493673
 30
0.0
 10
29.049473
 20
275.453189
 30
0.0
 10
29.033706
 20
275.418671
 30
0.0
 10
29.012825
 20
275.390119
 30
0.0
  0
SPLINE
  5
42f
100
AcDbEntity
  8
0
 62
7
100
AcDbSpline
 70
8
 71
3
 72
8
 73
4
 74
0
 40
0
 40
0
 40
0
 40
0
 40
1
 40
1
 40
1
 40
1
 10
29.012825
 20
275.390119
 30
0.0
 10
28.991944
 20
275.361567
 30
0.0
 10
28.965949
 20
275.339620
 30
0.0
 10
28.934839
 20
275.324279
 30
0.0
  0
SPLINE
  5
430
100
AcDbEntity
  8
0
 62
7
100
AcDbSpline
 70
8
 71
3
 72
8
 73
4
 74
0
 40
0
 40
0
 40
0
 40
0
 40
1
 40
1
 40
1
 40
1
 10
28.934839
 20
275.324279
 30
0.0
 10
28.903731
 20
275.308939
 30
0.0
 10
28.868148
 20
275.301268
 30
0.0
 10
28.828090
 20
275.301268
 30
0.0
  0
SPLINE
  5
431
100
AcDbEntity
  8
0
 62
7
100
AcDbSpline
 70
8
 71
3
 72
8
 73
4
 74
0
 40
0
 40
0
 40
0
 40
0
 40
1
 40
1
 40
1
 40
1
 10
28.828090
 20
275.301268
 30
0.0
 10
28.811474
 20
275.301268
 30
0.0
 10
28.796133
 20
275.302973
 30
0.0
 10
28.782066
 20
275.306383
 30
0.0
  0
SPLINE
  5
432
100
AcDbEntity
  8
0
 62
7
100
AcDbSpline
 70
8
 71
3
 72
8
 73
4
 74
0
 40
0
 40
0
 40
0
 40
0
 40
1
 40
1
 40
1
 40
1
 10
28.782066
 20
275.306383
 30
0.0
 10
28.768431
 20
275.309366
 30
0.0
 10
28.755007
 20
275.314053
 30
0.0
 10
28.741794
 20
275.320445
 30
0.0
  0
SPLINE
  5
433
100
AcDbEntity
  8
0
 62
7
100
AcDbSpline
 70
8
 71
3
 72
8
 73
4
 74
0
 40
0
 40
0
 40
0
 40
0
 40
1
 40
1
 40
1
 40
1
 10
28.741794
 20
275.320445
 30
0.0
 10
28.729005
 20
275.327263
 30
0.0
 10
28.716222
 20
275.335572
 30
0.0
 10
28.703442
 20
275.345374
 30
0.0
  0
SPLINE
  5
434
100
AcDbEntity
  8
0
 62
7
100
AcDbSpline
 70
8
 71
3
 72
8
 73
4
 74
0
 40
0
 40
0
 40
0
 40
0
 40
1
 40
1
 40
1
 40
1
 10
28.703442
 20
275.345374
 30
0.0
 10
28.690654
 20
275.355176
 30
0.0
 10
28.677443
 20
275.366682
 30
0.0
 10
28.663810
 20
275.379892
 30
0.0
  0
LWPOLYLINE
  5
435
100
AcDbEntity
  8
0
 62
7
100
AcDbPolyline
 90
2
 70
0
 10
28.344905
 20
275.702701
 30
0.0
 10
28.344831
 20
275.337703
 30
0.0
  0
SPLINE
  5
436
100
AcDbEntity
  8
0
 62
7
100
AcDbSpline
 70
8
 71
3
 72
8
 73
4
 74
0
 40
0
 40
0
 40
0
 40
0
 40
1
 40
1
 40
1
 40
1
 10
28.663810
 20
275.111419
 30
0.0
 10
28.663810
 20
275.107157
 30
0.0
 10
28.662531
 20
275.103322
 30
0.0
 10
28.659974
 20
275.099912
 30
0.0
  0
SPLINE
  5
437
100
AcDbEntity
  8
0
 62
7
100
AcDbSpline
 70
8
 71
3
 72
8
 73
4
 74
0
 40
0
 40
0
 40
0
 40
0
 40
1
 40
1
 40
1
 40
1
 10
28.659974
 20
275.099912
 30
0.0
 10
28.657416
 20
275.096502
 30
0.0
 10
28.652945
 20
275.093732
 30
0.0
 10
28.646559
 20
275.091601
 30
0.0
  0
SPLINE
  5
438
100
AcDbEntity
  8
0
 62
7
100
AcDbSpline
 70
8
 71
3
 72
8
 73
4
 74
0
 40
0
 40
0
 40
0
 40
0
 40
1
 40
1
 40
1
 40
1
 10
28.646559
 20
275.091601
 30
0.0
 10
28.640598
 20
275.089044
 30
0.0
 10
28.632501
 20
275.087127
 30
0.0
 10
28.622271
 20
275.085849
 30
0.0
  0
SPLINE
  5
439
100
AcDbEntity
  8
0
 62
7
100
AcDbSpline
 70
8
 71
3
 72
8
 73
4
 74
0
 40
0
 40
0
 40
0
 40
0
 40
1
 40
1
 40
1
 40
1
 10
28.622271
 20
275.085849
 30
0.0
 10
28.612040
 20
275.084579
 30
0.0
 10
28.599043
 20
275.083944
 30
0.0
 10
28.583279
 20
275.083944
 30
0.0
  0
SPLINE
  5
43a
100
AcDbEntity
  8
0
 62
7
100
AcDbSpline
 70
8
 71
3
 72
8
 73
4
 74
0
 40
0
 40
0
 40
0
 40
0
 40
1
 40
1
 40
1
 40
1
 10
28.583279
 20
275.083944
 30
0.0
 10
28.567510
 20
275.083944
 30
0.0
 10
28.554512
 20
275.084579
 30
0.0
 10
28.544285
 20
275.085849
 30
0.0
  0
SPLINE
  5
43b
100
AcDbEntity
  8
0
 62
7
100
AcDbSpline
 70
8
 71
3
 72
8
 73
4
 74
0
 40
0
 40
0
 40
0
 40
0
 40
1
 40
1
 40
1
 40
1
 10
28.544285
 20
275.085849
 30
0.0
 10
28.534054
 20
275.087119
 30
0.0
 10
28.525746
 20
275.089037
 30
0.0
 10
28.519361
 20
275.091601
 30
0.0
  0
SPLINE
  5
43c
100
AcDbEntity
  8
0
 62
7
100
AcDbSpline
 70
8
 71
3
 72
8
 73
4
 74
0
 40
0
 40
0
 40
0
 40
0
 40
1
 40
1
 40
1
 40
1
 10
28.519361
 20
275.091601
 30
0.0
 10
28.513399
 20
275.093732
 30
0.0
 10
28.509139
 20
275.096502
 30
0.0
 10
28.506582
 20
275.099912
 30
0.0
  0
SPLINE
  5
43d
100
AcDbEntity
  8
0
 62
7
100
AcDbSpline
 70
8
 71
3
 72
8
 73
4
 74
0
 40
0
 40
0
 40
0
 40
0
 40
1
 40
1
 40
1
 40
1
 10
28.506582
 20
275.099912
 30
0.0
 10
28.504024
 20
275.103322
 30
0.0
 10
28.502745
 20
275.107157
 30
0.0
 10
28.502745
 20
275.111419
 30
0.0
  0
LWPOLYLINE
  5
43e
100
AcDbEntity
  8
0
 62
7
100
AcDbPolyline
 90
2
 70
0
 10
28.663810
 20
275.379892
 30
0.0
 10
28.663810
 20
275.111419
 30
0.0
  0
SPLINE
  5
43f
100
AcDbEntity
  8
0
 62
7
100
AcDbSpline
 70
8
 71
3
 72
8
 73
4
 74
0
 40
0
 40
0
 40
0
 40
0
 40
1
 40
1
 40
1
 40
1
 10
28.502745
 20
275.907891
 30
0.0
 10
28.502745
 20
275.912152
 30
0.0
 10
28.503812
 20
275.915775
 30
0.0
 10
28.505947
 20
275.918757
 30
0.0
  0
SPLINE
  5
440
100
AcDbEntity
  8
0
 62
7
100
AcDbSpline
 70
8
 71
3
 72
8
 73
4
 74
0
 40
0
 40
0
 40
0
 40
0
 40
1
 40
1
 40
1
 40
1
 10
28.505947
 20
275.918757
 30
0.0
 10
28.508081
 20
275.922167
 30
0.0
 10
28.511706
 20
275.924937
 30
0.0
 10
28.516821
 20
275.927068
 30
0.0
  0
SPLINE
  5
441
100
AcDbEntity
  8
0
 62
7
100
AcDbSpline
 70
8
 71
3
 72
8
 73
4
 74
0
 40
0
 40
0
 40
0
 40
0
 40
1
 40
1
 40
1
 40
1
 10
28.516821
 20
275.927068
 30
0.0
 10
28.522360
 20
275.929199
 30
0.0
 10
28.529389
 20
275.930690
 30
0.0
 10
28.537908
 20
275.931542
 30
0.0
  0
SPLINE
  5
442
100
AcDbEntity
  8
0
 62
7
100
AcDbSpline
 70
8
 71
3
 72
8
 73
4
 74
0
 40
0
 40
0
 40
0
 40
0
 40
1
 40
1
 40
1
 40
1
 10
28.537908
 20
275.931542
 30
0.0
 10
28.546851
 20
275.932812
 30
0.0
 10
28.557931
 20
275.933447
 30
0.0
 10
28.571148
 20
275.933447
 30
0.0
  0
SPLINE
  5
443
100
AcDbEntity
  8
0
 62
7
100
AcDbSpline
 70
8
 71
3
 72
8
 73
4
 74
0
 40
0
 40
0
 40
0
 40
0
 40
1
 40
1
 40
1
 40
1
 10
28.571148
 20
275.933447
 30
0.0
 10
28.583936
 20
275.933447
 30
0.0
 10
28.594590
 20
275.932812
 30
0.0
 10
28.603110
 20
275.931542
 30
0.0
  0
SPLINE
  5
444
100
AcDbEntity
  8
0
 62
7
100
AcDbSpline
 70
8
 71
3
 72
8
 73
4
 74
0
 40
0
 40
0
 40
0
 40
0
 40
1
 40
1
 40
1
 40
1
 10
28.603110
 20
275.931542
 30
0.0
 10
28.612053
 20
275.930695
 30
0.0
 10
28.619082
 20
275.929204
 30
0.0
 10
28.624197
 20
275.927068
 30
0.0
  0
SPLINE
  5
445
100
AcDbEntity
  8
0
 62
7
100
AcDbSpline
 70
8
 71
3
 72
8
 73
4
 74
0
 40
0
 40
0
 40
0
 40
0
 40
1
 40
1
 40
1
 40
1
 10
28.624197
 20
275.927068
 30
0.0
 10
28.629736
 20
275.924937
 30
0.0
 10
28.633572
 20
275.922167
 30
0.0
 10
28.635706
 20
275.918757
 30
0.0
  0
SPLINE
  5
446
100
AcDbEntity
  8
0
 62
7
100
AcDbSpline
 70
8
 71
3
 72
8
 73
4
 74
0
 40
0
 40
0
 40
0
 40
0
 40
1
 40
1
 40
1
 40
1
 10
28.635706
 20
275.918757
 30
0.0
 10
28.637841
 20
275.915775
 30
0.0
 10
28.638908
 20
275.912152
 30
0.0
 10
28.638908
 20
275.907891
 30
0.0
  0
LWPOLYLINE
  5
447
100
AcDbEntity
  8
0
 62
7
100
AcDbPolyline
 90
2
 70
0
 10
28.502745
 20
275.111419
 30
0.0
 10
28.502745
 20
275.907891
 30
0.0
  0
SPLINE
  5
448
100
AcDbEntity
  8
0
 62
7
100
AcDbSpline
 70
8
 71
3
 72
8
 73
4
 74
0
 40
0
 40
0
 40
0
 40
0
 40
1
 40
1
 40
1
 40
1
 10
28.638908
 20
275.840772
 30
0.0
 10
28.655524
 20
275.857819
 30
0.0
 10
28.671718
 20
275.872734
 30
0.0
 10
28.687491
 20
275.885518
 30
0.0
  0
SPLINE
  5
449
100
AcDbEntity
  8
0
 62
7
100
AcDbSpline
 70
8
 71
3
 72
8
 73
4
 74
0
 40
0
 40
0
 40
0
 40
0
 40
1
 40
1
 40
1
 40
1
 10
28.687491
 20
275.885518
 30
0.0
 10
28.703683
 20
275.898729
 30
0.0
 10
28.720090
 20
275.909596
 30
0.0
 10
28.736711
 20
275.918118
 30
0.0
  0
SPLINE
  5
44a
100
AcDbEntity
  8
0
 62
7
100
AcDbSpline
 70
8
 71
3
 72
8
 73
4
 74
0
 40
0
 40
0
 40
0
 40
0
 40
1
 40
1
 40
1
 40
1
 10
28.736711
 20
275.918118
 30
0.0
 10
28.753327
 20
275.927068
 30
0.0
 10
28.770372
 20
275.933673
 30
0.0
 10
28.787847
 20
275.937933
 30
0.0
  0
SPLINE
  5
44b
100
AcDbEntity
  8
0
 62
7
100
AcDbSpline
 70
8
 71
3
 72
8
 73
4
 74
0
 40
0
 40
0
 40
0
 40
0
 40
1
 40
1
 40
1
 40
1
 10
28.787847
 20
275.937933
 30
0.0
 10
28.805745
 20
275.942195
 30
0.0
 10
28.824709
 20
275.944325
 30
0.0
 10
28.844738
 20
275.944325
 30
0.0
  0
SPLINE
  5
44c
100
AcDbEntity
  8
0
 62
7
100
AcDbSpline
 70
8
 71
3
 72
8
 73
4
 74
0
 40
0
 40
0
 40
0
 40
0
 40
1
 40
1
 40
1
 40
1
 10
28.844738
 20
275.944325
 30
0.0
 10
28.886501
 20
275.944325
 30
0.0
 10
28.922085
 20
275.936016
 30
0.0
 10
28.951489
 20
275.919396
 30
0.0
  0
SPLINE
  5
44d
100
AcDbEntity
  8
0
 62
7
100
AcDbSpline
 70
8
 71
3
 72
8
 73
4
 74
0
 40
0
 40
0
 40
0
 40
0
 40
1
 40
1
 40
1
 40
1
 10
28.951489
 20
275.919396
 30
0.0
 10
28.980893
 20
275.903202
 30
0.0
 10
29.004758
 20
275.880829
 30
0.0
 10
29.023083
 20
275.852278
 30
0.0
  0
SPLINE
  5
44e
100
AcDbEntity
  8
0
 62
7
100
AcDbSpline
 70
8
 71
3
 72
8
 73
4
 74
0
 40
0
 40
0
 40
0
 40
0
 40
1
 40
1
 40
1
 40
1
 10
29.023083
 20
275.852278
 30
0.0
 10
29.041833
 20
275.823726
 30
0.0
 10
29.055469
 20
275.790486
 30
0.0
 10
29.063993
 20
275.752559
 30
0.0
  0
SPLINE
  5
44f
100
AcDbEntity
  8
0
 62
7
100
AcDbSpline
 70
8
 71
3
 72
8
 73
4
 74
0
 40
0
 40
0
 40
0
 40
0
 40
1
 40
1
 40
1
 40
1
 10
29.063993
 20
275.752559
 30
0.0
 10
29.072512
 20
275.714632
 30
0.0
 10
29.076772
 20
275.674148
 30
0.0
 10
29.076772
 20
275.631107
 30
0.0
  0
LWPOLYLINE
  5
450
100
AcDbEntity
  8
0
 62
7
100
AcDbPolyline
 90
2
 70
0
 10
28.638908
 20
275.907891
 30
0.0
 10
28.638908
 20
275.840772
 30
0.0
  0
SPLINE
  5
451
100
AcDbEntity
  8
0
 62
7
100
AcDbSpline
 70
8
 71
3
 72
8
 73
4
 74
0
 40
0
 40
0
 40
0
 40
0
 40
1
 40
1
 40
1
 40
1
 10
28.909267
 20
275.619599
 30
0.0
 10
28.909267
 20
275.643890
 30
0.0
 10
28.907353
 20
275.667115
 30
0.0
 10
28.903525
 20
275.689275
 30
0.0
  0
SPLINE
  5
452
100
AcDbEntity
  8
0
 62
7
100
AcDbSpline
 70
8
 71
3
 72
8
 73
4
 74
0
 40
0
 40
0
 40
0
 40
0
 40
1
 40
1
 40
1
 40
1
 10
28.903525
 20
275.689275
 30
0.0
 10
28.900121
 20
275.711861
 30
0.0
 10
28.893939
 20
275.731890
 30
0.0
 10
28.884978
 20
275.749362
 30
0.0
  0
SPLINE
  5
453
100
AcDbEntity
  8
0
 62
7
100
AcDbSpline
 70
8
 71
3
 72
8
 73
4
 74
0
 40
0
 40
0
 40
0
 40
0
 40
1
 40
1
 40
1
 40
1
 10
28.884978
 20
275.749362
 30
0.0
 10
28.876459
 20
275.766833
 30
0.0
 10
28.864953
 20
275.780683
 30
0.0
 10
28.850461
 20
275.790911
 30
0.0
  0
SPLINE
  5
454
100
AcDbEntity
  8
0
 62
7
100
AcDbSpline
 70
8
 71
3
 72
8
 73
4
 74
0
 40
0
 40
0
 40
0
 40
0
 40
1
 40
1
 40
1
 40
1
 10
28.850461
 20
275.790911
 30
0.0
 10
28.836402
 20
275.801565
 30
0.0
 10
28.818717
 20
275.806892
 30
0.0
 10
28.797404
 20
275.806892
 30
0.0
  0
SPLINE
  5
455
100
AcDbEntity
  8
0
 62
7
100
AcDbSpline
 70
8
 71
3
 72
8
 73
4
 74
0
 40
0
 40
0
 40
0
 40
0
 40
1
 40
1
 40
1
 40
1
 10
28.797404
 20
275.806892
 30
0.0
 10
28.786750
 20
275.806892
 30
0.0
 10
28.776096
 20
275.805187
 30
0.0
 10
28.765442
 20
275.801778
 30
0.0
  0
SPLINE
  5
456
100
AcDbEntity
  8
0
 62
7
100
AcDbSpline
 70
8
 71
3
 72
8
 73
4
 74
0
 40
0
 40
0
 40
0
 40
0
 40
1
 40
1
 40
1
 40
1
 10
28.765442
 20
275.801778
 30
0.0
 10
28.755211
 20
275.798795
 30
0.0
 10
28.744558
 20
275.793681
 30
0.0
 10
28.733483
 20
275.786437
 30
0.0
  0
SPLINE
  5
457
100
AcDbEntity
  8
0
 62
7
100
AcDbSpline
 70
8
 71
3
 72
8
 73
4
 74
0
 40
0
 40
0
 40
0
 40
0
 40
1
 40
1
 40
1
 40
1
 10
28.733483
 20
275.786437
 30
0.0
 10
28.722829
 20
275.779193
 30
0.0
 10
28.711749
 20
275.769818
 30
0.0
 10
28.700243
 20
275.758311
 30
0.0
  0
SPLINE
  5
458
100
AcDbEntity
  8
0
 62
7
100
AcDbSpline
 70
8
 71
3
 72
8
 73
4
 74
0
 40
0
 40
0
 40
0
 40
0
 40
1
 40
1
 40
1
 40
1
 10
28.700243
 20
275.758311
 30
0.0
 10
28.688743
 20
275.746806
 30
0.0
 10
28.676598
 20
275.732529
 30
0.0
 10
28.663808
 20
275.715483
 30
0.0
  0
LWPOLYLINE
  5
459
100
AcDbEntity
  8
0
 62
7
100
AcDbPolyline
 90
1
 70
1
 10
29.076772
 20
275.631107
 30
0.0
  0
SPLINE
  5
45a
100
AcDbEntity
  8
0
 62
7
100
AcDbSpline
 70
8
 71
3
 72
8
 73
4
 74
0
 40
0
 40
0
 40
0
 40
0
 40
1
 40
1
 40
1
 40
1
 10
28.663808
 20
275.527552
 30
0.0
 10
28.686393
 20
275.499000
 30
0.0
 10
28.707913
 20
275.476840
 30
0.0
 10
28.728369
 20
275.461073
 30
0.0
  0
SPLINE
  5
45b
100
AcDbEntity
  8
0
 62
7
100
AcDbSpline
 70
8
 71
3
 72
8
 73
4
 74
0
 40
0
 40
0
 40
0
 40
0
 40
1
 40
1
 40
1
 40
1
 10
28.728369
 20
275.461073
 30
0.0
 10
28.748823
 20
275.445732
 30
0.0
 10
28.770130
 20
275.438062
 30
0.0
 10
28.792289
 20
275.438062
 30
0.0
  0
SPLINE
  5
45c
100
AcDbEntity
  8
0
 62
7
100
AcDbSpline
 70
8
 71
3
 72
8
 73
4
 74
0
 40
0
 40
0
 40
0
 40
0
 40
1
 40
1
 40
1
 40
1
 10
28.792289
 20
275.438062
 30
0.0
 10
28.813172
 20
275.438062
 30
0.0
 10
28.830858
 20
275.443389
 30
0.0
 10
28.845346
 20
275.454043
 30
0.0
  0
SPLINE
  5
45d
100
AcDbEntity
  8
0
 62
7
100
AcDbSpline
 70
8
 71
3
 72
8
 73
4
 74
0
 40
0
 40
0
 40
0
 40
0
 40
1
 40
1
 40
1
 40
1
 10
28.845346
 20
275.454043
 30
0.0
 10
28.860269
 20
275.464697
 30
0.0
 10
28.872414
 20
275.478546
 30
0.0
 10
28.881782
 20
275.495592
 30
0.0
  0
SPLINE
  5
45e
100
AcDbEntity
  8
0
 62
7
100
AcDbSpline
 70
8
 71
3
 72
8
 73
4
 74
0
 40
0
 40
0
 40
0
 40
0
 40
1
 40
1
 40
1
 40
1
 10
28.881782
 20
275.495592
 30
0.0
 10
28.891166
 20
275.513064
 30
0.0
 10
28.897983
 20
275.532666
 30
0.0
 10
28.902234
 20
275.554401
 30
0.0
  0
SPLINE
  5
45f
100
AcDbEntity
  8
0
 62
7
100
AcDbSpline
 70
8
 71
3
 72
8
 73
4
 74
0
 40
0
 40
0
 40
0
 40
0
 40
1
 40
1
 40
1
 40
1
 10
28.902234
 20
275.554401
 30
0.0
 10
28.906926
 20
275.576134
 30
0.0
 10
28.909272
 20
275.597868
 30
0.0
 10
28.909272
 20
275.619601
 30
0.0
  0
LWPOLYLINE
  5
460
100
AcDbEntity
  8
0
 62
7
100
AcDbPolyline
 90
2
 70
0
 10
28.663808
 20
275.715483
 30
0.0
 10
28.663808
 20
275.527552
 30
0.0
  0
SPLINE
  5
461
100
AcDbEntity
  8
0
 62
7
100
AcDbSpline
 70
8
 71
3
 72
8
 73
4
 74
0
 40
0
 40
0
 40
0
 40
0
 40
1
 40
1
 40
1
 40
1
 10
29.781807
 20
275.628549
 30
0.0
 10
29.781807
 20
275.579968
 30
0.0
 10
29.775413
 20
275.535649
 30
0.0
 10
29.762625
 20
275.495591
 30
0.0
  0
SPLINE
  5
462
100
AcDbEntity
  8
0
 62
7
100
AcDbSpline
 70
8
 71
3
 72
8
 73
4
 74
0
 40
0
 40
0
 40
0
 40
0
 40
1
 40
1
 40
1
 40
1
 10
29.762625
 20
275.495591
 30
0.0
 10
29.749836
 20
275.455533
 30
0.0
 10
29.730446
 20
275.421015
 30
0.0
 10
29.704453
 20
275.392037
 30
0.0
  0
SPLINE
  5
463
100
AcDbEntity
  8
0
 62
7
100
AcDbSpline
 70
8
 71
3
 72
8
 73
4
 74
0
 40
0
 40
0
 40
0
 40
0
 40
1
 40
1
 40
1
 40
1
 10
29.704453
 20
275.392037
 30
0.0
 10
29.678459
 20
275.363059
 30
0.0
 10
29.645859
 20
275.340686
 30
0.0
 10
29.606653
 20
275.324918
 30
0.0
  0
SPLINE
  5
464
100
AcDbEntity
  8
0
 62
7
100
AcDbSpline
 70
8
 71
3
 72
8
 73
4
 74
0
 40
0
 40
0
 40
0
 40
0
 40
1
 40
1
 40
1
 40
1
 10
29.606653
 20
275.324918
 30
0.0
 10
29.567447
 20
275.309151
 30
0.0
 10
29.521636
 20
275.301267
 30
0.0
 10
29.469220
 20
275.301267
 30
0.0
  0
SPLINE
  5
465
100
AcDbEntity
  8
0
 62
7
100
AcDbSpline
 70
8
 71
3
 72
8
 73
4
 74
0
 40
0
 40
0
 40
0
 40
0
 40
1
 40
1
 40
1
 40
1
 10
29.469220
 20
275.301267
 30
0.0
 10
29.418508
 20
275.301267
 30
0.0
 10
29.374402
 20
275.308299
 30
0.0
 10
29.336902
 20
275.322363
 30
0.0
  0
SPLINE
  5
466
100
AcDbEntity
  8
0
 62
7
100
AcDbSpline
 70
8
 71
3
 72
8
 73
4
 74
0
 40
0
 40
0
 40
0
 40
0
 40
1
 40
1
 40
1
 40
1
 10
29.336902
 20
275.322363
 30
0.0
 10
29.299400
 20
275.336426
 30
0.0
 10
29.268291
 20
275.356881
 30
0.0
 10
29.243576
 20
275.383728
 30
0.0
  0
SPLINE
  5
467
100
AcDbEntity
  8
0
 62
7
100
AcDbSpline
 70
8
 71
3
 72
8
 73
4
 74
0
 40
0
 40
0
 40
0
 40
0
 40
1
 40
1
 40
1
 40
1
 10
29.243576
 20
275.383728
 30
0.0
 10
29.218858
 20
275.410575
 30
0.0
 10
29.200533
 20
275.443602
 30
0.0
 10
29.188601
 20
275.482807
 30
0.0
  0
SPLINE
  5
468
100
AcDbEntity
  8
0
 62
7
100
AcDbSpline
 70
8
 71
3
 72
8
 73
4
 74
0
 40
0
 40
0
 40
0
 40
0
 40
1
 40
1
 40
1
 40
1
 10
29.188601
 20
275.482807
 30
0.0
 10
29.176677
 20
275.522013
 30
0.0
 10
29.170715
 20
275.566759
 30
0.0
 10
29.170715
 20
275.617044
 30
0.0
  0
SPLINE
  5
469
100
AcDbEntity
  8
0
 62
7
100
AcDbSpline
 70
8
 71
3
 72
8
 73
4
 74
0
 40
0
 40
0
 40
0
 40
0
 40
1
 40
1
 40
1
 40
1
 10
29.170715
 20
275.617044
 30
0.0
 10
29.170715
 20
275.665625
 30
0.0
 10
29.177109
 20
275.709945
 30
0.0
 10
29.189897
 20
275.750003
 30
0.0
  0
SPLINE
  5
46a
100
AcDbEntity
  8
0
 62
7
100
AcDbSpline
 70
8
 71
3
 72
8
 73
4
 74
0
 40
0
 40
0
 40
0
 40
0
 40
1
 40
1
 40
1
 40
1
 10
29.189897
 20
275.750003
 30
0.0
 10
29.203109
 20
275.790487
 30
0.0
 10
29.222712
 20
275.825005
 30
0.0
 10
29.248706
 20
275.853557
 30
0.0
  0
SPLINE
  5
46b
100
AcDbEntity
  8
0
 62
7
100
AcDbSpline
 70
8
 71
3
 72
8
 73
4
 74
0
 40
0
 40
0
 40
0
 40
0
 40
1
 40
1
 40
1
 40
1
 10
29.248706
 20
275.853557
 30
0.0
 10
29.274702
 20
275.882535
 30
0.0
 10
29.307090
 20
275.904908
 30
0.0
 10
29.345869
 20
275.920675
 30
0.0
  0
SPLINE
  5
46c
100
AcDbEntity
  8
0
 62
7
100
AcDbSpline
 70
8
 71
3
 72
8
 73
4
 74
0
 40
0
 40
0
 40
0
 40
0
 40
1
 40
1
 40
1
 40
1
 10
29.345869
 20
275.920675
 30
0.0
 10
29.385075
 20
275.936443
 30
0.0
 10
29.430886
 20
275.944326
 30
0.0
 10
29.483301
 20
275.944326
 30
0.0
  0
SPLINE
  5
46d
100
AcDbEntity
  8
0
 62
7
100
AcDbSpline
 70
8
 71
3
 72
8
 73
4
 74
0
 40
0
 40
0
 40
0
 40
0
 40
1
 40
1
 40
1
 40
1
 10
29.483301
 20
275.944326
 30
0.0
 10
29.534440
 20
275.944326
 30
0.0
 10
29.578760
 20
275.937295
 30
0.0
 10
29.616260
 20
275.923231
 30
0.0
  0
SPLINE
  5
46e
100
AcDbEntity
  8
0
 62
7
100
AcDbSpline
 70
8
 71
3
 72
8
 73
4
 74
0
 40
0
 40
0
 40
0
 40
0
 40
1
 40
1
 40
1
 40
1
 10
29.616260
 20
275.923231
 30
0.0
 10
29.653762
 20
275.909595
 30
0.0
 10
29.684658
 20
275.889352
 30
0.0
 10
29.708949
 20
275.862505
 30
0.0
  0
SPLINE
  5
46f
100
AcDbEntity
  8
0
 62
7
100
AcDbSpline
 70
8
 71
3
 72
8
 73
4
 74
0
 40
0
 40
0
 40
0
 40
0
 40
1
 40
1
 40
1
 40
1
 10
29.708949
 20
275.862505
 30
0.0
 10
29.733664
 20
275.835658
 30
0.0
 10
29.751988
 20
275.802631
 30
0.0
 10
29.763921
 20
275.763425
 30
0.0
  0
SPLINE
  5
470
100
AcDbEntity
  8
0
 62
7
100
AcDbSpline
 70
8
 71
3
 72
8
 73
4
 74
0
 40
0
 40
0
 40
0
 40
0
 40
1
 40
1
 40
1
 40
1
 10
29.763921
 20
275.763425
 30
0.0
 10
29.775863
 20
275.724220
 30
0.0
 10
29.781833
 20
275.679261
 30
0.0
 10
29.781833
 20
275.628549
 30
0.0
  0
LWPOLYLINE
  5
471
100
AcDbEntity
  8
0
 62
7
100
AcDbPolyline
 90
1
 70
1
 10
28.909272
 20
275.619601
 30
0.0
  0
SPLINE
  5
472
100
AcDbEntity
  8
0
 62
7
100
AcDbSpline
 70
8
 71
3
 72
8
 73
4
 74
0
 40
0
 40
0
 40
0
 40
0
 40
1
 40
1
 40
1
 40
1
 10
29.616247
 20
275.622157
 30
0.0
 10
29.616247
 20
275.650283
 30
0.0
 10
29.613901
 20
275.676065
 30
0.0
 10
29.609209
 20
275.699503
 30
0.0
  0
SPLINE
  5
473
100
AcDbEntity
  8
0
 62
7
100
AcDbSpline
 70
8
 71
3
 72
8
 73
4
 74
0
 40
0
 40
0
 40
0
 40
0
 40
1
 40
1
 40
1
 40
1
 10
29.609209
 20
275.699503
 30
0.0
 10
29.604940
 20
275.723367
 30
0.0
 10
29.597479
 20
275.744036
 30
0.0
 10
29.586825
 20
275.761508
 30
0.0
  0
SPLINE
  5
474
100
AcDbEntity
  8
0
 62
7
100
AcDbSpline
 70
8
 71
3
 72
8
 73
4
 74
0
 40
0
 40
0
 40
0
 40
0
 40
1
 40
1
 40
1
 40
1
 10
29.586825
 20
275.761508
 30
0.0
 10
29.576171
 20
275.778979
 30
0.0
 10
29.561895
 20
275.792616
 30
0.0
 10
29.543997
 20
275.802418
 30
0.0
  0
SPLINE
  5
475
100
AcDbEntity
  8
0
 62
7
100
AcDbSpline
 70
8
 71
3
 72
8
 73
4
 74
0
 40
0
 40
0
 40
0
 40
0
 40
1
 40
1
 40
1
 40
1
 10
29.543997
 20
275.802418
 30
0.0
 10
29.526517
 20
275.812220
 30
0.0
 10
29.504357
 20
275.817121
 30
0.0
 10
29.477518
 20
275.817121
 30
0.0
  0
SPLINE
  5
476
100
AcDbEntity
  8
0
 62
7
100
AcDbSpline
 70
8
 71
3
 72
8
 73
4
 74
0
 40
0
 40
0
 40
0
 40
0
 40
1
 40
1
 40
1
 40
1
 10
29.477518
 20
275.817121
 30
0.0
 10
29.453652
 20
275.817121
 30
0.0
 10
29.432770
 20
275.812646
 30
0.0
 10
29.414872
 20
275.803696
 30
0.0
  0
SPLINE
  5
477
100
AcDbEntity
  8
0
 62
7
100
AcDbSpline
 70
8
 71
3
 72
8
 73
4
 74
0
 40
0
 40
0
 40
0
 40
0
 40
1
 40
1
 40
1
 40
1
 10
29.414872
 20
275.803696
 30
0.0
 10
29.396974
 20
275.795173
 30
0.0
 10
29.382272
 20
275.782388
 30
0.0
 10
29.370766
 20
275.765342
 30
0.0
  0
SPLINE
  5
478
100
AcDbEntity
  8
0
 62
7
100
AcDbSpline
 70
8
 71
3
 72
8
 73
4
 74
0
 40
0
 40
0
 40
0
 40
0
 40
1
 40
1
 40
1
 40
1
 10
29.370766
 20
275.765342
 30
0.0
 10
29.359266
 20
275.748723
 30
0.0
 10
29.350526
 20
275.728481
 30
0.0
 10
29.344546
 20
275.704616
 30
0.0
  0
SPLINE
  5
479
100
AcDbEntity
  8
0
 62
7
100
AcDbSpline
 70
8
 71
3
 72
8
 73
4
 74
0
 40
0
 40
0
 40
0
 40
0
 40
1
 40
1
 40
1
 40
1
 10
29.344546
 20
275.704616
 30
0.0
 10
29.339007
 20
275.681178
 30
0.0
 10
29.336238
 20
275.654331
 30
0.0
 10
29.336238
 20
275.624074
 30
0.0
  0
SPLINE
  5
47a
100
AcDbEntity
  8
0
 62
7
100
AcDbSpline
 70
8
 71
3
 72
8
 73
4
 74
0
 40
0
 40
0
 40
0
 40
0
 40
1
 40
1
 40
1
 40
1
 10
29.336238
 20
275.624074
 30
0.0
 10
29.336238
 20
275.595948
 30
0.0
 10
29.338584
 20
275.569953
 30
0.0
 10
29.343276
 20
275.546089
 30
0.0
  0
SPLINE
  5
47b
100
AcDbEntity
  8
0
 62
7
100
AcDbSpline
 70
8
 71
3
 72
8
 73
4
 74
0
 40
0
 40
0
 40
0
 40
0
 40
1
 40
1
 40
1
 40
1
 10
29.343276
 20
275.546089
 30
0.0
 10
29.347968
 20
275.522651
 30
0.0
 10
29.355420
 20
275.502196
 30
0.0
 10
29.365633
 20
275.484724
 30
0.0
  0
SPLINE
  5
47c
100
AcDbEntity
  8
0
 62
7
100
AcDbSpline
 70
8
 71
3
 72
8
 73
4
 74
0
 40
0
 40
0
 40
0
 40
0
 40
1
 40
1
 40
1
 40
1
 10
29.365633
 20
275.484724
 30
0.0
 10
29.376287
 20
275.467252
 30
0.0
 10
29.390563
 20
275.453616
 30
0.0
 10
29.408461
 20
275.443813
 30
0.0
  0
SPLINE
  5
47d
100
AcDbEntity
  8
0
 62
7
100
AcDbSpline
 70
8
 71
3
 72
8
 73
4
 74
0
 40
0
 40
0
 40
0
 40
0
 40
1
 40
1
 40
1
 40
1
 10
29.408461
 20
275.443813
 30
0.0
 10
29.426360
 20
275.434438
 30
0.0
 10
29.448519
 20
275.429751
 30
0.0
 10
29.474941
 20
275.429751
 30
0.0
  0
SPLINE
  5
47e
100
AcDbEntity
  8
0
 62
7
100
AcDbSpline
 70
8
 71
3
 72
8
 73
4
 74
0
 40
0
 40
0
 40
0
 40
0
 40
1
 40
1
 40
1
 40
1
 10
29.474941
 20
275.429751
 30
0.0
 10
29.499231
 20
275.429751
 30
0.0
 10
29.520325
 20
275.434012
 30
0.0
 10
29.538224
 20
275.442535
 30
0.0
  0
SPLINE
  5
47f
100
AcDbEntity
  8
0
 62
7
100
AcDbSpline
 70
8
 71
3
 72
8
 73
4
 74
0
 40
0
 40
0
 40
0
 40
0
 40
1
 40
1
 40
1
 40
1
 10
29.538224
 20
275.442535
 30
0.0
 10
29.556122
 20
275.451485
 30
0.0
 10
29.570825
 20
275.464270
 30
0.0
 10
29.582332
 20
275.480889
 30
0.0
  0
SPLINE
  5
480
100
AcDbEntity
  8
0
 62
7
100
AcDbSpline
 70
8
 71
3
 72
8
 73
4
 74
0
 40
0
 40
0
 40
0
 40
0
 40
1
 40
1
 40
1
 40
1
 10
29.582332
 20
275.480889
 30
0.0
 10
29.593833
 20
275.497508
 30
0.0
 10
29.602352
 20
275.517537
 30
0.0
 10
29.607891
 20
275.540976
 30
0.0
  0
SPLINE
  5
481
100
AcDbEntity
  8
0
 62
7
100
AcDbSpline
 70
8
 71
3
 72
8
 73
4
 74
0
 40
0
 40
0
 40
0
 40
0
 40
1
 40
1
 40
1
 40
1
 10
29.607891
 20
275.540976
 30
0.0
 10
29.613430
 20
275.564840
 30
0.0
 10
29.616199
 20
275.591901
 30
0.0
 10
29.616199
 20
275.622157
 30
0.0
  0
LWPOLYLINE
  5
482
100
AcDbEntity
  8
0
 62
7
100
AcDbPolyline
 90
1
 70
1
 10
29.781833
 20
275.628549
 30
0.0
  0
SPLINE
  5
483
100
AcDbEntity
  8
0
 62
7
100
AcDbSpline
 70
8
 71
3
 72
8
 73
4
 74
0
 40
0
 40
0
 40
0
 40
0
 40
1
 40
1
 40
1
 40
1
 10
30.310442
 20
275.498787
 30
0.0
 10
30.310442
 20
275.466400
 30
0.0
 10
30.304259
 20
275.437848
 30
0.0
 10
30.291894
 20
275.413131
 30
0.0
  0
SPLINE
  5
484
100
AcDbEntity
  8
0
 62
7
100
AcDbSpline
 70
8
 71
3
 72
8
 73
4
 74
0
 40
0
 40
0
 40
0
 40
0
 40
1
 40
1
 40
1
 40
1
 10
30.291894
 20
275.413131
 30
0.0
 10
30.279953
 20
275.388415
 30
0.0
 10
30.262907
 20
275.367746
 30
0.0
 10
30.240756
 20
275.351126
 30
0.0
  0
SPLINE
  5
485
100
AcDbEntity
  8
0
 62
7
100
AcDbSpline
 70
8
 71
3
 72
8
 73
4
 74
0
 40
0
 40
0
 40
0
 40
0
 40
1
 40
1
 40
1
 40
1
 10
30.240756
 20
275.351126
 30
0.0
 10
30.218596
 20
275.334507
 30
0.0
 10
30.192388
 20
275.322149
 30
0.0
 10
30.162132
 20
275.314051
 30
0.0
  0
SPLINE
  5
486
100
AcDbEntity
  8
0
 62
7
100
AcDbSpline
 70
8
 71
3
 72
8
 73
4
 74
0
 40
0
 40
0
 40
0
 40
0
 40
1
 40
1
 40
1
 40
1
 10
30.162132
 20
275.314051
 30
0.0
 10
30.131876
 20
275.305528
 30
0.0
 10
30.099063
 20
275.301267
 30
0.0
 10
30.063691
 20
275.301267
 30
0.0
  0
SPLINE
  5
487
100
AcDbEntity
  8
0
 62
7
100
AcDbSpline
 70
8
 71
3
 72
8
 73
4
 74
0
 40
0
 40
0
 40
0
 40
0
 40
1
 40
1
 40
1
 40
1
 10
30.063691
 20
275.301267
 30
0.0
 10
30.042385
 20
275.301267
 30
0.0
 10
30.021930
 20
275.302972
 30
0.0
 10
30.002326
 20
275.306381
 30
0.0
  0
SPLINE
  5
488
100
AcDbEntity
  8
0
 62
7
100
AcDbSpline
 70
8
 71
3
 72
8
 73
4
 74
0
 40
0
 40
0
 40
0
 40
0
 40
1
 40
1
 40
1
 40
1
 10
30.002326
 20
275.306381
 30
0.0
 10
29.983149
 20
275.309364
 30
0.0
 10
29.965891
 20
275.313200
 30
0.0
 10
29.950550
 20
275.317888
 30
0.0
  0
SPLINE
  5
489
100
AcDbEntity
  8
0
 62
7
100
AcDbSpline
 70
8
 71
3
 72
8
 73
4
 74
0
 40
0
 40
0
 40
0
 40
0
 40
1
 40
1
 40
1
 40
1
 10
29.950550
 20
275.317888
 30
0.0
 10
29.935204
 20
275.323001
 30
0.0
 10
29.922420
 20
275.328115
 30
0.0
 10
29.912196
 20
275.333228
 30
0.0
  0
SPLINE
  5
48a
100
AcDbEntity
  8
0
 62
7
100
AcDbSpline
 70
8
 71
3
 72
8
 73
4
 74
0
 40
0
 40
0
 40
0
 40
0
 40
1
 40
1
 40
1
 40
1
 10
29.912196
 20
275.333228
 30
0.0
 10
29.901966
 20
275.338342
 30
0.0
 10
29.894504
 20
275.343030
 30
0.0
 10
29.889812
 20
275.347291
 30
0.0
  0
SPLINE
  5
48b
100
AcDbEntity
  8
0
 62
7
100
AcDbSpline
 70
8
 71
3
 72
8
 73
4
 74
0
 40
0
 40
0
 40
0
 40
0
 40
1
 40
1
 40
1
 40
1
 10
29.889812
 20
275.347291
 30
0.0
 10
29.885120
 20
275.351979
 30
0.0
 10
29.881496
 20
275.359011
 30
0.0
 10
29.878938
 20
275.368386
 30
0.0
  0
SPLINE
  5
48c
100
AcDbEntity
  8
0
 62
7
100
AcDbSpline
 70
8
 71
3
 72
8
 73
4
 74
0
 40
0
 40
0
 40
0
 40
0
 40
1
 40
1
 40
1
 40
1
 10
29.878938
 20
275.368386
 30
0.0
 10
29.876380
 20
275.378188
 30
0.0
 10
29.875102
 20
275.392464
 30
0.0
 10
29.875102
 20
275.411214
 30
0.0
  0
SPLINE
  5
48d
100
AcDbEntity
  8
0
 62
7
100
AcDbSpline
 70
8
 71
3
 72
8
 73
4
 74
0
 40
0
 40
0
 40
0
 40
0
 40
1
 40
1
 40
1
 40
1
 10
29.875102
 20
275.411214
 30
0.0
 10
29.875102
 20
275.423572
 30
0.0
 10
29.875543
 20
275.433374
 30
0.0
 10
29.876425
 20
275.440619
 30
0.0
  0
SPLINE
  5
48e
100
AcDbEntity
  8
0
 62
7
100
AcDbSpline
 70
8
 71
3
 72
8
 73
4
 74
0
 40
0
 40
0
 40
0
 40
0
 40
1
 40
1
 40
1
 40
1
 10
29.876425
 20
275.440619
 30
0.0
 10
29.877306
 20
275.448290
 30
0.0
 10
29.878585
 20
275.454256
 30
0.0
 10
29.880261
 20
275.458518
 30
0.0
  0
SPLINE
  5
48f
100
AcDbEntity
  8
0
 62
7
100
AcDbSpline
 70
8
 71
3
 72
8
 73
4
 74
0
 40
0
 40
0
 40
0
 40
0
 40
1
 40
1
 40
1
 40
1
 10
29.880261
 20
275.458518
 30
0.0
 10
29.882025
 20
275.463206
 30
0.0
 10
29.884159
 20
275.466189
 30
0.0
 10
29.886664
 20
275.467466
 30
0.0
  0
SPLINE
  5
490
100
AcDbEntity
  8
0
 62
7
100
AcDbSpline
 70
8
 71
3
 72
8
 73
4
 74
0
 40
0
 40
0
 40
0
 40
0
 40
1
 40
1
 40
1
 40
1
 10
29.886664
 20
275.467466
 30
0.0
 10
29.889222
 20
275.469177
 30
0.0
 10
29.892414
 20
275.470032
 30
0.0
 10
29.896242
 20
275.470032
 30
0.0
  0
SPLINE
  5
491
100
AcDbEntity
  8
0
 62
7
100
AcDbSpline
 70
8
 71
3
 72
8
 73
4
 74
0
 40
0
 40
0
 40
0
 40
0
 40
1
 40
1
 40
1
 40
1
 10
29.896242
 20
275.470032
 30
0.0
 10
29.900934
 20
275.470032
 30
0.0
 10
29.907751
 20
275.467262
 30
0.0
 10
29.916694
 20
275.461722
 30
0.0
  0
SPLINE
  5
492
100
AcDbEntity
  8
0
 62
7
100
AcDbSpline
 70
8
 71
3
 72
8
 73
4
 74
0
 40
0
 40
0
 40
0
 40
0
 40
1
 40
1
 40
1
 40
1
 10
29.916694
 20
275.461722
 30
0.0
 10
29.926078
 20
275.456608
 30
0.0
 10
29.937584
 20
275.450855
 30
0.0
 10
29.951212
 20
275.444463
 30
0.0
  0
SPLINE
  5
493
100
AcDbEntity
  8
0
 62
7
100
AcDbSpline
 70
8
 71
3
 72
8
 73
4
 74
0
 40
0
 40
0
 40
0
 40
0
 40
1
 40
1
 40
1
 40
1
 10
29.951212
 20
275.444463
 30
0.0
 10
29.964846
 20
275.438071
 30
0.0
 10
29.980615
 20
275.432104
 30
0.0
 10
29.998516
 20
275.426564
 30
0.0
  0
SPLINE
  5
494
100
AcDbEntity
  8
0
 62
7
100
AcDbSpline
 70
8
 71
3
 72
8
 73
4
 74
0
 40
0
 40
0
 40
0
 40
0
 40
1
 40
1
 40
1
 40
1
 10
29.998516
 20
275.426564
 30
0.0
 10
30.016840
 20
275.421024
 30
0.0
 10
30.037507
 20
275.418253
 30
0.0
 10
30.060519
 20
275.418253
 30
0.0
  0
SPLINE
  5
495
100
AcDbEntity
  8
0
 62
7
100
AcDbSpline
 70
8
 71
3
 72
8
 73
4
 74
0
 40
0
 40
0
 40
0
 40
0
 40
1
 40
1
 40
1
 40
1
 10
30.060519
 20
275.418253
 30
0.0
 10
30.075000
 20
275.418253
 30
0.0
 10
30.087785
 20
275.419745
 30
0.0
 10
30.098873
 20
275.422727
 30
0.0
  0
SPLINE
  5
496
100
AcDbEntity
  8
0
 62
7
100
AcDbSpline
 70
8
 71
3
 72
8
 73
4
 74
0
 40
0
 40
0
 40
0
 40
0
 40
1
 40
1
 40
1
 40
1
 10
30.098873
 20
275.422727
 30
0.0
 10
30.110373
 20
275.425710
 30
0.0
 10
30.120175
 20
275.429972
 30
0.0
 10
30.128279
 20
275.435512
 30
0.0
  0
SPLINE
  5
497
100
AcDbEntity
  8
0
 62
7
100
AcDbSpline
 70
8
 71
3
 72
8
 73
4
 74
0
 40
0
 40
0
 40
0
 40
0
 40
1
 40
1
 40
1
 40
1
 10
30.128279
 20
275.435512
 30
0.0
 10
30.136798
 20
275.441052
 30
0.0
 10
30.143192
 20
275.448084
 30
0.0
 10
30.147461
 20
275.456607
 30
0.0
  0
SPLINE
  5
498
100
AcDbEntity
  8
0
 62
7
100
AcDbSpline
 70
8
 71
3
 72
8
 73
4
 74
0
 40
0
 40
0
 40
0
 40
0
 40
1
 40
1
 40
1
 40
1
 10
30.147461
 20
275.456607
 30
0.0
 10
30.151730
 20
275.465130
 30
0.0
 10
30.153864
 20
275.474932
 30
0.0
 10
30.153864
 20
275.486012
 30
0.0
  0
SPLINE
  5
499
100
AcDbEntity
  8
0
 62
7
100
AcDbSpline
 70
8
 71
3
 72
8
 73
4
 74
0
 40
0
 40
0
 40
0
 40
0
 40
1
 40
1
 40
1
 40
1
 10
30.153864
 20
275.486012
 30
0.0
 10
30.153864
 20
275.498796
 30
0.0
 10
30.149816
 20
275.509663
 30
0.0
 10
30.141720
 20
275.518612
 30
0.0
  0
SPLINE
  5
49a
100
AcDbEntity
  8
0
 62
7
100
AcDbSpline
 70
8
 71
3
 72
8
 73
4
 74
0
 40
0
 40
0
 40
0
 40
0
 40
1
 40
1
 40
1
 40
1
 10
30.141720
 20
275.518612
 30
0.0
 10
30.134047
 20
275.527987
 30
0.0
 10
30.123606
 20
275.536084
 30
0.0
 10
30.110398
 20
275.542903
 30
0.0
  0
SPLINE
  5
49b
100
AcDbEntity
  8
0
 62
7
100
AcDbSpline
 70
8
 71
3
 72
8
 73
4
 74
0
 40
0
 40
0
 40
0
 40
0
 40
1
 40
1
 40
1
 40
1
 10
30.110398
 20
275.542903
 30
0.0
 10
30.097610
 20
275.549721
 30
0.0
 10
30.082908
 20
275.556113
 30
0.0
 10
30.066292
 20
275.562080
 30
0.0
  0
SPLINE
  5
49c
100
AcDbEntity
  8
0
 62
7
100
AcDbSpline
 70
8
 71
3
 72
8
 73
4
 74
0
 40
0
 40
0
 40
0
 40
0
 40
1
 40
1
 40
1
 40
1
 10
30.066292
 20
275.562080
 30
0.0
 10
30.050100
 20
275.568046
 30
0.0
 10
30.033267
 20
275.574651
 30
0.0
 10
30.015794
 20
275.581895
 30
0.0
  0
SPLINE
  5
49d
100
AcDbEntity
  8
0
 62
7
100
AcDbSpline
 70
8
 71
3
 72
8
 73
4
 74
0
 40
0
 40
0
 40
0
 40
0
 40
1
 40
1
 40
1
 40
1
 10
30.015794
 20
275.581895
 30
0.0
 10
29.998755
 20
275.589139
 30
0.0
 10
29.981922
 20
275.597449
 30
0.0
 10
29.965295
 20
275.606824
 30
0.0
  0
SPLINE
  5
49e
100
AcDbEntity
  8
0
 62
7
100
AcDbSpline
 70
8
 71
3
 72
8
 73
4
 74
0
 40
0
 40
0
 40
0
 40
0
 40
1
 40
1
 40
1
 40
1
 10
29.965295
 20
275.606824
 30
0.0
 10
29.949103
 20
275.616199
 30
0.0
 10
29.934400
 20
275.627705
 30
0.0
 10
29.921187
 20
275.641342
 30
0.0
  0
SPLINE
  5
49f
100
AcDbEntity
  8
0
 62
7
100
AcDbSpline
 70
8
 71
3
 72
8
 73
4
 74
0
 40
0
 40
0
 40
0
 40
0
 40
1
 40
1
 40
1
 40
1
 10
29.921187
 20
275.641342
 30
0.0
 10
29.908399
 20
275.654979
 30
0.0
 10
29.897958
 20
275.671385
 30
0.0
 10
29.889865
 20
275.690562
 30
0.0
  0
SPLINE
  5
4a0
100
AcDbEntity
  8
0
 62
7
100
AcDbSpline
 70
8
 71
3
 72
8
 73
4
 74
0
 40
0
 40
0
 40
0
 40
0
 40
1
 40
1
 40
1
 40
1
 10
29.889865
 20
275.690562
 30
0.0
 10
29.882192
 20
275.709739
 30
0.0
 10
29.878356
 20
275.732751
 30
0.0
 10
29.878356
 20
275.759598
 30
0.0
  0
SPLINE
  5
4a1
100
AcDbEntity
  8
0
 62
7
100
AcDbSpline
 70
8
 71
3
 72
8
 73
4
 74
0
 40
0
 40
0
 40
0
 40
0
 40
1
 40
1
 40
1
 40
1
 10
29.878356
 20
275.759598
 30
0.0
 10
29.878356
 20
275.786872
 30
0.0
 10
29.883683
 20
275.811801
 30
0.0
 10
29.894337
 20
275.834387
 30
0.0
  0
SPLINE
  5
4a2
100
AcDbEntity
  8
0
 62
7
100
AcDbSpline
 70
8
 71
3
 72
8
 73
4
 74
0
 40
0
 40
0
 40
0
 40
0
 40
1
 40
1
 40
1
 40
1
 10
29.894337
 20
275.834387
 30
0.0
 10
29.904991
 20
275.857399
 30
0.0
 10
29.920332
 20
275.877002
 30
0.0
 10
29.940361
 20
275.893196
 30
0.0
  0
SPLINE
  5
4a3
100
AcDbEntity
  8
0
 62
7
100
AcDbSpline
 70
8
 71
3
 72
8
 73
4
 74
0
 40
0
 40
0
 40
0
 40
0
 40
1
 40
1
 40
1
 40
1
 10
29.940361
 20
275.893196
 30
0.0
 10
29.960390
 20
275.909390
 30
0.0
 10
29.984681
 20
275.921962
 30
0.0
 10
30.013233
 20
275.930910
 30
0.0
  0
SPLINE
  5
4a4
100
AcDbEntity
  8
0
 62
7
100
AcDbSpline
 70
8
 71
3
 72
8
 73
4
 74
0
 40
0
 40
0
 40
0
 40
0
 40
1
 40
1
 40
1
 40
1
 10
30.013233
 20
275.930910
 30
0.0
 10
30.042212
 20
275.939860
 30
0.0
 10
30.074599
 20
275.944335
 30
0.0
 10
30.110395
 20
275.944335
 30
0.0
  0
SPLINE
  5
4a5
100
AcDbEntity
  8
0
 62
7
100
AcDbSpline
 70
8
 71
3
 72
8
 73
4
 74
0
 40
0
 40
0
 40
0
 40
0
 40
1
 40
1
 40
1
 40
1
 10
30.110395
 20
275.944335
 30
0.0
 10
30.128294
 20
275.944335
 30
0.0
 10
30.145552
 20
275.943056
 30
0.0
 10
30.162172
 20
275.940499
 30
0.0
  0
SPLINE
  5
4a6
100
AcDbEntity
  8
0
 62
7
100
AcDbSpline
 70
8
 71
3
 72
8
 73
4
 74
0
 40
0
 40
0
 40
0
 40
0
 40
1
 40
1
 40
1
 40
1
 10
30.162172
 20
275.940499
 30
0.0
 10
30.179211
 20
275.937941
 30
0.0
 10
30.194552
 20
275.934745
 30
0.0
 10
30.208196
 20
275.930910
 30
0.0
  0
SPLINE
  5
4a7
100
AcDbEntity
  8
0
 62
7
100
AcDbSpline
 70
8
 71
3
 72
8
 73
4
 74
0
 40
0
 40
0
 40
0
 40
0
 40
1
 40
1
 40
1
 40
1
 10
30.208196
 20
275.930910
 30
0.0
 10
30.221831
 20
275.927075
 30
0.0
 10
30.233337
 20
275.922814
 30
0.0
 10
30.242714
 20
275.918125
 30
0.0
  0
SPLINE
  5
4a8
100
AcDbEntity
  8
0
 62
7
100
AcDbSpline
 70
8
 71
3
 72
8
 73
4
 74
0
 40
0
 40
0
 40
0
 40
0
 40
1
 40
1
 40
1
 40
1
 10
30.242714
 20
275.918125
 30
0.0
 10
30.252097
 20
275.913864
 30
0.0
 10
30.258703
 20
275.910028
 30
0.0
 10
30.262531
 20
275.906619
 30
0.0
  0
SPLINE
  5
4a9
100
AcDbEntity
  8
0
 62
7
100
AcDbSpline
 70
8
 71
3
 72
8
 73
4
 74
0
 40
0
 40
0
 40
0
 40
0
 40
1
 40
1
 40
1
 40
1
 10
30.262531
 20
275.906619
 30
0.0
 10
30.266799
 20
275.903636
 30
0.0
 10
30.269780
 20
275.900440
 30
0.0
 10
30.271474
 20
275.897030
 30
0.0
  0
SPLINE
  5
4aa
100
AcDbEntity
  8
0
 62
7
100
AcDbSpline
 70
8
 71
3
 72
8
 73
4
 74
0
 40
0
 40
0
 40
0
 40
0
 40
1
 40
1
 40
1
 40
1
 10
30.271474
 20
275.897030
 30
0.0
 10
30.273238
 20
275.894048
 30
0.0
 10
30.274516
 20
275.890212
 30
0.0
 10
30.275310
 20
275.885524
 30
0.0
  0
SPLINE
  5
4ab
100
AcDbEntity
  8
0
 62
7
100
AcDbSpline
 70
8
 71
3
 72
8
 73
4
 74
0
 40
0
 40
0
 40
0
 40
0
 40
1
 40
1
 40
1
 40
1
 10
30.275310
 20
275.885524
 30
0.0
 10
30.276192
 20
275.881262
 30
0.0
 10
30.276810
 20
275.875722
 30
0.0
 10
30.277162
 20
275.868902
 30
0.0
  0
SPLINE
  5
4ac
100
AcDbEntity
  8
0
 62
7
100
AcDbSpline
 70
8
 71
3
 72
8
 73
4
 74
0
 40
0
 40
0
 40
0
 40
0
 40
1
 40
1
 40
1
 40
1
 10
30.277162
 20
275.868902
 30
0.0
 10
30.278044
 20
275.862510
 30
0.0
 10
30.278485
 20
275.854413
 30
0.0
 10
30.278485
 20
275.844611
 30
0.0
  0
SPLINE
  5
4ad
100
AcDbEntity
  8
0
 62
7
100
AcDbSpline
 70
8
 71
3
 72
8
 73
4
 74
0
 40
0
 40
0
 40
0
 40
0
 40
1
 40
1
 40
1
 40
1
 10
30.278485
 20
275.844611
 30
0.0
 10
30.278485
 20
275.833105
 30
0.0
 10
30.278044
 20
275.823730
 30
0.0
 10
30.277162
 20
275.816485
 30
0.0
  0
SPLINE
  5
4ae
100
AcDbEntity
  8
0
 62
7
100
AcDbSpline
 70
8
 71
3
 72
8
 73
4
 74
0
 40
0
 40
0
 40
0
 40
0
 40
1
 40
1
 40
1
 40
1
 10
30.277162
 20
275.816485
 30
0.0
 10
30.276810
 20
275.809241
 30
0.0
 10
30.275742
 20
275.803488
 30
0.0
 10
30.273961
 20
275.799226
 30
0.0
  0
SPLINE
  5
4af
100
AcDbEntity
  8
0
 62
7
100
AcDbSpline
 70
8
 71
3
 72
8
 73
4
 74
0
 40
0
 40
0
 40
0
 40
0
 40
1
 40
1
 40
1
 40
1
 10
30.273961
 20
275.799226
 30
0.0
 10
30.272726
 20
275.794965
 30
0.0
 10
30.270812
 20
275.791982
 30
0.0
 10
30.268219
 20
275.790278
 30
0.0
  0
SPLINE
  5
4b0
100
AcDbEntity
  8
0
 62
7
100
AcDbSpline
 70
8
 71
3
 72
8
 73
4
 74
0
 40
0
 40
0
 40
0
 40
0
 40
1
 40
1
 40
1
 40
1
 10
30.268219
 20
275.790278
 30
0.0
 10
30.265662
 20
275.789008
 30
0.0
 10
30.262681
 20
275.788373
 30
0.0
 10
30.259276
 20
275.788373
 30
0.0
  0
SPLINE
  5
4b1
100
AcDbEntity
  8
0
 62
7
100
AcDbSpline
 70
8
 71
3
 72
8
 73
4
 74
0
 40
0
 40
0
 40
0
 40
0
 40
1
 40
1
 40
1
 40
1
 10
30.259276
 20
275.788373
 30
0.0
 10
30.255449
 20
275.788373
 30
0.0
 10
30.249478
 20
275.790504
 30
0.0
 10
30.241364
 20
275.794765
 30
0.0
  0
SPLINE
  5
4b2
100
AcDbEntity
  8
0
 62
7
100
AcDbSpline
 70
8
 71
3
 72
8
 73
4
 74
0
 40
0
 40
0
 40
0
 40
0
 40
1
 40
1
 40
1
 40
1
 10
30.241364
 20
275.794765
 30
0.0
 10
30.233268
 20
275.799452
 30
0.0
 10
30.223040
 20
275.804353
 30
0.0
 10
30.210680
 20
275.809468
 30
0.0
  0
SPLINE
  5
4b3
100
AcDbEntity
  8
0
 62
7
100
AcDbSpline
 70
8
 71
3
 72
8
 73
4
 74
0
 40
0
 40
0
 40
0
 40
0
 40
1
 40
1
 40
1
 40
1
 10
30.210680
 20
275.809468
 30
0.0
 10
30.198757
 20
275.814582
 30
0.0
 10
30.184694
 20
275.819269
 30
0.0
 10
30.168493
 20
275.823531
 30
0.0
  0
SPLINE
  5
4b4
100
AcDbEntity
  8
0
 62
7
100
AcDbSpline
 70
8
 71
3
 72
8
 73
4
 74
0
 40
0
 40
0
 40
0
 40
0
 40
1
 40
1
 40
1
 40
1
 10
30.168493
 20
275.823531
 30
0.0
 10
30.152724
 20
275.828219
 30
0.0
 10
30.134612
 20
275.830564
 30
0.0
 10
30.114158
 20
275.830564
 30
0.0
  0
SPLINE
  5
4b5
100
AcDbEntity
  8
0
 62
7
100
AcDbSpline
 70
8
 71
3
 72
8
 73
4
 74
0
 40
0
 40
0
 40
0
 40
0
 40
1
 40
1
 40
1
 40
1
 10
30.114158
 20
275.830564
 30
0.0
 10
30.099676
 20
275.830564
 30
0.0
 10
30.087105
 20
275.829072
 30
0.0
 10
30.076444
 20
275.826089
 30
0.0
  0
SPLINE
  5
4b6
100
AcDbEntity
  8
0
 62
7
100
AcDbSpline
 70
8
 71
3
 72
8
 73
4
 74
0
 40
0
 40
0
 40
0
 40
0
 40
1
 40
1
 40
1
 40
1
 10
30.076444
 20
275.826089
 30
0.0
 10
30.065790
 20
275.823107
 30
0.0
 10
30.057050
 20
275.818845
 30
0.0
 10
30.050224
 20
275.813305
 30
0.0
  0
SPLINE
  5
4b7
100
AcDbEntity
  8
0
 62
7
100
AcDbSpline
 70
8
 71
3
 72
8
 73
4
 74
0
 40
0
 40
0
 40
0
 40
0
 40
1
 40
1
 40
1
 40
1
 10
30.050224
 20
275.813305
 30
0.0
 10
30.043398
 20
275.807764
 30
0.0
 10
30.038282
 20
275.801159
 30
0.0
 10
30.034878
 20
275.793487
 30
0.0
  0
SPLINE
  5
4b8
100
AcDbEntity
  8
0
 62
7
100
AcDbSpline
 70
8
 71
3
 72
8
 73
4
 74
0
 40
0
 40
0
 40
0
 40
0
 40
1
 40
1
 40
1
 40
1
 10
30.034878
 20
275.793487
 30
0.0
 10
30.031474
 20
275.786243
 30
0.0
 10
30.029772
 20
275.778359
 30
0.0
 10
30.029772
 20
275.769836
 30
0.0
  0
SPLINE
  5
4b9
100
AcDbEntity
  8
0
 62
7
100
AcDbSpline
 70
8
 71
3
 72
8
 73
4
 74
0
 40
0
 40
0
 40
0
 40
0
 40
1
 40
1
 40
1
 40
1
 10
30.029772
 20
275.769836
 30
0.0
 10
30.029772
 20
275.756627
 30
0.0
 10
30.033820
 20
275.745547
 30
0.0
 10
30.041916
 20
275.736597
 30
0.0
  0
SPLINE
  5
4ba
100
AcDbEntity
  8
0
 62
7
100
AcDbSpline
 70
8
 71
3
 72
8
 73
4
 74
0
 40
0
 40
0
 40
0
 40
0
 40
1
 40
1
 40
1
 40
1
 10
30.041916
 20
275.736597
 30
0.0
 10
30.050012
 20
275.727647
 30
0.0
 10
30.060666
 20
275.719763
 30
0.0
 10
30.073878
 20
275.712946
 30
0.0
  0
SPLINE
  5
4bb
100
AcDbEntity
  8
0
 62
7
100
AcDbSpline
 70
8
 71
3
 72
8
 73
4
 74
0
 40
0
 40
0
 40
0
 40
0
 40
1
 40
1
 40
1
 40
1
 10
30.073878
 20
275.712946
 30
0.0
 10
30.087089
 20
275.706126
 30
0.0
 10
30.102005
 20
275.699734
 30
0.0
 10
30.118624
 20
275.693769
 30
0.0
  0
SPLINE
  5
4bc
100
AcDbEntity
  8
0
 62
7
100
AcDbSpline
 70
8
 71
3
 72
8
 73
4
 74
0
 40
0
 40
0
 40
0
 40
0
 40
1
 40
1
 40
1
 40
1
 10
30.118624
 20
275.693769
 30
0.0
 10
30.135663
 20
275.687803
 30
0.0
 10
30.152709
 20
275.681198
 30
0.0
 10
30.169760
 20
275.673954
 30
0.0
  0
SPLINE
  5
4bd
100
AcDbEntity
  8
0
 62
7
100
AcDbSpline
 70
8
 71
3
 72
8
 73
4
 74
0
 40
0
 40
0
 40
0
 40
0
 40
1
 40
1
 40
1
 40
1
 10
30.169760
 20
275.673954
 30
0.0
 10
30.187240
 20
275.667135
 30
0.0
 10
30.204286
 20
275.659038
 30
0.0
 10
30.220899
 20
275.649663
 30
0.0
  0
SPLINE
  5
4be
100
AcDbEntity
  8
0
 62
7
100
AcDbSpline
 70
8
 71
3
 72
8
 73
4
 74
0
 40
0
 40
0
 40
0
 40
0
 40
1
 40
1
 40
1
 40
1
 10
30.220899
 20
275.649663
 30
0.0
 10
30.237938
 20
275.640288
 30
0.0
 10
30.253066
 20
275.628782
 30
0.0
 10
30.266283
 20
275.615145
 30
0.0
  0
SPLINE
  5
4bf
100
AcDbEntity
  8
0
 62
7
100
AcDbSpline
 70
8
 71
3
 72
8
 73
4
 74
0
 40
0
 40
0
 40
0
 40
0
 40
1
 40
1
 40
1
 40
1
 10
30.266283
 20
275.615145
 30
0.0
 10
30.279494
 20
275.601508
 30
0.0
 10
30.290148
 20
275.585101
 30
0.0
 10
30.298244
 20
275.565924
 30
0.0
  0
SPLINE
  5
4c0
100
AcDbEntity
  8
0
 62
7
100
AcDbSpline
 70
8
 71
3
 72
8
 73
4
 74
0
 40
0
 40
0
 40
0
 40
0
 40
1
 40
1
 40
1
 40
1
 10
30.298244
 20
275.565924
 30
0.0
 10
30.306341
 20
275.547174
 30
0.0
 10
30.310389
 20
275.524801
 30
0.0
 10
30.310389
 20
275.498806
 30
0.0
  0
LWPOLYLINE
  5
4c1
100
AcDbEntity
  8
0
 62
7
100
AcDbPolyline
 90
1
 70
1
 10
29.616199
 20
275.622157
 30
0.0
  0
SPLINE
  5
4c2
100
AcDbEntity
  8
0
 62
7
100
AcDbSpline
 70
8
 71
3
 72
8
 73
4
 74
0
 40
0
 40
0
 40
0
 40
0
 40
1
 40
1
 40
1
 40
1
 10
30.957975
 20
275.639416
 30
0.0
 10
30.957975
 20
275.619813
 30
0.0
 10
30.953503
 20
275.605324
 30
0.0
 10
30.944560
 20
275.595949
 30
0.0
  0
SPLINE
  5
4c3
100
AcDbEntity
  8
0
 62
7
100
AcDbSpline
 70
8
 71
3
 72
8
 73
4
 74
0
 40
0
 40
0
 40
0
 40
0
 40
1
 40
1
 40
1
 40
1
 10
30.944560
 20
275.595949
 30
0.0
 10
30.936041
 20
275.586574
 30
0.0
 10
30.924108
 20
275.581886
 30
0.0
 10
30.908762
 20
275.581886
 30
0.0
  0
LWPOLYLINE
  5
4c4
100
AcDbEntity
  8
0
 62
7
100
AcDbPolyline
 90
1
 70
1
 10
30.310389
 20
275.498806
 30
0.0
  0
SPLINE
  5
4c5
100
AcDbEntity
  8
0
 62
7
100
AcDbSpline
 70
8
 71
3
 72
8
 73
4
 74
0
 40
0
 40
0
 40
0
 40
0
 40
1
 40
1
 40
1
 40
1
 10
30.561666
 20
275.581886
 30
0.0
 10
30.561666
 20
275.557596
 30
0.0
 10
30.564435
 20
275.535436
 30
0.0
 10
30.569974
 20
275.515407
 30
0.0
  0
SPLINE
  5
4c6
100
AcDbEntity
  8
0
 62
7
100
AcDbSpline
 70
8
 71
3
 72
8
 73
4
 74
0
 40
0
 40
0
 40
0
 40
0
 40
1
 40
1
 40
1
 40
1
 10
30.569974
 20
275.515407
 30
0.0
 10
30.575936
 20
275.495804
 30
0.0
 10
30.585098
 20
275.478972
 30
0.0
 10
30.597459
 20
275.464909
 30
0.0
  0
SPLINE
  5
4c7
100
AcDbEntity
  8
0
 62
7
100
AcDbSpline
 70
8
 71
3
 72
8
 73
4
 74
0
 40
0
 40
0
 40
0
 40
0
 40
1
 40
1
 40
1
 40
1
 10
30.597459
 20
275.464909
 30
0.0
 10
30.610247
 20
275.451272
 30
0.0
 10
30.626440
 20
275.440831
 30
0.0
 10
30.646039
 20
275.433587
 30
0.0
  0
SPLINE
  5
4c8
100
AcDbEntity
  8
0
 62
7
100
AcDbSpline
 70
8
 71
3
 72
8
 73
4
 74
0
 40
0
 40
0
 40
0
 40
0
 40
1
 40
1
 40
1
 40
1
 10
30.646039
 20
275.433587
 30
0.0
 10
30.666068
 20
275.426342
 30
0.0
 10
30.689932
 20
275.422720
 30
0.0
 10
30.717633
 20
275.422720
 30
0.0
  0
SPLINE
  5
4c9
100
AcDbEntity
  8
0
 62
7
100
AcDbSpline
 70
8
 71
3
 72
8
 73
4
 74
0
 40
0
 40
0
 40
0
 40
0
 40
1
 40
1
 40
1
 40
1
 10
30.717633
 20
275.422720
 30
0.0
 10
30.745760
 20
275.422720
 30
0.0
 10
30.770476
 20
275.424638
 30
0.0
 10
30.791782
 20
275.428472
 30
0.0
  0
SPLINE
  5
4ca
100
AcDbEntity
  8
0
 62
7
100
AcDbSpline
 70
8
 71
3
 72
8
 73
4
 74
0
 40
0
 40
0
 40
0
 40
0
 40
1
 40
1
 40
1
 40
1
 10
30.791782
 20
275.428472
 30
0.0
 10
30.813090
 20
275.432734
 30
0.0
 10
30.831415
 20
275.437209
 30
0.0
 10
30.846757
 20
275.441897
 30
0.0
  0
SPLINE
  5
4cb
100
AcDbEntity
  8
0
 62
7
100
AcDbSpline
 70
8
 71
3
 72
8
 73
4
 74
0
 40
0
 40
0
 40
0
 40
0
 40
1
 40
1
 40
1
 40
1
 10
30.846757
 20
275.441897
 30
0.0
 10
30.862526
 20
275.447011
 30
0.0
 10
30.875524
 20
275.451486
 30
0.0
 10
30.885749
 20
275.455322
 30
0.0
  0
SPLINE
  5
4cc
100
AcDbEntity
  8
0
 62
7
100
AcDbSpline
 70
8
 71
3
 72
8
 73
4
 74
0
 40
0
 40
0
 40
0
 40
0
 40
1
 40
1
 40
1
 40
1
 10
30.885749
 20
275.455322
 30
0.0
 10
30.895979
 20
275.459584
 30
0.0
 10
30.904287
 20
275.461715
 30
0.0
 10
30.910673
 20
275.461715
 30
0.0
  0
SPLINE
  5
4cd
100
AcDbEntity
  8
0
 62
7
100
AcDbSpline
 70
8
 71
3
 72
8
 73
4
 74
0
 40
0
 40
0
 40
0
 40
0
 40
1
 40
1
 40
1
 40
1
 10
30.910673
 20
275.461715
 30
0.0
 10
30.914500
 20
275.461715
 30
0.0
 10
30.917693
 20
275.460859
 30
0.0
 10
30.920250
 20
275.459148
 30
0.0
  0
SPLINE
  5
4ce
100
AcDbEntity
  8
0
 62
7
100
AcDbSpline
 70
8
 71
3
 72
8
 73
4
 74
0
 40
0
 40
0
 40
0
 40
0
 40
1
 40
1
 40
1
 40
1
 10
30.920250
 20
275.459148
 30
0.0
 10
30.922808
 20
275.457878
 30
0.0
 10
30.924942
 20
275.455321
 30
0.0
 10
30.926653
 20
275.451478
 30
0.0
  0
SPLINE
  5
4cf
100
AcDbEntity
  8
0
 62
7
100
AcDbSpline
 70
8
 71
3
 72
8
 73
4
 74
0
 40
0
 40
0
 40
0
 40
0
 40
1
 40
1
 40
1
 40
1
 10
30.926653
 20
275.451478
 30
0.0
 10
30.928417
 20
275.447643
 30
0.0
 10
30.929484
 20
275.442103
 30
0.0
 10
30.929855
 20
275.434857
 30
0.0
  0
SPLINE
  5
4d0
100
AcDbEntity
  8
0
 62
7
100
AcDbSpline
 70
8
 71
3
 72
8
 73
4
 74
0
 40
0
 40
0
 40
0
 40
0
 40
1
 40
1
 40
1
 40
1
 10
30.929855
 20
275.434857
 30
0.0
 10
30.930737
 20
275.428038
 30
0.0
 10
30.931178
 20
275.419302
 30
0.0
 10
30.931178
 20
275.408650
 30
0.0
  0
SPLINE
  5
4d1
100
AcDbEntity
  8
0
 62
7
100
AcDbSpline
 70
8
 71
3
 72
8
 73
4
 74
0
 40
0
 40
0
 40
0
 40
0
 40
1
 40
1
 40
1
 40
1
 10
30.931178
 20
275.408650
 30
0.0
 10
30.931178
 20
275.399275
 30
0.0
 10
30.931001
 20
275.391178
 30
0.0
 10
30.930649
 20
275.384358
 30
0.0
  0
SPLINE
  5
4d2
100
AcDbEntity
  8
0
 62
7
100
AcDbSpline
 70
8
 71
3
 72
8
 73
4
 74
0
 40
0
 40
0
 40
0
 40
0
 40
1
 40
1
 40
1
 40
1
 10
30.930649
 20
275.384358
 30
0.0
 10
30.930296
 20
275.377966
 30
0.0
 10
30.929678
 20
275.372426
 30
0.0
 10
30.928797
 20
275.367737
 30
0.0
  0
SPLINE
  5
4d3
100
AcDbEntity
  8
0
 62
7
100
AcDbSpline
 70
8
 71
3
 72
8
 73
4
 74
0
 40
0
 40
0
 40
0
 40
0
 40
1
 40
1
 40
1
 40
1
 10
30.928797
 20
275.367737
 30
0.0
 10
30.927915
 20
275.363049
 30
0.0
 10
30.926636
 20
275.359001
 30
0.0
 10
30.924960
 20
275.355593
 30
0.0
  0
SPLINE
  5
4d4
100
AcDbEntity
  8
0
 62
7
100
AcDbSpline
 70
8
 71
3
 72
8
 73
4
 74
0
 40
0
 40
0
 40
0
 40
0
 40
1
 40
1
 40
1
 40
1
 10
30.924960
 20
275.355593
 30
0.0
 10
30.923196
 20
275.352610
 30
0.0
 10
30.920850
 20
275.349627
 30
0.0
 10
30.917922
 20
275.346645
 30
0.0
  0
SPLINE
  5
4d5
100
AcDbEntity
  8
0
 62
7
100
AcDbSpline
 70
8
 71
3
 72
8
 73
4
 74
0
 40
0
 40
0
 40
0
 40
0
 40
1
 40
1
 40
1
 40
1
 10
30.917922
 20
275.346645
 30
0.0
 10
30.915364
 20
275.343662
 30
0.0
 10
30.907903
 20
275.339614
 30
0.0
 10
30.895538
 20
275.334500
 30
0.0
  0
SPLINE
  5
4d6
100
AcDbEntity
  8
0
 62
7
100
AcDbSpline
 70
8
 71
3
 72
8
 73
4
 74
0
 40
0
 40
0
 40
0
 40
0
 40
1
 40
1
 40
1
 40
1
 10
30.895538
 20
275.334500
 30
0.0
 10
30.883174
 20
275.329387
 30
0.0
 10
30.867406
 20
275.324273
 30
0.0
 10
30.848236
 20
275.319160
 30
0.0
  0
SPLINE
  5
4d7
100
AcDbEntity
  8
0
 62
7
100
AcDbSpline
 70
8
 71
3
 72
8
 73
4
 74
0
 40
0
 40
0
 40
0
 40
0
 40
1
 40
1
 40
1
 40
1
 10
30.848236
 20
275.319160
 30
0.0
 10
30.829059
 20
275.314471
 30
0.0
 10
30.807112
 20
275.310423
 30
0.0
 10
30.782395
 20
275.307015
 30
0.0
  0
SPLINE
  5
4d8
100
AcDbEntity
  8
0
 62
7
100
AcDbSpline
 70
8
 71
3
 72
8
 73
4
 74
0
 40
0
 40
0
 40
0
 40
0
 40
1
 40
1
 40
1
 40
1
 10
30.782395
 20
275.307015
 30
0.0
 10
30.757679
 20
275.303181
 30
0.0
 10
30.731259
 20
275.301263
 30
0.0
 10
30.703133
 20
275.301263
 30
0.0
  0
SPLINE
  5
4d9
100
AcDbEntity
  8
0
 62
7
100
AcDbSpline
 70
8
 71
3
 72
8
 73
4
 74
0
 40
0
 40
0
 40
0
 40
0
 40
1
 40
1
 40
1
 40
1
 10
30.703133
 20
275.301263
 30
0.0
 10
30.652422
 20
275.301263
 30
0.0
 10
30.607889
 20
275.307656
 30
0.0
 10
30.569535
 20
275.320440
 30
0.0
  0
SPLINE
  5
4da
100
AcDbEntity
  8
0
 62
7
100
AcDbSpline
 70
8
 71
3
 72
8
 73
4
 74
0
 40
0
 40
0
 40
0
 40
0
 40
1
 40
1
 40
1
 40
1
 10
30.569535
 20
275.320440
 30
0.0
 10
30.531608
 20
275.333225
 30
0.0
 10
30.499859
 20
275.352615
 30
0.0
 10
30.474290
 20
275.378610
 30
0.0
  0
SPLINE
  5
4db
100
AcDbEntity
  8
0
 62
7
100
AcDbSpline
 70
8
 71
3
 72
8
 73
4
 74
0
 40
0
 40
0
 40
0
 40
0
 40
1
 40
1
 40
1
 40
1
 10
30.474290
 20
275.378610
 30
0.0
 10
30.448721
 20
275.404605
 30
0.0
 10
30.429544
 20
275.437418
 30
0.0
 10
30.416759
 20
275.477050
 30
0.0
  0
SPLINE
  5
4dc
100
AcDbEntity
  8
0
 62
7
100
AcDbSpline
 70
8
 71
3
 72
8
 73
4
 74
0
 40
0
 40
0
 40
0
 40
0
 40
1
 40
1
 40
1
 40
1
 10
30.416759
 20
275.477050
 30
0.0
 10
30.404394
 20
275.516682
 30
0.0
 10
30.398212
 20
275.563132
 30
0.0
 10
30.398212
 20
275.616401
 30
0.0
  0
SPLINE
  5
4dd
100
AcDbEntity
  8
0
 62
7
100
AcDbSpline
 70
8
 71
3
 72
8
 73
4
 74
0
 40
0
 40
0
 40
0
 40
0
 40
1
 40
1
 40
1
 40
1
 10
30.398212
 20
275.616401
 30
0.0
 10
30.398212
 20
275.667112
 30
0.0
 10
30.404818
 20
275.712710
 30
0.0
 10
30.418029
 20
275.753194
 30
0.0
  0
SPLINE
  5
4de
100
AcDbEntity
  8
0
 62
7
100
AcDbSpline
 70
8
 71
3
 72
8
 73
4
 74
0
 40
0
 40
0
 40
0
 40
0
 40
1
 40
1
 40
1
 40
1
 10
30.418029
 20
275.753194
 30
0.0
 10
30.431241
 20
275.794105
 30
0.0
 10
30.450417
 20
275.828623
 30
0.0
 10
30.475557
 20
275.856749
 30
0.0
  0
SPLINE
  5
4df
100
AcDbEntity
  8
0
 62
7
100
AcDbSpline
 70
8
 71
3
 72
8
 73
4
 74
0
 40
0
 40
0
 40
0
 40
0
 40
1
 40
1
 40
1
 40
1
 10
30.475557
 20
275.856749
 30
0.0
 10
30.500700
 20
275.885300
 30
0.0
 10
30.531170
 20
275.907034
 30
0.0
 10
30.566968
 20
275.921949
 30
0.0
  0
SPLINE
  5
4e0
100
AcDbEntity
  8
0
 62
7
100
AcDbSpline
 70
8
 71
3
 72
8
 73
4
 74
0
 40
0
 40
0
 40
0
 40
0
 40
1
 40
1
 40
1
 40
1
 10
30.566968
 20
275.921949
 30
0.0
 10
30.603190
 20
275.936865
 30
0.0
 10
30.643886
 20
275.944322
 30
0.0
 10
30.689058
 20
275.944322
 30
0.0
  0
SPLINE
  5
4e1
100
AcDbEntity
  8
0
 62
7
100
AcDbSpline
 70
8
 71
3
 72
8
 73
4
 74
0
 40
0
 40
0
 40
0
 40
0
 40
1
 40
1
 40
1
 40
1
 10
30.689058
 20
275.944322
 30
0.0
 10
30.736787
 20
275.944322
 30
0.0
 10
30.777484
 20
275.937291
 30
0.0
 10
30.811150
 20
275.923227
 30
0.0
  0
SPLINE
  5
4e2
100
AcDbEntity
  8
0
 62
7
100
AcDbSpline
 70
8
 71
3
 72
8
 73
4
 74
0
 40
0
 40
0
 40
0
 40
0
 40
1
 40
1
 40
1
 40
1
 10
30.811150
 20
275.923227
 30
0.0
 10
30.845242
 20
275.909164
 30
0.0
 10
30.873155
 20
275.889561
 30
0.0
 10
30.894888
 20
275.864419
 30
0.0
  0
SPLINE
  5
4e3
100
AcDbEntity
  8
0
 62
7
100
AcDbSpline
 70
8
 71
3
 72
8
 73
4
 74
0
 40
0
 40
0
 40
0
 40
0
 40
1
 40
1
 40
1
 40
1
 10
30.894888
 20
275.864419
 30
0.0
 10
30.916622
 20
275.839702
 30
0.0
 10
30.932603
 20
275.810298
 30
0.0
 10
30.942830
 20
275.776206
 30
0.0
  0
SPLINE
  5
4e4
100
AcDbEntity
  8
0
 62
7
100
AcDbSpline
 70
8
 71
3
 72
8
 73
4
 74
0
 40
0
 40
0
 40
0
 40
0
 40
1
 40
1
 40
1
 40
1
 10
30.942830
 20
275.776206
 30
0.0
 10
30.953061
 20
275.742114
 30
0.0
 10
30.958176
 20
275.705039
 30
0.0
 10
30.958176
 20
275.664981
 30
0.0
  0
LWPOLYLINE
  5
4e5
100
AcDbEntity
  8
0
 62
7
100
AcDbPolyline
 90
2
 70
0
 10
30.908762
 20
275.581886
 30
0.0
 10
30.561666
 20
275.581886
 30
0.0
  0
SPLINE
  5
4e6
100
AcDbEntity
  8
0
 62
7
100
AcDbSpline
 70
8
 71
3
 72
8
 73
4
 74
0
 40
0
 40
0
 40
0
 40
0
 40
1
 40
1
 40
1
 40
1
 10
30.802006
 20
275.685440
 30
0.0
 10
30.803240
 20
275.730612
 30
0.0
 10
30.794078
 20
275.765982
 30
0.0
 10
30.774518
 20
275.791551
 30
0.0
  0
SPLINE
  5
4e7
100
AcDbEntity
  8
0
 62
7
100
AcDbSpline
 70
8
 71
3
 72
8
 73
4
 74
0
 40
0
 40
0
 40
0
 40
0
 40
1
 40
1
 40
1
 40
1
 10
30.774518
 20
275.791551
 30
0.0
 10
30.755341
 20
275.817546
 30
0.0
 10
30.725511
 20
275.830544
 30
0.0
 10
30.685028
 20
275.830544
 30
0.0
  0
SPLINE
  5
4e8
100
AcDbEntity
  8
0
 62
7
100
AcDbSpline
 70
8
 71
3
 72
8
 73
4
 74
0
 40
0
 40
0
 40
0
 40
0
 40
1
 40
1
 40
1
 40
1
 10
30.685028
 20
275.830544
 30
0.0
 10
30.664572
 20
275.830544
 30
0.0
 10
30.646674
 20
275.826708
 30
0.0
 10
30.631333
 20
275.819037
 30
0.0
  0
SPLINE
  5
4e9
100
AcDbEntity
  8
0
 62
7
100
AcDbSpline
 70
8
 71
3
 72
8
 73
4
 74
0
 40
0
 40
0
 40
0
 40
0
 40
1
 40
1
 40
1
 40
1
 10
30.631333
 20
275.819037
 30
0.0
 10
30.616411
 20
275.811366
 30
0.0
 10
30.603840
 20
275.800925
 30
0.0
 10
30.593620
 20
275.787715
 30
0.0
  0
SPLINE
  5
4ea
100
AcDbEntity
  8
0
 62
7
100
AcDbSpline
 70
8
 71
3
 72
8
 73
4
 74
0
 40
0
 40
0
 40
0
 40
0
 40
1
 40
1
 40
1
 40
1
 10
30.593620
 20
275.787715
 30
0.0
 10
30.583813
 20
275.774931
 30
0.0
 10
30.576140
 20
275.759589
 30
0.0
 10
30.570601
 20
275.741691
 30
0.0
  0
SPLINE
  5
4eb
100
AcDbEntity
  8
0
 62
7
100
AcDbSpline
 70
8
 71
3
 72
8
 73
4
 74
0
 40
0
 40
0
 40
0
 40
0
 40
1
 40
1
 40
1
 40
1
 10
30.570601
 20
275.741691
 30
0.0
 10
30.565486
 20
275.724218
 30
0.0
 10
30.562505
 20
275.705468
 30
0.0
 10
30.561658
 20
275.685440
 30
0.0
  0
LWPOLYLINE
  5
4ec
100
AcDbEntity
  8
0
 62
7
100
AcDbPolyline
 90
2
 70
0
 10
30.958176
 20
275.664981
 30
0.0
 10
30.957975
 20
275.639416
 30
0.0
  0
LWPOLYLINE
  5
4ed
100
AcDbEntity
  8
0
 62
7
100
AcDbPolyline
 90
2
 70
0
 10
30.561658
 20
275.685440
 30
0.0
 10
30.802006
 20
275.685440
 30
0.0
  0
LWPOLYLINE
  5
4ee
100
AcDbEntity
  8
0
 62
7
100
AcDbPolyline
 90
4
 70
1
 10
37.910855
 20
288.186511
 30
0.0
 10
37.910855
 20
284.886972
 30
0.0
 10
38.079837
 20
284.886972
 30
0.0
 10
38.079837
 20
288.186511
 30
0.0
  0
LWPOLYLINE
  5
4ef
100
AcDbEntity
  8
0
 62
7
100
AcDbPolyline
 90
4
 70
1
 10
30.239114
 20
281.007707
 30
0.0
 10
30.239114
 20
283.855506
 30
0.0
 10
27.083443
 20
283.387084
 30
0.0
 10
27.083443
 20
281.007707
 30
0.0
  0
LWPOLYLINE
  5
4f0
100
AcDbEntity
  8
0
 62
7
100
AcDbPolyline
 90
4
 70
1
 10
26.886213
 20
283.364185
 30
0.0
 10
24.420844
 20
283.000200
 30
0.0
 10
24.420844
 20
280.979979
 30
0.0
 10
26.886213
 20
280.979979
 30
0.0
  0
LWPOLYLINE
  5
4f1
100
AcDbEntity
  8
0
 62
7
100
AcDbPolyline
 90
4
 70
1
 10
30.239114
 20
280.782725
 30
0.0
 10
27.083443
 20
280.782725
 30
0.0
 10
27.083443
 20
278.474253
 30
0.0
 10
30.239114
 20
278.005832
 30
0.0
  0
LWPOLYLINE
  5
4f2
100
AcDbEntity
  8
0
 62
7
100
AcDbPolyline
 90
4
 70
1
 10
26.886213
 20
280.782772
 30
0.0
 10
24.420844
 20
280.782772
 30
0.0
 10
24.420844
 20
278.861160
 30
0.0
 10
26.886213
 20
278.497176
 30
0.0
  0
ENDSEC
  0
SECTION
  2
OBJECTS
  0
DICTIONARY
  5
C
330
0
100
AcDbDictionary
  3
ACAD_GROUP
350
D
  3
ACAD_MLINESTYLE
350
17
  0
DICTIONARY
  5
D
330
C
100
AcDbDictionary
  0
DICTIONARY
  5
1A
330
C
100
AcDbDictionary
  0
DICTIONARY
  5
17
330
C
100
AcDbDictionary
  3
STANDARD
350
18
  0
DICTIONARY
  5
19
330
C
100
AcDbDictionary
  0
ENDSEC
  0
EOF
