  0
SECTION
  2
HEADER
  9
$ACADVER
  1
AC1014
  9
$HANDSEED
  5
FFFF
  9
$MEASUREMENT
 70
     1
  0
ENDSEC
  0
SECTION
  2
TABLES
  0
TABLE
  2
VPORT
  5
8
330
0
100
AcDbSymbolTable
 70
     4
  0
VPORT
  5
2E
330
8
100
AcDbSymbolTableRecord
100
AcDbViewportTableRecord
  2
*ACTIVE
 70
     0
 10
0.0
 20
0.0
 11
1.0
 21
1.0
 12
210.0
 22
148.5
 13
0.0
 23
0.0
 14
10.0
 24
10.0
 15
10.0
 25
10.0
 16
0.0
 26
0.0
 36
1.0
 17
0.0
 27
0.0
 37
0.0
 40
341.0
 41
1.24
 42
50.0
 43
0.0
 44
0.0
 50
0.0
 51
0.0
 71
     0
 72
   100
 73
     1
 74
     3
 75
     0
 76
     0
 77
     0
 78
     0
  0
ENDTAB
  0
TABLE
  2
LTYPE
  5
5
330
0
100
AcDbSymbolTable
 70
     1
  0
LTYPE
  5
14
330
5
100
AcDbSymbolTableRecord
100
AcDbLinetypeTableRecord
  2
BYBLOCK
 70
     0
  3

 72
    65
 73
     0
 40
0.0
  0
LTYPE
  5
15
330
5
100
AcDbSymbolTableRecord
100
AcDbLinetypeTableRecord
  2
BYLAYER
 70
     0
  3

 72
    65
 73
     0
 40
0.0
  0
LTYPE
  5
16
330
5
100
AcDbSymbolTableRecord
100
AcDbLinetypeTableRecord
  2
CONTINUOUS
 70
     0
  3
Solid line
 72
    65
 73
     0
 40
0.0
  0
ENDTAB
  0
TABLE
  2
LAYER
  5
2
100
AcDbSymbolTable
 70
1
  0
LAYER
  5
50
100
AcDbSymbolTableRecord
100
AcDbLayerTableRecord
  2
0
 70
0
  6
CONTINUOUS
  0
ENDTAB
  0
TABLE
  2
STYLE
  5
3
330
0
100
AcDbSymbolTable
 70
     1
  0
STYLE
  5
11
330
3
100
AcDbSymbolTableRecord
100
AcDbTextStyleTableRecord
  2
STANDARD
 70
     0
 40
0.0
 41
1.0
 50
0.0
 71
     0
 42
2.5
  3
txt
  4

  0
ENDTAB
  0
TABLE
  2
VIEW
  5
6
330
0
100
AcDbSymbolTable
 70
     0
  0
ENDTAB
  0
TABLE
  2
UCS
  5
7
330
0
100
AcDbSymbolTable
 70
     0
  0
ENDTAB
  0
TABLE
  2
APPID
  5
9
330
0
100
AcDbSymbolTable
 70
     2
  0
APPID
  5
12
330
9
100
AcDbSymbolTableRecord
100
AcDbRegAppTableRecord
  2
ACAD
 70
     0
  0
ENDTAB
  0
TABLE
  2
DIMSTYLE
  5
A
330
0
100
AcDbSymbolTable
 70
     1
  0
DIMSTYLE
105
27
330
A
100
AcDbSymbolTableRecord
100
AcDbDimStyleTableRecord
  2
ISO-25
 70
     0
  3

  4

  5

  6

  7

 40
1.0
 41
2.5
 42
0.625
 43
3.75
 44
1.25
 45
0.0
 46
0.0
 47
0.0
 48
0.0
140
2.5
141
2.5
142
0.0
143
0.03937007874016
144
1.0
145
0.0
146
1.0
147
0.625
 71
     0
 72
     0
 73
     0
 74
     0
 75
     0
 76
     0
 77
     1
 78
     8
170
     0
171
     3
172
     1
173
     0
174
     0
175
     0
176
     0
177
     0
178
     0
270
     2
271
     2
272
     2
273
     2
274
     3
340
11
275
     0
280
     0
281
     0
282
     0
283
     0
284
     8
285
     0
286
     0
287
     3
288
     0
  0
ENDTAB
  0
TABLE
  2
BLOCK_RECORD
  5
1
330
0
100
AcDbSymbolTable
 70
     1
  0
BLOCK_RECORD
  5
1F
330
1
100
AcDbSymbolTableRecord
100
AcDbBlockTableRecord
  2
*MODEL_SPACE
  0
BLOCK_RECORD
  5
1B
330
1
100
AcDbSymbolTableRecord
100
AcDbBlockTableRecord
  2
*PAPER_SPACE
  0
ENDTAB
  0
ENDSEC
  0
SECTION
  2
BLOCKS
  0
BLOCK
  5
20
330
1F
100
AcDbEntity
  8
0
100
AcDbBlockBegin
  2
*MODEL_SPACE
 70
     0
 10
0.0
 20
0.0
 30
0.0
  3
*MODEL_SPACE
  1

  0
ENDBLK
  5
21
330
1F
100
AcDbEntity
  8
0
100
AcDbBlockEnd
  0
BLOCK
  5
1C
330
1B
100
AcDbEntity
 67
     1
  8
0
100
AcDbBlockBegin
  2
*PAPER_SPACE
  1

  0
ENDBLK
  5
1D
330
1B
100
AcDbEntity
 67
     1
  8
0
100
AcDbBlockEnd
  0
ENDSEC
  0
SECTION
  2
ENTITIES
  0
LWPOLYLINE
  5
100
100
AcDbEntity
  8
0
 62
7
100
AcDbPolyline
 90
9
 70
0
 10
9.328300
 20
221.418945
 30
0.0
 10
7.506805
 20
221.599920
 30
0.0
 10
5.771906
 20
222.126706
 30
0.0
 10
4.172370
 20
222.980780
 30
0.0
 10
2.756929
 20
224.140713
 30
0.0
 10
1.596360
 20
225.556760
 30
0.0
 10
0.742389
 20
227.155902
 30
0.0
 10
0.215198
 20
228.890774
 30
0.0
 10
0.034981
 20
230.712692
 30
0.0
  0
LWPOLYLINE
  5
101
100
AcDbEntity
  8
0
 62
7
100
AcDbPolyline
 90
5
 70
0
 10
0.034981
 20
295.965759
 30
0.0
 10
0.113512
 20
296.354760
 30
0.0
 10
0.327668
 20
296.671760
 30
0.0
 10
0.645297
 20
296.885758
 30
0.0
 10
1.034259
 20
296.964759
 30
0.0
  0
LWPOLYLINE
  5
102
100
AcDbEntity
  8
0
 62
7
100
AcDbPolyline
 90
5
 70
0
 10
96.565427
 20
296.964759
 30
0.0
 10
96.954629
 20
296.885758
 30
0.0
 10
97.272129
 20
296.671760
 30
0.0
 10
97.485912
 20
296.354760
 30
0.0
 10
97.564496
 20
295.965759
 30
0.0
  0
LWPOLYLINE
  5
103
100
AcDbEntity
  8
0
 62
7
100
AcDbPolyline
 90
2
 70
0
 10
0.034981
 20
230.712692
 30
0.0
 10
0.034981
 20
295.965759
 30
0.0
  0
LWPOLYLINE
  5
104
100
AcDbEntity
  8
0
 62
7
100
AcDbPolyline
 90
9
 70
0
 10
97.564496
 20
230.712692
 30
0.0
 10
97.384312
 20
228.890774
 30
0.0
 10
96.857530
 20
227.155902
 30
0.0
 10
96.003190
 20
225.556760
 30
0.0
 10
94.842993
 20
224.140713
 30
0.0
 10
93.427208
 20
222.980780
 30
0.0
 10
91.827802
 20
222.126706
 30
0.0
 10
90.092932
 20
221.599920
 30
0.0
 10
88.271541
 20
221.418945
 30
0.0
  0
LWPOLYLINE
  5
105
100
AcDbEntity
  8
0
 62
7
100
AcDbPolyline
 90
2
 70
0
 10
1.034259
 20
296.964759
 30
0.0
 10
96.565427
 20
296.964759
 30
0.0
  0
LWPOLYLINE
  5
106
100
AcDbEntity
  8
0
 62
7
100
AcDbPolyline
 90
16
 70
1
 10
1.533899
 20
232.411846
 30
0.0
 10
1.714987
 20
233.305872
 30
0.0
 10
2.207646
 20
234.035855
 30
0.0
 10
2.938036
 20
234.527715
 30
0.0
 10
3.832248
 20
234.707896
 30
0.0
 10
4.726460
 20
234.527715
 30
0.0
 10
5.456842
 20
234.035855
 30
0.0
 10
5.949495
 20
233.305872
 30
0.0
 10
6.130575
 20
232.411846
 30
0.0
 10
5.949495
 20
231.516760
 30
0.0
 10
5.456842
 20
230.786775
 30
0.0
 10
4.726460
 20
230.294915
 30
0.0
 10
3.832248
 20
230.114734
 30
0.0
 10
2.938010
 20
230.294915
 30
0.0
 10
2.207646
 20
230.786775
 30
0.0
 10
1.714978
 20
231.516760
 30
0.0
  0
LWPOLYLINE
  5
107
100
AcDbEntity
  8
0
 62
7
100
AcDbPolyline
 90
2
 70
0
 10
97.564496
 20
295.965759
 30
0.0
 10
97.564496
 20
230.712692
 30
0.0
  0
LWPOLYLINE
  5
108
100
AcDbEntity
  8
0
 62
7
100
AcDbPolyline
 90
20
 70
1
 10
91.469291
 20
276.379763
 30
0.0
 10
91.548402
 20
276.979785
 30
0.0
 10
91.777002
 20
277.528769
 30
0.0
 10
92.138952
 20
278.001765
 30
0.0
 10
92.618112
 20
278.369773
 30
0.0
 10
93.177441
 20
278.600780
 30
0.0
 10
93.767197
 20
278.677774
 30
0.0
 10
94.357747
 20
278.600780
 30
0.0
 10
94.916811
 20
278.369773
 30
0.0
 10
95.396236
 20
278.001765
 30
0.0
 10
95.757921
 20
277.528769
 30
0.0
 10
95.985992
 20
276.979785
 30
0.0
 10
96.065896
 20
276.379763
 30
0.0
 10
95.884921
 20
275.484785
 30
0.0
 10
95.392797
 20
274.754774
 30
0.0
 10
94.662018
 20
274.261776
 30
0.0
 10
93.767197
 20
274.081780
 30
0.0
 10
92.872906
 20
274.261776
 30
0.0
 10
92.142391
 20
274.754774
 30
0.0
 10
91.649737
 20
275.484785
 30
0.0
  0
LWPOLYLINE
  5
109
100
AcDbEntity
  8
0
 62
7
100
AcDbPolyline
 90
24
 70
1
 10
1.533899
 20
276.379763
 30
0.0
 10
1.613460
 20
276.979785
 30
0.0
 10
1.841819
 20
277.528769
 30
0.0
 10
2.203520
 20
278.001765
 30
0.0
 10
2.683084
 20
278.369773
 30
0.0
 10
3.242201
 20
278.600780
 30
0.0
 10
3.832248
 20
278.677774
 30
0.0
 10
4.422296
 20
278.600780
 30
0.0
 10
4.981439
 20
278.369773
 30
0.0
 10
5.460995
 20
278.001765
 30
0.0
 10
5.822680
 20
277.528769
 30
0.0
 10
6.051042
 20
276.979785
 30
0.0
 10
6.130602
 20
276.379763
 30
0.0
 10
6.051042
 20
275.779769
 30
0.0
 10
5.822680
 20
275.230786
 30
0.0
 10
5.460995
 20
274.757764
 30
0.0
 10
4.981439
 20
274.388776
 30
0.0
 10
4.422296
 20
274.157769
 30
0.0
 10
3.832248
 20
274.081780
 30
0.0
 10
3.242201
 20
274.157769
 30
0.0
 10
2.683084
 20
274.388776
 30
0.0
 10
2.203520
 20
274.757764
 30
0.0
 10
1.841819
 20
275.230786
 30
0.0
 10
1.613460
 20
275.779769
 30
0.0
  0
LWPOLYLINE
  5
10a
100
AcDbEntity
  8
0
 62
7
100
AcDbPolyline
 90
16
 70
1
 10
91.469291
 20
232.411846
 30
0.0
 10
91.650002
 20
233.305872
 30
0.0
 10
92.142920
 20
234.035855
 30
0.0
 10
92.873435
 20
234.527715
 30
0.0
 10
93.767197
 20
234.707896
 30
0.0
 10
94.661753
 20
234.527715
 30
0.0
 10
95.392000
 20
234.035855
 30
0.0
 10
95.884921
 20
233.305872
 30
0.0
 10
96.065896
 20
232.411846
 30
0.0
 10
95.884921
 20
231.516760
 30
0.0
 10
95.392000
 20
230.786775
 30
0.0
 10
94.661753
 20
230.294915
 30
0.0
 10
93.767197
 20
230.114734
 30
0.0
 10
92.873435
 20
230.294915
 30
0.0
 10
92.142920
 20
230.786775
 30
0.0
 10
91.650002
 20
231.516760
 30
0.0
  0
LWPOLYLINE
  5
10b
100
AcDbEntity
  8
0
 62
7
100
AcDbPolyline
 90
8
 70
1
 10
57.014222
 20
232.814806
 30
0.0
 10
57.234090
 20
233.343705
 30
0.0
 10
57.763786
 20
233.562780
 30
0.0
 10
58.293217
 20
233.343705
 30
0.0
 10
58.513086
 20
232.814806
 30
0.0
 10
58.293217
 20
232.285904
 30
0.0
 10
57.763786
 20
232.066829
 30
0.0
 10
57.234090
 20
232.285904
 30
0.0
  0
LWPOLYLINE
  5
10c
100
AcDbEntity
  8
0
 62
7
100
AcDbPolyline
 90
13
 70
0
 10
92.568106
 20
294.965759
 30
0.0
 10
93.350214
 20
294.862759
 30
0.0
 10
94.067234
 20
294.564759
 30
0.0
 10
94.683713
 20
294.092756
 30
0.0
 10
95.164723
 20
293.467758
 30
0.0
 10
95.465822
 20
292.737774
 30
0.0
 10
95.566099
 20
291.968763
 30
0.0
 10
95.465822
 20
291.198773
 30
0.0
 10
95.164723
 20
290.469766
 30
0.0
 10
94.683713
 20
289.843764
 30
0.0
 10
94.067234
 20
289.371774
 30
0.0
 10
93.350214
 20
289.074753
 30
0.0
 10
92.568106
 20
288.970772
 30
0.0
  0
LWPOLYLINE
  5
10d
100
AcDbEntity
  8
0
 62
7
100
AcDbPolyline
 90
13
 70
0
 10
56.594328
 20
288.970772
 30
0.0
 10
55.812220
 20
289.074753
 30
0.0
 10
55.095464
 20
289.371774
 30
0.0
 10
54.478988
 20
289.843764
 30
0.0
 10
53.997975
 20
290.469766
 30
0.0
 10
53.696879
 20
291.198773
 30
0.0
 10
53.596338
 20
291.968763
 30
0.0
 10
53.696879
 20
292.737774
 30
0.0
 10
53.997975
 20
293.467758
 30
0.0
 10
54.478988
 20
294.092756
 30
0.0
 10
55.095464
 20
294.564759
 30
0.0
 10
55.812220
 20
294.862759
 30
0.0
 10
56.594328
 20
294.965759
 30
0.0
  0
LWPOLYLINE
  5
10e
100
AcDbEntity
  8
0
 62
7
100
AcDbPolyline
 90
2
 70
0
 10
88.271541
 20
221.418945
 30
0.0
 10
9.328300
 20
221.418945
 30
0.0
  0
LWPOLYLINE
  5
10f
100
AcDbEntity
  8
0
 62
7
100
AcDbPolyline
 90
2
 70
0
 10
92.568106
 20
288.970772
 30
0.0
 10
56.594328
 20
288.970772
 30
0.0
  0
LWPOLYLINE
  5
110
100
AcDbEntity
  8
0
 62
7
100
AcDbPolyline
 90
9
 70
0
 10
45.002676
 20
229.413853
 30
0.0
 10
46.169488
 20
229.177847
 30
0.0
 10
47.122517
 20
228.535701
 30
0.0
 10
47.764925
 20
227.582939
 30
0.0
 10
48.000404
 20
226.415862
 30
0.0
 10
47.764925
 20
225.248788
 30
0.0
 10
47.122517
 20
224.295759
 30
0.0
 10
46.169488
 20
223.653880
 30
0.0
 10
45.002676
 20
223.417869
 30
0.0
  0
LWPOLYLINE
  5
111
100
AcDbEntity
  8
0
 62
7
100
AcDbPolyline
 90
2
 70
0
 10
56.594328
 20
294.965759
 30
0.0
 10
92.568106
 20
294.965759
 30
0.0
  0
LWPOLYLINE
  5
112
100
AcDbEntity
  8
0
 62
7
100
AcDbPolyline
 90
14
 70
0
 10
9.028502
 20
223.417869
 30
0.0
 10
8.246315
 20
223.521853
 30
0.0
 10
7.529559
 20
223.819771
 30
0.0
 10
6.913239
 20
224.290732
 30
0.0
 10
6.432280
 20
224.916736
 30
0.0
 10
6.131052
 20
225.645925
 30
0.0
 10
6.030642
 20
226.415862
 30
0.0
 10
6.131052
 20
227.185800
 30
0.0
 10
6.432280
 20
227.914726
 30
0.0
 10
6.913239
 20
228.539937
 30
0.0
 10
7.529559
 20
229.011689
 30
0.0
 10
8.246315
 20
229.309874
 30
0.0
 10
9.028502
 20
229.413853
 30
0.0
 10
45.002676
 20
229.413853
 30
0.0
  0
LWPOLYLINE
  5
113
100
AcDbEntity
  8
0
 62
7
100
AcDbPolyline
 90
13
 70
0
 10
52.597271
 20
223.417869
 30
0.0
 10
51.814899
 20
223.521853
 30
0.0
 10
51.098143
 20
223.819771
 30
0.0
 10
50.481928
 20
224.290732
 30
0.0
 10
50.000916
 20
224.916736
 30
0.0
 10
49.699823
 20
225.645925
 30
0.0
 10
49.599278
 20
226.415862
 30
0.0
 10
49.699823
 20
227.185800
 30
0.0
 10
50.000916
 20
227.914726
 30
0.0
 10
50.481928
 20
228.539937
 30
0.0
 10
51.098143
 20
229.011689
 30
0.0
 10
51.814899
 20
229.309874
 30
0.0
 10
52.597271
 20
229.413853
 30
0.0
  0
LWPOLYLINE
  5
114
100
AcDbEntity
  8
0
 62
7
100
AcDbPolyline
 90
2
 70
0
 10
45.002676
 20
223.417869
 30
0.0
 10
9.028502
 20
223.417869
 30
0.0
  0
LWPOLYLINE
  5
115
100
AcDbEntity
  8
0
 62
7
100
AcDbPolyline
 90
14
 70
0
 10
88.571314
 20
229.413853
 30
0.0
 10
89.353422
 20
229.309874
 30
0.0
 10
90.069913
 20
229.011689
 30
0.0
 10
90.686657
 20
228.539937
 30
0.0
 10
91.167405
 20
227.914726
 30
0.0
 10
91.468498
 20
227.185800
 30
0.0
 10
91.569039
 20
226.415862
 30
0.0
 10
91.468498
 20
225.645925
 30
0.0
 10
91.167405
 20
224.916736
 30
0.0
 10
90.686657
 20
224.290732
 30
0.0
 10
90.069913
 20
223.819771
 30
0.0
 10
89.353422
 20
223.521853
 30
0.0
 10
88.571314
 20
223.417869
 30
0.0
 10
52.597271
 20
223.417869
 30
0.0
  0
LWPOLYLINE
  5
116
100
AcDbEntity
  8
0
 62
7
100
AcDbPolyline
 90
13
 70
0
 10
5.031393
 20
288.970772
 30
0.0
 10
4.249205
 20
289.074753
 30
0.0
 10
3.532476
 20
289.371774
 30
0.0
 10
2.916129
 20
289.843764
 30
0.0
 10
2.435167
 20
290.469766
 30
0.0
 10
2.133947
 20
291.198773
 30
0.0
 10
2.033539
 20
291.968763
 30
0.0
 10
2.133947
 20
292.737774
 30
0.0
 10
2.435167
 20
293.467758
 30
0.0
 10
2.916129
 20
294.092756
 30
0.0
 10
3.532476
 20
294.564759
 30
0.0
 10
4.249205
 20
294.862759
 30
0.0
 10
5.031393
 20
294.965759
 30
0.0
  0
LWPOLYLINE
  5
117
100
AcDbEntity
  8
0
 62
7
100
AcDbPolyline
 90
13
 70
0
 10
41.005622
 20
294.965759
 30
0.0
 10
41.787728
 20
294.862759
 30
0.0
 10
42.504484
 20
294.564759
 30
0.0
 10
43.120698
 20
294.092756
 30
0.0
 10
43.601710
 20
293.467758
 30
0.0
 10
43.903071
 20
292.737774
 30
0.0
 10
44.003348
 20
291.968763
 30
0.0
 10
43.903071
 20
291.198773
 30
0.0
 10
43.601710
 20
290.469766
 30
0.0
 10
43.120698
 20
289.843764
 30
0.0
 10
42.504484
 20
289.371774
 30
0.0
 10
41.787728
 20
289.074753
 30
0.0
 10
41.005622
 20
288.970772
 30
0.0
  0
LWPOLYLINE
  5
118
100
AcDbEntity
  8
0
 62
7
100
AcDbPolyline
 90
2
 70
0
 10
52.597271
 20
229.413853
 30
0.0
 10
88.571314
 20
229.413853
 30
0.0
  0
LWPOLYLINE
  5
119
100
AcDbEntity
  8
0
 62
7
100
AcDbPolyline
 90
2
 70
0
 10
5.031393
 20
294.965759
 30
0.0
 10
41.005622
 20
294.965759
 30
0.0
  0
LWPOLYLINE
  5
11a
100
AcDbEntity
  8
0
 62
7
100
AcDbPolyline
 90
2
 70
0
 10
41.005622
 20
288.970772
 30
0.0
 10
5.031393
 20
288.970772
 30
0.0
  0
SPLINE
  5
11b
100
AcDbEntity
  8
0
 62
7
100
AcDbSpline
 70
8
 71
3
 72
8
 73
4
 74
0
 40
0
 40
0
 40
0
 40
0
 40
1
 40
1
 40
1
 40
1
 10
34.843279
 20
287.556658
 30
0.0
 10
34.843279
 20
287.050041
 30
0.0
 10
34.433881
 20
286.640642
 30
0.0
 10
33.927264
 20
286.640642
 30
0.0
  0
LWPOLYLINE
  5
11c
100
AcDbEntity
  8
0
 62
7
100
AcDbPolyline
 90
2
 70
0
 10
34.843279
 20
288.187517
 30
0.0
 10
34.843279
 20
287.556658
 30
0.0
  0
SPLINE
  5
11d
100
AcDbEntity
  8
0
 62
7
100
AcDbSpline
 70
8
 71
3
 72
8
 73
4
 74
0
 40
0
 40
0
 40
0
 40
0
 40
1
 40
1
 40
1
 40
1
 10
28.714375
 20
286.640642
 30
0.0
 10
28.116424
 20
286.640642
 30
0.0
 10
27.628438
 20
286.154609
 30
0.0
 10
27.628438
 20
285.556658
 30
0.0
  0
LWPOLYLINE
  5
11e
100
AcDbEntity
  8
0
 62
7
100
AcDbPolyline
 90
2
 70
0
 10
33.927264
 20
286.640642
 30
0.0
 10
28.714375
 20
286.640642
 30
0.0
  0
SPLINE
  5
11f
100
AcDbEntity
  8
0
 62
7
100
AcDbSpline
 70
8
 71
3
 72
8
 73
4
 74
0
 40
0
 40
0
 40
0
 40
0
 40
1
 40
1
 40
1
 40
1
 10
27.798360
 20
285.556658
 30
0.0
 10
27.798360
 20
286.063275
 30
0.0
 10
28.207758
 20
286.472674
 30
0.0
 10
28.714375
 20
286.472673
 30
0.0
  0
LWPOLYLINE
  5
120
100
AcDbEntity
  8
0
 62
7
100
AcDbPolyline
 90
4
 70
0
 10
27.628438
 20
285.556658
 30
0.0
 10
27.628438
 20
284.886737
 30
0.0
 10
27.798360
 20
284.886737
 30
0.0
 10
27.798360
 20
285.556658
 30
0.0
  0
SPLINE
  5
121
100
AcDbEntity
  8
0
 62
7
100
AcDbSpline
 70
8
 71
3
 72
8
 73
4
 74
0
 40
0
 40
0
 40
0
 40
0
 40
1
 40
1
 40
1
 40
1
 10
33.927264
 20
286.472673
 30
0.0
 10
34.525215
 20
286.472673
 30
0.0
 10
35.011248
 20
286.958707
 30
0.0
 10
35.011248
 20
287.556658
 30
0.0
  0
LWPOLYLINE
  5
122
100
AcDbEntity
  8
0
 62
7
100
AcDbPolyline
 90
2
 70
0
 10
28.714375
 20
286.472673
 30
0.0
 10
33.927264
 20
286.472673
 30
0.0
  0
LWPOLYLINE
  5
123
100
AcDbEntity
  8
0
 62
7
100
AcDbPolyline
 90
3
 70
0
 10
35.011248
 20
287.556658
 30
0.0
 10
35.011248
 20
288.187517
 30
0.0
 10
34.843279
 20
288.187517
 30
0.0
  0
SPLINE
  5
124
100
AcDbEntity
  8
0
 62
7
100
AcDbSpline
 70
8
 71
3
 72
8
 73
4
 74
0
 40
0
 40
0
 40
0
 40
0
 40
1
 40
1
 40
1
 40
1
 10
40.938982
 20
287.556658
 30
0.0
 10
40.938982
 20
286.958707
 30
0.0
 10
41.425014
 20
286.472673
 30
0.0
 10
42.022965
 20
286.472673
 30
0.0
  0
LWPOLYLINE
  5
125
100
AcDbEntity
  8
0
 62
7
100
AcDbPolyline
 90
2
 70
0
 10
40.938982
 20
288.187517
 30
0.0
 10
40.938982
 20
287.556658
 30
0.0
  0
SPLINE
  5
126
100
AcDbEntity
  8
0
 62
7
100
AcDbSpline
 70
8
 71
3
 72
8
 73
4
 74
0
 40
0
 40
0
 40
0
 40
0
 40
1
 40
1
 40
1
 40
1
 10
47.235855
 20
286.472673
 30
0.0
 10
47.742472
 20
286.472673
 30
0.0
 10
48.151870
 20
286.063275
 30
0.0
 10
48.151870
 20
285.556658
 30
0.0
  0
LWPOLYLINE
  5
127
100
AcDbEntity
  8
0
 62
7
100
AcDbPolyline
 90
2
 70
0
 10
42.022965
 20
286.472673
 30
0.0
 10
47.235855
 20
286.472673
 30
0.0
  0
SPLINE
  5
128
100
AcDbEntity
  8
0
 62
7
100
AcDbSpline
 70
8
 71
3
 72
8
 73
4
 74
0
 40
0
 40
0
 40
0
 40
0
 40
1
 40
1
 40
1
 40
1
 10
48.319839
 20
285.556658
 30
0.0
 10
48.319839
 20
286.154609
 30
0.0
 10
47.833806
 20
286.640642
 30
0.0
 10
47.235855
 20
286.640642
 30
0.0
  0
LWPOLYLINE
  5
129
100
AcDbEntity
  8
0
 62
7
100
AcDbPolyline
 90
4
 70
0
 10
48.151870
 20
285.556658
 30
0.0
 10
48.151870
 20
284.886737
 30
0.0
 10
48.319839
 20
284.886737
 30
0.0
 10
48.319839
 20
285.556658
 30
0.0
  0
SPLINE
  5
12a
100
AcDbEntity
  8
0
 62
7
100
AcDbSpline
 70
8
 71
3
 72
8
 73
4
 74
0
 40
0
 40
0
 40
0
 40
0
 40
1
 40
1
 40
1
 40
1
 10
42.022965
 20
286.640642
 30
0.0
 10
41.516348
 20
286.640642
 30
0.0
 10
41.106950
 20
287.050041
 30
0.0
 10
41.106950
 20
287.556658
 30
0.0
  0
LWPOLYLINE
  5
12b
100
AcDbEntity
  8
0
 62
7
100
AcDbPolyline
 90
2
 70
0
 10
47.235855
 20
286.640642
 30
0.0
 10
42.022965
 20
286.640642
 30
0.0
  0
LWPOLYLINE
  5
12c
100
AcDbEntity
  8
0
 62
7
100
AcDbPolyline
 90
3
 70
0
 10
41.106950
 20
287.556658
 30
0.0
 10
41.106950
 20
288.187517
 30
0.0
 10
40.938982
 20
288.187517
 30
0.0
  0
SPLINE
  5
12d
100
AcDbEntity
  8
0
 62
7
100
AcDbSpline
 70
8
 71
3
 72
8
 73
4
 74
0
 40
0
 40
0
 40
0
 40
0
 40
1
 40
1
 40
1
 40
1
 10
25.941078
 20
281.909144
 30
0.0
 10
25.941078
 20
281.893803
 30
0.0
 10
25.940655
 20
281.881232
 30
0.0
 10
25.939808
 20
281.871430
 30
0.0
  0
SPLINE
  5
12e
100
AcDbEntity
  8
0
 62
7
100
AcDbSpline
 70
8
 71
3
 72
8
 73
4
 74
0
 40
0
 40
0
 40
0
 40
0
 40
1
 40
1
 40
1
 40
1
 10
25.939808
 20
281.871430
 30
0.0
 10
25.938962
 20
281.861628
 30
0.0
 10
25.937683
 20
281.853957
 30
0.0
 10
25.935972
 20
281.848419
 30
0.0
  0
SPLINE
  5
12f
100
AcDbEntity
  8
0
 62
7
100
AcDbSpline
 70
8
 71
3
 72
8
 73
4
 74
0
 40
0
 40
0
 40
0
 40
0
 40
1
 40
1
 40
1
 40
1
 10
25.935972
 20
281.848419
 30
0.0
 10
25.934261
 20
281.842878
 30
0.0
 10
25.931917
 20
281.839043
 30
0.0
 10
25.928939
 20
281.836912
 30
0.0
  0
SPLINE
  5
130
100
AcDbEntity
  8
0
 62
7
100
AcDbSpline
 70
8
 71
3
 72
8
 73
4
 74
0
 40
0
 40
0
 40
0
 40
0
 40
1
 40
1
 40
1
 40
1
 10
25.928939
 20
281.836912
 30
0.0
 10
25.926382
 20
281.834781
 30
0.0
 10
25.922972
 20
281.833716
 30
0.0
 10
25.918711
 20
281.833716
 30
0.0
  0
SPLINE
  5
131
100
AcDbEntity
  8
0
 62
7
100
AcDbSpline
 70
8
 71
3
 72
8
 73
4
 74
0
 40
0
 40
0
 40
0
 40
0
 40
1
 40
1
 40
1
 40
1
 10
25.918711
 20
281.833716
 30
0.0
 10
25.915301
 20
281.833716
 30
0.0
 10
25.911465
 20
281.834351
 30
0.0
 10
25.907204
 20
281.835621
 30
0.0
  0
SPLINE
  5
132
100
AcDbEntity
  8
0
 62
7
100
AcDbSpline
 70
8
 71
3
 72
8
 73
4
 74
0
 40
0
 40
0
 40
0
 40
0
 40
1
 40
1
 40
1
 40
1
 10
25.907204
 20
281.835621
 30
0.0
 10
25.902942
 20
281.837332
 30
0.0
 10
25.898041
 20
281.839037
 30
0.0
 10
25.892501
 20
281.840735
 30
0.0
  0
SPLINE
  5
133
100
AcDbEntity
  8
0
 62
7
100
AcDbSpline
 70
8
 71
3
 72
8
 73
4
 74
0
 40
0
 40
0
 40
0
 40
0
 40
1
 40
1
 40
1
 40
1
 10
25.892501
 20
281.840735
 30
0.0
 10
25.887387
 20
281.842446
 30
0.0
 10
25.881635
 20
281.843938
 30
0.0
 10
25.875242
 20
281.845209
 30
0.0
  0
SPLINE
  5
134
100
AcDbEntity
  8
0
 62
7
100
AcDbSpline
 70
8
 71
3
 72
8
 73
4
 74
0
 40
0
 40
0
 40
0
 40
0
 40
1
 40
1
 40
1
 40
1
 10
25.875242
 20
281.845209
 30
0.0
 10
25.868850
 20
281.846920
 30
0.0
 10
25.861818
 20
281.847776
 30
0.0
 10
25.854147
 20
281.847776
 30
0.0
  0
SPLINE
  5
135
100
AcDbEntity
  8
0
 62
7
100
AcDbSpline
 70
8
 71
3
 72
8
 73
4
 74
0
 40
0
 40
0
 40
0
 40
0
 40
1
 40
1
 40
1
 40
1
 10
25.854147
 20
281.847776
 30
0.0
 10
25.845197
 20
281.847776
 30
0.0
 10
25.836248
 20
281.845859
 30
0.0
 10
25.827299
 20
281.842024
 30
0.0
  0
SPLINE
  5
136
100
AcDbEntity
  8
0
 62
7
100
AcDbSpline
 70
8
 71
3
 72
8
 73
4
 74
0
 40
0
 40
0
 40
0
 40
0
 40
1
 40
1
 40
1
 40
1
 10
25.827299
 20
281.842024
 30
0.0
 10
25.818349
 20
281.838614
 30
0.0
 10
25.808974
 20
281.833074
 30
0.0
 10
25.799174
 20
281.825403
 30
0.0
  0
SPLINE
  5
137
100
AcDbEntity
  8
0
 62
7
100
AcDbSpline
 70
8
 71
3
 72
8
 73
4
 74
0
 40
0
 40
0
 40
0
 40
0
 40
1
 40
1
 40
1
 40
1
 10
25.799174
 20
281.825403
 30
0.0
 10
25.789799
 20
281.817732
 30
0.0
 10
25.779784
 20
281.807504
 30
0.0
 10
25.769130
 20
281.794720
 30
0.0
  0
SPLINE
  5
138
100
AcDbEntity
  8
0
 62
7
100
AcDbSpline
 70
8
 71
3
 72
8
 73
4
 74
0
 40
0
 40
0
 40
0
 40
0
 40
1
 40
1
 40
1
 40
1
 10
25.769130
 20
281.794720
 30
0.0
 10
25.758903
 20
281.781935
 30
0.0
 10
25.747823
 20
281.766168
 30
0.0
 10
25.735891
 20
281.747418
 30
0.0
  0
LWPOLYLINE
  5
139
100
AcDbEntity
  8
0
 62
7
100
AcDbPolyline
 90
4
 70
1
 10
37.910855
 20
288.186511
 30
0.0
 10
37.910855
 20
284.886972
 30
0.0
 10
38.079837
 20
284.886972
 30
0.0
 10
38.079837
 20
288.186511
 30
0.0
  0
SPLINE
  5
13a
100
AcDbEntity
  8
0
 62
7
100
AcDbSpline
 70
8
 71
3
 72
8
 73
4
 74
0
 40
0
 40
0
 40
0
 40
0
 40
1
 40
1
 40
1
 40
1
 10
25.735891
 20
281.392009
 30
0.0
 10
25.735891
 20
281.387748
 30
0.0
 10
25.734612
 20
281.383912
 30
0.0
 10
25.732054
 20
281.380503
 30
0.0
  0
SPLINE
  5
13b
100
AcDbEntity
  8
0
 62
7
100
AcDbSpline
 70
8
 71
3
 72
8
 73
4
 74
0
 40
0
 40
0
 40
0
 40
0
 40
1
 40
1
 40
1
 40
1
 10
25.732054
 20
281.380503
 30
0.0
 10
25.729497
 20
281.377520
 30
0.0
 10
25.725022
 20
281.374963
 30
0.0
 10
25.718629
 20
281.372832
 30
0.0
  0
SPLINE
  5
13c
100
AcDbEntity
  8
0
 62
7
100
AcDbSpline
 70
8
 71
3
 72
8
 73
4
 74
0
 40
0
 40
0
 40
0
 40
0
 40
1
 40
1
 40
1
 40
1
 10
25.718629
 20
281.372832
 30
0.0
 10
25.712664
 20
281.370702
 30
0.0
 10
25.704567
 20
281.369210
 30
0.0
 10
25.694338
 20
281.368358
 30
0.0
  0
SPLINE
  5
13d
100
AcDbEntity
  8
0
 62
7
100
AcDbSpline
 70
8
 71
3
 72
8
 73
4
 74
0
 40
0
 40
0
 40
0
 40
0
 40
1
 40
1
 40
1
 40
1
 10
25.694338
 20
281.368358
 30
0.0
 10
25.684111
 20
281.367088
 30
0.0
 10
25.671113
 20
281.366453
 30
0.0
 10
25.655345
 20
281.366453
 30
0.0
  0
SPLINE
  5
13e
100
AcDbEntity
  8
0
 62
7
100
AcDbSpline
 70
8
 71
3
 72
8
 73
4
 74
0
 40
0
 40
0
 40
0
 40
0
 40
1
 40
1
 40
1
 40
1
 10
25.655345
 20
281.366453
 30
0.0
 10
25.639578
 20
281.366453
 30
0.0
 10
25.626580
 20
281.367088
 30
0.0
 10
25.616353
 20
281.368358
 30
0.0
  0
SPLINE
  5
13f
100
AcDbEntity
  8
0
 62
7
100
AcDbSpline
 70
8
 71
3
 72
8
 73
4
 74
0
 40
0
 40
0
 40
0
 40
0
 40
1
 40
1
 40
1
 40
1
 10
25.616353
 20
281.368358
 30
0.0
 10
25.606126
 20
281.369205
 30
0.0
 10
25.597816
 20
281.370696
 30
0.0
 10
25.591424
 20
281.372832
 30
0.0
  0
SPLINE
  5
140
100
AcDbEntity
  8
0
 62
7
100
AcDbSpline
 70
8
 71
3
 72
8
 73
4
 74
0
 40
0
 40
0
 40
0
 40
0
 40
1
 40
1
 40
1
 40
1
 10
25.591424
 20
281.372832
 30
0.0
 10
25.585458
 20
281.374963
 30
0.0
 10
25.581197
 20
281.377520
 30
0.0
 10
25.578639
 20
281.380503
 30
0.0
  0
SPLINE
  5
141
100
AcDbEntity
  8
0
 62
7
100
AcDbSpline
 70
8
 71
3
 72
8
 73
4
 74
0
 40
0
 40
0
 40
0
 40
0
 40
1
 40
1
 40
1
 40
1
 10
25.578639
 20
281.380503
 30
0.0
 10
25.576081
 20
281.383912
 30
0.0
 10
25.574803
 20
281.387748
 30
0.0
 10
25.574803
 20
281.392009
 30
0.0
  0
LWPOLYLINE
  5
142
100
AcDbEntity
  8
0
 62
7
100
AcDbPolyline
 90
2
 70
0
 10
25.735891
 20
281.747418
 30
0.0
 10
25.735891
 20
281.392009
 30
0.0
  0
SPLINE
  5
143
100
AcDbEntity
  8
0
 62
7
100
AcDbSpline
 70
8
 71
3
 72
8
 73
4
 74
0
 40
0
 40
0
 40
0
 40
0
 40
1
 40
1
 40
1
 40
1
 10
25.574803
 20
281.962196
 30
0.0
 10
25.574803
 20
281.966458
 30
0.0
 10
25.575868
 20
281.970080
 30
0.0
 10
25.577999
 20
281.973063
 30
0.0
  0
SPLINE
  5
144
100
AcDbEntity
  8
0
 62
7
100
AcDbSpline
 70
8
 71
3
 72
8
 73
4
 74
0
 40
0
 40
0
 40
0
 40
0
 40
1
 40
1
 40
1
 40
1
 10
25.577999
 20
281.973063
 30
0.0
 10
25.580130
 20
281.976473
 30
0.0
 10
25.583965
 20
281.979243
 30
0.0
 10
25.589505
 20
281.981373
 30
0.0
  0
SPLINE
  5
145
100
AcDbEntity
  8
0
 62
7
100
AcDbSpline
 70
8
 71
3
 72
8
 73
4
 74
0
 40
0
 40
0
 40
0
 40
0
 40
1
 40
1
 40
1
 40
1
 10
25.589505
 20
281.981373
 30
0.0
 10
25.595046
 20
281.983504
 30
0.0
 10
25.602078
 20
281.984996
 30
0.0
 10
25.610601
 20
281.985848
 30
0.0
  0
SPLINE
  5
146
100
AcDbEntity
  8
0
 62
7
100
AcDbSpline
 70
8
 71
3
 72
8
 73
4
 74
0
 40
0
 40
0
 40
0
 40
0
 40
1
 40
1
 40
1
 40
1
 10
25.610601
 20
281.985848
 30
0.0
 10
25.619551
 20
281.987118
 30
0.0
 10
25.630631
 20
281.987753
 30
0.0
 10
25.643840
 20
281.987753
 30
0.0
  0
SPLINE
  5
147
100
AcDbEntity
  8
0
 62
7
100
AcDbSpline
 70
8
 71
3
 72
8
 73
4
 74
0
 40
0
 40
0
 40
0
 40
0
 40
1
 40
1
 40
1
 40
1
 10
25.643840
 20
281.987753
 30
0.0
 10
25.657477
 20
281.987753
 30
0.0
 10
25.668770
 20
281.987118
 30
0.0
 10
25.677719
 20
281.985848
 30
0.0
  0
SPLINE
  5
148
100
AcDbEntity
  8
0
 62
7
100
AcDbSpline
 70
8
 71
3
 72
8
 73
4
 74
0
 40
0
 40
0
 40
0
 40
0
 40
1
 40
1
 40
1
 40
1
 10
25.677719
 20
281.985848
 30
0.0
 10
25.686667
 20
281.985001
 30
0.0
 10
25.693486
 20
281.983510
 30
0.0
 10
25.698174
 20
281.981373
 30
0.0
  0
SPLINE
  5
149
100
AcDbEntity
  8
0
 62
7
100
AcDbSpline
 70
8
 71
3
 72
8
 73
4
 74
0
 40
0
 40
0
 40
0
 40
0
 40
1
 40
1
 40
1
 40
1
 10
25.698174
 20
281.981373
 30
0.0
 10
25.703288
 20
281.979243
 30
0.0
 10
25.706910
 20
281.976473
 30
0.0
 10
25.709041
 20
281.973063
 30
0.0
  0
SPLINE
  5
14a
100
AcDbEntity
  8
0
 62
7
100
AcDbSpline
 70
8
 71
3
 72
8
 73
4
 74
0
 40
0
 40
0
 40
0
 40
0
 40
1
 40
1
 40
1
 40
1
 10
25.709041
 20
281.973063
 30
0.0
 10
25.711171
 20
281.970080
 30
0.0
 10
25.712237
 20
281.966458
 30
0.0
 10
25.712237
 20
281.962196
 30
0.0
  0
LWPOLYLINE
  5
14b
100
AcDbEntity
  8
0
 62
7
100
AcDbPolyline
 90
2
 70
0
 10
25.574803
 20
281.392009
 30
0.0
 10
25.574803
 20
281.962196
 30
0.0
  0
SPLINE
  5
14c
100
AcDbEntity
  8
0
 62
7
100
AcDbSpline
 70
8
 71
3
 72
8
 73
4
 74
0
 40
0
 40
0
 40
0
 40
0
 40
1
 40
1
 40
1
 40
1
 10
25.712237
 20
281.891243
 30
0.0
 10
25.727152
 20
281.912550
 30
0.0
 10
25.741215
 20
281.930022
 30
0.0
 10
25.754426
 20
281.943659
 30
0.0
  0
SPLINE
  5
14d
100
AcDbEntity
  8
0
 62
7
100
AcDbSpline
 70
8
 71
3
 72
8
 73
4
 74
0
 40
0
 40
0
 40
0
 40
0
 40
1
 40
1
 40
1
 40
1
 10
25.754426
 20
281.943659
 30
0.0
 10
25.767635
 20
281.957722
 30
0.0
 10
25.780207
 20
281.968802
 30
0.0
 10
25.792140
 20
281.976899
 30
0.0
  0
SPLINE
  5
14e
100
AcDbEntity
  8
0
 62
7
100
AcDbSpline
 70
8
 71
3
 72
8
 73
4
 74
0
 40
0
 40
0
 40
0
 40
0
 40
1
 40
1
 40
1
 40
1
 10
25.792140
 20
281.976899
 30
0.0
 10
25.804072
 20
281.984995
 30
0.0
 10
25.816004
 20
281.990535
 30
0.0
 10
25.827936
 20
281.993520
 30
0.0
  0
SPLINE
  5
14f
100
AcDbEntity
  8
0
 62
7
100
AcDbSpline
 70
8
 71
3
 72
8
 73
4
 74
0
 40
0
 40
0
 40
0
 40
0
 40
1
 40
1
 40
1
 40
1
 10
25.827936
 20
281.993520
 30
0.0
 10
25.839869
 20
281.996929
 30
0.0
 10
25.851801
 20
281.998634
 30
0.0
 10
25.863733
 20
281.998634
 30
0.0
  0
SPLINE
  5
150
100
AcDbEntity
  8
0
 62
7
100
AcDbSpline
 70
8
 71
3
 72
8
 73
4
 74
0
 40
0
 40
0
 40
0
 40
0
 40
1
 40
1
 40
1
 40
1
 10
25.863733
 20
281.998634
 30
0.0
 10
25.869273
 20
281.998634
 30
0.0
 10
25.875239
 20
281.998211
 30
0.0
 10
25.881632
 20
281.997364
 30
0.0
  0
SPLINE
  5
151
100
AcDbEntity
  8
0
 62
7
100
AcDbSpline
 70
8
 71
3
 72
8
 73
4
 74
0
 40
0
 40
0
 40
0
 40
0
 40
1
 40
1
 40
1
 40
1
 10
25.881632
 20
281.997364
 30
0.0
 10
25.888024
 20
281.996941
 30
0.0
 10
25.894629
 20
281.995875
 30
0.0
 10
25.901446
 20
281.994168
 30
0.0
  0
SPLINE
  5
152
100
AcDbEntity
  8
0
 62
7
100
AcDbSpline
 70
8
 71
3
 72
8
 73
4
 74
0
 40
0
 40
0
 40
0
 40
0
 40
1
 40
1
 40
1
 40
1
 10
25.901446
 20
281.994168
 30
0.0
 10
25.908265
 20
281.992898
 30
0.0
 10
25.914232
 20
281.991193
 30
0.0
 10
25.919345
 20
281.989054
 30
0.0
  0
SPLINE
  5
153
100
AcDbEntity
  8
0
 62
7
100
AcDbSpline
 70
8
 71
3
 72
8
 73
4
 74
0
 40
0
 40
0
 40
0
 40
0
 40
1
 40
1
 40
1
 40
1
 10
25.919345
 20
281.989054
 30
0.0
 10
25.924459
 20
281.987343
 30
0.0
 10
25.928081
 20
281.985425
 30
0.0
 10
25.930212
 20
281.983301
 30
0.0
  0
SPLINE
  5
154
100
AcDbEntity
  8
0
 62
7
100
AcDbSpline
 70
8
 71
3
 72
8
 73
4
 74
0
 40
0
 40
0
 40
0
 40
0
 40
1
 40
1
 40
1
 40
1
 10
25.930212
 20
281.983301
 30
0.0
 10
25.932769
 20
281.981171
 30
0.0
 10
25.934474
 20
281.978827
 30
0.0
 10
25.935326
 20
281.976269
 30
0.0
  0
SPLINE
  5
155
100
AcDbEntity
  8
0
 62
7
100
AcDbSpline
 70
8
 71
3
 72
8
 73
4
 74
0
 40
0
 40
0
 40
0
 40
0
 40
1
 40
1
 40
1
 40
1
 10
25.935326
 20
281.976269
 30
0.0
 10
25.936596
 20
281.973711
 30
0.0
 10
25.937662
 20
281.970089
 30
0.0
 10
25.938522
 20
281.965402
 30
0.0
  0
SPLINE
  5
156
100
AcDbEntity
  8
0
 62
7
100
AcDbSpline
 70
8
 71
3
 72
8
 73
4
 74
0
 40
0
 40
0
 40
0
 40
0
 40
1
 40
1
 40
1
 40
1
 10
25.938522
 20
281.965402
 30
0.0
 10
25.939369
 20
281.961141
 30
0.0
 10
25.940004
 20
281.954536
 30
0.0
 10
25.940427
 20
281.945588
 30
0.0
  0
SPLINE
  5
157
100
AcDbEntity
  8
0
 62
7
100
AcDbSpline
 70
8
 71
3
 72
8
 73
4
 74
0
 40
0
 40
0
 40
0
 40
0
 40
1
 40
1
 40
1
 40
1
 10
25.940427
 20
281.945588
 30
0.0
 10
25.940851
 20
281.936638
 30
0.0
 10
25.941062
 20
281.924493
 30
0.0
 10
25.941062
 20
281.909152
 30
0.0
  0
LWPOLYLINE
  5
158
100
AcDbEntity
  8
0
 62
7
100
AcDbPolyline
 90
2
 70
0
 10
25.712237
 20
281.962196
 30
0.0
 10
25.712237
 20
281.891243
 30
0.0
  0
SPLINE
  5
159
100
AcDbEntity
  8
0
 62
7
100
AcDbSpline
 70
8
 71
3
 72
8
 73
4
 74
0
 40
0
 40
0
 40
0
 40
0
 40
1
 40
1
 40
1
 40
1
 10
26.552176
 20
281.693726
 30
0.0
 10
26.552176
 20
281.674123
 30
0.0
 10
26.547702
 20
281.659634
 30
0.0
 10
26.538754
 20
281.650259
 30
0.0
  0
SPLINE
  5
15a
100
AcDbEntity
  8
0
 62
7
100
AcDbSpline
 70
8
 71
3
 72
8
 73
4
 74
0
 40
0
 40
0
 40
0
 40
0
 40
1
 40
1
 40
1
 40
1
 10
26.538754
 20
281.650259
 30
0.0
 10
26.530230
 20
281.640884
 30
0.0
 10
26.518298
 20
281.636196
 30
0.0
 10
26.502957
 20
281.636196
 30
0.0
  0
LWPOLYLINE
  5
15b
100
AcDbEntity
  8
0
 62
7
100
AcDbPolyline
 90
1
 70
1
 10
25.941062
 20
281.909152
 30
0.0
  0
SPLINE
  5
15c
100
AcDbEntity
  8
0
 62
7
100
AcDbSpline
 70
8
 71
3
 72
8
 73
4
 74
0
 40
0
 40
0
 40
0
 40
0
 40
1
 40
1
 40
1
 40
1
 10
26.155859
 20
281.636196
 30
0.0
 10
26.155859
 20
281.611906
 30
0.0
 10
26.158629
 20
281.589746
 30
0.0
 10
26.164169
 20
281.569717
 30
0.0
  0
SPLINE
  5
15d
100
AcDbEntity
  8
0
 62
7
100
AcDbSpline
 70
8
 71
3
 72
8
 73
4
 74
0
 40
0
 40
0
 40
0
 40
0
 40
1
 40
1
 40
1
 40
1
 10
26.164169
 20
281.569717
 30
0.0
 10
26.170135
 20
281.550114
 30
0.0
 10
26.179297
 20
281.533281
 30
0.0
 10
26.191656
 20
281.519218
 30
0.0
  0
SPLINE
  5
15e
100
AcDbEntity
  8
0
 62
7
100
AcDbSpline
 70
8
 71
3
 72
8
 73
4
 74
0
 40
0
 40
0
 40
0
 40
0
 40
1
 40
1
 40
1
 40
1
 10
26.191656
 20
281.519218
 30
0.0
 10
26.204441
 20
281.505582
 30
0.0
 10
26.220634
 20
281.495141
 30
0.0
 10
26.240237
 20
281.487896
 30
0.0
  0
SPLINE
  5
15f
100
AcDbEntity
  8
0
 62
7
100
AcDbSpline
 70
8
 71
3
 72
8
 73
4
 74
0
 40
0
 40
0
 40
0
 40
0
 40
1
 40
1
 40
1
 40
1
 10
26.240237
 20
281.487896
 30
0.0
 10
26.260266
 20
281.480652
 30
0.0
 10
26.284130
 20
281.477030
 30
0.0
 10
26.311830
 20
281.477030
 30
0.0
  0
SPLINE
  5
160
100
AcDbEntity
  8
0
 62
7
100
AcDbSpline
 70
8
 71
3
 72
8
 73
4
 74
0
 40
0
 40
0
 40
0
 40
0
 40
1
 40
1
 40
1
 40
1
 10
26.311830
 20
281.477030
 30
0.0
 10
26.339956
 20
281.477030
 30
0.0
 10
26.364673
 20
281.478947
 30
0.0
 10
26.385980
 20
281.482782
 30
0.0
  0
SPLINE
  5
161
100
AcDbEntity
  8
0
 62
7
100
AcDbSpline
 70
8
 71
3
 72
8
 73
4
 74
0
 40
0
 40
0
 40
0
 40
0
 40
1
 40
1
 40
1
 40
1
 10
26.385980
 20
281.482782
 30
0.0
 10
26.407287
 20
281.487043
 30
0.0
 10
26.425612
 20
281.491518
 30
0.0
 10
26.440953
 20
281.496207
 30
0.0
  0
SPLINE
  5
162
100
AcDbEntity
  8
0
 62
7
100
AcDbSpline
 70
8
 71
3
 72
8
 73
4
 74
0
 40
0
 40
0
 40
0
 40
0
 40
1
 40
1
 40
1
 40
1
 10
26.440953
 20
281.496207
 30
0.0
 10
26.456721
 20
281.501320
 30
0.0
 10
26.469718
 20
281.505795
 30
0.0
 10
26.479946
 20
281.509632
 30
0.0
  0
SPLINE
  5
163
100
AcDbEntity
  8
0
 62
7
100
AcDbSpline
 70
8
 71
3
 72
8
 73
4
 74
0
 40
0
 40
0
 40
0
 40
0
 40
1
 40
1
 40
1
 40
1
 10
26.479946
 20
281.509632
 30
0.0
 10
26.490173
 20
281.513893
 30
0.0
 10
26.498482
 20
281.516024
 30
0.0
 10
26.504875
 20
281.516024
 30
0.0
  0
SPLINE
  5
164
100
AcDbEntity
  8
0
 62
7
100
AcDbSpline
 70
8
 71
3
 72
8
 73
4
 74
0
 40
0
 40
0
 40
0
 40
0
 40
1
 40
1
 40
1
 40
1
 10
26.504875
 20
281.516024
 30
0.0
 10
26.508709
 20
281.516024
 30
0.0
 10
26.511906
 20
281.515169
 30
0.0
 10
26.514463
 20
281.513458
 30
0.0
  0
SPLINE
  5
165
100
AcDbEntity
  8
0
 62
7
100
AcDbSpline
 70
8
 71
3
 72
8
 73
4
 74
0
 40
0
 40
0
 40
0
 40
0
 40
1
 40
1
 40
1
 40
1
 10
26.514463
 20
281.513458
 30
0.0
 10
26.517021
 20
281.512188
 30
0.0
 10
26.519152
 20
281.509631
 30
0.0
 10
26.520856
 20
281.505787
 30
0.0
  0
SPLINE
  5
166
100
AcDbEntity
  8
0
 62
7
100
AcDbSpline
 70
8
 71
3
 72
8
 73
4
 74
0
 40
0
 40
0
 40
0
 40
0
 40
1
 40
1
 40
1
 40
1
 10
26.520856
 20
281.505787
 30
0.0
 10
26.522566
 20
281.501953
 30
0.0
 10
26.523632
 20
281.496412
 30
0.0
 10
26.524052
 20
281.489166
 30
0.0
  0
SPLINE
  5
167
100
AcDbEntity
  8
0
 62
7
100
AcDbSpline
 70
8
 71
3
 72
8
 73
4
 74
0
 40
0
 40
0
 40
0
 40
0
 40
1
 40
1
 40
1
 40
1
 10
26.524052
 20
281.489166
 30
0.0
 10
26.524898
 20
281.482349
 30
0.0
 10
26.525322
 20
281.473613
 30
0.0
 10
26.525322
 20
281.462959
 30
0.0
  0
SPLINE
  5
168
100
AcDbEntity
  8
0
 62
7
100
AcDbSpline
 70
8
 71
3
 72
8
 73
4
 74
0
 40
0
 40
0
 40
0
 40
0
 40
1
 40
1
 40
1
 40
1
 10
26.525322
 20
281.462959
 30
0.0
 10
26.525322
 20
281.453584
 30
0.0
 10
26.525110
 20
281.445487
 30
0.0
 10
26.524687
 20
281.438668
 30
0.0
  0
SPLINE
  5
169
100
AcDbEntity
  8
0
 62
7
100
AcDbSpline
 70
8
 71
3
 72
8
 73
4
 74
0
 40
0
 40
0
 40
0
 40
0
 40
1
 40
1
 40
1
 40
1
 10
26.524687
 20
281.438668
 30
0.0
 10
26.524263
 20
281.432276
 30
0.0
 10
26.523628
 20
281.426735
 30
0.0
 10
26.522782
 20
281.422047
 30
0.0
  0
SPLINE
  5
16a
100
AcDbEntity
  8
0
 62
7
100
AcDbSpline
 70
8
 71
3
 72
8
 73
4
 74
0
 40
0
 40
0
 40
0
 40
0
 40
1
 40
1
 40
1
 40
1
 10
26.522782
 20
281.422047
 30
0.0
 10
26.521935
 20
281.417360
 30
0.0
 10
26.520656
 20
281.413312
 30
0.0
 10
26.518945
 20
281.409902
 30
0.0
  0
SPLINE
  5
16b
100
AcDbEntity
  8
0
 62
7
100
AcDbSpline
 70
8
 71
3
 72
8
 73
4
 74
0
 40
0
 40
0
 40
0
 40
0
 40
1
 40
1
 40
1
 40
1
 10
26.518945
 20
281.409902
 30
0.0
 10
26.517234
 20
281.406920
 30
0.0
 10
26.514890
 20
281.403937
 30
0.0
 10
26.511913
 20
281.400954
 30
0.0
  0
SPLINE
  5
16c
100
AcDbEntity
  8
0
 62
7
100
AcDbSpline
 70
8
 71
3
 72
8
 73
4
 74
0
 40
0
 40
0
 40
0
 40
0
 40
1
 40
1
 40
1
 40
1
 10
26.511913
 20
281.400954
 30
0.0
 10
26.509357
 20
281.397972
 30
0.0
 10
26.501899
 20
281.393923
 30
0.0
 10
26.489539
 20
281.388810
 30
0.0
  0
SPLINE
  5
16d
100
AcDbEntity
  8
0
 62
7
100
AcDbSpline
 70
8
 71
3
 72
8
 73
4
 74
0
 40
0
 40
0
 40
0
 40
0
 40
1
 40
1
 40
1
 40
1
 10
26.489539
 20
281.388810
 30
0.0
 10
26.477182
 20
281.383696
 30
0.0
 10
26.461414
 20
281.378583
 30
0.0
 10
26.442237
 20
281.373469
 30
0.0
  0
SPLINE
  5
16e
100
AcDbEntity
  8
0
 62
7
100
AcDbSpline
 70
8
 71
3
 72
8
 73
4
 74
0
 40
0
 40
0
 40
0
 40
0
 40
1
 40
1
 40
1
 40
1
 10
26.442237
 20
281.373469
 30
0.0
 10
26.423060
 20
281.368781
 30
0.0
 10
26.401113
 20
281.364733
 30
0.0
 10
26.376397
 20
281.361325
 30
0.0
  0
SPLINE
  5
16f
100
AcDbEntity
  8
0
 62
7
100
AcDbSpline
 70
8
 71
3
 72
8
 73
4
 74
0
 40
0
 40
0
 40
0
 40
0
 40
1
 40
1
 40
1
 40
1
 10
26.376397
 20
281.361325
 30
0.0
 10
26.351680
 20
281.357490
 30
0.0
 10
26.325259
 20
281.355573
 30
0.0
 10
26.297133
 20
281.355573
 30
0.0
  0
SPLINE
  5
170
100
AcDbEntity
  8
0
 62
7
100
AcDbSpline
 70
8
 71
3
 72
8
 73
4
 74
0
 40
0
 40
0
 40
0
 40
0
 40
1
 40
1
 40
1
 40
1
 10
26.297133
 20
281.355573
 30
0.0
 10
26.246422
 20
281.355573
 30
0.0
 10
26.201889
 20
281.361965
 30
0.0
 10
26.163536
 20
281.374750
 30
0.0
  0
SPLINE
  5
171
100
AcDbEntity
  8
0
 62
7
100
AcDbSpline
 70
8
 71
3
 72
8
 73
4
 74
0
 40
0
 40
0
 40
0
 40
0
 40
1
 40
1
 40
1
 40
1
 10
26.163536
 20
281.374750
 30
0.0
 10
26.125608
 20
281.387535
 30
0.0
 10
26.093860
 20
281.406924
 30
0.0
 10
26.068291
 20
281.432919
 30
0.0
  0
SPLINE
  5
172
100
AcDbEntity
  8
0
 62
7
100
AcDbSpline
 70
8
 71
3
 72
8
 73
4
 74
0
 40
0
 40
0
 40
0
 40
0
 40
1
 40
1
 40
1
 40
1
 10
26.068291
 20
281.432919
 30
0.0
 10
26.042722
 20
281.458914
 30
0.0
 10
26.023546
 20
281.491728
 30
0.0
 10
26.010761
 20
281.531360
 30
0.0
  0
SPLINE
  5
173
100
AcDbEntity
  8
0
 62
7
100
AcDbSpline
 70
8
 71
3
 72
8
 73
4
 74
0
 40
0
 40
0
 40
0
 40
0
 40
1
 40
1
 40
1
 40
1
 10
26.010761
 20
281.531360
 30
0.0
 10
25.998403
 20
281.570991
 30
0.0
 10
25.992225
 20
281.617442
 30
0.0
 10
25.992225
 20
281.670710
 30
0.0
  0
SPLINE
  5
174
100
AcDbEntity
  8
0
 62
7
100
AcDbSpline
 70
8
 71
3
 72
8
 73
4
 74
0
 40
0
 40
0
 40
0
 40
0
 40
1
 40
1
 40
1
 40
1
 10
25.992225
 20
281.670710
 30
0.0
 10
25.992225
 20
281.721422
 30
0.0
 10
25.998830
 20
281.767020
 30
0.0
 10
26.012042
 20
281.807504
 30
0.0
  0
SPLINE
  5
175
100
AcDbEntity
  8
0
 62
7
100
AcDbSpline
 70
8
 71
3
 72
8
 73
4
 74
0
 40
0
 40
0
 40
0
 40
0
 40
1
 40
1
 40
1
 40
1
 10
26.012042
 20
281.807504
 30
0.0
 10
26.025252
 20
281.848414
 30
0.0
 10
26.044428
 20
281.882932
 30
0.0
 10
26.069572
 20
281.911058
 30
0.0
  0
SPLINE
  5
176
100
AcDbEntity
  8
0
 62
7
100
AcDbSpline
 70
8
 71
3
 72
8
 73
4
 74
0
 40
0
 40
0
 40
0
 40
0
 40
1
 40
1
 40
1
 40
1
 10
26.069572
 20
281.911058
 30
0.0
 10
26.094715
 20
281.939610
 30
0.0
 10
26.125184
 20
281.961344
 30
0.0
 10
26.160981
 20
281.976259
 30
0.0
  0
SPLINE
  5
177
100
AcDbEntity
  8
0
 62
7
100
AcDbSpline
 70
8
 71
3
 72
8
 73
4
 74
0
 40
0
 40
0
 40
0
 40
0
 40
1
 40
1
 40
1
 40
1
 10
26.160981
 20
281.976259
 30
0.0
 10
26.197203
 20
281.991174
 30
0.0
 10
26.237901
 20
281.998632
 30
0.0
 10
26.283072
 20
281.998632
 30
0.0
  0
SPLINE
  5
178
100
AcDbEntity
  8
0
 62
7
100
AcDbSpline
 70
8
 71
3
 72
8
 73
4
 74
0
 40
0
 40
0
 40
0
 40
0
 40
1
 40
1
 40
1
 40
1
 10
26.283072
 20
281.998632
 30
0.0
 10
26.330801
 20
281.998632
 30
0.0
 10
26.371498
 20
281.991600
 30
0.0
 10
26.405164
 20
281.977537
 30
0.0
  0
SPLINE
  5
179
100
AcDbEntity
  8
0
 62
7
100
AcDbSpline
 70
8
 71
3
 72
8
 73
4
 74
0
 40
0
 40
0
 40
0
 40
0
 40
1
 40
1
 40
1
 40
1
 10
26.405164
 20
281.977537
 30
0.0
 10
26.439256
 20
281.963473
 30
0.0
 10
26.467169
 20
281.943870
 30
0.0
 10
26.488902
 20
281.918728
 30
0.0
  0
SPLINE
  5
17a
100
AcDbEntity
  8
0
 62
7
100
AcDbSpline
 70
8
 71
3
 72
8
 73
4
 74
0
 40
0
 40
0
 40
0
 40
0
 40
1
 40
1
 40
1
 40
1
 10
26.488902
 20
281.918728
 30
0.0
 10
26.510636
 20
281.894012
 30
0.0
 10
26.526616
 20
281.864607
 30
0.0
 10
26.536844
 20
281.830516
 30
0.0
  0
SPLINE
  5
17b
100
AcDbEntity
  8
0
 62
7
100
AcDbSpline
 70
8
 71
3
 72
8
 73
4
 74
0
 40
0
 40
0
 40
0
 40
0
 40
1
 40
1
 40
1
 40
1
 10
26.536844
 20
281.830516
 30
0.0
 10
26.547071
 20
281.796424
 30
0.0
 10
26.552185
 20
281.759349
 30
0.0
 10
26.552185
 20
281.719291
 30
0.0
  0
LWPOLYLINE
  5
17c
100
AcDbEntity
  8
0
 62
7
100
AcDbPolyline
 90
2
 70
0
 10
26.502957
 20
281.636196
 30
0.0
 10
26.155859
 20
281.636196
 30
0.0
  0
SPLINE
  5
17d
100
AcDbEntity
  8
0
 62
7
100
AcDbSpline
 70
8
 71
3
 72
8
 73
4
 74
0
 40
0
 40
0
 40
0
 40
0
 40
1
 40
1
 40
1
 40
1
 10
26.396205
 20
281.739750
 30
0.0
 10
26.397475
 20
281.784921
 30
0.0
 10
26.388313
 20
281.820292
 30
0.0
 10
26.368719
 20
281.845861
 30
0.0
  0
SPLINE
  5
17e
100
AcDbEntity
  8
0
 62
7
100
AcDbSpline
 70
8
 71
3
 72
8
 73
4
 74
0
 40
0
 40
0
 40
0
 40
0
 40
1
 40
1
 40
1
 40
1
 10
26.368719
 20
281.845861
 30
0.0
 10
26.349542
 20
281.871856
 30
0.0
 10
26.319712
 20
281.884853
 30
0.0
 10
26.279227
 20
281.884853
 30
0.0
  0
SPLINE
  5
17f
100
AcDbEntity
  8
0
 62
7
100
AcDbSpline
 70
8
 71
3
 72
8
 73
4
 74
0
 40
0
 40
0
 40
0
 40
0
 40
1
 40
1
 40
1
 40
1
 10
26.279227
 20
281.884853
 30
0.0
 10
26.258772
 20
281.884853
 30
0.0
 10
26.240874
 20
281.881018
 30
0.0
 10
26.225533
 20
281.873347
 30
0.0
  0
SPLINE
  5
180
100
AcDbEntity
  8
0
 62
7
100
AcDbSpline
 70
8
 71
3
 72
8
 73
4
 74
0
 40
0
 40
0
 40
0
 40
0
 40
1
 40
1
 40
1
 40
1
 10
26.225533
 20
281.873347
 30
0.0
 10
26.210617
 20
281.865676
 30
0.0
 10
26.198046
 20
281.855235
 30
0.0
 10
26.187819
 20
281.842025
 30
0.0
  0
SPLINE
  5
181
100
AcDbEntity
  8
0
 62
7
100
AcDbSpline
 70
8
 71
3
 72
8
 73
4
 74
0
 40
0
 40
0
 40
0
 40
0
 40
1
 40
1
 40
1
 40
1
 10
26.187819
 20
281.842025
 30
0.0
 10
26.178017
 20
281.829240
 30
0.0
 10
26.170346
 20
281.813899
 30
0.0
 10
26.164805
 20
281.796001
 30
0.0
  0
SPLINE
  5
182
100
AcDbEntity
  8
0
 62
7
100
AcDbSpline
 70
8
 71
3
 72
8
 73
4
 74
0
 40
0
 40
0
 40
0
 40
0
 40
1
 40
1
 40
1
 40
1
 10
26.164805
 20
281.796001
 30
0.0
 10
26.159692
 20
281.778530
 30
0.0
 10
26.156709
 20
281.759779
 30
0.0
 10
26.155857
 20
281.739749
 30
0.0
  0
LWPOLYLINE
  5
183
100
AcDbEntity
  8
0
 62
7
100
AcDbPolyline
 90
2
 70
0
 10
26.552185
 20
281.719291
 30
0.0
 10
26.552176
 20
281.693726
 30
0.0
  0
SPLINE
  5
184
100
AcDbEntity
  8
0
 62
7
100
AcDbSpline
 70
8
 71
3
 72
8
 73
4
 74
0
 40
0
 40
0
 40
0
 40
0
 40
1
 40
1
 40
1
 40
1
 10
27.225279
 20
281.165728
 30
0.0
 10
27.225279
 20
281.161466
 30
0.0
 10
27.224000
 20
281.157630
 30
0.0
 10
27.221442
 20
281.154221
 30
0.0
  0
SPLINE
  5
185
100
AcDbEntity
  8
0
 62
7
100
AcDbSpline
 70
8
 71
3
 72
8
 73
4
 74
0
 40
0
 40
0
 40
0
 40
0
 40
1
 40
1
 40
1
 40
1
 10
27.221442
 20
281.154221
 30
0.0
 10
27.218885
 20
281.150811
 30
0.0
 10
27.214625
 20
281.148041
 30
0.0
 10
27.208663
 20
281.145910
 30
0.0
  0
SPLINE
  5
186
100
AcDbEntity
  8
0
 62
7
100
AcDbSpline
 70
8
 71
3
 72
8
 73
4
 74
0
 40
0
 40
0
 40
0
 40
0
 40
1
 40
1
 40
1
 40
1
 10
27.208663
 20
281.145910
 30
0.0
 10
27.202701
 20
281.143353
 30
0.0
 10
27.194605
 20
281.141435
 30
0.0
 10
27.184374
 20
281.140158
 30
0.0
  0
SPLINE
  5
187
100
AcDbEntity
  8
0
 62
7
100
AcDbSpline
 70
8
 71
3
 72
8
 73
4
 74
0
 40
0
 40
0
 40
0
 40
0
 40
1
 40
1
 40
1
 40
1
 10
27.184374
 20
281.140158
 30
0.0
 10
27.174144
 20
281.138888
 30
0.0
 10
27.161146
 20
281.138253
 30
0.0
 10
27.145383
 20
281.138253
 30
0.0
  0
SPLINE
  5
188
100
AcDbEntity
  8
0
 62
7
100
AcDbSpline
 70
8
 71
3
 72
8
 73
4
 74
0
 40
0
 40
0
 40
0
 40
0
 40
1
 40
1
 40
1
 40
1
 10
27.145383
 20
281.138253
 30
0.0
 10
27.129613
 20
281.138253
 30
0.0
 10
27.116616
 20
281.138888
 30
0.0
 10
27.106391
 20
281.140158
 30
0.0
  0
SPLINE
  5
189
100
AcDbEntity
  8
0
 62
7
100
AcDbSpline
 70
8
 71
3
 72
8
 73
4
 74
0
 40
0
 40
0
 40
0
 40
0
 40
1
 40
1
 40
1
 40
1
 10
27.106391
 20
281.140158
 30
0.0
 10
27.096160
 20
281.141428
 30
0.0
 10
27.087853
 20
281.143346
 30
0.0
 10
27.081467
 20
281.145910
 30
0.0
  0
SPLINE
  5
18a
100
AcDbEntity
  8
0
 62
7
100
AcDbSpline
 70
8
 71
3
 72
8
 73
4
 74
0
 40
0
 40
0
 40
0
 40
0
 40
1
 40
1
 40
1
 40
1
 10
27.081467
 20
281.145910
 30
0.0
 10
27.075505
 20
281.148041
 30
0.0
 10
27.071245
 20
281.150811
 30
0.0
 10
27.068688
 20
281.154221
 30
0.0
  0
SPLINE
  5
18b
100
AcDbEntity
  8
0
 62
7
100
AcDbSpline
 70
8
 71
3
 72
8
 73
4
 74
0
 40
0
 40
0
 40
0
 40
0
 40
1
 40
1
 40
1
 40
1
 10
27.068688
 20
281.154221
 30
0.0
 10
27.066554
 20
281.157630
 30
0.0
 10
27.065486
 20
281.161466
 30
0.0
 10
27.065486
 20
281.165728
 30
0.0
  0
LWPOLYLINE
  5
18c
100
AcDbEntity
  8
0
 62
7
100
AcDbPolyline
 90
2
 70
0
 10
26.155857
 20
281.739749
 30
0.0
 10
26.396205
 20
281.739750
 30
0.0
  0
SPLINE
  5
18d
100
AcDbEntity
  8
0
 62
7
100
AcDbSpline
 70
8
 71
3
 72
8
 73
4
 74
0
 40
0
 40
0
 40
0
 40
0
 40
1
 40
1
 40
1
 40
1
 10
27.065486
 20
281.436758
 30
0.0
 10
27.050141
 20
281.422694
 30
0.0
 10
27.035225
 20
281.410336
 30
0.0
 10
27.020740
 20
281.399683
 30
0.0
  0
SPLINE
  5
18e
100
AcDbEntity
  8
0
 62
7
100
AcDbSpline
 70
8
 71
3
 72
8
 73
4
 74
0
 40
0
 40
0
 40
0
 40
0
 40
1
 40
1
 40
1
 40
1
 10
27.020740
 20
281.399683
 30
0.0
 10
27.006259
 20
281.389456
 30
0.0
 10
26.991769
 20
281.380933
 30
0.0
 10
26.977272
 20
281.374114
 30
0.0
  0
SPLINE
  5
18f
100
AcDbEntity
  8
0
 62
7
100
AcDbSpline
 70
8
 71
3
 72
8
 73
4
 74
0
 40
0
 40
0
 40
0
 40
0
 40
1
 40
1
 40
1
 40
1
 10
26.977272
 20
281.374114
 30
0.0
 10
26.962790
 20
281.367722
 30
0.0
 10
26.947876
 20
281.363034
 30
0.0
 10
26.932528
 20
281.360051
 30
0.0
  0
SPLINE
  5
190
100
AcDbEntity
  8
0
 62
7
100
AcDbSpline
 70
8
 71
3
 72
8
 73
4
 74
0
 40
0
 40
0
 40
0
 40
0
 40
1
 40
1
 40
1
 40
1
 10
26.932528
 20
281.360051
 30
0.0
 10
26.917182
 20
281.357069
 30
0.0
 10
26.900988
 20
281.355577
 30
0.0
 10
26.883945
 20
281.355577
 30
0.0
  0
SPLINE
  5
191
100
AcDbEntity
  8
0
 62
7
100
AcDbSpline
 70
8
 71
3
 72
8
 73
4
 74
0
 40
0
 40
0
 40
0
 40
0
 40
1
 40
1
 40
1
 40
1
 10
26.883945
 20
281.355577
 30
0.0
 10
26.842183
 20
281.355577
 30
0.0
 10
26.806600
 20
281.363887
 30
0.0
 10
26.777196
 20
281.380506
 30
0.0
  0
SPLINE
  5
192
100
AcDbEntity
  8
0
 62
7
100
AcDbSpline
 70
8
 71
3
 72
8
 73
4
 74
0
 40
0
 40
0
 40
0
 40
0
 40
1
 40
1
 40
1
 40
1
 10
26.777196
 20
281.380506
 30
0.0
 10
26.747791
 20
281.397552
 30
0.0
 10
26.723714
 20
281.420351
 30
0.0
 10
26.704963
 20
281.448903
 30
0.0
  0
SPLINE
  5
193
100
AcDbEntity
  8
0
 62
7
100
AcDbSpline
 70
8
 71
3
 72
8
 73
4
 74
0
 40
0
 40
0
 40
0
 40
0
 40
1
 40
1
 40
1
 40
1
 10
26.704963
 20
281.448903
 30
0.0
 10
26.686639
 20
281.477455
 30
0.0
 10
26.673215
 20
281.510695
 30
0.0
 10
26.664692
 20
281.548622
 30
0.0
  0
SPLINE
  5
194
100
AcDbEntity
  8
0
 62
7
100
AcDbSpline
 70
8
 71
3
 72
8
 73
4
 74
0
 40
0
 40
0
 40
0
 40
0
 40
1
 40
1
 40
1
 40
1
 10
26.664692
 20
281.548622
 30
0.0
 10
26.656169
 20
281.586975
 30
0.0
 10
26.651908
 20
281.627246
 30
0.0
 10
26.651908
 20
281.669435
 30
0.0
  0
SPLINE
  5
195
100
AcDbEntity
  8
0
 62
7
100
AcDbSpline
 70
8
 71
3
 72
8
 73
4
 74
0
 40
0
 40
0
 40
0
 40
0
 40
1
 40
1
 40
1
 40
1
 10
26.651908
 20
281.669435
 30
0.0
 10
26.651908
 20
281.720147
 30
0.0
 10
26.657448
 20
281.765745
 30
0.0
 10
26.668529
 20
281.806229
 30
0.0
  0
SPLINE
  5
196
100
AcDbEntity
  8
0
 62
7
100
AcDbSpline
 70
8
 71
3
 72
8
 73
4
 74
0
 40
0
 40
0
 40
0
 40
0
 40
1
 40
1
 40
1
 40
1
 10
26.668529
 20
281.806229
 30
0.0
 10
26.679609
 20
281.846713
 30
0.0
 10
26.695803
 20
281.881231
 30
0.0
 10
26.717110
 20
281.909783
 30
0.0
  0
SPLINE
  5
197
100
AcDbEntity
  8
0
 62
7
100
AcDbSpline
 70
8
 71
3
 72
8
 73
4
 74
0
 40
0
 40
0
 40
0
 40
0
 40
1
 40
1
 40
1
 40
1
 10
26.717110
 20
281.909783
 30
0.0
 10
26.738417
 20
281.938335
 30
0.0
 10
26.764625
 20
281.960282
 30
0.0
 10
26.795734
 20
281.975623
 30
0.0
  0
SPLINE
  5
198
100
AcDbEntity
  8
0
 62
7
100
AcDbSpline
 70
8
 71
3
 72
8
 73
4
 74
0
 40
0
 40
0
 40
0
 40
0
 40
1
 40
1
 40
1
 40
1
 10
26.795734
 20
281.975623
 30
0.0
 10
26.826841
 20
281.990963
 30
0.0
 10
26.862851
 20
281.998634
 30
0.0
 10
26.903763
 20
281.998634
 30
0.0
  0
SPLINE
  5
199
100
AcDbEntity
  8
0
 62
7
100
AcDbSpline
 70
8
 71
3
 72
8
 73
4
 74
0
 40
0
 40
0
 40
0
 40
0
 40
1
 40
1
 40
1
 40
1
 10
26.903763
 20
281.998634
 30
0.0
 10
26.919532
 20
281.998634
 30
0.0
 10
26.934660
 20
281.996929
 30
0.0
 10
26.949146
 20
281.993519
 30
0.0
  0
SPLINE
  5
19a
100
AcDbEntity
  8
0
 62
7
100
AcDbSpline
 70
8
 71
3
 72
8
 73
4
 74
0
 40
0
 40
0
 40
0
 40
0
 40
1
 40
1
 40
1
 40
1
 10
26.949146
 20
281.993519
 30
0.0
 10
26.963628
 20
281.990536
 30
0.0
 10
26.978117
 20
281.984996
 30
0.0
 10
26.992615
 20
281.976898
 30
0.0
  0
SPLINE
  5
19b
100
AcDbEntity
  8
0
 62
7
100
AcDbSpline
 70
8
 71
3
 72
8
 73
4
 74
0
 40
0
 40
0
 40
0
 40
0
 40
1
 40
1
 40
1
 40
1
 10
26.992615
 20
281.976898
 30
0.0
 10
27.007096
 20
281.969227
 30
0.0
 10
27.022011
 20
281.958999
 30
0.0
 10
27.037359
 20
281.946215
 30
0.0
  0
SPLINE
  5
19c
100
AcDbEntity
  8
0
 62
7
100
AcDbSpline
 70
8
 71
3
 72
8
 73
4
 74
0
 40
0
 40
0
 40
0
 40
0
 40
1
 40
1
 40
1
 40
1
 10
27.037359
 20
281.946215
 30
0.0
 10
27.053128
 20
281.933858
 30
0.0
 10
27.070387
 20
281.918516
 30
0.0
 10
27.089138
 20
281.900191
 30
0.0
  0
LWPOLYLINE
  5
19d
100
AcDbEntity
  8
0
 62
7
100
AcDbPolyline
 90
2
 70
0
 10
27.065486
 20
281.165728
 30
0.0
 10
27.065486
 20
281.436758
 30
0.0
  0
SPLINE
  5
19e
100
AcDbEntity
  8
0
 62
7
100
AcDbSpline
 70
8
 71
3
 72
8
 73
4
 74
0
 40
0
 40
0
 40
0
 40
0
 40
1
 40
1
 40
1
 40
1
 10
27.089138
 20
281.962196
 30
0.0
 10
27.089138
 20
281.966458
 30
0.0
 10
27.090205
 20
281.970080
 30
0.0
 10
27.092339
 20
281.973062
 30
0.0
  0
SPLINE
  5
19f
100
AcDbEntity
  8
0
 62
7
100
AcDbSpline
 70
8
 71
3
 72
8
 73
4
 74
0
 40
0
 40
0
 40
0
 40
0
 40
1
 40
1
 40
1
 40
1
 10
27.092339
 20
281.973062
 30
0.0
 10
27.094897
 20
281.976472
 30
0.0
 10
27.098733
 20
281.979242
 30
0.0
 10
27.103848
 20
281.981373
 30
0.0
  0
SPLINE
  5
1a0
100
AcDbEntity
  8
0
 62
7
100
AcDbSpline
 70
8
 71
3
 72
8
 73
4
 74
0
 40
0
 40
0
 40
0
 40
0
 40
1
 40
1
 40
1
 40
1
 10
27.103848
 20
281.981373
 30
0.0
 10
27.109387
 20
281.983504
 30
0.0
 10
27.116416
 20
281.984995
 30
0.0
 10
27.124936
 20
281.985847
 30
0.0
  0
SPLINE
  5
1a1
100
AcDbEntity
  8
0
 62
7
100
AcDbSpline
 70
8
 71
3
 72
8
 73
4
 74
0
 40
0
 40
0
 40
0
 40
0
 40
1
 40
1
 40
1
 40
1
 10
27.124936
 20
281.985847
 30
0.0
 10
27.133455
 20
281.987117
 30
0.0
 10
27.144535
 20
281.987752
 30
0.0
 10
27.158175
 20
281.987752
 30
0.0
  0
SPLINE
  5
1a2
100
AcDbEntity
  8
0
 62
7
100
AcDbSpline
 70
8
 71
3
 72
8
 73
4
 74
0
 40
0
 40
0
 40
0
 40
0
 40
1
 40
1
 40
1
 40
1
 10
27.158175
 20
281.987752
 30
0.0
 10
27.170963
 20
281.987752
 30
0.0
 10
27.181617
 20
281.987117
 30
0.0
 10
27.190137
 20
281.985847
 30
0.0
  0
SPLINE
  5
1a3
100
AcDbEntity
  8
0
 62
7
100
AcDbSpline
 70
8
 71
3
 72
8
 73
4
 74
0
 40
0
 40
0
 40
0
 40
0
 40
1
 40
1
 40
1
 40
1
 10
27.190137
 20
281.985847
 30
0.0
 10
27.199080
 20
281.985000
 30
0.0
 10
27.206109
 20
281.983509
 30
0.0
 10
27.211224
 20
281.981373
 30
0.0
  0
SPLINE
  5
1a4
100
AcDbEntity
  8
0
 62
7
100
AcDbSpline
 70
8
 71
3
 72
8
 73
4
 74
0
 40
0
 40
0
 40
0
 40
0
 40
1
 40
1
 40
1
 40
1
 10
27.211224
 20
281.981373
 30
0.0
 10
27.216339
 20
281.979242
 30
0.0
 10
27.219964
 20
281.976472
 30
0.0
 10
27.222099
 20
281.973062
 30
0.0
  0
SPLINE
  5
1a5
100
AcDbEntity
  8
0
 62
7
100
AcDbSpline
 70
8
 71
3
 72
8
 73
4
 74
0
 40
0
 40
0
 40
0
 40
0
 40
1
 40
1
 40
1
 40
1
 10
27.222099
 20
281.973062
 30
0.0
 10
27.224233
 20
281.970080
 30
0.0
 10
27.225300
 20
281.966458
 30
0.0
 10
27.225300
 20
281.962196
 30
0.0
  0
LWPOLYLINE
  5
1a6
100
AcDbEntity
  8
0
 62
7
100
AcDbPolyline
 90
2
 70
0
 10
27.089138
 20
281.900191
 30
0.0
 10
27.089138
 20
281.962196
 30
0.0
  0
SPLINE
  5
1a7
100
AcDbEntity
  8
0
 62
7
100
AcDbSpline
 70
8
 71
3
 72
8
 73
4
 74
0
 40
0
 40
0
 40
0
 40
0
 40
1
 40
1
 40
1
 40
1
 10
27.065473
 20
281.772989
 30
0.0
 10
27.042460
 20
281.801967
 30
0.0
 10
27.020300
 20
281.824127
 30
0.0
 10
26.998994
 20
281.839468
 30
0.0
  0
SPLINE
  5
1a8
100
AcDbEntity
  8
0
 62
7
100
AcDbSpline
 70
8
 71
3
 72
8
 73
4
 74
0
 40
0
 40
0
 40
0
 40
0
 40
1
 40
1
 40
1
 40
1
 10
26.998994
 20
281.839468
 30
0.0
 10
26.978111
 20
281.854809
 30
0.0
 10
26.956164
 20
281.862479
 30
0.0
 10
26.933152
 20
281.862479
 30
0.0
  0
SPLINE
  5
1a9
100
AcDbEntity
  8
0
 62
7
100
AcDbSpline
 70
8
 71
3
 72
8
 73
4
 74
0
 40
0
 40
0
 40
0
 40
0
 40
1
 40
1
 40
1
 40
1
 10
26.933152
 20
281.862479
 30
0.0
 10
26.912272
 20
281.862479
 30
0.0
 10
26.894160
 20
281.857152
 30
0.0
 10
26.878818
 20
281.846498
 30
0.0
  0
SPLINE
  5
1aa
100
AcDbEntity
  8
0
 62
7
100
AcDbSpline
 70
8
 71
3
 72
8
 73
4
 74
0
 40
0
 40
0
 40
0
 40
0
 40
1
 40
1
 40
1
 40
1
 10
26.878818
 20
281.846498
 30
0.0
 10
26.863895
 20
281.836271
 30
0.0
 10
26.851750
 20
281.822422
 30
0.0
 10
26.842382
 20
281.804949
 30
0.0
  0
SPLINE
  5
1ab
100
AcDbEntity
  8
0
 62
7
100
AcDbSpline
 70
8
 71
3
 72
8
 73
4
 74
0
 40
0
 40
0
 40
0
 40
0
 40
1
 40
1
 40
1
 40
1
 10
26.842382
 20
281.804949
 30
0.0
 10
26.833439
 20
281.787478
 30
0.0
 10
26.826622
 20
281.767875
 30
0.0
 10
26.821930
 20
281.746140
 30
0.0
  0
SPLINE
  5
1ac
100
AcDbEntity
  8
0
 62
7
100
AcDbSpline
 70
8
 71
3
 72
8
 73
4
 74
0
 40
0
 40
0
 40
0
 40
0
 40
1
 40
1
 40
1
 40
1
 10
26.821930
 20
281.746140
 30
0.0
 10
26.817661
 20
281.724833
 30
0.0
 10
26.815527
 20
281.702886
 30
0.0
 10
26.815527
 20
281.680300
 30
0.0
  0
SPLINE
  5
1ad
100
AcDbEntity
  8
0
 62
7
100
AcDbSpline
 70
8
 71
3
 72
8
 73
4
 74
0
 40
0
 40
0
 40
0
 40
0
 40
1
 40
1
 40
1
 40
1
 10
26.815527
 20
281.680300
 30
0.0
 10
26.815527
 20
281.656436
 30
0.0
 10
26.817440
 20
281.632998
 30
0.0
 10
26.821268
 20
281.609986
 30
0.0
  0
SPLINE
  5
1ae
100
AcDbEntity
  8
0
 62
7
100
AcDbSpline
 70
8
 71
3
 72
8
 73
4
 74
0
 40
0
 40
0
 40
0
 40
0
 40
1
 40
1
 40
1
 40
1
 10
26.821268
 20
281.609986
 30
0.0
 10
26.825096
 20
281.587400
 30
0.0
 10
26.831278
 20
281.567371
 30
0.0
 10
26.839815
 20
281.549899
 30
0.0
  0
SPLINE
  5
1af
100
AcDbEntity
  8
0
 62
7
100
AcDbSpline
 70
8
 71
3
 72
8
 73
4
 74
0
 40
0
 40
0
 40
0
 40
0
 40
1
 40
1
 40
1
 40
1
 10
26.839815
 20
281.549899
 30
0.0
 10
26.848758
 20
281.532428
 30
0.0
 10
26.860478
 20
281.518365
 30
0.0
 10
26.874973
 20
281.507710
 30
0.0
  0
SPLINE
  5
1b0
100
AcDbEntity
  8
0
 62
7
100
AcDbSpline
 70
8
 71
3
 72
8
 73
4
 74
0
 40
0
 40
0
 40
0
 40
0
 40
1
 40
1
 40
1
 40
1
 10
26.874973
 20
281.507710
 30
0.0
 10
26.889455
 20
281.497056
 30
0.0
 10
26.907779
 20
281.491729
 30
0.0
 10
26.929946
 20
281.491729
 30
0.0
  0
SPLINE
  5
1b1
100
AcDbEntity
  8
0
 62
7
100
AcDbSpline
 70
8
 71
3
 72
8
 73
4
 74
0
 40
0
 40
0
 40
0
 40
0
 40
1
 40
1
 40
1
 40
1
 10
26.929946
 20
281.491729
 30
0.0
 10
26.941023
 20
281.491729
 30
0.0
 10
26.951677
 20
281.493221
 30
0.0
 10
26.961907
 20
281.496203
 30
0.0
  0
SPLINE
  5
1b2
100
AcDbEntity
  8
0
 62
7
100
AcDbSpline
 70
8
 71
3
 72
8
 73
4
 74
0
 40
0
 40
0
 40
0
 40
0
 40
1
 40
1
 40
1
 40
1
 10
26.961907
 20
281.496203
 30
0.0
 10
26.972561
 20
281.499613
 30
0.0
 10
26.983215
 20
281.504940
 30
0.0
 10
26.993869
 20
281.512184
 30
0.0
  0
SPLINE
  5
1b3
100
AcDbEntity
  8
0
 62
7
100
AcDbSpline
 70
8
 71
3
 72
8
 73
4
 74
0
 40
0
 40
0
 40
0
 40
0
 40
1
 40
1
 40
1
 40
1
 10
26.993869
 20
281.512184
 30
0.0
 10
27.004946
 20
281.519429
 30
0.0
 10
27.016239
 20
281.528804
 30
0.0
 10
27.027746
 20
281.540310
 30
0.0
  0
SPLINE
  5
1b4
100
AcDbEntity
  8
0
 62
7
100
AcDbSpline
 70
8
 71
3
 72
8
 73
4
 74
0
 40
0
 40
0
 40
0
 40
0
 40
1
 40
1
 40
1
 40
1
 10
27.027746
 20
281.540310
 30
0.0
 10
27.039247
 20
281.552243
 30
0.0
 10
27.051819
 20
281.566732
 30
0.0
 10
27.065463
 20
281.583777
 30
0.0
  0
LWPOLYLINE
  5
1b5
100
AcDbEntity
  8
0
 62
7
100
AcDbPolyline
 90
2
 70
0
 10
27.225300
 20
281.962196
 30
0.0
 10
27.225279
 20
281.165728
 30
0.0
  0
SPLINE
  5
1b6
100
AcDbEntity
  8
0
 62
7
100
AcDbSpline
 70
8
 71
3
 72
8
 73
4
 74
0
 40
0
 40
0
 40
0
 40
0
 40
1
 40
1
 40
1
 40
1
 10
27.927784
 20
281.392012
 30
0.0
 10
27.927784
 20
281.387751
 30
0.0
 10
27.926717
 20
281.383915
 30
0.0
 10
27.924583
 20
281.380506
 30
0.0
  0
SPLINE
  5
1b7
100
AcDbEntity
  8
0
 62
7
100
AcDbSpline
 70
8
 71
3
 72
8
 73
4
 74
0
 40
0
 40
0
 40
0
 40
0
 40
1
 40
1
 40
1
 40
1
 10
27.924583
 20
281.380506
 30
0.0
 10
27.922449
 20
281.377523
 30
0.0
 10
27.918612
 20
281.374966
 30
0.0
 10
27.913074
 20
281.372835
 30
0.0
  0
SPLINE
  5
1b8
100
AcDbEntity
  8
0
 62
7
100
AcDbSpline
 70
8
 71
3
 72
8
 73
4
 74
0
 40
0
 40
0
 40
0
 40
0
 40
1
 40
1
 40
1
 40
1
 10
27.913074
 20
281.372835
 30
0.0
 10
27.907958
 20
281.370705
 30
0.0
 10
27.900929
 20
281.369213
 30
0.0
 10
27.891986
 20
281.368361
 30
0.0
  0
SPLINE
  5
1b9
100
AcDbEntity
  8
0
 62
7
100
AcDbSpline
 70
8
 71
3
 72
8
 73
4
 74
0
 40
0
 40
0
 40
0
 40
0
 40
1
 40
1
 40
1
 40
1
 10
27.891986
 20
281.368361
 30
0.0
 10
27.883467
 20
281.367091
 30
0.0
 10
27.872600
 20
281.366456
 30
0.0
 10
27.859387
 20
281.366456
 30
0.0
  0
SPLINE
  5
1ba
100
AcDbEntity
  8
0
 62
7
100
AcDbSpline
 70
8
 71
3
 72
8
 73
4
 74
0
 40
0
 40
0
 40
0
 40
0
 40
1
 40
1
 40
1
 40
1
 10
27.859387
 20
281.366456
 30
0.0
 10
27.845329
 20
281.366456
 30
0.0
 10
27.833823
 20
281.367091
 30
0.0
 10
27.824869
 20
281.368361
 30
0.0
  0
SPLINE
  5
1bb
100
AcDbEntity
  8
0
 62
7
100
AcDbSpline
 70
8
 71
3
 72
8
 73
4
 74
0
 40
0
 40
0
 40
0
 40
0
 40
1
 40
1
 40
1
 40
1
 10
27.824869
 20
281.368361
 30
0.0
 10
27.816350
 20
281.369208
 30
0.0
 10
27.809532
 20
281.370699
 30
0.0
 10
27.804417
 20
281.372835
 30
0.0
  0
SPLINE
  5
1bc
100
AcDbEntity
  8
0
 62
7
100
AcDbSpline
 70
8
 71
3
 72
8
 73
4
 74
0
 40
0
 40
0
 40
0
 40
0
 40
1
 40
1
 40
1
 40
1
 10
27.804417
 20
281.372835
 30
0.0
 10
27.799302
 20
281.374966
 30
0.0
 10
27.795677
 20
281.377523
 30
0.0
 10
27.793543
 20
281.380506
 30
0.0
  0
SPLINE
  5
1bd
100
AcDbEntity
  8
0
 62
7
100
AcDbSpline
 70
8
 71
3
 72
8
 73
4
 74
0
 40
0
 40
0
 40
0
 40
0
 40
1
 40
1
 40
1
 40
1
 10
27.793543
 20
281.380506
 30
0.0
 10
27.791409
 20
281.383915
 30
0.0
 10
27.790341
 20
281.387751
 30
0.0
 10
27.790341
 20
281.392012
 30
0.0
  0
LWPOLYLINE
  5
1be
100
AcDbEntity
  8
0
 62
7
100
AcDbPolyline
 90
2
 70
0
 10
27.065463
 20
281.583777
 30
0.0
 10
27.065473
 20
281.772989
 30
0.0
  0
SPLINE
  5
1bf
100
AcDbEntity
  8
0
 62
7
100
AcDbSpline
 70
8
 71
3
 72
8
 73
4
 74
0
 40
0
 40
0
 40
0
 40
0
 40
1
 40
1
 40
1
 40
1
 10
27.790341
 20
281.457852
 30
0.0
 10
27.758805
 20
281.423760
 30
0.0
 10
27.726631
 20
281.398192
 30
0.0
 10
27.693819
 20
281.381146
 30
0.0
  0
SPLINE
  5
1c0
100
AcDbEntity
  8
0
 62
7
100
AcDbSpline
 70
8
 71
3
 72
8
 73
4
 74
0
 40
0
 40
0
 40
0
 40
0
 40
1
 40
1
 40
1
 40
1
 10
27.693819
 20
281.381146
 30
0.0
 10
27.661430
 20
281.364099
 30
0.0
 10
27.627764
 20
281.355576
 30
0.0
 10
27.592819
 20
281.355576
 30
0.0
  0
SPLINE
  5
1c1
100
AcDbEntity
  8
0
 62
7
100
AcDbSpline
 70
8
 71
3
 72
8
 73
4
 74
0
 40
0
 40
0
 40
0
 40
0
 40
1
 40
1
 40
1
 40
1
 10
27.592819
 20
281.355576
 30
0.0
 10
27.553615
 20
281.355576
 30
0.0
 10
27.520589
 20
281.361969
 30
0.0
 10
27.493741
 20
281.374753
 30
0.0
  0
SPLINE
  5
1c2
100
AcDbEntity
  8
0
 62
7
100
AcDbSpline
 70
8
 71
3
 72
8
 73
4
 74
0
 40
0
 40
0
 40
0
 40
0
 40
1
 40
1
 40
1
 40
1
 10
27.493741
 20
281.374753
 30
0.0
 10
27.467320
 20
281.387538
 30
0.0
 10
27.445799
 20
281.405010
 30
0.0
 10
27.429180
 20
281.427170
 30
0.0
  0
SPLINE
  5
1c3
100
AcDbEntity
  8
0
 62
7
100
AcDbSpline
 70
8
 71
3
 72
8
 73
4
 74
0
 40
0
 40
0
 40
0
 40
0
 40
1
 40
1
 40
1
 40
1
 10
27.429180
 20
281.427170
 30
0.0
 10
27.412987
 20
281.449329
 30
0.0
 10
27.401268
 20
281.474898
 30
0.0
 10
27.394022
 20
281.503876
 30
0.0
  0
SPLINE
  5
1c4
100
AcDbEntity
  8
0
 62
7
100
AcDbSpline
 70
8
 71
3
 72
8
 73
4
 74
0
 40
0
 40
0
 40
0
 40
0
 40
1
 40
1
 40
1
 40
1
 10
27.394022
 20
281.503876
 30
0.0
 10
27.387196
 20
281.533281
 30
0.0
 10
27.383783
 20
281.569716
 30
0.0
 10
27.383783
 20
281.613184
 30
0.0
  0
LWPOLYLINE
  5
1c5
100
AcDbEntity
  8
0
 62
7
100
AcDbPolyline
 90
2
 70
0
 10
27.790341
 20
281.392012
 30
0.0
 10
27.790341
 20
281.457852
 30
0.0
  0
SPLINE
  5
1c6
100
AcDbEntity
  8
0
 62
7
100
AcDbSpline
 70
8
 71
3
 72
8
 73
4
 74
0
 40
0
 40
0
 40
0
 40
0
 40
1
 40
1
 40
1
 40
1
 10
27.383783
 20
281.962199
 30
0.0
 10
27.383783
 20
281.966461
 30
0.0
 10
27.384850
 20
281.970083
 30
0.0
 10
27.386984
 20
281.973066
 30
0.0
  0
SPLINE
  5
1c7
100
AcDbEntity
  8
0
 62
7
100
AcDbSpline
 70
8
 71
3
 72
8
 73
4
 74
0
 40
0
 40
0
 40
0
 40
0
 40
1
 40
1
 40
1
 40
1
 10
27.386984
 20
281.973066
 30
0.0
 10
27.389542
 20
281.976475
 30
0.0
 10
27.393802
 20
281.979246
 30
0.0
 10
27.399764
 20
281.981376
 30
0.0
  0
SPLINE
  5
1c8
100
AcDbEntity
  8
0
 62
7
100
AcDbSpline
 70
8
 71
3
 72
8
 73
4
 74
0
 40
0
 40
0
 40
0
 40
0
 40
1
 40
1
 40
1
 40
1
 10
27.399764
 20
281.981376
 30
0.0
 10
27.406149
 20
281.983507
 30
0.0
 10
27.414457
 20
281.984999
 30
0.0
 10
27.424687
 20
281.985850
 30
0.0
  0
SPLINE
  5
1c9
100
AcDbEntity
  8
0
 62
7
100
AcDbSpline
 70
8
 71
3
 72
8
 73
4
 74
0
 40
0
 40
0
 40
0
 40
0
 40
1
 40
1
 40
1
 40
1
 10
27.424687
 20
281.985850
 30
0.0
 10
27.435341
 20
281.987120
 30
0.0
 10
27.448338
 20
281.987755
 30
0.0
 10
27.463679
 20
281.987755
 30
0.0
  0
SPLINE
  5
1ca
100
AcDbEntity
  8
0
 62
7
100
AcDbSpline
 70
8
 71
3
 72
8
 73
4
 74
0
 40
0
 40
0
 40
0
 40
0
 40
1
 40
1
 40
1
 40
1
 10
27.463679
 20
281.987755
 30
0.0
 10
27.479448
 20
281.987755
 30
0.0
 10
27.492445
 20
281.987120
 30
0.0
 10
27.502671
 20
281.985850
 30
0.0
  0
SPLINE
  5
1cb
100
AcDbEntity
  8
0
 62
7
100
AcDbSpline
 70
8
 71
3
 72
8
 73
4
 74
0
 40
0
 40
0
 40
0
 40
0
 40
1
 40
1
 40
1
 40
1
 10
27.502671
 20
281.985850
 30
0.0
 10
27.512901
 20
281.985004
 30
0.0
 10
27.520997
 20
281.983512
 30
0.0
 10
27.526959
 20
281.981376
 30
0.0
  0
SPLINE
  5
1cc
100
AcDbEntity
  8
0
 62
7
100
AcDbSpline
 70
8
 71
3
 72
8
 73
4
 74
0
 40
0
 40
0
 40
0
 40
0
 40
1
 40
1
 40
1
 40
1
 10
27.526959
 20
281.981376
 30
0.0
 10
27.533345
 20
281.979246
 30
0.0
 10
27.537816
 20
281.976475
 30
0.0
 10
27.540374
 20
281.973066
 30
0.0
  0
SPLINE
  5
1cd
100
AcDbEntity
  8
0
 62
7
100
AcDbSpline
 70
8
 71
3
 72
8
 73
4
 74
0
 40
0
 40
0
 40
0
 40
0
 40
1
 40
1
 40
1
 40
1
 10
27.540374
 20
281.973066
 30
0.0
 10
27.542931
 20
281.970083
 30
0.0
 10
27.544210
 20
281.966461
 30
0.0
 10
27.544210
 20
281.962199
 30
0.0
  0
LWPOLYLINE
  5
1ce
100
AcDbEntity
  8
0
 62
7
100
AcDbPolyline
 90
2
 70
0
 10
27.383783
 20
281.613184
 30
0.0
 10
27.383783
 20
281.962199
 30
0.0
  0
SPLINE
  5
1cf
100
AcDbEntity
  8
0
 62
7
100
AcDbSpline
 70
8
 71
3
 72
8
 73
4
 74
0
 40
0
 40
0
 40
0
 40
0
 40
1
 40
1
 40
1
 40
1
 10
27.544210
 20
281.640031
 30
0.0
 10
27.544210
 20
281.610201
 30
0.0
 10
27.546124
 20
281.587402
 30
0.0
 10
27.549952
 20
281.571634
 30
0.0
  0
SPLINE
  5
1d0
100
AcDbEntity
  8
0
 62
7
100
AcDbSpline
 70
8
 71
3
 72
8
 73
4
 74
0
 40
0
 40
0
 40
0
 40
0
 40
1
 40
1
 40
1
 40
1
 10
27.549952
 20
281.571634
 30
0.0
 10
27.553779
 20
281.555867
 30
0.0
 10
27.559530
 20
281.542230
 30
0.0
 10
27.567202
 20
281.530724
 30
0.0
  0
SPLINE
  5
1d1
100
AcDbEntity
  8
0
 62
7
100
AcDbSpline
 70
8
 71
3
 72
8
 73
4
 74
0
 40
0
 40
0
 40
0
 40
0
 40
1
 40
1
 40
1
 40
1
 10
27.567202
 20
281.530724
 30
0.0
 10
27.575299
 20
281.519643
 30
0.0
 10
27.585313
 20
281.510907
 30
0.0
 10
27.597246
 20
281.504517
 30
0.0
  0
SPLINE
  5
1d2
100
AcDbEntity
  8
0
 62
7
100
AcDbSpline
 70
8
 71
3
 72
8
 73
4
 74
0
 40
0
 40
0
 40
0
 40
0
 40
1
 40
1
 40
1
 40
1
 10
27.597246
 20
281.504517
 30
0.0
 10
27.609611
 20
281.498551
 30
0.0
 10
27.623886
 20
281.495569
 30
0.0
 10
27.640071
 20
281.495569
 30
0.0
  0
SPLINE
  5
1d3
100
AcDbEntity
  8
0
 62
7
100
AcDbSpline
 70
8
 71
3
 72
8
 73
4
 74
0
 40
0
 40
0
 40
0
 40
0
 40
1
 40
1
 40
1
 40
1
 10
27.640071
 20
281.495569
 30
0.0
 10
27.660527
 20
281.495569
 30
0.0
 10
27.680983
 20
281.503026
 30
0.0
 10
27.701439
 20
281.517942
 30
0.0
  0
SPLINE
  5
1d4
100
AcDbEntity
  8
0
 62
7
100
AcDbSpline
 70
8
 71
3
 72
8
 73
4
 74
0
 40
0
 40
0
 40
0
 40
0
 40
1
 40
1
 40
1
 40
1
 10
27.701439
 20
281.517942
 30
0.0
 10
27.722320
 20
281.532857
 30
0.0
 10
27.744479
 20
281.554591
 30
0.0
 10
27.767918
 20
281.583143
 30
0.0
  0
LWPOLYLINE
  5
1d5
100
AcDbEntity
  8
0
 62
7
100
AcDbPolyline
 90
2
 70
0
 10
27.544210
 20
281.962199
 30
0.0
 10
27.544210
 20
281.640031
 30
0.0
  0
SPLINE
  5
1d6
100
AcDbEntity
  8
0
 62
7
100
AcDbSpline
 70
8
 71
3
 72
8
 73
4
 74
0
 40
0
 40
0
 40
0
 40
0
 40
1
 40
1
 40
1
 40
1
 10
27.767918
 20
281.962202
 30
0.0
 10
27.767918
 20
281.966463
 30
0.0
 10
27.768985
 20
281.970085
 30
0.0
 10
27.771119
 20
281.973068
 30
0.0
  0
SPLINE
  5
1d7
100
AcDbEntity
  8
0
 62
7
100
AcDbSpline
 70
8
 71
3
 72
8
 73
4
 74
0
 40
0
 40
0
 40
0
 40
0
 40
1
 40
1
 40
1
 40
1
 10
27.771119
 20
281.973068
 30
0.0
 10
27.773677
 20
281.976478
 30
0.0
 10
27.777937
 20
281.979248
 30
0.0
 10
27.783899
 20
281.981379
 30
0.0
  0
SPLINE
  5
1d8
100
AcDbEntity
  8
0
 62
7
100
AcDbSpline
 70
8
 71
3
 72
8
 73
4
 74
0
 40
0
 40
0
 40
0
 40
0
 40
1
 40
1
 40
1
 40
1
 10
27.783899
 20
281.981379
 30
0.0
 10
27.790284
 20
281.983510
 30
0.0
 10
27.798592
 20
281.985001
 30
0.0
 10
27.808822
 20
281.985853
 30
0.0
  0
SPLINE
  5
1d9
100
AcDbEntity
  8
0
 62
7
100
AcDbSpline
 70
8
 71
3
 72
8
 73
4
 74
0
 40
0
 40
0
 40
0
 40
0
 40
1
 40
1
 40
1
 40
1
 10
27.808822
 20
281.985853
 30
0.0
 10
27.819053
 20
281.987123
 30
0.0
 10
27.832050
 20
281.987758
 30
0.0
 10
27.847814
 20
281.987758
 30
0.0
  0
SPLINE
  5
1da
100
AcDbEntity
  8
0
 62
7
100
AcDbSpline
 70
8
 71
3
 72
8
 73
4
 74
0
 40
0
 40
0
 40
0
 40
0
 40
1
 40
1
 40
1
 40
1
 10
27.847814
 20
281.987758
 30
0.0
 10
27.863583
 20
281.987758
 30
0.0
 10
27.876581
 20
281.987123
 30
0.0
 10
27.886808
 20
281.985853
 30
0.0
  0
SPLINE
  5
1db
100
AcDbEntity
  8
0
 62
7
100
AcDbSpline
 70
8
 71
3
 72
8
 73
4
 74
0
 40
0
 40
0
 40
0
 40
0
 40
1
 40
1
 40
1
 40
1
 10
27.886808
 20
281.985853
 30
0.0
 10
27.897039
 20
281.985006
 30
0.0
 10
27.905135
 20
281.983515
 30
0.0
 10
27.911097
 20
281.981379
 30
0.0
  0
SPLINE
  5
1dc
100
AcDbEntity
  8
0
 62
7
100
AcDbSpline
 70
8
 71
3
 72
8
 73
4
 74
0
 40
0
 40
0
 40
0
 40
0
 40
1
 40
1
 40
1
 40
1
 10
27.911097
 20
281.981379
 30
0.0
 10
27.917059
 20
281.979248
 30
0.0
 10
27.921319
 20
281.976478
 30
0.0
 10
27.923877
 20
281.973068
 30
0.0
  0
SPLINE
  5
1dd
100
AcDbEntity
  8
0
 62
7
100
AcDbSpline
 70
8
 71
3
 72
8
 73
4
 74
0
 40
0
 40
0
 40
0
 40
0
 40
1
 40
1
 40
1
 40
1
 10
27.923877
 20
281.973068
 30
0.0
 10
27.926434
 20
281.970085
 30
0.0
 10
27.927713
 20
281.966463
 30
0.0
 10
27.927713
 20
281.962202
 30
0.0
  0
LWPOLYLINE
  5
1de
100
AcDbEntity
  8
0
 62
7
100
AcDbPolyline
 90
2
 70
0
 10
27.767918
 20
281.583143
 30
0.0
 10
27.767918
 20
281.962202
 30
0.0
  0
SPLINE
  5
1df
100
AcDbEntity
  8
0
 62
7
100
AcDbSpline
 70
8
 71
3
 72
8
 73
4
 74
0
 40
0
 40
0
 40
0
 40
0
 40
1
 40
1
 40
1
 40
1
 10
28.250592
 20
281.392012
 30
0.0
 10
28.250592
 20
281.387751
 30
0.0
 10
28.249313
 20
281.383915
 30
0.0
 10
28.246755
 20
281.380506
 30
0.0
  0
SPLINE
  5
1e0
100
AcDbEntity
  8
0
 62
7
100
AcDbSpline
 70
8
 71
3
 72
8
 73
4
 74
0
 40
0
 40
0
 40
0
 40
0
 40
1
 40
1
 40
1
 40
1
 10
28.246755
 20
281.380506
 30
0.0
 10
28.244198
 20
281.377523
 30
0.0
 10
28.239726
 20
281.374966
 30
0.0
 10
28.233341
 20
281.372835
 30
0.0
  0
SPLINE
  5
1e1
100
AcDbEntity
  8
0
 62
7
100
AcDbSpline
 70
8
 71
3
 72
8
 73
4
 74
0
 40
0
 40
0
 40
0
 40
0
 40
1
 40
1
 40
1
 40
1
 10
28.233341
 20
281.372835
 30
0.0
 10
28.227379
 20
281.370705
 30
0.0
 10
28.219283
 20
281.369213
 30
0.0
 10
28.209052
 20
281.368361
 30
0.0
  0
SPLINE
  5
1e2
100
AcDbEntity
  8
0
 62
7
100
AcDbSpline
 70
8
 71
3
 72
8
 73
4
 74
0
 40
0
 40
0
 40
0
 40
0
 40
1
 40
1
 40
1
 40
1
 10
28.209052
 20
281.368361
 30
0.0
 10
28.198822
 20
281.367091
 30
0.0
 10
28.185825
 20
281.366456
 30
0.0
 10
28.170061
 20
281.366456
 30
0.0
  0
SPLINE
  5
1e3
100
AcDbEntity
  8
0
 62
7
100
AcDbSpline
 70
8
 71
3
 72
8
 73
4
 74
0
 40
0
 40
0
 40
0
 40
0
 40
1
 40
1
 40
1
 40
1
 10
28.170061
 20
281.366456
 30
0.0
 10
28.154292
 20
281.366456
 30
0.0
 10
28.141293
 20
281.367091
 30
0.0
 10
28.131066
 20
281.368361
 30
0.0
  0
SPLINE
  5
1e4
100
AcDbEntity
  8
0
 62
7
100
AcDbSpline
 70
8
 71
3
 72
8
 73
4
 74
0
 40
0
 40
0
 40
0
 40
0
 40
1
 40
1
 40
1
 40
1
 10
28.131066
 20
281.368361
 30
0.0
 10
28.120836
 20
281.369208
 30
0.0
 10
28.112528
 20
281.370699
 30
0.0
 10
28.106143
 20
281.372835
 30
0.0
  0
SPLINE
  5
1e5
100
AcDbEntity
  8
0
 62
7
100
AcDbSpline
 70
8
 71
3
 72
8
 73
4
 74
0
 40
0
 40
0
 40
0
 40
0
 40
1
 40
1
 40
1
 40
1
 10
28.106143
 20
281.372835
 30
0.0
 10
28.100181
 20
281.374966
 30
0.0
 10
28.095921
 20
281.377523
 30
0.0
 10
28.093363
 20
281.380506
 30
0.0
  0
SPLINE
  5
1e6
100
AcDbEntity
  8
0
 62
7
100
AcDbSpline
 70
8
 71
3
 72
8
 73
4
 74
0
 40
0
 40
0
 40
0
 40
0
 40
1
 40
1
 40
1
 40
1
 10
28.093363
 20
281.380506
 30
0.0
 10
28.090806
 20
281.383915
 30
0.0
 10
28.089527
 20
281.387751
 30
0.0
 10
28.089527
 20
281.392012
 30
0.0
  0
LWPOLYLINE
  5
1e7
100
AcDbEntity
  8
0
 62
7
100
AcDbPolyline
 90
2
 70
0
 10
27.927713
 20
281.962202
 30
0.0
 10
27.927784
 20
281.392012
 30
0.0
  0
SPLINE
  5
1e8
100
AcDbEntity
  8
0
 62
7
100
AcDbSpline
 70
8
 71
3
 72
8
 73
4
 74
0
 40
0
 40
0
 40
0
 40
0
 40
1
 40
1
 40
1
 40
1
 10
28.089527
 20
281.960921
 30
0.0
 10
28.089527
 20
281.965182
 30
0.0
 10
28.090806
 20
281.968805
 30
0.0
 10
28.093363
 20
281.971787
 30
0.0
  0
SPLINE
  5
1e9
100
AcDbEntity
  8
0
 62
7
100
AcDbSpline
 70
8
 71
3
 72
8
 73
4
 74
0
 40
0
 40
0
 40
0
 40
0
 40
1
 40
1
 40
1
 40
1
 10
28.093363
 20
281.971787
 30
0.0
 10
28.095921
 20
281.975197
 30
0.0
 10
28.100181
 20
281.977967
 30
0.0
 10
28.106143
 20
281.980098
 30
0.0
  0
SPLINE
  5
1ea
100
AcDbEntity
  8
0
 62
7
100
AcDbSpline
 70
8
 71
3
 72
8
 73
4
 74
0
 40
0
 40
0
 40
0
 40
0
 40
1
 40
1
 40
1
 40
1
 10
28.106143
 20
281.980098
 30
0.0
 10
28.112528
 20
281.982656
 30
0.0
 10
28.120836
 20
281.984573
 30
0.0
 10
28.131066
 20
281.985850
 30
0.0
  0
SPLINE
  5
1eb
100
AcDbEntity
  8
0
 62
7
100
AcDbSpline
 70
8
 71
3
 72
8
 73
4
 74
0
 40
0
 40
0
 40
0
 40
0
 40
1
 40
1
 40
1
 40
1
 10
28.131066
 20
281.985850
 30
0.0
 10
28.141297
 20
281.987120
 30
0.0
 10
28.154295
 20
281.987755
 30
0.0
 10
28.170061
 20
281.987755
 30
0.0
  0
SPLINE
  5
1ec
100
AcDbEntity
  8
0
 62
7
100
AcDbSpline
 70
8
 71
3
 72
8
 73
4
 74
0
 40
0
 40
0
 40
0
 40
0
 40
1
 40
1
 40
1
 40
1
 10
28.170061
 20
281.987755
 30
0.0
 10
28.185830
 20
281.987755
 30
0.0
 10
28.198827
 20
281.987120
 30
0.0
 10
28.209052
 20
281.985850
 30
0.0
  0
SPLINE
  5
1ed
100
AcDbEntity
  8
0
 62
7
100
AcDbSpline
 70
8
 71
3
 72
8
 73
4
 74
0
 40
0
 40
0
 40
0
 40
0
 40
1
 40
1
 40
1
 40
1
 10
28.209052
 20
281.985850
 30
0.0
 10
28.219283
 20
281.984580
 30
0.0
 10
28.227379
 20
281.982663
 30
0.0
 10
28.233341
 20
281.980098
 30
0.0
  0
SPLINE
  5
1ee
100
AcDbEntity
  8
0
 62
7
100
AcDbSpline
 70
8
 71
3
 72
8
 73
4
 74
0
 40
0
 40
0
 40
0
 40
0
 40
1
 40
1
 40
1
 40
1
 10
28.233341
 20
281.980098
 30
0.0
 10
28.239726
 20
281.977967
 30
0.0
 10
28.244198
 20
281.975197
 30
0.0
 10
28.246755
 20
281.971787
 30
0.0
  0
SPLINE
  5
1ef
100
AcDbEntity
  8
0
 62
7
100
AcDbSpline
 70
8
 71
3
 72
8
 73
4
 74
0
 40
0
 40
0
 40
0
 40
0
 40
1
 40
1
 40
1
 40
1
 10
28.246755
 20
281.971787
 30
0.0
 10
28.249313
 20
281.968805
 30
0.0
 10
28.250592
 20
281.965182
 30
0.0
 10
28.250592
 20
281.960921
 30
0.0
  0
LWPOLYLINE
  5
1f0
100
AcDbEntity
  8
0
 62
7
100
AcDbPolyline
 90
2
 70
0
 10
28.089527
 20
281.392012
 30
0.0
 10
28.089527
 20
281.960921
 30
0.0
  0
SPLINE
  5
1f1
100
AcDbEntity
  8
0
 62
7
100
AcDbSpline
 70
8
 71
3
 72
8
 73
4
 74
0
 40
0
 40
0
 40
0
 40
0
 40
1
 40
1
 40
1
 40
1
 10
28.262736
 20
282.155245
 30
0.0
 10
28.262736
 20
282.122857
 30
0.0
 10
28.256130
 20
282.100485
 30
0.0
 10
28.242919
 20
282.088126
 30
0.0
  0
SPLINE
  5
1f2
100
AcDbEntity
  8
0
 62
7
100
AcDbSpline
 70
8
 71
3
 72
8
 73
4
 74
0
 40
0
 40
0
 40
0
 40
0
 40
1
 40
1
 40
1
 40
1
 10
28.242919
 20
282.088126
 30
0.0
 10
28.229707
 20
282.075768
 30
0.0
 10
28.205204
 20
282.069589
 30
0.0
 10
28.169407
 20
282.069589
 30
0.0
  0
SPLINE
  5
1f3
100
AcDbEntity
  8
0
 62
7
100
AcDbSpline
 70
8
 71
3
 72
8
 73
4
 74
0
 40
0
 40
0
 40
0
 40
0
 40
1
 40
1
 40
1
 40
1
 10
28.169407
 20
282.069589
 30
0.0
 10
28.133184
 20
282.069589
 30
0.0
 10
28.108681
 20
282.075556
 30
0.0
 10
28.095898
 20
282.087489
 30
0.0
  0
SPLINE
  5
1f4
100
AcDbEntity
  8
0
 62
7
100
AcDbSpline
 70
8
 71
3
 72
8
 73
4
 74
0
 40
0
 40
0
 40
0
 40
0
 40
1
 40
1
 40
1
 40
1
 10
28.095898
 20
282.087489
 30
0.0
 10
28.083533
 20
282.099421
 30
0.0
 10
28.077351
 20
282.120942
 30
0.0
 10
28.077351
 20
282.152050
 30
0.0
  0
SPLINE
  5
1f5
100
AcDbEntity
  8
0
 62
7
100
AcDbSpline
 70
8
 71
3
 72
8
 73
4
 74
0
 40
0
 40
0
 40
0
 40
0
 40
1
 40
1
 40
1
 40
1
 10
28.077351
 20
282.152050
 30
0.0
 10
28.077351
 20
282.184437
 30
0.0
 10
28.083745
 20
282.206810
 30
0.0
 10
28.096533
 20
282.219168
 30
0.0
  0
SPLINE
  5
1f6
100
AcDbEntity
  8
0
 62
7
100
AcDbSpline
 70
8
 71
3
 72
8
 73
4
 74
0
 40
0
 40
0
 40
0
 40
0
 40
1
 40
1
 40
1
 40
1
 10
28.096533
 20
282.219168
 30
0.0
 10
28.109745
 20
282.231953
 30
0.0
 10
28.134461
 20
282.238345
 30
0.0
 10
28.170682
 20
282.238345
 30
0.0
  0
SPLINE
  5
1f7
100
AcDbEntity
  8
0
 62
7
100
AcDbSpline
 70
8
 71
3
 72
8
 73
4
 74
0
 40
0
 40
0
 40
0
 40
0
 40
1
 40
1
 40
1
 40
1
 10
28.170682
 20
282.238345
 30
0.0
 10
28.206479
 20
282.238345
 30
0.0
 10
28.230769
 20
282.232167
 30
0.0
 10
28.243554
 20
282.219809
 30
0.0
  0
SPLINE
  5
1f8
100
AcDbEntity
  8
0
 62
7
100
AcDbSpline
 70
8
 71
3
 72
8
 73
4
 74
0
 40
0
 40
0
 40
0
 40
0
 40
1
 40
1
 40
1
 40
1
 10
28.243554
 20
282.219809
 30
0.0
 10
28.256342
 20
282.207876
 30
0.0
 10
28.262736
 20
282.186355
 30
0.0
 10
28.262736
 20
282.155247
 30
0.0
  0
LWPOLYLINE
  5
1f9
100
AcDbEntity
  8
0
 62
7
100
AcDbPolyline
 90
2
 70
0
 10
28.250592
 20
281.960921
 30
0.0
 10
28.250592
 20
281.392012
 30
0.0
  0
SPLINE
  5
1fa
100
AcDbEntity
  8
0
 62
7
100
AcDbSpline
 70
8
 71
3
 72
8
 73
4
 74
0
 40
0
 40
0
 40
0
 40
0
 40
1
 40
1
 40
1
 40
1
 10
28.777311
 20
281.909144
 30
0.0
 10
28.777311
 20
281.893803
 30
0.0
 10
28.776870
 20
281.881232
 30
0.0
 10
28.775988
 20
281.871430
 30
0.0
  0
SPLINE
  5
1fb
100
AcDbEntity
  8
0
 62
7
100
AcDbSpline
 70
8
 71
3
 72
8
 73
4
 74
0
 40
0
 40
0
 40
0
 40
0
 40
1
 40
1
 40
1
 40
1
 10
28.775988
 20
281.871430
 30
0.0
 10
28.775106
 20
281.861628
 30
0.0
 10
28.773827
 20
281.853957
 30
0.0
 10
28.772152
 20
281.848419
 30
0.0
  0
SPLINE
  5
1fc
100
AcDbEntity
  8
0
 62
7
100
AcDbSpline
 70
8
 71
3
 72
8
 73
4
 74
0
 40
0
 40
0
 40
0
 40
0
 40
1
 40
1
 40
1
 40
1
 10
28.772152
 20
281.848419
 30
0.0
 10
28.770388
 20
281.842878
 30
0.0
 10
28.768042
 20
281.839043
 30
0.0
 10
28.765114
 20
281.836912
 30
0.0
  0
SPLINE
  5
1fd
100
AcDbEntity
  8
0
 62
7
100
AcDbSpline
 70
8
 71
3
 72
8
 73
4
 74
0
 40
0
 40
0
 40
0
 40
0
 40
1
 40
1
 40
1
 40
1
 10
28.765114
 20
281.836912
 30
0.0
 10
28.762556
 20
281.834781
 30
0.0
 10
28.759143
 20
281.833716
 30
0.0
 10
28.754874
 20
281.833716
 30
0.0
  0
SPLINE
  5
1fe
100
AcDbEntity
  8
0
 62
7
100
AcDbSpline
 70
8
 71
3
 72
8
 73
4
 74
0
 40
0
 40
0
 40
0
 40
0
 40
1
 40
1
 40
1
 40
1
 10
28.754874
 20
281.833716
 30
0.0
 10
28.751470
 20
281.833716
 30
0.0
 10
28.747634
 20
281.834351
 30
0.0
 10
28.743365
 20
281.835621
 30
0.0
  0
SPLINE
  5
1ff
100
AcDbEntity
  8
0
 62
7
100
AcDbSpline
 70
8
 71
3
 72
8
 73
4
 74
0
 40
0
 40
0
 40
0
 40
0
 40
1
 40
1
 40
1
 40
1
 10
28.743365
 20
281.835621
 30
0.0
 10
28.739096
 20
281.837332
 30
0.0
 10
28.734193
 20
281.839037
 30
0.0
 10
28.728654
 20
281.840735
 30
0.0
  0
SPLINE
  5
200
100
AcDbEntity
  8
0
 62
7
100
AcDbSpline
 70
8
 71
3
 72
8
 73
4
 74
0
 40
0
 40
0
 40
0
 40
0
 40
1
 40
1
 40
1
 40
1
 10
28.728654
 20
281.840735
 30
0.0
 10
28.723539
 20
281.842446
 30
0.0
 10
28.717789
 20
281.843938
 30
0.0
 10
28.711403
 20
281.845209
 30
0.0
  0
SPLINE
  5
201
100
AcDbEntity
  8
0
 62
7
100
AcDbSpline
 70
8
 71
3
 72
8
 73
4
 74
0
 40
0
 40
0
 40
0
 40
0
 40
1
 40
1
 40
1
 40
1
 10
28.711403
 20
281.845209
 30
0.0
 10
28.705018
 20
281.846920
 30
0.0
 10
28.697989
 20
281.847776
 30
0.0
 10
28.690316
 20
281.847776
 30
0.0
  0
SPLINE
  5
202
100
AcDbEntity
  8
0
 62
7
100
AcDbSpline
 70
8
 71
3
 72
8
 73
4
 74
0
 40
0
 40
0
 40
0
 40
0
 40
1
 40
1
 40
1
 40
1
 10
28.690316
 20
281.847776
 30
0.0
 10
28.681373
 20
281.847776
 30
0.0
 10
28.672424
 20
281.845859
 30
0.0
 10
28.663469
 20
281.842024
 30
0.0
  0
SPLINE
  5
203
100
AcDbEntity
  8
0
 62
7
100
AcDbSpline
 70
8
 71
3
 72
8
 73
4
 74
0
 40
0
 40
0
 40
0
 40
0
 40
1
 40
1
 40
1
 40
1
 10
28.663469
 20
281.842024
 30
0.0
 10
28.654526
 20
281.838614
 30
0.0
 10
28.645151
 20
281.833074
 30
0.0
 10
28.635344
 20
281.825403
 30
0.0
  0
SPLINE
  5
204
100
AcDbEntity
  8
0
 62
7
100
AcDbSpline
 70
8
 71
3
 72
8
 73
4
 74
0
 40
0
 40
0
 40
0
 40
0
 40
1
 40
1
 40
1
 40
1
 10
28.635344
 20
281.825403
 30
0.0
 10
28.625960
 20
281.817732
 30
0.0
 10
28.615945
 20
281.807504
 30
0.0
 10
28.605300
 20
281.794720
 30
0.0
  0
SPLINE
  5
205
100
AcDbEntity
  8
0
 62
7
100
AcDbSpline
 70
8
 71
3
 72
8
 73
4
 74
0
 40
0
 40
0
 40
0
 40
0
 40
1
 40
1
 40
1
 40
1
 10
28.605300
 20
281.794720
 30
0.0
 10
28.595070
 20
281.781935
 30
0.0
 10
28.583990
 20
281.766168
 30
0.0
 10
28.572061
 20
281.747418
 30
0.0
  0
LWPOLYLINE
  5
206
100
AcDbEntity
  8
0
 62
7
100
AcDbPolyline
 90
1
 70
1
 10
28.262736
 20
282.155247
 30
0.0
  0
SPLINE
  5
207
100
AcDbEntity
  8
0
 62
7
100
AcDbSpline
 70
8
 71
3
 72
8
 73
4
 74
0
 40
0
 40
0
 40
0
 40
0
 40
1
 40
1
 40
1
 40
1
 10
28.572061
 20
281.392009
 30
0.0
 10
28.572061
 20
281.387748
 30
0.0
 10
28.570782
 20
281.383912
 30
0.0
 10
28.568224
 20
281.380503
 30
0.0
  0
SPLINE
  5
208
100
AcDbEntity
  8
0
 62
7
100
AcDbSpline
 70
8
 71
3
 72
8
 73
4
 74
0
 40
0
 40
0
 40
0
 40
0
 40
1
 40
1
 40
1
 40
1
 10
28.568224
 20
281.380503
 30
0.0
 10
28.565666
 20
281.377520
 30
0.0
 10
28.561195
 20
281.374963
 30
0.0
 10
28.554810
 20
281.372832
 30
0.0
  0
SPLINE
  5
209
100
AcDbEntity
  8
0
 62
7
100
AcDbSpline
 70
8
 71
3
 72
8
 73
4
 74
0
 40
0
 40
0
 40
0
 40
0
 40
1
 40
1
 40
1
 40
1
 10
28.554810
 20
281.372832
 30
0.0
 10
28.548848
 20
281.370702
 30
0.0
 10
28.540752
 20
281.369210
 30
0.0
 10
28.530521
 20
281.368358
 30
0.0
  0
SPLINE
  5
20a
100
AcDbEntity
  8
0
 62
7
100
AcDbSpline
 70
8
 71
3
 72
8
 73
4
 74
0
 40
0
 40
0
 40
0
 40
0
 40
1
 40
1
 40
1
 40
1
 10
28.530521
 20
281.368358
 30
0.0
 10
28.520290
 20
281.367088
 30
0.0
 10
28.507293
 20
281.366453
 30
0.0
 10
28.491529
 20
281.366453
 30
0.0
  0
SPLINE
  5
20b
100
AcDbEntity
  8
0
 62
7
100
AcDbSpline
 70
8
 71
3
 72
8
 73
4
 74
0
 40
0
 40
0
 40
0
 40
0
 40
1
 40
1
 40
1
 40
1
 10
28.491529
 20
281.366453
 30
0.0
 10
28.475760
 20
281.366453
 30
0.0
 10
28.462762
 20
281.367088
 30
0.0
 10
28.452535
 20
281.368358
 30
0.0
  0
SPLINE
  5
20c
100
AcDbEntity
  8
0
 62
7
100
AcDbSpline
 70
8
 71
3
 72
8
 73
4
 74
0
 40
0
 40
0
 40
0
 40
0
 40
1
 40
1
 40
1
 40
1
 10
28.452535
 20
281.368358
 30
0.0
 10
28.442305
 20
281.369205
 30
0.0
 10
28.433997
 20
281.370696
 30
0.0
 10
28.427611
 20
281.372832
 30
0.0
  0
SPLINE
  5
20d
100
AcDbEntity
  8
0
 62
7
100
AcDbSpline
 70
8
 71
3
 72
8
 73
4
 74
0
 40
0
 40
0
 40
0
 40
0
 40
1
 40
1
 40
1
 40
1
 10
28.427611
 20
281.372832
 30
0.0
 10
28.421649
 20
281.374963
 30
0.0
 10
28.417390
 20
281.377520
 30
0.0
 10
28.414832
 20
281.380503
 30
0.0
  0
SPLINE
  5
20e
100
AcDbEntity
  8
0
 62
7
100
AcDbSpline
 70
8
 71
3
 72
8
 73
4
 74
0
 40
0
 40
0
 40
0
 40
0
 40
1
 40
1
 40
1
 40
1
 10
28.414832
 20
281.380503
 30
0.0
 10
28.412274
 20
281.383912
 30
0.0
 10
28.410995
 20
281.387748
 30
0.0
 10
28.410995
 20
281.392009
 30
0.0
  0
LWPOLYLINE
  5
20f
100
AcDbEntity
  8
0
 62
7
100
AcDbPolyline
 90
2
 70
0
 10
28.572061
 20
281.747418
 30
0.0
 10
28.572061
 20
281.392009
 30
0.0
  0
SPLINE
  5
210
100
AcDbEntity
  8
0
 62
7
100
AcDbSpline
 70
8
 71
3
 72
8
 73
4
 74
0
 40
0
 40
0
 40
0
 40
0
 40
1
 40
1
 40
1
 40
1
 10
28.410995
 20
281.962196
 30
0.0
 10
28.410995
 20
281.966458
 30
0.0
 10
28.412063
 20
281.970080
 30
0.0
 10
28.414197
 20
281.973063
 30
0.0
  0
SPLINE
  5
211
100
AcDbEntity
  8
0
 62
7
100
AcDbSpline
 70
8
 71
3
 72
8
 73
4
 74
0
 40
0
 40
0
 40
0
 40
0
 40
1
 40
1
 40
1
 40
1
 10
28.414197
 20
281.973063
 30
0.0
 10
28.416331
 20
281.976473
 30
0.0
 10
28.420168
 20
281.979243
 30
0.0
 10
28.425706
 20
281.981373
 30
0.0
  0
SPLINE
  5
212
100
AcDbEntity
  8
0
 62
7
100
AcDbSpline
 70
8
 71
3
 72
8
 73
4
 74
0
 40
0
 40
0
 40
0
 40
0
 40
1
 40
1
 40
1
 40
1
 10
28.425706
 20
281.981373
 30
0.0
 10
28.431245
 20
281.983504
 30
0.0
 10
28.438274
 20
281.984996
 30
0.0
 10
28.446794
 20
281.985848
 30
0.0
  0
SPLINE
  5
213
100
AcDbEntity
  8
0
 62
7
100
AcDbSpline
 70
8
 71
3
 72
8
 73
4
 74
0
 40
0
 40
0
 40
0
 40
0
 40
1
 40
1
 40
1
 40
1
 10
28.446794
 20
281.985848
 30
0.0
 10
28.455737
 20
281.987118
 30
0.0
 10
28.466816
 20
281.987753
 30
0.0
 10
28.480033
 20
281.987753
 30
0.0
  0
SPLINE
  5
214
100
AcDbEntity
  8
0
 62
7
100
AcDbSpline
 70
8
 71
3
 72
8
 73
4
 74
0
 40
0
 40
0
 40
0
 40
0
 40
1
 40
1
 40
1
 40
1
 10
28.480033
 20
281.987753
 30
0.0
 10
28.493668
 20
281.987753
 30
0.0
 10
28.504960
 20
281.987118
 30
0.0
 10
28.513910
 20
281.985848
 30
0.0
  0
SPLINE
  5
215
100
AcDbEntity
  8
0
 62
7
100
AcDbSpline
 70
8
 71
3
 72
8
 73
4
 74
0
 40
0
 40
0
 40
0
 40
0
 40
1
 40
1
 40
1
 40
1
 10
28.513910
 20
281.985848
 30
0.0
 10
28.522853
 20
281.985001
 30
0.0
 10
28.529671
 20
281.983510
 30
0.0
 10
28.534363
 20
281.981373
 30
0.0
  0
SPLINE
  5
216
100
AcDbEntity
  8
0
 62
7
100
AcDbSpline
 70
8
 71
3
 72
8
 73
4
 74
0
 40
0
 40
0
 40
0
 40
0
 40
1
 40
1
 40
1
 40
1
 10
28.534363
 20
281.981373
 30
0.0
 10
28.539478
 20
281.979243
 30
0.0
 10
28.543103
 20
281.976473
 30
0.0
 10
28.545237
 20
281.973063
 30
0.0
  0
SPLINE
  5
217
100
AcDbEntity
  8
0
 62
7
100
AcDbSpline
 70
8
 71
3
 72
8
 73
4
 74
0
 40
0
 40
0
 40
0
 40
0
 40
1
 40
1
 40
1
 40
1
 10
28.545237
 20
281.973063
 30
0.0
 10
28.547371
 20
281.970080
 30
0.0
 10
28.548439
 20
281.966458
 30
0.0
 10
28.548439
 20
281.962196
 30
0.0
  0
LWPOLYLINE
  5
218
100
AcDbEntity
  8
0
 62
7
100
AcDbPolyline
 90
2
 70
0
 10
28.410995
 20
281.392009
 30
0.0
 10
28.410995
 20
281.962196
 30
0.0
  0
SPLINE
  5
219
100
AcDbEntity
  8
0
 62
7
100
AcDbSpline
 70
8
 71
3
 72
8
 73
4
 74
0
 40
0
 40
0
 40
0
 40
0
 40
1
 40
1
 40
1
 40
1
 10
28.548439
 20
281.891243
 30
0.0
 10
28.563361
 20
281.912550
 30
0.0
 10
28.577424
 20
281.930022
 30
0.0
 10
28.590626
 20
281.943659
 30
0.0
  0
SPLINE
  5
21a
100
AcDbEntity
  8
0
 62
7
100
AcDbSpline
 70
8
 71
3
 72
8
 73
4
 74
0
 40
0
 40
0
 40
0
 40
0
 40
1
 40
1
 40
1
 40
1
 10
28.590626
 20
281.943659
 30
0.0
 10
28.603838
 20
281.957722
 30
0.0
 10
28.616409
 20
281.968802
 30
0.0
 10
28.628340
 20
281.976899
 30
0.0
  0
SPLINE
  5
21b
100
AcDbEntity
  8
0
 62
7
100
AcDbSpline
 70
8
 71
3
 72
8
 73
4
 74
0
 40
0
 40
0
 40
0
 40
0
 40
1
 40
1
 40
1
 40
1
 10
28.628340
 20
281.976899
 30
0.0
 10
28.640282
 20
281.984995
 30
0.0
 10
28.652214
 20
281.990535
 30
0.0
 10
28.664138
 20
281.993520
 30
0.0
  0
SPLINE
  5
21c
100
AcDbEntity
  8
0
 62
7
100
AcDbSpline
 70
8
 71
3
 72
8
 73
4
 74
0
 40
0
 40
0
 40
0
 40
0
 40
1
 40
1
 40
1
 40
1
 10
28.664138
 20
281.993520
 30
0.0
 10
28.676062
 20
281.996929
 30
0.0
 10
28.687994
 20
281.998634
 30
0.0
 10
28.699934
 20
281.998634
 30
0.0
  0
SPLINE
  5
21d
100
AcDbEntity
  8
0
 62
7
100
AcDbSpline
 70
8
 71
3
 72
8
 73
4
 74
0
 40
0
 40
0
 40
0
 40
0
 40
1
 40
1
 40
1
 40
1
 10
28.699934
 20
281.998634
 30
0.0
 10
28.705472
 20
281.998634
 30
0.0
 10
28.711443
 20
281.998211
 30
0.0
 10
28.717846
 20
281.997364
 30
0.0
  0
SPLINE
  5
21e
100
AcDbEntity
  8
0
 62
7
100
AcDbSpline
 70
8
 71
3
 72
8
 73
4
 74
0
 40
0
 40
0
 40
0
 40
0
 40
1
 40
1
 40
1
 40
1
 10
28.717846
 20
281.997364
 30
0.0
 10
28.724231
 20
281.996941
 30
0.0
 10
28.730837
 20
281.995875
 30
0.0
 10
28.737663
 20
281.994168
 30
0.0
  0
SPLINE
  5
21f
100
AcDbEntity
  8
0
 62
7
100
AcDbSpline
 70
8
 71
3
 72
8
 73
4
 74
0
 40
0
 40
0
 40
0
 40
0
 40
1
 40
1
 40
1
 40
1
 10
28.737663
 20
281.994168
 30
0.0
 10
28.744489
 20
281.992898
 30
0.0
 10
28.750460
 20
281.991193
 30
0.0
 10
28.755575
 20
281.989054
 30
0.0
  0
SPLINE
  5
220
100
AcDbEntity
  8
0
 62
7
100
AcDbSpline
 70
8
 71
3
 72
8
 73
4
 74
0
 40
0
 40
0
 40
0
 40
0
 40
1
 40
1
 40
1
 40
1
 10
28.755575
 20
281.989054
 30
0.0
 10
28.760691
 20
281.987343
 30
0.0
 10
28.764316
 20
281.985425
 30
0.0
 10
28.766450
 20
281.983301
 30
0.0
  0
SPLINE
  5
221
100
AcDbEntity
  8
0
 62
7
100
AcDbSpline
 70
8
 71
3
 72
8
 73
4
 74
0
 40
0
 40
0
 40
0
 40
0
 40
1
 40
1
 40
1
 40
1
 10
28.766450
 20
281.983301
 30
0.0
 10
28.769008
 20
281.981171
 30
0.0
 10
28.770710
 20
281.978827
 30
0.0
 10
28.771556
 20
281.976269
 30
0.0
  0
SPLINE
  5
222
100
AcDbEntity
  8
0
 62
7
100
AcDbSpline
 70
8
 71
3
 72
8
 73
4
 74
0
 40
0
 40
0
 40
0
 40
0
 40
1
 40
1
 40
1
 40
1
 10
28.771556
 20
281.976269
 30
0.0
 10
28.772791
 20
281.973711
 30
0.0
 10
28.773858
 20
281.970089
 30
0.0
 10
28.774758
 20
281.965402
 30
0.0
  0
SPLINE
  5
223
100
AcDbEntity
  8
0
 62
7
100
AcDbSpline
 70
8
 71
3
 72
8
 73
4
 74
0
 40
0
 40
0
 40
0
 40
0
 40
1
 40
1
 40
1
 40
1
 10
28.774758
 20
281.965402
 30
0.0
 10
28.775640
 20
281.961141
 30
0.0
 10
28.776257
 20
281.954536
 30
0.0
 10
28.776610
 20
281.945588
 30
0.0
  0
SPLINE
  5
224
100
AcDbEntity
  8
0
 62
7
100
AcDbSpline
 70
8
 71
3
 72
8
 73
4
 74
0
 40
0
 40
0
 40
0
 40
0
 40
1
 40
1
 40
1
 40
1
 10
28.776610
 20
281.945588
 30
0.0
 10
28.776963
 20
281.936638
 30
0.0
 10
28.777139
 20
281.924493
 30
0.0
 10
28.777139
 20
281.909152
 30
0.0
  0
LWPOLYLINE
  5
225
100
AcDbEntity
  8
0
 62
7
100
AcDbPolyline
 90
2
 70
0
 10
28.548439
 20
281.962196
 30
0.0
 10
28.548439
 20
281.891243
 30
0.0
  0
SPLINE
  5
226
100
AcDbEntity
  8
0
 62
7
100
AcDbSpline
 70
8
 71
3
 72
8
 73
4
 74
0
 40
0
 40
0
 40
0
 40
0
 40
1
 40
1
 40
1
 40
1
 10
29.388408
 20
281.693726
 30
0.0
 10
29.388408
 20
281.674123
 30
0.0
 10
29.383937
 20
281.659634
 30
0.0
 10
29.374994
 20
281.650259
 30
0.0
  0
SPLINE
  5
227
100
AcDbEntity
  8
0
 62
7
100
AcDbSpline
 70
8
 71
3
 72
8
 73
4
 74
0
 40
0
 40
0
 40
0
 40
0
 40
1
 40
1
 40
1
 40
1
 10
29.374994
 20
281.650259
 30
0.0
 10
29.366474
 20
281.640884
 30
0.0
 10
29.354542
 20
281.636196
 30
0.0
 10
29.339196
 20
281.636196
 30
0.0
  0
LWPOLYLINE
  5
228
100
AcDbEntity
  8
0
 62
7
100
AcDbPolyline
 90
2
 70
0
 10
28.777139
 20
281.909152
 30
0.0
 10
28.777311
 20
281.909144
 30
0.0
  0
SPLINE
  5
229
100
AcDbEntity
  8
0
 62
7
100
AcDbSpline
 70
8
 71
3
 72
8
 73
4
 74
0
 40
0
 40
0
 40
0
 40
0
 40
1
 40
1
 40
1
 40
1
 10
28.992097
 20
281.636196
 30
0.0
 10
28.992097
 20
281.611906
 30
0.0
 10
28.994866
 20
281.589746
 30
0.0
 10
29.000405
 20
281.569717
 30
0.0
  0
SPLINE
  5
22a
100
AcDbEntity
  8
0
 62
7
100
AcDbSpline
 70
8
 71
3
 72
8
 73
4
 74
0
 40
0
 40
0
 40
0
 40
0
 40
1
 40
1
 40
1
 40
1
 10
29.000405
 20
281.569717
 30
0.0
 10
29.006367
 20
281.550114
 30
0.0
 10
29.015529
 20
281.533281
 30
0.0
 10
29.027893
 20
281.519218
 30
0.0
  0
SPLINE
  5
22b
100
AcDbEntity
  8
0
 62
7
100
AcDbSpline
 70
8
 71
3
 72
8
 73
4
 74
0
 40
0
 40
0
 40
0
 40
0
 40
1
 40
1
 40
1
 40
1
 10
29.027893
 20
281.519218
 30
0.0
 10
29.040681
 20
281.505582
 30
0.0
 10
29.056874
 20
281.495141
 30
0.0
 10
29.076473
 20
281.487896
 30
0.0
  0
SPLINE
  5
22c
100
AcDbEntity
  8
0
 62
7
100
AcDbSpline
 70
8
 71
3
 72
8
 73
4
 74
0
 40
0
 40
0
 40
0
 40
0
 40
1
 40
1
 40
1
 40
1
 10
29.076473
 20
281.487896
 30
0.0
 10
29.096502
 20
281.480652
 30
0.0
 10
29.120366
 20
281.477030
 30
0.0
 10
29.148066
 20
281.477030
 30
0.0
  0
SPLINE
  5
22d
100
AcDbEntity
  8
0
 62
7
100
AcDbSpline
 70
8
 71
3
 72
8
 73
4
 74
0
 40
0
 40
0
 40
0
 40
0
 40
1
 40
1
 40
1
 40
1
 10
29.148066
 20
281.477030
 30
0.0
 10
29.176191
 20
281.477030
 30
0.0
 10
29.200908
 20
281.478947
 30
0.0
 10
29.222216
 20
281.482782
 30
0.0
  0
SPLINE
  5
22e
100
AcDbEntity
  8
0
 62
7
100
AcDbSpline
 70
8
 71
3
 72
8
 73
4
 74
0
 40
0
 40
0
 40
0
 40
0
 40
1
 40
1
 40
1
 40
1
 10
29.222216
 20
281.482782
 30
0.0
 10
29.243523
 20
281.487043
 30
0.0
 10
29.261848
 20
281.491518
 30
0.0
 10
29.277188
 20
281.496207
 30
0.0
  0
SPLINE
  5
22f
100
AcDbEntity
  8
0
 62
7
100
AcDbSpline
 70
8
 71
3
 72
8
 73
4
 74
0
 40
0
 40
0
 40
0
 40
0
 40
1
 40
1
 40
1
 40
1
 10
29.277188
 20
281.496207
 30
0.0
 10
29.292957
 20
281.501320
 30
0.0
 10
29.305955
 20
281.505795
 30
0.0
 10
29.316182
 20
281.509632
 30
0.0
  0
SPLINE
  5
230
100
AcDbEntity
  8
0
 62
7
100
AcDbSpline
 70
8
 71
3
 72
8
 73
4
 74
0
 40
0
 40
0
 40
0
 40
0
 40
1
 40
1
 40
1
 40
1
 10
29.316182
 20
281.509632
 30
0.0
 10
29.326413
 20
281.513893
 30
0.0
 10
29.334721
 20
281.516024
 30
0.0
 10
29.341106
 20
281.516024
 30
0.0
  0
SPLINE
  5
231
100
AcDbEntity
  8
0
 62
7
100
AcDbSpline
 70
8
 71
3
 72
8
 73
4
 74
0
 40
0
 40
0
 40
0
 40
0
 40
1
 40
1
 40
1
 40
1
 10
29.341106
 20
281.516024
 30
0.0
 10
29.344934
 20
281.516024
 30
0.0
 10
29.348126
 20
281.515169
 30
0.0
 10
29.350684
 20
281.513458
 30
0.0
  0
SPLINE
  5
232
100
AcDbEntity
  8
0
 62
7
100
AcDbSpline
 70
8
 71
3
 72
8
 73
4
 74
0
 40
0
 40
0
 40
0
 40
0
 40
1
 40
1
 40
1
 40
1
 10
29.350684
 20
281.513458
 30
0.0
 10
29.353242
 20
281.512188
 30
0.0
 10
29.355376
 20
281.509631
 30
0.0
 10
29.357087
 20
281.505787
 30
0.0
  0
SPLINE
  5
233
100
AcDbEntity
  8
0
 62
7
100
AcDbSpline
 70
8
 71
3
 72
8
 73
4
 74
0
 40
0
 40
0
 40
0
 40
0
 40
1
 40
1
 40
1
 40
1
 10
29.357087
 20
281.505787
 30
0.0
 10
29.358851
 20
281.501953
 30
0.0
 10
29.359918
 20
281.496412
 30
0.0
 10
29.360288
 20
281.489166
 30
0.0
  0
SPLINE
  5
234
100
AcDbEntity
  8
0
 62
7
100
AcDbSpline
 70
8
 71
3
 72
8
 73
4
 74
0
 40
0
 40
0
 40
0
 40
0
 40
1
 40
1
 40
1
 40
1
 10
29.360288
 20
281.489166
 30
0.0
 10
29.361170
 20
281.482349
 30
0.0
 10
29.361611
 20
281.473613
 30
0.0
 10
29.361611
 20
281.462959
 30
0.0
  0
SPLINE
  5
235
100
AcDbEntity
  8
0
 62
7
100
AcDbSpline
 70
8
 71
3
 72
8
 73
4
 74
0
 40
0
 40
0
 40
0
 40
0
 40
1
 40
1
 40
1
 40
1
 10
29.361611
 20
281.462959
 30
0.0
 10
29.361611
 20
281.453584
 30
0.0
 10
29.361435
 20
281.445487
 30
0.0
 10
29.361082
 20
281.438668
 30
0.0
  0
SPLINE
  5
236
100
AcDbEntity
  8
0
 62
7
100
AcDbSpline
 70
8
 71
3
 72
8
 73
4
 74
0
 40
0
 40
0
 40
0
 40
0
 40
1
 40
1
 40
1
 40
1
 10
29.361082
 20
281.438668
 30
0.0
 10
29.360729
 20
281.432276
 30
0.0
 10
29.360112
 20
281.426735
 30
0.0
 10
29.359230
 20
281.422047
 30
0.0
  0
SPLINE
  5
237
100
AcDbEntity
  8
0
 62
7
100
AcDbSpline
 70
8
 71
3
 72
8
 73
4
 74
0
 40
0
 40
0
 40
0
 40
0
 40
1
 40
1
 40
1
 40
1
 10
29.359230
 20
281.422047
 30
0.0
 10
29.358348
 20
281.417360
 30
0.0
 10
29.357069
 20
281.413312
 30
0.0
 10
29.355394
 20
281.409902
 30
0.0
  0
SPLINE
  5
238
100
AcDbEntity
  8
0
 62
7
100
AcDbSpline
 70
8
 71
3
 72
8
 73
4
 74
0
 40
0
 40
0
 40
0
 40
0
 40
1
 40
1
 40
1
 40
1
 10
29.355394
 20
281.409902
 30
0.0
 10
29.353630
 20
281.406920
 30
0.0
 10
29.351284
 20
281.403937
 30
0.0
 10
29.348356
 20
281.400954
 30
0.0
  0
SPLINE
  5
239
100
AcDbEntity
  8
0
 62
7
100
AcDbSpline
 70
8
 71
3
 72
8
 73
4
 74
0
 40
0
 40
0
 40
0
 40
0
 40
1
 40
1
 40
1
 40
1
 10
29.348356
 20
281.400954
 30
0.0
 10
29.345798
 20
281.397972
 30
0.0
 10
29.338346
 20
281.393923
 30
0.0
 10
29.325998
 20
281.388810
 30
0.0
  0
SPLINE
  5
23a
100
AcDbEntity
  8
0
 62
7
100
AcDbSpline
 70
8
 71
3
 72
8
 73
4
 74
0
 40
0
 40
0
 40
0
 40
0
 40
1
 40
1
 40
1
 40
1
 10
29.325998
 20
281.388810
 30
0.0
 10
29.313634
 20
281.383696
 30
0.0
 10
29.297865
 20
281.378583
 30
0.0
 10
29.278694
 20
281.373469
 30
0.0
  0
SPLINE
  5
23b
100
AcDbEntity
  8
0
 62
7
100
AcDbSpline
 70
8
 71
3
 72
8
 73
4
 74
0
 40
0
 40
0
 40
0
 40
0
 40
1
 40
1
 40
1
 40
1
 10
29.278694
 20
281.373469
 30
0.0
 10
29.259518
 20
281.368781
 30
0.0
 10
29.237572
 20
281.364733
 30
0.0
 10
29.212855
 20
281.361325
 30
0.0
  0
SPLINE
  5
23c
100
AcDbEntity
  8
0
 62
7
100
AcDbSpline
 70
8
 71
3
 72
8
 73
4
 74
0
 40
0
 40
0
 40
0
 40
0
 40
1
 40
1
 40
1
 40
1
 10
29.212855
 20
281.361325
 30
0.0
 10
29.188137
 20
281.357490
 30
0.0
 10
29.161716
 20
281.355573
 30
0.0
 10
29.133591
 20
281.355573
 30
0.0
  0
SPLINE
  5
23d
100
AcDbEntity
  8
0
 62
7
100
AcDbSpline
 70
8
 71
3
 72
8
 73
4
 74
0
 40
0
 40
0
 40
0
 40
0
 40
1
 40
1
 40
1
 40
1
 10
29.133591
 20
281.355573
 30
0.0
 10
29.082879
 20
281.355573
 30
0.0
 10
29.038347
 20
281.361965
 30
0.0
 10
28.999995
 20
281.374750
 30
0.0
  0
SPLINE
  5
23e
100
AcDbEntity
  8
0
 62
7
100
AcDbSpline
 70
8
 71
3
 72
8
 73
4
 74
0
 40
0
 40
0
 40
0
 40
0
 40
1
 40
1
 40
1
 40
1
 10
28.999995
 20
281.374750
 30
0.0
 10
28.962066
 20
281.387535
 30
0.0
 10
28.930318
 20
281.406924
 30
0.0
 10
28.904750
 20
281.432919
 30
0.0
  0
SPLINE
  5
23f
100
AcDbEntity
  8
0
 62
7
100
AcDbSpline
 70
8
 71
3
 72
8
 73
4
 74
0
 40
0
 40
0
 40
0
 40
0
 40
1
 40
1
 40
1
 40
1
 10
28.904750
 20
281.432919
 30
0.0
 10
28.879181
 20
281.458914
 30
0.0
 10
28.860004
 20
281.491728
 30
0.0
 10
28.847219
 20
281.531360
 30
0.0
  0
SPLINE
  5
240
100
AcDbEntity
  8
0
 62
7
100
AcDbSpline
 70
8
 71
3
 72
8
 73
4
 74
0
 40
0
 40
0
 40
0
 40
0
 40
1
 40
1
 40
1
 40
1
 10
28.847219
 20
281.531360
 30
0.0
 10
28.834854
 20
281.570991
 30
0.0
 10
28.828672
 20
281.617442
 30
0.0
 10
28.828672
 20
281.670710
 30
0.0
  0
SPLINE
  5
241
100
AcDbEntity
  8
0
 62
7
100
AcDbSpline
 70
8
 71
3
 72
8
 73
4
 74
0
 40
0
 40
0
 40
0
 40
0
 40
1
 40
1
 40
1
 40
1
 10
28.828672
 20
281.670710
 30
0.0
 10
28.828672
 20
281.721422
 30
0.0
 10
28.835278
 20
281.767020
 30
0.0
 10
28.848489
 20
281.807504
 30
0.0
  0
SPLINE
  5
242
100
AcDbEntity
  8
0
 62
7
100
AcDbSpline
 70
8
 71
3
 72
8
 73
4
 74
0
 40
0
 40
0
 40
0
 40
0
 40
1
 40
1
 40
1
 40
1
 10
28.848489
 20
281.807504
 30
0.0
 10
28.861701
 20
281.848414
 30
0.0
 10
28.880878
 20
281.882932
 30
0.0
 10
28.906020
 20
281.911058
 30
0.0
  0
SPLINE
  5
243
100
AcDbEntity
  8
0
 62
7
100
AcDbSpline
 70
8
 71
3
 72
8
 73
4
 74
0
 40
0
 40
0
 40
0
 40
0
 40
1
 40
1
 40
1
 40
1
 10
28.906020
 20
281.911058
 30
0.0
 10
28.931163
 20
281.939610
 30
0.0
 10
28.961632
 20
281.961344
 30
0.0
 10
28.997428
 20
281.976259
 30
0.0
  0
SPLINE
  5
244
100
AcDbEntity
  8
0
 62
7
100
AcDbSpline
 70
8
 71
3
 72
8
 73
4
 74
0
 40
0
 40
0
 40
0
 40
0
 40
1
 40
1
 40
1
 40
1
 10
28.997428
 20
281.976259
 30
0.0
 10
29.033652
 20
281.991174
 30
0.0
 10
29.074349
 20
281.998632
 30
0.0
 10
29.119520
 20
281.998632
 30
0.0
  0
SPLINE
  5
245
100
AcDbEntity
  8
0
 62
7
100
AcDbSpline
 70
8
 71
3
 72
8
 73
4
 74
0
 40
0
 40
0
 40
0
 40
0
 40
1
 40
1
 40
1
 40
1
 10
29.119520
 20
281.998632
 30
0.0
 10
29.167249
 20
281.998632
 30
0.0
 10
29.207947
 20
281.991600
 30
0.0
 10
29.241612
 20
281.977537
 30
0.0
  0
SPLINE
  5
246
100
AcDbEntity
  8
0
 62
7
100
AcDbSpline
 70
8
 71
3
 72
8
 73
4
 74
0
 40
0
 40
0
 40
0
 40
0
 40
1
 40
1
 40
1
 40
1
 10
29.241612
 20
281.977537
 30
0.0
 10
29.275705
 20
281.963473
 30
0.0
 10
29.303617
 20
281.943870
 30
0.0
 10
29.325350
 20
281.918728
 30
0.0
  0
SPLINE
  5
247
100
AcDbEntity
  8
0
 62
7
100
AcDbSpline
 70
8
 71
3
 72
8
 73
4
 74
0
 40
0
 40
0
 40
0
 40
0
 40
1
 40
1
 40
1
 40
1
 10
29.325350
 20
281.918728
 30
0.0
 10
29.347083
 20
281.894012
 30
0.0
 10
29.363064
 20
281.864607
 30
0.0
 10
29.373293
 20
281.830516
 30
0.0
  0
SPLINE
  5
248
100
AcDbEntity
  8
0
 62
7
100
AcDbSpline
 70
8
 71
3
 72
8
 73
4
 74
0
 40
0
 40
0
 40
0
 40
0
 40
1
 40
1
 40
1
 40
1
 10
29.373293
 20
281.830516
 30
0.0
 10
29.383523
 20
281.796424
 30
0.0
 10
29.388639
 20
281.759349
 30
0.0
 10
29.388639
 20
281.719291
 30
0.0
  0
LWPOLYLINE
  5
249
100
AcDbEntity
  8
0
 62
7
100
AcDbPolyline
 90
2
 70
0
 10
29.339196
 20
281.636196
 30
0.0
 10
28.992097
 20
281.636196
 30
0.0
  0
SPLINE
  5
24a
100
AcDbEntity
  8
0
 62
7
100
AcDbSpline
 70
8
 71
3
 72
8
 73
4
 74
0
 40
0
 40
0
 40
0
 40
0
 40
1
 40
1
 40
1
 40
1
 10
29.232439
 20
281.739750
 30
0.0
 10
29.233674
 20
281.784921
 30
0.0
 10
29.224511
 20
281.820292
 30
0.0
 10
29.204952
 20
281.845861
 30
0.0
  0
SPLINE
  5
24b
100
AcDbEntity
  8
0
 62
7
100
AcDbSpline
 70
8
 71
3
 72
8
 73
4
 74
0
 40
0
 40
0
 40
0
 40
0
 40
1
 40
1
 40
1
 40
1
 10
29.204952
 20
281.845861
 30
0.0
 10
29.185775
 20
281.871856
 30
0.0
 10
29.155944
 20
281.884853
 30
0.0
 10
29.115459
 20
281.884853
 30
0.0
  0
SPLINE
  5
24c
100
AcDbEntity
  8
0
 62
7
100
AcDbSpline
 70
8
 71
3
 72
8
 73
4
 74
0
 40
0
 40
0
 40
0
 40
0
 40
1
 40
1
 40
1
 40
1
 10
29.115459
 20
281.884853
 30
0.0
 10
29.095005
 20
281.884853
 30
0.0
 10
29.077107
 20
281.881018
 30
0.0
 10
29.061764
 20
281.873347
 30
0.0
  0
SPLINE
  5
24d
100
AcDbEntity
  8
0
 62
7
100
AcDbSpline
 70
8
 71
3
 72
8
 73
4
 74
0
 40
0
 40
0
 40
0
 40
0
 40
1
 40
1
 40
1
 40
1
 10
29.061764
 20
281.873347
 30
0.0
 10
29.046842
 20
281.865676
 30
0.0
 10
29.034271
 20
281.855235
 30
0.0
 10
29.024051
 20
281.842025
 30
0.0
  0
SPLINE
  5
24e
100
AcDbEntity
  8
0
 62
7
100
AcDbSpline
 70
8
 71
3
 72
8
 73
4
 74
0
 40
0
 40
0
 40
0
 40
0
 40
1
 40
1
 40
1
 40
1
 10
29.024051
 20
281.842025
 30
0.0
 10
29.014244
 20
281.829240
 30
0.0
 10
29.006571
 20
281.813899
 30
0.0
 10
29.001032
 20
281.796001
 30
0.0
  0
SPLINE
  5
24f
100
AcDbEntity
  8
0
 62
7
100
AcDbSpline
 70
8
 71
3
 72
8
 73
4
 74
0
 40
0
 40
0
 40
0
 40
0
 40
1
 40
1
 40
1
 40
1
 10
29.001032
 20
281.796001
 30
0.0
 10
28.995917
 20
281.778530
 30
0.0
 10
28.992936
 20
281.759779
 30
0.0
 10
28.992089
 20
281.739749
 30
0.0
  0
LWPOLYLINE
  5
250
100
AcDbEntity
  8
0
 62
7
100
AcDbPolyline
 90
2
 70
0
 10
29.388639
 20
281.719291
 30
0.0
 10
29.388408
 20
281.693726
 30
0.0
  0
SPLINE
  5
251
100
AcDbEntity
  8
0
 62
7
100
AcDbSpline
 70
8
 71
3
 72
8
 73
4
 74
0
 40
0
 40
0
 40
0
 40
0
 40
1
 40
1
 40
1
 40
1
 10
29.922160
 20
281.553097
 30
0.0
 10
29.922160
 20
281.520709
 30
0.0
 10
29.915978
 20
281.492157
 30
0.0
 10
29.903613
 20
281.467441
 30
0.0
  0
SPLINE
  5
252
100
AcDbEntity
  8
0
 62
7
100
AcDbSpline
 70
8
 71
3
 72
8
 73
4
 74
0
 40
0
 40
0
 40
0
 40
0
 40
1
 40
1
 40
1
 40
1
 10
29.903613
 20
281.467441
 30
0.0
 10
29.891671
 20
281.442724
 30
0.0
 10
29.874625
 20
281.422056
 30
0.0
 10
29.852474
 20
281.405436
 30
0.0
  0
SPLINE
  5
253
100
AcDbEntity
  8
0
 62
7
100
AcDbSpline
 70
8
 71
3
 72
8
 73
4
 74
0
 40
0
 40
0
 40
0
 40
0
 40
1
 40
1
 40
1
 40
1
 10
29.852474
 20
281.405436
 30
0.0
 10
29.830314
 20
281.388817
 30
0.0
 10
29.804107
 20
281.376458
 30
0.0
 10
29.773851
 20
281.368361
 30
0.0
  0
SPLINE
  5
254
100
AcDbEntity
  8
0
 62
7
100
AcDbSpline
 70
8
 71
3
 72
8
 73
4
 74
0
 40
0
 40
0
 40
0
 40
0
 40
1
 40
1
 40
1
 40
1
 10
29.773851
 20
281.368361
 30
0.0
 10
29.743593
 20
281.359838
 30
0.0
 10
29.710779
 20
281.355576
 30
0.0
 10
29.675410
 20
281.355576
 30
0.0
  0
SPLINE
  5
255
100
AcDbEntity
  8
0
 62
7
100
AcDbSpline
 70
8
 71
3
 72
8
 73
4
 74
0
 40
0
 40
0
 40
0
 40
0
 40
1
 40
1
 40
1
 40
1
 10
29.675410
 20
281.355576
 30
0.0
 10
29.654102
 20
281.355576
 30
0.0
 10
29.633647
 20
281.357281
 30
0.0
 10
29.614045
 20
281.360691
 30
0.0
  0
SPLINE
  5
256
100
AcDbEntity
  8
0
 62
7
100
AcDbSpline
 70
8
 71
3
 72
8
 73
4
 74
0
 40
0
 40
0
 40
0
 40
0
 40
1
 40
1
 40
1
 40
1
 10
29.614045
 20
281.360691
 30
0.0
 10
29.594868
 20
281.363674
 30
0.0
 10
29.577608
 20
281.367509
 30
0.0
 10
29.562266
 20
281.372197
 30
0.0
  0
SPLINE
  5
257
100
AcDbEntity
  8
0
 62
7
100
AcDbSpline
 70
8
 71
3
 72
8
 73
4
 74
0
 40
0
 40
0
 40
0
 40
0
 40
1
 40
1
 40
1
 40
1
 10
29.562266
 20
281.372197
 30
0.0
 10
29.546920
 20
281.377311
 30
0.0
 10
29.534136
 20
281.382425
 30
0.0
 10
29.523912
 20
281.387538
 30
0.0
  0
SPLINE
  5
258
100
AcDbEntity
  8
0
 62
7
100
AcDbSpline
 70
8
 71
3
 72
8
 73
4
 74
0
 40
0
 40
0
 40
0
 40
0
 40
1
 40
1
 40
1
 40
1
 10
29.523912
 20
281.387538
 30
0.0
 10
29.513682
 20
281.392652
 30
0.0
 10
29.506229
 20
281.397339
 30
0.0
 10
29.501555
 20
281.401601
 30
0.0
  0
SPLINE
  5
259
100
AcDbEntity
  8
0
 62
7
100
AcDbSpline
 70
8
 71
3
 72
8
 73
4
 74
0
 40
0
 40
0
 40
0
 40
0
 40
1
 40
1
 40
1
 40
1
 10
29.501555
 20
281.401601
 30
0.0
 10
29.496863
 20
281.406289
 30
0.0
 10
29.493238
 20
281.413321
 30
0.0
 10
29.490680
 20
281.422696
 30
0.0
  0
SPLINE
  5
25a
100
AcDbEntity
  8
0
 62
7
100
AcDbSpline
 70
8
 71
3
 72
8
 73
4
 74
0
 40
0
 40
0
 40
0
 40
0
 40
1
 40
1
 40
1
 40
1
 10
29.490680
 20
281.422696
 30
0.0
 10
29.488123
 20
281.432498
 30
0.0
 10
29.486844
 20
281.446774
 30
0.0
 10
29.486844
 20
281.465524
 30
0.0
  0
SPLINE
  5
25b
100
AcDbEntity
  8
0
 62
7
100
AcDbSpline
 70
8
 71
3
 72
8
 73
4
 74
0
 40
0
 40
0
 40
0
 40
0
 40
1
 40
1
 40
1
 40
1
 10
29.486844
 20
281.465524
 30
0.0
 10
29.486844
 20
281.477882
 30
0.0
 10
29.487285
 20
281.487683
 30
0.0
 10
29.488167
 20
281.494928
 30
0.0
  0
SPLINE
  5
25c
100
AcDbEntity
  8
0
 62
7
100
AcDbSpline
 70
8
 71
3
 72
8
 73
4
 74
0
 40
0
 40
0
 40
0
 40
0
 40
1
 40
1
 40
1
 40
1
 10
29.488167
 20
281.494928
 30
0.0
 10
29.489049
 20
281.502599
 30
0.0
 10
29.490328
 20
281.508566
 30
0.0
 10
29.492003
 20
281.512827
 30
0.0
  0
SPLINE
  5
25d
100
AcDbEntity
  8
0
 62
7
100
AcDbSpline
 70
8
 71
3
 72
8
 73
4
 74
0
 40
0
 40
0
 40
0
 40
0
 40
1
 40
1
 40
1
 40
1
 10
29.492003
 20
281.512827
 30
0.0
 10
29.493767
 20
281.517514
 30
0.0
 10
29.495902
 20
281.520497
 30
0.0
 10
29.498406
 20
281.521775
 30
0.0
  0
SPLINE
  5
25e
100
AcDbEntity
  8
0
 62
7
100
AcDbSpline
 70
8
 71
3
 72
8
 73
4
 74
0
 40
0
 40
0
 40
0
 40
0
 40
1
 40
1
 40
1
 40
1
 10
29.498406
 20
281.521775
 30
0.0
 10
29.500964
 20
281.523486
 30
0.0
 10
29.504157
 20
281.524342
 30
0.0
 10
29.507984
 20
281.524342
 30
0.0
  0
SPLINE
  5
25f
100
AcDbEntity
  8
0
 62
7
100
AcDbSpline
 70
8
 71
3
 72
8
 73
4
 74
0
 40
0
 40
0
 40
0
 40
0
 40
1
 40
1
 40
1
 40
1
 10
29.507984
 20
281.524342
 30
0.0
 10
29.512676
 20
281.524342
 30
0.0
 10
29.519494
 20
281.521572
 30
0.0
 10
29.528436
 20
281.516031
 30
0.0
  0
SPLINE
  5
260
100
AcDbEntity
  8
0
 62
7
100
AcDbSpline
 70
8
 71
3
 72
8
 73
4
 74
0
 40
0
 40
0
 40
0
 40
0
 40
1
 40
1
 40
1
 40
1
 10
29.528436
 20
281.516031
 30
0.0
 10
29.537820
 20
281.510918
 30
0.0
 10
29.549326
 20
281.505165
 30
0.0
 10
29.562954
 20
281.498773
 30
0.0
  0
SPLINE
  5
261
100
AcDbEntity
  8
0
 62
7
100
AcDbSpline
 70
8
 71
3
 72
8
 73
4
 74
0
 40
0
 40
0
 40
0
 40
0
 40
1
 40
1
 40
1
 40
1
 10
29.562954
 20
281.498773
 30
0.0
 10
29.576589
 20
281.492380
 30
0.0
 10
29.592356
 20
281.486414
 30
0.0
 10
29.610256
 20
281.480873
 30
0.0
  0
SPLINE
  5
262
100
AcDbEntity
  8
0
 62
7
100
AcDbSpline
 70
8
 71
3
 72
8
 73
4
 74
0
 40
0
 40
0
 40
0
 40
0
 40
1
 40
1
 40
1
 40
1
 10
29.610256
 20
281.480873
 30
0.0
 10
29.628581
 20
281.475333
 30
0.0
 10
29.649250
 20
281.472563
 30
0.0
 10
29.672261
 20
281.472563
 30
0.0
  0
SPLINE
  5
263
100
AcDbEntity
  8
0
 62
7
100
AcDbSpline
 70
8
 71
3
 72
8
 73
4
 74
0
 40
0
 40
0
 40
0
 40
0
 40
1
 40
1
 40
1
 40
1
 10
29.672261
 20
281.472563
 30
0.0
 10
29.686743
 20
281.472563
 30
0.0
 10
29.699527
 20
281.474054
 30
0.0
 10
29.710615
 20
281.477037
 30
0.0
  0
SPLINE
  5
264
100
AcDbEntity
  8
0
 62
7
100
AcDbSpline
 70
8
 71
3
 72
8
 73
4
 74
0
 40
0
 40
0
 40
0
 40
0
 40
1
 40
1
 40
1
 40
1
 10
29.710615
 20
281.477037
 30
0.0
 10
29.722116
 20
281.480020
 30
0.0
 10
29.731917
 20
281.484281
 30
0.0
 10
29.740018
 20
281.489822
 30
0.0
  0
SPLINE
  5
265
100
AcDbEntity
  8
0
 62
7
100
AcDbSpline
 70
8
 71
3
 72
8
 73
4
 74
0
 40
0
 40
0
 40
0
 40
0
 40
1
 40
1
 40
1
 40
1
 10
29.740018
 20
281.489822
 30
0.0
 10
29.748538
 20
281.495362
 30
0.0
 10
29.754932
 20
281.502394
 30
0.0
 10
29.759201
 20
281.510917
 30
0.0
  0
SPLINE
  5
266
100
AcDbEntity
  8
0
 62
7
100
AcDbSpline
 70
8
 71
3
 72
8
 73
4
 74
0
 40
0
 40
0
 40
0
 40
0
 40
1
 40
1
 40
1
 40
1
 10
29.759201
 20
281.510917
 30
0.0
 10
29.763469
 20
281.519440
 30
0.0
 10
29.765604
 20
281.529241
 30
0.0
 10
29.765604
 20
281.540321
 30
0.0
  0
SPLINE
  5
267
100
AcDbEntity
  8
0
 62
7
100
AcDbSpline
 70
8
 71
3
 72
8
 73
4
 74
0
 40
0
 40
0
 40
0
 40
0
 40
1
 40
1
 40
1
 40
1
 10
29.765604
 20
281.540321
 30
0.0
 10
29.765604
 20
281.553106
 30
0.0
 10
29.761555
 20
281.563973
 30
0.0
 10
29.753459
 20
281.572921
 30
0.0
  0
SPLINE
  5
268
100
AcDbEntity
  8
0
 62
7
100
AcDbSpline
 70
8
 71
3
 72
8
 73
4
 74
0
 40
0
 40
0
 40
0
 40
0
 40
1
 40
1
 40
1
 40
1
 10
29.753459
 20
281.572921
 30
0.0
 10
29.745786
 20
281.582297
 30
0.0
 10
29.735346
 20
281.590394
 30
0.0
 10
29.722138
 20
281.597213
 30
0.0
  0
SPLINE
  5
269
100
AcDbEntity
  8
0
 62
7
100
AcDbSpline
 70
8
 71
3
 72
8
 73
4
 74
0
 40
0
 40
0
 40
0
 40
0
 40
1
 40
1
 40
1
 40
1
 10
29.722138
 20
281.597213
 30
0.0
 10
29.709350
 20
281.604032
 30
0.0
 10
29.694648
 20
281.610424
 30
0.0
 10
29.678032
 20
281.616390
 30
0.0
  0
SPLINE
  5
26a
100
AcDbEntity
  8
0
 62
7
100
AcDbSpline
 70
8
 71
3
 72
8
 73
4
 74
0
 40
0
 40
0
 40
0
 40
0
 40
1
 40
1
 40
1
 40
1
 10
29.678032
 20
281.616390
 30
0.0
 10
29.661839
 20
281.622355
 30
0.0
 10
29.645007
 20
281.628960
 30
0.0
 10
29.627533
 20
281.636204
 30
0.0
  0
SPLINE
  5
26b
100
AcDbEntity
  8
0
 62
7
100
AcDbSpline
 70
8
 71
3
 72
8
 73
4
 74
0
 40
0
 40
0
 40
0
 40
0
 40
1
 40
1
 40
1
 40
1
 10
29.627533
 20
281.636204
 30
0.0
 10
29.610494
 20
281.643449
 30
0.0
 10
29.593661
 20
281.651758
 30
0.0
 10
29.577035
 20
281.661134
 30
0.0
  0
SPLINE
  5
26c
100
AcDbEntity
  8
0
 62
7
100
AcDbSpline
 70
8
 71
3
 72
8
 73
4
 74
0
 40
0
 40
0
 40
0
 40
0
 40
1
 40
1
 40
1
 40
1
 10
29.577035
 20
281.661134
 30
0.0
 10
29.560843
 20
281.670509
 30
0.0
 10
29.546141
 20
281.682015
 30
0.0
 10
29.532929
 20
281.695652
 30
0.0
  0
SPLINE
  5
26d
100
AcDbEntity
  8
0
 62
7
100
AcDbSpline
 70
8
 71
3
 72
8
 73
4
 74
0
 40
0
 40
0
 40
0
 40
0
 40
1
 40
1
 40
1
 40
1
 10
29.532929
 20
281.695652
 30
0.0
 10
29.520141
 20
281.709288
 30
0.0
 10
29.509700
 20
281.725695
 30
0.0
 10
29.501608
 20
281.744872
 30
0.0
  0
SPLINE
  5
26e
100
AcDbEntity
  8
0
 62
7
100
AcDbSpline
 70
8
 71
3
 72
8
 73
4
 74
0
 40
0
 40
0
 40
0
 40
0
 40
1
 40
1
 40
1
 40
1
 10
29.501608
 20
281.744872
 30
0.0
 10
29.493935
 20
281.764048
 30
0.0
 10
29.490098
 20
281.787060
 30
0.0
 10
29.490098
 20
281.813908
 30
0.0
  0
SPLINE
  5
26f
100
AcDbEntity
  8
0
 62
7
100
AcDbSpline
 70
8
 71
3
 72
8
 73
4
 74
0
 40
0
 40
0
 40
0
 40
0
 40
1
 40
1
 40
1
 40
1
 10
29.490098
 20
281.813908
 30
0.0
 10
29.490098
 20
281.841181
 30
0.0
 10
29.495425
 20
281.866111
 30
0.0
 10
29.506079
 20
281.888697
 30
0.0
  0
SPLINE
  5
270
100
AcDbEntity
  8
0
 62
7
100
AcDbSpline
 70
8
 71
3
 72
8
 73
4
 74
0
 40
0
 40
0
 40
0
 40
0
 40
1
 40
1
 40
1
 40
1
 10
29.506079
 20
281.888697
 30
0.0
 10
29.516733
 20
281.911709
 30
0.0
 10
29.532074
 20
281.931312
 30
0.0
 10
29.552103
 20
281.947505
 30
0.0
  0
SPLINE
  5
271
100
AcDbEntity
  8
0
 62
7
100
AcDbSpline
 70
8
 71
3
 72
8
 73
4
 74
0
 40
0
 40
0
 40
0
 40
0
 40
1
 40
1
 40
1
 40
1
 10
29.552103
 20
281.947505
 30
0.0
 10
29.572132
 20
281.963700
 30
0.0
 10
29.596423
 20
281.976271
 30
0.0
 10
29.624975
 20
281.985220
 30
0.0
  0
SPLINE
  5
272
100
AcDbEntity
  8
0
 62
7
100
AcDbSpline
 70
8
 71
3
 72
8
 73
4
 74
0
 40
0
 40
0
 40
0
 40
0
 40
1
 40
1
 40
1
 40
1
 10
29.624975
 20
281.985220
 30
0.0
 10
29.653952
 20
281.994170
 30
0.0
 10
29.686339
 20
281.998645
 30
0.0
 10
29.722135
 20
281.998645
 30
0.0
  0
SPLINE
  5
273
100
AcDbEntity
  8
0
 62
7
100
AcDbSpline
 70
8
 71
3
 72
8
 73
4
 74
0
 40
0
 40
0
 40
0
 40
0
 40
1
 40
1
 40
1
 40
1
 10
29.722135
 20
281.998645
 30
0.0
 10
29.740033
 20
281.998645
 30
0.0
 10
29.757293
 20
281.997366
 30
0.0
 10
29.773914
 20
281.994808
 30
0.0
  0
SPLINE
  5
274
100
AcDbEntity
  8
0
 62
7
100
AcDbSpline
 70
8
 71
3
 72
8
 73
4
 74
0
 40
0
 40
0
 40
0
 40
0
 40
1
 40
1
 40
1
 40
1
 10
29.773914
 20
281.994808
 30
0.0
 10
29.790953
 20
281.992251
 30
0.0
 10
29.806294
 20
281.989054
 30
0.0
 10
29.819936
 20
281.985220
 30
0.0
  0
SPLINE
  5
275
100
AcDbEntity
  8
0
 62
7
100
AcDbSpline
 70
8
 71
3
 72
8
 73
4
 74
0
 40
0
 40
0
 40
0
 40
0
 40
1
 40
1
 40
1
 40
1
 10
29.819936
 20
281.985220
 30
0.0
 10
29.833571
 20
281.981385
 30
0.0
 10
29.845077
 20
281.977123
 30
0.0
 10
29.854456
 20
281.972435
 30
0.0
  0
SPLINE
  5
276
100
AcDbEntity
  8
0
 62
7
100
AcDbSpline
 70
8
 71
3
 72
8
 73
4
 74
0
 40
0
 40
0
 40
0
 40
0
 40
1
 40
1
 40
1
 40
1
 10
29.854456
 20
281.972435
 30
0.0
 10
29.863840
 20
281.968173
 30
0.0
 10
29.870446
 20
281.964338
 30
0.0
 10
29.874273
 20
281.960928
 30
0.0
  0
SPLINE
  5
277
100
AcDbEntity
  8
0
 62
7
100
AcDbSpline
 70
8
 71
3
 72
8
 73
4
 74
0
 40
0
 40
0
 40
0
 40
0
 40
1
 40
1
 40
1
 40
1
 10
29.874273
 20
281.960928
 30
0.0
 10
29.878542
 20
281.957946
 30
0.0
 10
29.881523
 20
281.954749
 30
0.0
 10
29.883216
 20
281.951340
 30
0.0
  0
SPLINE
  5
278
100
AcDbEntity
  8
0
 62
7
100
AcDbSpline
 70
8
 71
3
 72
8
 73
4
 74
0
 40
0
 40
0
 40
0
 40
0
 40
1
 40
1
 40
1
 40
1
 10
29.883216
 20
281.951340
 30
0.0
 10
29.884980
 20
281.948357
 30
0.0
 10
29.886259
 20
281.944522
 30
0.0
 10
29.887053
 20
281.939833
 30
0.0
  0
SPLINE
  5
279
100
AcDbEntity
  8
0
 62
7
100
AcDbSpline
 70
8
 71
3
 72
8
 73
4
 74
0
 40
0
 40
0
 40
0
 40
0
 40
1
 40
1
 40
1
 40
1
 10
29.887053
 20
281.939833
 30
0.0
 10
29.887935
 20
281.935572
 30
0.0
 10
29.888552
 20
281.930031
 30
0.0
 10
29.888905
 20
281.923212
 30
0.0
  0
SPLINE
  5
27a
100
AcDbEntity
  8
0
 62
7
100
AcDbSpline
 70
8
 71
3
 72
8
 73
4
 74
0
 40
0
 40
0
 40
0
 40
0
 40
1
 40
1
 40
1
 40
1
 10
29.888905
 20
281.923212
 30
0.0
 10
29.889787
 20
281.916820
 30
0.0
 10
29.890228
 20
281.908723
 30
0.0
 10
29.890228
 20
281.898921
 30
0.0
  0
SPLINE
  5
27b
100
AcDbEntity
  8
0
 62
7
100
AcDbSpline
 70
8
 71
3
 72
8
 73
4
 74
0
 40
0
 40
0
 40
0
 40
0
 40
1
 40
1
 40
1
 40
1
 10
29.890228
 20
281.898921
 30
0.0
 10
29.890228
 20
281.887415
 30
0.0
 10
29.889787
 20
281.878039
 30
0.0
 10
29.888905
 20
281.870795
 30
0.0
  0
SPLINE
  5
27c
100
AcDbEntity
  8
0
 62
7
100
AcDbSpline
 70
8
 71
3
 72
8
 73
4
 74
0
 40
0
 40
0
 40
0
 40
0
 40
1
 40
1
 40
1
 40
1
 10
29.888905
 20
281.870795
 30
0.0
 10
29.888552
 20
281.863550
 30
0.0
 10
29.887485
 20
281.857797
 30
0.0
 10
29.885703
 20
281.853536
 30
0.0
  0
SPLINE
  5
27d
100
AcDbEntity
  8
0
 62
7
100
AcDbSpline
 70
8
 71
3
 72
8
 73
4
 74
0
 40
0
 40
0
 40
0
 40
0
 40
1
 40
1
 40
1
 40
1
 10
29.885703
 20
281.853536
 30
0.0
 10
29.884468
 20
281.849274
 30
0.0
 10
29.882555
 20
281.846292
 30
0.0
 10
29.879962
 20
281.844588
 30
0.0
  0
SPLINE
  5
27e
100
AcDbEntity
  8
0
 62
7
100
AcDbSpline
 70
8
 71
3
 72
8
 73
4
 74
0
 40
0
 40
0
 40
0
 40
0
 40
1
 40
1
 40
1
 40
1
 10
29.879962
 20
281.844588
 30
0.0
 10
29.877404
 20
281.843318
 30
0.0
 10
29.874423
 20
281.842683
 30
0.0
 10
29.871019
 20
281.842683
 30
0.0
  0
SPLINE
  5
27f
100
AcDbEntity
  8
0
 62
7
100
AcDbSpline
 70
8
 71
3
 72
8
 73
4
 74
0
 40
0
 40
0
 40
0
 40
0
 40
1
 40
1
 40
1
 40
1
 10
29.871019
 20
281.842683
 30
0.0
 10
29.867191
 20
281.842683
 30
0.0
 10
29.861229
 20
281.844813
 30
0.0
 10
29.853133
 20
281.849075
 30
0.0
  0
SPLINE
  5
280
100
AcDbEntity
  8
0
 62
7
100
AcDbSpline
 70
8
 71
3
 72
8
 73
4
 74
0
 40
0
 40
0
 40
0
 40
0
 40
1
 40
1
 40
1
 40
1
 10
29.853133
 20
281.849075
 30
0.0
 10
29.845037
 20
281.853763
 30
0.0
 10
29.834809
 20
281.858664
 30
0.0
 10
29.822449
 20
281.863778
 30
0.0
  0
SPLINE
  5
281
100
AcDbEntity
  8
0
 62
7
100
AcDbSpline
 70
8
 71
3
 72
8
 73
4
 74
0
 40
0
 40
0
 40
0
 40
0
 40
1
 40
1
 40
1
 40
1
 10
29.822449
 20
281.863778
 30
0.0
 10
29.810508
 20
281.868891
 30
0.0
 10
29.796445
 20
281.873579
 30
0.0
 10
29.780261
 20
281.877840
 30
0.0
  0
SPLINE
  5
282
100
AcDbEntity
  8
0
 62
7
100
AcDbSpline
 70
8
 71
3
 72
8
 73
4
 74
0
 40
0
 40
0
 40
0
 40
0
 40
1
 40
1
 40
1
 40
1
 10
29.780261
 20
281.877840
 30
0.0
 10
29.764492
 20
281.882529
 30
0.0
 10
29.746381
 20
281.884873
 30
0.0
 10
29.725927
 20
281.884873
 30
0.0
  0
SPLINE
  5
283
100
AcDbEntity
  8
0
 62
7
100
AcDbSpline
 70
8
 71
3
 72
8
 73
4
 74
0
 40
0
 40
0
 40
0
 40
0
 40
1
 40
1
 40
1
 40
1
 10
29.725927
 20
281.884873
 30
0.0
 10
29.711445
 20
281.884873
 30
0.0
 10
29.698874
 20
281.883382
 30
0.0
 10
29.688213
 20
281.880399
 30
0.0
  0
SPLINE
  5
284
100
AcDbEntity
  8
0
 62
7
100
AcDbSpline
 70
8
 71
3
 72
8
 73
4
 74
0
 40
0
 40
0
 40
0
 40
0
 40
1
 40
1
 40
1
 40
1
 10
29.688213
 20
281.880399
 30
0.0
 10
29.677559
 20
281.877416
 30
0.0
 10
29.668819
 20
281.873155
 30
0.0
 10
29.661993
 20
281.867614
 30
0.0
  0
SPLINE
  5
285
100
AcDbEntity
  8
0
 62
7
100
AcDbSpline
 70
8
 71
3
 72
8
 73
4
 74
0
 40
0
 40
0
 40
0
 40
0
 40
1
 40
1
 40
1
 40
1
 10
29.661993
 20
281.867614
 30
0.0
 10
29.655184
 20
281.862074
 30
0.0
 10
29.650069
 20
281.855469
 30
0.0
 10
29.646647
 20
281.847800
 30
0.0
  0
SPLINE
  5
286
100
AcDbEntity
  8
0
 62
7
100
AcDbSpline
 70
8
 71
3
 72
8
 73
4
 74
0
 40
0
 40
0
 40
0
 40
0
 40
1
 40
1
 40
1
 40
1
 10
29.646647
 20
281.847800
 30
0.0
 10
29.643243
 20
281.840555
 30
0.0
 10
29.641540
 20
281.832672
 30
0.0
 10
29.641540
 20
281.824149
 30
0.0
  0
SPLINE
  5
287
100
AcDbEntity
  8
0
 62
7
100
AcDbSpline
 70
8
 71
3
 72
8
 73
4
 74
0
 40
0
 40
0
 40
0
 40
0
 40
1
 40
1
 40
1
 40
1
 10
29.641540
 20
281.824149
 30
0.0
 10
29.641540
 20
281.810939
 30
0.0
 10
29.645589
 20
281.799859
 30
0.0
 10
29.653685
 20
281.790909
 30
0.0
  0
SPLINE
  5
288
100
AcDbEntity
  8
0
 62
7
100
AcDbSpline
 70
8
 71
3
 72
8
 73
4
 74
0
 40
0
 40
0
 40
0
 40
0
 40
1
 40
1
 40
1
 40
1
 10
29.653685
 20
281.790909
 30
0.0
 10
29.661781
 20
281.781961
 30
0.0
 10
29.672435
 20
281.774077
 30
0.0
 10
29.685647
 20
281.767258
 30
0.0
  0
SPLINE
  5
289
100
AcDbEntity
  8
0
 62
7
100
AcDbSpline
 70
8
 71
3
 72
8
 73
4
 74
0
 40
0
 40
0
 40
0
 40
0
 40
1
 40
1
 40
1
 40
1
 10
29.685647
 20
281.767258
 30
0.0
 10
29.698858
 20
281.760439
 30
0.0
 10
29.713773
 20
281.754046
 30
0.0
 10
29.730393
 20
281.748081
 30
0.0
  0
SPLINE
  5
28a
100
AcDbEntity
  8
0
 62
7
100
AcDbSpline
 70
8
 71
3
 72
8
 73
4
 74
0
 40
0
 40
0
 40
0
 40
0
 40
1
 40
1
 40
1
 40
1
 10
29.730393
 20
281.748081
 30
0.0
 10
29.747432
 20
281.742115
 30
0.0
 10
29.764478
 20
281.735511
 30
0.0
 10
29.781531
 20
281.728266
 30
0.0
  0
SPLINE
  5
28b
100
AcDbEntity
  8
0
 62
7
100
AcDbSpline
 70
8
 71
3
 72
8
 73
4
 74
0
 40
0
 40
0
 40
0
 40
0
 40
1
 40
1
 40
1
 40
1
 10
29.781531
 20
281.728266
 30
0.0
 10
29.799012
 20
281.721447
 30
0.0
 10
29.816057
 20
281.713350
 30
0.0
 10
29.832667
 20
281.703975
 30
0.0
  0
SPLINE
  5
28c
100
AcDbEntity
  8
0
 62
7
100
AcDbSpline
 70
8
 71
3
 72
8
 73
4
 74
0
 40
0
 40
0
 40
0
 40
0
 40
1
 40
1
 40
1
 40
1
 10
29.832667
 20
281.703975
 30
0.0
 10
29.849707
 20
281.694600
 30
0.0
 10
29.864836
 20
281.683094
 30
0.0
 10
29.878054
 20
281.669457
 30
0.0
  0
SPLINE
  5
28d
100
AcDbEntity
  8
0
 62
7
100
AcDbSpline
 70
8
 71
3
 72
8
 73
4
 74
0
 40
0
 40
0
 40
0
 40
0
 40
1
 40
1
 40
1
 40
1
 10
29.878054
 20
281.669457
 30
0.0
 10
29.891266
 20
281.655820
 30
0.0
 10
29.901920
 20
281.639413
 30
0.0
 10
29.910016
 20
281.620237
 30
0.0
  0
SPLINE
  5
28e
100
AcDbEntity
  8
0
 62
7
100
AcDbSpline
 70
8
 71
3
 72
8
 73
4
 74
0
 40
0
 40
0
 40
0
 40
0
 40
1
 40
1
 40
1
 40
1
 10
29.910016
 20
281.620237
 30
0.0
 10
29.918112
 20
281.601486
 30
0.0
 10
29.922160
 20
281.579113
 30
0.0
 10
29.922160
 20
281.553118
 30
0.0
  0
LWPOLYLINE
  5
28f
100
AcDbEntity
  8
0
 62
7
100
AcDbPolyline
 90
2
 70
0
 10
28.992089
 20
281.739749
 30
0.0
 10
29.232439
 20
281.739750
 30
0.0
  0
SPLINE
  5
290
100
AcDbEntity
  8
0
 62
7
100
AcDbSpline
 70
8
 71
3
 72
8
 73
4
 74
0
 40
0
 40
0
 40
0
 40
0
 40
1
 40
1
 40
1
 40
1
 10
25.059270
 20
280.055108
 30
0.0
 10
25.056713
 20
280.044881
 30
0.0
 10
25.053091
 20
280.036571
 30
0.0
 10
25.048404
 20
280.030179
 30
0.0
  0
SPLINE
  5
291
100
AcDbEntity
  8
0
 62
7
100
AcDbSpline
 70
8
 71
3
 72
8
 73
4
 74
0
 40
0
 40
0
 40
0
 40
0
 40
1
 40
1
 40
1
 40
1
 10
25.048404
 20
280.030179
 30
0.0
 10
25.044142
 20
280.024213
 30
0.0
 10
25.037537
 20
280.019526
 30
0.0
 10
25.028589
 20
280.016116
 30
0.0
  0
SPLINE
  5
292
100
AcDbEntity
  8
0
 62
7
100
AcDbSpline
 70
8
 71
3
 72
8
 73
4
 74
0
 40
0
 40
0
 40
0
 40
0
 40
1
 40
1
 40
1
 40
1
 10
25.028589
 20
280.016116
 30
0.0
 10
25.019639
 20
280.013133
 30
0.0
 10
25.008133
 20
280.011216
 30
0.0
 10
24.994071
 20
280.010364
 30
0.0
  0
SPLINE
  5
293
100
AcDbEntity
  8
0
 62
7
100
AcDbSpline
 70
8
 71
3
 72
8
 73
4
 74
0
 40
0
 40
0
 40
0
 40
0
 40
1
 40
1
 40
1
 40
1
 10
24.994071
 20
280.010364
 30
0.0
 10
24.980008
 20
280.009094
 30
0.0
 10
24.962109
 20
280.008459
 30
0.0
 10
24.940376
 20
280.008459
 30
0.0
  0
SPLINE
  5
294
100
AcDbEntity
  8
0
 62
7
100
AcDbSpline
 70
8
 71
3
 72
8
 73
4
 74
0
 40
0
 40
0
 40
0
 40
0
 40
1
 40
1
 40
1
 40
1
 10
24.940376
 20
280.008459
 30
0.0
 10
24.916086
 20
280.008459
 30
0.0
 10
24.896483
 20
280.009094
 30
0.0
 10
24.881568
 20
280.010364
 30
0.0
  0
SPLINE
  5
295
100
AcDbEntity
  8
0
 62
7
100
AcDbSpline
 70
8
 71
3
 72
8
 73
4
 74
0
 40
0
 40
0
 40
0
 40
0
 40
1
 40
1
 40
1
 40
1
 10
24.881568
 20
280.010364
 30
0.0
 10
24.867079
 20
280.011211
 30
0.0
 10
24.855573
 20
280.013128
 30
0.0
 10
24.847050
 20
280.016116
 30
0.0
  0
SPLINE
  5
296
100
AcDbEntity
  8
0
 62
7
100
AcDbSpline
 70
8
 71
3
 72
8
 73
4
 74
0
 40
0
 40
0
 40
0
 40
0
 40
1
 40
1
 40
1
 40
1
 10
24.847050
 20
280.016116
 30
0.0
 10
24.838527
 20
280.019526
 30
0.0
 10
24.832348
 20
280.024213
 30
0.0
 10
24.828513
 20
280.030179
 30
0.0
  0
SPLINE
  5
297
100
AcDbEntity
  8
0
 62
7
100
AcDbSpline
 70
8
 71
3
 72
8
 73
4
 74
0
 40
0
 40
0
 40
0
 40
0
 40
1
 40
1
 40
1
 40
1
 10
24.828513
 20
280.030179
 30
0.0
 10
24.824679
 20
280.036571
 30
0.0
 10
24.821696
 20
280.044881
 30
0.0
 10
24.819565
 20
280.055108
 30
0.0
  0
LWPOLYLINE
  5
298
100
AcDbEntity
  8
0
 62
7
100
AcDbPolyline
 90
1
 70
1
 10
29.922160
 20
281.553118
 30
0.0
  0
SPLINE
  5
299
100
AcDbEntity
  8
0
 62
7
100
AcDbSpline
 70
8
 71
3
 72
8
 73
4
 74
0
 40
0
 40
0
 40
0
 40
0
 40
1
 40
1
 40
1
 40
1
 10
24.560688
 20
280.055108
 30
0.0
 10
24.558558
 20
280.045306
 30
0.0
 10
24.555575
 20
280.037209
 30
0.0
 10
24.551740
 20
280.030816
 30
0.0
  0
SPLINE
  5
29a
100
AcDbEntity
  8
0
 62
7
100
AcDbSpline
 70
8
 71
3
 72
8
 73
4
 74
0
 40
0
 40
0
 40
0
 40
0
 40
1
 40
1
 40
1
 40
1
 10
24.551740
 20
280.030816
 30
0.0
 10
24.547905
 20
280.024851
 30
0.0
 10
24.541726
 20
280.020163
 30
0.0
 10
24.533203
 20
280.016754
 30
0.0
  0
SPLINE
  5
29b
100
AcDbEntity
  8
0
 62
7
100
AcDbSpline
 70
8
 71
3
 72
8
 73
4
 74
0
 40
0
 40
0
 40
0
 40
0
 40
1
 40
1
 40
1
 40
1
 10
24.533203
 20
280.016754
 30
0.0
 10
24.525107
 20
280.013344
 30
0.0
 10
24.513814
 20
280.011213
 30
0.0
 10
24.499325
 20
280.010362
 30
0.0
  0
SPLINE
  5
29c
100
AcDbEntity
  8
0
 62
7
100
AcDbSpline
 70
8
 71
3
 72
8
 73
4
 74
0
 40
0
 40
0
 40
0
 40
0
 40
1
 40
1
 40
1
 40
1
 10
24.499325
 20
280.010362
 30
0.0
 10
24.485261
 20
280.009092
 30
0.0
 10
24.466511
 20
280.008457
 30
0.0
 10
24.443073
 20
280.008457
 30
0.0
  0
SPLINE
  5
29d
100
AcDbEntity
  8
0
 62
7
100
AcDbSpline
 70
8
 71
3
 72
8
 73
4
 74
0
 40
0
 40
0
 40
0
 40
0
 40
1
 40
1
 40
1
 40
1
 10
24.443073
 20
280.008457
 30
0.0
 10
24.418356
 20
280.008457
 30
0.0
 10
24.398540
 20
280.009092
 30
0.0
 10
24.383625
 20
280.010362
 30
0.0
  0
SPLINE
  5
29e
100
AcDbEntity
  8
0
 62
7
100
AcDbSpline
 70
8
 71
3
 72
8
 73
4
 74
0
 40
0
 40
0
 40
0
 40
0
 40
1
 40
1
 40
1
 40
1
 10
24.383625
 20
280.010362
 30
0.0
 10
24.369136
 20
280.011208
 30
0.0
 10
24.357630
 20
280.013126
 30
0.0
 10
24.349107
 20
280.016114
 30
0.0
  0
SPLINE
  5
29f
100
AcDbEntity
  8
0
 62
7
100
AcDbSpline
 70
8
 71
3
 72
8
 73
4
 74
0
 40
0
 40
0
 40
0
 40
0
 40
1
 40
1
 40
1
 40
1
 10
24.349107
 20
280.016114
 30
0.0
 10
24.340584
 20
280.019523
 30
0.0
 10
24.334405
 20
280.024211
 30
0.0
 10
24.330570
 20
280.030176
 30
0.0
  0
SPLINE
  5
2a0
100
AcDbEntity
  8
0
 62
7
100
AcDbSpline
 70
8
 71
3
 72
8
 73
4
 74
0
 40
0
 40
0
 40
0
 40
0
 40
1
 40
1
 40
1
 40
1
 10
24.330570
 20
280.030176
 30
0.0
 10
24.326736
 20
280.036568
 30
0.0
 10
24.323540
 20
280.044878
 30
0.0
 10
24.320982
 20
280.055105
 30
0.0
  0
LWPOLYLINE
  5
2a1
100
AcDbEntity
  8
0
 62
7
100
AcDbPolyline
 90
4
 70
0
 10
24.819565
 20
280.055108
 30
0.0
 10
24.687246
 20
280.579271
 30
0.0
 10
24.685976
 20
280.579271
 30
0.0
 10
24.560688
 20
280.055108
 30
0.0
  0
SPLINE
  5
2a2
100
AcDbEntity
  8
0
 62
7
100
AcDbSpline
 70
8
 71
3
 72
8
 73
4
 74
0
 40
0
 40
0
 40
0
 40
0
 40
1
 40
1
 40
1
 40
1
 10
24.133036
 20
280.776791
 30
0.0
 10
24.129201
 20
280.792131
 30
0.0
 10
24.127071
 20
280.804063
 30
0.0
 10
24.126644
 20
280.812587
 30
0.0
  0
SPLINE
  5
2a3
100
AcDbEntity
  8
0
 62
7
100
AcDbSpline
 70
8
 71
3
 72
8
 73
4
 74
0
 40
0
 40
0
 40
0
 40
0
 40
1
 40
1
 40
1
 40
1
 10
24.126644
 20
280.812587
 30
0.0
 10
24.126220
 20
280.821537
 30
0.0
 10
24.128565
 20
280.828355
 30
0.0
 10
24.133676
 20
280.833042
 30
0.0
  0
SPLINE
  5
2a4
100
AcDbEntity
  8
0
 62
7
100
AcDbSpline
 70
8
 71
3
 72
8
 73
4
 74
0
 40
0
 40
0
 40
0
 40
0
 40
1
 40
1
 40
1
 40
1
 10
24.133676
 20
280.833042
 30
0.0
 10
24.139217
 20
280.837730
 30
0.0
 10
24.147952
 20
280.840500
 30
0.0
 10
24.159883
 20
280.841352
 30
0.0
  0
SPLINE
  5
2a5
100
AcDbEntity
  8
0
 62
7
100
AcDbSpline
 70
8
 71
3
 72
8
 73
4
 74
0
 40
0
 40
0
 40
0
 40
0
 40
1
 40
1
 40
1
 40
1
 10
24.159883
 20
280.841352
 30
0.0
 10
24.172241
 20
280.842622
 30
0.0
 10
24.189287
 20
280.843257
 30
0.0
 10
24.211021
 20
280.843257
 30
0.0
  0
SPLINE
  5
2a6
100
AcDbEntity
  8
0
 62
7
100
AcDbSpline
 70
8
 71
3
 72
8
 73
4
 74
0
 40
0
 40
0
 40
0
 40
0
 40
1
 40
1
 40
1
 40
1
 10
24.211021
 20
280.843257
 30
0.0
 10
24.231050
 20
280.843257
 30
0.0
 10
24.246818
 20
280.842834
 30
0.0
 10
24.258324
 20
280.841987
 30
0.0
  0
SPLINE
  5
2a7
100
AcDbEntity
  8
0
 62
7
100
AcDbSpline
 70
8
 71
3
 72
8
 73
4
 74
0
 40
0
 40
0
 40
0
 40
0
 40
1
 40
1
 40
1
 40
1
 10
24.258324
 20
280.841987
 30
0.0
 10
24.270256
 20
280.841564
 30
0.0
 10
24.279205
 20
280.840073
 30
0.0
 10
24.285171
 20
280.837513
 30
0.0
  0
SPLINE
  5
2a8
100
AcDbEntity
  8
0
 62
7
100
AcDbSpline
 70
8
 71
3
 72
8
 73
4
 74
0
 40
0
 40
0
 40
0
 40
0
 40
1
 40
1
 40
1
 40
1
 10
24.285171
 20
280.837513
 30
0.0
 10
24.291136
 20
280.835383
 30
0.0
 10
24.295184
 20
280.831974
 30
0.0
 10
24.297315
 20
280.827287
 30
0.0
  0
SPLINE
  5
2a9
100
AcDbEntity
  8
0
 62
7
100
AcDbSpline
 70
8
 71
3
 72
8
 73
4
 74
0
 40
0
 40
0
 40
0
 40
0
 40
1
 40
1
 40
1
 40
1
 10
24.297315
 20
280.827287
 30
0.0
 10
24.299446
 20
280.823026
 30
0.0
 10
24.301151
 20
280.816847
 30
0.0
 10
24.302430
 20
280.808751
 30
0.0
  0
LWPOLYLINE
  5
2aa
100
AcDbEntity
  8
0
 62
7
100
AcDbPolyline
 90
2
 70
0
 10
24.320982
 20
280.055105
 30
0.0
 10
24.133036
 20
280.776791
 30
0.0
  0
SPLINE
  5
2ab
100
AcDbEntity
  8
0
 62
7
100
AcDbSpline
 70
8
 71
3
 72
8
 73
4
 74
0
 40
0
 40
0
 40
0
 40
0
 40
1
 40
1
 40
1
 40
1
 10
24.599025
 20
280.804276
 30
0.0
 10
24.600736
 20
280.812372
 30
0.0
 10
24.602867
 20
280.818977
 30
0.0
 10
24.605417
 20
280.824091
 30
0.0
  0
SPLINE
  5
2ac
100
AcDbEntity
  8
0
 62
7
100
AcDbSpline
 70
8
 71
3
 72
8
 73
4
 74
0
 40
0
 40
0
 40
0
 40
0
 40
1
 40
1
 40
1
 40
1
 10
24.605417
 20
280.824091
 30
0.0
 10
24.608400
 20
280.829204
 30
0.0
 10
24.613088
 20
280.833040
 30
0.0
 10
24.619480
 20
280.835597
 30
0.0
  0
SPLINE
  5
2ad
100
AcDbEntity
  8
0
 62
7
100
AcDbSpline
 70
8
 71
3
 72
8
 73
4
 74
0
 40
0
 40
0
 40
0
 40
0
 40
1
 40
1
 40
1
 40
1
 10
24.619480
 20
280.835597
 30
0.0
 10
24.626299
 20
280.838580
 30
0.0
 10
24.635461
 20
280.840497
 30
0.0
 10
24.646967
 20
280.841349
 30
0.0
  0
SPLINE
  5
2ae
100
AcDbEntity
  8
0
 62
7
100
AcDbSpline
 70
8
 71
3
 72
8
 73
4
 74
0
 40
0
 40
0
 40
0
 40
0
 40
1
 40
1
 40
1
 40
1
 10
24.646967
 20
280.841349
 30
0.0
 10
24.658473
 20
280.842619
 30
0.0
 10
24.673814
 20
280.843254
 30
0.0
 10
24.692991
 20
280.843254
 30
0.0
  0
SPLINE
  5
2af
100
AcDbEntity
  8
0
 62
7
100
AcDbSpline
 70
8
 71
3
 72
8
 73
4
 74
0
 40
0
 40
0
 40
0
 40
0
 40
1
 40
1
 40
1
 40
1
 10
24.692991
 20
280.843254
 30
0.0
 10
24.713446
 20
280.843254
 30
0.0
 10
24.729640
 20
280.842831
 30
0.0
 10
24.741572
 20
280.841984
 30
0.0
  0
SPLINE
  5
2b0
100
AcDbEntity
  8
0
 62
7
100
AcDbSpline
 70
8
 71
3
 72
8
 73
4
 74
0
 40
0
 40
0
 40
0
 40
0
 40
1
 40
1
 40
1
 40
1
 10
24.741572
 20
280.841984
 30
0.0
 10
24.753930
 20
280.841138
 30
0.0
 10
24.763305
 20
280.839220
 30
0.0
 10
24.769697
 20
280.836232
 30
0.0
  0
SPLINE
  5
2b1
100
AcDbEntity
  8
0
 62
7
100
AcDbSpline
 70
8
 71
3
 72
8
 73
4
 74
0
 40
0
 40
0
 40
0
 40
0
 40
1
 40
1
 40
1
 40
1
 10
24.769697
 20
280.836232
 30
0.0
 10
24.776517
 20
280.833675
 30
0.0
 10
24.781418
 20
280.829839
 30
0.0
 10
24.784400
 20
280.824726
 30
0.0
  0
SPLINE
  5
2b2
100
AcDbEntity
  8
0
 62
7
100
AcDbSpline
 70
8
 71
3
 72
8
 73
4
 74
0
 40
0
 40
0
 40
0
 40
0
 40
1
 40
1
 40
1
 40
1
 10
24.784400
 20
280.824726
 30
0.0
 10
24.787383
 20
280.819612
 30
0.0
 10
24.789726
 20
280.812794
 30
0.0
 10
24.791430
 20
280.804271
 30
0.0
  0
LWPOLYLINE
  5
2b3
100
AcDbEntity
  8
0
 62
7
100
AcDbPolyline
 90
4
 70
0
 10
24.302430
 20
280.808751
 30
0.0
 10
24.447533
 20
280.175280
 30
0.0
 10
24.448168
 20
280.175280
 30
0.0
 10
24.599025
 20
280.804276
 30
0.0
  0
SPLINE
  5
2b4
100
AcDbEntity
  8
0
 62
7
100
AcDbSpline
 70
8
 71
3
 72
8
 73
4
 74
0
 40
0
 40
0
 40
0
 40
0
 40
1
 40
1
 40
1
 40
1
 10
25.093774
 20
280.806828
 30
0.0
 10
25.095044
 20
280.813647
 30
0.0
 10
25.096749
 20
280.819400
 30
0.0
 10
25.098889
 20
280.824086
 30
0.0
  0
SPLINE
  5
2b5
100
AcDbEntity
  8
0
 62
7
100
AcDbSpline
 70
8
 71
3
 72
8
 73
4
 74
0
 40
0
 40
0
 40
0
 40
0
 40
1
 40
1
 40
1
 40
1
 10
25.098889
 20
280.824086
 30
0.0
 10
25.101020
 20
280.829200
 30
0.0
 10
25.105068
 20
280.833035
 30
0.0
 10
25.111033
 20
280.835593
 30
0.0
  0
SPLINE
  5
2b6
100
AcDbEntity
  8
0
 62
7
100
AcDbSpline
 70
8
 71
3
 72
8
 73
4
 74
0
 40
0
 40
0
 40
0
 40
0
 40
1
 40
1
 40
1
 40
1
 10
25.111033
 20
280.835593
 30
0.0
 10
25.116999
 20
280.838576
 30
0.0
 10
25.125522
 20
280.840493
 30
0.0
 10
25.136602
 20
280.841345
 30
0.0
  0
SPLINE
  5
2b7
100
AcDbEntity
  8
0
 62
7
100
AcDbSpline
 70
8
 71
3
 72
8
 73
4
 74
0
 40
0
 40
0
 40
0
 40
0
 40
1
 40
1
 40
1
 40
1
 10
25.136602
 20
280.841345
 30
0.0
 10
25.147683
 20
280.842615
 30
0.0
 10
25.163238
 20
280.843250
 30
0.0
 10
25.183266
 20
280.843250
 30
0.0
  0
SPLINE
  5
2b8
100
AcDbEntity
  8
0
 62
7
100
AcDbSpline
 70
8
 71
3
 72
8
 73
4
 74
0
 40
0
 40
0
 40
0
 40
0
 40
1
 40
1
 40
1
 40
1
 10
25.183266
 20
280.843250
 30
0.0
 10
25.202016
 20
280.843250
 30
0.0
 10
25.216505
 20
280.842615
 30
0.0
 10
25.226733
 20
280.841345
 30
0.0
  0
SPLINE
  5
2b9
100
AcDbEntity
  8
0
 62
7
100
AcDbSpline
 70
8
 71
3
 72
8
 73
4
 74
0
 40
0
 40
0
 40
0
 40
0
 40
1
 40
1
 40
1
 40
1
 10
25.226733
 20
280.841345
 30
0.0
 10
25.237387
 20
280.840498
 30
0.0
 10
25.245058
 20
280.837728
 30
0.0
 10
25.249746
 20
280.833034
 30
0.0
  0
SPLINE
  5
2ba
100
AcDbEntity
  8
0
 62
7
100
AcDbSpline
 70
8
 71
3
 72
8
 73
4
 74
0
 40
0
 40
0
 40
0
 40
0
 40
1
 40
1
 40
1
 40
1
 10
25.249746
 20
280.833034
 30
0.0
 10
25.254433
 20
280.828346
 30
0.0
 10
25.256350
 20
280.821314
 30
0.0
 10
25.255498
 20
280.811939
 30
0.0
  0
SPLINE
  5
2bb
100
AcDbEntity
  8
0
 62
7
100
AcDbSpline
 70
8
 71
3
 72
8
 73
4
 74
0
 40
0
 40
0
 40
0
 40
0
 40
1
 40
1
 40
1
 40
1
 10
25.255498
 20
280.811939
 30
0.0
 10
25.255075
 20
280.802989
 30
0.0
 10
25.252944
 20
280.790631
 30
0.0
 10
25.249106
 20
280.774865
 30
0.0
  0
LWPOLYLINE
  5
2bc
100
AcDbEntity
  8
0
 62
7
100
AcDbPolyline
 90
4
 70
0
 10
24.791430
 20
280.804271
 30
0.0
 10
24.947401
 20
280.175275
 30
0.0
 10
24.948671
 20
280.175275
 30
0.0
 10
25.093774
 20
280.806828
 30
0.0
  0
SPLINE
  5
2bd
100
AcDbEntity
  8
0
 62
7
100
AcDbSpline
 70
8
 71
3
 72
8
 73
4
 74
0
 40
0
 40
0
 40
0
 40
0
 40
1
 40
1
 40
1
 40
1
 10
25.526542
 20
280.034013
 30
0.0
 10
25.526542
 20
280.029752
 30
0.0
 10
25.525264
 20
280.025916
 30
0.0
 10
25.522706
 20
280.022507
 30
0.0
  0
SPLINE
  5
2be
100
AcDbEntity
  8
0
 62
7
100
AcDbSpline
 70
8
 71
3
 72
8
 73
4
 74
0
 40
0
 40
0
 40
0
 40
0
 40
1
 40
1
 40
1
 40
1
 10
25.522706
 20
280.022507
 30
0.0
 10
25.520150
 20
280.019524
 30
0.0
 10
25.515676
 20
280.016967
 30
0.0
 10
25.509284
 20
280.014836
 30
0.0
  0
SPLINE
  5
2bf
100
AcDbEntity
  8
0
 62
7
100
AcDbSpline
 70
8
 71
3
 72
8
 73
4
 74
0
 40
0
 40
0
 40
0
 40
0
 40
1
 40
1
 40
1
 40
1
 10
25.509284
 20
280.014836
 30
0.0
 10
25.503318
 20
280.012706
 30
0.0
 10
25.495221
 20
280.011214
 30
0.0
 10
25.484992
 20
280.010362
 30
0.0
  0
SPLINE
  5
2c0
100
AcDbEntity
  8
0
 62
7
100
AcDbSpline
 70
8
 71
3
 72
8
 73
4
 74
0
 40
0
 40
0
 40
0
 40
0
 40
1
 40
1
 40
1
 40
1
 10
25.484992
 20
280.010362
 30
0.0
 10
25.474765
 20
280.009092
 30
0.0
 10
25.461768
 20
280.008457
 30
0.0
 10
25.446000
 20
280.008457
 30
0.0
  0
SPLINE
  5
2c1
100
AcDbEntity
  8
0
 62
7
100
AcDbSpline
 70
8
 71
3
 72
8
 73
4
 74
0
 40
0
 40
0
 40
0
 40
0
 40
1
 40
1
 40
1
 40
1
 10
25.446000
 20
280.008457
 30
0.0
 10
25.430232
 20
280.008457
 30
0.0
 10
25.417235
 20
280.009092
 30
0.0
 10
25.407007
 20
280.010362
 30
0.0
  0
SPLINE
  5
2c2
100
AcDbEntity
  8
0
 62
7
100
AcDbSpline
 70
8
 71
3
 72
8
 73
4
 74
0
 40
0
 40
0
 40
0
 40
0
 40
1
 40
1
 40
1
 40
1
 10
25.407007
 20
280.010362
 30
0.0
 10
25.396780
 20
280.011209
 30
0.0
 10
25.388470
 20
280.012700
 30
0.0
 10
25.382078
 20
280.014836
 30
0.0
  0
SPLINE
  5
2c3
100
AcDbEntity
  8
0
 62
7
100
AcDbSpline
 70
8
 71
3
 72
8
 73
4
 74
0
 40
0
 40
0
 40
0
 40
0
 40
1
 40
1
 40
1
 40
1
 10
25.382078
 20
280.014836
 30
0.0
 10
25.376112
 20
280.016967
 30
0.0
 10
25.371851
 20
280.019524
 30
0.0
 10
25.369293
 20
280.022507
 30
0.0
  0
SPLINE
  5
2c4
100
AcDbEntity
  8
0
 62
7
100
AcDbSpline
 70
8
 71
3
 72
8
 73
4
 74
0
 40
0
 40
0
 40
0
 40
0
 40
1
 40
1
 40
1
 40
1
 10
25.369293
 20
280.022507
 30
0.0
 10
25.366737
 20
280.025916
 30
0.0
 10
25.365459
 20
280.029752
 30
0.0
 10
25.365459
 20
280.034013
 30
0.0
  0
LWPOLYLINE
  5
2c5
100
AcDbEntity
  8
0
 62
7
100
AcDbPolyline
 90
2
 70
0
 10
25.249106
 20
280.774865
 30
0.0
 10
25.059270
 20
280.055108
 30
0.0
  0
SPLINE
  5
2c6
100
AcDbEntity
  8
0
 62
7
100
AcDbSpline
 70
8
 71
3
 72
8
 73
4
 74
0
 40
0
 40
0
 40
0
 40
0
 40
1
 40
1
 40
1
 40
1
 10
25.365459
 20
280.602922
 30
0.0
 10
25.365459
 20
280.607183
 30
0.0
 10
25.366737
 20
280.610806
 30
0.0
 10
25.369293
 20
280.613788
 30
0.0
  0
SPLINE
  5
2c7
100
AcDbEntity
  8
0
 62
7
100
AcDbSpline
 70
8
 71
3
 72
8
 73
4
 74
0
 40
0
 40
0
 40
0
 40
0
 40
1
 40
1
 40
1
 40
1
 10
25.369293
 20
280.613788
 30
0.0
 10
25.371851
 20
280.617198
 30
0.0
 10
25.376112
 20
280.619968
 30
0.0
 10
25.382078
 20
280.622099
 30
0.0
  0
SPLINE
  5
2c8
100
AcDbEntity
  8
0
 62
7
100
AcDbSpline
 70
8
 71
3
 72
8
 73
4
 74
0
 40
0
 40
0
 40
0
 40
0
 40
1
 40
1
 40
1
 40
1
 10
25.382078
 20
280.622099
 30
0.0
 10
25.388470
 20
280.624657
 30
0.0
 10
25.396780
 20
280.626574
 30
0.0
 10
25.407007
 20
280.627851
 30
0.0
  0
SPLINE
  5
2c9
100
AcDbEntity
  8
0
 62
7
100
AcDbSpline
 70
8
 71
3
 72
8
 73
4
 74
0
 40
0
 40
0
 40
0
 40
0
 40
1
 40
1
 40
1
 40
1
 10
25.407007
 20
280.627851
 30
0.0
 10
25.417234
 20
280.629121
 30
0.0
 10
25.430231
 20
280.629756
 30
0.0
 10
25.446000
 20
280.629756
 30
0.0
  0
SPLINE
  5
2ca
100
AcDbEntity
  8
0
 62
7
100
AcDbSpline
 70
8
 71
3
 72
8
 73
4
 74
0
 40
0
 40
0
 40
0
 40
0
 40
1
 40
1
 40
1
 40
1
 10
25.446000
 20
280.629756
 30
0.0
 10
25.461767
 20
280.629756
 30
0.0
 10
25.474764
 20
280.629121
 30
0.0
 10
25.484992
 20
280.627851
 30
0.0
  0
SPLINE
  5
2cb
100
AcDbEntity
  8
0
 62
7
100
AcDbSpline
 70
8
 71
3
 72
8
 73
4
 74
0
 40
0
 40
0
 40
0
 40
0
 40
1
 40
1
 40
1
 40
1
 10
25.484992
 20
280.627851
 30
0.0
 10
25.495219
 20
280.626581
 30
0.0
 10
25.503316
 20
280.624664
 30
0.0
 10
25.509284
 20
280.622099
 30
0.0
  0
SPLINE
  5
2cc
100
AcDbEntity
  8
0
 62
7
100
AcDbSpline
 70
8
 71
3
 72
8
 73
4
 74
0
 40
0
 40
0
 40
0
 40
0
 40
1
 40
1
 40
1
 40
1
 10
25.509284
 20
280.622099
 30
0.0
 10
25.515676
 20
280.619968
 30
0.0
 10
25.520150
 20
280.617198
 30
0.0
 10
25.522706
 20
280.613788
 30
0.0
  0
SPLINE
  5
2cd
100
AcDbEntity
  8
0
 62
7
100
AcDbSpline
 70
8
 71
3
 72
8
 73
4
 74
0
 40
0
 40
0
 40
0
 40
0
 40
1
 40
1
 40
1
 40
1
 10
25.522706
 20
280.613788
 30
0.0
 10
25.525264
 20
280.610806
 30
0.0
 10
25.526542
 20
280.607183
 30
0.0
 10
25.526542
 20
280.602922
 30
0.0
  0
LWPOLYLINE
  5
2ce
100
AcDbEntity
  8
0
 62
7
100
AcDbPolyline
 90
2
 70
0
 10
25.365459
 20
280.034013
 30
0.0
 10
25.365459
 20
280.602922
 30
0.0
  0
SPLINE
  5
2cf
100
AcDbEntity
  8
0
 62
7
100
AcDbSpline
 70
8
 71
3
 72
8
 73
4
 74
0
 40
0
 40
0
 40
0
 40
0
 40
1
 40
1
 40
1
 40
1
 10
25.538687
 20
280.797246
 30
0.0
 10
25.538687
 20
280.764858
 30
0.0
 10
25.532082
 20
280.742486
 30
0.0
 10
25.518872
 20
280.730127
 30
0.0
  0
SPLINE
  5
2d0
100
AcDbEntity
  8
0
 62
7
100
AcDbSpline
 70
8
 71
3
 72
8
 73
4
 74
0
 40
0
 40
0
 40
0
 40
0
 40
1
 40
1
 40
1
 40
1
 10
25.518872
 20
280.730127
 30
0.0
 10
25.505662
 20
280.717769
 30
0.0
 10
25.481159
 20
280.711591
 30
0.0
 10
25.445361
 20
280.711591
 30
0.0
  0
SPLINE
  5
2d1
100
AcDbEntity
  8
0
 62
7
100
AcDbSpline
 70
8
 71
3
 72
8
 73
4
 74
0
 40
0
 40
0
 40
0
 40
0
 40
1
 40
1
 40
1
 40
1
 10
25.445361
 20
280.711591
 30
0.0
 10
25.409139
 20
280.711591
 30
0.0
 10
25.384635
 20
280.717557
 30
0.0
 10
25.371851
 20
280.729490
 30
0.0
  0
SPLINE
  5
2d2
100
AcDbEntity
  8
0
 62
7
100
AcDbSpline
 70
8
 71
3
 72
8
 73
4
 74
0
 40
0
 40
0
 40
0
 40
0
 40
1
 40
1
 40
1
 40
1
 10
25.371851
 20
280.729490
 30
0.0
 10
25.359493
 20
280.741422
 30
0.0
 10
25.353314
 20
280.762943
 30
0.0
 10
25.353314
 20
280.794051
 30
0.0
  0
SPLINE
  5
2d3
100
AcDbEntity
  8
0
 62
7
100
AcDbSpline
 70
8
 71
3
 72
8
 73
4
 74
0
 40
0
 40
0
 40
0
 40
0
 40
1
 40
1
 40
1
 40
1
 10
25.353314
 20
280.794051
 30
0.0
 10
25.353314
 20
280.826439
 30
0.0
 10
25.359706
 20
280.848811
 30
0.0
 10
25.372491
 20
280.861170
 30
0.0
  0
SPLINE
  5
2d4
100
AcDbEntity
  8
0
 62
7
100
AcDbSpline
 70
8
 71
3
 72
8
 73
4
 74
0
 40
0
 40
0
 40
0
 40
0
 40
1
 40
1
 40
1
 40
1
 10
25.372491
 20
280.861170
 30
0.0
 10
25.385702
 20
280.873954
 30
0.0
 10
25.410419
 20
280.880347
 30
0.0
 10
25.446641
 20
280.880347
 30
0.0
  0
SPLINE
  5
2d5
100
AcDbEntity
  8
0
 62
7
100
AcDbSpline
 70
8
 71
3
 72
8
 73
4
 74
0
 40
0
 40
0
 40
0
 40
0
 40
1
 40
1
 40
1
 40
1
 10
25.446641
 20
280.880347
 30
0.0
 10
25.482437
 20
280.880347
 30
0.0
 10
25.506728
 20
280.874168
 30
0.0
 10
25.519512
 20
280.861810
 30
0.0
  0
SPLINE
  5
2d6
100
AcDbEntity
  8
0
 62
7
100
AcDbSpline
 70
8
 71
3
 72
8
 73
4
 74
0
 40
0
 40
0
 40
0
 40
0
 40
1
 40
1
 40
1
 40
1
 10
25.519512
 20
280.861810
 30
0.0
 10
25.532297
 20
280.849877
 30
0.0
 10
25.538689
 20
280.828357
 30
0.0
 10
25.538689
 20
280.797248
 30
0.0
  0
LWPOLYLINE
  5
2d7
100
AcDbEntity
  8
0
 62
7
100
AcDbPolyline
 90
2
 70
0
 10
25.526542
 20
280.602922
 30
0.0
 10
25.526542
 20
280.034013
 30
0.0
  0
SPLINE
  5
2d8
100
AcDbEntity
  8
0
 62
7
100
AcDbSpline
 70
8
 71
3
 72
8
 73
4
 74
0
 40
0
 40
0
 40
0
 40
0
 40
1
 40
1
 40
1
 40
1
 10
26.231605
 20
280.034013
 30
0.0
 10
26.231605
 20
280.029752
 30
0.0
 10
26.230327
 20
280.025916
 30
0.0
 10
26.227769
 20
280.022507
 30
0.0
  0
SPLINE
  5
2d9
100
AcDbEntity
  8
0
 62
7
100
AcDbSpline
 70
8
 71
3
 72
8
 73
4
 74
0
 40
0
 40
0
 40
0
 40
0
 40
1
 40
1
 40
1
 40
1
 10
26.227769
 20
280.022507
 30
0.0
 10
26.225213
 20
280.019524
 30
0.0
 10
26.220952
 20
280.016967
 30
0.0
 10
26.214984
 20
280.014836
 30
0.0
  0
SPLINE
  5
2da
100
AcDbEntity
  8
0
 62
7
100
AcDbSpline
 70
8
 71
3
 72
8
 73
4
 74
0
 40
0
 40
0
 40
0
 40
0
 40
1
 40
1
 40
1
 40
1
 10
26.214984
 20
280.014836
 30
0.0
 10
26.209019
 20
280.012706
 30
0.0
 10
26.200709
 20
280.011214
 30
0.0
 10
26.190055
 20
280.010362
 30
0.0
  0
SPLINE
  5
2db
100
AcDbEntity
  8
0
 62
7
100
AcDbSpline
 70
8
 71
3
 72
8
 73
4
 74
0
 40
0
 40
0
 40
0
 40
0
 40
1
 40
1
 40
1
 40
1
 10
26.190055
 20
280.010362
 30
0.0
 10
26.179828
 20
280.009092
 30
0.0
 10
26.167044
 20
280.008457
 30
0.0
 10
26.151702
 20
280.008457
 30
0.0
  0
SPLINE
  5
2dc
100
AcDbEntity
  8
0
 62
7
100
AcDbSpline
 70
8
 71
3
 72
8
 73
4
 74
0
 40
0
 40
0
 40
0
 40
0
 40
1
 40
1
 40
1
 40
1
 10
26.151702
 20
280.008457
 30
0.0
 10
26.135934
 20
280.008457
 30
0.0
 10
26.122724
 20
280.009092
 30
0.0
 10
26.112070
 20
280.010362
 30
0.0
  0
SPLINE
  5
2dd
100
AcDbEntity
  8
0
 62
7
100
AcDbSpline
 70
8
 71
3
 72
8
 73
4
 74
0
 40
0
 40
0
 40
0
 40
0
 40
1
 40
1
 40
1
 40
1
 10
26.112070
 20
280.010362
 30
0.0
 10
26.101843
 20
280.011209
 30
0.0
 10
26.093746
 20
280.012700
 30
0.0
 10
26.087778
 20
280.014836
 30
0.0
  0
SPLINE
  5
2de
100
AcDbEntity
  8
0
 62
7
100
AcDbSpline
 70
8
 71
3
 72
8
 73
4
 74
0
 40
0
 40
0
 40
0
 40
0
 40
1
 40
1
 40
1
 40
1
 10
26.087778
 20
280.014836
 30
0.0
 10
26.081813
 20
280.016967
 30
0.0
 10
26.077551
 20
280.019524
 30
0.0
 10
26.074994
 20
280.022507
 30
0.0
  0
SPLINE
  5
2df
100
AcDbEntity
  8
0
 62
7
100
AcDbSpline
 70
8
 71
3
 72
8
 73
4
 74
0
 40
0
 40
0
 40
0
 40
0
 40
1
 40
1
 40
1
 40
1
 10
26.074994
 20
280.022507
 30
0.0
 10
26.072436
 20
280.025916
 30
0.0
 10
26.071157
 20
280.029752
 30
0.0
 10
26.071157
 20
280.034013
 30
0.0
  0
LWPOLYLINE
  5
2e0
100
AcDbEntity
  8
0
 62
7
100
AcDbPolyline
 90
1
 70
1
 10
25.538689
 20
280.797248
 30
0.0
  0
SPLINE
  5
2e1
100
AcDbEntity
  8
0
 62
7
100
AcDbSpline
 70
8
 71
3
 72
8
 73
4
 74
0
 40
0
 40
0
 40
0
 40
0
 40
1
 40
1
 40
1
 40
1
 10
26.071157
 20
280.359378
 30
0.0
 10
26.071157
 20
280.387078
 30
0.0
 10
26.069027
 20
280.408811
 30
0.0
 10
26.064765
 20
280.424579
 30
0.0
  0
SPLINE
  5
2e2
100
AcDbEntity
  8
0
 62
7
100
AcDbSpline
 70
8
 71
3
 72
8
 73
4
 74
0
 40
0
 40
0
 40
0
 40
0
 40
1
 40
1
 40
1
 40
1
 10
26.064765
 20
280.424579
 30
0.0
 10
26.060930
 20
280.440346
 30
0.0
 10
26.055177
 20
280.453770
 30
0.0
 10
26.047506
 20
280.464850
 30
0.0
  0
SPLINE
  5
2e3
100
AcDbEntity
  8
0
 62
7
100
AcDbSpline
 70
8
 71
3
 72
8
 73
4
 74
0
 40
0
 40
0
 40
0
 40
0
 40
1
 40
1
 40
1
 40
1
 10
26.047506
 20
280.464850
 30
0.0
 10
26.039835
 20
280.476356
 30
0.0
 10
26.029821
 20
280.485092
 30
0.0
 10
26.017463
 20
280.491059
 30
0.0
  0
SPLINE
  5
2e4
100
AcDbEntity
  8
0
 62
7
100
AcDbSpline
 70
8
 71
3
 72
8
 73
4
 74
0
 40
0
 40
0
 40
0
 40
0
 40
1
 40
1
 40
1
 40
1
 10
26.017463
 20
280.491059
 30
0.0
 10
26.005530
 20
280.497452
 30
0.0
 10
25.991467
 20
280.500648
 30
0.0
 10
25.975274
 20
280.500648
 30
0.0
  0
SPLINE
  5
2e5
100
AcDbEntity
  8
0
 62
7
100
AcDbSpline
 70
8
 71
3
 72
8
 73
4
 74
0
 40
0
 40
0
 40
0
 40
0
 40
1
 40
1
 40
1
 40
1
 10
25.975274
 20
280.500648
 30
0.0
 10
25.954819
 20
280.500648
 30
0.0
 10
25.934151
 20
280.493190
 30
0.0
 10
25.913269
 20
280.478275
 30
0.0
  0
SPLINE
  5
2e6
100
AcDbEntity
  8
0
 62
7
100
AcDbSpline
 70
8
 71
3
 72
8
 73
4
 74
0
 40
0
 40
0
 40
0
 40
0
 40
1
 40
1
 40
1
 40
1
 10
25.913269
 20
280.478275
 30
0.0
 10
25.892388
 20
280.463359
 30
0.0
 10
25.870655
 20
280.441626
 30
0.0
 10
25.848069
 20
280.413074
 30
0.0
  0
LWPOLYLINE
  5
2e7
100
AcDbEntity
  8
0
 62
7
100
AcDbPolyline
 90
2
 70
0
 10
26.071157
 20
280.034013
 30
0.0
 10
26.071157
 20
280.359378
 30
0.0
  0
SPLINE
  5
2e8
100
AcDbEntity
  8
0
 62
7
100
AcDbSpline
 70
8
 71
3
 72
8
 73
4
 74
0
 40
0
 40
0
 40
0
 40
0
 40
1
 40
1
 40
1
 40
1
 10
25.848069
 20
280.034015
 30
0.0
 10
25.848069
 20
280.029753
 30
0.0
 10
25.846790
 20
280.025918
 30
0.0
 10
25.844232
 20
280.022508
 30
0.0
  0
SPLINE
  5
2e9
100
AcDbEntity
  8
0
 62
7
100
AcDbSpline
 70
8
 71
3
 72
8
 73
4
 74
0
 40
0
 40
0
 40
0
 40
0
 40
1
 40
1
 40
1
 40
1
 10
25.844232
 20
280.022508
 30
0.0
 10
25.841676
 20
280.019525
 30
0.0
 10
25.837201
 20
280.016969
 30
0.0
 10
25.830807
 20
280.014838
 30
0.0
  0
SPLINE
  5
2ea
100
AcDbEntity
  8
0
 62
7
100
AcDbSpline
 70
8
 71
3
 72
8
 73
4
 74
0
 40
0
 40
0
 40
0
 40
0
 40
1
 40
1
 40
1
 40
1
 10
25.830807
 20
280.014838
 30
0.0
 10
25.824842
 20
280.012707
 30
0.0
 10
25.816745
 20
280.011216
 30
0.0
 10
25.806516
 20
280.010364
 30
0.0
  0
SPLINE
  5
2eb
100
AcDbEntity
  8
0
 62
7
100
AcDbSpline
 70
8
 71
3
 72
8
 73
4
 74
0
 40
0
 40
0
 40
0
 40
0
 40
1
 40
1
 40
1
 40
1
 10
25.806516
 20
280.010364
 30
0.0
 10
25.796289
 20
280.009094
 30
0.0
 10
25.783291
 20
280.008459
 30
0.0
 10
25.767523
 20
280.008459
 30
0.0
  0
SPLINE
  5
2ec
100
AcDbEntity
  8
0
 62
7
100
AcDbSpline
 70
8
 71
3
 72
8
 73
4
 74
0
 40
0
 40
0
 40
0
 40
0
 40
1
 40
1
 40
1
 40
1
 10
25.767523
 20
280.008459
 30
0.0
 10
25.751756
 20
280.008459
 30
0.0
 10
25.738758
 20
280.009094
 30
0.0
 10
25.728531
 20
280.010364
 30
0.0
  0
SPLINE
  5
2ed
100
AcDbEntity
  8
0
 62
7
100
AcDbSpline
 70
8
 71
3
 72
8
 73
4
 74
0
 40
0
 40
0
 40
0
 40
0
 40
1
 40
1
 40
1
 40
1
 10
25.728531
 20
280.010364
 30
0.0
 10
25.718303
 20
280.011210
 30
0.0
 10
25.709994
 20
280.012702
 30
0.0
 10
25.703601
 20
280.014838
 30
0.0
  0
SPLINE
  5
2ee
100
AcDbEntity
  8
0
 62
7
100
AcDbSpline
 70
8
 71
3
 72
8
 73
4
 74
0
 40
0
 40
0
 40
0
 40
0
 40
1
 40
1
 40
1
 40
1
 10
25.703601
 20
280.014838
 30
0.0
 10
25.697636
 20
280.016969
 30
0.0
 10
25.693374
 20
280.019525
 30
0.0
 10
25.690817
 20
280.022508
 30
0.0
  0
SPLINE
  5
2ef
100
AcDbEntity
  8
0
 62
7
100
AcDbSpline
 70
8
 71
3
 72
8
 73
4
 74
0
 40
0
 40
0
 40
0
 40
0
 40
1
 40
1
 40
1
 40
1
 10
25.690817
 20
280.022508
 30
0.0
 10
25.688259
 20
280.025918
 30
0.0
 10
25.686980
 20
280.029753
 30
0.0
 10
25.686980
 20
280.034015
 30
0.0
  0
LWPOLYLINE
  5
2f0
100
AcDbEntity
  8
0
 62
7
100
AcDbPolyline
 90
2
 70
0
 10
25.848069
 20
280.413074
 30
0.0
 10
25.848069
 20
280.034015
 30
0.0
  0
SPLINE
  5
2f1
100
AcDbEntity
  8
0
 62
7
100
AcDbSpline
 70
8
 71
3
 72
8
 73
4
 74
0
 40
0
 40
0
 40
0
 40
0
 40
1
 40
1
 40
1
 40
1
 10
25.686980
 20
280.604202
 30
0.0
 10
25.686980
 20
280.608463
 30
0.0
 10
25.688046
 20
280.612085
 30
0.0
 10
25.690177
 20
280.615068
 30
0.0
  0
SPLINE
  5
2f2
100
AcDbEntity
  8
0
 62
7
100
AcDbSpline
 70
8
 71
3
 72
8
 73
4
 74
0
 40
0
 40
0
 40
0
 40
0
 40
1
 40
1
 40
1
 40
1
 10
25.690177
 20
280.615068
 30
0.0
 10
25.692307
 20
280.618478
 30
0.0
 10
25.696143
 20
280.621248
 30
0.0
 10
25.701683
 20
280.623379
 30
0.0
  0
SPLINE
  5
2f3
100
AcDbEntity
  8
0
 62
7
100
AcDbSpline
 70
8
 71
3
 72
8
 73
4
 74
0
 40
0
 40
0
 40
0
 40
0
 40
1
 40
1
 40
1
 40
1
 10
25.701683
 20
280.623379
 30
0.0
 10
25.707224
 20
280.625509
 30
0.0
 10
25.714255
 20
280.627001
 30
0.0
 10
25.722778
 20
280.627853
 30
0.0
  0
SPLINE
  5
2f4
100
AcDbEntity
  8
0
 62
7
100
AcDbSpline
 70
8
 71
3
 72
8
 73
4
 74
0
 40
0
 40
0
 40
0
 40
0
 40
1
 40
1
 40
1
 40
1
 10
25.722778
 20
280.627853
 30
0.0
 10
25.731728
 20
280.629123
 30
0.0
 10
25.742808
 20
280.629758
 30
0.0
 10
25.756018
 20
280.629758
 30
0.0
  0
SPLINE
  5
2f5
100
AcDbEntity
  8
0
 62
7
100
AcDbSpline
 70
8
 71
3
 72
8
 73
4
 74
0
 40
0
 40
0
 40
0
 40
0
 40
1
 40
1
 40
1
 40
1
 10
25.756018
 20
280.629758
 30
0.0
 10
25.769655
 20
280.629758
 30
0.0
 10
25.780948
 20
280.629123
 30
0.0
 10
25.789897
 20
280.627853
 30
0.0
  0
SPLINE
  5
2f6
100
AcDbEntity
  8
0
 62
7
100
AcDbSpline
 70
8
 71
3
 72
8
 73
4
 74
0
 40
0
 40
0
 40
0
 40
0
 40
1
 40
1
 40
1
 40
1
 10
25.789897
 20
280.627853
 30
0.0
 10
25.798847
 20
280.627006
 30
0.0
 10
25.805665
 20
280.625515
 30
0.0
 10
25.810352
 20
280.623379
 30
0.0
  0
SPLINE
  5
2f7
100
AcDbEntity
  8
0
 62
7
100
AcDbSpline
 70
8
 71
3
 72
8
 73
4
 74
0
 40
0
 40
0
 40
0
 40
0
 40
1
 40
1
 40
1
 40
1
 10
25.810352
 20
280.623379
 30
0.0
 10
25.815465
 20
280.621248
 30
0.0
 10
25.819087
 20
280.618478
 30
0.0
 10
25.821218
 20
280.615068
 30
0.0
  0
SPLINE
  5
2f8
100
AcDbEntity
  8
0
 62
7
100
AcDbSpline
 70
8
 71
3
 72
8
 73
4
 74
0
 40
0
 40
0
 40
0
 40
0
 40
1
 40
1
 40
1
 40
1
 10
25.821218
 20
280.615068
 30
0.0
 10
25.823349
 20
280.612085
 30
0.0
 10
25.824414
 20
280.608463
 30
0.0
 10
25.824414
 20
280.604202
 30
0.0
  0
LWPOLYLINE
  5
2f9
100
AcDbEntity
  8
0
 62
7
100
AcDbPolyline
 90
2
 70
0
 10
25.686980
 20
280.034015
 30
0.0
 10
25.686980
 20
280.604202
 30
0.0
  0
SPLINE
  5
2fa
100
AcDbEntity
  8
0
 62
7
100
AcDbSpline
 70
8
 71
3
 72
8
 73
4
 74
0
 40
0
 40
0
 40
0
 40
0
 40
1
 40
1
 40
1
 40
1
 10
25.824414
 20
280.538362
 30
0.0
 10
25.855949
 20
280.572454
 30
0.0
 10
25.887911
 20
280.598023
 30
0.0
 10
25.920298
 20
280.615068
 30
0.0
  0
SPLINE
  5
2fb
100
AcDbEntity
  8
0
 62
7
100
AcDbSpline
 70
8
 71
3
 72
8
 73
4
 74
0
 40
0
 40
0
 40
0
 40
0
 40
1
 40
1
 40
1
 40
1
 10
25.920298
 20
280.615068
 30
0.0
 10
25.953111
 20
280.632115
 30
0.0
 10
25.987203
 20
280.640638
 30
0.0
 10
26.022574
 20
280.640638
 30
0.0
  0
SPLINE
  5
2fc
100
AcDbEntity
  8
0
 62
7
100
AcDbSpline
 70
8
 71
3
 72
8
 73
4
 74
0
 40
0
 40
0
 40
0
 40
0
 40
1
 40
1
 40
1
 40
1
 10
26.022574
 20
280.640638
 30
0.0
 10
26.061353
 20
280.640638
 30
0.0
 10
26.093953
 20
280.634245
 30
0.0
 10
26.120375
 20
280.621461
 30
0.0
  0
SPLINE
  5
2fd
100
AcDbEntity
  8
0
 62
7
100
AcDbSpline
 70
8
 71
3
 72
8
 73
4
 74
0
 40
0
 40
0
 40
0
 40
0
 40
1
 40
1
 40
1
 40
1
 10
26.120375
 20
280.621461
 30
0.0
 10
26.147222
 20
280.608676
 30
0.0
 10
26.168742
 20
280.591204
 30
0.0
 10
26.184936
 20
280.569044
 30
0.0
  0
SPLINE
  5
2fe
100
AcDbEntity
  8
0
 62
7
100
AcDbSpline
 70
8
 71
3
 72
8
 73
4
 74
0
 40
0
 40
0
 40
0
 40
0
 40
1
 40
1
 40
1
 40
1
 10
26.184936
 20
280.569044
 30
0.0
 10
26.201555
 20
280.547311
 30
0.0
 10
26.213488
 20
280.521742
 30
0.0
 10
26.220733
 20
280.492338
 30
0.0
  0
SPLINE
  5
2ff
100
AcDbEntity
  8
0
 62
7
100
AcDbSpline
 70
8
 71
3
 72
8
 73
4
 74
0
 40
0
 40
0
 40
0
 40
0
 40
1
 40
1
 40
1
 40
1
 10
26.220733
 20
280.492338
 30
0.0
 10
26.227977
 20
280.462933
 30
0.0
 10
26.231599
 20
280.427563
 30
0.0
 10
26.231599
 20
280.386227
 30
0.0
  0
LWPOLYLINE
  5
300
100
AcDbEntity
  8
0
 62
7
100
AcDbPolyline
 90
2
 70
0
 10
25.824414
 20
280.604202
 30
0.0
 10
25.824414
 20
280.538362
 30
0.0
  0
SPLINE
  5
301
100
AcDbEntity
  8
0
 62
7
100
AcDbSpline
 70
8
 71
3
 72
8
 73
4
 74
0
 40
0
 40
0
 40
0
 40
0
 40
1
 40
1
 40
1
 40
1
 10
26.971186
 20
280.137568
 30
0.0
 10
26.971186
 20
280.126914
 30
0.0
 10
26.970745
 20
280.117751
 30
0.0
 10
26.969863
 20
280.110081
 30
0.0
  0
SPLINE
  5
302
100
AcDbEntity
  8
0
 62
7
100
AcDbSpline
 70
8
 71
3
 72
8
 73
4
 74
0
 40
0
 40
0
 40
0
 40
0
 40
1
 40
1
 40
1
 40
1
 10
26.969863
 20
280.110081
 30
0.0
 10
26.969511
 20
280.102837
 30
0.0
 10
26.968629
 20
280.096444
 30
0.0
 10
26.967218
 20
280.090904
 30
0.0
  0
SPLINE
  5
303
100
AcDbEntity
  8
0
 62
7
100
AcDbSpline
 70
8
 71
3
 72
8
 73
4
 74
0
 40
0
 40
0
 40
0
 40
0
 40
1
 40
1
 40
1
 40
1
 10
26.967218
 20
280.090904
 30
0.0
 10
26.965983
 20
280.085790
 30
0.0
 10
26.964281
 20
280.081315
 30
0.0
 10
26.962111
 20
280.077479
 30
0.0
  0
SPLINE
  5
304
100
AcDbEntity
  8
0
 62
7
100
AcDbSpline
 70
8
 71
3
 72
8
 73
4
 74
0
 40
0
 40
0
 40
0
 40
0
 40
1
 40
1
 40
1
 40
1
 10
26.962111
 20
280.077479
 30
0.0
 10
26.959977
 20
280.073644
 30
0.0
 10
26.956564
 20
280.069170
 30
0.0
 10
26.951872
 20
280.064057
 30
0.0
  0
SPLINE
  5
305
100
AcDbEntity
  8
0
 62
7
100
AcDbSpline
 70
8
 71
3
 72
8
 73
4
 74
0
 40
0
 40
0
 40
0
 40
0
 40
1
 40
1
 40
1
 40
1
 10
26.951872
 20
280.064057
 30
0.0
 10
26.947180
 20
280.059368
 30
0.0
 10
26.938018
 20
280.053189
 30
0.0
 10
26.924387
 20
280.045520
 30
0.0
  0
SPLINE
  5
306
100
AcDbEntity
  8
0
 62
7
100
AcDbSpline
 70
8
 71
3
 72
8
 73
4
 74
0
 40
0
 40
0
 40
0
 40
0
 40
1
 40
1
 40
1
 40
1
 10
26.924387
 20
280.045520
 30
0.0
 10
26.911175
 20
280.037849
 30
0.0
 10
26.894768
 20
280.030391
 30
0.0
 10
26.875166
 20
280.023147
 30
0.0
  0
SPLINE
  5
307
100
AcDbEntity
  8
0
 62
7
100
AcDbSpline
 70
8
 71
3
 72
8
 73
4
 74
0
 40
0
 40
0
 40
0
 40
0
 40
1
 40
1
 40
1
 40
1
 10
26.875166
 20
280.023147
 30
0.0
 10
26.855989
 20
280.016328
 30
0.0
 10
26.833830
 20
280.010575
 30
0.0
 10
26.808687
 20
280.005888
 30
0.0
  0
SPLINE
  5
308
100
AcDbEntity
  8
0
 62
7
100
AcDbSpline
 70
8
 71
3
 72
8
 73
4
 74
0
 40
0
 40
0
 40
0
 40
0
 40
1
 40
1
 40
1
 40
1
 10
26.808687
 20
280.005888
 30
0.0
 10
26.783970
 20
280.001200
 30
0.0
 10
26.757122
 20
279.998855
 30
0.0
 10
26.728144
 20
279.998855
 30
0.0
  0
SPLINE
  5
309
100
AcDbEntity
  8
0
 62
7
100
AcDbSpline
 70
8
 71
3
 72
8
 73
4
 74
0
 40
0
 40
0
 40
0
 40
0
 40
1
 40
1
 40
1
 40
1
 10
26.728144
 20
279.998855
 30
0.0
 10
26.671466
 20
279.998855
 30
0.0
 10
26.620328
 20
280.007591
 30
0.0
 10
26.574730
 20
280.025062
 30
0.0
  0
SPLINE
  5
30a
100
AcDbEntity
  8
0
 62
7
100
AcDbSpline
 70
8
 71
3
 72
8
 73
4
 74
0
 40
0
 40
0
 40
0
 40
0
 40
1
 40
1
 40
1
 40
1
 10
26.574730
 20
280.025062
 30
0.0
 10
26.529133
 20
280.042534
 30
0.0
 10
26.490353
 20
280.068529
 30
0.0
 10
26.458392
 20
280.103048
 30
0.0
  0
SPLINE
  5
30b
100
AcDbEntity
  8
0
 62
7
100
AcDbSpline
 70
8
 71
3
 72
8
 73
4
 74
0
 40
0
 40
0
 40
0
 40
0
 40
1
 40
1
 40
1
 40
1
 10
26.458392
 20
280.103048
 30
0.0
 10
26.426431
 20
280.137992
 30
0.0
 10
26.401927
 20
280.181459
 30
0.0
 10
26.384881
 20
280.233449
 30
0.0
  0
SPLINE
  5
30c
100
AcDbEntity
  8
0
 62
7
100
AcDbSpline
 70
8
 71
3
 72
8
 73
4
 74
0
 40
0
 40
0
 40
0
 40
0
 40
1
 40
1
 40
1
 40
1
 10
26.384881
 20
280.233449
 30
0.0
 10
26.367835
 20
280.285439
 30
0.0
 10
26.359312
 20
280.345952
 30
0.0
 10
26.359312
 20
280.414988
 30
0.0
  0
SPLINE
  5
30d
100
AcDbEntity
  8
0
 62
7
100
AcDbSpline
 70
8
 71
3
 72
8
 73
4
 74
0
 40
0
 40
0
 40
0
 40
0
 40
1
 40
1
 40
1
 40
1
 10
26.359312
 20
280.414988
 30
0.0
 10
26.359312
 20
280.485303
 30
0.0
 10
26.368687
 20
280.547734
 30
0.0
 10
26.387438
 20
280.602281
 30
0.0
  0
SPLINE
  5
30e
100
AcDbEntity
  8
0
 62
7
100
AcDbSpline
 70
8
 71
3
 72
8
 73
4
 74
0
 40
0
 40
0
 40
0
 40
0
 40
1
 40
1
 40
1
 40
1
 10
26.387438
 20
280.602281
 30
0.0
 10
26.406189
 20
280.656828
 30
0.0
 10
26.432397
 20
280.702639
 30
0.0
 10
26.466062
 20
280.739714
 30
0.0
  0
SPLINE
  5
30f
100
AcDbEntity
  8
0
 62
7
100
AcDbSpline
 70
8
 71
3
 72
8
 73
4
 74
0
 40
0
 40
0
 40
0
 40
0
 40
1
 40
1
 40
1
 40
1
 10
26.466062
 20
280.739714
 30
0.0
 10
26.499728
 20
280.776789
 30
0.0
 10
26.539999
 20
280.804914
 30
0.0
 10
26.586876
 20
280.824091
 30
0.0
  0
SPLINE
  5
310
100
AcDbEntity
  8
0
 62
7
100
AcDbSpline
 70
8
 71
3
 72
8
 73
4
 74
0
 40
0
 40
0
 40
0
 40
0
 40
1
 40
1
 40
1
 40
1
 10
26.586876
 20
280.824091
 30
0.0
 10
26.634178
 20
280.843268
 30
0.0
 10
26.686168
 20
280.852856
 30
0.0
 10
26.742846
 20
280.852856
 30
0.0
  0
SPLINE
  5
311
100
AcDbEntity
  8
0
 62
7
100
AcDbSpline
 70
8
 71
3
 72
8
 73
4
 74
0
 40
0
 40
0
 40
0
 40
0
 40
1
 40
1
 40
1
 40
1
 10
26.742846
 20
280.852856
 30
0.0
 10
26.765858
 20
280.852856
 30
0.0
 10
26.788018
 20
280.850939
 30
0.0
 10
26.809325
 20
280.847104
 30
0.0
  0
SPLINE
  5
312
100
AcDbEntity
  8
0
 62
7
100
AcDbSpline
 70
8
 71
3
 72
8
 73
4
 74
0
 40
0
 40
0
 40
0
 40
0
 40
1
 40
1
 40
1
 40
1
 10
26.809325
 20
280.847104
 30
0.0
 10
26.830633
 20
280.843270
 30
0.0
 10
26.850236
 20
280.838156
 30
0.0
 10
26.868134
 20
280.831764
 30
0.0
  0
SPLINE
  5
313
100
AcDbEntity
  8
0
 62
7
100
AcDbSpline
 70
8
 71
3
 72
8
 73
4
 74
0
 40
0
 40
0
 40
0
 40
0
 40
1
 40
1
 40
1
 40
1
 10
26.868134
 20
280.831764
 30
0.0
 10
26.886459
 20
280.825798
 30
0.0
 10
26.902866
 20
280.818766
 30
0.0
 10
26.917354
 20
280.810668
 30
0.0
  0
SPLINE
  5
314
100
AcDbEntity
  8
0
 62
7
100
AcDbSpline
 70
8
 71
3
 72
8
 73
4
 74
0
 40
0
 40
0
 40
0
 40
0
 40
1
 40
1
 40
1
 40
1
 10
26.917354
 20
280.810668
 30
0.0
 10
26.931836
 20
280.802572
 30
0.0
 10
26.941850
 20
280.795540
 30
0.0
 10
26.947398
 20
280.789573
 30
0.0
  0
SPLINE
  5
315
100
AcDbEntity
  8
0
 62
7
100
AcDbSpline
 70
8
 71
3
 72
8
 73
4
 74
0
 40
0
 40
0
 40
0
 40
0
 40
1
 40
1
 40
1
 40
1
 10
26.947398
 20
280.789573
 30
0.0
 10
26.953360
 20
280.784033
 30
0.0
 10
26.957408
 20
280.779345
 30
0.0
 10
26.959542
 20
280.775511
 30
0.0
  0
SPLINE
  5
316
100
AcDbEntity
  8
0
 62
7
100
AcDbSpline
 70
8
 71
3
 72
8
 73
4
 74
0
 40
0
 40
0
 40
0
 40
0
 40
1
 40
1
 40
1
 40
1
 10
26.959542
 20
280.775511
 30
0.0
 10
26.961676
 20
280.771676
 30
0.0
 10
26.963378
 20
280.766775
 30
0.0
 10
26.964648
 20
280.760808
 30
0.0
  0
SPLINE
  5
317
100
AcDbEntity
  8
0
 62
7
100
AcDbSpline
 70
8
 71
3
 72
8
 73
4
 74
0
 40
0
 40
0
 40
0
 40
0
 40
1
 40
1
 40
1
 40
1
 10
26.964648
 20
280.760808
 30
0.0
 10
26.965883
 20
280.754842
 30
0.0
 10
26.966765
 20
280.747811
 30
0.0
 10
26.967294
 20
280.739713
 30
0.0
  0
SPLINE
  5
318
100
AcDbEntity
  8
0
 62
7
100
AcDbSpline
 70
8
 71
3
 72
8
 73
4
 74
0
 40
0
 40
0
 40
0
 40
0
 40
1
 40
1
 40
1
 40
1
 10
26.967294
 20
280.739713
 30
0.0
 10
26.968176
 20
280.731616
 30
0.0
 10
26.968617
 20
280.721602
 30
0.0
 10
26.968617
 20
280.709669
 30
0.0
  0
SPLINE
  5
319
100
AcDbEntity
  8
0
 62
7
100
AcDbSpline
 70
8
 71
3
 72
8
 73
4
 74
0
 40
0
 40
0
 40
0
 40
0
 40
1
 40
1
 40
1
 40
1
 10
26.968617
 20
280.709669
 30
0.0
 10
26.968617
 20
280.696884
 30
0.0
 10
26.968176
 20
280.686018
 30
0.0
 10
26.967294
 20
280.677069
 30
0.0
  0
SPLINE
  5
31a
100
AcDbEntity
  8
0
 62
7
100
AcDbSpline
 70
8
 71
3
 72
8
 73
4
 74
0
 40
0
 40
0
 40
0
 40
0
 40
1
 40
1
 40
1
 40
1
 10
26.967294
 20
280.677069
 30
0.0
 10
26.966412
 20
280.668119
 30
0.0
 10
26.964922
 20
280.660874
 30
0.0
 10
26.962823
 20
280.655336
 30
0.0
  0
SPLINE
  5
31b
100
AcDbEntity
  8
0
 62
7
100
AcDbSpline
 70
8
 71
3
 72
8
 73
4
 74
0
 40
0
 40
0
 40
0
 40
0
 40
1
 40
1
 40
1
 40
1
 10
26.962823
 20
280.655336
 30
0.0
 10
26.960689
 20
280.649795
 30
0.0
 10
26.958131
 20
280.645747
 30
0.0
 10
26.955150
 20
280.643191
 30
0.0
  0
SPLINE
  5
31c
100
AcDbEntity
  8
0
 62
7
100
AcDbSpline
 70
8
 71
3
 72
8
 73
4
 74
0
 40
0
 40
0
 40
0
 40
0
 40
1
 40
1
 40
1
 40
1
 10
26.955150
 20
280.643191
 30
0.0
 10
26.952169
 20
280.640634
 30
0.0
 10
26.948765
 20
280.639355
 30
0.0
 10
26.944937
 20
280.639355
 30
0.0
  0
SPLINE
  5
31d
100
AcDbEntity
  8
0
 62
7
100
AcDbSpline
 70
8
 71
3
 72
8
 73
4
 74
0
 40
0
 40
0
 40
0
 40
0
 40
1
 40
1
 40
1
 40
1
 10
26.944937
 20
280.639355
 30
0.0
 10
26.938552
 20
280.639355
 30
0.0
 10
26.930455
 20
280.642977
 30
0.0
 10
26.920648
 20
280.650221
 30
0.0
  0
SPLINE
  5
31e
100
AcDbEntity
  8
0
 62
7
100
AcDbSpline
 70
8
 71
3
 72
8
 73
4
 74
0
 40
0
 40
0
 40
0
 40
0
 40
1
 40
1
 40
1
 40
1
 10
26.920648
 20
280.650221
 30
0.0
 10
26.910841
 20
280.657893
 30
0.0
 10
26.898056
 20
280.666202
 30
0.0
 10
26.882294
 20
280.675151
 30
0.0
  0
SPLINE
  5
31f
100
AcDbEntity
  8
0
 62
7
100
AcDbSpline
 70
8
 71
3
 72
8
 73
4
 74
0
 40
0
 40
0
 40
0
 40
0
 40
1
 40
1
 40
1
 40
1
 10
26.882294
 20
280.675151
 30
0.0
 10
26.866948
 20
280.684526
 30
0.0
 10
26.848411
 20
280.692835
 30
0.0
 10
26.826681
 20
280.700080
 30
0.0
  0
SPLINE
  5
320
100
AcDbEntity
  8
0
 62
7
100
AcDbSpline
 70
8
 71
3
 72
8
 73
4
 74
0
 40
0
 40
0
 40
0
 40
0
 40
1
 40
1
 40
1
 40
1
 10
26.826681
 20
280.700080
 30
0.0
 10
26.805374
 20
280.707751
 30
0.0
 10
26.779806
 20
280.711586
 30
0.0
 10
26.749975
 20
280.711586
 30
0.0
  0
SPLINE
  5
321
100
AcDbEntity
  8
0
 62
7
100
AcDbSpline
 70
8
 71
3
 72
8
 73
4
 74
0
 40
0
 40
0
 40
0
 40
0
 40
1
 40
1
 40
1
 40
1
 10
26.749975
 20
280.711586
 30
0.0
 10
26.717162
 20
280.711586
 30
0.0
 10
26.687758
 20
280.704768
 30
0.0
 10
26.661763
 20
280.691131
 30
0.0
  0
SPLINE
  5
322
100
AcDbEntity
  8
0
 62
7
100
AcDbSpline
 70
8
 71
3
 72
8
 73
4
 74
0
 40
0
 40
0
 40
0
 40
0
 40
1
 40
1
 40
1
 40
1
 10
26.661763
 20
280.691131
 30
0.0
 10
26.636194
 20
280.677922
 30
0.0
 10
26.614247
 20
280.658745
 30
0.0
 10
26.595923
 20
280.633601
 30
0.0
  0
SPLINE
  5
323
100
AcDbEntity
  8
0
 62
7
100
AcDbSpline
 70
8
 71
3
 72
8
 73
4
 74
0
 40
0
 40
0
 40
0
 40
0
 40
1
 40
1
 40
1
 40
1
 10
26.595923
 20
280.633601
 30
0.0
 10
26.578024
 20
280.608884
 30
0.0
 10
26.564388
 20
280.578841
 30
0.0
 10
26.555012
 20
280.543471
 30
0.0
  0
SPLINE
  5
324
100
AcDbEntity
  8
0
 62
7
100
AcDbSpline
 70
8
 71
3
 72
8
 73
4
 74
0
 40
0
 40
0
 40
0
 40
0
 40
1
 40
1
 40
1
 40
1
 10
26.555012
 20
280.543471
 30
0.0
 10
26.545637
 20
280.508100
 30
0.0
 10
26.540950
 20
280.468256
 30
0.0
 10
26.540950
 20
280.423936
 30
0.0
  0
SPLINE
  5
325
100
AcDbEntity
  8
0
 62
7
100
AcDbSpline
 70
8
 71
3
 72
8
 73
4
 74
0
 40
0
 40
0
 40
0
 40
0
 40
1
 40
1
 40
1
 40
1
 10
26.540950
 20
280.423936
 30
0.0
 10
26.540950
 20
280.375355
 30
0.0
 10
26.545851
 20
280.333166
 30
0.0
 10
26.555653
 20
280.297370
 30
0.0
  0
SPLINE
  5
326
100
AcDbEntity
  8
0
 62
7
100
AcDbSpline
 70
8
 71
3
 72
8
 73
4
 74
0
 40
0
 40
0
 40
0
 40
0
 40
1
 40
1
 40
1
 40
1
 10
26.555653
 20
280.297370
 30
0.0
 10
26.565880
 20
280.261999
 30
0.0
 10
26.580156
 20
280.232808
 30
0.0
 10
26.598481
 20
280.209796
 30
0.0
  0
SPLINE
  5
327
100
AcDbEntity
  8
0
 62
7
100
AcDbSpline
 70
8
 71
3
 72
8
 73
4
 74
0
 40
0
 40
0
 40
0
 40
0
 40
1
 40
1
 40
1
 40
1
 10
26.598481
 20
280.209796
 30
0.0
 10
26.617231
 20
280.186784
 30
0.0
 10
26.639604
 20
280.169525
 30
0.0
 10
26.665599
 20
280.158019
 30
0.0
  0
SPLINE
  5
328
100
AcDbEntity
  8
0
 62
7
100
AcDbSpline
 70
8
 71
3
 72
8
 73
4
 74
0
 40
0
 40
0
 40
0
 40
0
 40
1
 40
1
 40
1
 40
1
 10
26.665599
 20
280.158019
 30
0.0
 10
26.692020
 20
280.146939
 30
0.0
 10
26.721638
 20
280.141398
 30
0.0
 10
26.754451
 20
280.141398
 30
0.0
  0
SPLINE
  5
329
100
AcDbEntity
  8
0
 62
7
100
AcDbSpline
 70
8
 71
3
 72
8
 73
4
 74
0
 40
0
 40
0
 40
0
 40
0
 40
1
 40
1
 40
1
 40
1
 10
26.754451
 20
280.141398
 30
0.0
 10
26.784281
 20
280.141398
 30
0.0
 10
26.810063
 20
280.144808
 30
0.0
 10
26.831796
 20
280.151627
 30
0.0
  0
SPLINE
  5
32a
100
AcDbEntity
  8
0
 62
7
100
AcDbSpline
 70
8
 71
3
 72
8
 73
4
 74
0
 40
0
 40
0
 40
0
 40
0
 40
1
 40
1
 40
1
 40
1
 10
26.831796
 20
280.151627
 30
0.0
 10
26.853531
 20
280.158871
 30
0.0
 10
26.872068
 20
280.166755
 30
0.0
 10
26.887409
 20
280.175278
 30
0.0
  0
SPLINE
  5
32b
100
AcDbEntity
  8
0
 62
7
100
AcDbSpline
 70
8
 71
3
 72
8
 73
4
 74
0
 40
0
 40
0
 40
0
 40
0
 40
1
 40
1
 40
1
 40
1
 10
26.887409
 20
280.175278
 30
0.0
 10
26.903178
 20
280.183801
 30
0.0
 10
26.915962
 20
280.191471
 30
0.0
 10
26.925763
 20
280.198289
 30
0.0
  0
SPLINE
  5
32c
100
AcDbEntity
  8
0
 62
7
100
AcDbSpline
 70
8
 71
3
 72
8
 73
4
 74
0
 40
0
 40
0
 40
0
 40
0
 40
1
 40
1
 40
1
 40
1
 10
26.925763
 20
280.198289
 30
0.0
 10
26.935993
 20
280.205108
 30
0.0
 10
26.943878
 20
280.208518
 30
0.0
 10
26.949416
 20
280.208518
 30
0.0
  0
SPLINE
  5
32d
100
AcDbEntity
  8
0
 62
7
100
AcDbSpline
 70
8
 71
3
 72
8
 73
4
 74
0
 40
0
 40
0
 40
0
 40
0
 40
1
 40
1
 40
1
 40
1
 10
26.949416
 20
280.208518
 30
0.0
 10
26.953685
 20
280.208518
 30
0.0
 10
26.957098
 20
280.207662
 30
0.0
 10
26.959656
 20
280.205951
 30
0.0
  0
SPLINE
  5
32e
100
AcDbEntity
  8
0
 62
7
100
AcDbSpline
 70
8
 71
3
 72
8
 73
4
 74
0
 40
0
 40
0
 40
0
 40
0
 40
1
 40
1
 40
1
 40
1
 10
26.959656
 20
280.205951
 30
0.0
 10
26.962213
 20
280.204240
 30
0.0
 10
26.964348
 20
280.200831
 30
0.0
 10
26.966059
 20
280.195722
 30
0.0
  0
SPLINE
  5
32f
100
AcDbEntity
  8
0
 62
7
100
AcDbSpline
 70
8
 71
3
 72
8
 73
4
 74
0
 40
0
 40
0
 40
0
 40
0
 40
1
 40
1
 40
1
 40
1
 10
26.966059
 20
280.195722
 30
0.0
 10
26.967823
 20
280.190609
 30
0.0
 10
26.969101
 20
280.183365
 30
0.0
 10
26.969895
 20
280.173990
 30
0.0
  0
SPLINE
  5
330
100
AcDbEntity
  8
0
 62
7
100
AcDbSpline
 70
8
 71
3
 72
8
 73
4
 74
0
 40
0
 40
0
 40
0
 40
0
 40
1
 40
1
 40
1
 40
1
 10
26.969895
 20
280.173990
 30
0.0
 10
26.970777
 20
280.165040
 30
0.0
 10
26.971218
 20
280.152894
 30
0.0
 10
26.971218
 20
280.137554
 30
0.0
  0
LWPOLYLINE
  5
331
100
AcDbEntity
  8
0
 62
7
100
AcDbPolyline
 90
2
 70
0
 10
26.231599
 20
280.386227
 30
0.0
 10
26.231605
 20
280.034013
 30
0.0
  0
SPLINE
  5
332
100
AcDbEntity
  8
0
 62
7
100
AcDbSpline
 70
8
 71
3
 72
8
 73
4
 74
0
 40
0
 40
0
 40
0
 40
0
 40
1
 40
1
 40
1
 40
1
 10
27.658992
 20
280.324860
 30
0.0
 10
27.658992
 20
280.276279
 30
0.0
 10
27.652598
 20
280.231960
 30
0.0
 10
27.639809
 20
280.191902
 30
0.0
  0
SPLINE
  5
333
100
AcDbEntity
  8
0
 62
7
100
AcDbSpline
 70
8
 71
3
 72
8
 73
4
 74
0
 40
0
 40
0
 40
0
 40
0
 40
1
 40
1
 40
1
 40
1
 10
27.639809
 20
280.191902
 30
0.0
 10
27.627021
 20
280.151844
 30
0.0
 10
27.607631
 20
280.117325
 30
0.0
 10
27.581638
 20
280.088347
 30
0.0
  0
SPLINE
  5
334
100
AcDbEntity
  8
0
 62
7
100
AcDbSpline
 70
8
 71
3
 72
8
 73
4
 74
0
 40
0
 40
0
 40
0
 40
0
 40
1
 40
1
 40
1
 40
1
 10
27.581638
 20
280.088347
 30
0.0
 10
27.555644
 20
280.059369
 30
0.0
 10
27.523043
 20
280.036996
 30
0.0
 10
27.483838
 20
280.021229
 30
0.0
  0
SPLINE
  5
335
100
AcDbEntity
  8
0
 62
7
100
AcDbSpline
 70
8
 71
3
 72
8
 73
4
 74
0
 40
0
 40
0
 40
0
 40
0
 40
1
 40
1
 40
1
 40
1
 10
27.483838
 20
280.021229
 30
0.0
 10
27.444632
 20
280.005462
 30
0.0
 10
27.398821
 20
279.997578
 30
0.0
 10
27.346405
 20
279.997578
 30
0.0
  0
SPLINE
  5
336
100
AcDbEntity
  8
0
 62
7
100
AcDbSpline
 70
8
 71
3
 72
8
 73
4
 74
0
 40
0
 40
0
 40
0
 40
0
 40
1
 40
1
 40
1
 40
1
 10
27.346405
 20
279.997578
 30
0.0
 10
27.295693
 20
279.997578
 30
0.0
 10
27.251587
 20
280.004610
 30
0.0
 10
27.214087
 20
280.018673
 30
0.0
  0
SPLINE
  5
337
100
AcDbEntity
  8
0
 62
7
100
AcDbSpline
 70
8
 71
3
 72
8
 73
4
 74
0
 40
0
 40
0
 40
0
 40
0
 40
1
 40
1
 40
1
 40
1
 10
27.214087
 20
280.018673
 30
0.0
 10
27.176585
 20
280.032737
 30
0.0
 10
27.145476
 20
280.053192
 30
0.0
 10
27.120760
 20
280.080038
 30
0.0
  0
SPLINE
  5
338
100
AcDbEntity
  8
0
 62
7
100
AcDbSpline
 70
8
 71
3
 72
8
 73
4
 74
0
 40
0
 40
0
 40
0
 40
0
 40
1
 40
1
 40
1
 40
1
 10
27.120760
 20
280.080038
 30
0.0
 10
27.096043
 20
280.106886
 30
0.0
 10
27.077718
 20
280.139912
 30
0.0
 10
27.065785
 20
280.179118
 30
0.0
  0
SPLINE
  5
339
100
AcDbEntity
  8
0
 62
7
100
AcDbSpline
 70
8
 71
3
 72
8
 73
4
 74
0
 40
0
 40
0
 40
0
 40
0
 40
1
 40
1
 40
1
 40
1
 10
27.065785
 20
280.179118
 30
0.0
 10
27.053861
 20
280.218324
 30
0.0
 10
27.047900
 20
280.263069
 30
0.0
 10
27.047900
 20
280.313355
 30
0.0
  0
SPLINE
  5
33a
100
AcDbEntity
  8
0
 62
7
100
AcDbSpline
 70
8
 71
3
 72
8
 73
4
 74
0
 40
0
 40
0
 40
0
 40
0
 40
1
 40
1
 40
1
 40
1
 10
27.047900
 20
280.313355
 30
0.0
 10
27.047900
 20
280.361936
 30
0.0
 10
27.054294
 20
280.406255
 30
0.0
 10
27.067082
 20
280.446313
 30
0.0
  0
SPLINE
  5
33b
100
AcDbEntity
  8
0
 62
7
100
AcDbSpline
 70
8
 71
3
 72
8
 73
4
 74
0
 40
0
 40
0
 40
0
 40
0
 40
1
 40
1
 40
1
 40
1
 10
27.067082
 20
280.446313
 30
0.0
 10
27.080293
 20
280.486797
 30
0.0
 10
27.099895
 20
280.521316
 30
0.0
 10
27.125888
 20
280.549867
 30
0.0
  0
SPLINE
  5
33c
100
AcDbEntity
  8
0
 62
7
100
AcDbSpline
 70
8
 71
3
 72
8
 73
4
 74
0
 40
0
 40
0
 40
0
 40
0
 40
1
 40
1
 40
1
 40
1
 10
27.125888
 20
280.549867
 30
0.0
 10
27.151884
 20
280.578846
 30
0.0
 10
27.184272
 20
280.601218
 30
0.0
 10
27.223051
 20
280.616986
 30
0.0
  0
SPLINE
  5
33d
100
AcDbEntity
  8
0
 62
7
100
AcDbSpline
 70
8
 71
3
 72
8
 73
4
 74
0
 40
0
 40
0
 40
0
 40
0
 40
1
 40
1
 40
1
 40
1
 10
27.223051
 20
280.616986
 30
0.0
 10
27.262257
 20
280.632753
 30
0.0
 10
27.308068
 20
280.640637
 30
0.0
 10
27.360484
 20
280.640637
 30
0.0
  0
SPLINE
  5
33e
100
AcDbEntity
  8
0
 62
7
100
AcDbSpline
 70
8
 71
3
 72
8
 73
4
 74
0
 40
0
 40
0
 40
0
 40
0
 40
1
 40
1
 40
1
 40
1
 10
27.360484
 20
280.640637
 30
0.0
 10
27.411622
 20
280.640637
 30
0.0
 10
27.455942
 20
280.633605
 30
0.0
 10
27.493442
 20
280.619542
 30
0.0
  0
SPLINE
  5
33f
100
AcDbEntity
  8
0
 62
7
100
AcDbSpline
 70
8
 71
3
 72
8
 73
4
 74
0
 40
0
 40
0
 40
0
 40
0
 40
1
 40
1
 40
1
 40
1
 10
27.493442
 20
280.619542
 30
0.0
 10
27.530944
 20
280.605905
 30
0.0
 10
27.561840
 20
280.585663
 30
0.0
 10
27.586131
 20
280.558816
 30
0.0
  0
SPLINE
  5
340
100
AcDbEntity
  8
0
 62
7
100
AcDbSpline
 70
8
 71
3
 72
8
 73
4
 74
0
 40
0
 40
0
 40
0
 40
0
 40
1
 40
1
 40
1
 40
1
 10
27.586131
 20
280.558816
 30
0.0
 10
27.610846
 20
280.531968
 30
0.0
 10
27.629170
 20
280.498942
 30
0.0
 10
27.641103
 20
280.459736
 30
0.0
  0
SPLINE
  5
341
100
AcDbEntity
  8
0
 62
7
100
AcDbSpline
 70
8
 71
3
 72
8
 73
4
 74
0
 40
0
 40
0
 40
0
 40
0
 40
1
 40
1
 40
1
 40
1
 10
27.641103
 20
280.459736
 30
0.0
 10
27.653045
 20
280.420530
 30
0.0
 10
27.659015
 20
280.375572
 30
0.0
 10
27.659015
 20
280.324860
 30
0.0
  0
LWPOLYLINE
  5
342
100
AcDbEntity
  8
0
 62
7
100
AcDbPolyline
 90
1
 70
1
 10
26.971218
 20
280.137554
 30
0.0
  0
SPLINE
  5
343
100
AcDbEntity
  8
0
 62
7
100
AcDbSpline
 70
8
 71
3
 72
8
 73
4
 74
0
 40
0
 40
0
 40
0
 40
0
 40
1
 40
1
 40
1
 40
1
 10
27.493431
 20
280.318468
 30
0.0
 10
27.493431
 20
280.346593
 30
0.0
 10
27.491085
 20
280.372375
 30
0.0
 10
27.486393
 20
280.395814
 30
0.0
  0
SPLINE
  5
344
100
AcDbEntity
  8
0
 62
7
100
AcDbSpline
 70
8
 71
3
 72
8
 73
4
 74
0
 40
0
 40
0
 40
0
 40
0
 40
1
 40
1
 40
1
 40
1
 10
27.486393
 20
280.395814
 30
0.0
 10
27.482125
 20
280.419678
 30
0.0
 10
27.474664
 20
280.440346
 30
0.0
 10
27.464010
 20
280.457818
 30
0.0
  0
SPLINE
  5
345
100
AcDbEntity
  8
0
 62
7
100
AcDbSpline
 70
8
 71
3
 72
8
 73
4
 74
0
 40
0
 40
0
 40
0
 40
0
 40
1
 40
1
 40
1
 40
1
 10
27.464010
 20
280.457818
 30
0.0
 10
27.453356
 20
280.475290
 30
0.0
 10
27.439080
 20
280.488926
 30
0.0
 10
27.421182
 20
280.498729
 30
0.0
  0
SPLINE
  5
346
100
AcDbEntity
  8
0
 62
7
100
AcDbSpline
 70
8
 71
3
 72
8
 73
4
 74
0
 40
0
 40
0
 40
0
 40
0
 40
1
 40
1
 40
1
 40
1
 10
27.421182
 20
280.498729
 30
0.0
 10
27.403701
 20
280.508530
 30
0.0
 10
27.381542
 20
280.513431
 30
0.0
 10
27.354702
 20
280.513431
 30
0.0
  0
SPLINE
  5
347
100
AcDbEntity
  8
0
 62
7
100
AcDbSpline
 70
8
 71
3
 72
8
 73
4
 74
0
 40
0
 40
0
 40
0
 40
0
 40
1
 40
1
 40
1
 40
1
 10
27.354702
 20
280.513431
 30
0.0
 10
27.330837
 20
280.513431
 30
0.0
 10
27.309955
 20
280.508956
 30
0.0
 10
27.292057
 20
280.500006
 30
0.0
  0
SPLINE
  5
348
100
AcDbEntity
  8
0
 62
7
100
AcDbSpline
 70
8
 71
3
 72
8
 73
4
 74
0
 40
0
 40
0
 40
0
 40
0
 40
1
 40
1
 40
1
 40
1
 10
27.292057
 20
280.500006
 30
0.0
 10
27.274159
 20
280.491483
 30
0.0
 10
27.259457
 20
280.478699
 30
0.0
 10
27.247951
 20
280.461653
 30
0.0
  0
SPLINE
  5
349
100
AcDbEntity
  8
0
 62
7
100
AcDbSpline
 70
8
 71
3
 72
8
 73
4
 74
0
 40
0
 40
0
 40
0
 40
0
 40
1
 40
1
 40
1
 40
1
 10
27.247951
 20
280.461653
 30
0.0
 10
27.236450
 20
280.445034
 30
0.0
 10
27.227719
 20
280.424792
 30
0.0
 10
27.221757
 20
280.400927
 30
0.0
  0
SPLINE
  5
34a
100
AcDbEntity
  8
0
 62
7
100
AcDbSpline
 70
8
 71
3
 72
8
 73
4
 74
0
 40
0
 40
0
 40
0
 40
0
 40
1
 40
1
 40
1
 40
1
 10
27.221757
 20
280.400927
 30
0.0
 10
27.216219
 20
280.377489
 30
0.0
 10
27.213449
 20
280.350641
 30
0.0
 10
27.213449
 20
280.320385
 30
0.0
  0
SPLINE
  5
34b
100
AcDbEntity
  8
0
 62
7
100
AcDbSpline
 70
8
 71
3
 72
8
 73
4
 74
0
 40
0
 40
0
 40
0
 40
0
 40
1
 40
1
 40
1
 40
1
 10
27.213449
 20
280.320385
 30
0.0
 10
27.213449
 20
280.292259
 30
0.0
 10
27.215795
 20
280.266264
 30
0.0
 10
27.220487
 20
280.242400
 30
0.0
  0
SPLINE
  5
34c
100
AcDbEntity
  8
0
 62
7
100
AcDbSpline
 70
8
 71
3
 72
8
 73
4
 74
0
 40
0
 40
0
 40
0
 40
0
 40
1
 40
1
 40
1
 40
1
 10
27.220487
 20
280.242400
 30
0.0
 10
27.225179
 20
280.218962
 30
0.0
 10
27.232640
 20
280.198506
 30
0.0
 10
27.242871
 20
280.181034
 30
0.0
  0
SPLINE
  5
34d
100
AcDbEntity
  8
0
 62
7
100
AcDbSpline
 70
8
 71
3
 72
8
 73
4
 74
0
 40
0
 40
0
 40
0
 40
0
 40
1
 40
1
 40
1
 40
1
 10
27.242871
 20
280.181034
 30
0.0
 10
27.253525
 20
280.163563
 30
0.0
 10
27.267800
 20
280.149926
 30
0.0
 10
27.285696
 20
280.140124
 30
0.0
  0
SPLINE
  5
34e
100
AcDbEntity
  8
0
 62
7
100
AcDbSpline
 70
8
 71
3
 72
8
 73
4
 74
0
 40
0
 40
0
 40
0
 40
0
 40
1
 40
1
 40
1
 40
1
 10
27.285696
 20
280.140124
 30
0.0
 10
27.303595
 20
280.130749
 30
0.0
 10
27.325754
 20
280.126061
 30
0.0
 10
27.352176
 20
280.126061
 30
0.0
  0
SPLINE
  5
34f
100
AcDbEntity
  8
0
 62
7
100
AcDbSpline
 70
8
 71
3
 72
8
 73
4
 74
0
 40
0
 40
0
 40
0
 40
0
 40
1
 40
1
 40
1
 40
1
 10
27.352176
 20
280.126061
 30
0.0
 10
27.376466
 20
280.126061
 30
0.0
 10
27.397560
 20
280.130323
 30
0.0
 10
27.415459
 20
280.138846
 30
0.0
  0
SPLINE
  5
350
100
AcDbEntity
  8
0
 62
7
100
AcDbSpline
 70
8
 71
3
 72
8
 73
4
 74
0
 40
0
 40
0
 40
0
 40
0
 40
1
 40
1
 40
1
 40
1
 10
27.415459
 20
280.138846
 30
0.0
 10
27.433359
 20
280.147796
 30
0.0
 10
27.448061
 20
280.160580
 30
0.0
 10
27.459567
 20
280.177199
 30
0.0
  0
SPLINE
  5
351
100
AcDbEntity
  8
0
 62
7
100
AcDbSpline
 70
8
 71
3
 72
8
 73
4
 74
0
 40
0
 40
0
 40
0
 40
0
 40
1
 40
1
 40
1
 40
1
 10
27.459567
 20
280.177199
 30
0.0
 10
27.471068
 20
280.193819
 30
0.0
 10
27.479587
 20
280.213848
 30
0.0
 10
27.485126
 20
280.237286
 30
0.0
  0
SPLINE
  5
352
100
AcDbEntity
  8
0
 62
7
100
AcDbSpline
 70
8
 71
3
 72
8
 73
4
 74
0
 40
0
 40
0
 40
0
 40
0
 40
1
 40
1
 40
1
 40
1
 10
27.485126
 20
280.237286
 30
0.0
 10
27.490665
 20
280.261151
 30
0.0
 10
27.493434
 20
280.288211
 30
0.0
 10
27.493434
 20
280.318468
 30
0.0
  0
LWPOLYLINE
  5
353
100
AcDbEntity
  8
0
 62
7
100
AcDbPolyline
 90
1
 70
1
 10
27.659015
 20
280.324860
 30
0.0
  0
SPLINE
  5
354
100
AcDbEntity
  8
0
 62
7
100
AcDbSpline
 70
8
 71
3
 72
8
 73
4
 74
0
 40
0
 40
0
 40
0
 40
0
 40
1
 40
1
 40
1
 40
1
 10
28.693253
 20
280.034013
 30
0.0
 10
28.693253
 20
280.029752
 30
0.0
 10
28.691974
 20
280.025916
 30
0.0
 10
28.689416
 20
280.022507
 30
0.0
  0
SPLINE
  5
355
100
AcDbEntity
  8
0
 62
7
100
AcDbSpline
 70
8
 71
3
 72
8
 73
4
 74
0
 40
0
 40
0
 40
0
 40
0
 40
1
 40
1
 40
1
 40
1
 10
28.689416
 20
280.022507
 30
0.0
 10
28.686859
 20
280.019524
 30
0.0
 10
28.682599
 20
280.016967
 30
0.0
 10
28.676637
 20
280.014836
 30
0.0
  0
SPLINE
  5
356
100
AcDbEntity
  8
0
 62
7
100
AcDbSpline
 70
8
 71
3
 72
8
 73
4
 74
0
 40
0
 40
0
 40
0
 40
0
 40
1
 40
1
 40
1
 40
1
 10
28.676637
 20
280.014836
 30
0.0
 10
28.670675
 20
280.012706
 30
0.0
 10
28.662579
 20
280.011214
 30
0.0
 10
28.652348
 20
280.010362
 30
0.0
  0
SPLINE
  5
357
100
AcDbEntity
  8
0
 62
7
100
AcDbSpline
 70
8
 71
3
 72
8
 73
4
 74
0
 40
0
 40
0
 40
0
 40
0
 40
1
 40
1
 40
1
 40
1
 10
28.652348
 20
280.010362
 30
0.0
 10
28.642118
 20
280.009092
 30
0.0
 10
28.629121
 20
280.008457
 30
0.0
 10
28.613357
 20
280.008457
 30
0.0
  0
SPLINE
  5
358
100
AcDbEntity
  8
0
 62
7
100
AcDbSpline
 70
8
 71
3
 72
8
 73
4
 74
0
 40
0
 40
0
 40
0
 40
0
 40
1
 40
1
 40
1
 40
1
 10
28.613357
 20
280.008457
 30
0.0
 10
28.597164
 20
280.008457
 30
0.0
 10
28.583954
 20
280.009092
 30
0.0
 10
28.573725
 20
280.010362
 30
0.0
  0
SPLINE
  5
359
100
AcDbEntity
  8
0
 62
7
100
AcDbSpline
 70
8
 71
3
 72
8
 73
4
 74
0
 40
0
 40
0
 40
0
 40
0
 40
1
 40
1
 40
1
 40
1
 10
28.573725
 20
280.010362
 30
0.0
 10
28.563494
 20
280.011209
 30
0.0
 10
28.555186
 20
280.012700
 30
0.0
 10
28.548801
 20
280.014836
 30
0.0
  0
SPLINE
  5
35a
100
AcDbEntity
  8
0
 62
7
100
AcDbSpline
 70
8
 71
3
 72
8
 73
4
 74
0
 40
0
 40
0
 40
0
 40
0
 40
1
 40
1
 40
1
 40
1
 10
28.548801
 20
280.014836
 30
0.0
 10
28.542839
 20
280.016967
 30
0.0
 10
28.538579
 20
280.019524
 30
0.0
 10
28.536022
 20
280.022507
 30
0.0
  0
SPLINE
  5
35b
100
AcDbEntity
  8
0
 62
7
100
AcDbSpline
 70
8
 71
3
 72
8
 73
4
 74
0
 40
0
 40
0
 40
0
 40
0
 40
1
 40
1
 40
1
 40
1
 10
28.536022
 20
280.022507
 30
0.0
 10
28.533887
 20
280.025916
 30
0.0
 10
28.532820
 20
280.029752
 30
0.0
 10
28.532820
 20
280.034013
 30
0.0
  0
LWPOLYLINE
  5
35c
100
AcDbEntity
  8
0
 62
7
100
AcDbPolyline
 90
1
 70
1
 10
27.493434
 20
280.318468
 30
0.0
  0
SPLINE
  5
35d
100
AcDbEntity
  8
0
 62
7
100
AcDbSpline
 70
8
 71
3
 72
8
 73
4
 74
0
 40
0
 40
0
 40
0
 40
0
 40
1
 40
1
 40
1
 40
1
 10
28.532820
 20
280.372162
 30
0.0
 10
28.532820
 20
280.391339
 30
0.0
 10
28.530898
 20
280.408811
 30
0.0
 10
28.527052
 20
280.424579
 30
0.0
  0
SPLINE
  5
35e
100
AcDbEntity
  8
0
 62
7
100
AcDbSpline
 70
8
 71
3
 72
8
 73
4
 74
0
 40
0
 40
0
 40
0
 40
0
 40
1
 40
1
 40
1
 40
1
 10
28.527052
 20
280.424579
 30
0.0
 10
28.523648
 20
280.440346
 30
0.0
 10
28.518109
 20
280.453770
 30
0.0
 10
28.510436
 20
280.464850
 30
0.0
  0
SPLINE
  5
35f
100
AcDbEntity
  8
0
 62
7
100
AcDbSpline
 70
8
 71
3
 72
8
 73
4
 74
0
 40
0
 40
0
 40
0
 40
0
 40
1
 40
1
 40
1
 40
1
 10
28.510436
 20
280.464850
 30
0.0
 10
28.503187
 20
280.476356
 30
0.0
 10
28.493811
 20
280.485092
 30
0.0
 10
28.482309
 20
280.491059
 30
0.0
  0
SPLINE
  5
360
100
AcDbEntity
  8
0
 62
7
100
AcDbSpline
 70
8
 71
3
 72
8
 73
4
 74
0
 40
0
 40
0
 40
0
 40
0
 40
1
 40
1
 40
1
 40
1
 10
28.482309
 20
280.491059
 30
0.0
 10
28.471231
 20
280.497452
 30
0.0
 10
28.457808
 20
280.500648
 30
0.0
 10
28.442039
 20
280.500648
 30
0.0
  0
SPLINE
  5
361
100
AcDbEntity
  8
0
 62
7
100
AcDbSpline
 70
8
 71
3
 72
8
 73
4
 74
0
 40
0
 40
0
 40
0
 40
0
 40
1
 40
1
 40
1
 40
1
 10
28.442039
 20
280.500648
 30
0.0
 10
28.422862
 20
280.500648
 30
0.0
 10
28.403472
 20
280.493190
 30
0.0
 10
28.383870
 20
280.478275
 30
0.0
  0
SPLINE
  5
362
100
AcDbEntity
  8
0
 62
7
100
AcDbSpline
 70
8
 71
3
 72
8
 73
4
 74
0
 40
0
 40
0
 40
0
 40
0
 40
1
 40
1
 40
1
 40
1
 10
28.383870
 20
280.478275
 30
0.0
 10
28.364267
 20
280.463359
 30
0.0
 10
28.342959
 20
280.441626
 30
0.0
 10
28.319947
 20
280.413074
 30
0.0
  0
LWPOLYLINE
  5
363
100
AcDbEntity
  8
0
 62
7
100
AcDbPolyline
 90
2
 70
0
 10
28.532820
 20
280.034013
 30
0.0
 10
28.532820
 20
280.372162
 30
0.0
  0
SPLINE
  5
364
100
AcDbEntity
  8
0
 62
7
100
AcDbSpline
 70
8
 71
3
 72
8
 73
4
 74
0
 40
0
 40
0
 40
0
 40
0
 40
1
 40
1
 40
1
 40
1
 10
28.319947
 20
280.034015
 30
0.0
 10
28.319947
 20
280.029753
 30
0.0
 10
28.318668
 20
280.025918
 30
0.0
 10
28.316111
 20
280.022508
 30
0.0
  0
SPLINE
  5
365
100
AcDbEntity
  8
0
 62
7
100
AcDbSpline
 70
8
 71
3
 72
8
 73
4
 74
0
 40
0
 40
0
 40
0
 40
0
 40
1
 40
1
 40
1
 40
1
 10
28.316111
 20
280.022508
 30
0.0
 10
28.313553
 20
280.019525
 30
0.0
 10
28.309082
 20
280.016969
 30
0.0
 10
28.302696
 20
280.014838
 30
0.0
  0
SPLINE
  5
366
100
AcDbEntity
  8
0
 62
7
100
AcDbSpline
 70
8
 71
3
 72
8
 73
4
 74
0
 40
0
 40
0
 40
0
 40
0
 40
1
 40
1
 40
1
 40
1
 10
28.302696
 20
280.014838
 30
0.0
 10
28.296734
 20
280.012707
 30
0.0
 10
28.288638
 20
280.011216
 30
0.0
 10
28.278408
 20
280.010364
 30
0.0
  0
SPLINE
  5
367
100
AcDbEntity
  8
0
 62
7
100
AcDbSpline
 70
8
 71
3
 72
8
 73
4
 74
0
 40
0
 40
0
 40
0
 40
0
 40
1
 40
1
 40
1
 40
1
 10
28.278408
 20
280.010364
 30
0.0
 10
28.268177
 20
280.009094
 30
0.0
 10
28.255392
 20
280.008459
 30
0.0
 10
28.240054
 20
280.008459
 30
0.0
  0
SPLINE
  5
368
100
AcDbEntity
  8
0
 62
7
100
AcDbSpline
 70
8
 71
3
 72
8
 73
4
 74
0
 40
0
 40
0
 40
0
 40
0
 40
1
 40
1
 40
1
 40
1
 10
28.240054
 20
280.008459
 30
0.0
 10
28.224284
 20
280.008459
 30
0.0
 10
28.211287
 20
280.009094
 30
0.0
 10
28.201062
 20
280.010364
 30
0.0
  0
SPLINE
  5
369
100
AcDbEntity
  8
0
 62
7
100
AcDbSpline
 70
8
 71
3
 72
8
 73
4
 74
0
 40
0
 40
0
 40
0
 40
0
 40
1
 40
1
 40
1
 40
1
 10
28.201062
 20
280.010364
 30
0.0
 10
28.190831
 20
280.011210
 30
0.0
 10
28.182523
 20
280.012702
 30
0.0
 10
28.176138
 20
280.014838
 30
0.0
  0
SPLINE
  5
36a
100
AcDbEntity
  8
0
 62
7
100
AcDbSpline
 70
8
 71
3
 72
8
 73
4
 74
0
 40
0
 40
0
 40
0
 40
0
 40
1
 40
1
 40
1
 40
1
 10
28.176138
 20
280.014838
 30
0.0
 10
28.170176
 20
280.016969
 30
0.0
 10
28.165916
 20
280.019525
 30
0.0
 10
28.163359
 20
280.022508
 30
0.0
  0
SPLINE
  5
36b
100
AcDbEntity
  8
0
 62
7
100
AcDbSpline
 70
8
 71
3
 72
8
 73
4
 74
0
 40
0
 40
0
 40
0
 40
0
 40
1
 40
1
 40
1
 40
1
 10
28.163359
 20
280.022508
 30
0.0
 10
28.160801
 20
280.025918
 30
0.0
 10
28.159522
 20
280.029753
 30
0.0
 10
28.159522
 20
280.034015
 30
0.0
  0
LWPOLYLINE
  5
36c
100
AcDbEntity
  8
0
 62
7
100
AcDbPolyline
 90
2
 70
0
 10
28.319947
 20
280.413074
 30
0.0
 10
28.319947
 20
280.034015
 30
0.0
  0
SPLINE
  5
36d
100
AcDbEntity
  8
0
 62
7
100
AcDbSpline
 70
8
 71
3
 72
8
 73
4
 74
0
 40
0
 40
0
 40
0
 40
0
 40
1
 40
1
 40
1
 40
1
 10
28.159522
 20
280.372164
 30
0.0
 10
28.159522
 20
280.391340
 30
0.0
 10
28.157609
 20
280.408813
 30
0.0
 10
28.153781
 20
280.424580
 30
0.0
  0
SPLINE
  5
36e
100
AcDbEntity
  8
0
 62
7
100
AcDbSpline
 70
8
 71
3
 72
8
 73
4
 74
0
 40
0
 40
0
 40
0
 40
0
 40
1
 40
1
 40
1
 40
1
 10
28.153781
 20
280.424580
 30
0.0
 10
28.150377
 20
280.440348
 30
0.0
 10
28.145050
 20
280.453771
 30
0.0
 10
28.137800
 20
280.464851
 30
0.0
  0
SPLINE
  5
36f
100
AcDbEntity
  8
0
 62
7
100
AcDbSpline
 70
8
 71
3
 72
8
 73
4
 74
0
 40
0
 40
0
 40
0
 40
0
 40
1
 40
1
 40
1
 40
1
 10
28.137800
 20
280.464851
 30
0.0
 10
28.130550
 20
280.476357
 30
0.0
 10
28.121175
 20
280.485093
 30
0.0
 10
28.109675
 20
280.491061
 30
0.0
  0
SPLINE
  5
370
100
AcDbEntity
  8
0
 62
7
100
AcDbSpline
 70
8
 71
3
 72
8
 73
4
 74
0
 40
0
 40
0
 40
0
 40
0
 40
1
 40
1
 40
1
 40
1
 10
28.109675
 20
280.491061
 30
0.0
 10
28.098174
 20
280.497453
 30
0.0
 10
28.084750
 20
280.500649
 30
0.0
 10
28.069403
 20
280.500649
 30
0.0
  0
SPLINE
  5
371
100
AcDbEntity
  8
0
 62
7
100
AcDbSpline
 70
8
 71
3
 72
8
 73
4
 74
0
 40
0
 40
0
 40
0
 40
0
 40
1
 40
1
 40
1
 40
1
 10
28.069403
 20
280.500649
 30
0.0
 10
28.049801
 20
280.500649
 30
0.0
 10
28.030198
 20
280.493191
 30
0.0
 10
28.010594
 20
280.478276
 30
0.0
  0
SPLINE
  5
372
100
AcDbEntity
  8
0
 62
7
100
AcDbSpline
 70
8
 71
3
 72
8
 73
4
 74
0
 40
0
 40
0
 40
0
 40
0
 40
1
 40
1
 40
1
 40
1
 10
28.010594
 20
280.478276
 30
0.0
 10
27.990992
 20
280.463361
 30
0.0
 10
27.969897
 20
280.441627
 30
0.0
 10
27.947311
 20
280.413075
 30
0.0
  0
LWPOLYLINE
  5
373
100
AcDbEntity
  8
0
 62
7
100
AcDbPolyline
 90
2
 70
0
 10
28.159522
 20
280.034015
 30
0.0
 10
28.159522
 20
280.372164
 30
0.0
  0
SPLINE
  5
374
100
AcDbEntity
  8
0
 62
7
100
AcDbSpline
 70
8
 71
3
 72
8
 73
4
 74
0
 40
0
 40
0
 40
0
 40
0
 40
1
 40
1
 40
1
 40
1
 10
27.947311
 20
280.034016
 30
0.0
 10
27.947311
 20
280.029754
 30
0.0
 10
27.946032
 20
280.025919
 30
0.0
 10
27.943474
 20
280.022509
 30
0.0
  0
SPLINE
  5
375
100
AcDbEntity
  8
0
 62
7
100
AcDbSpline
 70
8
 71
3
 72
8
 73
4
 74
0
 40
0
 40
0
 40
0
 40
0
 40
1
 40
1
 40
1
 40
1
 10
27.943474
 20
280.022509
 30
0.0
 10
27.940917
 20
280.019527
 30
0.0
 10
27.936445
 20
280.016970
 30
0.0
 10
27.930060
 20
280.014839
 30
0.0
  0
SPLINE
  5
376
100
AcDbEntity
  8
0
 62
7
100
AcDbSpline
 70
8
 71
3
 72
8
 73
4
 74
0
 40
0
 40
0
 40
0
 40
0
 40
1
 40
1
 40
1
 40
1
 10
27.930060
 20
280.014839
 30
0.0
 10
27.924098
 20
280.012708
 30
0.0
 10
27.916002
 20
280.011217
 30
0.0
 10
27.905771
 20
280.010365
 30
0.0
  0
SPLINE
  5
377
100
AcDbEntity
  8
0
 62
7
100
AcDbSpline
 70
8
 71
3
 72
8
 73
4
 74
0
 40
0
 40
0
 40
0
 40
0
 40
1
 40
1
 40
1
 40
1
 10
27.905771
 20
280.010365
 30
0.0
 10
27.895541
 20
280.009095
 30
0.0
 10
27.882542
 20
280.008460
 30
0.0
 10
27.866777
 20
280.008460
 30
0.0
  0
SPLINE
  5
378
100
AcDbEntity
  8
0
 62
7
100
AcDbSpline
 70
8
 71
3
 72
8
 73
4
 74
0
 40
0
 40
0
 40
0
 40
0
 40
1
 40
1
 40
1
 40
1
 10
27.866777
 20
280.008460
 30
0.0
 10
27.851008
 20
280.008460
 30
0.0
 10
27.838010
 20
280.009095
 30
0.0
 10
27.827785
 20
280.010365
 30
0.0
  0
SPLINE
  5
379
100
AcDbEntity
  8
0
 62
7
100
AcDbSpline
 70
8
 71
3
 72
8
 73
4
 74
0
 40
0
 40
0
 40
0
 40
0
 40
1
 40
1
 40
1
 40
1
 10
27.827785
 20
280.010365
 30
0.0
 10
27.817555
 20
280.011212
 30
0.0
 10
27.809247
 20
280.012703
 30
0.0
 10
27.802861
 20
280.014839
 30
0.0
  0
SPLINE
  5
37a
100
AcDbEntity
  8
0
 62
7
100
AcDbSpline
 70
8
 71
3
 72
8
 73
4
 74
0
 40
0
 40
0
 40
0
 40
0
 40
1
 40
1
 40
1
 40
1
 10
27.802861
 20
280.014839
 30
0.0
 10
27.796899
 20
280.016970
 30
0.0
 10
27.792640
 20
280.019527
 30
0.0
 10
27.790082
 20
280.022509
 30
0.0
  0
SPLINE
  5
37b
100
AcDbEntity
  8
0
 62
7
100
AcDbSpline
 70
8
 71
3
 72
8
 73
4
 74
0
 40
0
 40
0
 40
0
 40
0
 40
1
 40
1
 40
1
 40
1
 10
27.790082
 20
280.022509
 30
0.0
 10
27.787524
 20
280.025919
 30
0.0
 10
27.786246
 20
280.029754
 30
0.0
 10
27.786246
 20
280.034016
 30
0.0
  0
LWPOLYLINE
  5
37c
100
AcDbEntity
  8
0
 62
7
100
AcDbPolyline
 90
2
 70
0
 10
27.947311
 20
280.413075
 30
0.0
 10
27.947311
 20
280.034016
 30
0.0
  0
SPLINE
  5
37d
100
AcDbEntity
  8
0
 62
7
100
AcDbSpline
 70
8
 71
3
 72
8
 73
4
 74
0
 40
0
 40
0
 40
0
 40
0
 40
1
 40
1
 40
1
 40
1
 10
27.786246
 20
280.604203
 30
0.0
 10
27.786246
 20
280.608465
 30
0.0
 10
27.787313
 20
280.612087
 30
0.0
 10
27.789447
 20
280.615069
 30
0.0
  0
SPLINE
  5
37e
100
AcDbEntity
  8
0
 62
7
100
AcDbSpline
 70
8
 71
3
 72
8
 73
4
 74
0
 40
0
 40
0
 40
0
 40
0
 40
1
 40
1
 40
1
 40
1
 10
27.789447
 20
280.615069
 30
0.0
 10
27.791581
 20
280.618479
 30
0.0
 10
27.795418
 20
280.621249
 30
0.0
 10
27.800956
 20
280.623380
 30
0.0
  0
SPLINE
  5
37f
100
AcDbEntity
  8
0
 62
7
100
AcDbSpline
 70
8
 71
3
 72
8
 73
4
 74
0
 40
0
 40
0
 40
0
 40
0
 40
1
 40
1
 40
1
 40
1
 10
27.800956
 20
280.623380
 30
0.0
 10
27.806495
 20
280.625511
 30
0.0
 10
27.813524
 20
280.627002
 30
0.0
 10
27.822044
 20
280.627854
 30
0.0
  0
SPLINE
  5
380
100
AcDbEntity
  8
0
 62
7
100
AcDbSpline
 70
8
 71
3
 72
8
 73
4
 74
0
 40
0
 40
0
 40
0
 40
0
 40
1
 40
1
 40
1
 40
1
 10
27.822044
 20
280.627854
 30
0.0
 10
27.830987
 20
280.629124
 30
0.0
 10
27.842067
 20
280.629759
 30
0.0
 10
27.855283
 20
280.629759
 30
0.0
  0
SPLINE
  5
381
100
AcDbEntity
  8
0
 62
7
100
AcDbSpline
 70
8
 71
3
 72
8
 73
4
 74
0
 40
0
 40
0
 40
0
 40
0
 40
1
 40
1
 40
1
 40
1
 10
27.855283
 20
280.629759
 30
0.0
 10
27.868918
 20
280.629759
 30
0.0
 10
27.880211
 20
280.629124
 30
0.0
 10
27.889161
 20
280.627854
 30
0.0
  0
SPLINE
  5
382
100
AcDbEntity
  8
0
 62
7
100
AcDbSpline
 70
8
 71
3
 72
8
 73
4
 74
0
 40
0
 40
0
 40
0
 40
0
 40
1
 40
1
 40
1
 40
1
 10
27.889161
 20
280.627854
 30
0.0
 10
27.898103
 20
280.627007
 30
0.0
 10
27.904921
 20
280.625516
 30
0.0
 10
27.909613
 20
280.623380
 30
0.0
  0
SPLINE
  5
383
100
AcDbEntity
  8
0
 62
7
100
AcDbSpline
 70
8
 71
3
 72
8
 73
4
 74
0
 40
0
 40
0
 40
0
 40
0
 40
1
 40
1
 40
1
 40
1
 10
27.909613
 20
280.623380
 30
0.0
 10
27.914728
 20
280.621249
 30
0.0
 10
27.918353
 20
280.618479
 30
0.0
 10
27.920487
 20
280.615069
 30
0.0
  0
SPLINE
  5
384
100
AcDbEntity
  8
0
 62
7
100
AcDbSpline
 70
8
 71
3
 72
8
 73
4
 74
0
 40
0
 40
0
 40
0
 40
0
 40
1
 40
1
 40
1
 40
1
 10
27.920487
 20
280.615069
 30
0.0
 10
27.922622
 20
280.612087
 30
0.0
 10
27.923689
 20
280.608465
 30
0.0
 10
27.923689
 20
280.604203
 30
0.0
  0
LWPOLYLINE
  5
385
100
AcDbEntity
  8
0
 62
7
100
AcDbPolyline
 90
2
 70
0
 10
27.786246
 20
280.034016
 30
0.0
 10
27.786246
 20
280.604203
 30
0.0
  0
SPLINE
  5
386
100
AcDbEntity
  8
0
 62
7
100
AcDbSpline
 70
8
 71
3
 72
8
 73
4
 74
0
 40
0
 40
0
 40
0
 40
0
 40
1
 40
1
 40
1
 40
1
 10
27.923689
 20
280.538363
 30
0.0
 10
27.955223
 20
280.572455
 30
0.0
 10
27.986546
 20
280.598024
 30
0.0
 10
28.017655
 20
280.615070
 30
0.0
  0
SPLINE
  5
387
100
AcDbEntity
  8
0
 62
7
100
AcDbSpline
 70
8
 71
3
 72
8
 73
4
 74
0
 40
0
 40
0
 40
0
 40
0
 40
1
 40
1
 40
1
 40
1
 10
28.017655
 20
280.615070
 30
0.0
 10
28.049190
 20
280.632116
 30
0.0
 10
28.082004
 20
280.640639
 30
0.0
 10
28.116096
 20
280.640639
 30
0.0
  0
SPLINE
  5
388
100
AcDbEntity
  8
0
 62
7
100
AcDbSpline
 70
8
 71
3
 72
8
 73
4
 74
0
 40
0
 40
0
 40
0
 40
0
 40
1
 40
1
 40
1
 40
1
 10
28.116096
 20
280.640639
 30
0.0
 10
28.139535
 20
280.640639
 30
0.0
 10
28.160629
 20
280.638082
 30
0.0
 10
28.179379
 20
280.632969
 30
0.0
  0
SPLINE
  5
389
100
AcDbEntity
  8
0
 62
7
100
AcDbSpline
 70
8
 71
3
 72
8
 73
4
 74
0
 40
0
 40
0
 40
0
 40
0
 40
1
 40
1
 40
1
 40
1
 10
28.179379
 20
280.632969
 30
0.0
 10
28.198129
 20
280.628280
 30
0.0
 10
28.214749
 20
280.621249
 30
0.0
 10
28.229237
 20
280.611874
 30
0.0
  0
SPLINE
  5
38a
100
AcDbEntity
  8
0
 62
7
100
AcDbSpline
 70
8
 71
3
 72
8
 73
4
 74
0
 40
0
 40
0
 40
0
 40
0
 40
1
 40
1
 40
1
 40
1
 10
28.229237
 20
280.611874
 30
0.0
 10
28.244160
 20
280.602924
 30
0.0
 10
28.256945
 20
280.592057
 30
0.0
 10
28.267591
 20
280.579273
 30
0.0
  0
SPLINE
  5
38b
100
AcDbEntity
  8
0
 62
7
100
AcDbSpline
 70
8
 71
3
 72
8
 73
4
 74
0
 40
0
 40
0
 40
0
 40
0
 40
1
 40
1
 40
1
 40
1
 10
28.267591
 20
280.579273
 30
0.0
 10
28.278245
 20
280.566489
 30
0.0
 10
28.287194
 20
280.552213
 30
0.0
 10
28.294439
 20
280.536445
 30
0.0
  0
SPLINE
  5
38c
100
AcDbEntity
  8
0
 62
7
100
AcDbSpline
 70
8
 71
3
 72
8
 73
4
 74
0
 40
0
 40
0
 40
0
 40
0
 40
1
 40
1
 40
1
 40
1
 10
28.294439
 20
280.536445
 30
0.0
 10
28.311478
 20
280.554770
 30
0.0
 10
28.328098
 20
280.570537
 30
0.0
 10
28.344299
 20
280.583748
 30
0.0
  0
SPLINE
  5
38d
100
AcDbEntity
  8
0
 62
7
100
AcDbSpline
 70
8
 71
3
 72
8
 73
4
 74
0
 40
0
 40
0
 40
0
 40
0
 40
1
 40
1
 40
1
 40
1
 10
28.344299
 20
280.583748
 30
0.0
 10
28.360915
 20
280.596958
 30
0.0
 10
28.377109
 20
280.607611
 30
0.0
 10
28.392879
 20
280.615709
 30
0.0
  0
SPLINE
  5
38e
100
AcDbEntity
  8
0
 62
7
100
AcDbSpline
 70
8
 71
3
 72
8
 73
4
 74
0
 40
0
 40
0
 40
0
 40
0
 40
1
 40
1
 40
1
 40
1
 10
28.392879
 20
280.615709
 30
0.0
 10
28.409072
 20
280.624232
 30
0.0
 10
28.425053
 20
280.630411
 30
0.0
 10
28.440822
 20
280.634246
 30
0.0
  0
SPLINE
  5
38f
100
AcDbEntity
  8
0
 62
7
100
AcDbSpline
 70
8
 71
3
 72
8
 73
4
 74
0
 40
0
 40
0
 40
0
 40
0
 40
1
 40
1
 40
1
 40
1
 10
28.440822
 20
280.634246
 30
0.0
 10
28.457014
 20
280.638507
 30
0.0
 10
28.473421
 20
280.640638
 30
0.0
 10
28.490042
 20
280.640638
 30
0.0
  0
SPLINE
  5
390
100
AcDbEntity
  8
0
 62
7
100
AcDbSpline
 70
8
 71
3
 72
8
 73
4
 74
0
 40
0
 40
0
 40
0
 40
0
 40
1
 40
1
 40
1
 40
1
 10
28.490042
 20
280.640638
 30
0.0
 10
28.527970
 20
280.640638
 30
0.0
 10
28.559930
 20
280.634246
 30
0.0
 10
28.585925
 20
280.621461
 30
0.0
  0
SPLINE
  5
391
100
AcDbEntity
  8
0
 62
7
100
AcDbSpline
 70
8
 71
3
 72
8
 73
4
 74
0
 40
0
 40
0
 40
0
 40
0
 40
1
 40
1
 40
1
 40
1
 10
28.585925
 20
280.621461
 30
0.0
 10
28.611919
 20
280.608676
 30
0.0
 10
28.632800
 20
280.591204
 30
0.0
 10
28.648567
 20
280.569045
 30
0.0
  0
SPLINE
  5
392
100
AcDbEntity
  8
0
 62
7
100
AcDbSpline
 70
8
 71
3
 72
8
 73
4
 74
0
 40
0
 40
0
 40
0
 40
0
 40
1
 40
1
 40
1
 40
1
 10
28.648567
 20
280.569045
 30
0.0
 10
28.664760
 20
280.547311
 30
0.0
 10
28.676267
 20
280.521742
 30
0.0
 10
28.683088
 20
280.492338
 30
0.0
  0
SPLINE
  5
393
100
AcDbEntity
  8
0
 62
7
100
AcDbSpline
 70
8
 71
3
 72
8
 73
4
 74
0
 40
0
 40
0
 40
0
 40
0
 40
1
 40
1
 40
1
 40
1
 10
28.683088
 20
280.492338
 30
0.0
 10
28.689914
 20
280.462934
 30
0.0
 10
28.693327
 20
280.431825
 30
0.0
 10
28.693327
 20
280.399011
 30
0.0
  0
LWPOLYLINE
  5
394
100
AcDbEntity
  8
0
 62
7
100
AcDbPolyline
 90
2
 70
0
 10
27.923689
 20
280.604203
 30
0.0
 10
27.923689
 20
280.538363
 30
0.0
  0
SPLINE
  5
395
100
AcDbEntity
  8
0
 62
7
100
AcDbSpline
 70
8
 71
3
 72
8
 73
4
 74
0
 40
0
 40
0
 40
0
 40
0
 40
1
 40
1
 40
1
 40
1
 10
29.425164
 20
280.327417
 30
0.0
 10
29.425164
 20
280.276705
 30
0.0
 10
29.419626
 20
280.230894
 30
0.0
 10
29.408548
 20
280.189984
 30
0.0
  0
SPLINE
  5
396
100
AcDbEntity
  8
0
 62
7
100
AcDbSpline
 70
8
 71
3
 72
8
 73
4
 74
0
 40
0
 40
0
 40
0
 40
0
 40
1
 40
1
 40
1
 40
1
 10
29.408548
 20
280.189984
 30
0.0
 10
29.397895
 20
280.149500
 30
0.0
 10
29.382127
 20
280.114982
 30
0.0
 10
29.361246
 20
280.086430
 30
0.0
  0
SPLINE
  5
397
100
AcDbEntity
  8
0
 62
7
100
AcDbSpline
 70
8
 71
3
 72
8
 73
4
 74
0
 40
0
 40
0
 40
0
 40
0
 40
1
 40
1
 40
1
 40
1
 10
29.361246
 20
280.086430
 30
0.0
 10
29.340365
 20
280.057878
 30
0.0
 10
29.314370
 20
280.035931
 30
0.0
 10
29.283260
 20
280.020590
 30
0.0
  0
SPLINE
  5
398
100
AcDbEntity
  8
0
 62
7
100
AcDbSpline
 70
8
 71
3
 72
8
 73
4
 74
0
 40
0
 40
0
 40
0
 40
0
 40
1
 40
1
 40
1
 40
1
 10
29.283260
 20
280.020590
 30
0.0
 10
29.252152
 20
280.005249
 30
0.0
 10
29.216569
 20
279.997579
 30
0.0
 10
29.176512
 20
279.997579
 30
0.0
  0
SPLINE
  5
399
100
AcDbEntity
  8
0
 62
7
100
AcDbSpline
 70
8
 71
3
 72
8
 73
4
 74
0
 40
0
 40
0
 40
0
 40
0
 40
1
 40
1
 40
1
 40
1
 10
29.176512
 20
279.997579
 30
0.0
 10
29.159896
 20
279.997579
 30
0.0
 10
29.144554
 20
279.999284
 30
0.0
 10
29.130487
 20
280.002693
 30
0.0
  0
SPLINE
  5
39a
100
AcDbEntity
  8
0
 62
7
100
AcDbSpline
 70
8
 71
3
 72
8
 73
4
 74
0
 40
0
 40
0
 40
0
 40
0
 40
1
 40
1
 40
1
 40
1
 10
29.130487
 20
280.002693
 30
0.0
 10
29.116852
 20
280.005676
 30
0.0
 10
29.103428
 20
280.010364
 30
0.0
 10
29.090215
 20
280.016756
 30
0.0
  0
SPLINE
  5
39b
100
AcDbEntity
  8
0
 62
7
100
AcDbSpline
 70
8
 71
3
 72
8
 73
4
 74
0
 40
0
 40
0
 40
0
 40
0
 40
1
 40
1
 40
1
 40
1
 10
29.090215
 20
280.016756
 30
0.0
 10
29.077427
 20
280.023573
 30
0.0
 10
29.064643
 20
280.031883
 30
0.0
 10
29.051864
 20
280.041685
 30
0.0
  0
SPLINE
  5
39c
100
AcDbEntity
  8
0
 62
7
100
AcDbSpline
 70
8
 71
3
 72
8
 73
4
 74
0
 40
0
 40
0
 40
0
 40
0
 40
1
 40
1
 40
1
 40
1
 10
29.051864
 20
280.041685
 30
0.0
 10
29.039076
 20
280.051487
 30
0.0
 10
29.025865
 20
280.062993
 30
0.0
 10
29.012232
 20
280.076203
 30
0.0
  0
LWPOLYLINE
  5
39d
100
AcDbEntity
  8
0
 62
7
100
AcDbPolyline
 90
2
 70
0
 10
28.693327
 20
280.399011
 30
0.0
 10
28.693253
 20
280.034013
 30
0.0
  0
SPLINE
  5
39e
100
AcDbEntity
  8
0
 62
7
100
AcDbSpline
 70
8
 71
3
 72
8
 73
4
 74
0
 40
0
 40
0
 40
0
 40
0
 40
1
 40
1
 40
1
 40
1
 10
29.012232
 20
279.807729
 30
0.0
 10
29.012232
 20
279.803468
 30
0.0
 10
29.010953
 20
279.799632
 30
0.0
 10
29.008395
 20
279.796223
 30
0.0
  0
SPLINE
  5
39f
100
AcDbEntity
  8
0
 62
7
100
AcDbSpline
 70
8
 71
3
 72
8
 73
4
 74
0
 40
0
 40
0
 40
0
 40
0
 40
1
 40
1
 40
1
 40
1
 10
29.008395
 20
279.796223
 30
0.0
 10
29.005838
 20
279.792813
 30
0.0
 10
29.001366
 20
279.790043
 30
0.0
 10
28.994981
 20
279.787912
 30
0.0
  0
SPLINE
  5
3a0
100
AcDbEntity
  8
0
 62
7
100
AcDbSpline
 70
8
 71
3
 72
8
 73
4
 74
0
 40
0
 40
0
 40
0
 40
0
 40
1
 40
1
 40
1
 40
1
 10
28.994981
 20
279.787912
 30
0.0
 10
28.989019
 20
279.785354
 30
0.0
 10
28.980923
 20
279.783437
 30
0.0
 10
28.970692
 20
279.782160
 30
0.0
  0
SPLINE
  5
3a1
100
AcDbEntity
  8
0
 62
7
100
AcDbSpline
 70
8
 71
3
 72
8
 73
4
 74
0
 40
0
 40
0
 40
0
 40
0
 40
1
 40
1
 40
1
 40
1
 10
28.970692
 20
279.782160
 30
0.0
 10
28.960462
 20
279.780890
 30
0.0
 10
28.947465
 20
279.780255
 30
0.0
 10
28.931701
 20
279.780255
 30
0.0
  0
SPLINE
  5
3a2
100
AcDbEntity
  8
0
 62
7
100
AcDbSpline
 70
8
 71
3
 72
8
 73
4
 74
0
 40
0
 40
0
 40
0
 40
0
 40
1
 40
1
 40
1
 40
1
 10
28.931701
 20
279.780255
 30
0.0
 10
28.915931
 20
279.780255
 30
0.0
 10
28.902933
 20
279.780890
 30
0.0
 10
28.892706
 20
279.782160
 30
0.0
  0
SPLINE
  5
3a3
100
AcDbEntity
  8
0
 62
7
100
AcDbSpline
 70
8
 71
3
 72
8
 73
4
 74
0
 40
0
 40
0
 40
0
 40
0
 40
1
 40
1
 40
1
 40
1
 10
28.892706
 20
279.782160
 30
0.0
 10
28.882476
 20
279.783430
 30
0.0
 10
28.874168
 20
279.785347
 30
0.0
 10
28.867783
 20
279.787912
 30
0.0
  0
SPLINE
  5
3a4
100
AcDbEntity
  8
0
 62
7
100
AcDbSpline
 70
8
 71
3
 72
8
 73
4
 74
0
 40
0
 40
0
 40
0
 40
0
 40
1
 40
1
 40
1
 40
1
 10
28.867783
 20
279.787912
 30
0.0
 10
28.861821
 20
279.790043
 30
0.0
 10
28.857561
 20
279.792813
 30
0.0
 10
28.855003
 20
279.796223
 30
0.0
  0
SPLINE
  5
3a5
100
AcDbEntity
  8
0
 62
7
100
AcDbSpline
 70
8
 71
3
 72
8
 73
4
 74
0
 40
0
 40
0
 40
0
 40
0
 40
1
 40
1
 40
1
 40
1
 10
28.855003
 20
279.796223
 30
0.0
 10
28.852446
 20
279.799632
 30
0.0
 10
28.851167
 20
279.803468
 30
0.0
 10
28.851167
 20
279.807729
 30
0.0
  0
LWPOLYLINE
  5
3a6
100
AcDbEntity
  8
0
 62
7
100
AcDbPolyline
 90
2
 70
0
 10
29.012232
 20
280.076203
 30
0.0
 10
29.012232
 20
279.807729
 30
0.0
  0
SPLINE
  5
3a7
100
AcDbEntity
  8
0
 62
7
100
AcDbSpline
 70
8
 71
3
 72
8
 73
4
 74
0
 40
0
 40
0
 40
0
 40
0
 40
1
 40
1
 40
1
 40
1
 10
28.851167
 20
280.604201
 30
0.0
 10
28.851167
 20
280.608463
 30
0.0
 10
28.852234
 20
280.612085
 30
0.0
 10
28.854368
 20
280.615068
 30
0.0
  0
SPLINE
  5
3a8
100
AcDbEntity
  8
0
 62
7
100
AcDbSpline
 70
8
 71
3
 72
8
 73
4
 74
0
 40
0
 40
0
 40
0
 40
0
 40
1
 40
1
 40
1
 40
1
 10
28.854368
 20
280.615068
 30
0.0
 10
28.856503
 20
280.618477
 30
0.0
 10
28.860127
 20
280.621248
 30
0.0
 10
28.865243
 20
280.623378
 30
0.0
  0
SPLINE
  5
3a9
100
AcDbEntity
  8
0
 62
7
100
AcDbSpline
 70
8
 71
3
 72
8
 73
4
 74
0
 40
0
 40
0
 40
0
 40
0
 40
1
 40
1
 40
1
 40
1
 10
28.865243
 20
280.623378
 30
0.0
 10
28.870781
 20
280.625509
 30
0.0
 10
28.877810
 20
280.627001
 30
0.0
 10
28.886330
 20
280.627853
 30
0.0
  0
SPLINE
  5
3aa
100
AcDbEntity
  8
0
 62
7
100
AcDbSpline
 70
8
 71
3
 72
8
 73
4
 74
0
 40
0
 40
0
 40
0
 40
0
 40
1
 40
1
 40
1
 40
1
 10
28.886330
 20
280.627853
 30
0.0
 10
28.895273
 20
280.629123
 30
0.0
 10
28.906353
 20
280.629758
 30
0.0
 10
28.919569
 20
280.629758
 30
0.0
  0
SPLINE
  5
3ab
100
AcDbEntity
  8
0
 62
7
100
AcDbSpline
 70
8
 71
3
 72
8
 73
4
 74
0
 40
0
 40
0
 40
0
 40
0
 40
1
 40
1
 40
1
 40
1
 10
28.919569
 20
280.629758
 30
0.0
 10
28.932358
 20
280.629758
 30
0.0
 10
28.943012
 20
280.629123
 30
0.0
 10
28.951531
 20
280.627853
 30
0.0
  0
SPLINE
  5
3ac
100
AcDbEntity
  8
0
 62
7
100
AcDbSpline
 70
8
 71
3
 72
8
 73
4
 74
0
 40
0
 40
0
 40
0
 40
0
 40
1
 40
1
 40
1
 40
1
 10
28.951531
 20
280.627853
 30
0.0
 10
28.960474
 20
280.627006
 30
0.0
 10
28.967503
 20
280.625515
 30
0.0
 10
28.972618
 20
280.623378
 30
0.0
  0
SPLINE
  5
3ad
100
AcDbEntity
  8
0
 62
7
100
AcDbSpline
 70
8
 71
3
 72
8
 73
4
 74
0
 40
0
 40
0
 40
0
 40
0
 40
1
 40
1
 40
1
 40
1
 10
28.972618
 20
280.623378
 30
0.0
 10
28.978157
 20
280.621248
 30
0.0
 10
28.981994
 20
280.618477
 30
0.0
 10
28.984128
 20
280.615068
 30
0.0
  0
SPLINE
  5
3ae
100
AcDbEntity
  8
0
 62
7
100
AcDbSpline
 70
8
 71
3
 72
8
 73
4
 74
0
 40
0
 40
0
 40
0
 40
0
 40
1
 40
1
 40
1
 40
1
 10
28.984128
 20
280.615068
 30
0.0
 10
28.986262
 20
280.612085
 30
0.0
 10
28.987329
 20
280.608463
 30
0.0
 10
28.987329
 20
280.604201
 30
0.0
  0
LWPOLYLINE
  5
3af
100
AcDbEntity
  8
0
 62
7
100
AcDbPolyline
 90
2
 70
0
 10
28.851167
 20
279.807729
 30
0.0
 10
28.851167
 20
280.604201
 30
0.0
  0
SPLINE
  5
3b0
100
AcDbEntity
  8
0
 62
7
100
AcDbSpline
 70
8
 71
3
 72
8
 73
4
 74
0
 40
0
 40
0
 40
0
 40
0
 40
1
 40
1
 40
1
 40
1
 10
28.987329
 20
280.537083
 30
0.0
 10
29.003945
 20
280.554129
 30
0.0
 10
29.020139
 20
280.569044
 30
0.0
 10
29.035912
 20
280.581829
 30
0.0
  0
SPLINE
  5
3b1
100
AcDbEntity
  8
0
 62
7
100
AcDbSpline
 70
8
 71
3
 72
8
 73
4
 74
0
 40
0
 40
0
 40
0
 40
0
 40
1
 40
1
 40
1
 40
1
 10
29.035912
 20
280.581829
 30
0.0
 10
29.052105
 20
280.595040
 30
0.0
 10
29.068511
 20
280.605907
 30
0.0
 10
29.085132
 20
280.614429
 30
0.0
  0
SPLINE
  5
3b2
100
AcDbEntity
  8
0
 62
7
100
AcDbSpline
 70
8
 71
3
 72
8
 73
4
 74
0
 40
0
 40
0
 40
0
 40
0
 40
1
 40
1
 40
1
 40
1
 10
29.085132
 20
280.614429
 30
0.0
 10
29.101748
 20
280.623379
 30
0.0
 10
29.118794
 20
280.629984
 30
0.0
 10
29.136268
 20
280.634244
 30
0.0
  0
SPLINE
  5
3b3
100
AcDbEntity
  8
0
 62
7
100
AcDbSpline
 70
8
 71
3
 72
8
 73
4
 74
0
 40
0
 40
0
 40
0
 40
0
 40
1
 40
1
 40
1
 40
1
 10
29.136268
 20
280.634244
 30
0.0
 10
29.154167
 20
280.638505
 30
0.0
 10
29.173130
 20
280.640636
 30
0.0
 10
29.193159
 20
280.640636
 30
0.0
  0
SPLINE
  5
3b4
100
AcDbEntity
  8
0
 62
7
100
AcDbSpline
 70
8
 71
3
 72
8
 73
4
 74
0
 40
0
 40
0
 40
0
 40
0
 40
1
 40
1
 40
1
 40
1
 10
29.193159
 20
280.640636
 30
0.0
 10
29.234923
 20
280.640636
 30
0.0
 10
29.270507
 20
280.632326
 30
0.0
 10
29.299911
 20
280.615707
 30
0.0
  0
SPLINE
  5
3b5
100
AcDbEntity
  8
0
 62
7
100
AcDbSpline
 70
8
 71
3
 72
8
 73
4
 74
0
 40
0
 40
0
 40
0
 40
0
 40
1
 40
1
 40
1
 40
1
 10
29.299911
 20
280.615707
 30
0.0
 10
29.329315
 20
280.599513
 30
0.0
 10
29.353179
 20
280.577140
 30
0.0
 10
29.371504
 20
280.548588
 30
0.0
  0
SPLINE
  5
3b6
100
AcDbEntity
  8
0
 62
7
100
AcDbSpline
 70
8
 71
3
 72
8
 73
4
 74
0
 40
0
 40
0
 40
0
 40
0
 40
1
 40
1
 40
1
 40
1
 10
29.371504
 20
280.548588
 30
0.0
 10
29.390254
 20
280.520037
 30
0.0
 10
29.403891
 20
280.486797
 30
0.0
 10
29.412414
 20
280.448870
 30
0.0
  0
SPLINE
  5
3b7
100
AcDbEntity
  8
0
 62
7
100
AcDbSpline
 70
8
 71
3
 72
8
 73
4
 74
0
 40
0
 40
0
 40
0
 40
0
 40
1
 40
1
 40
1
 40
1
 10
29.412414
 20
280.448870
 30
0.0
 10
29.420934
 20
280.410943
 30
0.0
 10
29.425193
 20
280.370458
 30
0.0
 10
29.425193
 20
280.327417
 30
0.0
  0
LWPOLYLINE
  5
3b8
100
AcDbEntity
  8
0
 62
7
100
AcDbPolyline
 90
2
 70
0
 10
28.987329
 20
280.604201
 30
0.0
 10
28.987329
 20
280.537083
 30
0.0
  0
SPLINE
  5
3b9
100
AcDbEntity
  8
0
 62
7
100
AcDbSpline
 70
8
 71
3
 72
8
 73
4
 74
0
 40
0
 40
0
 40
0
 40
0
 40
1
 40
1
 40
1
 40
1
 10
29.257688
 20
280.315910
 30
0.0
 10
29.257688
 20
280.340200
 30
0.0
 10
29.255775
 20
280.363426
 30
0.0
 10
29.251947
 20
280.385585
 30
0.0
  0
SPLINE
  5
3ba
100
AcDbEntity
  8
0
 62
7
100
AcDbSpline
 70
8
 71
3
 72
8
 73
4
 74
0
 40
0
 40
0
 40
0
 40
0
 40
1
 40
1
 40
1
 40
1
 10
29.251947
 20
280.385585
 30
0.0
 10
29.248543
 20
280.408171
 30
0.0
 10
29.242360
 20
280.428200
 30
0.0
 10
29.233400
 20
280.445672
 30
0.0
  0
SPLINE
  5
3bb
100
AcDbEntity
  8
0
 62
7
100
AcDbSpline
 70
8
 71
3
 72
8
 73
4
 74
0
 40
0
 40
0
 40
0
 40
0
 40
1
 40
1
 40
1
 40
1
 10
29.233400
 20
280.445672
 30
0.0
 10
29.224880
 20
280.463143
 30
0.0
 10
29.213374
 20
280.476993
 30
0.0
 10
29.198882
 20
280.487222
 30
0.0
  0
SPLINE
  5
3bc
100
AcDbEntity
  8
0
 62
7
100
AcDbSpline
 70
8
 71
3
 72
8
 73
4
 74
0
 40
0
 40
0
 40
0
 40
0
 40
1
 40
1
 40
1
 40
1
 10
29.198882
 20
280.487222
 30
0.0
 10
29.184824
 20
280.497876
 30
0.0
 10
29.167138
 20
280.503203
 30
0.0
 10
29.145825
 20
280.503203
 30
0.0
  0
SPLINE
  5
3bd
100
AcDbEntity
  8
0
 62
7
100
AcDbSpline
 70
8
 71
3
 72
8
 73
4
 74
0
 40
0
 40
0
 40
0
 40
0
 40
1
 40
1
 40
1
 40
1
 10
29.145825
 20
280.503203
 30
0.0
 10
29.135171
 20
280.503203
 30
0.0
 10
29.124517
 20
280.501498
 30
0.0
 10
29.113864
 20
280.498088
 30
0.0
  0
SPLINE
  5
3be
100
AcDbEntity
  8
0
 62
7
100
AcDbSpline
 70
8
 71
3
 72
8
 73
4
 74
0
 40
0
 40
0
 40
0
 40
0
 40
1
 40
1
 40
1
 40
1
 10
29.113864
 20
280.498088
 30
0.0
 10
29.103633
 20
280.495105
 30
0.0
 10
29.092980
 20
280.489992
 30
0.0
 10
29.081905
 20
280.482748
 30
0.0
  0
SPLINE
  5
3bf
100
AcDbEntity
  8
0
 62
7
100
AcDbSpline
 70
8
 71
3
 72
8
 73
4
 74
0
 40
0
 40
0
 40
0
 40
0
 40
1
 40
1
 40
1
 40
1
 10
29.081905
 20
280.482748
 30
0.0
 10
29.071251
 20
280.475503
 30
0.0
 10
29.060171
 20
280.466128
 30
0.0
 10
29.048665
 20
280.454622
 30
0.0
  0
SPLINE
  5
3c0
100
AcDbEntity
  8
0
 62
7
100
AcDbSpline
 70
8
 71
3
 72
8
 73
4
 74
0
 40
0
 40
0
 40
0
 40
0
 40
1
 40
1
 40
1
 40
1
 10
29.048665
 20
280.454622
 30
0.0
 10
29.037164
 20
280.443116
 30
0.0
 10
29.025019
 20
280.428840
 30
0.0
 10
29.012229
 20
280.411794
 30
0.0
  0
LWPOLYLINE
  5
3c1
100
AcDbEntity
  8
0
 62
7
100
AcDbPolyline
 90
1
 70
1
 10
29.425193
 20
280.327417
 30
0.0
  0
SPLINE
  5
3c2
100
AcDbEntity
  8
0
 62
7
100
AcDbSpline
 70
8
 71
3
 72
8
 73
4
 74
0
 40
0
 40
0
 40
0
 40
0
 40
1
 40
1
 40
1
 40
1
 10
29.012229
 20
280.223862
 30
0.0
 10
29.034814
 20
280.195310
 30
0.0
 10
29.056334
 20
280.173151
 30
0.0
 10
29.076790
 20
280.157383
 30
0.0
  0
SPLINE
  5
3c3
100
AcDbEntity
  8
0
 62
7
100
AcDbSpline
 70
8
 71
3
 72
8
 73
4
 74
0
 40
0
 40
0
 40
0
 40
0
 40
1
 40
1
 40
1
 40
1
 10
29.076790
 20
280.157383
 30
0.0
 10
29.097244
 20
280.142043
 30
0.0
 10
29.118551
 20
280.134372
 30
0.0
 10
29.140711
 20
280.134372
 30
0.0
  0
SPLINE
  5
3c4
100
AcDbEntity
  8
0
 62
7
100
AcDbSpline
 70
8
 71
3
 72
8
 73
4
 74
0
 40
0
 40
0
 40
0
 40
0
 40
1
 40
1
 40
1
 40
1
 10
29.140711
 20
280.134372
 30
0.0
 10
29.161594
 20
280.134372
 30
0.0
 10
29.179279
 20
280.139699
 30
0.0
 10
29.193768
 20
280.150353
 30
0.0
  0
SPLINE
  5
3c5
100
AcDbEntity
  8
0
 62
7
100
AcDbSpline
 70
8
 71
3
 72
8
 73
4
 74
0
 40
0
 40
0
 40
0
 40
0
 40
1
 40
1
 40
1
 40
1
 10
29.193768
 20
280.150353
 30
0.0
 10
29.208690
 20
280.161007
 30
0.0
 10
29.220835
 20
280.174857
 30
0.0
 10
29.230203
 20
280.191903
 30
0.0
  0
SPLINE
  5
3c6
100
AcDbEntity
  8
0
 62
7
100
AcDbSpline
 70
8
 71
3
 72
8
 73
4
 74
0
 40
0
 40
0
 40
0
 40
0
 40
1
 40
1
 40
1
 40
1
 10
29.230203
 20
280.191903
 30
0.0
 10
29.239587
 20
280.209374
 30
0.0
 10
29.246405
 20
280.228977
 30
0.0
 10
29.250656
 20
280.250711
 30
0.0
  0
SPLINE
  5
3c7
100
AcDbEntity
  8
0
 62
7
100
AcDbSpline
 70
8
 71
3
 72
8
 73
4
 74
0
 40
0
 40
0
 40
0
 40
0
 40
1
 40
1
 40
1
 40
1
 10
29.250656
 20
280.250711
 30
0.0
 10
29.255348
 20
280.272445
 30
0.0
 10
29.257694
 20
280.294178
 30
0.0
 10
29.257694
 20
280.315912
 30
0.0
  0
LWPOLYLINE
  5
3c8
100
AcDbEntity
  8
0
 62
7
100
AcDbPolyline
 90
2
 70
0
 10
29.012229
 20
280.411794
 30
0.0
 10
29.012229
 20
280.223862
 30
0.0
  0
SPLINE
  5
3c9
100
AcDbEntity
  8
0
 62
7
100
AcDbSpline
 70
8
 71
3
 72
8
 73
4
 74
0
 40
0
 40
0
 40
0
 40
0
 40
1
 40
1
 40
1
 40
1
 10
30.130228
 20
280.324860
 30
0.0
 10
30.130228
 20
280.276279
 30
0.0
 10
30.123834
 20
280.231960
 30
0.0
 10
30.111046
 20
280.191902
 30
0.0
  0
SPLINE
  5
3ca
100
AcDbEntity
  8
0
 62
7
100
AcDbSpline
 70
8
 71
3
 72
8
 73
4
 74
0
 40
0
 40
0
 40
0
 40
0
 40
1
 40
1
 40
1
 40
1
 10
30.111046
 20
280.191902
 30
0.0
 10
30.098258
 20
280.151844
 30
0.0
 10
30.078868
 20
280.117325
 30
0.0
 10
30.052875
 20
280.088347
 30
0.0
  0
SPLINE
  5
3cb
100
AcDbEntity
  8
0
 62
7
100
AcDbSpline
 70
8
 71
3
 72
8
 73
4
 74
0
 40
0
 40
0
 40
0
 40
0
 40
1
 40
1
 40
1
 40
1
 10
30.052875
 20
280.088347
 30
0.0
 10
30.026880
 20
280.059369
 30
0.0
 10
29.994280
 20
280.036996
 30
0.0
 10
29.955074
 20
280.021229
 30
0.0
  0
SPLINE
  5
3cc
100
AcDbEntity
  8
0
 62
7
100
AcDbSpline
 70
8
 71
3
 72
8
 73
4
 74
0
 40
0
 40
0
 40
0
 40
0
 40
1
 40
1
 40
1
 40
1
 10
29.955074
 20
280.021229
 30
0.0
 10
29.915868
 20
280.005462
 30
0.0
 10
29.870058
 20
279.997578
 30
0.0
 10
29.817642
 20
279.997578
 30
0.0
  0
SPLINE
  5
3cd
100
AcDbEntity
  8
0
 62
7
100
AcDbSpline
 70
8
 71
3
 72
8
 73
4
 74
0
 40
0
 40
0
 40
0
 40
0
 40
1
 40
1
 40
1
 40
1
 10
29.817642
 20
279.997578
 30
0.0
 10
29.766930
 20
279.997578
 30
0.0
 10
29.722824
 20
280.004610
 30
0.0
 10
29.685324
 20
280.018673
 30
0.0
  0
SPLINE
  5
3ce
100
AcDbEntity
  8
0
 62
7
100
AcDbSpline
 70
8
 71
3
 72
8
 73
4
 74
0
 40
0
 40
0
 40
0
 40
0
 40
1
 40
1
 40
1
 40
1
 10
29.685324
 20
280.018673
 30
0.0
 10
29.647822
 20
280.032737
 30
0.0
 10
29.616713
 20
280.053192
 30
0.0
 10
29.591997
 20
280.080038
 30
0.0
  0
SPLINE
  5
3cf
100
AcDbEntity
  8
0
 62
7
100
AcDbSpline
 70
8
 71
3
 72
8
 73
4
 74
0
 40
0
 40
0
 40
0
 40
0
 40
1
 40
1
 40
1
 40
1
 10
29.591997
 20
280.080038
 30
0.0
 10
29.567280
 20
280.106886
 30
0.0
 10
29.548955
 20
280.139912
 30
0.0
 10
29.537022
 20
280.179118
 30
0.0
  0
SPLINE
  5
3d0
100
AcDbEntity
  8
0
 62
7
100
AcDbSpline
 70
8
 71
3
 72
8
 73
4
 74
0
 40
0
 40
0
 40
0
 40
0
 40
1
 40
1
 40
1
 40
1
 10
29.537022
 20
280.179118
 30
0.0
 10
29.525098
 20
280.218324
 30
0.0
 10
29.519136
 20
280.263069
 30
0.0
 10
29.519136
 20
280.313355
 30
0.0
  0
SPLINE
  5
3d1
100
AcDbEntity
  8
0
 62
7
100
AcDbSpline
 70
8
 71
3
 72
8
 73
4
 74
0
 40
0
 40
0
 40
0
 40
0
 40
1
 40
1
 40
1
 40
1
 10
29.519136
 20
280.313355
 30
0.0
 10
29.519136
 20
280.361936
 30
0.0
 10
29.525530
 20
280.406255
 30
0.0
 10
29.538319
 20
280.446313
 30
0.0
  0
SPLINE
  5
3d2
100
AcDbEntity
  8
0
 62
7
100
AcDbSpline
 70
8
 71
3
 72
8
 73
4
 74
0
 40
0
 40
0
 40
0
 40
0
 40
1
 40
1
 40
1
 40
1
 10
29.538319
 20
280.446313
 30
0.0
 10
29.551530
 20
280.486797
 30
0.0
 10
29.571133
 20
280.521316
 30
0.0
 10
29.597128
 20
280.549867
 30
0.0
  0
SPLINE
  5
3d3
100
AcDbEntity
  8
0
 62
7
100
AcDbSpline
 70
8
 71
3
 72
8
 73
4
 74
0
 40
0
 40
0
 40
0
 40
0
 40
1
 40
1
 40
1
 40
1
 10
29.597128
 20
280.549867
 30
0.0
 10
29.623124
 20
280.578846
 30
0.0
 10
29.655511
 20
280.601218
 30
0.0
 10
29.694290
 20
280.616986
 30
0.0
  0
SPLINE
  5
3d4
100
AcDbEntity
  8
0
 62
7
100
AcDbSpline
 70
8
 71
3
 72
8
 73
4
 74
0
 40
0
 40
0
 40
0
 40
0
 40
1
 40
1
 40
1
 40
1
 10
29.694290
 20
280.616986
 30
0.0
 10
29.733496
 20
280.632753
 30
0.0
 10
29.779307
 20
280.640637
 30
0.0
 10
29.831723
 20
280.640637
 30
0.0
  0
SPLINE
  5
3d5
100
AcDbEntity
  8
0
 62
7
100
AcDbSpline
 70
8
 71
3
 72
8
 73
4
 74
0
 40
0
 40
0
 40
0
 40
0
 40
1
 40
1
 40
1
 40
1
 10
29.831723
 20
280.640637
 30
0.0
 10
29.882862
 20
280.640637
 30
0.0
 10
29.927181
 20
280.633605
 30
0.0
 10
29.964681
 20
280.619542
 30
0.0
  0
SPLINE
  5
3d6
100
AcDbEntity
  8
0
 62
7
100
AcDbSpline
 70
8
 71
3
 72
8
 73
4
 74
0
 40
0
 40
0
 40
0
 40
0
 40
1
 40
1
 40
1
 40
1
 10
29.964681
 20
280.619542
 30
0.0
 10
30.002183
 20
280.605905
 30
0.0
 10
30.033080
 20
280.585663
 30
0.0
 10
30.057370
 20
280.558816
 30
0.0
  0
SPLINE
  5
3d7
100
AcDbEntity
  8
0
 62
7
100
AcDbSpline
 70
8
 71
3
 72
8
 73
4
 74
0
 40
0
 40
0
 40
0
 40
0
 40
1
 40
1
 40
1
 40
1
 10
30.057370
 20
280.558816
 30
0.0
 10
30.082086
 20
280.531968
 30
0.0
 10
30.100410
 20
280.498942
 30
0.0
 10
30.112343
 20
280.459736
 30
0.0
  0
SPLINE
  5
3d8
100
AcDbEntity
  8
0
 62
7
100
AcDbSpline
 70
8
 71
3
 72
8
 73
4
 74
0
 40
0
 40
0
 40
0
 40
0
 40
1
 40
1
 40
1
 40
1
 10
30.112343
 20
280.459736
 30
0.0
 10
30.124284
 20
280.420530
 30
0.0
 10
30.130255
 20
280.375572
 30
0.0
 10
30.130255
 20
280.324860
 30
0.0
  0
LWPOLYLINE
  5
3d9
100
AcDbEntity
  8
0
 62
7
100
AcDbPolyline
 90
1
 70
1
 10
29.257694
 20
280.315912
 30
0.0
  0
SPLINE
  5
3da
100
AcDbEntity
  8
0
 62
7
100
AcDbSpline
 70
8
 71
3
 72
8
 73
4
 74
0
 40
0
 40
0
 40
0
 40
0
 40
1
 40
1
 40
1
 40
1
 10
29.964668
 20
280.318468
 30
0.0
 10
29.964668
 20
280.346593
 30
0.0
 10
29.962322
 20
280.372375
 30
0.0
 10
29.957630
 20
280.395814
 30
0.0
  0
SPLINE
  5
3db
100
AcDbEntity
  8
0
 62
7
100
AcDbSpline
 70
8
 71
3
 72
8
 73
4
 74
0
 40
0
 40
0
 40
0
 40
0
 40
1
 40
1
 40
1
 40
1
 10
29.957630
 20
280.395814
 30
0.0
 10
29.953362
 20
280.419678
 30
0.0
 10
29.945900
 20
280.440346
 30
0.0
 10
29.935246
 20
280.457818
 30
0.0
  0
SPLINE
  5
3dc
100
AcDbEntity
  8
0
 62
7
100
AcDbSpline
 70
8
 71
3
 72
8
 73
4
 74
0
 40
0
 40
0
 40
0
 40
0
 40
1
 40
1
 40
1
 40
1
 10
29.935246
 20
280.457818
 30
0.0
 10
29.924593
 20
280.475290
 30
0.0
 10
29.910317
 20
280.488926
 30
0.0
 10
29.892418
 20
280.498729
 30
0.0
  0
SPLINE
  5
3dd
100
AcDbEntity
  8
0
 62
7
100
AcDbSpline
 70
8
 71
3
 72
8
 73
4
 74
0
 40
0
 40
0
 40
0
 40
0
 40
1
 40
1
 40
1
 40
1
 10
29.892418
 20
280.498729
 30
0.0
 10
29.874938
 20
280.508530
 30
0.0
 10
29.852778
 20
280.513431
 30
0.0
 10
29.825939
 20
280.513431
 30
0.0
  0
SPLINE
  5
3de
100
AcDbEntity
  8
0
 62
7
100
AcDbSpline
 70
8
 71
3
 72
8
 73
4
 74
0
 40
0
 40
0
 40
0
 40
0
 40
1
 40
1
 40
1
 40
1
 10
29.825939
 20
280.513431
 30
0.0
 10
29.802074
 20
280.513431
 30
0.0
 10
29.781192
 20
280.508956
 30
0.0
 10
29.763294
 20
280.500006
 30
0.0
  0
SPLINE
  5
3df
100
AcDbEntity
  8
0
 62
7
100
AcDbSpline
 70
8
 71
3
 72
8
 73
4
 74
0
 40
0
 40
0
 40
0
 40
0
 40
1
 40
1
 40
1
 40
1
 10
29.763294
 20
280.500006
 30
0.0
 10
29.745396
 20
280.491483
 30
0.0
 10
29.730694
 20
280.478699
 30
0.0
 10
29.719188
 20
280.461653
 30
0.0
  0
SPLINE
  5
3e0
100
AcDbEntity
  8
0
 62
7
100
AcDbSpline
 70
8
 71
3
 72
8
 73
4
 74
0
 40
0
 40
0
 40
0
 40
0
 40
1
 40
1
 40
1
 40
1
 10
29.719188
 20
280.461653
 30
0.0
 10
29.707687
 20
280.445034
 30
0.0
 10
29.698947
 20
280.424792
 30
0.0
 10
29.692968
 20
280.400927
 30
0.0
  0
SPLINE
  5
3e1
100
AcDbEntity
  8
0
 62
7
100
AcDbSpline
 70
8
 71
3
 72
8
 73
4
 74
0
 40
0
 40
0
 40
0
 40
0
 40
1
 40
1
 40
1
 40
1
 10
29.692968
 20
280.400927
 30
0.0
 10
29.687429
 20
280.377489
 30
0.0
 10
29.684660
 20
280.350641
 30
0.0
 10
29.684660
 20
280.320385
 30
0.0
  0
SPLINE
  5
3e2
100
AcDbEntity
  8
0
 62
7
100
AcDbSpline
 70
8
 71
3
 72
8
 73
4
 74
0
 40
0
 40
0
 40
0
 40
0
 40
1
 40
1
 40
1
 40
1
 10
29.684660
 20
280.320385
 30
0.0
 10
29.684660
 20
280.292259
 30
0.0
 10
29.687006
 20
280.266264
 30
0.0
 10
29.691698
 20
280.242400
 30
0.0
  0
SPLINE
  5
3e3
100
AcDbEntity
  8
0
 62
7
100
AcDbSpline
 70
8
 71
3
 72
8
 73
4
 74
0
 40
0
 40
0
 40
0
 40
0
 40
1
 40
1
 40
1
 40
1
 10
29.691698
 20
280.242400
 30
0.0
 10
29.696389
 20
280.218962
 30
0.0
 10
29.703842
 20
280.198506
 30
0.0
 10
29.714055
 20
280.181034
 30
0.0
  0
SPLINE
  5
3e4
100
AcDbEntity
  8
0
 62
7
100
AcDbSpline
 70
8
 71
3
 72
8
 73
4
 74
0
 40
0
 40
0
 40
0
 40
0
 40
1
 40
1
 40
1
 40
1
 10
29.714055
 20
280.181034
 30
0.0
 10
29.724709
 20
280.163563
 30
0.0
 10
29.738985
 20
280.149926
 30
0.0
 10
29.756883
 20
280.140124
 30
0.0
  0
SPLINE
  5
3e5
100
AcDbEntity
  8
0
 62
7
100
AcDbSpline
 70
8
 71
3
 72
8
 73
4
 74
0
 40
0
 40
0
 40
0
 40
0
 40
1
 40
1
 40
1
 40
1
 10
29.756883
 20
280.140124
 30
0.0
 10
29.774781
 20
280.130749
 30
0.0
 10
29.796941
 20
280.126061
 30
0.0
 10
29.823362
 20
280.126061
 30
0.0
  0
SPLINE
  5
3e6
100
AcDbEntity
  8
0
 62
7
100
AcDbSpline
 70
8
 71
3
 72
8
 73
4
 74
0
 40
0
 40
0
 40
0
 40
0
 40
1
 40
1
 40
1
 40
1
 10
29.823362
 20
280.126061
 30
0.0
 10
29.847653
 20
280.126061
 30
0.0
 10
29.868747
 20
280.130323
 30
0.0
 10
29.886645
 20
280.138846
 30
0.0
  0
SPLINE
  5
3e7
100
AcDbEntity
  8
0
 62
7
100
AcDbSpline
 70
8
 71
3
 72
8
 73
4
 74
0
 40
0
 40
0
 40
0
 40
0
 40
1
 40
1
 40
1
 40
1
 10
29.886645
 20
280.138846
 30
0.0
 10
29.904543
 20
280.147796
 30
0.0
 10
29.919246
 20
280.160580
 30
0.0
 10
29.930754
 20
280.177199
 30
0.0
  0
SPLINE
  5
3e8
100
AcDbEntity
  8
0
 62
7
100
AcDbSpline
 70
8
 71
3
 72
8
 73
4
 74
0
 40
0
 40
0
 40
0
 40
0
 40
1
 40
1
 40
1
 40
1
 10
29.930754
 20
280.177199
 30
0.0
 10
29.942254
 20
280.193819
 30
0.0
 10
29.950774
 20
280.213848
 30
0.0
 10
29.956313
 20
280.237286
 30
0.0
  0
SPLINE
  5
3e9
100
AcDbEntity
  8
0
 62
7
100
AcDbSpline
 70
8
 71
3
 72
8
 73
4
 74
0
 40
0
 40
0
 40
0
 40
0
 40
1
 40
1
 40
1
 40
1
 10
29.956313
 20
280.237286
 30
0.0
 10
29.961851
 20
280.261151
 30
0.0
 10
29.964620
 20
280.288211
 30
0.0
 10
29.964620
 20
280.318468
 30
0.0
  0
LWPOLYLINE
  5
3ea
100
AcDbEntity
  8
0
 62
7
100
AcDbPolyline
 90
1
 70
1
 10
30.130255
 20
280.324860
 30
0.0
  0
SPLINE
  5
3eb
100
AcDbEntity
  8
0
 62
7
100
AcDbSpline
 70
8
 71
3
 72
8
 73
4
 74
0
 40
0
 40
0
 40
0
 40
0
 40
1
 40
1
 40
1
 40
1
 10
30.658863
 20
280.195098
 30
0.0
 10
30.658863
 20
280.162710
 30
0.0
 10
30.652681
 20
280.134158
 30
0.0
 10
30.640316
 20
280.109442
 30
0.0
  0
SPLINE
  5
3ec
100
AcDbEntity
  8
0
 62
7
100
AcDbSpline
 70
8
 71
3
 72
8
 73
4
 74
0
 40
0
 40
0
 40
0
 40
0
 40
1
 40
1
 40
1
 40
1
 10
30.640316
 20
280.109442
 30
0.0
 10
30.628374
 20
280.084725
 30
0.0
 10
30.611328
 20
280.064057
 30
0.0
 10
30.589177
 20
280.047437
 30
0.0
  0
SPLINE
  5
3ed
100
AcDbEntity
  8
0
 62
7
100
AcDbSpline
 70
8
 71
3
 72
8
 73
4
 74
0
 40
0
 40
0
 40
0
 40
0
 40
1
 40
1
 40
1
 40
1
 10
30.589177
 20
280.047437
 30
0.0
 10
30.567017
 20
280.030818
 30
0.0
 10
30.540810
 20
280.018459
 30
0.0
 10
30.510554
 20
280.010362
 30
0.0
  0
SPLINE
  5
3ee
100
AcDbEntity
  8
0
 62
7
100
AcDbSpline
 70
8
 71
3
 72
8
 73
4
 74
0
 40
0
 40
0
 40
0
 40
0
 40
1
 40
1
 40
1
 40
1
 10
30.510554
 20
280.010362
 30
0.0
 10
30.480298
 20
280.001839
 30
0.0
 10
30.447484
 20
279.997577
 30
0.0
 10
30.412113
 20
279.997577
 30
0.0
  0
SPLINE
  5
3ef
100
AcDbEntity
  8
0
 62
7
100
AcDbSpline
 70
8
 71
3
 72
8
 73
4
 74
0
 40
0
 40
0
 40
0
 40
0
 40
1
 40
1
 40
1
 40
1
 10
30.412113
 20
279.997577
 30
0.0
 10
30.390807
 20
279.997577
 30
0.0
 10
30.370352
 20
279.999282
 30
0.0
 10
30.350748
 20
280.002692
 30
0.0
  0
SPLINE
  5
3f0
100
AcDbEntity
  8
0
 62
7
100
AcDbSpline
 70
8
 71
3
 72
8
 73
4
 74
0
 40
0
 40
0
 40
0
 40
0
 40
1
 40
1
 40
1
 40
1
 10
30.350748
 20
280.002692
 30
0.0
 10
30.331571
 20
280.005675
 30
0.0
 10
30.314312
 20
280.009510
 30
0.0
 10
30.298972
 20
280.014198
 30
0.0
  0
SPLINE
  5
3f1
100
AcDbEntity
  8
0
 62
7
100
AcDbSpline
 70
8
 71
3
 72
8
 73
4
 74
0
 40
0
 40
0
 40
0
 40
0
 40
1
 40
1
 40
1
 40
1
 10
30.298972
 20
280.014198
 30
0.0
 10
30.283626
 20
280.019312
 30
0.0
 10
30.270841
 20
280.024426
 30
0.0
 10
30.260618
 20
280.029539
 30
0.0
  0
SPLINE
  5
3f2
100
AcDbEntity
  8
0
 62
7
100
AcDbSpline
 70
8
 71
3
 72
8
 73
4
 74
0
 40
0
 40
0
 40
0
 40
0
 40
1
 40
1
 40
1
 40
1
 10
30.260618
 20
280.029539
 30
0.0
 10
30.250387
 20
280.034653
 30
0.0
 10
30.242926
 20
280.039340
 30
0.0
 10
30.238234
 20
280.043602
 30
0.0
  0
SPLINE
  5
3f3
100
AcDbEntity
  8
0
 62
7
100
AcDbSpline
 70
8
 71
3
 72
8
 73
4
 74
0
 40
0
 40
0
 40
0
 40
0
 40
1
 40
1
 40
1
 40
1
 10
30.238234
 20
280.043602
 30
0.0
 10
30.233542
 20
280.048290
 30
0.0
 10
30.229917
 20
280.055322
 30
0.0
 10
30.227360
 20
280.064697
 30
0.0
  0
SPLINE
  5
3f4
100
AcDbEntity
  8
0
 62
7
100
AcDbSpline
 70
8
 71
3
 72
8
 73
4
 74
0
 40
0
 40
0
 40
0
 40
0
 40
1
 40
1
 40
1
 40
1
 10
30.227360
 20
280.064697
 30
0.0
 10
30.224802
 20
280.074499
 30
0.0
 10
30.223523
 20
280.088775
 30
0.0
 10
30.223523
 20
280.107525
 30
0.0
  0
SPLINE
  5
3f5
100
AcDbEntity
  8
0
 62
7
100
AcDbSpline
 70
8
 71
3
 72
8
 73
4
 74
0
 40
0
 40
0
 40
0
 40
0
 40
1
 40
1
 40
1
 40
1
 10
30.223523
 20
280.107525
 30
0.0
 10
30.223523
 20
280.119883
 30
0.0
 10
30.223964
 20
280.129684
 30
0.0
 10
30.224846
 20
280.136929
 30
0.0
  0
SPLINE
  5
3f6
100
AcDbEntity
  8
0
 62
7
100
AcDbSpline
 70
8
 71
3
 72
8
 73
4
 74
0
 40
0
 40
0
 40
0
 40
0
 40
1
 40
1
 40
1
 40
1
 10
30.224846
 20
280.136929
 30
0.0
 10
30.225728
 20
280.144600
 30
0.0
 10
30.227007
 20
280.150567
 30
0.0
 10
30.228682
 20
280.154828
 30
0.0
  0
SPLINE
  5
3f7
100
AcDbEntity
  8
0
 62
7
100
AcDbSpline
 70
8
 71
3
 72
8
 73
4
 74
0
 40
0
 40
0
 40
0
 40
0
 40
1
 40
1
 40
1
 40
1
 10
30.228682
 20
280.154828
 30
0.0
 10
30.230446
 20
280.159517
 30
0.0
 10
30.232581
 20
280.162499
 30
0.0
 10
30.235085
 20
280.163776
 30
0.0
  0
SPLINE
  5
3f8
100
AcDbEntity
  8
0
 62
7
100
AcDbSpline
 70
8
 71
3
 72
8
 73
4
 74
0
 40
0
 40
0
 40
0
 40
0
 40
1
 40
1
 40
1
 40
1
 10
30.235085
 20
280.163776
 30
0.0
 10
30.237643
 20
280.165487
 30
0.0
 10
30.240836
 20
280.166343
 30
0.0
 10
30.244663
 20
280.166343
 30
0.0
  0
SPLINE
  5
3f9
100
AcDbEntity
  8
0
 62
7
100
AcDbSpline
 70
8
 71
3
 72
8
 73
4
 74
0
 40
0
 40
0
 40
0
 40
0
 40
1
 40
1
 40
1
 40
1
 10
30.244663
 20
280.166343
 30
0.0
 10
30.249355
 20
280.166343
 30
0.0
 10
30.256173
 20
280.163573
 30
0.0
 10
30.265116
 20
280.158032
 30
0.0
  0
SPLINE
  5
3fa
100
AcDbEntity
  8
0
 62
7
100
AcDbSpline
 70
8
 71
3
 72
8
 73
4
 74
0
 40
0
 40
0
 40
0
 40
0
 40
1
 40
1
 40
1
 40
1
 10
30.265116
 20
280.158032
 30
0.0
 10
30.274499
 20
280.152919
 30
0.0
 10
30.286005
 20
280.147166
 30
0.0
 10
30.299633
 20
280.140774
 30
0.0
  0
SPLINE
  5
3fb
100
AcDbEntity
  8
0
 62
7
100
AcDbSpline
 70
8
 71
3
 72
8
 73
4
 74
0
 40
0
 40
0
 40
0
 40
0
 40
1
 40
1
 40
1
 40
1
 10
30.299633
 20
280.140774
 30
0.0
 10
30.313268
 20
280.134381
 30
0.0
 10
30.329036
 20
280.128415
 30
0.0
 10
30.346938
 20
280.122874
 30
0.0
  0
SPLINE
  5
3fc
100
AcDbEntity
  8
0
 62
7
100
AcDbSpline
 70
8
 71
3
 72
8
 73
4
 74
0
 40
0
 40
0
 40
0
 40
0
 40
1
 40
1
 40
1
 40
1
 10
30.346938
 20
280.122874
 30
0.0
 10
30.365261
 20
280.117334
 30
0.0
 10
30.385929
 20
280.114564
 30
0.0
 10
30.408940
 20
280.114564
 30
0.0
  0
SPLINE
  5
3fd
100
AcDbEntity
  8
0
 62
7
100
AcDbSpline
 70
8
 71
3
 72
8
 73
4
 74
0
 40
0
 40
0
 40
0
 40
0
 40
1
 40
1
 40
1
 40
1
 10
30.408940
 20
280.114564
 30
0.0
 10
30.423422
 20
280.114564
 30
0.0
 10
30.436207
 20
280.116055
 30
0.0
 10
30.447294
 20
280.119038
 30
0.0
  0
SPLINE
  5
3fe
100
AcDbEntity
  8
0
 62
7
100
AcDbSpline
 70
8
 71
3
 72
8
 73
4
 74
0
 40
0
 40
0
 40
0
 40
0
 40
1
 40
1
 40
1
 40
1
 10
30.447294
 20
280.119038
 30
0.0
 10
30.458795
 20
280.122021
 30
0.0
 10
30.468597
 20
280.126282
 30
0.0
 10
30.476700
 20
280.131823
 30
0.0
  0
SPLINE
  5
3ff
100
AcDbEntity
  8
0
 62
7
100
AcDbSpline
 70
8
 71
3
 72
8
 73
4
 74
0
 40
0
 40
0
 40
0
 40
0
 40
1
 40
1
 40
1
 40
1
 10
30.476700
 20
280.131823
 30
0.0
 10
30.485220
 20
280.137363
 30
0.0
 10
30.491614
 20
280.144395
 30
0.0
 10
30.495882
 20
280.152918
 30
0.0
  0
SPLINE
  5
400
100
AcDbEntity
  8
0
 62
7
100
AcDbSpline
 70
8
 71
3
 72
8
 73
4
 74
0
 40
0
 40
0
 40
0
 40
0
 40
1
 40
1
 40
1
 40
1
 10
30.495882
 20
280.152918
 30
0.0
 10
30.500151
 20
280.161441
 30
0.0
 10
30.502285
 20
280.171242
 30
0.0
 10
30.502285
 20
280.182322
 30
0.0
  0
SPLINE
  5
401
100
AcDbEntity
  8
0
 62
7
100
AcDbSpline
 70
8
 71
3
 72
8
 73
4
 74
0
 40
0
 40
0
 40
0
 40
0
 40
1
 40
1
 40
1
 40
1
 10
30.502285
 20
280.182322
 30
0.0
 10
30.502285
 20
280.195107
 30
0.0
 10
30.498237
 20
280.205974
 30
0.0
 10
30.490141
 20
280.214922
 30
0.0
  0
SPLINE
  5
402
100
AcDbEntity
  8
0
 62
7
100
AcDbSpline
 70
8
 71
3
 72
8
 73
4
 74
0
 40
0
 40
0
 40
0
 40
0
 40
1
 40
1
 40
1
 40
1
 10
30.490141
 20
280.214922
 30
0.0
 10
30.482468
 20
280.224298
 30
0.0
 10
30.472028
 20
280.232395
 30
0.0
 10
30.458820
 20
280.239214
 30
0.0
  0
SPLINE
  5
403
100
AcDbEntity
  8
0
 62
7
100
AcDbSpline
 70
8
 71
3
 72
8
 73
4
 74
0
 40
0
 40
0
 40
0
 40
0
 40
1
 40
1
 40
1
 40
1
 10
30.458820
 20
280.239214
 30
0.0
 10
30.446031
 20
280.246031
 30
0.0
 10
30.431329
 20
280.252424
 30
0.0
 10
30.414714
 20
280.258391
 30
0.0
  0
SPLINE
  5
404
100
AcDbEntity
  8
0
 62
7
100
AcDbSpline
 70
8
 71
3
 72
8
 73
4
 74
0
 40
0
 40
0
 40
0
 40
0
 40
1
 40
1
 40
1
 40
1
 10
30.414714
 20
280.258391
 30
0.0
 10
30.398521
 20
280.264356
 30
0.0
 10
30.381688
 20
280.270961
 30
0.0
 10
30.364215
 20
280.278206
 30
0.0
  0
SPLINE
  5
405
100
AcDbEntity
  8
0
 62
7
100
AcDbSpline
 70
8
 71
3
 72
8
 73
4
 74
0
 40
0
 40
0
 40
0
 40
0
 40
1
 40
1
 40
1
 40
1
 10
30.364215
 20
280.278206
 30
0.0
 10
30.347176
 20
280.285450
 30
0.0
 10
30.330343
 20
280.293759
 30
0.0
 10
30.313717
 20
280.303135
 30
0.0
  0
SPLINE
  5
406
100
AcDbEntity
  8
0
 62
7
100
AcDbSpline
 70
8
 71
3
 72
8
 73
4
 74
0
 40
0
 40
0
 40
0
 40
0
 40
1
 40
1
 40
1
 40
1
 10
30.313717
 20
280.303135
 30
0.0
 10
30.297524
 20
280.312510
 30
0.0
 10
30.282822
 20
280.324016
 30
0.0
 10
30.269608
 20
280.337653
 30
0.0
  0
SPLINE
  5
407
100
AcDbEntity
  8
0
 62
7
100
AcDbSpline
 70
8
 71
3
 72
8
 73
4
 74
0
 40
0
 40
0
 40
0
 40
0
 40
1
 40
1
 40
1
 40
1
 10
30.269608
 20
280.337653
 30
0.0
 10
30.256820
 20
280.351289
 30
0.0
 10
30.246380
 20
280.367696
 30
0.0
 10
30.238287
 20
280.386873
 30
0.0
  0
SPLINE
  5
408
100
AcDbEntity
  8
0
 62
7
100
AcDbSpline
 70
8
 71
3
 72
8
 73
4
 74
0
 40
0
 40
0
 40
0
 40
0
 40
1
 40
1
 40
1
 40
1
 10
30.238287
 20
280.386873
 30
0.0
 10
30.230614
 20
280.406049
 30
0.0
 10
30.226777
 20
280.429061
 30
0.0
 10
30.226777
 20
280.455909
 30
0.0
  0
SPLINE
  5
409
100
AcDbEntity
  8
0
 62
7
100
AcDbSpline
 70
8
 71
3
 72
8
 73
4
 74
0
 40
0
 40
0
 40
0
 40
0
 40
1
 40
1
 40
1
 40
1
 10
30.226777
 20
280.455909
 30
0.0
 10
30.226777
 20
280.483182
 30
0.0
 10
30.232104
 20
280.508112
 30
0.0
 10
30.242758
 20
280.530698
 30
0.0
  0
SPLINE
  5
40a
100
AcDbEntity
  8
0
 62
7
100
AcDbSpline
 70
8
 71
3
 72
8
 73
4
 74
0
 40
0
 40
0
 40
0
 40
0
 40
1
 40
1
 40
1
 40
1
 10
30.242758
 20
280.530698
 30
0.0
 10
30.253412
 20
280.553710
 30
0.0
 10
30.268754
 20
280.573313
 30
0.0
 10
30.288783
 20
280.589506
 30
0.0
  0
SPLINE
  5
40b
100
AcDbEntity
  8
0
 62
7
100
AcDbSpline
 70
8
 71
3
 72
8
 73
4
 74
0
 40
0
 40
0
 40
0
 40
0
 40
1
 40
1
 40
1
 40
1
 10
30.288783
 20
280.589506
 30
0.0
 10
30.308812
 20
280.605701
 30
0.0
 10
30.333102
 20
280.618272
 30
0.0
 10
30.361654
 20
280.627221
 30
0.0
  0
SPLINE
  5
40c
100
AcDbEntity
  8
0
 62
7
100
AcDbSpline
 70
8
 71
3
 72
8
 73
4
 74
0
 40
0
 40
0
 40
0
 40
0
 40
1
 40
1
 40
1
 40
1
 10
30.361654
 20
280.627221
 30
0.0
 10
30.390633
 20
280.636171
 30
0.0
 10
30.423021
 20
280.640646
 30
0.0
 10
30.458817
 20
280.640646
 30
0.0
  0
SPLINE
  5
40d
100
AcDbEntity
  8
0
 62
7
100
AcDbSpline
 70
8
 71
3
 72
8
 73
4
 74
0
 40
0
 40
0
 40
0
 40
0
 40
1
 40
1
 40
1
 40
1
 10
30.458817
 20
280.640646
 30
0.0
 10
30.476715
 20
280.640646
 30
0.0
 10
30.493974
 20
280.639367
 30
0.0
 10
30.510593
 20
280.636809
 30
0.0
  0
SPLINE
  5
40e
100
AcDbEntity
  8
0
 62
7
100
AcDbSpline
 70
8
 71
3
 72
8
 73
4
 74
0
 40
0
 40
0
 40
0
 40
0
 40
1
 40
1
 40
1
 40
1
 10
30.510593
 20
280.636809
 30
0.0
 10
30.527632
 20
280.634252
 30
0.0
 10
30.542974
 20
280.631055
 30
0.0
 10
30.556618
 20
280.627221
 30
0.0
  0
SPLINE
  5
40f
100
AcDbEntity
  8
0
 62
7
100
AcDbSpline
 70
8
 71
3
 72
8
 73
4
 74
0
 40
0
 40
0
 40
0
 40
0
 40
1
 40
1
 40
1
 40
1
 10
30.556618
 20
280.627221
 30
0.0
 10
30.570252
 20
280.623386
 30
0.0
 10
30.581758
 20
280.619124
 30
0.0
 10
30.591135
 20
280.614436
 30
0.0
  0
SPLINE
  5
410
100
AcDbEntity
  8
0
 62
7
100
AcDbSpline
 70
8
 71
3
 72
8
 73
4
 74
0
 40
0
 40
0
 40
0
 40
0
 40
1
 40
1
 40
1
 40
1
 10
30.591135
 20
280.614436
 30
0.0
 10
30.600519
 20
280.610175
 30
0.0
 10
30.607125
 20
280.606339
 30
0.0
 10
30.610952
 20
280.602929
 30
0.0
  0
SPLINE
  5
411
100
AcDbEntity
  8
0
 62
7
100
AcDbSpline
 70
8
 71
3
 72
8
 73
4
 74
0
 40
0
 40
0
 40
0
 40
0
 40
1
 40
1
 40
1
 40
1
 10
30.610952
 20
280.602929
 30
0.0
 10
30.615221
 20
280.599947
 30
0.0
 10
30.618202
 20
280.596750
 30
0.0
 10
30.619895
 20
280.593341
 30
0.0
  0
SPLINE
  5
412
100
AcDbEntity
  8
0
 62
7
100
AcDbSpline
 70
8
 71
3
 72
8
 73
4
 74
0
 40
0
 40
0
 40
0
 40
0
 40
1
 40
1
 40
1
 40
1
 10
30.619895
 20
280.593341
 30
0.0
 10
30.621659
 20
280.590358
 30
0.0
 10
30.622938
 20
280.586523
 30
0.0
 10
30.623732
 20
280.581834
 30
0.0
  0
SPLINE
  5
413
100
AcDbEntity
  8
0
 62
7
100
AcDbSpline
 70
8
 71
3
 72
8
 73
4
 74
0
 40
0
 40
0
 40
0
 40
0
 40
1
 40
1
 40
1
 40
1
 10
30.623732
 20
280.581834
 30
0.0
 10
30.624614
 20
280.577573
 30
0.0
 10
30.625231
 20
280.572032
 30
0.0
 10
30.625584
 20
280.565213
 30
0.0
  0
SPLINE
  5
414
100
AcDbEntity
  8
0
 62
7
100
AcDbSpline
 70
8
 71
3
 72
8
 73
4
 74
0
 40
0
 40
0
 40
0
 40
0
 40
1
 40
1
 40
1
 40
1
 10
30.625584
 20
280.565213
 30
0.0
 10
30.626466
 20
280.558821
 30
0.0
 10
30.626907
 20
280.550724
 30
0.0
 10
30.626907
 20
280.540922
 30
0.0
  0
SPLINE
  5
415
100
AcDbEntity
  8
0
 62
7
100
AcDbSpline
 70
8
 71
3
 72
8
 73
4
 74
0
 40
0
 40
0
 40
0
 40
0
 40
1
 40
1
 40
1
 40
1
 10
30.626907
 20
280.540922
 30
0.0
 10
30.626907
 20
280.529416
 30
0.0
 10
30.626466
 20
280.520040
 30
0.0
 10
30.625584
 20
280.512796
 30
0.0
  0
SPLINE
  5
416
100
AcDbEntity
  8
0
 62
7
100
AcDbSpline
 70
8
 71
3
 72
8
 73
4
 74
0
 40
0
 40
0
 40
0
 40
0
 40
1
 40
1
 40
1
 40
1
 10
30.625584
 20
280.512796
 30
0.0
 10
30.625231
 20
280.505551
 30
0.0
 10
30.624164
 20
280.499798
 30
0.0
 10
30.622382
 20
280.495537
 30
0.0
  0
SPLINE
  5
417
100
AcDbEntity
  8
0
 62
7
100
AcDbSpline
 70
8
 71
3
 72
8
 73
4
 74
0
 40
0
 40
0
 40
0
 40
0
 40
1
 40
1
 40
1
 40
1
 10
30.622382
 20
280.495537
 30
0.0
 10
30.621148
 20
280.491275
 30
0.0
 10
30.619234
 20
280.488293
 30
0.0
 10
30.616641
 20
280.486589
 30
0.0
  0
SPLINE
  5
418
100
AcDbEntity
  8
0
 62
7
100
AcDbSpline
 70
8
 71
3
 72
8
 73
4
 74
0
 40
0
 40
0
 40
0
 40
0
 40
1
 40
1
 40
1
 40
1
 10
30.616641
 20
280.486589
 30
0.0
 10
30.614083
 20
280.485319
 30
0.0
 10
30.611102
 20
280.484684
 30
0.0
 10
30.607698
 20
280.484684
 30
0.0
  0
SPLINE
  5
419
100
AcDbEntity
  8
0
 62
7
100
AcDbSpline
 70
8
 71
3
 72
8
 73
4
 74
0
 40
0
 40
0
 40
0
 40
0
 40
1
 40
1
 40
1
 40
1
 10
30.607698
 20
280.484684
 30
0.0
 10
30.603870
 20
280.484684
 30
0.0
 10
30.597900
 20
280.486814
 30
0.0
 10
30.589786
 20
280.491076
 30
0.0
  0
SPLINE
  5
41a
100
AcDbEntity
  8
0
 62
7
100
AcDbSpline
 70
8
 71
3
 72
8
 73
4
 74
0
 40
0
 40
0
 40
0
 40
0
 40
1
 40
1
 40
1
 40
1
 10
30.589786
 20
280.491076
 30
0.0
 10
30.581689
 20
280.495763
 30
0.0
 10
30.571462
 20
280.500664
 30
0.0
 10
30.559102
 20
280.505779
 30
0.0
  0
SPLINE
  5
41b
100
AcDbEntity
  8
0
 62
7
100
AcDbSpline
 70
8
 71
3
 72
8
 73
4
 74
0
 40
0
 40
0
 40
0
 40
0
 40
1
 40
1
 40
1
 40
1
 10
30.559102
 20
280.505779
 30
0.0
 10
30.547178
 20
280.510892
 30
0.0
 10
30.533116
 20
280.515580
 30
0.0
 10
30.516914
 20
280.519841
 30
0.0
  0
SPLINE
  5
41c
100
AcDbEntity
  8
0
 62
7
100
AcDbSpline
 70
8
 71
3
 72
8
 73
4
 74
0
 40
0
 40
0
 40
0
 40
0
 40
1
 40
1
 40
1
 40
1
 10
30.516914
 20
280.519841
 30
0.0
 10
30.501145
 20
280.524530
 30
0.0
 10
30.483033
 20
280.526874
 30
0.0
 10
30.462579
 20
280.526874
 30
0.0
  0
SPLINE
  5
41d
100
AcDbEntity
  8
0
 62
7
100
AcDbSpline
 70
8
 71
3
 72
8
 73
4
 74
0
 40
0
 40
0
 40
0
 40
0
 40
1
 40
1
 40
1
 40
1
 10
30.462579
 20
280.526874
 30
0.0
 10
30.448098
 20
280.526874
 30
0.0
 10
30.435527
 20
280.525383
 30
0.0
 10
30.424866
 20
280.522400
 30
0.0
  0
SPLINE
  5
41e
100
AcDbEntity
  8
0
 62
7
100
AcDbSpline
 70
8
 71
3
 72
8
 73
4
 74
0
 40
0
 40
0
 40
0
 40
0
 40
1
 40
1
 40
1
 40
1
 10
30.424866
 20
280.522400
 30
0.0
 10
30.414212
 20
280.519417
 30
0.0
 10
30.405472
 20
280.515156
 30
0.0
 10
30.398645
 20
280.509615
 30
0.0
  0
SPLINE
  5
41f
100
AcDbEntity
  8
0
 62
7
100
AcDbSpline
 70
8
 71
3
 72
8
 73
4
 74
0
 40
0
 40
0
 40
0
 40
0
 40
1
 40
1
 40
1
 40
1
 10
30.398645
 20
280.509615
 30
0.0
 10
30.391819
 20
280.504075
 30
0.0
 10
30.386704
 20
280.497469
 30
0.0
 10
30.383300
 20
280.489798
 30
0.0
  0
SPLINE
  5
420
100
AcDbEntity
  8
0
 62
7
100
AcDbSpline
 70
8
 71
3
 72
8
 73
4
 74
0
 40
0
 40
0
 40
0
 40
0
 40
1
 40
1
 40
1
 40
1
 10
30.383300
 20
280.489798
 30
0.0
 10
30.379895
 20
280.482554
 30
0.0
 10
30.378193
 20
280.474670
 30
0.0
 10
30.378193
 20
280.466147
 30
0.0
  0
SPLINE
  5
421
100
AcDbEntity
  8
0
 62
7
100
AcDbSpline
 70
8
 71
3
 72
8
 73
4
 74
0
 40
0
 40
0
 40
0
 40
0
 40
1
 40
1
 40
1
 40
1
 10
30.378193
 20
280.466147
 30
0.0
 10
30.378193
 20
280.452937
 30
0.0
 10
30.382241
 20
280.441857
 30
0.0
 10
30.390338
 20
280.432907
 30
0.0
  0
SPLINE
  5
422
100
AcDbEntity
  8
0
 62
7
100
AcDbSpline
 70
8
 71
3
 72
8
 73
4
 74
0
 40
0
 40
0
 40
0
 40
0
 40
1
 40
1
 40
1
 40
1
 10
30.390338
 20
280.432907
 30
0.0
 10
30.398434
 20
280.423957
 30
0.0
 10
30.409088
 20
280.416074
 30
0.0
 10
30.422299
 20
280.409256
 30
0.0
  0
SPLINE
  5
423
100
AcDbEntity
  8
0
 62
7
100
AcDbSpline
 70
8
 71
3
 72
8
 73
4
 74
0
 40
0
 40
0
 40
0
 40
0
 40
1
 40
1
 40
1
 40
1
 10
30.422299
 20
280.409256
 30
0.0
 10
30.435511
 20
280.402437
 30
0.0
 10
30.450426
 20
280.396045
 30
0.0
 10
30.467046
 20
280.390079
 30
0.0
  0
SPLINE
  5
424
100
AcDbEntity
  8
0
 62
7
100
AcDbSpline
 70
8
 71
3
 72
8
 73
4
 74
0
 40
0
 40
0
 40
0
 40
0
 40
1
 40
1
 40
1
 40
1
 10
30.467046
 20
280.390079
 30
0.0
 10
30.484085
 20
280.384114
 30
0.0
 10
30.501130
 20
280.377509
 30
0.0
 10
30.518182
 20
280.370265
 30
0.0
  0
SPLINE
  5
425
100
AcDbEntity
  8
0
 62
7
100
AcDbSpline
 70
8
 71
3
 72
8
 73
4
 74
0
 40
0
 40
0
 40
0
 40
0
 40
1
 40
1
 40
1
 40
1
 10
30.518182
 20
280.370265
 30
0.0
 10
30.535662
 20
280.363445
 30
0.0
 10
30.552708
 20
280.355348
 30
0.0
 10
30.569320
 20
280.345973
 30
0.0
  0
SPLINE
  5
426
100
AcDbEntity
  8
0
 62
7
100
AcDbSpline
 70
8
 71
3
 72
8
 73
4
 74
0
 40
0
 40
0
 40
0
 40
0
 40
1
 40
1
 40
1
 40
1
 10
30.569320
 20
280.345973
 30
0.0
 10
30.586359
 20
280.336598
 30
0.0
 10
30.601487
 20
280.325092
 30
0.0
 10
30.614704
 20
280.311455
 30
0.0
  0
SPLINE
  5
427
100
AcDbEntity
  8
0
 62
7
100
AcDbSpline
 70
8
 71
3
 72
8
 73
4
 74
0
 40
0
 40
0
 40
0
 40
0
 40
1
 40
1
 40
1
 40
1
 10
30.614704
 20
280.311455
 30
0.0
 10
30.627916
 20
280.297819
 30
0.0
 10
30.638570
 20
280.281412
 30
0.0
 10
30.646666
 20
280.262235
 30
0.0
  0
SPLINE
  5
428
100
AcDbEntity
  8
0
 62
7
100
AcDbSpline
 70
8
 71
3
 72
8
 73
4
 74
0
 40
0
 40
0
 40
0
 40
0
 40
1
 40
1
 40
1
 40
1
 10
30.646666
 20
280.262235
 30
0.0
 10
30.654762
 20
280.243485
 30
0.0
 10
30.658810
 20
280.221112
 30
0.0
 10
30.658810
 20
280.195117
 30
0.0
  0
LWPOLYLINE
  5
429
100
AcDbEntity
  8
0
 62
7
100
AcDbPolyline
 90
1
 70
1
 10
29.964620
 20
280.318468
 30
0.0
  0
SPLINE
  5
42a
100
AcDbEntity
  8
0
 62
7
100
AcDbSpline
 70
8
 71
3
 72
8
 73
4
 74
0
 40
0
 40
0
 40
0
 40
0
 40
1
 40
1
 40
1
 40
1
 10
31.306396
 20
280.335727
 30
0.0
 10
31.306396
 20
280.316124
 30
0.0
 10
31.301925
 20
280.301635
 30
0.0
 10
31.292982
 20
280.292260
 30
0.0
  0
SPLINE
  5
42b
100
AcDbEntity
  8
0
 62
7
100
AcDbSpline
 70
8
 71
3
 72
8
 73
4
 74
0
 40
0
 40
0
 40
0
 40
0
 40
1
 40
1
 40
1
 40
1
 10
31.292982
 20
280.292260
 30
0.0
 10
31.284462
 20
280.282885
 30
0.0
 10
31.272530
 20
280.278197
 30
0.0
 10
31.257184
 20
280.278197
 30
0.0
  0
LWPOLYLINE
  5
42c
100
AcDbEntity
  8
0
 62
7
100
AcDbPolyline
 90
1
 70
1
 10
30.658810
 20
280.195117
 30
0.0
  0
SPLINE
  5
42d
100
AcDbEntity
  8
0
 62
7
100
AcDbSpline
 70
8
 71
3
 72
8
 73
4
 74
0
 40
0
 40
0
 40
0
 40
0
 40
1
 40
1
 40
1
 40
1
 10
30.910088
 20
280.278197
 30
0.0
 10
30.910088
 20
280.253907
 30
0.0
 10
30.912857
 20
280.231747
 30
0.0
 10
30.918395
 20
280.211718
 30
0.0
  0
SPLINE
  5
42e
100
AcDbEntity
  8
0
 62
7
100
AcDbSpline
 70
8
 71
3
 72
8
 73
4
 74
0
 40
0
 40
0
 40
0
 40
0
 40
1
 40
1
 40
1
 40
1
 10
30.918395
 20
280.211718
 30
0.0
 10
30.924357
 20
280.192115
 30
0.0
 10
30.933519
 20
280.175282
 30
0.0
 10
30.945880
 20
280.161219
 30
0.0
  0
SPLINE
  5
42f
100
AcDbEntity
  8
0
 62
7
100
AcDbSpline
 70
8
 71
3
 72
8
 73
4
 74
0
 40
0
 40
0
 40
0
 40
0
 40
1
 40
1
 40
1
 40
1
 10
30.945880
 20
280.161219
 30
0.0
 10
30.958669
 20
280.147583
 30
0.0
 10
30.974862
 20
280.137142
 30
0.0
 10
30.994461
 20
280.129897
 30
0.0
  0
SPLINE
  5
430
100
AcDbEntity
  8
0
 62
7
100
AcDbSpline
 70
8
 71
3
 72
8
 73
4
 74
0
 40
0
 40
0
 40
0
 40
0
 40
1
 40
1
 40
1
 40
1
 10
30.994461
 20
280.129897
 30
0.0
 10
31.014489
 20
280.122653
 30
0.0
 10
31.038354
 20
280.119031
 30
0.0
 10
31.066054
 20
280.119031
 30
0.0
  0
SPLINE
  5
431
100
AcDbEntity
  8
0
 62
7
100
AcDbSpline
 70
8
 71
3
 72
8
 73
4
 74
0
 40
0
 40
0
 40
0
 40
0
 40
1
 40
1
 40
1
 40
1
 10
31.066054
 20
280.119031
 30
0.0
 10
31.094181
 20
280.119031
 30
0.0
 10
31.118898
 20
280.120948
 30
0.0
 10
31.140204
 20
280.124783
 30
0.0
  0
SPLINE
  5
432
100
AcDbEntity
  8
0
 62
7
100
AcDbSpline
 70
8
 71
3
 72
8
 73
4
 74
0
 40
0
 40
0
 40
0
 40
0
 40
1
 40
1
 40
1
 40
1
 10
31.140204
 20
280.124783
 30
0.0
 10
31.161511
 20
280.129044
 30
0.0
 10
31.179836
 20
280.133519
 30
0.0
 10
31.195179
 20
280.138208
 30
0.0
  0
SPLINE
  5
433
100
AcDbEntity
  8
0
 62
7
100
AcDbSpline
 70
8
 71
3
 72
8
 73
4
 74
0
 40
0
 40
0
 40
0
 40
0
 40
1
 40
1
 40
1
 40
1
 10
31.195179
 20
280.138208
 30
0.0
 10
31.210948
 20
280.143321
 30
0.0
 10
31.223945
 20
280.147796
 30
0.0
 10
31.234170
 20
280.151633
 30
0.0
  0
SPLINE
  5
434
100
AcDbEntity
  8
0
 62
7
100
AcDbSpline
 70
8
 71
3
 72
8
 73
4
 74
0
 40
0
 40
0
 40
0
 40
0
 40
1
 40
1
 40
1
 40
1
 10
31.234170
 20
280.151633
 30
0.0
 10
31.244401
 20
280.155894
 30
0.0
 10
31.252709
 20
280.158025
 30
0.0
 10
31.259094
 20
280.158025
 30
0.0
  0
SPLINE
  5
435
100
AcDbEntity
  8
0
 62
7
100
AcDbSpline
 70
8
 71
3
 72
8
 73
4
 74
0
 40
0
 40
0
 40
0
 40
0
 40
1
 40
1
 40
1
 40
1
 10
31.259094
 20
280.158025
 30
0.0
 10
31.262922
 20
280.158025
 30
0.0
 10
31.266114
 20
280.157170
 30
0.0
 10
31.268672
 20
280.155459
 30
0.0
  0
SPLINE
  5
436
100
AcDbEntity
  8
0
 62
7
100
AcDbSpline
 70
8
 71
3
 72
8
 73
4
 74
0
 40
0
 40
0
 40
0
 40
0
 40
1
 40
1
 40
1
 40
1
 10
31.268672
 20
280.155459
 30
0.0
 10
31.271230
 20
280.154189
 30
0.0
 10
31.273364
 20
280.151632
 30
0.0
 10
31.275075
 20
280.147788
 30
0.0
  0
SPLINE
  5
437
100
AcDbEntity
  8
0
 62
7
100
AcDbSpline
 70
8
 71
3
 72
8
 73
4
 74
0
 40
0
 40
0
 40
0
 40
0
 40
1
 40
1
 40
1
 40
1
 10
31.275075
 20
280.147788
 30
0.0
 10
31.276839
 20
280.143954
 30
0.0
 10
31.277906
 20
280.138413
 30
0.0
 10
31.278276
 20
280.131167
 30
0.0
  0
SPLINE
  5
438
100
AcDbEntity
  8
0
 62
7
100
AcDbSpline
 70
8
 71
3
 72
8
 73
4
 74
0
 40
0
 40
0
 40
0
 40
0
 40
1
 40
1
 40
1
 40
1
 10
31.278276
 20
280.131167
 30
0.0
 10
31.279158
 20
280.124348
 30
0.0
 10
31.279599
 20
280.115612
 30
0.0
 10
31.279599
 20
280.104960
 30
0.0
  0
SPLINE
  5
439
100
AcDbEntity
  8
0
 62
7
100
AcDbSpline
 70
8
 71
3
 72
8
 73
4
 74
0
 40
0
 40
0
 40
0
 40
0
 40
1
 40
1
 40
1
 40
1
 10
31.279599
 20
280.104960
 30
0.0
 10
31.279599
 20
280.095585
 30
0.0
 10
31.279423
 20
280.087488
 30
0.0
 10
31.279070
 20
280.080669
 30
0.0
  0
SPLINE
  5
43a
100
AcDbEntity
  8
0
 62
7
100
AcDbSpline
 70
8
 71
3
 72
8
 73
4
 74
0
 40
0
 40
0
 40
0
 40
0
 40
1
 40
1
 40
1
 40
1
 10
31.279070
 20
280.080669
 30
0.0
 10
31.278717
 20
280.074277
 30
0.0
 10
31.278100
 20
280.068736
 30
0.0
 10
31.277218
 20
280.064048
 30
0.0
  0
SPLINE
  5
43b
100
AcDbEntity
  8
0
 62
7
100
AcDbSpline
 70
8
 71
3
 72
8
 73
4
 74
0
 40
0
 40
0
 40
0
 40
0
 40
1
 40
1
 40
1
 40
1
 10
31.277218
 20
280.064048
 30
0.0
 10
31.276336
 20
280.059359
 30
0.0
 10
31.275057
 20
280.055311
 30
0.0
 10
31.273382
 20
280.051903
 30
0.0
  0
SPLINE
  5
43c
100
AcDbEntity
  8
0
 62
7
100
AcDbSpline
 70
8
 71
3
 72
8
 73
4
 74
0
 40
0
 40
0
 40
0
 40
0
 40
1
 40
1
 40
1
 40
1
 10
31.273382
 20
280.051903
 30
0.0
 10
31.271618
 20
280.048921
 30
0.0
 10
31.269272
 20
280.045938
 30
0.0
 10
31.266344
 20
280.042955
 30
0.0
  0
SPLINE
  5
43d
100
AcDbEntity
  8
0
 62
7
100
AcDbSpline
 70
8
 71
3
 72
8
 73
4
 74
0
 40
0
 40
0
 40
0
 40
0
 40
1
 40
1
 40
1
 40
1
 10
31.266344
 20
280.042955
 30
0.0
 10
31.263786
 20
280.039973
 30
0.0
 10
31.256325
 20
280.035924
 30
0.0
 10
31.243960
 20
280.030811
 30
0.0
  0
SPLINE
  5
43e
100
AcDbEntity
  8
0
 62
7
100
AcDbSpline
 70
8
 71
3
 72
8
 73
4
 74
0
 40
0
 40
0
 40
0
 40
0
 40
1
 40
1
 40
1
 40
1
 10
31.243960
 20
280.030811
 30
0.0
 10
31.231595
 20
280.025697
 30
0.0
 10
31.215828
 20
280.020584
 30
0.0
 10
31.196658
 20
280.015470
 30
0.0
  0
SPLINE
  5
43f
100
AcDbEntity
  8
0
 62
7
100
AcDbSpline
 70
8
 71
3
 72
8
 73
4
 74
0
 40
0
 40
0
 40
0
 40
0
 40
1
 40
1
 40
1
 40
1
 10
31.196658
 20
280.015470
 30
0.0
 10
31.177481
 20
280.010782
 30
0.0
 10
31.155534
 20
280.006734
 30
0.0
 10
31.130816
 20
280.003326
 30
0.0
  0
SPLINE
  5
440
100
AcDbEntity
  8
0
 62
7
100
AcDbSpline
 70
8
 71
3
 72
8
 73
4
 74
0
 40
0
 40
0
 40
0
 40
0
 40
1
 40
1
 40
1
 40
1
 10
31.130816
 20
280.003326
 30
0.0
 10
31.106101
 20
279.999491
 30
0.0
 10
31.079680
 20
279.997574
 30
0.0
 10
31.051555
 20
279.997574
 30
0.0
  0
SPLINE
  5
441
100
AcDbEntity
  8
0
 62
7
100
AcDbSpline
 70
8
 71
3
 72
8
 73
4
 74
0
 40
0
 40
0
 40
0
 40
0
 40
1
 40
1
 40
1
 40
1
 10
31.051555
 20
279.997574
 30
0.0
 10
31.000843
 20
279.997574
 30
0.0
 10
30.956310
 20
280.003966
 30
0.0
 10
30.917956
 20
280.016751
 30
0.0
  0
SPLINE
  5
442
100
AcDbEntity
  8
0
 62
7
100
AcDbSpline
 70
8
 71
3
 72
8
 73
4
 74
0
 40
0
 40
0
 40
0
 40
0
 40
1
 40
1
 40
1
 40
1
 10
30.917956
 20
280.016751
 30
0.0
 10
30.880029
 20
280.029536
 30
0.0
 10
30.848281
 20
280.048925
 30
0.0
 10
30.822712
 20
280.074920
 30
0.0
  0
SPLINE
  5
443
100
AcDbEntity
  8
0
 62
7
100
AcDbSpline
 70
8
 71
3
 72
8
 73
4
 74
0
 40
0
 40
0
 40
0
 40
0
 40
1
 40
1
 40
1
 40
1
 10
30.822712
 20
280.074920
 30
0.0
 10
30.797142
 20
280.100915
 30
0.0
 10
30.777965
 20
280.133729
 30
0.0
 10
30.765181
 20
280.173361
 30
0.0
  0
SPLINE
  5
444
100
AcDbEntity
  8
0
 62
7
100
AcDbSpline
 70
8
 71
3
 72
8
 73
4
 74
0
 40
0
 40
0
 40
0
 40
0
 40
1
 40
1
 40
1
 40
1
 10
30.765181
 20
280.173361
 30
0.0
 10
30.752816
 20
280.212992
 30
0.0
 10
30.746633
 20
280.259443
 30
0.0
 10
30.746633
 20
280.312711
 30
0.0
  0
SPLINE
  5
445
100
AcDbEntity
  8
0
 62
7
100
AcDbSpline
 70
8
 71
3
 72
8
 73
4
 74
0
 40
0
 40
0
 40
0
 40
0
 40
1
 40
1
 40
1
 40
1
 10
30.746633
 20
280.312711
 30
0.0
 10
30.746633
 20
280.363423
 30
0.0
 10
30.753239
 20
280.409021
 30
0.0
 10
30.766451
 20
280.449505
 30
0.0
  0
SPLINE
  5
446
100
AcDbEntity
  8
0
 62
7
100
AcDbSpline
 70
8
 71
3
 72
8
 73
4
 74
0
 40
0
 40
0
 40
0
 40
0
 40
1
 40
1
 40
1
 40
1
 10
30.766451
 20
280.449505
 30
0.0
 10
30.779662
 20
280.490415
 30
0.0
 10
30.798838
 20
280.524933
 30
0.0
 10
30.823979
 20
280.553059
 30
0.0
  0
SPLINE
  5
447
100
AcDbEntity
  8
0
 62
7
100
AcDbSpline
 70
8
 71
3
 72
8
 73
4
 74
0
 40
0
 40
0
 40
0
 40
0
 40
1
 40
1
 40
1
 40
1
 10
30.823979
 20
280.553059
 30
0.0
 10
30.849121
 20
280.581611
 30
0.0
 10
30.879592
 20
280.603345
 30
0.0
 10
30.915390
 20
280.618260
 30
0.0
  0
SPLINE
  5
448
100
AcDbEntity
  8
0
 62
7
100
AcDbSpline
 70
8
 71
3
 72
8
 73
4
 74
0
 40
0
 40
0
 40
0
 40
0
 40
1
 40
1
 40
1
 40
1
 10
30.915390
 20
280.618260
 30
0.0
 10
30.951611
 20
280.633175
 30
0.0
 10
30.992308
 20
280.640633
 30
0.0
 10
31.037479
 20
280.640633
 30
0.0
  0
SPLINE
  5
449
100
AcDbEntity
  8
0
 62
7
100
AcDbSpline
 70
8
 71
3
 72
8
 73
4
 74
0
 40
0
 40
0
 40
0
 40
0
 40
1
 40
1
 40
1
 40
1
 10
31.037479
 20
280.640633
 30
0.0
 10
31.085208
 20
280.640633
 30
0.0
 10
31.125906
 20
280.633601
 30
0.0
 10
31.159571
 20
280.619538
 30
0.0
  0
SPLINE
  5
44a
100
AcDbEntity
  8
0
 62
7
100
AcDbSpline
 70
8
 71
3
 72
8
 73
4
 74
0
 40
0
 40
0
 40
0
 40
0
 40
1
 40
1
 40
1
 40
1
 10
31.159571
 20
280.619538
 30
0.0
 10
31.193664
 20
280.605474
 30
0.0
 10
31.221576
 20
280.585871
 30
0.0
 10
31.243309
 20
280.560729
 30
0.0
  0
SPLINE
  5
44b
100
AcDbEntity
  8
0
 62
7
100
AcDbSpline
 70
8
 71
3
 72
8
 73
4
 74
0
 40
0
 40
0
 40
0
 40
0
 40
1
 40
1
 40
1
 40
1
 10
31.243309
 20
280.560729
 30
0.0
 10
31.265044
 20
280.536013
 30
0.0
 10
31.281024
 20
280.506608
 30
0.0
 10
31.291252
 20
280.472517
 30
0.0
  0
SPLINE
  5
44c
100
AcDbEntity
  8
0
 62
7
100
AcDbSpline
 70
8
 71
3
 72
8
 73
4
 74
0
 40
0
 40
0
 40
0
 40
0
 40
1
 40
1
 40
1
 40
1
 10
31.291252
 20
280.472517
 30
0.0
 10
31.301482
 20
280.438425
 30
0.0
 10
31.306597
 20
280.401350
 30
0.0
 10
31.306597
 20
280.361292
 30
0.0
  0
LWPOLYLINE
  5
44d
100
AcDbEntity
  8
0
 62
7
100
AcDbPolyline
 90
2
 70
0
 10
31.257184
 20
280.278197
 30
0.0
 10
30.910088
 20
280.278197
 30
0.0
  0
SPLINE
  5
44e
100
AcDbEntity
  8
0
 62
7
100
AcDbSpline
 70
8
 71
3
 72
8
 73
4
 74
0
 40
0
 40
0
 40
0
 40
0
 40
1
 40
1
 40
1
 40
1
 10
31.150427
 20
280.381751
 30
0.0
 10
31.151662
 20
280.426922
 30
0.0
 10
31.142499
 20
280.462293
 30
0.0
 10
31.122940
 20
280.487862
 30
0.0
  0
SPLINE
  5
44f
100
AcDbEntity
  8
0
 62
7
100
AcDbSpline
 70
8
 71
3
 72
8
 73
4
 74
0
 40
0
 40
0
 40
0
 40
0
 40
1
 40
1
 40
1
 40
1
 10
31.122940
 20
280.487862
 30
0.0
 10
31.103763
 20
280.513857
 30
0.0
 10
31.073933
 20
280.526855
 30
0.0
 10
31.033450
 20
280.526855
 30
0.0
  0
SPLINE
  5
450
100
AcDbEntity
  8
0
 62
7
100
AcDbSpline
 70
8
 71
3
 72
8
 73
4
 74
0
 40
0
 40
0
 40
0
 40
0
 40
1
 40
1
 40
1
 40
1
 10
31.033450
 20
280.526855
 30
0.0
 10
31.012994
 20
280.526855
 30
0.0
 10
30.995096
 20
280.523019
 30
0.0
 10
30.979755
 20
280.515348
 30
0.0
  0
SPLINE
  5
451
100
AcDbEntity
  8
0
 62
7
100
AcDbSpline
 70
8
 71
3
 72
8
 73
4
 74
0
 40
0
 40
0
 40
0
 40
0
 40
1
 40
1
 40
1
 40
1
 10
30.979755
 20
280.515348
 30
0.0
 10
30.964833
 20
280.507677
 30
0.0
 10
30.952261
 20
280.497236
 30
0.0
 10
30.942041
 20
280.484026
 30
0.0
  0
SPLINE
  5
452
100
AcDbEntity
  8
0
 62
7
100
AcDbSpline
 70
8
 71
3
 72
8
 73
4
 74
0
 40
0
 40
0
 40
0
 40
0
 40
1
 40
1
 40
1
 40
1
 10
30.942041
 20
280.484026
 30
0.0
 10
30.932234
 20
280.471241
 30
0.0
 10
30.924561
 20
280.455900
 30
0.0
 10
30.919023
 20
280.438002
 30
0.0
  0
SPLINE
  5
453
100
AcDbEntity
  8
0
 62
7
100
AcDbSpline
 70
8
 71
3
 72
8
 73
4
 74
0
 40
0
 40
0
 40
0
 40
0
 40
1
 40
1
 40
1
 40
1
 10
30.919023
 20
280.438002
 30
0.0
 10
30.913907
 20
280.420529
 30
0.0
 10
30.910926
 20
280.401778
 30
0.0
 10
30.910080
 20
280.381750
 30
0.0
  0
LWPOLYLINE
  5
454
100
AcDbEntity
  8
0
 62
7
100
AcDbPolyline
 90
2
 70
0
 10
31.306597
 20
280.361292
 30
0.0
 10
31.306396
 20
280.335727
 30
0.0
  0
SPLINE
  5
455
100
AcDbEntity
  8
0
 62
7
100
AcDbSpline
 70
8
 71
3
 72
8
 73
4
 74
0
 40
0
 40
0
 40
0
 40
0
 40
1
 40
1
 40
1
 40
1
 10
25.044367
 20
283.242550
 30
0.0
 10
25.040922
 20
283.228769
 30
0.0
 10
25.036042
 20
283.217572
 30
0.0
 10
25.029725
 20
283.208960
 30
0.0
  0
SPLINE
  5
456
100
AcDbEntity
  8
0
 62
7
100
AcDbSpline
 70
8
 71
3
 72
8
 73
4
 74
0
 40
0
 40
0
 40
0
 40
0
 40
1
 40
1
 40
1
 40
1
 10
25.029725
 20
283.208960
 30
0.0
 10
25.023984
 20
283.200922
 30
0.0
 10
25.015084
 20
283.194606
 30
0.0
 10
25.003025
 20
283.190011
 30
0.0
  0
SPLINE
  5
457
100
AcDbEntity
  8
0
 62
7
100
AcDbSpline
 70
8
 71
3
 72
8
 73
4
 74
0
 40
0
 40
0
 40
0
 40
0
 40
1
 40
1
 40
1
 40
1
 10
25.003025
 20
283.190011
 30
0.0
 10
24.990968
 20
283.185991
 30
0.0
 10
24.975465
 20
283.183407
 30
0.0
 10
24.956517
 20
283.182259
 30
0.0
  0
SPLINE
  5
458
100
AcDbEntity
  8
0
 62
7
100
AcDbSpline
 70
8
 71
3
 72
8
 73
4
 74
0
 40
0
 40
0
 40
0
 40
0
 40
1
 40
1
 40
1
 40
1
 10
24.956517
 20
283.182259
 30
0.0
 10
24.937569
 20
283.180530
 30
0.0
 10
24.913453
 20
283.179666
 30
0.0
 10
24.884170
 20
283.179666
 30
0.0
  0
SPLINE
  5
459
100
AcDbEntity
  8
0
 62
7
100
AcDbSpline
 70
8
 71
3
 72
8
 73
4
 74
0
 40
0
 40
0
 40
0
 40
0
 40
1
 40
1
 40
1
 40
1
 10
24.884170
 20
283.179666
 30
0.0
 10
24.851441
 20
283.179666
 30
0.0
 10
24.825029
 20
283.180530
 30
0.0
 10
24.804932
 20
283.182259
 30
0.0
  0
SPLINE
  5
45a
100
AcDbEntity
  8
0
 62
7
100
AcDbSpline
 70
8
 71
3
 72
8
 73
4
 74
0
 40
0
 40
0
 40
0
 40
0
 40
1
 40
1
 40
1
 40
1
 10
24.804932
 20
283.182259
 30
0.0
 10
24.785410
 20
283.183405
 30
0.0
 10
24.769907
 20
283.185989
 30
0.0
 10
24.758424
 20
283.190011
 30
0.0
  0
SPLINE
  5
45b
100
AcDbEntity
  8
0
 62
7
100
AcDbSpline
 70
8
 71
3
 72
8
 73
4
 74
0
 40
0
 40
0
 40
0
 40
0
 40
1
 40
1
 40
1
 40
1
 10
24.758424
 20
283.190011
 30
0.0
 10
24.746941
 20
283.194604
 30
0.0
 10
24.738615
 20
283.200921
 30
0.0
 10
24.733447
 20
283.208960
 30
0.0
  0
SPLINE
  5
45c
100
AcDbEntity
  8
0
 62
7
100
AcDbSpline
 70
8
 71
3
 72
8
 73
4
 74
0
 40
0
 40
0
 40
0
 40
0
 40
1
 40
1
 40
1
 40
1
 10
24.733447
 20
283.208960
 30
0.0
 10
24.728279
 20
283.217574
 30
0.0
 10
24.724260
 20
283.228770
 30
0.0
 10
24.721390
 20
283.242550
 30
0.0
  0
LWPOLYLINE
  5
45d
100
AcDbEntity
  8
0
 62
7
100
AcDbPolyline
 90
2
 70
0
 10
30.910080
 20
280.381750
 30
0.0
 10
31.150427
 20
280.381751
 30
0.0
  0
SPLINE
  5
45e
100
AcDbEntity
  8
0
 62
7
100
AcDbSpline
 70
8
 71
3
 72
8
 73
4
 74
0
 40
0
 40
0
 40
0
 40
0
 40
1
 40
1
 40
1
 40
1
 10
24.372577
 20
283.242550
 30
0.0
 10
24.369705
 20
283.229344
 30
0.0
 10
24.365686
 20
283.218434
 30
0.0
 10
24.360520
 20
283.209822
 30
0.0
  0
SPLINE
  5
45f
100
AcDbEntity
  8
0
 62
7
100
AcDbSpline
 70
8
 71
3
 72
8
 73
4
 74
0
 40
0
 40
0
 40
0
 40
0
 40
1
 40
1
 40
1
 40
1
 10
24.360520
 20
283.209822
 30
0.0
 10
24.355351
 20
283.201784
 30
0.0
 10
24.347026
 20
283.195468
 30
0.0
 10
24.335543
 20
283.190875
 30
0.0
  0
SPLINE
  5
460
100
AcDbEntity
  8
0
 62
7
100
AcDbSpline
 70
8
 71
3
 72
8
 73
4
 74
0
 40
0
 40
0
 40
0
 40
0
 40
1
 40
1
 40
1
 40
1
 10
24.335543
 20
283.190875
 30
0.0
 10
24.324633
 20
283.186282
 30
0.0
 10
24.309418
 20
283.183411
 30
0.0
 10
24.289896
 20
283.182263
 30
0.0
  0
SPLINE
  5
461
100
AcDbEntity
  8
0
 62
7
100
AcDbSpline
 70
8
 71
3
 72
8
 73
4
 74
0
 40
0
 40
0
 40
0
 40
0
 40
1
 40
1
 40
1
 40
1
 10
24.289896
 20
283.182263
 30
0.0
 10
24.270947
 20
283.180534
 30
0.0
 10
24.245683
 20
283.179670
 30
0.0
 10
24.214103
 20
283.179670
 30
0.0
  0
SPLINE
  5
462
100
AcDbEntity
  8
0
 62
7
100
AcDbSpline
 70
8
 71
3
 72
8
 73
4
 74
0
 40
0
 40
0
 40
0
 40
0
 40
1
 40
1
 40
1
 40
1
 10
24.214103
 20
283.179670
 30
0.0
 10
24.180801
 20
283.179670
 30
0.0
 10
24.154101
 20
283.180534
 30
0.0
 10
24.134005
 20
283.182263
 30
0.0
  0
SPLINE
  5
463
100
AcDbEntity
  8
0
 62
7
100
AcDbSpline
 70
8
 71
3
 72
8
 73
4
 74
0
 40
0
 40
0
 40
0
 40
0
 40
1
 40
1
 40
1
 40
1
 10
24.134005
 20
283.182263
 30
0.0
 10
24.114483
 20
283.183409
 30
0.0
 10
24.098980
 20
283.185993
 30
0.0
 10
24.087496
 20
283.190015
 30
0.0
  0
SPLINE
  5
464
100
AcDbEntity
  8
0
 62
7
100
AcDbSpline
 70
8
 71
3
 72
8
 73
4
 74
0
 40
0
 40
0
 40
0
 40
0
 40
1
 40
1
 40
1
 40
1
 10
24.087496
 20
283.190015
 30
0.0
 10
24.076013
 20
283.194608
 30
0.0
 10
24.067687
 20
283.200925
 30
0.0
 10
24.062519
 20
283.208964
 30
0.0
  0
SPLINE
  5
465
100
AcDbEntity
  8
0
 62
7
100
AcDbSpline
 70
8
 71
3
 72
8
 73
4
 74
0
 40
0
 40
0
 40
0
 40
0
 40
1
 40
1
 40
1
 40
1
 10
24.062519
 20
283.208964
 30
0.0
 10
24.057351
 20
283.217577
 30
0.0
 10
24.053045
 20
283.228774
 30
0.0
 10
24.049600
 20
283.242554
 30
0.0
  0
LWPOLYLINE
  5
466
100
AcDbEntity
  8
0
 62
7
100
AcDbPolyline
 90
4
 70
0
 10
24.721390
 20
283.242550
 30
0.0
 10
24.543106
 20
283.948795
 30
0.0
 10
24.541386
 20
283.948795
 30
0.0
 10
24.372577
 20
283.242550
 30
0.0
  0
SPLINE
  5
467
100
AcDbEntity
  8
0
 62
7
100
AcDbSpline
 70
8
 71
3
 72
8
 73
4
 74
0
 40
0
 40
0
 40
0
 40
0
 40
1
 40
1
 40
1
 40
1
 10
23.796385
 20
284.214932
 30
0.0
 10
23.791217
 20
284.235603
 30
0.0
 10
23.788346
 20
284.251680
 30
0.0
 10
23.787773
 20
284.263164
 30
0.0
  0
SPLINE
  5
468
100
AcDbEntity
  8
0
 62
7
100
AcDbSpline
 70
8
 71
3
 72
8
 73
4
 74
0
 40
0
 40
0
 40
0
 40
0
 40
1
 40
1
 40
1
 40
1
 10
23.787773
 20
284.263164
 30
0.0
 10
23.787191
 20
284.275222
 30
0.0
 10
23.790349
 20
284.284409
 30
0.0
 10
23.797248
 20
284.290725
 30
0.0
  0
SPLINE
  5
469
100
AcDbEntity
  8
0
 62
7
100
AcDbSpline
 70
8
 71
3
 72
8
 73
4
 74
0
 40
0
 40
0
 40
0
 40
0
 40
1
 40
1
 40
1
 40
1
 10
23.797248
 20
284.290725
 30
0.0
 10
23.804712
 20
284.297041
 30
0.0
 10
23.816483
 20
284.300774
 30
0.0
 10
23.832560
 20
284.301922
 30
0.0
  0
SPLINE
  5
46a
100
AcDbEntity
  8
0
 62
7
100
AcDbSpline
 70
8
 71
3
 72
8
 73
4
 74
0
 40
0
 40
0
 40
0
 40
0
 40
1
 40
1
 40
1
 40
1
 10
23.832560
 20
284.301922
 30
0.0
 10
23.849211
 20
284.303650
 30
0.0
 10
23.872178
 20
284.304515
 30
0.0
 10
23.901462
 20
284.304515
 30
0.0
  0
SPLINE
  5
46b
100
AcDbEntity
  8
0
 62
7
100
AcDbSpline
 70
8
 71
3
 72
8
 73
4
 74
0
 40
0
 40
0
 40
0
 40
0
 40
1
 40
1
 40
1
 40
1
 10
23.901462
 20
284.304515
 30
0.0
 10
23.928448
 20
284.304515
 30
0.0
 10
23.949693
 20
284.303942
 30
0.0
 10
23.965196
 20
284.302795
 30
0.0
  0
SPLINE
  5
46c
100
AcDbEntity
  8
0
 62
7
100
AcDbSpline
 70
8
 71
3
 72
8
 73
4
 74
0
 40
0
 40
0
 40
0
 40
0
 40
1
 40
1
 40
1
 40
1
 10
23.965196
 20
284.302795
 30
0.0
 10
23.981274
 20
284.302213
 30
0.0
 10
23.993332
 20
284.300203
 30
0.0
 10
24.001370
 20
284.296765
 30
0.0
  0
SPLINE
  5
46d
100
AcDbEntity
  8
0
 62
7
100
AcDbSpline
 70
8
 71
3
 72
8
 73
4
 74
0
 40
0
 40
0
 40
0
 40
0
 40
1
 40
1
 40
1
 40
1
 10
24.001370
 20
284.296765
 30
0.0
 10
24.009408
 20
284.293894
 30
0.0
 10
24.014862
 20
284.289300
 30
0.0
 10
24.017734
 20
284.282986
 30
0.0
  0
SPLINE
  5
46e
100
AcDbEntity
  8
0
 62
7
100
AcDbSpline
 70
8
 71
3
 72
8
 73
4
 74
0
 40
0
 40
0
 40
0
 40
0
 40
1
 40
1
 40
1
 40
1
 10
24.017734
 20
284.282986
 30
0.0
 10
24.020606
 20
284.277244
 30
0.0
 10
24.022902
 20
284.268919
 30
0.0
 10
24.024624
 20
284.258009
 30
0.0
  0
LWPOLYLINE
  5
46f
100
AcDbEntity
  8
0
 62
7
100
AcDbPolyline
 90
2
 70
0
 10
24.049600
 20
283.242554
 30
0.0
 10
23.796385
 20
284.214932
 30
0.0
  0
SPLINE
  5
470
100
AcDbEntity
  8
0
 62
7
100
AcDbSpline
 70
8
 71
3
 72
8
 73
4
 74
0
 40
0
 40
0
 40
0
 40
0
 40
1
 40
1
 40
1
 40
1
 10
24.424267
 20
284.251980
 30
0.0
 10
24.426563
 20
284.262890
 30
0.0
 10
24.429434
 20
284.271789
 30
0.0
 10
24.432879
 20
284.278680
 30
0.0
  0
SPLINE
  5
471
100
AcDbEntity
  8
0
 62
7
100
AcDbSpline
 70
8
 71
3
 72
8
 73
4
 74
0
 40
0
 40
0
 40
0
 40
0
 40
1
 40
1
 40
1
 40
1
 10
24.432879
 20
284.278680
 30
0.0
 10
24.436899
 20
284.285569
 30
0.0
 10
24.443215
 20
284.290737
 30
0.0
 10
24.451828
 20
284.294181
 30
0.0
  0
SPLINE
  5
472
100
AcDbEntity
  8
0
 62
7
100
AcDbSpline
 70
8
 71
3
 72
8
 73
4
 74
0
 40
0
 40
0
 40
0
 40
0
 40
1
 40
1
 40
1
 40
1
 10
24.451828
 20
284.294181
 30
0.0
 10
24.461015
 20
284.298201
 30
0.0
 10
24.473360
 20
284.300785
 30
0.0
 10
24.488863
 20
284.301934
 30
0.0
  0
SPLINE
  5
473
100
AcDbEntity
  8
0
 62
7
100
AcDbSpline
 70
8
 71
3
 72
8
 73
4
 74
0
 40
0
 40
0
 40
0
 40
0
 40
1
 40
1
 40
1
 40
1
 10
24.488863
 20
284.301934
 30
0.0
 10
24.504366
 20
284.303662
 30
0.0
 10
24.525037
 20
284.304527
 30
0.0
 10
24.550875
 20
284.304527
 30
0.0
  0
SPLINE
  5
474
100
AcDbEntity
  8
0
 62
7
100
AcDbSpline
 70
8
 71
3
 72
8
 73
4
 74
0
 40
0
 40
0
 40
0
 40
0
 40
1
 40
1
 40
1
 40
1
 10
24.550875
 20
284.304527
 30
0.0
 10
24.578436
 20
284.304527
 30
0.0
 10
24.600255
 20
284.303953
 30
0.0
 10
24.616332
 20
284.302807
 30
0.0
  0
SPLINE
  5
475
100
AcDbEntity
  8
0
 62
7
100
AcDbSpline
 70
8
 71
3
 72
8
 73
4
 74
0
 40
0
 40
0
 40
0
 40
0
 40
1
 40
1
 40
1
 40
1
 10
24.616332
 20
284.302807
 30
0.0
 10
24.632983
 20
284.301660
 30
0.0
 10
24.645615
 20
284.299076
 30
0.0
 10
24.654228
 20
284.295055
 30
0.0
  0
SPLINE
  5
476
100
AcDbEntity
  8
0
 62
7
100
AcDbSpline
 70
8
 71
3
 72
8
 73
4
 74
0
 40
0
 40
0
 40
0
 40
0
 40
1
 40
1
 40
1
 40
1
 10
24.654228
 20
284.295055
 30
0.0
 10
24.663414
 20
284.291610
 30
0.0
 10
24.670017
 20
284.286442
 30
0.0
 10
24.674037
 20
284.279553
 30
0.0
  0
SPLINE
  5
477
100
AcDbEntity
  8
0
 62
7
100
AcDbSpline
 70
8
 71
3
 72
8
 73
4
 74
0
 40
0
 40
0
 40
0
 40
0
 40
1
 40
1
 40
1
 40
1
 10
24.674037
 20
284.279553
 30
0.0
 10
24.678057
 20
284.272663
 30
0.0
 10
24.681215
 20
284.263476
 30
0.0
 10
24.683512
 20
284.251992
 30
0.0
  0
LWPOLYLINE
  5
478
100
AcDbEntity
  8
0
 62
7
100
AcDbPolyline
 90
4
 70
0
 10
24.024624
 20
284.258009
 30
0.0
 10
24.220133
 20
283.404486
 30
0.0
 10
24.221006
 20
283.404486
 30
0.0
 10
24.424267
 20
284.251980
 30
0.0
  0
SPLINE
  5
479
100
AcDbEntity
  8
0
 62
7
100
AcDbSpline
 70
8
 71
3
 72
8
 73
4
 74
0
 40
0
 40
0
 40
0
 40
0
 40
1
 40
1
 40
1
 40
1
 10
25.090892
 20
284.255437
 30
0.0
 10
25.092621
 20
284.264623
 30
0.0
 10
25.094917
 20
284.272375
 30
0.0
 10
25.097782
 20
284.278691
 30
0.0
  0
SPLINE
  5
47a
100
AcDbEntity
  8
0
 62
7
100
AcDbSpline
 70
8
 71
3
 72
8
 73
4
 74
0
 40
0
 40
0
 40
0
 40
0
 40
1
 40
1
 40
1
 40
1
 10
25.097782
 20
284.278691
 30
0.0
 10
25.100653
 20
284.285581
 30
0.0
 10
25.106108
 20
284.290748
 30
0.0
 10
25.114146
 20
284.294193
 30
0.0
  0
SPLINE
  5
47b
100
AcDbEntity
  8
0
 62
7
100
AcDbSpline
 70
8
 71
3
 72
8
 73
4
 74
0
 40
0
 40
0
 40
0
 40
0
 40
1
 40
1
 40
1
 40
1
 10
25.114146
 20
284.294193
 30
0.0
 10
25.122184
 20
284.298213
 30
0.0
 10
25.133668
 20
284.300797
 30
0.0
 10
25.148597
 20
284.301945
 30
0.0
  0
SPLINE
  5
47c
100
AcDbEntity
  8
0
 62
7
100
AcDbSpline
 70
8
 71
3
 72
8
 73
4
 74
0
 40
0
 40
0
 40
0
 40
0
 40
1
 40
1
 40
1
 40
1
 10
25.148597
 20
284.301945
 30
0.0
 10
25.163527
 20
284.303674
 30
0.0
 10
25.184484
 20
284.304538
 30
0.0
 10
25.211470
 20
284.304538
 30
0.0
  0
SPLINE
  5
47d
100
AcDbEntity
  8
0
 62
7
100
AcDbSpline
 70
8
 71
3
 72
8
 73
4
 74
0
 40
0
 40
0
 40
0
 40
0
 40
1
 40
1
 40
1
 40
1
 10
25.211470
 20
284.304538
 30
0.0
 10
25.236734
 20
284.304538
 30
0.0
 10
25.256256
 20
284.303674
 30
0.0
 10
25.270037
 20
284.301945
 30
0.0
  0
SPLINE
  5
47e
100
AcDbEntity
  8
0
 62
7
100
AcDbSpline
 70
8
 71
3
 72
8
 73
4
 74
0
 40
0
 40
0
 40
0
 40
0
 40
1
 40
1
 40
1
 40
1
 10
25.270037
 20
284.301945
 30
0.0
 10
25.284391
 20
284.300799
 30
0.0
 10
25.294727
 20
284.297067
 30
0.0
 10
25.301043
 20
284.290748
 30
0.0
  0
SPLINE
  5
47f
100
AcDbEntity
  8
0
 62
7
100
AcDbSpline
 70
8
 71
3
 72
8
 73
4
 74
0
 40
0
 40
0
 40
0
 40
0
 40
1
 40
1
 40
1
 40
1
 10
25.301043
 20
284.290748
 30
0.0
 10
25.307359
 20
284.284432
 30
0.0
 10
25.309943
 20
284.274958
 30
0.0
 10
25.308795
 20
284.262326
 30
0.0
  0
SPLINE
  5
480
100
AcDbEntity
  8
0
 62
7
100
AcDbSpline
 70
8
 71
3
 72
8
 73
4
 74
0
 40
0
 40
0
 40
0
 40
0
 40
1
 40
1
 40
1
 40
1
 10
25.308795
 20
284.262326
 30
0.0
 10
25.308213
 20
284.250268
 30
0.0
 10
25.305342
 20
284.233617
 30
0.0
 10
25.300183
 20
284.212372
 30
0.0
  0
LWPOLYLINE
  5
481
100
AcDbEntity
  8
0
 62
7
100
AcDbPolyline
 90
4
 70
0
 10
24.683512
 20
284.251992
 30
0.0
 10
24.893663
 20
283.404498
 30
0.0
 10
24.895383
 20
283.404498
 30
0.0
 10
25.090892
 20
284.255437
 30
0.0
  0
SPLINE
  5
482
100
AcDbEntity
  8
0
 62
7
100
AcDbSpline
 70
8
 71
3
 72
8
 73
4
 74
0
 40
0
 40
0
 40
0
 40
0
 40
1
 40
1
 40
1
 40
1
 10
25.697213
 20
283.215851
 30
0.0
 10
25.697213
 20
283.210109
 30
0.0
 10
25.695203
 20
283.204942
 30
0.0
 10
25.691183
 20
283.200349
 30
0.0
  0
SPLINE
  5
483
100
AcDbEntity
  8
0
 62
7
100
AcDbSpline
 70
8
 71
3
 72
8
 73
4
 74
0
 40
0
 40
0
 40
0
 40
0
 40
1
 40
1
 40
1
 40
1
 10
25.691183
 20
283.200349
 30
0.0
 10
25.687738
 20
283.195756
 30
0.0
 10
25.681709
 20
283.192023
 30
0.0
 10
25.673096
 20
283.189152
 30
0.0
  0
SPLINE
  5
484
100
AcDbEntity
  8
0
 62
7
100
AcDbSpline
 70
8
 71
3
 72
8
 73
4
 74
0
 40
0
 40
0
 40
0
 40
0
 40
1
 40
1
 40
1
 40
1
 10
25.673096
 20
283.189152
 30
0.0
 10
25.664483
 20
283.186280
 30
0.0
 10
25.652999
 20
283.183983
 30
0.0
 10
25.638645
 20
283.182262
 30
0.0
  0
SPLINE
  5
485
100
AcDbEntity
  8
0
 62
7
100
AcDbSpline
 70
8
 71
3
 72
8
 73
4
 74
0
 40
0
 40
0
 40
0
 40
0
 40
1
 40
1
 40
1
 40
1
 10
25.638645
 20
283.182262
 30
0.0
 10
25.624291
 20
283.180533
 30
0.0
 10
25.605917
 20
283.179669
 30
0.0
 10
25.583524
 20
283.179669
 30
0.0
  0
SPLINE
  5
486
100
AcDbEntity
  8
0
 62
7
100
AcDbSpline
 70
8
 71
3
 72
8
 73
4
 74
0
 40
0
 40
0
 40
0
 40
0
 40
1
 40
1
 40
1
 40
1
 10
25.583524
 20
283.179669
 30
0.0
 10
25.561705
 20
283.179669
 30
0.0
 10
25.543331
 20
283.180533
 30
0.0
 10
25.528402
 20
283.182262
 30
0.0
  0
SPLINE
  5
487
100
AcDbEntity
  8
0
 62
7
100
AcDbSpline
 70
8
 71
3
 72
8
 73
4
 74
0
 40
0
 40
0
 40
0
 40
0
 40
1
 40
1
 40
1
 40
1
 10
25.528402
 20
283.182262
 30
0.0
 10
25.514048
 20
283.183990
 30
0.0
 10
25.502564
 20
283.186287
 30
0.0
 10
25.493951
 20
283.189152
 30
0.0
  0
SPLINE
  5
488
100
AcDbEntity
  8
0
 62
7
100
AcDbSpline
 70
8
 71
3
 72
8
 73
4
 74
0
 40
0
 40
0
 40
0
 40
0
 40
1
 40
1
 40
1
 40
1
 10
25.493951
 20
283.189152
 30
0.0
 10
25.485338
 20
283.192023
 30
0.0
 10
25.479023
 20
283.195756
 30
0.0
 10
25.475004
 20
283.200349
 30
0.0
  0
SPLINE
  5
489
100
AcDbEntity
  8
0
 62
7
100
AcDbSpline
 70
8
 71
3
 72
8
 73
4
 74
0
 40
0
 40
0
 40
0
 40
0
 40
1
 40
1
 40
1
 40
1
 10
25.475004
 20
283.200349
 30
0.0
 10
25.471560
 20
283.204942
 30
0.0
 10
25.469837
 20
283.210109
 30
0.0
 10
25.469837
 20
283.215851
 30
0.0
  0
LWPOLYLINE
  5
48a
100
AcDbEntity
  8
0
 62
7
100
AcDbPolyline
 90
2
 70
0
 10
25.300183
 20
284.212372
 30
0.0
 10
25.044367
 20
283.242550
 30
0.0
  0
SPLINE
  5
48b
100
AcDbEntity
  8
0
 62
7
100
AcDbSpline
 70
8
 71
3
 72
8
 73
4
 74
0
 40
0
 40
0
 40
0
 40
0
 40
1
 40
1
 40
1
 40
1
 10
25.469837
 20
284.268327
 30
0.0
 10
25.469837
 20
284.274069
 30
0.0
 10
25.471560
 20
284.279236
 30
0.0
 10
25.475004
 20
284.283829
 30
0.0
  0
SPLINE
  5
48c
100
AcDbEntity
  8
0
 62
7
100
AcDbSpline
 70
8
 71
3
 72
8
 73
4
 74
0
 40
0
 40
0
 40
0
 40
0
 40
1
 40
1
 40
1
 40
1
 10
25.475004
 20
284.283829
 30
0.0
 10
25.479024
 20
284.288423
 30
0.0
 10
25.485340
 20
284.292155
 30
0.0
 10
25.493951
 20
284.295027
 30
0.0
  0
SPLINE
  5
48d
100
AcDbEntity
  8
0
 62
7
100
AcDbSpline
 70
8
 71
3
 72
8
 73
4
 74
0
 40
0
 40
0
 40
0
 40
0
 40
1
 40
1
 40
1
 40
1
 10
25.493951
 20
284.295027
 30
0.0
 10
25.503138
 20
284.297898
 30
0.0
 10
25.514908
 20
284.300195
 30
0.0
 10
25.529263
 20
284.301916
 30
0.0
  0
SPLINE
  5
48e
100
AcDbEntity
  8
0
 62
7
100
AcDbSpline
 70
8
 71
3
 72
8
 73
4
 74
0
 40
0
 40
0
 40
0
 40
0
 40
1
 40
1
 40
1
 40
1
 10
25.529263
 20
284.301916
 30
0.0
 10
25.543618
 20
284.303645
 30
0.0
 10
25.561705
 20
284.304509
 30
0.0
 10
25.583524
 20
284.304509
 30
0.0
  0
SPLINE
  5
48f
100
AcDbEntity
  8
0
 62
7
100
AcDbSpline
 70
8
 71
3
 72
8
 73
4
 74
0
 40
0
 40
0
 40
0
 40
0
 40
1
 40
1
 40
1
 40
1
 10
25.583524
 20
284.304509
 30
0.0
 10
25.605917
 20
284.304509
 30
0.0
 10
25.624291
 20
284.303645
 30
0.0
 10
25.638645
 20
284.301916
 30
0.0
  0
SPLINE
  5
490
100
AcDbEntity
  8
0
 62
7
100
AcDbSpline
 70
8
 71
3
 72
8
 73
4
 74
0
 40
0
 40
0
 40
0
 40
0
 40
1
 40
1
 40
1
 40
1
 10
25.638645
 20
284.301916
 30
0.0
 10
25.653000
 20
284.300188
 30
0.0
 10
25.664483
 20
284.297891
 30
0.0
 10
25.673096
 20
284.295027
 30
0.0
  0
SPLINE
  5
491
100
AcDbEntity
  8
0
 62
7
100
AcDbSpline
 70
8
 71
3
 72
8
 73
4
 74
0
 40
0
 40
0
 40
0
 40
0
 40
1
 40
1
 40
1
 40
1
 10
25.673096
 20
284.295027
 30
0.0
 10
25.681709
 20
284.292155
 30
0.0
 10
25.687738
 20
284.288423
 30
0.0
 10
25.691183
 20
284.283829
 30
0.0
  0
SPLINE
  5
492
100
AcDbEntity
  8
0
 62
7
100
AcDbSpline
 70
8
 71
3
 72
8
 73
4
 74
0
 40
0
 40
0
 40
0
 40
0
 40
1
 40
1
 40
1
 40
1
 10
25.691183
 20
284.283829
 30
0.0
 10
25.695203
 20
284.279236
 30
0.0
 10
25.697213
 20
284.274069
 30
0.0
 10
25.697213
 20
284.268327
 30
0.0
  0
LWPOLYLINE
  5
493
100
AcDbEntity
  8
0
 62
7
100
AcDbPolyline
 90
2
 70
0
 10
25.469837
 20
283.215851
 30
0.0
 10
25.469837
 20
284.268327
 30
0.0
  0
SPLINE
  5
494
100
AcDbEntity
  8
0
 62
7
100
AcDbSpline
 70
8
 71
3
 72
8
 73
4
 74
0
 40
0
 40
0
 40
0
 40
0
 40
1
 40
1
 40
1
 40
1
 10
26.859072
 20
283.264082
 30
0.0
 10
26.859072
 20
283.250876
 30
0.0
 10
26.856779
 20
283.239105
 30
0.0
 10
26.852193
 20
283.228770
 30
0.0
  0
SPLINE
  5
495
100
AcDbEntity
  8
0
 62
7
100
AcDbSpline
 70
8
 71
3
 72
8
 73
4
 74
0
 40
0
 40
0
 40
0
 40
0
 40
1
 40
1
 40
1
 40
1
 10
26.852193
 20
283.228770
 30
0.0
 10
26.847607
 20
283.218435
 30
0.0
 10
26.841292
 20
283.209822
 30
0.0
 10
26.833249
 20
283.202931
 30
0.0
  0
SPLINE
  5
496
100
AcDbEntity
  8
0
 62
7
100
AcDbSpline
 70
8
 71
3
 72
8
 73
4
 74
0
 40
0
 40
0
 40
0
 40
0
 40
1
 40
1
 40
1
 40
1
 10
26.833249
 20
283.202931
 30
0.0
 10
26.825787
 20
283.196041
 30
0.0
 10
26.816601
 20
283.190874
 30
0.0
 10
26.805690
 20
283.187429
 30
0.0
  0
SPLINE
  5
497
100
AcDbEntity
  8
0
 62
7
100
AcDbSpline
 70
8
 71
3
 72
8
 73
4
 74
0
 40
0
 40
0
 40
0
 40
0
 40
1
 40
1
 40
1
 40
1
 10
26.805690
 20
283.187429
 30
0.0
 10
26.795353
 20
283.184557
 30
0.0
 10
26.784730
 20
283.183121
 30
0.0
 10
26.773821
 20
283.183121
 30
0.0
  0
LWPOLYLINE
  5
498
100
AcDbEntity
  8
0
 62
7
100
AcDbPolyline
 90
2
 70
0
 10
25.697213
 20
284.268327
 30
0.0
 10
25.697213
 20
283.215851
 30
0.0
  0
SPLINE
  5
499
100
AcDbEntity
  8
0
 62
7
100
AcDbSpline
 70
8
 71
3
 72
8
 73
4
 74
0
 40
0
 40
0
 40
0
 40
0
 40
1
 40
1
 40
1
 40
1
 10
26.677359
 20
283.183121
 30
0.0
 10
26.657263
 20
283.183121
 30
0.0
 10
26.639750
 20
283.185131
 30
0.0
 10
26.624821
 20
283.189151
 30
0.0
  0
SPLINE
  5
49a
100
AcDbEntity
  8
0
 62
7
100
AcDbSpline
 70
8
 71
3
 72
8
 73
4
 74
0
 40
0
 40
0
 40
0
 40
0
 40
1
 40
1
 40
1
 40
1
 10
26.624821
 20
283.189151
 30
0.0
 10
26.610463
 20
283.193171
 30
0.0
 10
26.596970
 20
283.200348
 30
0.0
 10
26.584342
 20
283.210683
 30
0.0
  0
SPLINE
  5
49b
100
AcDbEntity
  8
0
 62
7
100
AcDbSpline
 70
8
 71
3
 72
8
 73
4
 74
0
 40
0
 40
0
 40
0
 40
0
 40
1
 40
1
 40
1
 40
1
 10
26.584342
 20
283.210683
 30
0.0
 10
26.572277
 20
283.221593
 30
0.0
 10
26.560506
 20
283.235947
 30
0.0
 10
26.549028
 20
283.253747
 30
0.0
  0
SPLINE
  5
49c
100
AcDbEntity
  8
0
 62
7
100
AcDbSpline
 70
8
 71
3
 72
8
 73
4
 74
0
 40
0
 40
0
 40
0
 40
0
 40
1
 40
1
 40
1
 40
1
 10
26.549028
 20
283.253747
 30
0.0
 10
26.537545
 20
283.272121
 30
0.0
 10
26.524626
 20
283.295662
 30
0.0
 10
26.510272
 20
283.324371
 30
0.0
  0
LWPOLYLINE
  5
49d
100
AcDbEntity
  8
0
 62
7
100
AcDbPolyline
 90
2
 70
0
 10
26.773821
 20
283.183121
 30
0.0
 10
26.677359
 20
283.183121
 30
0.0
  0
SPLINE
  5
49e
100
AcDbEntity
  8
0
 62
7
100
AcDbSpline
 70
8
 71
3
 72
8
 73
4
 74
0
 40
0
 40
0
 40
0
 40
0
 40
1
 40
1
 40
1
 40
1
 10
26.232941
 20
283.845442
 30
0.0
 10
26.216863
 20
283.876448
 30
0.0
 10
26.200499
 20
283.909750
 30
0.0
 10
26.183849
 20
283.945350
 30
0.0
  0
SPLINE
  5
49f
100
AcDbEntity
  8
0
 62
7
100
AcDbSpline
 70
8
 71
3
 72
8
 73
4
 74
0
 40
0
 40
0
 40
0
 40
0
 40
1
 40
1
 40
1
 40
1
 10
26.183849
 20
283.945350
 30
0.0
 10
26.167198
 20
283.981523
 30
0.0
 10
26.152269
 20
284.016548
 30
0.0
 10
26.139062
 20
284.050425
 30
0.0
  0
LWPOLYLINE
  5
4a0
100
AcDbEntity
  8
0
 62
7
100
AcDbPolyline
 90
2
 70
0
 10
26.510272
 20
283.324371
 30
0.0
 10
26.232941
 20
283.845442
 30
0.0
  0
SPLINE
  5
4a1
100
AcDbEntity
  8
0
 62
7
100
AcDbSpline
 70
8
 71
3
 72
8
 73
4
 74
0
 40
0
 40
0
 40
0
 40
0
 40
1
 40
1
 40
1
 40
1
 10
26.137343
 20
284.050425
 30
0.0
 10
26.139639
 20
284.009084
 30
0.0
 10
26.141362
 20
283.967743
 30
0.0
 10
26.142510
 20
283.926402
 30
0.0
  0
SPLINE
  5
4a2
100
AcDbEntity
  8
0
 62
7
100
AcDbSpline
 70
8
 71
3
 72
8
 73
4
 74
0
 40
0
 40
0
 40
0
 40
0
 40
1
 40
1
 40
1
 40
1
 10
26.142510
 20
283.926402
 30
0.0
 10
26.143656
 20
283.885635
 30
0.0
 10
26.144230
 20
283.843432
 30
0.0
 10
26.144230
 20
283.799794
 30
0.0
  0
LWPOLYLINE
  5
4a3
100
AcDbEntity
  8
0
 62
7
100
AcDbPolyline
 90
2
 70
0
 10
26.139062
 20
284.050425
 30
0.0
 10
26.137343
 20
284.050425
 30
0.0
  0
SPLINE
  5
4a4
100
AcDbEntity
  8
0
 62
7
100
AcDbSpline
 70
8
 71
3
 72
8
 73
4
 74
0
 40
0
 40
0
 40
0
 40
0
 40
1
 40
1
 40
1
 40
1
 10
26.144230
 20
283.216712
 30
0.0
 10
26.144230
 20
283.210970
 30
0.0
 10
26.142507
 20
283.205803
 30
0.0
 10
26.139062
 20
283.201210
 30
0.0
  0
SPLINE
  5
4a5
100
AcDbEntity
  8
0
 62
7
100
AcDbSpline
 70
8
 71
3
 72
8
 73
4
 74
0
 40
0
 40
0
 40
0
 40
0
 40
1
 40
1
 40
1
 40
1
 10
26.139062
 20
283.201210
 30
0.0
 10
26.136191
 20
283.196617
 30
0.0
 10
26.130736
 20
283.192598
 30
0.0
 10
26.122698
 20
283.189153
 30
0.0
  0
SPLINE
  5
4a6
100
AcDbEntity
  8
0
 62
7
100
AcDbSpline
 70
8
 71
3
 72
8
 73
4
 74
0
 40
0
 40
0
 40
0
 40
0
 40
1
 40
1
 40
1
 40
1
 10
26.122698
 20
283.189153
 30
0.0
 10
26.115233
 20
283.186281
 30
0.0
 10
26.104898
 20
283.183985
 30
0.0
 10
26.091692
 20
283.182263
 30
0.0
  0
SPLINE
  5
4a7
100
AcDbEntity
  8
0
 62
7
100
AcDbSpline
 70
8
 71
3
 72
8
 73
4
 74
0
 40
0
 40
0
 40
0
 40
0
 40
1
 40
1
 40
1
 40
1
 10
26.091692
 20
283.182263
 30
0.0
 10
26.078486
 20
283.180535
 30
0.0
 10
26.061548
 20
283.179670
 30
0.0
 10
26.040877
 20
283.179670
 30
0.0
  0
SPLINE
  5
4a8
100
AcDbEntity
  8
0
 62
7
100
AcDbSpline
 70
8
 71
3
 72
8
 73
4
 74
0
 40
0
 40
0
 40
0
 40
0
 40
1
 40
1
 40
1
 40
1
 10
26.040877
 20
283.179670
 30
0.0
 10
26.020781
 20
283.179670
 30
0.0
 10
26.004129
 20
283.180535
 30
0.0
 10
25.990923
 20
283.182263
 30
0.0
  0
SPLINE
  5
4a9
100
AcDbEntity
  8
0
 62
7
100
AcDbSpline
 70
8
 71
3
 72
8
 73
4
 74
0
 40
0
 40
0
 40
0
 40
0
 40
1
 40
1
 40
1
 40
1
 10
25.990923
 20
283.182263
 30
0.0
 10
25.977717
 20
283.183992
 30
0.0
 10
25.967381
 20
283.186288
 30
0.0
 10
25.959917
 20
283.189153
 30
0.0
  0
SPLINE
  5
4aa
100
AcDbEntity
  8
0
 62
7
100
AcDbSpline
 70
8
 71
3
 72
8
 73
4
 74
0
 40
0
 40
0
 40
0
 40
0
 40
1
 40
1
 40
1
 40
1
 10
25.959917
 20
283.189153
 30
0.0
 10
25.952452
 20
283.192598
 30
0.0
 10
25.947285
 20
283.196617
 30
0.0
 10
25.944415
 20
283.201210
 30
0.0
  0
SPLINE
  5
4ab
100
AcDbEntity
  8
0
 62
7
100
AcDbSpline
 70
8
 71
3
 72
8
 73
4
 74
0
 40
0
 40
0
 40
0
 40
0
 40
1
 40
1
 40
1
 40
1
 10
25.944415
 20
283.201210
 30
0.0
 10
25.941543
 20
283.205803
 30
0.0
 10
25.940108
 20
283.210970
 30
0.0
 10
25.940108
 20
283.216712
 30
0.0
  0
LWPOLYLINE
  5
4ac
100
AcDbEntity
  8
0
 62
7
100
AcDbPolyline
 90
2
 70
0
 10
26.144230
 20
283.799794
 30
0.0
 10
26.144230
 20
283.216712
 30
0.0
  0
SPLINE
  5
4ad
100
AcDbEntity
  8
0
 62
7
100
AcDbSpline
 70
8
 71
3
 72
8
 73
4
 74
0
 40
0
 40
0
 40
0
 40
0
 40
1
 40
1
 40
1
 40
1
 10
25.940108
 20
284.218374
 30
0.0
 10
25.940108
 20
284.245360
 30
0.0
 10
25.947859
 20
284.265457
 30
0.0
 10
25.963362
 20
284.278663
 30
0.0
  0
SPLINE
  5
4ae
100
AcDbEntity
  8
0
 62
7
100
AcDbSpline
 70
8
 71
3
 72
8
 73
4
 74
0
 40
0
 40
0
 40
0
 40
0
 40
1
 40
1
 40
1
 40
1
 10
25.963362
 20
284.278663
 30
0.0
 10
25.979440
 20
284.292444
 30
0.0
 10
25.998962
 20
284.299335
 30
0.0
 10
26.021929
 20
284.299335
 30
0.0
  0
LWPOLYLINE
  5
4af
100
AcDbEntity
  8
0
 62
7
100
AcDbPolyline
 90
2
 70
0
 10
25.940108
 20
283.216712
 30
0.0
 10
25.940108
 20
284.218374
 30
0.0
  0
SPLINE
  5
4b0
100
AcDbEntity
  8
0
 62
7
100
AcDbSpline
 70
8
 71
3
 72
8
 73
4
 74
0
 40
0
 40
0
 40
0
 40
0
 40
1
 40
1
 40
1
 40
1
 10
26.143368
 20
284.299335
 30
0.0
 10
26.165187
 20
284.299335
 30
0.0
 10
26.183561
 20
284.297325
 30
0.0
 10
26.198490
 20
284.293305
 30
0.0
  0
SPLINE
  5
4b1
100
AcDbEntity
  8
0
 62
7
100
AcDbSpline
 70
8
 71
3
 72
8
 73
4
 74
0
 40
0
 40
0
 40
0
 40
0
 40
1
 40
1
 40
1
 40
1
 10
26.198490
 20
284.293305
 30
0.0
 10
26.213419
 20
284.289860
 30
0.0
 10
26.226626
 20
284.283831
 30
0.0
 10
26.238108
 20
284.275218
 30
0.0
  0
SPLINE
  5
4b2
100
AcDbEntity
  8
0
 62
7
100
AcDbSpline
 70
8
 71
3
 72
8
 73
4
 74
0
 40
0
 40
0
 40
0
 40
0
 40
1
 40
1
 40
1
 40
1
 10
26.238108
 20
284.275218
 30
0.0
 10
26.250166
 20
284.266605
 30
0.0
 10
26.261363
 20
284.254547
 30
0.0
 10
26.271698
 20
284.239044
 30
0.0
  0
SPLINE
  5
4b3
100
AcDbEntity
  8
0
 62
7
100
AcDbSpline
 70
8
 71
3
 72
8
 73
4
 74
0
 40
0
 40
0
 40
0
 40
0
 40
1
 40
1
 40
1
 40
1
 10
26.271698
 20
284.239044
 30
0.0
 10
26.282033
 20
284.224115
 30
0.0
 10
26.292655
 20
284.205454
 30
0.0
 10
26.303565
 20
284.183062
 30
0.0
  0
LWPOLYLINE
  5
4b4
100
AcDbEntity
  8
0
 62
7
100
AcDbPolyline
 90
2
 70
0
 10
26.021929
 20
284.299335
 30
0.0
 10
26.143368
 20
284.299335
 30
0.0
  0
SPLINE
  5
4b5
100
AcDbEntity
  8
0
 62
7
100
AcDbSpline
 70
8
 71
3
 72
8
 73
4
 74
0
 40
0
 40
0
 40
0
 40
0
 40
1
 40
1
 40
1
 40
1
 10
26.520606
 20
283.775679
 30
0.0
 10
26.533235
 20
283.750989
 30
0.0
 10
26.545581
 20
283.726586
 30
0.0
 10
26.557642
 20
283.702471
 30
0.0
  0
SPLINE
  5
4b6
100
AcDbEntity
  8
0
 62
7
100
AcDbSpline
 70
8
 71
3
 72
8
 73
4
 74
0
 40
0
 40
0
 40
0
 40
0
 40
1
 40
1
 40
1
 40
1
 10
26.557642
 20
283.702471
 30
0.0
 10
26.570272
 20
283.678929
 30
0.0
 10
26.582329
 20
283.655101
 30
0.0
 10
26.593814
 20
283.630985
 30
0.0
  0
SPLINE
  5
4b7
100
AcDbEntity
  8
0
 62
7
100
AcDbSpline
 70
8
 71
3
 72
8
 73
4
 74
0
 40
0
 40
0
 40
0
 40
0
 40
1
 40
1
 40
1
 40
1
 10
26.593814
 20
283.630985
 30
0.0
 10
26.605296
 20
283.607443
 30
0.0
 10
26.616494
 20
283.584189
 30
0.0
 10
26.627405
 20
283.561222
 30
0.0
  0
SPLINE
  5
4b8
100
AcDbEntity
  8
0
 62
7
100
AcDbSpline
 70
8
 71
3
 72
8
 73
4
 74
0
 40
0
 40
0
 40
0
 40
0
 40
1
 40
1
 40
1
 40
1
 10
26.627405
 20
283.561222
 30
0.0
 10
26.638306
 20
283.538254
 30
0.0
 10
26.648928
 20
283.515287
 30
0.0
 10
26.659271
 20
283.492320
 30
0.0
  0
LWPOLYLINE
  5
4b9
100
AcDbEntity
  8
0
 62
7
100
AcDbPolyline
 90
2
 70
0
 10
26.303565
 20
284.183062
 30
0.0
 10
26.520606
 20
283.775679
 30
0.0
  0
SPLINE
  5
4ba
100
AcDbEntity
  8
0
 62
7
100
AcDbSpline
 70
8
 71
3
 72
8
 73
4
 74
0
 40
0
 40
0
 40
0
 40
0
 40
1
 40
1
 40
1
 40
1
 10
26.660065
 20
283.492320
 30
0.0
 10
26.658301
 20
283.532513
 30
0.0
 10
26.656864
 20
283.574428
 30
0.0
 10
26.655752
 20
283.618066
 30
0.0
  0
SPLINE
  5
4bb
100
AcDbEntity
  8
0
 62
7
100
AcDbSpline
 70
8
 71
3
 72
8
 73
4
 74
0
 40
0
 40
0
 40
0
 40
0
 40
1
 40
1
 40
1
 40
1
 10
26.655752
 20
283.618066
 30
0.0
 10
26.655223
 20
283.661704
 30
0.0
 10
26.654959
 20
283.703332
 30
0.0
 10
26.654959
 20
283.742951
 30
0.0
  0
LWPOLYLINE
  5
4bc
100
AcDbEntity
  8
0
 62
7
100
AcDbPolyline
 90
2
 70
0
 10
26.659271
 20
283.492320
 30
0.0
 10
26.660065
 20
283.492320
 30
0.0
  0
SPLINE
  5
4bd
100
AcDbEntity
  8
0
 62
7
100
AcDbSpline
 70
8
 71
3
 72
8
 73
4
 74
0
 40
0
 40
0
 40
0
 40
0
 40
1
 40
1
 40
1
 40
1
 10
26.654959
 20
284.265744
 30
0.0
 10
26.654959
 20
284.271485
 30
0.0
 10
26.656679
 20
284.276653
 30
0.0
 10
26.660118
 20
284.281246
 30
0.0
  0
SPLINE
  5
4be
100
AcDbEntity
  8
0
 62
7
100
AcDbSpline
 70
8
 71
3
 72
8
 73
4
 74
0
 40
0
 40
0
 40
0
 40
0
 40
1
 40
1
 40
1
 40
1
 10
26.660118
 20
284.281246
 30
0.0
 10
26.663558
 20
284.285839
 30
0.0
 10
26.669299
 20
284.289858
 30
0.0
 10
26.677342
 20
284.293303
 30
0.0
  0
SPLINE
  5
4bf
100
AcDbEntity
  8
0
 62
7
100
AcDbSpline
 70
8
 71
3
 72
8
 73
4
 74
0
 40
0
 40
0
 40
0
 40
0
 40
1
 40
1
 40
1
 40
1
 10
26.677342
 20
284.293303
 30
0.0
 10
26.685386
 20
284.296748
 30
0.0
 10
26.696008
 20
284.299044
 30
0.0
 10
26.709209
 20
284.300193
 30
0.0
  0
SPLINE
  5
4c0
100
AcDbEntity
  8
0
 62
7
100
AcDbSpline
 70
8
 71
3
 72
8
 73
4
 74
0
 40
0
 40
0
 40
0
 40
0
 40
1
 40
1
 40
1
 40
1
 10
26.709209
 20
284.300193
 30
0.0
 10
26.722420
 20
284.301921
 30
0.0
 10
26.739359
 20
284.302785
 30
0.0
 10
26.760025
 20
284.302785
 30
0.0
  0
SPLINE
  5
4c1
100
AcDbEntity
  8
0
 62
7
100
AcDbSpline
 70
8
 71
3
 72
8
 73
4
 74
0
 40
0
 40
0
 40
0
 40
0
 40
1
 40
1
 40
1
 40
1
 10
26.760025
 20
284.302785
 30
0.0
 10
26.779547
 20
284.302785
 30
0.0
 10
26.795912
 20
284.301921
 30
0.0
 10
26.809118
 20
284.300193
 30
0.0
  0
SPLINE
  5
4c2
100
AcDbEntity
  8
0
 62
7
100
AcDbSpline
 70
8
 71
3
 72
8
 73
4
 74
0
 40
0
 40
0
 40
0
 40
0
 40
1
 40
1
 40
1
 40
1
 10
26.809118
 20
284.300193
 30
0.0
 10
26.822330
 20
284.299046
 30
0.0
 10
26.832378
 20
284.296749
 30
0.0
 10
26.839262
 20
284.293303
 30
0.0
  0
SPLINE
  5
4c3
100
AcDbEntity
  8
0
 62
7
100
AcDbSpline
 70
8
 71
3
 72
8
 73
4
 74
0
 40
0
 40
0
 40
0
 40
0
 40
1
 40
1
 40
1
 40
1
 10
26.839262
 20
284.293303
 30
0.0
 10
26.846723
 20
284.289858
 30
0.0
 10
26.851892
 20
284.285839
 30
0.0
 10
26.854767
 20
284.281246
 30
0.0
  0
SPLINE
  5
4c4
100
AcDbEntity
  8
0
 62
7
100
AcDbSpline
 70
8
 71
3
 72
8
 73
4
 74
0
 40
0
 40
0
 40
0
 40
0
 40
1
 40
1
 40
1
 40
1
 10
26.854767
 20
284.281246
 30
0.0
 10
26.857642
 20
284.276653
 30
0.0
 10
26.859079
 20
284.271485
 30
0.0
 10
26.859079
 20
284.265744
 30
0.0
  0
LWPOLYLINE
  5
4c5
100
AcDbEntity
  8
0
 62
7
100
AcDbPolyline
 90
2
 70
0
 10
26.654959
 20
283.742951
 30
0.0
 10
26.654959
 20
284.265744
 30
0.0
  0
SPLINE
  5
4c6
100
AcDbEntity
  8
0
 62
7
100
AcDbSpline
 70
8
 71
3
 72
8
 73
4
 74
0
 40
0
 40
0
 40
0
 40
0
 40
1
 40
1
 40
1
 40
1
 10
28.027821
 20
283.758453
 30
0.0
 10
28.027821
 20
283.656249
 30
0.0
 10
28.014327
 20
283.568686
 30
0.0
 10
27.987340
 20
283.495765
 30
0.0
  0
SPLINE
  5
4c7
100
AcDbEntity
  8
0
 62
7
100
AcDbSpline
 70
8
 71
3
 72
8
 73
4
 74
0
 40
0
 40
0
 40
0
 40
0
 40
1
 40
1
 40
1
 40
1
 10
27.987340
 20
283.495765
 30
0.0
 10
27.960927
 20
283.423418
 30
0.0
 10
27.922744
 20
283.364277
 30
0.0
 10
27.872791
 20
283.318342
 30
0.0
  0
SPLINE
  5
4c8
100
AcDbEntity
  8
0
 62
7
100
AcDbSpline
 70
8
 71
3
 72
8
 73
4
 74
0
 40
0
 40
0
 40
0
 40
0
 40
1
 40
1
 40
1
 40
1
 10
27.872791
 20
283.318342
 30
0.0
 10
27.822838
 20
283.272408
 30
0.0
 10
27.761975
 20
283.238531
 30
0.0
 10
27.690202
 20
283.216712
 30
0.0
  0
SPLINE
  5
4c9
100
AcDbEntity
  8
0
 62
7
100
AcDbSpline
 70
8
 71
3
 72
8
 73
4
 74
0
 40
0
 40
0
 40
0
 40
0
 40
1
 40
1
 40
1
 40
1
 10
27.690202
 20
283.216712
 30
0.0
 10
27.619003
 20
283.195467
 30
0.0
 10
27.534023
 20
283.184845
 30
0.0
 10
27.435263
 20
283.184845
 30
0.0
  0
LWPOLYLINE
  5
4ca
100
AcDbEntity
  8
0
 62
7
100
AcDbPolyline
 90
2
 70
0
 10
26.859079
 20
284.265744
 30
0.0
 10
26.859072
 20
283.264082
 30
0.0
  0
SPLINE
  5
4cb
100
AcDbEntity
  8
0
 62
7
100
AcDbSpline
 70
8
 71
3
 72
8
 73
4
 74
0
 40
0
 40
0
 40
0
 40
0
 40
1
 40
1
 40
1
 40
1
 10
27.169129
 20
283.184845
 30
0.0
 10
27.150182
 20
283.184845
 30
0.0
 10
27.134105
 20
283.190300
 30
0.0
 10
27.120898
 20
283.201209
 30
0.0
  0
SPLINE
  5
4cc
100
AcDbEntity
  8
0
 62
7
100
AcDbSpline
 70
8
 71
3
 72
8
 73
4
 74
0
 40
0
 40
0
 40
0
 40
0
 40
1
 40
1
 40
1
 40
1
 10
27.120898
 20
283.201209
 30
0.0
 10
27.108269
 20
283.212692
 30
0.0
 10
27.101954
 20
283.231066
 30
0.0
 10
27.101954
 20
283.256331
 30
0.0
  0
LWPOLYLINE
  5
4cd
100
AcDbEntity
  8
0
 62
7
100
AcDbPolyline
 90
2
 70
0
 10
27.435263
 20
283.184845
 30
0.0
 10
27.169129
 20
283.184845
 30
0.0
  0
SPLINE
  5
4ce
100
AcDbEntity
  8
0
 62
7
100
AcDbSpline
 70
8
 71
3
 72
8
 73
4
 74
0
 40
0
 40
0
 40
0
 40
0
 40
1
 40
1
 40
1
 40
1
 10
27.101954
 20
284.227848
 30
0.0
 10
27.101954
 20
284.253112
 30
0.0
 10
27.108269
 20
284.271198
 30
0.0
 10
27.120898
 20
284.282108
 30
0.0
  0
SPLINE
  5
4cf
100
AcDbEntity
  8
0
 62
7
100
AcDbSpline
 70
8
 71
3
 72
8
 73
4
 74
0
 40
0
 40
0
 40
0
 40
0
 40
1
 40
1
 40
1
 40
1
 10
27.120898
 20
284.282108
 30
0.0
 10
27.134110
 20
284.293592
 30
0.0
 10
27.150187
 20
284.299335
 30
0.0
 10
27.169129
 20
284.299335
 30
0.0
  0
LWPOLYLINE
  5
4d0
100
AcDbEntity
  8
0
 62
7
100
AcDbPolyline
 90
2
 70
0
 10
27.101954
 20
283.256331
 30
0.0
 10
27.101954
 20
284.227848
 30
0.0
  0
SPLINE
  5
4d1
100
AcDbEntity
  8
0
 62
7
100
AcDbSpline
 70
8
 71
3
 72
8
 73
4
 74
0
 40
0
 40
0
 40
0
 40
0
 40
1
 40
1
 40
1
 40
1
 10
27.455072
 20
284.299335
 30
0.0
 10
27.554406
 20
284.299335
 30
0.0
 10
27.638524
 20
284.287564
 30
0.0
 10
27.707426
 20
284.264022
 30
0.0
  0
SPLINE
  5
4d2
100
AcDbEntity
  8
0
 62
7
100
AcDbSpline
 70
8
 71
3
 72
8
 73
4
 74
0
 40
0
 40
0
 40
0
 40
0
 40
1
 40
1
 40
1
 40
1
 10
27.707426
 20
284.264022
 30
0.0
 10
27.776903
 20
284.241055
 30
0.0
 10
27.835182
 20
284.206604
 30
0.0
 10
27.882266
 20
284.160670
 30
0.0
  0
SPLINE
  5
4d3
100
AcDbEntity
  8
0
 62
7
100
AcDbSpline
 70
8
 71
3
 72
8
 73
4
 74
0
 40
0
 40
0
 40
0
 40
0
 40
1
 40
1
 40
1
 40
1
 10
27.882266
 20
284.160670
 30
0.0
 10
27.929922
 20
284.115309
 30
0.0
 10
27.966095
 20
284.059039
 30
0.0
 10
27.990785
 20
283.991860
 30
0.0
  0
SPLINE
  5
4d4
100
AcDbEntity
  8
0
 62
7
100
AcDbSpline
 70
8
 71
3
 72
8
 73
4
 74
0
 40
0
 40
0
 40
0
 40
0
 40
1
 40
1
 40
1
 40
1
 10
27.990785
 20
283.991860
 30
0.0
 10
28.015475
 20
283.924680
 30
0.0
 10
28.027821
 20
283.846879
 30
0.0
 10
28.027821
 20
283.758455
 30
0.0
  0
LWPOLYLINE
  5
4d5
100
AcDbEntity
  8
0
 62
7
100
AcDbPolyline
 90
2
 70
0
 10
27.169129
 20
284.299335
 30
0.0
 10
27.455072
 20
284.299335
 30
0.0
  0
SPLINE
  5
4d6
100
AcDbEntity
  8
0
 62
7
100
AcDbSpline
 70
8
 71
3
 72
8
 73
4
 74
0
 40
0
 40
0
 40
0
 40
0
 40
1
 40
1
 40
1
 40
1
 10
27.793554
 20
283.750701
 30
0.0
 10
27.793554
 20
283.803526
 30
0.0
 10
27.787239
 20
283.852618
 30
0.0
 10
27.774609
 20
283.897979
 30
0.0
  0
SPLINE
  5
4d7
100
AcDbEntity
  8
0
 62
7
100
AcDbSpline
 70
8
 71
3
 72
8
 73
4
 74
0
 40
0
 40
0
 40
0
 40
0
 40
1
 40
1
 40
1
 40
1
 10
27.774609
 20
283.897979
 30
0.0
 10
27.762544
 20
283.943339
 30
0.0
 10
27.742735
 20
283.982671
 30
0.0
 10
27.715181
 20
284.015974
 30
0.0
  0
SPLINE
  5
4d8
100
AcDbEntity
  8
0
 62
7
100
AcDbSpline
 70
8
 71
3
 72
8
 73
4
 74
0
 40
0
 40
0
 40
0
 40
0
 40
1
 40
1
 40
1
 40
1
 10
27.715181
 20
284.015974
 30
0.0
 10
27.688194
 20
284.049276
 30
0.0
 10
27.653168
 20
284.075114
 30
0.0
 10
27.610105
 20
284.093488
 30
0.0
  0
SPLINE
  5
4d9
100
AcDbEntity
  8
0
 62
7
100
AcDbSpline
 70
8
 71
3
 72
8
 73
4
 74
0
 40
0
 40
0
 40
0
 40
0
 40
1
 40
1
 40
1
 40
1
 10
27.610105
 20
284.093488
 30
0.0
 10
27.567616
 20
284.112436
 30
0.0
 10
27.511634
 20
284.121910
 30
0.0
 10
27.442158
 20
284.121910
 30
0.0
  0
LWPOLYLINE
  5
4da
100
AcDbEntity
  8
0
 62
7
100
AcDbPolyline
 90
1
 70
1
 10
28.027821
 20
283.758455
 30
0.0
  0
SPLINE
  5
4db
100
AcDbEntity
  8
0
 62
7
100
AcDbSpline
 70
8
 71
3
 72
8
 73
4
 74
0
 40
0
 40
0
 40
0
 40
0
 40
1
 40
1
 40
1
 40
1
 10
27.445603
 20
283.363989
 30
0.0
 10
27.507614
 20
283.363989
 30
0.0
 10
27.559864
 20
283.372028
 30
0.0
 10
27.602353
 20
283.388106
 30
0.0
  0
SPLINE
  5
4dc
100
AcDbEntity
  8
0
 62
7
100
AcDbSpline
 70
8
 71
3
 72
8
 73
4
 74
0
 40
0
 40
0
 40
0
 40
0
 40
1
 40
1
 40
1
 40
1
 10
27.602353
 20
283.388106
 30
0.0
 10
27.644843
 20
283.404182
 30
0.0
 10
27.680156
 20
283.428297
 30
0.0
 10
27.708292
 20
283.460453
 30
0.0
  0
SPLINE
  5
4dd
100
AcDbEntity
  8
0
 62
7
100
AcDbSpline
 70
8
 71
3
 72
8
 73
4
 74
0
 40
0
 40
0
 40
0
 40
0
 40
1
 40
1
 40
1
 40
1
 10
27.708292
 20
283.460453
 30
0.0
 10
27.737001
 20
283.493181
 30
0.0
 10
27.758245
 20
283.533661
 30
0.0
 10
27.772024
 20
283.581892
 30
0.0
  0
SPLINE
  5
4de
100
AcDbEntity
  8
0
 62
7
100
AcDbSpline
 70
8
 71
3
 72
8
 73
4
 74
0
 40
0
 40
0
 40
0
 40
0
 40
1
 40
1
 40
1
 40
1
 10
27.772024
 20
283.581892
 30
0.0
 10
27.786383
 20
283.630124
 30
0.0
 10
27.793562
 20
283.686394
 30
0.0
 10
27.793562
 20
283.750702
 30
0.0
  0
LWPOLYLINE
  5
4df
100
AcDbEntity
  8
0
 62
7
100
AcDbPolyline
 90
4
 70
0
 10
27.442158
 20
284.121910
 30
0.0
 10
27.327607
 20
284.121910
 30
0.0
 10
27.327607
 20
283.363989
 30
0.0
 10
27.445603
 20
283.363989
 30
0.0
  0
SPLINE
  5
4e0
100
AcDbEntity
  8
0
 62
7
100
AcDbSpline
 70
8
 71
3
 72
8
 73
4
 74
0
 40
0
 40
0
 40
0
 40
0
 40
1
 40
1
 40
1
 40
1
 10
29.216379
 20
283.755008
 30
0.0
 10
29.216379
 20
283.662565
 30
0.0
 10
29.204895
 20
283.579882
 30
0.0
 10
29.181928
 20
283.506961
 30
0.0
  0
SPLINE
  5
4e1
100
AcDbEntity
  8
0
 62
7
100
AcDbSpline
 70
8
 71
3
 72
8
 73
4
 74
0
 40
0
 40
0
 40
0
 40
0
 40
1
 40
1
 40
1
 40
1
 10
29.181928
 20
283.506961
 30
0.0
 10
29.158960
 20
283.434040
 30
0.0
 10
29.124796
 20
283.372028
 30
0.0
 10
29.079436
 20
283.320926
 30
0.0
  0
SPLINE
  5
4e2
100
AcDbEntity
  8
0
 62
7
100
AcDbSpline
 70
8
 71
3
 72
8
 73
4
 74
0
 40
0
 40
0
 40
0
 40
0
 40
1
 40
1
 40
1
 40
1
 10
29.079436
 20
283.320926
 30
0.0
 10
29.034076
 20
283.270398
 30
0.0
 10
28.977806
 20
283.231641
 30
0.0
 10
28.910627
 20
283.204654
 30
0.0
  0
SPLINE
  5
4e3
100
AcDbEntity
  8
0
 62
7
100
AcDbSpline
 70
8
 71
3
 72
8
 73
4
 74
0
 40
0
 40
0
 40
0
 40
0
 40
1
 40
1
 40
1
 40
1
 10
28.910627
 20
283.204654
 30
0.0
 10
28.844021
 20
283.178242
 30
0.0
 10
28.766793
 20
283.165035
 30
0.0
 10
28.678944
 20
283.165035
 30
0.0
  0
SPLINE
  5
4e4
100
AcDbEntity
  8
0
 62
7
100
AcDbSpline
 70
8
 71
3
 72
8
 73
4
 74
0
 40
0
 40
0
 40
0
 40
0
 40
1
 40
1
 40
1
 40
1
 10
28.678944
 20
283.165035
 30
0.0
 10
28.592242
 20
283.165035
 30
0.0
 10
28.516450
 20
283.176232
 30
0.0
 10
28.451567
 20
283.198625
 30
0.0
  0
SPLINE
  5
4e5
100
AcDbEntity
  8
0
 62
7
100
AcDbSpline
 70
8
 71
3
 72
8
 73
4
 74
0
 40
0
 40
0
 40
0
 40
0
 40
1
 40
1
 40
1
 40
1
 10
28.451567
 20
283.198625
 30
0.0
 10
28.387259
 20
283.221592
 30
0.0
 10
28.333573
 20
283.256331
 30
0.0
 10
28.290510
 20
283.302839
 30
0.0
  0
SPLINE
  5
4e6
100
AcDbEntity
  8
0
 62
7
100
AcDbSpline
 70
8
 71
3
 72
8
 73
4
 74
0
 40
0
 40
0
 40
0
 40
0
 40
1
 40
1
 40
1
 40
1
 10
28.290510
 20
283.302839
 30
0.0
 10
28.247446
 20
283.349348
 30
0.0
 10
28.215005
 20
283.408489
 30
0.0
 10
28.193185
 20
283.480262
 30
0.0
  0
SPLINE
  5
4e7
100
AcDbEntity
  8
0
 62
7
100
AcDbSpline
 70
8
 71
3
 72
8
 73
4
 74
0
 40
0
 40
0
 40
0
 40
0
 40
1
 40
1
 40
1
 40
1
 10
28.193185
 20
283.480262
 30
0.0
 10
28.171941
 20
283.552035
 30
0.0
 10
28.161319
 20
283.637014
 30
0.0
 10
28.161319
 20
283.735199
 30
0.0
  0
SPLINE
  5
4e8
100
AcDbEntity
  8
0
 62
7
100
AcDbSpline
 70
8
 71
3
 72
8
 73
4
 74
0
 40
0
 40
0
 40
0
 40
0
 40
1
 40
1
 40
1
 40
1
 10
28.161319
 20
283.735199
 30
0.0
 10
28.161319
 20
283.825346
 30
0.0
 10
28.172802
 20
283.906305
 30
0.0
 10
28.195768
 20
283.978078
 30
0.0
  0
SPLINE
  5
4e9
100
AcDbEntity
  8
0
 62
7
100
AcDbSpline
 70
8
 71
3
 72
8
 73
4
 74
0
 40
0
 40
0
 40
0
 40
0
 40
1
 40
1
 40
1
 40
1
 10
28.195768
 20
283.978078
 30
0.0
 10
28.218735
 20
284.050425
 30
0.0
 10
28.252899
 20
284.111863
 30
0.0
 10
28.298259
 20
284.162391
 30
0.0
  0
SPLINE
  5
4ea
100
AcDbEntity
  8
0
 62
7
100
AcDbSpline
 70
8
 71
3
 72
8
 73
4
 74
0
 40
0
 40
0
 40
0
 40
0
 40
1
 40
1
 40
1
 40
1
 10
28.298259
 20
284.162391
 30
0.0
 10
28.343621
 20
284.212919
 30
0.0
 10
28.399605
 20
284.251676
 30
0.0
 10
28.466209
 20
284.278663
 30
0.0
  0
SPLINE
  5
4eb
100
AcDbEntity
  8
0
 62
7
100
AcDbSpline
 70
8
 71
3
 72
8
 73
4
 74
0
 40
0
 40
0
 40
0
 40
0
 40
1
 40
1
 40
1
 40
1
 10
28.466209
 20
284.278663
 30
0.0
 10
28.533388
 20
284.305649
 30
0.0
 10
28.611190
 20
284.319143
 30
0.0
 10
28.699614
 20
284.319143
 30
0.0
  0
SPLINE
  5
4ec
100
AcDbEntity
  8
0
 62
7
100
AcDbSpline
 70
8
 71
3
 72
8
 73
4
 74
0
 40
0
 40
0
 40
0
 40
0
 40
1
 40
1
 40
1
 40
1
 10
28.699614
 20
284.319143
 30
0.0
 10
28.784019
 20
284.319143
 30
0.0
 10
28.858376
 20
284.307946
 30
0.0
 10
28.922684
 20
284.285553
 30
0.0
  0
SPLINE
  5
4ed
100
AcDbEntity
  8
0
 62
7
100
AcDbSpline
 70
8
 71
3
 72
8
 73
4
 74
0
 40
0
 40
0
 40
0
 40
0
 40
1
 40
1
 40
1
 40
1
 10
28.922684
 20
284.285553
 30
0.0
 10
28.987567
 20
284.263160
 30
0.0
 10
29.041540
 20
284.228709
 30
0.0
 10
29.084604
 20
284.182200
 30
0.0
  0
SPLINE
  5
4ee
100
AcDbEntity
  8
0
 62
7
100
AcDbSpline
 70
8
 71
3
 72
8
 73
4
 74
0
 40
0
 40
0
 40
0
 40
0
 40
1
 40
1
 40
1
 40
1
 10
29.084604
 20
284.182200
 30
0.0
 10
29.128242
 20
284.135691
 30
0.0
 10
29.160970
 20
284.076838
 30
0.0
 10
29.182788
 20
284.005639
 30
0.0
  0
SPLINE
  5
4ef
100
AcDbEntity
  8
0
 62
7
100
AcDbSpline
 70
8
 71
3
 72
8
 73
4
 74
0
 40
0
 40
0
 40
0
 40
0
 40
1
 40
1
 40
1
 40
1
 10
29.182788
 20
284.005639
 30
0.0
 10
29.205182
 20
283.935014
 30
0.0
 10
29.216379
 20
283.851471
 30
0.0
 10
29.216379
 20
283.755008
 30
0.0
  0
LWPOLYLINE
  5
4f0
100
AcDbEntity
  8
0
 62
7
100
AcDbPolyline
 90
1
 70
1
 10
27.793562
 20
283.750702
 30
0.0
  0
SPLINE
  5
4f1
100
AcDbEntity
  8
0
 62
7
100
AcDbSpline
 70
8
 71
3
 72
8
 73
4
 74
0
 40
0
 40
0
 40
0
 40
0
 40
1
 40
1
 40
1
 40
1
 10
28.978667
 20
283.742951
 30
0.0
 10
28.978667
 20
283.801518
 30
0.0
 10
28.974072
 20
283.854630
 30
0.0
 10
28.964882
 20
283.902287
 30
0.0
  0
SPLINE
  5
4f2
100
AcDbEntity
  8
0
 62
7
100
AcDbSpline
 70
8
 71
3
 72
8
 73
4
 74
0
 40
0
 40
0
 40
0
 40
0
 40
1
 40
1
 40
1
 40
1
 10
28.964882
 20
283.902287
 30
0.0
 10
28.955692
 20
283.950518
 30
0.0
 10
28.939902
 20
283.991572
 30
0.0
 10
28.917511
 20
284.025449
 30
0.0
  0
SPLINE
  5
4f3
100
AcDbEntity
  8
0
 62
7
100
AcDbSpline
 70
8
 71
3
 72
8
 73
4
 74
0
 40
0
 40
0
 40
0
 40
0
 40
1
 40
1
 40
1
 40
1
 10
28.917511
 20
284.025449
 30
0.0
 10
28.895692
 20
284.059900
 30
0.0
 10
28.866409
 20
284.086312
 30
0.0
 10
28.829662
 20
284.104686
 30
0.0
  0
SPLINE
  5
4f4
100
AcDbEntity
  8
0
 62
7
100
AcDbSpline
 70
8
 71
3
 72
8
 73
4
 74
0
 40
0
 40
0
 40
0
 40
0
 40
1
 40
1
 40
1
 40
1
 10
28.829662
 20
284.104686
 30
0.0
 10
28.792913
 20
284.123634
 30
0.0
 10
28.746978
 20
284.133108
 30
0.0
 10
28.691856
 20
284.133108
 30
0.0
  0
SPLINE
  5
4f5
100
AcDbEntity
  8
0
 62
7
100
AcDbSpline
 70
8
 71
3
 72
8
 73
4
 74
0
 40
0
 40
0
 40
0
 40
0
 40
1
 40
1
 40
1
 40
1
 10
28.691856
 20
284.133108
 30
0.0
 10
28.636161
 20
284.133108
 30
0.0
 10
28.589653
 20
284.122486
 30
0.0
 10
28.552331
 20
284.101241
 30
0.0
  0
SPLINE
  5
4f6
100
AcDbEntity
  8
0
 62
7
100
AcDbSpline
 70
8
 71
3
 72
8
 73
4
 74
0
 40
0
 40
0
 40
0
 40
0
 40
1
 40
1
 40
1
 40
1
 10
28.552331
 20
284.101241
 30
0.0
 10
28.515009
 20
284.080571
 30
0.0
 10
28.484864
 20
284.052723
 30
0.0
 10
28.461896
 20
284.017698
 30
0.0
  0
SPLINE
  5
4f7
100
AcDbEntity
  8
0
 62
7
100
AcDbSpline
 70
8
 71
3
 72
8
 73
4
 74
0
 40
0
 40
0
 40
0
 40
0
 40
1
 40
1
 40
1
 40
1
 10
28.461896
 20
284.017698
 30
0.0
 10
28.438929
 20
283.982672
 30
0.0
 10
28.422565
 20
283.941618
 30
0.0
 10
28.412805
 20
283.894535
 30
0.0
  0
SPLINE
  5
4f8
100
AcDbEntity
  8
0
 62
7
100
AcDbSpline
 70
8
 71
3
 72
8
 73
4
 74
0
 40
0
 40
0
 40
0
 40
0
 40
1
 40
1
 40
1
 40
1
 10
28.412805
 20
283.894535
 30
0.0
 10
28.403616
 20
283.848027
 30
0.0
 10
28.399021
 20
283.798647
 30
0.0
 10
28.399021
 20
283.746396
 30
0.0
  0
SPLINE
  5
4f9
100
AcDbEntity
  8
0
 62
7
100
AcDbSpline
 70
8
 71
3
 72
8
 73
4
 74
0
 40
0
 40
0
 40
0
 40
0
 40
1
 40
1
 40
1
 40
1
 10
28.399021
 20
283.746396
 30
0.0
 10
28.399021
 20
283.685533
 30
0.0
 10
28.403616
 20
283.630698
 30
0.0
 10
28.412805
 20
283.581893
 30
0.0
  0
SPLINE
  5
4fa
100
AcDbEntity
  8
0
 62
7
100
AcDbSpline
 70
8
 71
3
 72
8
 73
4
 74
0
 40
0
 40
0
 40
0
 40
0
 40
1
 40
1
 40
1
 40
1
 10
28.412805
 20
283.581893
 30
0.0
 10
28.421995
 20
283.533662
 30
0.0
 10
28.437498
 20
283.492320
 30
0.0
 10
28.459314
 20
283.457870
 30
0.0
  0
SPLINE
  5
4fb
100
AcDbEntity
  8
0
 62
7
100
AcDbSpline
 70
8
 71
3
 72
8
 73
4
 74
0
 40
0
 40
0
 40
0
 40
0
 40
1
 40
1
 40
1
 40
1
 10
28.459314
 20
283.457870
 30
0.0
 10
28.481133
 20
283.423418
 30
0.0
 10
28.510416
 20
283.397006
 30
0.0
 10
28.547163
 20
283.378632
 30
0.0
  0
SPLINE
  5
4fc
100
AcDbEntity
  8
0
 62
7
100
AcDbSpline
 70
8
 71
3
 72
8
 73
4
 74
0
 40
0
 40
0
 40
0
 40
0
 40
1
 40
1
 40
1
 40
1
 10
28.547163
 20
283.378632
 30
0.0
 10
28.583911
 20
283.360833
 30
0.0
 10
28.630132
 20
283.351933
 30
0.0
 10
28.685829
 20
283.351933
 30
0.0
  0
SPLINE
  5
4fd
100
AcDbEntity
  8
0
 62
7
100
AcDbSpline
 70
8
 71
3
 72
8
 73
4
 74
0
 40
0
 40
0
 40
0
 40
0
 40
1
 40
1
 40
1
 40
1
 10
28.685829
 20
283.351933
 30
0.0
 10
28.741524
 20
283.351933
 30
0.0
 10
28.788032
 20
283.362268
 30
0.0
 10
28.825354
 20
283.382938
 30
0.0
  0
SPLINE
  5
4fe
100
AcDbEntity
  8
0
 62
7
100
AcDbSpline
 70
8
 71
3
 72
8
 73
4
 74
0
 40
0
 40
0
 40
0
 40
0
 40
1
 40
1
 40
1
 40
1
 10
28.825354
 20
283.382938
 30
0.0
 10
28.862676
 20
283.403609
 30
0.0
 10
28.892821
 20
283.431744
 30
0.0
 10
28.915789
 20
283.467343
 30
0.0
  0
SPLINE
  5
4ff
100
AcDbEntity
  8
0
 62
7
100
AcDbSpline
 70
8
 71
3
 72
8
 73
4
 74
0
 40
0
 40
0
 40
0
 40
0
 40
1
 40
1
 40
1
 40
1
 10
28.915789
 20
283.467343
 30
0.0
 10
28.938756
 20
283.502943
 30
0.0
 10
28.954833
 20
283.544284
 30
0.0
 10
28.964020
 20
283.591367
 30
0.0
  0
SPLINE
  5
500
100
AcDbEntity
  8
0
 62
7
100
AcDbSpline
 70
8
 71
3
 72
8
 73
4
 74
0
 40
0
 40
0
 40
0
 40
0
 40
1
 40
1
 40
1
 40
1
 10
28.964020
 20
283.591367
 30
0.0
 10
28.973774
 20
283.639024
 30
0.0
 10
28.978651
 20
283.689552
 30
0.0
 10
28.978651
 20
283.742951
 30
0.0
  0
LWPOLYLINE
  5
501
100
AcDbEntity
  8
0
 62
7
100
AcDbPolyline
 90
1
 70
1
 10
29.216379
 20
283.755008
 30
0.0
  0
SPLINE
  5
502
100
AcDbEntity
  8
0
 62
7
100
AcDbSpline
 70
8
 71
3
 72
8
 73
4
 74
0
 40
0
 40
0
 40
0
 40
0
 40
1
 40
1
 40
1
 40
1
 10
30.558242
 20
283.242550
 30
0.0
 10
30.554803
 20
283.228769
 30
0.0
 10
30.549926
 20
283.217572
 30
0.0
 10
30.543611
 20
283.208960
 30
0.0
  0
SPLINE
  5
503
100
AcDbEntity
  8
0
 62
7
100
AcDbSpline
 70
8
 71
3
 72
8
 73
4
 74
0
 40
0
 40
0
 40
0
 40
0
 40
1
 40
1
 40
1
 40
1
 10
30.543611
 20
283.208960
 30
0.0
 10
30.537861
 20
283.200922
 30
0.0
 10
30.528960
 20
283.194606
 30
0.0
 10
30.516909
 20
283.190011
 30
0.0
  0
SPLINE
  5
504
100
AcDbEntity
  8
0
 62
7
100
AcDbSpline
 70
8
 71
3
 72
8
 73
4
 74
0
 40
0
 40
0
 40
0
 40
0
 40
1
 40
1
 40
1
 40
1
 10
30.516909
 20
283.190011
 30
0.0
 10
30.504862
 20
283.185991
 30
0.0
 10
30.489359
 20
283.183407
 30
0.0
 10
30.470401
 20
283.182259
 30
0.0
  0
SPLINE
  5
505
100
AcDbEntity
  8
0
 62
7
100
AcDbSpline
 70
8
 71
3
 72
8
 73
4
 74
0
 40
0
 40
0
 40
0
 40
0
 40
1
 40
1
 40
1
 40
1
 10
30.470401
 20
283.182259
 30
0.0
 10
30.451453
 20
283.180530
 30
0.0
 10
30.427338
 20
283.179666
 30
0.0
 10
30.398056
 20
283.179666
 30
0.0
  0
SPLINE
  5
506
100
AcDbEntity
  8
0
 62
7
100
AcDbSpline
 70
8
 71
3
 72
8
 73
4
 74
0
 40
0
 40
0
 40
0
 40
0
 40
1
 40
1
 40
1
 40
1
 10
30.398056
 20
283.179666
 30
0.0
 10
30.365327
 20
283.179666
 30
0.0
 10
30.338914
 20
283.180530
 30
0.0
 10
30.318818
 20
283.182259
 30
0.0
  0
SPLINE
  5
507
100
AcDbEntity
  8
0
 62
7
100
AcDbSpline
 70
8
 71
3
 72
8
 73
4
 74
0
 40
0
 40
0
 40
0
 40
0
 40
1
 40
1
 40
1
 40
1
 10
30.318818
 20
283.182259
 30
0.0
 10
30.299296
 20
283.183405
 30
0.0
 10
30.283792
 20
283.185989
 30
0.0
 10
30.272307
 20
283.190011
 30
0.0
  0
SPLINE
  5
508
100
AcDbEntity
  8
0
 62
7
100
AcDbSpline
 70
8
 71
3
 72
8
 73
4
 74
0
 40
0
 40
0
 40
0
 40
0
 40
1
 40
1
 40
1
 40
1
 10
30.272307
 20
283.190011
 30
0.0
 10
30.260824
 20
283.194604
 30
0.0
 10
30.252499
 20
283.200921
 30
0.0
 10
30.247331
 20
283.208960
 30
0.0
  0
SPLINE
  5
509
100
AcDbEntity
  8
0
 62
7
100
AcDbSpline
 70
8
 71
3
 72
8
 73
4
 74
0
 40
0
 40
0
 40
0
 40
0
 40
1
 40
1
 40
1
 40
1
 10
30.247331
 20
283.208960
 30
0.0
 10
30.242162
 20
283.217574
 30
0.0
 10
30.238141
 20
283.228770
 30
0.0
 10
30.235266
 20
283.242550
 30
0.0
  0
LWPOLYLINE
  5
50a
100
AcDbEntity
  8
0
 62
7
100
AcDbPolyline
 90
1
 70
1
 10
28.978651
 20
283.742951
 30
0.0
  0
SPLINE
  5
50b
100
AcDbEntity
  8
0
 62
7
100
AcDbSpline
 70
8
 71
3
 72
8
 73
4
 74
0
 40
0
 40
0
 40
0
 40
0
 40
1
 40
1
 40
1
 40
1
 10
29.886320
 20
283.242550
 30
0.0
 10
29.883445
 20
283.229344
 30
0.0
 10
29.879423
 20
283.218434
 30
0.0
 10
29.874255
 20
283.209822
 30
0.0
  0
SPLINE
  5
50c
100
AcDbEntity
  8
0
 62
7
100
AcDbSpline
 70
8
 71
3
 72
8
 73
4
 74
0
 40
0
 40
0
 40
0
 40
0
 40
1
 40
1
 40
1
 40
1
 10
29.874255
 20
283.209822
 30
0.0
 10
29.869087
 20
283.201784
 30
0.0
 10
29.860761
 20
283.195468
 30
0.0
 10
29.849278
 20
283.190875
 30
0.0
  0
SPLINE
  5
50d
100
AcDbEntity
  8
0
 62
7
100
AcDbSpline
 70
8
 71
3
 72
8
 73
4
 74
0
 40
0
 40
0
 40
0
 40
0
 40
1
 40
1
 40
1
 40
1
 10
29.849278
 20
283.190875
 30
0.0
 10
29.838360
 20
283.186282
 30
0.0
 10
29.823144
 20
283.183411
 30
0.0
 10
29.803630
 20
283.182263
 30
0.0
  0
SPLINE
  5
50e
100
AcDbEntity
  8
0
 62
7
100
AcDbSpline
 70
8
 71
3
 72
8
 73
4
 74
0
 40
0
 40
0
 40
0
 40
0
 40
1
 40
1
 40
1
 40
1
 10
29.803630
 20
283.182263
 30
0.0
 10
29.784682
 20
283.180534
 30
0.0
 10
29.759418
 20
283.179670
 30
0.0
 10
29.727837
 20
283.179670
 30
0.0
  0
SPLINE
  5
50f
100
AcDbEntity
  8
0
 62
7
100
AcDbSpline
 70
8
 71
3
 72
8
 73
4
 74
0
 40
0
 40
0
 40
0
 40
0
 40
1
 40
1
 40
1
 40
1
 10
29.727837
 20
283.179670
 30
0.0
 10
29.694535
 20
283.179670
 30
0.0
 10
29.667836
 20
283.180534
 30
0.0
 10
29.647740
 20
283.182263
 30
0.0
  0
SPLINE
  5
510
100
AcDbEntity
  8
0
 62
7
100
AcDbSpline
 70
8
 71
3
 72
8
 73
4
 74
0
 40
0
 40
0
 40
0
 40
0
 40
1
 40
1
 40
1
 40
1
 10
29.647740
 20
283.182263
 30
0.0
 10
29.628217
 20
283.183409
 30
0.0
 10
29.612714
 20
283.185993
 30
0.0
 10
29.601231
 20
283.190015
 30
0.0
  0
SPLINE
  5
511
100
AcDbEntity
  8
0
 62
7
100
AcDbSpline
 70
8
 71
3
 72
8
 73
4
 74
0
 40
0
 40
0
 40
0
 40
0
 40
1
 40
1
 40
1
 40
1
 10
29.601231
 20
283.190015
 30
0.0
 10
29.589749
 20
283.194608
 30
0.0
 10
29.581423
 20
283.200925
 30
0.0
 10
29.576255
 20
283.208964
 30
0.0
  0
SPLINE
  5
512
100
AcDbEntity
  8
0
 62
7
100
AcDbSpline
 70
8
 71
3
 72
8
 73
4
 74
0
 40
0
 40
0
 40
0
 40
0
 40
1
 40
1
 40
1
 40
1
 10
29.576255
 20
283.208964
 30
0.0
 10
29.571087
 20
283.217577
 30
0.0
 10
29.566783
 20
283.228774
 30
0.0
 10
29.563343
 20
283.242554
 30
0.0
  0
LWPOLYLINE
  5
513
100
AcDbEntity
  8
0
 62
7
100
AcDbPolyline
 90
4
 70
0
 10
30.235266
 20
283.242550
 30
0.0
 10
30.056981
 20
283.948795
 30
0.0
 10
30.055129
 20
283.948795
 30
0.0
 10
29.886320
 20
283.242550
 30
0.0
  0
SPLINE
  5
514
100
AcDbEntity
  8
0
 62
7
100
AcDbSpline
 70
8
 71
3
 72
8
 73
4
 74
0
 40
0
 40
0
 40
0
 40
0
 40
1
 40
1
 40
1
 40
1
 10
29.310129
 20
284.214932
 30
0.0
 10
29.304961
 20
284.235603
 30
0.0
 10
29.302086
 20
284.251680
 30
0.0
 10
29.301504
 20
284.263164
 30
0.0
  0
SPLINE
  5
515
100
AcDbEntity
  8
0
 62
7
100
AcDbSpline
 70
8
 71
3
 72
8
 73
4
 74
0
 40
0
 40
0
 40
0
 40
0
 40
1
 40
1
 40
1
 40
1
 10
29.301504
 20
284.263164
 30
0.0
 10
29.300974
 20
284.275222
 30
0.0
 10
29.304132
 20
284.284409
 30
0.0
 10
29.310976
 20
284.290725
 30
0.0
  0
SPLINE
  5
516
100
AcDbEntity
  8
0
 62
7
100
AcDbSpline
 70
8
 71
3
 72
8
 73
4
 74
0
 40
0
 40
0
 40
0
 40
0
 40
1
 40
1
 40
1
 40
1
 10
29.310976
 20
284.290725
 30
0.0
 10
29.318437
 20
284.297041
 30
0.0
 10
29.330207
 20
284.300774
 30
0.0
 10
29.346287
 20
284.301922
 30
0.0
  0
SPLINE
  5
517
100
AcDbEntity
  8
0
 62
7
100
AcDbSpline
 70
8
 71
3
 72
8
 73
4
 74
0
 40
0
 40
0
 40
0
 40
0
 40
1
 40
1
 40
1
 40
1
 10
29.346287
 20
284.301922
 30
0.0
 10
29.362938
 20
284.303650
 30
0.0
 10
29.385906
 20
284.304515
 30
0.0
 10
29.415190
 20
284.304515
 30
0.0
  0
SPLINE
  5
518
100
AcDbEntity
  8
0
 62
7
100
AcDbSpline
 70
8
 71
3
 72
8
 73
4
 74
0
 40
0
 40
0
 40
0
 40
0
 40
1
 40
1
 40
1
 40
1
 10
29.415190
 20
284.304515
 30
0.0
 10
29.442177
 20
284.304515
 30
0.0
 10
29.463422
 20
284.303942
 30
0.0
 10
29.478925
 20
284.302795
 30
0.0
  0
SPLINE
  5
519
100
AcDbEntity
  8
0
 62
7
100
AcDbSpline
 70
8
 71
3
 72
8
 73
4
 74
0
 40
0
 40
0
 40
0
 40
0
 40
1
 40
1
 40
1
 40
1
 10
29.478925
 20
284.302795
 30
0.0
 10
29.494994
 20
284.302213
 30
0.0
 10
29.507052
 20
284.300203
 30
0.0
 10
29.515099
 20
284.296765
 30
0.0
  0
SPLINE
  5
51a
100
AcDbEntity
  8
0
 62
7
100
AcDbSpline
 70
8
 71
3
 72
8
 73
4
 74
0
 40
0
 40
0
 40
0
 40
0
 40
1
 40
1
 40
1
 40
1
 10
29.515099
 20
284.296765
 30
0.0
 10
29.523142
 20
284.293894
 30
0.0
 10
29.528593
 20
284.289300
 30
0.0
 10
29.531450
 20
284.282986
 30
0.0
  0
SPLINE
  5
51b
100
AcDbEntity
  8
0
 62
7
100
AcDbSpline
 70
8
 71
3
 72
8
 73
4
 74
0
 40
0
 40
0
 40
0
 40
0
 40
1
 40
1
 40
1
 40
1
 10
29.531450
 20
284.282986
 30
0.0
 10
29.534325
 20
284.277244
 30
0.0
 10
29.536618
 20
284.268919
 30
0.0
 10
29.538329
 20
284.258009
 30
0.0
  0
LWPOLYLINE
  5
51c
100
AcDbEntity
  8
0
 62
7
100
AcDbPolyline
 90
2
 70
0
 10
29.563343
 20
283.242554
 30
0.0
 10
29.310129
 20
284.214932
 30
0.0
  0
SPLINE
  5
51d
100
AcDbEntity
  8
0
 62
7
100
AcDbSpline
 70
8
 71
3
 72
8
 73
4
 74
0
 40
0
 40
0
 40
0
 40
0
 40
1
 40
1
 40
1
 40
1
 10
29.937892
 20
284.251980
 30
0.0
 10
29.940186
 20
284.262890
 30
0.0
 10
29.943061
 20
284.271789
 30
0.0
 10
29.946518
 20
284.278680
 30
0.0
  0
SPLINE
  5
51e
100
AcDbEntity
  8
0
 62
7
100
AcDbSpline
 70
8
 71
3
 72
8
 73
4
 74
0
 40
0
 40
0
 40
0
 40
0
 40
1
 40
1
 40
1
 40
1
 10
29.946518
 20
284.278680
 30
0.0
 10
29.950540
 20
284.285569
 30
0.0
 10
29.956854
 20
284.290737
 30
0.0
 10
29.965462
 20
284.294181
 30
0.0
  0
SPLINE
  5
51f
100
AcDbEntity
  8
0
 62
7
100
AcDbSpline
 70
8
 71
3
 72
8
 73
4
 74
0
 40
0
 40
0
 40
0
 40
0
 40
1
 40
1
 40
1
 40
1
 10
29.965462
 20
284.294181
 30
0.0
 10
29.974652
 20
284.298201
 30
0.0
 10
29.986997
 20
284.300785
 30
0.0
 10
30.002496
 20
284.301934
 30
0.0
  0
SPLINE
  5
520
100
AcDbEntity
  8
0
 62
7
100
AcDbSpline
 70
8
 71
3
 72
8
 73
4
 74
0
 40
0
 40
0
 40
0
 40
0
 40
1
 40
1
 40
1
 40
1
 10
30.002496
 20
284.301934
 30
0.0
 10
30.018000
 20
284.303662
 30
0.0
 10
30.038671
 20
284.304527
 30
0.0
 10
30.064509
 20
284.304527
 30
0.0
  0
SPLINE
  5
521
100
AcDbEntity
  8
0
 62
7
100
AcDbSpline
 70
8
 71
3
 72
8
 73
4
 74
0
 40
0
 40
0
 40
0
 40
0
 40
1
 40
1
 40
1
 40
1
 10
30.064509
 20
284.304527
 30
0.0
 10
30.092070
 20
284.304527
 30
0.0
 10
30.113889
 20
284.303953
 30
0.0
 10
30.129967
 20
284.302807
 30
0.0
  0
SPLINE
  5
522
100
AcDbEntity
  8
0
 62
7
100
AcDbSpline
 70
8
 71
3
 72
8
 73
4
 74
0
 40
0
 40
0
 40
0
 40
0
 40
1
 40
1
 40
1
 40
1
 10
30.129967
 20
284.302807
 30
0.0
 10
30.146618
 20
284.301660
 30
0.0
 10
30.159249
 20
284.299076
 30
0.0
 10
30.167860
 20
284.295055
 30
0.0
  0
SPLINE
  5
523
100
AcDbEntity
  8
0
 62
7
100
AcDbSpline
 70
8
 71
3
 72
8
 73
4
 74
0
 40
0
 40
0
 40
0
 40
0
 40
1
 40
1
 40
1
 40
1
 10
30.167860
 20
284.295055
 30
0.0
 10
30.177050
 20
284.291610
 30
0.0
 10
30.183656
 20
284.286442
 30
0.0
 10
30.187678
 20
284.279553
 30
0.0
  0
SPLINE
  5
524
100
AcDbEntity
  8
0
 62
7
100
AcDbSpline
 70
8
 71
3
 72
8
 73
4
 74
0
 40
0
 40
0
 40
0
 40
0
 40
1
 40
1
 40
1
 40
1
 10
30.187678
 20
284.279553
 30
0.0
 10
30.191699
 20
284.272663
 30
0.0
 10
30.194857
 20
284.263476
 30
0.0
 10
30.197150
 20
284.251992
 30
0.0
  0
LWPOLYLINE
  5
525
100
AcDbEntity
  8
0
 62
7
100
AcDbPolyline
 90
4
 70
0
 10
29.538329
 20
284.258009
 30
0.0
 10
29.733838
 20
283.404486
 30
0.0
 10
29.734632
 20
283.404486
 30
0.0
 10
29.937892
 20
284.251980
 30
0.0
  0
SPLINE
  5
526
100
AcDbEntity
  8
0
 62
7
100
AcDbSpline
 70
8
 71
3
 72
8
 73
4
 74
0
 40
0
 40
0
 40
0
 40
0
 40
1
 40
1
 40
1
 40
1
 10
30.604663
 20
284.255437
 30
0.0
 10
30.606427
 20
284.264623
 30
0.0
 10
30.608720
 20
284.272375
 30
0.0
 10
30.611543
 20
284.278691
 30
0.0
  0
SPLINE
  5
527
100
AcDbEntity
  8
0
 62
7
100
AcDbSpline
 70
8
 71
3
 72
8
 73
4
 74
0
 40
0
 40
0
 40
0
 40
0
 40
1
 40
1
 40
1
 40
1
 10
30.611543
 20
284.278691
 30
0.0
 10
30.614418
 20
284.285581
 30
0.0
 10
30.619868
 20
284.290748
 30
0.0
 10
30.627894
 20
284.294193
 30
0.0
  0
SPLINE
  5
528
100
AcDbEntity
  8
0
 62
7
100
AcDbSpline
 70
8
 71
3
 72
8
 73
4
 74
0
 40
0
 40
0
 40
0
 40
0
 40
1
 40
1
 40
1
 40
1
 10
30.627894
 20
284.294193
 30
0.0
 10
30.635937
 20
284.298213
 30
0.0
 10
30.647421
 20
284.300797
 30
0.0
 10
30.662345
 20
284.301945
 30
0.0
  0
SPLINE
  5
529
100
AcDbEntity
  8
0
 62
7
100
AcDbSpline
 70
8
 71
3
 72
8
 73
4
 74
0
 40
0
 40
0
 40
0
 40
0
 40
1
 40
1
 40
1
 40
1
 10
30.662345
 20
284.301945
 30
0.0
 10
30.677268
 20
284.303674
 30
0.0
 10
30.698225
 20
284.304538
 30
0.0
 10
30.725218
 20
284.304538
 30
0.0
  0
SPLINE
  5
52a
100
AcDbEntity
  8
0
 62
7
100
AcDbSpline
 70
8
 71
3
 72
8
 73
4
 74
0
 40
0
 40
0
 40
0
 40
0
 40
1
 40
1
 40
1
 40
1
 10
30.725218
 20
284.304538
 30
0.0
 10
30.750481
 20
284.304538
 30
0.0
 10
30.770002
 20
284.303674
 30
0.0
 10
30.783784
 20
284.301945
 30
0.0
  0
SPLINE
  5
52b
100
AcDbEntity
  8
0
 62
7
100
AcDbSpline
 70
8
 71
3
 72
8
 73
4
 74
0
 40
0
 40
0
 40
0
 40
0
 40
1
 40
1
 40
1
 40
1
 10
30.783784
 20
284.301945
 30
0.0
 10
30.798142
 20
284.300799
 30
0.0
 10
30.808477
 20
284.297067
 30
0.0
 10
30.814790
 20
284.290748
 30
0.0
  0
SPLINE
  5
52c
100
AcDbEntity
  8
0
 62
7
100
AcDbSpline
 70
8
 71
3
 72
8
 73
4
 74
0
 40
0
 40
0
 40
0
 40
0
 40
1
 40
1
 40
1
 40
1
 10
30.814790
 20
284.290748
 30
0.0
 10
30.821105
 20
284.284432
 30
0.0
 10
30.823689
 20
284.274958
 30
0.0
 10
30.822543
 20
284.262326
 30
0.0
  0
SPLINE
  5
52d
100
AcDbEntity
  8
0
 62
7
100
AcDbSpline
 70
8
 71
3
 72
8
 73
4
 74
0
 40
0
 40
0
 40
0
 40
0
 40
1
 40
1
 40
1
 40
1
 10
30.822543
 20
284.262326
 30
0.0
 10
30.822013
 20
284.250268
 30
0.0
 10
30.819138
 20
284.233617
 30
0.0
 10
30.813917
 20
284.212372
 30
0.0
  0
LWPOLYLINE
  5
52e
100
AcDbEntity
  8
0
 62
7
100
AcDbPolyline
 90
4
 70
0
 10
30.197150
 20
284.251992
 30
0.0
 10
30.407300
 20
283.404498
 30
0.0
 10
30.409152
 20
283.404498
 30
0.0
 10
30.604663
 20
284.255437
 30
0.0
  0
SPLINE
  5
52f
100
AcDbEntity
  8
0
 62
7
100
AcDbSpline
 70
8
 71
3
 72
8
 73
4
 74
0
 40
0
 40
0
 40
0
 40
0
 40
1
 40
1
 40
1
 40
1
 10
31.635697
 20
283.519019
 30
0.0
 10
31.635697
 20
283.460452
 30
0.0
 10
31.624787
 20
283.409063
 30
0.0
 10
31.602968
 20
283.364851
 30
0.0
  0
SPLINE
  5
530
100
AcDbEntity
  8
0
 62
7
100
AcDbSpline
 70
8
 71
3
 72
8
 73
4
 74
0
 40
0
 40
0
 40
0
 40
0
 40
1
 40
1
 40
1
 40
1
 10
31.602968
 20
283.364851
 30
0.0
 10
31.581150
 20
283.320639
 30
0.0
 10
31.551581
 20
283.283604
 30
0.0
 10
31.514258
 20
283.253747
 30
0.0
  0
SPLINE
  5
531
100
AcDbEntity
  8
0
 62
7
100
AcDbSpline
 70
8
 71
3
 72
8
 73
4
 74
0
 40
0
 40
0
 40
0
 40
0
 40
1
 40
1
 40
1
 40
1
 10
31.514258
 20
283.253747
 30
0.0
 10
31.476936
 20
283.224463
 30
0.0
 10
31.433299
 20
283.202357
 30
0.0
 10
31.383345
 20
283.187429
 30
0.0
  0
SPLINE
  5
532
100
AcDbEntity
  8
0
 62
7
100
AcDbSpline
 70
8
 71
3
 72
8
 73
4
 74
0
 40
0
 40
0
 40
0
 40
0
 40
1
 40
1
 40
1
 40
1
 10
31.383345
 20
283.187429
 30
0.0
 10
31.333390
 20
283.172499
 30
0.0
 10
31.279991
 20
283.165034
 30
0.0
 10
31.223148
 20
283.165034
 30
0.0
  0
SPLINE
  5
533
100
AcDbEntity
  8
0
 62
7
100
AcDbSpline
 70
8
 71
3
 72
8
 73
4
 74
0
 40
0
 40
0
 40
0
 40
0
 40
1
 40
1
 40
1
 40
1
 10
31.223148
 20
283.165034
 30
0.0
 10
31.184678
 20
283.165034
 30
0.0
 10
31.148791
 20
283.168193
 30
0.0
 10
31.115489
 20
283.174509
 30
0.0
  0
SPLINE
  5
534
100
AcDbEntity
  8
0
 62
7
100
AcDbSpline
 70
8
 71
3
 72
8
 73
4
 74
0
 40
0
 40
0
 40
0
 40
0
 40
1
 40
1
 40
1
 40
1
 10
31.115489
 20
283.174509
 30
0.0
 10
31.082760
 20
283.180826
 30
0.0
 10
31.053764
 20
283.188290
 30
0.0
 10
31.028499
 20
283.196903
 30
0.0
  0
SPLINE
  5
535
100
AcDbEntity
  8
0
 62
7
100
AcDbSpline
 70
8
 71
3
 72
8
 73
4
 74
0
 40
0
 40
0
 40
0
 40
0
 40
1
 40
1
 40
1
 40
1
 10
31.028499
 20
283.196903
 30
0.0
 10
31.003235
 20
283.206090
 30
0.0
 10
30.981990
 20
283.215564
 30
0.0
 10
30.964764
 20
283.225325
 30
0.0
  0
SPLINE
  5
536
100
AcDbEntity
  8
0
 62
7
100
AcDbSpline
 70
8
 71
3
 72
8
 73
4
 74
0
 40
0
 40
0
 40
0
 40
0
 40
1
 40
1
 40
1
 40
1
 10
30.964764
 20
283.225325
 30
0.0
 10
30.948113
 20
283.235087
 30
0.0
 10
30.936055
 20
283.243700
 30
0.0
 10
30.928590
 20
283.251165
 30
0.0
  0
SPLINE
  5
537
100
AcDbEntity
  8
0
 62
7
100
AcDbSpline
 70
8
 71
3
 72
8
 73
4
 74
0
 40
0
 40
0
 40
0
 40
0
 40
1
 40
1
 40
1
 40
1
 10
30.928590
 20
283.251165
 30
0.0
 10
30.921129
 20
283.258629
 30
0.0
 10
30.915678
 20
283.269252
 30
0.0
 10
30.912239
 20
283.283032
 30
0.0
  0
SPLINE
  5
538
100
AcDbEntity
  8
0
 62
7
100
AcDbSpline
 70
8
 71
3
 72
8
 73
4
 74
0
 40
0
 40
0
 40
0
 40
0
 40
1
 40
1
 40
1
 40
1
 10
30.912239
 20
283.283032
 30
0.0
 10
30.909364
 20
283.297386
 30
0.0
 10
30.907926
 20
283.317770
 30
0.0
 10
30.907926
 20
283.344182
 30
0.0
  0
SPLINE
  5
539
100
AcDbEntity
  8
0
 62
7
100
AcDbSpline
 70
8
 71
3
 72
8
 73
4
 74
0
 40
0
 40
0
 40
0
 40
0
 40
1
 40
1
 40
1
 40
1
 10
30.907926
 20
283.344182
 30
0.0
 10
30.907926
 20
283.361982
 30
0.0
 10
30.908544
 20
283.376911
 30
0.0
 10
30.909778
 20
283.388969
 30
0.0
  0
SPLINE
  5
53a
100
AcDbEntity
  8
0
 62
7
100
AcDbSpline
 70
8
 71
3
 72
8
 73
4
 74
0
 40
0
 40
0
 40
0
 40
0
 40
1
 40
1
 40
1
 40
1
 10
30.909778
 20
283.388969
 30
0.0
 10
30.911013
 20
283.401027
 30
0.0
 10
30.912733
 20
283.410788
 30
0.0
 10
30.914938
 20
283.418252
 30
0.0
  0
SPLINE
  5
53b
100
AcDbEntity
  8
0
 62
7
100
AcDbSpline
 70
8
 71
3
 72
8
 73
4
 74
0
 40
0
 40
0
 40
0
 40
0
 40
1
 40
1
 40
1
 40
1
 10
30.914938
 20
283.418252
 30
0.0
 10
30.917813
 20
283.425717
 30
0.0
 10
30.921261
 20
283.430884
 30
0.0
 10
30.925283
 20
283.433754
 30
0.0
  0
SPLINE
  5
53c
100
AcDbEntity
  8
0
 62
7
100
AcDbSpline
 70
8
 71
3
 72
8
 73
4
 74
0
 40
0
 40
0
 40
0
 40
0
 40
1
 40
1
 40
1
 40
1
 10
30.925283
 20
283.433754
 30
0.0
 10
30.929869
 20
283.437199
 30
0.0
 10
30.935037
 20
283.438921
 30
0.0
 10
30.940787
 20
283.438921
 30
0.0
  0
SPLINE
  5
53d
100
AcDbEntity
  8
0
 62
7
100
AcDbSpline
 70
8
 71
3
 72
8
 73
4
 74
0
 40
0
 40
0
 40
0
 40
0
 40
1
 40
1
 40
1
 40
1
 10
30.940787
 20
283.438921
 30
0.0
 10
30.948831
 20
283.438921
 30
0.0
 10
30.960027
 20
283.434040
 30
0.0
 10
30.974376
 20
283.424279
 30
0.0
  0
SPLINE
  5
53e
100
AcDbEntity
  8
0
 62
7
100
AcDbSpline
 70
8
 71
3
 72
8
 73
4
 74
0
 40
0
 40
0
 40
0
 40
0
 40
1
 40
1
 40
1
 40
1
 10
30.974376
 20
283.424279
 30
0.0
 10
30.989299
 20
283.415093
 30
0.0
 10
31.008246
 20
283.404758
 30
0.0
 10
31.031219
 20
283.393273
 30
0.0
  0
SPLINE
  5
53f
100
AcDbEntity
  8
0
 62
7
100
AcDbSpline
 70
8
 71
3
 72
8
 73
4
 74
0
 40
0
 40
0
 40
0
 40
0
 40
1
 40
1
 40
1
 40
1
 10
31.031219
 20
283.393273
 30
0.0
 10
31.054187
 20
283.381790
 30
0.0
 10
31.081461
 20
283.371168
 30
0.0
 10
31.113042
 20
283.361406
 30
0.0
  0
SPLINE
  5
540
100
AcDbEntity
  8
0
 62
7
100
AcDbSpline
 70
8
 71
3
 72
8
 73
4
 74
0
 40
0
 40
0
 40
0
 40
0
 40
1
 40
1
 40
1
 40
1
 10
31.113042
 20
283.361406
 30
0.0
 10
31.145196
 20
283.352220
 30
0.0
 10
31.182230
 20
283.347627
 30
0.0
 10
31.224146
 20
283.347627
 30
0.0
  0
SPLINE
  5
541
100
AcDbEntity
  8
0
 62
7
100
AcDbSpline
 70
8
 71
3
 72
8
 73
4
 74
0
 40
0
 40
0
 40
0
 40
0
 40
1
 40
1
 40
1
 40
1
 10
31.224146
 20
283.347627
 30
0.0
 10
31.251706
 20
283.347627
 30
0.0
 10
31.276396
 20
283.350785
 30
0.0
 10
31.298216
 20
283.357101
 30
0.0
  0
SPLINE
  5
542
100
AcDbEntity
  8
0
 62
7
100
AcDbSpline
 70
8
 71
3
 72
8
 73
4
 74
0
 40
0
 40
0
 40
0
 40
0
 40
1
 40
1
 40
1
 40
1
 10
31.298216
 20
283.357101
 30
0.0
 10
31.320035
 20
283.363991
 30
0.0
 10
31.338408
 20
283.373465
 30
0.0
 10
31.353336
 20
283.385523
 30
0.0
  0
SPLINE
  5
543
100
AcDbEntity
  8
0
 62
7
100
AcDbSpline
 70
8
 71
3
 72
8
 73
4
 74
0
 40
0
 40
0
 40
0
 40
0
 40
1
 40
1
 40
1
 40
1
 10
31.353336
 20
283.385523
 30
0.0
 10
31.368841
 20
283.397581
 30
0.0
 10
31.380612
 20
283.412510
 30
0.0
 10
31.388650
 20
283.430310
 30
0.0
  0
SPLINE
  5
544
100
AcDbEntity
  8
0
 62
7
100
AcDbSpline
 70
8
 71
3
 72
8
 73
4
 74
0
 40
0
 40
0
 40
0
 40
0
 40
1
 40
1
 40
1
 40
1
 10
31.388650
 20
283.430310
 30
0.0
 10
31.396693
 20
283.448109
 30
0.0
 10
31.400715
 20
283.467919
 30
0.0
 10
31.400715
 20
283.489738
 30
0.0
  0
SPLINE
  5
545
100
AcDbEntity
  8
0
 62
7
100
AcDbSpline
 70
8
 71
3
 72
8
 73
4
 74
0
 40
0
 40
0
 40
0
 40
0
 40
1
 40
1
 40
1
 40
1
 10
31.400715
 20
283.489738
 30
0.0
 10
31.400715
 20
283.515002
 30
0.0
 10
31.393827
 20
283.536534
 30
0.0
 10
31.380051
 20
283.554333
 30
0.0
  0
SPLINE
  5
546
100
AcDbEntity
  8
0
 62
7
100
AcDbSpline
 70
8
 71
3
 72
8
 73
4
 74
0
 40
0
 40
0
 40
0
 40
0
 40
1
 40
1
 40
1
 40
1
 10
31.380051
 20
283.554333
 30
0.0
 10
31.366275
 20
283.572707
 30
0.0
 10
31.348189
 20
283.588784
 30
0.0
 10
31.325793
 20
283.602565
 30
0.0
  0
SPLINE
  5
547
100
AcDbEntity
  8
0
 62
7
100
AcDbSpline
 70
8
 71
3
 72
8
 73
4
 74
0
 40
0
 40
0
 40
0
 40
0
 40
1
 40
1
 40
1
 40
1
 10
31.325793
 20
283.602565
 30
0.0
 10
31.303974
 20
283.616919
 30
0.0
 10
31.278996
 20
283.630125
 30
0.0
 10
31.250860
 20
283.642183
 30
0.0
  0
SPLINE
  5
548
100
AcDbEntity
  8
0
 62
7
100
AcDbSpline
 70
8
 71
3
 72
8
 73
4
 74
0
 40
0
 40
0
 40
0
 40
0
 40
1
 40
1
 40
1
 40
1
 10
31.250860
 20
283.642183
 30
0.0
 10
31.222726
 20
283.654816
 30
0.0
 10
31.193731
 20
283.668022
 30
0.0
 10
31.163873
 20
283.681802
 30
0.0
  0
SPLINE
  5
549
100
AcDbEntity
  8
0
 62
7
100
AcDbSpline
 70
8
 71
3
 72
8
 73
4
 74
0
 40
0
 40
0
 40
0
 40
0
 40
1
 40
1
 40
1
 40
1
 10
31.163873
 20
283.681802
 30
0.0
 10
31.134016
 20
283.695583
 30
0.0
 10
31.105020
 20
283.711086
 30
0.0
 10
31.076884
 20
283.728310
 30
0.0
  0
SPLINE
  5
54a
100
AcDbEntity
  8
0
 62
7
100
AcDbSpline
 70
8
 71
3
 72
8
 73
4
 74
0
 40
0
 40
0
 40
0
 40
0
 40
1
 40
1
 40
1
 40
1
 10
31.076884
 20
283.728310
 30
0.0
 10
31.048750
 20
283.746110
 30
0.0
 10
31.023486
 20
283.767068
 30
0.0
 10
31.001091
 20
283.791184
 30
0.0
  0
SPLINE
  5
54b
100
AcDbEntity
  8
0
 62
7
100
AcDbSpline
 70
8
 71
3
 72
8
 73
4
 74
0
 40
0
 40
0
 40
0
 40
0
 40
1
 40
1
 40
1
 40
1
 10
31.001091
 20
283.791184
 30
0.0
 10
30.979272
 20
283.815873
 30
0.0
 10
30.961473
 20
283.844870
 30
0.0
 10
30.947693
 20
283.878172
 30
0.0
  0
SPLINE
  5
54c
100
AcDbEntity
  8
0
 62
7
100
AcDbSpline
 70
8
 71
3
 72
8
 73
4
 74
0
 40
0
 40
0
 40
0
 40
0
 40
1
 40
1
 40
1
 40
1
 10
30.947693
 20
283.878172
 30
0.0
 10
30.933917
 20
283.911475
 30
0.0
 10
30.927029
 20
283.951380
 30
0.0
 10
30.927029
 20
283.997889
 30
0.0
  0
SPLINE
  5
54d
100
AcDbEntity
  8
0
 62
7
100
AcDbSpline
 70
8
 71
3
 72
8
 73
4
 74
0
 40
0
 40
0
 40
0
 40
0
 40
1
 40
1
 40
1
 40
1
 10
30.927029
 20
283.997889
 30
0.0
 10
30.927029
 20
284.051288
 30
0.0
 10
30.936790
 20
284.098084
 30
0.0
 10
30.956313
 20
284.138277
 30
0.0
  0
SPLINE
  5
54e
100
AcDbEntity
  8
0
 62
7
100
AcDbSpline
 70
8
 71
3
 72
8
 73
4
 74
0
 40
0
 40
0
 40
0
 40
0
 40
1
 40
1
 40
1
 40
1
 10
30.956313
 20
284.138277
 30
0.0
 10
30.976409
 20
284.179044
 30
0.0
 10
31.003109
 20
284.212634
 30
0.0
 10
31.036413
 20
284.239046
 30
0.0
  0
SPLINE
  5
54f
100
AcDbEntity
  8
0
 62
7
100
AcDbSpline
 70
8
 71
3
 72
8
 73
4
 74
0
 40
0
 40
0
 40
0
 40
0
 40
1
 40
1
 40
1
 40
1
 10
31.036413
 20
284.239046
 30
0.0
 10
31.070289
 20
284.266033
 30
0.0
 10
31.109906
 20
284.286129
 30
0.0
 10
31.155267
 20
284.299335
 30
0.0
  0
SPLINE
  5
550
100
AcDbEntity
  8
0
 62
7
100
AcDbSpline
 70
8
 71
3
 72
8
 73
4
 74
0
 40
0
 40
0
 40
0
 40
0
 40
1
 40
1
 40
1
 40
1
 10
31.155267
 20
284.299335
 30
0.0
 10
31.201202
 20
284.312542
 30
0.0
 10
31.249721
 20
284.319145
 30
0.0
 10
31.300824
 20
284.319145
 30
0.0
  0
SPLINE
  5
551
100
AcDbEntity
  8
0
 62
7
100
AcDbSpline
 70
8
 71
3
 72
8
 73
4
 74
0
 40
0
 40
0
 40
0
 40
0
 40
1
 40
1
 40
1
 40
1
 10
31.300824
 20
284.319145
 30
0.0
 10
31.327235
 20
284.319145
 30
0.0
 10
31.353647
 20
284.317135
 30
0.0
 10
31.380059
 20
284.313115
 30
0.0
  0
SPLINE
  5
552
100
AcDbEntity
  8
0
 62
7
100
AcDbSpline
 70
8
 71
3
 72
8
 73
4
 74
0
 40
0
 40
0
 40
0
 40
0
 40
1
 40
1
 40
1
 40
1
 10
31.380059
 20
284.313115
 30
0.0
 10
31.406472
 20
284.309095
 30
0.0
 10
31.431162
 20
284.303640
 30
0.0
 10
31.454129
 20
284.296750
 30
0.0
  0
SPLINE
  5
553
100
AcDbEntity
  8
0
 62
7
100
AcDbSpline
 70
8
 71
3
 72
8
 73
4
 74
0
 40
0
 40
0
 40
0
 40
0
 40
1
 40
1
 40
1
 40
1
 10
31.454129
 20
284.296750
 30
0.0
 10
31.477097
 20
284.289861
 30
0.0
 10
31.497480
 20
284.282109
 30
0.0
 10
31.515280
 20
284.273496
 30
0.0
  0
SPLINE
  5
554
100
AcDbEntity
  8
0
 62
7
100
AcDbSpline
 70
8
 71
3
 72
8
 73
4
 74
0
 40
0
 40
0
 40
0
 40
0
 40
1
 40
1
 40
1
 40
1
 10
31.515280
 20
284.273496
 30
0.0
 10
31.533079
 20
284.264883
 30
0.0
 10
31.544850
 20
284.257706
 30
0.0
 10
31.550594
 20
284.251964
 30
0.0
  0
SPLINE
  5
555
100
AcDbEntity
  8
0
 62
7
100
AcDbSpline
 70
8
 71
3
 72
8
 73
4
 74
0
 40
0
 40
0
 40
0
 40
0
 40
1
 40
1
 40
1
 40
1
 10
31.550594
 20
284.251964
 30
0.0
 10
31.556344
 20
284.246223
 30
0.0
 10
31.560075
 20
284.241342
 30
0.0
 10
31.561786
 20
284.237322
 30
0.0
  0
SPLINE
  5
556
100
AcDbEntity
  8
0
 62
7
100
AcDbSpline
 70
8
 71
3
 72
8
 73
4
 74
0
 40
0
 40
0
 40
0
 40
0
 40
1
 40
1
 40
1
 40
1
 10
31.561786
 20
284.237322
 30
0.0
 10
31.564079
 20
284.233302
 30
0.0
 10
31.565798
 20
284.227848
 30
0.0
 10
31.566945
 20
284.220958
 30
0.0
  0
SPLINE
  5
557
100
AcDbEntity
  8
0
 62
7
100
AcDbSpline
 70
8
 71
3
 72
8
 73
4
 74
0
 40
0
 40
0
 40
0
 40
0
 40
1
 40
1
 40
1
 40
1
 10
31.566945
 20
284.220958
 30
0.0
 10
31.568709
 20
284.214641
 30
0.0
 10
31.569855
 20
284.206316
 30
0.0
 10
31.570384
 20
284.195981
 30
0.0
  0
SPLINE
  5
558
100
AcDbEntity
  8
0
 62
7
100
AcDbSpline
 70
8
 71
3
 72
8
 73
4
 74
0
 40
0
 40
0
 40
0
 40
0
 40
1
 40
1
 40
1
 40
1
 10
31.570384
 20
284.195981
 30
0.0
 10
31.570914
 20
284.186220
 30
0.0
 10
31.571178
 20
284.173875
 30
0.0
 10
31.571178
 20
284.158946
 30
0.0
  0
SPLINE
  5
559
100
AcDbEntity
  8
0
 62
7
100
AcDbSpline
 70
8
 71
3
 72
8
 73
4
 74
0
 40
0
 40
0
 40
0
 40
0
 40
1
 40
1
 40
1
 40
1
 10
31.571178
 20
284.158946
 30
0.0
 10
31.571178
 20
284.142295
 30
0.0
 10
31.570561
 20
284.128228
 30
0.0
 10
31.569326
 20
284.116744
 30
0.0
  0
SPLINE
  5
55a
100
AcDbEntity
  8
0
 62
7
100
AcDbSpline
 70
8
 71
3
 72
8
 73
4
 74
0
 40
0
 40
0
 40
0
 40
0
 40
1
 40
1
 40
1
 40
1
 10
31.569326
 20
284.116744
 30
0.0
 10
31.568797
 20
284.105261
 30
0.0
 10
31.567359
 20
284.095787
 30
0.0
 10
31.565013
 20
284.088322
 30
0.0
  0
SPLINE
  5
55b
100
AcDbEntity
  8
0
 62
7
100
AcDbSpline
 70
8
 71
3
 72
8
 73
4
 74
0
 40
0
 40
0
 40
0
 40
0
 40
1
 40
1
 40
1
 40
1
 10
31.565013
 20
284.088322
 30
0.0
 10
31.563250
 20
284.080857
 30
0.0
 10
31.560374
 20
284.075402
 30
0.0
 10
31.556388
 20
284.071957
 30
0.0
  0
SPLINE
  5
55c
100
AcDbEntity
  8
0
 62
7
100
AcDbSpline
 70
8
 71
3
 72
8
 73
4
 74
0
 40
0
 40
0
 40
0
 40
0
 40
1
 40
1
 40
1
 40
1
 10
31.556388
 20
284.071957
 30
0.0
 10
31.552948
 20
284.068513
 30
0.0
 10
31.548071
 20
284.066790
 30
0.0
 10
31.541757
 20
284.066790
 30
0.0
  0
SPLINE
  5
55d
100
AcDbEntity
  8
0
 62
7
100
AcDbSpline
 70
8
 71
3
 72
8
 73
4
 74
0
 40
0
 40
0
 40
0
 40
0
 40
1
 40
1
 40
1
 40
1
 10
31.541757
 20
284.066790
 30
0.0
 10
31.535442
 20
284.066790
 30
0.0
 10
31.525394
 20
284.070809
 30
0.0
 10
31.511613
 20
284.078847
 30
0.0
  0
SPLINE
  5
55e
100
AcDbEntity
  8
0
 62
7
100
AcDbSpline
 70
8
 71
3
 72
8
 73
4
 74
0
 40
0
 40
0
 40
0
 40
0
 40
1
 40
1
 40
1
 40
1
 10
31.511613
 20
284.078847
 30
0.0
 10
31.497837
 20
284.086885
 30
0.0
 10
31.480898
 20
284.095498
 30
0.0
 10
31.460797
 20
284.104686
 30
0.0
  0
SPLINE
  5
55f
100
AcDbEntity
  8
0
 62
7
100
AcDbSpline
 70
8
 71
3
 72
8
 73
4
 74
0
 40
0
 40
0
 40
0
 40
0
 40
1
 40
1
 40
1
 40
1
 10
31.460797
 20
284.104686
 30
0.0
 10
31.440701
 20
284.114448
 30
0.0
 10
31.417447
 20
284.123061
 30
0.0
 10
31.391034
 20
284.130526
 30
0.0
  0
SPLINE
  5
560
100
AcDbEntity
  8
0
 62
7
100
AcDbSpline
 70
8
 71
3
 72
8
 73
4
 74
0
 40
0
 40
0
 40
0
 40
0
 40
1
 40
1
 40
1
 40
1
 10
31.391034
 20
284.130526
 30
0.0
 10
31.364622
 20
284.138564
 30
0.0
 10
31.335626
 20
284.142583
 30
0.0
 10
31.304047
 20
284.142583
 30
0.0
  0
SPLINE
  5
561
100
AcDbEntity
  8
0
 62
7
100
AcDbSpline
 70
8
 71
3
 72
8
 73
4
 74
0
 40
0
 40
0
 40
0
 40
0
 40
1
 40
1
 40
1
 40
1
 10
31.304047
 20
284.142583
 30
0.0
 10
31.279356
 20
284.142583
 30
0.0
 10
31.257824
 20
284.139424
 30
0.0
 10
31.239452
 20
284.133108
 30
0.0
  0
SPLINE
  5
562
100
AcDbEntity
  8
0
 62
7
100
AcDbSpline
 70
8
 71
3
 72
8
 73
4
 74
0
 40
0
 40
0
 40
0
 40
0
 40
1
 40
1
 40
1
 40
1
 10
31.239452
 20
284.133108
 30
0.0
 10
31.221077
 20
284.127367
 30
0.0
 10
31.205574
 20
284.119041
 30
0.0
 10
31.192941
 20
284.108131
 30
0.0
  0
SPLINE
  5
563
100
AcDbEntity
  8
0
 62
7
100
AcDbSpline
 70
8
 71
3
 72
8
 73
4
 74
0
 40
0
 40
0
 40
0
 40
0
 40
1
 40
1
 40
1
 40
1
 10
31.192941
 20
284.108131
 30
0.0
 10
31.180876
 20
284.097797
 30
0.0
 10
31.171689
 20
284.085165
 30
0.0
 10
31.165382
 20
284.070235
 30
0.0
  0
SPLINE
  5
564
100
AcDbEntity
  8
0
 62
7
100
AcDbSpline
 70
8
 71
3
 72
8
 73
4
 74
0
 40
0
 40
0
 40
0
 40
0
 40
1
 40
1
 40
1
 40
1
 10
31.165382
 20
284.070235
 30
0.0
 10
31.159631
 20
284.055306
 30
0.0
 10
31.156756
 20
284.039516
 30
0.0
 10
31.156756
 20
284.022865
 30
0.0
  0
SPLINE
  5
565
100
AcDbEntity
  8
0
 62
7
100
AcDbSpline
 70
8
 71
3
 72
8
 73
4
 74
0
 40
0
 40
0
 40
0
 40
0
 40
1
 40
1
 40
1
 40
1
 10
31.156756
 20
284.022865
 30
0.0
 10
31.156756
 20
283.998175
 30
0.0
 10
31.163362
 20
283.976643
 30
0.0
 10
31.176573
 20
283.958269
 30
0.0
  0
SPLINE
  5
566
100
AcDbEntity
  8
0
 62
7
100
AcDbSpline
 70
8
 71
3
 72
8
 73
4
 74
0
 40
0
 40
0
 40
0
 40
0
 40
1
 40
1
 40
1
 40
1
 10
31.176573
 20
283.958269
 30
0.0
 10
31.190349
 20
283.940470
 30
0.0
 10
31.208435
 20
283.924393
 30
0.0
 10
31.230832
 20
283.910038
 30
0.0
  0
SPLINE
  5
567
100
AcDbEntity
  8
0
 62
7
100
AcDbSpline
 70
8
 71
3
 72
8
 73
4
 74
0
 40
0
 40
0
 40
0
 40
0
 40
1
 40
1
 40
1
 40
1
 10
31.230832
 20
283.910038
 30
0.0
 10
31.253799
 20
283.896257
 30
0.0
 10
31.279637
 20
283.883051
 30
0.0
 10
31.308346
 20
283.870420
 30
0.0
  0
SPLINE
  5
568
100
AcDbEntity
  8
0
 62
7
100
AcDbSpline
 70
8
 71
3
 72
8
 73
4
 74
0
 40
0
 40
0
 40
0
 40
0
 40
1
 40
1
 40
1
 40
1
 10
31.308346
 20
283.870420
 30
0.0
 10
31.337056
 20
283.858362
 30
0.0
 10
31.366339
 20
283.845443
 30
0.0
 10
31.396196
 20
283.831662
 30
0.0
  0
SPLINE
  5
569
100
AcDbEntity
  8
0
 62
7
100
AcDbSpline
 70
8
 71
3
 72
8
 73
4
 74
0
 40
0
 40
0
 40
0
 40
0
 40
1
 40
1
 40
1
 40
1
 10
31.396196
 20
283.831662
 30
0.0
 10
31.426053
 20
283.817881
 30
0.0
 10
31.455337
 20
283.802091
 30
0.0
 10
31.484046
 20
283.784292
 30
0.0
  0
SPLINE
  5
56a
100
AcDbEntity
  8
0
 62
7
100
AcDbSpline
 70
8
 71
3
 72
8
 73
4
 74
0
 40
0
 40
0
 40
0
 40
0
 40
1
 40
1
 40
1
 40
1
 10
31.484046
 20
283.784292
 30
0.0
 10
31.512756
 20
283.767066
 30
0.0
 10
31.538308
 20
283.746108
 30
0.0
 10
31.560701
 20
283.721419
 30
0.0
  0
SPLINE
  5
56b
100
AcDbEntity
  8
0
 62
7
100
AcDbSpline
 70
8
 71
3
 72
8
 73
4
 74
0
 40
0
 40
0
 40
0
 40
0
 40
1
 40
1
 40
1
 40
1
 10
31.560701
 20
283.721419
 30
0.0
 10
31.583093
 20
283.697304
 30
0.0
 10
31.601180
 20
283.668594
 30
0.0
 10
31.614961
 20
283.635292
 30
0.0
  0
SPLINE
  5
56c
100
AcDbEntity
  8
0
 62
7
100
AcDbSpline
 70
8
 71
3
 72
8
 73
4
 74
0
 40
0
 40
0
 40
0
 40
0
 40
1
 40
1
 40
1
 40
1
 10
31.614961
 20
283.635292
 30
0.0
 10
31.628737
 20
283.602563
 30
0.0
 10
31.635625
 20
283.563806
 30
0.0
 10
31.635625
 20
283.519020
 30
0.0
  0
LWPOLYLINE
  5
56d
100
AcDbEntity
  8
0
 62
7
100
AcDbPolyline
 90
2
 70
0
 10
30.813917
 20
284.212372
 30
0.0
 10
30.558242
 20
283.242550
 30
0.0
  0
SPLINE
  5
56e
100
AcDbEntity
  8
0
 62
7
100
AcDbSpline
 70
8
 71
3
 72
8
 73
4
 74
0
 40
0
 40
0
 40
0
 40
0
 40
1
 40
1
 40
1
 40
1
 10
36.413928
 20
283.215851
 30
0.0
 10
36.413928
 20
283.210109
 30
0.0
 10
36.412208
 20
283.204942
 30
0.0
 10
36.408768
 20
283.200349
 30
0.0
  0
SPLINE
  5
56f
100
AcDbEntity
  8
0
 62
7
100
AcDbSpline
 70
8
 71
3
 72
8
 73
4
 74
0
 40
0
 40
0
 40
0
 40
0
 40
1
 40
1
 40
1
 40
1
 10
36.408768
 20
283.200349
 30
0.0
 10
36.405893
 20
283.195756
 30
0.0
 10
36.400152
 20
283.192023
 30
0.0
 10
36.391544
 20
283.189152
 30
0.0
  0
SPLINE
  5
570
100
AcDbEntity
  8
0
 62
7
100
AcDbSpline
 70
8
 71
3
 72
8
 73
4
 74
0
 40
0
 40
0
 40
0
 40
0
 40
1
 40
1
 40
1
 40
1
 10
36.391544
 20
283.189152
 30
0.0
 10
36.383501
 20
283.186280
 30
0.0
 10
36.372591
 20
283.183983
 30
0.0
 10
36.358815
 20
283.182262
 30
0.0
  0
SPLINE
  5
571
100
AcDbEntity
  8
0
 62
7
100
AcDbSpline
 70
8
 71
3
 72
8
 73
4
 74
0
 40
0
 40
0
 40
0
 40
0
 40
1
 40
1
 40
1
 40
1
 10
36.358815
 20
283.182262
 30
0.0
 10
36.345039
 20
283.180533
 30
0.0
 10
36.327526
 20
283.179669
 30
0.0
 10
36.306277
 20
283.179669
 30
0.0
  0
SPLINE
  5
572
100
AcDbEntity
  8
0
 62
7
100
AcDbSpline
 70
8
 71
3
 72
8
 73
4
 74
0
 40
0
 40
0
 40
0
 40
0
 40
1
 40
1
 40
1
 40
1
 10
36.306277
 20
283.179669
 30
0.0
 10
36.285607
 20
283.179669
 30
0.0
 10
36.268382
 20
283.180533
 30
0.0
 10
36.254601
 20
283.182262
 30
0.0
  0
SPLINE
  5
573
100
AcDbEntity
  8
0
 62
7
100
AcDbSpline
 70
8
 71
3
 72
8
 73
4
 74
0
 40
0
 40
0
 40
0
 40
0
 40
1
 40
1
 40
1
 40
1
 10
36.254601
 20
283.182262
 30
0.0
 10
36.240825
 20
283.183990
 30
0.0
 10
36.229915
 20
283.186287
 30
0.0
 10
36.221872
 20
283.189152
 30
0.0
  0
SPLINE
  5
574
100
AcDbEntity
  8
0
 62
7
100
AcDbSpline
 70
8
 71
3
 72
8
 73
4
 74
0
 40
0
 40
0
 40
0
 40
0
 40
1
 40
1
 40
1
 40
1
 10
36.221872
 20
283.189152
 30
0.0
 10
36.213829
 20
283.192023
 30
0.0
 10
36.208087
 20
283.195756
 30
0.0
 10
36.204648
 20
283.200349
 30
0.0
  0
SPLINE
  5
575
100
AcDbEntity
  8
0
 62
7
100
AcDbSpline
 70
8
 71
3
 72
8
 73
4
 74
0
 40
0
 40
0
 40
0
 40
0
 40
1
 40
1
 40
1
 40
1
 10
36.204648
 20
283.200349
 30
0.0
 10
36.201208
 20
283.204942
 30
0.0
 10
36.199488
 20
283.210109
 30
0.0
 10
36.199488
 20
283.215851
 30
0.0
  0
LWPOLYLINE
  5
576
100
AcDbEntity
  8
0
 62
7
100
AcDbPolyline
 90
1
 70
1
 10
31.635625
 20
283.519020
 30
0.0
  0
SPLINE
  5
577
100
AcDbEntity
  8
0
 62
7
100
AcDbSpline
 70
8
 71
3
 72
8
 73
4
 74
0
 40
0
 40
0
 40
0
 40
0
 40
1
 40
1
 40
1
 40
1
 10
35.874657
 20
283.216712
 30
0.0
 10
35.872364
 20
283.209247
 30
0.0
 10
35.868633
 20
283.202931
 30
0.0
 10
35.863465
 20
283.197762
 30
0.0
  0
SPLINE
  5
578
100
AcDbEntity
  8
0
 62
7
100
AcDbSpline
 70
8
 71
3
 72
8
 73
4
 74
0
 40
0
 40
0
 40
0
 40
0
 40
1
 40
1
 40
1
 40
1
 10
35.863465
 20
283.197762
 30
0.0
 10
35.858297
 20
283.193169
 30
0.0
 10
35.851118
 20
283.189437
 30
0.0
 10
35.841928
 20
283.186565
 30
0.0
  0
SPLINE
  5
579
100
AcDbEntity
  8
0
 62
7
100
AcDbSpline
 70
8
 71
3
 72
8
 73
4
 74
0
 40
0
 40
0
 40
0
 40
0
 40
1
 40
1
 40
1
 40
1
 10
35.841928
 20
283.186565
 30
0.0
 10
35.833320
 20
283.183694
 30
0.0
 10
35.822123
 20
283.181971
 30
0.0
 10
35.808336
 20
283.181398
 30
0.0
  0
SPLINE
  5
57a
100
AcDbEntity
  8
0
 62
7
100
AcDbSpline
 70
8
 71
3
 72
8
 73
4
 74
0
 40
0
 40
0
 40
0
 40
0
 40
1
 40
1
 40
1
 40
1
 10
35.808336
 20
283.181398
 30
0.0
 10
35.794560
 20
283.180251
 30
0.0
 10
35.777909
 20
283.179678
 30
0.0
 10
35.758383
 20
283.179678
 30
0.0
  0
SPLINE
  5
57b
100
AcDbEntity
  8
0
 62
7
100
AcDbSpline
 70
8
 71
3
 72
8
 73
4
 74
0
 40
0
 40
0
 40
0
 40
0
 40
1
 40
1
 40
1
 40
1
 10
35.758383
 20
283.179678
 30
0.0
 10
35.738860
 20
283.179678
 30
0.0
 10
35.722209
 20
283.180543
 30
0.0
 10
35.708430
 20
283.182271
 30
0.0
  0
SPLINE
  5
57c
100
AcDbEntity
  8
0
 62
7
100
AcDbSpline
 70
8
 71
3
 72
8
 73
4
 74
0
 40
0
 40
0
 40
0
 40
0
 40
1
 40
1
 40
1
 40
1
 10
35.708430
 20
283.182271
 30
0.0
 10
35.694654
 20
283.183418
 30
0.0
 10
35.683170
 20
283.185428
 30
0.0
 10
35.673978
 20
283.188301
 30
0.0
  0
SPLINE
  5
57d
100
AcDbEntity
  8
0
 62
7
100
AcDbSpline
 70
8
 71
3
 72
8
 73
4
 74
0
 40
0
 40
0
 40
0
 40
0
 40
1
 40
1
 40
1
 40
1
 10
35.673978
 20
283.188301
 30
0.0
 10
35.665370
 20
283.191746
 30
0.0
 10
35.658482
 20
283.195765
 30
0.0
 10
35.653314
 20
283.200358
 30
0.0
  0
SPLINE
  5
57e
100
AcDbEntity
  8
0
 62
7
100
AcDbSpline
 70
8
 71
3
 72
8
 73
4
 74
0
 40
0
 40
0
 40
0
 40
0
 40
1
 40
1
 40
1
 40
1
 10
35.653314
 20
283.200358
 30
0.0
 10
35.648146
 20
283.204951
 30
0.0
 10
35.644698
 20
283.210406
 30
0.0
 10
35.642969
 20
283.216723
 30
0.0
  0
LWPOLYLINE
  5
57f
100
AcDbEntity
  8
0
 62
7
100
AcDbPolyline
 90
4
 70
0
 10
36.199488
 20
283.215851
 30
0.0
 10
36.199488
 20
284.122772
 30
0.0
 10
36.197636
 20
284.122772
 30
0.0
 10
35.874657
 20
283.216712
 30
0.0
  0
SPLINE
  5
580
100
AcDbEntity
  8
0
 62
7
100
AcDbSpline
 70
8
 71
3
 72
8
 73
4
 74
0
 40
0
 40
0
 40
0
 40
0
 40
1
 40
1
 40
1
 40
1
 10
35.329337
 20
283.215861
 30
0.0
 10
35.329337
 20
283.210120
 30
0.0
 10
35.327618
 20
283.204953
 30
0.0
 10
35.324178
 20
283.200359
 30
0.0
  0
SPLINE
  5
581
100
AcDbEntity
  8
0
 62
7
100
AcDbSpline
 70
8
 71
3
 72
8
 73
4
 74
0
 40
0
 40
0
 40
0
 40
0
 40
1
 40
1
 40
1
 40
1
 10
35.324178
 20
283.200359
 30
0.0
 10
35.321303
 20
283.195766
 30
0.0
 10
35.315561
 20
283.192034
 30
0.0
 10
35.306954
 20
283.189162
 30
0.0
  0
SPLINE
  5
582
100
AcDbEntity
  8
0
 62
7
100
AcDbSpline
 70
8
 71
3
 72
8
 73
4
 74
0
 40
0
 40
0
 40
0
 40
0
 40
1
 40
1
 40
1
 40
1
 10
35.306954
 20
283.189162
 30
0.0
 10
35.298346
 20
283.186291
 30
0.0
 10
35.287150
 20
283.183994
 30
0.0
 10
35.273365
 20
283.182272
 30
0.0
  0
SPLINE
  5
583
100
AcDbEntity
  8
0
 62
7
100
AcDbSpline
 70
8
 71
3
 72
8
 73
4
 74
0
 40
0
 40
0
 40
0
 40
0
 40
1
 40
1
 40
1
 40
1
 10
35.273365
 20
283.182272
 30
0.0
 10
35.260153
 20
283.180544
 30
0.0
 10
35.242927
 20
283.179680
 30
0.0
 10
35.221686
 20
283.179680
 30
0.0
  0
SPLINE
  5
584
100
AcDbEntity
  8
0
 62
7
100
AcDbSpline
 70
8
 71
3
 72
8
 73
4
 74
0
 40
0
 40
0
 40
0
 40
0
 40
1
 40
1
 40
1
 40
1
 10
35.221686
 20
283.179680
 30
0.0
 10
35.201017
 20
283.179680
 30
0.0
 10
35.183792
 20
283.180544
 30
0.0
 10
35.170011
 20
283.182272
 30
0.0
  0
SPLINE
  5
585
100
AcDbEntity
  8
0
 62
7
100
AcDbSpline
 70
8
 71
3
 72
8
 73
4
 74
0
 40
0
 40
0
 40
0
 40
0
 40
1
 40
1
 40
1
 40
1
 10
35.170011
 20
283.182272
 30
0.0
 10
35.156235
 20
283.184001
 30
0.0
 10
35.145038
 20
283.186298
 30
0.0
 10
35.136422
 20
283.189162
 30
0.0
  0
SPLINE
  5
586
100
AcDbEntity
  8
0
 62
7
100
AcDbSpline
 70
8
 71
3
 72
8
 73
4
 74
0
 40
0
 40
0
 40
0
 40
0
 40
1
 40
1
 40
1
 40
1
 10
35.136422
 20
283.189162
 30
0.0
 10
35.128378
 20
283.192034
 30
0.0
 10
35.122637
 20
283.195766
 30
0.0
 10
35.119197
 20
283.200359
 30
0.0
  0
SPLINE
  5
587
100
AcDbEntity
  8
0
 62
7
100
AcDbSpline
 70
8
 71
3
 72
8
 73
4
 74
0
 40
0
 40
0
 40
0
 40
0
 40
1
 40
1
 40
1
 40
1
 10
35.119197
 20
283.200359
 30
0.0
 10
35.116322
 20
283.204953
 30
0.0
 10
35.114885
 20
283.210120
 30
0.0
 10
35.114885
 20
283.215861
 30
0.0
  0
LWPOLYLINE
  5
588
100
AcDbEntity
  8
0
 62
7
100
AcDbPolyline
 90
4
 70
0
 10
35.642969
 20
283.216723
 30
0.0
 10
35.331189
 20
284.122783
 30
0.0
 10
35.329337
 20
284.122783
 30
0.0
 10
35.329337
 20
283.215861
 30
0.0
  0
SPLINE
  5
589
100
AcDbEntity
  8
0
 62
7
100
AcDbSpline
 70
8
 71
3
 72
8
 73
4
 74
0
 40
0
 40
0
 40
0
 40
0
 40
1
 40
1
 40
1
 40
1
 10
35.114885
 20
284.208910
 30
0.0
 10
35.114885
 20
284.238193
 30
0.0
 10
35.122637
 20
284.260587
 30
0.0
 10
35.138142
 20
284.276090
 30
0.0
  0
SPLINE
  5
58a
100
AcDbEntity
  8
0
 62
7
100
AcDbSpline
 70
8
 71
3
 72
8
 73
4
 74
0
 40
0
 40
0
 40
0
 40
0
 40
1
 40
1
 40
1
 40
1
 10
35.138142
 20
284.276090
 30
0.0
 10
35.153646
 20
284.291592
 30
0.0
 10
35.174316
 20
284.299344
 30
0.0
 10
35.200152
 20
284.299344
 30
0.0
  0
LWPOLYLINE
  5
58b
100
AcDbEntity
  8
0
 62
7
100
AcDbPolyline
 90
2
 70
0
 10
35.114885
 20
283.215861
 30
0.0
 10
35.114885
 20
284.208910
 30
0.0
  0
SPLINE
  5
58c
100
AcDbEntity
  8
0
 62
7
100
AcDbSpline
 70
8
 71
3
 72
8
 73
4
 74
0
 40
0
 40
0
 40
0
 40
0
 40
1
 40
1
 40
1
 40
1
 10
35.348292
 20
284.299344
 30
0.0
 10
35.374705
 20
284.299344
 30
0.0
 10
35.397385
 20
284.297047
 30
0.0
 10
35.416332
 20
284.292454
 30
0.0
  0
SPLINE
  5
58d
100
AcDbEntity
  8
0
 62
7
100
AcDbSpline
 70
8
 71
3
 72
8
 73
4
 74
0
 40
0
 40
0
 40
0
 40
0
 40
1
 40
1
 40
1
 40
1
 10
35.416332
 20
284.292454
 30
0.0
 10
35.435280
 20
284.288434
 30
0.0
 10
35.451645
 20
284.281257
 30
0.0
 10
35.465426
 20
284.270922
 30
0.0
  0
SPLINE
  5
58e
100
AcDbEntity
  8
0
 62
7
100
AcDbSpline
 70
8
 71
3
 72
8
 73
4
 74
0
 40
0
 40
0
 40
0
 40
0
 40
1
 40
1
 40
1
 40
1
 10
35.465426
 20
284.270922
 30
0.0
 10
35.479202
 20
284.261161
 30
0.0
 10
35.490686
 20
284.247955
 30
0.0
 10
35.499877
 20
284.231304
 30
0.0
  0
SPLINE
  5
58f
100
AcDbEntity
  8
0
 62
7
100
AcDbSpline
 70
8
 71
3
 72
8
 73
4
 74
0
 40
0
 40
0
 40
0
 40
0
 40
1
 40
1
 40
1
 40
1
 10
35.499877
 20
284.231304
 30
0.0
 10
35.509067
 20
284.215226
 30
0.0
 10
35.517102
 20
284.195129
 30
0.0
 10
35.523981
 20
284.171014
 30
0.0
  0
LWPOLYLINE
  5
590
100
AcDbEntity
  8
0
 62
7
100
AcDbPolyline
 90
2
 70
0
 10
35.200152
 20
284.299344
 30
0.0
 10
35.348292
 20
284.299344
 30
0.0
  0
SPLINE
  5
591
100
AcDbEntity
  8
0
 62
7
100
AcDbSpline
 70
8
 71
3
 72
8
 73
4
 74
0
 40
0
 40
0
 40
0
 40
0
 40
1
 40
1
 40
1
 40
1
 10
36.018347
 20
284.169292
 30
0.0
 10
36.025808
 20
284.193408
 30
0.0
 10
36.033842
 20
284.213791
 30
0.0
 10
36.042450
 20
284.230442
 30
0.0
  0
SPLINE
  5
592
100
AcDbEntity
  8
0
 62
7
100
AcDbSpline
 70
8
 71
3
 72
8
 73
4
 74
0
 40
0
 40
0
 40
0
 40
0
 40
1
 40
1
 40
1
 40
1
 10
36.042450
 20
284.230442
 30
0.0
 10
36.051640
 20
284.247093
 30
0.0
 10
36.061976
 20
284.260587
 30
0.0
 10
36.073457
 20
284.270922
 30
0.0
  0
SPLINE
  5
593
100
AcDbEntity
  8
0
 62
7
100
AcDbSpline
 70
8
 71
3
 72
8
 73
4
 74
0
 40
0
 40
0
 40
0
 40
0
 40
1
 40
1
 40
1
 40
1
 10
36.073457
 20
284.270922
 30
0.0
 10
36.085522
 20
284.281257
 30
0.0
 10
36.099589
 20
284.288434
 30
0.0
 10
36.115658
 20
284.292454
 30
0.0
  0
SPLINE
  5
594
100
AcDbEntity
  8
0
 62
7
100
AcDbSpline
 70
8
 71
3
 72
8
 73
4
 74
0
 40
0
 40
0
 40
0
 40
0
 40
1
 40
1
 40
1
 40
1
 10
36.115658
 20
284.292454
 30
0.0
 10
36.131727
 20
284.297047
 30
0.0
 10
36.150388
 20
284.299344
 30
0.0
 10
36.171641
 20
284.299344
 30
0.0
  0
LWPOLYLINE
  5
595
100
AcDbEntity
  8
0
 62
7
100
AcDbPolyline
 90
4
 70
0
 10
35.523981
 20
284.171014
 30
0.0
 10
35.765138
 20
283.506972
 30
0.0
 10
35.768577
 20
283.506972
 30
0.0
 10
36.018347
 20
284.169292
 30
0.0
  0
SPLINE
  5
596
100
AcDbEntity
  8
0
 62
7
100
AcDbSpline
 70
8
 71
3
 72
8
 73
4
 74
0
 40
0
 40
0
 40
0
 40
0
 40
1
 40
1
 40
1
 40
1
 10
36.324086
 20
284.299344
 30
0.0
 10
36.339590
 20
284.299344
 30
0.0
 10
36.352797
 20
284.297334
 30
0.0
 10
36.363704
 20
284.293314
 30
0.0
  0
SPLINE
  5
597
100
AcDbEntity
  8
0
 62
7
100
AcDbSpline
 70
8
 71
3
 72
8
 73
4
 74
0
 40
0
 40
0
 40
0
 40
0
 40
1
 40
1
 40
1
 40
1
 10
36.363704
 20
284.293314
 30
0.0
 10
36.375187
 20
284.289294
 30
0.0
 10
36.384375
 20
284.283265
 30
0.0
 10
36.391266
 20
284.275227
 30
0.0
  0
SPLINE
  5
598
100
AcDbEntity
  8
0
 62
7
100
AcDbSpline
 70
8
 71
3
 72
8
 73
4
 74
0
 40
0
 40
0
 40
0
 40
0
 40
1
 40
1
 40
1
 40
1
 10
36.391266
 20
284.275227
 30
0.0
 10
36.398727
 20
284.267762
 30
0.0
 10
36.404187
 20
284.258288
 30
0.0
 10
36.407644
 20
284.246805
 30
0.0
  0
SPLINE
  5
599
100
AcDbEntity
  8
0
 62
7
100
AcDbSpline
 70
8
 71
3
 72
8
 73
4
 74
0
 40
0
 40
0
 40
0
 40
0
 40
1
 40
1
 40
1
 40
1
 10
36.407644
 20
284.246805
 30
0.0
 10
36.411665
 20
284.235895
 30
0.0
 10
36.413676
 20
284.223263
 30
0.0
 10
36.413676
 20
284.208909
 30
0.0
  0
LWPOLYLINE
  5
59a
100
AcDbEntity
  8
0
 62
7
100
AcDbPolyline
 90
2
 70
0
 10
36.171641
 20
284.299344
 30
0.0
 10
36.324086
 20
284.299344
 30
0.0
  0
SPLINE
  5
59b
100
AcDbEntity
  8
0
 62
7
100
AcDbSpline
 70
8
 71
3
 72
8
 73
4
 74
0
 40
0
 40
0
 40
0
 40
0
 40
1
 40
1
 40
1
 40
1
 10
37.569760
 20
283.269250
 30
0.0
 10
37.576656
 20
283.248579
 30
0.0
 10
37.580960
 20
283.232215
 30
0.0
 10
37.582671
 20
283.220157
 30
0.0
  0
SPLINE
  5
59c
100
AcDbEntity
  8
0
 62
7
100
AcDbSpline
 70
8
 71
3
 72
8
 73
4
 74
0
 40
0
 40
0
 40
0
 40
0
 40
1
 40
1
 40
1
 40
1
 10
37.582671
 20
283.220157
 30
0.0
 10
37.584435
 20
283.208099
 30
0.0
 10
37.582142
 20
283.198912
 30
0.0
 10
37.575792
 20
283.192596
 30
0.0
  0
SPLINE
  5
59d
100
AcDbEntity
  8
0
 62
7
100
AcDbSpline
 70
8
 71
3
 72
8
 73
4
 74
0
 40
0
 40
0
 40
0
 40
0
 40
1
 40
1
 40
1
 40
1
 10
37.575792
 20
283.192596
 30
0.0
 10
37.569477
 20
283.186855
 30
0.0
 10
37.558281
 20
283.183410
 30
0.0
 10
37.542203
 20
283.182262
 30
0.0
  0
SPLINE
  5
59e
100
AcDbEntity
  8
0
 62
7
100
AcDbSpline
 70
8
 71
3
 72
8
 73
4
 74
0
 40
0
 40
0
 40
0
 40
0
 40
1
 40
1
 40
1
 40
1
 10
37.542203
 20
283.182262
 30
0.0
 10
37.526134
 20
283.180533
 30
0.0
 10
37.504028
 20
283.179669
 30
0.0
 10
37.475886
 20
283.179669
 30
0.0
  0
SPLINE
  5
59f
100
AcDbEntity
  8
0
 62
7
100
AcDbSpline
 70
8
 71
3
 72
8
 73
4
 74
0
 40
0
 40
0
 40
0
 40
0
 40
1
 40
1
 40
1
 40
1
 10
37.475886
 20
283.179669
 30
0.0
 10
37.446601
 20
283.179669
 30
0.0
 10
37.423634
 20
283.180242
 30
0.0
 10
37.406983
 20
283.181388
 30
0.0
  0
SPLINE
  5
5a0
100
AcDbEntity
  8
0
 62
7
100
AcDbSpline
 70
8
 71
3
 72
8
 73
4
 74
0
 40
0
 40
0
 40
0
 40
0
 40
1
 40
1
 40
1
 40
1
 10
37.406983
 20
283.181388
 30
0.0
 10
37.390914
 20
283.181971
 30
0.0
 10
37.378569
 20
283.183406
 30
0.0
 10
37.369949
 20
283.185696
 30
0.0
  0
SPLINE
  5
5a1
100
AcDbEntity
  8
0
 62
7
100
AcDbSpline
 70
8
 71
3
 72
8
 73
4
 74
0
 40
0
 40
0
 40
0
 40
0
 40
1
 40
1
 40
1
 40
1
 10
37.369949
 20
283.185696
 30
0.0
 10
37.361341
 20
283.188568
 30
0.0
 10
37.355309
 20
283.192300
 30
0.0
 10
37.351852
 20
283.196893
 30
0.0
  0
SPLINE
  5
5a2
100
AcDbEntity
  8
0
 62
7
100
AcDbSpline
 70
8
 71
3
 72
8
 73
4
 74
0
 40
0
 40
0
 40
0
 40
0
 40
1
 40
1
 40
1
 40
1
 10
37.351852
 20
283.196893
 30
0.0
 10
37.348412
 20
283.201486
 30
0.0
 10
37.345537
 20
283.207515
 30
0.0
 10
37.343226
 20
283.214980
 30
0.0
  0
LWPOLYLINE
  5
5a3
100
AcDbEntity
  8
0
 62
7
100
AcDbPolyline
 90
2
 70
0
 10
36.413676
 20
284.208909
 30
0.0
 10
36.413928
 20
283.215851
 30
0.0
  0
SPLINE
  5
5a4
100
AcDbEntity
  8
0
 62
7
100
AcDbSpline
 70
8
 71
3
 72
8
 73
4
 74
0
 40
0
 40
0
 40
0
 40
0
 40
1
 40
1
 40
1
 40
1
 10
36.779090
 20
283.221009
 30
0.0
 10
36.776797
 20
283.212971
 30
0.0
 10
36.773639
 20
283.206080
 30
0.0
 10
36.769618
 20
283.200337
 30
0.0
  0
SPLINE
  5
5a5
100
AcDbEntity
  8
0
 62
7
100
AcDbSpline
 70
8
 71
3
 72
8
 73
4
 74
0
 40
0
 40
0
 40
0
 40
0
 40
1
 40
1
 40
1
 40
1
 10
36.769618
 20
283.200337
 30
0.0
 10
36.766178
 20
283.195169
 30
0.0
 10
36.760145
 20
283.190862
 30
0.0
 10
36.751520
 20
283.187418
 30
0.0
  0
SPLINE
  5
5a6
100
AcDbEntity
  8
0
 62
7
100
AcDbSpline
 70
8
 71
3
 72
8
 73
4
 74
0
 40
0
 40
0
 40
0
 40
0
 40
1
 40
1
 40
1
 40
1
 10
36.751520
 20
283.187418
 30
0.0
 10
36.743477
 20
283.184546
 30
0.0
 10
36.731705
 20
283.182536
 30
0.0
 10
36.716206
 20
283.181388
 30
0.0
  0
SPLINE
  5
5a7
100
AcDbEntity
  8
0
 62
7
100
AcDbSpline
 70
8
 71
3
 72
8
 73
4
 74
0
 40
0
 40
0
 40
0
 40
0
 40
1
 40
1
 40
1
 40
1
 10
36.716206
 20
283.181388
 30
0.0
 10
36.701284
 20
283.180241
 30
0.0
 10
36.681474
 20
283.179668
 30
0.0
 10
36.656778
 20
283.179668
 30
0.0
  0
SPLINE
  5
5a8
100
AcDbEntity
  8
0
 62
7
100
AcDbSpline
 70
8
 71
3
 72
8
 73
4
 74
0
 40
0
 40
0
 40
0
 40
0
 40
1
 40
1
 40
1
 40
1
 10
36.656778
 20
283.179668
 30
0.0
 10
36.630366
 20
283.179668
 30
0.0
 10
36.609695
 20
283.180532
 30
0.0
 10
36.594768
 20
283.182261
 30
0.0
  0
SPLINE
  5
5a9
100
AcDbEntity
  8
0
 62
7
100
AcDbSpline
 70
8
 71
3
 72
8
 73
4
 74
0
 40
0
 40
0
 40
0
 40
0
 40
1
 40
1
 40
1
 40
1
 10
36.594768
 20
283.182261
 30
0.0
 10
36.579845
 20
283.183989
 30
0.0
 10
36.569510
 20
283.188008
 30
0.0
 10
36.563761
 20
283.194318
 30
0.0
  0
SPLINE
  5
5aa
100
AcDbEntity
  8
0
 62
7
100
AcDbSpline
 70
8
 71
3
 72
8
 73
4
 74
0
 40
0
 40
0
 40
0
 40
0
 40
1
 40
1
 40
1
 40
1
 10
36.563761
 20
283.194318
 30
0.0
 10
36.558011
 20
283.201208
 30
0.0
 10
36.556000
 20
283.210682
 30
0.0
 10
36.557729
 20
283.222740
 30
0.0
  0
SPLINE
  5
5ab
100
AcDbEntity
  8
0
 62
7
100
AcDbSpline
 70
8
 71
3
 72
8
 73
4
 74
0
 40
0
 40
0
 40
0
 40
0
 40
1
 40
1
 40
1
 40
1
 10
36.557729
 20
283.222740
 30
0.0
 10
36.559493
 20
283.234798
 30
0.0
 10
36.563796
 20
283.250875
 30
0.0
 10
36.570640
 20
283.270971
 30
0.0
  0
LWPOLYLINE
  5
5ac
100
AcDbEntity
  8
0
 62
7
100
AcDbPolyline
 90
4
 70
0
 10
37.343226
 20
283.214980
 30
0.0
 10
37.268293
 20
283.438911
 30
0.0
 10
36.849715
 20
283.438911
 30
0.0
 10
36.779090
 20
283.221009
 30
0.0
  0
SPLINE
  5
5ad
100
AcDbEntity
  8
0
 62
7
100
AcDbSpline
 70
8
 71
3
 72
8
 73
4
 74
0
 40
0
 40
0
 40
0
 40
0
 40
1
 40
1
 40
1
 40
1
 10
36.914289
 20
284.259714
 30
0.0
 10
36.917729
 20
284.269475
 30
0.0
 10
36.921750
 20
284.277227
 30
0.0
 10
36.926354
 20
284.282968
 30
0.0
  0
SPLINE
  5
5ae
100
AcDbEntity
  8
0
 62
7
100
AcDbSpline
 70
8
 71
3
 72
8
 73
4
 74
0
 40
0
 40
0
 40
0
 40
0
 40
1
 40
1
 40
1
 40
1
 10
36.926354
 20
284.282968
 30
0.0
 10
36.930940
 20
284.289285
 30
0.0
 10
36.938119
 20
284.293878
 30
0.0
 10
36.947891
 20
284.296748
 30
0.0
  0
SPLINE
  5
5af
100
AcDbEntity
  8
0
 62
7
100
AcDbSpline
 70
8
 71
3
 72
8
 73
4
 74
0
 40
0
 40
0
 40
0
 40
0
 40
1
 40
1
 40
1
 40
1
 10
36.947891
 20
284.296748
 30
0.0
 10
36.958227
 20
284.300193
 30
0.0
 10
36.972295
 20
284.302203
 30
0.0
 10
36.990095
 20
284.302778
 30
0.0
  0
SPLINE
  5
5b0
100
AcDbEntity
  8
0
 62
7
100
AcDbSpline
 70
8
 71
3
 72
8
 73
4
 74
0
 40
0
 40
0
 40
0
 40
0
 40
1
 40
1
 40
1
 40
1
 10
36.990095
 20
284.302778
 30
0.0
 10
37.007894
 20
284.303924
 30
0.0
 10
37.031436
 20
284.304497
 30
0.0
 10
37.060720
 20
284.304497
 30
0.0
  0
SPLINE
  5
5b1
100
AcDbEntity
  8
0
 62
7
100
AcDbSpline
 70
8
 71
3
 72
8
 73
4
 74
0
 40
0
 40
0
 40
0
 40
0
 40
1
 40
1
 40
1
 40
1
 10
37.060720
 20
284.304497
 30
0.0
 10
37.094595
 20
284.304497
 30
0.0
 10
37.121582
 20
284.303924
 30
0.0
 10
37.141680
 20
284.302778
 30
0.0
  0
SPLINE
  5
5b2
100
AcDbEntity
  8
0
 62
7
100
AcDbSpline
 70
8
 71
3
 72
8
 73
4
 74
0
 40
0
 40
0
 40
0
 40
0
 40
1
 40
1
 40
1
 40
1
 10
37.141680
 20
284.302778
 30
0.0
 10
37.161776
 20
284.302195
 30
0.0
 10
37.177279
 20
284.300186
 30
0.0
 10
37.188188
 20
284.296748
 30
0.0
  0
SPLINE
  5
5b3
100
AcDbEntity
  8
0
 62
7
100
AcDbSpline
 70
8
 71
3
 72
8
 73
4
 74
0
 40
0
 40
0
 40
0
 40
0
 40
1
 40
1
 40
1
 40
1
 10
37.188188
 20
284.296748
 30
0.0
 10
37.199671
 20
284.293876
 30
0.0
 10
37.207706
 20
284.289283
 30
0.0
 10
37.212292
 20
284.282968
 30
0.0
  0
SPLINE
  5
5b4
100
AcDbEntity
  8
0
 62
7
100
AcDbSpline
 70
8
 71
3
 72
8
 73
4
 74
0
 40
0
 40
0
 40
0
 40
0
 40
1
 40
1
 40
1
 40
1
 10
37.212292
 20
284.282968
 30
0.0
 10
37.217460
 20
284.276652
 30
0.0
 10
37.221764
 20
284.268039
 30
0.0
 10
37.225203
 20
284.257129
 30
0.0
  0
LWPOLYLINE
  5
5b5
100
AcDbEntity
  8
0
 62
7
100
AcDbPolyline
 90
2
 70
0
 10
36.570640
 20
283.270971
 30
0.0
 10
36.914289
 20
284.259714
 30
0.0
  0
LWPOLYLINE
  5
5b6
100
AcDbEntity
  8
0
 62
7
100
AcDbPolyline
 90
2
 70
0
 10
37.225203
 20
284.257129
 30
0.0
 10
37.569760
 20
283.269250
 30
0.0
  0
SPLINE
  5
5b7
100
AcDbEntity
  8
0
 62
7
100
AcDbSpline
 70
8
 71
3
 72
8
 73
4
 74
0
 40
0
 40
0
 40
0
 40
0
 40
1
 40
1
 40
1
 40
1
 10
38.475820
 20
283.353654
 30
0.0
 10
38.475820
 20
283.339300
 30
0.0
 10
38.475202
 20
283.326955
 30
0.0
 10
38.473968
 20
283.316620
 30
0.0
  0
SPLINE
  5
5b8
100
AcDbEntity
  8
0
 62
7
100
AcDbSpline
 70
8
 71
3
 72
8
 73
4
 74
0
 40
0
 40
0
 40
0
 40
0
 40
1
 40
1
 40
1
 40
1
 10
38.473968
 20
283.316620
 30
0.0
 10
38.473439
 20
283.306858
 30
0.0
 10
38.472292
 20
283.298245
 30
0.0
 10
38.470528
 20
283.290780
 30
0.0
  0
SPLINE
  5
5b9
100
AcDbEntity
  8
0
 62
7
100
AcDbSpline
 70
8
 71
3
 72
8
 73
4
 74
0
 40
0
 40
0
 40
0
 40
0
 40
1
 40
1
 40
1
 40
1
 10
38.470528
 20
283.290780
 30
0.0
 10
38.468764
 20
283.283891
 30
0.0
 10
38.466471
 20
283.277862
 30
0.0
 10
38.463649
 20
283.272694
 30
0.0
  0
SPLINE
  5
5ba
100
AcDbEntity
  8
0
 62
7
100
AcDbSpline
 70
8
 71
3
 72
8
 73
4
 74
0
 40
0
 40
0
 40
0
 40
0
 40
1
 40
1
 40
1
 40
1
 10
38.463649
 20
283.272694
 30
0.0
 10
38.460774
 20
283.267525
 30
0.0
 10
38.456179
 20
283.261496
 30
0.0
 10
38.449864
 20
283.254607
 30
0.0
  0
SPLINE
  5
5bb
100
AcDbEntity
  8
0
 62
7
100
AcDbSpline
 70
8
 71
3
 72
8
 73
4
 74
0
 40
0
 40
0
 40
0
 40
0
 40
1
 40
1
 40
1
 40
1
 10
38.449864
 20
283.254607
 30
0.0
 10
38.443549
 20
283.248290
 30
0.0
 10
38.431205
 20
283.239965
 30
0.0
 10
38.412830
 20
283.229630
 30
0.0
  0
SPLINE
  5
5bc
100
AcDbEntity
  8
0
 62
7
100
AcDbSpline
 70
8
 71
3
 72
8
 73
4
 74
0
 40
0
 40
0
 40
0
 40
0
 40
1
 40
1
 40
1
 40
1
 10
38.412830
 20
283.229630
 30
0.0
 10
38.395031
 20
283.219295
 30
0.0
 10
38.372925
 20
283.209247
 30
0.0
 10
38.346513
 20
283.199485
 30
0.0
  0
SPLINE
  5
5bd
100
AcDbEntity
  8
0
 62
7
100
AcDbSpline
 70
8
 71
3
 72
8
 73
4
 74
0
 40
0
 40
0
 40
0
 40
0
 40
1
 40
1
 40
1
 40
1
 10
38.346513
 20
283.199485
 30
0.0
 10
38.320673
 20
283.190299
 30
0.0
 10
38.290815
 20
283.182548
 30
0.0
 10
38.256938
 20
283.176231
 30
0.0
  0
SPLINE
  5
5be
100
AcDbEntity
  8
0
 62
7
100
AcDbSpline
 70
8
 71
3
 72
8
 73
4
 74
0
 40
0
 40
0
 40
0
 40
0
 40
1
 40
1
 40
1
 40
1
 10
38.256938
 20
283.176231
 30
0.0
 10
38.223636
 20
283.169915
 30
0.0
 10
38.187463
 20
283.166756
 30
0.0
 10
38.148419
 20
283.166756
 30
0.0
  0
SPLINE
  5
5bf
100
AcDbEntity
  8
0
 62
7
100
AcDbSpline
 70
8
 71
3
 72
8
 73
4
 74
0
 40
0
 40
0
 40
0
 40
0
 40
1
 40
1
 40
1
 40
1
 10
38.148419
 20
283.166756
 30
0.0
 10
38.072052
 20
283.166756
 30
0.0
 10
38.003150
 20
283.178527
 30
0.0
 10
37.941713
 20
283.202069
 30
0.0
  0
SPLINE
  5
5c0
100
AcDbEntity
  8
0
 62
7
100
AcDbSpline
 70
8
 71
3
 72
8
 73
4
 74
0
 40
0
 40
0
 40
0
 40
0
 40
1
 40
1
 40
1
 40
1
 10
37.941713
 20
283.202069
 30
0.0
 10
37.880275
 20
283.225610
 30
0.0
 10
37.828025
 20
283.260635
 30
0.0
 10
37.784961
 20
283.307144
 30
0.0
  0
SPLINE
  5
5c1
100
AcDbEntity
  8
0
 62
7
100
AcDbSpline
 70
8
 71
3
 72
8
 73
4
 74
0
 40
0
 40
0
 40
0
 40
0
 40
1
 40
1
 40
1
 40
1
 10
37.784961
 20
283.307144
 30
0.0
 10
37.741898
 20
283.354227
 30
0.0
 10
37.708882
 20
283.412794
 30
0.0
 10
37.685914
 20
283.482844
 30
0.0
  0
SPLINE
  5
5c2
100
AcDbEntity
  8
0
 62
7
100
AcDbSpline
 70
8
 71
3
 72
8
 73
4
 74
0
 40
0
 40
0
 40
0
 40
0
 40
1
 40
1
 40
1
 40
1
 10
37.685914
 20
283.482844
 30
0.0
 10
37.662947
 20
283.552894
 30
0.0
 10
37.651463
 20
283.634428
 30
0.0
 10
37.651463
 20
283.727446
 30
0.0
  0
SPLINE
  5
5c3
100
AcDbEntity
  8
0
 62
7
100
AcDbSpline
 70
8
 71
3
 72
8
 73
4
 74
0
 40
0
 40
0
 40
0
 40
0
 40
1
 40
1
 40
1
 40
1
 10
37.651463
 20
283.727446
 30
0.0
 10
37.651463
 20
283.822186
 30
0.0
 10
37.664095
 20
283.906304
 30
0.0
 10
37.689359
 20
283.979799
 30
0.0
  0
SPLINE
  5
5c4
100
AcDbEntity
  8
0
 62
7
100
AcDbSpline
 70
8
 71
3
 72
8
 73
4
 74
0
 40
0
 40
0
 40
0
 40
0
 40
1
 40
1
 40
1
 40
1
 10
37.689359
 20
283.979799
 30
0.0
 10
37.714623
 20
284.053295
 30
0.0
 10
37.749936
 20
284.115019
 30
0.0
 10
37.795296
 20
284.164973
 30
0.0
  0
SPLINE
  5
5c5
100
AcDbEntity
  8
0
 62
7
100
AcDbSpline
 70
8
 71
3
 72
8
 73
4
 74
0
 40
0
 40
0
 40
0
 40
0
 40
1
 40
1
 40
1
 40
1
 10
37.795296
 20
284.164973
 30
0.0
 10
37.840656
 20
284.214927
 30
0.0
 10
37.894917
 20
284.252823
 30
0.0
 10
37.958078
 20
284.278661
 30
0.0
  0
SPLINE
  5
5c6
100
AcDbEntity
  8
0
 62
7
100
AcDbSpline
 70
8
 71
3
 72
8
 73
4
 74
0
 40
0
 40
0
 40
0
 40
0
 40
1
 40
1
 40
1
 40
1
 10
37.958078
 20
284.278661
 30
0.0
 10
38.021811
 20
284.304499
 30
0.0
 10
38.091861
 20
284.317419
 30
0.0
 10
38.168228
 20
284.317419
 30
0.0
  0
SPLINE
  5
5c7
100
AcDbEntity
  8
0
 62
7
100
AcDbSpline
 70
8
 71
3
 72
8
 73
4
 74
0
 40
0
 40
0
 40
0
 40
0
 40
1
 40
1
 40
1
 40
1
 10
38.168228
 20
284.317419
 30
0.0
 10
38.199234
 20
284.317419
 30
0.0
 10
38.229091
 20
284.314834
 30
0.0
 10
38.257801
 20
284.309666
 30
0.0
  0
SPLINE
  5
5c8
100
AcDbEntity
  8
0
 62
7
100
AcDbSpline
 70
8
 71
3
 72
8
 73
4
 74
0
 40
0
 40
0
 40
0
 40
0
 40
1
 40
1
 40
1
 40
1
 10
38.257801
 20
284.309666
 30
0.0
 10
38.286510
 20
284.304498
 30
0.0
 10
38.312922
 20
284.297607
 30
0.0
 10
38.337038
 20
284.288994
 30
0.0
  0
SPLINE
  5
5c9
100
AcDbEntity
  8
0
 62
7
100
AcDbSpline
 70
8
 71
3
 72
8
 73
4
 74
0
 40
0
 40
0
 40
0
 40
0
 40
1
 40
1
 40
1
 40
1
 10
38.337038
 20
284.288994
 30
0.0
 10
38.361727
 20
284.280956
 30
0.0
 10
38.383833
 20
284.271482
 30
0.0
 10
38.403356
 20
284.260572
 30
0.0
  0
SPLINE
  5
5ca
100
AcDbEntity
  8
0
 62
7
100
AcDbSpline
 70
8
 71
3
 72
8
 73
4
 74
0
 40
0
 40
0
 40
0
 40
0
 40
1
 40
1
 40
1
 40
1
 10
38.403356
 20
284.260572
 30
0.0
 10
38.422878
 20
284.249663
 30
0.0
 10
38.436371
 20
284.240189
 30
0.0
 10
38.443834
 20
284.232150
 30
0.0
  0
SPLINE
  5
5cb
100
AcDbEntity
  8
0
 62
7
100
AcDbSpline
 70
8
 71
3
 72
8
 73
4
 74
0
 40
0
 40
0
 40
0
 40
0
 40
1
 40
1
 40
1
 40
1
 10
38.443834
 20
284.232150
 30
0.0
 10
38.451878
 20
284.224685
 30
0.0
 10
38.457337
 20
284.218370
 30
0.0
 10
38.460212
 20
284.213203
 30
0.0
  0
SPLINE
  5
5cc
100
AcDbEntity
  8
0
 62
7
100
AcDbSpline
 70
8
 71
3
 72
8
 73
4
 74
0
 40
0
 40
0
 40
0
 40
0
 40
1
 40
1
 40
1
 40
1
 10
38.460212
 20
284.213203
 30
0.0
 10
38.463087
 20
284.208035
 30
0.0
 10
38.465380
 20
284.201432
 30
0.0
 10
38.467091
 20
284.193394
 30
0.0
  0
SPLINE
  5
5cd
100
AcDbEntity
  8
0
 62
7
100
AcDbSpline
 70
8
 71
3
 72
8
 73
4
 74
0
 40
0
 40
0
 40
0
 40
0
 40
1
 40
1
 40
1
 40
1
 10
38.467091
 20
284.193394
 30
0.0
 10
38.468855
 20
284.185356
 30
0.0
 10
38.470002
 20
284.175882
 30
0.0
 10
38.470531
 20
284.164972
 30
0.0
  0
SPLINE
  5
5ce
100
AcDbEntity
  8
0
 62
7
100
AcDbSpline
 70
8
 71
3
 72
8
 73
4
 74
0
 40
0
 40
0
 40
0
 40
0
 40
1
 40
1
 40
1
 40
1
 10
38.470531
 20
284.164972
 30
0.0
 10
38.471765
 20
284.154062
 30
0.0
 10
38.472383
 20
284.140569
 30
0.0
 10
38.472383
 20
284.124492
 30
0.0
  0
SPLINE
  5
5cf
100
AcDbEntity
  8
0
 62
7
100
AcDbSpline
 70
8
 71
3
 72
8
 73
4
 74
0
 40
0
 40
0
 40
0
 40
0
 40
1
 40
1
 40
1
 40
1
 10
38.472383
 20
284.124492
 30
0.0
 10
38.472383
 20
284.107266
 30
0.0
 10
38.471765
 20
284.092624
 30
0.0
 10
38.470531
 20
284.080567
 30
0.0
  0
SPLINE
  5
5d0
100
AcDbEntity
  8
0
 62
7
100
AcDbSpline
 70
8
 71
3
 72
8
 73
4
 74
0
 40
0
 40
0
 40
0
 40
0
 40
1
 40
1
 40
1
 40
1
 10
38.470531
 20
284.080567
 30
0.0
 10
38.469296
 20
284.068509
 30
0.0
 10
38.467285
 20
284.058748
 30
0.0
 10
38.464498
 20
284.051284
 30
0.0
  0
SPLINE
  5
5d1
100
AcDbEntity
  8
0
 62
7
100
AcDbSpline
 70
8
 71
3
 72
8
 73
4
 74
0
 40
0
 40
0
 40
0
 40
0
 40
1
 40
1
 40
1
 40
1
 10
38.464498
 20
284.051284
 30
0.0
 10
38.461623
 20
284.043819
 30
0.0
 10
38.458175
 20
284.038364
 30
0.0
 10
38.454153
 20
284.034919
 30
0.0
  0
SPLINE
  5
5d2
100
AcDbEntity
  8
0
 62
7
100
AcDbSpline
 70
8
 71
3
 72
8
 73
4
 74
0
 40
0
 40
0
 40
0
 40
0
 40
1
 40
1
 40
1
 40
1
 10
38.454153
 20
284.034919
 30
0.0
 10
38.450131
 20
284.031474
 30
0.0
 10
38.445536
 20
284.029752
 30
0.0
 10
38.440368
 20
284.029752
 30
0.0
  0
SPLINE
  5
5d3
100
AcDbEntity
  8
0
 62
7
100
AcDbSpline
 70
8
 71
3
 72
8
 73
4
 74
0
 40
0
 40
0
 40
0
 40
0
 40
1
 40
1
 40
1
 40
1
 10
38.440368
 20
284.029752
 30
0.0
 10
38.431760
 20
284.029752
 30
0.0
 10
38.420852
 20
284.034633
 30
0.0
 10
38.407642
 20
284.044394
 30
0.0
  0
SPLINE
  5
5d4
100
AcDbEntity
  8
0
 62
7
100
AcDbSpline
 70
8
 71
3
 72
8
 73
4
 74
0
 40
0
 40
0
 40
0
 40
0
 40
1
 40
1
 40
1
 40
1
 10
38.407642
 20
284.044394
 30
0.0
 10
38.394430
 20
284.054729
 30
0.0
 10
38.377204
 20
284.065925
 30
0.0
 10
38.355964
 20
284.077984
 30
0.0
  0
SPLINE
  5
5d5
100
AcDbEntity
  8
0
 62
7
100
AcDbSpline
 70
8
 71
3
 72
8
 73
4
 74
0
 40
0
 40
0
 40
0
 40
0
 40
1
 40
1
 40
1
 40
1
 10
38.355964
 20
284.077984
 30
0.0
 10
38.335294
 20
284.090615
 30
0.0
 10
38.310318
 20
284.101812
 30
0.0
 10
38.281034
 20
284.111574
 30
0.0
  0
SPLINE
  5
5d6
100
AcDbEntity
  8
0
 62
7
100
AcDbSpline
 70
8
 71
3
 72
8
 73
4
 74
0
 40
0
 40
0
 40
0
 40
0
 40
1
 40
1
 40
1
 40
1
 10
38.281034
 20
284.111574
 30
0.0
 10
38.252325
 20
284.121908
 30
0.0
 10
38.217873
 20
284.127075
 30
0.0
 10
38.177679
 20
284.127075
 30
0.0
  0
SPLINE
  5
5d7
100
AcDbEntity
  8
0
 62
7
100
AcDbSpline
 70
8
 71
3
 72
8
 73
4
 74
0
 40
0
 40
0
 40
0
 40
0
 40
1
 40
1
 40
1
 40
1
 10
38.177679
 20
284.127075
 30
0.0
 10
38.133468
 20
284.127075
 30
0.0
 10
38.093850
 20
284.117889
 30
0.0
 10
38.058826
 20
284.099515
 30
0.0
  0
SPLINE
  5
5d8
100
AcDbEntity
  8
0
 62
7
100
AcDbSpline
 70
8
 71
3
 72
8
 73
4
 74
0
 40
0
 40
0
 40
0
 40
0
 40
1
 40
1
 40
1
 40
1
 10
38.058826
 20
284.099515
 30
0.0
 10
38.024374
 20
284.081715
 30
0.0
 10
37.994803
 20
284.055877
 30
0.0
 10
37.970114
 20
284.022000
 30
0.0
  0
SPLINE
  5
5d9
100
AcDbEntity
  8
0
 62
7
100
AcDbSpline
 70
8
 71
3
 72
8
 73
4
 74
0
 40
0
 40
0
 40
0
 40
0
 40
1
 40
1
 40
1
 40
1
 10
37.970114
 20
284.022000
 30
0.0
 10
37.945998
 20
283.988697
 30
0.0
 10
37.927624
 20
283.948217
 30
0.0
 10
37.914993
 20
283.900560
 30
0.0
  0
SPLINE
  5
5da
100
AcDbEntity
  8
0
 62
7
100
AcDbSpline
 70
8
 71
3
 72
8
 73
4
 74
0
 40
0
 40
0
 40
0
 40
0
 40
1
 40
1
 40
1
 40
1
 10
37.914993
 20
283.900560
 30
0.0
 10
37.902364
 20
283.852903
 30
0.0
 10
37.896049
 20
283.799217
 30
0.0
 10
37.896049
 20
283.739502
 30
0.0
  0
SPLINE
  5
5db
100
AcDbEntity
  8
0
 62
7
100
AcDbSpline
 70
8
 71
3
 72
8
 73
4
 74
0
 40
0
 40
0
 40
0
 40
0
 40
1
 40
1
 40
1
 40
1
 10
37.896049
 20
283.739502
 30
0.0
 10
37.896049
 20
283.674045
 30
0.0
 10
37.902655
 20
283.617201
 30
0.0
 10
37.915866
 20
283.568970
 30
0.0
  0
SPLINE
  5
5dc
100
AcDbEntity
  8
0
 62
7
100
AcDbSpline
 70
8
 71
3
 72
8
 73
4
 74
0
 40
0
 40
0
 40
0
 40
0
 40
1
 40
1
 40
1
 40
1
 10
37.915866
 20
283.568970
 30
0.0
 10
37.929642
 20
283.521313
 30
0.0
 10
37.948877
 20
283.481981
 30
0.0
 10
37.973572
 20
283.450975
 30
0.0
  0
SPLINE
  5
5dd
100
AcDbEntity
  8
0
 62
7
100
AcDbSpline
 70
8
 71
3
 72
8
 73
4
 74
0
 40
0
 40
0
 40
0
 40
0
 40
1
 40
1
 40
1
 40
1
 10
37.973572
 20
283.450975
 30
0.0
 10
37.998836
 20
283.419969
 30
0.0
 10
38.028981
 20
283.396715
 30
0.0
 10
38.064006
 20
283.381212
 30
0.0
  0
SPLINE
  5
5de
100
AcDbEntity
  8
0
 62
7
100
AcDbSpline
 70
8
 71
3
 72
8
 73
4
 74
0
 40
0
 40
0
 40
0
 40
0
 40
1
 40
1
 40
1
 40
1
 10
38.064006
 20
283.381212
 30
0.0
 10
38.099605
 20
283.366283
 30
0.0
 10
38.139511
 20
283.358818
 30
0.0
 10
38.183722
 20
283.358818
 30
0.0
  0
SPLINE
  5
5df
100
AcDbEntity
  8
0
 62
7
100
AcDbSpline
 70
8
 71
3
 72
8
 73
4
 74
0
 40
0
 40
0
 40
0
 40
0
 40
1
 40
1
 40
1
 40
1
 10
38.183722
 20
283.358818
 30
0.0
 10
38.223916
 20
283.358818
 30
0.0
 10
38.258654
 20
283.363411
 30
0.0
 10
38.287937
 20
283.372597
 30
0.0
  0
SPLINE
  5
5e0
100
AcDbEntity
  8
0
 62
7
100
AcDbSpline
 70
8
 71
3
 72
8
 73
4
 74
0
 40
0
 40
0
 40
0
 40
0
 40
1
 40
1
 40
1
 40
1
 10
38.287937
 20
283.372597
 30
0.0
 10
38.317221
 20
283.382359
 30
0.0
 10
38.342197
 20
283.392981
 30
0.0
 10
38.362867
 20
283.404464
 30
0.0
  0
SPLINE
  5
5e1
100
AcDbEntity
  8
0
 62
7
100
AcDbSpline
 70
8
 71
3
 72
8
 73
4
 74
0
 40
0
 40
0
 40
0
 40
0
 40
1
 40
1
 40
1
 40
1
 10
38.362867
 20
283.404464
 30
0.0
 10
38.384113
 20
283.415947
 30
0.0
 10
38.401339
 20
283.426283
 30
0.0
 10
38.414545
 20
283.435470
 30
0.0
  0
SPLINE
  5
5e2
100
AcDbEntity
  8
0
 62
7
100
AcDbSpline
 70
8
 71
3
 72
8
 73
4
 74
0
 40
0
 40
0
 40
0
 40
0
 40
1
 40
1
 40
1
 40
1
 10
38.414545
 20
283.435470
 30
0.0
 10
38.428321
 20
283.444656
 30
0.0
 10
38.438943
 20
283.449250
 30
0.0
 10
38.446411
 20
283.449250
 30
0.0
  0
SPLINE
  5
5e3
100
AcDbEntity
  8
0
 62
7
100
AcDbSpline
 70
8
 71
3
 72
8
 73
4
 74
0
 40
0
 40
0
 40
0
 40
0
 40
1
 40
1
 40
1
 40
1
 10
38.446411
 20
283.449250
 30
0.0
 10
38.452162
 20
283.449250
 30
0.0
 10
38.456757
 20
283.448101
 30
0.0
 10
38.460196
 20
283.445805
 30
0.0
  0
SPLINE
  5
5e4
100
AcDbEntity
  8
0
 62
7
100
AcDbSpline
 70
8
 71
3
 72
8
 73
4
 74
0
 40
0
 40
0
 40
0
 40
0
 40
1
 40
1
 40
1
 40
1
 10
38.460196
 20
283.445805
 30
0.0
 10
38.463636
 20
283.443508
 30
0.0
 10
38.466511
 20
283.438915
 30
0.0
 10
38.468822
 20
283.432025
 30
0.0
  0
SPLINE
  5
5e5
100
AcDbEntity
  8
0
 62
7
100
AcDbSpline
 70
8
 71
3
 72
8
 73
4
 74
0
 40
0
 40
0
 40
0
 40
0
 40
1
 40
1
 40
1
 40
1
 10
38.468822
 20
283.432025
 30
0.0
 10
38.471115
 20
283.425136
 30
0.0
 10
38.472834
 20
283.415374
 30
0.0
 10
38.473981
 20
283.402742
 30
0.0
  0
SPLINE
  5
5e6
100
AcDbEntity
  8
0
 62
7
100
AcDbSpline
 70
8
 71
3
 72
8
 73
4
 74
0
 40
0
 40
0
 40
0
 40
0
 40
1
 40
1
 40
1
 40
1
 10
38.473981
 20
283.402742
 30
0.0
 10
38.475216
 20
283.390684
 30
0.0
 10
38.475833
 20
283.374320
 30
0.0
 10
38.475833
 20
283.353649
 30
0.0
  0
LWPOLYLINE
  5
5e7
100
AcDbEntity
  8
0
 62
7
100
AcDbPolyline
 90
4
 70
1
 10
37.058161
 20
284.086599
 30
0.0
 10
37.057368
 20
284.086599
 30
0.0
 10
36.899753
 20
283.612898
 30
0.0
 10
37.215840
 20
283.612898
 30
0.0
  0
SPLINE
  5
5e8
100
AcDbEntity
  8
0
 62
7
100
AcDbSpline
 70
8
 71
3
 72
8
 73
4
 74
0
 40
0
 40
0
 40
0
 40
0
 40
1
 40
1
 40
1
 40
1
 10
40.039893
 20
283.755008
 30
0.0
 10
40.039893
 20
283.662565
 30
0.0
 10
40.028409
 20
283.579882
 30
0.0
 10
40.005442
 20
283.506961
 30
0.0
  0
SPLINE
  5
5e9
100
AcDbEntity
  8
0
 62
7
100
AcDbSpline
 70
8
 71
3
 72
8
 73
4
 74
0
 40
0
 40
0
 40
0
 40
0
 40
1
 40
1
 40
1
 40
1
 10
40.005442
 20
283.506961
 30
0.0
 10
39.982474
 20
283.434040
 30
0.0
 10
39.948310
 20
283.372028
 30
0.0
 10
39.902950
 20
283.320926
 30
0.0
  0
SPLINE
  5
5ea
100
AcDbEntity
  8
0
 62
7
100
AcDbSpline
 70
8
 71
3
 72
8
 73
4
 74
0
 40
0
 40
0
 40
0
 40
0
 40
1
 40
1
 40
1
 40
1
 10
39.902950
 20
283.320926
 30
0.0
 10
39.857590
 20
283.270398
 30
0.0
 10
39.801320
 20
283.231641
 30
0.0
 10
39.734141
 20
283.204654
 30
0.0
  0
SPLINE
  5
5eb
100
AcDbEntity
  8
0
 62
7
100
AcDbSpline
 70
8
 71
3
 72
8
 73
4
 74
0
 40
0
 40
0
 40
0
 40
0
 40
1
 40
1
 40
1
 40
1
 10
39.734141
 20
283.204654
 30
0.0
 10
39.667535
 20
283.178242
 30
0.0
 10
39.590307
 20
283.165035
 30
0.0
 10
39.502458
 20
283.165035
 30
0.0
  0
SPLINE
  5
5ec
100
AcDbEntity
  8
0
 62
7
100
AcDbSpline
 70
8
 71
3
 72
8
 73
4
 74
0
 40
0
 40
0
 40
0
 40
0
 40
1
 40
1
 40
1
 40
1
 10
39.502458
 20
283.165035
 30
0.0
 10
39.415756
 20
283.165035
 30
0.0
 10
39.339964
 20
283.176232
 30
0.0
 10
39.275081
 20
283.198625
 30
0.0
  0
SPLINE
  5
5ed
100
AcDbEntity
  8
0
 62
7
100
AcDbSpline
 70
8
 71
3
 72
8
 73
4
 74
0
 40
0
 40
0
 40
0
 40
0
 40
1
 40
1
 40
1
 40
1
 10
39.275081
 20
283.198625
 30
0.0
 10
39.210773
 20
283.221592
 30
0.0
 10
39.157087
 20
283.256331
 30
0.0
 10
39.114024
 20
283.302839
 30
0.0
  0
SPLINE
  5
5ee
100
AcDbEntity
  8
0
 62
7
100
AcDbSpline
 70
8
 71
3
 72
8
 73
4
 74
0
 40
0
 40
0
 40
0
 40
0
 40
1
 40
1
 40
1
 40
1
 10
39.114024
 20
283.302839
 30
0.0
 10
39.070960
 20
283.349348
 30
0.0
 10
39.038519
 20
283.408489
 30
0.0
 10
39.016699
 20
283.480262
 30
0.0
  0
SPLINE
  5
5ef
100
AcDbEntity
  8
0
 62
7
100
AcDbSpline
 70
8
 71
3
 72
8
 73
4
 74
0
 40
0
 40
0
 40
0
 40
0
 40
1
 40
1
 40
1
 40
1
 10
39.016699
 20
283.480262
 30
0.0
 10
38.995455
 20
283.552035
 30
0.0
 10
38.984833
 20
283.637014
 30
0.0
 10
38.984833
 20
283.735199
 30
0.0
  0
SPLINE
  5
5f0
100
AcDbEntity
  8
0
 62
7
100
AcDbSpline
 70
8
 71
3
 72
8
 73
4
 74
0
 40
0
 40
0
 40
0
 40
0
 40
1
 40
1
 40
1
 40
1
 10
38.984833
 20
283.735199
 30
0.0
 10
38.984833
 20
283.825346
 30
0.0
 10
38.996316
 20
283.906305
 30
0.0
 10
39.019282
 20
283.978078
 30
0.0
  0
SPLINE
  5
5f1
100
AcDbEntity
  8
0
 62
7
100
AcDbSpline
 70
8
 71
3
 72
8
 73
4
 74
0
 40
0
 40
0
 40
0
 40
0
 40
1
 40
1
 40
1
 40
1
 10
39.019282
 20
283.978078
 30
0.0
 10
39.042249
 20
284.050425
 30
0.0
 10
39.076413
 20
284.111863
 30
0.0
 10
39.121773
 20
284.162391
 30
0.0
  0
SPLINE
  5
5f2
100
AcDbEntity
  8
0
 62
7
100
AcDbSpline
 70
8
 71
3
 72
8
 73
4
 74
0
 40
0
 40
0
 40
0
 40
0
 40
1
 40
1
 40
1
 40
1
 10
39.121773
 20
284.162391
 30
0.0
 10
39.167135
 20
284.212919
 30
0.0
 10
39.223118
 20
284.251676
 30
0.0
 10
39.289723
 20
284.278663
 30
0.0
  0
SPLINE
  5
5f3
100
AcDbEntity
  8
0
 62
7
100
AcDbSpline
 70
8
 71
3
 72
8
 73
4
 74
0
 40
0
 40
0
 40
0
 40
0
 40
1
 40
1
 40
1
 40
1
 10
39.289723
 20
284.278663
 30
0.0
 10
39.356902
 20
284.305649
 30
0.0
 10
39.434704
 20
284.319143
 30
0.0
 10
39.523128
 20
284.319143
 30
0.0
  0
SPLINE
  5
5f4
100
AcDbEntity
  8
0
 62
7
100
AcDbSpline
 70
8
 71
3
 72
8
 73
4
 74
0
 40
0
 40
0
 40
0
 40
0
 40
1
 40
1
 40
1
 40
1
 10
39.523128
 20
284.319143
 30
0.0
 10
39.607533
 20
284.319143
 30
0.0
 10
39.681890
 20
284.307946
 30
0.0
 10
39.746198
 20
284.285553
 30
0.0
  0
SPLINE
  5
5f5
100
AcDbEntity
  8
0
 62
7
100
AcDbSpline
 70
8
 71
3
 72
8
 73
4
 74
0
 40
0
 40
0
 40
0
 40
0
 40
1
 40
1
 40
1
 40
1
 10
39.746198
 20
284.285553
 30
0.0
 10
39.811081
 20
284.263160
 30
0.0
 10
39.865054
 20
284.228709
 30
0.0
 10
39.908117
 20
284.182200
 30
0.0
  0
SPLINE
  5
5f6
100
AcDbEntity
  8
0
 62
7
100
AcDbSpline
 70
8
 71
3
 72
8
 73
4
 74
0
 40
0
 40
0
 40
0
 40
0
 40
1
 40
1
 40
1
 40
1
 10
39.908117
 20
284.182200
 30
0.0
 10
39.951756
 20
284.135691
 30
0.0
 10
39.984484
 20
284.076838
 30
0.0
 10
40.006302
 20
284.005639
 30
0.0
  0
SPLINE
  5
5f7
100
AcDbEntity
  8
0
 62
7
100
AcDbSpline
 70
8
 71
3
 72
8
 73
4
 74
0
 40
0
 40
0
 40
0
 40
0
 40
1
 40
1
 40
1
 40
1
 10
40.006302
 20
284.005639
 30
0.0
 10
40.028696
 20
283.935014
 30
0.0
 10
40.039893
 20
283.851471
 30
0.0
 10
40.039893
 20
283.755008
 30
0.0
  0
LWPOLYLINE
  5
5f8
100
AcDbEntity
  8
0
 62
7
100
AcDbPolyline
 90
1
 70
1
 10
38.475833
 20
283.353649
 30
0.0
  0
SPLINE
  5
5f9
100
AcDbEntity
  8
0
 62
7
100
AcDbSpline
 70
8
 71
3
 72
8
 73
4
 74
0
 40
0
 40
0
 40
0
 40
0
 40
1
 40
1
 40
1
 40
1
 10
39.802181
 20
283.742951
 30
0.0
 10
39.802181
 20
283.801518
 30
0.0
 10
39.797586
 20
283.854630
 30
0.0
 10
39.788396
 20
283.902287
 30
0.0
  0
SPLINE
  5
5fa
100
AcDbEntity
  8
0
 62
7
100
AcDbSpline
 70
8
 71
3
 72
8
 73
4
 74
0
 40
0
 40
0
 40
0
 40
0
 40
1
 40
1
 40
1
 40
1
 10
39.788396
 20
283.902287
 30
0.0
 10
39.779206
 20
283.950518
 30
0.0
 10
39.763416
 20
283.991572
 30
0.0
 10
39.741025
 20
284.025449
 30
0.0
  0
SPLINE
  5
5fb
100
AcDbEntity
  8
0
 62
7
100
AcDbSpline
 70
8
 71
3
 72
8
 73
4
 74
0
 40
0
 40
0
 40
0
 40
0
 40
1
 40
1
 40
1
 40
1
 10
39.741025
 20
284.025449
 30
0.0
 10
39.719206
 20
284.059900
 30
0.0
 10
39.689923
 20
284.086312
 30
0.0
 10
39.653176
 20
284.104686
 30
0.0
  0
SPLINE
  5
5fc
100
AcDbEntity
  8
0
 62
7
100
AcDbSpline
 70
8
 71
3
 72
8
 73
4
 74
0
 40
0
 40
0
 40
0
 40
0
 40
1
 40
1
 40
1
 40
1
 10
39.653176
 20
284.104686
 30
0.0
 10
39.616429
 20
284.123634
 30
0.0
 10
39.570494
 20
284.133108
 30
0.0
 10
39.515373
 20
284.133108
 30
0.0
  0
SPLINE
  5
5fd
100
AcDbEntity
  8
0
 62
7
100
AcDbSpline
 70
8
 71
3
 72
8
 73
4
 74
0
 40
0
 40
0
 40
0
 40
0
 40
1
 40
1
 40
1
 40
1
 10
39.515373
 20
284.133108
 30
0.0
 10
39.459676
 20
284.133108
 30
0.0
 10
39.413167
 20
284.122486
 30
0.0
 10
39.375845
 20
284.101241
 30
0.0
  0
SPLINE
  5
5fe
100
AcDbEntity
  8
0
 62
7
100
AcDbSpline
 70
8
 71
3
 72
8
 73
4
 74
0
 40
0
 40
0
 40
0
 40
0
 40
1
 40
1
 40
1
 40
1
 10
39.375845
 20
284.101241
 30
0.0
 10
39.338523
 20
284.080571
 30
0.0
 10
39.308378
 20
284.052723
 30
0.0
 10
39.285410
 20
284.017698
 30
0.0
  0
SPLINE
  5
5ff
100
AcDbEntity
  8
0
 62
7
100
AcDbSpline
 70
8
 71
3
 72
8
 73
4
 74
0
 40
0
 40
0
 40
0
 40
0
 40
1
 40
1
 40
1
 40
1
 10
39.285410
 20
284.017698
 30
0.0
 10
39.262444
 20
283.982672
 30
0.0
 10
39.246081
 20
283.941618
 30
0.0
 10
39.236319
 20
283.894535
 30
0.0
  0
SPLINE
  5
600
100
AcDbEntity
  8
0
 62
7
100
AcDbSpline
 70
8
 71
3
 72
8
 73
4
 74
0
 40
0
 40
0
 40
0
 40
0
 40
1
 40
1
 40
1
 40
1
 10
39.236319
 20
283.894535
 30
0.0
 10
39.227130
 20
283.848027
 30
0.0
 10
39.222535
 20
283.798647
 30
0.0
 10
39.222535
 20
283.746396
 30
0.0
  0
SPLINE
  5
601
100
AcDbEntity
  8
0
 62
7
100
AcDbSpline
 70
8
 71
3
 72
8
 73
4
 74
0
 40
0
 40
0
 40
0
 40
0
 40
1
 40
1
 40
1
 40
1
 10
39.222535
 20
283.746396
 30
0.0
 10
39.222535
 20
283.685533
 30
0.0
 10
39.227130
 20
283.630698
 30
0.0
 10
39.236319
 20
283.581893
 30
0.0
  0
SPLINE
  5
602
100
AcDbEntity
  8
0
 62
7
100
AcDbSpline
 70
8
 71
3
 72
8
 73
4
 74
0
 40
0
 40
0
 40
0
 40
0
 40
1
 40
1
 40
1
 40
1
 10
39.236319
 20
283.581893
 30
0.0
 10
39.245509
 20
283.533662
 30
0.0
 10
39.261012
 20
283.492320
 30
0.0
 10
39.282828
 20
283.457870
 30
0.0
  0
SPLINE
  5
603
100
AcDbEntity
  8
0
 62
7
100
AcDbSpline
 70
8
 71
3
 72
8
 73
4
 74
0
 40
0
 40
0
 40
0
 40
0
 40
1
 40
1
 40
1
 40
1
 10
39.282828
 20
283.457870
 30
0.0
 10
39.304647
 20
283.423418
 30
0.0
 10
39.333930
 20
283.397006
 30
0.0
 10
39.370677
 20
283.378632
 30
0.0
  0
SPLINE
  5
604
100
AcDbEntity
  8
0
 62
7
100
AcDbSpline
 70
8
 71
3
 72
8
 73
4
 74
0
 40
0
 40
0
 40
0
 40
0
 40
1
 40
1
 40
1
 40
1
 10
39.370677
 20
283.378632
 30
0.0
 10
39.407424
 20
283.360833
 30
0.0
 10
39.453646
 20
283.351933
 30
0.0
 10
39.509343
 20
283.351933
 30
0.0
  0
SPLINE
  5
605
100
AcDbEntity
  8
0
 62
7
100
AcDbSpline
 70
8
 71
3
 72
8
 73
4
 74
0
 40
0
 40
0
 40
0
 40
0
 40
1
 40
1
 40
1
 40
1
 10
39.509343
 20
283.351933
 30
0.0
 10
39.565038
 20
283.351933
 30
0.0
 10
39.611546
 20
283.362268
 30
0.0
 10
39.648868
 20
283.382938
 30
0.0
  0
SPLINE
  5
606
100
AcDbEntity
  8
0
 62
7
100
AcDbSpline
 70
8
 71
3
 72
8
 73
4
 74
0
 40
0
 40
0
 40
0
 40
0
 40
1
 40
1
 40
1
 40
1
 10
39.648868
 20
283.382938
 30
0.0
 10
39.686190
 20
283.403609
 30
0.0
 10
39.716335
 20
283.431744
 30
0.0
 10
39.739303
 20
283.467343
 30
0.0
  0
SPLINE
  5
607
100
AcDbEntity
  8
0
 62
7
100
AcDbSpline
 70
8
 71
3
 72
8
 73
4
 74
0
 40
0
 40
0
 40
0
 40
0
 40
1
 40
1
 40
1
 40
1
 10
39.739303
 20
283.467343
 30
0.0
 10
39.762270
 20
283.502943
 30
0.0
 10
39.778347
 20
283.544284
 30
0.0
 10
39.787534
 20
283.591367
 30
0.0
  0
SPLINE
  5
608
100
AcDbEntity
  8
0
 62
7
100
AcDbSpline
 70
8
 71
3
 72
8
 73
4
 74
0
 40
0
 40
0
 40
0
 40
0
 40
1
 40
1
 40
1
 40
1
 10
39.787534
 20
283.591367
 30
0.0
 10
39.797288
 20
283.639024
 30
0.0
 10
39.802165
 20
283.689552
 30
0.0
 10
39.802165
 20
283.742951
 30
0.0
  0
LWPOLYLINE
  5
609
100
AcDbEntity
  8
0
 62
7
100
AcDbPolyline
 90
1
 70
1
 10
40.039893
 20
283.755008
 30
0.0
  0
SPLINE
  5
60a
100
AcDbEntity
  8
0
 62
7
100
AcDbSpline
 70
8
 71
3
 72
8
 73
4
 74
0
 40
0
 40
0
 40
0
 40
0
 40
1
 40
1
 40
1
 40
1
 10
40.890833
 20
283.519019
 30
0.0
 10
40.890833
 20
283.460452
 30
0.0
 10
40.879923
 20
283.409063
 30
0.0
 10
40.858104
 20
283.364851
 30
0.0
  0
SPLINE
  5
60b
100
AcDbEntity
  8
0
 62
7
100
AcDbSpline
 70
8
 71
3
 72
8
 73
4
 74
0
 40
0
 40
0
 40
0
 40
0
 40
1
 40
1
 40
1
 40
1
 10
40.858104
 20
283.364851
 30
0.0
 10
40.836284
 20
283.320639
 30
0.0
 10
40.806714
 20
283.283604
 30
0.0
 10
40.769392
 20
283.253747
 30
0.0
  0
SPLINE
  5
60c
100
AcDbEntity
  8
0
 62
7
100
AcDbSpline
 70
8
 71
3
 72
8
 73
4
 74
0
 40
0
 40
0
 40
0
 40
0
 40
1
 40
1
 40
1
 40
1
 10
40.769392
 20
283.253747
 30
0.0
 10
40.732069
 20
283.224463
 30
0.0
 10
40.688432
 20
283.202357
 30
0.0
 10
40.638478
 20
283.187429
 30
0.0
  0
SPLINE
  5
60d
100
AcDbEntity
  8
0
 62
7
100
AcDbSpline
 70
8
 71
3
 72
8
 73
4
 74
0
 40
0
 40
0
 40
0
 40
0
 40
1
 40
1
 40
1
 40
1
 10
40.638478
 20
283.187429
 30
0.0
 10
40.588525
 20
283.172499
 30
0.0
 10
40.535126
 20
283.165034
 30
0.0
 10
40.478281
 20
283.165034
 30
0.0
  0
SPLINE
  5
60e
100
AcDbEntity
  8
0
 62
7
100
AcDbSpline
 70
8
 71
3
 72
8
 73
4
 74
0
 40
0
 40
0
 40
0
 40
0
 40
1
 40
1
 40
1
 40
1
 10
40.478281
 20
283.165034
 30
0.0
 10
40.439811
 20
283.165034
 30
0.0
 10
40.403924
 20
283.168193
 30
0.0
 10
40.370622
 20
283.174509
 30
0.0
  0
SPLINE
  5
60f
100
AcDbEntity
  8
0
 62
7
100
AcDbSpline
 70
8
 71
3
 72
8
 73
4
 74
0
 40
0
 40
0
 40
0
 40
0
 40
1
 40
1
 40
1
 40
1
 10
40.370622
 20
283.174509
 30
0.0
 10
40.337893
 20
283.180826
 30
0.0
 10
40.308897
 20
283.188290
 30
0.0
 10
40.283633
 20
283.196903
 30
0.0
  0
SPLINE
  5
610
100
AcDbEntity
  8
0
 62
7
100
AcDbSpline
 70
8
 71
3
 72
8
 73
4
 74
0
 40
0
 40
0
 40
0
 40
0
 40
1
 40
1
 40
1
 40
1
 10
40.283633
 20
283.196903
 30
0.0
 10
40.258368
 20
283.206090
 30
0.0
 10
40.237124
 20
283.215564
 30
0.0
 10
40.219900
 20
283.225325
 30
0.0
  0
SPLINE
  5
611
100
AcDbEntity
  8
0
 62
7
100
AcDbSpline
 70
8
 71
3
 72
8
 73
4
 74
0
 40
0
 40
0
 40
0
 40
0
 40
1
 40
1
 40
1
 40
1
 10
40.219900
 20
283.225325
 30
0.0
 10
40.203249
 20
283.235087
 30
0.0
 10
40.191191
 20
283.243700
 30
0.0
 10
40.183726
 20
283.251165
 30
0.0
  0
SPLINE
  5
612
100
AcDbEntity
  8
0
 62
7
100
AcDbSpline
 70
8
 71
3
 72
8
 73
4
 74
0
 40
0
 40
0
 40
0
 40
0
 40
1
 40
1
 40
1
 40
1
 10
40.183726
 20
283.251165
 30
0.0
 10
40.176265
 20
283.258629
 30
0.0
 10
40.170814
 20
283.269252
 30
0.0
 10
40.167375
 20
283.283032
 30
0.0
  0
SPLINE
  5
613
100
AcDbEntity
  8
0
 62
7
100
AcDbSpline
 70
8
 71
3
 72
8
 73
4
 74
0
 40
0
 40
0
 40
0
 40
0
 40
1
 40
1
 40
1
 40
1
 10
40.167375
 20
283.283032
 30
0.0
 10
40.164500
 20
283.297386
 30
0.0
 10
40.163062
 20
283.317770
 30
0.0
 10
40.163062
 20
283.344182
 30
0.0
  0
SPLINE
  5
614
100
AcDbEntity
  8
0
 62
7
100
AcDbSpline
 70
8
 71
3
 72
8
 73
4
 74
0
 40
0
 40
0
 40
0
 40
0
 40
1
 40
1
 40
1
 40
1
 10
40.163062
 20
283.344182
 30
0.0
 10
40.163062
 20
283.361982
 30
0.0
 10
40.163679
 20
283.376911
 30
0.0
 10
40.164914
 20
283.388969
 30
0.0
  0
SPLINE
  5
615
100
AcDbEntity
  8
0
 62
7
100
AcDbSpline
 70
8
 71
3
 72
8
 73
4
 74
0
 40
0
 40
0
 40
0
 40
0
 40
1
 40
1
 40
1
 40
1
 10
40.164914
 20
283.388969
 30
0.0
 10
40.166149
 20
283.401027
 30
0.0
 10
40.167869
 20
283.410788
 30
0.0
 10
40.170073
 20
283.418252
 30
0.0
  0
SPLINE
  5
616
100
AcDbEntity
  8
0
 62
7
100
AcDbSpline
 70
8
 71
3
 72
8
 73
4
 74
0
 40
0
 40
0
 40
0
 40
0
 40
1
 40
1
 40
1
 40
1
 10
40.170073
 20
283.418252
 30
0.0
 10
40.172949
 20
283.425717
 30
0.0
 10
40.176397
 20
283.430884
 30
0.0
 10
40.180419
 20
283.433754
 30
0.0
  0
SPLINE
  5
617
100
AcDbEntity
  8
0
 62
7
100
AcDbSpline
 70
8
 71
3
 72
8
 73
4
 74
0
 40
0
 40
0
 40
0
 40
0
 40
1
 40
1
 40
1
 40
1
 10
40.180419
 20
283.433754
 30
0.0
 10
40.185005
 20
283.437199
 30
0.0
 10
40.190173
 20
283.438921
 30
0.0
 10
40.195923
 20
283.438921
 30
0.0
  0
SPLINE
  5
618
100
AcDbEntity
  8
0
 62
7
100
AcDbSpline
 70
8
 71
3
 72
8
 73
4
 74
0
 40
0
 40
0
 40
0
 40
0
 40
1
 40
1
 40
1
 40
1
 10
40.195923
 20
283.438921
 30
0.0
 10
40.203967
 20
283.438921
 30
0.0
 10
40.215163
 20
283.434040
 30
0.0
 10
40.229512
 20
283.424279
 30
0.0
  0
SPLINE
  5
619
100
AcDbEntity
  8
0
 62
7
100
AcDbSpline
 70
8
 71
3
 72
8
 73
4
 74
0
 40
0
 40
0
 40
0
 40
0
 40
1
 40
1
 40
1
 40
1
 10
40.229512
 20
283.424279
 30
0.0
 10
40.244435
 20
283.415093
 30
0.0
 10
40.263383
 20
283.404758
 30
0.0
 10
40.286358
 20
283.393273
 30
0.0
  0
SPLINE
  5
61a
100
AcDbEntity
  8
0
 62
7
100
AcDbSpline
 70
8
 71
3
 72
8
 73
4
 74
0
 40
0
 40
0
 40
0
 40
0
 40
1
 40
1
 40
1
 40
1
 10
40.286358
 20
283.393273
 30
0.0
 10
40.309325
 20
283.381790
 30
0.0
 10
40.336599
 20
283.371168
 30
0.0
 10
40.368177
 20
283.361406
 30
0.0
  0
SPLINE
  5
61b
100
AcDbEntity
  8
0
 62
7
100
AcDbSpline
 70
8
 71
3
 72
8
 73
4
 74
0
 40
0
 40
0
 40
0
 40
0
 40
1
 40
1
 40
1
 40
1
 10
40.368177
 20
283.361406
 30
0.0
 10
40.400331
 20
283.352220
 30
0.0
 10
40.437366
 20
283.347627
 30
0.0
 10
40.479281
 20
283.347627
 30
0.0
  0
SPLINE
  5
61c
100
AcDbEntity
  8
0
 62
7
100
AcDbSpline
 70
8
 71
3
 72
8
 73
4
 74
0
 40
0
 40
0
 40
0
 40
0
 40
1
 40
1
 40
1
 40
1
 10
40.479281
 20
283.347627
 30
0.0
 10
40.506844
 20
283.347627
 30
0.0
 10
40.531534
 20
283.350785
 30
0.0
 10
40.553351
 20
283.357101
 30
0.0
  0
SPLINE
  5
61d
100
AcDbEntity
  8
0
 62
7
100
AcDbSpline
 70
8
 71
3
 72
8
 73
4
 74
0
 40
0
 40
0
 40
0
 40
0
 40
1
 40
1
 40
1
 40
1
 10
40.553351
 20
283.357101
 30
0.0
 10
40.575171
 20
283.363991
 30
0.0
 10
40.593545
 20
283.373465
 30
0.0
 10
40.608475
 20
283.385523
 30
0.0
  0
SPLINE
  5
61e
100
AcDbEntity
  8
0
 62
7
100
AcDbSpline
 70
8
 71
3
 72
8
 73
4
 74
0
 40
0
 40
0
 40
0
 40
0
 40
1
 40
1
 40
1
 40
1
 10
40.608475
 20
283.385523
 30
0.0
 10
40.623979
 20
283.397581
 30
0.0
 10
40.635750
 20
283.412510
 30
0.0
 10
40.643786
 20
283.430310
 30
0.0
  0
SPLINE
  5
61f
100
AcDbEntity
  8
0
 62
7
100
AcDbSpline
 70
8
 71
3
 72
8
 73
4
 74
0
 40
0
 40
0
 40
0
 40
0
 40
1
 40
1
 40
1
 40
1
 10
40.643786
 20
283.430310
 30
0.0
 10
40.651829
 20
283.448109
 30
0.0
 10
40.655851
 20
283.467919
 30
0.0
 10
40.655851
 20
283.489738
 30
0.0
  0
SPLINE
  5
620
100
AcDbEntity
  8
0
 62
7
100
AcDbSpline
 70
8
 71
3
 72
8
 73
4
 74
0
 40
0
 40
0
 40
0
 40
0
 40
1
 40
1
 40
1
 40
1
 10
40.655851
 20
283.489738
 30
0.0
 10
40.655851
 20
283.515002
 30
0.0
 10
40.648963
 20
283.536534
 30
0.0
 10
40.635187
 20
283.554333
 30
0.0
  0
SPLINE
  5
621
100
AcDbEntity
  8
0
 62
7
100
AcDbSpline
 70
8
 71
3
 72
8
 73
4
 74
0
 40
0
 40
0
 40
0
 40
0
 40
1
 40
1
 40
1
 40
1
 10
40.635187
 20
283.554333
 30
0.0
 10
40.621411
 20
283.572707
 30
0.0
 10
40.603324
 20
283.588784
 30
0.0
 10
40.580926
 20
283.602565
 30
0.0
  0
SPLINE
  5
622
100
AcDbEntity
  8
0
 62
7
100
AcDbSpline
 70
8
 71
3
 72
8
 73
4
 74
0
 40
0
 40
0
 40
0
 40
0
 40
1
 40
1
 40
1
 40
1
 10
40.580926
 20
283.602565
 30
0.0
 10
40.559107
 20
283.616919
 30
0.0
 10
40.534130
 20
283.630125
 30
0.0
 10
40.505996
 20
283.642183
 30
0.0
  0
SPLINE
  5
623
100
AcDbEntity
  8
0
 62
7
100
AcDbSpline
 70
8
 71
3
 72
8
 73
4
 74
0
 40
0
 40
0
 40
0
 40
0
 40
1
 40
1
 40
1
 40
1
 10
40.505996
 20
283.642183
 30
0.0
 10
40.477860
 20
283.654816
 30
0.0
 10
40.448864
 20
283.668022
 30
0.0
 10
40.419007
 20
283.681802
 30
0.0
  0
SPLINE
  5
624
100
AcDbEntity
  8
0
 62
7
100
AcDbSpline
 70
8
 71
3
 72
8
 73
4
 74
0
 40
0
 40
0
 40
0
 40
0
 40
1
 40
1
 40
1
 40
1
 10
40.419007
 20
283.681802
 30
0.0
 10
40.389149
 20
283.695583
 30
0.0
 10
40.360153
 20
283.711086
 30
0.0
 10
40.332017
 20
283.728310
 30
0.0
  0
SPLINE
  5
625
100
AcDbEntity
  8
0
 62
7
100
AcDbSpline
 70
8
 71
3
 72
8
 73
4
 74
0
 40
0
 40
0
 40
0
 40
0
 40
1
 40
1
 40
1
 40
1
 10
40.332017
 20
283.728310
 30
0.0
 10
40.303883
 20
283.746110
 30
0.0
 10
40.278620
 20
283.767068
 30
0.0
 10
40.256227
 20
283.791184
 30
0.0
  0
SPLINE
  5
626
100
AcDbEntity
  8
0
 62
7
100
AcDbSpline
 70
8
 71
3
 72
8
 73
4
 74
0
 40
0
 40
0
 40
0
 40
0
 40
1
 40
1
 40
1
 40
1
 10
40.256227
 20
283.791184
 30
0.0
 10
40.234408
 20
283.815873
 30
0.0
 10
40.216607
 20
283.844870
 30
0.0
 10
40.202826
 20
283.878172
 30
0.0
  0
SPLINE
  5
627
100
AcDbEntity
  8
0
 62
7
100
AcDbSpline
 70
8
 71
3
 72
8
 73
4
 74
0
 40
0
 40
0
 40
0
 40
0
 40
1
 40
1
 40
1
 40
1
 10
40.202826
 20
283.878172
 30
0.0
 10
40.189050
 20
283.911475
 30
0.0
 10
40.182162
 20
283.951380
 30
0.0
 10
40.182162
 20
283.997889
 30
0.0
  0
SPLINE
  5
628
100
AcDbEntity
  8
0
 62
7
100
AcDbSpline
 70
8
 71
3
 72
8
 73
4
 74
0
 40
0
 40
0
 40
0
 40
0
 40
1
 40
1
 40
1
 40
1
 10
40.182162
 20
283.997889
 30
0.0
 10
40.182162
 20
284.051288
 30
0.0
 10
40.191923
 20
284.098084
 30
0.0
 10
40.211444
 20
284.138277
 30
0.0
  0
SPLINE
  5
629
100
AcDbEntity
  8
0
 62
7
100
AcDbSpline
 70
8
 71
3
 72
8
 73
4
 74
0
 40
0
 40
0
 40
0
 40
0
 40
1
 40
1
 40
1
 40
1
 10
40.211444
 20
284.138277
 30
0.0
 10
40.231541
 20
284.179044
 30
0.0
 10
40.258241
 20
284.212634
 30
0.0
 10
40.291544
 20
284.239046
 30
0.0
  0
SPLINE
  5
62a
100
AcDbEntity
  8
0
 62
7
100
AcDbSpline
 70
8
 71
3
 72
8
 73
4
 74
0
 40
0
 40
0
 40
0
 40
0
 40
1
 40
1
 40
1
 40
1
 10
40.291544
 20
284.239046
 30
0.0
 10
40.325421
 20
284.266033
 30
0.0
 10
40.365040
 20
284.286129
 30
0.0
 10
40.410400
 20
284.299335
 30
0.0
  0
SPLINE
  5
62b
100
AcDbEntity
  8
0
 62
7
100
AcDbSpline
 70
8
 71
3
 72
8
 73
4
 74
0
 40
0
 40
0
 40
0
 40
0
 40
1
 40
1
 40
1
 40
1
 10
40.410400
 20
284.299335
 30
0.0
 10
40.456333
 20
284.312542
 30
0.0
 10
40.504851
 20
284.319145
 30
0.0
 10
40.555955
 20
284.319145
 30
0.0
  0
SPLINE
  5
62c
100
AcDbEntity
  8
0
 62
7
100
AcDbSpline
 70
8
 71
3
 72
8
 73
4
 74
0
 40
0
 40
0
 40
0
 40
0
 40
1
 40
1
 40
1
 40
1
 10
40.555955
 20
284.319145
 30
0.0
 10
40.582367
 20
284.319145
 30
0.0
 10
40.608780
 20
284.317135
 30
0.0
 10
40.635192
 20
284.313115
 30
0.0
  0
SPLINE
  5
62d
100
AcDbEntity
  8
0
 62
7
100
AcDbSpline
 70
8
 71
3
 72
8
 73
4
 74
0
 40
0
 40
0
 40
0
 40
0
 40
1
 40
1
 40
1
 40
1
 10
40.635192
 20
284.313115
 30
0.0
 10
40.661605
 20
284.309095
 30
0.0
 10
40.686295
 20
284.303640
 30
0.0
 10
40.709262
 20
284.296750
 30
0.0
  0
SPLINE
  5
62e
100
AcDbEntity
  8
0
 62
7
100
AcDbSpline
 70
8
 71
3
 72
8
 73
4
 74
0
 40
0
 40
0
 40
0
 40
0
 40
1
 40
1
 40
1
 40
1
 10
40.709262
 20
284.296750
 30
0.0
 10
40.732228
 20
284.289861
 30
0.0
 10
40.752612
 20
284.282109
 30
0.0
 10
40.770413
 20
284.273496
 30
0.0
  0
SPLINE
  5
62f
100
AcDbEntity
  8
0
 62
7
100
AcDbSpline
 70
8
 71
3
 72
8
 73
4
 74
0
 40
0
 40
0
 40
0
 40
0
 40
1
 40
1
 40
1
 40
1
 10
40.770413
 20
284.273496
 30
0.0
 10
40.788212
 20
284.264883
 30
0.0
 10
40.799983
 20
284.257706
 30
0.0
 10
40.805724
 20
284.251964
 30
0.0
  0
SPLINE
  5
630
100
AcDbEntity
  8
0
 62
7
100
AcDbSpline
 70
8
 71
3
 72
8
 73
4
 74
0
 40
0
 40
0
 40
0
 40
0
 40
1
 40
1
 40
1
 40
1
 10
40.805724
 20
284.251964
 30
0.0
 10
40.811474
 20
284.246223
 30
0.0
 10
40.815205
 20
284.241342
 30
0.0
 10
40.816916
 20
284.237322
 30
0.0
  0
SPLINE
  5
631
100
AcDbEntity
  8
0
 62
7
100
AcDbSpline
 70
8
 71
3
 72
8
 73
4
 74
0
 40
0
 40
0
 40
0
 40
0
 40
1
 40
1
 40
1
 40
1
 10
40.816916
 20
284.237322
 30
0.0
 10
40.819209
 20
284.233302
 30
0.0
 10
40.820929
 20
284.227848
 30
0.0
 10
40.822075
 20
284.220958
 30
0.0
  0
SPLINE
  5
632
100
AcDbEntity
  8
0
 62
7
100
AcDbSpline
 70
8
 71
3
 72
8
 73
4
 74
0
 40
0
 40
0
 40
0
 40
0
 40
1
 40
1
 40
1
 40
1
 10
40.822075
 20
284.220958
 30
0.0
 10
40.823839
 20
284.214641
 30
0.0
 10
40.824986
 20
284.206316
 30
0.0
 10
40.825515
 20
284.195981
 30
0.0
  0
SPLINE
  5
633
100
AcDbEntity
  8
0
 62
7
100
AcDbSpline
 70
8
 71
3
 72
8
 73
4
 74
0
 40
0
 40
0
 40
0
 40
0
 40
1
 40
1
 40
1
 40
1
 10
40.825515
 20
284.195981
 30
0.0
 10
40.826044
 20
284.186220
 30
0.0
 10
40.826309
 20
284.173875
 30
0.0
 10
40.826309
 20
284.158946
 30
0.0
  0
SPLINE
  5
634
100
AcDbEntity
  8
0
 62
7
100
AcDbSpline
 70
8
 71
3
 72
8
 73
4
 74
0
 40
0
 40
0
 40
0
 40
0
 40
1
 40
1
 40
1
 40
1
 10
40.826309
 20
284.158946
 30
0.0
 10
40.826309
 20
284.142295
 30
0.0
 10
40.825691
 20
284.128228
 30
0.0
 10
40.824457
 20
284.116744
 30
0.0
  0
SPLINE
  5
635
100
AcDbEntity
  8
0
 62
7
100
AcDbSpline
 70
8
 71
3
 72
8
 73
4
 74
0
 40
0
 40
0
 40
0
 40
0
 40
1
 40
1
 40
1
 40
1
 10
40.824457
 20
284.116744
 30
0.0
 10
40.823927
 20
284.105261
 30
0.0
 10
40.822490
 20
284.095787
 30
0.0
 10
40.820144
 20
284.088322
 30
0.0
  0
SPLINE
  5
636
100
AcDbEntity
  8
0
 62
7
100
AcDbSpline
 70
8
 71
3
 72
8
 73
4
 74
0
 40
0
 40
0
 40
0
 40
0
 40
1
 40
1
 40
1
 40
1
 10
40.820144
 20
284.088322
 30
0.0
 10
40.818380
 20
284.080857
 30
0.0
 10
40.815514
 20
284.075402
 30
0.0
 10
40.811545
 20
284.071957
 30
0.0
  0
SPLINE
  5
637
100
AcDbEntity
  8
0
 62
7
100
AcDbSpline
 70
8
 71
3
 72
8
 73
4
 74
0
 40
0
 40
0
 40
0
 40
0
 40
1
 40
1
 40
1
 40
1
 10
40.811545
 20
284.071957
 30
0.0
 10
40.808105
 20
284.068513
 30
0.0
 10
40.803228
 20
284.066790
 30
0.0
 10
40.796913
 20
284.066790
 30
0.0
  0
SPLINE
  5
638
100
AcDbEntity
  8
0
 62
7
100
AcDbSpline
 70
8
 71
3
 72
8
 73
4
 74
0
 40
0
 40
0
 40
0
 40
0
 40
1
 40
1
 40
1
 40
1
 10
40.796913
 20
284.066790
 30
0.0
 10
40.790599
 20
284.066790
 30
0.0
 10
40.780551
 20
284.070809
 30
0.0
 10
40.766770
 20
284.078847
 30
0.0
  0
SPLINE
  5
639
100
AcDbEntity
  8
0
 62
7
100
AcDbSpline
 70
8
 71
3
 72
8
 73
4
 74
0
 40
0
 40
0
 40
0
 40
0
 40
1
 40
1
 40
1
 40
1
 10
40.766770
 20
284.078847
 30
0.0
 10
40.752994
 20
284.086885
 30
0.0
 10
40.736055
 20
284.095498
 30
0.0
 10
40.715954
 20
284.104686
 30
0.0
  0
SPLINE
  5
63a
100
AcDbEntity
  8
0
 62
7
100
AcDbSpline
 70
8
 71
3
 72
8
 73
4
 74
0
 40
0
 40
0
 40
0
 40
0
 40
1
 40
1
 40
1
 40
1
 10
40.715954
 20
284.104686
 30
0.0
 10
40.695858
 20
284.114448
 30
0.0
 10
40.672603
 20
284.123061
 30
0.0
 10
40.646191
 20
284.130526
 30
0.0
  0
SPLINE
  5
63b
100
AcDbEntity
  8
0
 62
7
100
AcDbSpline
 70
8
 71
3
 72
8
 73
4
 74
0
 40
0
 40
0
 40
0
 40
0
 40
1
 40
1
 40
1
 40
1
 10
40.646191
 20
284.130526
 30
0.0
 10
40.619779
 20
284.138564
 30
0.0
 10
40.590782
 20
284.142583
 30
0.0
 10
40.559201
 20
284.142583
 30
0.0
  0
SPLINE
  5
63c
100
AcDbEntity
  8
0
 62
7
100
AcDbSpline
 70
8
 71
3
 72
8
 73
4
 74
0
 40
0
 40
0
 40
0
 40
0
 40
1
 40
1
 40
1
 40
1
 10
40.559201
 20
284.142583
 30
0.0
 10
40.534512
 20
284.142583
 30
0.0
 10
40.512980
 20
284.139424
 30
0.0
 10
40.494606
 20
284.133108
 30
0.0
  0
SPLINE
  5
63d
100
AcDbEntity
  8
0
 62
7
100
AcDbSpline
 70
8
 71
3
 72
8
 73
4
 74
0
 40
0
 40
0
 40
0
 40
0
 40
1
 40
1
 40
1
 40
1
 10
40.494606
 20
284.133108
 30
0.0
 10
40.476232
 20
284.127367
 30
0.0
 10
40.460729
 20
284.119041
 30
0.0
 10
40.448097
 20
284.108131
 30
0.0
  0
SPLINE
  5
63e
100
AcDbEntity
  8
0
 62
7
100
AcDbSpline
 70
8
 71
3
 72
8
 73
4
 74
0
 40
0
 40
0
 40
0
 40
0
 40
1
 40
1
 40
1
 40
1
 10
40.448097
 20
284.108131
 30
0.0
 10
40.436032
 20
284.097797
 30
0.0
 10
40.426845
 20
284.085165
 30
0.0
 10
40.420536
 20
284.070235
 30
0.0
  0
SPLINE
  5
63f
100
AcDbEntity
  8
0
 62
7
100
AcDbSpline
 70
8
 71
3
 72
8
 73
4
 74
0
 40
0
 40
0
 40
0
 40
0
 40
1
 40
1
 40
1
 40
1
 10
40.420536
 20
284.070235
 30
0.0
 10
40.414786
 20
284.055306
 30
0.0
 10
40.411910
 20
284.039516
 30
0.0
 10
40.411910
 20
284.022865
 30
0.0
  0
SPLINE
  5
640
100
AcDbEntity
  8
0
 62
7
100
AcDbSpline
 70
8
 71
3
 72
8
 73
4
 74
0
 40
0
 40
0
 40
0
 40
0
 40
1
 40
1
 40
1
 40
1
 10
40.411910
 20
284.022865
 30
0.0
 10
40.411910
 20
283.998175
 30
0.0
 10
40.418516
 20
283.976643
 30
0.0
 10
40.431728
 20
283.958269
 30
0.0
  0
SPLINE
  5
641
100
AcDbEntity
  8
0
 62
7
100
AcDbSpline
 70
8
 71
3
 72
8
 73
4
 74
0
 40
0
 40
0
 40
0
 40
0
 40
1
 40
1
 40
1
 40
1
 10
40.431728
 20
283.958269
 30
0.0
 10
40.445504
 20
283.940470
 30
0.0
 10
40.463591
 20
283.924393
 30
0.0
 10
40.485988
 20
283.910038
 30
0.0
  0
SPLINE
  5
642
100
AcDbEntity
  8
0
 62
7
100
AcDbSpline
 70
8
 71
3
 72
8
 73
4
 74
0
 40
0
 40
0
 40
0
 40
0
 40
1
 40
1
 40
1
 40
1
 10
40.485988
 20
283.910038
 30
0.0
 10
40.508956
 20
283.896257
 30
0.0
 10
40.534794
 20
283.883051
 30
0.0
 10
40.563503
 20
283.870420
 30
0.0
  0
SPLINE
  5
643
100
AcDbEntity
  8
0
 62
7
100
AcDbSpline
 70
8
 71
3
 72
8
 73
4
 74
0
 40
0
 40
0
 40
0
 40
0
 40
1
 40
1
 40
1
 40
1
 10
40.563503
 20
283.870420
 30
0.0
 10
40.592212
 20
283.858362
 30
0.0
 10
40.621496
 20
283.845443
 30
0.0
 10
40.651353
 20
283.831662
 30
0.0
  0
SPLINE
  5
644
100
AcDbEntity
  8
0
 62
7
100
AcDbSpline
 70
8
 71
3
 72
8
 73
4
 74
0
 40
0
 40
0
 40
0
 40
0
 40
1
 40
1
 40
1
 40
1
 10
40.651353
 20
283.831662
 30
0.0
 10
40.681210
 20
283.817881
 30
0.0
 10
40.710494
 20
283.802091
 30
0.0
 10
40.739203
 20
283.784292
 30
0.0
  0
SPLINE
  5
645
100
AcDbEntity
  8
0
 62
7
100
AcDbSpline
 70
8
 71
3
 72
8
 73
4
 74
0
 40
0
 40
0
 40
0
 40
0
 40
1
 40
1
 40
1
 40
1
 10
40.739203
 20
283.784292
 30
0.0
 10
40.767912
 20
283.767066
 30
0.0
 10
40.793462
 20
283.746108
 30
0.0
 10
40.815855
 20
283.721419
 30
0.0
  0
SPLINE
  5
646
100
AcDbEntity
  8
0
 62
7
100
AcDbSpline
 70
8
 71
3
 72
8
 73
4
 74
0
 40
0
 40
0
 40
0
 40
0
 40
1
 40
1
 40
1
 40
1
 10
40.815855
 20
283.721419
 30
0.0
 10
40.838249
 20
283.697304
 30
0.0
 10
40.856336
 20
283.668594
 30
0.0
 10
40.870116
 20
283.635292
 30
0.0
  0
SPLINE
  5
647
100
AcDbEntity
  8
0
 62
7
100
AcDbSpline
 70
8
 71
3
 72
8
 73
4
 74
0
 40
0
 40
0
 40
0
 40
0
 40
1
 40
1
 40
1
 40
1
 10
40.870116
 20
283.635292
 30
0.0
 10
40.883892
 20
283.602563
 30
0.0
 10
40.890780
 20
283.563806
 30
0.0
 10
40.890780
 20
283.519020
 30
0.0
  0
LWPOLYLINE
  5
648
100
AcDbEntity
  8
0
 62
7
100
AcDbPolyline
 90
1
 70
1
 10
39.802165
 20
283.742951
 30
0.0
  0
SPLINE
  5
649
100
AcDbEntity
  8
0
 62
7
100
AcDbSpline
 70
8
 71
3
 72
8
 73
4
 74
0
 40
0
 40
0
 40
0
 40
0
 40
1
 40
1
 40
1
 40
1
 10
46.670212
 20
283.279585
 30
0.0
 10
46.670212
 20
283.262359
 30
0.0
 10
46.669330
 20
283.247717
 30
0.0
 10
46.667566
 20
283.235660
 30
0.0
  0
SPLINE
  5
64a
100
AcDbEntity
  8
0
 62
7
100
AcDbSpline
 70
8
 71
3
 72
8
 73
4
 74
0
 40
0
 40
0
 40
0
 40
0
 40
1
 40
1
 40
1
 40
1
 10
46.667566
 20
283.235660
 30
0.0
 10
46.666332
 20
283.224177
 30
0.0
 10
46.664321
 20
283.214416
 30
0.0
 10
46.661534
 20
283.206377
 30
0.0
  0
SPLINE
  5
64b
100
AcDbEntity
  8
0
 62
7
100
AcDbSpline
 70
8
 71
3
 72
8
 73
4
 74
0
 40
0
 40
0
 40
0
 40
0
 40
1
 40
1
 40
1
 40
1
 10
46.661534
 20
283.206377
 30
0.0
 10
46.658659
 20
283.198912
 30
0.0
 10
46.654928
 20
283.193457
 30
0.0
 10
46.650342
 20
283.190012
 30
0.0
  0
SPLINE
  5
64c
100
AcDbEntity
  8
0
 62
7
100
AcDbSpline
 70
8
 71
3
 72
8
 73
4
 74
0
 40
0
 40
0
 40
0
 40
0
 40
1
 40
1
 40
1
 40
1
 10
46.650342
 20
283.190012
 30
0.0
 10
46.646320
 20
283.186567
 30
0.0
 10
46.641443
 20
283.184845
 30
0.0
 10
46.635710
 20
283.184845
 30
0.0
  0
LWPOLYLINE
  5
64d
100
AcDbEntity
  8
0
 62
7
100
AcDbPolyline
 90
1
 70
1
 10
40.890780
 20
283.519020
 30
0.0
  0
SPLINE
  5
64e
100
AcDbEntity
  8
0
 62
7
100
AcDbSpline
 70
8
 71
3
 72
8
 73
4
 74
0
 40
0
 40
0
 40
0
 40
0
 40
1
 40
1
 40
1
 40
1
 10
46.124975
 20
283.184845
 30
0.0
 10
46.106025
 20
283.184845
 30
0.0
 10
46.089948
 20
283.190300
 30
0.0
 10
46.076741
 20
283.201209
 30
0.0
  0
SPLINE
  5
64f
100
AcDbEntity
  8
0
 62
7
100
AcDbSpline
 70
8
 71
3
 72
8
 73
4
 74
0
 40
0
 40
0
 40
0
 40
0
 40
1
 40
1
 40
1
 40
1
 10
46.076741
 20
283.201209
 30
0.0
 10
46.064112
 20
283.212692
 30
0.0
 10
46.057797
 20
283.231066
 30
0.0
 10
46.057797
 20
283.256331
 30
0.0
  0
LWPOLYLINE
  5
650
100
AcDbEntity
  8
0
 62
7
100
AcDbPolyline
 90
2
 70
0
 10
46.635710
 20
283.184845
 30
0.0
 10
46.124975
 20
283.184845
 30
0.0
  0
SPLINE
  5
651
100
AcDbEntity
  8
0
 62
7
100
AcDbSpline
 70
8
 71
3
 72
8
 73
4
 74
0
 40
0
 40
0
 40
0
 40
0
 40
1
 40
1
 40
1
 40
1
 10
46.057797
 20
284.268328
 30
0.0
 10
46.057797
 20
284.274069
 30
0.0
 10
46.059517
 20
284.279237
 30
0.0
 10
46.062956
 20
284.283830
 30
0.0
  0
SPLINE
  5
652
100
AcDbEntity
  8
0
 62
7
100
AcDbSpline
 70
8
 71
3
 72
8
 73
4
 74
0
 40
0
 40
0
 40
0
 40
0
 40
1
 40
1
 40
1
 40
1
 10
46.062956
 20
284.283830
 30
0.0
 10
46.066978
 20
284.288423
 30
0.0
 10
46.073293
 20
284.292155
 30
0.0
 10
46.081901
 20
284.295027
 30
0.0
  0
SPLINE
  5
653
100
AcDbEntity
  8
0
 62
7
100
AcDbSpline
 70
8
 71
3
 72
8
 73
4
 74
0
 40
0
 40
0
 40
0
 40
0
 40
1
 40
1
 40
1
 40
1
 10
46.081901
 20
284.295027
 30
0.0
 10
46.090508
 20
284.297898
 30
0.0
 10
46.101991
 20
284.300195
 30
0.0
 10
46.116349
 20
284.301917
 30
0.0
  0
SPLINE
  5
654
100
AcDbEntity
  8
0
 62
7
100
AcDbSpline
 70
8
 71
3
 72
8
 73
4
 74
0
 40
0
 40
0
 40
0
 40
0
 40
1
 40
1
 40
1
 40
1
 10
46.116349
 20
284.301917
 30
0.0
 10
46.131272
 20
284.303645
 30
0.0
 10
46.149646
 20
284.304510
 30
0.0
 10
46.171473
 20
284.304510
 30
0.0
  0
SPLINE
  5
655
100
AcDbEntity
  8
0
 62
7
100
AcDbSpline
 70
8
 71
3
 72
8
 73
4
 74
0
 40
0
 40
0
 40
0
 40
0
 40
1
 40
1
 40
1
 40
1
 10
46.171473
 20
284.304510
 30
0.0
 10
46.193865
 20
284.304510
 30
0.0
 10
46.212239
 20
284.303645
 30
0.0
 10
46.226593
 20
284.301917
 30
0.0
  0
SPLINE
  5
656
100
AcDbEntity
  8
0
 62
7
100
AcDbSpline
 70
8
 71
3
 72
8
 73
4
 74
0
 40
0
 40
0
 40
0
 40
0
 40
1
 40
1
 40
1
 40
1
 10
46.226593
 20
284.301917
 30
0.0
 10
46.240951
 20
284.300188
 30
0.0
 10
46.252435
 20
284.297891
 30
0.0
 10
46.261045
 20
284.295027
 30
0.0
  0
SPLINE
  5
657
100
AcDbEntity
  8
0
 62
7
100
AcDbSpline
 70
8
 71
3
 72
8
 73
4
 74
0
 40
0
 40
0
 40
0
 40
0
 40
1
 40
1
 40
1
 40
1
 10
46.261045
 20
284.295027
 30
0.0
 10
46.269652
 20
284.292155
 30
0.0
 10
46.275685
 20
284.288423
 30
0.0
 10
46.279142
 20
284.283830
 30
0.0
  0
SPLINE
  5
658
100
AcDbEntity
  8
0
 62
7
100
AcDbSpline
 70
8
 71
3
 72
8
 73
4
 74
0
 40
0
 40
0
 40
0
 40
0
 40
1
 40
1
 40
1
 40
1
 10
46.279142
 20
284.283830
 30
0.0
 10
46.283164
 20
284.279237
 30
0.0
 10
46.285175
 20
284.274069
 30
0.0
 10
46.285175
 20
284.268328
 30
0.0
  0
LWPOLYLINE
  5
659
100
AcDbEntity
  8
0
 62
7
100
AcDbPolyline
 90
2
 70
0
 10
46.057797
 20
283.256331
 30
0.0
 10
46.057797
 20
284.268328
 30
0.0
  0
SPLINE
  5
65a
100
AcDbEntity
  8
0
 62
7
100
AcDbSpline
 70
8
 71
3
 72
8
 73
4
 74
0
 40
0
 40
0
 40
0
 40
0
 40
1
 40
1
 40
1
 40
1
 10
46.635713
 20
283.371742
 30
0.0
 10
46.641446
 20
283.371742
 30
0.0
 10
46.646323
 20
283.370019
 30
0.0
 10
46.650345
 20
283.366574
 30
0.0
  0
SPLINE
  5
65b
100
AcDbEntity
  8
0
 62
7
100
AcDbSpline
 70
8
 71
3
 72
8
 73
4
 74
0
 40
0
 40
0
 40
0
 40
0
 40
1
 40
1
 40
1
 40
1
 10
46.650345
 20
283.366574
 30
0.0
 10
46.654931
 20
283.363703
 30
0.0
 10
46.658661
 20
283.358535
 30
0.0
 10
46.661536
 20
283.351072
 30
0.0
  0
SPLINE
  5
65c
100
AcDbEntity
  8
0
 62
7
100
AcDbSpline
 70
8
 71
3
 72
8
 73
4
 74
0
 40
0
 40
0
 40
0
 40
0
 40
1
 40
1
 40
1
 40
1
 10
46.661536
 20
283.351072
 30
0.0
 10
46.664412
 20
283.344183
 30
0.0
 10
46.666422
 20
283.334709
 30
0.0
 10
46.667569
 20
283.322650
 30
0.0
  0
SPLINE
  5
65d
100
AcDbEntity
  8
0
 62
7
100
AcDbSpline
 70
8
 71
3
 72
8
 73
4
 74
0
 40
0
 40
0
 40
0
 40
0
 40
1
 40
1
 40
1
 40
1
 10
46.667569
 20
283.322650
 30
0.0
 10
46.669333
 20
283.311166
 30
0.0
 10
46.670215
 20
283.296811
 30
0.0
 10
46.670215
 20
283.279586
 30
0.0
  0
LWPOLYLINE
  5
65e
100
AcDbEntity
  8
0
 62
7
100
AcDbPolyline
 90
3
 70
0
 10
46.285175
 20
284.268328
 30
0.0
 10
46.285175
 20
283.371742
 30
0.0
 10
46.635713
 20
283.371742
 30
0.0
  0
SPLINE
  5
65f
100
AcDbEntity
  8
0
 62
7
100
AcDbSpline
 70
8
 71
3
 72
8
 73
4
 74
0
 40
0
 40
0
 40
0
 40
0
 40
1
 40
1
 40
1
 40
1
 10
47.031088
 20
283.215851
 30
0.0
 10
47.031088
 20
283.210109
 30
0.0
 10
47.029077
 20
283.204942
 30
0.0
 10
47.025055
 20
283.200349
 30
0.0
  0
SPLINE
  5
660
100
AcDbEntity
  8
0
 62
7
100
AcDbSpline
 70
8
 71
3
 72
8
 73
4
 74
0
 40
0
 40
0
 40
0
 40
0
 40
1
 40
1
 40
1
 40
1
 10
47.025055
 20
283.200349
 30
0.0
 10
47.021616
 20
283.195756
 30
0.0
 10
47.015583
 20
283.192023
 30
0.0
 10
47.006958
 20
283.189152
 30
0.0
  0
SPLINE
  5
661
100
AcDbEntity
  8
0
 62
7
100
AcDbSpline
 70
8
 71
3
 72
8
 73
4
 74
0
 40
0
 40
0
 40
0
 40
0
 40
1
 40
1
 40
1
 40
1
 10
47.006958
 20
283.189152
 30
0.0
 10
46.998350
 20
283.186280
 30
0.0
 10
46.986866
 20
283.183983
 30
0.0
 10
46.972506
 20
283.182262
 30
0.0
  0
SPLINE
  5
662
100
AcDbEntity
  8
0
 62
7
100
AcDbSpline
 70
8
 71
3
 72
8
 73
4
 74
0
 40
0
 40
0
 40
0
 40
0
 40
1
 40
1
 40
1
 40
1
 10
46.972506
 20
283.182262
 30
0.0
 10
46.958148
 20
283.180533
 30
0.0
 10
46.939775
 20
283.179669
 30
0.0
 10
46.917386
 20
283.179669
 30
0.0
  0
SPLINE
  5
663
100
AcDbEntity
  8
0
 62
7
100
AcDbSpline
 70
8
 71
3
 72
8
 73
4
 74
0
 40
0
 40
0
 40
0
 40
0
 40
1
 40
1
 40
1
 40
1
 10
46.917386
 20
283.179669
 30
0.0
 10
46.895566
 20
283.179669
 30
0.0
 10
46.877193
 20
283.180533
 30
0.0
 10
46.862265
 20
283.182262
 30
0.0
  0
SPLINE
  5
664
100
AcDbEntity
  8
0
 62
7
100
AcDbSpline
 70
8
 71
3
 72
8
 73
4
 74
0
 40
0
 40
0
 40
0
 40
0
 40
1
 40
1
 40
1
 40
1
 10
46.862265
 20
283.182262
 30
0.0
 10
46.847907
 20
283.183990
 30
0.0
 10
46.836423
 20
283.186287
 30
0.0
 10
46.827814
 20
283.189152
 30
0.0
  0
SPLINE
  5
665
100
AcDbEntity
  8
0
 62
7
100
AcDbSpline
 70
8
 71
3
 72
8
 73
4
 74
0
 40
0
 40
0
 40
0
 40
0
 40
1
 40
1
 40
1
 40
1
 10
46.827814
 20
283.189152
 30
0.0
 10
46.819206
 20
283.192023
 30
0.0
 10
46.812891
 20
283.195756
 30
0.0
 10
46.808870
 20
283.200349
 30
0.0
  0
SPLINE
  5
666
100
AcDbEntity
  8
0
 62
7
100
AcDbSpline
 70
8
 71
3
 72
8
 73
4
 74
0
 40
0
 40
0
 40
0
 40
0
 40
1
 40
1
 40
1
 40
1
 10
46.808870
 20
283.200349
 30
0.0
 10
46.805430
 20
283.204942
 30
0.0
 10
46.803710
 20
283.210109
 30
0.0
 10
46.803710
 20
283.215851
 30
0.0
  0
LWPOLYLINE
  5
667
100
AcDbEntity
  8
0
 62
7
100
AcDbPolyline
 90
1
 70
1
 10
46.670215
 20
283.279586
 30
0.0
  0
SPLINE
  5
668
100
AcDbEntity
  8
0
 62
7
100
AcDbSpline
 70
8
 71
3
 72
8
 73
4
 74
0
 40
0
 40
0
 40
0
 40
0
 40
1
 40
1
 40
1
 40
1
 10
46.803710
 20
284.268327
 30
0.0
 10
46.803710
 20
284.274069
 30
0.0
 10
46.805430
 20
284.279236
 30
0.0
 10
46.808870
 20
284.283829
 30
0.0
  0
SPLINE
  5
669
100
AcDbEntity
  8
0
 62
7
100
AcDbSpline
 70
8
 71
3
 72
8
 73
4
 74
0
 40
0
 40
0
 40
0
 40
0
 40
1
 40
1
 40
1
 40
1
 10
46.808870
 20
284.283829
 30
0.0
 10
46.812891
 20
284.288423
 30
0.0
 10
46.819206
 20
284.292155
 30
0.0
 10
46.827814
 20
284.295027
 30
0.0
  0
SPLINE
  5
66a
100
AcDbEntity
  8
0
 62
7
100
AcDbSpline
 70
8
 71
3
 72
8
 73
4
 74
0
 40
0
 40
0
 40
0
 40
0
 40
1
 40
1
 40
1
 40
1
 10
46.827814
 20
284.295027
 30
0.0
 10
46.837004
 20
284.297898
 30
0.0
 10
46.848774
 20
284.300195
 30
0.0
 10
46.863125
 20
284.301916
 30
0.0
  0
SPLINE
  5
66b
100
AcDbEntity
  8
0
 62
7
100
AcDbSpline
 70
8
 71
3
 72
8
 73
4
 74
0
 40
0
 40
0
 40
0
 40
0
 40
1
 40
1
 40
1
 40
1
 10
46.863125
 20
284.301916
 30
0.0
 10
46.877483
 20
284.303645
 30
0.0
 10
46.895570
 20
284.304509
 30
0.0
 10
46.917386
 20
284.304509
 30
0.0
  0
SPLINE
  5
66c
100
AcDbEntity
  8
0
 62
7
100
AcDbSpline
 70
8
 71
3
 72
8
 73
4
 74
0
 40
0
 40
0
 40
0
 40
0
 40
1
 40
1
 40
1
 40
1
 10
46.917386
 20
284.304509
 30
0.0
 10
46.939778
 20
284.304509
 30
0.0
 10
46.958152
 20
284.303645
 30
0.0
 10
46.972506
 20
284.301916
 30
0.0
  0
SPLINE
  5
66d
100
AcDbEntity
  8
0
 62
7
100
AcDbSpline
 70
8
 71
3
 72
8
 73
4
 74
0
 40
0
 40
0
 40
0
 40
0
 40
1
 40
1
 40
1
 40
1
 10
46.972506
 20
284.301916
 30
0.0
 10
46.986864
 20
284.300188
 30
0.0
 10
46.998348
 20
284.297891
 30
0.0
 10
47.006958
 20
284.295027
 30
0.0
  0
SPLINE
  5
66e
100
AcDbEntity
  8
0
 62
7
100
AcDbSpline
 70
8
 71
3
 72
8
 73
4
 74
0
 40
0
 40
0
 40
0
 40
0
 40
1
 40
1
 40
1
 40
1
 10
47.006958
 20
284.295027
 30
0.0
 10
47.015566
 20
284.292155
 30
0.0
 10
47.021598
 20
284.288423
 30
0.0
 10
47.025055
 20
284.283829
 30
0.0
  0
SPLINE
  5
66f
100
AcDbEntity
  8
0
 62
7
100
AcDbSpline
 70
8
 71
3
 72
8
 73
4
 74
0
 40
0
 40
0
 40
0
 40
0
 40
1
 40
1
 40
1
 40
1
 10
47.025055
 20
284.283829
 30
0.0
 10
47.029077
 20
284.279236
 30
0.0
 10
47.031088
 20
284.274069
 30
0.0
 10
47.031088
 20
284.268327
 30
0.0
  0
LWPOLYLINE
  5
670
100
AcDbEntity
  8
0
 62
7
100
AcDbPolyline
 90
2
 70
0
 10
46.803710
 20
283.215851
 30
0.0
 10
46.803710
 20
284.268327
 30
0.0
  0
SPLINE
  5
671
100
AcDbEntity
  8
0
 62
7
100
AcDbSpline
 70
8
 71
3
 72
8
 73
4
 74
0
 40
0
 40
0
 40
0
 40
0
 40
1
 40
1
 40
1
 40
1
 10
48.192947
 20
283.264082
 30
0.0
 10
48.192947
 20
283.250876
 30
0.0
 10
48.190645
 20
283.239105
 30
0.0
 10
48.186041
 20
283.228770
 30
0.0
  0
SPLINE
  5
672
100
AcDbEntity
  8
0
 62
7
100
AcDbSpline
 70
8
 71
3
 72
8
 73
4
 74
0
 40
0
 40
0
 40
0
 40
0
 40
1
 40
1
 40
1
 40
1
 10
48.186041
 20
283.228770
 30
0.0
 10
48.181455
 20
283.218435
 30
0.0
 10
48.175141
 20
283.209822
 30
0.0
 10
48.167097
 20
283.202931
 30
0.0
  0
SPLINE
  5
673
100
AcDbEntity
  8
0
 62
7
100
AcDbSpline
 70
8
 71
3
 72
8
 73
4
 74
0
 40
0
 40
0
 40
0
 40
0
 40
1
 40
1
 40
1
 40
1
 10
48.167097
 20
283.202931
 30
0.0
 10
48.159636
 20
283.196041
 30
0.0
 10
48.150449
 20
283.190874
 30
0.0
 10
48.139536
 20
283.187429
 30
0.0
  0
SPLINE
  5
674
100
AcDbEntity
  8
0
 62
7
100
AcDbSpline
 70
8
 71
3
 72
8
 73
4
 74
0
 40
0
 40
0
 40
0
 40
0
 40
1
 40
1
 40
1
 40
1
 10
48.139536
 20
283.187429
 30
0.0
 10
48.129199
 20
283.184557
 30
0.0
 10
48.118577
 20
283.183121
 30
0.0
 10
48.107669
 20
283.183121
 30
0.0
  0
LWPOLYLINE
  5
675
100
AcDbEntity
  8
0
 62
7
100
AcDbPolyline
 90
2
 70
0
 10
47.031088
 20
284.268327
 30
0.0
 10
47.031088
 20
283.215851
 30
0.0
  0
SPLINE
  5
676
100
AcDbEntity
  8
0
 62
7
100
AcDbSpline
 70
8
 71
3
 72
8
 73
4
 74
0
 40
0
 40
0
 40
0
 40
0
 40
1
 40
1
 40
1
 40
1
 10
48.011207
 20
283.183121
 30
0.0
 10
47.991110
 20
283.183121
 30
0.0
 10
47.973597
 20
283.185131
 30
0.0
 10
47.958669
 20
283.189151
 30
0.0
  0
SPLINE
  5
677
100
AcDbEntity
  8
0
 62
7
100
AcDbSpline
 70
8
 71
3
 72
8
 73
4
 74
0
 40
0
 40
0
 40
0
 40
0
 40
1
 40
1
 40
1
 40
1
 10
47.958669
 20
283.189151
 30
0.0
 10
47.944311
 20
283.193171
 30
0.0
 10
47.930817
 20
283.200348
 30
0.0
 10
47.918188
 20
283.210683
 30
0.0
  0
SPLINE
  5
678
100
AcDbEntity
  8
0
 62
7
100
AcDbSpline
 70
8
 71
3
 72
8
 73
4
 74
0
 40
0
 40
0
 40
0
 40
0
 40
1
 40
1
 40
1
 40
1
 10
47.918188
 20
283.210683
 30
0.0
 10
47.906123
 20
283.221593
 30
0.0
 10
47.894352
 20
283.235947
 30
0.0
 10
47.882877
 20
283.253747
 30
0.0
  0
SPLINE
  5
679
100
AcDbEntity
  8
0
 62
7
100
AcDbSpline
 70
8
 71
3
 72
8
 73
4
 74
0
 40
0
 40
0
 40
0
 40
0
 40
1
 40
1
 40
1
 40
1
 10
47.882877
 20
283.253747
 30
0.0
 10
47.871394
 20
283.272121
 30
0.0
 10
47.858475
 20
283.295662
 30
0.0
 10
47.844120
 20
283.324371
 30
0.0
  0
LWPOLYLINE
  5
67a
100
AcDbEntity
  8
0
 62
7
100
AcDbPolyline
 90
2
 70
0
 10
48.107669
 20
283.183121
 30
0.0
 10
48.011207
 20
283.183121
 30
0.0
  0
SPLINE
  5
67b
100
AcDbEntity
  8
0
 62
7
100
AcDbSpline
 70
8
 71
3
 72
8
 73
4
 74
0
 40
0
 40
0
 40
0
 40
0
 40
1
 40
1
 40
1
 40
1
 10
47.566790
 20
283.845442
 30
0.0
 10
47.550721
 20
283.876448
 30
0.0
 10
47.534356
 20
283.909750
 30
0.0
 10
47.517696
 20
283.945350
 30
0.0
  0
SPLINE
  5
67c
100
AcDbEntity
  8
0
 62
7
100
AcDbSpline
 70
8
 71
3
 72
8
 73
4
 74
0
 40
0
 40
0
 40
0
 40
0
 40
1
 40
1
 40
1
 40
1
 10
47.517696
 20
283.945350
 30
0.0
 10
47.501045
 20
283.981523
 30
0.0
 10
47.486116
 20
284.016548
 30
0.0
 10
47.472910
 20
284.050425
 30
0.0
  0
LWPOLYLINE
  5
67d
100
AcDbEntity
  8
0
 62
7
100
AcDbPolyline
 90
2
 70
0
 10
47.844120
 20
283.324371
 30
0.0
 10
47.566790
 20
283.845442
 30
0.0
  0
SPLINE
  5
67e
100
AcDbEntity
  8
0
 62
7
100
AcDbSpline
 70
8
 71
3
 72
8
 73
4
 74
0
 40
0
 40
0
 40
0
 40
0
 40
1
 40
1
 40
1
 40
1
 10
47.471058
 20
284.050425
 30
0.0
 10
47.473351
 20
284.009084
 30
0.0
 10
47.475071
 20
283.967743
 30
0.0
 10
47.476217
 20
283.926402
 30
0.0
  0
SPLINE
  5
67f
100
AcDbEntity
  8
0
 62
7
100
AcDbSpline
 70
8
 71
3
 72
8
 73
4
 74
0
 40
0
 40
0
 40
0
 40
0
 40
1
 40
1
 40
1
 40
1
 10
47.476217
 20
283.926402
 30
0.0
 10
47.477452
 20
283.885635
 30
0.0
 10
47.478069
 20
283.843432
 30
0.0
 10
47.478069
 20
283.799794
 30
0.0
  0
LWPOLYLINE
  5
680
100
AcDbEntity
  8
0
 62
7
100
AcDbPolyline
 90
2
 70
0
 10
47.472910
 20
284.050425
 30
0.0
 10
47.471058
 20
284.050425
 30
0.0
  0
SPLINE
  5
681
100
AcDbEntity
  8
0
 62
7
100
AcDbSpline
 70
8
 71
3
 72
8
 73
4
 74
0
 40
0
 40
0
 40
0
 40
0
 40
1
 40
1
 40
1
 40
1
 10
47.478069
 20
283.216712
 30
0.0
 10
47.478069
 20
283.210970
 30
0.0
 10
47.476350
 20
283.205803
 30
0.0
 10
47.472910
 20
283.201210
 30
0.0
  0
SPLINE
  5
682
100
AcDbEntity
  8
0
 62
7
100
AcDbSpline
 70
8
 71
3
 72
8
 73
4
 74
0
 40
0
 40
0
 40
0
 40
0
 40
1
 40
1
 40
1
 40
1
 10
47.472910
 20
283.201210
 30
0.0
 10
47.470035
 20
283.196617
 30
0.0
 10
47.464576
 20
283.192598
 30
0.0
 10
47.456532
 20
283.189153
 30
0.0
  0
SPLINE
  5
683
100
AcDbEntity
  8
0
 62
7
100
AcDbSpline
 70
8
 71
3
 72
8
 73
4
 74
0
 40
0
 40
0
 40
0
 40
0
 40
1
 40
1
 40
1
 40
1
 10
47.456532
 20
283.189153
 30
0.0
 10
47.449071
 20
283.186281
 30
0.0
 10
47.438736
 20
283.183985
 30
0.0
 10
47.425526
 20
283.182263
 30
0.0
  0
SPLINE
  5
684
100
AcDbEntity
  8
0
 62
7
100
AcDbSpline
 70
8
 71
3
 72
8
 73
4
 74
0
 40
0
 40
0
 40
0
 40
0
 40
1
 40
1
 40
1
 40
1
 10
47.425526
 20
283.182263
 30
0.0
 10
47.412314
 20
283.180535
 30
0.0
 10
47.395377
 20
283.179670
 30
0.0
 10
47.374713
 20
283.179670
 30
0.0
  0
SPLINE
  5
685
100
AcDbEntity
  8
0
 62
7
100
AcDbSpline
 70
8
 71
3
 72
8
 73
4
 74
0
 40
0
 40
0
 40
0
 40
0
 40
1
 40
1
 40
1
 40
1
 10
47.374713
 20
283.179670
 30
0.0
 10
47.354615
 20
283.179670
 30
0.0
 10
47.337963
 20
283.180535
 30
0.0
 10
47.324757
 20
283.182263
 30
0.0
  0
SPLINE
  5
686
100
AcDbEntity
  8
0
 62
7
100
AcDbSpline
 70
8
 71
3
 72
8
 73
4
 74
0
 40
0
 40
0
 40
0
 40
0
 40
1
 40
1
 40
1
 40
1
 10
47.324757
 20
283.182263
 30
0.0
 10
47.311545
 20
283.183992
 30
0.0
 10
47.301211
 20
283.186288
 30
0.0
 10
47.293753
 20
283.189153
 30
0.0
  0
SPLINE
  5
687
100
AcDbEntity
  8
0
 62
7
100
AcDbSpline
 70
8
 71
3
 72
8
 73
4
 74
0
 40
0
 40
0
 40
0
 40
0
 40
1
 40
1
 40
1
 40
1
 10
47.293753
 20
283.189153
 30
0.0
 10
47.286292
 20
283.192598
 30
0.0
 10
47.281123
 20
283.196617
 30
0.0
 10
47.278248
 20
283.201210
 30
0.0
  0
SPLINE
  5
688
100
AcDbEntity
  8
0
 62
7
100
AcDbSpline
 70
8
 71
3
 72
8
 73
4
 74
0
 40
0
 40
0
 40
0
 40
0
 40
1
 40
1
 40
1
 40
1
 10
47.278248
 20
283.201210
 30
0.0
 10
47.275373
 20
283.205803
 30
0.0
 10
47.273936
 20
283.210970
 30
0.0
 10
47.273936
 20
283.216712
 30
0.0
  0
LWPOLYLINE
  5
689
100
AcDbEntity
  8
0
 62
7
100
AcDbPolyline
 90
2
 70
0
 10
47.478069
 20
283.799794
 30
0.0
 10
47.478069
 20
283.216712
 30
0.0
  0
SPLINE
  5
68a
100
AcDbEntity
  8
0
 62
7
100
AcDbSpline
 70
8
 71
3
 72
8
 73
4
 74
0
 40
0
 40
0
 40
0
 40
0
 40
1
 40
1
 40
1
 40
1
 10
47.273936
 20
284.218374
 30
0.0
 10
47.273936
 20
284.245360
 30
0.0
 10
47.281688
 20
284.265457
 30
0.0
 10
47.297192
 20
284.278663
 30
0.0
  0
SPLINE
  5
68b
100
AcDbEntity
  8
0
 62
7
100
AcDbSpline
 70
8
 71
3
 72
8
 73
4
 74
0
 40
0
 40
0
 40
0
 40
0
 40
1
 40
1
 40
1
 40
1
 10
47.297192
 20
284.278663
 30
0.0
 10
47.313261
 20
284.292444
 30
0.0
 10
47.332783
 20
284.299335
 30
0.0
 10
47.355758
 20
284.299335
 30
0.0
  0
LWPOLYLINE
  5
68c
100
AcDbEntity
  8
0
 62
7
100
AcDbPolyline
 90
2
 70
0
 10
47.273936
 20
283.216712
 30
0.0
 10
47.273936
 20
284.218374
 30
0.0
  0
SPLINE
  5
68d
100
AcDbEntity
  8
0
 62
7
100
AcDbSpline
 70
8
 71
3
 72
8
 73
4
 74
0
 40
0
 40
0
 40
0
 40
0
 40
1
 40
1
 40
1
 40
1
 10
47.477199
 20
284.299335
 30
0.0
 10
47.499017
 20
284.299335
 30
0.0
 10
47.517390
 20
284.297325
 30
0.0
 10
47.532320
 20
284.293305
 30
0.0
  0
SPLINE
  5
68e
100
AcDbEntity
  8
0
 62
7
100
AcDbSpline
 70
8
 71
3
 72
8
 73
4
 74
0
 40
0
 40
0
 40
0
 40
0
 40
1
 40
1
 40
1
 40
1
 10
47.532320
 20
284.293305
 30
0.0
 10
47.547242
 20
284.289860
 30
0.0
 10
47.560448
 20
284.283831
 30
0.0
 10
47.571938
 20
284.275218
 30
0.0
  0
SPLINE
  5
68f
100
AcDbEntity
  8
0
 62
7
100
AcDbSpline
 70
8
 71
3
 72
8
 73
4
 74
0
 40
0
 40
0
 40
0
 40
0
 40
1
 40
1
 40
1
 40
1
 10
47.571938
 20
284.275218
 30
0.0
 10
47.584003
 20
284.266605
 30
0.0
 10
47.595200
 20
284.254547
 30
0.0
 10
47.605527
 20
284.239044
 30
0.0
  0
SPLINE
  5
690
100
AcDbEntity
  8
0
 62
7
100
AcDbSpline
 70
8
 71
3
 72
8
 73
4
 74
0
 40
0
 40
0
 40
0
 40
0
 40
1
 40
1
 40
1
 40
1
 10
47.605527
 20
284.239044
 30
0.0
 10
47.615864
 20
284.224115
 30
0.0
 10
47.626487
 20
284.205454
 30
0.0
 10
47.637396
 20
284.183062
 30
0.0
  0
LWPOLYLINE
  5
691
100
AcDbEntity
  8
0
 62
7
100
AcDbPolyline
 90
2
 70
0
 10
47.355758
 20
284.299335
 30
0.0
 10
47.477199
 20
284.299335
 30
0.0
  0
SPLINE
  5
692
100
AcDbEntity
  8
0
 62
7
100
AcDbSpline
 70
8
 71
3
 72
8
 73
4
 74
0
 40
0
 40
0
 40
0
 40
0
 40
1
 40
1
 40
1
 40
1
 10
47.854437
 20
283.775679
 30
0.0
 10
47.867066
 20
283.750989
 30
0.0
 10
47.879411
 20
283.726586
 30
0.0
 10
47.891470
 20
283.702471
 30
0.0
  0
SPLINE
  5
693
100
AcDbEntity
  8
0
 62
7
100
AcDbSpline
 70
8
 71
3
 72
8
 73
4
 74
0
 40
0
 40
0
 40
0
 40
0
 40
1
 40
1
 40
1
 40
1
 10
47.891470
 20
283.702471
 30
0.0
 10
47.904100
 20
283.678929
 30
0.0
 10
47.916158
 20
283.655101
 30
0.0
 10
47.927644
 20
283.630985
 30
0.0
  0
SPLINE
  5
694
100
AcDbEntity
  8
0
 62
7
100
AcDbSpline
 70
8
 71
3
 72
8
 73
4
 74
0
 40
0
 40
0
 40
0
 40
0
 40
1
 40
1
 40
1
 40
1
 10
47.927644
 20
283.630985
 30
0.0
 10
47.939127
 20
283.607443
 30
0.0
 10
47.950323
 20
283.584189
 30
0.0
 10
47.961233
 20
283.561222
 30
0.0
  0
SPLINE
  5
695
100
AcDbEntity
  8
0
 62
7
100
AcDbSpline
 70
8
 71
3
 72
8
 73
4
 74
0
 40
0
 40
0
 40
0
 40
0
 40
1
 40
1
 40
1
 40
1
 10
47.961233
 20
283.561222
 30
0.0
 10
47.972134
 20
283.538254
 30
0.0
 10
47.982757
 20
283.515287
 30
0.0
 10
47.993102
 20
283.492320
 30
0.0
  0
LWPOLYLINE
  5
696
100
AcDbEntity
  8
0
 62
7
100
AcDbPolyline
 90
2
 70
0
 10
47.637396
 20
284.183062
 30
0.0
 10
47.854437
 20
283.775679
 30
0.0
  0
SPLINE
  5
697
100
AcDbEntity
  8
0
 62
7
100
AcDbSpline
 70
8
 71
3
 72
8
 73
4
 74
0
 40
0
 40
0
 40
0
 40
0
 40
1
 40
1
 40
1
 40
1
 10
47.993896
 20
283.492320
 30
0.0
 10
47.992132
 20
283.532513
 30
0.0
 10
47.990694
 20
283.574428
 30
0.0
 10
47.989583
 20
283.618066
 30
0.0
  0
SPLINE
  5
698
100
AcDbEntity
  8
0
 62
7
100
AcDbSpline
 70
8
 71
3
 72
8
 73
4
 74
0
 40
0
 40
0
 40
0
 40
0
 40
1
 40
1
 40
1
 40
1
 10
47.989583
 20
283.618066
 30
0.0
 10
47.989054
 20
283.661704
 30
0.0
 10
47.988789
 20
283.703332
 30
0.0
 10
47.988789
 20
283.742951
 30
0.0
  0
LWPOLYLINE
  5
699
100
AcDbEntity
  8
0
 62
7
100
AcDbPolyline
 90
2
 70
0
 10
47.993102
 20
283.492320
 30
0.0
 10
47.993896
 20
283.492320
 30
0.0
  0
SPLINE
  5
69a
100
AcDbEntity
  8
0
 62
7
100
AcDbSpline
 70
8
 71
3
 72
8
 73
4
 74
0
 40
0
 40
0
 40
0
 40
0
 40
1
 40
1
 40
1
 40
1
 10
47.988789
 20
284.265744
 30
0.0
 10
47.988789
 20
284.271485
 30
0.0
 10
47.990509
 20
284.276653
 30
0.0
 10
47.993949
 20
284.281246
 30
0.0
  0
SPLINE
  5
69b
100
AcDbEntity
  8
0
 62
7
100
AcDbSpline
 70
8
 71
3
 72
8
 73
4
 74
0
 40
0
 40
0
 40
0
 40
0
 40
1
 40
1
 40
1
 40
1
 10
47.993949
 20
284.281246
 30
0.0
 10
47.997388
 20
284.285839
 30
0.0
 10
48.003130
 20
284.289858
 30
0.0
 10
48.011173
 20
284.293303
 30
0.0
  0
SPLINE
  5
69c
100
AcDbEntity
  8
0
 62
7
100
AcDbSpline
 70
8
 71
3
 72
8
 73
4
 74
0
 40
0
 40
0
 40
0
 40
0
 40
1
 40
1
 40
1
 40
1
 10
48.011173
 20
284.293303
 30
0.0
 10
48.019216
 20
284.296748
 30
0.0
 10
48.029838
 20
284.299044
 30
0.0
 10
48.043039
 20
284.300193
 30
0.0
  0
SPLINE
  5
69d
100
AcDbEntity
  8
0
 62
7
100
AcDbSpline
 70
8
 71
3
 72
8
 73
4
 74
0
 40
0
 40
0
 40
0
 40
0
 40
1
 40
1
 40
1
 40
1
 10
48.043039
 20
284.300193
 30
0.0
 10
48.056251
 20
284.301921
 30
0.0
 10
48.073190
 20
284.302785
 30
0.0
 10
48.093855
 20
284.302785
 30
0.0
  0
SPLINE
  5
69e
100
AcDbEntity
  8
0
 62
7
100
AcDbSpline
 70
8
 71
3
 72
8
 73
4
 74
0
 40
0
 40
0
 40
0
 40
0
 40
1
 40
1
 40
1
 40
1
 10
48.093855
 20
284.302785
 30
0.0
 10
48.113376
 20
284.302785
 30
0.0
 10
48.129740
 20
284.301921
 30
0.0
 10
48.142946
 20
284.300193
 30
0.0
  0
SPLINE
  5
69f
100
AcDbEntity
  8
0
 62
7
100
AcDbSpline
 70
8
 71
3
 72
8
 73
4
 74
0
 40
0
 40
0
 40
0
 40
0
 40
1
 40
1
 40
1
 40
1
 10
48.142946
 20
284.300193
 30
0.0
 10
48.156158
 20
284.299046
 30
0.0
 10
48.166206
 20
284.296749
 30
0.0
 10
48.173093
 20
284.293303
 30
0.0
  0
SPLINE
  5
6a0
100
AcDbEntity
  8
0
 62
7
100
AcDbSpline
 70
8
 71
3
 72
8
 73
4
 74
0
 40
0
 40
0
 40
0
 40
0
 40
1
 40
1
 40
1
 40
1
 10
48.173093
 20
284.293303
 30
0.0
 10
48.180554
 20
284.289858
 30
0.0
 10
48.185722
 20
284.285839
 30
0.0
 10
48.188597
 20
284.281246
 30
0.0
  0
SPLINE
  5
6a1
100
AcDbEntity
  8
0
 62
7
100
AcDbSpline
 70
8
 71
3
 72
8
 73
4
 74
0
 40
0
 40
0
 40
0
 40
0
 40
1
 40
1
 40
1
 40
1
 10
48.188597
 20
284.281246
 30
0.0
 10
48.191472
 20
284.276653
 30
0.0
 10
48.192910
 20
284.271485
 30
0.0
 10
48.192910
 20
284.265744
 30
0.0
  0
LWPOLYLINE
  5
6a2
100
AcDbEntity
  8
0
 62
7
100
AcDbPolyline
 90
2
 70
0
 10
47.988789
 20
283.742951
 30
0.0
 10
47.988789
 20
284.265744
 30
0.0
  0
SPLINE
  5
6a3
100
AcDbEntity
  8
0
 62
7
100
AcDbSpline
 70
8
 71
3
 72
8
 73
4
 74
0
 40
0
 40
0
 40
0
 40
0
 40
1
 40
1
 40
1
 40
1
 10
49.345331
 20
283.599979
 30
0.0
 10
49.345331
 20
283.531651
 30
0.0
 10
49.335283
 20
283.470501
 30
0.0
 10
49.315185
 20
283.416527
 30
0.0
  0
SPLINE
  5
6a4
100
AcDbEntity
  8
0
 62
7
100
AcDbSpline
 70
8
 71
3
 72
8
 73
4
 74
0
 40
0
 40
0
 40
0
 40
0
 40
1
 40
1
 40
1
 40
1
 10
49.315185
 20
283.416527
 30
0.0
 10
49.295089
 20
283.362554
 30
0.0
 10
49.265519
 20
283.316907
 30
0.0
 10
49.226475
 20
283.279585
 30
0.0
  0
SPLINE
  5
6a5
100
AcDbEntity
  8
0
 62
7
100
AcDbSpline
 70
8
 71
3
 72
8
 73
4
 74
0
 40
0
 40
0
 40
0
 40
0
 40
1
 40
1
 40
1
 40
1
 10
49.226475
 20
283.279585
 30
0.0
 10
49.187430
 20
283.242263
 30
0.0
 10
49.139198
 20
283.213841
 30
0.0
 10
49.081780
 20
283.194319
 30
0.0
  0
SPLINE
  5
6a6
100
AcDbEntity
  8
0
 62
7
100
AcDbSpline
 70
8
 71
3
 72
8
 73
4
 74
0
 40
0
 40
0
 40
0
 40
0
 40
1
 40
1
 40
1
 40
1
 10
49.081780
 20
283.194319
 30
0.0
 10
49.024362
 20
283.174796
 30
0.0
 10
48.958331
 20
283.165035
 30
0.0
 10
48.883687
 20
283.165035
 30
0.0
  0
SPLINE
  5
6a7
100
AcDbEntity
  8
0
 62
7
100
AcDbSpline
 70
8
 71
3
 72
8
 73
4
 74
0
 40
0
 40
0
 40
0
 40
0
 40
1
 40
1
 40
1
 40
1
 10
48.883687
 20
283.165035
 30
0.0
 10
48.813637
 20
283.165035
 30
0.0
 10
48.750764
 20
283.173648
 30
0.0
 10
48.695068
 20
283.190875
 30
0.0
  0
SPLINE
  5
6a8
100
AcDbEntity
  8
0
 62
7
100
AcDbSpline
 70
8
 71
3
 72
8
 73
4
 74
0
 40
0
 40
0
 40
0
 40
0
 40
1
 40
1
 40
1
 40
1
 10
48.695068
 20
283.190875
 30
0.0
 10
48.639373
 20
283.208674
 30
0.0
 10
48.592290
 20
283.235374
 30
0.0
 10
48.553820
 20
283.270973
 30
0.0
  0
SPLINE
  5
6a9
100
AcDbEntity
  8
0
 62
7
100
AcDbSpline
 70
8
 71
3
 72
8
 73
4
 74
0
 40
0
 40
0
 40
0
 40
0
 40
1
 40
1
 40
1
 40
1
 10
48.553820
 20
283.270973
 30
0.0
 10
48.515350
 20
283.306573
 30
0.0
 10
48.485779
 20
283.350785
 30
0.0
 10
48.465108
 20
283.403609
 30
0.0
  0
SPLINE
  5
6aa
100
AcDbEntity
  8
0
 62
7
100
AcDbSpline
 70
8
 71
3
 72
8
 73
4
 74
0
 40
0
 40
0
 40
0
 40
0
 40
1
 40
1
 40
1
 40
1
 10
48.465108
 20
283.403609
 30
0.0
 10
48.445012
 20
283.457008
 30
0.0
 10
48.434964
 20
283.519307
 30
0.0
 10
48.434964
 20
283.590506
 30
0.0
  0
LWPOLYLINE
  5
6ab
100
AcDbEntity
  8
0
 62
7
100
AcDbPolyline
 90
2
 70
0
 10
48.192910
 20
284.265744
 30
0.0
 10
48.192947
 20
283.264082
 30
0.0
  0
SPLINE
  5
6ac
100
AcDbEntity
  8
0
 62
7
100
AcDbSpline
 70
8
 71
3
 72
8
 73
4
 74
0
 40
0
 40
0
 40
0
 40
0
 40
1
 40
1
 40
1
 40
1
 10
48.434964
 20
284.268329
 30
0.0
 10
48.434964
 20
284.274070
 30
0.0
 10
48.436684
 20
284.279237
 30
0.0
 10
48.440123
 20
284.283830
 30
0.0
  0
SPLINE
  5
6ad
100
AcDbEntity
  8
0
 62
7
100
AcDbSpline
 70
8
 71
3
 72
8
 73
4
 74
0
 40
0
 40
0
 40
0
 40
0
 40
1
 40
1
 40
1
 40
1
 10
48.440123
 20
284.283830
 30
0.0
 10
48.443563
 20
284.288424
 30
0.0
 10
48.449595
 20
284.292156
 30
0.0
 10
48.458221
 20
284.295028
 30
0.0
  0
SPLINE
  5
6ae
100
AcDbEntity
  8
0
 62
7
100
AcDbSpline
 70
8
 71
3
 72
8
 73
4
 74
0
 40
0
 40
0
 40
0
 40
0
 40
1
 40
1
 40
1
 40
1
 10
48.458221
 20
284.295028
 30
0.0
 10
48.467411
 20
284.297899
 30
0.0
 10
48.479181
 20
284.300196
 30
0.0
 10
48.493532
 20
284.301917
 30
0.0
  0
SPLINE
  5
6af
100
AcDbEntity
  8
0
 62
7
100
AcDbSpline
 70
8
 71
3
 72
8
 73
4
 74
0
 40
0
 40
0
 40
0
 40
0
 40
1
 40
1
 40
1
 40
1
 10
48.493532
 20
284.301917
 30
0.0
 10
48.507890
 20
284.303646
 30
0.0
 10
48.526265
 20
284.304510
 30
0.0
 10
48.548655
 20
284.304510
 30
0.0
  0
SPLINE
  5
6b0
100
AcDbEntity
  8
0
 62
7
100
AcDbSpline
 70
8
 71
3
 72
8
 73
4
 74
0
 40
0
 40
0
 40
0
 40
0
 40
1
 40
1
 40
1
 40
1
 10
48.548655
 20
284.304510
 30
0.0
 10
48.570475
 20
284.304510
 30
0.0
 10
48.588562
 20
284.303646
 30
0.0
 10
48.602916
 20
284.301917
 30
0.0
  0
SPLINE
  5
6b1
100
AcDbEntity
  8
0
 62
7
100
AcDbSpline
 70
8
 71
3
 72
8
 73
4
 74
0
 40
0
 40
0
 40
0
 40
0
 40
1
 40
1
 40
1
 40
1
 10
48.602916
 20
284.301917
 30
0.0
 10
48.617274
 20
284.300189
 30
0.0
 10
48.628757
 20
284.297892
 30
0.0
 10
48.637365
 20
284.295028
 30
0.0
  0
SPLINE
  5
6b2
100
AcDbEntity
  8
0
 62
7
100
AcDbSpline
 70
8
 71
3
 72
8
 73
4
 74
0
 40
0
 40
0
 40
0
 40
0
 40
1
 40
1
 40
1
 40
1
 10
48.637365
 20
284.295028
 30
0.0
 10
48.645973
 20
284.292156
 30
0.0
 10
48.652005
 20
284.288424
 30
0.0
 10
48.655462
 20
284.283830
 30
0.0
  0
SPLINE
  5
6b3
100
AcDbEntity
  8
0
 62
7
100
AcDbSpline
 70
8
 71
3
 72
8
 73
4
 74
0
 40
0
 40
0
 40
0
 40
0
 40
1
 40
1
 40
1
 40
1
 10
48.655462
 20
284.283830
 30
0.0
 10
48.659484
 20
284.279237
 30
0.0
 10
48.661495
 20
284.274070
 30
0.0
 10
48.661495
 20
284.268329
 30
0.0
  0
LWPOLYLINE
  5
6b4
100
AcDbEntity
  8
0
 62
7
100
AcDbPolyline
 90
2
 70
0
 10
48.434964
 20
283.590506
 30
0.0
 10
48.434964
 20
284.268329
 30
0.0
  0
SPLINE
  5
6b5
100
AcDbEntity
  8
0
 62
7
100
AcDbSpline
 70
8
 71
3
 72
8
 73
4
 74
0
 40
0
 40
0
 40
0
 40
0
 40
1
 40
1
 40
1
 40
1
 10
48.661495
 20
283.610315
 30
0.0
 10
48.661495
 20
283.566103
 30
0.0
 10
48.666945
 20
283.527633
 30
0.0
 10
48.677846
 20
283.494905
 30
0.0
  0
SPLINE
  5
6b6
100
AcDbEntity
  8
0
 62
7
100
AcDbSpline
 70
8
 71
3
 72
8
 73
4
 74
0
 40
0
 40
0
 40
0
 40
0
 40
1
 40
1
 40
1
 40
1
 10
48.677846
 20
283.494905
 30
0.0
 10
48.688747
 20
283.462750
 30
0.0
 10
48.704250
 20
283.436051
 30
0.0
 10
48.724355
 20
283.414806
 30
0.0
  0
SPLINE
  5
6b7
100
AcDbEntity
  8
0
 62
7
100
AcDbSpline
 70
8
 71
3
 72
8
 73
4
 74
0
 40
0
 40
0
 40
0
 40
0
 40
1
 40
1
 40
1
 40
1
 10
48.724355
 20
283.414806
 30
0.0
 10
48.745026
 20
283.393561
 30
0.0
 10
48.769428
 20
283.377484
 30
0.0
 10
48.797562
 20
283.366575
 30
0.0
  0
SPLINE
  5
6b8
100
AcDbEntity
  8
0
 62
7
100
AcDbSpline
 70
8
 71
3
 72
8
 73
4
 74
0
 40
0
 40
0
 40
0
 40
0
 40
1
 40
1
 40
1
 40
1
 10
48.797562
 20
283.366575
 30
0.0
 10
48.826271
 20
283.356240
 30
0.0
 10
48.858138
 20
283.351073
 30
0.0
 10
48.893164
 20
283.351073
 30
0.0
  0
SPLINE
  5
6b9
100
AcDbEntity
  8
0
 62
7
100
AcDbSpline
 70
8
 71
3
 72
8
 73
4
 74
0
 40
0
 40
0
 40
0
 40
0
 40
1
 40
1
 40
1
 40
1
 10
48.893164
 20
283.351073
 30
0.0
 10
48.928763
 20
283.351073
 30
0.0
 10
48.960630
 20
283.356527
 30
0.0
 10
48.988766
 20
283.367437
 30
0.0
  0
SPLINE
  5
6ba
100
AcDbEntity
  8
0
 62
7
100
AcDbSpline
 70
8
 71
3
 72
8
 73
4
 74
0
 40
0
 40
0
 40
0
 40
0
 40
1
 40
1
 40
1
 40
1
 10
48.988766
 20
283.367437
 30
0.0
 10
49.016900
 20
283.378347
 30
0.0
 10
49.040728
 20
283.394137
 30
0.0
 10
49.060251
 20
283.414807
 30
0.0
  0
SPLINE
  5
6bb
100
AcDbEntity
  8
0
 62
7
100
AcDbSpline
 70
8
 71
3
 72
8
 73
4
 74
0
 40
0
 40
0
 40
0
 40
0
 40
1
 40
1
 40
1
 40
1
 10
49.060251
 20
283.414807
 30
0.0
 10
49.079774
 20
283.436052
 30
0.0
 10
49.094702
 20
283.461890
 30
0.0
 10
49.105037
 20
283.492322
 30
0.0
  0
SPLINE
  5
6bc
100
AcDbEntity
  8
0
 62
7
100
AcDbSpline
 70
8
 71
3
 72
8
 73
4
 74
0
 40
0
 40
0
 40
0
 40
0
 40
1
 40
1
 40
1
 40
1
 10
49.105037
 20
283.492322
 30
0.0
 10
49.115938
 20
283.523328
 30
0.0
 10
49.121388
 20
283.558353
 30
0.0
 10
49.121388
 20
283.597397
 30
0.0
  0
LWPOLYLINE
  5
6bd
100
AcDbEntity
  8
0
 62
7
100
AcDbPolyline
 90
2
 70
0
 10
48.661495
 20
284.268329
 30
0.0
 10
48.661495
 20
283.610315
 30
0.0
  0
SPLINE
  5
6be
100
AcDbEntity
  8
0
 62
7
100
AcDbSpline
 70
8
 71
3
 72
8
 73
4
 74
0
 40
0
 40
0
 40
0
 40
0
 40
1
 40
1
 40
1
 40
1
 10
49.121388
 20
284.268330
 30
0.0
 10
49.121388
 20
284.274071
 30
0.0
 10
49.123108
 20
284.279238
 30
0.0
 10
49.126548
 20
284.283832
 30
0.0
  0
SPLINE
  5
6bf
100
AcDbEntity
  8
0
 62
7
100
AcDbSpline
 70
8
 71
3
 72
8
 73
4
 74
0
 40
0
 40
0
 40
0
 40
0
 40
1
 40
1
 40
1
 40
1
 10
49.126548
 20
284.283832
 30
0.0
 10
49.129987
 20
284.288425
 30
0.0
 10
49.136020
 20
284.292157
 30
0.0
 10
49.144645
 20
284.295029
 30
0.0
  0
SPLINE
  5
6c0
100
AcDbEntity
  8
0
 62
7
100
AcDbSpline
 70
8
 71
3
 72
8
 73
4
 74
0
 40
0
 40
0
 40
0
 40
0
 40
1
 40
1
 40
1
 40
1
 10
49.144645
 20
284.295029
 30
0.0
 10
49.153253
 20
284.297900
 30
0.0
 10
49.164737
 20
284.300197
 30
0.0
 10
49.179096
 20
284.301918
 30
0.0
  0
SPLINE
  5
6c1
100
AcDbEntity
  8
0
 62
7
100
AcDbSpline
 70
8
 71
3
 72
8
 73
4
 74
0
 40
0
 40
0
 40
0
 40
0
 40
1
 40
1
 40
1
 40
1
 10
49.179096
 20
284.301918
 30
0.0
 10
49.194019
 20
284.303647
 30
0.0
 10
49.212392
 20
284.304511
 30
0.0
 10
49.234217
 20
284.304511
 30
0.0
  0
SPLINE
  5
6c2
100
AcDbEntity
  8
0
 62
7
100
AcDbSpline
 70
8
 71
3
 72
8
 73
4
 74
0
 40
0
 40
0
 40
0
 40
0
 40
1
 40
1
 40
1
 40
1
 10
49.234217
 20
284.304511
 30
0.0
 10
49.256036
 20
284.304511
 30
0.0
 10
49.273837
 20
284.303647
 30
0.0
 10
49.287618
 20
284.301918
 30
0.0
  0
SPLINE
  5
6c3
100
AcDbEntity
  8
0
 62
7
100
AcDbSpline
 70
8
 71
3
 72
8
 73
4
 74
0
 40
0
 40
0
 40
0
 40
0
 40
1
 40
1
 40
1
 40
1
 10
49.287618
 20
284.301918
 30
0.0
 10
49.301976
 20
284.300190
 30
0.0
 10
49.313460
 20
284.297893
 30
0.0
 10
49.322069
 20
284.295029
 30
0.0
  0
SPLINE
  5
6c4
100
AcDbEntity
  8
0
 62
7
100
AcDbSpline
 70
8
 71
3
 72
8
 73
4
 74
0
 40
0
 40
0
 40
0
 40
0
 40
1
 40
1
 40
1
 40
1
 10
49.322069
 20
284.295029
 30
0.0
 10
49.330677
 20
284.292157
 30
0.0
 10
49.336710
 20
284.288425
 30
0.0
 10
49.340167
 20
284.283832
 30
0.0
  0
SPLINE
  5
6c5
100
AcDbEntity
  8
0
 62
7
100
AcDbSpline
 70
8
 71
3
 72
8
 73
4
 74
0
 40
0
 40
0
 40
0
 40
0
 40
1
 40
1
 40
1
 40
1
 10
49.340167
 20
284.283832
 30
0.0
 10
49.343606
 20
284.279238
 30
0.0
 10
49.345326
 20
284.274071
 30
0.0
 10
49.345326
 20
284.268330
 30
0.0
  0
LWPOLYLINE
  5
6c6
100
AcDbEntity
  8
0
 62
7
100
AcDbPolyline
 90
2
 70
0
 10
49.121388
 20
283.597397
 30
0.0
 10
49.121388
 20
284.268330
 30
0.0
  0
SPLINE
  5
6c7
100
AcDbEntity
  8
0
 62
7
100
AcDbSpline
 70
8
 71
3
 72
8
 73
4
 74
0
 40
0
 40
0
 40
0
 40
0
 40
1
 40
1
 40
1
 40
1
 10
50.381442
 20
283.270111
 30
0.0
 10
50.391779
 20
283.250014
 30
0.0
 10
50.398384
 20
283.233937
 30
0.0
 10
50.401259
 20
283.221880
 30
0.0
  0
SPLINE
  5
6c8
100
AcDbEntity
  8
0
 62
7
100
AcDbSpline
 70
8
 71
3
 72
8
 73
4
 74
0
 40
0
 40
0
 40
0
 40
0
 40
1
 40
1
 40
1
 40
1
 10
50.401259
 20
283.221880
 30
0.0
 10
50.404699
 20
283.209822
 30
0.0
 10
50.402979
 20
283.200635
 30
0.0
 10
50.396100
 20
283.194319
 30
0.0
  0
SPLINE
  5
6c9
100
AcDbEntity
  8
0
 62
7
100
AcDbSpline
 70
8
 71
3
 72
8
 73
4
 74
0
 40
0
 40
0
 40
0
 40
0
 40
1
 40
1
 40
1
 40
1
 10
50.396100
 20
283.194319
 30
0.0
 10
50.389203
 20
283.188002
 30
0.0
 10
50.376571
 20
283.183983
 30
0.0
 10
50.358204
 20
283.182262
 30
0.0
  0
SPLINE
  5
6ca
100
AcDbEntity
  8
0
 62
7
100
AcDbSpline
 70
8
 71
3
 72
8
 73
4
 74
0
 40
0
 40
0
 40
0
 40
0
 40
1
 40
1
 40
1
 40
1
 10
50.358204
 20
283.182262
 30
0.0
 10
50.340404
 20
283.180533
 30
0.0
 10
50.315428
 20
283.179669
 30
0.0
 10
50.283274
 20
283.179669
 30
0.0
  0
SPLINE
  5
6cb
100
AcDbEntity
  8
0
 62
7
100
AcDbSpline
 70
8
 71
3
 72
8
 73
4
 74
0
 40
0
 40
0
 40
0
 40
0
 40
1
 40
1
 40
1
 40
1
 10
50.283274
 20
283.179669
 30
0.0
 10
50.256288
 20
283.179669
 30
0.0
 10
50.235043
 20
283.180242
 30
0.0
 10
50.219538
 20
283.181388
 30
0.0
  0
SPLINE
  5
6cc
100
AcDbEntity
  8
0
 62
7
100
AcDbSpline
 70
8
 71
3
 72
8
 73
4
 74
0
 40
0
 40
0
 40
0
 40
0
 40
1
 40
1
 40
1
 40
1
 10
50.219538
 20
283.181388
 30
0.0
 10
50.204034
 20
283.182535
 30
0.0
 10
50.191689
 20
283.184257
 30
0.0
 10
50.182505
 20
283.186556
 30
0.0
  0
SPLINE
  5
6cd
100
AcDbEntity
  8
0
 62
7
100
AcDbSpline
 70
8
 71
3
 72
8
 73
4
 74
0
 40
0
 40
0
 40
0
 40
0
 40
1
 40
1
 40
1
 40
1
 10
50.182505
 20
283.186556
 30
0.0
 10
50.173897
 20
283.189427
 30
0.0
 10
50.167582
 20
283.193160
 30
0.0
 10
50.163560
 20
283.197753
 30
0.0
  0
SPLINE
  5
6ce
100
AcDbEntity
  8
0
 62
7
100
AcDbSpline
 70
8
 71
3
 72
8
 73
4
 74
0
 40
0
 40
0
 40
0
 40
0
 40
1
 40
1
 40
1
 40
1
 10
50.163560
 20
283.197753
 30
0.0
 10
50.159539
 20
283.202346
 30
0.0
 10
50.156090
 20
283.208088
 30
0.0
 10
50.153215
 20
283.214977
 30
0.0
  0
LWPOLYLINE
  5
6cf
100
AcDbEntity
  8
0
 62
7
100
AcDbPolyline
 90
2
 70
0
 10
49.345326
 20
284.268330
 30
0.0
 10
49.345331
 20
283.599979
 30
0.0
  0
SPLINE
  5
6d0
100
AcDbEntity
  8
0
 62
7
100
AcDbSpline
 70
8
 71
3
 72
8
 73
4
 74
0
 40
0
 40
0
 40
0
 40
0
 40
1
 40
1
 40
1
 40
1
 10
49.735499
 20
283.214977
 30
0.0
 10
49.732060
 20
283.208088
 30
0.0
 10
49.728329
 20
283.202346
 30
0.0
 10
49.724307
 20
283.197753
 30
0.0
  0
SPLINE
  5
6d1
100
AcDbEntity
  8
0
 62
7
100
AcDbSpline
 70
8
 71
3
 72
8
 73
4
 74
0
 40
0
 40
0
 40
0
 40
0
 40
1
 40
1
 40
1
 40
1
 10
49.724307
 20
283.197753
 30
0.0
 10
49.720286
 20
283.193160
 30
0.0
 10
49.713680
 20
283.189427
 30
0.0
 10
49.704490
 20
283.186556
 30
0.0
  0
SPLINE
  5
6d2
100
AcDbEntity
  8
0
 62
7
100
AcDbSpline
 70
8
 71
3
 72
8
 73
4
 74
0
 40
0
 40
0
 40
0
 40
0
 40
1
 40
1
 40
1
 40
1
 10
49.704490
 20
283.186556
 30
0.0
 10
49.695882
 20
283.184259
 30
0.0
 10
49.683538
 20
283.182537
 30
0.0
 10
49.667456
 20
283.181388
 30
0.0
  0
SPLINE
  5
6d3
100
AcDbEntity
  8
0
 62
7
100
AcDbSpline
 70
8
 71
3
 72
8
 73
4
 74
0
 40
0
 40
0
 40
0
 40
0
 40
1
 40
1
 40
1
 40
1
 10
49.667456
 20
283.181388
 30
0.0
 10
49.651952
 20
283.180242
 30
0.0
 10
49.631281
 20
283.179669
 30
0.0
 10
49.605443
 20
283.179669
 30
0.0
  0
SPLINE
  5
6d4
100
AcDbEntity
  8
0
 62
7
100
AcDbSpline
 70
8
 71
3
 72
8
 73
4
 74
0
 40
0
 40
0
 40
0
 40
0
 40
1
 40
1
 40
1
 40
1
 10
49.605443
 20
283.179669
 30
0.0
 10
49.575586
 20
283.179669
 30
0.0
 10
49.552332
 20
283.180533
 30
0.0
 10
49.535681
 20
283.182262
 30
0.0
  0
SPLINE
  5
6d5
100
AcDbEntity
  8
0
 62
7
100
AcDbSpline
 70
8
 71
3
 72
8
 73
4
 74
0
 40
0
 40
0
 40
0
 40
0
 40
1
 40
1
 40
1
 40
1
 10
49.535681
 20
283.182262
 30
0.0
 10
49.519612
 20
283.183990
 30
0.0
 10
49.508702
 20
283.188009
 30
0.0
 10
49.502952
 20
283.194319
 30
0.0
  0
SPLINE
  5
6d6
100
AcDbEntity
  8
0
 62
7
100
AcDbSpline
 70
8
 71
3
 72
8
 73
4
 74
0
 40
0
 40
0
 40
0
 40
0
 40
1
 40
1
 40
1
 40
1
 10
49.502952
 20
283.194319
 30
0.0
 10
49.497201
 20
283.200635
 30
0.0
 10
49.496055
 20
283.209822
 30
0.0
 10
49.499512
 20
283.221880
 30
0.0
  0
SPLINE
  5
6d7
100
AcDbEntity
  8
0
 62
7
100
AcDbSpline
 70
8
 71
3
 72
8
 73
4
 74
0
 40
0
 40
0
 40
0
 40
0
 40
1
 40
1
 40
1
 40
1
 10
49.499512
 20
283.221880
 30
0.0
 10
49.502952
 20
283.233937
 30
0.0
 10
49.510131
 20
283.250015
 30
0.0
 10
49.521049
 20
283.270111
 30
0.0
  0
LWPOLYLINE
  5
6d8
100
AcDbEntity
  8
0
 62
7
100
AcDbPolyline
 90
3
 70
0
 10
50.153215
 20
283.214977
 30
0.0
 10
49.943927
 20
283.617192
 30
0.0
 10
49.735499
 20
283.214977
 30
0.0
  0
SPLINE
  5
6d9
100
AcDbEntity
  8
0
 62
7
100
AcDbSpline
 70
8
 71
3
 72
8
 73
4
 74
0
 40
0
 40
0
 40
0
 40
0
 40
1
 40
1
 40
1
 40
1
 10
49.539996
 20
284.214067
 30
0.0
 10
49.529660
 20
284.234738
 30
0.0
 10
49.522481
 20
284.251102
 30
0.0
 10
49.518459
 20
284.263160
 30
0.0
  0
SPLINE
  5
6da
100
AcDbEntity
  8
0
 62
7
100
AcDbSpline
 70
8
 71
3
 72
8
 73
4
 74
0
 40
0
 40
0
 40
0
 40
0
 40
1
 40
1
 40
1
 40
1
 10
49.518459
 20
284.263160
 30
0.0
 10
49.515019
 20
284.275791
 30
0.0
 10
49.516457
 20
284.284978
 30
0.0
 10
49.522772
 20
284.290721
 30
0.0
  0
SPLINE
  5
6db
100
AcDbEntity
  8
0
 62
7
100
AcDbSpline
 70
8
 71
3
 72
8
 73
4
 74
0
 40
0
 40
0
 40
0
 40
0
 40
1
 40
1
 40
1
 40
1
 10
49.522772
 20
284.290721
 30
0.0
 10
49.529668
 20
284.297037
 30
0.0
 10
49.542013
 20
284.300770
 30
0.0
 10
49.559805
 20
284.301918
 30
0.0
  0
SPLINE
  5
6dc
100
AcDbEntity
  8
0
 62
7
100
AcDbSpline
 70
8
 71
3
 72
8
 73
4
 74
0
 40
0
 40
0
 40
0
 40
0
 40
1
 40
1
 40
1
 40
1
 10
49.559805
 20
284.301918
 30
0.0
 10
49.577606
 20
284.303647
 30
0.0
 10
49.602871
 20
284.304511
 30
0.0
 10
49.635598
 20
284.304511
 30
0.0
  0
SPLINE
  5
6dd
100
AcDbEntity
  8
0
 62
7
100
AcDbSpline
 70
8
 71
3
 72
8
 73
4
 74
0
 40
0
 40
0
 40
0
 40
0
 40
1
 40
1
 40
1
 40
1
 10
49.635598
 20
284.304511
 30
0.0
 10
49.662585
 20
284.304511
 30
0.0
 10
49.683830
 20
284.303938
 30
0.0
 10
49.699333
 20
284.302791
 30
0.0
  0
SPLINE
  5
6de
100
AcDbEntity
  8
0
 62
7
100
AcDbSpline
 70
8
 71
3
 72
8
 73
4
 74
0
 40
0
 40
0
 40
0
 40
0
 40
1
 40
1
 40
1
 40
1
 10
49.699333
 20
284.302791
 30
0.0
 10
49.715402
 20
284.301645
 30
0.0
 10
49.728034
 20
284.299635
 30
0.0
 10
49.737230
 20
284.296761
 30
0.0
  0
SPLINE
  5
6df
100
AcDbEntity
  8
0
 62
7
100
AcDbSpline
 70
8
 71
3
 72
8
 73
4
 74
0
 40
0
 40
0
 40
0
 40
0
 40
1
 40
1
 40
1
 40
1
 10
49.737230
 20
284.296761
 30
0.0
 10
49.746419
 20
284.294465
 30
0.0
 10
49.752734
 20
284.291020
 30
0.0
 10
49.756174
 20
284.286427
 30
0.0
  0
SPLINE
  5
6e0
100
AcDbEntity
  8
0
 62
7
100
AcDbSpline
 70
8
 71
3
 72
8
 73
4
 74
0
 40
0
 40
0
 40
0
 40
0
 40
1
 40
1
 40
1
 40
1
 10
49.756174
 20
284.286427
 30
0.0
 10
49.760195
 20
284.281833
 30
0.0
 10
49.763926
 20
284.276092
 30
0.0
 10
49.767366
 20
284.269202
 30
0.0
  0
LWPOLYLINE
  5
6e1
100
AcDbEntity
  8
0
 62
7
100
AcDbPolyline
 90
3
 70
0
 10
49.521049
 20
283.270111
 30
0.0
 10
49.788043
 20
283.756731
 30
0.0
 10
49.539996
 20
284.214067
 30
0.0
  0
SPLINE
  5
6e2
100
AcDbEntity
  8
0
 62
7
100
AcDbSpline
 70
8
 71
3
 72
8
 73
4
 74
0
 40
0
 40
0
 40
0
 40
0
 40
1
 40
1
 40
1
 40
1
 10
50.153215
 20
284.269202
 30
0.0
 10
50.156655
 20
284.276092
 30
0.0
 10
50.160103
 20
284.281833
 30
0.0
 10
50.163560
 20
284.286427
 30
0.0
  0
SPLINE
  5
6e3
100
AcDbEntity
  8
0
 62
7
100
AcDbSpline
 70
8
 71
3
 72
8
 73
4
 74
0
 40
0
 40
0
 40
0
 40
0
 40
1
 40
1
 40
1
 40
1
 10
50.163560
 20
284.286427
 30
0.0
 10
50.167582
 20
284.291020
 30
0.0
 10
50.173615
 20
284.294465
 30
0.0
 10
50.181658
 20
284.296761
 30
0.0
  0
SPLINE
  5
6e4
100
AcDbEntity
  8
0
 62
7
100
AcDbSpline
 70
8
 71
3
 72
8
 73
4
 74
0
 40
0
 40
0
 40
0
 40
0
 40
1
 40
1
 40
1
 40
1
 10
50.181658
 20
284.296761
 30
0.0
 10
50.190266
 20
284.299633
 30
0.0
 10
50.201749
 20
284.301643
 30
0.0
 10
50.216107
 20
284.302791
 30
0.0
  0
SPLINE
  5
6e5
100
AcDbEntity
  8
0
 62
7
100
AcDbSpline
 70
8
 71
3
 72
8
 73
4
 74
0
 40
0
 40
0
 40
0
 40
0
 40
1
 40
1
 40
1
 40
1
 10
50.216107
 20
284.302791
 30
0.0
 10
50.231029
 20
284.303938
 30
0.0
 10
50.251413
 20
284.304511
 30
0.0
 10
50.277257
 20
284.304511
 30
0.0
  0
SPLINE
  5
6e6
100
AcDbEntity
  8
0
 62
7
100
AcDbSpline
 70
8
 71
3
 72
8
 73
4
 74
0
 40
0
 40
0
 40
0
 40
0
 40
1
 40
1
 40
1
 40
1
 10
50.277257
 20
284.304511
 30
0.0
 10
50.305966
 20
284.304511
 30
0.0
 10
50.328647
 20
284.303647
 30
0.0
 10
50.345300
 20
284.301918
 30
0.0
  0
SPLINE
  5
6e7
100
AcDbEntity
  8
0
 62
7
100
AcDbSpline
 70
8
 71
3
 72
8
 73
4
 74
0
 40
0
 40
0
 40
0
 40
0
 40
1
 40
1
 40
1
 40
1
 10
50.345300
 20
284.301918
 30
0.0
 10
50.361951
 20
284.300771
 30
0.0
 10
50.373434
 20
284.297039
 30
0.0
 10
50.379749
 20
284.290721
 30
0.0
  0
SPLINE
  5
6e8
100
AcDbEntity
  8
0
 62
7
100
AcDbSpline
 70
8
 71
3
 72
8
 73
4
 74
0
 40
0
 40
0
 40
0
 40
0
 40
1
 40
1
 40
1
 40
1
 10
50.379749
 20
284.290721
 30
0.0
 10
50.386064
 20
284.284404
 30
0.0
 10
50.387501
 20
284.275217
 30
0.0
 10
50.384062
 20
284.263160
 30
0.0
  0
SPLINE
  5
6e9
100
AcDbEntity
  8
0
 62
7
100
AcDbSpline
 70
8
 71
3
 72
8
 73
4
 74
0
 40
0
 40
0
 40
0
 40
0
 40
1
 40
1
 40
1
 40
1
 10
50.384062
 20
284.263160
 30
0.0
 10
50.381186
 20
284.251102
 30
0.0
 10
50.374872
 20
284.234738
 30
0.0
 10
50.365117
 20
284.214067
 30
0.0
  0
LWPOLYLINE
  5
6ea
100
AcDbEntity
  8
0
 62
7
100
AcDbPolyline
 90
3
 70
0
 10
49.767366
 20
284.269202
 30
0.0
 10
49.962874
 20
283.900577
 30
0.0
 10
50.153215
 20
284.269202
 30
0.0
  0
LWPOLYLINE
  5
6eb
100
AcDbEntity
  8
0
 62
7
100
AcDbPolyline
 90
3
 70
0
 10
50.365117
 20
284.214067
 30
0.0
 10
50.117068
 20
283.759315
 30
0.0
 10
50.381442
 20
283.270111
 30
0.0
  0
ENDSEC
  0
SECTION
  2
OBJECTS
  0
DICTIONARY
  5
C
330
0
100
AcDbDictionary
  3
ACAD_GROUP
350
D
  3
ACAD_MLINESTYLE
350
17
  0
DICTIONARY
  5
D
330
C
100
AcDbDictionary
  0
DICTIONARY
  5
1A
330
C
100
AcDbDictionary
  0
DICTIONARY
  5
17
330
C
100
AcDbDictionary
  3
STANDARD
350
18
  0
DICTIONARY
  5
19
330
C
100
AcDbDictionary
  0
ENDSEC
  0
EOF
