ISO-10303-21;
HEADER;
FILE_DESCRIPTION (( 'STEP AP214' ),
    '1' );
FILE_NAME ('D284A1DE-DC6D-4158-B55F-1EC0D55C8087.STEP',
    '2024-10-08T11:28:17',
    ( '' ),
    ( '' ),
    'SwSTEP 2.0',
    'SolidWorks 2022',
    '' );
FILE_SCHEMA (( 'AUTOMOTIVE_DESIGN' ));
ENDSEC;

DATA;
#1 = DIRECTION ( 'NONE',  ( 0.0000000000000000000, 0.0000000000000000000, -1.000000000000000000 ) ) ;
#2 = CARTESIAN_POINT ( 'NONE',  ( -0.3000000000000000999, 0.6800000000000000488, 0.4949999999999998845 ) ) ;
#3 = FILL_AREA_STYLE_COLOUR ( '', #1212 ) ;
#4 = DIRECTION ( 'NONE',  ( -0.0000000000000000000, -1.000000000000000000, -0.0000000000000000000 ) ) ;
#5 = SURFACE_STYLE_USAGE ( .BOTH. , #754 ) ;
#6 = EDGE_CURVE ( 'NONE', #913, #1571, #1807, .T. ) ;
#7 = EDGE_CURVE ( 'NONE', #1521, #758, #1318, .T. ) ;
#8 = CARTESIAN_POINT ( 'NONE',  ( 0.3000000000000004885, 0.0000000000000000000, 0.7700961894323341550 ) ) ;
#9 = CARTESIAN_POINT ( 'NONE',  ( 0.1729201154012265096, 1.100000000000000089, -0.5279201154012266306 ) ) ;
#10 = FILL_AREA_STYLE ('',( #921 ) ) ;
#11 = ORIENTED_EDGE ( 'NONE', *, *, #630, .T. ) ;
#12 = SURFACE_SIDE_STYLE ('',( #1531 ) ) ;
#13 = DIRECTION ( 'NONE',  ( 5.421010862427532031E-16, 1.000000000000000000, 0.0000000000000000000 ) ) ;
#14 = CARTESIAN_POINT ( 'NONE',  ( -0.1249999999999999722, 0.6800000000000000488, 0.0000000000000000000 ) ) ;
#15 = MECHANICAL_DESIGN_GEOMETRIC_PRESENTATION_REPRESENTATION (  '', ( #1114 ), #1062 ) ;
#16 = VECTOR ( 'NONE', #1946, 1000.000000000000000 ) ;
#17 = COLOUR_RGB ( '',0.9372549019607843146, 0.9372549019607843146, 0.9372549019607843146 ) ;
#18 = AXIS2_PLACEMENT_3D ( 'NONE', #555, #860, #545 ) ;
#19 = DIRECTION ( 'NONE',  ( 0.0000000000000000000, 0.0000000000000000000, 1.000000000000000000 ) ) ;
#20 = COLOUR_RGB ( '',0.7921568627450980005, 0.8196078431372548767, 0.9333333333333333481 ) ;
#21 = STYLED_ITEM ( 'NONE', ( #824 ), #923 ) ;
#22 = ORIENTED_EDGE ( 'NONE', *, *, #1602, .F. ) ;
#23 = EDGE_CURVE ( 'NONE', #32, #1013, #1688, .T. ) ;
#24 = CARTESIAN_POINT ( 'NONE',  ( -0.1729201154012267316, 1.102616797812147276, -0.5778515921389554277 ) ) ;
#25 = CYLINDRICAL_SURFACE ( 'NONE', #420, 0.1499999999999997446 ) ;
#26 = ORIENTED_EDGE ( 'NONE', *, *, #230, .T. ) ;
#27 = DIRECTION ( 'NONE',  ( -7.882349622673977406E-16, 0.0000000000000000000, 1.000000000000000000 ) ) ;
#28 =( GEOMETRIC_REPRESENTATION_CONTEXT ( 3 ) GLOBAL_UNCERTAINTY_ASSIGNED_CONTEXT ( ( #1599 ) ) GLOBAL_UNIT_ASSIGNED_CONTEXT ( ( #73, #1904, #748 ) ) REPRESENTATION_CONTEXT ( 'NONE', 'WORKASPACE' ) );
#29 = CARTESIAN_POINT ( 'NONE',  ( -0.1950685232622714482, 0.6800000000000000488, -0.6000000000000000888 ) ) ;
#30 = ORIENTED_EDGE ( 'NONE', *, *, #1143, .T. ) ;
#31 = DIRECTION ( 'NONE',  ( 1.000000000000000000, 0.0000000000000000000, -0.0000000000000000000 ) ) ;
#32 = VERTEX_POINT ( 'NONE', #792 ) ;
#33 = FILL_AREA_STYLE_COLOUR ( '', #601 ) ;
#34 = DIRECTION ( 'NONE',  ( -3.941174811336987224E-16, 0.0000000000000000000, -1.000000000000000000 ) ) ;
#35 = ORIENTED_EDGE ( 'NONE', *, *, #1014, .F. ) ;
#36 = LINE ( 'NONE', #1564, #1274 ) ;
#37 = FILL_AREA_STYLE_COLOUR ( '', #892 ) ;
#38 = PRESENTATION_STYLE_ASSIGNMENT (( #1849 ) ) ;
#39 = UNCERTAINTY_MEASURE_WITH_UNIT (LENGTH_MEASURE( 1.000000000000000082E-05 ), #1246, 'distance_accuracy_value', 'NONE');
#40 = COLOUR_RGB ( '',0.9372549019607843146, 0.9372549019607843146, 0.9372549019607843146 ) ;
#41 = FILL_AREA_STYLE ('',( #1261 ) ) ;
#42 = ADVANCED_FACE ( 'NONE', ( #761 ), #1112, .T. ) ;
#43 = CIRCLE ( 'NONE', #1268, 0.04999999999999999584 ) ;
#44 = AXIS2_PLACEMENT_3D ( 'NONE', #1603, #86, #712 ) ;
#45 = AXIS2_PLACEMENT_3D ( 'NONE', #1333, #885, #279 ) ;
#46 =( GEOMETRIC_REPRESENTATION_CONTEXT ( 3 ) GLOBAL_UNCERTAINTY_ASSIGNED_CONTEXT ( ( #517 ) ) GLOBAL_UNIT_ASSIGNED_CONTEXT ( ( #1768, #1319, #112 ) ) REPRESENTATION_CONTEXT ( 'NONE', 'WORKASPACE' ) );
#47 = ORIENTED_EDGE ( 'NONE', *, *, #1718, .T. ) ;
#48 = DIRECTION ( 'NONE',  ( -0.0000000000000000000, -1.000000000000000000, 0.0000000000000000000 ) ) ;
#49 = PRESENTATION_STYLE_ASSIGNMENT (( #1250 ) ) ;
#50 = DIRECTION ( 'NONE',  ( 1.000000000000000000, 0.0000000000000000000, 0.0000000000000000000 ) ) ;
#51 = ORIENTED_EDGE ( 'NONE', *, *, #1939, .T. ) ;
#52 =( NAMED_UNIT ( * ) PLANE_ANGLE_UNIT ( ) SI_UNIT ( $, .RADIAN. ) );
#53 = VECTOR ( 'NONE', #1140, 1000.000000000000000 ) ;
#54 =( LENGTH_UNIT ( ) NAMED_UNIT ( * ) SI_UNIT ( .MILLI., .METRE. ) );
#55 = PRESENTATION_LAYER_ASSIGNMENT (  '', '', ( #1739 ) ) ;
#56 =( LENGTH_UNIT ( ) NAMED_UNIT ( * ) SI_UNIT ( .MILLI., .METRE. ) );
#57 = AXIS2_PLACEMENT_3D ( 'NONE', #211, #487, #331 ) ;
#58 = CARTESIAN_POINT ( 'NONE',  ( -0.1249999999999999722, 0.8299999999999999600, 0.0000000000000000000 ) ) ;
#59 = ORIENTED_EDGE ( 'NONE', *, *, #563, .F. ) ;
#60 = DIRECTION ( 'NONE',  ( 0.9986295347545739443, 0.05233595624294388321, -1.353395388861372324E-16 ) ) ;
#61 = FILL_AREA_STYLE ('',( #1084 ) ) ;
#62 = FILL_AREA_STYLE_COLOUR ( '', #1283 ) ;
#63 = ORIENTED_EDGE ( 'NONE', *, *, #862, .F. ) ;
#64 = DIRECTION ( 'NONE',  ( -0.0000000000000000000, -0.0000000000000000000, 1.000000000000000000 ) ) ;
#65 = PRESENTATION_STYLE_ASSIGNMENT (( #1138 ) ) ;
#66 =( NAMED_UNIT ( * ) SI_UNIT ( $, .STERADIAN. ) SOLID_ANGLE_UNIT ( ) );
#67 = DIRECTION ( 'NONE',  ( 1.000000000000000000, 0.0000000000000000000, 0.0000000000000000000 ) ) ;
#68 =( LENGTH_UNIT ( ) NAMED_UNIT ( * ) SI_UNIT ( .MILLI., .METRE. ) );
#69 = EDGE_CURVE ( 'NONE', #758, #484, #1148, .T. ) ;
#70 = PRESENTATION_STYLE_ASSIGNMENT (( #505 ) ) ;
#71 = ORIENTED_EDGE ( 'NONE', *, *, #997, .T. ) ;
#72 = PRESENTATION_STYLE_ASSIGNMENT (( #1429 ) ) ;
#73 =( LENGTH_UNIT ( ) NAMED_UNIT ( * ) SI_UNIT ( .MILLI., .METRE. ) );
#74 = STYLED_ITEM ( 'NONE', ( #899 ), #42 ) ;
#75 = DIRECTION ( 'NONE',  ( 1.000000000000000000, -0.0000000000000000000, -0.0000000000000000000 ) ) ;
#76 = VECTOR ( 'NONE', #34, 1000.000000000000000 ) ;
#77 = DIRECTION ( 'NONE',  ( -0.0000000000000000000, -1.000000000000000000, -0.0000000000000000000 ) ) ;
#78 = STYLED_ITEM ( 'NONE', ( #1253 ), #668 ) ;
#79 = EDGE_CURVE ( 'NONE', #301, #1188, #524, .T. ) ;
#80 = ORIENTED_EDGE ( 'NONE', *, *, #606, .T. ) ;
#81 = SURFACE_SIDE_STYLE ('',( #1439 ) ) ;
#82 = AXIS2_PLACEMENT_3D ( 'NONE', #1803, #48, #504 ) ;
#83 = CARTESIAN_POINT ( 'NONE',  ( -0.2228515921389554177, 1.102616797812147276, -0.5753683437369704334 ) ) ;
#84 = STYLED_ITEM ( 'NONE', ( #169 ), #1541 ) ;
#85 = AXIS2_PLACEMENT_3D ( 'NONE', #288, #775, #906 ) ;
#86 = DIRECTION ( 'NONE',  ( -1.355252715606880543E-16, 0.0000000000000000000, -1.000000000000000000 ) ) ;
#87 = ORIENTED_EDGE ( 'NONE', *, *, #1119, .T. ) ;
#88 = DIRECTION ( 'NONE',  ( 0.0000000000000000000, 0.0000000000000000000, 1.000000000000000000 ) ) ;
#89 = EDGE_CURVE ( 'NONE', #1521, #1752, #411, .T. ) ;
#90 = DIRECTION ( 'NONE',  ( 0.0000000000000000000, 0.0000000000000000000, 1.000000000000000000 ) ) ;
#91 = PLANE ( 'NONE',  #539 ) ;
#92 = ADVANCED_FACE ( 'NONE', ( #1406 ), #650, .F. ) ;
#93 = LINE ( 'NONE', #743, #1275 ) ;
#94 =( LENGTH_UNIT ( ) NAMED_UNIT ( * ) SI_UNIT ( .MILLI., .METRE. ) );
#95 = SURFACE_STYLE_USAGE ( .BOTH. , #722 ) ;
#96 = DIRECTION ( 'NONE',  ( 0.05226442768871395611, 0.9972646886342372285, -0.05226442768871396999 ) ) ;
#97 = ADVANCED_FACE ( 'NONE', ( #1697 ), #1418, .T. ) ;
#98 = EDGE_LOOP ( 'NONE', ( #1284, #1874, #895, #1346 ) ) ;
#99 = CARTESIAN_POINT ( 'NONE',  ( -1.824726027712242925E-16, 0.6800000000000000488, -0.8250000000000000666 ) ) ;
#100 = DIRECTION ( 'NONE',  ( -0.0000000000000000000, -1.000000000000000000, -0.0000000000000000000 ) ) ;
#101 =( GEOMETRIC_REPRESENTATION_CONTEXT ( 3 ) GLOBAL_UNCERTAINTY_ASSIGNED_CONTEXT ( ( #1574 ) ) GLOBAL_UNIT_ASSIGNED_CONTEXT ( ( #54, #500, #1550 ) ) REPRESENTATION_CONTEXT ( 'NONE', 'WORKASPACE' ) );
#102 = COLOUR_RGB ( '',0.9372549019607843146, 0.9372549019607843146, 0.9372549019607843146 ) ;
#103 = STYLED_ITEM ( 'NONE', ( #1559 ), #293 ) ;
#104 = LINE ( 'NONE', #1810, #1917 ) ;
#105 = SURFACE_STYLE_USAGE ( .BOTH. , #132 ) ;
#106 = MECHANICAL_DESIGN_GEOMETRIC_PRESENTATION_REPRESENTATION (  '', ( #1941 ), #1673 ) ;
#107 = AXIS2_PLACEMENT_3D ( 'NONE', #1226, #163, #788 ) ;
#108 = ORIENTED_EDGE ( 'NONE', *, *, #162, .F. ) ;
#109 = CARTESIAN_POINT ( 'NONE',  ( 0.0000000000000000000, 0.0000000000000000000, 0.0000000000000000000 ) ) ;
#110 =( GEOMETRIC_REPRESENTATION_CONTEXT ( 3 ) GLOBAL_UNCERTAINTY_ASSIGNED_CONTEXT ( ( #1631 ) ) GLOBAL_UNIT_ASSIGNED_CONTEXT ( ( #522, #549, #1597 ) ) REPRESENTATION_CONTEXT ( 'NONE', 'WORKASPACE' ) );
#111 = VERTEX_POINT ( 'NONE', #1773 ) ;
#112 =( NAMED_UNIT ( * ) SI_UNIT ( $, .STERADIAN. ) SOLID_ANGLE_UNIT ( ) );
#113 = MECHANICAL_DESIGN_GEOMETRIC_PRESENTATION_REPRESENTATION (  '', ( #291 ), #1863 ) ;
#114 = CARTESIAN_POINT ( 'NONE',  ( 0.1950685232622711429, 0.6800000000000000488, -0.6000000000000000888 ) ) ;
#115 = DIRECTION ( 'NONE',  ( 0.0000000000000000000, 0.9986295347545739443, 0.05233595624294388321 ) ) ;
#116 =( GEOMETRIC_REPRESENTATION_CONTEXT ( 3 ) GLOBAL_UNCERTAINTY_ASSIGNED_CONTEXT ( ( #1654 ) ) GLOBAL_UNIT_ASSIGNED_CONTEXT ( ( #1880, #265, #66 ) ) REPRESENTATION_CONTEXT ( 'NONE', 'WORKASPACE' ) );
#117 = STYLED_ITEM ( 'NONE', ( #1902 ), #821 ) ;
#118 = EDGE_LOOP ( 'NONE', ( #533, #1742, #1397, #1927 ) ) ;
#119 = DIRECTION ( 'NONE',  ( 0.0000000000000000000, 0.0000000000000000000, 1.000000000000000000 ) ) ;
#120 = CARTESIAN_POINT ( 'NONE',  ( -0.1249999999999999722, 0.8299999999999999600, 0.0000000000000000000 ) ) ;
#121 = CARTESIAN_POINT ( 'NONE',  ( 0.3000000000000004330, 0.6800000000000000488, 0.4949999999999997735 ) ) ;
#122 = FACE_OUTER_BOUND ( 'NONE', #1553, .T. ) ;
#123 = EDGE_LOOP ( 'NONE', ( #1113, #338, #171, #1107 ) ) ;
#124 = FILL_AREA_STYLE ('',( #1316 ) ) ;
#125 = ORIENTED_EDGE ( 'NONE', *, *, #1866, .F. ) ;
#126 = FILL_AREA_STYLE ('',( #1907 ) ) ;
#127 = CARTESIAN_POINT ( 'NONE',  ( -0.3000000000000000999, 0.0000000000000000000, -0.4950000000000001066 ) ) ;
#128 = ORIENTED_EDGE ( 'NONE', *, *, #997, .F. ) ;
#129 = ADVANCED_FACE ( 'NONE', ( #1592 ), #91, .F. ) ;
#130 = DIRECTION ( 'NONE',  ( 5.421010862427519212E-16, 0.0000000000000000000, 1.000000000000000000 ) ) ;
#131 = FILL_AREA_STYLE ('',( #912 ) ) ;
#132 = SURFACE_SIDE_STYLE ('',( #145 ) ) ;
#133 = VERTEX_POINT ( 'NONE', #851 ) ;
#134 = CARTESIAN_POINT ( 'NONE',  ( 0.3000000000000002109, 0.6800000000000000488, -0.4950000000000002176 ) ) ;
#135 =( LENGTH_UNIT ( ) NAMED_UNIT ( * ) SI_UNIT ( .MILLI., .METRE. ) );
#136 = CARTESIAN_POINT ( 'NONE',  ( 0.3000000000000002109, 0.6800000000000000488, -0.4950000000000002176 ) ) ;
#137 = CARTESIAN_POINT ( 'NONE',  ( 0.0000000000000000000, 0.6800000000000000488, 0.0000000000000000000 ) ) ;
#138 = UNCERTAINTY_MEASURE_WITH_UNIT (LENGTH_MEASURE( 1.000000000000000082E-05 ), #896, 'distance_accuracy_value', 'NONE');
#139 = UNCERTAINTY_MEASURE_WITH_UNIT (LENGTH_MEASURE( 1.000000000000000082E-05 ), #1544, 'distance_accuracy_value', 'NONE');
#140 =( LENGTH_UNIT ( ) NAMED_UNIT ( * ) SI_UNIT ( .MILLI., .METRE. ) );
#141 = DIRECTION ( 'NONE',  ( -0.0000000000000000000, -1.000000000000000000, -0.0000000000000000000 ) ) ;
#142 = ORIENTED_EDGE ( 'NONE', *, *, #89, .F. ) ;
#143 = FACE_OUTER_BOUND ( 'NONE', #1879, .T. ) ;
#144 = FACE_OUTER_BOUND ( 'NONE', #333, .T. ) ;
#145 = SURFACE_STYLE_FILL_AREA ( #1314 ) ;
#146 = ORIENTED_EDGE ( 'NONE', *, *, #250, .T. ) ;
#147 = CARTESIAN_POINT ( 'NONE',  ( -0.1249999999999999722, 0.8299999999999999600, 0.0000000000000000000 ) ) ;
#148 = DIRECTION ( 'NONE',  ( 0.0000000000000000000, 1.000000000000000000, -0.0000000000000000000 ) ) ;
#149 = PRESENTATION_LAYER_ASSIGNMENT (  '', '', ( #1859 ) ) ;
#150 = PRESENTATION_LAYER_ASSIGNMENT (  '', '', ( #729 ) ) ;
#151 = DIRECTION ( 'NONE',  ( -0.0000000000000000000, -1.000000000000000000, -0.0000000000000000000 ) ) ;
#152 = LINE ( 'NONE', #1935, #1540 ) ;
#153 = COLOUR_RGB ( '',1.000000000000000000, 1.000000000000000000, 1.000000000000000000 ) ;
#154 = VECTOR ( 'NONE', #457, 1000.000000000000000 ) ;
#155 = DIRECTION ( 'NONE',  ( 1.000000000000000000, 0.0000000000000000000, 0.0000000000000000000 ) ) ;
#156 = CARTESIAN_POINT ( 'NONE',  ( -0.3000000000000000999, 0.0000000000000000000, 0.4949999999999998845 ) ) ;
#157 = AXIS2_PLACEMENT_3D ( 'NONE', #1680, #816, #1862 ) ;
#158 = ORIENTED_EDGE ( 'NONE', *, *, #1353, .F. ) ;
#159 = EDGE_CURVE ( 'NONE', #529, #637, #1132, .T. ) ;
#160 = SURFACE_SIDE_STYLE ('',( #1485 ) ) ;
#161 = EDGE_LOOP ( 'NONE', ( #800, #609, #1724, #782 ) ) ;
#162 = EDGE_CURVE ( 'NONE', #1324, #734, #274, .T. ) ;
#163 = DIRECTION ( 'NONE',  ( 0.0000000000000000000, -0.0000000000000000000, 1.000000000000000000 ) ) ;
#164 =( NAMED_UNIT ( * ) SI_UNIT ( $, .STERADIAN. ) SOLID_ANGLE_UNIT ( ) );
#165 =( LENGTH_UNIT ( ) NAMED_UNIT ( * ) SI_UNIT ( .MILLI., .METRE. ) );
#166 = ORIENTED_EDGE ( 'NONE', *, *, #23, .F. ) ;
#167 = SURFACE_STYLE_FILL_AREA ( #1696 ) ;
#168 = SURFACE_STYLE_FILL_AREA ( #1075 ) ;
#169 = PRESENTATION_STYLE_ASSIGNMENT (( #5 ) ) ;
#170 = ADVANCED_FACE ( 'NONE', ( #1297 ), #1139, .F. ) ;
#171 = ORIENTED_EDGE ( 'NONE', *, *, #684, .T. ) ;
#172 = CARTESIAN_POINT ( 'NONE',  ( 0.3000000000000002109, 0.6800000000000000488, -0.4950000000000002176 ) ) ;
#173 = CARTESIAN_POINT ( 'NONE',  ( 0.0000000000000000000, 0.6800000000000000488, 0.8249999999999998446 ) ) ;
#174 = VECTOR ( 'NONE', #530, 1000.000000000000000 ) ;
#175 = DIRECTION ( 'NONE',  ( 1.807003620809173153E-16, -0.0000000000000000000, 1.000000000000000000 ) ) ;
#176 = SURFACE_STYLE_USAGE ( .BOTH. , #656 ) ;
#177 = PLANE ( 'NONE',  #394 ) ;
#178 = COLOUR_RGB ( '',1.000000000000000000, 1.000000000000000000, 1.000000000000000000 ) ;
#179 = PRESENTATION_LAYER_ASSIGNMENT (  '', '', ( #513 ) ) ;
#180 =( LENGTH_UNIT ( ) NAMED_UNIT ( * ) SI_UNIT ( .MILLI., .METRE. ) );
#181 =( BOUNDED_CURVE ( )  B_SPLINE_CURVE ( 3, ( #1677, #306, #839, #1527 ),
 .UNSPECIFIED., .F., .T. ) 
 B_SPLINE_CURVE_WITH_KNOTS ( ( 4, 4 ),
 ( 5.499156671652532857, 7.067213942706639607 ),
 .UNSPECIFIED. ) 
 CURVE ( )  GEOMETRIC_REPRESENTATION_ITEM ( )  RATIONAL_B_SPLINE_CURVE ( ( 1.000000000000000000, 0.8053830134673594099, 0.8053830134673594099, 1.000000000000000000 ) ) 
 REPRESENTATION_ITEM ( '' )  );
#182 = AXIS2_PLACEMENT_3D ( 'NONE', #1164, #1042, #903 ) ;
#183 = FACE_OUTER_BOUND ( 'NONE', #685, .T. ) ;
#184 = EDGE_CURVE ( 'NONE', #1031, #263, #433, .T. ) ;
#185 = PRESENTATION_LAYER_ASSIGNMENT (  '', '', ( #1896 ) ) ;
#186 = ORIENTED_EDGE ( 'NONE', *, *, #1930, .T. ) ;
#187 = CARTESIAN_POINT ( 'NONE',  ( 0.3000000000000002109, 0.6800000000000000488, -1.182352443401096857E-16 ) ) ;
#188 = PRESENTATION_LAYER_ASSIGNMENT (  '', '', ( #1245 ) ) ;
#189 = PRESENTATION_STYLE_ASSIGNMENT (( #202 ) ) ;
#190 = LINE ( 'NONE', #173, #1019 ) ;
#191 = COLOUR_RGB ( '',1.000000000000000000, 0.8117647058823529438, 0.5019607843137254832 ) ;
#192 = CARTESIAN_POINT ( 'NONE',  ( 0.3000000000000002109, 0.0000000000000000000, -0.4950000000000002176 ) ) ;
#193 = UNCERTAINTY_MEASURE_WITH_UNIT (LENGTH_MEASURE( 1.000000000000000082E-05 ), #1751, 'distance_accuracy_value', 'NONE');
#194 = CARTESIAN_POINT ( 'NONE',  ( 0.1249999999999999722, 0.6800000000000000488, 0.0000000000000000000 ) ) ;
#195 =( NAMED_UNIT ( * ) SI_UNIT ( $, .STERADIAN. ) SOLID_ANGLE_UNIT ( ) );
#196 = DIRECTION ( 'NONE',  ( -1.000000000000000000, 0.0000000000000000000, -1.084202172485504434E-16 ) ) ;
#197 = PRESENTATION_STYLE_ASSIGNMENT (( #1385 ) ) ;
#198 = CYLINDRICAL_SURFACE ( 'NONE', #859, 0.04999999999999993339 ) ;
#199 = ORIENTED_EDGE ( 'NONE', *, *, #184, .F. ) ;
#200 = DIRECTION ( 'NONE',  ( 1.182352443401097005E-15, 0.0000000000000000000, 1.000000000000000000 ) ) ;
#201 = DIRECTION ( 'NONE',  ( 0.0000000000000000000, 1.000000000000000000, -0.0000000000000000000 ) ) ;
#202 = SURFACE_STYLE_USAGE ( .BOTH. , #495 ) ;
#203 = CARTESIAN_POINT ( 'NONE',  ( -0.1952049146062378171, 0.6747807003106071067, -0.5502049146062377716 ) ) ;
#204 = ADVANCED_FACE ( 'NONE', ( #1190 ), #1052, .F. ) ;
#205 = VERTEX_POINT ( 'NONE', #1781 ) ;
#206 = DIRECTION ( 'NONE',  ( 0.0000000000000000000, 0.05233595624294388321, 0.9986295347545739443 ) ) ;
#207 = SURFACE_STYLE_USAGE ( .BOTH. , #326 ) ;
#208 = CARTESIAN_POINT ( 'NONE',  ( 0.3000000000000007661, 0.6800000000000000488, -3.547057330203300680E-16 ) ) ;
#209 = SURFACE_STYLE_FILL_AREA ( #359 ) ;
#210 = SURFACE_SIDE_STYLE ('',( #1722 ) ) ;
#211 = CARTESIAN_POINT ( 'NONE',  ( 0.1729201154012266206, 1.100000000000000089, 0.5279201154012262975 ) ) ;
#212 = VERTEX_POINT ( 'NONE', #1657 ) ;
#213 = UNCERTAINTY_MEASURE_WITH_UNIT (LENGTH_MEASURE( 1.000000000000000082E-05 ), #140, 'distance_accuracy_value', 'NONE');
#214 = ADVANCED_FACE ( 'NONE', ( #625 ), #1032, .T. ) ;
#215 = PRESENTATION_LAYER_ASSIGNMENT (  '', '', ( #74 ) ) ;
#216 = MECHANICAL_DESIGN_GEOMETRIC_PRESENTATION_REPRESENTATION (  '', ( #1167 ), #1396 ) ;
#217 = DIRECTION ( 'NONE',  ( -0.0000000000000000000, -1.000000000000000000, -0.0000000000000000000 ) ) ;
#218 = VECTOR ( 'NONE', #119, 1000.000000000000000 ) ;
#219 =( NAMED_UNIT ( * ) SI_UNIT ( $, .STERADIAN. ) SOLID_ANGLE_UNIT ( ) );
#220 = VECTOR ( 'NONE', #100, 1000.000000000000000 ) ;
#221 = ORIENTED_EDGE ( 'NONE', *, *, #320, .T. ) ;
#222 = VECTOR ( 'NONE', #1556, 1000.000000000000000 ) ;
#223 = EDGE_LOOP ( 'NONE', ( #336, #87, #488, #369 ) ) ;
#224 = LINE ( 'NONE', #497, #174 ) ;
#225 = CARTESIAN_POINT ( 'NONE',  ( 0.0000000000000000000, 1.100000000000000089, 0.5279201154012264086 ) ) ;
#226 = CARTESIAN_POINT ( 'NONE',  ( 0.2450000000000001066, 0.6800000000000000488, 0.5793342728851609280 ) ) ;
#227 = PRODUCT_RELATED_PRODUCT_CATEGORY ( 'part', '', ( #954 ) ) ;
#228 = DIRECTION ( 'NONE',  ( 0.0000000000000000000, 1.000000000000000000, 0.0000000000000000000 ) ) ;
#229 = PRESENTATION_LAYER_ASSIGNMENT (  '', '', ( #421 ) ) ;
#230 = EDGE_CURVE ( 'NONE', #1289, #698, #224, .T. ) ;
#231 = UNCERTAINTY_MEASURE_WITH_UNIT (LENGTH_MEASURE( 1.000000000000000082E-05 ), #1833, 'distance_accuracy_value', 'NONE');
#232 = EDGE_LOOP ( 'NONE', ( #508, #125, #1315, #1093 ) ) ;
#233 = PRESENTATION_STYLE_ASSIGNMENT (( #423 ) ) ;
#234 = SURFACE_SIDE_STYLE ('',( #566 ) ) ;
#235 = ORIENTED_EDGE ( 'NONE', *, *, #1726, .T. ) ;
#236 = SURFACE_SIDE_STYLE ('',( #995 ) ) ;
#237 = CARTESIAN_POINT ( 'NONE',  ( 0.0000000000000000000, 0.0000000000000000000, 0.0000000000000000000 ) ) ;
#238 = FILL_AREA_STYLE ('',( #1279 ) ) ;
#239 = ADVANCED_FACE ( 'NONE', ( #1208 ), #1547, .T. ) ;
#240 = FILL_AREA_STYLE_COLOUR ( '', #102 ) ;
#241 = FACE_OUTER_BOUND ( 'NONE', #1224, .T. ) ;
#242 = EDGE_LOOP ( 'NONE', ( #1659, #467, #814, #1708 ) ) ;
#243 = FILL_AREA_STYLE ('',( #548 ) ) ;
#244 = AXIS2_PLACEMENT_3D ( 'NONE', #147, #302, #594 ) ;
#245 = SURFACE_STYLE_USAGE ( .BOTH. , #1600 ) ;
#246 = MECHANICAL_DESIGN_GEOMETRIC_PRESENTATION_REPRESENTATION (  '', ( #1150 ), #1791 ) ;
#247 = EDGE_CURVE ( 'NONE', #1867, #596, #1392, .T. ) ;
#248 = APPLICATION_PROTOCOL_DEFINITION ( 'draft international standard', 'automotive_design', 1998, #447 ) ;
#249 = COLOUR_RGB ( '',0.9372549019607843146, 0.9372549019607843146, 0.9372549019607843146 ) ;
#250 = EDGE_CURVE ( 'NONE', #1740, #698, #366, .T. ) ;
#251 = SPHERICAL_SURFACE ( 'NONE', #1733, 0.05000000000000000278 ) ;
#252 =( GEOMETRIC_REPRESENTATION_CONTEXT ( 3 ) GLOBAL_UNCERTAINTY_ASSIGNED_CONTEXT ( ( #777 ) ) GLOBAL_UNIT_ASSIGNED_CONTEXT ( ( #1399, #1235, #360 ) ) REPRESENTATION_CONTEXT ( 'NONE', 'WORKASPACE' ) );
#253 = CYLINDRICAL_SURFACE ( 'NONE', #182, 0.05000000000000005135 ) ;
#254 = DIRECTION ( 'NONE',  ( 1.000000000000000000, -5.421010862427531045E-16, 2.841031407690804629E-17 ) ) ;
#255 = COLOUR_RGB ( '',1.000000000000000000, 0.8117647058823529438, 0.5019607843137254832 ) ;
#256 = VECTOR ( 'NONE', #852, 1000.000000000000000 ) ;
#257 = CARTESIAN_POINT ( 'NONE',  ( 0.0000000000000000000, 0.8299999999999999600, 0.0000000000000000000 ) ) ;
#258 = MECHANICAL_DESIGN_GEOMETRIC_PRESENTATION_REPRESENTATION (  '', ( #1739 ), #28 ) ;
#259 = SURFACE_SIDE_STYLE ('',( #1899 ) ) ;
#260 = PRESENTATION_LAYER_ASSIGNMENT (  '', '', ( #1922 ) ) ;
#261 = DIRECTION ( 'NONE',  ( 0.05226442768871397693, 0.9972646886342372285, 0.05226442768871396305 ) ) ;
#262 = CARTESIAN_POINT ( 'NONE',  ( 0.3000000000000002109, 0.6800000000000000488, -0.4950000000000002176 ) ) ;
#263 = VERTEX_POINT ( 'NONE', #192 ) ;
#264 =( NAMED_UNIT ( * ) SI_UNIT ( $, .STERADIAN. ) SOLID_ANGLE_UNIT ( ) );
#265 =( NAMED_UNIT ( * ) PLANE_ANGLE_UNIT ( ) SI_UNIT ( $, .RADIAN. ) );
#266 = EDGE_CURVE ( 'NONE', #427, #1626, #1110, .T. ) ;
#267 = PRESENTATION_STYLE_ASSIGNMENT (( #1443 ) ) ;
#268 = ORIENTED_EDGE ( 'NONE', *, *, #1193, .F. ) ;
#269 = DIRECTION ( 'NONE',  ( 1.000000000000000000, 0.0000000000000000000, -1.807003620809173153E-16 ) ) ;
#270 = CARTESIAN_POINT ( 'NONE',  ( -0.1729201154012265373, 1.149999999999999911, 0.5279201154012264086 ) ) ;
#271 = DIRECTION ( 'NONE',  ( 1.000000000000000000, 0.0000000000000000000, 0.0000000000000000000 ) ) ;
#272 = DIRECTION ( 'NONE',  ( -0.0000000000000000000, -1.000000000000000000, -0.0000000000000000000 ) ) ;
#273 = EDGE_LOOP ( 'NONE', ( #688, #742, #1568, #1530 ) ) ;
#274 = LINE ( 'NONE', #1286, #315 ) ;
#275 = PRODUCT_DEFINITION ( 'UNKNOWN', '', #1454, #785 ) ;
#276 = DIRECTION ( 'NONE',  ( -0.05226442768871584349, 0.9972646886342372285, -0.05226442768871567696 ) ) ;
#277 = ORIENTED_EDGE ( 'NONE', *, *, #1231, .F. ) ;
#278 = LINE ( 'NONE', #422, #543 ) ;
#279 = DIRECTION ( 'NONE',  ( 0.0000000000000000000, 0.0000000000000000000, -1.000000000000000000 ) ) ;
#280 = FILL_AREA_STYLE ('',( #1027 ) ) ;
#281 =( GEOMETRIC_REPRESENTATION_CONTEXT ( 3 ) GLOBAL_UNCERTAINTY_ASSIGNED_CONTEXT ( ( #138 ) ) GLOBAL_UNIT_ASSIGNED_CONTEXT ( ( #896, #1045, #1183 ) ) REPRESENTATION_CONTEXT ( 'NONE', 'WORKASPACE' ) );
#282 = CIRCLE ( 'NONE', #1363, 0.04999999999999991257 ) ;
#283 = AXIS2_PLACEMENT_3D ( 'NONE', #942, #175, #1104 ) ;
#284 =( NAMED_UNIT ( * ) PLANE_ANGLE_UNIT ( ) SI_UNIT ( $, .RADIAN. ) );
#285 = DIRECTION ( 'NONE',  ( 1.000000000000000000, 0.0000000000000000000, 1.084202172485504434E-16 ) ) ;
#286 = ORIENTED_EDGE ( 'NONE', *, *, #1952, .T. ) ;
#287 = FILL_AREA_STYLE_COLOUR ( '', #570 ) ;
#288 = CARTESIAN_POINT ( 'NONE',  ( 0.0000000000000000000, 1.149999999999999911, 0.0000000000000000000 ) ) ;
#289 = MECHANICAL_DESIGN_GEOMETRIC_PRESENTATION_REPRESENTATION (  '', ( #450 ), #546 ) ;
#290 = VERTEX_POINT ( 'NONE', #1086 ) ;
#291 = STYLED_ITEM ( 'NONE', ( #760 ), #1663 ) ;
#292 = LINE ( 'NONE', #1054, #888 ) ;
#293 = MANIFOLD_SOLID_BREP ( 'Fillet1', #438 ) ;
#294 = ADVANCED_FACE ( 'NONE', ( #1147 ), #251, .T. ) ;
#295 = VECTOR ( 'NONE', #1083, 1000.000000000000000 ) ;
#296 =( NAMED_UNIT ( * ) SI_UNIT ( $, .STERADIAN. ) SOLID_ANGLE_UNIT ( ) );
#297 = DIRECTION ( 'NONE',  ( 0.05226442768871396305, -0.9972646886342372285, -0.05226442768871396305 ) ) ;
#298 = ORIENTED_EDGE ( 'NONE', *, *, #1875, .F. ) ;
#299 = PLANE ( 'NONE',  #1240 ) ;
#300 = CARTESIAN_POINT ( 'NONE',  ( 0.3000000000000004330, 0.6800000000000000488, 0.4949999999999997735 ) ) ;
#301 = VERTEX_POINT ( 'NONE', #536 ) ;
#302 = DIRECTION ( 'NONE',  ( 1.000000000000000000, -0.0000000000000000000, 1.355252715606880296E-16 ) ) ;
#303 = CARTESIAN_POINT ( 'NONE',  ( 0.1250000000000000000, 0.8299999999999999600, 0.2000000000000000389 ) ) ;
#304 = SURFACE_SIDE_STYLE ('',( #909 ) ) ;
#305 = ORIENTED_EDGE ( 'NONE', *, *, #1652, .F. ) ;
#306 = CARTESIAN_POINT ( 'NONE',  ( -0.2243342728851612511, 0.6800000000000000488, 0.5999999999999998668 ) ) ;
#307 = ORIENTED_EDGE ( 'NONE', *, *, #880, .F. ) ;
#308 = DIRECTION ( 'NONE',  ( 0.0000000000000000000, 0.0000000000000000000, 1.000000000000000000 ) ) ;
#309 = SURFACE_SIDE_STYLE ('',( #168 ) ) ;
#310 = DIRECTION ( 'NONE',  ( -1.000000000000000000, 0.0000000000000000000, 2.211789124499688147E-16 ) ) ;
#311 = SURFACE_STYLE_FILL_AREA ( #1525 ) ;
#312 = LINE ( 'NONE', #733, #220 ) ;
#313 = VECTOR ( 'NONE', #952, 1000.000000000000000 ) ;
#314 = EDGE_CURVE ( 'NONE', #1387, #963, #43, .T. ) ;
#315 = VECTOR ( 'NONE', #1624, 1000.000000000000227 ) ;
#316 =( NAMED_UNIT ( * ) PLANE_ANGLE_UNIT ( ) SI_UNIT ( $, .RADIAN. ) );
#317 =( NAMED_UNIT ( * ) SI_UNIT ( $, .STERADIAN. ) SOLID_ANGLE_UNIT ( ) );
#318 = COLOUR_RGB ( '',0.7921568627450980005, 0.8196078431372548767, 0.9333333333333333481 ) ;
#319 =( GEOMETRIC_REPRESENTATION_CONTEXT ( 3 ) GLOBAL_UNCERTAINTY_ASSIGNED_CONTEXT ( ( #1595 ) ) GLOBAL_UNIT_ASSIGNED_CONTEXT ( ( #1949, #1467, #615 ) ) REPRESENTATION_CONTEXT ( 'NONE', 'WORKASPACE' ) );
#320 = EDGE_CURVE ( 'NONE', #596, #111, #1270, .T. ) ;
#321 = VERTEX_POINT ( 'NONE', #1892 ) ;
#322 = VECTOR ( 'NONE', #1310, 1000.000000000000000 ) ;
#323 = AXIS2_PLACEMENT_3D ( 'NONE', #757, #1937, #1826 ) ;
#324 = PRESENTATION_LAYER_ASSIGNMENT (  '', '', ( #1941 ) ) ;
#325 =( NAMED_UNIT ( * ) PLANE_ANGLE_UNIT ( ) SI_UNIT ( $, .RADIAN. ) );
#326 = SURFACE_SIDE_STYLE ('',( #1669 ) ) ;
#327 = FILL_AREA_STYLE_COLOUR ( '', #20 ) ;
#328 = AXIS2_PLACEMENT_3D ( 'NONE', #1171, #927, #1061 ) ;
#329 = COLOUR_RGB ( '',0.9372549019607843146, 0.9372549019607843146, 0.9372549019607843146 ) ;
#330 = PRESENTATION_STYLE_ASSIGNMENT (( #1216 ) ) ;
#331 = DIRECTION ( 'NONE',  ( 0.0000000000000000000, -1.000000000000000000, -2.168404344971012812E-15 ) ) ;
#332 = MECHANICAL_DESIGN_GEOMETRIC_PRESENTATION_REPRESENTATION (  '', ( #1922 ), #1342 ) ;
#333 = EDGE_LOOP ( 'NONE', ( #1542, #635, #1576, #1563 ) ) ;
#334 = CARTESIAN_POINT ( 'NONE',  ( 0.3000000000000002109, 0.0000000000000000000, -1.182352443401096857E-16 ) ) ;
#335 = LINE ( 'NONE', #14, #295 ) ;
#336 = ORIENTED_EDGE ( 'NONE', *, *, #1185, .T. ) ;
#337 = UNCERTAINTY_MEASURE_WITH_UNIT (LENGTH_MEASURE( 1.000000000000000082E-05 ), #1390, 'distance_accuracy_value', 'NONE');
#338 = ORIENTED_EDGE ( 'NONE', *, *, #1192, .T. ) ;
#339 = CARTESIAN_POINT ( 'NONE',  ( 0.0000000000000000000, 0.6800000000000000488, 0.8249999999999998446 ) ) ;
#340 = PLANE ( 'NONE',  #674 ) ;
#341 =( NAMED_UNIT ( * ) PLANE_ANGLE_UNIT ( ) SI_UNIT ( $, .RADIAN. ) );
#342 = FACE_OUTER_BOUND ( 'NONE', #1349, .T. ) ;
#343 = CARTESIAN_POINT ( 'NONE',  ( -0.2450000000000001066, 0.6800000000000000488, -0.5500685232622712917 ) ) ;
#344 = ORIENTED_EDGE ( 'NONE', *, *, #266, .F. ) ;
#345 = SURFACE_SIDE_STYLE ('',( #1868 ) ) ;
#346 = FILL_AREA_STYLE ('',( #1217 ) ) ;
#347 =( NAMED_UNIT ( * ) PLANE_ANGLE_UNIT ( ) SI_UNIT ( $, .RADIAN. ) );
#348 = AXIS2_PLACEMENT_3D ( 'NONE', #879, #1120, #709 ) ;
#349 = VECTOR ( 'NONE', #373, 1000.000000000000000 ) ;
#350 =( GEOMETRIC_REPRESENTATION_CONTEXT ( 3 ) GLOBAL_UNCERTAINTY_ASSIGNED_CONTEXT ( ( #1449 ) ) GLOBAL_UNIT_ASSIGNED_CONTEXT ( ( #1393, #523, #478 ) ) REPRESENTATION_CONTEXT ( 'NONE', 'WORKASPACE' ) );
#351 = DIRECTION ( 'NONE',  ( -0.0000000000000000000, -1.000000000000000000, 0.0000000000000000000 ) ) ;
#352 = MECHANICAL_DESIGN_GEOMETRIC_PRESENTATION_REPRESENTATION (  '', ( #950 ), #1914 ) ;
#353 = UNCERTAINTY_MEASURE_WITH_UNIT (LENGTH_MEASURE( 1.000000000000000082E-05 ), #1320, 'distance_accuracy_value', 'NONE');
#354 = AXIS2_PLACEMENT_3D ( 'NONE', #561, #1591, #408 ) ;
#355 = MECHANICAL_DESIGN_GEOMETRIC_PRESENTATION_REPRESENTATION (  '', ( #805 ), #1123 ) ;
#356 = PRESENTATION_LAYER_ASSIGNMENT (  '', '', ( #21 ) ) ;
#357 = EDGE_CURVE ( 'NONE', #301, #1031, #1259, .T. ) ;
#358 = ORIENTED_EDGE ( 'NONE', *, *, #1841, .F. ) ;
#359 = FILL_AREA_STYLE ('',( #796 ) ) ;
#360 =( NAMED_UNIT ( * ) SI_UNIT ( $, .STERADIAN. ) SOLID_ANGLE_UNIT ( ) );
#361 = STYLED_ITEM ( 'NONE', ( #466 ), #1638 ) ;
#362 = FILL_AREA_STYLE ('',( #1709 ) ) ;
#363 = LINE ( 'NONE', #826, #368 ) ;
#364 = VECTOR ( 'NONE', #1925, 1000.000000000000000 ) ;
#365 = ORIENTED_EDGE ( 'NONE', *, *, #1895, .F. ) ;
#366 = LINE ( 'NONE', #1369, #1505 ) ;
#367 = DIRECTION ( 'NONE',  ( -0.0000000000000000000, -1.000000000000000000, -0.0000000000000000000 ) ) ;
#368 = VECTOR ( 'NONE', #1081, 1000.000000000000000 ) ;
#369 = ORIENTED_EDGE ( 'NONE', *, *, #971, .T. ) ;
#370 = ADVANCED_FACE ( 'NONE', ( #982 ), #1067, .T. ) ;
#371 = FACE_OUTER_BOUND ( 'NONE', #1355, .T. ) ;
#372 = CARTESIAN_POINT ( 'NONE',  ( 0.1729201154012266484, 1.149999999999999911, 0.5279201154012264086 ) ) ;
#373 = DIRECTION ( 'NONE',  ( -1.000000000000000000, 0.0000000000000000000, 1.807003620809173153E-16 ) ) ;
#374 = CARTESIAN_POINT ( 'NONE',  ( 0.3000000000000004330, 0.6800000000000000488, 0.4949999999999997735 ) ) ;
#375 = SURFACE_STYLE_USAGE ( .BOTH. , #490 ) ;
#376 = SURFACE_STYLE_FILL_AREA ( #953 ) ;
#377 = ORIENTED_EDGE ( 'NONE', *, *, #1055, .T. ) ;
#378 = CARTESIAN_POINT ( 'NONE',  ( -0.2203683437369705067, 1.102616797812147276, 0.5778515921389552057 ) ) ;
#379 = ORIENTED_EDGE ( 'NONE', *, *, #794, .F. ) ;
#380 = FILL_AREA_STYLE_COLOUR ( '', #1267 ) ;
#381 = CYLINDRICAL_SURFACE ( 'NONE', #1944, 0.05000000000000002359 ) ;
#382 = FACE_OUTER_BOUND ( 'NONE', #161, .T. ) ;
#383 = EDGE_CURVE ( 'NONE', #737, #290, #401, .T. ) ;
#384 = FILL_AREA_STYLE ('',( #1252 ) ) ;
#385 = FILL_AREA_STYLE ('',( #638 ) ) ;
#386 = PRESENTATION_LAYER_ASSIGNMENT (  '', '', ( #1636 ) ) ;
#387 = STYLED_ITEM ( 'NONE', ( #1496 ), #584 ) ;
#388 = PRESENTATION_LAYER_ASSIGNMENT (  '', '', ( #1238 ) ) ;
#389 = ORIENTED_EDGE ( 'NONE', *, *, #1254, .T. ) ;
#390 = DIRECTION ( 'NONE',  ( -0.0000000000000000000, -1.000000000000000000, -0.0000000000000000000 ) ) ;
#391 = ORIENTED_EDGE ( 'NONE', *, *, #987, .F. ) ;
#392 = DIRECTION ( 'NONE',  ( 1.182352443401097005E-15, 0.0000000000000000000, 1.000000000000000000 ) ) ;
#393 = ADVANCED_FACE ( 'NONE', ( #143 ), #1158, .T. ) ;
#394 = AXIS2_PLACEMENT_3D ( 'NONE', #1016, #1598, #1728 ) ;
#395 = DIRECTION ( 'NONE',  ( 1.000000000000000000, 0.0000000000000000000, -2.211789124499688147E-16 ) ) ;
#396 = UNCERTAINTY_MEASURE_WITH_UNIT (LENGTH_MEASURE( 1.000000000000000082E-05 ), #602, 'distance_accuracy_value', 'NONE');
#397 = EDGE_LOOP ( 'NONE', ( #677, #1233, #905, #938 ) ) ;
#398 = SURFACE_STYLE_FILL_AREA ( #1129 ) ;
#399 = VERTEX_POINT ( 'NONE', #24 ) ;
#400 =( BOUNDED_CURVE ( )  B_SPLINE_CURVE ( 3, ( #343, #1539, #1386, #29 ),
 .UNSPECIFIED., .F., .T. ) 
 B_SPLINE_CURVE_WITH_KNOTS ( ( 4, 4 ),
 ( 5.499156671652532857, 7.067213942706639607 ),
 .UNSPECIFIED. ) 
 CURVE ( )  GEOMETRIC_REPRESENTATION_ITEM ( )  RATIONAL_B_SPLINE_CURVE ( ( 1.000000000000000000, 0.8053830134673594099, 0.8053830134673594099, 1.000000000000000000 ) ) 
 REPRESENTATION_ITEM ( '' )  );
#401 = LINE ( 'NONE', #620, #218 ) ;
#402 = SURFACE_SIDE_STYLE ('',( #1456 ) ) ;
#403 = DIRECTION ( 'NONE',  ( 0.0000000000000000000, -0.0000000000000000000, 1.000000000000000000 ) ) ;
#404 = SURFACE_STYLE_USAGE ( .BOTH. , #259 ) ;
#405 =( NAMED_UNIT ( * ) SI_UNIT ( $, .STERADIAN. ) SOLID_ANGLE_UNIT ( ) );
#406 = ORIENTED_EDGE ( 'NONE', *, *, #911, .F. ) ;
#407 =( LENGTH_UNIT ( ) NAMED_UNIT ( * ) SI_UNIT ( .MILLI., .METRE. ) );
#408 = DIRECTION ( 'NONE',  ( 1.355252715606880296E-16, 0.0000000000000000000, 1.000000000000000000 ) ) ;
#409 = PRESENTATION_STYLE_ASSIGNMENT (( #1431 ) ) ;
#410 = DIRECTION ( 'NONE',  ( 2.211789124499688147E-16, -0.0000000000000000000, 1.000000000000000000 ) ) ;
#411 = CIRCLE ( 'NONE', #701, 0.1499999999999999667 ) ;
#412 = PRESENTATION_LAYER_ASSIGNMENT (  '', '', ( #1150 ) ) ;
#413 = AXIS2_PLACEMENT_3D ( 'NONE', #339, #503, #31 ) ;
#414 = EDGE_CURVE ( 'NONE', #1115, #1656, #36, .T. ) ;
#415 = LINE ( 'NONE', #576, #836 ) ;
#416 = SURFACE_STYLE_USAGE ( .BOTH. , #234 ) ;
#417 = VERTEX_POINT ( 'NONE', #1519 ) ;
#418 = MECHANICAL_DESIGN_GEOMETRIC_PRESENTATION_REPRESENTATION (  '', ( #1446 ), #1766 ) ;
#419 = SURFACE_SIDE_STYLE ('',( #489 ) ) ;
#420 = AXIS2_PLACEMENT_3D ( 'NONE', #687, #77, #1877 ) ;
#421 = STYLED_ITEM ( 'NONE', ( #38 ), #1900 ) ;
#422 = CARTESIAN_POINT ( 'NONE',  ( 0.1249999999999999722, 0.8299999999999999600, 0.0000000000000000000 ) ) ;
#423 = SURFACE_STYLE_USAGE ( .BOTH. , #1265 ) ;
#424 = EDGE_CURVE ( 'NONE', #1039, #637, #1007, .T. ) ;
#425 = EDGE_LOOP ( 'NONE', ( #1623, #1196, #128, #59 ) ) ;
#426 =( NAMED_UNIT ( * ) PLANE_ANGLE_UNIT ( ) SI_UNIT ( $, .RADIAN. ) );
#427 = VERTEX_POINT ( 'NONE', #643 ) ;
#428 = DIRECTION ( 'NONE',  ( 0.0000000000000000000, -0.0000000000000000000, 1.000000000000000000 ) ) ;
#429 =( LENGTH_UNIT ( ) NAMED_UNIT ( * ) SI_UNIT ( .MILLI., .METRE. ) );
#430 =( NAMED_UNIT ( * ) SI_UNIT ( $, .STERADIAN. ) SOLID_ANGLE_UNIT ( ) );
#431 = DIRECTION ( 'NONE',  ( -0.0000000000000000000, -1.000000000000000000, -0.0000000000000000000 ) ) ;
#432 = ORIENTED_EDGE ( 'NONE', *, *, #936, .T. ) ;
#433 = LINE ( 'NONE', #134, #765 ) ;
#434 = EDGE_CURVE ( 'NONE', #1188, #263, #960, .T. ) ;
#435 = FACE_OUTER_BOUND ( 'NONE', #118, .T. ) ;
#436 = EDGE_LOOP ( 'NONE', ( #838, #1662, #1078 ) ) ;
#437 = PRESENTATION_STYLE_ASSIGNMENT (( #611 ) ) ;
#438 = CLOSED_SHELL ( 'NONE', ( #551, #1048, #534, #214, #1663, #784, #1906, #1457, #1380, #370, #1825, #668, #97, #1009, #393, #42, #294, #1362 ) ) ;
#439 = LINE ( 'NONE', #1038, #476 ) ;
#440 = VECTOR ( 'NONE', #392, 1000.000000000000000 ) ;
#441 = VECTOR ( 'NONE', #1809, 1000.000000000000227 ) ;
#442 = MECHANICAL_DESIGN_GEOMETRIC_PRESENTATION_REPRESENTATION (  '', ( #513 ), #1332 ) ;
#443 = ORIENTED_EDGE ( 'NONE', *, *, #1939, .F. ) ;
#444 = SURFACE_SIDE_STYLE ('',( #1788 ) ) ;
#445 = CARTESIAN_POINT ( 'NONE',  ( 0.2228515921389551957, 1.102616797812147276, -0.5279201154012266306 ) ) ;
#446 = PLANE ( 'NONE',  #1374 ) ;
#447 = APPLICATION_CONTEXT ( 'automotive_design' ) ;
#448 = PRESENTATION_LAYER_ASSIGNMENT (  '', '', ( #1301 ) ) ;
#449 =( GEOMETRIC_REPRESENTATION_CONTEXT ( 3 ) GLOBAL_UNCERTAINTY_ASSIGNED_CONTEXT ( ( #39 ) ) GLOBAL_UNIT_ASSIGNED_CONTEXT ( ( #1246, #1106, #219 ) ) REPRESENTATION_CONTEXT ( 'NONE', 'WORKASPACE' ) );
#450 = STYLED_ITEM ( 'NONE', ( #70 ), #1513 ) ;
#451 = EDGE_CURVE ( 'NONE', #1752, #1255, #1356, .T. ) ;
#452 = AXIS2_PLACEMENT_3D ( 'NONE', #257, #1122, #403 ) ;
#453 = LINE ( 'NONE', #1661, #1916 ) ;
#454 = MECHANICAL_DESIGN_GEOMETRIC_PRESENTATION_REPRESENTATION (  '', ( #1612 ), #1864 ) ;
#455 = SURFACE_STYLE_FILL_AREA ( #1478 ) ;
#456 = FACE_OUTER_BOUND ( 'NONE', #1911, .T. ) ;
#457 = DIRECTION ( 'NONE',  ( 1.000000000000000000, 0.0000000000000000000, -1.807003620809172906E-16 ) ) ;
#458 =( NAMED_UNIT ( * ) SI_UNIT ( $, .STERADIAN. ) SOLID_ANGLE_UNIT ( ) );
#459 = PRESENTATION_STYLE_ASSIGNMENT (( #926 ) ) ;
#460 = ORIENTED_EDGE ( 'NONE', *, *, #266, .T. ) ;
#461 = DIRECTION ( 'NONE',  ( 1.000000000000000000, 0.0000000000000000000, 1.084202172485504434E-16 ) ) ;
#462 = ORIENTED_EDGE ( 'NONE', *, *, #89, .T. ) ;
#463 = LINE ( 'NONE', #1622, #1017 ) ;
#464 = VERTEX_POINT ( 'NONE', #631 ) ;
#465 = SURFACE_STYLE_USAGE ( .BOTH. , #1339 ) ;
#466 = PRESENTATION_STYLE_ASSIGNMENT (( #1473 ) ) ;
#467 = ORIENTED_EDGE ( 'NONE', *, *, #924, .F. ) ;
#468 = DIRECTION ( 'NONE',  ( 0.0000000000000000000, 0.0000000000000000000, 1.000000000000000000 ) ) ;
#469 = SURFACE_STYLE_USAGE ( .BOTH. , #304 ) ;
#470 = UNCERTAINTY_MEASURE_WITH_UNIT (LENGTH_MEASURE( 1.000000000000000082E-05 ), #494, 'distance_accuracy_value', 'NONE');
#471 = EDGE_LOOP ( 'NONE', ( #787, #619, #1127, #389 ) ) ;
#472 = EDGE_CURVE ( 'NONE', #205, #1518, #768, .T. ) ;
#473 = MECHANICAL_DESIGN_GEOMETRIC_PRESENTATION_REPRESENTATION (  '', ( #1938 ), #1854 ) ;
#474 = DIRECTION ( 'NONE',  ( -0.05226442768871397693, -0.9972646886342373396, -0.05226442768871396999 ) ) ;
#475 = ORIENTED_EDGE ( 'NONE', *, *, #357, .T. ) ;
#476 = VECTOR ( 'NONE', #1322, 1000.000000000000000 ) ;
#477 = VECTOR ( 'NONE', #261, 1000.000000000000227 ) ;
#478 =( NAMED_UNIT ( * ) SI_UNIT ( $, .STERADIAN. ) SOLID_ANGLE_UNIT ( ) );
#479 = SURFACE_STYLE_USAGE ( .BOTH. , #1818 ) ;
#480 = VECTOR ( 'NONE', #1784, 1000.000000000000000 ) ;
#481 = DIRECTION ( 'NONE',  ( -1.000000000000000000, 0.0000000000000000000, 1.807003620809173153E-16 ) ) ;
#482 =( GEOMETRIC_REPRESENTATION_CONTEXT ( 3 ) GLOBAL_UNCERTAINTY_ASSIGNED_CONTEXT ( ( #1444 ) ) GLOBAL_UNIT_ASSIGNED_CONTEXT ( ( #56, #945, #525 ) ) REPRESENTATION_CONTEXT ( 'NONE', 'WORKASPACE' ) );
#483 = COLOUR_RGB ( '',1.000000000000000000, 0.8117647058823529438, 0.5019607843137254832 ) ;
#484 = VERTEX_POINT ( 'NONE', #8 ) ;
#485 = FILL_AREA_STYLE_COLOUR ( '', #1794 ) ;
#486 = DIRECTION ( 'NONE',  ( -0.0000000000000000000, -1.000000000000000000, -0.0000000000000000000 ) ) ;
#487 = DIRECTION ( 'NONE',  ( 1.136412563076322838E-16, -2.168404344971012812E-15, 1.000000000000000000 ) ) ;
#488 = ORIENTED_EDGE ( 'NONE', *, *, #673, .T. ) ;
#489 = SURFACE_STYLE_FILL_AREA ( #1834 ) ;
#490 = SURFACE_SIDE_STYLE ('',( #167 ) ) ;
#491 = SURFACE_STYLE_USAGE ( .BOTH. , #309 ) ;
#492 = UNCERTAINTY_MEASURE_WITH_UNIT (LENGTH_MEASURE( 1.000000000000000082E-05 ), #1744, 'distance_accuracy_value', 'NONE');
#493 = ORIENTED_EDGE ( 'NONE', *, *, #1921, .T. ) ;
#494 =( LENGTH_UNIT ( ) NAMED_UNIT ( * ) SI_UNIT ( .MILLI., .METRE. ) );
#495 = SURFACE_SIDE_STYLE ('',( #948 ) ) ;
#496 = DIRECTION ( 'NONE',  ( -1.807003620809172906E-16, 0.0000000000000000000, -1.000000000000000000 ) ) ;
#497 = CARTESIAN_POINT ( 'NONE',  ( -0.1249999999999999722, 0.6800000000000000488, 0.0000000000000000000 ) ) ;
#498 = FACE_OUTER_BOUND ( 'NONE', #727, .T. ) ;
#499 = FACE_OUTER_BOUND ( 'NONE', #1465, .T. ) ;
#500 =( NAMED_UNIT ( * ) PLANE_ANGLE_UNIT ( ) SI_UNIT ( $, .RADIAN. ) );
#501 = CARTESIAN_POINT ( 'NONE',  ( 0.1250000000000000000, 0.6800000000000000488, 0.2000000000000000389 ) ) ;
#502 = EDGE_LOOP ( 'NONE', ( #714, #1484, #305, #1845 ) ) ;
#503 = DIRECTION ( 'NONE',  ( 0.0000000000000000000, -0.0000000000000000000, 1.000000000000000000 ) ) ;
#504 = DIRECTION ( 'NONE',  ( -4.336808689942021680E-15, 0.0000000000000000000, 1.000000000000000000 ) ) ;
#505 = SURFACE_STYLE_USAGE ( .BOTH. , #1700 ) ;
#506 = CLOSED_SHELL ( 'NONE', ( #1681, #730, #845, #1900, #1311, #1698, #1344, #874, #204, #92, #1621 ) ) ;
#507 = PRESENTATION_LAYER_ASSIGNMENT (  '', '', ( #1003 ) ) ;
#508 = ORIENTED_EDGE ( 'NONE', *, *, #1292, .T. ) ;
#509 = SURFACE_STYLE_FILL_AREA ( #1850 ) ;
#510 = DIRECTION ( 'NONE',  ( -2.190307419162635350E-16, 0.0000000000000000000, -1.000000000000000000 ) ) ;
#511 = VECTOR ( 'NONE', #27, 1000.000000000000000 ) ;
#512 = VECTOR ( 'NONE', #1011, 1000.000000000000000 ) ;
#513 = STYLED_ITEM ( 'NONE', ( #1596 ), #572 ) ;
#514 =( LENGTH_UNIT ( ) NAMED_UNIT ( * ) SI_UNIT ( .MILLI., .METRE. ) );
#515 = VERTEX_POINT ( 'NONE', #675 ) ;
#516 = DIRECTION ( 'NONE',  ( 0.0000000000000000000, 0.0000000000000000000, -1.000000000000000000 ) ) ;
#517 = UNCERTAINTY_MEASURE_WITH_UNIT (LENGTH_MEASURE( 1.000000000000000082E-05 ), #1768, 'distance_accuracy_value', 'NONE');
#518 = DIRECTION ( 'NONE',  ( 0.0000000000000000000, 0.0000000000000000000, -1.000000000000000000 ) ) ;
#519 = COLOUR_RGB ( '',0.9372549019607843146, 0.9372549019607843146, 0.9372549019607843146 ) ;
#520 = EDGE_LOOP ( 'NONE', ( #581, #71, #1376 ) ) ;
#521 = DIRECTION ( 'NONE',  ( 0.0000000000000000000, -0.9986295347545739443, 0.05233595624294388321 ) ) ;
#522 =( LENGTH_UNIT ( ) NAMED_UNIT ( * ) SI_UNIT ( .MILLI., .METRE. ) );
#523 =( NAMED_UNIT ( * ) PLANE_ANGLE_UNIT ( ) SI_UNIT ( $, .RADIAN. ) );
#524 = LINE ( 'NONE', #1105, #313 ) ;
#525 =( NAMED_UNIT ( * ) SI_UNIT ( $, .STERADIAN. ) SOLID_ANGLE_UNIT ( ) );
#526 = ADVANCED_FACE ( 'NONE', ( #371 ), #1690, .T. ) ;
#527 = ORIENTED_EDGE ( 'NONE', *, *, #7, .T. ) ;
#528 = SURFACE_STYLE_USAGE ( .BOTH. , #961 ) ;
#529 = VERTEX_POINT ( 'NONE', #939 ) ;
#530 = DIRECTION ( 'NONE',  ( -1.000000000000000000, -0.0000000000000000000, -0.0000000000000000000 ) ) ;
#531 =( NAMED_UNIT ( * ) SI_UNIT ( $, .STERADIAN. ) SOLID_ANGLE_UNIT ( ) );
#532 = CARTESIAN_POINT ( 'NONE',  ( -0.3000000000000000999, 0.6800000000000000488, -0.7700961894323342660 ) ) ;
#533 = ORIENTED_EDGE ( 'NONE', *, *, #1625, .T. ) ;
#534 = ADVANCED_FACE ( 'NONE', ( #929 ), #1846, .T. ) ;
#535 = ORIENTED_EDGE ( 'NONE', *, *, #1856, .T. ) ;
#536 = CARTESIAN_POINT ( 'NONE',  ( 0.2999999999999998779, 0.6800000000000000488, -0.7700961894323343770 ) ) ;
#537 = PRESENTATION_LAYER_ASSIGNMENT (  '', '', ( #1114 ) ) ;
#538 = SURFACE_STYLE_FILL_AREA ( #384 ) ;
#539 = AXIS2_PLACEMENT_3D ( 'NONE', #237, #875, #1464 ) ;
#540 = COLOUR_RGB ( '',0.2862745098039215508, 0.6627450980392156632, 0.3294117647058823484 ) ;
#541 = FACE_OUTER_BOUND ( 'NONE', #1438, .T. ) ;
#542 =( GEOMETRIC_REPRESENTATION_CONTEXT ( 3 ) GLOBAL_UNCERTAINTY_ASSIGNED_CONTEXT ( ( #951 ) ) GLOBAL_UNIT_ASSIGNED_CONTEXT ( ( #848, #989, #1587 ) ) REPRESENTATION_CONTEXT ( 'NONE', 'WORKASPACE' ) );
#543 = VECTOR ( 'NONE', #882, 1000.000000000000000 ) ;
#544 = ORIENTED_EDGE ( 'NONE', *, *, #451, .T. ) ;
#545 = DIRECTION ( 'NONE',  ( -0.05233595624294388321, -0.9986295347545739443, 0.0000000000000000000 ) ) ;
#546 =( GEOMETRIC_REPRESENTATION_CONTEXT ( 3 ) GLOBAL_UNCERTAINTY_ASSIGNED_CONTEXT ( ( #1628 ) ) GLOBAL_UNIT_ASSIGNED_CONTEXT ( ( #825, #991, #1589 ) ) REPRESENTATION_CONTEXT ( 'NONE', 'WORKASPACE' ) );
#547 = ORIENTED_EDGE ( 'NONE', *, *, #1185, .F. ) ;
#548 = FILL_AREA_STYLE_COLOUR ( '', #1538 ) ;
#549 =( NAMED_UNIT ( * ) PLANE_ANGLE_UNIT ( ) SI_UNIT ( $, .RADIAN. ) );
#550 = PRESENTATION_STYLE_ASSIGNMENT (( #1578 ) ) ;
#551 = ADVANCED_FACE ( 'NONE', ( #1010 ), #704, .T. ) ;
#552 = DIRECTION ( 'NONE',  ( 0.0000000000000000000, 1.000000000000000000, -0.0000000000000000000 ) ) ;
#553 = AXIS2_PLACEMENT_3D ( 'NONE', #1468, #591, #1180 ) ;
#554 = AXIS2_PLACEMENT_3D ( 'NONE', #1545, #1529, #1229 ) ;
#555 = CARTESIAN_POINT ( 'NONE',  ( -0.2450000000000001066, 0.6800000000000000488, -0.6000000000000000888 ) ) ;
#556 = LINE ( 'NONE', #1876, #1580 ) ;
#557 =( LENGTH_UNIT ( ) NAMED_UNIT ( * ) SI_UNIT ( .MILLI., .METRE. ) );
#558 = VERTEX_POINT ( 'NONE', #1611 ) ;
#559 = SURFACE_STYLE_USAGE ( .BOTH. , #81 ) ;
#560 = UNCERTAINTY_MEASURE_WITH_UNIT (LENGTH_MEASURE( 1.000000000000000082E-05 ), #68, 'distance_accuracy_value', 'NONE');
#561 = CARTESIAN_POINT ( 'NONE',  ( 0.1249999999999999722, 0.8299999999999999600, 0.0000000000000000000 ) ) ;
#562 = CARTESIAN_POINT ( 'NONE',  ( -0.1729201154012265651, 1.100000000000000089, 0.5279201154012264086 ) ) ;
#563 = EDGE_CURVE ( 'NONE', #1792, #399, #1434, .T. ) ;
#564 = SURFACE_SIDE_STYLE ('',( #980 ) ) ;
#565 = FACE_OUTER_BOUND ( 'NONE', #1299, .T. ) ;
#566 = SURFACE_STYLE_FILL_AREA ( #1146 ) ;
#567 = ORIENTED_EDGE ( 'NONE', *, *, #592, .T. ) ;
#568 = FILL_AREA_STYLE_COLOUR ( '', #663 ) ;
#569 = FACE_OUTER_BOUND ( 'NONE', #123, .T. ) ;
#570 = COLOUR_RGB ( '',0.9372549019607843146, 0.9372549019607843146, 0.9372549019607843146 ) ;
#571 = PLANE ( 'NONE',  #834 ) ;
#572 = ADVANCED_FACE ( 'NONE', ( #1461 ), #1909, .F. ) ;
#573 =( GEOMETRIC_REPRESENTATION_CONTEXT ( 3 ) GLOBAL_UNCERTAINTY_ASSIGNED_CONTEXT ( ( #396 ) ) GLOBAL_UNIT_ASSIGNED_CONTEXT ( ( #602, #284, #1956 ) ) REPRESENTATION_CONTEXT ( 'NONE', 'WORKASPACE' ) );
#574 = VECTOR ( 'NONE', #297, 1000.000000000000227 ) ;
#575 = SURFACE_STYLE_FILL_AREA ( #694 ) ;
#576 = CARTESIAN_POINT ( 'NONE',  ( -0.3000000000000000999, 0.6800000000000000488, 0.4949999999999998845 ) ) ;
#577 = EDGE_LOOP ( 'NONE', ( #981, #889, #286, #1836 ) ) ;
#578 = STYLED_ITEM ( 'NONE', ( #1865 ), #1552 ) ;
#579 = CIRCLE ( 'NONE', #1801, 0.04999999999999999584 ) ;
#580 =( LENGTH_UNIT ( ) NAMED_UNIT ( * ) SI_UNIT ( .MILLI., .METRE. ) );
#581 = ORIENTED_EDGE ( 'NONE', *, *, #862, .T. ) ;
#582 = AXIS2_PLACEMENT_3D ( 'NONE', #203, #474, #1566 ) ;
#583 = CARTESIAN_POINT ( 'NONE',  ( -0.2450000000000001066, 0.6800000000000000488, -0.6000000000000000888 ) ) ;
#584 = ADVANCED_FACE ( 'NONE', ( #1302 ), #1629, .F. ) ;
#585 = FILL_AREA_STYLE_COLOUR ( '', #519 ) ;
#586 = VERTEX_POINT ( 'NONE', #114 ) ;
#587 = ORIENTED_EDGE ( 'NONE', *, *, #69, .T. ) ;
#588 = LINE ( 'NONE', #755, #831 ) ;
#589 = DIRECTION ( 'NONE',  ( 0.0000000000000000000, 1.000000000000000000, 0.0000000000000000000 ) ) ;
#590 = FACE_OUTER_BOUND ( 'NONE', #872, .T. ) ;
#591 = DIRECTION ( 'NONE',  ( 0.0000000000000000000, 1.000000000000000000, 0.0000000000000000000 ) ) ;
#592 = EDGE_CURVE ( 'NONE', #758, #1649, #1928, .T. ) ;
#593 = ORIENTED_EDGE ( 'NONE', *, *, #1133, .F. ) ;
#594 = DIRECTION ( 'NONE',  ( 1.355252715606880296E-16, 0.0000000000000000000, -1.000000000000000000 ) ) ;
#595 = FILL_AREA_STYLE ('',( #3 ) ) ;
#596 = VERTEX_POINT ( 'NONE', #127 ) ;
#597 = CARTESIAN_POINT ( 'NONE',  ( -0.1950685232622712539, 0.6800000000000000488, 0.5999999999999998668 ) ) ;
#598 =( BOUNDED_CURVE ( )  B_SPLINE_CURVE ( 3, ( #870, #1462, #1771, #1619 ),
 .UNSPECIFIED., .F., .T. ) 
 B_SPLINE_CURVE_WITH_KNOTS ( ( 4, 4 ),
 ( 5.499156671652531969, 7.067213942706639607 ),
 .UNSPECIFIED. ) 
 CURVE ( )  GEOMETRIC_REPRESENTATION_ITEM ( )  RATIONAL_B_SPLINE_CURVE ( ( 1.000000000000000000, 0.8053830134673592989, 0.8053830134673592989, 1.000000000000000000 ) ) 
 REPRESENTATION_ITEM ( '' )  );
#599 = AXIS2_PLACEMENT_3D ( 'NONE', #1684, #1806, #1 ) ;
#600 = DIRECTION ( 'NONE',  ( 1.000000000000000000, 0.0000000000000000000, -1.807003620809172906E-16 ) ) ;
#601 = COLOUR_RGB ( '',0.7921568627450980005, 0.8196078431372548767, 0.9333333333333333481 ) ;
#602 =( LENGTH_UNIT ( ) NAMED_UNIT ( * ) SI_UNIT ( .MILLI., .METRE. ) );
#603 = PLANE ( 'NONE',  #1100 ) ;
#604 = AXIS2_PLACEMENT_3D ( 'NONE', #1420, #692, #1883 ) ;
#605 = VERTEX_POINT ( 'NONE', #613 ) ;
#606 = EDGE_CURVE ( 'NONE', #605, #1115, #588, .T. ) ;
#607 = SURFACE_STYLE_FILL_AREA ( #1940 ) ;
#608 = VECTOR ( 'NONE', #797, 1000.000000000000000 ) ;
#609 = ORIENTED_EDGE ( 'NONE', *, *, #1476, .F. ) ;
#610 = PRESENTATION_LAYER_ASSIGNMENT (  '', '', ( #708 ) ) ;
#611 = SURFACE_STYLE_USAGE ( .BOTH. , #908 ) ;
#612 = STYLED_ITEM ( 'NONE', ( #1149 ), #1721 ) ;
#613 = CARTESIAN_POINT ( 'NONE',  ( 0.2450961894323341050, 0.6800000000000000488, -0.8250000000000001776 ) ) ;
#614 = ORIENTED_EDGE ( 'NONE', *, *, #1133, .T. ) ;
#615 =( NAMED_UNIT ( * ) SI_UNIT ( $, .STERADIAN. ) SOLID_ANGLE_UNIT ( ) );
#616 = SURFACE_STYLE_FILL_AREA ( #902 ) ;
#617 = CARTESIAN_POINT ( 'NONE',  ( -0.1250000000000000000, 0.8299999999999999600, 0.2000000000000000111 ) ) ;
#618 = ORIENTED_EDGE ( 'NONE', *, *, #1489, .F. ) ;
#619 = ORIENTED_EDGE ( 'NONE', *, *, #159, .T. ) ;
#620 = CARTESIAN_POINT ( 'NONE',  ( -0.3000000000000000999, 0.6800000000000000488, 0.0000000000000000000 ) ) ;
#621 = SURFACE_STYLE_USAGE ( .BOTH. , #1189 ) ;
#622 = FACE_OUTER_BOUND ( 'NONE', #1815, .T. ) ;
#623 =( LENGTH_UNIT ( ) NAMED_UNIT ( * ) SI_UNIT ( .MILLI., .METRE. ) );
#624 = ORIENTED_EDGE ( 'NONE', *, *, #250, .F. ) ;
#625 = FACE_OUTER_BOUND ( 'NONE', #1194, .T. ) ;
#626 = DIRECTION ( 'NONE',  ( 1.000000000000000000, 0.0000000000000000000, -1.807003620809172660E-16 ) ) ;
#627 =( NAMED_UNIT ( * ) PLANE_ANGLE_UNIT ( ) SI_UNIT ( $, .RADIAN. ) );
#628 = DIRECTION ( 'NONE',  ( -0.0000000000000000000, -1.000000000000000000, -0.0000000000000000000 ) ) ;
#629 = PLANE ( 'NONE',  #328 ) ;
#630 = EDGE_CURVE ( 'NONE', #1115, #1188, #1070, .T. ) ;
#631 = CARTESIAN_POINT ( 'NONE',  ( -0.3000000000000000999, 0.6800000000000000488, 0.4949999999999998845 ) ) ;
#632 =( LENGTH_UNIT ( ) NAMED_UNIT ( * ) SI_UNIT ( .MILLI., .METRE. ) );
#633 = LINE ( 'NONE', #1830, #1278 ) ;
#634 = AXIS2_PLACEMENT_3D ( 'NONE', #374, #803, #1817 ) ;
#635 = ORIENTED_EDGE ( 'NONE', *, *, #1704, .F. ) ;
#636 = FILL_AREA_STYLE_COLOUR ( '', #540 ) ;
#637 = VERTEX_POINT ( 'NONE', #640 ) ;
#638 = FILL_AREA_STYLE_COLOUR ( '', #483 ) ;
#639 = AXIS2_PLACEMENT_3D ( 'NONE', #1347, #1957, #130 ) ;
#640 = CARTESIAN_POINT ( 'NONE',  ( -0.2228515921389552512, 1.102616797812147276, 0.5279201154012264086 ) ) ;
#641 = ORIENTED_EDGE ( 'NONE', *, *, #924, .T. ) ;
#642 = VECTOR ( 'NONE', #1745, 1000.000000000000000 ) ;
#643 = CARTESIAN_POINT ( 'NONE',  ( -0.3000000000000000999, 0.6800000000000000488, 0.4949999999999998845 ) ) ;
#644 = CARTESIAN_POINT ( 'NONE',  ( 0.1250000000000000000, 0.8299999999999999600, 0.2000000000000000389 ) ) ;
#645 = SURFACE_STYLE_FILL_AREA ( #362 ) ;
#646 = SURFACE_STYLE_FILL_AREA ( #1358 ) ;
#647 = ORIENTED_EDGE ( 'NONE', *, *, #1497, .T. ) ;
#648 = FILL_AREA_STYLE ('',( #380 ) ) ;
#649 = CARTESIAN_POINT ( 'NONE',  ( -0.3000000000000000999, 0.0000000000000000000, 0.4949999999999998845 ) ) ;
#650 = PLANE ( 'NONE',  #947 ) ;
#651 =( NAMED_UNIT ( * ) SI_UNIT ( $, .STERADIAN. ) SOLID_ANGLE_UNIT ( ) );
#652 = FILL_AREA_STYLE_COLOUR ( '', #249 ) ;
#653 = VERTEX_POINT ( 'NONE', #1214 ) ;
#654 =( LENGTH_UNIT ( ) NAMED_UNIT ( * ) SI_UNIT ( .MILLI., .METRE. ) );
#655 = LINE ( 'NONE', #1227, #222 ) ;
#656 = SURFACE_SIDE_STYLE ('',( #1522 ) ) ;
#657 = EDGE_CURVE ( 'NONE', #321, #1792, #400, .T. ) ;
#658 =( LENGTH_UNIT ( ) NAMED_UNIT ( * ) SI_UNIT ( .MILLI., .METRE. ) );
#659 = PRESENTATION_STYLE_ASSIGNMENT (( #975 ) ) ;
#660 = VERTEX_POINT ( 'NONE', #1375 ) ;
#661 = DIRECTION ( 'NONE',  ( 1.000000000000000000, 0.0000000000000000000, 0.0000000000000000000 ) ) ;
#662 = CARTESIAN_POINT ( 'NONE',  ( -0.3000000000000000999, 0.6800000000000000488, 0.4949999999999998845 ) ) ;
#663 = COLOUR_RGB ( '',1.000000000000000000, 0.8117647058823529438, 0.5019607843137254832 ) ;
#664 = ORIENTED_EDGE ( 'NONE', *, *, #159, .F. ) ;
#665 =( NAMED_UNIT ( * ) SI_UNIT ( $, .STERADIAN. ) SOLID_ANGLE_UNIT ( ) );
#666 = LINE ( 'NONE', #2, #1273 ) ;
#667 = DIRECTION ( 'NONE',  ( 0.0000000000000000000, 1.000000000000000000, -0.0000000000000000000 ) ) ;
#668 = ADVANCED_FACE ( 'NONE', ( #183 ), #198, .T. ) ;
#669 = CIRCLE ( 'NONE', #1331, 0.04999999999999999584 ) ;
#670 =( GEOMETRIC_REPRESENTATION_CONTEXT ( 3 ) GLOBAL_UNCERTAINTY_ASSIGNED_CONTEXT ( ( #1749 ) ) GLOBAL_UNIT_ASSIGNED_CONTEXT ( ( #654, #1720, #823 ) ) REPRESENTATION_CONTEXT ( 'NONE', 'WORKASPACE' ) );
#671 = SURFACE_SIDE_STYLE ('',( #376 ) ) ;
#672 = MECHANICAL_DESIGN_GEOMETRIC_PRESENTATION_REPRESENTATION (  '', ( #1238 ), #46 ) ;
#673 = EDGE_CURVE ( 'NONE', #1835, #1646, #978, .T. ) ;
#674 = AXIS2_PLACEMENT_3D ( 'NONE', #1664, #661, #518 ) ;
#675 = CARTESIAN_POINT ( 'NONE',  ( 0.3000000000000004330, 0.0000000000000000000, 0.4949999999999997735 ) ) ;
#676 = AXIS2_PLACEMENT_3D ( 'NONE', #1523, #1404, #1533 ) ;
#677 = ORIENTED_EDGE ( 'NONE', *, *, #987, .T. ) ;
#678 = UNCERTAINTY_MEASURE_WITH_UNIT (LENGTH_MEASURE( 1.000000000000000082E-05 ), #1755, 'distance_accuracy_value', 'NONE');
#679 =( NAMED_UNIT ( * ) SI_UNIT ( $, .STERADIAN. ) SOLID_ANGLE_UNIT ( ) );
#680 = CIRCLE ( 'NONE', #157, 0.1499999999999999667 ) ;
#681 = PLANE ( 'NONE',  #840 ) ;
#682 = PRESENTATION_STYLE_ASSIGNMENT (( #1853 ) ) ;
#683 = PLANE ( 'NONE',  #1153 ) ;
#684 = EDGE_CURVE ( 'NONE', #1740, #808, #1594, .T. ) ;
#685 = EDGE_LOOP ( 'NONE', ( #307, #108, #752, #664 ) ) ;
#686 = CARTESIAN_POINT ( 'NONE',  ( -0.1952049146062378449, 0.6773974981227542935, -0.6001363913439664577 ) ) ;
#687 = CARTESIAN_POINT ( 'NONE',  ( 0.3749999999999998335, 0.6800000000000000488, -0.9000000000000000222 ) ) ;
#688 = ORIENTED_EDGE ( 'NONE', *, *, #1071, .T. ) ;
#689 = CARTESIAN_POINT ( 'NONE',  ( -0.3000000000000000999, 0.0000000000000000000, -0.4950000000000001066 ) ) ;
#690 = SURFACE_SIDE_STYLE ('',( #1417 ) ) ;
#691 = DIRECTION ( 'NONE',  ( 1.084202172485504434E-16, 0.0000000000000000000, -1.000000000000000000 ) ) ;
#692 = DIRECTION ( 'NONE',  ( 0.05226442768871572553, 0.9972646886342372285, -0.05226442768871567696 ) ) ;
#693 = EDGE_LOOP ( 'NONE', ( #47, #790, #855, #146 ) ) ;
#694 = FILL_AREA_STYLE ('',( #1425 ) ) ;
#695 = SURFACE_STYLE_FILL_AREA ( #1152 ) ;
#696 = SURFACE_SIDE_STYLE ('',( #398 ) ) ;
#697 = SHAPE_DEFINITION_REPRESENTATION ( #1716, #821 ) ;
#698 = VERTEX_POINT ( 'NONE', #1135 ) ;
#699 = VECTOR ( 'NONE', #481, 1000.000000000000000 ) ;
#700 = CARTESIAN_POINT ( 'NONE',  ( 0.3000000000000004885, 0.6800000000000000488, 0.7700961894323341550 ) ) ;
#701 = AXIS2_PLACEMENT_3D ( 'NONE', #1242, #813, #1843 ) ;
#702 = VECTOR ( 'NONE', #818, 1000.000000000000000 ) ;
#703 = COLOUR_RGB ( '',0.2862745098039215508, 0.6627450980392156632, 0.3294117647058823484 ) ;
#704 = PLANE ( 'NONE',  #1441 ) ;
#705 = APPLICATION_PROTOCOL_DEFINITION ( 'draft international standard', 'automotive_design', 1998, #1225 ) ;
#706 =( GEOMETRIC_REPRESENTATION_CONTEXT ( 3 ) GLOBAL_UNCERTAINTY_ASSIGNED_CONTEXT ( ( #337 ) ) GLOBAL_UNIT_ASSIGNED_CONTEXT ( ( #1390, #316, #1236 ) ) REPRESENTATION_CONTEXT ( 'NONE', 'WORKASPACE' ) );
#707 = EDGE_LOOP ( 'NONE', ( #1689, #817, #1263, #22, #1775, #1620 ) ) ;
#708 = STYLED_ITEM ( 'NONE', ( #659 ), #1593 ) ;
#709 = DIRECTION ( 'NONE',  ( 1.000000000000000000, 0.0000000000000000000, -1.355252715606880543E-16 ) ) ;
#710 = CARTESIAN_POINT ( 'NONE',  ( -0.1729201154012265373, 1.149999999999999911, 0.5753683437369702114 ) ) ;
#711 = PLANE ( 'NONE',  #1207 ) ;
#712 = DIRECTION ( 'NONE',  ( -1.000000000000000000, 0.0000000000000000000, 1.355252715606880543E-16 ) ) ;
#713 =( NAMED_UNIT ( * ) SI_UNIT ( $, .STERADIAN. ) SOLID_ANGLE_UNIT ( ) );
#714 = ORIENTED_EDGE ( 'NONE', *, *, #911, .T. ) ;
#715 = FILL_AREA_STYLE ('',( #827 ) ) ;
#716 = CARTESIAN_POINT ( 'NONE',  ( 0.2243342728851614454, 0.6800000000000000488, 0.5999999999999997558 ) ) ;
#717 = PRESENTATION_STYLE_ASSIGNMENT (( #1915 ) ) ;
#718 = EDGE_CURVE ( 'NONE', #1039, #1518, #1584, .T. ) ;
#719 = CARTESIAN_POINT ( 'NONE',  ( -8.944667923005409115E-17, 0.6800000000000000488, -0.4950000000000001066 ) ) ;
#720 = DIRECTION ( 'NONE',  ( 1.807003620809173153E-16, -0.0000000000000000000, 1.000000000000000000 ) ) ;
#721 = CARTESIAN_POINT ( 'NONE',  ( 0.1249999999999999722, 0.6800000000000000488, 0.0000000000000000000 ) ) ;
#722 = SURFACE_SIDE_STYLE ('',( #1743 ) ) ;
#723 = PRESENTATION_STYLE_ASSIGNMENT (( #1951 ) ) ;
#724 = CARTESIAN_POINT ( 'NONE',  ( -0.2418585068620117684, 0.7399432599695126012, 0.5469270301242830090 ) ) ;
#725 = FILL_AREA_STYLE ('',( #1616 ) ) ;
#726 = EDGE_CURVE ( 'NONE', #637, #1324, #1442, .T. ) ;
#727 = EDGE_LOOP ( 'NONE', ( #1711, #1719, #1109, #1516 ) ) ;
#728 = UNCERTAINTY_MEASURE_WITH_UNIT (LENGTH_MEASURE( 1.000000000000000082E-05 ), #1271, 'distance_accuracy_value', 'NONE');
#729 = STYLED_ITEM ( 'NONE', ( #1789 ), #874 ) ;
#730 = ADVANCED_FACE ( 'NONE', ( #541 ), #711, .F. ) ;
#731 =( GEOMETRIC_REPRESENTATION_CONTEXT ( 3 ) GLOBAL_UNCERTAINTY_ASSIGNED_CONTEXT ( ( #1750 ) ) GLOBAL_UNIT_ASSIGNED_CONTEXT ( ( #429, #1653, #1479 ) ) REPRESENTATION_CONTEXT ( 'NONE', 'WORKASPACE' ) );
#732 = PRESENTATION_LAYER_ASSIGNMENT (  '', '', ( #387 ) ) ;
#733 = CARTESIAN_POINT ( 'NONE',  ( -0.3000000000000000999, 0.6800000000000000488, -0.4950000000000001066 ) ) ;
#734 = VERTEX_POINT ( 'NONE', #597 ) ;
#735 = VECTOR ( 'NONE', #990, 1000.000000000000000 ) ;
#736 = AXIS2_PLACEMENT_3D ( 'NONE', #1506, #1641, #468 ) ;
#737 = VERTEX_POINT ( 'NONE', #877 ) ;
#738 = SURFACE_SIDE_STYLE ('',( #1746 ) ) ;
#739 = COLOUR_RGB ( '',0.9372549019607843146, 0.9372549019607843146, 0.9372549019607843146 ) ;
#740 = FILL_AREA_STYLE ('',( #1033 ) ) ;
#741 = COLOUR_RGB ( '',1.000000000000000000, 1.000000000000000000, 1.000000000000000000 ) ;
#742 = ORIENTED_EDGE ( 'NONE', *, *, #1055, .F. ) ;
#743 = CARTESIAN_POINT ( 'NONE',  ( -0.1250000000000000000, 0.8299999999999999600, 0.2000000000000000111 ) ) ;
#744 = EDGE_CURVE ( 'NONE', #605, #660, #1460, .T. ) ;
#745 = CARTESIAN_POINT ( 'NONE',  ( -0.3000000000000000999, 0.6800000000000000488, -0.4950000000000001066 ) ) ;
#746 = DIRECTION ( 'NONE',  ( 0.0000000000000000000, 0.0000000000000000000, 1.000000000000000000 ) ) ;
#747 = DIRECTION ( 'NONE',  ( 3.941174811336987224E-16, 0.0000000000000000000, 1.000000000000000000 ) ) ;
#748 =( NAMED_UNIT ( * ) SI_UNIT ( $, .STERADIAN. ) SOLID_ANGLE_UNIT ( ) );
#749 = ORIENTED_EDGE ( 'NONE', *, *, #1726, .F. ) ;
#750 = SURFACE_STYLE_FILL_AREA ( #124 ) ;
#751 = SURFACE_STYLE_FILL_AREA ( #740 ) ;
#752 = ORIENTED_EDGE ( 'NONE', *, *, #726, .F. ) ;
#753 = DIRECTION ( 'NONE',  ( -0.05226442768871397693, 0.9972646886342372285, -0.05226442768871396305 ) ) ;
#754 = SURFACE_SIDE_STYLE ('',( #311 ) ) ;
#755 = CARTESIAN_POINT ( 'NONE',  ( 0.2450961894323341050, 0.6800000000000000488, -0.8250000000000001776 ) ) ;
#756 = LINE ( 'NONE', #745, #972 ) ;
#757 = CARTESIAN_POINT ( 'NONE',  ( 0.1919270301242831656, 0.7373264621573654143, 0.5469270301242828980 ) ) ;
#758 = VERTEX_POINT ( 'NONE', #1495 ) ;
#759 = SURFACE_STYLE_FILL_AREA ( #772 ) ;
#760 = PRESENTATION_STYLE_ASSIGNMENT (( #479 ) ) ;
#761 = FACE_OUTER_BOUND ( 'NONE', #847, .T. ) ;
#762 = UNCERTAINTY_MEASURE_WITH_UNIT (LENGTH_MEASURE( 1.000000000000000082E-05 ), #1391, 'distance_accuracy_value', 'NONE');
#763 = CARTESIAN_POINT ( 'NONE',  ( 0.3000000000000002109, 0.6800000000000000488, -0.4950000000000002176 ) ) ;
#764 =( GEOMETRIC_REPRESENTATION_CONTEXT ( 3 ) GLOBAL_UNCERTAINTY_ASSIGNED_CONTEXT ( ( #1827 ) ) GLOBAL_UNIT_ASSIGNED_CONTEXT ( ( #1343, #325, #1360 ) ) REPRESENTATION_CONTEXT ( 'NONE', 'WORKASPACE' ) );
#765 = VECTOR ( 'NONE', #1512, 1000.000000000000000 ) ;
#766 =( NAMED_UNIT ( * ) PLANE_ANGLE_UNIT ( ) SI_UNIT ( $, .RADIAN. ) );
#767 = COLOUR_RGB ( '',0.9372549019607843146, 0.9372549019607843146, 0.9372549019607843146 ) ;
#768 = CIRCLE ( 'NONE', #1822, 0.05000000000000002359 ) ;
#769 = LINE ( 'NONE', #1159, #154 ) ;
#770 = VECTOR ( 'NONE', #853, 1000.000000000000000 ) ;
#771 = ORIENTED_EDGE ( 'NONE', *, *, #854, .T. ) ;
#772 = FILL_AREA_STYLE ('',( #287 ) ) ;
#773 = MECHANICAL_DESIGN_GEOMETRIC_PRESENTATION_REPRESENTATION (  '', ( #21 ), #252 ) ;
#774 = EDGE_CURVE ( 'NONE', #808, #1820, #93, .T. ) ;
#775 = DIRECTION ( 'NONE',  ( 0.0000000000000000000, 1.000000000000000000, 0.0000000000000000000 ) ) ;
#776 = LINE ( 'NONE', #1786, #1793 ) ;
#777 = UNCERTAINTY_MEASURE_WITH_UNIT (LENGTH_MEASURE( 1.000000000000000082E-05 ), #1399, 'distance_accuracy_value', 'NONE');
#778 = UNCERTAINTY_MEASURE_WITH_UNIT (LENGTH_MEASURE( 1.000000000000000082E-05 ), #1650, 'distance_accuracy_value', 'NONE');
#779 = EDGE_LOOP ( 'NONE', ( #1886, #35, #1931, #80 ) ) ;
#780 = DIRECTION ( 'NONE',  ( 0.0000000000000000000, 0.0000000000000000000, -1.000000000000000000 ) ) ;
#781 = CARTESIAN_POINT ( 'NONE',  ( -8.944667923005409115E-17, 0.0000000000000000000, -0.4950000000000001066 ) ) ;
#782 = ORIENTED_EDGE ( 'NONE', *, *, #1704, .T. ) ;
#783 =( NAMED_UNIT ( * ) SI_UNIT ( $, .STERADIAN. ) SOLID_ANGLE_UNIT ( ) );
#784 = ADVANCED_FACE ( 'NONE', ( #1466 ), #571, .F. ) ;
#785 = PRODUCT_DEFINITION_CONTEXT ( 'detailed design', #447, 'design' ) ;
#786 = SURFACE_STYLE_FILL_AREA ( #1517 ) ;
#787 = ORIENTED_EDGE ( 'NONE', *, *, #1895, .T. ) ;
#788 = DIRECTION ( 'NONE',  ( 1.000000000000000000, 0.0000000000000000000, 0.0000000000000000000 ) ) ;
#789 = DIRECTION ( 'NONE',  ( 0.0000000000000000000, 0.0000000000000000000, 1.000000000000000000 ) ) ;
#790 = ORIENTED_EDGE ( 'NONE', *, *, #774, .F. ) ;
#791 = DIRECTION ( 'NONE',  ( 1.000000000000000000, -5.421010862427531045E-16, -2.841031407690804629E-17 ) ) ;
#792 = CARTESIAN_POINT ( 'NONE',  ( 0.3000000000000002109, 0.6800000000000000488, -0.4950000000000002176 ) ) ;
#793 = UNCERTAINTY_MEASURE_WITH_UNIT (LENGTH_MEASURE( 1.000000000000000082E-05 ), #1470, 'distance_accuracy_value', 'NONE');
#794 = EDGE_CURVE ( 'NONE', #1667, #205, #292, .T. ) ;
#795 = VECTOR ( 'NONE', #96, 1000.000000000000227 ) ;
#796 = FILL_AREA_STYLE_COLOUR ( '', #1203 ) ;
#797 = DIRECTION ( 'NONE',  ( -0.0000000000000000000, -1.000000000000000000, -0.0000000000000000000 ) ) ;
#798 = VECTOR ( 'NONE', #1073, 1000.000000000000227 ) ;
#799 = COLOUR_RGB ( '',0.9372549019607843146, 0.9372549019607843146, 0.9372549019607843146 ) ;
#800 = ORIENTED_EDGE ( 'NONE', *, *, #1856, .F. ) ;
#801 = CARTESIAN_POINT ( 'NONE',  ( 0.3000000000000002109, 0.0000000000000000000, -0.4950000000000002176 ) ) ;
#802 = PRESENTATION_LAYER_ASSIGNMENT (  '', '', ( #1096 ) ) ;
#803 = DIRECTION ( 'NONE',  ( -1.000000000000000000, 0.0000000000000000000, 2.190307419162635350E-16 ) ) ;
#804 = FILL_AREA_STYLE_COLOUR ( '', #1585 ) ;
#805 = STYLED_ITEM ( 'NONE', ( #72 ), #1380 ) ;
#806 = COLOUR_RGB ( '',1.000000000000000000, 0.8117647058823529438, 0.5019607843137254832 ) ;
#807 = MECHANICAL_DESIGN_GEOMETRIC_PRESENTATION_REPRESENTATION (  '', ( #1372 ), #1213 ) ;
#808 = VERTEX_POINT ( 'NONE', #1169 ) ;
#809 = EDGE_CURVE ( 'NONE', #1308, #1289, #278, .T. ) ;
#810 =( NAMED_UNIT ( * ) PLANE_ANGLE_UNIT ( ) SI_UNIT ( $, .RADIAN. ) );
#811 = CARTESIAN_POINT ( 'NONE',  ( -0.2999999999999997113, 0.6800000000000000488, -2.364704886802190757E-16 ) ) ;
#812 = CARTESIAN_POINT ( 'NONE',  ( 0.1249999999999999722, 0.8299999999999999600, 0.0000000000000000000 ) ) ;
#813 = DIRECTION ( 'NONE',  ( -0.0000000000000000000, -1.000000000000000000, 0.0000000000000000000 ) ) ;
#814 = ORIENTED_EDGE ( 'NONE', *, *, #472, .T. ) ;
#815 = FILL_AREA_STYLE ('',( #485 ) ) ;
#816 = DIRECTION ( 'NONE',  ( 0.0000000000000000000, 1.000000000000000000, -0.0000000000000000000 ) ) ;
#817 = ORIENTED_EDGE ( 'NONE', *, *, #1652, .T. ) ;
#818 = DIRECTION ( 'NONE',  ( -1.355252715606880296E-16, -0.0000000000000000000, -1.000000000000000000 ) ) ;
#819 = EDGE_CURVE ( 'NONE', #399, #1832, #453, .T. ) ;
#820 =( NAMED_UNIT ( * ) SI_UNIT ( $, .STERADIAN. ) SOLID_ANGLE_UNIT ( ) );
#821 = ADVANCED_BREP_SHAPE_REPRESENTATION ( 'D284A1DE-DC6D-4158-B55F-1EC0D55C8087', ( #932, #1552, #923, #293, #1248 ), #1687 ) ;
#822 = ORIENTED_EDGE ( 'NONE', *, *, #1143, .F. ) ;
#823 =( NAMED_UNIT ( * ) SI_UNIT ( $, .STERADIAN. ) SOLID_ANGLE_UNIT ( ) );
#824 = PRESENTATION_STYLE_ASSIGNMENT (( #1861 ) ) ;
#825 =( LENGTH_UNIT ( ) NAMED_UNIT ( * ) SI_UNIT ( .MILLI., .METRE. ) );
#826 = CARTESIAN_POINT ( 'NONE',  ( -0.3000000000000000999, 0.6800000000000000488, -0.4950000000000001066 ) ) ;
#827 = FILL_AREA_STYLE_COLOUR ( '', #17 ) ;
#828 =( NAMED_UNIT ( * ) PLANE_ANGLE_UNIT ( ) SI_UNIT ( $, .RADIAN. ) );
#829 = MECHANICAL_DESIGN_GEOMETRIC_PRESENTATION_REPRESENTATION (  '', ( #1855 ), #319 ) ;
#830 = MECHANICAL_DESIGN_GEOMETRIC_PRESENTATION_REPRESENTATION (  '', ( #1636 ), #731 ) ;
#831 = VECTOR ( 'NONE', #1321, 1000.000000000000000 ) ;
#832 = EDGE_CURVE ( 'NONE', #1518, #963, #1026, .T. ) ;
#833 = FACE_OUTER_BOUND ( 'NONE', #779, .T. ) ;
#834 = AXIS2_PLACEMENT_3D ( 'NONE', #137, #1487, #428 ) ;
#835 = DIRECTION ( 'NONE',  ( 0.0000000000000000000, -0.05233595624294355014, -0.9986295347545739443 ) ) ;
#836 = VECTOR ( 'NONE', #390, 1000.000000000000000 ) ;
#837 =( GEOMETRIC_REPRESENTATION_CONTEXT ( 3 ) GLOBAL_UNCERTAINTY_ASSIGNED_CONTEXT ( ( #353 ) ) GLOBAL_UNIT_ASSIGNED_CONTEXT ( ( #1320, #1200, #1953 ) ) REPRESENTATION_CONTEXT ( 'NONE', 'WORKASPACE' ) );
#838 = ORIENTED_EDGE ( 'NONE', *, *, #1613, .T. ) ;
#839 = CARTESIAN_POINT ( 'NONE',  ( -0.2449999999999999400, 0.6800000000000000488, 0.5793342728851611501 ) ) ;
#840 = AXIS2_PLACEMENT_3D ( 'NONE', #1099, #667, #1239 ) ;
#841 = ORIENTED_EDGE ( 'NONE', *, *, #1257, .T. ) ;
#842 = DIRECTION ( 'NONE',  ( 1.000000000000000000, 0.0000000000000000000, 0.0000000000000000000 ) ) ;
#843 = CARTESIAN_POINT ( 'NONE',  ( -0.2999999999999997113, 0.0000000000000000000, -2.364704886802190757E-16 ) ) ;
#844 = CARTESIAN_POINT ( 'NONE',  ( -0.2450000000000001066, 0.6800000000000000488, -0.6000000000000000888 ) ) ;
#845 = ADVANCED_FACE ( 'NONE', ( #1475 ), #1309, .F. ) ;
#846 = CARTESIAN_POINT ( 'NONE',  ( -0.1952049146062376506, 0.6747807003106071067, 0.5502049146062375495 ) ) ;
#847 = EDGE_LOOP ( 'NONE', ( #1021, #1085, #1057 ) ) ;
#848 =( LENGTH_UNIT ( ) NAMED_UNIT ( * ) SI_UNIT ( .MILLI., .METRE. ) );
#849 = ORIENTED_EDGE ( 'NONE', *, *, #1952, .F. ) ;
#850 = PLANE ( 'NONE',  #1802 ) ;
#851 = CARTESIAN_POINT ( 'NONE',  ( -0.3000000000000003220, 0.0000000000000000000, 0.7700961894323341550 ) ) ;
#852 = DIRECTION ( 'NONE',  ( -1.000000000000000000, 0.0000000000000000000, 1.807003620809173153E-16 ) ) ;
#853 = DIRECTION ( 'NONE',  ( -1.355252715606880543E-16, 0.0000000000000000000, 1.000000000000000000 ) ) ;
#854 = EDGE_CURVE ( 'NONE', #1387, #1832, #1335, .T. ) ;
#855 = ORIENTED_EDGE ( 'NONE', *, *, #684, .F. ) ;
#856 = FILL_AREA_STYLE_COLOUR ( '', #191 ) ;
#857 = MECHANICAL_DESIGN_GEOMETRIC_PRESENTATION_REPRESENTATION (  '', ( #1887 ), #1823 ) ;
#858 = VECTOR ( 'NONE', #1001, 1000.000000000000000 ) ;
#859 = AXIS2_PLACEMENT_3D ( 'NONE', #846, #988, #835 ) ;
#860 = DIRECTION ( 'NONE',  ( -0.9986295347545739443, 0.05233595624294388321, 1.353395388861372324E-16 ) ) ;
#861 = CARTESIAN_POINT ( 'NONE',  ( 0.1729201154012264818, 1.149999999999999911, -0.5279201154012266306 ) ) ;
#862 = EDGE_CURVE ( 'NONE', #417, #399, #1209, .T. ) ;
#863 = ORIENTED_EDGE ( 'NONE', *, *, #162, .T. ) ;
#864 = MECHANICAL_DESIGN_GEOMETRIC_PRESENTATION_REPRESENTATION (  '', ( #1896 ), #1450 ) ;
#865 =( NAMED_UNIT ( * ) PLANE_ANGLE_UNIT ( ) SI_UNIT ( $, .RADIAN. ) );
#866 = LINE ( 'NONE', #83, #858 ) ;
#867 = CARTESIAN_POINT ( 'NONE',  ( -0.3750000000000002776, 0.0000000000000000000, 0.8999999999999998002 ) ) ;
#868 = CARTESIAN_POINT ( 'NONE',  ( -1.824726027712242925E-16, 0.6800000000000000488, -0.8250000000000000666 ) ) ;
#869 =( NAMED_UNIT ( * ) PLANE_ANGLE_UNIT ( ) SI_UNIT ( $, .RADIAN. ) );
#870 = CARTESIAN_POINT ( 'NONE',  ( 0.1950685232622711429, 0.6800000000000000488, -0.6000000000000000888 ) ) ;
#871 = CARTESIAN_POINT ( 'NONE',  ( 0.0000000000000000000, 0.0000000000000000000, 0.0000000000000000000 ) ) ;
#872 = EDGE_LOOP ( 'NONE', ( #26, #624, #1590, #999 ) ) ;
#873 =( NAMED_UNIT ( * ) SI_UNIT ( $, .STERADIAN. ) SOLID_ANGLE_UNIT ( ) );
#874 = ADVANCED_FACE ( 'NONE', ( #590 ), #603, .F. ) ;
#875 = DIRECTION ( 'NONE',  ( 0.0000000000000000000, 1.000000000000000000, -0.0000000000000000000 ) ) ;
#876 = VERTEX_POINT ( 'NONE', #1932 ) ;
#877 = CARTESIAN_POINT ( 'NONE',  ( -0.3000000000000000999, 0.6800000000000000488, -0.7700961894323342660 ) ) ;
#878 = ORIENTED_EDGE ( 'NONE', *, *, #1780, .T. ) ;
#879 = CARTESIAN_POINT ( 'NONE',  ( -0.1729201154012266206, 1.100000000000000089, 2.343504559805675466E-17 ) ) ;
#880 = EDGE_CURVE ( 'NONE', #734, #529, #181, .T. ) ;
#881 = ORIENTED_EDGE ( 'NONE', *, *, #1024, .F. ) ;
#882 = DIRECTION ( 'NONE',  ( -0.0000000000000000000, -1.000000000000000000, -0.0000000000000000000 ) ) ;
#883 = VECTOR ( 'NONE', #510, 1000.000000000000000 ) ;
#884 = MECHANICAL_DESIGN_GEOMETRIC_PRESENTATION_REPRESENTATION (  '', ( #1329 ), #573 ) ;
#885 = DIRECTION ( 'NONE',  ( -0.0000000000000000000, -1.000000000000000000, -0.0000000000000000000 ) ) ;
#886 = COLOUR_RGB ( '',1.000000000000000000, 0.8117647058823529438, 0.5019607843137254832 ) ;
#887 = LINE ( 'NONE', #1063, #322 ) ;
#888 = VECTOR ( 'NONE', #753, 1000.000000000000227 ) ;
#889 = ORIENTED_EDGE ( 'NONE', *, *, #1852, .F. ) ;
#890 = CARTESIAN_POINT ( 'NONE',  ( -0.3000000000000000999, 0.6800000000000000488, -0.4950000000000001066 ) ) ;
#891 = COLOUR_RGB ( '',1.000000000000000000, 0.8117647058823529438, 0.5019607843137254832 ) ;
#892 = COLOUR_RGB ( '',0.7921568627450980005, 0.8196078431372548767, 0.9333333333333333481 ) ;
#893 = DIRECTION ( 'NONE',  ( 1.355252715606880543E-16, 0.0000000000000000000, 1.000000000000000000 ) ) ;
#894 = COLOUR_RGB ( '',1.000000000000000000, 1.000000000000000000, 1.000000000000000000 ) ;
#895 = ORIENTED_EDGE ( 'NONE', *, *, #946, .T. ) ;
#896 =( LENGTH_UNIT ( ) NAMED_UNIT ( * ) SI_UNIT ( .MILLI., .METRE. ) );
#897 =( GEOMETRIC_REPRESENTATION_CONTEXT ( 3 ) GLOBAL_UNCERTAINTY_ASSIGNED_CONTEXT ( ( #1787 ) ) GLOBAL_UNIT_ASSIGNED_CONTEXT ( ( #1658, #1723, #531 ) ) REPRESENTATION_CONTEXT ( 'NONE', 'WORKASPACE' ) );
#898 = FILL_AREA_STYLE_COLOUR ( '', #153 ) ;
#899 = PRESENTATION_STYLE_ASSIGNMENT (( #491 ) ) ;
#900 = CARTESIAN_POINT ( 'NONE',  ( 0.0000000000000000000, 0.0000000000000000000, 0.8249999999999998446 ) ) ;
#901 = ORIENTED_EDGE ( 'NONE', *, *, #880, .T. ) ;
#902 = FILL_AREA_STYLE ('',( #1950 ) ) ;
#903 = DIRECTION ( 'NONE',  ( 0.0000000000000000000, 0.05233595624294342524, -0.9986295347545738332 ) ) ;
#904 = SURFACE_STYLE_FILL_AREA ( #1648 ) ;
#905 = ORIENTED_EDGE ( 'NONE', *, *, #1205, .F. ) ;
#906 = DIRECTION ( 'NONE',  ( 0.0000000000000000000, -0.0000000000000000000, 1.000000000000000000 ) ) ;
#907 = ORIENTED_EDGE ( 'NONE', *, *, #7, .F. ) ;
#908 = SURFACE_SIDE_STYLE ('',( #1776 ) ) ;
#909 = SURFACE_STYLE_FILL_AREA ( #280 ) ;
#910 = ORIENTED_EDGE ( 'NONE', *, *, #247, .F. ) ;
#911 = EDGE_CURVE ( 'NONE', #1656, #212, #1241, .T. ) ;
#912 = FILL_AREA_STYLE_COLOUR ( '', #1277 ) ;
#913 = VERTEX_POINT ( 'NONE', #644 ) ;
#914 = ORIENTED_EDGE ( 'NONE', *, *, #1625, .F. ) ;
#915 = UNCERTAINTY_MEASURE_WITH_UNIT (LENGTH_MEASURE( 1.000000000000000082E-05 ), #992, 'distance_accuracy_value', 'NONE');
#916 = STYLED_ITEM ( 'NONE', ( #682 ), #92 ) ;
#917 =( NAMED_UNIT ( * ) SI_UNIT ( $, .STERADIAN. ) SOLID_ANGLE_UNIT ( ) );
#918 = CARTESIAN_POINT ( 'NONE',  ( -0.2228515921389553900, 1.102616797812147276, -0.5279201154012266306 ) ) ;
#919 = VECTOR ( 'NONE', #1488, 1000.000000000000000 ) ;
#920 = DIRECTION ( 'NONE',  ( 1.000000000000000000, 0.0000000000000000000, 0.0000000000000000000 ) ) ;
#921 = FILL_AREA_STYLE_COLOUR ( '', #1304 ) ;
#922 = CARTESIAN_POINT ( 'NONE',  ( 8.944667923005404185E-17, 0.6800000000000000488, 0.4949999999999998845 ) ) ;
#923 = MANIFOLD_SOLID_BREP ( 'Boss-Extrude4', #506 ) ;
#924 = EDGE_CURVE ( 'NONE', #205, #1324, #1414, .T. ) ;
#925 =( NAMED_UNIT ( * ) PLANE_ANGLE_UNIT ( ) SI_UNIT ( $, .RADIAN. ) );
#926 = SURFACE_STYLE_USAGE ( .BOTH. , #1184 ) ;
#927 = DIRECTION ( 'NONE',  ( 0.0000000000000000000, 1.000000000000000000, -0.0000000000000000000 ) ) ;
#928 = CIRCLE ( 'NONE', #1281, 0.1499999999999999667 ) ;
#929 = FACE_OUTER_BOUND ( 'NONE', #471, .T. ) ;
#930 = DIRECTION ( 'NONE',  ( 0.0000000000000000000, -0.05233595624294565263, 0.9986295347545738332 ) ) ;
#931 =( NAMED_UNIT ( * ) SI_UNIT ( $, .STERADIAN. ) SOLID_ANGLE_UNIT ( ) );
#932 = MANIFOLD_SOLID_BREP ( 'Boss-Extrude3[1]', #1030 ) ;
#933 = PRESENTATION_STYLE_ASSIGNMENT (( #465 ) ) ;
#934 = CARTESIAN_POINT ( 'NONE',  ( 0.3000000000000004330, 0.6800000000000000488, 0.4949999999999997735 ) ) ;
#935 = UNCERTAINTY_MEASURE_WITH_UNIT (LENGTH_MEASURE( 1.000000000000000082E-05 ), #1811, 'distance_accuracy_value', 'NONE');
#936 = EDGE_CURVE ( 'NONE', #1381, #32, #655, .T. ) ;
#937 = FILL_AREA_STYLE_COLOUR ( '', #891 ) ;
#938 = ORIENTED_EDGE ( 'NONE', *, *, #6, .T. ) ;
#939 = CARTESIAN_POINT ( 'NONE',  ( -0.2449999999999999400, 0.6800000000000000488, 0.5500685232622710696 ) ) ;
#940 =( NAMED_UNIT ( * ) SI_UNIT ( $, .STERADIAN. ) SOLID_ANGLE_UNIT ( ) );
#941 = EDGE_LOOP ( 'NONE', ( #1926, #391, #822, #1025 ) ) ;
#942 = CARTESIAN_POINT ( 'NONE',  ( -8.944667923005409115E-17, 0.6800000000000000488, -0.4950000000000001066 ) ) ;
#943 = CARTESIAN_POINT ( 'NONE',  ( -0.3000000000000003220, 0.6800000000000000488, 0.7700961894323341550 ) ) ;
#944 = UNCERTAINTY_MEASURE_WITH_UNIT (LENGTH_MEASURE( 1.000000000000000082E-05 ), #514, 'distance_accuracy_value', 'NONE');
#945 =( NAMED_UNIT ( * ) PLANE_ANGLE_UNIT ( ) SI_UNIT ( $, .RADIAN. ) );
#946 = EDGE_CURVE ( 'NONE', #605, #301, #1918, .T. ) ;
#947 = AXIS2_PLACEMENT_3D ( 'NONE', #967, #691, #196 ) ;
#948 = SURFACE_STYLE_FILL_AREA ( #10 ) ;
#949 = VECTOR ( 'NONE', #367, 1000.000000000000000 ) ;
#950 = STYLED_ITEM ( 'NONE', ( #330 ), #534 ) ;
#951 = UNCERTAINTY_MEASURE_WITH_UNIT (LENGTH_MEASURE( 1.000000000000000082E-05 ), #848, 'distance_accuracy_value', 'NONE');
#952 = DIRECTION ( 'NONE',  ( -0.0000000000000000000, -1.000000000000000000, -0.0000000000000000000 ) ) ;
#953 = FILL_AREA_STYLE ('',( #1551 ) ) ;
#954 = PRODUCT ( 'D284A1DE-DC6D-4158-B55F-1EC0D55C8087', 'D284A1DE-DC6D-4158-B55F-1EC0D55C8087', '', ( #1878 ) ) ;
#955 = VECTOR ( 'NONE', #1111, 1000.000000000000000 ) ;
#956 =( GEOMETRIC_REPRESENTATION_CONTEXT ( 3 ) GLOBAL_UNCERTAINTY_ASSIGNED_CONTEXT ( ( #915 ) ) GLOBAL_UNIT_ASSIGNED_CONTEXT ( ( #992, #1012, #1758 ) ) REPRESENTATION_CONTEXT ( 'NONE', 'WORKASPACE' ) );
#957 = CARTESIAN_POINT ( 'NONE',  ( 0.1729201154012266484, 1.100000000000000089, 0.5279201154012264086 ) ) ;
#958 = SURFACE_STYLE_USAGE ( .BOTH. , #1352 ) ;
#959 = ORIENTED_EDGE ( 'NONE', *, *, #1292, .F. ) ;
#960 = LINE ( 'NONE', #1555, #1401 ) ;
#961 = SURFACE_SIDE_STYLE ('',( #1847 ) ) ;
#962 = EDGE_CURVE ( 'NONE', #464, #111, #415, .T. ) ;
#963 = VERTEX_POINT ( 'NONE', #861 ) ;
#964 = DIRECTION ( 'NONE',  ( -0.0000000000000000000, -1.000000000000000000, -0.0000000000000000000 ) ) ;
#965 = CARTESIAN_POINT ( 'NONE',  ( -0.2451363913439664755, 0.6773974981227542935, -0.5502049146062377716 ) ) ;
#966 =( LENGTH_UNIT ( ) NAMED_UNIT ( * ) SI_UNIT ( .MILLI., .METRE. ) );
#967 = CARTESIAN_POINT ( 'NONE',  ( -0.1250000000000000000, 0.8299999999999999600, 0.2000000000000000111 ) ) ;
#968 = ORIENTED_EDGE ( 'NONE', *, *, #1071, .F. ) ;
#969 = ORIENTED_EDGE ( 'NONE', *, *, #1119, .F. ) ;
#970 =( NAMED_UNIT ( * ) SI_UNIT ( $, .STERADIAN. ) SOLID_ANGLE_UNIT ( ) );
#971 = EDGE_CURVE ( 'NONE', #1646, #1387, #556, .T. ) ;
#972 = VECTOR ( 'NONE', #141, 1000.000000000000000 ) ;
#973 = MECHANICAL_DESIGN_GEOMETRIC_PRESENTATION_REPRESENTATION (  '', ( #1706 ), #350 ) ;
#974 = PRESENTATION_LAYER_ASSIGNMENT (  '', '', ( #950 ) ) ;
#975 = SURFACE_STYLE_USAGE ( .BOTH. , #1090 ) ;
#976 =( GEOMETRIC_REPRESENTATION_CONTEXT ( 3 ) GLOBAL_UNCERTAINTY_ASSIGNED_CONTEXT ( ( #678 ) ) GLOBAL_UNIT_ASSIGNED_CONTEXT ( ( #1755, #1330, #1618 ) ) REPRESENTATION_CONTEXT ( 'NONE', 'WORKASPACE' ) );
#977 = STYLED_ITEM ( 'NONE', ( #1557 ), #1433 ) ;
#978 = LINE ( 'NONE', #1142, #1608 ) ;
#979 = ORIENTED_EDGE ( 'NONE', *, *, #1476, .T. ) ;
#980 = SURFACE_STYLE_FILL_AREA ( #1451 ) ;
#981 = ORIENTED_EDGE ( 'NONE', *, *, #1772, .F. ) ;
#982 = FACE_OUTER_BOUND ( 'NONE', #520, .T. ) ;
#983 = FILL_AREA_STYLE ('',( #1736 ) ) ;
#984 = MECHANICAL_DESIGN_GEOMETRIC_PRESENTATION_REPRESENTATION (  '', ( #117 ), #956 ) ;
#985 = CARTESIAN_POINT ( 'NONE',  ( 0.1950685232622713650, 0.6800000000000000488, 0.5999999999999998668 ) ) ;
#986 = LINE ( 'NONE', #719, #256 ) ;
#987 = EDGE_CURVE ( 'NONE', #1571, #1289, #1588, .T. ) ;
#988 = DIRECTION ( 'NONE',  ( -0.05226442768871396305, -0.9972646886342373396, 0.05226442768871396999 ) ) ;
#989 =( NAMED_UNIT ( * ) PLANE_ANGLE_UNIT ( ) SI_UNIT ( $, .RADIAN. ) );
#990 = DIRECTION ( 'NONE',  ( -1.355252715606880296E-16, -0.0000000000000000000, -1.000000000000000000 ) ) ;
#991 =( NAMED_UNIT ( * ) PLANE_ANGLE_UNIT ( ) SI_UNIT ( $, .RADIAN. ) );
#992 =( LENGTH_UNIT ( ) NAMED_UNIT ( * ) SI_UNIT ( .MILLI., .METRE. ) );
#993 = EDGE_LOOP ( 'NONE', ( #1157, #493, #841, #432 ) ) ;
#994 = CARTESIAN_POINT ( 'NONE',  ( 0.1729201154012264818, 1.100000000000000089, -0.5279201154012266306 ) ) ;
#995 = SURFACE_STYLE_FILL_AREA ( #983 ) ;
#996 = CARTESIAN_POINT ( 'NONE',  ( -0.1249999999999999722, 0.8299999999999999600, 0.0000000000000000000 ) ) ;
#997 = EDGE_CURVE ( 'NONE', #399, #1177, #669, .T. ) ;
#998 = DIRECTION ( 'NONE',  ( -0.9986295347545738332, 0.05233595624294565263, 0.0000000000000000000 ) ) ;
#999 = ORIENTED_EDGE ( 'NONE', *, *, #809, .T. ) ;
#1000 = AXIS2_PLACEMENT_3D ( 'NONE', #1729, #228, #67 ) ;
#1001 = DIRECTION ( 'NONE',  ( -1.355252715606880543E-16, -0.0000000000000000000, -1.000000000000000000 ) ) ;
#1002 = SURFACE_STYLE_USAGE ( .BOTH. , #1763 ) ;
#1003 = STYLED_ITEM ( 'NONE', ( #1197 ), #214 ) ;
#1004 =( LENGTH_UNIT ( ) NAMED_UNIT ( * ) SI_UNIT ( .MILLI., .METRE. ) );
#1005 = PRESENTATION_LAYER_ASSIGNMENT (  '', '', ( #1855 ) ) ;
#1006 = CARTESIAN_POINT ( 'NONE',  ( -0.3000000000000003220, 0.6800000000000000488, 0.7700961894323341550 ) ) ;
#1007 = CIRCLE ( 'NONE', #107, 0.04999999999999999584 ) ;
#1008 = MECHANICAL_DESIGN_GEOMETRIC_PRESENTATION_REPRESENTATION (  '', ( #1301 ), #1796 ) ;
#1009 = ADVANCED_FACE ( 'NONE', ( #565 ), #1136, .T. ) ;
#1010 = FACE_OUTER_BOUND ( 'NONE', #223, .T. ) ;
#1011 = DIRECTION ( 'NONE',  ( -0.0000000000000000000, -1.000000000000000000, -0.0000000000000000000 ) ) ;
#1012 =( NAMED_UNIT ( * ) PLANE_ANGLE_UNIT ( ) SI_UNIT ( $, .RADIAN. ) );
#1013 = VERTEX_POINT ( 'NONE', #1901 ) ;
#1014 = EDGE_CURVE ( 'NONE', #660, #1656, #1145, .T. ) ;
#1015 = AXIS2_PLACEMENT_3D ( 'NONE', #109, #148, #308 ) ;
#1016 = CARTESIAN_POINT ( 'NONE',  ( -0.2999999999999997113, 0.6800000000000000488, -2.364704886802190757E-16 ) ) ;
#1017 = VECTOR ( 'NONE', #272, 1000.000000000000000 ) ;
#1018 =( NAMED_UNIT ( * ) SI_UNIT ( $, .STERADIAN. ) SOLID_ANGLE_UNIT ( ) );
#1019 = VECTOR ( 'NONE', #1069, 1000.000000000000000 ) ;
#1020 = CARTESIAN_POINT ( 'NONE',  ( 0.1729201154012266484, 1.100000000000000089, 0.5279201154012264086 ) ) ;
#1021 = ORIENTED_EDGE ( 'NONE', *, *, #424, .T. ) ;
#1022 = CARTESIAN_POINT ( 'NONE',  ( 0.1729201154012266761, 1.100000000000000089, 0.5279201154012264086 ) ) ;
#1023 = PRESENTATION_STYLE_ASSIGNMENT (( #105 ) ) ;
#1024 = EDGE_CURVE ( 'NONE', #586, #1646, #598, .T. ) ;
#1025 = ORIENTED_EDGE ( 'NONE', *, *, #1718, .F. ) ;
#1026 = LINE ( 'NONE', #1627, #480 ) ;
#1027 = FILL_AREA_STYLE_COLOUR ( '', #1606 ) ;
#1028 = DIRECTION ( 'NONE',  ( -0.05226442768871572553, 0.9972646886342372285, 0.05226442768871572553 ) ) ;
#1029 = CARTESIAN_POINT ( 'NONE',  ( 0.3000000000000002109, 0.0000000000000000000, -0.4950000000000002176 ) ) ;
#1030 = CLOSED_SHELL ( 'NONE', ( #170, #526, #584, #1423, #1808, #1721, #1524, #129 ) ) ;
#1031 = VERTEX_POINT ( 'NONE', #262 ) ;
#1032 = PLANE ( 'NONE',  #1034 ) ;
#1033 = FILL_AREA_STYLE_COLOUR ( '', #739 ) ;
#1034 = AXIS2_PLACEMENT_3D ( 'NONE', #1871, #206, #521 ) ;
#1035 = ORIENTED_EDGE ( 'NONE', *, *, #1394, .F. ) ;
#1036 = PRESENTATION_LAYER_ASSIGNMENT (  '', '', ( #1887 ) ) ;
#1037 = MECHANICAL_DESIGN_GEOMETRIC_PRESENTATION_REPRESENTATION (  '', ( #1096 ), #542 ) ;
#1038 = CARTESIAN_POINT ( 'NONE',  ( -0.1249999999999999722, 0.8299999999999999600, 0.0000000000000000000 ) ) ;
#1039 = VERTEX_POINT ( 'NONE', #270 ) ;
#1040 = PRESENTATION_STYLE_ASSIGNMENT (( #1924 ) ) ;
#1041 = PRESENTATION_LAYER_ASSIGNMENT (  '', '', ( #578 ) ) ;
#1042 = DIRECTION ( 'NONE',  ( 0.05226442768871396305, -0.9972646886342373396, -0.05226442768871396999 ) ) ;
#1043 = FILL_AREA_STYLE_COLOUR ( '', #741 ) ;
#1044 =( GEOMETRIC_REPRESENTATION_CONTEXT ( 3 ) GLOBAL_UNCERTAINTY_ASSIGNED_CONTEXT ( ( #944 ) ) GLOBAL_UNIT_ASSIGNED_CONTEXT ( ( #514, #1717, #1244 ) ) REPRESENTATION_CONTEXT ( 'NONE', 'WORKASPACE' ) );
#1045 =( NAMED_UNIT ( * ) PLANE_ANGLE_UNIT ( ) SI_UNIT ( $, .RADIAN. ) );
#1046 = CIRCLE ( 'NONE', #554, 0.04999999999999999584 ) ;
#1047 = EDGE_LOOP ( 'NONE', ( #186, #158, #1942, #914 ) ) ;
#1048 = ADVANCED_FACE ( 'NONE', ( #456 ), #1630, .T. ) ;
#1049 =( NAMED_UNIT ( * ) PLANE_ANGLE_UNIT ( ) SI_UNIT ( $, .RADIAN. ) );
#1050 = LINE ( 'NONE', #1777, #1440 ) ;
#1051 = DIRECTION ( 'NONE',  ( 1.000000000000000000, 0.0000000000000000000, -0.0000000000000000000 ) ) ;
#1052 = PLANE ( 'NONE',  #244 ) ;
#1053 = FILL_AREA_STYLE_COLOUR ( '', #40 ) ;
#1054 = CARTESIAN_POINT ( 'NONE',  ( 0.1938664451094395946, 0.7029370175435138979, 0.5987979218471681797 ) ) ;
#1055 = EDGE_CURVE ( 'NONE', #290, #876, #756, .T. ) ;
#1056 = DIRECTION ( 'NONE',  ( 1.355252715606880543E-16, -0.0000000000000000000, 1.000000000000000000 ) ) ;
#1057 = ORIENTED_EDGE ( 'NONE', *, *, #1756, .F. ) ;
#1058 = CARTESIAN_POINT ( 'NONE',  ( 0.3000000000000002109, 0.6800000000000000488, -1.182352443401096857E-16 ) ) ;
#1059 = CARTESIAN_POINT ( 'NONE',  ( -0.2450000000000001066, 0.6800000000000000488, -0.6000000000000000888 ) ) ;
#1060 = CARTESIAN_POINT ( 'NONE',  ( -0.2450961894323343271, 0.0000000000000000000, -0.8250000000000000666 ) ) ;
#1061 = DIRECTION ( 'NONE',  ( 0.0000000000000000000, 0.0000000000000000000, 1.000000000000000000 ) ) ;
#1062 =( GEOMETRIC_REPRESENTATION_CONTEXT ( 3 ) GLOBAL_UNCERTAINTY_ASSIGNED_CONTEXT ( ( #793 ) ) GLOBAL_UNIT_ASSIGNED_CONTEXT ( ( #1470, #1291, #1018 ) ) REPRESENTATION_CONTEXT ( 'NONE', 'WORKASPACE' ) );
#1063 = CARTESIAN_POINT ( 'NONE',  ( -0.2203683437369706732, 1.149999999999999911, -0.5279201154012266306 ) ) ;
#1064 = AXIS2_PLACEMENT_3D ( 'NONE', #9, #1028, #930 ) ;
#1065 = EDGE_CURVE ( 'NONE', #1013, #596, #312, .T. ) ;
#1066 = COLOUR_RGB ( '',0.9372549019607843146, 0.9372549019607843146, 0.9372549019607843146 ) ;
#1067 = SPHERICAL_SURFACE ( 'NONE', #1094, 0.05000000000000000278 ) ;
#1068 = CYLINDRICAL_SURFACE ( 'NONE', #1829, 0.05000000000000002359 ) ;
#1069 = DIRECTION ( 'NONE',  ( -1.000000000000000000, 0.0000000000000000000, 0.0000000000000000000 ) ) ;
#1070 = CIRCLE ( 'NONE', #1674, 0.1499999999999998557 ) ;
#1071 = EDGE_CURVE ( 'NONE', #212, #876, #1644, .T. ) ;
#1072 = ORIENTED_EDGE ( 'NONE', *, *, #1024, .T. ) ;
#1073 = DIRECTION ( 'NONE',  ( -0.05226442768871396999, -0.9972646886342372285, -0.05226442768871396999 ) ) ;
#1074 = CARTESIAN_POINT ( 'NONE',  ( 0.1950685232622713650, 0.6800000000000000488, 0.5999999999999998668 ) ) ;
#1075 = FILL_AREA_STYLE ('',( #1053 ) ) ;
#1076 =( GEOMETRIC_REPRESENTATION_CONTEXT ( 3 ) GLOBAL_UNCERTAINTY_ASSIGNED_CONTEXT ( ( #1354 ) ) GLOBAL_UNIT_ASSIGNED_CONTEXT ( ( #135, #627, #1502 ) ) REPRESENTATION_CONTEXT ( 'NONE', 'WORKASPACE' ) );
#1077 = PRESENTATION_LAYER_ASSIGNMENT (  '', '', ( #612 ) ) ;
#1078 = ORIENTED_EDGE ( 'NONE', *, *, #472, .F. ) ;
#1079 = SURFACE_STYLE_USAGE ( .BOTH. , #345 ) ;
#1080 = LINE ( 'NONE', #1692, #1712 ) ;
#1081 = DIRECTION ( 'NONE',  ( 0.0000000000000000000, 0.0000000000000000000, 1.000000000000000000 ) ) ;
#1082 = ORIENTED_EDGE ( 'NONE', *, *, #314, .T. ) ;
#1083 = DIRECTION ( 'NONE',  ( -1.355252715606880543E-16, 0.0000000000000000000, 1.000000000000000000 ) ) ;
#1084 = FILL_AREA_STYLE_COLOUR ( '', #318 ) ;
#1085 = ORIENTED_EDGE ( 'NONE', *, *, #726, .T. ) ;
#1086 = CARTESIAN_POINT ( 'NONE',  ( -0.3000000000000000999, 0.6800000000000000488, -0.4950000000000001066 ) ) ;
#1087 = CARTESIAN_POINT ( 'NONE',  ( -0.1729201154012265651, 1.102616797812147276, 0.5778515921389552057 ) ) ;
#1088 = EDGE_CURVE ( 'NONE', #963, #417, #887, .T. ) ;
#1089 = SURFACE_SIDE_STYLE ('',( #538 ) ) ;
#1090 = SURFACE_SIDE_STYLE ('',( #1703 ) ) ;
#1091 = UNCERTAINTY_MEASURE_WITH_UNIT (LENGTH_MEASURE( 1.000000000000000082E-05 ), #557, 'distance_accuracy_value', 'NONE');
#1092 = VECTOR ( 'NONE', #4, 1000.000000000000000 ) ;
#1093 = ORIENTED_EDGE ( 'NONE', *, *, #962, .T. ) ;
#1094 = AXIS2_PLACEMENT_3D ( 'NONE', #1336, #589, #155 ) ;
#1095 = FILL_AREA_STYLE_COLOUR ( '', #329 ) ;
#1096 = STYLED_ITEM ( 'NONE', ( #1293 ), #551 ) ;
#1097 = SURFACE_SIDE_STYLE ('',( #509 ) ) ;
#1098 = FACE_OUTER_BOUND ( 'NONE', #397, .T. ) ;
#1099 = CARTESIAN_POINT ( 'NONE',  ( 0.0000000000000000000, 0.0000000000000000000, 0.0000000000000000000 ) ) ;
#1100 = AXIS2_PLACEMENT_3D ( 'NONE', #120, #746, #1051 ) ;
#1101 =( NAMED_UNIT ( * ) PLANE_ANGLE_UNIT ( ) SI_UNIT ( $, .RADIAN. ) );
#1102 =( NAMED_UNIT ( * ) PLANE_ANGLE_UNIT ( ) SI_UNIT ( $, .RADIAN. ) );
#1103 = ORIENTED_EDGE ( 'NONE', *, *, #563, .T. ) ;
#1104 = DIRECTION ( 'NONE',  ( 1.000000000000000000, 0.0000000000000000000, -1.807003620809173153E-16 ) ) ;
#1105 = CARTESIAN_POINT ( 'NONE',  ( 0.2999999999999998779, 0.6800000000000000488, -0.7700961894323343770 ) ) ;
#1106 =( NAMED_UNIT ( * ) PLANE_ANGLE_UNIT ( ) SI_UNIT ( $, .RADIAN. ) );
#1107 = ORIENTED_EDGE ( 'NONE', *, *, #1875, .T. ) ;
#1108 =( NAMED_UNIT ( * ) SI_UNIT ( $, .STERADIAN. ) SOLID_ANGLE_UNIT ( ) );
#1109 = ORIENTED_EDGE ( 'NONE', *, *, #936, .F. ) ;
#1110 = LINE ( 'NONE', #811, #511 ) ;
#1111 = DIRECTION ( 'NONE',  ( -0.0000000000000000000, -1.000000000000000000, -0.0000000000000000000 ) ) ;
#1112 = SPHERICAL_SURFACE ( 'NONE', #1000, 0.05000000000000000278 ) ;
#1113 = ORIENTED_EDGE ( 'NONE', *, *, #1205, .T. ) ;
#1114 = STYLED_ITEM ( 'NONE', ( #409 ), #129 ) ;
#1115 = VERTEX_POINT ( 'NONE', #1929 ) ;
#1116 =( NAMED_UNIT ( * ) PLANE_ANGLE_UNIT ( ) SI_UNIT ( $, .RADIAN. ) );
#1117 = FACE_OUTER_BOUND ( 'NONE', #1463, .T. ) ;
#1118 = STYLED_ITEM ( 'NONE', ( #233 ), #1009 ) ;
#1119 = EDGE_CURVE ( 'NONE', #653, #1835, #1187, .T. ) ;
#1120 = DIRECTION ( 'NONE',  ( 1.355252715606880543E-16, -0.0000000000000000000, 1.000000000000000000 ) ) ;
#1121 = STYLED_ITEM ( 'NONE', ( #1388 ), #526 ) ;
#1122 = DIRECTION ( 'NONE',  ( 0.0000000000000000000, 1.000000000000000000, 0.0000000000000000000 ) ) ;
#1123 =( GEOMETRIC_REPRESENTATION_CONTEXT ( 3 ) GLOBAL_UNCERTAINTY_ASSIGNED_CONTEXT ( ( #492 ) ) GLOBAL_UNIT_ASSIGNED_CONTEXT ( ( #1744, #1179, #873 ) ) REPRESENTATION_CONTEXT ( 'NONE', 'WORKASPACE' ) );
#1124 = PRESENTATION_STYLE_ASSIGNMENT (( #245 ) ) ;
#1125 = VECTOR ( 'NONE', #1543, 1000.000000000000000 ) ;
#1126 = PRESENTATION_LAYER_ASSIGNMENT (  '', '', ( #361 ) ) ;
#1127 = ORIENTED_EDGE ( 'NONE', *, *, #1353, .T. ) ;
#1128 =( GEOMETRIC_REPRESENTATION_CONTEXT ( 3 ) GLOBAL_UNCERTAINTY_ASSIGNED_CONTEXT ( ( #1660 ) ) GLOBAL_UNIT_ASSIGNED_CONTEXT ( ( #165, #1102, #931 ) ) REPRESENTATION_CONTEXT ( 'NONE', 'WORKASPACE' ) );
#1129 = FILL_AREA_STYLE ('',( #1282 ) ) ;
#1130 = VECTOR ( 'NONE', #285, 1000.000000000000000 ) ;
#1131 =( LENGTH_UNIT ( ) NAMED_UNIT ( * ) SI_UNIT ( .MILLI., .METRE. ) );
#1132 = LINE ( 'NONE', #724, #795 ) ;
#1133 = EDGE_CURVE ( 'NONE', #1832, #586, #1163, .T. ) ;
#1134 =( NAMED_UNIT ( * ) SI_UNIT ( $, .STERADIAN. ) SOLID_ANGLE_UNIT ( ) );
#1135 = CARTESIAN_POINT ( 'NONE',  ( -0.1249999999999999722, 0.6800000000000000488, 0.0000000000000000000 ) ) ;
#1136 = CYLINDRICAL_SURFACE ( 'NONE', #44, 0.04999999999999999584 ) ;
#1137 = PRESENTATION_STYLE_ASSIGNMENT (( #559 ) ) ;
#1138 = SURFACE_STYLE_USAGE ( .BOTH. , #419 ) ;
#1139 = CYLINDRICAL_SURFACE ( 'NONE', #599, 0.1499999999999998557 ) ;
#1140 = DIRECTION ( 'NONE',  ( 1.355252715606880543E-16, -0.0000000000000000000, 1.000000000000000000 ) ) ;
#1141 = UNCERTAINTY_MEASURE_WITH_UNIT (LENGTH_MEASURE( 1.000000000000000082E-05 ), #180, 'distance_accuracy_value', 'NONE');
#1142 = CARTESIAN_POINT ( 'NONE',  ( 0.2449999999999998845, 0.6800000000000000488, -0.6000000000000000888 ) ) ;
#1143 = EDGE_CURVE ( 'NONE', #1820, #1571, #1050, .T. ) ;
#1144 = DIRECTION ( 'NONE',  ( -0.05233595624294388321, 0.9986295347545739443, 0.0000000000000000000 ) ) ;
#1145 = LINE ( 'NONE', #1910, #512 ) ;
#1146 = FILL_AREA_STYLE ('',( #62 ) ) ;
#1147 = FACE_OUTER_BOUND ( 'NONE', #436, .T. ) ;
#1148 = CIRCLE ( 'NONE', #1666, 0.1499999999999999667 ) ;
#1149 = PRESENTATION_STYLE_ASSIGNMENT (( #1002 ) ) ;
#1150 = STYLED_ITEM ( 'NONE', ( #1577 ), #239 ) ;
#1151 = PRESENTATION_LAYER_ASSIGNMENT (  '', '', ( #1546 ) ) ;
#1152 = FILL_AREA_STYLE ('',( #240 ) ) ;
#1153 = AXIS2_PLACEMENT_3D ( 'NONE', #208, #1570, #1844 ) ;
#1154 = CIRCLE ( 'NONE', #57, 0.04999999999999991257 ) ;
#1155 = ORIENTED_EDGE ( 'NONE', *, *, #184, .T. ) ;
#1156 = CARTESIAN_POINT ( 'NONE',  ( 0.1938664451094393726, 0.7029370175435138979, -0.5987979218471684018 ) ) ;
#1157 = ORIENTED_EDGE ( 'NONE', *, *, #23, .T. ) ;
#1158 = CYLINDRICAL_SURFACE ( 'NONE', #323, 0.04999999999999998890 ) ;
#1159 = CARTESIAN_POINT ( 'NONE',  ( 8.944667923005404185E-17, 0.0000000000000000000, 0.4949999999999998845 ) ) ;
#1160 = ORIENTED_EDGE ( 'NONE', *, *, #1065, .T. ) ;
#1161 = EDGE_LOOP ( 'NONE', ( #221, #1919, #1860, #1160 ) ) ;
#1162 = DIRECTION ( 'NONE',  ( 1.000000000000000000, -0.0000000000000000000, -0.0000000000000000000 ) ) ;
#1163 = LINE ( 'NONE', #1156, #574 ) ;
#1164 = CARTESIAN_POINT ( 'NONE',  ( 0.1938664451094394281, 0.7003202197313667110, -0.5488664451094396046 ) ) ;
#1165 = DIRECTION ( 'NONE',  ( -1.000000000000000000, 0.0000000000000000000, 1.807003620809172906E-16 ) ) ;
#1166 = ORIENTED_EDGE ( 'NONE', *, *, #434, .F. ) ;
#1167 = STYLED_ITEM ( 'NONE', ( #717 ), #170 ) ;
#1168 = ORIENTED_EDGE ( 'NONE', *, *, #79, .F. ) ;
#1169 = CARTESIAN_POINT ( 'NONE',  ( -0.1250000000000000000, 0.8299999999999999600, 0.2000000000000000111 ) ) ;
#1170 = UNCERTAINTY_MEASURE_WITH_UNIT (LENGTH_MEASURE( 1.000000000000000082E-05 ), #1004, 'distance_accuracy_value', 'NONE');
#1171 = CARTESIAN_POINT ( 'NONE',  ( 0.0000000000000000000, 0.6800000000000000488, 0.0000000000000000000 ) ) ;
#1172 = MECHANICAL_DESIGN_GEOMETRIC_PRESENTATION_REPRESENTATION (  '', ( #1118 ), #1671 ) ;
#1173 = SURFACE_SIDE_STYLE ('',( #455 ) ) ;
#1174 = VECTOR ( 'NONE', #310, 1000.000000000000000 ) ;
#1175 = PRESENTATION_STYLE_ASSIGNMENT (( #469 ) ) ;
#1176 = UNCERTAINTY_MEASURE_WITH_UNIT (LENGTH_MEASURE( 1.000000000000000082E-05 ), #966, 'distance_accuracy_value', 'NONE');
#1177 = VERTEX_POINT ( 'NONE', #918 ) ;
#1178 = MECHANICAL_DESIGN_GEOMETRIC_PRESENTATION_REPRESENTATION (  '', ( #1678 ), #1243 ) ;
#1179 =( NAMED_UNIT ( * ) PLANE_ANGLE_UNIT ( ) SI_UNIT ( $, .RADIAN. ) );
#1180 = DIRECTION ( 'NONE',  ( 1.000000000000000000, 0.0000000000000000000, 0.0000000000000000000 ) ) ;
#1181 = MECHANICAL_DESIGN_GEOMETRIC_PRESENTATION_REPRESENTATION (  '', ( #1481 ), #897 ) ;
#1182 = ORIENTED_EDGE ( 'NONE', *, *, #1065, .F. ) ;
#1183 =( NAMED_UNIT ( * ) SI_UNIT ( $, .STERADIAN. ) SOLID_ANGLE_UNIT ( ) );
#1184 = SURFACE_SIDE_STYLE ('',( #607 ) ) ;
#1185 = EDGE_CURVE ( 'NONE', #1387, #653, #776, .T. ) ;
#1186 = SURFACE_STYLE_USAGE ( .BOTH. , #1173 ) ;
#1187 = LINE ( 'NONE', #1303, #441 ) ;
#1188 = VERTEX_POINT ( 'NONE', #1508 ) ;
#1189 = SURFACE_SIDE_STYLE ('',( #616 ) ) ;
#1190 = FACE_OUTER_BOUND ( 'NONE', #693, .T. ) ;
#1191 = FACE_OUTER_BOUND ( 'NONE', #993, .T. ) ;
#1192 = EDGE_CURVE ( 'NONE', #1308, #1740, #439, .T. ) ;
#1193 = EDGE_CURVE ( 'NONE', #427, #1255, #152, .T. ) ;
#1194 = EDGE_LOOP ( 'NONE', ( #641, #863, #1816, #1760 ) ) ;
#1195 = FILL_AREA_STYLE_COLOUR ( '', #767 ) ;
#1196 = ORIENTED_EDGE ( 'NONE', *, *, #1254, .F. ) ;
#1197 = PRESENTATION_STYLE_ASSIGNMENT (( #1350 ) ) ;
#1198 = LINE ( 'NONE', #943, #949 ) ;
#1199 = DIRECTION ( 'NONE',  ( -0.0000000000000000000, -1.000000000000000000, 0.0000000000000000000 ) ) ;
#1200 =( NAMED_UNIT ( * ) PLANE_ANGLE_UNIT ( ) SI_UNIT ( $, .RADIAN. ) );
#1201 = PRESENTATION_LAYER_ASSIGNMENT (  '', '', ( #1938 ) ) ;
#1202 = PRESENTATION_LAYER_ASSIGNMENT (  '', '', ( #103 ) ) ;
#1203 = COLOUR_RGB ( '',0.9372549019607843146, 0.9372549019607843146, 0.9372549019607843146 ) ;
#1204 = ORIENTED_EDGE ( 'NONE', *, *, #414, .F. ) ;
#1205 = EDGE_CURVE ( 'NONE', #913, #1308, #1800, .T. ) ;
#1206 = FACE_OUTER_BOUND ( 'NONE', #425, .T. ) ;
#1207 = AXIS2_PLACEMENT_3D ( 'NONE', #763, #720, #269 ) ;
#1208 = FACE_OUTER_BOUND ( 'NONE', #1840, .T. ) ;
#1209 = CIRCLE ( 'NONE', #639, 0.05000000000000002359 ) ;
#1210 = FILL_AREA_STYLE_COLOUR ( '', #894 ) ;
#1211 = PRESENTATION_LAYER_ASSIGNMENT (  '', '', ( #1337 ) ) ;
#1212 = COLOUR_RGB ( '',1.000000000000000000, 0.8117647058823529438, 0.5019607843137254832 ) ;
#1213 =( GEOMETRIC_REPRESENTATION_CONTEXT ( 3 ) GLOBAL_UNCERTAINTY_ASSIGNED_CONTEXT ( ( #1176 ) ) GLOBAL_UNIT_ASSIGNED_CONTEXT ( ( #966, #828, #195 ) ) REPRESENTATION_CONTEXT ( 'NONE', 'WORKASPACE' ) );
#1214 = CARTESIAN_POINT ( 'NONE',  ( 0.2228515921389553345, 1.102616797812147276, 0.5279201154012262975 ) ) ;
#1215 = ORIENTED_EDGE ( 'NONE', *, *, #69, .F. ) ;
#1216 = SURFACE_STYLE_USAGE ( .BOTH. , #1249 ) ;
#1217 = FILL_AREA_STYLE_COLOUR ( '', #1582 ) ;
#1218 = EDGE_CURVE ( 'NONE', #1626, #133, #1198, .T. ) ;
#1219 = ORIENTED_EDGE ( 'NONE', *, *, #1554, .F. ) ;
#1220 = SURFACE_STYLE_USAGE ( .BOTH. , #12 ) ;
#1221 = UNCERTAINTY_MEASURE_WITH_UNIT (LENGTH_MEASURE( 1.000000000000000082E-05 ), #1131, 'distance_accuracy_value', 'NONE');
#1222 = PLANE ( 'NONE',  #634 ) ;
#1223 = PRESENTATION_STYLE_ASSIGNMENT (( #1373 ) ) ;
#1224 = EDGE_LOOP ( 'NONE', ( #849, #443, #462, #544, #268, #460 ) ) ;
#1225 = APPLICATION_CONTEXT ( 'automotive_design' ) ;
#1226 = CARTESIAN_POINT ( 'NONE',  ( -0.1729201154012265373, 1.100000000000000089, 0.5279201154012264086 ) ) ;
#1227 = CARTESIAN_POINT ( 'NONE',  ( 0.3000000000000004330, 0.6800000000000000488, 0.4949999999999997735 ) ) ;
#1228 = CARTESIAN_POINT ( 'NONE',  ( 0.0000000000000000000, 1.100000000000000089, -0.5279201154012266306 ) ) ;
#1229 = DIRECTION ( 'NONE',  ( -1.000000000000000000, 0.0000000000000000000, 0.0000000000000000000 ) ) ;
#1230 = LINE ( 'NONE', #965, #798 ) ;
#1231 = EDGE_CURVE ( 'NONE', #484, #515, #1685, .T. ) ;
#1232 =( GEOMETRIC_REPRESENTATION_CONTEXT ( 3 ) GLOBAL_UNCERTAINTY_ASSIGNED_CONTEXT ( ( #1884 ) ) GLOBAL_UNIT_ASSIGNED_CONTEXT ( ( #1325, #925, #783 ) ) REPRESENTATION_CONTEXT ( 'NONE', 'WORKASPACE' ) );
#1233 = ORIENTED_EDGE ( 'NONE', *, *, #809, .F. ) ;
#1234 = DIRECTION ( 'NONE',  ( -3.941174811336987224E-16, 0.0000000000000000000, -1.000000000000000000 ) ) ;
#1235 =( NAMED_UNIT ( * ) PLANE_ANGLE_UNIT ( ) SI_UNIT ( $, .RADIAN. ) );
#1236 =( NAMED_UNIT ( * ) SI_UNIT ( $, .STERADIAN. ) SOLID_ANGLE_UNIT ( ) );
#1237 = PRESENTATION_LAYER_ASSIGNMENT (  '', '', ( #1121 ) ) ;
#1238 = STYLED_ITEM ( 'NONE', ( #437 ), #784 ) ;
#1239 = DIRECTION ( 'NONE',  ( 0.0000000000000000000, 0.0000000000000000000, 1.000000000000000000 ) ) ;
#1240 = AXIS2_PLACEMENT_3D ( 'NONE', #1058, #1482, #747 ) ;
#1241 = CIRCLE ( 'NONE', #82, 0.1499999999999998557 ) ;
#1242 = CARTESIAN_POINT ( 'NONE',  ( 0.3750000000000004996, 0.6800000000000000488, 0.8999999999999998002 ) ) ;
#1243 =( GEOMETRIC_REPRESENTATION_CONTEXT ( 3 ) GLOBAL_UNCERTAINTY_ASSIGNED_CONTEXT ( ( #139 ) ) GLOBAL_UNIT_ASSIGNED_CONTEXT ( ( #1544, #810, #940 ) ) REPRESENTATION_CONTEXT ( 'NONE', 'WORKASPACE' ) );
#1244 =( NAMED_UNIT ( * ) SI_UNIT ( $, .STERADIAN. ) SOLID_ANGLE_UNIT ( ) );
#1245 = STYLED_ITEM ( 'NONE', ( #267 ), #1621 ) ;
#1246 =( LENGTH_UNIT ( ) NAMED_UNIT ( * ) SI_UNIT ( .MILLI., .METRE. ) );
#1247 = ORIENTED_EDGE ( 'NONE', *, *, #1340, .F. ) ;
#1248 = AXIS2_PLACEMENT_3D ( 'NONE', #871, #1889, #50 ) ;
#1249 = SURFACE_SIDE_STYLE ('',( #209 ) ) ;
#1250 = SURFACE_STYLE_USAGE ( .BOTH. , #696 ) ;
#1251 = LINE ( 'NONE', #1872, #955 ) ;
#1252 = FILL_AREA_STYLE_COLOUR ( '', #1296 ) ;
#1253 = PRESENTATION_STYLE_ASSIGNMENT (( #404 ) ) ;
#1254 = EDGE_CURVE ( 'NONE', #1177, #321, #1230, .T. ) ;
#1255 = VERTEX_POINT ( 'NONE', #934 ) ;
#1256 = UNCERTAINTY_MEASURE_WITH_UNIT (LENGTH_MEASURE( 1.000000000000000082E-05 ), #658, 'distance_accuracy_value', 'NONE');
#1257 = EDGE_CURVE ( 'NONE', #464, #1381, #666, .T. ) ;
#1258 = ORIENTED_EDGE ( 'NONE', *, *, #1772, .T. ) ;
#1259 = LINE ( 'NONE', #1734, #440 ) ;
#1260 = DIRECTION ( 'NONE',  ( 0.0000000000000000000, 0.0000000000000000000, -1.000000000000000000 ) ) ;
#1261 = FILL_AREA_STYLE_COLOUR ( '', #1731 ) ;
#1262 = FILL_AREA_STYLE ('',( #652 ) ) ;
#1263 = ORIENTED_EDGE ( 'NONE', *, *, #383, .T. ) ;
#1264 = SURFACE_STYLE_USAGE ( .BOTH. , #1725 ) ;
#1265 = SURFACE_SIDE_STYLE ('',( #695 ) ) ;
#1266 = CARTESIAN_POINT ( 'NONE',  ( 0.2450961894323347712, 0.6800000000000000488, 0.8249999999999998446 ) ) ;
#1267 = COLOUR_RGB ( '',1.000000000000000000, 0.8117647058823529438, 0.5019607843137254832 ) ;
#1268 = AXIS2_PLACEMENT_3D ( 'NONE', #994, #64, #1455 ) ;
#1269 = ORIENTED_EDGE ( 'NONE', *, *, #819, .F. ) ;
#1270 = LINE ( 'NONE', #689, #1437 ) ;
#1271 =( LENGTH_UNIT ( ) NAMED_UNIT ( * ) SI_UNIT ( .MILLI., .METRE. ) );
#1272 = PRESENTATION_STYLE_ASSIGNMENT (( #1615 ) ) ;
#1273 = VECTOR ( 'NONE', #626, 1000.000000000000000 ) ;
#1274 = VECTOR ( 'NONE', #1377, 1000.000000000000000 ) ;
#1275 = VECTOR ( 'NONE', #1943, 1000.000000000000000 ) ;
#1276 =( NAMED_UNIT ( * ) PLANE_ANGLE_UNIT ( ) SI_UNIT ( $, .RADIAN. ) );
#1277 = COLOUR_RGB ( '',1.000000000000000000, 0.8117647058823529438, 0.5019607843137254832 ) ;
#1278 = VECTOR ( 'NONE', #486, 1000.000000000000000 ) ;
#1279 = FILL_AREA_STYLE_COLOUR ( '', #1707 ) ;
#1280 = DIRECTION ( 'NONE',  ( -0.05226442768871395611, 0.9972646886342372285, 0.05226442768871396999 ) ) ;
#1281 = AXIS2_PLACEMENT_3D ( 'NONE', #867, #552, #90 ) ;
#1282 = FILL_AREA_STYLE_COLOUR ( '', #255 ) ;
#1283 = COLOUR_RGB ( '',0.7921568627450980005, 0.8196078431372548767, 0.9333333333333333481 ) ;
#1284 = ORIENTED_EDGE ( 'NONE', *, *, #630, .F. ) ;
#1285 = DIRECTION ( 'NONE',  ( 0.0000000000000000000, 1.000000000000000000, 0.0000000000000000000 ) ) ;
#1286 = CARTESIAN_POINT ( 'NONE',  ( -0.1952049146062376506, 0.6773974981227542935, 0.6001363913439662356 ) ) ;
#1287 = LINE ( 'NONE', #710, #53 ) ;
#1288 = FILL_AREA_STYLE_COLOUR ( '', #1066 ) ;
#1289 = VERTEX_POINT ( 'NONE', #194 ) ;
#1290 = CARTESIAN_POINT ( 'NONE',  ( -0.1950685232622714482, 0.6800000000000000488, -0.6000000000000000888 ) ) ;
#1291 =( NAMED_UNIT ( * ) PLANE_ANGLE_UNIT ( ) SI_UNIT ( $, .RADIAN. ) );
#1292 = EDGE_CURVE ( 'NONE', #111, #558, #1714, .T. ) ;
#1293 = PRESENTATION_STYLE_ASSIGNMENT (( #1573 ) ) ;
#1294 =( NAMED_UNIT ( * ) SI_UNIT ( $, .STERADIAN. ) SOLID_ANGLE_UNIT ( ) );
#1295 = LINE ( 'NONE', #843, #642 ) ;
#1296 = COLOUR_RGB ( '',0.2862745098039215508, 0.6627450980392156632, 0.3294117647058823484 ) ;
#1297 = FACE_OUTER_BOUND ( 'NONE', #577, .T. ) ;
#1298 = PRESENTATION_LAYER_ASSIGNMENT (  '', '', ( #1118 ) ) ;
#1299 = EDGE_LOOP ( 'NONE', ( #1082, #1699, #1947, #547 ) ) ;
#1300 = UNCERTAINTY_MEASURE_WITH_UNIT (LENGTH_MEASURE( 1.000000000000000082E-05 ), #623, 'distance_accuracy_value', 'NONE');
#1301 = STYLED_ITEM ( 'NONE', ( #723 ), #1423 ) ;
#1302 = FACE_OUTER_BOUND ( 'NONE', #1783, .T. ) ;
#1303 = CARTESIAN_POINT ( 'NONE',  ( 0.2418585068620118517, 0.7399432599695127122, 0.5469270301242830090 ) ) ;
#1304 = COLOUR_RGB ( '',0.9372549019607843146, 0.9372549019607843146, 0.9372549019607843146 ) ;
#1305 = MECHANICAL_DESIGN_GEOMETRIC_PRESENTATION_REPRESENTATION (  '', ( #708 ), #1044 ) ;
#1306 = DIRECTION ( 'NONE',  ( -1.807003620809172906E-16, 0.0000000000000000000, -1.000000000000000000 ) ) ;
#1307 = FILL_AREA_STYLE ('',( #1754 ) ) ;
#1308 = VERTEX_POINT ( 'NONE', #812 ) ;
#1309 = PLANE ( 'NONE',  #1572 ) ;
#1310 = DIRECTION ( 'NONE',  ( -1.000000000000000000, 0.0000000000000000000, -0.0000000000000000000 ) ) ;
#1311 = ADVANCED_FACE ( 'NONE', ( #498 ), #1222, .F. ) ;
#1312 = FILL_AREA_STYLE ('',( #1195 ) ) ;
#1313 = FACE_OUTER_BOUND ( 'NONE', #273, .T. ) ;
#1314 = FILL_AREA_STYLE ('',( #585 ) ) ;
#1315 = ORIENTED_EDGE ( 'NONE', *, *, #1257, .F. ) ;
#1316 = FILL_AREA_STYLE_COLOUR ( '', #1819 ) ;
#1317 = DIRECTION ( 'NONE',  ( -4.336808689942021680E-15, 0.0000000000000000000, 1.000000000000000000 ) ) ;
#1318 = LINE ( 'NONE', #1494, #1601 ) ;
#1319 =( NAMED_UNIT ( * ) PLANE_ANGLE_UNIT ( ) SI_UNIT ( $, .RADIAN. ) );
#1320 =( LENGTH_UNIT ( ) NAMED_UNIT ( * ) SI_UNIT ( .MILLI., .METRE. ) );
#1321 = DIRECTION ( 'NONE',  ( -0.0000000000000000000, -1.000000000000000000, -0.0000000000000000000 ) ) ;
#1322 = DIRECTION ( 'NONE',  ( -1.000000000000000000, -0.0000000000000000000, -0.0000000000000000000 ) ) ;
#1323 = EDGE_CURVE ( 'NONE', #558, #1867, #1370, .T. ) ;
#1324 = VERTEX_POINT ( 'NONE', #1087 ) ;
#1325 =( LENGTH_UNIT ( ) NAMED_UNIT ( * ) SI_UNIT ( .MILLI., .METRE. ) );
#1326 =( NAMED_UNIT ( * ) PLANE_ANGLE_UNIT ( ) SI_UNIT ( $, .RADIAN. ) );
#1327 = MECHANICAL_DESIGN_GEOMETRIC_PRESENTATION_REPRESENTATION (  '', ( #1503 ), #1232 ) ;
#1328 = CARTESIAN_POINT ( 'NONE',  ( 0.3750000000000004996, 0.0000000000000000000, 0.8999999999999998002 ) ) ;
#1329 = STYLED_ITEM ( 'NONE', ( #1137 ), #370 ) ;
#1330 =( NAMED_UNIT ( * ) PLANE_ANGLE_UNIT ( ) SI_UNIT ( $, .RADIAN. ) );
#1331 = AXIS2_PLACEMENT_3D ( 'NONE', #1426, #1741, #998 ) ;
#1332 =( GEOMETRIC_REPRESENTATION_CONTEXT ( 3 ) GLOBAL_UNCERTAINTY_ASSIGNED_CONTEXT ( ( #193 ) ) GLOBAL_UNIT_ASSIGNED_CONTEXT ( ( #1751, #1049, #917 ) ) REPRESENTATION_CONTEXT ( 'NONE', 'WORKASPACE' ) );
#1333 = CARTESIAN_POINT ( 'NONE',  ( 0.3750000000000004996, 0.6800000000000000488, 0.8999999999999998002 ) ) ;
#1334 = MECHANICAL_DESIGN_GEOMETRIC_PRESENTATION_REPRESENTATION (  '', ( #78 ), #449 ) ;
#1335 = CIRCLE ( 'NONE', #1064, 0.04999999999999999584 ) ;
#1336 = CARTESIAN_POINT ( 'NONE',  ( -0.1729201154012267316, 1.100000000000000089, -0.5279201154012266306 ) ) ;
#1337 = STYLED_ITEM ( 'NONE', ( #49 ), #1524 ) ;
#1338 = MECHANICAL_DESIGN_GEOMETRIC_PRESENTATION_REPRESENTATION (  '', ( #1245 ), #1583 ) ;
#1339 = SURFACE_SIDE_STYLE ('',( #750 ) ) ;
#1340 = EDGE_CURVE ( 'NONE', #1832, #963, #282, .T. ) ;
#1341 = CARTESIAN_POINT ( 'NONE',  ( -0.3750000000000000555, 0.6800000000000000488, -0.8999999999999999112 ) ) ;
#1342 =( GEOMETRIC_REPRESENTATION_CONTEXT ( 3 ) GLOBAL_UNCERTAINTY_ASSIGNED_CONTEXT ( ( #1300 ) ) GLOBAL_UNIT_ASSIGNED_CONTEXT ( ( #623, #341, #1710 ) ) REPRESENTATION_CONTEXT ( 'NONE', 'WORKASPACE' ) );
#1343 =( LENGTH_UNIT ( ) NAMED_UNIT ( * ) SI_UNIT ( .MILLI., .METRE. ) );
#1344 = ADVANCED_FACE ( 'NONE', ( #1098 ), #1359, .F. ) ;
#1345 = PRESENTATION_STYLE_ASSIGNMENT (( #207 ) ) ;
#1346 = ORIENTED_EDGE ( 'NONE', *, *, #79, .T. ) ;
#1347 = CARTESIAN_POINT ( 'NONE',  ( -0.1729201154012267039, 1.100000000000000089, -0.5279201154012266306 ) ) ;
#1348 = CARTESIAN_POINT ( 'NONE',  ( 0.1729201154012264541, 1.102616797812147276, -0.5778515921389554277 ) ) ;
#1349 = EDGE_LOOP ( 'NONE', ( #235, #1351, #344, #979 ) ) ;
#1350 = SURFACE_STYLE_USAGE ( .BOTH. , #1492 ) ;
#1351 = ORIENTED_EDGE ( 'NONE', *, *, #1218, .F. ) ;
#1352 = SURFACE_SIDE_STYLE ('',( #786 ) ) ;
#1353 = EDGE_CURVE ( 'NONE', #637, #1177, #866, .T. ) ;
#1354 = UNCERTAINTY_MEASURE_WITH_UNIT (LENGTH_MEASURE( 1.000000000000000082E-05 ), #135, 'distance_accuracy_value', 'NONE');
#1355 = EDGE_LOOP ( 'NONE', ( #1486, #907, #51, #1870 ) ) ;
#1356 = LINE ( 'NONE', #187, #1890 ) ;
#1357 = DIRECTION ( 'NONE',  ( -1.000000000000000000, 0.0000000000000000000, 0.0000000000000000000 ) ) ;
#1358 = FILL_AREA_STYLE ('',( #1095 ) ) ;
#1359 = PLANE ( 'NONE',  #354 ) ;
#1360 =( NAMED_UNIT ( * ) SI_UNIT ( $, .STERADIAN. ) SOLID_ANGLE_UNIT ( ) );
#1361 = DIRECTION ( 'NONE',  ( 0.0000000000000000000, 1.000000000000000000, -0.0000000000000000000 ) ) ;
#1362 = ADVANCED_FACE ( 'NONE', ( #1605 ), #381, .T. ) ;
#1363 = AXIS2_PLACEMENT_3D ( 'NONE', #1383, #791, #13 ) ;
#1364 =( GEOMETRIC_REPRESENTATION_CONTEXT ( 3 ) GLOBAL_UNCERTAINTY_ASSIGNED_CONTEXT ( ( #1421 ) ) GLOBAL_UNIT_ASSIGNED_CONTEXT ( ( #407, #1116, #264 ) ) REPRESENTATION_CONTEXT ( 'NONE', 'WORKASPACE' ) );
#1365 = COLOUR_RGB ( '',0.9372549019607843146, 0.9372549019607843146, 0.9372549019607843146 ) ;
#1366 = FACE_OUTER_BOUND ( 'NONE', #98, .T. ) ;
#1367 = SURFACE_STYLE_USAGE ( .BOTH. , #1520 ) ;
#1368 = COLOUR_RGB ( '',0.9372549019607843146, 0.9372549019607843146, 0.9372549019607843146 ) ;
#1369 = CARTESIAN_POINT ( 'NONE',  ( -0.1249999999999999722, 0.8299999999999999600, 0.0000000000000000000 ) ) ;
#1370 = LINE ( 'NONE', #1560, #883 ) ;
#1371 = FILL_AREA_STYLE ('',( #804 ) ) ;
#1372 = STYLED_ITEM ( 'NONE', ( #1701 ), #1698 ) ;
#1373 = SURFACE_STYLE_USAGE ( .BOTH. , #1881 ) ;
#1374 = AXIS2_PLACEMENT_3D ( 'NONE', #662, #496, #1400 ) ;
#1375 = CARTESIAN_POINT ( 'NONE',  ( -0.2450961894323343271, 0.6800000000000000488, -0.8250000000000000666 ) ) ;
#1376 = ORIENTED_EDGE ( 'NONE', *, *, #1930, .F. ) ;
#1377 = DIRECTION ( 'NONE',  ( -1.000000000000000000, 0.0000000000000000000, 2.211789124499688147E-16 ) ) ;
#1378 = SURFACE_STYLE_USAGE ( .BOTH. , #1679 ) ;
#1379 = PRESENTATION_STYLE_ASSIGNMENT (( #1367 ) ) ;
#1380 = ADVANCED_FACE ( 'NONE', ( #1117 ), #253, .T. ) ;
#1381 = VERTEX_POINT ( 'NONE', #121 ) ;
#1382 = FILL_AREA_STYLE_COLOUR ( '', #799 ) ;
#1383 = CARTESIAN_POINT ( 'NONE',  ( 0.1729201154012264541, 1.100000000000000089, -0.5279201154012266306 ) ) ;
#1384 = SURFACE_STYLE_FILL_AREA ( #1371 ) ;
#1385 = SURFACE_STYLE_USAGE ( .BOTH. , #671 ) ;
#1386 = CARTESIAN_POINT ( 'NONE',  ( -0.2243342728851613899, 0.6800000000000000488, -0.6000000000000000888 ) ) ;
#1387 = VERTEX_POINT ( 'NONE', #445 ) ;
#1388 = PRESENTATION_STYLE_ASSIGNMENT (( #1079 ) ) ;
#1389 =( NAMED_UNIT ( * ) PLANE_ANGLE_UNIT ( ) SI_UNIT ( $, .RADIAN. ) );
#1390 =( LENGTH_UNIT ( ) NAMED_UNIT ( * ) SI_UNIT ( .MILLI., .METRE. ) );
#1391 =( LENGTH_UNIT ( ) NAMED_UNIT ( * ) SI_UNIT ( .MILLI., .METRE. ) );
#1392 = LINE ( 'NONE', #801, #349 ) ;
#1393 =( LENGTH_UNIT ( ) NAMED_UNIT ( * ) SI_UNIT ( .MILLI., .METRE. ) );
#1394 = EDGE_CURVE ( 'NONE', #1752, #484, #104, .T. ) ;
#1395 = UNCERTAINTY_MEASURE_WITH_UNIT (LENGTH_MEASURE( 1.000000000000000082E-05 ), #1403, 'distance_accuracy_value', 'NONE');
#1396 =( GEOMETRIC_REPRESENTATION_CONTEXT ( 3 ) GLOBAL_UNCERTAINTY_ASSIGNED_CONTEXT ( ( #1170 ) ) GLOBAL_UNIT_ASSIGNED_CONTEXT ( ( #1004, #1607, #458 ) ) REPRESENTATION_CONTEXT ( 'NONE', 'WORKASPACE' ) );
#1397 = ORIENTED_EDGE ( 'NONE', *, *, #832, .T. ) ;
#1398 =( GEOMETRIC_REPRESENTATION_CONTEXT ( 3 ) GLOBAL_UNCERTAINTY_ASSIGNED_CONTEXT ( ( #1221 ) ) GLOBAL_UNIT_ASSIGNED_CONTEXT ( ( #1131, #865, #1416 ) ) REPRESENTATION_CONTEXT ( 'NONE', 'WORKASPACE' ) );
#1399 =( LENGTH_UNIT ( ) NAMED_UNIT ( * ) SI_UNIT ( .MILLI., .METRE. ) );
#1400 = DIRECTION ( 'NONE',  ( -1.000000000000000000, 0.0000000000000000000, 1.807003620809172906E-16 ) ) ;
#1401 = VECTOR ( 'NONE', #200, 1000.000000000000000 ) ;
#1402 = MECHANICAL_DESIGN_GEOMETRIC_PRESENTATION_REPRESENTATION (  '', ( #1859 ), #976 ) ;
#1403 =( LENGTH_UNIT ( ) NAMED_UNIT ( * ) SI_UNIT ( .MILLI., .METRE. ) );
#1404 = DIRECTION ( 'NONE',  ( 0.0000000000000000000, 1.000000000000000000, -0.0000000000000000000 ) ) ;
#1405 = PRESENTATION_LAYER_ASSIGNMENT (  '', '', ( #1446 ) ) ;
#1406 = FACE_OUTER_BOUND ( 'NONE', #1415, .T. ) ;
#1407 = PRESENTATION_LAYER_ASSIGNMENT (  '', '', ( #450 ) ) ;
#1408 = LINE ( 'NONE', #532, #1549 ) ;
#1409 = AXIS2_PLACEMENT_3D ( 'NONE', #868, #410, #395 ) ;
#1410 = DIRECTION ( 'NONE',  ( -1.355252715606880543E-16, -0.0000000000000000000, -1.000000000000000000 ) ) ;
#1411 = CIRCLE ( 'NONE', #1483, 0.04999999999999991257 ) ;
#1412 = ORIENTED_EDGE ( 'NONE', *, *, #247, .T. ) ;
#1413 = CARTESIAN_POINT ( 'NONE',  ( 0.2449999999999998845, 0.6800000000000000488, -0.6000000000000000888 ) ) ;
#1414 = LINE ( 'NONE', #378, #1125 ) ;
#1415 = EDGE_LOOP ( 'NONE', ( #30, #1474, #298, #1501 ) ) ;
#1416 =( NAMED_UNIT ( * ) SI_UNIT ( $, .STERADIAN. ) SOLID_ANGLE_UNIT ( ) );
#1417 = SURFACE_STYLE_FILL_AREA ( #1430 ) ;
#1418 = CYLINDRICAL_SURFACE ( 'NONE', #348, 0.04999999999999999584 ) ;
#1419 = SURFACE_STYLE_FILL_AREA ( #725 ) ;
#1420 = CARTESIAN_POINT ( 'NONE',  ( -0.1729201154012265651, 1.100000000000000089, 0.5279201154012264086 ) ) ;
#1421 = UNCERTAINTY_MEASURE_WITH_UNIT (LENGTH_MEASURE( 1.000000000000000082E-05 ), #407, 'distance_accuracy_value', 'NONE');
#1422 = UNCERTAINTY_MEASURE_WITH_UNIT (LENGTH_MEASURE( 1.000000000000000082E-05 ), #1912, 'distance_accuracy_value', 'NONE');
#1423 = ADVANCED_FACE ( 'NONE', ( #144 ), #299, .F. ) ;
#1424 = ORIENTED_EDGE ( 'NONE', *, *, #1088, .F. ) ;
#1425 = FILL_AREA_STYLE_COLOUR ( '', #1858 ) ;
#1426 = CARTESIAN_POINT ( 'NONE',  ( -0.1729201154012267316, 1.100000000000000089, -0.5279201154012266306 ) ) ;
#1427 = PLANE ( 'NONE',  #736 ) ;
#1428 = ORIENTED_EDGE ( 'NONE', *, *, #819, .T. ) ;
#1429 = SURFACE_STYLE_USAGE ( .BOTH. , #236 ) ;
#1430 = FILL_AREA_STYLE ('',( #856 ) ) ;
#1431 = SURFACE_STYLE_USAGE ( .BOTH. , #1897 ) ;
#1432 = SURFACE_SIDE_STYLE ('',( #1419 ) ) ;
#1433 = ADVANCED_FACE ( 'NONE', ( #1313 ), #340, .F. ) ;
#1434 = LINE ( 'NONE', #686, #477 ) ;
#1435 =( NAMED_UNIT ( * ) PLANE_ANGLE_UNIT ( ) SI_UNIT ( $, .RADIAN. ) );
#1436 = PRESENTATION_LAYER_ASSIGNMENT (  '', '', ( #1503 ) ) ;
#1437 = VECTOR ( 'NONE', #88, 1000.000000000000000 ) ;
#1438 = EDGE_LOOP ( 'NONE', ( #1412, #1182, #166, #647 ) ) ;
#1439 = SURFACE_STYLE_FILL_AREA ( #243 ) ;
#1440 = VECTOR ( 'NONE', #461, 1000.000000000000000 ) ;
#1441 = AXIS2_PLACEMENT_3D ( 'NONE', #1413, #60, #1144 ) ;
#1442 = CIRCLE ( 'NONE', #604, 0.04999999999999999584 ) ;
#1443 = SURFACE_STYLE_USAGE ( .BOTH. , #1432 ) ;
#1444 = UNCERTAINTY_MEASURE_WITH_UNIT (LENGTH_MEASURE( 1.000000000000000082E-05 ), #56, 'distance_accuracy_value', 'NONE');
#1445 = PRESENTATION_LAYER_ASSIGNMENT (  '', '', ( #977 ) ) ;
#1446 = STYLED_ITEM ( 'NONE', ( #1828 ), #932 ) ;
#1447 = MECHANICAL_DESIGN_GEOMETRIC_PRESENTATION_REPRESENTATION (  '', ( #84 ), #837 ) ;
#1448 = CARTESIAN_POINT ( 'NONE',  ( 0.2203683437369706177, 1.149999999999999911, 0.5279201154012264086 ) ) ;
#1449 = UNCERTAINTY_MEASURE_WITH_UNIT (LENGTH_MEASURE( 1.000000000000000082E-05 ), #1393, 'distance_accuracy_value', 'NONE');
#1450 =( GEOMETRIC_REPRESENTATION_CONTEXT ( 3 ) GLOBAL_UNCERTAINTY_ASSIGNED_CONTEXT ( ( #1141 ) ) GLOBAL_UNIT_ASSIGNED_CONTEXT ( ( #180, #1562, #651 ) ) REPRESENTATION_CONTEXT ( 'NONE', 'WORKASPACE' ) );
#1451 = FILL_AREA_STYLE ('',( #1288 ) ) ;
#1452 = DIRECTION ( 'NONE',  ( 0.0000000000000000000, 0.0000000000000000000, 1.000000000000000000 ) ) ;
#1453 = VECTOR ( 'NONE', #893, 1000.000000000000000 ) ;
#1454 = PRODUCT_DEFINITION_FORMATION_WITH_SPECIFIED_SOURCE ( 'ANY', '', #954, .NOT_KNOWN. ) ;
#1455 = DIRECTION ( 'NONE',  ( -1.000000000000000000, 0.0000000000000000000, 0.0000000000000000000 ) ) ;
#1456 = SURFACE_STYLE_FILL_AREA ( #715 ) ;
#1457 = ADVANCED_FACE ( 'NONE', ( #622 ), #1068, .T. ) ;
#1458 = SURFACE_STYLE_FILL_AREA ( #1765 ) ;
#1459 = FACE_OUTER_BOUND ( 'NONE', #1504, .T. ) ;
#1460 = LINE ( 'NONE', #99, #1174 ) ;
#1461 = FACE_OUTER_BOUND ( 'NONE', #502, .T. ) ;
#1462 = CARTESIAN_POINT ( 'NONE',  ( 0.2243342728851611123, 0.6800000000000000488, -0.6000000000000001998 ) ) ;
#1463 = EDGE_LOOP ( 'NONE', ( #881, #593, #1639, #1676 ) ) ;
#1464 = DIRECTION ( 'NONE',  ( 0.0000000000000000000, 0.0000000000000000000, 1.000000000000000000 ) ) ;
#1465 = EDGE_LOOP ( 'NONE', ( #910, #1903, #959, #1668 ) ) ;
#1466 = FACE_OUTER_BOUND ( 'NONE', #1795, .T. ) ;
#1467 =( NAMED_UNIT ( * ) PLANE_ANGLE_UNIT ( ) SI_UNIT ( $, .RADIAN. ) );
#1468 = CARTESIAN_POINT ( 'NONE',  ( 0.1729201154012265096, 1.100000000000000089, -0.5279201154012266306 ) ) ;
#1469 = EDGE_LOOP ( 'NONE', ( #1166, #1168, #475, #1155 ) ) ;
#1470 =( LENGTH_UNIT ( ) NAMED_UNIT ( * ) SI_UNIT ( .MILLI., .METRE. ) );
#1471 = VECTOR ( 'NONE', #1532, 1000.000000000000000 ) ;
#1472 = MECHANICAL_DESIGN_GEOMETRIC_PRESENTATION_REPRESENTATION (  '', ( #1759 ), #1364 ) ;
#1473 = SURFACE_STYLE_USAGE ( .BOTH. , #160 ) ;
#1474 = ORIENTED_EDGE ( 'NONE', *, *, #6, .F. ) ;
#1475 = FACE_OUTER_BOUND ( 'NONE', #1161, .T. ) ;
#1476 = EDGE_CURVE ( 'NONE', #427, #1812, #633, .T. ) ;
#1477 = MECHANICAL_DESIGN_GEOMETRIC_PRESENTATION_REPRESENTATION (  '', ( #729 ), #1609 ) ;
#1478 = FILL_AREA_STYLE ('',( #1954 ) ) ;
#1479 =( NAMED_UNIT ( * ) SI_UNIT ( $, .STERADIAN. ) SOLID_ANGLE_UNIT ( ) );
#1480 = MECHANICAL_DESIGN_GEOMETRIC_PRESENTATION_REPRESENTATION (  '', ( #977 ), #706 ) ;
#1481 = STYLED_ITEM ( 'NONE', ( #459 ), #1681 ) ;
#1482 = DIRECTION ( 'NONE',  ( -1.000000000000000000, 0.0000000000000000000, 3.941174811336987224E-16 ) ) ;
#1483 = AXIS2_PLACEMENT_3D ( 'NONE', #562, #254, #1913 ) ;
#1484 = ORIENTED_EDGE ( 'NONE', *, *, #1581, .F. ) ;
#1485 = SURFACE_STYLE_FILL_AREA ( #595 ) ;
#1486 = ORIENTED_EDGE ( 'NONE', *, *, #592, .F. ) ;
#1487 = DIRECTION ( 'NONE',  ( 0.0000000000000000000, 1.000000000000000000, 0.0000000000000000000 ) ) ;
#1488 = DIRECTION ( 'NONE',  ( -1.000000000000000000, 0.0000000000000000000, 0.0000000000000000000 ) ) ;
#1489 = EDGE_CURVE ( 'NONE', #734, #1667, #1080, .T. ) ;
#1490 = SURFACE_SIDE_STYLE ('',( #904 ) ) ;
#1491 = ORIENTED_EDGE ( 'NONE', *, *, #1780, .F. ) ;
#1492 = SURFACE_SIDE_STYLE ('',( #759 ) ) ;
#1493 = PLANE ( 'NONE',  #676 ) ;
#1494 = CARTESIAN_POINT ( 'NONE',  ( 0.2450961894323347712, 0.6800000000000000488, 0.8249999999999998446 ) ) ;
#1495 = CARTESIAN_POINT ( 'NONE',  ( 0.2450961894323347712, 0.0000000000000000000, 0.8249999999999998446 ) ) ;
#1496 = PRESENTATION_STYLE_ASSIGNMENT (( #1186 ) ) ;
#1497 = EDGE_CURVE ( 'NONE', #32, #1867, #1528, .T. ) ;
#1498 = ORIENTED_EDGE ( 'NONE', *, *, #1554, .T. ) ;
#1499 = DIRECTION ( 'NONE',  ( -0.0000000000000000000, -1.000000000000000000, -0.0000000000000000000 ) ) ;
#1500 = LINE ( 'NONE', #781, #364 ) ;
#1501 = ORIENTED_EDGE ( 'NONE', *, *, #774, .T. ) ;
#1502 =( NAMED_UNIT ( * ) SI_UNIT ( $, .STERADIAN. ) SOLID_ANGLE_UNIT ( ) );
#1503 = STYLED_ITEM ( 'NONE', ( #933 ), #204 ) ;
#1504 = EDGE_LOOP ( 'NONE', ( #1204, #11, #1632, #1586, #968, #406 ) ) ;
#1505 = VECTOR ( 'NONE', #964, 1000.000000000000000 ) ;
#1506 = CARTESIAN_POINT ( 'NONE',  ( 0.0000000000000000000, 0.6800000000000000488, 0.0000000000000000000 ) ) ;
#1507 = AXIS2_PLACEMENT_3D ( 'NONE', #1643, #151, #1785 ) ;
#1508 = CARTESIAN_POINT ( 'NONE',  ( 0.2999999999999998779, 0.0000000000000000000, -0.7700961894323343770 ) ) ;
#1509 = MECHANICAL_DESIGN_GEOMETRIC_PRESENTATION_REPRESENTATION (  '', ( #1546 ), #110 ) ;
#1510 = LINE ( 'NONE', #300, #1898 ) ;
#1511 = PRESENTATION_LAYER_ASSIGNMENT (  '', '', ( #1481 ) ) ;
#1512 = DIRECTION ( 'NONE',  ( -0.0000000000000000000, -1.000000000000000000, -0.0000000000000000000 ) ) ;
#1513 = ADVANCED_FACE ( 'NONE', ( #1366 ), #25, .F. ) ;
#1514 = MECHANICAL_DESIGN_GEOMETRIC_PRESENTATION_REPRESENTATION (  '', ( #421 ), #1128 ) ;
#1515 = CARTESIAN_POINT ( 'NONE',  ( 0.2449999999999998845, 0.6800000000000000488, -0.5500685232622712917 ) ) ;
#1516 = ORIENTED_EDGE ( 'NONE', *, *, #1866, .T. ) ;
#1517 = FILL_AREA_STYLE ('',( #327 ) ) ;
#1518 = VERTEX_POINT ( 'NONE', #372 ) ;
#1519 = CARTESIAN_POINT ( 'NONE',  ( -0.1729201154012267039, 1.149999999999999911, -0.5279201154012266306 ) ) ;
#1520 = SURFACE_SIDE_STYLE ('',( #646 ) ) ;
#1521 = VERTEX_POINT ( 'NONE', #1266 ) ;
#1522 = SURFACE_STYLE_FILL_AREA ( #1695 ) ;
#1523 = CARTESIAN_POINT ( 'NONE',  ( 0.0000000000000000000, 0.6800000000000000488, 0.0000000000000000000 ) ) ;
#1524 = ADVANCED_FACE ( 'NONE', ( #241 ), #1427, .T. ) ;
#1525 = FILL_AREA_STYLE ('',( #937 ) ) ;
#1526 = ORIENTED_EDGE ( 'NONE', *, *, #1613, .F. ) ;
#1527 = CARTESIAN_POINT ( 'NONE',  ( -0.2449999999999999400, 0.6800000000000000488, 0.5500685232622710696 ) ) ;
#1528 = LINE ( 'NONE', #172, #608 ) ;
#1529 = DIRECTION ( 'NONE',  ( -0.0000000000000000000, -0.0000000000000000000, 1.000000000000000000 ) ) ;
#1530 = ORIENTED_EDGE ( 'NONE', *, *, #1581, .T. ) ;
#1531 = SURFACE_STYLE_FILL_AREA ( #648 ) ;
#1532 = DIRECTION ( 'NONE',  ( 1.000000000000000000, 0.0000000000000000000, -1.807003620809172660E-16 ) ) ;
#1533 = DIRECTION ( 'NONE',  ( 0.0000000000000000000, 0.0000000000000000000, 1.000000000000000000 ) ) ;
#1534 = CLOSED_SHELL ( 'NONE', ( #1593, #572, #1433, #239, #1567, #1513, #1541, #1638 ) ) ;
#1535 = DIRECTION ( 'NONE',  ( 0.0000000000000000000, 0.0000000000000000000, 1.000000000000000000 ) ) ;
#1536 = PRESENTATION_LAYER_ASSIGNMENT (  '', '', ( #916 ) ) ;
#1537 = DIRECTION ( 'NONE',  ( -1.000000000000000000, -0.0000000000000000000, -0.0000000000000000000 ) ) ;
#1538 = COLOUR_RGB ( '',0.9372549019607843146, 0.9372549019607843146, 0.9372549019607843146 ) ;
#1539 = CARTESIAN_POINT ( 'NONE',  ( -0.2450000000000001066, 0.6800000000000000488, -0.5793342728851613721 ) ) ;
#1540 = VECTOR ( 'NONE', #600, 1000.000000000000000 ) ;
#1541 = ADVANCED_FACE ( 'NONE', ( #1945 ), #629, .T. ) ;
#1542 = ORIENTED_EDGE ( 'NONE', *, *, #1231, .T. ) ;
#1543 = DIRECTION ( 'NONE',  ( -1.000000000000000000, 0.0000000000000000000, -0.0000000000000000000 ) ) ;
#1544 =( LENGTH_UNIT ( ) NAMED_UNIT ( * ) SI_UNIT ( .MILLI., .METRE. ) );
#1545 = CARTESIAN_POINT ( 'NONE',  ( -0.1729201154012266761, 1.100000000000000089, -0.5279201154012266306 ) ) ;
#1546 = STYLED_ITEM ( 'NONE', ( #1345 ), #845 ) ;
#1547 = PLANE ( 'NONE',  #283 ) ;
#1548 = CARTESIAN_POINT ( 'NONE',  ( 0.1249999999999999722, 0.8299999999999999600, 0.0000000000000000000 ) ) ;
#1549 = VECTOR ( 'NONE', #217, 1000.000000000000000 ) ;
#1550 =( NAMED_UNIT ( * ) SI_UNIT ( $, .STERADIAN. ) SOLID_ANGLE_UNIT ( ) );
#1551 = FILL_AREA_STYLE_COLOUR ( '', #806 ) ;
#1552 = MANIFOLD_SOLID_BREP ( 'Boss-Extrude3[2]', #1534 ) ;
#1553 = EDGE_LOOP ( 'NONE', ( #771, #1683, #1617 ) ) ;
#1554 = EDGE_CURVE ( 'NONE', #586, #1792, #1873, .T. ) ;
#1555 = CARTESIAN_POINT ( 'NONE',  ( 0.3000000000000007661, 0.0000000000000000000, -3.547057330203300680E-16 ) ) ;
#1556 = DIRECTION ( 'NONE',  ( -2.190307419162635350E-16, 0.0000000000000000000, -1.000000000000000000 ) ) ;
#1557 = PRESENTATION_STYLE_ASSIGNMENT (( #1378 ) ) ;
#1558 = CYLINDRICAL_SURFACE ( 'NONE', #582, 0.04999999999999998890 ) ;
#1559 = PRESENTATION_STYLE_ASSIGNMENT (( #1713 ) ) ;
#1560 = CARTESIAN_POINT ( 'NONE',  ( 0.3000000000000004330, 0.0000000000000000000, 0.4949999999999997735 ) ) ;
#1561 = SURFACE_STYLE_FILL_AREA ( #41 ) ;
#1562 =( NAMED_UNIT ( * ) PLANE_ANGLE_UNIT ( ) SI_UNIT ( $, .RADIAN. ) );
#1563 = ORIENTED_EDGE ( 'NONE', *, *, #1394, .T. ) ;
#1564 = CARTESIAN_POINT ( 'NONE',  ( -1.824726027712242925E-16, 0.0000000000000000000, -0.8250000000000000666 ) ) ;
#1565 =( NAMED_UNIT ( * ) PLANE_ANGLE_UNIT ( ) SI_UNIT ( $, .RADIAN. ) );
#1566 = DIRECTION ( 'NONE',  ( 0.9986295347545739443, -0.05233595624294348769, 0.0000000000000000000 ) ) ;
#1567 = ADVANCED_FACE ( 'NONE', ( #1670 ), #683, .T. ) ;
#1568 = ORIENTED_EDGE ( 'NONE', *, *, #383, .F. ) ;
#1569 = FILL_AREA_STYLE_COLOUR ( '', #178 ) ;
#1570 = DIRECTION ( 'NONE',  ( 1.000000000000000000, 0.0000000000000000000, -1.182352443401097005E-15 ) ) ;
#1571 = VERTEX_POINT ( 'NONE', #501 ) ;
#1572 = AXIS2_PLACEMENT_3D ( 'NONE', #890, #920, #780 ) ;
#1573 = SURFACE_STYLE_USAGE ( .BOTH. , #564 ) ;
#1574 = UNCERTAINTY_MEASURE_WITH_UNIT (LENGTH_MEASURE( 1.000000000000000082E-05 ), #54, 'distance_accuracy_value', 'NONE');
#1575 = MECHANICAL_DESIGN_GEOMETRIC_PRESENTATION_REPRESENTATION (  '', ( #1121 ), #670 ) ;
#1576 = ORIENTED_EDGE ( 'NONE', *, *, #451, .F. ) ;
#1577 = PRESENTATION_STYLE_ASSIGNMENT (( #1220 ) ) ;
#1578 = SURFACE_STYLE_USAGE ( .BOTH. , #402 ) ;
#1579 = CARTESIAN_POINT ( 'NONE',  ( 0.2450000000000000511, 0.6800000000000000488, 0.5500685232622708476 ) ) ;
#1580 = VECTOR ( 'NONE', #1280, 1000.000000000000227 ) ;
#1581 = EDGE_CURVE ( 'NONE', #737, #212, #1408, .T. ) ;
#1582 = COLOUR_RGB ( '',1.000000000000000000, 0.8117647058823529438, 0.5019607843137254832 ) ;
#1583 =( GEOMETRIC_REPRESENTATION_CONTEXT ( 3 ) GLOBAL_UNCERTAINTY_ASSIGNED_CONTEXT ( ( #1842 ) ) GLOBAL_UNIT_ASSIGNED_CONTEXT ( ( #580, #1276, #1134 ) ) REPRESENTATION_CONTEXT ( 'NONE', 'WORKASPACE' ) );
#1584 = LINE ( 'NONE', #1448, #1735 ) ;
#1585 = COLOUR_RGB ( '',1.000000000000000000, 0.8117647058823529438, 0.5019607843137254832 ) ;
#1586 = ORIENTED_EDGE ( 'NONE', *, *, #1841, .T. ) ;
#1587 =( NAMED_UNIT ( * ) SI_UNIT ( $, .STERADIAN. ) SOLID_ANGLE_UNIT ( ) );
#1588 = LINE ( 'NONE', #721, #735 ) ;
#1589 =( NAMED_UNIT ( * ) SI_UNIT ( $, .STERADIAN. ) SOLID_ANGLE_UNIT ( ) );
#1590 = ORIENTED_EDGE ( 'NONE', *, *, #1192, .F. ) ;
#1591 = DIRECTION ( 'NONE',  ( -1.000000000000000000, 0.0000000000000000000, 1.355252715606880296E-16 ) ) ;
#1592 = FACE_OUTER_BOUND ( 'NONE', #1727, .T. ) ;
#1593 = ADVANCED_FACE ( 'NONE', ( #833 ), #1730, .F. ) ;
#1594 = LINE ( 'NONE', #58, #770 ) ;
#1595 = UNCERTAINTY_MEASURE_WITH_UNIT (LENGTH_MEASURE( 1.000000000000000082E-05 ), #1949, 'distance_accuracy_value', 'NONE');
#1596 = PRESENTATION_STYLE_ASSIGNMENT (( #1264 ) ) ;
#1597 =( NAMED_UNIT ( * ) SI_UNIT ( $, .STERADIAN. ) SOLID_ANGLE_UNIT ( ) );
#1598 = DIRECTION ( 'NONE',  ( 1.000000000000000000, -0.0000000000000000000, 7.882349622673977406E-16 ) ) ;
#1599 = UNCERTAINTY_MEASURE_WITH_UNIT (LENGTH_MEASURE( 1.000000000000000082E-05 ), #73, 'distance_accuracy_value', 'NONE');
#1600 = SURFACE_SIDE_STYLE ('',( #1748 ) ) ;
#1601 = VECTOR ( 'NONE', #628, 1000.000000000000000 ) ;
#1602 = EDGE_CURVE ( 'NONE', #1031, #290, #986, .T. ) ;
#1603 = CARTESIAN_POINT ( 'NONE',  ( 0.1729201154012265651, 1.100000000000000089, -2.343504559805674542E-17 ) ) ;
#1604 = MECHANICAL_DESIGN_GEOMETRIC_PRESENTATION_REPRESENTATION (  '', ( #916 ), #101 ) ;
#1605 = FACE_OUTER_BOUND ( 'NONE', #242, .T. ) ;
#1606 = COLOUR_RGB ( '',0.9372549019607843146, 0.9372549019607843146, 0.9372549019607843146 ) ;
#1607 =( NAMED_UNIT ( * ) PLANE_ANGLE_UNIT ( ) SI_UNIT ( $, .RADIAN. ) );
#1608 = VECTOR ( 'NONE', #1410, 1000.000000000000000 ) ;
#1609 =( GEOMETRIC_REPRESENTATION_CONTEXT ( 3 ) GLOBAL_UNCERTAINTY_ASSIGNED_CONTEXT ( ( #1936 ) ) GLOBAL_UNIT_ASSIGNED_CONTEXT ( ( #632, #1655, #164 ) ) REPRESENTATION_CONTEXT ( 'NONE', 'WORKASPACE' ) );
#1610 = AXIS2_PLACEMENT_3D ( 'NONE', #1341, #1199, #1317 ) ;
#1611 = CARTESIAN_POINT ( 'NONE',  ( 0.3000000000000004330, 0.0000000000000000000, 0.4949999999999997735 ) ) ;
#1612 = STYLED_ITEM ( 'NONE', ( #1023 ), #1825 ) ;
#1613 = EDGE_CURVE ( 'NONE', #205, #653, #579, .T. ) ;
#1614 = PRESENTATION_LAYER_ASSIGNMENT (  '', '', ( #117 ) ) ;
#1615 = SURFACE_STYLE_USAGE ( .BOTH. , #690 ) ;
#1616 = FILL_AREA_STYLE_COLOUR ( '', #1682 ) ;
#1617 = ORIENTED_EDGE ( 'NONE', *, *, #314, .F. ) ;
#1618 =( NAMED_UNIT ( * ) SI_UNIT ( $, .STERADIAN. ) SOLID_ANGLE_UNIT ( ) );
#1619 = CARTESIAN_POINT ( 'NONE',  ( 0.2449999999999998845, 0.6800000000000000488, -0.5500685232622712917 ) ) ;
#1620 = ORIENTED_EDGE ( 'NONE', *, *, #946, .F. ) ;
#1621 = ADVANCED_FACE ( 'NONE', ( #569 ), #1747, .T. ) ;
#1622 = CARTESIAN_POINT ( 'NONE',  ( -0.2450961894323345491, 0.6800000000000000488, 0.8249999999999998446 ) ) ;
#1623 = ORIENTED_EDGE ( 'NONE', *, *, #657, .F. ) ;
#1624 = DIRECTION ( 'NONE',  ( -0.05226442768871396305, -0.9972646886342372285, 0.05226442768871396305 ) ) ;
#1625 = EDGE_CURVE ( 'NONE', #417, #1039, #1287, .T. ) ;
#1626 = VERTEX_POINT ( 'NONE', #1006 ) ;
#1627 = CARTESIAN_POINT ( 'NONE',  ( 0.1729201154012264818, 1.149999999999999911, -0.5753683437369704334 ) ) ;
#1628 = UNCERTAINTY_MEASURE_WITH_UNIT (LENGTH_MEASURE( 1.000000000000000082E-05 ), #825, 'distance_accuracy_value', 'NONE');
#1629 = CYLINDRICAL_SURFACE ( 'NONE', #45, 0.1499999999999998557 ) ;
#1630 = PLANE ( 'NONE',  #1857 ) ;
#1631 = UNCERTAINTY_MEASURE_WITH_UNIT (LENGTH_MEASURE( 1.000000000000000082E-05 ), #522, 'distance_accuracy_value', 'NONE');
#1632 = ORIENTED_EDGE ( 'NONE', *, *, #434, .T. ) ;
#1633 = SURFACE_STYLE_FILL_AREA ( #131 ) ;
#1634 = LINE ( 'NONE', #617, #1130 ) ;
#1635 = COLOUR_RGB ( '',1.000000000000000000, 0.8117647058823529438, 0.5019607843137254832 ) ;
#1636 = STYLED_ITEM ( 'NONE', ( #1175 ), #1048 ) ;
#1637 = PLANE ( 'NONE',  #85 ) ;
#1638 = ADVANCED_FACE ( 'NONE', ( #1459 ), #1905, .F. ) ;
#1639 = ORIENTED_EDGE ( 'NONE', *, *, #854, .F. ) ;
#1640 = FILL_AREA_STYLE ('',( #1651 ) ) ;
#1641 = DIRECTION ( 'NONE',  ( 0.0000000000000000000, 1.000000000000000000, -0.0000000000000000000 ) ) ;
#1642 = VECTOR ( 'NONE', #1537, 1000.000000000000000 ) ;
#1643 = CARTESIAN_POINT ( 'NONE',  ( -0.3750000000000000555, 0.6800000000000000488, -0.8999999999999999112 ) ) ;
#1644 = LINE ( 'NONE', #1955, #16 ) ;
#1645 = PRESENTATION_LAYER_ASSIGNMENT (  '', '', ( #1372 ) ) ;
#1646 = VERTEX_POINT ( 'NONE', #1515 ) ;
#1647 = PRESENTATION_LAYER_ASSIGNMENT (  '', '', ( #1612 ) ) ;
#1648 = FILL_AREA_STYLE ('',( #1043 ) ) ;
#1649 = VERTEX_POINT ( 'NONE', #1782 ) ;
#1650 =( LENGTH_UNIT ( ) NAMED_UNIT ( * ) SI_UNIT ( .MILLI., .METRE. ) );
#1651 = FILL_AREA_STYLE_COLOUR ( '', #1797 ) ;
#1652 = EDGE_CURVE ( 'NONE', #660, #737, #1770, .T. ) ;
#1653 =( NAMED_UNIT ( * ) PLANE_ANGLE_UNIT ( ) SI_UNIT ( $, .RADIAN. ) );
#1654 = UNCERTAINTY_MEASURE_WITH_UNIT (LENGTH_MEASURE( 1.000000000000000082E-05 ), #1880, 'distance_accuracy_value', 'NONE');
#1655 =( NAMED_UNIT ( * ) PLANE_ANGLE_UNIT ( ) SI_UNIT ( $, .RADIAN. ) );
#1656 = VERTEX_POINT ( 'NONE', #1060 ) ;
#1657 = CARTESIAN_POINT ( 'NONE',  ( -0.3000000000000000999, 0.0000000000000000000, -0.7700961894323342660 ) ) ;
#1658 =( LENGTH_UNIT ( ) NAMED_UNIT ( * ) SI_UNIT ( .MILLI., .METRE. ) );
#1659 = ORIENTED_EDGE ( 'NONE', *, *, #1756, .T. ) ;
#1660 = UNCERTAINTY_MEASURE_WITH_UNIT (LENGTH_MEASURE( 1.000000000000000082E-05 ), #165, 'distance_accuracy_value', 'NONE');
#1661 = CARTESIAN_POINT ( 'NONE',  ( 0.2203683437369704512, 1.102616797812147276, -0.5778515921389554277 ) ) ;
#1662 = ORIENTED_EDGE ( 'NONE', *, *, #1908, .T. ) ;
#1663 = ADVANCED_FACE ( 'NONE', ( #435 ), #1637, .T. ) ;
#1664 = CARTESIAN_POINT ( 'NONE',  ( -0.3000000000000000999, 0.6800000000000000488, 0.0000000000000000000 ) ) ;
#1665 = FACE_OUTER_BOUND ( 'NONE', #232, .T. ) ;
#1666 = AXIS2_PLACEMENT_3D ( 'NONE', #1328, #351, #1535 ) ;
#1667 = VERTEX_POINT ( 'NONE', #1074 ) ;
#1668 = ORIENTED_EDGE ( 'NONE', *, *, #320, .F. ) ;
#1669 = SURFACE_STYLE_FILL_AREA ( #1640 ) ;
#1670 = FACE_OUTER_BOUND ( 'NONE', #1469, .T. ) ;
#1671 =( GEOMETRIC_REPRESENTATION_CONTEXT ( 3 ) GLOBAL_UNCERTAINTY_ASSIGNED_CONTEXT ( ( #1769 ) ) GLOBAL_UNIT_ASSIGNED_CONTEXT ( ( #94, #1435, #1294 ) ) REPRESENTATION_CONTEXT ( 'NONE', 'WORKASPACE' ) );
#1672 =( GEOMETRIC_REPRESENTATION_CONTEXT ( 3 ) GLOBAL_UNCERTAINTY_ASSIGNED_CONTEXT ( ( #213 ) ) GLOBAL_UNIT_ASSIGNED_CONTEXT ( ( #140, #766, #296 ) ) REPRESENTATION_CONTEXT ( 'NONE', 'WORKASPACE' ) );
#1673 =( GEOMETRIC_REPRESENTATION_CONTEXT ( 3 ) GLOBAL_UNCERTAINTY_ASSIGNED_CONTEXT ( ( #728 ) ) GLOBAL_UNIT_ASSIGNED_CONTEXT ( ( #1271, #1762, #679 ) ) REPRESENTATION_CONTEXT ( 'NONE', 'WORKASPACE' ) );
#1674 = AXIS2_PLACEMENT_3D ( 'NONE', #1799, #1361, #19 ) ;
#1675 = AXIS2_PLACEMENT_3D ( 'NONE', #1838, #201, #1452 ) ;
#1676 = ORIENTED_EDGE ( 'NONE', *, *, #971, .F. ) ;
#1677 = CARTESIAN_POINT ( 'NONE',  ( -0.1950685232622712539, 0.6800000000000000488, 0.5999999999999998668 ) ) ;
#1678 = STYLED_ITEM ( 'NONE', ( #189 ), #1457 ) ;
#1679 = SURFACE_SIDE_STYLE ('',( #645 ) ) ;
#1680 = CARTESIAN_POINT ( 'NONE',  ( -0.3750000000000002776, 0.6800000000000000488, 0.8999999999999998002 ) ) ;
#1681 = ADVANCED_FACE ( 'NONE', ( #1191, #1686 ), #1493, .T. ) ;
#1682 = COLOUR_RGB ( '',0.2862745098039215508, 0.6627450980392156632, 0.3294117647058823484 ) ;
#1683 = ORIENTED_EDGE ( 'NONE', *, *, #1340, .T. ) ;
#1684 = CARTESIAN_POINT ( 'NONE',  ( -0.3750000000000002776, 0.6800000000000000488, 0.8999999999999998002 ) ) ;
#1685 = LINE ( 'NONE', #334, #76 ) ;
#1686 = FACE_BOUND ( 'NONE', #941, .T. ) ;
#1687 =( GEOMETRIC_REPRESENTATION_CONTEXT ( 3 ) GLOBAL_UNCERTAINTY_ASSIGNED_CONTEXT ( ( #762 ) ) GLOBAL_UNIT_ASSIGNED_CONTEXT ( ( #1391, #347, #713 ) ) REPRESENTATION_CONTEXT ( 'NONE', 'WORKASPACE' ) );
#1688 = LINE ( 'NONE', #136, #699 ) ;
#1689 = ORIENTED_EDGE ( 'NONE', *, *, #744, .T. ) ;
#1690 = PLANE ( 'NONE',  #413 ) ;
#1691 =( NAMED_UNIT ( * ) SI_UNIT ( $, .STERADIAN. ) SOLID_ANGLE_UNIT ( ) );
#1692 = CARTESIAN_POINT ( 'NONE',  ( -0.2449999999999999400, 0.6800000000000000488, 0.5999999999999998668 ) ) ;
#1693 = CARTESIAN_POINT ( 'NONE',  ( -0.2450961894323345491, 0.6800000000000000488, 0.8249999999999998446 ) ) ;
#1694 =( NAMED_UNIT ( * ) PLANE_ANGLE_UNIT ( ) SI_UNIT ( $, .RADIAN. ) );
#1695 = FILL_AREA_STYLE ('',( #1569 ) ) ;
#1696 = FILL_AREA_STYLE ('',( #1210 ) ) ;
#1697 = FACE_OUTER_BOUND ( 'NONE', #1047, .T. ) ;
#1698 = ADVANCED_FACE ( 'NONE', ( #499 ), #681, .F. ) ;
#1699 = ORIENTED_EDGE ( 'NONE', *, *, #832, .F. ) ;
#1700 = SURFACE_SIDE_STYLE ('',( #1839 ) ) ;
#1701 = PRESENTATION_STYLE_ASSIGNMENT (( #375 ) ) ;
#1702 = MECHANICAL_DESIGN_GEOMETRIC_PRESENTATION_REPRESENTATION (  '', ( #74 ), #764 ) ;
#1703 = SURFACE_STYLE_FILL_AREA ( #385 ) ;
#1704 = EDGE_CURVE ( 'NONE', #1255, #515, #1251, .T. ) ;
#1705 = PRESENTATION_LAYER_ASSIGNMENT (  '', '', ( #1329 ) ) ;
#1706 = STYLED_ITEM ( 'NONE', ( #1851 ), #1311 ) ;
#1707 = COLOUR_RGB ( '',1.000000000000000000, 1.000000000000000000, 1.000000000000000000 ) ;
#1708 = ORIENTED_EDGE ( 'NONE', *, *, #718, .F. ) ;
#1709 = FILL_AREA_STYLE_COLOUR ( '', #1824 ) ;
#1710 =( NAMED_UNIT ( * ) SI_UNIT ( $, .STERADIAN. ) SOLID_ANGLE_UNIT ( ) );
#1711 = ORIENTED_EDGE ( 'NONE', *, *, #1323, .T. ) ;
#1712 = VECTOR ( 'NONE', #1848, 1000.000000000000000 ) ;
#1713 = SURFACE_STYLE_USAGE ( .BOTH. , #1097 ) ;
#1714 = LINE ( 'NONE', #649, #1471 ) ;
#1715 = MECHANICAL_DESIGN_GEOMETRIC_PRESENTATION_REPRESENTATION (  '', ( #361 ), #1076 ) ;
#1716 = PRODUCT_DEFINITION_SHAPE ( 'NONE', 'NONE',  #275 ) ;
#1717 =( NAMED_UNIT ( * ) PLANE_ANGLE_UNIT ( ) SI_UNIT ( $, .RADIAN. ) );
#1718 = EDGE_CURVE ( 'NONE', #698, #1820, #335, .T. ) ;
#1719 = ORIENTED_EDGE ( 'NONE', *, *, #1497, .F. ) ;
#1720 =( NAMED_UNIT ( * ) PLANE_ANGLE_UNIT ( ) SI_UNIT ( $, .RADIAN. ) );
#1721 = ADVANCED_FACE ( 'NONE', ( #342 ), #177, .F. ) ;
#1722 = SURFACE_STYLE_FILL_AREA ( #1869 ) ;
#1723 =( NAMED_UNIT ( * ) PLANE_ANGLE_UNIT ( ) SI_UNIT ( $, .RADIAN. ) );
#1724 = ORIENTED_EDGE ( 'NONE', *, *, #1193, .T. ) ;
#1725 = SURFACE_SIDE_STYLE ('',( #575 ) ) ;
#1726 = EDGE_CURVE ( 'NONE', #1812, #133, #1295, .T. ) ;
#1727 = EDGE_LOOP ( 'NONE', ( #1258, #749, #535, #277, #1215, #567 ) ) ;
#1728 = DIRECTION ( 'NONE',  ( 7.882349622673977406E-16, 0.0000000000000000000, -1.000000000000000000 ) ) ;
#1729 = CARTESIAN_POINT ( 'NONE',  ( -0.1729201154012265651, 1.100000000000000089, 0.5279201154012264086 ) ) ;
#1730 = PLANE ( 'NONE',  #1409 ) ;
#1731 = COLOUR_RGB ( '',0.9372549019607843146, 0.9372549019607843146, 0.9372549019607843146 ) ;
#1732 = ORIENTED_EDGE ( 'NONE', *, *, #673, .F. ) ;
#1733 = AXIS2_PLACEMENT_3D ( 'NONE', #1022, #1285, #271 ) ;
#1734 = CARTESIAN_POINT ( 'NONE',  ( 0.3000000000000007661, 0.6800000000000000488, -3.547057330203300680E-16 ) ) ;
#1735 = VECTOR ( 'NONE', #75, 1000.000000000000000 ) ;
#1736 = FILL_AREA_STYLE_COLOUR ( '', #1365 ) ;
#1737 =( GEOMETRIC_REPRESENTATION_CONTEXT ( 3 ) GLOBAL_UNCERTAINTY_ASSIGNED_CONTEXT ( ( #1091 ) ) GLOBAL_UNIT_ASSIGNED_CONTEXT ( ( #557, #1565, #1108 ) ) REPRESENTATION_CONTEXT ( 'NONE', 'WORKASPACE' ) );
#1738 = MECHANICAL_DESIGN_GEOMETRIC_PRESENTATION_REPRESENTATION (  '', ( #1337 ), #1737 ) ;
#1739 = STYLED_ITEM ( 'NONE', ( #1272 ), #1808 ) ;
#1740 = VERTEX_POINT ( 'NONE', #996 ) ;
#1741 = DIRECTION ( 'NONE',  ( 0.05226442768871575328, 0.9972646886342371175, 0.05226442768871567002 ) ) ;
#1742 = ORIENTED_EDGE ( 'NONE', *, *, #718, .T. ) ;
#1743 = SURFACE_STYLE_FILL_AREA ( #1761 ) ;
#1744 =( LENGTH_UNIT ( ) NAMED_UNIT ( * ) SI_UNIT ( .MILLI., .METRE. ) );
#1745 = DIRECTION ( 'NONE',  ( -7.882349622673977406E-16, 0.0000000000000000000, 1.000000000000000000 ) ) ;
#1746 = SURFACE_STYLE_FILL_AREA ( #1307 ) ;
#1747 = PLANE ( 'NONE',  #452 ) ;
#1748 = SURFACE_STYLE_FILL_AREA ( #238 ) ;
#1749 = UNCERTAINTY_MEASURE_WITH_UNIT (LENGTH_MEASURE( 1.000000000000000082E-05 ), #654, 'distance_accuracy_value', 'NONE');
#1750 = UNCERTAINTY_MEASURE_WITH_UNIT (LENGTH_MEASURE( 1.000000000000000082E-05 ), #429, 'distance_accuracy_value', 'NONE');
#1751 =( LENGTH_UNIT ( ) NAMED_UNIT ( * ) SI_UNIT ( .MILLI., .METRE. ) );
#1752 = VERTEX_POINT ( 'NONE', #700 ) ;
#1753 = PRESENTATION_STYLE_ASSIGNMENT (( #95 ) ) ;
#1754 = FILL_AREA_STYLE_COLOUR ( '', #1635 ) ;
#1755 =( LENGTH_UNIT ( ) NAMED_UNIT ( * ) SI_UNIT ( .MILLI., .METRE. ) );
#1756 = EDGE_CURVE ( 'NONE', #1039, #1324, #1411, .T. ) ;
#1757 = PRESENTATION_LAYER_ASSIGNMENT (  '', '', ( #1167 ) ) ;
#1758 =( NAMED_UNIT ( * ) SI_UNIT ( $, .STERADIAN. ) SOLID_ANGLE_UNIT ( ) );
#1759 = STYLED_ITEM ( 'NONE', ( #1753 ), #294 ) ;
#1760 = ORIENTED_EDGE ( 'NONE', *, *, #794, .T. ) ;
#1761 = FILL_AREA_STYLE ('',( #1382 ) ) ;
#1762 =( NAMED_UNIT ( * ) PLANE_ANGLE_UNIT ( ) SI_UNIT ( $, .RADIAN. ) );
#1763 = SURFACE_SIDE_STYLE ('',( #1384 ) ) ;
#1764 = MECHANICAL_DESIGN_GEOMETRIC_PRESENTATION_REPRESENTATION (  '', ( #387 ), #1672 ) ;
#1765 = FILL_AREA_STYLE ('',( #568 ) ) ;
#1766 =( GEOMETRIC_REPRESENTATION_CONTEXT ( 3 ) GLOBAL_UNCERTAINTY_ASSIGNED_CONTEXT ( ( #470 ) ) GLOBAL_UNIT_ASSIGNED_CONTEXT ( ( #494, #1389, #1691 ) ) REPRESENTATION_CONTEXT ( 'NONE', 'WORKASPACE' ) );
#1767 = PRESENTATION_LAYER_ASSIGNMENT (  '', '', ( #1678 ) ) ;
#1768 =( LENGTH_UNIT ( ) NAMED_UNIT ( * ) SI_UNIT ( .MILLI., .METRE. ) );
#1769 = UNCERTAINTY_MEASURE_WITH_UNIT (LENGTH_MEASURE( 1.000000000000000082E-05 ), #94, 'distance_accuracy_value', 'NONE');
#1770 = CIRCLE ( 'NONE', #1610, 0.1499999999999998557 ) ;
#1771 = CARTESIAN_POINT ( 'NONE',  ( 0.2449999999999999123, 0.6800000000000000488, -0.5793342728851613721 ) ) ;
#1772 = EDGE_CURVE ( 'NONE', #1649, #133, #928, .T. ) ;
#1773 = CARTESIAN_POINT ( 'NONE',  ( -0.3000000000000000999, 0.0000000000000000000, 0.4949999999999998845 ) ) ;
#1774 = DIRECTION ( 'NONE',  ( -0.9986295347545738332, -0.05233595624294565263, 0.0000000000000000000 ) ) ;
#1775 = ORIENTED_EDGE ( 'NONE', *, *, #357, .F. ) ;
#1776 = SURFACE_STYLE_FILL_AREA ( #126 ) ;
#1777 = CARTESIAN_POINT ( 'NONE',  ( -0.1250000000000000000, 0.6800000000000000488, 0.2000000000000000111 ) ) ;
#1778 = SURFACE_SIDE_STYLE ('',( #1633 ) ) ;
#1779 = SPHERICAL_SURFACE ( 'NONE', #553, 0.05000000000000000278 ) ;
#1780 = EDGE_CURVE ( 'NONE', #1835, #1667, #1813, .T. ) ;
#1781 = CARTESIAN_POINT ( 'NONE',  ( 0.1729201154012266484, 1.102616797812147276, 0.5778515921389552057 ) ) ;
#1782 = CARTESIAN_POINT ( 'NONE',  ( -0.2450961894323345491, 0.0000000000000000000, 0.8249999999999998446 ) ) ;
#1783 = EDGE_LOOP ( 'NONE', ( #587, #1035, #142, #527 ) ) ;
#1784 = DIRECTION ( 'NONE',  ( -1.355252715606880543E-16, 0.0000000000000000000, -1.000000000000000000 ) ) ;
#1785 = DIRECTION ( 'NONE',  ( 0.0000000000000000000, 0.0000000000000000000, -1.000000000000000000 ) ) ;
#1786 = CARTESIAN_POINT ( 'NONE',  ( 0.2228515921389553622, 1.102616797812147276, 0.5753683437369702114 ) ) ;
#1787 = UNCERTAINTY_MEASURE_WITH_UNIT (LENGTH_MEASURE( 1.000000000000000082E-05 ), #1658, 'distance_accuracy_value', 'NONE');
#1788 = SURFACE_STYLE_FILL_AREA ( #1312 ) ;
#1789 = PRESENTATION_STYLE_ASSIGNMENT (( #621 ) ) ;
#1790 = LINE ( 'NONE', #1059, #1453 ) ;
#1791 =( GEOMETRIC_REPRESENTATION_CONTEXT ( 3 ) GLOBAL_UNCERTAINTY_ASSIGNED_CONTEXT ( ( #231 ) ) GLOBAL_UNIT_ASSIGNED_CONTEXT ( ( #1833, #1694, #665 ) ) REPRESENTATION_CONTEXT ( 'NONE', 'WORKASPACE' ) );
#1792 = VERTEX_POINT ( 'NONE', #1290 ) ;
#1793 = VECTOR ( 'NONE', #1056, 1000.000000000000000 ) ;
#1794 = COLOUR_RGB ( '',1.000000000000000000, 0.8117647058823529438, 0.5019607843137254832 ) ;
#1795 = EDGE_LOOP ( 'NONE', ( #618, #901, #365, #1891, #1219, #1072, #1732, #878 ) ) ;
#1796 =( GEOMETRIC_REPRESENTATION_CONTEXT ( 3 ) GLOBAL_UNCERTAINTY_ASSIGNED_CONTEXT ( ( #1422 ) ) GLOBAL_UNIT_ASSIGNED_CONTEXT ( ( #1912, #426, #430 ) ) REPRESENTATION_CONTEXT ( 'NONE', 'WORKASPACE' ) );
#1797 = COLOUR_RGB ( '',1.000000000000000000, 1.000000000000000000, 1.000000000000000000 ) ;
#1798 = PRESENTATION_LAYER_ASSIGNMENT (  '', '', ( #84 ) ) ;
#1799 = CARTESIAN_POINT ( 'NONE',  ( 0.3749999999999998335, 0.0000000000000000000, -0.9000000000000000222 ) ) ;
#1800 = LINE ( 'NONE', #1548, #702 ) ;
#1801 = AXIS2_PLACEMENT_3D ( 'NONE', #1020, #276, #1774 ) ;
#1802 = AXIS2_PLACEMENT_3D ( 'NONE', #922, #1306, #1165 ) ;
#1803 = CARTESIAN_POINT ( 'NONE',  ( -0.3750000000000000555, 0.0000000000000000000, -0.8999999999999999112 ) ) ;
#1804 = CARTESIAN_POINT ( 'NONE',  ( 0.2450000000000000511, 0.6800000000000000488, 0.5500685232622708476 ) ) ;
#1805 = ORIENTED_EDGE ( 'NONE', *, *, #1602, .T. ) ;
#1806 = DIRECTION ( 'NONE',  ( -0.0000000000000000000, -1.000000000000000000, -0.0000000000000000000 ) ) ;
#1807 = LINE ( 'NONE', #303, #1092 ) ;
#1808 = ADVANCED_FACE ( 'NONE', ( #382 ), #850, .T. ) ;
#1809 = DIRECTION ( 'NONE',  ( 0.05226442768871396999, -0.9972646886342372285, 0.05226442768871396999 ) ) ;
#1810 = CARTESIAN_POINT ( 'NONE',  ( 0.3000000000000004885, 0.6800000000000000488, 0.7700961894323341550 ) ) ;
#1811 =( LENGTH_UNIT ( ) NAMED_UNIT ( * ) SI_UNIT ( .MILLI., .METRE. ) );
#1812 = VERTEX_POINT ( 'NONE', #156 ) ;
#1813 =( BOUNDED_CURVE ( )  B_SPLINE_CURVE ( 3, ( #1579, #226, #716, #985 ),
 .UNSPECIFIED., .F., .T. ) 
 B_SPLINE_CURVE_WITH_KNOTS ( ( 4, 4 ),
 ( 5.499156671652530193, 7.067213942706638719 ),
 .UNSPECIFIED. ) 
 CURVE ( )  GEOMETRIC_REPRESENTATION_ITEM ( )  RATIONAL_B_SPLINE_CURVE ( ( 1.000000000000000000, 0.8053830134673589658, 0.8053830134673589658, 1.000000000000000000 ) ) 
 REPRESENTATION_ITEM ( '' )  );
#1814 = DIRECTION ( 'NONE',  ( 0.0000000000000000000, 0.05233595624294388321, -0.9986295347545739443 ) ) ;
#1815 = EDGE_LOOP ( 'NONE', ( #1247, #1269, #63, #1424 ) ) ;
#1816 = ORIENTED_EDGE ( 'NONE', *, *, #1489, .T. ) ;
#1817 = DIRECTION ( 'NONE',  ( 2.190307419162635350E-16, 0.0000000000000000000, 1.000000000000000000 ) ) ;
#1818 = SURFACE_SIDE_STYLE ('',( #751 ) ) ;
#1819 = COLOUR_RGB ( '',0.2862745098039215508, 0.6627450980392156632, 0.3294117647058823484 ) ;
#1820 = VERTEX_POINT ( 'NONE', #1933 ) ;
#1821 = PRESENTATION_LAYER_ASSIGNMENT (  '', '', ( #1706 ) ) ;
#1822 = AXIS2_PLACEMENT_3D ( 'NONE', #957, #1837, #516 ) ;
#1823 =( GEOMETRIC_REPRESENTATION_CONTEXT ( 3 ) GLOBAL_UNCERTAINTY_ASSIGNED_CONTEXT ( ( #1395 ) ) GLOBAL_UNIT_ASSIGNED_CONTEXT ( ( #1403, #52, #970 ) ) REPRESENTATION_CONTEXT ( 'NONE', 'WORKASPACE' ) );
#1824 = COLOUR_RGB ( '',1.000000000000000000, 0.8117647058823529438, 0.5019607843137254832 ) ;
#1825 = ADVANCED_FACE ( 'NONE', ( #122 ), #1779, .T. ) ;
#1826 = DIRECTION ( 'NONE',  ( 0.9986295347545739443, 0.05233595624294348769, 0.0000000000000000000 ) ) ;
#1827 = UNCERTAINTY_MEASURE_WITH_UNIT (LENGTH_MEASURE( 1.000000000000000082E-05 ), #1343, 'distance_accuracy_value', 'NONE');
#1828 = PRESENTATION_STYLE_ASSIGNMENT (( #528 ) ) ;
#1829 = AXIS2_PLACEMENT_3D ( 'NONE', #1228, #1357, #789 ) ;
#1830 = CARTESIAN_POINT ( 'NONE',  ( -0.3000000000000000999, 0.6800000000000000488, 0.4949999999999998845 ) ) ;
#1831 = PRESENTATION_LAYER_ASSIGNMENT (  '', '', ( #291 ) ) ;
#1832 = VERTEX_POINT ( 'NONE', #1348 ) ;
#1833 =( LENGTH_UNIT ( ) NAMED_UNIT ( * ) SI_UNIT ( .MILLI., .METRE. ) );
#1834 = FILL_AREA_STYLE ('',( #636 ) ) ;
#1835 = VERTEX_POINT ( 'NONE', #1804 ) ;
#1836 = ORIENTED_EDGE ( 'NONE', *, *, #1218, .T. ) ;
#1837 = DIRECTION ( 'NONE',  ( -1.000000000000000000, -0.0000000000000000000, -0.0000000000000000000 ) ) ;
#1838 = CARTESIAN_POINT ( 'NONE',  ( 0.3749999999999998335, 0.6800000000000000488, -0.9000000000000000222 ) ) ;
#1839 = SURFACE_STYLE_FILL_AREA ( #346 ) ;
#1840 = EDGE_LOOP ( 'NONE', ( #358, #199, #1805, #377 ) ) ;
#1841 = EDGE_CURVE ( 'NONE', #263, #876, #1500, .T. ) ;
#1842 = UNCERTAINTY_MEASURE_WITH_UNIT (LENGTH_MEASURE( 1.000000000000000082E-05 ), #580, 'distance_accuracy_value', 'NONE');
#1843 = DIRECTION ( 'NONE',  ( 0.0000000000000000000, 0.0000000000000000000, 1.000000000000000000 ) ) ;
#1844 = DIRECTION ( 'NONE',  ( -1.182352443401097005E-15, 0.0000000000000000000, -1.000000000000000000 ) ) ;
#1845 = ORIENTED_EDGE ( 'NONE', *, *, #1014, .T. ) ;
#1846 = PLANE ( 'NONE',  #18 ) ;
#1847 = SURFACE_STYLE_FILL_AREA ( #61 ) ;
#1848 = DIRECTION ( 'NONE',  ( 1.000000000000000000, 0.0000000000000000000, 0.0000000000000000000 ) ) ;
#1849 = SURFACE_STYLE_USAGE ( .BOTH. , #1490 ) ;
#1850 = FILL_AREA_STYLE ('',( #33 ) ) ;
#1851 = PRESENTATION_STYLE_ASSIGNMENT (( #176 ) ) ;
#1852 = EDGE_CURVE ( 'NONE', #1923, #1649, #463, .T. ) ;
#1853 = SURFACE_STYLE_USAGE ( .BOTH. , #1089 ) ;
#1854 =( GEOMETRIC_REPRESENTATION_CONTEXT ( 3 ) GLOBAL_UNCERTAINTY_ASSIGNED_CONTEXT ( ( #1256 ) ) GLOBAL_UNIT_ASSIGNED_CONTEXT ( ( #658, #1101, #820 ) ) REPRESENTATION_CONTEXT ( 'NONE', 'WORKASPACE' ) );
#1855 = STYLED_ITEM ( 'NONE', ( #1040 ), #393 ) ;
#1856 = EDGE_CURVE ( 'NONE', #1812, #515, #769, .T. ) ;
#1857 = AXIS2_PLACEMENT_3D ( 'NONE', #583, #1814, #115 ) ;
#1858 = COLOUR_RGB ( '',1.000000000000000000, 0.8117647058823529438, 0.5019607843137254832 ) ;
#1859 = STYLED_ITEM ( 'NONE', ( #1124 ), #730 ) ;
#1860 = ORIENTED_EDGE ( 'NONE', *, *, #1921, .F. ) ;
#1861 = SURFACE_STYLE_USAGE ( .BOTH. , #210 ) ;
#1862 = DIRECTION ( 'NONE',  ( 0.0000000000000000000, 0.0000000000000000000, 1.000000000000000000 ) ) ;
#1863 =( GEOMETRIC_REPRESENTATION_CONTEXT ( 3 ) GLOBAL_UNCERTAINTY_ASSIGNED_CONTEXT ( ( #778 ) ) GLOBAL_UNIT_ASSIGNED_CONTEXT ( ( #1650, #1326, #1934 ) ) REPRESENTATION_CONTEXT ( 'NONE', 'WORKASPACE' ) );
#1864 =( GEOMETRIC_REPRESENTATION_CONTEXT ( 3 ) GLOBAL_UNCERTAINTY_ASSIGNED_CONTEXT ( ( #935 ) ) GLOBAL_UNIT_ASSIGNED_CONTEXT ( ( #1811, #1958, #317 ) ) REPRESENTATION_CONTEXT ( 'NONE', 'WORKASPACE' ) );
#1865 = PRESENTATION_STYLE_ASSIGNMENT (( #958 ) ) ;
#1866 = EDGE_CURVE ( 'NONE', #1381, #558, #1510, .T. ) ;
#1867 = VERTEX_POINT ( 'NONE', #1029 ) ;
#1868 = SURFACE_STYLE_FILL_AREA ( #815 ) ;
#1869 = FILL_AREA_STYLE ('',( #37 ) ) ;
#1870 = ORIENTED_EDGE ( 'NONE', *, *, #1852, .T. ) ;
#1871 = CARTESIAN_POINT ( 'NONE',  ( -0.2449999999999999400, 0.6800000000000000488, 0.5999999999999998668 ) ) ;
#1872 = CARTESIAN_POINT ( 'NONE',  ( 0.3000000000000004330, 0.6800000000000000488, 0.4949999999999997735 ) ) ;
#1873 = LINE ( 'NONE', #844, #1642 ) ;
#1874 = ORIENTED_EDGE ( 'NONE', *, *, #606, .F. ) ;
#1875 = EDGE_CURVE ( 'NONE', #808, #913, #1634, .T. ) ;
#1876 = CARTESIAN_POINT ( 'NONE',  ( 0.2451363913439663089, 0.6773974981227542935, -0.5502049146062377716 ) ) ;
#1877 = DIRECTION ( 'NONE',  ( 0.0000000000000000000, 0.0000000000000000000, -1.000000000000000000 ) ) ;
#1878 = PRODUCT_CONTEXT ( 'NONE', #1225, 'mechanical' ) ;
#1879 = EDGE_LOOP ( 'NONE', ( #1491, #969, #1526, #379 ) ) ;
#1880 =( LENGTH_UNIT ( ) NAMED_UNIT ( * ) SI_UNIT ( .MILLI., .METRE. ) );
#1881 = SURFACE_SIDE_STYLE ('',( #1561 ) ) ;
#1882 = MECHANICAL_DESIGN_GEOMETRIC_PRESENTATION_REPRESENTATION (  '', ( #1003 ), #281 ) ;
#1883 = DIRECTION ( 'NONE',  ( -0.9986295347545738332, 0.05233595624294565263, 0.0000000000000000000 ) ) ;
#1884 = UNCERTAINTY_MEASURE_WITH_UNIT (LENGTH_MEASURE( 1.000000000000000082E-05 ), #1325, 'distance_accuracy_value', 'NONE');
#1885 = MECHANICAL_DESIGN_GEOMETRIC_PRESENTATION_REPRESENTATION (  '', ( #103 ), #1398 ) ;
#1886 = ORIENTED_EDGE ( 'NONE', *, *, #414, .T. ) ;
#1887 = STYLED_ITEM ( 'NONE', ( #65 ), #1344 ) ;
#1888 = PRESENTATION_LAYER_ASSIGNMENT (  '', '', ( #1759 ) ) ;
#1889 = DIRECTION ( 'NONE',  ( 0.0000000000000000000, 0.0000000000000000000, 1.000000000000000000 ) ) ;
#1890 = VECTOR ( 'NONE', #1234, 1000.000000000000000 ) ;
#1891 = ORIENTED_EDGE ( 'NONE', *, *, #657, .T. ) ;
#1892 = CARTESIAN_POINT ( 'NONE',  ( -0.2450000000000001066, 0.6800000000000000488, -0.5500685232622712917 ) ) ;
#1893 = PRESENTATION_LAYER_ASSIGNMENT (  '', '', ( #805 ) ) ;
#1894 = PRESENTATION_LAYER_ASSIGNMENT (  '', '', ( #78 ) ) ;
#1895 = EDGE_CURVE ( 'NONE', #321, #529, #1790, .T. ) ;
#1896 = STYLED_ITEM ( 'NONE', ( #197 ), #1567 ) ;
#1897 = SURFACE_SIDE_STYLE ('',( #1458 ) ) ;
#1898 = VECTOR ( 'NONE', #431, 1000.000000000000000 ) ;
#1899 = SURFACE_STYLE_FILL_AREA ( #1262 ) ;
#1900 = ADVANCED_FACE ( 'NONE', ( #1665 ), #446, .F. ) ;
#1901 = CARTESIAN_POINT ( 'NONE',  ( -0.3000000000000000999, 0.6800000000000000488, -0.4950000000000001066 ) ) ;
#1902 = PRESENTATION_STYLE_ASSIGNMENT (( #416 ) ) ;
#1903 = ORIENTED_EDGE ( 'NONE', *, *, #1323, .F. ) ;
#1904 =( NAMED_UNIT ( * ) PLANE_ANGLE_UNIT ( ) SI_UNIT ( $, .RADIAN. ) );
#1905 = PLANE ( 'NONE',  #1015 ) ;
#1906 = ADVANCED_FACE ( 'NONE', ( #1206 ), #1558, .T. ) ;
#1907 = FILL_AREA_STYLE_COLOUR ( '', #1368 ) ;
#1908 = EDGE_CURVE ( 'NONE', #653, #1518, #1154, .T. ) ;
#1909 = CYLINDRICAL_SURFACE ( 'NONE', #1507, 0.1499999999999998557 ) ;
#1910 = CARTESIAN_POINT ( 'NONE',  ( -0.2450961894323343271, 0.6800000000000000488, -0.8250000000000000666 ) ) ;
#1911 = EDGE_LOOP ( 'NONE', ( #1428, #614, #1498, #1103 ) ) ;
#1912 =( LENGTH_UNIT ( ) NAMED_UNIT ( * ) SI_UNIT ( .MILLI., .METRE. ) );
#1913 = DIRECTION ( 'NONE',  ( -5.421010862427532031E-16, -1.000000000000000000, 0.0000000000000000000 ) ) ;
#1914 =( GEOMETRIC_REPRESENTATION_CONTEXT ( 3 ) GLOBAL_UNCERTAINTY_ASSIGNED_CONTEXT ( ( #560 ) ) GLOBAL_UNIT_ASSIGNED_CONTEXT ( ( #68, #869, #405 ) ) REPRESENTATION_CONTEXT ( 'NONE', 'WORKASPACE' ) );
#1915 = SURFACE_STYLE_USAGE ( .BOTH. , #738 ) ;
#1916 = VECTOR ( 'NONE', #1162, 1000.000000000000000 ) ;
#1917 = VECTOR ( 'NONE', #1499, 1000.000000000000000 ) ;
#1918 = CIRCLE ( 'NONE', #1675, 0.1499999999999998557 ) ;
#1919 = ORIENTED_EDGE ( 'NONE', *, *, #962, .F. ) ;
#1920 = MECHANICAL_DESIGN_GEOMETRIC_PRESENTATION_REPRESENTATION (  '', ( #578 ), #482 ) ;
#1921 = EDGE_CURVE ( 'NONE', #1013, #464, #363, .T. ) ;
#1922 = STYLED_ITEM ( 'NONE', ( #1379 ), #1906 ) ;
#1923 = VERTEX_POINT ( 'NONE', #1693 ) ;
#1924 = SURFACE_STYLE_USAGE ( .BOTH. , #444 ) ;
#1925 = DIRECTION ( 'NONE',  ( -1.000000000000000000, 0.0000000000000000000, 1.807003620809173153E-16 ) ) ;
#1926 = ORIENTED_EDGE ( 'NONE', *, *, #230, .F. ) ;
#1927 = ORIENTED_EDGE ( 'NONE', *, *, #1088, .T. ) ;
#1928 = LINE ( 'NONE', #900, #919 ) ;
#1929 = CARTESIAN_POINT ( 'NONE',  ( 0.2450961894323341050, 0.0000000000000000000, -0.8250000000000001776 ) ) ;
#1930 = EDGE_CURVE ( 'NONE', #417, #1177, #1046, .T. ) ;
#1931 = ORIENTED_EDGE ( 'NONE', *, *, #744, .F. ) ;
#1932 = CARTESIAN_POINT ( 'NONE',  ( -0.3000000000000000999, 0.0000000000000000000, -0.4950000000000001066 ) ) ;
#1933 = CARTESIAN_POINT ( 'NONE',  ( -0.1250000000000000000, 0.6800000000000000488, 0.2000000000000000389 ) ) ;
#1934 =( NAMED_UNIT ( * ) SI_UNIT ( $, .STERADIAN. ) SOLID_ANGLE_UNIT ( ) );
#1935 = CARTESIAN_POINT ( 'NONE',  ( 8.944667923005404185E-17, 0.6800000000000000488, 0.4949999999999998845 ) ) ;
#1936 = UNCERTAINTY_MEASURE_WITH_UNIT (LENGTH_MEASURE( 1.000000000000000082E-05 ), #632, 'distance_accuracy_value', 'NONE');
#1937 = DIRECTION ( 'NONE',  ( 0.05226442768871397693, -0.9972646886342373396, 0.05226442768871396999 ) ) ;
#1938 = STYLED_ITEM ( 'NONE', ( #1223 ), #97 ) ;
#1939 = EDGE_CURVE ( 'NONE', #1521, #1923, #190, .T. ) ;
#1940 = FILL_AREA_STYLE ('',( #898 ) ) ;
#1941 = STYLED_ITEM ( 'NONE', ( #550 ), #1362 ) ;
#1942 = ORIENTED_EDGE ( 'NONE', *, *, #424, .F. ) ;
#1943 = DIRECTION ( 'NONE',  ( -0.0000000000000000000, -1.000000000000000000, -0.0000000000000000000 ) ) ;
#1944 = AXIS2_PLACEMENT_3D ( 'NONE', #225, #842, #1260 ) ;
#1945 = FACE_OUTER_BOUND ( 'NONE', #707, .T. ) ;
#1946 = DIRECTION ( 'NONE',  ( 0.0000000000000000000, 0.0000000000000000000, 1.000000000000000000 ) ) ;
#1947 = ORIENTED_EDGE ( 'NONE', *, *, #1908, .F. ) ;
#1948 = MECHANICAL_DESIGN_GEOMETRIC_PRESENTATION_REPRESENTATION (  '', ( #612 ), #116 ) ;
#1949 =( LENGTH_UNIT ( ) NAMED_UNIT ( * ) SI_UNIT ( .MILLI., .METRE. ) );
#1950 = FILL_AREA_STYLE_COLOUR ( '', #703 ) ;
#1951 = SURFACE_STYLE_USAGE ( .BOTH. , #1778 ) ;
#1952 = EDGE_CURVE ( 'NONE', #1923, #1626, #680, .T. ) ;
#1953 =( NAMED_UNIT ( * ) SI_UNIT ( $, .STERADIAN. ) SOLID_ANGLE_UNIT ( ) );
#1954 = FILL_AREA_STYLE_COLOUR ( '', #886 ) ;
#1955 = CARTESIAN_POINT ( 'NONE',  ( -0.3000000000000000999, 0.0000000000000000000, 0.0000000000000000000 ) ) ;
#1956 =( NAMED_UNIT ( * ) SI_UNIT ( $, .STERADIAN. ) SOLID_ANGLE_UNIT ( ) );
#1957 = DIRECTION ( 'NONE',  ( -1.000000000000000000, 0.0000000000000000000, 5.428450364989254943E-16 ) ) ;
#1958 =( NAMED_UNIT ( * ) PLANE_ANGLE_UNIT ( ) SI_UNIT ( $, .RADIAN. ) );
ENDSEC;
END-ISO-10303-21;
